constraint_id,segment_id/occupancy_limit,terminal,front_signal_segment_id,front_signal_head_node_id,min_length,max_length
dl_0,1,,,,,
dl_0,17,West_exit,15,10,0.8,0
dl_0,14,East_exit,16,11,0.8,0
dl_1,1,,,,,
dl_1,17,West_exit,17,11,0.8,0
dl_1,14,East_exit,16,11,0.8,0
dl_1,16,East_exit,16,11,0.8,0
dl_2,1,,,,,
dl_2,14,East_exit,15,11,0.8,0
dl_2,17,West_exit,16,10,0.8,0
dl_3,1,,,,,
dl_3,17,West_exit,17,11,0.8,0
dl_3,15,East_exit,15,11,0.8,0
dl_3,14,East_exit,15,11,0.8,0
dl_4,1,,,,,
dl_4,14,East_exit,14,10,0.8,0
dl_4,17,West_exit,16,10,0.8,0
dl_4,16,West_exit,16,10,0.8,0
dl_5,1,,,,,
dl_5,14,East_exit,14,10,0.8,0
dl_5,15,West_exit,15,10,0.8,0
dl_5,17,West_exit,15,10,0.8,0
dl_6,1,,,,,
dl_6,14,East_exit,14,10,0.8,0
dl_6,17,West_exit,17,11,0.8,0
dl_7,1,,,,,
dl_7,5,East_exit,7,5,0.8,0
dl_7,8,West_exit,6,4,0.8,0
dl_8,1,,,,,
dl_8,5,East_exit,7,5,0.8,0
dl_8,7,East_exit,7,5,0.8,0
dl_8,8,West_exit,8,5,0.8,0
dl_9,1,,,,,
dl_9,5,East_exit,6,5,0.8,0
dl_9,8,West_exit,7,4,0.8,0
dl_10,1,,,,,
dl_10,6,East_exit,6,5,0.8,0
dl_10,5,East_exit,6,5,0.8,0
dl_10,8,West_exit,8,5,0.8,0
dl_11,1,,,,,
dl_11,5,East_exit,5,4,0.8,0
dl_11,8,West_exit,7,4,0.8,0
dl_11,7,West_exit,7,4,0.8,0
dl_12,1,,,,,
dl_12,5,East_exit,5,4,0.8,0
dl_12,6,West_exit,6,4,0.8,0
dl_12,8,West_exit,6,4,0.8,0
dl_13,1,,,,,
dl_13,5,East_exit,5,4,0.8,0
dl_13,8,West_exit,8,5,0.8,0
dl_14,1,,,,,
dl_14,11,West_exit,10,6,0.8,0
dl_14,8,East_exit,9,7,0.8,0
dl_15,1,,,,,
dl_15,11,West_exit,10,6,0.8,0
dl_15,10,West_exit,10,6,0.8,0
dl_15,8,East_exit,8,6,0.8,0
dl_16,1,,,,,
dl_16,5,East_exit,7,5,0.8,0
dl_16,7,East_exit,7,5,0.8,0
dl_16,11,West_exit,10,6,0.8,0
dl_16,10,West_exit,10,6,0.8,0
dl_17,1,,,,,
dl_17,6,East_exit,6,5,0.8,0
dl_17,5,East_exit,6,5,0.8,0
dl_17,11,West_exit,10,6,0.8,0
dl_17,10,West_exit,10,6,0.8,0
dl_18,1,,,,,
dl_18,5,East_exit,5,4,0.8,0
dl_18,11,West_exit,10,6,0.8,0
dl_18,10,West_exit,10,6,0.8,0
dl_19,1,,,,,
dl_19,11,West_exit,9,6,0.8,0
dl_19,8,East_exit,10,7,0.8,0
dl_20,1,,,,,
dl_20,9,West_exit,9,6,0.8,0
dl_20,11,West_exit,9,6,0.8,0
dl_20,8,East_exit,8,6,0.8,0
dl_21,1,,,,,
dl_21,9,West_exit,9,6,0.8,0
dl_21,11,West_exit,9,6,0.8,0
dl_21,5,East_exit,7,5,0.8,0
dl_21,7,East_exit,7,5,0.8,0
dl_22,1,,,,,
dl_22,9,West_exit,9,6,0.8,0
dl_22,11,West_exit,9,6,0.8,0
dl_22,6,East_exit,6,5,0.8,0
dl_22,5,East_exit,6,5,0.8,0
dl_23,1,,,,,
dl_23,5,East_exit,5,4,0.8,0
dl_23,9,West_exit,9,6,0.8,0
dl_23,11,West_exit,9,6,0.8,0
dl_24,1,,,,,
dl_24,11,West_exit,11,7,0.8,0
dl_24,8,East_exit,10,7,0.8,0
dl_24,10,East_exit,10,7,0.8,0
dl_25,1,,,,,
dl_25,11,West_exit,11,7,0.8,0
dl_25,9,East_exit,9,7,0.8,0
dl_25,8,East_exit,9,7,0.8,0
dl_26,1,,,,,
dl_26,11,West_exit,11,7,0.8,0
dl_26,8,East_exit,8,6,0.8,0
dl_27,1,,,,,
dl_27,11,West_exit,11,7,0.8,0
dl_27,5,East_exit,7,5,0.8,0
dl_27,7,East_exit,7,5,0.8,0
dl_28,1,,,,,
dl_28,11,West_exit,11,7,0.8,0
dl_28,6,East_exit,6,5,0.8,0
dl_28,5,East_exit,6,5,0.8,0
dl_29,1,,,,,
dl_29,11,West_exit,11,7,0.8,0
dl_29,5,East_exit,5,4,0.8,0
dl_30,1,,,,,
dl_30,14,West_exit,13,8,0.8,0
dl_30,11,East_exit,12,9,0.8,0
dl_31,1,,,,,
dl_31,14,West_exit,13,8,0.8,0
dl_31,13,West_exit,13,8,0.8,0
dl_31,11,East_exit,11,8,0.8,0
dl_32,1,,,,,
dl_32,14,West_exit,13,8,0.8,0
dl_32,13,West_exit,13,8,0.8,0
dl_32,8,East_exit,10,7,0.8,0
dl_32,10,East_exit,10,7,0.8,0
dl_33,1,,,,,
dl_33,14,West_exit,13,8,0.8,0
dl_33,13,West_exit,13,8,0.8,0
dl_33,9,East_exit,9,7,0.8,0
dl_33,8,East_exit,9,7,0.8,0
dl_34,1,,,,,
dl_34,14,West_exit,13,8,0.8,0
dl_34,13,West_exit,13,8,0.8,0
dl_34,8,East_exit,8,6,0.8,0
dl_35,1,,,,,
dl_35,14,West_exit,13,8,0.8,0
dl_35,13,West_exit,13,8,0.8,0
dl_35,5,East_exit,7,5,0.8,0
dl_35,7,East_exit,7,5,0.8,0
dl_36,1,,,,,
dl_36,14,West_exit,13,8,0.8,0
dl_36,13,West_exit,13,8,0.8,0
dl_36,6,East_exit,6,5,0.8,0
dl_36,5,East_exit,6,5,0.8,0
dl_37,1,,,,,
dl_37,14,West_exit,13,8,0.8,0
dl_37,13,West_exit,13,8,0.8,0
dl_37,5,East_exit,5,4,0.8,0
dl_38,1,,,,,
dl_38,14,West_exit,12,8,0.8,0
dl_38,11,East_exit,13,9,0.8,0
dl_39,1,,,,,
dl_39,12,West_exit,12,8,0.8,0
dl_39,14,West_exit,12,8,0.8,0
dl_39,11,East_exit,11,8,0.8,0
dl_40,1,,,,,
dl_40,12,West_exit,12,8,0.8,0
dl_40,14,West_exit,12,8,0.8,0
dl_40,8,East_exit,10,7,0.8,0
dl_40,10,East_exit,10,7,0.8,0
dl_41,1,,,,,
dl_41,12,West_exit,12,8,0.8,0
dl_41,14,West_exit,12,8,0.8,0
dl_41,9,East_exit,9,7,0.8,0
dl_41,8,East_exit,9,7,0.8,0
dl_42,1,,,,,
dl_42,12,West_exit,12,8,0.8,0
dl_42,14,West_exit,12,8,0.8,0
dl_42,8,East_exit,8,6,0.8,0
dl_43,1,,,,,
dl_43,12,West_exit,12,8,0.8,0
dl_43,14,West_exit,12,8,0.8,0
dl_43,5,East_exit,7,5,0.8,0
dl_43,7,East_exit,7,5,0.8,0
dl_44,1,,,,,
dl_44,12,West_exit,12,8,0.8,0
dl_44,14,West_exit,12,8,0.8,0
dl_44,6,East_exit,6,5,0.8,0
dl_44,5,East_exit,6,5,0.8,0
dl_45,1,,,,,
dl_45,12,West_exit,12,8,0.8,0
dl_45,14,West_exit,12,8,0.8,0
dl_45,5,East_exit,5,4,0.8,0
dl_46,1,,,,,
dl_46,11,East_exit,13,9,0.8,0
dl_46,13,East_exit,13,9,0.8,0
dl_46,14,West_exit,14,9,0.8,0
dl_47,1,,,,,
dl_47,12,East_exit,12,9,0.8,0
dl_47,11,East_exit,12,9,0.8,0
dl_47,14,West_exit,14,9,0.8,0
dl_48,3,,,,,
dl_48,11,East_exit,11,8,0.8,0
dl_48,10,East_exit_short,10,7,0.44,0
dl_48,14,West_exit,14,9,0.8,0
dl_48,5,East_exit,7,5,0.8,0
dl_48,7,East_exit,7,5,0.8,0
dl_49,3,,,,,
dl_49,11,East_exit,11,8,0.8,0
dl_49,10,East_exit_short,10,7,0.44,0
dl_49,14,West_exit,14,9,0.8,0
dl_49,6,East_exit,6,5,0.8,0
dl_49,5,East_exit,6,5,0.8,0
dl_50,3,,,,,
dl_50,11,East_exit,11,8,0.8,0
dl_50,10,East_exit_short,10,7,0.44,0
dl_50,14,West_exit,14,9,0.8,0
dl_50,5,East_exit,5,4,0.8,0
dl_51,3,,,,,
dl_51,11,East_exit,11,8,0.8,0
dl_51,9,East_exit_short,9,7,0.44,0
dl_51,14,West_exit,14,9,0.8,0
dl_51,5,East_exit,7,5,0.8,0
dl_51,7,East_exit,7,5,0.8,0
dl_52,3,,,,,
dl_52,11,East_exit,11,8,0.8,0
dl_52,9,East_exit_short,9,7,0.44,0
dl_52,14,West_exit,14,9,0.8,0
dl_52,6,East_exit,6,5,0.8,0
dl_52,5,East_exit,6,5,0.8,0
dl_53,3,,,,,
dl_53,11,East_exit,11,8,0.8,0
dl_53,9,East_exit_short,9,7,0.44,0
dl_53,14,West_exit,14,9,0.8,0
dl_53,5,East_exit,5,4,0.8,0
dl_54,3,,,,,
dl_54,11,East_exit,11,8,0.8,0
dl_54,14,West_exit,14,9,0.8,0
dl_54,5,East_exit,7,5,0.8,0
dl_54,7,East_exit,7,5,0.8,0
dl_54,8,East_exit_short,8,6,0.44,0
dl_55,3,,,,,
dl_55,11,East_exit,11,8,0.8,0
dl_55,14,West_exit,14,9,0.8,0
dl_55,6,East_exit,6,5,0.8,0
dl_55,5,East_exit,6,5,0.8,0
dl_55,8,East_exit_short,8,6,0.44,0
dl_56,3,,,,,
dl_56,11,East_exit,11,8,0.8,0
dl_56,14,West_exit,14,9,0.8,0
dl_56,5,East_exit,5,4,0.8,0
dl_56,8,East_exit_short,8,6,0.44,0
dl_57,1,,,,,
dl_57,14,West_exit,14,9,0.8,0
dl_57,11,East_exit,11,8,0.8,0
dl_58,1,,,,,
dl_58,14,West_exit,14,9,0.8,0
dl_58,8,East_exit,10,7,0.8,0
dl_58,10,East_exit,10,7,0.8,0
dl_59,1,,,,,
dl_59,14,West_exit,14,9,0.8,0
dl_59,9,East_exit,9,7,0.8,0
dl_59,8,East_exit,9,7,0.8,0
dl_60,1,,,,,
dl_60,14,West_exit,14,9,0.8,0
dl_60,8,East_exit,8,6,0.8,0
dl_61,1,,,,,
dl_61,14,West_exit,14,9,0.8,0
dl_61,5,East_exit,7,5,0.8,0
dl_61,7,East_exit,7,5,0.8,0
dl_62,1,,,,,
dl_62,14,West_exit,14,9,0.8,0
dl_62,6,East_exit,6,5,0.8,0
dl_62,5,East_exit,6,5,0.8,0
dl_63,1,,,,,
dl_63,14,West_exit,14,9,0.8,0
dl_63,5,East_exit,5,4,0.8,0
dl_64,2,,,,,
dl_64,2,East_exit,4,3,0.8,0
dl_64,3,West_exit_short,3,2,0.44,0
dl_64,8,West_exit,7,4,0.8,0
dl_64,7,West_exit,7,4,0.8,0
dl_65,2,,,,,
dl_65,2,East_exit,4,3,0.8,0
dl_65,3,West_exit_short,3,2,0.44,0
dl_65,6,West_exit,6,4,0.8,0
dl_65,8,West_exit,6,4,0.8,0
dl_66,2,,,,,
dl_66,2,East_exit,4,3,0.8,0
dl_66,3,West_exit_short,3,2,0.44,0
dl_66,8,West_exit,8,5,0.8,0
dl_67,2,,,,,
dl_67,2,East_exit,4,3,0.8,0
dl_67,11,West_exit,10,6,0.8,0
dl_67,10,West_exit,10,6,0.8,0
dl_67,3,West_exit_short,3,2,0.44,0
dl_68,2,,,,,
dl_68,2,East_exit,4,3,0.8,0
dl_68,9,West_exit,9,6,0.8,0
dl_68,11,West_exit,9,6,0.8,0
dl_68,3,West_exit_short,3,2,0.44,0
dl_69,2,,,,,
dl_69,2,East_exit,4,3,0.8,0
dl_69,11,West_exit,11,7,0.8,0
dl_69,3,West_exit_short,3,2,0.44,0
dl_70,2,,,,,
dl_70,2,East_exit,4,3,0.8,0
dl_70,3,West_exit_short,3,2,0.44,0
dl_70,14,West_exit,13,8,0.8,0
dl_70,13,West_exit,13,8,0.8,0
dl_71,2,,,,,
dl_71,2,East_exit,4,3,0.8,0
dl_71,3,West_exit_short,3,2,0.44,0
dl_71,12,West_exit,12,8,0.8,0
dl_71,14,West_exit,12,8,0.8,0
dl_72,2,,,,,
dl_72,2,East_exit,4,3,0.8,0
dl_72,3,West_exit_short,3,2,0.44,0
dl_72,14,West_exit,14,9,0.8,0
dl_73,1,,,,,
dl_73,11,East_exit,13,9,0.8,0
dl_73,13,East_exit,13,9,0.8,0
dl_73,17,West_exit,16,10,0.8,0
dl_73,16,West_exit,16,10,0.8,0
dl_74,1,,,,,
dl_74,12,East_exit,12,9,0.8,0
dl_74,11,East_exit,12,9,0.8,0
dl_74,17,West_exit,16,10,0.8,0
dl_74,16,West_exit,16,10,0.8,0
dl_75,3,,,,,
dl_75,10,East_exit_short,10,7,0.44,0
dl_75,11,East_exit,11,8,0.8,0
dl_75,17,West_exit,16,10,0.8,0
dl_75,16,West_exit,16,10,0.8,0
dl_75,5,East_exit,7,5,0.8,0
dl_75,7,East_exit,7,5,0.8,0
dl_76,3,,,,,
dl_76,10,East_exit_short,10,7,0.44,0
dl_76,11,East_exit,11,8,0.8,0
dl_76,17,West_exit,16,10,0.8,0
dl_76,16,West_exit,16,10,0.8,0
dl_76,6,East_exit,6,5,0.8,0
dl_76,5,East_exit,6,5,0.8,0
dl_77,3,,,,,
dl_77,10,East_exit_short,10,7,0.44,0
dl_77,11,East_exit,11,8,0.8,0
dl_77,17,West_exit,16,10,0.8,0
dl_77,16,West_exit,16,10,0.8,0
dl_77,5,East_exit,5,4,0.8,0
dl_78,3,,,,,
dl_78,9,East_exit_short,9,7,0.44,0
dl_78,11,East_exit,11,8,0.8,0
dl_78,17,West_exit,16,10,0.8,0
dl_78,16,West_exit,16,10,0.8,0
dl_78,5,East_exit,7,5,0.8,0
dl_78,7,East_exit,7,5,0.8,0
dl_79,3,,,,,
dl_79,9,East_exit_short,9,7,0.44,0
dl_79,11,East_exit,11,8,0.8,0
dl_79,17,West_exit,16,10,0.8,0
dl_79,16,West_exit,16,10,0.8,0
dl_79,6,East_exit,6,5,0.8,0
dl_79,5,East_exit,6,5,0.8,0
dl_80,3,,,,,
dl_80,9,East_exit_short,9,7,0.44,0
dl_80,11,East_exit,11,8,0.8,0
dl_80,17,West_exit,16,10,0.8,0
dl_80,16,West_exit,16,10,0.8,0
dl_80,5,East_exit,5,4,0.8,0
dl_81,3,,,,,
dl_81,11,East_exit,11,8,0.8,0
dl_81,17,West_exit,16,10,0.8,0
dl_81,16,West_exit,16,10,0.8,0
dl_81,5,East_exit,7,5,0.8,0
dl_81,7,East_exit,7,5,0.8,0
dl_81,8,East_exit_short,8,6,0.44,0
dl_82,3,,,,,
dl_82,11,East_exit,11,8,0.8,0
dl_82,17,West_exit,16,10,0.8,0
dl_82,16,West_exit,16,10,0.8,0
dl_82,6,East_exit,6,5,0.8,0
dl_82,5,East_exit,6,5,0.8,0
dl_82,8,East_exit_short,8,6,0.44,0
dl_83,3,,,,,
dl_83,11,East_exit,11,8,0.8,0
dl_83,17,West_exit,16,10,0.8,0
dl_83,16,West_exit,16,10,0.8,0
dl_83,5,East_exit,5,4,0.8,0
dl_83,8,East_exit_short,8,6,0.44,0
dl_84,1,,,,,
dl_84,17,West_exit,16,10,0.8,0
dl_84,16,West_exit,16,10,0.8,0
dl_84,11,East_exit,11,8,0.8,0
dl_85,1,,,,,
dl_85,17,West_exit,16,10,0.8,0
dl_85,16,West_exit,16,10,0.8,0
dl_85,8,East_exit,10,7,0.8,0
dl_85,10,East_exit,10,7,0.8,0
dl_86,1,,,,,
dl_86,17,West_exit,16,10,0.8,0
dl_86,16,West_exit,16,10,0.8,0
dl_86,9,East_exit,9,7,0.8,0
dl_86,8,East_exit,9,7,0.8,0
dl_87,1,,,,,
dl_87,17,West_exit,16,10,0.8,0
dl_87,16,West_exit,16,10,0.8,0
dl_87,8,East_exit,8,6,0.8,0
dl_88,1,,,,,
dl_88,17,West_exit,16,10,0.8,0
dl_88,16,West_exit,16,10,0.8,0
dl_88,5,East_exit,7,5,0.8,0
dl_88,7,East_exit,7,5,0.8,0
dl_89,1,,,,,
dl_89,17,West_exit,16,10,0.8,0
dl_89,16,West_exit,16,10,0.8,0
dl_89,6,East_exit,6,5,0.8,0
dl_89,5,East_exit,6,5,0.8,0
dl_90,1,,,,,
dl_90,17,West_exit,16,10,0.8,0
dl_90,16,West_exit,16,10,0.8,0
dl_90,5,East_exit,5,4,0.8,0
dl_91,2,,,,,
dl_91,2,East_exit,4,3,0.8,0
dl_91,3,West_exit_short,3,2,0.44,0
dl_91,17,West_exit,16,10,0.8,0
dl_91,16,West_exit,16,10,0.8,0
dl_92,1,,,,,
dl_92,11,East_exit,13,9,0.8,0
dl_92,13,East_exit,13,9,0.8,0
dl_92,15,West_exit,15,10,0.8,0
dl_92,17,West_exit,15,10,0.8,0
dl_93,1,,,,,
dl_93,12,East_exit,12,9,0.8,0
dl_93,11,East_exit,12,9,0.8,0
dl_93,15,West_exit,15,10,0.8,0
dl_93,17,West_exit,15,10,0.8,0
dl_94,3,,,,,
dl_94,10,East_exit_short,10,7,0.44,0
dl_94,11,East_exit,11,8,0.8,0
dl_94,15,West_exit,15,10,0.8,0
dl_94,17,West_exit,15,10,0.8,0
dl_94,5,East_exit,7,5,0.8,0
dl_94,7,East_exit,7,5,0.8,0
dl_95,3,,,,,
dl_95,10,East_exit_short,10,7,0.44,0
dl_95,11,East_exit,11,8,0.8,0
dl_95,15,West_exit,15,10,0.8,0
dl_95,17,West_exit,15,10,0.8,0
dl_95,6,East_exit,6,5,0.8,0
dl_95,5,East_exit,6,5,0.8,0
dl_96,3,,,,,
dl_96,10,East_exit_short,10,7,0.44,0
dl_96,11,East_exit,11,8,0.8,0
dl_96,15,West_exit,15,10,0.8,0
dl_96,17,West_exit,15,10,0.8,0
dl_96,5,East_exit,5,4,0.8,0
dl_97,3,,,,,
dl_97,9,East_exit_short,9,7,0.44,0
dl_97,11,East_exit,11,8,0.8,0
dl_97,15,West_exit,15,10,0.8,0
dl_97,17,West_exit,15,10,0.8,0
dl_97,5,East_exit,7,5,0.8,0
dl_97,7,East_exit,7,5,0.8,0
dl_98,3,,,,,
dl_98,9,East_exit_short,9,7,0.44,0
dl_98,11,East_exit,11,8,0.8,0
dl_98,15,West_exit,15,10,0.8,0
dl_98,17,West_exit,15,10,0.8,0
dl_98,6,East_exit,6,5,0.8,0
dl_98,5,East_exit,6,5,0.8,0
dl_99,3,,,,,
dl_99,9,East_exit_short,9,7,0.44,0
dl_99,11,East_exit,11,8,0.8,0
dl_99,15,West_exit,15,10,0.8,0
dl_99,17,West_exit,15,10,0.8,0
dl_99,5,East_exit,5,4,0.8,0
dl_100,3,,,,,
dl_100,11,East_exit,11,8,0.8,0
dl_100,15,West_exit,15,10,0.8,0
dl_100,17,West_exit,15,10,0.8,0
dl_100,5,East_exit,7,5,0.8,0
dl_100,7,East_exit,7,5,0.8,0
dl_100,8,East_exit_short,8,6,0.44,0
dl_101,3,,,,,
dl_101,11,East_exit,11,8,0.8,0
dl_101,15,West_exit,15,10,0.8,0
dl_101,17,West_exit,15,10,0.8,0
dl_101,6,East_exit,6,5,0.8,0
dl_101,5,East_exit,6,5,0.8,0
dl_101,8,East_exit_short,8,6,0.44,0
dl_102,3,,,,,
dl_102,11,East_exit,11,8,0.8,0
dl_102,15,West_exit,15,10,0.8,0
dl_102,17,West_exit,15,10,0.8,0
dl_102,5,East_exit,5,4,0.8,0
dl_102,8,East_exit_short,8,6,0.44,0
dl_103,1,,,,,
dl_103,15,West_exit,15,10,0.8,0
dl_103,17,West_exit,15,10,0.8,0
dl_103,11,East_exit,11,8,0.8,0
dl_104,1,,,,,
dl_104,15,West_exit,15,10,0.8,0
dl_104,17,West_exit,15,10,0.8,0
dl_104,8,East_exit,10,7,0.8,0
dl_104,10,East_exit,10,7,0.8,0
dl_105,1,,,,,
dl_105,15,West_exit,15,10,0.8,0
dl_105,17,West_exit,15,10,0.8,0
dl_105,9,East_exit,9,7,0.8,0
dl_105,8,East_exit,9,7,0.8,0
dl_106,1,,,,,
dl_106,15,West_exit,15,10,0.8,0
dl_106,17,West_exit,15,10,0.8,0
dl_106,8,East_exit,8,6,0.8,0
dl_107,1,,,,,
dl_107,15,West_exit,15,10,0.8,0
dl_107,17,West_exit,15,10,0.8,0
dl_107,5,East_exit,7,5,0.8,0
dl_107,7,East_exit,7,5,0.8,0
dl_108,1,,,,,
dl_108,15,West_exit,15,10,0.8,0
dl_108,17,West_exit,15,10,0.8,0
dl_108,6,East_exit,6,5,0.8,0
dl_108,5,East_exit,6,5,0.8,0
dl_109,1,,,,,
dl_109,15,West_exit,15,10,0.8,0
dl_109,17,West_exit,15,10,0.8,0
dl_109,5,East_exit,5,4,0.8,0
dl_110,2,,,,,
dl_110,2,East_exit,4,3,0.8,0
dl_110,3,West_exit_short,3,2,0.44,0
dl_110,15,West_exit,15,10,0.8,0
dl_110,17,West_exit,15,10,0.8,0
dl_111,3,,,,,
dl_111,11,East_exit,13,9,0.8,0
dl_111,10,East_exit_short,10,7,0.44,0
dl_111,17,West_exit,17,11,0.8,0
dl_111,13,East_exit,13,9,0.8,0
dl_111,5,East_exit,7,5,0.8,0
dl_111,7,East_exit,7,5,0.8,0
dl_112,3,,,,,
dl_112,11,East_exit,13,9,0.8,0
dl_112,10,East_exit_short,10,7,0.44,0
dl_112,17,West_exit,17,11,0.8,0
dl_112,13,East_exit,13,9,0.8,0
dl_112,6,East_exit,6,5,0.8,0
dl_112,5,East_exit,6,5,0.8,0
dl_113,3,,,,,
dl_113,11,East_exit,13,9,0.8,0
dl_113,10,East_exit_short,10,7,0.44,0
dl_113,13,East_exit,13,9,0.8,0
dl_113,17,West_exit,17,11,0.8,0
dl_113,5,East_exit,5,4,0.8,0
dl_114,3,,,,,
dl_114,11,East_exit,13,9,0.8,0
dl_114,9,East_exit_short,9,7,0.44,0
dl_114,17,West_exit,17,11,0.8,0
dl_114,13,East_exit,13,9,0.8,0
dl_114,5,East_exit,7,5,0.8,0
dl_114,7,East_exit,7,5,0.8,0
dl_115,3,,,,,
dl_115,11,East_exit,13,9,0.8,0
dl_115,9,East_exit_short,9,7,0.44,0
dl_115,17,West_exit,17,11,0.8,0
dl_115,13,East_exit,13,9,0.8,0
dl_115,6,East_exit,6,5,0.8,0
dl_115,5,East_exit,6,5,0.8,0
dl_116,3,,,,,
dl_116,11,East_exit,13,9,0.8,0
dl_116,9,East_exit_short,9,7,0.44,0
dl_116,13,East_exit,13,9,0.8,0
dl_116,17,West_exit,17,11,0.8,0
dl_116,5,East_exit,5,4,0.8,0
dl_117,3,,,,,
dl_117,11,East_exit,13,9,0.8,0
dl_117,13,East_exit,13,9,0.8,0
dl_117,17,West_exit,17,11,0.8,0
dl_117,5,East_exit,7,5,0.8,0
dl_117,7,East_exit,7,5,0.8,0
dl_117,8,East_exit_short,8,6,0.44,0
dl_118,3,,,,,
dl_118,11,East_exit,13,9,0.8,0
dl_118,13,East_exit,13,9,0.8,0
dl_118,17,West_exit,17,11,0.8,0
dl_118,6,East_exit,6,5,0.8,0
dl_118,5,East_exit,6,5,0.8,0
dl_118,8,East_exit_short,8,6,0.44,0
dl_119,3,,,,,
dl_119,11,East_exit,13,9,0.8,0
dl_119,13,East_exit,13,9,0.8,0
dl_119,17,West_exit,17,11,0.8,0
dl_119,5,East_exit,5,4,0.8,0
dl_119,8,East_exit_short,8,6,0.44,0
dl_120,1,,,,,
dl_120,17,West_exit,17,11,0.8,0
dl_120,11,East_exit,13,9,0.8,0
dl_120,13,East_exit,13,9,0.8,0
dl_121,3,,,,,
dl_121,11,East_exit,12,9,0.8,0
dl_121,10,East_exit_short,10,7,0.44,0
dl_121,17,West_exit,17,11,0.8,0
dl_121,12,East_exit,12,9,0.8,0
dl_121,5,East_exit,7,5,0.8,0
dl_121,7,East_exit,7,5,0.8,0
dl_122,3,,,,,
dl_122,11,East_exit,12,9,0.8,0
dl_122,10,East_exit_short,10,7,0.44,0
dl_122,17,West_exit,17,11,0.8,0
dl_122,12,East_exit,12,9,0.8,0
dl_122,6,East_exit,6,5,0.8,0
dl_122,5,East_exit,6,5,0.8,0
dl_123,3,,,,,
dl_123,11,East_exit,12,9,0.8,0
dl_123,10,East_exit_short,10,7,0.44,0
dl_123,12,East_exit,12,9,0.8,0
dl_123,17,West_exit,17,11,0.8,0
dl_123,5,East_exit,5,4,0.8,0
dl_124,3,,,,,
dl_124,11,East_exit,12,9,0.8,0
dl_124,9,East_exit_short,9,7,0.44,0
dl_124,17,West_exit,17,11,0.8,0
dl_124,12,East_exit,12,9,0.8,0
dl_124,5,East_exit,7,5,0.8,0
dl_124,7,East_exit,7,5,0.8,0
dl_125,3,,,,,
dl_125,11,East_exit,12,9,0.8,0
dl_125,9,East_exit_short,9,7,0.44,0
dl_125,17,West_exit,17,11,0.8,0
dl_125,12,East_exit,12,9,0.8,0
dl_125,6,East_exit,6,5,0.8,0
dl_125,5,East_exit,6,5,0.8,0
dl_126,3,,,,,
dl_126,11,East_exit,12,9,0.8,0
dl_126,9,East_exit_short,9,7,0.44,0
dl_126,12,East_exit,12,9,0.8,0
dl_126,17,West_exit,17,11,0.8,0
dl_126,5,East_exit,5,4,0.8,0
dl_127,3,,,,,
dl_127,11,East_exit,12,9,0.8,0
dl_127,12,East_exit,12,9,0.8,0
dl_127,17,West_exit,17,11,0.8,0
dl_127,5,East_exit,7,5,0.8,0
dl_127,7,East_exit,7,5,0.8,0
dl_127,8,East_exit_short,8,6,0.44,0
dl_128,3,,,,,
dl_128,11,East_exit,12,9,0.8,0
dl_128,12,East_exit,12,9,0.8,0
dl_128,17,West_exit,17,11,0.8,0
dl_128,6,East_exit,6,5,0.8,0
dl_128,5,East_exit,6,5,0.8,0
dl_128,8,East_exit_short,8,6,0.44,0
dl_129,3,,,,,
dl_129,11,East_exit,12,9,0.8,0
dl_129,12,East_exit,12,9,0.8,0
dl_129,17,West_exit,17,11,0.8,0
dl_129,5,East_exit,5,4,0.8,0
dl_129,8,East_exit_short,8,6,0.44,0
dl_130,1,,,,,
dl_130,17,West_exit,17,11,0.8,0
dl_130,12,East_exit,12,9,0.8,0
dl_130,11,East_exit,12,9,0.8,0
dl_131,3,,,,,
dl_131,10,East_exit_short,10,7,0.44,0
dl_131,11,East_exit,11,8,0.8,0
dl_131,17,West_exit,17,11,0.8,0
dl_131,5,East_exit,7,5,0.8,0
dl_131,7,East_exit,7,5,0.8,0
dl_132,3,,,,,
dl_132,10,East_exit_short,10,7,0.44,0
dl_132,11,East_exit,11,8,0.8,0
dl_132,17,West_exit,17,11,0.8,0
dl_132,6,East_exit,6,5,0.8,0
dl_132,5,East_exit,6,5,0.8,0
dl_133,3,,,,,
dl_133,10,East_exit_short,10,7,0.44,0
dl_133,11,East_exit,11,8,0.8,0
dl_133,17,West_exit,17,11,0.8,0
dl_133,5,East_exit,5,4,0.8,0
dl_134,3,,,,,
dl_134,9,East_exit_short,9,7,0.44,0
dl_134,11,East_exit,11,8,0.8,0
dl_134,17,West_exit,17,11,0.8,0
dl_134,5,East_exit,7,5,0.8,0
dl_134,7,East_exit,7,5,0.8,0
dl_135,3,,,,,
dl_135,9,East_exit_short,9,7,0.44,0
dl_135,11,East_exit,11,8,0.8,0
dl_135,17,West_exit,17,11,0.8,0
dl_135,6,East_exit,6,5,0.8,0
dl_135,5,East_exit,6,5,0.8,0
dl_136,3,,,,,
dl_136,9,East_exit_short,9,7,0.44,0
dl_136,11,East_exit,11,8,0.8,0
dl_136,17,West_exit,17,11,0.8,0
dl_136,5,East_exit,5,4,0.8,0
dl_137,3,,,,,
dl_137,11,East_exit,11,8,0.8,0
dl_137,17,West_exit,17,11,0.8,0
dl_137,5,East_exit,7,5,0.8,0
dl_137,7,East_exit,7,5,0.8,0
dl_137,8,East_exit_short,8,6,0.44,0
dl_138,3,,,,,
dl_138,11,East_exit,11,8,0.8,0
dl_138,17,West_exit,17,11,0.8,0
dl_138,6,East_exit,6,5,0.8,0
dl_138,5,East_exit,6,5,0.8,0
dl_138,8,East_exit_short,8,6,0.44,0
dl_139,3,,,,,
dl_139,11,East_exit,11,8,0.8,0
dl_139,17,West_exit,17,11,0.8,0
dl_139,5,East_exit,5,4,0.8,0
dl_139,8,East_exit_short,8,6,0.44,0
dl_140,1,,,,,
dl_140,17,West_exit,17,11,0.8,0
dl_140,11,East_exit,11,8,0.8,0
dl_141,1,,,,,
dl_141,17,West_exit,17,11,0.8,0
dl_141,8,East_exit,10,7,0.8,0
dl_141,10,East_exit,10,7,0.8,0
dl_142,1,,,,,
dl_142,17,West_exit,17,11,0.8,0
dl_142,9,East_exit,9,7,0.8,0
dl_142,8,East_exit,9,7,0.8,0
dl_143,1,,,,,
dl_143,17,West_exit,17,11,0.8,0
dl_143,8,East_exit,8,6,0.8,0
dl_144,1,,,,,
dl_144,17,West_exit,17,11,0.8,0
dl_144,5,East_exit,7,5,0.8,0
dl_144,7,East_exit,7,5,0.8,0
dl_145,1,,,,,
dl_145,17,West_exit,17,11,0.8,0
dl_145,6,East_exit,6,5,0.8,0
dl_145,5,East_exit,6,5,0.8,0
dl_146,1,,,,,
dl_146,17,West_exit,17,11,0.8,0
dl_146,5,East_exit,5,4,0.8,0
dl_147,2,,,,,
dl_147,2,East_exit,4,3,0.8,0
dl_147,3,West_exit_short,3,2,0.44,0
dl_147,17,West_exit,17,11,0.8,0
dl_148,2,,,,,
dl_148,5,West_exit_short,5,3,0.44,0
dl_148,2,East_exit,4,3,0.8,0
dl_148,4,East_exit,4,3,0.8,0
dl_148,8,West_exit,7,4,0.8,0
dl_148,7,West_exit,7,4,0.8,0
dl_149,2,,,,,
dl_149,5,West_exit_short,5,3,0.44,0
dl_149,2,East_exit,4,3,0.8,0
dl_149,4,East_exit,4,3,0.8,0
dl_149,6,West_exit,6,4,0.8,0
dl_149,8,West_exit,6,4,0.8,0
dl_150,2,,,,,
dl_150,5,West_exit_short,5,3,0.44,0
dl_150,2,East_exit,4,3,0.8,0
dl_150,4,East_exit,4,3,0.8,0
dl_150,8,West_exit,8,5,0.8,0
dl_151,2,,,,,
dl_151,5,West_exit_short,5,3,0.44,0
dl_151,2,East_exit,4,3,0.8,0
dl_151,4,East_exit,4,3,0.8,0
dl_151,11,West_exit,10,6,0.8,0
dl_151,10,West_exit,10,6,0.8,0
dl_152,2,,,,,
dl_152,5,West_exit_short,5,3,0.44,0
dl_152,2,East_exit,4,3,0.8,0
dl_152,4,East_exit,4,3,0.8,0
dl_152,9,West_exit,9,6,0.8,0
dl_152,11,West_exit,9,6,0.8,0
dl_153,2,,,,,
dl_153,5,West_exit_short,5,3,0.44,0
dl_153,2,East_exit,4,3,0.8,0
dl_153,4,East_exit,4,3,0.8,0
dl_153,11,West_exit,11,7,0.8,0
dl_154,2,,,,,
dl_154,5,West_exit_short,5,3,0.44,0
dl_154,2,East_exit,4,3,0.8,0
dl_154,4,East_exit,4,3,0.8,0
dl_154,14,West_exit,13,8,0.8,0
dl_154,13,West_exit,13,8,0.8,0
dl_155,2,,,,,
dl_155,5,West_exit_short,5,3,0.44,0
dl_155,2,East_exit,4,3,0.8,0
dl_155,4,East_exit,4,3,0.8,0
dl_155,12,West_exit,12,8,0.8,0
dl_155,14,West_exit,12,8,0.8,0
dl_156,2,,,,,
dl_156,5,West_exit_short,5,3,0.44,0
dl_156,2,East_exit,4,3,0.8,0
dl_156,4,East_exit,4,3,0.8,0
dl_156,14,West_exit,14,9,0.8,0
dl_157,2,,,,,
dl_157,5,West_exit_short,5,3,0.44,0
dl_157,2,East_exit,4,3,0.8,0
dl_157,4,East_exit,4,3,0.8,0
dl_157,17,West_exit,16,10,0.8,0
dl_157,16,West_exit,16,10,0.8,0
dl_158,2,,,,,
dl_158,5,West_exit_short,5,3,0.44,0
dl_158,2,East_exit,4,3,0.8,0
dl_158,4,East_exit,4,3,0.8,0
dl_158,15,West_exit,15,10,0.8,0
dl_158,17,West_exit,15,10,0.8,0
dl_159,2,,,,,
dl_159,5,West_exit_short,5,3,0.44,0
dl_159,2,East_exit,4,3,0.8,0
dl_159,4,East_exit,4,3,0.8,0
dl_159,17,West_exit,17,11,0.8,0
dl_160,2,,,,,
dl_160,2,East_exit,3,3,0.8,0
dl_160,4,West_exit_short,4,2,0.44,0
dl_160,8,West_exit,7,4,0.8,0
dl_160,7,West_exit,7,4,0.8,0
dl_161,2,,,,,
dl_161,2,East_exit,3,3,0.8,0
dl_161,4,West_exit_short,4,2,0.44,0
dl_161,6,West_exit,6,4,0.8,0
dl_161,8,West_exit,6,4,0.8,0
dl_162,2,,,,,
dl_162,2,East_exit,3,3,0.8,0
dl_162,4,West_exit_short,4,2,0.44,0
dl_162,8,West_exit,8,5,0.8,0
dl_163,2,,,,,
dl_163,2,East_exit,3,3,0.8,0
dl_163,4,West_exit_short,4,2,0.44,0
dl_163,11,West_exit,10,6,0.8,0
dl_163,10,West_exit,10,6,0.8,0
dl_164,2,,,,,
dl_164,2,East_exit,3,3,0.8,0
dl_164,4,West_exit_short,4,2,0.44,0
dl_164,9,West_exit,9,6,0.8,0
dl_164,11,West_exit,9,6,0.8,0
dl_165,2,,,,,
dl_165,2,East_exit,3,3,0.8,0
dl_165,4,West_exit_short,4,2,0.44,0
dl_165,11,West_exit,11,7,0.8,0
dl_166,2,,,,,
dl_166,2,East_exit,3,3,0.8,0
dl_166,14,West_exit,13,8,0.8,0
dl_166,13,West_exit,13,8,0.8,0
dl_166,4,West_exit_short,4,2,0.44,0
dl_167,2,,,,,
dl_167,2,East_exit,3,3,0.8,0
dl_167,12,West_exit,12,8,0.8,0
dl_167,14,West_exit,12,8,0.8,0
dl_167,4,West_exit_short,4,2,0.44,0
dl_168,2,,,,,
dl_168,2,East_exit,3,3,0.8,0
dl_168,14,West_exit,14,9,0.8,0
dl_168,4,West_exit_short,4,2,0.44,0
dl_169,2,,,,,
dl_169,2,East_exit,3,3,0.8,0
dl_169,4,West_exit_short,4,2,0.44,0
dl_169,17,West_exit,16,10,0.8,0
dl_169,16,West_exit,16,10,0.8,0
dl_170,2,,,,,
dl_170,2,East_exit,3,3,0.8,0
dl_170,4,West_exit_short,4,2,0.44,0
dl_170,15,West_exit,15,10,0.8,0
dl_170,17,West_exit,15,10,0.8,0
dl_171,2,,,,,
dl_171,2,East_exit,3,3,0.8,0
dl_171,4,West_exit_short,4,2,0.44,0
dl_171,17,West_exit,17,11,0.8,0
dl_172,2,,,,,
dl_172,5,West_exit_short,5,3,0.44,0
dl_172,3,East_exit,3,3,0.8,0
dl_172,2,East_exit,3,3,0.8,0
dl_172,8,West_exit,7,4,0.8,0
dl_172,7,West_exit,7,4,0.8,0
dl_173,2,,,,,
dl_173,5,West_exit_short,5,3,0.44,0
dl_173,3,East_exit,3,3,0.8,0
dl_173,2,East_exit,3,3,0.8,0
dl_173,6,West_exit,6,4,0.8,0
dl_173,8,West_exit,6,4,0.8,0
dl_174,2,,,,,
dl_174,5,West_exit_short,5,3,0.44,0
dl_174,3,East_exit,3,3,0.8,0
dl_174,2,East_exit,3,3,0.8,0
dl_174,8,West_exit,8,5,0.8,0
dl_175,2,,,,,
dl_175,5,West_exit_short,5,3,0.44,0
dl_175,3,East_exit,3,3,0.8,0
dl_175,2,East_exit,3,3,0.8,0
dl_175,11,West_exit,10,6,0.8,0
dl_175,10,West_exit,10,6,0.8,0
dl_176,2,,,,,
dl_176,5,West_exit_short,5,3,0.44,0
dl_176,3,East_exit,3,3,0.8,0
dl_176,2,East_exit,3,3,0.8,0
dl_176,9,West_exit,9,6,0.8,0
dl_176,11,West_exit,9,6,0.8,0
dl_177,2,,,,,
dl_177,5,West_exit_short,5,3,0.44,0
dl_177,3,East_exit,3,3,0.8,0
dl_177,2,East_exit,3,3,0.8,0
dl_177,11,West_exit,11,7,0.8,0
dl_178,2,,,,,
dl_178,5,West_exit_short,5,3,0.44,0
dl_178,3,East_exit,3,3,0.8,0
dl_178,2,East_exit,3,3,0.8,0
dl_178,14,West_exit,13,8,0.8,0
dl_178,13,West_exit,13,8,0.8,0
dl_179,2,,,,,
dl_179,5,West_exit_short,5,3,0.44,0
dl_179,3,East_exit,3,3,0.8,0
dl_179,2,East_exit,3,3,0.8,0
dl_179,12,West_exit,12,8,0.8,0
dl_179,14,West_exit,12,8,0.8,0
dl_180,2,,,,,
dl_180,5,West_exit_short,5,3,0.44,0
dl_180,3,East_exit,3,3,0.8,0
dl_180,2,East_exit,3,3,0.8,0
dl_180,14,West_exit,14,9,0.8,0
dl_181,2,,,,,
dl_181,5,West_exit_short,5,3,0.44,0
dl_181,3,East_exit,3,3,0.8,0
dl_181,2,East_exit,3,3,0.8,0
dl_181,17,West_exit,16,10,0.8,0
dl_181,16,West_exit,16,10,0.8,0
dl_182,2,,,,,
dl_182,5,West_exit_short,5,3,0.44,0
dl_182,3,East_exit,3,3,0.8,0
dl_182,2,East_exit,3,3,0.8,0
dl_182,15,West_exit,15,10,0.8,0
dl_182,17,West_exit,15,10,0.8,0
dl_183,2,,,,,
dl_183,5,West_exit_short,5,3,0.44,0
dl_183,3,East_exit,3,3,0.8,0
dl_183,2,East_exit,3,3,0.8,0
dl_183,17,West_exit,17,11,0.8,0
dl_184,4,,,,,
dl_184,11,West_exit,10,6,0.8,0
dl_184,8,West_exit,7,4,0.8,0
dl_184,2,East_exit,2,2,0.8,0
dl_184,4,West_exit_short,4,2,0.44,0
dl_184,7,West_exit,7,4,0.8,0
dl_184,10,West_exit,10,6,0.8,0
dl_184,14,West_exit,13,8,0.8,0
dl_184,13,West_exit,13,8,0.8,0
dl_185,4,,,,,
dl_185,11,West_exit,10,6,0.8,0
dl_185,8,West_exit,7,4,0.8,0
dl_185,2,East_exit,2,2,0.8,0
dl_185,4,West_exit_short,4,2,0.44,0
dl_185,7,West_exit,7,4,0.8,0
dl_185,10,West_exit,10,6,0.8,0
dl_185,12,West_exit,12,8,0.8,0
dl_185,14,West_exit,12,8,0.8,0
dl_186,4,,,,,
dl_186,11,West_exit,10,6,0.8,0
dl_186,10,West_exit,10,6,0.8,0
dl_186,8,West_exit,7,4,0.8,0
dl_186,7,West_exit,7,4,0.8,0
dl_186,2,East_exit,2,2,0.8,0
dl_186,4,West_exit_short,4,2,0.44,0
dl_186,14,West_exit,14,9,0.8,0
dl_187,4,,,,,
dl_187,11,West_exit,10,6,0.8,0
dl_187,10,West_exit,10,6,0.8,0
dl_187,8,West_exit,7,4,0.8,0
dl_187,7,West_exit,7,4,0.8,0
dl_187,2,East_exit,2,2,0.8,0
dl_187,4,West_exit_short,4,2,0.44,0
dl_187,17,West_exit,16,10,0.8,0
dl_187,16,West_exit,16,10,0.8,0
dl_188,4,,,,,
dl_188,11,West_exit,10,6,0.8,0
dl_188,10,West_exit,10,6,0.8,0
dl_188,8,West_exit,7,4,0.8,0
dl_188,7,West_exit,7,4,0.8,0
dl_188,2,East_exit,2,2,0.8,0
dl_188,4,West_exit_short,4,2,0.44,0
dl_188,15,West_exit,15,10,0.8,0
dl_188,17,West_exit,15,10,0.8,0
dl_189,4,,,,,
dl_189,11,West_exit,10,6,0.8,0
dl_189,10,West_exit,10,6,0.8,0
dl_189,8,West_exit,7,4,0.8,0
dl_189,7,West_exit,7,4,0.8,0
dl_189,2,East_exit,2,2,0.8,0
dl_189,4,West_exit_short,4,2,0.44,0
dl_189,17,West_exit,17,11,0.8,0
dl_190,3,,,,,
dl_190,8,West_exit,7,4,0.8,0
dl_190,2,East_exit,2,2,0.8,0
dl_190,4,West_exit_short,4,2,0.44,0
dl_190,7,West_exit,7,4,0.8,0
dl_190,11,West_exit,10,6,0.8,0
dl_190,10,West_exit,10,6,0.8,0
dl_191,4,,,,,
dl_191,11,West_exit,9,6,0.8,0
dl_191,8,West_exit,7,4,0.8,0
dl_191,2,East_exit,2,2,0.8,0
dl_191,4,West_exit_short,4,2,0.44,0
dl_191,7,West_exit,7,4,0.8,0
dl_191,9,West_exit,9,6,0.8,0
dl_191,14,West_exit,13,8,0.8,0
dl_191,13,West_exit,13,8,0.8,0
dl_192,4,,,,,
dl_192,11,West_exit,9,6,0.8,0
dl_192,8,West_exit,7,4,0.8,0
dl_192,2,East_exit,2,2,0.8,0
dl_192,4,West_exit_short,4,2,0.44,0
dl_192,7,West_exit,7,4,0.8,0
dl_192,9,West_exit,9,6,0.8,0
dl_192,12,West_exit,12,8,0.8,0
dl_192,14,West_exit,12,8,0.8,0
dl_193,4,,,,,
dl_193,11,West_exit,9,6,0.8,0
dl_193,9,West_exit,9,6,0.8,0
dl_193,8,West_exit,7,4,0.8,0
dl_193,7,West_exit,7,4,0.8,0
dl_193,2,East_exit,2,2,0.8,0
dl_193,4,West_exit_short,4,2,0.44,0
dl_193,14,West_exit,14,9,0.8,0
dl_194,4,,,,,
dl_194,11,West_exit,9,6,0.8,0
dl_194,9,West_exit,9,6,0.8,0
dl_194,8,West_exit,7,4,0.8,0
dl_194,7,West_exit,7,4,0.8,0
dl_194,2,East_exit,2,2,0.8,0
dl_194,4,West_exit_short,4,2,0.44,0
dl_194,17,West_exit,16,10,0.8,0
dl_194,16,West_exit,16,10,0.8,0
dl_195,4,,,,,
dl_195,11,West_exit,9,6,0.8,0
dl_195,9,West_exit,9,6,0.8,0
dl_195,8,West_exit,7,4,0.8,0
dl_195,7,West_exit,7,4,0.8,0
dl_195,2,East_exit,2,2,0.8,0
dl_195,4,West_exit_short,4,2,0.44,0
dl_195,15,West_exit,15,10,0.8,0
dl_195,17,West_exit,15,10,0.8,0
dl_196,4,,,,,
dl_196,11,West_exit,9,6,0.8,0
dl_196,9,West_exit,9,6,0.8,0
dl_196,8,West_exit,7,4,0.8,0
dl_196,7,West_exit,7,4,0.8,0
dl_196,2,East_exit,2,2,0.8,0
dl_196,4,West_exit_short,4,2,0.44,0
dl_196,17,West_exit,17,11,0.8,0
dl_197,3,,,,,
dl_197,8,West_exit,7,4,0.8,0
dl_197,2,East_exit,2,2,0.8,0
dl_197,4,West_exit_short,4,2,0.44,0
dl_197,7,West_exit,7,4,0.8,0
dl_197,9,West_exit,9,6,0.8,0
dl_197,11,West_exit,9,6,0.8,0
dl_198,4,,,,,
dl_198,11,West_exit,11,7,0.8,0
dl_198,8,West_exit,7,4,0.8,0
dl_198,7,West_exit,7,4,0.8,0
dl_198,2,East_exit,2,2,0.8,0
dl_198,4,West_exit_short,4,2,0.44,0
dl_198,14,West_exit,13,8,0.8,0
dl_198,13,West_exit,13,8,0.8,0
dl_199,4,,,,,
dl_199,11,West_exit,11,7,0.8,0
dl_199,8,West_exit,7,4,0.8,0
dl_199,7,West_exit,7,4,0.8,0
dl_199,2,East_exit,2,2,0.8,0
dl_199,4,West_exit_short,4,2,0.44,0
dl_199,12,West_exit,12,8,0.8,0
dl_199,14,West_exit,12,8,0.8,0
dl_200,4,,,,,
dl_200,11,West_exit,11,7,0.8,0
dl_200,8,West_exit,7,4,0.8,0
dl_200,7,West_exit,7,4,0.8,0
dl_200,2,East_exit,2,2,0.8,0
dl_200,4,West_exit_short,4,2,0.44,0
dl_200,14,West_exit,14,9,0.8,0
dl_201,4,,,,,
dl_201,11,West_exit,11,7,0.8,0
dl_201,8,West_exit,7,4,0.8,0
dl_201,7,West_exit,7,4,0.8,0
dl_201,2,East_exit,2,2,0.8,0
dl_201,4,West_exit_short,4,2,0.44,0
dl_201,17,West_exit,16,10,0.8,0
dl_201,16,West_exit,16,10,0.8,0
dl_202,4,,,,,
dl_202,11,West_exit,11,7,0.8,0
dl_202,8,West_exit,7,4,0.8,0
dl_202,7,West_exit,7,4,0.8,0
dl_202,2,East_exit,2,2,0.8,0
dl_202,4,West_exit_short,4,2,0.44,0
dl_202,15,West_exit,15,10,0.8,0
dl_202,17,West_exit,15,10,0.8,0
dl_203,4,,,,,
dl_203,11,West_exit,11,7,0.8,0
dl_203,8,West_exit,7,4,0.8,0
dl_203,7,West_exit,7,4,0.8,0
dl_203,2,East_exit,2,2,0.8,0
dl_203,4,West_exit_short,4,2,0.44,0
dl_203,17,West_exit,17,11,0.8,0
dl_204,3,,,,,
dl_204,8,West_exit,7,4,0.8,0
dl_204,7,West_exit,7,4,0.8,0
dl_204,2,East_exit,2,2,0.8,0
dl_204,4,West_exit_short,4,2,0.44,0
dl_204,11,West_exit,11,7,0.8,0
dl_205,4,,,,,
dl_205,14,West_exit,13,8,0.8,0
dl_205,8,West_exit,7,4,0.8,0
dl_205,7,West_exit,7,4,0.8,0
dl_205,2,East_exit,2,2,0.8,0
dl_205,4,West_exit_short,4,2,0.44,0
dl_205,17,West_exit,16,10,0.8,0
dl_205,16,West_exit,16,10,0.8,0
dl_205,13,West_exit,13,8,0.8,0
dl_206,4,,,,,
dl_206,14,West_exit,13,8,0.8,0
dl_206,8,West_exit,7,4,0.8,0
dl_206,7,West_exit,7,4,0.8,0
dl_206,2,East_exit,2,2,0.8,0
dl_206,4,West_exit_short,4,2,0.44,0
dl_206,15,West_exit,15,10,0.8,0
dl_206,17,West_exit,15,10,0.8,0
dl_206,13,West_exit,13,8,0.8,0
dl_207,4,,,,,
dl_207,14,West_exit,13,8,0.8,0
dl_207,13,West_exit,13,8,0.8,0
dl_207,8,West_exit,7,4,0.8,0
dl_207,7,West_exit,7,4,0.8,0
dl_207,2,East_exit,2,2,0.8,0
dl_207,4,West_exit_short,4,2,0.44,0
dl_207,17,West_exit,17,11,0.8,0
dl_208,3,,,,,
dl_208,8,West_exit,7,4,0.8,0
dl_208,7,West_exit,7,4,0.8,0
dl_208,2,East_exit,2,2,0.8,0
dl_208,4,West_exit_short,4,2,0.44,0
dl_208,14,West_exit,13,8,0.8,0
dl_208,13,West_exit,13,8,0.8,0
dl_209,4,,,,,
dl_209,14,West_exit,12,8,0.8,0
dl_209,8,West_exit,7,4,0.8,0
dl_209,7,West_exit,7,4,0.8,0
dl_209,2,East_exit,2,2,0.8,0
dl_209,4,West_exit_short,4,2,0.44,0
dl_209,17,West_exit,16,10,0.8,0
dl_209,16,West_exit,16,10,0.8,0
dl_209,12,West_exit,12,8,0.8,0
dl_210,4,,,,,
dl_210,14,West_exit,12,8,0.8,0
dl_210,8,West_exit,7,4,0.8,0
dl_210,7,West_exit,7,4,0.8,0
dl_210,2,East_exit,2,2,0.8,0
dl_210,4,West_exit_short,4,2,0.44,0
dl_210,15,West_exit,15,10,0.8,0
dl_210,17,West_exit,15,10,0.8,0
dl_210,12,West_exit,12,8,0.8,0
dl_211,4,,,,,
dl_211,14,West_exit,12,8,0.8,0
dl_211,12,West_exit,12,8,0.8,0
dl_211,8,West_exit,7,4,0.8,0
dl_211,7,West_exit,7,4,0.8,0
dl_211,2,East_exit,2,2,0.8,0
dl_211,4,West_exit_short,4,2,0.44,0
dl_211,17,West_exit,17,11,0.8,0
dl_212,3,,,,,
dl_212,8,West_exit,7,4,0.8,0
dl_212,7,West_exit,7,4,0.8,0
dl_212,2,East_exit,2,2,0.8,0
dl_212,4,West_exit_short,4,2,0.44,0
dl_212,12,West_exit,12,8,0.8,0
dl_212,14,West_exit,12,8,0.8,0
dl_213,4,,,,,
dl_213,14,West_exit,14,9,0.8,0
dl_213,8,West_exit,7,4,0.8,0
dl_213,7,West_exit,7,4,0.8,0
dl_213,2,East_exit,2,2,0.8,0
dl_213,4,West_exit_short,4,2,0.44,0
dl_213,17,West_exit,16,10,0.8,0
dl_213,16,West_exit,16,10,0.8,0
dl_214,4,,,,,
dl_214,14,West_exit,14,9,0.8,0
dl_214,8,West_exit,7,4,0.8,0
dl_214,7,West_exit,7,4,0.8,0
dl_214,2,East_exit,2,2,0.8,0
dl_214,4,West_exit_short,4,2,0.44,0
dl_214,15,West_exit,15,10,0.8,0
dl_214,17,West_exit,15,10,0.8,0
dl_215,4,,,,,
dl_215,14,West_exit,14,9,0.8,0
dl_215,8,West_exit,7,4,0.8,0
dl_215,7,West_exit,7,4,0.8,0
dl_215,2,East_exit,2,2,0.8,0
dl_215,4,West_exit_short,4,2,0.44,0
dl_215,17,West_exit,17,11,0.8,0
dl_216,3,,,,,
dl_216,8,West_exit,7,4,0.8,0
dl_216,7,West_exit,7,4,0.8,0
dl_216,2,East_exit,2,2,0.8,0
dl_216,4,West_exit_short,4,2,0.44,0
dl_216,14,West_exit,14,9,0.8,0
dl_217,3,,,,,
dl_217,8,West_exit,7,4,0.8,0
dl_217,7,West_exit,7,4,0.8,0
dl_217,2,East_exit,2,2,0.8,0
dl_217,4,West_exit_short,4,2,0.44,0
dl_217,17,West_exit,16,10,0.8,0
dl_217,16,West_exit,16,10,0.8,0
dl_218,3,,,,,
dl_218,8,West_exit,7,4,0.8,0
dl_218,7,West_exit,7,4,0.8,0
dl_218,2,East_exit,2,2,0.8,0
dl_218,4,West_exit_short,4,2,0.44,0
dl_218,15,West_exit,15,10,0.8,0
dl_218,17,West_exit,15,10,0.8,0
dl_219,3,,,,,
dl_219,8,West_exit,7,4,0.8,0
dl_219,7,West_exit,7,4,0.8,0
dl_219,2,East_exit,2,2,0.8,0
dl_219,4,West_exit_short,4,2,0.44,0
dl_219,17,West_exit,17,11,0.8,0
dl_220,2,,,,,
dl_220,2,East_exit,2,2,0.8,0
dl_220,4,West_exit_short,4,2,0.44,0
dl_220,8,West_exit,7,4,0.8,0
dl_220,7,West_exit,7,4,0.8,0
dl_221,4,,,,,
dl_221,11,West_exit,10,6,0.8,0
dl_221,8,West_exit,6,4,0.8,0
dl_221,2,East_exit,2,2,0.8,0
dl_221,4,West_exit_short,4,2,0.44,0
dl_221,6,West_exit,6,4,0.8,0
dl_221,10,West_exit,10,6,0.8,0
dl_221,14,West_exit,13,8,0.8,0
dl_221,13,West_exit,13,8,0.8,0
dl_222,4,,,,,
dl_222,11,West_exit,10,6,0.8,0
dl_222,8,West_exit,6,4,0.8,0
dl_222,2,East_exit,2,2,0.8,0
dl_222,4,West_exit_short,4,2,0.44,0
dl_222,6,West_exit,6,4,0.8,0
dl_222,10,West_exit,10,6,0.8,0
dl_222,12,West_exit,12,8,0.8,0
dl_222,14,West_exit,12,8,0.8,0
dl_223,4,,,,,
dl_223,11,West_exit,10,6,0.8,0
dl_223,10,West_exit,10,6,0.8,0
dl_223,8,West_exit,6,4,0.8,0
dl_223,6,West_exit,6,4,0.8,0
dl_223,2,East_exit,2,2,0.8,0
dl_223,4,West_exit_short,4,2,0.44,0
dl_223,14,West_exit,14,9,0.8,0
dl_224,4,,,,,
dl_224,11,West_exit,10,6,0.8,0
dl_224,10,West_exit,10,6,0.8,0
dl_224,8,West_exit,6,4,0.8,0
dl_224,6,West_exit,6,4,0.8,0
dl_224,2,East_exit,2,2,0.8,0
dl_224,4,West_exit_short,4,2,0.44,0
dl_224,17,West_exit,16,10,0.8,0
dl_224,16,West_exit,16,10,0.8,0
dl_225,4,,,,,
dl_225,11,West_exit,10,6,0.8,0
dl_225,10,West_exit,10,6,0.8,0
dl_225,8,West_exit,6,4,0.8,0
dl_225,6,West_exit,6,4,0.8,0
dl_225,2,East_exit,2,2,0.8,0
dl_225,4,West_exit_short,4,2,0.44,0
dl_225,15,West_exit,15,10,0.8,0
dl_225,17,West_exit,15,10,0.8,0
dl_226,4,,,,,
dl_226,11,West_exit,10,6,0.8,0
dl_226,10,West_exit,10,6,0.8,0
dl_226,8,West_exit,6,4,0.8,0
dl_226,6,West_exit,6,4,0.8,0
dl_226,2,East_exit,2,2,0.8,0
dl_226,4,West_exit_short,4,2,0.44,0
dl_226,17,West_exit,17,11,0.8,0
dl_227,3,,,,,
dl_227,8,West_exit,6,4,0.8,0
dl_227,2,East_exit,2,2,0.8,0
dl_227,4,West_exit_short,4,2,0.44,0
dl_227,6,West_exit,6,4,0.8,0
dl_227,11,West_exit,10,6,0.8,0
dl_227,10,West_exit,10,6,0.8,0
dl_228,4,,,,,
dl_228,11,West_exit,9,6,0.8,0
dl_228,8,West_exit,6,4,0.8,0
dl_228,2,East_exit,2,2,0.8,0
dl_228,4,West_exit_short,4,2,0.44,0
dl_228,6,West_exit,6,4,0.8,0
dl_228,9,West_exit,9,6,0.8,0
dl_228,14,West_exit,13,8,0.8,0
dl_228,13,West_exit,13,8,0.8,0
dl_229,4,,,,,
dl_229,11,West_exit,9,6,0.8,0
dl_229,8,West_exit,6,4,0.8,0
dl_229,2,East_exit,2,2,0.8,0
dl_229,4,West_exit_short,4,2,0.44,0
dl_229,6,West_exit,6,4,0.8,0
dl_229,9,West_exit,9,6,0.8,0
dl_229,12,West_exit,12,8,0.8,0
dl_229,14,West_exit,12,8,0.8,0
dl_230,4,,,,,
dl_230,11,West_exit,9,6,0.8,0
dl_230,9,West_exit,9,6,0.8,0
dl_230,8,West_exit,6,4,0.8,0
dl_230,6,West_exit,6,4,0.8,0
dl_230,2,East_exit,2,2,0.8,0
dl_230,4,West_exit_short,4,2,0.44,0
dl_230,14,West_exit,14,9,0.8,0
dl_231,4,,,,,
dl_231,11,West_exit,9,6,0.8,0
dl_231,9,West_exit,9,6,0.8,0
dl_231,8,West_exit,6,4,0.8,0
dl_231,6,West_exit,6,4,0.8,0
dl_231,2,East_exit,2,2,0.8,0
dl_231,4,West_exit_short,4,2,0.44,0
dl_231,17,West_exit,16,10,0.8,0
dl_231,16,West_exit,16,10,0.8,0
dl_232,4,,,,,
dl_232,11,West_exit,9,6,0.8,0
dl_232,9,West_exit,9,6,0.8,0
dl_232,8,West_exit,6,4,0.8,0
dl_232,6,West_exit,6,4,0.8,0
dl_232,2,East_exit,2,2,0.8,0
dl_232,4,West_exit_short,4,2,0.44,0
dl_232,15,West_exit,15,10,0.8,0
dl_232,17,West_exit,15,10,0.8,0
dl_233,4,,,,,
dl_233,11,West_exit,9,6,0.8,0
dl_233,9,West_exit,9,6,0.8,0
dl_233,8,West_exit,6,4,0.8,0
dl_233,6,West_exit,6,4,0.8,0
dl_233,2,East_exit,2,2,0.8,0
dl_233,4,West_exit_short,4,2,0.44,0
dl_233,17,West_exit,17,11,0.8,0
dl_234,3,,,,,
dl_234,8,West_exit,6,4,0.8,0
dl_234,2,East_exit,2,2,0.8,0
dl_234,4,West_exit_short,4,2,0.44,0
dl_234,6,West_exit,6,4,0.8,0
dl_234,9,West_exit,9,6,0.8,0
dl_234,11,West_exit,9,6,0.8,0
dl_235,4,,,,,
dl_235,11,West_exit,11,7,0.8,0
dl_235,8,West_exit,6,4,0.8,0
dl_235,6,West_exit,6,4,0.8,0
dl_235,2,East_exit,2,2,0.8,0
dl_235,4,West_exit_short,4,2,0.44,0
dl_235,14,West_exit,13,8,0.8,0
dl_235,13,West_exit,13,8,0.8,0
dl_236,4,,,,,
dl_236,11,West_exit,11,7,0.8,0
dl_236,8,West_exit,6,4,0.8,0
dl_236,6,West_exit,6,4,0.8,0
dl_236,2,East_exit,2,2,0.8,0
dl_236,4,West_exit_short,4,2,0.44,0
dl_236,12,West_exit,12,8,0.8,0
dl_236,14,West_exit,12,8,0.8,0
dl_237,4,,,,,
dl_237,11,West_exit,11,7,0.8,0
dl_237,8,West_exit,6,4,0.8,0
dl_237,6,West_exit,6,4,0.8,0
dl_237,2,East_exit,2,2,0.8,0
dl_237,4,West_exit_short,4,2,0.44,0
dl_237,14,West_exit,14,9,0.8,0
dl_238,4,,,,,
dl_238,11,West_exit,11,7,0.8,0
dl_238,8,West_exit,6,4,0.8,0
dl_238,6,West_exit,6,4,0.8,0
dl_238,2,East_exit,2,2,0.8,0
dl_238,4,West_exit_short,4,2,0.44,0
dl_238,17,West_exit,16,10,0.8,0
dl_238,16,West_exit,16,10,0.8,0
dl_239,4,,,,,
dl_239,11,West_exit,11,7,0.8,0
dl_239,8,West_exit,6,4,0.8,0
dl_239,6,West_exit,6,4,0.8,0
dl_239,2,East_exit,2,2,0.8,0
dl_239,4,West_exit_short,4,2,0.44,0
dl_239,15,West_exit,15,10,0.8,0
dl_239,17,West_exit,15,10,0.8,0
dl_240,4,,,,,
dl_240,11,West_exit,11,7,0.8,0
dl_240,8,West_exit,6,4,0.8,0
dl_240,6,West_exit,6,4,0.8,0
dl_240,2,East_exit,2,2,0.8,0
dl_240,4,West_exit_short,4,2,0.44,0
dl_240,17,West_exit,17,11,0.8,0
dl_241,3,,,,,
dl_241,8,West_exit,6,4,0.8,0
dl_241,6,West_exit,6,4,0.8,0
dl_241,2,East_exit,2,2,0.8,0
dl_241,4,West_exit_short,4,2,0.44,0
dl_241,11,West_exit,11,7,0.8,0
dl_242,4,,,,,
dl_242,14,West_exit,13,8,0.8,0
dl_242,8,West_exit,6,4,0.8,0
dl_242,6,West_exit,6,4,0.8,0
dl_242,2,East_exit,2,2,0.8,0
dl_242,4,West_exit_short,4,2,0.44,0
dl_242,17,West_exit,16,10,0.8,0
dl_242,16,West_exit,16,10,0.8,0
dl_242,13,West_exit,13,8,0.8,0
dl_243,4,,,,,
dl_243,14,West_exit,13,8,0.8,0
dl_243,8,West_exit,6,4,0.8,0
dl_243,6,West_exit,6,4,0.8,0
dl_243,2,East_exit,2,2,0.8,0
dl_243,4,West_exit_short,4,2,0.44,0
dl_243,15,West_exit,15,10,0.8,0
dl_243,17,West_exit,15,10,0.8,0
dl_243,13,West_exit,13,8,0.8,0
dl_244,4,,,,,
dl_244,14,West_exit,13,8,0.8,0
dl_244,13,West_exit,13,8,0.8,0
dl_244,8,West_exit,6,4,0.8,0
dl_244,6,West_exit,6,4,0.8,0
dl_244,2,East_exit,2,2,0.8,0
dl_244,4,West_exit_short,4,2,0.44,0
dl_244,17,West_exit,17,11,0.8,0
dl_245,3,,,,,
dl_245,8,West_exit,6,4,0.8,0
dl_245,6,West_exit,6,4,0.8,0
dl_245,2,East_exit,2,2,0.8,0
dl_245,4,West_exit_short,4,2,0.44,0
dl_245,14,West_exit,13,8,0.8,0
dl_245,13,West_exit,13,8,0.8,0
dl_246,4,,,,,
dl_246,14,West_exit,12,8,0.8,0
dl_246,8,West_exit,6,4,0.8,0
dl_246,6,West_exit,6,4,0.8,0
dl_246,2,East_exit,2,2,0.8,0
dl_246,4,West_exit_short,4,2,0.44,0
dl_246,17,West_exit,16,10,0.8,0
dl_246,16,West_exit,16,10,0.8,0
dl_246,12,West_exit,12,8,0.8,0
dl_247,4,,,,,
dl_247,14,West_exit,12,8,0.8,0
dl_247,8,West_exit,6,4,0.8,0
dl_247,6,West_exit,6,4,0.8,0
dl_247,2,East_exit,2,2,0.8,0
dl_247,4,West_exit_short,4,2,0.44,0
dl_247,15,West_exit,15,10,0.8,0
dl_247,17,West_exit,15,10,0.8,0
dl_247,12,West_exit,12,8,0.8,0
dl_248,4,,,,,
dl_248,14,West_exit,12,8,0.8,0
dl_248,12,West_exit,12,8,0.8,0
dl_248,8,West_exit,6,4,0.8,0
dl_248,6,West_exit,6,4,0.8,0
dl_248,2,East_exit,2,2,0.8,0
dl_248,4,West_exit_short,4,2,0.44,0
dl_248,17,West_exit,17,11,0.8,0
dl_249,3,,,,,
dl_249,8,West_exit,6,4,0.8,0
dl_249,6,West_exit,6,4,0.8,0
dl_249,2,East_exit,2,2,0.8,0
dl_249,4,West_exit_short,4,2,0.44,0
dl_249,12,West_exit,12,8,0.8,0
dl_249,14,West_exit,12,8,0.8,0
dl_250,4,,,,,
dl_250,14,West_exit,14,9,0.8,0
dl_250,8,West_exit,6,4,0.8,0
dl_250,6,West_exit,6,4,0.8,0
dl_250,2,East_exit,2,2,0.8,0
dl_250,4,West_exit_short,4,2,0.44,0
dl_250,17,West_exit,16,10,0.8,0
dl_250,16,West_exit,16,10,0.8,0
dl_251,4,,,,,
dl_251,14,West_exit,14,9,0.8,0
dl_251,8,West_exit,6,4,0.8,0
dl_251,6,West_exit,6,4,0.8,0
dl_251,2,East_exit,2,2,0.8,0
dl_251,4,West_exit_short,4,2,0.44,0
dl_251,15,West_exit,15,10,0.8,0
dl_251,17,West_exit,15,10,0.8,0
dl_252,4,,,,,
dl_252,14,West_exit,14,9,0.8,0
dl_252,8,West_exit,6,4,0.8,0
dl_252,6,West_exit,6,4,0.8,0
dl_252,2,East_exit,2,2,0.8,0
dl_252,4,West_exit_short,4,2,0.44,0
dl_252,17,West_exit,17,11,0.8,0
dl_253,3,,,,,
dl_253,8,West_exit,6,4,0.8,0
dl_253,6,West_exit,6,4,0.8,0
dl_253,2,East_exit,2,2,0.8,0
dl_253,4,West_exit_short,4,2,0.44,0
dl_253,14,West_exit,14,9,0.8,0
dl_254,3,,,,,
dl_254,8,West_exit,6,4,0.8,0
dl_254,6,West_exit,6,4,0.8,0
dl_254,2,East_exit,2,2,0.8,0
dl_254,4,West_exit_short,4,2,0.44,0
dl_254,17,West_exit,16,10,0.8,0
dl_254,16,West_exit,16,10,0.8,0
dl_255,3,,,,,
dl_255,8,West_exit,6,4,0.8,0
dl_255,6,West_exit,6,4,0.8,0
dl_255,2,East_exit,2,2,0.8,0
dl_255,4,West_exit_short,4,2,0.44,0
dl_255,15,West_exit,15,10,0.8,0
dl_255,17,West_exit,15,10,0.8,0
dl_256,3,,,,,
dl_256,8,West_exit,6,4,0.8,0
dl_256,6,West_exit,6,4,0.8,0
dl_256,2,East_exit,2,2,0.8,0
dl_256,4,West_exit_short,4,2,0.44,0
dl_256,17,West_exit,17,11,0.8,0
dl_257,2,,,,,
dl_257,2,East_exit,2,2,0.8,0
dl_257,4,West_exit_short,4,2,0.44,0
dl_257,6,West_exit,6,4,0.8,0
dl_257,8,West_exit,6,4,0.8,0
dl_258,4,,,,,
dl_258,11,West_exit,10,6,0.8,0
dl_258,8,West_exit,8,5,0.8,0
dl_258,2,East_exit,2,2,0.8,0
dl_258,4,West_exit_short,4,2,0.44,0
dl_258,10,West_exit,10,6,0.8,0
dl_258,14,West_exit,13,8,0.8,0
dl_258,13,West_exit,13,8,0.8,0
dl_259,4,,,,,
dl_259,11,West_exit,10,6,0.8,0
dl_259,8,West_exit,8,5,0.8,0
dl_259,2,East_exit,2,2,0.8,0
dl_259,4,West_exit_short,4,2,0.44,0
dl_259,10,West_exit,10,6,0.8,0
dl_259,12,West_exit,12,8,0.8,0
dl_259,14,West_exit,12,8,0.8,0
dl_260,4,,,,,
dl_260,11,West_exit,10,6,0.8,0
dl_260,10,West_exit,10,6,0.8,0
dl_260,8,West_exit,8,5,0.8,0
dl_260,2,East_exit,2,2,0.8,0
dl_260,4,West_exit_short,4,2,0.44,0
dl_260,14,West_exit,14,9,0.8,0
dl_261,4,,,,,
dl_261,11,West_exit,10,6,0.8,0
dl_261,10,West_exit,10,6,0.8,0
dl_261,8,West_exit,8,5,0.8,0
dl_261,2,East_exit,2,2,0.8,0
dl_261,4,West_exit_short,4,2,0.44,0
dl_261,17,West_exit,16,10,0.8,0
dl_261,16,West_exit,16,10,0.8,0
dl_262,4,,,,,
dl_262,11,West_exit,10,6,0.8,0
dl_262,10,West_exit,10,6,0.8,0
dl_262,8,West_exit,8,5,0.8,0
dl_262,2,East_exit,2,2,0.8,0
dl_262,4,West_exit_short,4,2,0.44,0
dl_262,15,West_exit,15,10,0.8,0
dl_262,17,West_exit,15,10,0.8,0
dl_263,4,,,,,
dl_263,11,West_exit,10,6,0.8,0
dl_263,10,West_exit,10,6,0.8,0
dl_263,8,West_exit,8,5,0.8,0
dl_263,2,East_exit,2,2,0.8,0
dl_263,4,West_exit_short,4,2,0.44,0
dl_263,17,West_exit,17,11,0.8,0
dl_264,3,,,,,
dl_264,8,West_exit,8,5,0.8,0
dl_264,2,East_exit,2,2,0.8,0
dl_264,4,West_exit_short,4,2,0.44,0
dl_264,11,West_exit,10,6,0.8,0
dl_264,10,West_exit,10,6,0.8,0
dl_265,4,,,,,
dl_265,11,West_exit,9,6,0.8,0
dl_265,8,West_exit,8,5,0.8,0
dl_265,2,East_exit,2,2,0.8,0
dl_265,4,West_exit_short,4,2,0.44,0
dl_265,9,West_exit,9,6,0.8,0
dl_265,14,West_exit,13,8,0.8,0
dl_265,13,West_exit,13,8,0.8,0
dl_266,4,,,,,
dl_266,11,West_exit,9,6,0.8,0
dl_266,8,West_exit,8,5,0.8,0
dl_266,2,East_exit,2,2,0.8,0
dl_266,4,West_exit_short,4,2,0.44,0
dl_266,9,West_exit,9,6,0.8,0
dl_266,12,West_exit,12,8,0.8,0
dl_266,14,West_exit,12,8,0.8,0
dl_267,4,,,,,
dl_267,11,West_exit,9,6,0.8,0
dl_267,9,West_exit,9,6,0.8,0
dl_267,8,West_exit,8,5,0.8,0
dl_267,2,East_exit,2,2,0.8,0
dl_267,4,West_exit_short,4,2,0.44,0
dl_267,14,West_exit,14,9,0.8,0
dl_268,4,,,,,
dl_268,11,West_exit,9,6,0.8,0
dl_268,9,West_exit,9,6,0.8,0
dl_268,8,West_exit,8,5,0.8,0
dl_268,2,East_exit,2,2,0.8,0
dl_268,4,West_exit_short,4,2,0.44,0
dl_268,17,West_exit,16,10,0.8,0
dl_268,16,West_exit,16,10,0.8,0
dl_269,4,,,,,
dl_269,11,West_exit,9,6,0.8,0
dl_269,9,West_exit,9,6,0.8,0
dl_269,8,West_exit,8,5,0.8,0
dl_269,2,East_exit,2,2,0.8,0
dl_269,4,West_exit_short,4,2,0.44,0
dl_269,15,West_exit,15,10,0.8,0
dl_269,17,West_exit,15,10,0.8,0
dl_270,4,,,,,
dl_270,11,West_exit,9,6,0.8,0
dl_270,9,West_exit,9,6,0.8,0
dl_270,8,West_exit,8,5,0.8,0
dl_270,2,East_exit,2,2,0.8,0
dl_270,4,West_exit_short,4,2,0.44,0
dl_270,17,West_exit,17,11,0.8,0
dl_271,3,,,,,
dl_271,8,West_exit,8,5,0.8,0
dl_271,2,East_exit,2,2,0.8,0
dl_271,4,West_exit_short,4,2,0.44,0
dl_271,9,West_exit,9,6,0.8,0
dl_271,11,West_exit,9,6,0.8,0
dl_272,4,,,,,
dl_272,11,West_exit,11,7,0.8,0
dl_272,8,West_exit,8,5,0.8,0
dl_272,2,East_exit,2,2,0.8,0
dl_272,4,West_exit_short,4,2,0.44,0
dl_272,14,West_exit,13,8,0.8,0
dl_272,13,West_exit,13,8,0.8,0
dl_273,4,,,,,
dl_273,11,West_exit,11,7,0.8,0
dl_273,8,West_exit,8,5,0.8,0
dl_273,2,East_exit,2,2,0.8,0
dl_273,4,West_exit_short,4,2,0.44,0
dl_273,12,West_exit,12,8,0.8,0
dl_273,14,West_exit,12,8,0.8,0
dl_274,4,,,,,
dl_274,11,West_exit,11,7,0.8,0
dl_274,8,West_exit,8,5,0.8,0
dl_274,2,East_exit,2,2,0.8,0
dl_274,4,West_exit_short,4,2,0.44,0
dl_274,14,West_exit,14,9,0.8,0
dl_275,4,,,,,
dl_275,11,West_exit,11,7,0.8,0
dl_275,8,West_exit,8,5,0.8,0
dl_275,2,East_exit,2,2,0.8,0
dl_275,4,West_exit_short,4,2,0.44,0
dl_275,17,West_exit,16,10,0.8,0
dl_275,16,West_exit,16,10,0.8,0
dl_276,4,,,,,
dl_276,11,West_exit,11,7,0.8,0
dl_276,8,West_exit,8,5,0.8,0
dl_276,2,East_exit,2,2,0.8,0
dl_276,4,West_exit_short,4,2,0.44,0
dl_276,15,West_exit,15,10,0.8,0
dl_276,17,West_exit,15,10,0.8,0
dl_277,4,,,,,
dl_277,11,West_exit,11,7,0.8,0
dl_277,8,West_exit,8,5,0.8,0
dl_277,2,East_exit,2,2,0.8,0
dl_277,4,West_exit_short,4,2,0.44,0
dl_277,17,West_exit,17,11,0.8,0
dl_278,3,,,,,
dl_278,8,West_exit,8,5,0.8,0
dl_278,2,East_exit,2,2,0.8,0
dl_278,4,West_exit_short,4,2,0.44,0
dl_278,11,West_exit,11,7,0.8,0
dl_279,4,,,,,
dl_279,14,West_exit,13,8,0.8,0
dl_279,8,West_exit,8,5,0.8,0
dl_279,2,East_exit,2,2,0.8,0
dl_279,4,West_exit_short,4,2,0.44,0
dl_279,17,West_exit,16,10,0.8,0
dl_279,16,West_exit,16,10,0.8,0
dl_279,13,West_exit,13,8,0.8,0
dl_280,4,,,,,
dl_280,14,West_exit,13,8,0.8,0
dl_280,8,West_exit,8,5,0.8,0
dl_280,2,East_exit,2,2,0.8,0
dl_280,4,West_exit_short,4,2,0.44,0
dl_280,15,West_exit,15,10,0.8,0
dl_280,17,West_exit,15,10,0.8,0
dl_280,13,West_exit,13,8,0.8,0
dl_281,4,,,,,
dl_281,14,West_exit,13,8,0.8,0
dl_281,13,West_exit,13,8,0.8,0
dl_281,8,West_exit,8,5,0.8,0
dl_281,2,East_exit,2,2,0.8,0
dl_281,4,West_exit_short,4,2,0.44,0
dl_281,17,West_exit,17,11,0.8,0
dl_282,3,,,,,
dl_282,8,West_exit,8,5,0.8,0
dl_282,2,East_exit,2,2,0.8,0
dl_282,4,West_exit_short,4,2,0.44,0
dl_282,14,West_exit,13,8,0.8,0
dl_282,13,West_exit,13,8,0.8,0
dl_283,4,,,,,
dl_283,14,West_exit,12,8,0.8,0
dl_283,8,West_exit,8,5,0.8,0
dl_283,2,East_exit,2,2,0.8,0
dl_283,4,West_exit_short,4,2,0.44,0
dl_283,17,West_exit,16,10,0.8,0
dl_283,16,West_exit,16,10,0.8,0
dl_283,12,West_exit,12,8,0.8,0
dl_284,4,,,,,
dl_284,14,West_exit,12,8,0.8,0
dl_284,8,West_exit,8,5,0.8,0
dl_284,2,East_exit,2,2,0.8,0
dl_284,4,West_exit_short,4,2,0.44,0
dl_284,15,West_exit,15,10,0.8,0
dl_284,17,West_exit,15,10,0.8,0
dl_284,12,West_exit,12,8,0.8,0
dl_285,4,,,,,
dl_285,14,West_exit,12,8,0.8,0
dl_285,12,West_exit,12,8,0.8,0
dl_285,8,West_exit,8,5,0.8,0
dl_285,2,East_exit,2,2,0.8,0
dl_285,4,West_exit_short,4,2,0.44,0
dl_285,17,West_exit,17,11,0.8,0
dl_286,3,,,,,
dl_286,8,West_exit,8,5,0.8,0
dl_286,2,East_exit,2,2,0.8,0
dl_286,4,West_exit_short,4,2,0.44,0
dl_286,12,West_exit,12,8,0.8,0
dl_286,14,West_exit,12,8,0.8,0
dl_287,4,,,,,
dl_287,14,West_exit,14,9,0.8,0
dl_287,8,West_exit,8,5,0.8,0
dl_287,2,East_exit,2,2,0.8,0
dl_287,4,West_exit_short,4,2,0.44,0
dl_287,17,West_exit,16,10,0.8,0
dl_287,16,West_exit,16,10,0.8,0
dl_288,4,,,,,
dl_288,14,West_exit,14,9,0.8,0
dl_288,8,West_exit,8,5,0.8,0
dl_288,2,East_exit,2,2,0.8,0
dl_288,4,West_exit_short,4,2,0.44,0
dl_288,15,West_exit,15,10,0.8,0
dl_288,17,West_exit,15,10,0.8,0
dl_289,4,,,,,
dl_289,14,West_exit,14,9,0.8,0
dl_289,8,West_exit,8,5,0.8,0
dl_289,2,East_exit,2,2,0.8,0
dl_289,4,West_exit_short,4,2,0.44,0
dl_289,17,West_exit,17,11,0.8,0
dl_290,3,,,,,
dl_290,8,West_exit,8,5,0.8,0
dl_290,2,East_exit,2,2,0.8,0
dl_290,4,West_exit_short,4,2,0.44,0
dl_290,14,West_exit,14,9,0.8,0
dl_291,3,,,,,
dl_291,8,West_exit,8,5,0.8,0
dl_291,2,East_exit,2,2,0.8,0
dl_291,4,West_exit_short,4,2,0.44,0
dl_291,17,West_exit,16,10,0.8,0
dl_291,16,West_exit,16,10,0.8,0
dl_292,3,,,,,
dl_292,8,West_exit,8,5,0.8,0
dl_292,2,East_exit,2,2,0.8,0
dl_292,4,West_exit_short,4,2,0.44,0
dl_292,15,West_exit,15,10,0.8,0
dl_292,17,West_exit,15,10,0.8,0
dl_293,3,,,,,
dl_293,8,West_exit,8,5,0.8,0
dl_293,2,East_exit,2,2,0.8,0
dl_293,4,West_exit_short,4,2,0.44,0
dl_293,17,West_exit,17,11,0.8,0
dl_294,2,,,,,
dl_294,2,East_exit,2,2,0.8,0
dl_294,4,West_exit_short,4,2,0.44,0
dl_294,8,West_exit,8,5,0.8,0
dl_295,4,,,,,
dl_295,14,West_exit,13,8,0.8,0
dl_295,2,East_exit,2,2,0.8,0
dl_295,11,West_exit,10,6,0.8,0
dl_295,13,West_exit,13,8,0.8,0
dl_295,4,West_exit_short,4,2,0.44,0
dl_295,17,West_exit,16,10,0.8,0
dl_295,16,West_exit,16,10,0.8,0
dl_295,10,West_exit,10,6,0.8,0
dl_296,4,,,,,
dl_296,14,West_exit,13,8,0.8,0
dl_296,2,East_exit,2,2,0.8,0
dl_296,11,West_exit,10,6,0.8,0
dl_296,13,West_exit,13,8,0.8,0
dl_296,4,West_exit_short,4,2,0.44,0
dl_296,15,West_exit,15,10,0.8,0
dl_296,17,West_exit,15,10,0.8,0
dl_296,10,West_exit,10,6,0.8,0
dl_297,4,,,,,
dl_297,14,West_exit,13,8,0.8,0
dl_297,13,West_exit,13,8,0.8,0
dl_297,2,East_exit,2,2,0.8,0
dl_297,11,West_exit,10,6,0.8,0
dl_297,10,West_exit,10,6,0.8,0
dl_297,4,West_exit_short,4,2,0.44,0
dl_297,17,West_exit,17,11,0.8,0
dl_298,3,,,,,
dl_298,11,West_exit,10,6,0.8,0
dl_298,2,East_exit,2,2,0.8,0
dl_298,4,West_exit_short,4,2,0.44,0
dl_298,14,West_exit,13,8,0.8,0
dl_298,13,West_exit,13,8,0.8,0
dl_298,10,West_exit,10,6,0.8,0
dl_299,4,,,,,
dl_299,14,West_exit,12,8,0.8,0
dl_299,2,East_exit,2,2,0.8,0
dl_299,11,West_exit,10,6,0.8,0
dl_299,12,West_exit,12,8,0.8,0
dl_299,4,West_exit_short,4,2,0.44,0
dl_299,17,West_exit,16,10,0.8,0
dl_299,16,West_exit,16,10,0.8,0
dl_299,10,West_exit,10,6,0.8,0
dl_300,4,,,,,
dl_300,14,West_exit,12,8,0.8,0
dl_300,2,East_exit,2,2,0.8,0
dl_300,11,West_exit,10,6,0.8,0
dl_300,12,West_exit,12,8,0.8,0
dl_300,4,West_exit_short,4,2,0.44,0
dl_300,15,West_exit,15,10,0.8,0
dl_300,17,West_exit,15,10,0.8,0
dl_300,10,West_exit,10,6,0.8,0
dl_301,4,,,,,
dl_301,14,West_exit,12,8,0.8,0
dl_301,12,West_exit,12,8,0.8,0
dl_301,2,East_exit,2,2,0.8,0
dl_301,11,West_exit,10,6,0.8,0
dl_301,10,West_exit,10,6,0.8,0
dl_301,4,West_exit_short,4,2,0.44,0
dl_301,17,West_exit,17,11,0.8,0
dl_302,3,,,,,
dl_302,11,West_exit,10,6,0.8,0
dl_302,2,East_exit,2,2,0.8,0
dl_302,4,West_exit_short,4,2,0.44,0
dl_302,12,West_exit,12,8,0.8,0
dl_302,14,West_exit,12,8,0.8,0
dl_302,10,West_exit,10,6,0.8,0
dl_303,4,,,,,
dl_303,14,West_exit,14,9,0.8,0
dl_303,2,East_exit,2,2,0.8,0
dl_303,11,West_exit,10,6,0.8,0
dl_303,10,West_exit,10,6,0.8,0
dl_303,4,West_exit_short,4,2,0.44,0
dl_303,17,West_exit,16,10,0.8,0
dl_303,16,West_exit,16,10,0.8,0
dl_304,4,,,,,
dl_304,14,West_exit,14,9,0.8,0
dl_304,2,East_exit,2,2,0.8,0
dl_304,11,West_exit,10,6,0.8,0
dl_304,10,West_exit,10,6,0.8,0
dl_304,4,West_exit_short,4,2,0.44,0
dl_304,15,West_exit,15,10,0.8,0
dl_304,17,West_exit,15,10,0.8,0
dl_305,4,,,,,
dl_305,14,West_exit,14,9,0.8,0
dl_305,2,East_exit,2,2,0.8,0
dl_305,11,West_exit,10,6,0.8,0
dl_305,10,West_exit,10,6,0.8,0
dl_305,4,West_exit_short,4,2,0.44,0
dl_305,17,West_exit,17,11,0.8,0
dl_306,3,,,,,
dl_306,11,West_exit,10,6,0.8,0
dl_306,10,West_exit,10,6,0.8,0
dl_306,2,East_exit,2,2,0.8,0
dl_306,4,West_exit_short,4,2,0.44,0
dl_306,14,West_exit,14,9,0.8,0
dl_307,3,,,,,
dl_307,11,West_exit,10,6,0.8,0
dl_307,10,West_exit,10,6,0.8,0
dl_307,2,East_exit,2,2,0.8,0
dl_307,4,West_exit_short,4,2,0.44,0
dl_307,17,West_exit,16,10,0.8,0
dl_307,16,West_exit,16,10,0.8,0
dl_308,3,,,,,
dl_308,11,West_exit,10,6,0.8,0
dl_308,10,West_exit,10,6,0.8,0
dl_308,2,East_exit,2,2,0.8,0
dl_308,4,West_exit_short,4,2,0.44,0
dl_308,15,West_exit,15,10,0.8,0
dl_308,17,West_exit,15,10,0.8,0
dl_309,3,,,,,
dl_309,11,West_exit,10,6,0.8,0
dl_309,10,West_exit,10,6,0.8,0
dl_309,2,East_exit,2,2,0.8,0
dl_309,4,West_exit_short,4,2,0.44,0
dl_309,17,West_exit,17,11,0.8,0
dl_310,2,,,,,
dl_310,2,East_exit,2,2,0.8,0
dl_310,4,West_exit_short,4,2,0.44,0
dl_310,11,West_exit,10,6,0.8,0
dl_310,10,West_exit,10,6,0.8,0
dl_311,4,,,,,
dl_311,14,West_exit,13,8,0.8,0
dl_311,2,East_exit,2,2,0.8,0
dl_311,11,West_exit,9,6,0.8,0
dl_311,13,West_exit,13,8,0.8,0
dl_311,4,West_exit_short,4,2,0.44,0
dl_311,17,West_exit,16,10,0.8,0
dl_311,16,West_exit,16,10,0.8,0
dl_311,9,West_exit,9,6,0.8,0
dl_312,4,,,,,
dl_312,14,West_exit,13,8,0.8,0
dl_312,2,East_exit,2,2,0.8,0
dl_312,11,West_exit,9,6,0.8,0
dl_312,13,West_exit,13,8,0.8,0
dl_312,4,West_exit_short,4,2,0.44,0
dl_312,15,West_exit,15,10,0.8,0
dl_312,17,West_exit,15,10,0.8,0
dl_312,9,West_exit,9,6,0.8,0
dl_313,4,,,,,
dl_313,14,West_exit,13,8,0.8,0
dl_313,13,West_exit,13,8,0.8,0
dl_313,2,East_exit,2,2,0.8,0
dl_313,11,West_exit,9,6,0.8,0
dl_313,9,West_exit,9,6,0.8,0
dl_313,4,West_exit_short,4,2,0.44,0
dl_313,17,West_exit,17,11,0.8,0
dl_314,3,,,,,
dl_314,11,West_exit,9,6,0.8,0
dl_314,2,East_exit,2,2,0.8,0
dl_314,4,West_exit_short,4,2,0.44,0
dl_314,14,West_exit,13,8,0.8,0
dl_314,13,West_exit,13,8,0.8,0
dl_314,9,West_exit,9,6,0.8,0
dl_315,4,,,,,
dl_315,14,West_exit,12,8,0.8,0
dl_315,2,East_exit,2,2,0.8,0
dl_315,11,West_exit,9,6,0.8,0
dl_315,12,West_exit,12,8,0.8,0
dl_315,4,West_exit_short,4,2,0.44,0
dl_315,17,West_exit,16,10,0.8,0
dl_315,16,West_exit,16,10,0.8,0
dl_315,9,West_exit,9,6,0.8,0
dl_316,4,,,,,
dl_316,14,West_exit,12,8,0.8,0
dl_316,2,East_exit,2,2,0.8,0
dl_316,11,West_exit,9,6,0.8,0
dl_316,12,West_exit,12,8,0.8,0
dl_316,4,West_exit_short,4,2,0.44,0
dl_316,15,West_exit,15,10,0.8,0
dl_316,17,West_exit,15,10,0.8,0
dl_316,9,West_exit,9,6,0.8,0
dl_317,4,,,,,
dl_317,14,West_exit,12,8,0.8,0
dl_317,12,West_exit,12,8,0.8,0
dl_317,2,East_exit,2,2,0.8,0
dl_317,11,West_exit,9,6,0.8,0
dl_317,9,West_exit,9,6,0.8,0
dl_317,4,West_exit_short,4,2,0.44,0
dl_317,17,West_exit,17,11,0.8,0
dl_318,3,,,,,
dl_318,11,West_exit,9,6,0.8,0
dl_318,2,East_exit,2,2,0.8,0
dl_318,4,West_exit_short,4,2,0.44,0
dl_318,12,West_exit,12,8,0.8,0
dl_318,14,West_exit,12,8,0.8,0
dl_318,9,West_exit,9,6,0.8,0
dl_319,4,,,,,
dl_319,14,West_exit,14,9,0.8,0
dl_319,2,East_exit,2,2,0.8,0
dl_319,11,West_exit,9,6,0.8,0
dl_319,9,West_exit,9,6,0.8,0
dl_319,4,West_exit_short,4,2,0.44,0
dl_319,17,West_exit,16,10,0.8,0
dl_319,16,West_exit,16,10,0.8,0
dl_320,4,,,,,
dl_320,14,West_exit,14,9,0.8,0
dl_320,2,East_exit,2,2,0.8,0
dl_320,11,West_exit,9,6,0.8,0
dl_320,9,West_exit,9,6,0.8,0
dl_320,4,West_exit_short,4,2,0.44,0
dl_320,15,West_exit,15,10,0.8,0
dl_320,17,West_exit,15,10,0.8,0
dl_321,4,,,,,
dl_321,14,West_exit,14,9,0.8,0
dl_321,2,East_exit,2,2,0.8,0
dl_321,11,West_exit,9,6,0.8,0
dl_321,9,West_exit,9,6,0.8,0
dl_321,4,West_exit_short,4,2,0.44,0
dl_321,17,West_exit,17,11,0.8,0
dl_322,3,,,,,
dl_322,11,West_exit,9,6,0.8,0
dl_322,9,West_exit,9,6,0.8,0
dl_322,2,East_exit,2,2,0.8,0
dl_322,4,West_exit_short,4,2,0.44,0
dl_322,14,West_exit,14,9,0.8,0
dl_323,3,,,,,
dl_323,11,West_exit,9,6,0.8,0
dl_323,9,West_exit,9,6,0.8,0
dl_323,2,East_exit,2,2,0.8,0
dl_323,4,West_exit_short,4,2,0.44,0
dl_323,17,West_exit,16,10,0.8,0
dl_323,16,West_exit,16,10,0.8,0
dl_324,3,,,,,
dl_324,11,West_exit,9,6,0.8,0
dl_324,9,West_exit,9,6,0.8,0
dl_324,2,East_exit,2,2,0.8,0
dl_324,4,West_exit_short,4,2,0.44,0
dl_324,15,West_exit,15,10,0.8,0
dl_324,17,West_exit,15,10,0.8,0
dl_325,3,,,,,
dl_325,11,West_exit,9,6,0.8,0
dl_325,9,West_exit,9,6,0.8,0
dl_325,2,East_exit,2,2,0.8,0
dl_325,4,West_exit_short,4,2,0.44,0
dl_325,17,West_exit,17,11,0.8,0
dl_326,2,,,,,
dl_326,2,East_exit,2,2,0.8,0
dl_326,4,West_exit_short,4,2,0.44,0
dl_326,9,West_exit,9,6,0.8,0
dl_326,11,West_exit,9,6,0.8,0
dl_327,4,,,,,
dl_327,14,West_exit,13,8,0.8,0
dl_327,2,East_exit,2,2,0.8,0
dl_327,11,West_exit,11,7,0.8,0
dl_327,13,West_exit,13,8,0.8,0
dl_327,4,West_exit_short,4,2,0.44,0
dl_327,17,West_exit,16,10,0.8,0
dl_327,16,West_exit,16,10,0.8,0
dl_328,4,,,,,
dl_328,14,West_exit,13,8,0.8,0
dl_328,2,East_exit,2,2,0.8,0
dl_328,11,West_exit,11,7,0.8,0
dl_328,13,West_exit,13,8,0.8,0
dl_328,4,West_exit_short,4,2,0.44,0
dl_328,15,West_exit,15,10,0.8,0
dl_328,17,West_exit,15,10,0.8,0
dl_329,4,,,,,
dl_329,14,West_exit,13,8,0.8,0
dl_329,13,West_exit,13,8,0.8,0
dl_329,2,East_exit,2,2,0.8,0
dl_329,11,West_exit,11,7,0.8,0
dl_329,4,West_exit_short,4,2,0.44,0
dl_329,17,West_exit,17,11,0.8,0
dl_330,3,,,,,
dl_330,11,West_exit,11,7,0.8,0
dl_330,2,East_exit,2,2,0.8,0
dl_330,4,West_exit_short,4,2,0.44,0
dl_330,14,West_exit,13,8,0.8,0
dl_330,13,West_exit,13,8,0.8,0
dl_331,4,,,,,
dl_331,14,West_exit,12,8,0.8,0
dl_331,2,East_exit,2,2,0.8,0
dl_331,11,West_exit,11,7,0.8,0
dl_331,12,West_exit,12,8,0.8,0
dl_331,4,West_exit_short,4,2,0.44,0
dl_331,17,West_exit,16,10,0.8,0
dl_331,16,West_exit,16,10,0.8,0
dl_332,4,,,,,
dl_332,14,West_exit,12,8,0.8,0
dl_332,2,East_exit,2,2,0.8,0
dl_332,11,West_exit,11,7,0.8,0
dl_332,12,West_exit,12,8,0.8,0
dl_332,4,West_exit_short,4,2,0.44,0
dl_332,15,West_exit,15,10,0.8,0
dl_332,17,West_exit,15,10,0.8,0
dl_333,4,,,,,
dl_333,14,West_exit,12,8,0.8,0
dl_333,12,West_exit,12,8,0.8,0
dl_333,2,East_exit,2,2,0.8,0
dl_333,11,West_exit,11,7,0.8,0
dl_333,4,West_exit_short,4,2,0.44,0
dl_333,17,West_exit,17,11,0.8,0
dl_334,3,,,,,
dl_334,11,West_exit,11,7,0.8,0
dl_334,2,East_exit,2,2,0.8,0
dl_334,4,West_exit_short,4,2,0.44,0
dl_334,12,West_exit,12,8,0.8,0
dl_334,14,West_exit,12,8,0.8,0
dl_335,4,,,,,
dl_335,14,West_exit,14,9,0.8,0
dl_335,2,East_exit,2,2,0.8,0
dl_335,11,West_exit,11,7,0.8,0
dl_335,4,West_exit_short,4,2,0.44,0
dl_335,17,West_exit,16,10,0.8,0
dl_335,16,West_exit,16,10,0.8,0
dl_336,4,,,,,
dl_336,14,West_exit,14,9,0.8,0
dl_336,2,East_exit,2,2,0.8,0
dl_336,11,West_exit,11,7,0.8,0
dl_336,4,West_exit_short,4,2,0.44,0
dl_336,15,West_exit,15,10,0.8,0
dl_336,17,West_exit,15,10,0.8,0
dl_337,4,,,,,
dl_337,14,West_exit,14,9,0.8,0
dl_337,2,East_exit,2,2,0.8,0
dl_337,11,West_exit,11,7,0.8,0
dl_337,4,West_exit_short,4,2,0.44,0
dl_337,17,West_exit,17,11,0.8,0
dl_338,3,,,,,
dl_338,11,West_exit,11,7,0.8,0
dl_338,2,East_exit,2,2,0.8,0
dl_338,4,West_exit_short,4,2,0.44,0
dl_338,14,West_exit,14,9,0.8,0
dl_339,3,,,,,
dl_339,11,West_exit,11,7,0.8,0
dl_339,2,East_exit,2,2,0.8,0
dl_339,4,West_exit_short,4,2,0.44,0
dl_339,17,West_exit,16,10,0.8,0
dl_339,16,West_exit,16,10,0.8,0
dl_340,3,,,,,
dl_340,11,West_exit,11,7,0.8,0
dl_340,2,East_exit,2,2,0.8,0
dl_340,4,West_exit_short,4,2,0.44,0
dl_340,15,West_exit,15,10,0.8,0
dl_340,17,West_exit,15,10,0.8,0
dl_341,3,,,,,
dl_341,11,West_exit,11,7,0.8,0
dl_341,2,East_exit,2,2,0.8,0
dl_341,4,West_exit_short,4,2,0.44,0
dl_341,17,West_exit,17,11,0.8,0
dl_342,2,,,,,
dl_342,2,East_exit,2,2,0.8,0
dl_342,4,West_exit_short,4,2,0.44,0
dl_342,11,West_exit,11,7,0.8,0
dl_343,3,,,,,
dl_343,14,West_exit,13,8,0.8,0
dl_343,2,East_exit,2,2,0.8,0
dl_343,4,West_exit_short,4,2,0.44,0
dl_343,17,West_exit,16,10,0.8,0
dl_343,16,West_exit,16,10,0.8,0
dl_343,13,West_exit,13,8,0.8,0
dl_344,3,,,,,
dl_344,14,West_exit,13,8,0.8,0
dl_344,2,East_exit,2,2,0.8,0
dl_344,4,West_exit_short,4,2,0.44,0
dl_344,15,West_exit,15,10,0.8,0
dl_344,17,West_exit,15,10,0.8,0
dl_344,13,West_exit,13,8,0.8,0
dl_345,3,,,,,
dl_345,14,West_exit,13,8,0.8,0
dl_345,13,West_exit,13,8,0.8,0
dl_345,2,East_exit,2,2,0.8,0
dl_345,4,West_exit_short,4,2,0.44,0
dl_345,17,West_exit,17,11,0.8,0
dl_346,2,,,,,
dl_346,2,East_exit,2,2,0.8,0
dl_346,4,West_exit_short,4,2,0.44,0
dl_346,14,West_exit,13,8,0.8,0
dl_346,13,West_exit,13,8,0.8,0
dl_347,3,,,,,
dl_347,14,West_exit,12,8,0.8,0
dl_347,2,East_exit,2,2,0.8,0
dl_347,4,West_exit_short,4,2,0.44,0
dl_347,17,West_exit,16,10,0.8,0
dl_347,16,West_exit,16,10,0.8,0
dl_347,12,West_exit,12,8,0.8,0
dl_348,3,,,,,
dl_348,14,West_exit,12,8,0.8,0
dl_348,2,East_exit,2,2,0.8,0
dl_348,4,West_exit_short,4,2,0.44,0
dl_348,15,West_exit,15,10,0.8,0
dl_348,17,West_exit,15,10,0.8,0
dl_348,12,West_exit,12,8,0.8,0
dl_349,3,,,,,
dl_349,14,West_exit,12,8,0.8,0
dl_349,12,West_exit,12,8,0.8,0
dl_349,2,East_exit,2,2,0.8,0
dl_349,4,West_exit_short,4,2,0.44,0
dl_349,17,West_exit,17,11,0.8,0
dl_350,2,,,,,
dl_350,2,East_exit,2,2,0.8,0
dl_350,4,West_exit_short,4,2,0.44,0
dl_350,12,West_exit,12,8,0.8,0
dl_350,14,West_exit,12,8,0.8,0
dl_351,3,,,,,
dl_351,14,West_exit,14,9,0.8,0
dl_351,2,East_exit,2,2,0.8,0
dl_351,4,West_exit_short,4,2,0.44,0
dl_351,17,West_exit,16,10,0.8,0
dl_351,16,West_exit,16,10,0.8,0
dl_352,3,,,,,
dl_352,14,West_exit,14,9,0.8,0
dl_352,2,East_exit,2,2,0.8,0
dl_352,4,West_exit_short,4,2,0.44,0
dl_352,15,West_exit,15,10,0.8,0
dl_352,17,West_exit,15,10,0.8,0
dl_353,3,,,,,
dl_353,14,West_exit,14,9,0.8,0
dl_353,2,East_exit,2,2,0.8,0
dl_353,4,West_exit_short,4,2,0.44,0
dl_353,17,West_exit,17,11,0.8,0
dl_354,2,,,,,
dl_354,2,East_exit,2,2,0.8,0
dl_354,4,West_exit_short,4,2,0.44,0
dl_354,14,West_exit,14,9,0.8,0
dl_355,2,,,,,
dl_355,2,East_exit,2,2,0.8,0
dl_355,4,West_exit_short,4,2,0.44,0
dl_355,17,West_exit,16,10,0.8,0
dl_355,16,West_exit,16,10,0.8,0
dl_356,2,,,,,
dl_356,2,East_exit,2,2,0.8,0
dl_356,4,West_exit_short,4,2,0.44,0
dl_356,15,West_exit,15,10,0.8,0
dl_356,17,West_exit,15,10,0.8,0
dl_357,2,,,,,
dl_357,2,East_exit,2,2,0.8,0
dl_357,4,West_exit_short,4,2,0.44,0
dl_357,17,West_exit,17,11,0.8,0
dl_358,2,,,,,
dl_358,3,West_exit_short,3,2,0.44,0
dl_358,2,East_exit,2,2,0.8,0
dl_358,8,West_exit,7,4,0.8,0
dl_358,7,West_exit,7,4,0.8,0
dl_359,2,,,,,
dl_359,3,West_exit_short,3,2,0.44,0
dl_359,2,East_exit,2,2,0.8,0
dl_359,6,West_exit,6,4,0.8,0
dl_359,8,West_exit,6,4,0.8,0
dl_360,2,,,,,
dl_360,3,West_exit_short,3,2,0.44,0
dl_360,2,East_exit,2,2,0.8,0
dl_360,8,West_exit,8,5,0.8,0
dl_361,2,,,,,
dl_361,3,West_exit_short,3,2,0.44,0
dl_361,2,East_exit,2,2,0.8,0
dl_361,11,West_exit,10,6,0.8,0
dl_361,10,West_exit,10,6,0.8,0
dl_362,2,,,,,
dl_362,3,West_exit_short,3,2,0.44,0
dl_362,2,East_exit,2,2,0.8,0
dl_362,9,West_exit,9,6,0.8,0
dl_362,11,West_exit,9,6,0.8,0
dl_363,2,,,,,
dl_363,3,West_exit_short,3,2,0.44,0
dl_363,2,East_exit,2,2,0.8,0
dl_363,11,West_exit,11,7,0.8,0
dl_364,2,,,,,
dl_364,3,West_exit_short,3,2,0.44,0
dl_364,14,West_exit,13,8,0.8,0
dl_364,13,West_exit,13,8,0.8,0
dl_364,2,East_exit,2,2,0.8,0
dl_365,2,,,,,
dl_365,3,West_exit_short,3,2,0.44,0
dl_365,12,West_exit,12,8,0.8,0
dl_365,14,West_exit,12,8,0.8,0
dl_365,2,East_exit,2,2,0.8,0
dl_366,2,,,,,
dl_366,3,West_exit_short,3,2,0.44,0
dl_366,14,West_exit,14,9,0.8,0
dl_366,2,East_exit,2,2,0.8,0
dl_367,2,,,,,
dl_367,3,West_exit_short,3,2,0.44,0
dl_367,2,East_exit,2,2,0.8,0
dl_367,17,West_exit,16,10,0.8,0
dl_367,16,West_exit,16,10,0.8,0
dl_368,2,,,,,
dl_368,3,West_exit_short,3,2,0.44,0
dl_368,2,East_exit,2,2,0.8,0
dl_368,15,West_exit,15,10,0.8,0
dl_368,17,West_exit,15,10,0.8,0
dl_369,2,,,,,
dl_369,3,West_exit_short,3,2,0.44,0
dl_369,2,East_exit,2,2,0.8,0
dl_369,17,West_exit,17,11,0.8,0
dl_370,4,,,,,
dl_370,11,West_exit,10,6,0.8,0
dl_370,5,West_exit_short,5,3,0.44,0
dl_370,8,West_exit,7,4,0.8,0
dl_370,2,East_exit,2,2,0.8,0
dl_370,10,West_exit,10,6,0.8,0
dl_370,7,West_exit,7,4,0.8,0
dl_370,14,West_exit,13,8,0.8,0
dl_370,13,West_exit,13,8,0.8,0
dl_371,4,,,,,
dl_371,11,West_exit,10,6,0.8,0
dl_371,5,West_exit_short,5,3,0.44,0
dl_371,8,West_exit,7,4,0.8,0
dl_371,2,East_exit,2,2,0.8,0
dl_371,10,West_exit,10,6,0.8,0
dl_371,7,West_exit,7,4,0.8,0
dl_371,12,West_exit,12,8,0.8,0
dl_371,14,West_exit,12,8,0.8,0
dl_372,4,,,,,
dl_372,11,West_exit,10,6,0.8,0
dl_372,10,West_exit,10,6,0.8,0
dl_372,5,West_exit_short,5,3,0.44,0
dl_372,8,West_exit,7,4,0.8,0
dl_372,7,West_exit,7,4,0.8,0
dl_372,2,East_exit,2,2,0.8,0
dl_372,14,West_exit,14,9,0.8,0
dl_373,4,,,,,
dl_373,11,West_exit,10,6,0.8,0
dl_373,10,West_exit,10,6,0.8,0
dl_373,5,West_exit_short,5,3,0.44,0
dl_373,8,West_exit,7,4,0.8,0
dl_373,7,West_exit,7,4,0.8,0
dl_373,2,East_exit,2,2,0.8,0
dl_373,17,West_exit,16,10,0.8,0
dl_373,16,West_exit,16,10,0.8,0
dl_374,4,,,,,
dl_374,11,West_exit,10,6,0.8,0
dl_374,10,West_exit,10,6,0.8,0
dl_374,5,West_exit_short,5,3,0.44,0
dl_374,8,West_exit,7,4,0.8,0
dl_374,7,West_exit,7,4,0.8,0
dl_374,2,East_exit,2,2,0.8,0
dl_374,15,West_exit,15,10,0.8,0
dl_374,17,West_exit,15,10,0.8,0
dl_375,4,,,,,
dl_375,11,West_exit,10,6,0.8,0
dl_375,10,West_exit,10,6,0.8,0
dl_375,5,West_exit_short,5,3,0.44,0
dl_375,8,West_exit,7,4,0.8,0
dl_375,7,West_exit,7,4,0.8,0
dl_375,2,East_exit,2,2,0.8,0
dl_375,17,West_exit,17,11,0.8,0
dl_376,3,,,,,
dl_376,8,West_exit,7,4,0.8,0
dl_376,5,West_exit_short,5,3,0.44,0
dl_376,2,East_exit,2,2,0.8,0
dl_376,7,West_exit,7,4,0.8,0
dl_376,11,West_exit,10,6,0.8,0
dl_376,10,West_exit,10,6,0.8,0
dl_377,4,,,,,
dl_377,11,West_exit,9,6,0.8,0
dl_377,5,West_exit_short,5,3,0.44,0
dl_377,8,West_exit,7,4,0.8,0
dl_377,2,East_exit,2,2,0.8,0
dl_377,9,West_exit,9,6,0.8,0
dl_377,7,West_exit,7,4,0.8,0
dl_377,14,West_exit,13,8,0.8,0
dl_377,13,West_exit,13,8,0.8,0
dl_378,4,,,,,
dl_378,11,West_exit,9,6,0.8,0
dl_378,5,West_exit_short,5,3,0.44,0
dl_378,8,West_exit,7,4,0.8,0
dl_378,2,East_exit,2,2,0.8,0
dl_378,9,West_exit,9,6,0.8,0
dl_378,7,West_exit,7,4,0.8,0
dl_378,12,West_exit,12,8,0.8,0
dl_378,14,West_exit,12,8,0.8,0
dl_379,4,,,,,
dl_379,11,West_exit,9,6,0.8,0
dl_379,9,West_exit,9,6,0.8,0
dl_379,5,West_exit_short,5,3,0.44,0
dl_379,8,West_exit,7,4,0.8,0
dl_379,7,West_exit,7,4,0.8,0
dl_379,2,East_exit,2,2,0.8,0
dl_379,14,West_exit,14,9,0.8,0
dl_380,4,,,,,
dl_380,11,West_exit,9,6,0.8,0
dl_380,9,West_exit,9,6,0.8,0
dl_380,5,West_exit_short,5,3,0.44,0
dl_380,8,West_exit,7,4,0.8,0
dl_380,7,West_exit,7,4,0.8,0
dl_380,2,East_exit,2,2,0.8,0
dl_380,17,West_exit,16,10,0.8,0
dl_380,16,West_exit,16,10,0.8,0
dl_381,4,,,,,
dl_381,11,West_exit,9,6,0.8,0
dl_381,9,West_exit,9,6,0.8,0
dl_381,5,West_exit_short,5,3,0.44,0
dl_381,8,West_exit,7,4,0.8,0
dl_381,7,West_exit,7,4,0.8,0
dl_381,2,East_exit,2,2,0.8,0
dl_381,15,West_exit,15,10,0.8,0
dl_381,17,West_exit,15,10,0.8,0
dl_382,4,,,,,
dl_382,11,West_exit,9,6,0.8,0
dl_382,9,West_exit,9,6,0.8,0
dl_382,5,West_exit_short,5,3,0.44,0
dl_382,8,West_exit,7,4,0.8,0
dl_382,7,West_exit,7,4,0.8,0
dl_382,2,East_exit,2,2,0.8,0
dl_382,17,West_exit,17,11,0.8,0
dl_383,3,,,,,
dl_383,8,West_exit,7,4,0.8,0
dl_383,5,West_exit_short,5,3,0.44,0
dl_383,2,East_exit,2,2,0.8,0
dl_383,7,West_exit,7,4,0.8,0
dl_383,9,West_exit,9,6,0.8,0
dl_383,11,West_exit,9,6,0.8,0
dl_384,4,,,,,
dl_384,11,West_exit,11,7,0.8,0
dl_384,5,West_exit_short,5,3,0.44,0
dl_384,8,West_exit,7,4,0.8,0
dl_384,7,West_exit,7,4,0.8,0
dl_384,2,East_exit,2,2,0.8,0
dl_384,14,West_exit,13,8,0.8,0
dl_384,13,West_exit,13,8,0.8,0
dl_385,4,,,,,
dl_385,11,West_exit,11,7,0.8,0
dl_385,5,West_exit_short,5,3,0.44,0
dl_385,8,West_exit,7,4,0.8,0
dl_385,7,West_exit,7,4,0.8,0
dl_385,2,East_exit,2,2,0.8,0
dl_385,12,West_exit,12,8,0.8,0
dl_385,14,West_exit,12,8,0.8,0
dl_386,4,,,,,
dl_386,11,West_exit,11,7,0.8,0
dl_386,5,West_exit_short,5,3,0.44,0
dl_386,8,West_exit,7,4,0.8,0
dl_386,7,West_exit,7,4,0.8,0
dl_386,2,East_exit,2,2,0.8,0
dl_386,14,West_exit,14,9,0.8,0
dl_387,4,,,,,
dl_387,11,West_exit,11,7,0.8,0
dl_387,5,West_exit_short,5,3,0.44,0
dl_387,8,West_exit,7,4,0.8,0
dl_387,7,West_exit,7,4,0.8,0
dl_387,2,East_exit,2,2,0.8,0
dl_387,17,West_exit,16,10,0.8,0
dl_387,16,West_exit,16,10,0.8,0
dl_388,4,,,,,
dl_388,11,West_exit,11,7,0.8,0
dl_388,5,West_exit_short,5,3,0.44,0
dl_388,8,West_exit,7,4,0.8,0
dl_388,7,West_exit,7,4,0.8,0
dl_388,2,East_exit,2,2,0.8,0
dl_388,15,West_exit,15,10,0.8,0
dl_388,17,West_exit,15,10,0.8,0
dl_389,4,,,,,
dl_389,11,West_exit,11,7,0.8,0
dl_389,5,West_exit_short,5,3,0.44,0
dl_389,8,West_exit,7,4,0.8,0
dl_389,7,West_exit,7,4,0.8,0
dl_389,2,East_exit,2,2,0.8,0
dl_389,17,West_exit,17,11,0.8,0
dl_390,3,,,,,
dl_390,8,West_exit,7,4,0.8,0
dl_390,7,West_exit,7,4,0.8,0
dl_390,5,West_exit_short,5,3,0.44,0
dl_390,2,East_exit,2,2,0.8,0
dl_390,11,West_exit,11,7,0.8,0
dl_391,4,,,,,
dl_391,14,West_exit,13,8,0.8,0
dl_391,5,West_exit_short,5,3,0.44,0
dl_391,8,West_exit,7,4,0.8,0
dl_391,7,West_exit,7,4,0.8,0
dl_391,2,East_exit,2,2,0.8,0
dl_391,17,West_exit,16,10,0.8,0
dl_391,16,West_exit,16,10,0.8,0
dl_391,13,West_exit,13,8,0.8,0
dl_392,4,,,,,
dl_392,14,West_exit,13,8,0.8,0
dl_392,5,West_exit_short,5,3,0.44,0
dl_392,8,West_exit,7,4,0.8,0
dl_392,7,West_exit,7,4,0.8,0
dl_392,2,East_exit,2,2,0.8,0
dl_392,15,West_exit,15,10,0.8,0
dl_392,17,West_exit,15,10,0.8,0
dl_392,13,West_exit,13,8,0.8,0
dl_393,4,,,,,
dl_393,14,West_exit,13,8,0.8,0
dl_393,13,West_exit,13,8,0.8,0
dl_393,5,West_exit_short,5,3,0.44,0
dl_393,8,West_exit,7,4,0.8,0
dl_393,7,West_exit,7,4,0.8,0
dl_393,2,East_exit,2,2,0.8,0
dl_393,17,West_exit,17,11,0.8,0
dl_394,3,,,,,
dl_394,8,West_exit,7,4,0.8,0
dl_394,7,West_exit,7,4,0.8,0
dl_394,5,West_exit_short,5,3,0.44,0
dl_394,2,East_exit,2,2,0.8,0
dl_394,14,West_exit,13,8,0.8,0
dl_394,13,West_exit,13,8,0.8,0
dl_395,4,,,,,
dl_395,14,West_exit,12,8,0.8,0
dl_395,5,West_exit_short,5,3,0.44,0
dl_395,8,West_exit,7,4,0.8,0
dl_395,7,West_exit,7,4,0.8,0
dl_395,2,East_exit,2,2,0.8,0
dl_395,17,West_exit,16,10,0.8,0
dl_395,16,West_exit,16,10,0.8,0
dl_395,12,West_exit,12,8,0.8,0
dl_396,4,,,,,
dl_396,14,West_exit,12,8,0.8,0
dl_396,5,West_exit_short,5,3,0.44,0
dl_396,8,West_exit,7,4,0.8,0
dl_396,7,West_exit,7,4,0.8,0
dl_396,2,East_exit,2,2,0.8,0
dl_396,15,West_exit,15,10,0.8,0
dl_396,17,West_exit,15,10,0.8,0
dl_396,12,West_exit,12,8,0.8,0
dl_397,4,,,,,
dl_397,14,West_exit,12,8,0.8,0
dl_397,12,West_exit,12,8,0.8,0
dl_397,5,West_exit_short,5,3,0.44,0
dl_397,8,West_exit,7,4,0.8,0
dl_397,7,West_exit,7,4,0.8,0
dl_397,2,East_exit,2,2,0.8,0
dl_397,17,West_exit,17,11,0.8,0
dl_398,3,,,,,
dl_398,8,West_exit,7,4,0.8,0
dl_398,7,West_exit,7,4,0.8,0
dl_398,5,West_exit_short,5,3,0.44,0
dl_398,2,East_exit,2,2,0.8,0
dl_398,12,West_exit,12,8,0.8,0
dl_398,14,West_exit,12,8,0.8,0
dl_399,4,,,,,
dl_399,14,West_exit,14,9,0.8,0
dl_399,5,West_exit_short,5,3,0.44,0
dl_399,8,West_exit,7,4,0.8,0
dl_399,7,West_exit,7,4,0.8,0
dl_399,2,East_exit,2,2,0.8,0
dl_399,17,West_exit,16,10,0.8,0
dl_399,16,West_exit,16,10,0.8,0
dl_400,4,,,,,
dl_400,14,West_exit,14,9,0.8,0
dl_400,5,West_exit_short,5,3,0.44,0
dl_400,8,West_exit,7,4,0.8,0
dl_400,7,West_exit,7,4,0.8,0
dl_400,2,East_exit,2,2,0.8,0
dl_400,15,West_exit,15,10,0.8,0
dl_400,17,West_exit,15,10,0.8,0
dl_401,4,,,,,
dl_401,14,West_exit,14,9,0.8,0
dl_401,5,West_exit_short,5,3,0.44,0
dl_401,8,West_exit,7,4,0.8,0
dl_401,7,West_exit,7,4,0.8,0
dl_401,2,East_exit,2,2,0.8,0
dl_401,17,West_exit,17,11,0.8,0
dl_402,3,,,,,
dl_402,8,West_exit,7,4,0.8,0
dl_402,7,West_exit,7,4,0.8,0
dl_402,5,West_exit_short,5,3,0.44,0
dl_402,2,East_exit,2,2,0.8,0
dl_402,14,West_exit,14,9,0.8,0
dl_403,3,,,,,
dl_403,8,West_exit,7,4,0.8,0
dl_403,7,West_exit,7,4,0.8,0
dl_403,5,West_exit_short,5,3,0.44,0
dl_403,2,East_exit,2,2,0.8,0
dl_403,17,West_exit,16,10,0.8,0
dl_403,16,West_exit,16,10,0.8,0
dl_404,3,,,,,
dl_404,8,West_exit,7,4,0.8,0
dl_404,7,West_exit,7,4,0.8,0
dl_404,5,West_exit_short,5,3,0.44,0
dl_404,2,East_exit,2,2,0.8,0
dl_404,15,West_exit,15,10,0.8,0
dl_404,17,West_exit,15,10,0.8,0
dl_405,3,,,,,
dl_405,8,West_exit,7,4,0.8,0
dl_405,7,West_exit,7,4,0.8,0
dl_405,5,West_exit_short,5,3,0.44,0
dl_405,2,East_exit,2,2,0.8,0
dl_405,17,West_exit,17,11,0.8,0
dl_406,2,,,,,
dl_406,5,West_exit_short,5,3,0.44,0
dl_406,2,East_exit,2,2,0.8,0
dl_406,8,West_exit,7,4,0.8,0
dl_406,7,West_exit,7,4,0.8,0
dl_407,4,,,,,
dl_407,11,West_exit,10,6,0.8,0
dl_407,5,West_exit_short,5,3,0.44,0
dl_407,8,West_exit,6,4,0.8,0
dl_407,2,East_exit,2,2,0.8,0
dl_407,10,West_exit,10,6,0.8,0
dl_407,6,West_exit,6,4,0.8,0
dl_407,14,West_exit,13,8,0.8,0
dl_407,13,West_exit,13,8,0.8,0
dl_408,4,,,,,
dl_408,11,West_exit,10,6,0.8,0
dl_408,5,West_exit_short,5,3,0.44,0
dl_408,8,West_exit,6,4,0.8,0
dl_408,2,East_exit,2,2,0.8,0
dl_408,10,West_exit,10,6,0.8,0
dl_408,6,West_exit,6,4,0.8,0
dl_408,12,West_exit,12,8,0.8,0
dl_408,14,West_exit,12,8,0.8,0
dl_409,4,,,,,
dl_409,11,West_exit,10,6,0.8,0
dl_409,10,West_exit,10,6,0.8,0
dl_409,5,West_exit_short,5,3,0.44,0
dl_409,8,West_exit,6,4,0.8,0
dl_409,6,West_exit,6,4,0.8,0
dl_409,2,East_exit,2,2,0.8,0
dl_409,14,West_exit,14,9,0.8,0
dl_410,4,,,,,
dl_410,11,West_exit,10,6,0.8,0
dl_410,10,West_exit,10,6,0.8,0
dl_410,5,West_exit_short,5,3,0.44,0
dl_410,8,West_exit,6,4,0.8,0
dl_410,6,West_exit,6,4,0.8,0
dl_410,2,East_exit,2,2,0.8,0
dl_410,17,West_exit,16,10,0.8,0
dl_410,16,West_exit,16,10,0.8,0
dl_411,4,,,,,
dl_411,11,West_exit,10,6,0.8,0
dl_411,10,West_exit,10,6,0.8,0
dl_411,5,West_exit_short,5,3,0.44,0
dl_411,8,West_exit,6,4,0.8,0
dl_411,6,West_exit,6,4,0.8,0
dl_411,2,East_exit,2,2,0.8,0
dl_411,15,West_exit,15,10,0.8,0
dl_411,17,West_exit,15,10,0.8,0
dl_412,4,,,,,
dl_412,11,West_exit,10,6,0.8,0
dl_412,10,West_exit,10,6,0.8,0
dl_412,5,West_exit_short,5,3,0.44,0
dl_412,8,West_exit,6,4,0.8,0
dl_412,6,West_exit,6,4,0.8,0
dl_412,2,East_exit,2,2,0.8,0
dl_412,17,West_exit,17,11,0.8,0
dl_413,3,,,,,
dl_413,8,West_exit,6,4,0.8,0
dl_413,5,West_exit_short,5,3,0.44,0
dl_413,2,East_exit,2,2,0.8,0
dl_413,6,West_exit,6,4,0.8,0
dl_413,11,West_exit,10,6,0.8,0
dl_413,10,West_exit,10,6,0.8,0
dl_414,4,,,,,
dl_414,11,West_exit,9,6,0.8,0
dl_414,5,West_exit_short,5,3,0.44,0
dl_414,8,West_exit,6,4,0.8,0
dl_414,2,East_exit,2,2,0.8,0
dl_414,9,West_exit,9,6,0.8,0
dl_414,6,West_exit,6,4,0.8,0
dl_414,14,West_exit,13,8,0.8,0
dl_414,13,West_exit,13,8,0.8,0
dl_415,4,,,,,
dl_415,11,West_exit,9,6,0.8,0
dl_415,5,West_exit_short,5,3,0.44,0
dl_415,8,West_exit,6,4,0.8,0
dl_415,2,East_exit,2,2,0.8,0
dl_415,9,West_exit,9,6,0.8,0
dl_415,6,West_exit,6,4,0.8,0
dl_415,12,West_exit,12,8,0.8,0
dl_415,14,West_exit,12,8,0.8,0
dl_416,4,,,,,
dl_416,11,West_exit,9,6,0.8,0
dl_416,9,West_exit,9,6,0.8,0
dl_416,5,West_exit_short,5,3,0.44,0
dl_416,8,West_exit,6,4,0.8,0
dl_416,6,West_exit,6,4,0.8,0
dl_416,2,East_exit,2,2,0.8,0
dl_416,14,West_exit,14,9,0.8,0
dl_417,4,,,,,
dl_417,11,West_exit,9,6,0.8,0
dl_417,9,West_exit,9,6,0.8,0
dl_417,5,West_exit_short,5,3,0.44,0
dl_417,8,West_exit,6,4,0.8,0
dl_417,6,West_exit,6,4,0.8,0
dl_417,2,East_exit,2,2,0.8,0
dl_417,17,West_exit,16,10,0.8,0
dl_417,16,West_exit,16,10,0.8,0
dl_418,4,,,,,
dl_418,11,West_exit,9,6,0.8,0
dl_418,9,West_exit,9,6,0.8,0
dl_418,5,West_exit_short,5,3,0.44,0
dl_418,8,West_exit,6,4,0.8,0
dl_418,6,West_exit,6,4,0.8,0
dl_418,2,East_exit,2,2,0.8,0
dl_418,15,West_exit,15,10,0.8,0
dl_418,17,West_exit,15,10,0.8,0
dl_419,4,,,,,
dl_419,11,West_exit,9,6,0.8,0
dl_419,9,West_exit,9,6,0.8,0
dl_419,5,West_exit_short,5,3,0.44,0
dl_419,8,West_exit,6,4,0.8,0
dl_419,6,West_exit,6,4,0.8,0
dl_419,2,East_exit,2,2,0.8,0
dl_419,17,West_exit,17,11,0.8,0
dl_420,3,,,,,
dl_420,8,West_exit,6,4,0.8,0
dl_420,5,West_exit_short,5,3,0.44,0
dl_420,2,East_exit,2,2,0.8,0
dl_420,6,West_exit,6,4,0.8,0
dl_420,9,West_exit,9,6,0.8,0
dl_420,11,West_exit,9,6,0.8,0
dl_421,4,,,,,
dl_421,11,West_exit,11,7,0.8,0
dl_421,5,West_exit_short,5,3,0.44,0
dl_421,8,West_exit,6,4,0.8,0
dl_421,6,West_exit,6,4,0.8,0
dl_421,2,East_exit,2,2,0.8,0
dl_421,14,West_exit,13,8,0.8,0
dl_421,13,West_exit,13,8,0.8,0
dl_422,4,,,,,
dl_422,11,West_exit,11,7,0.8,0
dl_422,5,West_exit_short,5,3,0.44,0
dl_422,8,West_exit,6,4,0.8,0
dl_422,6,West_exit,6,4,0.8,0
dl_422,2,East_exit,2,2,0.8,0
dl_422,12,West_exit,12,8,0.8,0
dl_422,14,West_exit,12,8,0.8,0
dl_423,4,,,,,
dl_423,11,West_exit,11,7,0.8,0
dl_423,5,West_exit_short,5,3,0.44,0
dl_423,8,West_exit,6,4,0.8,0
dl_423,6,West_exit,6,4,0.8,0
dl_423,2,East_exit,2,2,0.8,0
dl_423,14,West_exit,14,9,0.8,0
dl_424,4,,,,,
dl_424,11,West_exit,11,7,0.8,0
dl_424,5,West_exit_short,5,3,0.44,0
dl_424,8,West_exit,6,4,0.8,0
dl_424,6,West_exit,6,4,0.8,0
dl_424,2,East_exit,2,2,0.8,0
dl_424,17,West_exit,16,10,0.8,0
dl_424,16,West_exit,16,10,0.8,0
dl_425,4,,,,,
dl_425,11,West_exit,11,7,0.8,0
dl_425,5,West_exit_short,5,3,0.44,0
dl_425,8,West_exit,6,4,0.8,0
dl_425,6,West_exit,6,4,0.8,0
dl_425,2,East_exit,2,2,0.8,0
dl_425,15,West_exit,15,10,0.8,0
dl_425,17,West_exit,15,10,0.8,0
dl_426,4,,,,,
dl_426,11,West_exit,11,7,0.8,0
dl_426,5,West_exit_short,5,3,0.44,0
dl_426,8,West_exit,6,4,0.8,0
dl_426,6,West_exit,6,4,0.8,0
dl_426,2,East_exit,2,2,0.8,0
dl_426,17,West_exit,17,11,0.8,0
dl_427,3,,,,,
dl_427,8,West_exit,6,4,0.8,0
dl_427,6,West_exit,6,4,0.8,0
dl_427,5,West_exit_short,5,3,0.44,0
dl_427,2,East_exit,2,2,0.8,0
dl_427,11,West_exit,11,7,0.8,0
dl_428,4,,,,,
dl_428,14,West_exit,13,8,0.8,0
dl_428,5,West_exit_short,5,3,0.44,0
dl_428,8,West_exit,6,4,0.8,0
dl_428,6,West_exit,6,4,0.8,0
dl_428,2,East_exit,2,2,0.8,0
dl_428,17,West_exit,16,10,0.8,0
dl_428,16,West_exit,16,10,0.8,0
dl_428,13,West_exit,13,8,0.8,0
dl_429,4,,,,,
dl_429,14,West_exit,13,8,0.8,0
dl_429,5,West_exit_short,5,3,0.44,0
dl_429,8,West_exit,6,4,0.8,0
dl_429,6,West_exit,6,4,0.8,0
dl_429,2,East_exit,2,2,0.8,0
dl_429,15,West_exit,15,10,0.8,0
dl_429,17,West_exit,15,10,0.8,0
dl_429,13,West_exit,13,8,0.8,0
dl_430,4,,,,,
dl_430,14,West_exit,13,8,0.8,0
dl_430,13,West_exit,13,8,0.8,0
dl_430,5,West_exit_short,5,3,0.44,0
dl_430,8,West_exit,6,4,0.8,0
dl_430,6,West_exit,6,4,0.8,0
dl_430,2,East_exit,2,2,0.8,0
dl_430,17,West_exit,17,11,0.8,0
dl_431,3,,,,,
dl_431,8,West_exit,6,4,0.8,0
dl_431,6,West_exit,6,4,0.8,0
dl_431,5,West_exit_short,5,3,0.44,0
dl_431,2,East_exit,2,2,0.8,0
dl_431,14,West_exit,13,8,0.8,0
dl_431,13,West_exit,13,8,0.8,0
dl_432,4,,,,,
dl_432,14,West_exit,12,8,0.8,0
dl_432,5,West_exit_short,5,3,0.44,0
dl_432,8,West_exit,6,4,0.8,0
dl_432,6,West_exit,6,4,0.8,0
dl_432,2,East_exit,2,2,0.8,0
dl_432,17,West_exit,16,10,0.8,0
dl_432,16,West_exit,16,10,0.8,0
dl_432,12,West_exit,12,8,0.8,0
dl_433,4,,,,,
dl_433,14,West_exit,12,8,0.8,0
dl_433,5,West_exit_short,5,3,0.44,0
dl_433,8,West_exit,6,4,0.8,0
dl_433,6,West_exit,6,4,0.8,0
dl_433,2,East_exit,2,2,0.8,0
dl_433,15,West_exit,15,10,0.8,0
dl_433,17,West_exit,15,10,0.8,0
dl_433,12,West_exit,12,8,0.8,0
dl_434,4,,,,,
dl_434,14,West_exit,12,8,0.8,0
dl_434,12,West_exit,12,8,0.8,0
dl_434,5,West_exit_short,5,3,0.44,0
dl_434,8,West_exit,6,4,0.8,0
dl_434,6,West_exit,6,4,0.8,0
dl_434,2,East_exit,2,2,0.8,0
dl_434,17,West_exit,17,11,0.8,0
dl_435,3,,,,,
dl_435,8,West_exit,6,4,0.8,0
dl_435,6,West_exit,6,4,0.8,0
dl_435,5,West_exit_short,5,3,0.44,0
dl_435,2,East_exit,2,2,0.8,0
dl_435,12,West_exit,12,8,0.8,0
dl_435,14,West_exit,12,8,0.8,0
dl_436,4,,,,,
dl_436,14,West_exit,14,9,0.8,0
dl_436,5,West_exit_short,5,3,0.44,0
dl_436,8,West_exit,6,4,0.8,0
dl_436,6,West_exit,6,4,0.8,0
dl_436,2,East_exit,2,2,0.8,0
dl_436,17,West_exit,16,10,0.8,0
dl_436,16,West_exit,16,10,0.8,0
dl_437,4,,,,,
dl_437,14,West_exit,14,9,0.8,0
dl_437,5,West_exit_short,5,3,0.44,0
dl_437,8,West_exit,6,4,0.8,0
dl_437,6,West_exit,6,4,0.8,0
dl_437,2,East_exit,2,2,0.8,0
dl_437,15,West_exit,15,10,0.8,0
dl_437,17,West_exit,15,10,0.8,0
dl_438,4,,,,,
dl_438,14,West_exit,14,9,0.8,0
dl_438,5,West_exit_short,5,3,0.44,0
dl_438,8,West_exit,6,4,0.8,0
dl_438,6,West_exit,6,4,0.8,0
dl_438,2,East_exit,2,2,0.8,0
dl_438,17,West_exit,17,11,0.8,0
dl_439,3,,,,,
dl_439,8,West_exit,6,4,0.8,0
dl_439,6,West_exit,6,4,0.8,0
dl_439,5,West_exit_short,5,3,0.44,0
dl_439,2,East_exit,2,2,0.8,0
dl_439,14,West_exit,14,9,0.8,0
dl_440,3,,,,,
dl_440,8,West_exit,6,4,0.8,0
dl_440,6,West_exit,6,4,0.8,0
dl_440,5,West_exit_short,5,3,0.44,0
dl_440,2,East_exit,2,2,0.8,0
dl_440,17,West_exit,16,10,0.8,0
dl_440,16,West_exit,16,10,0.8,0
dl_441,3,,,,,
dl_441,8,West_exit,6,4,0.8,0
dl_441,6,West_exit,6,4,0.8,0
dl_441,5,West_exit_short,5,3,0.44,0
dl_441,2,East_exit,2,2,0.8,0
dl_441,15,West_exit,15,10,0.8,0
dl_441,17,West_exit,15,10,0.8,0
dl_442,3,,,,,
dl_442,8,West_exit,6,4,0.8,0
dl_442,6,West_exit,6,4,0.8,0
dl_442,5,West_exit_short,5,3,0.44,0
dl_442,2,East_exit,2,2,0.8,0
dl_442,17,West_exit,17,11,0.8,0
dl_443,2,,,,,
dl_443,5,West_exit_short,5,3,0.44,0
dl_443,2,East_exit,2,2,0.8,0
dl_443,6,West_exit,6,4,0.8,0
dl_443,8,West_exit,6,4,0.8,0
dl_444,4,,,,,
dl_444,11,West_exit,10,6,0.8,0
dl_444,5,West_exit_short,5,3,0.44,0
dl_444,10,West_exit,10,6,0.8,0
dl_444,2,East_exit,2,2,0.8,0
dl_444,14,West_exit,13,8,0.8,0
dl_444,13,West_exit,13,8,0.8,0
dl_444,8,West_exit,8,5,0.8,0
dl_445,4,,,,,
dl_445,11,West_exit,10,6,0.8,0
dl_445,5,West_exit_short,5,3,0.44,0
dl_445,10,West_exit,10,6,0.8,0
dl_445,2,East_exit,2,2,0.8,0
dl_445,12,West_exit,12,8,0.8,0
dl_445,14,West_exit,12,8,0.8,0
dl_445,8,West_exit,8,5,0.8,0
dl_446,4,,,,,
dl_446,11,West_exit,10,6,0.8,0
dl_446,10,West_exit,10,6,0.8,0
dl_446,5,West_exit_short,5,3,0.44,0
dl_446,2,East_exit,2,2,0.8,0
dl_446,8,West_exit,8,5,0.8,0
dl_446,14,West_exit,14,9,0.8,0
dl_447,4,,,,,
dl_447,11,West_exit,10,6,0.8,0
dl_447,10,West_exit,10,6,0.8,0
dl_447,5,West_exit_short,5,3,0.44,0
dl_447,2,East_exit,2,2,0.8,0
dl_447,8,West_exit,8,5,0.8,0
dl_447,17,West_exit,16,10,0.8,0
dl_447,16,West_exit,16,10,0.8,0
dl_448,4,,,,,
dl_448,11,West_exit,10,6,0.8,0
dl_448,10,West_exit,10,6,0.8,0
dl_448,5,West_exit_short,5,3,0.44,0
dl_448,2,East_exit,2,2,0.8,0
dl_448,8,West_exit,8,5,0.8,0
dl_448,15,West_exit,15,10,0.8,0
dl_448,17,West_exit,15,10,0.8,0
dl_449,4,,,,,
dl_449,11,West_exit,10,6,0.8,0
dl_449,10,West_exit,10,6,0.8,0
dl_449,5,West_exit_short,5,3,0.44,0
dl_449,2,East_exit,2,2,0.8,0
dl_449,8,West_exit,8,5,0.8,0
dl_449,17,West_exit,17,11,0.8,0
dl_450,3,,,,,
dl_450,8,West_exit,8,5,0.8,0
dl_450,5,West_exit_short,5,3,0.44,0
dl_450,2,East_exit,2,2,0.8,0
dl_450,11,West_exit,10,6,0.8,0
dl_450,10,West_exit,10,6,0.8,0
dl_451,4,,,,,
dl_451,11,West_exit,9,6,0.8,0
dl_451,5,West_exit_short,5,3,0.44,0
dl_451,9,West_exit,9,6,0.8,0
dl_451,2,East_exit,2,2,0.8,0
dl_451,14,West_exit,13,8,0.8,0
dl_451,13,West_exit,13,8,0.8,0
dl_451,8,West_exit,8,5,0.8,0
dl_452,4,,,,,
dl_452,11,West_exit,9,6,0.8,0
dl_452,5,West_exit_short,5,3,0.44,0
dl_452,9,West_exit,9,6,0.8,0
dl_452,2,East_exit,2,2,0.8,0
dl_452,12,West_exit,12,8,0.8,0
dl_452,14,West_exit,12,8,0.8,0
dl_452,8,West_exit,8,5,0.8,0
dl_453,4,,,,,
dl_453,11,West_exit,9,6,0.8,0
dl_453,9,West_exit,9,6,0.8,0
dl_453,5,West_exit_short,5,3,0.44,0
dl_453,2,East_exit,2,2,0.8,0
dl_453,8,West_exit,8,5,0.8,0
dl_453,14,West_exit,14,9,0.8,0
dl_454,4,,,,,
dl_454,11,West_exit,9,6,0.8,0
dl_454,9,West_exit,9,6,0.8,0
dl_454,5,West_exit_short,5,3,0.44,0
dl_454,2,East_exit,2,2,0.8,0
dl_454,8,West_exit,8,5,0.8,0
dl_454,17,West_exit,16,10,0.8,0
dl_454,16,West_exit,16,10,0.8,0
dl_455,4,,,,,
dl_455,11,West_exit,9,6,0.8,0
dl_455,9,West_exit,9,6,0.8,0
dl_455,5,West_exit_short,5,3,0.44,0
dl_455,2,East_exit,2,2,0.8,0
dl_455,8,West_exit,8,5,0.8,0
dl_455,15,West_exit,15,10,0.8,0
dl_455,17,West_exit,15,10,0.8,0
dl_456,4,,,,,
dl_456,11,West_exit,9,6,0.8,0
dl_456,9,West_exit,9,6,0.8,0
dl_456,5,West_exit_short,5,3,0.44,0
dl_456,2,East_exit,2,2,0.8,0
dl_456,8,West_exit,8,5,0.8,0
dl_456,17,West_exit,17,11,0.8,0
dl_457,3,,,,,
dl_457,8,West_exit,8,5,0.8,0
dl_457,5,West_exit_short,5,3,0.44,0
dl_457,2,East_exit,2,2,0.8,0
dl_457,9,West_exit,9,6,0.8,0
dl_457,11,West_exit,9,6,0.8,0
dl_458,4,,,,,
dl_458,11,West_exit,11,7,0.8,0
dl_458,5,West_exit_short,5,3,0.44,0
dl_458,2,East_exit,2,2,0.8,0
dl_458,14,West_exit,13,8,0.8,0
dl_458,13,West_exit,13,8,0.8,0
dl_458,8,West_exit,8,5,0.8,0
dl_459,4,,,,,
dl_459,11,West_exit,11,7,0.8,0
dl_459,5,West_exit_short,5,3,0.44,0
dl_459,2,East_exit,2,2,0.8,0
dl_459,12,West_exit,12,8,0.8,0
dl_459,14,West_exit,12,8,0.8,0
dl_459,8,West_exit,8,5,0.8,0
dl_460,4,,,,,
dl_460,11,West_exit,11,7,0.8,0
dl_460,5,West_exit_short,5,3,0.44,0
dl_460,2,East_exit,2,2,0.8,0
dl_460,8,West_exit,8,5,0.8,0
dl_460,14,West_exit,14,9,0.8,0
dl_461,4,,,,,
dl_461,11,West_exit,11,7,0.8,0
dl_461,5,West_exit_short,5,3,0.44,0
dl_461,2,East_exit,2,2,0.8,0
dl_461,8,West_exit,8,5,0.8,0
dl_461,17,West_exit,16,10,0.8,0
dl_461,16,West_exit,16,10,0.8,0
dl_462,4,,,,,
dl_462,11,West_exit,11,7,0.8,0
dl_462,5,West_exit_short,5,3,0.44,0
dl_462,2,East_exit,2,2,0.8,0
dl_462,8,West_exit,8,5,0.8,0
dl_462,15,West_exit,15,10,0.8,0
dl_462,17,West_exit,15,10,0.8,0
dl_463,4,,,,,
dl_463,11,West_exit,11,7,0.8,0
dl_463,5,West_exit_short,5,3,0.44,0
dl_463,2,East_exit,2,2,0.8,0
dl_463,8,West_exit,8,5,0.8,0
dl_463,17,West_exit,17,11,0.8,0
dl_464,3,,,,,
dl_464,8,West_exit,8,5,0.8,0
dl_464,5,West_exit_short,5,3,0.44,0
dl_464,2,East_exit,2,2,0.8,0
dl_464,11,West_exit,11,7,0.8,0
dl_465,4,,,,,
dl_465,14,West_exit,13,8,0.8,0
dl_465,5,West_exit_short,5,3,0.44,0
dl_465,13,West_exit,13,8,0.8,0
dl_465,2,East_exit,2,2,0.8,0
dl_465,17,West_exit,16,10,0.8,0
dl_465,16,West_exit,16,10,0.8,0
dl_465,8,West_exit,8,5,0.8,0
dl_466,4,,,,,
dl_466,14,West_exit,13,8,0.8,0
dl_466,5,West_exit_short,5,3,0.44,0
dl_466,13,West_exit,13,8,0.8,0
dl_466,2,East_exit,2,2,0.8,0
dl_466,15,West_exit,15,10,0.8,0
dl_466,17,West_exit,15,10,0.8,0
dl_466,8,West_exit,8,5,0.8,0
dl_467,4,,,,,
dl_467,14,West_exit,13,8,0.8,0
dl_467,13,West_exit,13,8,0.8,0
dl_467,5,West_exit_short,5,3,0.44,0
dl_467,2,East_exit,2,2,0.8,0
dl_467,8,West_exit,8,5,0.8,0
dl_467,17,West_exit,17,11,0.8,0
dl_468,3,,,,,
dl_468,8,West_exit,8,5,0.8,0
dl_468,5,West_exit_short,5,3,0.44,0
dl_468,2,East_exit,2,2,0.8,0
dl_468,14,West_exit,13,8,0.8,0
dl_468,13,West_exit,13,8,0.8,0
dl_469,4,,,,,
dl_469,14,West_exit,12,8,0.8,0
dl_469,5,West_exit_short,5,3,0.44,0
dl_469,12,West_exit,12,8,0.8,0
dl_469,2,East_exit,2,2,0.8,0
dl_469,17,West_exit,16,10,0.8,0
dl_469,16,West_exit,16,10,0.8,0
dl_469,8,West_exit,8,5,0.8,0
dl_470,4,,,,,
dl_470,14,West_exit,12,8,0.8,0
dl_470,5,West_exit_short,5,3,0.44,0
dl_470,12,West_exit,12,8,0.8,0
dl_470,2,East_exit,2,2,0.8,0
dl_470,15,West_exit,15,10,0.8,0
dl_470,17,West_exit,15,10,0.8,0
dl_470,8,West_exit,8,5,0.8,0
dl_471,4,,,,,
dl_471,14,West_exit,12,8,0.8,0
dl_471,12,West_exit,12,8,0.8,0
dl_471,5,West_exit_short,5,3,0.44,0
dl_471,2,East_exit,2,2,0.8,0
dl_471,8,West_exit,8,5,0.8,0
dl_471,17,West_exit,17,11,0.8,0
dl_472,3,,,,,
dl_472,8,West_exit,8,5,0.8,0
dl_472,5,West_exit_short,5,3,0.44,0
dl_472,2,East_exit,2,2,0.8,0
dl_472,12,West_exit,12,8,0.8,0
dl_472,14,West_exit,12,8,0.8,0
dl_473,4,,,,,
dl_473,14,West_exit,14,9,0.8,0
dl_473,5,West_exit_short,5,3,0.44,0
dl_473,2,East_exit,2,2,0.8,0
dl_473,17,West_exit,16,10,0.8,0
dl_473,16,West_exit,16,10,0.8,0
dl_473,8,West_exit,8,5,0.8,0
dl_474,4,,,,,
dl_474,14,West_exit,14,9,0.8,0
dl_474,5,West_exit_short,5,3,0.44,0
dl_474,2,East_exit,2,2,0.8,0
dl_474,15,West_exit,15,10,0.8,0
dl_474,17,West_exit,15,10,0.8,0
dl_474,8,West_exit,8,5,0.8,0
dl_475,4,,,,,
dl_475,14,West_exit,14,9,0.8,0
dl_475,5,West_exit_short,5,3,0.44,0
dl_475,2,East_exit,2,2,0.8,0
dl_475,8,West_exit,8,5,0.8,0
dl_475,17,West_exit,17,11,0.8,0
dl_476,3,,,,,
dl_476,8,West_exit,8,5,0.8,0
dl_476,5,West_exit_short,5,3,0.44,0
dl_476,2,East_exit,2,2,0.8,0
dl_476,14,West_exit,14,9,0.8,0
dl_477,3,,,,,
dl_477,8,West_exit,8,5,0.8,0
dl_477,5,West_exit_short,5,3,0.44,0
dl_477,2,East_exit,2,2,0.8,0
dl_477,17,West_exit,16,10,0.8,0
dl_477,16,West_exit,16,10,0.8,0
dl_478,3,,,,,
dl_478,8,West_exit,8,5,0.8,0
dl_478,5,West_exit_short,5,3,0.44,0
dl_478,2,East_exit,2,2,0.8,0
dl_478,15,West_exit,15,10,0.8,0
dl_478,17,West_exit,15,10,0.8,0
dl_479,3,,,,,
dl_479,8,West_exit,8,5,0.8,0
dl_479,5,West_exit_short,5,3,0.44,0
dl_479,2,East_exit,2,2,0.8,0
dl_479,17,West_exit,17,11,0.8,0
dl_480,2,,,,,
dl_480,5,West_exit_short,5,3,0.44,0
dl_480,2,East_exit,2,2,0.8,0
dl_480,8,West_exit,8,5,0.8,0
dl_481,4,,,,,
dl_481,14,West_exit,13,8,0.8,0
dl_481,13,West_exit,13,8,0.8,0
dl_481,5,West_exit_short,5,3,0.44,0
dl_481,2,East_exit,2,2,0.8,0
dl_481,17,West_exit,16,10,0.8,0
dl_481,16,West_exit,16,10,0.8,0
dl_481,11,West_exit,10,6,0.8,0
dl_481,10,West_exit,10,6,0.8,0
dl_482,4,,,,,
dl_482,14,West_exit,13,8,0.8,0
dl_482,13,West_exit,13,8,0.8,0
dl_482,5,West_exit_short,5,3,0.44,0
dl_482,2,East_exit,2,2,0.8,0
dl_482,15,West_exit,15,10,0.8,0
dl_482,17,West_exit,15,10,0.8,0
dl_482,11,West_exit,10,6,0.8,0
dl_482,10,West_exit,10,6,0.8,0
dl_483,4,,,,,
dl_483,14,West_exit,13,8,0.8,0
dl_483,13,West_exit,13,8,0.8,0
dl_483,5,West_exit_short,5,3,0.44,0
dl_483,2,East_exit,2,2,0.8,0
dl_483,11,West_exit,10,6,0.8,0
dl_483,10,West_exit,10,6,0.8,0
dl_483,17,West_exit,17,11,0.8,0
dl_484,3,,,,,
dl_484,11,West_exit,10,6,0.8,0
dl_484,5,West_exit_short,5,3,0.44,0
dl_484,2,East_exit,2,2,0.8,0
dl_484,14,West_exit,13,8,0.8,0
dl_484,13,West_exit,13,8,0.8,0
dl_484,10,West_exit,10,6,0.8,0
dl_485,4,,,,,
dl_485,14,West_exit,12,8,0.8,0
dl_485,12,West_exit,12,8,0.8,0
dl_485,5,West_exit_short,5,3,0.44,0
dl_485,2,East_exit,2,2,0.8,0
dl_485,17,West_exit,16,10,0.8,0
dl_485,16,West_exit,16,10,0.8,0
dl_485,11,West_exit,10,6,0.8,0
dl_485,10,West_exit,10,6,0.8,0
dl_486,4,,,,,
dl_486,14,West_exit,12,8,0.8,0
dl_486,12,West_exit,12,8,0.8,0
dl_486,5,West_exit_short,5,3,0.44,0
dl_486,2,East_exit,2,2,0.8,0
dl_486,15,West_exit,15,10,0.8,0
dl_486,17,West_exit,15,10,0.8,0
dl_486,11,West_exit,10,6,0.8,0
dl_486,10,West_exit,10,6,0.8,0
dl_487,4,,,,,
dl_487,14,West_exit,12,8,0.8,0
dl_487,12,West_exit,12,8,0.8,0
dl_487,5,West_exit_short,5,3,0.44,0
dl_487,2,East_exit,2,2,0.8,0
dl_487,11,West_exit,10,6,0.8,0
dl_487,10,West_exit,10,6,0.8,0
dl_487,17,West_exit,17,11,0.8,0
dl_488,3,,,,,
dl_488,11,West_exit,10,6,0.8,0
dl_488,5,West_exit_short,5,3,0.44,0
dl_488,2,East_exit,2,2,0.8,0
dl_488,12,West_exit,12,8,0.8,0
dl_488,14,West_exit,12,8,0.8,0
dl_488,10,West_exit,10,6,0.8,0
dl_489,4,,,,,
dl_489,14,West_exit,14,9,0.8,0
dl_489,5,West_exit_short,5,3,0.44,0
dl_489,2,East_exit,2,2,0.8,0
dl_489,17,West_exit,16,10,0.8,0
dl_489,16,West_exit,16,10,0.8,0
dl_489,11,West_exit,10,6,0.8,0
dl_489,10,West_exit,10,6,0.8,0
dl_490,4,,,,,
dl_490,14,West_exit,14,9,0.8,0
dl_490,5,West_exit_short,5,3,0.44,0
dl_490,2,East_exit,2,2,0.8,0
dl_490,15,West_exit,15,10,0.8,0
dl_490,17,West_exit,15,10,0.8,0
dl_490,11,West_exit,10,6,0.8,0
dl_490,10,West_exit,10,6,0.8,0
dl_491,4,,,,,
dl_491,14,West_exit,14,9,0.8,0
dl_491,5,West_exit_short,5,3,0.44,0
dl_491,2,East_exit,2,2,0.8,0
dl_491,11,West_exit,10,6,0.8,0
dl_491,10,West_exit,10,6,0.8,0
dl_491,17,West_exit,17,11,0.8,0
dl_492,3,,,,,
dl_492,11,West_exit,10,6,0.8,0
dl_492,10,West_exit,10,6,0.8,0
dl_492,5,West_exit_short,5,3,0.44,0
dl_492,2,East_exit,2,2,0.8,0
dl_492,14,West_exit,14,9,0.8,0
dl_493,3,,,,,
dl_493,11,West_exit,10,6,0.8,0
dl_493,10,West_exit,10,6,0.8,0
dl_493,5,West_exit_short,5,3,0.44,0
dl_493,2,East_exit,2,2,0.8,0
dl_493,17,West_exit,16,10,0.8,0
dl_493,16,West_exit,16,10,0.8,0
dl_494,3,,,,,
dl_494,11,West_exit,10,6,0.8,0
dl_494,10,West_exit,10,6,0.8,0
dl_494,5,West_exit_short,5,3,0.44,0
dl_494,2,East_exit,2,2,0.8,0
dl_494,15,West_exit,15,10,0.8,0
dl_494,17,West_exit,15,10,0.8,0
dl_495,3,,,,,
dl_495,11,West_exit,10,6,0.8,0
dl_495,10,West_exit,10,6,0.8,0
dl_495,5,West_exit_short,5,3,0.44,0
dl_495,2,East_exit,2,2,0.8,0
dl_495,17,West_exit,17,11,0.8,0
dl_496,2,,,,,
dl_496,5,West_exit_short,5,3,0.44,0
dl_496,2,East_exit,2,2,0.8,0
dl_496,11,West_exit,10,6,0.8,0
dl_496,10,West_exit,10,6,0.8,0
dl_497,4,,,,,
dl_497,14,West_exit,13,8,0.8,0
dl_497,13,West_exit,13,8,0.8,0
dl_497,5,West_exit_short,5,3,0.44,0
dl_497,2,East_exit,2,2,0.8,0
dl_497,17,West_exit,16,10,0.8,0
dl_497,16,West_exit,16,10,0.8,0
dl_497,11,West_exit,9,6,0.8,0
dl_497,9,West_exit,9,6,0.8,0
dl_498,4,,,,,
dl_498,14,West_exit,13,8,0.8,0
dl_498,13,West_exit,13,8,0.8,0
dl_498,5,West_exit_short,5,3,0.44,0
dl_498,2,East_exit,2,2,0.8,0
dl_498,15,West_exit,15,10,0.8,0
dl_498,17,West_exit,15,10,0.8,0
dl_498,11,West_exit,9,6,0.8,0
dl_498,9,West_exit,9,6,0.8,0
dl_499,4,,,,,
dl_499,14,West_exit,13,8,0.8,0
dl_499,13,West_exit,13,8,0.8,0
dl_499,5,West_exit_short,5,3,0.44,0
dl_499,2,East_exit,2,2,0.8,0
dl_499,11,West_exit,9,6,0.8,0
dl_499,9,West_exit,9,6,0.8,0
dl_499,17,West_exit,17,11,0.8,0
dl_500,3,,,,,
dl_500,11,West_exit,9,6,0.8,0
dl_500,5,West_exit_short,5,3,0.44,0
dl_500,2,East_exit,2,2,0.8,0
dl_500,14,West_exit,13,8,0.8,0
dl_500,13,West_exit,13,8,0.8,0
dl_500,9,West_exit,9,6,0.8,0
dl_501,4,,,,,
dl_501,14,West_exit,12,8,0.8,0
dl_501,12,West_exit,12,8,0.8,0
dl_501,5,West_exit_short,5,3,0.44,0
dl_501,2,East_exit,2,2,0.8,0
dl_501,17,West_exit,16,10,0.8,0
dl_501,16,West_exit,16,10,0.8,0
dl_501,11,West_exit,9,6,0.8,0
dl_501,9,West_exit,9,6,0.8,0
dl_502,4,,,,,
dl_502,14,West_exit,12,8,0.8,0
dl_502,12,West_exit,12,8,0.8,0
dl_502,5,West_exit_short,5,3,0.44,0
dl_502,2,East_exit,2,2,0.8,0
dl_502,15,West_exit,15,10,0.8,0
dl_502,17,West_exit,15,10,0.8,0
dl_502,11,West_exit,9,6,0.8,0
dl_502,9,West_exit,9,6,0.8,0
dl_503,4,,,,,
dl_503,14,West_exit,12,8,0.8,0
dl_503,12,West_exit,12,8,0.8,0
dl_503,5,West_exit_short,5,3,0.44,0
dl_503,2,East_exit,2,2,0.8,0
dl_503,11,West_exit,9,6,0.8,0
dl_503,9,West_exit,9,6,0.8,0
dl_503,17,West_exit,17,11,0.8,0
dl_504,3,,,,,
dl_504,11,West_exit,9,6,0.8,0
dl_504,5,West_exit_short,5,3,0.44,0
dl_504,2,East_exit,2,2,0.8,0
dl_504,12,West_exit,12,8,0.8,0
dl_504,14,West_exit,12,8,0.8,0
dl_504,9,West_exit,9,6,0.8,0
dl_505,4,,,,,
dl_505,14,West_exit,14,9,0.8,0
dl_505,5,West_exit_short,5,3,0.44,0
dl_505,2,East_exit,2,2,0.8,0
dl_505,17,West_exit,16,10,0.8,0
dl_505,16,West_exit,16,10,0.8,0
dl_505,11,West_exit,9,6,0.8,0
dl_505,9,West_exit,9,6,0.8,0
dl_506,4,,,,,
dl_506,14,West_exit,14,9,0.8,0
dl_506,5,West_exit_short,5,3,0.44,0
dl_506,2,East_exit,2,2,0.8,0
dl_506,15,West_exit,15,10,0.8,0
dl_506,17,West_exit,15,10,0.8,0
dl_506,11,West_exit,9,6,0.8,0
dl_506,9,West_exit,9,6,0.8,0
dl_507,4,,,,,
dl_507,14,West_exit,14,9,0.8,0
dl_507,5,West_exit_short,5,3,0.44,0
dl_507,2,East_exit,2,2,0.8,0
dl_507,11,West_exit,9,6,0.8,0
dl_507,9,West_exit,9,6,0.8,0
dl_507,17,West_exit,17,11,0.8,0
dl_508,3,,,,,
dl_508,11,West_exit,9,6,0.8,0
dl_508,9,West_exit,9,6,0.8,0
dl_508,5,West_exit_short,5,3,0.44,0
dl_508,2,East_exit,2,2,0.8,0
dl_508,14,West_exit,14,9,0.8,0
dl_509,3,,,,,
dl_509,11,West_exit,9,6,0.8,0
dl_509,9,West_exit,9,6,0.8,0
dl_509,5,West_exit_short,5,3,0.44,0
dl_509,2,East_exit,2,2,0.8,0
dl_509,17,West_exit,16,10,0.8,0
dl_509,16,West_exit,16,10,0.8,0
dl_510,3,,,,,
dl_510,11,West_exit,9,6,0.8,0
dl_510,9,West_exit,9,6,0.8,0
dl_510,5,West_exit_short,5,3,0.44,0
dl_510,2,East_exit,2,2,0.8,0
dl_510,15,West_exit,15,10,0.8,0
dl_510,17,West_exit,15,10,0.8,0
dl_511,3,,,,,
dl_511,11,West_exit,9,6,0.8,0
dl_511,9,West_exit,9,6,0.8,0
dl_511,5,West_exit_short,5,3,0.44,0
dl_511,2,East_exit,2,2,0.8,0
dl_511,17,West_exit,17,11,0.8,0
dl_512,2,,,,,
dl_512,5,West_exit_short,5,3,0.44,0
dl_512,2,East_exit,2,2,0.8,0
dl_512,9,West_exit,9,6,0.8,0
dl_512,11,West_exit,9,6,0.8,0
dl_513,4,,,,,
dl_513,14,West_exit,13,8,0.8,0
dl_513,13,West_exit,13,8,0.8,0
dl_513,5,West_exit_short,5,3,0.44,0
dl_513,2,East_exit,2,2,0.8,0
dl_513,17,West_exit,16,10,0.8,0
dl_513,16,West_exit,16,10,0.8,0
dl_513,11,West_exit,11,7,0.8,0
dl_514,4,,,,,
dl_514,14,West_exit,13,8,0.8,0
dl_514,13,West_exit,13,8,0.8,0
dl_514,5,West_exit_short,5,3,0.44,0
dl_514,2,East_exit,2,2,0.8,0
dl_514,15,West_exit,15,10,0.8,0
dl_514,17,West_exit,15,10,0.8,0
dl_514,11,West_exit,11,7,0.8,0
dl_515,4,,,,,
dl_515,14,West_exit,13,8,0.8,0
dl_515,13,West_exit,13,8,0.8,0
dl_515,5,West_exit_short,5,3,0.44,0
dl_515,2,East_exit,2,2,0.8,0
dl_515,11,West_exit,11,7,0.8,0
dl_515,17,West_exit,17,11,0.8,0
dl_516,3,,,,,
dl_516,11,West_exit,11,7,0.8,0
dl_516,5,West_exit_short,5,3,0.44,0
dl_516,2,East_exit,2,2,0.8,0
dl_516,14,West_exit,13,8,0.8,0
dl_516,13,West_exit,13,8,0.8,0
dl_517,4,,,,,
dl_517,14,West_exit,12,8,0.8,0
dl_517,12,West_exit,12,8,0.8,0
dl_517,5,West_exit_short,5,3,0.44,0
dl_517,2,East_exit,2,2,0.8,0
dl_517,17,West_exit,16,10,0.8,0
dl_517,16,West_exit,16,10,0.8,0
dl_517,11,West_exit,11,7,0.8,0
dl_518,4,,,,,
dl_518,14,West_exit,12,8,0.8,0
dl_518,12,West_exit,12,8,0.8,0
dl_518,5,West_exit_short,5,3,0.44,0
dl_518,2,East_exit,2,2,0.8,0
dl_518,15,West_exit,15,10,0.8,0
dl_518,17,West_exit,15,10,0.8,0
dl_518,11,West_exit,11,7,0.8,0
dl_519,4,,,,,
dl_519,14,West_exit,12,8,0.8,0
dl_519,12,West_exit,12,8,0.8,0
dl_519,5,West_exit_short,5,3,0.44,0
dl_519,2,East_exit,2,2,0.8,0
dl_519,11,West_exit,11,7,0.8,0
dl_519,17,West_exit,17,11,0.8,0
dl_520,3,,,,,
dl_520,11,West_exit,11,7,0.8,0
dl_520,5,West_exit_short,5,3,0.44,0
dl_520,2,East_exit,2,2,0.8,0
dl_520,12,West_exit,12,8,0.8,0
dl_520,14,West_exit,12,8,0.8,0
dl_521,4,,,,,
dl_521,14,West_exit,14,9,0.8,0
dl_521,5,West_exit_short,5,3,0.44,0
dl_521,2,East_exit,2,2,0.8,0
dl_521,17,West_exit,16,10,0.8,0
dl_521,16,West_exit,16,10,0.8,0
dl_521,11,West_exit,11,7,0.8,0
dl_522,4,,,,,
dl_522,14,West_exit,14,9,0.8,0
dl_522,5,West_exit_short,5,3,0.44,0
dl_522,2,East_exit,2,2,0.8,0
dl_522,15,West_exit,15,10,0.8,0
dl_522,17,West_exit,15,10,0.8,0
dl_522,11,West_exit,11,7,0.8,0
dl_523,4,,,,,
dl_523,14,West_exit,14,9,0.8,0
dl_523,5,West_exit_short,5,3,0.44,0
dl_523,2,East_exit,2,2,0.8,0
dl_523,11,West_exit,11,7,0.8,0
dl_523,17,West_exit,17,11,0.8,0
dl_524,3,,,,,
dl_524,11,West_exit,11,7,0.8,0
dl_524,5,West_exit_short,5,3,0.44,0
dl_524,2,East_exit,2,2,0.8,0
dl_524,14,West_exit,14,9,0.8,0
dl_525,3,,,,,
dl_525,11,West_exit,11,7,0.8,0
dl_525,5,West_exit_short,5,3,0.44,0
dl_525,2,East_exit,2,2,0.8,0
dl_525,17,West_exit,16,10,0.8,0
dl_525,16,West_exit,16,10,0.8,0
dl_526,3,,,,,
dl_526,11,West_exit,11,7,0.8,0
dl_526,5,West_exit_short,5,3,0.44,0
dl_526,2,East_exit,2,2,0.8,0
dl_526,15,West_exit,15,10,0.8,0
dl_526,17,West_exit,15,10,0.8,0
dl_527,3,,,,,
dl_527,11,West_exit,11,7,0.8,0
dl_527,5,West_exit_short,5,3,0.44,0
dl_527,2,East_exit,2,2,0.8,0
dl_527,17,West_exit,17,11,0.8,0
dl_528,2,,,,,
dl_528,5,West_exit_short,5,3,0.44,0
dl_528,2,East_exit,2,2,0.8,0
dl_528,11,West_exit,11,7,0.8,0
dl_529,3,,,,,
dl_529,14,West_exit,13,8,0.8,0
dl_529,5,West_exit_short,5,3,0.44,0
dl_529,2,East_exit,2,2,0.8,0
dl_529,17,West_exit,16,10,0.8,0
dl_529,16,West_exit,16,10,0.8,0
dl_529,13,West_exit,13,8,0.8,0
dl_530,3,,,,,
dl_530,14,West_exit,13,8,0.8,0
dl_530,5,West_exit_short,5,3,0.44,0
dl_530,2,East_exit,2,2,0.8,0
dl_530,15,West_exit,15,10,0.8,0
dl_530,17,West_exit,15,10,0.8,0
dl_530,13,West_exit,13,8,0.8,0
dl_531,3,,,,,
dl_531,14,West_exit,13,8,0.8,0
dl_531,13,West_exit,13,8,0.8,0
dl_531,5,West_exit_short,5,3,0.44,0
dl_531,2,East_exit,2,2,0.8,0
dl_531,17,West_exit,17,11,0.8,0
dl_532,2,,,,,
dl_532,5,West_exit_short,5,3,0.44,0
dl_532,2,East_exit,2,2,0.8,0
dl_532,14,West_exit,13,8,0.8,0
dl_532,13,West_exit,13,8,0.8,0
dl_533,3,,,,,
dl_533,14,West_exit,12,8,0.8,0
dl_533,5,West_exit_short,5,3,0.44,0
dl_533,2,East_exit,2,2,0.8,0
dl_533,17,West_exit,16,10,0.8,0
dl_533,16,West_exit,16,10,0.8,0
dl_533,12,West_exit,12,8,0.8,0
dl_534,3,,,,,
dl_534,14,West_exit,12,8,0.8,0
dl_534,5,West_exit_short,5,3,0.44,0
dl_534,2,East_exit,2,2,0.8,0
dl_534,15,West_exit,15,10,0.8,0
dl_534,17,West_exit,15,10,0.8,0
dl_534,12,West_exit,12,8,0.8,0
dl_535,3,,,,,
dl_535,14,West_exit,12,8,0.8,0
dl_535,12,West_exit,12,8,0.8,0
dl_535,5,West_exit_short,5,3,0.44,0
dl_535,2,East_exit,2,2,0.8,0
dl_535,17,West_exit,17,11,0.8,0
dl_536,2,,,,,
dl_536,5,West_exit_short,5,3,0.44,0
dl_536,2,East_exit,2,2,0.8,0
dl_536,12,West_exit,12,8,0.8,0
dl_536,14,West_exit,12,8,0.8,0
dl_537,3,,,,,
dl_537,14,West_exit,14,9,0.8,0
dl_537,5,West_exit_short,5,3,0.44,0
dl_537,2,East_exit,2,2,0.8,0
dl_537,17,West_exit,16,10,0.8,0
dl_537,16,West_exit,16,10,0.8,0
dl_538,3,,,,,
dl_538,14,West_exit,14,9,0.8,0
dl_538,5,West_exit_short,5,3,0.44,0
dl_538,2,East_exit,2,2,0.8,0
dl_538,15,West_exit,15,10,0.8,0
dl_538,17,West_exit,15,10,0.8,0
dl_539,3,,,,,
dl_539,14,West_exit,14,9,0.8,0
dl_539,5,West_exit_short,5,3,0.44,0
dl_539,2,East_exit,2,2,0.8,0
dl_539,17,West_exit,17,11,0.8,0
dl_540,2,,,,,
dl_540,5,West_exit_short,5,3,0.44,0
dl_540,2,East_exit,2,2,0.8,0
dl_540,14,West_exit,14,9,0.8,0
dl_541,2,,,,,
dl_541,5,West_exit_short,5,3,0.44,0
dl_541,2,East_exit,2,2,0.8,0
dl_541,17,West_exit,16,10,0.8,0
dl_541,16,West_exit,16,10,0.8,0
dl_542,2,,,,,
dl_542,5,West_exit_short,5,3,0.44,0
dl_542,2,East_exit,2,2,0.8,0
dl_542,15,West_exit,15,10,0.8,0
dl_542,17,West_exit,15,10,0.8,0
dl_543,2,,,,,
dl_543,5,West_exit_short,5,3,0.44,0
dl_543,2,East_exit,2,2,0.8,0
dl_543,17,West_exit,17,11,0.8,0
dl_544,1,,,,,
dl_544,2,East_exit,4,3,0.8,0
dl_544,5,West_exit,3,2,0.8,0
dl_545,1,,,,,
dl_545,2,East_exit,4,3,0.8,0
dl_545,4,East_exit,4,3,0.8,0
dl_545,5,West_exit,5,3,0.8,0
dl_546,1,,,,,
dl_546,2,East_exit,4,3,0.8,0
dl_546,4,East_exit,4,3,0.8,0
dl_546,8,West_exit,7,4,0.8,0
dl_546,7,West_exit,7,4,0.8,0
dl_547,1,,,,,
dl_547,2,East_exit,4,3,0.8,0
dl_547,4,East_exit,4,3,0.8,0
dl_547,6,West_exit,6,4,0.8,0
dl_547,8,West_exit,6,4,0.8,0
dl_548,1,,,,,
dl_548,2,East_exit,4,3,0.8,0
dl_548,4,East_exit,4,3,0.8,0
dl_548,8,West_exit,8,5,0.8,0
dl_549,1,,,,,
dl_549,11,West_exit,10,6,0.8,0
dl_549,10,West_exit,10,6,0.8,0
dl_549,2,East_exit,4,3,0.8,0
dl_549,4,East_exit,4,3,0.8,0
dl_550,1,,,,,
dl_550,9,West_exit,9,6,0.8,0
dl_550,11,West_exit,9,6,0.8,0
dl_550,2,East_exit,4,3,0.8,0
dl_550,4,East_exit,4,3,0.8,0
dl_551,1,,,,,
dl_551,11,West_exit,11,7,0.8,0
dl_551,2,East_exit,4,3,0.8,0
dl_551,4,East_exit,4,3,0.8,0
dl_552,1,,,,,
dl_552,14,West_exit,13,8,0.8,0
dl_552,13,West_exit,13,8,0.8,0
dl_552,2,East_exit,4,3,0.8,0
dl_552,4,East_exit,4,3,0.8,0
dl_553,1,,,,,
dl_553,12,West_exit,12,8,0.8,0
dl_553,14,West_exit,12,8,0.8,0
dl_553,2,East_exit,4,3,0.8,0
dl_553,4,East_exit,4,3,0.8,0
dl_554,2,,,,,
dl_554,14,West_exit,14,9,0.8,0
dl_554,2,East_exit,4,3,0.8,0
dl_554,4,East_exit,4,3,0.8,0
dl_554,13,East_exit_short,13,9,0.44,0
dl_555,2,,,,,
dl_555,14,West_exit,14,9,0.8,0
dl_555,12,East_exit_short,12,9,0.44,0
dl_555,2,East_exit,4,3,0.8,0
dl_555,4,East_exit,4,3,0.8,0
dl_556,2,,,,,
dl_556,14,West_exit,14,9,0.8,0
dl_556,2,East_exit,4,3,0.8,0
dl_556,4,East_exit,4,3,0.8,0
dl_556,11,East_exit_short,11,8,0.44,0
dl_557,1,,,,,
dl_557,14,West_exit,14,9,0.8,0
dl_557,2,East_exit,4,3,0.8,0
dl_557,4,East_exit,4,3,0.8,0
dl_558,1,,,,,
dl_558,2,East_exit,3,3,0.8,0
dl_558,5,West_exit,4,2,0.8,0
dl_559,1,,,,,
dl_559,3,East_exit,3,3,0.8,0
dl_559,2,East_exit,3,3,0.8,0
dl_559,5,West_exit,5,3,0.8,0
dl_560,1,,,,,
dl_560,3,East_exit,3,3,0.8,0
dl_560,2,East_exit,3,3,0.8,0
dl_560,8,West_exit,7,4,0.8,0
dl_560,7,West_exit,7,4,0.8,0
dl_561,1,,,,,
dl_561,3,East_exit,3,3,0.8,0
dl_561,2,East_exit,3,3,0.8,0
dl_561,6,West_exit,6,4,0.8,0
dl_561,8,West_exit,6,4,0.8,0
dl_562,1,,,,,
dl_562,3,East_exit,3,3,0.8,0
dl_562,2,East_exit,3,3,0.8,0
dl_562,8,West_exit,8,5,0.8,0
dl_563,1,,,,,
dl_563,11,West_exit,10,6,0.8,0
dl_563,10,West_exit,10,6,0.8,0
dl_563,3,East_exit,3,3,0.8,0
dl_563,2,East_exit,3,3,0.8,0
dl_564,1,,,,,
dl_564,9,West_exit,9,6,0.8,0
dl_564,11,West_exit,9,6,0.8,0
dl_564,3,East_exit,3,3,0.8,0
dl_564,2,East_exit,3,3,0.8,0
dl_565,1,,,,,
dl_565,11,West_exit,11,7,0.8,0
dl_565,3,East_exit,3,3,0.8,0
dl_565,2,East_exit,3,3,0.8,0
dl_566,1,,,,,
dl_566,14,West_exit,13,8,0.8,0
dl_566,13,West_exit,13,8,0.8,0
dl_566,3,East_exit,3,3,0.8,0
dl_566,2,East_exit,3,3,0.8,0
dl_567,1,,,,,
dl_567,12,West_exit,12,8,0.8,0
dl_567,14,West_exit,12,8,0.8,0
dl_567,3,East_exit,3,3,0.8,0
dl_567,2,East_exit,3,3,0.8,0
dl_568,2,,,,,
dl_568,14,West_exit,14,9,0.8,0
dl_568,3,East_exit,3,3,0.8,0
dl_568,2,East_exit,3,3,0.8,0
dl_568,13,East_exit_short,13,9,0.44,0
dl_569,2,,,,,
dl_569,14,West_exit,14,9,0.8,0
dl_569,12,East_exit_short,12,9,0.44,0
dl_569,3,East_exit,3,3,0.8,0
dl_569,2,East_exit,3,3,0.8,0
dl_570,2,,,,,
dl_570,14,West_exit,14,9,0.8,0
dl_570,3,East_exit,3,3,0.8,0
dl_570,2,East_exit,3,3,0.8,0
dl_570,11,East_exit_short,11,8,0.44,0
dl_571,1,,,,,
dl_571,14,West_exit,14,9,0.8,0
dl_571,3,East_exit,3,3,0.8,0
dl_571,2,East_exit,3,3,0.8,0
dl_572,1,,,,,
dl_572,5,West_exit,4,2,0.8,0
dl_572,4,West_exit,4,2,0.8,0
dl_572,2,East_exit,2,2,0.8,0
dl_573,1,,,,,
dl_573,3,West_exit,3,2,0.8,0
dl_573,5,West_exit,3,2,0.8,0
dl_573,2,East_exit,2,2,0.8,0
dl_574,2,,,,,
dl_574,5,West_exit,5,3,0.8,0
dl_574,2,East_exit,2,2,0.8,0
dl_574,8,West_exit,7,4,0.8,0
dl_574,7,West_exit,7,4,0.8,0
dl_575,2,,,,,
dl_575,5,West_exit,5,3,0.8,0
dl_575,2,East_exit,2,2,0.8,0
dl_575,6,West_exit,6,4,0.8,0
dl_575,8,West_exit,6,4,0.8,0
dl_576,2,,,,,
dl_576,5,West_exit,5,3,0.8,0
dl_576,2,East_exit,2,2,0.8,0
dl_576,8,West_exit,8,5,0.8,0
dl_577,2,,,,,
dl_577,5,West_exit,5,3,0.8,0
dl_577,2,East_exit,2,2,0.8,0
dl_577,11,West_exit,10,6,0.8,0
dl_577,10,West_exit,10,6,0.8,0
dl_578,2,,,,,
dl_578,5,West_exit,5,3,0.8,0
dl_578,2,East_exit,2,2,0.8,0
dl_578,9,West_exit,9,6,0.8,0
dl_578,11,West_exit,9,6,0.8,0
dl_579,2,,,,,
dl_579,5,West_exit,5,3,0.8,0
dl_579,2,East_exit,2,2,0.8,0
dl_579,11,West_exit,11,7,0.8,0
dl_580,2,,,,,
dl_580,5,West_exit,5,3,0.8,0
dl_580,2,East_exit,2,2,0.8,0
dl_580,14,West_exit,13,8,0.8,0
dl_580,13,West_exit,13,8,0.8,0
dl_581,2,,,,,
dl_581,5,West_exit,5,3,0.8,0
dl_581,2,East_exit,2,2,0.8,0
dl_581,12,West_exit,12,8,0.8,0
dl_581,14,West_exit,12,8,0.8,0
dl_582,2,,,,,
dl_582,5,West_exit,5,3,0.8,0
dl_582,2,East_exit,2,2,0.8,0
dl_582,14,West_exit,14,9,0.8,0
dl_583,1,,,,,
dl_583,2,East_exit,2,2,0.8,0
dl_583,5,West_exit,5,3,0.8,0
dl_584,2,,,,,
dl_584,8,West_exit,7,4,0.8,0
dl_584,7,West_exit,7,4,0.8,0
dl_584,11,West_exit,10,6,0.8,0
dl_584,10,West_exit,10,6,0.8,0
dl_584,2,East_exit,2,2,0.8,0
dl_585,2,,,,,
dl_585,8,West_exit,7,4,0.8,0
dl_585,7,West_exit,7,4,0.8,0
dl_585,9,West_exit,9,6,0.8,0
dl_585,11,West_exit,9,6,0.8,0
dl_585,2,East_exit,2,2,0.8,0
dl_586,2,,,,,
dl_586,8,West_exit,7,4,0.8,0
dl_586,7,West_exit,7,4,0.8,0
dl_586,11,West_exit,11,7,0.8,0
dl_586,2,East_exit,2,2,0.8,0
dl_587,2,,,,,
dl_587,8,West_exit,7,4,0.8,0
dl_587,7,West_exit,7,4,0.8,0
dl_587,2,East_exit,2,2,0.8,0
dl_587,14,West_exit,13,8,0.8,0
dl_587,13,West_exit,13,8,0.8,0
dl_588,2,,,,,
dl_588,8,West_exit,7,4,0.8,0
dl_588,7,West_exit,7,4,0.8,0
dl_588,2,East_exit,2,2,0.8,0
dl_588,12,West_exit,12,8,0.8,0
dl_588,14,West_exit,12,8,0.8,0
dl_589,2,,,,,
dl_589,8,West_exit,7,4,0.8,0
dl_589,7,West_exit,7,4,0.8,0
dl_589,2,East_exit,2,2,0.8,0
dl_589,14,West_exit,14,9,0.8,0
dl_590,1,,,,,
dl_590,8,West_exit,7,4,0.8,0
dl_590,7,West_exit,7,4,0.8,0
dl_590,2,East_exit,2,2,0.8,0
dl_591,2,,,,,
dl_591,6,West_exit,6,4,0.8,0
dl_591,8,West_exit,6,4,0.8,0
dl_591,11,West_exit,10,6,0.8,0
dl_591,10,West_exit,10,6,0.8,0
dl_591,2,East_exit,2,2,0.8,0
dl_592,2,,,,,
dl_592,6,West_exit,6,4,0.8,0
dl_592,8,West_exit,6,4,0.8,0
dl_592,9,West_exit,9,6,0.8,0
dl_592,11,West_exit,9,6,0.8,0
dl_592,2,East_exit,2,2,0.8,0
dl_593,2,,,,,
dl_593,6,West_exit,6,4,0.8,0
dl_593,8,West_exit,6,4,0.8,0
dl_593,11,West_exit,11,7,0.8,0
dl_593,2,East_exit,2,2,0.8,0
dl_594,2,,,,,
dl_594,6,West_exit,6,4,0.8,0
dl_594,8,West_exit,6,4,0.8,0
dl_594,2,East_exit,2,2,0.8,0
dl_594,14,West_exit,13,8,0.8,0
dl_594,13,West_exit,13,8,0.8,0
dl_595,2,,,,,
dl_595,6,West_exit,6,4,0.8,0
dl_595,8,West_exit,6,4,0.8,0
dl_595,2,East_exit,2,2,0.8,0
dl_595,12,West_exit,12,8,0.8,0
dl_595,14,West_exit,12,8,0.8,0
dl_596,2,,,,,
dl_596,6,West_exit,6,4,0.8,0
dl_596,8,West_exit,6,4,0.8,0
dl_596,2,East_exit,2,2,0.8,0
dl_596,14,West_exit,14,9,0.8,0
dl_597,1,,,,,
dl_597,6,West_exit,6,4,0.8,0
dl_597,8,West_exit,6,4,0.8,0
dl_597,2,East_exit,2,2,0.8,0
dl_598,2,,,,,
dl_598,8,West_exit,8,5,0.8,0
dl_598,11,West_exit,10,6,0.8,0
dl_598,10,West_exit,10,6,0.8,0
dl_598,2,East_exit,2,2,0.8,0
dl_599,2,,,,,
dl_599,8,West_exit,8,5,0.8,0
dl_599,9,West_exit,9,6,0.8,0
dl_599,11,West_exit,9,6,0.8,0
dl_599,2,East_exit,2,2,0.8,0
dl_600,2,,,,,
dl_600,8,West_exit,8,5,0.8,0
dl_600,11,West_exit,11,7,0.8,0
dl_600,2,East_exit,2,2,0.8,0
dl_601,2,,,,,
dl_601,8,West_exit,8,5,0.8,0
dl_601,2,East_exit,2,2,0.8,0
dl_601,14,West_exit,13,8,0.8,0
dl_601,13,West_exit,13,8,0.8,0
dl_602,2,,,,,
dl_602,8,West_exit,8,5,0.8,0
dl_602,2,East_exit,2,2,0.8,0
dl_602,12,West_exit,12,8,0.8,0
dl_602,14,West_exit,12,8,0.8,0
dl_603,2,,,,,
dl_603,8,West_exit,8,5,0.8,0
dl_603,2,East_exit,2,2,0.8,0
dl_603,14,West_exit,14,9,0.8,0
dl_604,1,,,,,
dl_604,8,West_exit,8,5,0.8,0
dl_604,2,East_exit,2,2,0.8,0
dl_605,2,,,,,
dl_605,11,West_exit,10,6,0.8,0
dl_605,2,East_exit,2,2,0.8,0
dl_605,14,West_exit,13,8,0.8,0
dl_605,13,West_exit,13,8,0.8,0
dl_605,10,West_exit,10,6,0.8,0
dl_606,2,,,,,
dl_606,11,West_exit,10,6,0.8,0
dl_606,2,East_exit,2,2,0.8,0
dl_606,12,West_exit,12,8,0.8,0
dl_606,14,West_exit,12,8,0.8,0
dl_606,10,West_exit,10,6,0.8,0
dl_607,2,,,,,
dl_607,11,West_exit,10,6,0.8,0
dl_607,10,West_exit,10,6,0.8,0
dl_607,2,East_exit,2,2,0.8,0
dl_607,14,West_exit,14,9,0.8,0
dl_608,1,,,,,
dl_608,11,West_exit,10,6,0.8,0
dl_608,10,West_exit,10,6,0.8,0
dl_608,2,East_exit,2,2,0.8,0
dl_609,2,,,,,
dl_609,11,West_exit,9,6,0.8,0
dl_609,2,East_exit,2,2,0.8,0
dl_609,14,West_exit,13,8,0.8,0
dl_609,13,West_exit,13,8,0.8,0
dl_609,9,West_exit,9,6,0.8,0
dl_610,2,,,,,
dl_610,11,West_exit,9,6,0.8,0
dl_610,2,East_exit,2,2,0.8,0
dl_610,12,West_exit,12,8,0.8,0
dl_610,14,West_exit,12,8,0.8,0
dl_610,9,West_exit,9,6,0.8,0
dl_611,2,,,,,
dl_611,11,West_exit,9,6,0.8,0
dl_611,9,West_exit,9,6,0.8,0
dl_611,2,East_exit,2,2,0.8,0
dl_611,14,West_exit,14,9,0.8,0
dl_612,1,,,,,
dl_612,9,West_exit,9,6,0.8,0
dl_612,11,West_exit,9,6,0.8,0
dl_612,2,East_exit,2,2,0.8,0
dl_613,2,,,,,
dl_613,11,West_exit,11,7,0.8,0
dl_613,2,East_exit,2,2,0.8,0
dl_613,14,West_exit,13,8,0.8,0
dl_613,13,West_exit,13,8,0.8,0
dl_614,2,,,,,
dl_614,11,West_exit,11,7,0.8,0
dl_614,2,East_exit,2,2,0.8,0
dl_614,12,West_exit,12,8,0.8,0
dl_614,14,West_exit,12,8,0.8,0
dl_615,2,,,,,
dl_615,11,West_exit,11,7,0.8,0
dl_615,2,East_exit,2,2,0.8,0
dl_615,14,West_exit,14,9,0.8,0
dl_616,1,,,,,
dl_616,11,West_exit,11,7,0.8,0
dl_616,2,East_exit,2,2,0.8,0
dl_617,1,,,,,
dl_617,14,West_exit,13,8,0.8,0
dl_617,13,West_exit,13,8,0.8,0
dl_617,2,East_exit,2,2,0.8,0
dl_618,1,,,,,
dl_618,12,West_exit,12,8,0.8,0
dl_618,14,West_exit,12,8,0.8,0
dl_618,2,East_exit,2,2,0.8,0
dl_619,2,,,,,
dl_619,14,West_exit,14,9,0.8,0
dl_619,13,East_exit_short,13,9,0.44,0
dl_619,2,East_exit,2,2,0.8,0
dl_620,2,,,,,
dl_620,14,West_exit,14,9,0.8,0
dl_620,12,East_exit_short,12,9,0.44,0
dl_620,2,East_exit,2,2,0.8,0
dl_621,2,,,,,
dl_621,14,West_exit,14,9,0.8,0
dl_621,11,East_exit_short,11,8,0.44,0
dl_621,2,East_exit,2,2,0.8,0
dl_622,1,,,,,
dl_622,14,West_exit,14,9,0.8,0
dl_622,2,East_exit,2,2,0.8,0
dl_623,1,,,,,
dl_623,2,East_exit,4,3,0.8,0
dl_623,4,East_exit,4,3,0.8,0
dl_623,17,West_exit,16,10,0.8,0
dl_623,16,West_exit,16,10,0.8,0
dl_624,1,,,,,
dl_624,3,East_exit,3,3,0.8,0
dl_624,2,East_exit,3,3,0.8,0
dl_624,17,West_exit,16,10,0.8,0
dl_624,16,West_exit,16,10,0.8,0
dl_625,1,,,,,
dl_625,2,East_exit,2,2,0.8,0
dl_625,17,West_exit,16,10,0.8,0
dl_625,16,West_exit,16,10,0.8,0
dl_626,1,,,,,
dl_626,2,East_exit,4,3,0.8,0
dl_626,4,East_exit,4,3,0.8,0
dl_626,15,West_exit,15,10,0.8,0
dl_626,17,West_exit,15,10,0.8,0
dl_627,1,,,,,
dl_627,3,East_exit,3,3,0.8,0
dl_627,2,East_exit,3,3,0.8,0
dl_627,15,West_exit,15,10,0.8,0
dl_627,17,West_exit,15,10,0.8,0
dl_628,1,,,,,
dl_628,2,East_exit,2,2,0.8,0
dl_628,15,West_exit,15,10,0.8,0
dl_628,17,West_exit,15,10,0.8,0
dl_629,2,,,,,
dl_629,17,West_exit,17,11,0.8,0
dl_629,2,East_exit,4,3,0.8,0
dl_629,4,East_exit,4,3,0.8,0
dl_629,16,East_exit_short,16,11,0.44,0
dl_630,2,,,,,
dl_630,17,West_exit,17,11,0.8,0
dl_630,15,East_exit_short,15,11,0.44,0
dl_630,2,East_exit,4,3,0.8,0
dl_630,4,East_exit,4,3,0.8,0
dl_631,2,,,,,
dl_631,17,West_exit,17,11,0.8,0
dl_631,2,East_exit,4,3,0.8,0
dl_631,4,East_exit,4,3,0.8,0
dl_631,14,East_exit_short,14,10,0.44,0
dl_632,1,,,,,
dl_632,17,West_exit,17,11,0.8,0
dl_632,2,East_exit,4,3,0.8,0
dl_632,4,East_exit,4,3,0.8,0
dl_633,2,,,,,
dl_633,17,West_exit,17,11,0.8,0
dl_633,3,East_exit,3,3,0.8,0
dl_633,2,East_exit,3,3,0.8,0
dl_633,16,East_exit_short,16,11,0.44,0
dl_634,2,,,,,
dl_634,17,West_exit,17,11,0.8,0
dl_634,15,East_exit_short,15,11,0.44,0
dl_634,3,East_exit,3,3,0.8,0
dl_634,2,East_exit,3,3,0.8,0
dl_635,2,,,,,
dl_635,17,West_exit,17,11,0.8,0
dl_635,3,East_exit,3,3,0.8,0
dl_635,2,East_exit,3,3,0.8,0
dl_635,14,East_exit_short,14,10,0.44,0
dl_636,1,,,,,
dl_636,17,West_exit,17,11,0.8,0
dl_636,3,East_exit,3,3,0.8,0
dl_636,2,East_exit,3,3,0.8,0
dl_637,2,,,,,
dl_637,17,West_exit,17,11,0.8,0
dl_637,16,East_exit_short,16,11,0.44,0
dl_637,2,East_exit,2,2,0.8,0
dl_638,2,,,,,
dl_638,17,West_exit,17,11,0.8,0
dl_638,15,East_exit_short,15,11,0.44,0
dl_638,2,East_exit,2,2,0.8,0
dl_639,2,,,,,
dl_639,17,West_exit,17,11,0.8,0
dl_639,14,East_exit_short,14,10,0.44,0
dl_639,2,East_exit,2,2,0.8,0
dl_640,1,,,,,
dl_640,2,East_exit,2,2,0.8,0
dl_640,17,West_exit,17,11,0.8,0
