iteration,deadlock_found,deadlock_time,new_constraints,constraint_details,total_constraints,trains_completed,trains_per_hr,avg_wait_time,avg_spawn_delay,sim_run_time,pruning_details
0,1,17.000000,1,dl_0(2),1,0,0.000000,0.000000,0.000000,0.008511,
1,1,17.000000,1,dl_1(3),2,0,0.000000,0.000000,0.000000,0.008949,
2,1,17.000000,1,dl_2(2),3,0,0.000000,0.000000,0.000000,0.007639,
3,1,17.000000,1,dl_3(3),4,0,0.000000,0.000000,0.000000,0.009902,
4,1,17.000000,1,dl_4(3),5,0,0.000000,0.000000,0.000000,0.011077,
5,1,17.000000,1,dl_5(3),6,0,0.000000,0.000000,0.000000,0.010631,
6,1,17.000000,1,dl_6(2),7,0,0.000000,0.000000,0.000000,0.013432,
7,1,17.000000,1,dl_7(4),8,0,0.000000,0.000000,0.000000,0.009420,
8,1,17.000000,1,dl_8(4),9,0,0.000000,0.000000,0.000000,0.007815,
9,1,17.000000,1,dl_9(3),10,0,0.000000,0.000000,0.000000,0.008113,
10,1,17.000000,1,dl_10(2),11,0,0.000000,0.000000,0.000000,0.008850,
11,1,17.000000,1,dl_11(3),12,0,0.000000,0.000000,0.000000,0.008540,
12,1,17.000000,1,dl_12(4),13,0,0.000000,0.000000,0.000000,0.008501,
13,1,17.000000,1,dl_13(4),14,0,0.000000,0.000000,0.000000,0.008016,
14,1,17.000000,1,dl_14(3),15,0,0.000000,0.000000,0.000000,0.009262,
15,1,17.000000,1,dl_15(4),16,0,0.000000,0.000000,0.000000,0.007399,
16,1,17.000000,1,dl_16(2),17,0,0.000000,0.000000,0.000000,0.007726,
17,1,17.000000,1,dl_17(3),18,0,0.000000,0.000000,0.000000,0.007436,
18,1,17.000000,1,dl_18(4),19,0,0.000000,0.000000,0.000000,0.006413,
19,1,17.000000,1,dl_19(4),20,0,0.000000,0.000000,0.000000,0.006848,
20,1,17.000000,1,dl_20(3),21,0,0.000000,0.000000,0.000000,0.007225,
21,1,17.000000,1,dl_21(4),22,0,0.000000,0.000000,0.000000,0.007784,
22,1,17.000000,1,dl_22(3),23,0,0.000000,0.000000,0.000000,0.006969,3>2[-T48]
23,1,17.000000,1,dl_23(3),24,0,0.000000,0.000000,0.000000,0.007112,3>2[-T48]
24,1,17.000000,1,dl_24(2),25,0,0.000000,0.000000,0.000000,0.006728,3>2[-T48]
25,1,17.000000,1,dl_25(3),26,0,0.000000,0.000000,0.000000,0.007022,
26,1,17.000000,1,dl_26(3),27,0,0.000000,0.000000,0.000000,0.006934,
27,1,17.000000,1,dl_27(2),28,0,0.000000,0.000000,0.000000,0.007792,
28,1,17.000000,1,dl_28(3),29,0,0.000000,0.000000,0.000000,0.010007,
29,1,17.000000,1,dl_29(4),30,0,0.000000,0.000000,0.000000,0.007402,4>3[-T51]
30,1,17.000000,1,dl_30(4),31,0,0.000000,0.000000,0.000000,0.010324,4>3[-T51]
31,1,17.000000,1,dl_31(3),32,0,0.000000,0.000000,0.000000,0.008949,4>3[-T51]
32,1,17.000000,1,dl_32(4),33,0,0.000000,0.000000,0.000000,0.007509,
33,1,17.000000,1,dl_33(4),34,0,0.000000,0.000000,0.000000,0.010131,
34,1,17.000000,1,dl_34(3),35,0,0.000000,0.000000,0.000000,0.006865,
35,1,17.000000,1,dl_35(4),36,0,0.000000,0.000000,0.000000,0.007523,4>3[-T51]
36,1,17.000000,1,dl_36(4),37,0,0.000000,0.000000,0.000000,0.008316,4>3[-T51]
37,1,17.000000,1,dl_37(3),38,0,0.000000,0.000000,0.000000,0.008064,4>3[-T51]
38,1,17.000000,1,dl_38(4),39,0,0.000000,0.000000,0.000000,0.010267,
39,1,17.000000,1,dl_39(4),40,0,0.000000,0.000000,0.000000,0.009515,
40,1,17.000000,1,dl_40(3),41,0,0.000000,0.000000,0.000000,0.007572,
41,1,17.000000,1,dl_41(4),42,0,0.000000,0.000000,0.000000,0.007131,4>3[-T51]
42,1,17.000000,1,dl_42(4),43,0,0.000000,0.000000,0.000000,0.007713,4>3[-T51]
43,1,17.000000,1,dl_43(3),44,0,0.000000,0.000000,0.000000,0.006914,4>3[-T51]
44,1,17.000000,1,dl_44(4),45,0,0.000000,0.000000,0.000000,0.006505,
45,1,17.000000,1,dl_45(4),46,0,0.000000,0.000000,0.000000,0.006456,
46,1,17.000000,1,dl_46(3),47,0,0.000000,0.000000,0.000000,0.009586,
47,1,17.000000,1,dl_47(5),48,0,0.000000,0.000000,0.000000,0.009569,4>3[-T51]
48,1,17.000000,1,dl_48(5),49,0,0.000000,0.000000,0.000000,0.007996,4>3[-T51]
49,1,17.000000,1,dl_49(4),50,0,0.000000,0.000000,0.000000,0.007415,4>3[-T51]
50,1,17.000000,1,dl_50(5),51,0,0.000000,0.000000,0.000000,0.007065,
51,1,17.000000,1,dl_51(5),52,0,0.000000,0.000000,0.000000,0.006782,
52,1,17.000000,1,dl_52(4),53,0,0.000000,0.000000,0.000000,0.006367,
53,1,17.000000,1,dl_53(5),54,0,0.000000,0.000000,0.000000,0.007513,4>3[-T51]
54,1,17.000000,1,dl_54(5),55,0,0.000000,0.000000,0.000000,0.011240,4>3[-T51]
55,1,17.000000,1,dl_55(4),56,0,0.000000,0.000000,0.000000,0.009166,4>3[-T51]
56,1,17.000000,1,dl_56(5),57,0,0.000000,0.000000,0.000000,0.007096,
57,1,17.000000,1,dl_57(5),58,0,0.000000,0.000000,0.000000,0.006927,
58,1,17.000000,1,dl_58(4),59,0,0.000000,0.000000,0.000000,0.006451,
59,1,17.000000,1,dl_59(4),60,0,0.000000,0.000000,0.000000,0.006844,4>3[-T51]
60,1,17.000000,1,dl_60(4),61,0,0.000000,0.000000,0.000000,0.007074,4>3[-T51]
61,1,17.000000,1,dl_61(3),62,0,0.000000,0.000000,0.000000,0.009963,4>3[-T51]
62,1,17.000000,1,dl_62(4),63,0,0.000000,0.000000,0.000000,0.007429,
63,1,17.000000,1,dl_63(4),64,0,0.000000,0.000000,0.000000,0.009727,
64,1,17.000000,1,dl_64(3),65,0,0.000000,0.000000,0.000000,0.008566,
65,1,17.000000,1,dl_65(5),66,0,0.000000,0.000000,0.000000,0.006587,5>4[-T51]
66,1,17.000000,1,dl_66(5),67,0,0.000000,0.000000,0.000000,0.008646,5>4[-T51]
67,1,17.000000,1,dl_67(4),68,0,0.000000,0.000000,0.000000,0.007094,5>4[-T51]
68,1,17.000000,1,dl_68(5),69,0,0.000000,0.000000,0.000000,0.012865,
69,1,17.000000,1,dl_69(5),70,0,0.000000,0.000000,0.000000,0.008175,
70,1,17.000000,1,dl_70(4),71,0,0.000000,0.000000,0.000000,0.007338,
71,1,17.000000,1,dl_71(5),72,0,0.000000,0.000000,0.000000,0.007410,5>4[-T51]
72,1,17.000000,1,dl_72(5),73,0,0.000000,0.000000,0.000000,0.006975,5>4[-T51]
73,1,17.000000,1,dl_73(4),74,0,0.000000,0.000000,0.000000,0.008040,5>4[-T51]
74,1,17.000000,1,dl_74(5),75,0,0.000000,0.000000,0.000000,0.007057,
75,1,17.000000,1,dl_75(5),76,0,0.000000,0.000000,0.000000,0.009499,
76,1,17.000000,1,dl_76(4),77,0,0.000000,0.000000,0.000000,0.007696,
77,1,17.000000,1,dl_77(5),78,0,0.000000,0.000000,0.000000,0.007815,5>4[-T51]
78,1,17.000000,1,dl_78(5),79,0,0.000000,0.000000,0.000000,0.006982,5>4[-T51]
79,1,17.000000,1,dl_79(4),80,0,0.000000,0.000000,0.000000,0.009414,5>4[-T51]
80,1,17.000000,1,dl_80(5),81,0,0.000000,0.000000,0.000000,0.008154,
81,1,17.000000,1,dl_81(5),82,0,0.000000,0.000000,0.000000,0.007510,
82,1,17.000000,1,dl_82(4),83,0,0.000000,0.000000,0.000000,0.009798,
83,1,17.000000,1,dl_83(5),84,0,0.000000,0.000000,0.000000,0.012053,
84,1,17.000000,1,dl_84(5),85,0,0.000000,0.000000,0.000000,0.010011,
85,1,17.000000,1,dl_85(4),86,0,0.000000,0.000000,0.000000,0.007080,
86,1,17.000000,1,dl_86(5),87,0,0.000000,0.000000,0.000000,0.008216,
87,1,17.000000,1,dl_87(5),88,0,0.000000,0.000000,0.000000,0.007988,
88,1,17.000000,1,dl_88(4),89,0,0.000000,0.000000,0.000000,0.009966,
89,1,17.000000,1,dl_89(4),90,0,0.000000,0.000000,0.000000,0.012973,
90,1,17.000000,1,dl_90(4),91,0,0.000000,0.000000,0.000000,0.007955,
91,1,17.000000,1,dl_91(3),92,0,0.000000,0.000000,0.000000,0.007263,
92,1,17.000000,1,dl_92(5),93,0,0.000000,0.000000,0.000000,0.010320,
93,1,17.000000,1,dl_93(5),94,0,0.000000,0.000000,0.000000,0.008661,
94,1,17.000000,1,dl_94(4),95,0,0.000000,0.000000,0.000000,0.006425,
95,1,17.000000,1,dl_95(5),96,0,0.000000,0.000000,0.000000,0.008758,
96,1,17.000000,1,dl_96(5),97,0,0.000000,0.000000,0.000000,0.006901,
97,1,17.000000,1,dl_97(4),98,0,0.000000,0.000000,0.000000,0.006971,
98,1,17.000000,1,dl_98(5),99,0,0.000000,0.000000,0.000000,0.006747,
99,1,17.000000,1,dl_99(5),100,0,0.000000,0.000000,0.000000,0.006575,
100,1,17.000000,1,dl_100(4),101,0,0.000000,0.000000,0.000000,0.006512,
101,1,17.000000,1,dl_101(4),102,0,0.000000,0.000000,0.000000,0.006402,
102,1,17.000000,1,dl_102(4),103,0,0.000000,0.000000,0.000000,0.006749,
103,1,17.000000,1,dl_103(3),104,0,0.000000,0.000000,0.000000,0.009530,
104,1,17.000000,1,dl_104(5),105,0,0.000000,0.000000,0.000000,0.007496,
105,1,17.000000,1,dl_105(5),106,0,0.000000,0.000000,0.000000,0.006728,
106,1,17.000000,1,dl_106(4),107,0,0.000000,0.000000,0.000000,0.006779,
107,1,17.000000,1,dl_107(5),108,0,0.000000,0.000000,0.000000,0.006254,
108,1,17.000000,1,dl_108(5),109,0,0.000000,0.000000,0.000000,0.007681,
109,1,17.000000,1,dl_109(4),110,0,0.000000,0.000000,0.000000,0.009541,
110,1,17.000000,1,dl_110(5),111,0,0.000000,0.000000,0.000000,0.015192,
111,1,17.000000,1,dl_111(5),112,0,0.000000,0.000000,0.000000,0.009990,
112,1,17.000000,1,dl_112(4),113,0,0.000000,0.000000,0.000000,0.013158,
113,1,17.000000,1,dl_113(4),114,0,0.000000,0.000000,0.000000,0.008094,
114,1,17.000000,1,dl_114(4),115,0,0.000000,0.000000,0.000000,0.008950,
115,1,17.000000,1,dl_115(3),116,0,0.000000,0.000000,0.000000,0.009785,
116,1,17.000000,1,dl_116(5),117,0,0.000000,0.000000,0.000000,0.011820,
117,1,17.000000,1,dl_117(5),118,0,0.000000,0.000000,0.000000,0.014077,
118,1,17.000000,1,dl_118(4),119,0,0.000000,0.000000,0.000000,0.015158,
119,1,17.000000,1,dl_119(4),120,0,0.000000,0.000000,0.000000,0.010707,4>3[-T48]
120,1,17.000000,1,dl_120(4),121,0,0.000000,0.000000,0.000000,0.007390,4>3[-T48]
121,1,17.000000,1,dl_121(3),122,0,0.000000,0.000000,0.000000,0.007598,4>3[-T48]
122,1,17.000000,1,dl_122(4),123,0,0.000000,0.000000,0.000000,0.010051,
123,1,17.000000,1,dl_123(4),124,0,0.000000,0.000000,0.000000,0.007081,
124,1,17.000000,1,dl_124(3),125,0,0.000000,0.000000,0.000000,0.009721,
125,1,17.000000,1,dl_125(4),126,0,0.000000,0.000000,0.000000,0.008538,
126,1,17.000000,1,dl_126(4),127,0,0.000000,0.000000,0.000000,0.007289,
127,1,17.000000,1,dl_127(4),128,0,0.000000,0.000000,0.000000,0.007785,
128,1,17.000000,1,dl_128(4),129,0,0.000000,0.000000,0.000000,0.008126,
129,1,17.000000,1,dl_129(5),130,0,0.000000,0.000000,0.000000,0.008069,
130,1,17.000000,1,dl_130(5),131,0,0.000000,0.000000,0.000000,0.012649,
131,1,17.000000,1,dl_131(4),132,0,0.000000,0.000000,0.000000,0.012371,
132,1,17.000000,1,dl_132(5),133,0,0.000000,0.000000,0.000000,0.007423,
133,1,17.000000,1,dl_133(5),134,0,0.000000,0.000000,0.000000,0.008151,
134,1,17.000000,1,dl_134(5),135,0,0.000000,0.000000,0.000000,0.007070,
135,1,17.000000,1,dl_135(5),136,0,0.000000,0.000000,0.000000,0.007701,
136,1,17.000000,1,dl_136(5),137,0,0.000000,0.000000,0.000000,0.012802,
137,1,17.000000,1,dl_137(4),138,0,0.000000,0.000000,0.000000,0.010658,
138,1,17.000000,1,dl_138(5),139,0,0.000000,0.000000,0.000000,0.015922,
139,1,17.000000,1,dl_139(5),140,0,0.000000,0.000000,0.000000,0.009214,
140,1,17.000000,1,dl_140(5),141,0,0.000000,0.000000,0.000000,0.009621,
141,1,17.000000,1,dl_141(4),142,0,0.000000,0.000000,0.000000,0.013349,
142,1,17.000000,1,dl_142(5),143,0,0.000000,0.000000,0.000000,0.017306,
143,1,17.000000,1,dl_143(5),144,0,0.000000,0.000000,0.000000,0.015707,
144,1,17.000000,1,dl_144(5),145,0,0.000000,0.000000,0.000000,0.008734,
145,1,17.000000,1,dl_145(4),146,0,0.000000,0.000000,0.000000,0.009816,
146,1,17.000000,1,dl_146(5),147,0,0.000000,0.000000,0.000000,0.007973,
147,1,17.000000,1,dl_147(5),148,0,0.000000,0.000000,0.000000,0.008991,5>4[-T51]
148,1,17.000000,1,dl_148(5),149,0,0.000000,0.000000,0.000000,0.007203,5>4[-T51]
149,1,17.000000,1,dl_149(4),150,0,0.000000,0.000000,0.000000,0.006893,5>4[-T51]
150,1,17.000000,1,dl_150(5),151,0,0.000000,0.000000,0.000000,0.007103,
151,1,17.000000,1,dl_151(5),152,0,0.000000,0.000000,0.000000,0.006474,
152,1,17.000000,1,dl_152(4),153,0,0.000000,0.000000,0.000000,0.006851,
153,1,17.000000,1,dl_153(5),154,0,0.000000,0.000000,0.000000,0.006781,5>4[-T51]
154,1,17.000000,1,dl_154(5),155,0,0.000000,0.000000,0.000000,0.009150,5>4[-T51]
155,1,17.000000,1,dl_155(4),156,0,0.000000,0.000000,0.000000,0.012127,5>4[-T51]
156,1,17.000000,1,dl_156(5),157,0,0.000000,0.000000,0.000000,0.007719,
157,1,17.000000,1,dl_157(5),158,0,0.000000,0.000000,0.000000,0.008726,
158,1,17.000000,1,dl_158(4),159,0,0.000000,0.000000,0.000000,0.007654,
159,1,17.000000,1,dl_159(5),160,0,0.000000,0.000000,0.000000,0.006925,5>4[-T51]
160,1,17.000000,1,dl_160(5),161,0,0.000000,0.000000,0.000000,0.008934,5>4[-T51]
161,1,17.000000,1,dl_161(4),162,0,0.000000,0.000000,0.000000,0.006926,5>4[-T51]
162,1,17.000000,1,dl_162(5),163,0,0.000000,0.000000,0.000000,0.007238,
163,1,17.000000,1,dl_163(5),164,0,0.000000,0.000000,0.000000,0.006677,
164,1,17.000000,1,dl_164(4),165,0,0.000000,0.000000,0.000000,0.007144,
165,1,17.000000,1,dl_165(5),166,0,0.000000,0.000000,0.000000,0.006468,
166,1,17.000000,1,dl_166(5),167,0,0.000000,0.000000,0.000000,0.006865,
167,1,17.000000,1,dl_167(4),168,0,0.000000,0.000000,0.000000,0.006358,
168,1,17.000000,1,dl_168(5),169,0,0.000000,0.000000,0.000000,0.007405,
169,1,17.000000,1,dl_169(5),170,0,0.000000,0.000000,0.000000,0.009276,
170,1,17.000000,1,dl_170(4),171,0,0.000000,0.000000,0.000000,0.009057,
171,1,17.000000,1,dl_171(5),172,0,0.000000,0.000000,0.000000,0.007138,
172,1,17.000000,1,dl_172(5),173,0,0.000000,0.000000,0.000000,0.010620,
173,1,17.000000,1,dl_173(4),174,0,0.000000,0.000000,0.000000,0.008933,
174,1,17.000000,1,dl_174(5),175,0,0.000000,0.000000,0.000000,0.008607,
175,1,17.000000,1,dl_175(5),176,0,0.000000,0.000000,0.000000,0.009763,
176,1,17.000000,1,dl_176(5),177,0,0.000000,0.000000,0.000000,0.008063,
177,1,17.000000,1,dl_177(5),178,0,0.000000,0.000000,0.000000,0.007711,
178,1,17.000000,1,dl_178(5),179,0,0.000000,0.000000,0.000000,0.007515,
179,1,17.000000,1,dl_179(5),180,0,0.000000,0.000000,0.000000,0.008495,
180,1,17.000000,1,dl_180(5),181,0,0.000000,0.000000,0.000000,0.012533,5>4[-T51]
181,1,17.000000,1,dl_181(5),182,0,0.000000,0.000000,0.000000,0.008103,5>4[-T51]
182,1,17.000000,1,dl_182(4),183,0,0.000000,0.000000,0.000000,0.007819,5>4[-T51]
183,1,17.000000,1,dl_183(5),184,0,0.000000,0.000000,0.000000,0.011165,
184,1,17.000000,1,dl_184(5),185,0,0.000000,0.000000,0.000000,0.017310,
185,1,17.000000,1,dl_185(4),186,0,0.000000,0.000000,0.000000,0.019395,
186,1,17.000000,1,dl_186(5),187,0,0.000000,0.000000,0.000000,0.009959,5>4[-T51]
187,1,17.000000,1,dl_187(5),188,0,0.000000,0.000000,0.000000,0.011194,5>4[-T51]
188,1,17.000000,1,dl_188(4),189,0,0.000000,0.000000,0.000000,0.008641,5>4[-T51]
189,1,17.000000,1,dl_189(5),190,0,0.000000,0.000000,0.000000,0.010760,
190,1,17.000000,1,dl_190(5),191,0,0.000000,0.000000,0.000000,0.007490,
191,1,17.000000,1,dl_191(4),192,0,0.000000,0.000000,0.000000,0.007774,
192,1,17.000000,1,dl_192(5),193,0,0.000000,0.000000,0.000000,0.007899,5>4[-T51]
193,1,17.000000,1,dl_193(5),194,0,0.000000,0.000000,0.000000,0.008835,5>4[-T51]
194,1,17.000000,1,dl_194(4),195,0,0.000000,0.000000,0.000000,0.007992,5>4[-T51]
195,1,17.000000,1,dl_195(5),196,0,0.000000,0.000000,0.000000,0.007834,
196,1,17.000000,1,dl_196(5),197,0,0.000000,0.000000,0.000000,0.011810,
197,1,17.000000,1,dl_197(4),198,0,0.000000,0.000000,0.000000,0.008638,
198,1,17.000000,1,dl_198(5),199,0,0.000000,0.000000,0.000000,0.009054,
199,1,17.000000,1,dl_199(5),200,0,0.000000,0.000000,0.000000,0.008405,
200,1,17.000000,1,dl_200(4),201,0,0.000000,0.000000,0.000000,0.009437,
201,1,17.000000,1,dl_201(5),202,0,0.000000,0.000000,0.000000,0.011124,
202,1,17.000000,1,dl_202(5),203,0,0.000000,0.000000,0.000000,0.010123,
203,1,17.000000,1,dl_203(4),204,0,0.000000,0.000000,0.000000,0.014640,
204,1,17.000000,1,dl_204(5),205,0,0.000000,0.000000,0.000000,0.009469,
205,1,17.000000,1,dl_205(5),206,0,0.000000,0.000000,0.000000,0.009357,
206,1,17.000000,1,dl_206(4),207,0,0.000000,0.000000,0.000000,0.008579,
207,1,17.000000,1,dl_207(5),208,0,0.000000,0.000000,0.000000,0.011366,
208,1,17.000000,1,dl_208(5),209,0,0.000000,0.000000,0.000000,0.011849,
209,1,17.000000,1,dl_209(5),210,0,0.000000,0.000000,0.000000,0.010164,
210,1,17.000000,1,dl_210(5),211,0,0.000000,0.000000,0.000000,0.009161,
211,1,17.000000,1,dl_211(5),212,0,0.000000,0.000000,0.000000,0.013332,
212,1,17.000000,1,dl_212(5),213,0,0.000000,0.000000,0.000000,0.013683,
213,1,17.000000,1,dl_213(5),214,0,0.000000,0.000000,0.000000,0.011445,5>4[-T51]
214,1,17.000000,1,dl_214(5),215,0,0.000000,0.000000,0.000000,0.008477,5>4[-T51]
215,1,17.000000,1,dl_215(4),216,0,0.000000,0.000000,0.000000,0.008197,5>4[-T51]
216,1,17.000000,1,dl_216(5),217,0,0.000000,0.000000,0.000000,0.013567,
217,1,17.000000,1,dl_217(5),218,0,0.000000,0.000000,0.000000,0.011051,
218,1,17.000000,1,dl_218(4),219,0,0.000000,0.000000,0.000000,0.009397,
219,1,17.000000,1,dl_219(5),220,0,0.000000,0.000000,0.000000,0.007930,5>4[-T51]
220,1,17.000000,1,dl_220(5),221,0,0.000000,0.000000,0.000000,0.008122,5>4[-T51]
221,1,17.000000,1,dl_221(4),222,0,0.000000,0.000000,0.000000,0.007637,5>4[-T51]
222,1,17.000000,1,dl_222(5),223,0,0.000000,0.000000,0.000000,0.007263,
223,1,17.000000,1,dl_223(5),224,0,0.000000,0.000000,0.000000,0.008760,
224,1,17.000000,1,dl_224(4),225,0,0.000000,0.000000,0.000000,0.008270,
225,1,17.000000,1,dl_225(5),226,0,0.000000,0.000000,0.000000,0.009255,5>4[-T51]
226,1,17.000000,1,dl_226(5),227,0,0.000000,0.000000,0.000000,0.008235,5>4[-T51]
227,1,17.000000,1,dl_227(4),228,0,0.000000,0.000000,0.000000,0.007750,5>4[-T51]
228,1,17.000000,1,dl_228(5),229,0,0.000000,0.000000,0.000000,0.008606,
229,1,17.000000,1,dl_229(5),230,0,0.000000,0.000000,0.000000,0.012298,
230,1,17.000000,1,dl_230(4),231,0,0.000000,0.000000,0.000000,0.008393,
231,1,17.000000,1,dl_231(5),232,0,0.000000,0.000000,0.000000,0.011676,
232,1,17.000000,1,dl_232(5),233,0,0.000000,0.000000,0.000000,0.018281,
233,1,17.000000,1,dl_233(4),234,0,0.000000,0.000000,0.000000,0.014429,
234,1,17.000000,1,dl_234(5),235,0,0.000000,0.000000,0.000000,0.007828,
235,1,17.000000,1,dl_235(5),236,0,0.000000,0.000000,0.000000,0.007785,
236,1,17.000000,1,dl_236(4),237,0,0.000000,0.000000,0.000000,0.008953,
237,1,17.000000,1,dl_237(5),238,0,0.000000,0.000000,0.000000,0.012136,
238,1,17.000000,1,dl_238(5),239,0,0.000000,0.000000,0.000000,0.012375,
239,1,17.000000,1,dl_239(4),240,0,0.000000,0.000000,0.000000,0.010882,
240,1,17.000000,1,dl_240(5),241,0,0.000000,0.000000,0.000000,0.008146,
241,1,17.000000,1,dl_241(5),242,0,0.000000,0.000000,0.000000,0.011834,
242,1,17.000000,1,dl_242(5),243,0,0.000000,0.000000,0.000000,0.007724,
243,1,17.000000,1,dl_243(5),244,0,0.000000,0.000000,0.000000,0.010065,
244,1,17.000000,1,dl_244(5),245,0,0.000000,0.000000,0.000000,0.016532,
245,1,17.000000,1,dl_245(5),246,0,0.000000,0.000000,0.000000,0.012450,
246,1,17.000000,1,dl_246(6),247,0,0.000000,0.000000,0.000000,0.009083,5>4[-T51]
247,1,17.000000,1,dl_247(6),248,0,0.000000,0.000000,0.000000,0.009650,5>4[-T51]
248,1,17.000000,1,dl_248(5),249,0,0.000000,0.000000,0.000000,0.022339,5>4[-T51]
249,1,17.000000,1,dl_249(6),250,0,0.000000,0.000000,0.000000,0.022258,
250,1,17.000000,1,dl_250(6),251,0,0.000000,0.000000,0.000000,0.010301,
251,1,17.000000,1,dl_251(5),252,0,0.000000,0.000000,0.000000,0.013404,
252,1,17.000000,1,dl_252(6),253,0,0.000000,0.000000,0.000000,0.019466,5>4[-T51]
253,1,17.000000,1,dl_253(6),254,0,0.000000,0.000000,0.000000,0.016024,5>4[-T51]
254,1,17.000000,1,dl_254(5),255,0,0.000000,0.000000,0.000000,0.012320,5>4[-T51]
255,1,17.000000,1,dl_255(6),256,0,0.000000,0.000000,0.000000,0.011598,
256,1,17.000000,1,dl_256(6),257,0,0.000000,0.000000,0.000000,0.008749,
257,1,17.000000,1,dl_257(5),258,0,0.000000,0.000000,0.000000,0.013350,
258,1,17.000000,1,dl_258(6),259,0,0.000000,0.000000,0.000000,0.011222,5>4[-T51]
259,1,17.000000,1,dl_259(6),260,0,0.000000,0.000000,0.000000,0.007442,5>4[-T51]
260,1,17.000000,1,dl_260(5),261,0,0.000000,0.000000,0.000000,0.010705,5>4[-T51]
261,1,17.000000,1,dl_261(6),262,0,0.000000,0.000000,0.000000,0.008444,
262,1,17.000000,1,dl_262(6),263,0,0.000000,0.000000,0.000000,0.008089,
263,1,17.000000,1,dl_263(5),264,0,0.000000,0.000000,0.000000,0.020707,
264,1,17.000000,1,dl_264(6),265,0,0.000000,0.000000,0.000000,0.008861,
265,1,17.000000,1,dl_265(6),266,0,0.000000,0.000000,0.000000,0.013636,
266,1,17.000000,1,dl_266(5),267,0,0.000000,0.000000,0.000000,0.032062,
267,1,17.000000,1,dl_267(6),268,0,0.000000,0.000000,0.000000,0.024474,
268,1,17.000000,1,dl_268(6),269,0,0.000000,0.000000,0.000000,0.021987,
269,1,17.000000,1,dl_269(5),270,0,0.000000,0.000000,0.000000,0.019953,
270,1,17.000000,1,dl_270(6),271,0,0.000000,0.000000,0.000000,0.025505,
271,1,17.000000,1,dl_271(6),272,0,0.000000,0.000000,0.000000,0.033311,
272,1,17.000000,1,dl_272(5),273,0,0.000000,0.000000,0.000000,0.027154,
273,1,17.000000,1,dl_273(6),274,0,0.000000,0.000000,0.000000,0.032369,
274,1,17.000000,1,dl_274(6),275,0,0.000000,0.000000,0.000000,0.032393,
275,1,17.000000,1,dl_275(6),276,0,0.000000,0.000000,0.000000,0.023491,
276,1,17.000000,1,dl_276(6),277,0,0.000000,0.000000,0.000000,0.024307,
277,1,17.000000,1,dl_277(6),278,0,0.000000,0.000000,0.000000,0.025895,
278,1,17.000000,1,dl_278(6),279,0,0.000000,0.000000,0.000000,0.022062,
279,1,17.000000,1,dl_279(6),280,0,0.000000,0.000000,0.000000,0.019795,5>4[-T51]
280,1,17.000000,1,dl_280(6),281,0,0.000000,0.000000,0.000000,0.020319,5>4[-T51]
281,1,17.000000,1,dl_281(5),282,0,0.000000,0.000000,0.000000,0.020534,5>4[-T51]
282,1,17.000000,1,dl_282(6),283,0,0.000000,0.000000,0.000000,0.019162,
283,1,17.000000,1,dl_283(6),284,0,0.000000,0.000000,0.000000,0.026719,
284,1,17.000000,1,dl_284(5),285,0,0.000000,0.000000,0.000000,0.024742,
285,1,17.000000,1,dl_285(6),286,0,0.000000,0.000000,0.000000,0.021646,5>4[-T51]
286,1,17.000000,1,dl_286(6),287,0,0.000000,0.000000,0.000000,0.020551,5>4[-T51]
287,1,17.000000,1,dl_287(5),288,0,0.000000,0.000000,0.000000,0.019893,5>4[-T51]
288,1,17.000000,1,dl_288(6),289,0,0.000000,0.000000,0.000000,0.022072,
289,1,17.000000,1,dl_289(6),290,0,0.000000,0.000000,0.000000,0.022734,
290,1,17.000000,1,dl_290(5),291,0,0.000000,0.000000,0.000000,0.029321,
291,1,17.000000,1,dl_291(6),292,0,0.000000,0.000000,0.000000,0.023503,5>4[-T51]
292,1,17.000000,1,dl_292(6),293,0,0.000000,0.000000,0.000000,0.019744,5>4[-T51]
293,1,17.000000,1,dl_293(5),294,0,0.000000,0.000000,0.000000,0.022471,5>4[-T51]
294,1,17.000000,1,dl_294(6),295,0,0.000000,0.000000,0.000000,0.019451,
295,1,17.000000,1,dl_295(6),296,0,0.000000,0.000000,0.000000,0.020196,
296,1,17.000000,1,dl_296(5),297,0,0.000000,0.000000,0.000000,0.019415,
297,1,17.000000,1,dl_297(6),298,0,0.000000,0.000000,0.000000,0.022942,
298,1,17.000000,1,dl_298(6),299,0,0.000000,0.000000,0.000000,0.034647,
299,1,17.000000,1,dl_299(5),300,0,0.000000,0.000000,0.000000,0.033582,
300,1,17.000000,1,dl_300(6),301,0,0.000000,0.000000,0.000000,0.036886,
301,1,17.000000,1,dl_301(6),302,0,0.000000,0.000000,0.000000,0.025335,
302,1,17.000000,1,dl_302(5),303,0,0.000000,0.000000,0.000000,0.023960,
303,1,17.000000,1,dl_303(6),304,0,0.000000,0.000000,0.000000,0.023004,
304,1,17.000000,1,dl_304(6),305,0,0.000000,0.000000,0.000000,0.027267,
305,1,17.000000,1,dl_305(5),306,0,0.000000,0.000000,0.000000,0.053461,
306,1,17.000000,1,dl_306(6),307,0,0.000000,0.000000,0.000000,0.036439,
307,1,17.000000,1,dl_307(6),308,0,0.000000,0.000000,0.000000,0.030914,
308,1,17.000000,1,dl_308(6),309,0,0.000000,0.000000,0.000000,0.024637,
309,1,17.000000,1,dl_309(6),310,0,0.000000,0.000000,0.000000,0.021838,
310,1,17.000000,1,dl_310(6),311,0,0.000000,0.000000,0.000000,0.022371,
311,1,17.000000,1,dl_311(6),312,0,0.000000,0.000000,0.000000,0.020095,
312,1,17.000000,1,dl_312(5),313,0,0.000000,0.000000,0.000000,0.021947,5>4[-T51]
313,1,17.000000,1,dl_313(5),314,0,0.000000,0.000000,0.000000,0.023067,5>4[-T51]
314,1,17.000000,1,dl_314(4),315,0,0.000000,0.000000,0.000000,0.018850,5>4[-T51]
315,1,17.000000,1,dl_315(5),316,0,0.000000,0.000000,0.000000,0.020496,
316,1,17.000000,1,dl_316(5),317,0,0.000000,0.000000,0.000000,0.020193,
317,1,17.000000,1,dl_317(4),318,0,0.000000,0.000000,0.000000,0.019976,
318,1,17.000000,1,dl_318(5),319,0,0.000000,0.000000,0.000000,0.018056,5>4[-T51]
319,1,17.000000,1,dl_319(5),320,0,0.000000,0.000000,0.000000,0.019704,5>4[-T51]
320,1,17.000000,1,dl_320(4),321,0,0.000000,0.000000,0.000000,0.020817,5>4[-T51]
321,1,17.000000,1,dl_321(5),322,0,0.000000,0.000000,0.000000,0.018715,
322,1,17.000000,1,dl_322(5),323,0,0.000000,0.000000,0.000000,0.021109,
323,1,17.000000,1,dl_323(4),324,0,0.000000,0.000000,0.000000,0.022278,
324,1,17.000000,1,dl_324(5),325,0,0.000000,0.000000,0.000000,0.020236,5>4[-T51]
325,1,17.000000,1,dl_325(5),326,0,0.000000,0.000000,0.000000,0.019415,5>4[-T51]
326,1,17.000000,1,dl_326(4),327,0,0.000000,0.000000,0.000000,0.022212,5>4[-T51]
327,1,17.000000,1,dl_327(5),328,0,0.000000,0.000000,0.000000,0.023251,
328,1,17.000000,1,dl_328(5),329,0,0.000000,0.000000,0.000000,0.018686,
329,1,17.000000,1,dl_329(4),330,0,0.000000,0.000000,0.000000,0.019070,
330,1,17.000000,1,dl_330(5),331,0,0.000000,0.000000,0.000000,0.020615,
331,1,17.000000,1,dl_331(5),332,0,0.000000,0.000000,0.000000,0.019798,
332,1,17.000000,1,dl_332(4),333,0,0.000000,0.000000,0.000000,0.018875,
333,1,17.000000,1,dl_333(5),334,0,0.000000,0.000000,0.000000,0.016518,
334,1,17.000000,1,dl_334(5),335,0,0.000000,0.000000,0.000000,0.018945,
335,1,17.000000,1,dl_335(4),336,0,0.000000,0.000000,0.000000,0.018554,
336,1,17.000000,1,dl_336(5),337,0,0.000000,0.000000,0.000000,0.018146,
337,1,17.000000,1,dl_337(5),338,0,0.000000,0.000000,0.000000,0.023731,
338,1,17.000000,1,dl_338(4),339,0,0.000000,0.000000,0.000000,0.019284,
339,1,17.000000,1,dl_339(5),340,0,0.000000,0.000000,0.000000,0.020981,
340,1,17.000000,1,dl_340(5),341,0,0.000000,0.000000,0.000000,0.019045,
341,1,17.000000,1,dl_341(5),342,0,0.000000,0.000000,0.000000,0.019549,
342,1,17.000000,1,dl_342(5),343,0,0.000000,0.000000,0.000000,0.017731,
343,1,17.000000,1,dl_343(5),344,0,0.000000,0.000000,0.000000,0.018393,
344,1,17.000000,1,dl_344(5),345,0,0.000000,0.000000,0.000000,0.020796,
345,1,17.000000,1,dl_345(6),346,0,0.000000,0.000000,0.000000,0.025442,6>5[-T51]
346,1,17.000000,1,dl_346(6),347,0,0.000000,0.000000,0.000000,0.029532,6>5[-T51]
347,1,17.000000,1,dl_347(5),348,0,0.000000,0.000000,0.000000,0.021933,6>5[-T51]
348,1,17.000000,1,dl_348(6),349,0,0.000000,0.000000,0.000000,0.021063,
349,1,17.000000,1,dl_349(6),350,0,0.000000,0.000000,0.000000,0.020233,
350,1,17.000000,1,dl_350(5),351,0,0.000000,0.000000,0.000000,0.018744,
351,1,17.000000,1,dl_351(6),352,0,0.000000,0.000000,0.000000,0.018771,6>5[-T51]
352,1,17.000000,1,dl_352(6),353,0,0.000000,0.000000,0.000000,0.018656,6>5[-T51]
353,1,17.000000,1,dl_353(5),354,0,0.000000,0.000000,0.000000,0.019042,6>5[-T51]
354,1,17.000000,1,dl_354(6),355,0,0.000000,0.000000,0.000000,0.018607,
355,1,17.000000,1,dl_355(6),356,0,0.000000,0.000000,0.000000,0.018308,
356,1,17.000000,1,dl_356(5),357,0,0.000000,0.000000,0.000000,0.018505,
357,1,17.000000,1,dl_357(6),358,0,0.000000,0.000000,0.000000,0.019387,6>5[-T51]
358,1,17.000000,1,dl_358(6),359,0,0.000000,0.000000,0.000000,0.022432,6>5[-T51]
359,1,17.000000,1,dl_359(5),360,0,0.000000,0.000000,0.000000,0.019921,6>5[-T51]
360,1,17.000000,1,dl_360(6),361,0,0.000000,0.000000,0.000000,0.017747,
361,1,17.000000,1,dl_361(6),362,0,0.000000,0.000000,0.000000,0.017900,
362,1,17.000000,1,dl_362(5),363,0,0.000000,0.000000,0.000000,0.018688,
363,1,17.000000,1,dl_363(6),364,0,0.000000,0.000000,0.000000,0.018128,
364,1,17.000000,1,dl_364(6),365,0,0.000000,0.000000,0.000000,0.016892,
365,1,17.000000,1,dl_365(5),366,0,0.000000,0.000000,0.000000,0.016890,
366,1,17.000000,1,dl_366(6),367,0,0.000000,0.000000,0.000000,0.015612,
367,1,17.000000,1,dl_367(6),368,0,0.000000,0.000000,0.000000,0.015701,
368,1,17.000000,1,dl_368(5),369,0,0.000000,0.000000,0.000000,0.017462,
369,1,17.000000,1,dl_369(6),370,0,0.000000,0.000000,0.000000,0.017344,
370,1,17.000000,1,dl_370(6),371,0,0.000000,0.000000,0.000000,0.019294,
371,1,17.000000,1,dl_371(5),372,0,0.000000,0.000000,0.000000,0.019787,
372,1,17.000000,1,dl_372(6),373,0,0.000000,0.000000,0.000000,0.019248,
373,1,17.000000,1,dl_373(6),374,0,0.000000,0.000000,0.000000,0.018328,
374,1,17.000000,1,dl_374(6),375,0,0.000000,0.000000,0.000000,0.017471,
375,1,17.000000,1,dl_375(6),376,0,0.000000,0.000000,0.000000,0.016928,
376,1,17.000000,1,dl_376(6),377,0,0.000000,0.000000,0.000000,0.017378,
377,1,17.000000,1,dl_377(6),378,0,0.000000,0.000000,0.000000,0.018159,
378,1,17.000000,1,dl_378(6),379,0,0.000000,0.000000,0.000000,0.018084,6>5[-T51]
379,1,17.000000,1,dl_379(6),380,0,0.000000,0.000000,0.000000,0.016318,6>5[-T51]
380,1,17.000000,1,dl_380(5),381,0,0.000000,0.000000,0.000000,0.017716,6>5[-T51]
381,1,17.000000,1,dl_381(6),382,0,0.000000,0.000000,0.000000,0.020957,
382,1,17.000000,1,dl_382(6),383,0,0.000000,0.000000,0.000000,0.018814,
383,1,17.000000,1,dl_383(5),384,0,0.000000,0.000000,0.000000,0.019655,
384,1,17.000000,1,dl_384(6),385,0,0.000000,0.000000,0.000000,0.019858,6>5[-T51]
385,1,17.000000,1,dl_385(6),386,0,0.000000,0.000000,0.000000,0.020954,6>5[-T51]
386,1,17.000000,1,dl_386(5),387,0,0.000000,0.000000,0.000000,0.018812,6>5[-T51]
387,1,17.000000,1,dl_387(6),388,0,0.000000,0.000000,0.000000,0.018405,
388,1,17.000000,1,dl_388(6),389,0,0.000000,0.000000,0.000000,0.017140,
389,1,17.000000,1,dl_389(5),390,0,0.000000,0.000000,0.000000,0.021126,
390,1,17.000000,1,dl_390(6),391,0,0.000000,0.000000,0.000000,0.026774,6>5[-T51]
391,1,17.000000,1,dl_391(6),392,0,0.000000,0.000000,0.000000,0.025908,6>5[-T51]
392,1,17.000000,1,dl_392(5),393,0,0.000000,0.000000,0.000000,0.036362,6>5[-T51]
393,1,17.000000,1,dl_393(6),394,0,0.000000,0.000000,0.000000,0.023811,
394,1,17.000000,1,dl_394(6),395,0,0.000000,0.000000,0.000000,0.019531,
395,1,17.000000,1,dl_395(5),396,0,0.000000,0.000000,0.000000,0.018402,
396,1,17.000000,1,dl_396(6),397,0,0.000000,0.000000,0.000000,0.018460,
397,1,17.000000,1,dl_397(6),398,0,0.000000,0.000000,0.000000,0.018665,
398,1,17.000000,1,dl_398(5),399,0,0.000000,0.000000,0.000000,0.022264,
399,1,17.000000,1,dl_399(6),400,0,0.000000,0.000000,0.000000,0.018913,
400,1,17.000000,1,dl_400(6),401,0,0.000000,0.000000,0.000000,0.020954,
401,1,17.000000,1,dl_401(5),402,0,0.000000,0.000000,0.000000,0.021669,
402,1,17.000000,1,dl_402(6),403,0,0.000000,0.000000,0.000000,0.023588,
403,1,17.000000,1,dl_403(6),404,0,0.000000,0.000000,0.000000,0.020839,
404,1,17.000000,1,dl_404(5),405,0,0.000000,0.000000,0.000000,0.019230,
405,1,17.000000,1,dl_405(6),406,0,0.000000,0.000000,0.000000,0.018507,
406,1,17.000000,1,dl_406(6),407,0,0.000000,0.000000,0.000000,0.019275,
407,1,17.000000,1,dl_407(6),408,0,0.000000,0.000000,0.000000,0.019177,
408,1,17.000000,1,dl_408(6),409,0,0.000000,0.000000,0.000000,0.018600,
409,1,17.000000,1,dl_409(6),410,0,0.000000,0.000000,0.000000,0.018553,
410,1,17.000000,1,dl_410(6),411,0,0.000000,0.000000,0.000000,0.018593,
411,1,17.000000,1,dl_411(6),412,0,0.000000,0.000000,0.000000,0.019794,6>5[-T51]
412,1,17.000000,1,dl_412(6),413,0,0.000000,0.000000,0.000000,0.019356,6>5[-T51]
413,1,17.000000,1,dl_413(5),414,0,0.000000,0.000000,0.000000,0.019048,6>5[-T51]
414,1,17.000000,1,dl_414(6),415,0,0.000000,0.000000,0.000000,0.023002,
415,1,17.000000,1,dl_415(6),416,0,0.000000,0.000000,0.000000,0.020670,
416,1,17.000000,1,dl_416(5),417,0,0.000000,0.000000,0.000000,0.020148,
417,1,17.000000,1,dl_417(6),418,0,0.000000,0.000000,0.000000,0.018061,6>5[-T51]
418,1,17.000000,1,dl_418(6),419,0,0.000000,0.000000,0.000000,0.018399,6>5[-T51]
419,1,17.000000,1,dl_419(5),420,0,0.000000,0.000000,0.000000,0.017934,6>5[-T51]
420,1,17.000000,1,dl_420(6),421,0,0.000000,0.000000,0.000000,0.017887,
421,1,17.000000,1,dl_421(6),422,0,0.000000,0.000000,0.000000,0.016325,
422,1,17.000000,1,dl_422(5),423,0,0.000000,0.000000,0.000000,0.018829,
423,1,17.000000,1,dl_423(6),424,0,0.000000,0.000000,0.000000,0.022615,6>5[-T51]
424,1,17.000000,1,dl_424(6),425,0,0.000000,0.000000,0.000000,0.021300,6>5[-T51]
425,1,17.000000,1,dl_425(5),426,0,0.000000,0.000000,0.000000,0.019751,6>5[-T51]
426,1,17.000000,1,dl_426(6),427,0,0.000000,0.000000,0.000000,0.019939,
427,1,17.000000,1,dl_427(6),428,0,0.000000,0.000000,0.000000,0.020920,
428,1,17.000000,1,dl_428(5),429,0,0.000000,0.000000,0.000000,0.019186,
429,1,17.000000,1,dl_429(6),430,0,0.000000,0.000000,0.000000,0.018430,
430,1,17.000000,1,dl_430(6),431,0,0.000000,0.000000,0.000000,0.019523,
431,1,17.000000,1,dl_431(5),432,0,0.000000,0.000000,0.000000,0.034401,
432,1,17.000000,1,dl_432(6),433,0,0.000000,0.000000,0.000000,0.035787,
433,1,17.000000,1,dl_433(6),434,0,0.000000,0.000000,0.000000,0.023897,
434,1,17.000000,1,dl_434(5),435,0,0.000000,0.000000,0.000000,0.027334,
435,1,17.000000,1,dl_435(6),436,0,0.000000,0.000000,0.000000,0.022223,
436,1,17.000000,1,dl_436(6),437,0,0.000000,0.000000,0.000000,0.019821,
437,1,17.000000,1,dl_437(5),438,0,0.000000,0.000000,0.000000,0.019432,
438,1,17.000000,1,dl_438(6),439,0,0.000000,0.000000,0.000000,0.020279,
439,1,17.000000,1,dl_439(6),440,0,0.000000,0.000000,0.000000,0.019366,
440,1,17.000000,1,dl_440(6),441,0,0.000000,0.000000,0.000000,0.018145,
441,1,17.000000,1,dl_441(6),442,0,0.000000,0.000000,0.000000,0.016691,
442,1,17.000000,1,dl_442(6),443,0,0.000000,0.000000,0.000000,0.017420,
443,1,17.000000,1,dl_443(6),444,0,0.000000,0.000000,0.000000,0.017964,
444,1,17.000000,1,dl_444(5),445,0,0.000000,0.000000,0.000000,0.019156,4>3[-T48]
445,1,17.000000,1,dl_445(5),446,0,0.000000,0.000000,0.000000,0.021343,4>3[-T48]
446,1,17.000000,1,dl_446(4),447,0,0.000000,0.000000,0.000000,0.020042,4>3[-T48]
447,1,17.000000,1,dl_447(5),448,0,0.000000,0.000000,0.000000,0.018103,
448,1,17.000000,1,dl_448(5),449,0,0.000000,0.000000,0.000000,0.018283,
449,1,17.000000,1,dl_449(4),450,0,0.000000,0.000000,0.000000,0.018470,
450,1,17.000000,1,dl_450(5),451,0,0.000000,0.000000,0.000000,0.017969,
451,1,17.000000,1,dl_451(5),452,0,0.000000,0.000000,0.000000,0.017069,
452,1,17.000000,1,dl_452(5),453,0,0.000000,0.000000,0.000000,0.017033,
453,1,17.000000,1,dl_453(5),454,0,0.000000,0.000000,0.000000,0.018417,
454,1,17.000000,1,dl_454(6),455,0,0.000000,0.000000,0.000000,0.019451,
455,1,17.000000,1,dl_455(6),456,0,0.000000,0.000000,0.000000,0.019923,
456,1,17.000000,1,dl_456(5),457,0,0.000000,0.000000,0.000000,0.020164,
457,1,17.000000,1,dl_457(6),458,0,0.000000,0.000000,0.000000,0.021617,
458,1,17.000000,1,dl_458(6),459,0,0.000000,0.000000,0.000000,0.020085,
459,1,17.000000,1,dl_459(6),460,0,0.000000,0.000000,0.000000,0.018910,
460,1,17.000000,1,dl_460(6),461,0,0.000000,0.000000,0.000000,0.019658,
461,1,17.000000,1,dl_461(6),462,0,0.000000,0.000000,0.000000,0.017642,
462,1,17.000000,1,dl_462(5),463,0,0.000000,0.000000,0.000000,0.016016,
463,1,17.000000,1,dl_463(6),464,0,0.000000,0.000000,0.000000,0.016443,
464,1,17.000000,1,dl_464(6),465,0,0.000000,0.000000,0.000000,0.019764,
465,1,17.000000,1,dl_465(6),466,0,0.000000,0.000000,0.000000,0.024329,
466,1,17.000000,1,dl_466(5),467,0,0.000000,0.000000,0.000000,0.022351,
467,1,17.000000,1,dl_467(6),468,0,0.000000,0.000000,0.000000,0.019429,
468,1,17.000000,1,dl_468(6),469,0,0.000000,0.000000,0.000000,0.019040,
469,1,17.000000,1,dl_469(6),470,0,0.000000,0.000000,0.000000,0.021101,
470,1,17.000000,1,dl_470(5),471,0,0.000000,0.000000,0.000000,0.020627,
471,1,17.000000,1,dl_471(6),472,0,0.000000,0.000000,0.000000,0.019585,
472,1,17.000000,1,dl_472(6),473,0,0.000000,0.000000,0.000000,0.027842,
473,1,17.000000,1,dl_473(6),474,0,0.000000,0.000000,0.000000,0.032661,
474,1,17.000000,1,dl_474(6),475,0,0.000000,0.000000,0.000000,0.021007,
475,1,17.000000,1,dl_475(6),476,0,0.000000,0.000000,0.000000,0.021588,
476,1,17.000000,1,dl_476(6),477,0,0.000000,0.000000,0.000000,0.020978,
477,1,17.000000,1,dl_477(6),478,0,0.000000,0.000000,0.000000,0.018895,
478,1,17.000000,1,dl_478(6),479,0,0.000000,0.000000,0.000000,0.021877,
479,1,17.000000,1,dl_479(6),480,0,0.000000,0.000000,0.000000,0.020156,
480,1,17.000000,1,dl_480(6),481,0,0.000000,0.000000,0.000000,0.016992,
481,1,17.000000,1,dl_481(6),482,0,0.000000,0.000000,0.000000,0.016085,
482,1,17.000000,1,dl_482(6),483,0,0.000000,0.000000,0.000000,0.016286,
483,1,17.000000,1,dl_483(6),484,0,0.000000,0.000000,0.000000,0.017446,
484,1,17.000000,1,dl_484(6),485,0,0.000000,0.000000,0.000000,0.017115,
485,1,17.000000,1,dl_485(6),486,0,0.000000,0.000000,0.000000,0.019729,
486,1,17.000000,1,dl_486(6),487,0,0.000000,0.000000,0.000000,0.020205,
487,1,17.000000,1,dl_487(6),488,0,0.000000,0.000000,0.000000,0.019644,
488,1,17.000000,1,dl_488(6),489,0,0.000000,0.000000,0.000000,0.017454,
489,1,17.000000,1,dl_489(6),490,0,0.000000,0.000000,0.000000,0.016155,
490,1,17.000000,1,dl_490(7),491,0,0.000000,0.000000,0.000000,0.015363,
491,1,17.000000,1,dl_491(7),492,0,0.000000,0.000000,0.000000,0.023219,
492,1,17.000000,1,dl_492(7),493,0,0.000000,0.000000,0.000000,0.025880,
493,1,17.000000,1,dl_493(7),494,0,0.000000,0.000000,0.000000,0.017910,
494,1,17.000000,1,dl_494(7),495,0,0.000000,0.000000,0.000000,0.016751,
495,1,17.000000,1,dl_495(7),496,0,0.000000,0.000000,0.000000,0.016099,
496,1,17.000000,1,dl_496(7),497,0,0.000000,0.000000,0.000000,0.006838,
497,1,17.000000,1,dl_497(7),498,0,0.000000,0.000000,0.000000,0.016081,
498,1,17.000000,1,dl_498(7),499,0,0.000000,0.000000,0.000000,0.016364,
499,1,17.000000,1,dl_499(7),500,0,0.000000,0.000000,0.000000,0.023619,
500,1,17.000000,1,dl_500(7),501,0,0.000000,0.000000,0.000000,0.019782,
501,1,17.000000,1,dl_501(7),502,0,0.000000,0.000000,0.000000,0.019811,
502,1,17.000000,1,dl_502(6),503,0,0.000000,0.000000,0.000000,0.020160,
503,1,17.000000,1,dl_503(6),504,0,0.000000,0.000000,0.000000,0.018634,
504,1,17.000000,1,dl_504(6),505,0,0.000000,0.000000,0.000000,0.016777,
505,1,17.000000,1,dl_505(6),506,0,0.000000,0.000000,0.000000,0.007012,
506,1,17.000000,1,dl_506(6),507,0,0.000000,0.000000,0.000000,0.007075,
507,1,17.000000,1,dl_507(6),508,0,0.000000,0.000000,0.000000,0.006553,
508,1,17.000000,1,dl_508(7),509,0,0.000000,0.000000,0.000000,0.015329,
509,1,17.000000,1,dl_509(7),510,0,0.000000,0.000000,0.000000,0.015142,
510,1,17.000000,1,dl_510(7),511,0,0.000000,0.000000,0.000000,0.021279,
511,1,17.000000,1,dl_511(7),512,0,0.000000,0.000000,0.000000,0.018235,
512,1,17.000000,1,dl_512(7),513,0,0.000000,0.000000,0.000000,0.018919,
513,1,17.000000,1,dl_513(7),514,0,0.000000,0.000000,0.000000,0.019627,
514,1,17.000000,1,dl_514(7),515,0,0.000000,0.000000,0.000000,0.018762,
515,1,17.000000,1,dl_515(7),516,0,0.000000,0.000000,0.000000,0.018978,
516,1,17.000000,1,dl_516(7),517,0,0.000000,0.000000,0.000000,0.019392,
517,1,17.000000,1,dl_517(7),518,0,0.000000,0.000000,0.000000,0.027293,
518,1,17.000000,1,dl_518(7),519,0,0.000000,0.000000,0.000000,0.023931,
519,1,17.000000,1,dl_519(7),520,0,0.000000,0.000000,0.000000,0.021046,
520,1,17.000000,1,dl_520(7),521,0,0.000000,0.000000,0.000000,0.018705,
521,1,17.000000,1,dl_521(7),522,0,0.000000,0.000000,0.000000,0.019057,
522,1,17.000000,1,dl_522(7),523,0,0.000000,0.000000,0.000000,0.018519,
523,1,17.000000,1,dl_523(7),524,0,0.000000,0.000000,0.000000,0.018190,
524,1,17.000000,1,dl_524(7),525,0,0.000000,0.000000,0.000000,0.017729,
525,1,17.000000,1,dl_525(7),526,0,0.000000,0.000000,0.000000,0.017078,
526,1,17.000000,1,dl_526(6),527,0,0.000000,0.000000,0.000000,0.017542,6>5[-T51]
527,1,17.000000,1,dl_527(6),528,0,0.000000,0.000000,0.000000,0.017709,6>5[-T51]
528,1,17.000000,1,dl_528(5),529,0,0.000000,0.000000,0.000000,0.016962,6>5[-T51]
529,1,17.000000,1,dl_529(6),530,0,0.000000,0.000000,0.000000,0.015809,
530,1,17.000000,1,dl_530(6),531,0,0.000000,0.000000,0.000000,0.018707,
531,1,17.000000,1,dl_531(5),532,0,0.000000,0.000000,0.000000,0.016855,
532,1,17.000000,1,dl_532(6),533,0,0.000000,0.000000,0.000000,0.016513,6>5[-T51]
533,1,17.000000,1,dl_533(6),534,0,0.000000,0.000000,0.000000,0.017803,6>5[-T51]
534,1,17.000000,1,dl_534(5),535,0,0.000000,0.000000,0.000000,0.018176,6>5[-T51]
535,1,17.000000,1,dl_535(6),536,0,0.000000,0.000000,0.000000,0.018535,
536,1,17.000000,1,dl_536(6),537,0,0.000000,0.000000,0.000000,0.018047,
537,1,17.000000,1,dl_537(5),538,0,0.000000,0.000000,0.000000,0.016118,
538,1,17.000000,1,dl_538(6),539,0,0.000000,0.000000,0.000000,0.016152,6>5[-T51]
539,1,17.000000,1,dl_539(6),540,0,0.000000,0.000000,0.000000,0.016565,6>5[-T51]
540,1,17.000000,1,dl_540(5),541,0,0.000000,0.000000,0.000000,0.017536,6>5[-T51]
541,1,17.000000,1,dl_541(6),542,0,0.000000,0.000000,0.000000,0.016669,
542,1,17.000000,1,dl_542(6),543,0,0.000000,0.000000,0.000000,0.017672,
543,1,17.000000,1,dl_543(5),544,0,0.000000,0.000000,0.000000,0.019991,
544,1,17.000000,1,dl_544(6),545,0,0.000000,0.000000,0.000000,0.018582,
545,1,17.000000,1,dl_545(6),546,0,0.000000,0.000000,0.000000,0.016254,
546,1,17.000000,1,dl_546(5),547,0,0.000000,0.000000,0.000000,0.015998,
547,1,17.000000,1,dl_547(6),548,0,0.000000,0.000000,0.000000,0.017347,
548,1,17.000000,1,dl_548(6),549,0,0.000000,0.000000,0.000000,0.019402,
549,1,17.000000,1,dl_549(5),550,0,0.000000,0.000000,0.000000,0.019323,
550,1,17.000000,1,dl_550(6),551,0,0.000000,0.000000,0.000000,0.018298,
551,1,17.000000,1,dl_551(6),552,0,0.000000,0.000000,0.000000,0.006474,
552,1,17.000000,1,dl_552(5),553,0,0.000000,0.000000,0.000000,0.006811,
553,1,17.000000,1,dl_553(6),554,0,0.000000,0.000000,0.000000,0.015571,
554,1,17.000000,1,dl_554(6),555,0,0.000000,0.000000,0.000000,0.015093,
555,1,17.000000,1,dl_555(6),556,0,0.000000,0.000000,0.000000,0.006982,
556,1,17.000000,1,dl_556(6),557,0,0.000000,0.000000,0.000000,0.006265,
557,1,17.000000,1,dl_557(6),558,0,0.000000,0.000000,0.000000,0.020525,
558,1,17.000000,1,dl_558(6),559,0,0.000000,0.000000,0.000000,0.017464,
559,1,17.000000,1,dl_559(6),560,0,0.000000,0.000000,0.000000,0.016341,6>5[-T51]
560,1,17.000000,1,dl_560(6),561,0,0.000000,0.000000,0.000000,0.018170,6>5[-T51]
561,1,17.000000,1,dl_561(5),562,0,0.000000,0.000000,0.000000,0.017789,6>5[-T51]
562,1,17.000000,1,dl_562(6),563,0,0.000000,0.000000,0.000000,0.018833,
563,1,17.000000,1,dl_563(6),564,0,0.000000,0.000000,0.000000,0.017797,
564,1,17.000000,1,dl_564(5),565,0,0.000000,0.000000,0.000000,0.018834,
565,1,17.000000,1,dl_565(6),566,0,0.000000,0.000000,0.000000,0.019094,6>5[-T51]
566,1,17.000000,1,dl_566(6),567,0,0.000000,0.000000,0.000000,0.022471,6>5[-T51]
567,1,17.000000,1,dl_567(5),568,0,0.000000,0.000000,0.000000,0.025948,6>5[-T51]
568,1,17.000000,1,dl_568(6),569,0,0.000000,0.000000,0.000000,0.021177,
569,1,17.000000,1,dl_569(6),570,0,0.000000,0.000000,0.000000,0.019529,
570,1,17.000000,1,dl_570(5),571,0,0.000000,0.000000,0.000000,0.020493,
571,1,17.000000,1,dl_571(6),572,0,0.000000,0.000000,0.000000,0.019784,6>5[-T51]
572,1,17.000000,1,dl_572(6),573,0,0.000000,0.000000,0.000000,0.019652,6>5[-T51]
573,1,17.000000,1,dl_573(5),574,0,0.000000,0.000000,0.000000,0.018476,6>5[-T51]
574,1,17.000000,1,dl_574(6),575,0,0.000000,0.000000,0.000000,0.016261,
575,1,17.000000,1,dl_575(6),576,0,0.000000,0.000000,0.000000,0.016348,
576,1,17.000000,1,dl_576(5),577,0,0.000000,0.000000,0.000000,0.017081,
577,1,17.000000,1,dl_577(6),578,0,0.000000,0.000000,0.000000,0.019415,
578,1,17.000000,1,dl_578(6),579,0,0.000000,0.000000,0.000000,0.017840,
579,1,17.000000,1,dl_579(5),580,0,0.000000,0.000000,0.000000,0.016724,
580,1,17.000000,1,dl_580(6),581,0,0.000000,0.000000,0.000000,0.016852,
581,1,17.000000,1,dl_581(6),582,0,0.000000,0.000000,0.000000,0.018198,
582,1,17.000000,1,dl_582(5),583,0,0.000000,0.000000,0.000000,0.017645,
583,1,17.000000,1,dl_583(6),584,0,0.000000,0.000000,0.000000,0.016656,
584,1,17.000000,1,dl_584(6),585,0,0.000000,0.000000,0.000000,0.018882,
585,1,17.000000,1,dl_585(5),586,0,0.000000,0.000000,0.000000,0.021587,
586,1,17.000000,1,dl_586(6),587,0,0.000000,0.000000,0.000000,0.018152,
587,1,17.000000,1,dl_587(6),588,0,0.000000,0.000000,0.000000,0.018010,
588,1,17.000000,1,dl_588(6),589,0,0.000000,0.000000,0.000000,0.017922,
589,1,17.000000,1,dl_589(6),590,0,0.000000,0.000000,0.000000,0.016320,
590,1,17.000000,1,dl_590(6),591,0,0.000000,0.000000,0.000000,0.020045,
591,1,17.000000,1,dl_591(6),592,0,0.000000,0.000000,0.000000,0.007454,
592,1,17.000000,1,dl_592(6),593,0,0.000000,0.000000,0.000000,0.018183,6>5[-T51]
593,1,17.000000,1,dl_593(6),594,0,0.000000,0.000000,0.000000,0.017654,6>5[-T51]
594,1,17.000000,1,dl_594(5),595,0,0.000000,0.000000,0.000000,0.007408,6>5[-T51]
595,1,17.000000,1,dl_595(6),596,0,0.000000,0.000000,0.000000,0.007037,
596,1,17.000000,1,dl_596(6),597,0,0.000000,0.000000,0.000000,0.016902,
597,1,17.000000,1,dl_597(5),598,0,0.000000,0.000000,0.000000,0.018031,
598,1,17.000000,1,dl_598(6),599,0,0.000000,0.000000,0.000000,0.019425,6>5[-T51]
599,1,17.000000,1,dl_599(6),600,0,0.000000,0.000000,0.000000,0.020685,6>5[-T51]
600,1,17.000000,1,dl_600(5),601,0,0.000000,0.000000,0.000000,0.017922,6>5[-T51]
601,1,17.000000,1,dl_601(6),602,0,0.000000,0.000000,0.000000,0.019779,
602,1,17.000000,1,dl_602(6),603,0,0.000000,0.000000,0.000000,0.018107,
603,1,17.000000,1,dl_603(5),604,0,0.000000,0.000000,0.000000,0.016757,
604,1,17.000000,1,dl_604(6),605,0,0.000000,0.000000,0.000000,0.019559,6>5[-T51]
605,1,17.000000,1,dl_605(6),606,0,0.000000,0.000000,0.000000,0.016599,6>5[-T51]
606,1,17.000000,1,dl_606(5),607,0,0.000000,0.000000,0.000000,0.016438,6>5[-T51]
607,1,17.000000,1,dl_607(6),608,0,0.000000,0.000000,0.000000,0.016542,
608,1,17.000000,1,dl_608(6),609,0,0.000000,0.000000,0.000000,0.007615,
609,1,17.000000,1,dl_609(5),610,0,0.000000,0.000000,0.000000,0.018288,
610,1,17.000000,1,dl_610(6),611,0,0.000000,0.000000,0.000000,0.017005,
611,1,17.000000,1,dl_611(6),612,0,0.000000,0.000000,0.000000,0.015712,
612,1,17.000000,1,dl_612(5),613,0,0.000000,0.000000,0.000000,0.020250,
613,1,17.000000,1,dl_613(6),614,0,0.000000,0.000000,0.000000,0.024997,
614,1,17.000000,1,dl_614(6),615,0,0.000000,0.000000,0.000000,0.022167,
615,1,17.000000,1,dl_615(5),616,0,0.000000,0.000000,0.000000,0.019411,
616,1,17.000000,1,dl_616(6),617,0,0.000000,0.000000,0.000000,0.020206,
617,1,17.000000,1,dl_617(6),618,0,0.000000,0.000000,0.000000,0.018489,
618,1,17.000000,1,dl_618(5),619,0,0.000000,0.000000,0.000000,0.017013,
619,1,17.000000,1,dl_619(6),620,0,0.000000,0.000000,0.000000,0.016111,
620,1,17.000000,1,dl_620(6),621,0,0.000000,0.000000,0.000000,0.015370,
621,1,17.000000,1,dl_621(6),622,0,0.000000,0.000000,0.000000,0.017956,
622,1,17.000000,1,dl_622(6),623,0,0.000000,0.000000,0.000000,0.018097,
623,1,17.000000,1,dl_623(6),624,0,0.000000,0.000000,0.000000,0.007772,
624,1,17.000000,1,dl_624(6),625,0,0.000000,0.000000,0.000000,0.019538,
625,1,17.000000,1,dl_625(7),626,0,0.000000,0.000000,0.000000,0.017923,
626,1,17.000000,1,dl_626(7),627,0,0.000000,0.000000,0.000000,0.015707,
627,1,17.000000,1,dl_627(7),628,0,0.000000,0.000000,0.000000,0.016491,
628,1,17.000000,1,dl_628(7),629,0,0.000000,0.000000,0.000000,0.015772,
629,1,17.000000,1,dl_629(7),630,0,0.000000,0.000000,0.000000,0.016710,
630,1,17.000000,1,dl_630(7),631,0,0.000000,0.000000,0.000000,0.016859,
631,1,17.000000,1,dl_631(7),632,0,0.000000,0.000000,0.000000,0.017380,
632,1,17.000000,1,dl_632(7),633,0,0.000000,0.000000,0.000000,0.007967,
633,1,17.000000,1,dl_633(7),634,0,0.000000,0.000000,0.000000,0.016853,
634,1,17.000000,1,dl_634(7),635,0,0.000000,0.000000,0.000000,0.018293,
635,1,17.000000,1,dl_635(7),636,0,0.000000,0.000000,0.000000,0.018660,
636,1,17.000000,1,dl_636(7),637,0,0.000000,0.000000,0.000000,0.017570,
637,1,17.000000,1,dl_637(7),638,0,0.000000,0.000000,0.000000,0.016951,
638,1,17.000000,1,dl_638(7),639,0,0.000000,0.000000,0.000000,0.018413,
639,1,17.000000,1,dl_639(7),640,0,0.000000,0.000000,0.000000,0.016476,
640,1,17.000000,1,dl_640(7),641,0,0.000000,0.000000,0.000000,0.017140,
641,1,17.000000,1,dl_641(7),642,0,0.000000,0.000000,0.000000,0.016897,
642,1,17.000000,1,dl_642(7),643,0,0.000000,0.000000,0.000000,0.017096,
643,1,17.000000,1,dl_643(5),644,0,0.000000,0.000000,0.000000,0.016523,
644,1,17.000000,1,dl_644(5),645,0,0.000000,0.000000,0.000000,0.015651,
645,1,17.000000,1,dl_645(4),646,0,0.000000,0.000000,0.000000,0.015741,
646,1,17.000000,1,dl_646(5),647,0,0.000000,0.000000,0.000000,0.019286,
647,1,17.000000,1,dl_647(5),648,0,0.000000,0.000000,0.000000,0.021401,
648,1,17.000000,1,dl_648(5),649,0,0.000000,0.000000,0.000000,0.019759,
649,1,17.000000,1,dl_649(5),650,0,0.000000,0.000000,0.000000,0.017439,
650,1,17.000000,1,dl_650(6),651,0,0.000000,0.000000,0.000000,0.016887,
651,1,17.000000,1,dl_651(6),652,0,0.000000,0.000000,0.000000,0.020539,
652,1,17.000000,1,dl_652(5),653,0,0.000000,0.000000,0.000000,0.017739,
653,1,17.000000,1,dl_653(6),654,0,0.000000,0.000000,0.000000,0.015383,
654,1,17.000000,1,dl_654(6),655,0,0.000000,0.000000,0.000000,0.015697,
655,1,17.000000,1,dl_655(6),656,0,0.000000,0.000000,0.000000,0.015877,
656,1,17.000000,1,dl_656(6),657,0,0.000000,0.000000,0.000000,0.019295,
657,1,17.000000,1,dl_657(6),658,0,0.000000,0.000000,0.000000,0.017201,
658,1,17.000000,1,dl_658(5),659,0,0.000000,0.000000,0.000000,0.017554,
659,1,17.000000,1,dl_659(6),660,0,0.000000,0.000000,0.000000,0.019668,
660,1,17.000000,1,dl_660(6),661,0,0.000000,0.000000,0.000000,0.023445,
661,1,17.000000,1,dl_661(6),662,0,0.000000,0.000000,0.000000,0.027069,
662,1,17.000000,1,dl_662(6),663,0,0.000000,0.000000,0.000000,0.019094,
663,1,17.000000,1,dl_663(7),664,0,0.000000,0.000000,0.000000,0.020151,
664,1,17.000000,1,dl_664(7),665,0,0.000000,0.000000,0.000000,0.019174,
665,1,17.000000,1,dl_665(6),666,0,0.000000,0.000000,0.000000,0.017826,
666,1,17.000000,1,dl_666(7),667,0,0.000000,0.000000,0.000000,0.015561,
667,1,17.000000,1,dl_667(7),668,0,0.000000,0.000000,0.000000,0.007604,
668,1,17.000000,1,dl_668(7),669,0,0.000000,0.000000,0.000000,0.016359,
669,1,17.000000,1,dl_669(6),670,0,0.000000,0.000000,0.000000,0.006707,
670,1,17.000000,1,dl_670(6),671,0,0.000000,0.000000,0.000000,0.017442,
671,1,17.000000,1,dl_671(6),672,0,0.000000,0.000000,0.000000,0.020335,
672,1,17.000000,1,dl_672(7),673,0,0.000000,0.000000,0.000000,0.019079,
673,1,17.000000,1,dl_673(7),674,0,0.000000,0.000000,0.000000,0.016502,
674,1,17.000000,1,dl_674(7),675,0,0.000000,0.000000,0.000000,0.016346,
675,1,17.000000,1,dl_675(6),676,0,0.000000,0.000000,0.000000,0.016136,
676,1,17.000000,1,dl_676(6),677,0,0.000000,0.000000,0.000000,0.018476,
677,1,17.000000,1,dl_677(5),678,0,0.000000,0.000000,0.000000,0.017054,
678,1,17.000000,1,dl_678(6),679,0,0.000000,0.000000,0.000000,0.016160,
679,1,17.000000,1,dl_679(6),680,0,0.000000,0.000000,0.000000,0.015967,
680,1,17.000000,1,dl_680(5),681,0,0.000000,0.000000,0.000000,0.015711,
681,1,17.000000,1,dl_681(6),682,0,0.000000,0.000000,0.000000,0.016663,
682,1,17.000000,1,dl_682(6),683,0,0.000000,0.000000,0.000000,0.018051,
683,1,17.000000,1,dl_683(5),684,0,0.000000,0.000000,0.000000,0.017769,
684,1,17.000000,1,dl_684(6),685,0,0.000000,0.000000,0.000000,0.017297,
685,1,17.000000,1,dl_685(6),686,0,0.000000,0.000000,0.000000,0.016534,
686,1,17.000000,1,dl_686(6),687,0,0.000000,0.000000,0.000000,0.015968,
687,1,17.000000,1,dl_687(6),688,0,0.000000,0.000000,0.000000,0.009840,
688,1,17.000000,1,dl_688(6),689,0,0.000000,0.000000,0.000000,0.018234,
689,1,17.000000,1,dl_689(5),690,0,0.000000,0.000000,0.000000,0.016524,
690,1,17.000000,1,dl_690(6),691,0,0.000000,0.000000,0.000000,0.016642,
691,1,17.000000,1,dl_691(6),692,0,0.000000,0.000000,0.000000,0.016019,
692,1,17.000000,1,dl_692(5),693,0,0.000000,0.000000,0.000000,0.017323,
693,1,17.000000,1,dl_693(6),694,0,0.000000,0.000000,0.000000,0.020348,
694,1,17.000000,1,dl_694(6),695,0,0.000000,0.000000,0.000000,0.019068,
695,1,17.000000,1,dl_695(5),696,0,0.000000,0.000000,0.000000,0.021837,
696,1,17.000000,1,dl_696(6),697,0,0.000000,0.000000,0.000000,0.017553,
697,1,17.000000,1,dl_697(6),698,0,0.000000,0.000000,0.000000,0.017635,
698,1,17.000000,1,dl_698(6),699,0,0.000000,0.000000,0.000000,0.019904,
699,1,17.000000,1,dl_699(5),700,0,0.000000,0.000000,0.000000,0.018160,
700,1,17.000000,1,dl_700(5),701,0,0.000000,0.000000,0.000000,0.016898,
701,1,17.000000,1,dl_701(4),702,0,0.000000,0.000000,0.000000,0.018991,
702,1,17.000000,1,dl_702(5),703,0,0.000000,0.000000,0.000000,0.018419,
703,1,17.000000,1,dl_703(5),704,0,0.000000,0.000000,0.000000,0.017313,
704,1,17.000000,1,dl_704(4),705,0,0.000000,0.000000,0.000000,0.020557,
705,1,17.000000,1,dl_705(5),706,0,0.000000,0.000000,0.000000,0.020664,
706,1,17.000000,1,dl_706(5),707,0,0.000000,0.000000,0.000000,0.026480,
707,1,17.000000,1,dl_707(4),708,0,0.000000,0.000000,0.000000,0.030074,
708,1,17.000000,1,dl_708(5),709,0,0.000000,0.000000,0.000000,0.025108,
709,1,17.000000,1,dl_709(5),710,0,0.000000,0.000000,0.000000,0.019922,
710,1,17.000000,1,dl_710(5),711,0,0.000000,0.000000,0.000000,0.021605,
711,1,17.000000,1,dl_711(6),712,0,0.000000,0.000000,0.000000,0.019710,
712,1,17.000000,1,dl_712(6),713,0,0.000000,0.000000,0.000000,0.018253,
713,1,17.000000,1,dl_713(5),714,0,0.000000,0.000000,0.000000,0.016666,
714,1,17.000000,1,dl_714(6),715,0,0.000000,0.000000,0.000000,0.017973,
715,1,17.000000,1,dl_715(6),716,0,0.000000,0.000000,0.000000,0.017689,
716,1,17.000000,1,dl_716(5),717,0,0.000000,0.000000,0.000000,0.020507,
717,1,17.000000,1,dl_717(6),718,0,0.000000,0.000000,0.000000,0.023257,
718,1,17.000000,1,dl_718(6),719,0,0.000000,0.000000,0.000000,0.020438,
719,1,17.000000,1,dl_719(5),720,0,0.000000,0.000000,0.000000,0.019949,
720,1,17.000000,1,dl_720(6),721,0,0.000000,0.000000,0.000000,0.022186,
721,1,17.000000,1,dl_721(6),722,0,0.000000,0.000000,0.000000,0.022749,
722,1,17.000000,1,dl_722(6),723,0,0.000000,0.000000,0.000000,0.020470,
723,1,17.000000,1,dl_723(7),724,0,0.000000,0.000000,0.000000,0.019610,
724,1,17.000000,1,dl_724(7),725,0,0.000000,0.000000,0.000000,0.021123,
725,1,17.000000,1,dl_725(7),726,0,0.000000,0.000000,0.000000,0.020468,
726,1,17.000000,1,dl_726(7),727,0,0.000000,0.000000,0.000000,0.020940,
727,1,17.000000,1,dl_727(7),728,0,0.000000,0.000000,0.000000,0.019491,
728,1,17.000000,1,dl_728(7),729,0,0.000000,0.000000,0.000000,0.020435,
729,1,17.000000,1,dl_729(6),730,0,0.000000,0.000000,0.000000,0.019963,
730,1,17.000000,1,dl_730(6),731,0,0.000000,0.000000,0.000000,0.018446,
731,1,17.000000,1,dl_731(6),732,0,0.000000,0.000000,0.000000,0.019784,
732,1,17.000000,1,dl_732(7),733,0,0.000000,0.000000,0.000000,0.019378,
733,1,17.000000,1,dl_733(7),734,0,0.000000,0.000000,0.000000,0.017703,
734,1,17.000000,1,dl_734(7),735,0,0.000000,0.000000,0.000000,0.019771,
735,1,17.000000,1,dl_735(6),736,0,0.000000,0.000000,0.000000,0.020222,
736,1,17.000000,1,dl_736(6),737,0,0.000000,0.000000,0.000000,0.022808,
737,1,17.000000,1,dl_737(5),738,0,0.000000,0.000000,0.000000,0.020316,
738,1,17.000000,1,dl_738(6),739,0,0.000000,0.000000,0.000000,0.022438,
739,1,17.000000,1,dl_739(6),740,0,0.000000,0.000000,0.000000,0.022506,
740,1,17.000000,1,dl_740(5),741,0,0.000000,0.000000,0.000000,0.020287,
741,1,17.000000,1,dl_741(6),742,0,0.000000,0.000000,0.000000,0.020031,
742,1,17.000000,1,dl_742(6),743,0,0.000000,0.000000,0.000000,0.017683,
743,1,17.000000,1,dl_743(5),744,0,0.000000,0.000000,0.000000,0.019339,
744,1,17.000000,1,dl_744(6),745,0,0.000000,0.000000,0.000000,0.020795,
745,1,17.000000,1,dl_745(6),746,0,0.000000,0.000000,0.000000,0.022554,
746,1,17.000000,1,dl_746(6),747,0,0.000000,0.000000,0.000000,0.031783,
747,1,17.000000,1,dl_747(7),748,0,0.000000,0.000000,0.000000,0.028486,
748,1,17.000000,1,dl_748(7),749,0,0.000000,0.000000,0.000000,0.022894,
749,1,17.000000,1,dl_749(7),750,0,0.000000,0.000000,0.000000,0.021427,
750,1,17.000000,1,dl_750(6),751,0,0.000000,0.000000,0.000000,0.020179,
751,1,17.000000,1,dl_751(6),752,0,0.000000,0.000000,0.000000,0.021452,
752,1,17.000000,1,dl_752(5),753,0,0.000000,0.000000,0.000000,0.020205,
753,1,17.000000,1,dl_753(6),754,0,0.000000,0.000000,0.000000,0.019311,
754,1,17.000000,1,dl_754(7),755,0,0.000000,0.000000,0.000000,0.018610,
755,1,17.000000,1,dl_755(7),756,0,0.000000,0.000000,0.000000,0.017479,
756,1,17.000000,1,dl_756(6),757,0,0.000000,0.000000,0.000000,0.019530,
757,1,17.000000,1,dl_757(7),758,0,0.000000,0.000000,0.000000,0.021618,
758,1,17.000000,1,dl_758(6),759,0,0.000000,0.000000,0.000000,0.020569,
759,1,17.000000,1,dl_759(7),760,0,0.000000,0.000000,0.000000,0.021978,
760,1,17.000000,1,dl_760(6),761,0,0.000000,0.000000,0.000000,0.021376,
761,1,17.000000,1,dl_761(6),762,0,0.000000,0.000000,0.000000,0.022362,
762,1,17.000000,1,dl_762(5),763,0,0.000000,0.000000,0.000000,0.020959,
763,1,17.000000,1,dl_763(6),764,0,0.000000,0.000000,0.000000,0.019917,
764,1,17.000000,1,dl_764(6),765,0,0.000000,0.000000,0.000000,0.017579,
765,1,17.000000,1,dl_765(5),766,0,0.000000,0.000000,0.000000,0.019767,
766,1,17.000000,1,dl_766(6),767,0,0.000000,0.000000,0.000000,0.021763,
767,1,17.000000,1,dl_767(6),768,0,0.000000,0.000000,0.000000,0.019096,
768,1,17.000000,1,dl_768(5),769,0,0.000000,0.000000,0.000000,0.019552,
769,1,17.000000,1,dl_769(6),770,0,0.000000,0.000000,0.000000,0.019029,
770,1,17.000000,1,dl_770(6),771,0,0.000000,0.000000,0.000000,0.020835,
771,1,17.000000,1,dl_771(6),772,0,0.000000,0.000000,0.000000,0.018554,
772,1,17.000000,1,dl_772(6),773,0,0.000000,0.000000,0.000000,0.019502,
773,1,17.000000,1,dl_773(6),774,0,0.000000,0.000000,0.000000,0.020407,
774,1,17.000000,1,dl_774(5),775,0,0.000000,0.000000,0.000000,0.019114,
775,1,17.000000,1,dl_775(6),776,0,0.000000,0.000000,0.000000,0.020822,
776,1,17.000000,1,dl_776(6),777,0,0.000000,0.000000,0.000000,0.025181,
777,1,17.000000,1,dl_777(5),778,0,0.000000,0.000000,0.000000,0.022058,
778,1,17.000000,1,dl_778(6),779,0,0.000000,0.000000,0.000000,0.018761,
779,1,17.000000,1,dl_779(6),780,0,0.000000,0.000000,0.000000,0.018835,
780,1,17.000000,1,dl_780(5),781,0,0.000000,0.000000,0.000000,0.018302,
781,1,17.000000,1,dl_781(6),782,0,0.000000,0.000000,0.000000,0.016794,
782,1,17.000000,1,dl_782(6),783,0,0.000000,0.000000,0.000000,0.017260,
783,1,17.000000,1,dl_783(6),784,0,0.000000,0.000000,0.000000,0.020598,
784,1,17.000000,1,dl_784(5),785,0,0.000000,0.000000,0.000000,0.035338,
785,1,17.000000,1,dl_785(5),786,0,0.000000,0.000000,0.000000,0.037813,
786,1,17.000000,1,dl_786(4),787,0,0.000000,0.000000,0.000000,0.033888,
787,1,17.000000,1,dl_787(5),788,0,0.000000,0.000000,0.000000,0.032328,
788,1,17.000000,1,dl_788(5),789,0,0.000000,0.000000,0.000000,0.030781,
789,1,17.000000,1,dl_789(4),790,0,0.000000,0.000000,0.000000,0.025648,
790,1,17.000000,1,dl_790(5),791,0,0.000000,0.000000,0.000000,0.027414,
791,1,17.000000,1,dl_791(5),792,0,0.000000,0.000000,0.000000,0.025314,
792,1,17.000000,1,dl_792(4),793,0,0.000000,0.000000,0.000000,0.028040,
793,1,17.000000,1,dl_793(5),794,0,0.000000,0.000000,0.000000,0.025587,
794,1,17.000000,1,dl_794(5),795,0,0.000000,0.000000,0.000000,0.025606,
795,1,17.000000,1,dl_795(5),796,0,0.000000,0.000000,0.000000,0.024105,
796,1,17.000000,1,dl_796(6),797,0,0.000000,0.000000,0.000000,0.023057,
797,1,17.000000,1,dl_797(6),798,0,0.000000,0.000000,0.000000,0.023075,
798,1,17.000000,1,dl_798(5),799,0,0.000000,0.000000,0.000000,0.022127,
799,1,17.000000,1,dl_799(6),800,0,0.000000,0.000000,0.000000,0.021481,
800,1,17.000000,1,dl_800(6),801,0,0.000000,0.000000,0.000000,0.023334,
801,1,17.000000,1,dl_801(5),802,0,0.000000,0.000000,0.000000,0.023479,
802,1,17.000000,1,dl_802(6),803,0,0.000000,0.000000,0.000000,0.021867,
803,1,17.000000,1,dl_803(6),804,0,0.000000,0.000000,0.000000,0.021306,
804,1,17.000000,1,dl_804(5),805,0,0.000000,0.000000,0.000000,0.020401,
805,1,17.000000,1,dl_805(6),806,0,0.000000,0.000000,0.000000,0.019422,
806,1,17.000000,1,dl_806(6),807,0,0.000000,0.000000,0.000000,0.018477,
807,1,17.000000,1,dl_807(6),808,0,0.000000,0.000000,0.000000,0.020726,
808,1,17.000000,1,dl_808(7),809,0,0.000000,0.000000,0.000000,0.020778,
809,1,17.000000,1,dl_809(7),810,0,0.000000,0.000000,0.000000,0.020377,
810,1,17.000000,1,dl_810(7),811,0,0.000000,0.000000,0.000000,0.023496,
811,1,17.000000,1,dl_811(7),812,0,0.000000,0.000000,0.000000,0.027433,
812,1,17.000000,1,dl_812(7),813,0,0.000000,0.000000,0.000000,0.022323,
813,1,17.000000,1,dl_813(7),814,0,0.000000,0.000000,0.000000,0.023066,
814,1,17.000000,1,dl_814(6),815,0,0.000000,0.000000,0.000000,0.019092,
815,1,17.000000,1,dl_815(6),816,0,0.000000,0.000000,0.000000,0.020972,
816,1,17.000000,1,dl_816(6),817,0,0.000000,0.000000,0.000000,0.021240,
817,1,17.000000,1,dl_817(7),818,0,0.000000,0.000000,0.000000,0.024101,
818,1,17.000000,1,dl_818(7),819,0,0.000000,0.000000,0.000000,0.026692,
819,1,17.000000,1,dl_819(7),820,0,0.000000,0.000000,0.000000,0.025787,
820,1,17.000000,1,dl_820(6),821,0,0.000000,0.000000,0.000000,0.024349,
821,1,17.000000,1,dl_821(6),822,0,0.000000,0.000000,0.000000,0.025662,
822,1,17.000000,1,dl_822(5),823,0,0.000000,0.000000,0.000000,0.020049,
823,1,17.000000,1,dl_823(6),824,0,0.000000,0.000000,0.000000,0.021733,
824,1,17.000000,1,dl_824(6),825,0,0.000000,0.000000,0.000000,0.019708,
825,1,17.000000,1,dl_825(5),826,0,0.000000,0.000000,0.000000,0.019208,
826,1,17.000000,1,dl_826(6),827,0,0.000000,0.000000,0.000000,0.020590,
827,1,17.000000,1,dl_827(6),828,0,0.000000,0.000000,0.000000,0.020310,
828,1,17.000000,1,dl_828(5),829,0,0.000000,0.000000,0.000000,0.023071,
829,1,17.000000,1,dl_829(6),830,0,0.000000,0.000000,0.000000,0.023319,
830,1,17.000000,1,dl_830(6),831,0,0.000000,0.000000,0.000000,0.020652,
831,1,17.000000,1,dl_831(6),832,0,0.000000,0.000000,0.000000,0.023289,
832,1,17.000000,1,dl_832(7),833,0,0.000000,0.000000,0.000000,0.022850,
833,1,17.000000,1,dl_833(7),834,0,0.000000,0.000000,0.000000,0.021729,
834,1,17.000000,1,dl_834(7),835,0,0.000000,0.000000,0.000000,0.022351,
835,1,17.000000,1,dl_835(6),836,0,0.000000,0.000000,0.000000,0.024108,
836,1,17.000000,1,dl_836(6),837,0,0.000000,0.000000,0.000000,0.031975,
837,1,17.000000,1,dl_837(5),838,0,0.000000,0.000000,0.000000,0.023534,
838,1,17.000000,1,dl_838(6),839,0,0.000000,0.000000,0.000000,0.022027,
839,1,17.000000,1,dl_839(7),840,0,0.000000,0.000000,0.000000,0.021870,
840,1,17.000000,1,dl_840(7),841,0,0.000000,0.000000,0.000000,0.020285,
841,1,17.000000,1,dl_841(6),842,0,0.000000,0.000000,0.000000,0.017861,
842,1,17.000000,1,dl_842(7),843,0,0.000000,0.000000,0.000000,0.019031,
843,1,17.000000,1,dl_843(6),844,0,0.000000,0.000000,0.000000,0.018793,
844,1,17.000000,1,dl_844(7),845,0,0.000000,0.000000,0.000000,0.019926,
845,1,17.000000,1,dl_845(6),846,0,0.000000,0.000000,0.000000,0.020358,
846,1,17.000000,1,dl_846(6),847,0,0.000000,0.000000,0.000000,0.018183,
847,1,17.000000,1,dl_847(5),848,0,0.000000,0.000000,0.000000,0.022954,
848,1,17.000000,1,dl_848(6),849,0,0.000000,0.000000,0.000000,0.021274,
849,1,17.000000,1,dl_849(6),850,0,0.000000,0.000000,0.000000,0.019740,
850,1,17.000000,1,dl_850(5),851,0,0.000000,0.000000,0.000000,0.021505,
851,1,17.000000,1,dl_851(6),852,0,0.000000,0.000000,0.000000,0.020618,
852,1,17.000000,1,dl_852(6),853,0,0.000000,0.000000,0.000000,0.019653,
853,1,17.000000,1,dl_853(5),854,0,0.000000,0.000000,0.000000,0.020744,
854,1,17.000000,1,dl_854(6),855,0,0.000000,0.000000,0.000000,0.022127,
855,1,17.000000,1,dl_855(6),856,0,0.000000,0.000000,0.000000,0.026602,
856,1,17.000000,1,dl_856(6),857,0,0.000000,0.000000,0.000000,0.029913,
857,1,17.000000,1,dl_857(6),858,0,0.000000,0.000000,0.000000,0.021737,
858,1,17.000000,1,dl_858(6),859,0,0.000000,0.000000,0.000000,0.027427,
859,1,17.000000,1,dl_859(5),860,0,0.000000,0.000000,0.000000,0.021958,
860,1,17.000000,1,dl_860(6),861,0,0.000000,0.000000,0.000000,0.020749,
861,1,17.000000,1,dl_861(6),862,0,0.000000,0.000000,0.000000,0.020208,
862,1,17.000000,1,dl_862(5),863,0,0.000000,0.000000,0.000000,0.017912,
863,1,17.000000,1,dl_863(6),864,0,0.000000,0.000000,0.000000,0.019464,
864,1,17.000000,1,dl_864(6),865,0,0.000000,0.000000,0.000000,0.021481,
865,1,17.000000,1,dl_865(5),866,0,0.000000,0.000000,0.000000,0.022924,
866,1,17.000000,1,dl_866(6),867,0,0.000000,0.000000,0.000000,0.021942,
867,1,17.000000,1,dl_867(6),868,0,0.000000,0.000000,0.000000,0.021018,
868,1,17.000000,1,dl_868(6),869,0,0.000000,0.000000,0.000000,0.019758,
869,1,17.000000,1,dl_869(5),870,0,0.000000,0.000000,0.000000,0.023290,
870,1,17.000000,1,dl_870(5),871,0,0.000000,0.000000,0.000000,0.020942,
871,1,17.000000,1,dl_871(4),872,0,0.000000,0.000000,0.000000,0.018681,
872,1,17.000000,1,dl_872(5),873,0,0.000000,0.000000,0.000000,0.018515,
873,1,17.000000,1,dl_873(5),874,0,0.000000,0.000000,0.000000,0.020365,
874,1,17.000000,1,dl_874(4),875,0,0.000000,0.000000,0.000000,0.021792,
875,1,17.000000,1,dl_875(5),876,0,0.000000,0.000000,0.000000,0.018128,
876,1,17.000000,1,dl_876(5),877,0,0.000000,0.000000,0.000000,0.021345,
877,1,17.000000,1,dl_877(4),878,0,0.000000,0.000000,0.000000,0.021276,
878,1,17.000000,1,dl_878(5),879,0,0.000000,0.000000,0.000000,0.022621,
879,1,17.000000,1,dl_879(5),880,0,0.000000,0.000000,0.000000,0.020629,
880,1,17.000000,1,dl_880(5),881,0,0.000000,0.000000,0.000000,0.021808,
881,1,17.000000,1,dl_881(6),882,0,0.000000,0.000000,0.000000,0.020116,
882,1,17.000000,1,dl_882(6),883,0,0.000000,0.000000,0.000000,0.021113,
883,1,17.000000,1,dl_883(5),884,0,0.000000,0.000000,0.000000,0.021819,
884,1,17.000000,1,dl_884(6),885,0,0.000000,0.000000,0.000000,0.020115,
885,1,17.000000,1,dl_885(6),886,0,0.000000,0.000000,0.000000,0.023675,
886,1,17.000000,1,dl_886(5),887,0,0.000000,0.000000,0.000000,0.028059,
887,1,17.000000,1,dl_887(6),888,0,0.000000,0.000000,0.000000,0.027724,
888,1,17.000000,1,dl_888(6),889,0,0.000000,0.000000,0.000000,0.023713,
889,1,17.000000,1,dl_889(5),890,0,0.000000,0.000000,0.000000,0.023599,
890,1,17.000000,1,dl_890(6),891,0,0.000000,0.000000,0.000000,0.024022,
891,1,17.000000,1,dl_891(6),892,0,0.000000,0.000000,0.000000,0.027854,
892,1,17.000000,1,dl_892(6),893,0,0.000000,0.000000,0.000000,0.030392,
893,1,17.000000,1,dl_893(7),894,0,0.000000,0.000000,0.000000,0.023793,
894,1,17.000000,1,dl_894(7),895,0,0.000000,0.000000,0.000000,0.023976,
895,1,17.000000,1,dl_895(7),896,0,0.000000,0.000000,0.000000,0.027206,
896,1,17.000000,1,dl_896(7),897,0,0.000000,0.000000,0.000000,0.026001,
897,1,17.000000,1,dl_897(7),898,0,0.000000,0.000000,0.000000,0.025906,
898,1,17.000000,1,dl_898(7),899,0,0.000000,0.000000,0.000000,0.021192,
899,1,17.000000,1,dl_899(6),900,0,0.000000,0.000000,0.000000,0.021568,
900,1,17.000000,1,dl_900(6),901,0,0.000000,0.000000,0.000000,0.021277,
901,1,17.000000,1,dl_901(6),902,0,0.000000,0.000000,0.000000,0.023446,
902,1,17.000000,1,dl_902(7),903,0,0.000000,0.000000,0.000000,0.024405,
903,1,17.000000,1,dl_903(7),904,0,0.000000,0.000000,0.000000,0.020254,
904,1,17.000000,1,dl_904(7),905,0,0.000000,0.000000,0.000000,0.021664,
905,1,17.000000,1,dl_905(6),906,0,0.000000,0.000000,0.000000,0.019502,
906,1,17.000000,1,dl_906(6),907,0,0.000000,0.000000,0.000000,0.021117,
907,1,17.000000,1,dl_907(5),908,0,0.000000,0.000000,0.000000,0.020712,
908,1,17.000000,1,dl_908(6),909,0,0.000000,0.000000,0.000000,0.021260,
909,1,17.000000,1,dl_909(6),910,0,0.000000,0.000000,0.000000,0.019880,
910,1,17.000000,1,dl_910(5),911,0,0.000000,0.000000,0.000000,0.018778,
911,1,17.000000,1,dl_911(6),912,0,0.000000,0.000000,0.000000,0.018709,
912,1,17.000000,1,dl_912(6),913,0,0.000000,0.000000,0.000000,0.021475,
913,1,17.000000,1,dl_913(5),914,0,0.000000,0.000000,0.000000,0.022364,
914,1,17.000000,1,dl_914(6),915,0,0.000000,0.000000,0.000000,0.021233,
915,1,17.000000,1,dl_915(6),916,0,0.000000,0.000000,0.000000,0.019514,
916,1,17.000000,1,dl_916(6),917,0,0.000000,0.000000,0.000000,0.021511,
917,1,17.000000,1,dl_917(7),918,0,0.000000,0.000000,0.000000,0.020051,
918,1,17.000000,1,dl_918(7),919,0,0.000000,0.000000,0.000000,0.020834,
919,1,17.000000,1,dl_919(7),920,0,0.000000,0.000000,0.000000,0.021733,
920,1,17.000000,1,dl_920(6),921,0,0.000000,0.000000,0.000000,0.023671,
921,1,17.000000,1,dl_921(6),922,0,0.000000,0.000000,0.000000,0.021255,
922,1,17.000000,1,dl_922(5),923,0,0.000000,0.000000,0.000000,0.022674,
923,1,17.000000,1,dl_923(6),924,0,0.000000,0.000000,0.000000,0.021493,
924,1,17.000000,1,dl_924(7),925,0,0.000000,0.000000,0.000000,0.019724,
925,1,17.000000,1,dl_925(7),926,0,0.000000,0.000000,0.000000,0.019609,
926,1,17.000000,1,dl_926(6),927,0,0.000000,0.000000,0.000000,0.019683,
927,1,17.000000,1,dl_927(7),928,0,0.000000,0.000000,0.000000,0.028855,
928,1,17.000000,1,dl_928(6),929,0,0.000000,0.000000,0.000000,0.032502,
929,1,17.000000,1,dl_929(7),930,0,0.000000,0.000000,0.000000,0.026768,
930,1,17.000000,1,dl_930(5),931,0,0.000000,0.000000,0.000000,0.023981,
931,1,17.000000,1,dl_931(5),932,0,0.000000,0.000000,0.000000,0.022167,
932,1,17.000000,1,dl_932(4),933,0,0.000000,0.000000,0.000000,0.024731,
933,1,17.000000,1,dl_933(5),934,0,0.000000,0.000000,0.000000,0.021948,
934,1,17.000000,1,dl_934(6),935,0,0.000000,0.000000,0.000000,0.020997,
935,1,17.000000,1,dl_935(5),936,0,0.000000,0.000000,0.000000,0.018036,
936,1,17.000000,1,dl_936(6),937,0,0.000000,0.000000,0.000000,0.019231,
937,1,17.000000,1,dl_937(5),938,0,0.000000,0.000000,0.000000,0.017746,
938,1,17.000000,1,dl_938(5),939,0,0.000000,0.000000,0.000000,0.025060,
939,1,17.000000,1,dl_939(5),940,0,0.000000,0.000000,0.000000,0.021546,
940,1,17.000000,1,dl_940(6),941,0,0.000000,0.000000,0.000000,0.020858,
941,1,17.000000,1,dl_941(6),942,0,0.000000,0.000000,0.000000,0.019620,
942,1,17.000000,1,dl_942(6),943,0,0.000000,0.000000,0.000000,0.019491,
943,1,17.000000,1,dl_943(6),944,0,0.000000,0.000000,0.000000,0.018079,
944,1,17.000000,1,dl_944(6),945,0,0.000000,0.000000,0.000000,0.021202,
945,1,17.000000,1,dl_945(5),946,0,0.000000,0.000000,0.000000,0.020594,
946,1,17.000000,1,dl_946(6),947,0,0.000000,0.000000,0.000000,0.020941,
947,1,17.000000,1,dl_947(6),948,0,0.000000,0.000000,0.000000,0.021087,
948,1,17.000000,1,dl_948(6),949,0,0.000000,0.000000,0.000000,0.019631,
949,1,17.000000,1,dl_949(5),950,0,0.000000,0.000000,0.000000,0.019272,
950,1,17.000000,1,dl_950(6),951,0,0.000000,0.000000,0.000000,0.017485,
951,1,17.000000,1,dl_951(6),952,0,0.000000,0.000000,0.000000,0.020271,
952,1,17.000000,1,dl_952(6),953,0,0.000000,0.000000,0.000000,0.021866,
953,1,17.000000,1,dl_953(5),954,0,0.000000,0.000000,0.000000,0.022893,
954,1,17.000000,1,dl_954(6),955,0,0.000000,0.000000,0.000000,0.021209,
955,1,17.000000,1,dl_955(6),956,0,0.000000,0.000000,0.000000,0.019586,
956,1,17.000000,1,dl_956(6),957,0,0.000000,0.000000,0.000000,0.020874,
957,1,17.000000,1,dl_957(6),958,0,0.000000,0.000000,0.000000,0.024396,
958,1,17.000000,1,dl_958(6),959,0,0.000000,0.000000,0.000000,0.020507,
959,1,17.000000,1,dl_959(6),960,0,0.000000,0.000000,0.000000,0.017712,
960,1,17.000000,1,dl_960(6),961,0,0.000000,0.000000,0.000000,0.022256,
961,1,17.000000,1,dl_961(6),962,0,0.000000,0.000000,0.000000,0.027393,
962,1,17.000000,1,dl_962(6),963,0,0.000000,0.000000,0.000000,0.023970,
963,1,17.000000,1,dl_963(6),964,0,0.000000,0.000000,0.000000,0.021943,
964,1,17.000000,1,dl_964(6),965,0,0.000000,0.000000,0.000000,0.024203,
965,1,17.000000,1,dl_965(6),966,0,0.000000,0.000000,0.000000,0.028869,
966,1,17.000000,1,dl_966(6),967,0,0.000000,0.000000,0.000000,0.024292,
967,1,17.000000,1,dl_967(6),968,0,0.000000,0.000000,0.000000,0.021095,
968,1,17.000000,1,dl_968(6),969,0,0.000000,0.000000,0.000000,0.021237,
969,1,17.000000,1,dl_969(6),970,0,0.000000,0.000000,0.000000,0.021125,
970,1,17.000000,1,dl_970(6),971,0,0.000000,0.000000,0.000000,0.018588,
971,1,17.000000,1,dl_971(6),972,0,0.000000,0.000000,0.000000,0.021011,
972,1,17.000000,1,dl_972(6),973,0,0.000000,0.000000,0.000000,0.018522,
973,1,17.000000,1,dl_973(7),974,0,0.000000,0.000000,0.000000,0.019782,
974,1,17.000000,1,dl_974(7),975,0,0.000000,0.000000,0.000000,0.018172,
975,1,17.000000,1,dl_975(7),976,0,0.000000,0.000000,0.000000,0.017357,
976,1,17.000000,1,dl_976(7),977,0,0.000000,0.000000,0.000000,0.016793,
977,1,17.000000,1,dl_977(7),978,0,0.000000,0.000000,0.000000,0.019643,
978,1,17.000000,1,dl_978(7),979,0,0.000000,0.000000,0.000000,0.018572,
979,1,17.000000,1,dl_979(7),980,0,0.000000,0.000000,0.000000,0.018409,
980,1,17.000000,1,dl_980(7),981,0,0.000000,0.000000,0.000000,0.021322,
981,1,17.000000,1,dl_981(7),982,0,0.000000,0.000000,0.000000,0.021667,
982,1,17.000000,1,dl_982(7),983,0,0.000000,0.000000,0.000000,0.021698,
983,1,17.000000,1,dl_983(7),984,0,0.000000,0.000000,0.000000,0.019019,
984,1,17.000000,1,dl_984(7),985,0,0.000000,0.000000,0.000000,0.021179,
985,1,17.000000,1,dl_985(6),986,0,0.000000,0.000000,0.000000,0.020525,
986,1,17.000000,1,dl_986(6),987,0,0.000000,0.000000,0.000000,0.017537,
987,1,17.000000,1,dl_987(6),988,0,0.000000,0.000000,0.000000,0.019494,
988,1,17.000000,1,dl_988(6),989,0,0.000000,0.000000,0.000000,0.017348,
989,1,17.000000,1,dl_989(6),990,0,0.000000,0.000000,0.000000,0.018148,
990,1,17.000000,1,dl_990(6),991,0,0.000000,0.000000,0.000000,0.017722,
991,1,17.000000,1,dl_991(7),992,0,0.000000,0.000000,0.000000,0.021421,
992,1,17.000000,1,dl_992(7),993,0,0.000000,0.000000,0.000000,0.025264,
993,1,17.000000,1,dl_993(7),994,0,0.000000,0.000000,0.000000,0.023597,
994,1,17.000000,1,dl_994(7),995,0,0.000000,0.000000,0.000000,0.018272,
995,1,17.000000,1,dl_995(7),996,0,0.000000,0.000000,0.000000,0.026152,
996,1,17.000000,1,dl_996(7),997,0,0.000000,0.000000,0.000000,0.019116,
997,1,17.000000,1,dl_997(7),998,0,0.000000,0.000000,0.000000,0.016958,
998,1,17.000000,1,dl_998(7),999,0,0.000000,0.000000,0.000000,0.017275,
999,1,17.000000,1,dl_999(7),1000,0,0.000000,0.000000,0.000000,0.017841,
1000,1,17.000000,1,dl_1000(7),1001,0,0.000000,0.000000,0.000000,0.020035,
1001,1,17.000000,1,dl_1001(7),1002,0,0.000000,0.000000,0.000000,0.017781,
1002,1,17.000000,1,dl_1002(7),1003,0,0.000000,0.000000,0.000000,0.018369,
1003,1,17.000000,1,dl_1003(7),1004,0,0.000000,0.000000,0.000000,0.023364,
1004,1,17.000000,1,dl_1004(7),1005,0,0.000000,0.000000,0.000000,0.028227,
1005,1,17.000000,1,dl_1005(7),1006,0,0.000000,0.000000,0.000000,0.022060,
1006,1,17.000000,1,dl_1006(7),1007,0,0.000000,0.000000,0.000000,0.022173,
1007,1,17.000000,1,dl_1007(7),1008,0,0.000000,0.000000,0.000000,0.020941,
1008,1,17.000000,1,dl_1008(7),1009,0,0.000000,0.000000,0.000000,0.019122,
1009,1,17.000000,1,dl_1009(6),1010,0,0.000000,0.000000,0.000000,0.018141,
1010,1,17.000000,1,dl_1010(6),1011,0,0.000000,0.000000,0.000000,0.017177,
1011,1,17.000000,1,dl_1011(5),1012,0,0.000000,0.000000,0.000000,0.018652,
1012,1,17.000000,1,dl_1012(6),1013,0,0.000000,0.000000,0.000000,0.019891,
1013,1,17.000000,1,dl_1013(6),1014,0,0.000000,0.000000,0.000000,0.020539,
1014,1,17.000000,1,dl_1014(6),1015,0,0.000000,0.000000,0.000000,0.019366,
1015,1,17.000000,1,dl_1015(6),1016,0,0.000000,0.000000,0.000000,0.016795,
1016,1,17.000000,1,dl_1016(7),1017,0,0.000000,0.000000,0.000000,0.016532,
1017,1,17.000000,1,dl_1017(7),1018,0,0.000000,0.000000,0.000000,0.018985,
1018,1,17.000000,1,dl_1018(6),1019,0,0.000000,0.000000,0.000000,0.017534,
1019,1,17.000000,1,dl_1019(7),1020,0,0.000000,0.000000,0.000000,0.015911,
1020,1,17.000000,1,dl_1020(7),1021,0,0.000000,0.000000,0.000000,0.017535,
1021,1,17.000000,1,dl_1021(7),1022,0,0.000000,0.000000,0.000000,0.018697,
1022,1,17.000000,1,dl_1022(7),1023,0,0.000000,0.000000,0.000000,0.019071,
1023,1,17.000000,1,dl_1023(7),1024,0,0.000000,0.000000,0.000000,0.017729,
1024,1,17.000000,1,dl_1024(7),1025,0,0.000000,0.000000,0.000000,0.007917,
1025,1,17.000000,1,dl_1025(7),1026,0,0.000000,0.000000,0.000000,0.017321,
1026,1,17.000000,1,dl_1026(7),1027,0,0.000000,0.000000,0.000000,0.016589,
1027,1,17.000000,1,dl_1027(7),1028,0,0.000000,0.000000,0.000000,0.021462,
1028,1,17.000000,1,dl_1028(7),1029,0,0.000000,0.000000,0.000000,0.022718,
1029,1,17.000000,1,dl_1029(7),1030,0,0.000000,0.000000,0.000000,0.023407,
1030,1,17.000000,1,dl_1030(7),1031,0,0.000000,0.000000,0.000000,0.034699,
1031,1,17.000000,1,dl_1031(7),1032,0,0.000000,0.000000,0.000000,0.022979,
1032,1,17.000000,1,dl_1032(7),1033,0,0.000000,0.000000,0.000000,0.022069,
1033,1,17.000000,1,dl_1033(7),1034,0,0.000000,0.000000,0.000000,0.018630,
1034,1,17.000000,1,dl_1034(7),1035,0,0.000000,0.000000,0.000000,0.019804,
1035,1,17.000000,1,dl_1035(7),1036,0,0.000000,0.000000,0.000000,0.020311,
1036,1,17.000000,1,dl_1036(7),1037,0,0.000000,0.000000,0.000000,0.023287,
1037,1,17.000000,1,dl_1037(7),1038,0,0.000000,0.000000,0.000000,0.019458,
1038,1,17.000000,1,dl_1038(7),1039,0,0.000000,0.000000,0.000000,0.019584,
1039,1,17.000000,1,dl_1039(7),1040,0,0.000000,0.000000,0.000000,0.019112,
1040,1,17.000000,1,dl_1040(7),1041,0,0.000000,0.000000,0.000000,0.020092,
1041,1,17.000000,1,dl_1041(7),1042,0,0.000000,0.000000,0.000000,0.018436,
1042,1,17.000000,1,dl_1042(7),1043,0,0.000000,0.000000,0.000000,0.017273,
1043,1,17.000000,1,dl_1043(7),1044,0,0.000000,0.000000,0.000000,0.022037,
1044,1,17.000000,1,dl_1044(7),1045,0,0.000000,0.000000,0.000000,0.028342,
1045,1,17.000000,1,dl_1045(7),1046,0,0.000000,0.000000,0.000000,0.022800,
1046,1,17.000000,1,dl_1046(7),1047,0,0.000000,0.000000,0.000000,0.020517,
1047,1,17.000000,1,dl_1047(7),1048,0,0.000000,0.000000,0.000000,0.019704,
1048,1,17.000000,1,dl_1048(7),1049,0,0.000000,0.000000,0.000000,0.010588,
1049,1,17.000000,1,dl_1049(6),1050,0,0.000000,0.000000,0.000000,0.019261,
1050,1,17.000000,1,dl_1050(6),1051,0,0.000000,0.000000,0.000000,0.017392,
1051,1,17.000000,1,dl_1051(6),1052,0,0.000000,0.000000,0.000000,0.018417,
1052,1,17.000000,1,dl_1052(7),1053,0,0.000000,0.000000,0.000000,0.017331,
1053,1,17.000000,1,dl_1053(7),1054,0,0.000000,0.000000,0.000000,0.023938,
1054,1,17.000000,1,dl_1054(7),1055,0,0.000000,0.000000,0.000000,0.019555,
1055,1,17.000000,1,dl_1055(7),1056,0,0.000000,0.000000,0.000000,0.022803,
1056,1,17.000000,1,dl_1056(7),1057,0,0.000000,0.000000,0.000000,0.018419,
1057,1,17.000000,1,dl_1057(6),1058,0,0.000000,0.000000,0.000000,0.018778,
1058,1,17.000000,1,dl_1058(7),1059,0,0.000000,0.000000,0.000000,0.017159,
1059,1,17.000000,1,dl_1059(7),1060,0,0.000000,0.000000,0.000000,0.016875,
1060,1,17.000000,1,dl_1060(7),1061,0,0.000000,0.000000,0.000000,0.019479,
1061,1,17.000000,1,dl_1061(7),1062,0,0.000000,0.000000,0.000000,0.019824,
1062,1,17.000000,1,dl_1062(7),1063,0,0.000000,0.000000,0.000000,0.018506,
1063,1,17.000000,1,dl_1063(7),1064,0,0.000000,0.000000,0.000000,0.017014,
1064,1,17.000000,1,dl_1064(7),1065,0,0.000000,0.000000,0.000000,0.016911,
1065,1,17.000000,1,dl_1065(7),1066,0,0.000000,0.000000,0.000000,0.017151,
1066,1,17.000000,1,dl_1066(7),1067,0,0.000000,0.000000,0.000000,0.016869,
1067,1,17.000000,1,dl_1067(7),1068,0,0.000000,0.000000,0.000000,0.018334,
1068,1,17.000000,1,dl_1068(7),1069,0,0.000000,0.000000,0.000000,0.021731,
1069,1,17.000000,1,dl_1069(6),1070,0,0.000000,0.000000,0.000000,0.019197,
1070,1,17.000000,1,dl_1070(6),1071,0,0.000000,0.000000,0.000000,0.018444,
1071,1,17.000000,1,dl_1071(6),1072,0,0.000000,0.000000,0.000000,0.018639,
1072,1,17.000000,1,dl_1072(7),1073,0,0.000000,0.000000,0.000000,0.017390,
1073,1,17.000000,1,dl_1073(7),1074,0,0.000000,0.000000,0.000000,0.018003,
1074,1,17.000000,1,dl_1074(7),1075,0,0.000000,0.000000,0.000000,0.016401,
1075,1,17.000000,1,dl_1075(7),1076,0,0.000000,0.000000,0.000000,0.020686,
1076,1,17.000000,1,dl_1076(7),1077,0,0.000000,0.000000,0.000000,0.020979,
1077,1,17.000000,1,dl_1077(6),1078,0,0.000000,0.000000,0.000000,0.021793,
1078,1,17.000000,1,dl_1078(7),1079,0,0.000000,0.000000,0.000000,0.019601,
1079,1,17.000000,1,dl_1079(7),1080,0,0.000000,0.000000,0.000000,0.018497,
1080,1,17.000000,1,dl_1080(7),1081,0,0.000000,0.000000,0.000000,0.018539,
1081,1,17.000000,1,dl_1081(7),1082,0,0.000000,0.000000,0.000000,0.017574,
1082,1,17.000000,1,dl_1082(7),1083,0,0.000000,0.000000,0.000000,0.018792,
1083,1,17.000000,1,dl_1083(7),1084,0,0.000000,0.000000,0.000000,0.019860,
1084,1,17.000000,1,dl_1084(7),1085,0,0.000000,0.000000,0.000000,0.021851,
1085,1,17.000000,1,dl_1085(7),1086,0,0.000000,0.000000,0.000000,0.027424,
1086,1,17.000000,1,dl_1086(7),1087,0,0.000000,0.000000,0.000000,0.022648,
1087,1,17.000000,1,dl_1087(7),1088,0,0.000000,0.000000,0.000000,0.022138,
1088,1,17.000000,1,dl_1088(7),1089,0,0.000000,0.000000,0.000000,0.022158,
1089,1,17.000000,1,dl_1089(6),1090,0,0.000000,0.000000,0.000000,0.020393,
1090,1,17.000000,1,dl_1090(6),1091,0,0.000000,0.000000,0.000000,0.020390,
1091,1,17.000000,1,dl_1091(6),1092,0,0.000000,0.000000,0.000000,0.019696,
1092,1,17.000000,1,dl_1092(7),1093,0,0.000000,0.000000,0.000000,0.017783,
1093,1,17.000000,1,dl_1093(7),1094,0,0.000000,0.000000,0.000000,0.018810,
1094,1,17.000000,1,dl_1094(7),1095,0,0.000000,0.000000,0.000000,0.025870,
1095,1,17.000000,1,dl_1095(7),1096,0,0.000000,0.000000,0.000000,0.021553,
1096,1,17.000000,1,dl_1096(7),1097,0,0.000000,0.000000,0.000000,0.017940,
1097,1,17.000000,1,dl_1097(6),1098,0,0.000000,0.000000,0.000000,0.019324,
1098,1,17.000000,1,dl_1098(7),1099,0,0.000000,0.000000,0.000000,0.016728,
1099,1,17.000000,1,dl_1099(7),1100,0,0.000000,0.000000,0.000000,0.017649,
1100,1,17.000000,1,dl_1100(7),1101,0,0.000000,0.000000,0.000000,0.016779,
1101,1,17.000000,1,dl_1101(7),1102,0,0.000000,0.000000,0.000000,0.018342,
1102,1,17.000000,1,dl_1102(7),1103,0,0.000000,0.000000,0.000000,0.018549,
1103,1,17.000000,1,dl_1103(4),1104,0,0.000000,0.000000,0.000000,0.021614,4>3[-T48]
1104,1,17.000000,1,dl_1104(4),1105,0,0.000000,0.000000,0.000000,0.020202,4>3[-T48]
1105,1,17.000000,1,dl_1105(3),1106,0,0.000000,0.000000,0.000000,0.018191,4>3[-T48]
1106,1,17.000000,1,dl_1106(4),1107,0,0.000000,0.000000,0.000000,0.018646,
1107,1,17.000000,1,dl_1107(4),1108,0,0.000000,0.000000,0.000000,0.018780,
1108,1,17.000000,1,dl_1108(3),1109,0,0.000000,0.000000,0.000000,0.017760,
1109,1,17.000000,1,dl_1109(4),1110,0,0.000000,0.000000,0.000000,0.019028,
1110,1,17.000000,1,dl_1110(4),1111,0,0.000000,0.000000,0.000000,0.019188,
1111,1,17.000000,1,dl_1111(4),1112,0,0.000000,0.000000,0.000000,0.018280,
1112,1,17.000000,1,dl_1112(4),1113,0,0.000000,0.000000,0.000000,0.016956,
1113,1,17.000000,1,dl_1113(5),1114,0,0.000000,0.000000,0.000000,0.016888,
1114,1,17.000000,1,dl_1114(5),1115,0,0.000000,0.000000,0.000000,0.017408,
1115,1,17.000000,1,dl_1115(4),1116,0,0.000000,0.000000,0.000000,0.017399,
1116,1,17.000000,1,dl_1116(5),1117,0,0.000000,0.000000,0.000000,0.021146,
1117,1,17.000000,1,dl_1117(5),1118,0,0.000000,0.000000,0.000000,0.023688,
1118,1,17.000000,1,dl_1118(5),1119,0,0.000000,0.000000,0.000000,0.018886,
1119,1,17.000000,1,dl_1119(5),1120,0,0.000000,0.000000,0.000000,0.019481,
1120,1,17.000000,1,dl_1120(5),1121,0,0.000000,0.000000,0.000000,0.018915,
1121,1,17.000000,1,dl_1121(4),1122,0,0.000000,0.000000,0.000000,0.017439,
1122,1,17.000000,1,dl_1122(5),1123,0,0.000000,0.000000,0.000000,0.016234,
1123,1,17.000000,1,dl_1123(5),1124,0,0.000000,0.000000,0.000000,0.018026,
1124,1,17.000000,1,dl_1124(5),1125,0,0.000000,0.000000,0.000000,0.022403,
1125,1,17.000000,1,dl_1125(4),1126,0,0.000000,0.000000,0.000000,0.023803,
1126,1,17.000000,1,dl_1126(5),1127,0,0.000000,0.000000,0.000000,0.022658,
1127,1,17.000000,1,dl_1127(5),1128,0,0.000000,0.000000,0.000000,0.024733,
1128,1,17.000000,1,dl_1128(5),1129,0,0.000000,0.000000,0.000000,0.022303,
1129,1,17.000000,1,dl_1129(4),1130,0,0.000000,0.000000,0.000000,0.021364,
1130,1,17.000000,1,dl_1130(5),1131,0,0.000000,0.000000,0.000000,0.020568,
1131,1,17.000000,1,dl_1131(5),1132,0,0.000000,0.000000,0.000000,0.020228,
1132,1,17.000000,1,dl_1132(5),1133,0,0.000000,0.000000,0.000000,0.018577,
1133,1,17.000000,1,dl_1133(5),1134,0,0.000000,0.000000,0.000000,0.017478,
1134,1,17.000000,1,dl_1134(5),1135,0,0.000000,0.000000,0.000000,0.017158,
1135,1,17.000000,1,dl_1135(5),1136,0,0.000000,0.000000,0.000000,0.022638,
1136,1,17.000000,1,dl_1136(5),1137,0,0.000000,0.000000,0.000000,0.022854,
1137,1,17.000000,1,dl_1137(5),1138,0,0.000000,0.000000,0.000000,0.018721,
1138,1,17.000000,1,dl_1138(5),1139,0,0.000000,0.000000,0.000000,0.016845,
1139,1,17.000000,1,dl_1139(5),1140,0,0.000000,0.000000,0.000000,0.016865,
1140,1,17.000000,1,dl_1140(5),1141,0,0.000000,0.000000,0.000000,0.016101,
1141,1,17.000000,1,dl_1141(5),1142,0,0.000000,0.000000,0.000000,0.018751,
1142,1,17.000000,1,dl_1142(5),1143,0,0.000000,0.000000,0.000000,0.019321,
1143,1,17.000000,1,dl_1143(5),1144,0,0.000000,0.000000,0.000000,0.017737,
1144,1,17.000000,1,dl_1144(5),1145,0,0.000000,0.000000,0.000000,0.016800,
1145,1,17.000000,1,dl_1145(5),1146,0,0.000000,0.000000,0.000000,0.016975,
1146,1,17.000000,1,dl_1146(5),1147,0,0.000000,0.000000,0.000000,0.017254,
1147,1,17.000000,1,dl_1147(5),1148,0,0.000000,0.000000,0.000000,0.020919,
1148,1,17.000000,1,dl_1148(5),1149,0,0.000000,0.000000,0.000000,0.018689,
1149,1,17.000000,1,dl_1149(6),1150,0,0.000000,0.000000,0.000000,0.017316,
1150,1,17.000000,1,dl_1150(6),1151,0,0.000000,0.000000,0.000000,0.018051,
1151,1,17.000000,1,dl_1151(6),1152,0,0.000000,0.000000,0.000000,0.018664,
1152,1,17.000000,1,dl_1152(6),1153,0,0.000000,0.000000,0.000000,0.021105,
1153,1,17.000000,1,dl_1153(6),1154,0,0.000000,0.000000,0.000000,0.017606,
1154,1,17.000000,1,dl_1154(6),1155,0,0.000000,0.000000,0.000000,0.018664,
1155,1,17.000000,1,dl_1155(6),1156,0,0.000000,0.000000,0.000000,0.017512,
1156,1,17.000000,1,dl_1156(6),1157,0,0.000000,0.000000,0.000000,0.018094,
1157,1,17.000000,1,dl_1157(6),1158,0,0.000000,0.000000,0.000000,0.018443,
1158,1,17.000000,1,dl_1158(6),1159,0,0.000000,0.000000,0.000000,0.020169,
1159,1,17.000000,1,dl_1159(6),1160,0,0.000000,0.000000,0.000000,0.017324,
1160,1,17.000000,1,dl_1160(6),1161,0,0.000000,0.000000,0.000000,0.020335,
1161,1,17.000000,1,dl_1161(5),1162,0,0.000000,0.000000,0.000000,0.017896,
1162,1,17.000000,1,dl_1162(5),1163,0,0.000000,0.000000,0.000000,0.017566,
1163,1,17.000000,1,dl_1163(5),1164,0,0.000000,0.000000,0.000000,0.018038,
1164,1,17.000000,1,dl_1164(5),1165,0,0.000000,0.000000,0.000000,0.017746,
1165,1,17.000000,1,dl_1165(5),1166,0,0.000000,0.000000,0.000000,0.027124,
1166,1,17.000000,1,dl_1166(5),1167,0,0.000000,0.000000,0.000000,0.027059,
1167,1,17.000000,1,dl_1167(6),1168,0,0.000000,0.000000,0.000000,0.023627,
1168,1,17.000000,1,dl_1168(6),1169,0,0.000000,0.000000,0.000000,0.022901,
1169,1,17.000000,1,dl_1169(6),1170,0,0.000000,0.000000,0.000000,0.020560,
1170,1,17.000000,1,dl_1170(6),1171,0,0.000000,0.000000,0.000000,0.017967,
1171,1,17.000000,1,dl_1171(6),1172,0,0.000000,0.000000,0.000000,0.020120,
1172,1,17.000000,1,dl_1172(6),1173,0,0.000000,0.000000,0.000000,0.020917,
1173,1,17.000000,1,dl_1173(6),1174,0,0.000000,0.000000,0.000000,0.018304,
1174,1,17.000000,1,dl_1174(6),1175,0,0.000000,0.000000,0.000000,0.017297,
1175,1,17.000000,1,dl_1175(6),1176,0,0.000000,0.000000,0.000000,0.017760,
1176,1,17.000000,1,dl_1176(6),1177,0,0.000000,0.000000,0.000000,0.020826,
1177,1,17.000000,1,dl_1177(6),1178,0,0.000000,0.000000,0.000000,0.023365,
1178,1,17.000000,1,dl_1178(6),1179,0,0.000000,0.000000,0.000000,0.033655,
1179,1,17.000000,1,dl_1179(6),1180,0,0.000000,0.000000,0.000000,0.024722,
1180,1,17.000000,1,dl_1180(6),1181,0,0.000000,0.000000,0.000000,0.023399,
1181,1,17.000000,1,dl_1181(6),1182,0,0.000000,0.000000,0.000000,0.020724,
1182,1,17.000000,1,dl_1182(6),1183,0,0.000000,0.000000,0.000000,0.020494,
1183,1,17.000000,1,dl_1183(6),1184,0,0.000000,0.000000,0.000000,0.017466,
1184,1,17.000000,1,dl_1184(6),1185,0,0.000000,0.000000,0.000000,0.018007,
1185,1,17.000000,1,dl_1185(5),1186,0,0.000000,0.000000,0.000000,0.022005,4>3[-T48]
1186,1,17.000000,1,dl_1186(5),1187,0,0.000000,0.000000,0.000000,0.019707,4>3[-T48]
1187,1,17.000000,1,dl_1187(4),1188,0,0.000000,0.000000,0.000000,0.020560,4>3[-T48]
1188,1,17.000000,1,dl_1188(5),1189,0,0.000000,0.000000,0.000000,0.020946,
1189,1,17.000000,1,dl_1189(5),1190,0,0.000000,0.000000,0.000000,0.021140,
1190,1,17.000000,1,dl_1190(4),1191,0,0.000000,0.000000,0.000000,0.022050,
1191,1,17.000000,1,dl_1191(5),1192,0,0.000000,0.000000,0.000000,0.021928,
1192,1,17.000000,1,dl_1192(5),1193,0,0.000000,0.000000,0.000000,0.022681,
1193,1,17.000000,1,dl_1193(5),1194,0,0.000000,0.000000,0.000000,0.022499,
1194,1,17.000000,1,dl_1194(5),1195,0,0.000000,0.000000,0.000000,0.019658,
1195,1,17.000000,1,dl_1195(6),1196,0,0.000000,0.000000,0.000000,0.020628,
1196,1,17.000000,1,dl_1196(6),1197,0,0.000000,0.000000,0.000000,0.018373,
1197,1,17.000000,1,dl_1197(5),1198,0,0.000000,0.000000,0.000000,0.022088,
1198,1,17.000000,1,dl_1198(6),1199,0,0.000000,0.000000,0.000000,0.020228,
1199,1,17.000000,1,dl_1199(6),1200,0,0.000000,0.000000,0.000000,0.020997,
1200,1,17.000000,1,dl_1200(6),1201,0,0.000000,0.000000,0.000000,0.019415,
1201,1,17.000000,1,dl_1201(6),1202,0,0.000000,0.000000,0.000000,0.022595,
1202,1,17.000000,1,dl_1202(6),1203,0,0.000000,0.000000,0.000000,0.032519,
1203,1,17.000000,1,dl_1203(5),1204,0,0.000000,0.000000,0.000000,0.026564,
1204,1,17.000000,1,dl_1204(6),1205,0,0.000000,0.000000,0.000000,0.022433,
1205,1,17.000000,1,dl_1205(6),1206,0,0.000000,0.000000,0.000000,0.023456,
1206,1,17.000000,1,dl_1206(6),1207,0,0.000000,0.000000,0.000000,0.022487,
1207,1,17.000000,1,dl_1207(5),1208,0,0.000000,0.000000,0.000000,0.020747,
1208,1,17.000000,1,dl_1208(6),1209,0,0.000000,0.000000,0.000000,0.019349,
1209,1,17.000000,1,dl_1209(6),1210,0,0.000000,0.000000,0.000000,0.021851,
1210,1,17.000000,1,dl_1210(6),1211,0,0.000000,0.000000,0.000000,0.018811,
1211,1,17.000000,1,dl_1211(5),1212,0,0.000000,0.000000,0.000000,0.021149,
1212,1,17.000000,1,dl_1212(6),1213,0,0.000000,0.000000,0.000000,0.023445,
1213,1,17.000000,1,dl_1213(6),1214,0,0.000000,0.000000,0.000000,0.024750,
1214,1,17.000000,1,dl_1214(6),1215,0,0.000000,0.000000,0.000000,0.024433,
1215,1,17.000000,1,dl_1215(6),1216,0,0.000000,0.000000,0.000000,0.021519,
1216,1,17.000000,1,dl_1216(6),1217,0,0.000000,0.000000,0.000000,0.021802,
1217,1,17.000000,1,dl_1217(6),1218,0,0.000000,0.000000,0.000000,0.020974,
1218,1,17.000000,1,dl_1218(6),1219,0,0.000000,0.000000,0.000000,0.020350,
1219,1,17.000000,1,dl_1219(6),1220,0,0.000000,0.000000,0.000000,0.018961,
1220,1,17.000000,1,dl_1220(6),1221,0,0.000000,0.000000,0.000000,0.018501,
1221,1,17.000000,1,dl_1221(6),1222,0,0.000000,0.000000,0.000000,0.020150,
1222,1,17.000000,1,dl_1222(6),1223,0,0.000000,0.000000,0.000000,0.018514,
1223,1,17.000000,1,dl_1223(6),1224,0,0.000000,0.000000,0.000000,0.018295,
1224,1,17.000000,1,dl_1224(6),1225,0,0.000000,0.000000,0.000000,0.018953,
1225,1,17.000000,1,dl_1225(6),1226,0,0.000000,0.000000,0.000000,0.019630,
1226,1,17.000000,1,dl_1226(6),1227,0,0.000000,0.000000,0.000000,0.019943,
1227,1,17.000000,1,dl_1227(6),1228,0,0.000000,0.000000,0.000000,0.018469,
1228,1,17.000000,1,dl_1228(6),1229,0,0.000000,0.000000,0.000000,0.017564,
1229,1,17.000000,1,dl_1229(6),1230,0,0.000000,0.000000,0.000000,0.022874,
1230,1,17.000000,1,dl_1230(6),1231,0,0.000000,0.000000,0.000000,0.022653,
1231,1,17.000000,1,dl_1231(7),1232,0,0.000000,0.000000,0.000000,0.025855,
1232,1,17.000000,1,dl_1232(7),1233,0,0.000000,0.000000,0.000000,0.021570,
1233,1,17.000000,1,dl_1233(7),1234,0,0.000000,0.000000,0.000000,0.024871,
1234,1,17.000000,1,dl_1234(7),1235,0,0.000000,0.000000,0.000000,0.022965,
1235,1,17.000000,1,dl_1235(7),1236,0,0.000000,0.000000,0.000000,0.021287,
1236,1,17.000000,1,dl_1236(7),1237,0,0.000000,0.000000,0.000000,0.019255,
1237,1,17.000000,1,dl_1237(7),1238,0,0.000000,0.000000,0.000000,0.023862,
1238,1,17.000000,1,dl_1238(7),1239,0,0.000000,0.000000,0.000000,0.031032,
1239,1,17.000000,1,dl_1239(7),1240,0,0.000000,0.000000,0.000000,0.026640,
1240,1,17.000000,1,dl_1240(7),1241,0,0.000000,0.000000,0.000000,0.022966,
1241,1,17.000000,1,dl_1241(7),1242,0,0.000000,0.000000,0.000000,0.021404,
1242,1,17.000000,1,dl_1242(7),1243,0,0.000000,0.000000,0.000000,0.020985,
1243,1,17.000000,1,dl_1243(6),1244,0,0.000000,0.000000,0.000000,0.020798,
1244,1,17.000000,1,dl_1244(6),1245,0,0.000000,0.000000,0.000000,0.022877,
1245,1,17.000000,1,dl_1245(6),1246,0,0.000000,0.000000,0.000000,0.022223,
1246,1,17.000000,1,dl_1246(6),1247,0,0.000000,0.000000,0.000000,0.018763,
1247,1,17.000000,1,dl_1247(6),1248,0,0.000000,0.000000,0.000000,0.022013,
1248,1,17.000000,1,dl_1248(6),1249,0,0.000000,0.000000,0.000000,0.022987,
1249,1,17.000000,1,dl_1249(7),1250,0,0.000000,0.000000,0.000000,0.023416,
1250,1,17.000000,1,dl_1250(7),1251,0,0.000000,0.000000,0.000000,0.022047,
1251,1,17.000000,1,dl_1251(7),1252,0,0.000000,0.000000,0.000000,0.022951,
1252,1,17.000000,1,dl_1252(7),1253,0,0.000000,0.000000,0.000000,0.022064,
1253,1,17.000000,1,dl_1253(7),1254,0,0.000000,0.000000,0.000000,0.023163,
1254,1,17.000000,1,dl_1254(7),1255,0,0.000000,0.000000,0.000000,0.021792,
1255,1,17.000000,1,dl_1255(7),1256,0,0.000000,0.000000,0.000000,0.020144,
1256,1,17.000000,1,dl_1256(7),1257,0,0.000000,0.000000,0.000000,0.019169,
1257,1,17.000000,1,dl_1257(7),1258,0,0.000000,0.000000,0.000000,0.019400,
1258,1,17.000000,1,dl_1258(7),1259,0,0.000000,0.000000,0.000000,0.018973,
1259,1,17.000000,1,dl_1259(7),1260,0,0.000000,0.000000,0.000000,0.017546,
1260,1,17.000000,1,dl_1260(7),1261,0,0.000000,0.000000,0.000000,0.017656,
1261,1,17.000000,1,dl_1261(7),1262,0,0.000000,0.000000,0.000000,0.020317,
1262,1,17.000000,1,dl_1262(7),1263,0,0.000000,0.000000,0.000000,0.023127,
1263,1,17.000000,1,dl_1263(7),1264,0,0.000000,0.000000,0.000000,0.021346,
1264,1,17.000000,1,dl_1264(7),1265,0,0.000000,0.000000,0.000000,0.021568,
1265,1,17.000000,1,dl_1265(7),1266,0,0.000000,0.000000,0.000000,0.021035,
1266,1,17.000000,1,dl_1266(7),1267,0,0.000000,0.000000,0.000000,0.023733,
1267,1,17.000000,1,dl_1267(6),1268,0,0.000000,0.000000,0.000000,0.022400,
1268,1,17.000000,1,dl_1268(6),1269,0,0.000000,0.000000,0.000000,0.021006,
1269,1,17.000000,1,dl_1269(6),1270,0,0.000000,0.000000,0.000000,0.021570,
1270,1,17.000000,1,dl_1270(6),1271,0,0.000000,0.000000,0.000000,0.021926,
1271,1,17.000000,1,dl_1271(6),1272,0,0.000000,0.000000,0.000000,0.020644,
1272,1,17.000000,1,dl_1272(6),1273,0,0.000000,0.000000,0.000000,0.022358,
1273,1,17.000000,1,dl_1273(6),1274,0,0.000000,0.000000,0.000000,0.026245,
1274,1,17.000000,1,dl_1274(6),1275,0,0.000000,0.000000,0.000000,0.028203,
1275,1,17.000000,1,dl_1275(6),1276,0,0.000000,0.000000,0.000000,0.025759,
1276,1,17.000000,1,dl_1276(6),1277,0,0.000000,0.000000,0.000000,0.023806,
1277,1,17.000000,1,dl_1277(6),1278,0,0.000000,0.000000,0.000000,0.020426,
1278,1,17.000000,1,dl_1278(6),1279,0,0.000000,0.000000,0.000000,0.017969,
1279,1,17.000000,1,dl_1279(6),1280,0,0.000000,0.000000,0.000000,0.021357,
1280,1,17.000000,1,dl_1280(6),1281,0,0.000000,0.000000,0.000000,0.018655,
1281,1,17.000000,1,dl_1281(6),1282,0,0.000000,0.000000,0.000000,0.020833,
1282,1,17.000000,1,dl_1282(6),1283,0,0.000000,0.000000,0.000000,0.021566,
1283,1,17.000000,1,dl_1283(6),1284,0,0.000000,0.000000,0.000000,0.021970,
1284,1,17.000000,1,dl_1284(6),1285,0,0.000000,0.000000,0.000000,0.022383,
1285,1,17.000000,1,dl_1285(7),1286,0,0.000000,0.000000,0.000000,0.022006,
1286,1,17.000000,1,dl_1286(7),1287,0,0.000000,0.000000,0.000000,0.021386,
1287,1,17.000000,1,dl_1287(7),1288,0,0.000000,0.000000,0.000000,0.021607,
1288,1,17.000000,1,dl_1288(7),1289,0,0.000000,0.000000,0.000000,0.023369,
1289,1,17.000000,1,dl_1289(7),1290,0,0.000000,0.000000,0.000000,0.022514,
1290,1,17.000000,1,dl_1290(7),1291,0,0.000000,0.000000,0.000000,0.020990,
1291,1,17.000000,1,dl_1291(7),1292,0,0.000000,0.000000,0.000000,0.020062,
1292,1,17.000000,1,dl_1292(7),1293,0,0.000000,0.000000,0.000000,0.021230,
1293,1,17.000000,1,dl_1293(7),1294,0,0.000000,0.000000,0.000000,0.022235,
1294,1,17.000000,1,dl_1294(7),1295,0,0.000000,0.000000,0.000000,0.021499,
1295,1,17.000000,1,dl_1295(7),1296,0,0.000000,0.000000,0.000000,0.019728,
1296,1,17.000000,1,dl_1296(7),1297,0,0.000000,0.000000,0.000000,0.022007,
1297,1,17.000000,1,dl_1297(7),1298,0,0.000000,0.000000,0.000000,0.021639,
1298,1,17.000000,1,dl_1298(7),1299,0,0.000000,0.000000,0.000000,0.020741,
1299,1,17.000000,1,dl_1299(7),1300,0,0.000000,0.000000,0.000000,0.018970,
1300,1,17.000000,1,dl_1300(7),1301,0,0.000000,0.000000,0.000000,0.023283,
1301,1,17.000000,1,dl_1301(7),1302,0,0.000000,0.000000,0.000000,0.031150,
1302,1,17.000000,1,dl_1302(7),1303,0,0.000000,0.000000,0.000000,0.029678,
1303,1,17.000000,1,dl_1303(5),1304,0,0.000000,0.000000,0.000000,0.025971,
1304,1,17.000000,1,dl_1304(5),1305,0,0.000000,0.000000,0.000000,0.024945,
1305,1,17.000000,1,dl_1305(4),1306,0,0.000000,0.000000,0.000000,0.027049,
1306,1,17.000000,1,dl_1306(5),1307,0,0.000000,0.000000,0.000000,0.023163,
1307,1,17.000000,1,dl_1307(5),1308,0,0.000000,0.000000,0.000000,0.029414,
1308,1,17.000000,1,dl_1308(5),1309,0,0.000000,0.000000,0.000000,0.027041,
1309,1,17.000000,1,dl_1309(5),1310,0,0.000000,0.000000,0.000000,0.025177,
1310,1,17.000000,1,dl_1310(6),1311,0,0.000000,0.000000,0.000000,0.024631,
1311,1,17.000000,1,dl_1311(6),1312,0,0.000000,0.000000,0.000000,0.022076,
1312,1,17.000000,1,dl_1312(5),1313,0,0.000000,0.000000,0.000000,0.019787,
1313,1,17.000000,1,dl_1313(6),1314,0,0.000000,0.000000,0.000000,0.021022,
1314,1,17.000000,1,dl_1314(6),1315,0,0.000000,0.000000,0.000000,0.022154,
1315,1,17.000000,1,dl_1315(6),1316,0,0.000000,0.000000,0.000000,0.022055,
1316,1,17.000000,1,dl_1316(6),1317,0,0.000000,0.000000,0.000000,0.022113,
1317,1,17.000000,1,dl_1317(6),1318,0,0.000000,0.000000,0.000000,0.023422,
1318,1,17.000000,1,dl_1318(5),1319,0,0.000000,0.000000,0.000000,0.023394,
1319,1,17.000000,1,dl_1319(6),1320,0,0.000000,0.000000,0.000000,0.024091,
1320,1,17.000000,1,dl_1320(6),1321,0,0.000000,0.000000,0.000000,0.022766,
1321,1,17.000000,1,dl_1321(6),1322,0,0.000000,0.000000,0.000000,0.020820,
1322,1,17.000000,1,dl_1322(6),1323,0,0.000000,0.000000,0.000000,0.023430,
1323,1,17.000000,1,dl_1323(7),1324,0,0.000000,0.000000,0.000000,0.023785,
1324,1,17.000000,1,dl_1324(7),1325,0,0.000000,0.000000,0.000000,0.019753,
1325,1,17.000000,1,dl_1325(6),1326,0,0.000000,0.000000,0.000000,0.018931,
1326,1,17.000000,1,dl_1326(7),1327,0,0.000000,0.000000,0.000000,0.019776,
1327,1,17.000000,1,dl_1327(7),1328,0,0.000000,0.000000,0.000000,0.020930,
1328,1,17.000000,1,dl_1328(7),1329,0,0.000000,0.000000,0.000000,0.022379,
1329,1,17.000000,1,dl_1329(6),1330,0,0.000000,0.000000,0.000000,0.020751,
1330,1,17.000000,1,dl_1330(6),1331,0,0.000000,0.000000,0.000000,0.019896,
1331,1,17.000000,1,dl_1331(6),1332,0,0.000000,0.000000,0.000000,0.018303,
1332,1,17.000000,1,dl_1332(7),1333,0,0.000000,0.000000,0.000000,0.021859,
1333,1,17.000000,1,dl_1333(7),1334,0,0.000000,0.000000,0.000000,0.019914,
1334,1,17.000000,1,dl_1334(7),1335,0,0.000000,0.000000,0.000000,0.018183,
1335,1,17.000000,1,dl_1335(6),1336,0,0.000000,0.000000,0.000000,0.024603,
1336,1,17.000000,1,dl_1336(6),1337,0,0.000000,0.000000,0.000000,0.022242,
1337,1,17.000000,1,dl_1337(6),1338,0,0.000000,0.000000,0.000000,0.022462,
1338,1,17.000000,1,dl_1338(6),1339,0,0.000000,0.000000,0.000000,0.020771,
1339,1,17.000000,1,dl_1339(6),1340,0,0.000000,0.000000,0.000000,0.021031,
1340,1,17.000000,1,dl_1340(6),1341,0,0.000000,0.000000,0.000000,0.023243,
1341,1,17.000000,1,dl_1341(5),1342,0,0.000000,0.000000,0.000000,0.027447,
1342,1,17.000000,1,dl_1342(5),1343,0,0.000000,0.000000,0.000000,0.029563,
1343,1,17.000000,1,dl_1343(5),1344,0,0.000000,0.000000,0.000000,0.025407,
1344,1,17.000000,1,dl_1344(6),1345,0,0.000000,0.000000,0.000000,0.025533,
1345,1,17.000000,1,dl_1345(6),1346,0,0.000000,0.000000,0.000000,0.022489,
1346,1,17.000000,1,dl_1346(6),1347,0,0.000000,0.000000,0.000000,0.020776,
1347,1,17.000000,1,dl_1347(7),1348,0,0.000000,0.000000,0.000000,0.022390,
1348,1,17.000000,1,dl_1348(7),1349,0,0.000000,0.000000,0.000000,0.027494,
1349,1,17.000000,1,dl_1349(7),1350,0,0.000000,0.000000,0.000000,0.031374,
1350,1,17.000000,1,dl_1350(7),1351,0,0.000000,0.000000,0.000000,0.026872,
1351,1,17.000000,1,dl_1351(7),1352,0,0.000000,0.000000,0.000000,0.021295,
1352,1,17.000000,1,dl_1352(7),1353,0,0.000000,0.000000,0.000000,0.024015,
1353,1,17.000000,1,dl_1353(6),1354,0,0.000000,0.000000,0.000000,0.024213,
1354,1,17.000000,1,dl_1354(6),1355,0,0.000000,0.000000,0.000000,0.023405,
1355,1,17.000000,1,dl_1355(6),1356,0,0.000000,0.000000,0.000000,0.024748,
1356,1,17.000000,1,dl_1356(7),1357,0,0.000000,0.000000,0.000000,0.021539,
1357,1,17.000000,1,dl_1357(7),1358,0,0.000000,0.000000,0.000000,0.018993,
1358,1,17.000000,1,dl_1358(7),1359,0,0.000000,0.000000,0.000000,0.023241,
1359,1,17.000000,1,dl_1359(6),1360,0,0.000000,0.000000,0.000000,0.020461,
1360,1,17.000000,1,dl_1360(6),1361,0,0.000000,0.000000,0.000000,0.031330,
1361,1,17.000000,1,dl_1361(6),1362,0,0.000000,0.000000,0.000000,0.038099,
1362,1,17.000000,1,dl_1362(7),1363,0,0.000000,0.000000,0.000000,0.022635,
1363,1,17.000000,1,dl_1363(7),1364,0,0.000000,0.000000,0.000000,0.022475,
1364,1,17.000000,1,dl_1364(7),1365,0,0.000000,0.000000,0.000000,0.019137,
1365,1,17.000000,1,dl_1365(6),1366,0,0.000000,0.000000,0.000000,0.020280,
1366,1,17.000000,1,dl_1366(6),1367,0,0.000000,0.000000,0.000000,0.020440,
1367,1,17.000000,1,dl_1367(5),1368,0,0.000000,0.000000,0.000000,0.030758,
1368,1,17.000000,1,dl_1368(6),1369,0,0.000000,0.000000,0.000000,0.021833,
1369,1,17.000000,1,dl_1369(7),1370,0,0.000000,0.000000,0.000000,0.022979,
1370,1,17.000000,1,dl_1370(7),1371,0,0.000000,0.000000,0.000000,0.021947,
1371,1,17.000000,1,dl_1371(6),1372,0,0.000000,0.000000,0.000000,0.022293,
1372,1,17.000000,1,dl_1372(7),1373,0,0.000000,0.000000,0.000000,0.021868,
1373,1,17.000000,1,dl_1373(6),1374,0,0.000000,0.000000,0.000000,0.029145,
1374,1,17.000000,1,dl_1374(7),1375,0,0.000000,0.000000,0.000000,0.028221,
1375,1,17.000000,1,dl_1375(6),1376,0,0.000000,0.000000,0.000000,0.023772,
1376,1,17.000000,1,dl_1376(6),1377,0,0.000000,0.000000,0.000000,0.024073,
1377,1,17.000000,1,dl_1377(6),1378,0,0.000000,0.000000,0.000000,0.023485,
1378,1,17.000000,1,dl_1378(6),1379,0,0.000000,0.000000,0.000000,0.020490,
1379,1,17.000000,1,dl_1379(6),1380,0,0.000000,0.000000,0.000000,0.019422,
1380,1,17.000000,1,dl_1380(6),1381,0,0.000000,0.000000,0.000000,0.020069,
1381,1,17.000000,1,dl_1381(5),1382,0,0.000000,0.000000,0.000000,0.018914,
1382,1,17.000000,1,dl_1382(5),1383,0,0.000000,0.000000,0.000000,0.022180,
1383,1,17.000000,1,dl_1383(5),1384,0,0.000000,0.000000,0.000000,0.033031,
1384,1,17.000000,1,dl_1384(6),1385,0,0.000000,0.000000,0.000000,0.022682,
1385,1,17.000000,1,dl_1385(6),1386,0,0.000000,0.000000,0.000000,0.021522,
1386,1,17.000000,1,dl_1386(6),1387,0,0.000000,0.000000,0.000000,0.019214,
1387,1,17.000000,1,dl_1387(7),1388,0,0.000000,0.000000,0.000000,0.024902,
1388,1,17.000000,1,dl_1388(7),1389,0,0.000000,0.000000,0.000000,0.028642,
1389,1,17.000000,1,dl_1389(7),1390,0,0.000000,0.000000,0.000000,0.025646,
1390,1,17.000000,1,dl_1390(7),1391,0,0.000000,0.000000,0.000000,0.021119,
1391,1,17.000000,1,dl_1391(7),1392,0,0.000000,0.000000,0.000000,0.020512,
1392,1,17.000000,1,dl_1392(7),1393,0,0.000000,0.000000,0.000000,0.025558,
1393,1,17.000000,1,dl_1393(6),1394,0,0.000000,0.000000,0.000000,0.025622,
1394,1,17.000000,1,dl_1394(6),1395,0,0.000000,0.000000,0.000000,0.019376,
1395,1,17.000000,1,dl_1395(6),1396,0,0.000000,0.000000,0.000000,0.019121,
1396,1,17.000000,1,dl_1396(7),1397,0,0.000000,0.000000,0.000000,0.018751,
1397,1,17.000000,1,dl_1397(7),1398,0,0.000000,0.000000,0.000000,0.017667,
1398,1,17.000000,1,dl_1398(7),1399,0,0.000000,0.000000,0.000000,0.017366,
1399,1,17.000000,1,dl_1399(6),1400,0,0.000000,0.000000,0.000000,0.020262,
1400,1,17.000000,1,dl_1400(6),1401,0,0.000000,0.000000,0.000000,0.020658,
1401,1,17.000000,1,dl_1401(6),1402,0,0.000000,0.000000,0.000000,0.020157,
1402,1,17.000000,1,dl_1402(7),1403,0,0.000000,0.000000,0.000000,0.018789,
1403,1,17.000000,1,dl_1403(7),1404,0,0.000000,0.000000,0.000000,0.018492,
1404,1,17.000000,1,dl_1404(7),1405,0,0.000000,0.000000,0.000000,0.021545,
1405,1,17.000000,1,dl_1405(6),1406,0,0.000000,0.000000,0.000000,0.023253,
1406,1,17.000000,1,dl_1406(6),1407,0,0.000000,0.000000,0.000000,0.022324,
1407,1,17.000000,1,dl_1407(5),1408,0,0.000000,0.000000,0.000000,0.024098,
1408,1,17.000000,1,dl_1408(6),1409,0,0.000000,0.000000,0.000000,0.033659,
1409,1,17.000000,1,dl_1409(7),1410,0,0.000000,0.000000,0.000000,0.025580,
1410,1,17.000000,1,dl_1410(7),1411,0,0.000000,0.000000,0.000000,0.023597,
1411,1,17.000000,1,dl_1411(6),1412,0,0.000000,0.000000,0.000000,0.025994,
1412,1,17.000000,1,dl_1412(7),1413,0,0.000000,0.000000,0.000000,0.021050,
1413,1,17.000000,1,dl_1413(6),1414,0,0.000000,0.000000,0.000000,0.019069,
1414,1,17.000000,1,dl_1414(7),1415,0,0.000000,0.000000,0.000000,0.019116,
1415,1,17.000000,1,dl_1415(6),1416,0,0.000000,0.000000,0.000000,0.021831,
1416,1,17.000000,1,dl_1416(6),1417,0,0.000000,0.000000,0.000000,0.020634,
1417,1,17.000000,1,dl_1417(6),1418,0,0.000000,0.000000,0.000000,0.020353,
1418,1,17.000000,1,dl_1418(6),1419,0,0.000000,0.000000,0.000000,0.018854,
1419,1,17.000000,1,dl_1419(6),1420,0,0.000000,0.000000,0.000000,0.023001,
1420,1,17.000000,1,dl_1420(6),1421,0,0.000000,0.000000,0.000000,0.023830,
1421,1,17.000000,1,dl_1421(5),1422,0,0.000000,0.000000,0.000000,0.022891,
1422,1,17.000000,1,dl_1422(5),1423,0,0.000000,0.000000,0.000000,0.024652,
1423,1,17.000000,1,dl_1423(5),1424,0,0.000000,0.000000,0.000000,0.026052,
1424,1,17.000000,1,dl_1424(6),1425,0,0.000000,0.000000,0.000000,0.021326,
1425,1,17.000000,1,dl_1425(6),1426,0,0.000000,0.000000,0.000000,0.019239,
1426,1,17.000000,1,dl_1426(6),1427,0,0.000000,0.000000,0.000000,0.018259,
1427,1,17.000000,1,dl_1427(7),1428,0,0.000000,0.000000,0.000000,0.020518,
1428,1,17.000000,1,dl_1428(7),1429,0,0.000000,0.000000,0.000000,0.019492,
1429,1,17.000000,1,dl_1429(7),1430,0,0.000000,0.000000,0.000000,0.019820,
1430,1,17.000000,1,dl_1430(7),1431,0,0.000000,0.000000,0.000000,0.018614,
1431,1,17.000000,1,dl_1431(7),1432,0,0.000000,0.000000,0.000000,0.019943,
1432,1,17.000000,1,dl_1432(7),1433,0,0.000000,0.000000,0.000000,0.019839,
1433,1,17.000000,1,dl_1433(6),1434,0,0.000000,0.000000,0.000000,0.019256,
1434,1,17.000000,1,dl_1434(6),1435,0,0.000000,0.000000,0.000000,0.018529,
1435,1,17.000000,1,dl_1435(6),1436,0,0.000000,0.000000,0.000000,0.020099,
1436,1,17.000000,1,dl_1436(7),1437,0,0.000000,0.000000,0.000000,0.022480,
1437,1,17.000000,1,dl_1437(7),1438,0,0.000000,0.000000,0.000000,0.021827,
1438,1,17.000000,1,dl_1438(7),1439,0,0.000000,0.000000,0.000000,0.017678,
1439,1,17.000000,1,dl_1439(6),1440,0,0.000000,0.000000,0.000000,0.018994,
1440,1,17.000000,1,dl_1440(6),1441,0,0.000000,0.000000,0.000000,0.024530,
1441,1,17.000000,1,dl_1441(6),1442,0,0.000000,0.000000,0.000000,0.025243,
1442,1,17.000000,1,dl_1442(7),1443,0,0.000000,0.000000,0.000000,0.029275,
1443,1,17.000000,1,dl_1443(7),1444,0,0.000000,0.000000,0.000000,0.035350,
1444,1,17.000000,1,dl_1444(7),1445,0,0.000000,0.000000,0.000000,0.029489,
1445,1,17.000000,1,dl_1445(6),1446,0,0.000000,0.000000,0.000000,0.027976,
1446,1,17.000000,1,dl_1446(6),1447,0,0.000000,0.000000,0.000000,0.024568,
1447,1,17.000000,1,dl_1447(5),1448,0,0.000000,0.000000,0.000000,0.037591,
1448,1,17.000000,1,dl_1448(6),1449,0,0.000000,0.000000,0.000000,0.031254,
1449,1,17.000000,1,dl_1449(7),1450,0,0.000000,0.000000,0.000000,0.027669,
1450,1,17.000000,1,dl_1450(7),1451,0,0.000000,0.000000,0.000000,0.023967,
1451,1,17.000000,1,dl_1451(6),1452,0,0.000000,0.000000,0.000000,0.024180,
1452,1,17.000000,1,dl_1452(7),1453,0,0.000000,0.000000,0.000000,0.022563,
1453,1,17.000000,1,dl_1453(6),1454,0,0.000000,0.000000,0.000000,0.022627,
1454,1,17.000000,1,dl_1454(7),1455,0,0.000000,0.000000,0.000000,0.023973,
1455,1,17.000000,1,dl_1455(5),1456,0,0.000000,0.000000,0.000000,0.023297,
1456,1,17.000000,1,dl_1456(5),1457,0,0.000000,0.000000,0.000000,0.025981,
1457,1,17.000000,1,dl_1457(4),1458,0,0.000000,0.000000,0.000000,0.023010,
1458,1,17.000000,1,dl_1458(5),1459,0,0.000000,0.000000,0.000000,0.021901,
1459,1,17.000000,1,dl_1459(6),1460,0,0.000000,0.000000,0.000000,0.024214,
1460,1,17.000000,1,dl_1460(5),1461,0,0.000000,0.000000,0.000000,0.023433,
1461,1,17.000000,1,dl_1461(6),1462,0,0.000000,0.000000,0.000000,0.022996,
1462,1,17.000000,1,dl_1462(5),1463,0,0.000000,0.000000,0.000000,0.023805,
1463,1,17.000000,1,dl_1463(5),1464,0,0.000000,0.000000,0.000000,0.022299,
1464,1,17.000000,1,dl_1464(5),1465,0,0.000000,0.000000,0.000000,0.024971,
1465,1,17.000000,1,dl_1465(6),1466,0,0.000000,0.000000,0.000000,0.024909,
1466,1,17.000000,1,dl_1466(6),1467,0,0.000000,0.000000,0.000000,0.027136,
1467,1,17.000000,1,dl_1467(6),1468,0,0.000000,0.000000,0.000000,0.025780,
1468,1,17.000000,1,dl_1468(6),1469,0,0.000000,0.000000,0.000000,0.023239,
1469,1,17.000000,1,dl_1469(6),1470,0,0.000000,0.000000,0.000000,0.024408,
1470,1,17.000000,1,dl_1470(5),1471,0,0.000000,0.000000,0.000000,0.023690,
1471,1,17.000000,1,dl_1471(6),1472,0,0.000000,0.000000,0.000000,0.027612,
1472,1,17.000000,1,dl_1472(6),1473,0,0.000000,0.000000,0.000000,0.041658,
1473,1,17.000000,1,dl_1473(6),1474,0,0.000000,0.000000,0.000000,0.031281,
1474,1,17.000000,1,dl_1474(5),1475,0,0.000000,0.000000,0.000000,0.033333,
1475,1,17.000000,1,dl_1475(6),1476,0,0.000000,0.000000,0.000000,0.028038,
1476,1,17.000000,1,dl_1476(6),1477,0,0.000000,0.000000,0.000000,0.026967,
1477,1,17.000000,1,dl_1477(6),1478,0,0.000000,0.000000,0.000000,0.025116,
1478,1,17.000000,1,dl_1478(5),1479,0,0.000000,0.000000,0.000000,0.025321,
1479,1,17.000000,1,dl_1479(6),1480,0,0.000000,0.000000,0.000000,0.022185,
1480,1,17.000000,1,dl_1480(6),1481,0,0.000000,0.000000,0.000000,0.026193,
1481,1,17.000000,1,dl_1481(6),1482,0,0.000000,0.000000,0.000000,0.026592,
1482,1,17.000000,1,dl_1482(6),1483,0,0.000000,0.000000,0.000000,0.025373,
1483,1,17.000000,1,dl_1483(6),1484,0,0.000000,0.000000,0.000000,0.021759,
1484,1,17.000000,1,dl_1484(6),1485,0,0.000000,0.000000,0.000000,0.023625,
1485,1,17.000000,1,dl_1485(6),1486,0,0.000000,0.000000,0.000000,0.023853,
1486,1,17.000000,1,dl_1486(6),1487,0,0.000000,0.000000,0.000000,0.023478,
1487,1,17.000000,1,dl_1487(6),1488,0,0.000000,0.000000,0.000000,0.028523,
1488,1,17.000000,1,dl_1488(6),1489,0,0.000000,0.000000,0.000000,0.022140,
1489,1,17.000000,1,dl_1489(6),1490,0,0.000000,0.000000,0.000000,0.022937,
1490,1,17.000000,1,dl_1490(6),1491,0,0.000000,0.000000,0.000000,0.022055,
1491,1,17.000000,1,dl_1491(6),1492,0,0.000000,0.000000,0.000000,0.022833,
1492,1,17.000000,1,dl_1492(6),1493,0,0.000000,0.000000,0.000000,0.022960,
1493,1,17.000000,1,dl_1493(6),1494,0,0.000000,0.000000,0.000000,0.018753,
1494,1,17.000000,1,dl_1494(6),1495,0,0.000000,0.000000,0.000000,0.018731,
1495,1,17.000000,1,dl_1495(6),1496,0,0.000000,0.000000,0.000000,0.020374,
1496,1,17.000000,1,dl_1496(6),1497,0,0.000000,0.000000,0.000000,0.019387,
1497,1,17.000000,1,dl_1497(6),1498,0,0.000000,0.000000,0.000000,0.026303,
1498,1,17.000000,1,dl_1498(7),1499,0,0.000000,0.000000,0.000000,0.028848,
1499,1,17.000000,1,dl_1499(7),1500,0,0.000000,0.000000,0.000000,0.022970,
1500,1,17.000000,1,dl_1500(7),1501,0,0.000000,0.000000,0.000000,0.025127,
1501,1,17.000000,1,dl_1501(7),1502,0,0.000000,0.000000,0.000000,0.020841,
1502,1,17.000000,1,dl_1502(7),1503,0,0.000000,0.000000,0.000000,0.007482,
1503,1,17.000000,1,dl_1503(7),1504,0,0.000000,0.000000,0.000000,0.018634,
1504,1,17.000000,1,dl_1504(7),1505,0,0.000000,0.000000,0.000000,0.023824,
1505,1,17.000000,1,dl_1505(7),1506,0,0.000000,0.000000,0.000000,0.027302,
1506,1,17.000000,1,dl_1506(7),1507,0,0.000000,0.000000,0.000000,0.026232,
1507,1,17.000000,1,dl_1507(7),1508,0,0.000000,0.000000,0.000000,0.023642,
1508,1,17.000000,1,dl_1508(7),1509,0,0.000000,0.000000,0.000000,0.020635,
1509,1,17.000000,1,dl_1509(7),1510,0,0.000000,0.000000,0.000000,0.019247,
1510,1,17.000000,1,dl_1510(6),1511,0,0.000000,0.000000,0.000000,0.019695,
1511,1,17.000000,1,dl_1511(6),1512,0,0.000000,0.000000,0.000000,0.023815,
1512,1,17.000000,1,dl_1512(6),1513,0,0.000000,0.000000,0.000000,0.020456,
1513,1,17.000000,1,dl_1513(6),1514,0,0.000000,0.000000,0.000000,0.018486,
1514,1,17.000000,1,dl_1514(6),1515,0,0.000000,0.000000,0.000000,0.019528,
1515,1,17.000000,1,dl_1515(6),1516,0,0.000000,0.000000,0.000000,0.019395,
1516,1,17.000000,1,dl_1516(7),1517,0,0.000000,0.000000,0.000000,0.019234,
1517,1,17.000000,1,dl_1517(7),1518,0,0.000000,0.000000,0.000000,0.017948,
1518,1,17.000000,1,dl_1518(7),1519,0,0.000000,0.000000,0.000000,0.020394,
1519,1,17.000000,1,dl_1519(7),1520,0,0.000000,0.000000,0.000000,0.021759,
1520,1,17.000000,1,dl_1520(7),1521,0,0.000000,0.000000,0.000000,0.025091,
1521,1,17.000000,1,dl_1521(7),1522,0,0.000000,0.000000,0.000000,0.020787,
1522,1,17.000000,1,dl_1522(7),1523,0,0.000000,0.000000,0.000000,0.020489,
1523,1,17.000000,1,dl_1523(7),1524,0,0.000000,0.000000,0.000000,0.024258,
1524,1,17.000000,1,dl_1524(7),1525,0,0.000000,0.000000,0.000000,0.023082,
1525,1,17.000000,1,dl_1525(7),1526,0,0.000000,0.000000,0.000000,0.020875,
1526,1,17.000000,1,dl_1526(7),1527,0,0.000000,0.000000,0.000000,0.021948,
1527,1,17.000000,1,dl_1527(7),1528,0,0.000000,0.000000,0.000000,0.020379,
1528,1,17.000000,1,dl_1528(7),1529,0,0.000000,0.000000,0.000000,0.022868,
1529,1,17.000000,1,dl_1529(7),1530,0,0.000000,0.000000,0.000000,0.021661,
1530,1,17.000000,1,dl_1530(7),1531,0,0.000000,0.000000,0.000000,0.020133,
1531,1,17.000000,1,dl_1531(7),1532,0,0.000000,0.000000,0.000000,0.020161,
1532,1,17.000000,1,dl_1532(7),1533,0,0.000000,0.000000,0.000000,0.019944,
1533,1,17.000000,1,dl_1533(7),1534,0,0.000000,0.000000,0.000000,0.024910,
1534,1,17.000000,1,dl_1534(6),1535,0,0.000000,0.000000,0.000000,0.022811,
1535,1,17.000000,1,dl_1535(6),1536,0,0.000000,0.000000,0.000000,0.022573,
1536,1,17.000000,1,dl_1536(5),1537,0,0.000000,0.000000,0.000000,0.019448,
1537,1,17.000000,1,dl_1537(6),1538,0,0.000000,0.000000,0.000000,0.021748,
1538,1,17.000000,1,dl_1538(6),1539,0,0.000000,0.000000,0.000000,0.021563,
1539,1,17.000000,1,dl_1539(6),1540,0,0.000000,0.000000,0.000000,0.021534,
1540,1,17.000000,1,dl_1540(6),1541,0,0.000000,0.000000,0.000000,0.030677,
1541,1,17.000000,1,dl_1541(7),1542,0,0.000000,0.000000,0.000000,0.048748,
1542,1,17.000000,1,dl_1542(7),1543,0,0.000000,0.000000,0.000000,0.023019,
1543,1,17.000000,1,dl_1543(6),1544,0,0.000000,0.000000,0.000000,0.021905,
1544,1,17.000000,1,dl_1544(7),1545,0,0.000000,0.000000,0.000000,0.018975,
1545,1,17.000000,1,dl_1545(7),1546,0,0.000000,0.000000,0.000000,0.020183,
1546,1,17.000000,1,dl_1546(7),1547,0,0.000000,0.000000,0.000000,0.020970,
1547,1,17.000000,1,dl_1547(7),1548,0,0.000000,0.000000,0.000000,0.020237,
1548,1,17.000000,1,dl_1548(7),1549,0,0.000000,0.000000,0.000000,0.020761,
1549,1,17.000000,1,dl_1549(7),1550,0,0.000000,0.000000,0.000000,0.020615,
1550,1,17.000000,1,dl_1550(7),1551,0,0.000000,0.000000,0.000000,0.020288,
1551,1,17.000000,1,dl_1551(7),1552,0,0.000000,0.000000,0.000000,0.018544,
1552,1,17.000000,1,dl_1552(7),1553,0,0.000000,0.000000,0.000000,0.017549,
1553,1,17.000000,1,dl_1553(7),1554,0,0.000000,0.000000,0.000000,0.018170,
1554,1,17.000000,1,dl_1554(7),1555,0,0.000000,0.000000,0.000000,0.032631,
1555,1,17.000000,1,dl_1555(7),1556,0,0.000000,0.000000,0.000000,0.026286,
1556,1,17.000000,1,dl_1556(7),1557,0,0.000000,0.000000,0.000000,0.021318,
1557,1,17.000000,1,dl_1557(7),1558,0,0.000000,0.000000,0.000000,0.021669,
1558,1,17.000000,1,dl_1558(7),1559,0,0.000000,0.000000,0.000000,0.021158,
1559,1,17.000000,1,dl_1559(7),1560,0,0.000000,0.000000,0.000000,0.028242,
1560,1,17.000000,1,dl_1560(7),1561,0,0.000000,0.000000,0.000000,0.024606,
1561,1,17.000000,1,dl_1561(7),1562,0,0.000000,0.000000,0.000000,0.019783,
1562,1,17.000000,1,dl_1562(7),1563,0,0.000000,0.000000,0.000000,0.020695,
1563,1,17.000000,1,dl_1563(7),1564,0,0.000000,0.000000,0.000000,0.025910,
1564,1,17.000000,1,dl_1564(7),1565,0,0.000000,0.000000,0.000000,0.024992,
1565,1,17.000000,1,dl_1565(7),1566,0,0.000000,0.000000,0.000000,0.020454,
1566,1,17.000000,1,dl_1566(7),1567,0,0.000000,0.000000,0.000000,0.019923,
1567,1,17.000000,1,dl_1567(7),1568,0,0.000000,0.000000,0.000000,0.024113,
1568,1,17.000000,1,dl_1568(7),1569,0,0.000000,0.000000,0.000000,0.027703,
1569,1,17.000000,1,dl_1569(7),1570,0,0.000000,0.000000,0.000000,0.025668,
1570,1,17.000000,1,dl_1570(7),1571,0,0.000000,0.000000,0.000000,0.020312,
1571,1,17.000000,1,dl_1571(7),1572,0,0.000000,0.000000,0.000000,0.020911,
1572,1,17.000000,1,dl_1572(7),1573,0,0.000000,0.000000,0.000000,0.028897,
1573,1,17.000000,1,dl_1573(7),1574,0,0.000000,0.000000,0.000000,0.038164,
1574,1,17.000000,1,dl_1574(6),1575,0,0.000000,0.000000,0.000000,0.024114,
1575,1,17.000000,1,dl_1575(6),1576,0,0.000000,0.000000,0.000000,0.025309,
1576,1,17.000000,1,dl_1576(6),1577,0,0.000000,0.000000,0.000000,0.024960,
1577,1,17.000000,1,dl_1577(7),1578,0,0.000000,0.000000,0.000000,0.020314,
1578,1,17.000000,1,dl_1578(7),1579,0,0.000000,0.000000,0.000000,0.035032,
1579,1,17.000000,1,dl_1579(7),1580,0,0.000000,0.000000,0.000000,0.023588,
1580,1,17.000000,1,dl_1580(7),1581,0,0.000000,0.000000,0.000000,0.019902,
1581,1,17.000000,1,dl_1581(7),1582,0,0.000000,0.000000,0.000000,0.019672,
1582,1,17.000000,1,dl_1582(6),1583,0,0.000000,0.000000,0.000000,0.036395,
1583,1,17.000000,1,dl_1583(7),1584,0,0.000000,0.000000,0.000000,0.027825,
1584,1,17.000000,1,dl_1584(7),1585,0,0.000000,0.000000,0.000000,0.022811,
1585,1,17.000000,1,dl_1585(7),1586,0,0.000000,0.000000,0.000000,0.020390,
1586,1,17.000000,1,dl_1586(7),1587,0,0.000000,0.000000,0.000000,0.020810,
1587,1,17.000000,1,dl_1587(7),1588,0,0.000000,0.000000,0.000000,0.031514,
1588,1,17.000000,1,dl_1588(7),1589,0,0.000000,0.000000,0.000000,0.023953,
1589,1,17.000000,1,dl_1589(7),1590,0,0.000000,0.000000,0.000000,0.023671,
1590,1,17.000000,1,dl_1590(7),1591,0,0.000000,0.000000,0.000000,0.033023,
1591,1,17.000000,1,dl_1591(7),1592,0,0.000000,0.000000,0.000000,0.025891,
1592,1,17.000000,1,dl_1592(7),1593,0,0.000000,0.000000,0.000000,0.024214,
1593,1,17.000000,1,dl_1593(7),1594,0,0.000000,0.000000,0.000000,0.036164,
1594,1,17.000000,1,dl_1594(6),1595,0,0.000000,0.000000,0.000000,0.027681,
1595,1,17.000000,1,dl_1595(6),1596,0,0.000000,0.000000,0.000000,0.037825,
1596,1,17.000000,1,dl_1596(6),1597,0,0.000000,0.000000,0.000000,0.025028,
1597,1,17.000000,1,dl_1597(7),1598,0,0.000000,0.000000,0.000000,0.022872,
1598,1,17.000000,1,dl_1598(7),1599,0,0.000000,0.000000,0.000000,0.035359,
1599,1,17.000000,1,dl_1599(7),1600,0,0.000000,0.000000,0.000000,0.022705,
1600,1,17.000000,1,dl_1600(7),1601,0,0.000000,0.000000,0.000000,0.030277,
1601,1,17.000000,1,dl_1601(7),1602,0,0.000000,0.000000,0.000000,0.038108,
1602,1,17.000000,1,dl_1602(6),1603,0,0.000000,0.000000,0.000000,0.027503,
1603,1,17.000000,1,dl_1603(7),1604,0,0.000000,0.000000,0.000000,0.031976,
1604,1,17.000000,1,dl_1604(7),1605,0,0.000000,0.000000,0.000000,0.033186,
1605,1,17.000000,1,dl_1605(7),1606,0,0.000000,0.000000,0.000000,0.023318,
1606,1,17.000000,1,dl_1606(7),1607,0,0.000000,0.000000,0.000000,0.022985,
1607,1,17.000000,1,dl_1607(7),1608,0,0.000000,0.000000,0.000000,0.021591,
1608,1,17.000000,1,dl_1608(7),1609,0,0.000000,0.000000,0.000000,0.031092,
1609,1,17.000000,1,dl_1609(7),1610,0,0.000000,0.000000,0.000000,0.035793,
1610,1,17.000000,1,dl_1610(7),1611,0,0.000000,0.000000,0.000000,0.025427,
1611,1,17.000000,1,dl_1611(7),1612,0,0.000000,0.000000,0.000000,0.026183,
1612,1,17.000000,1,dl_1612(7),1613,0,0.000000,0.000000,0.000000,0.023483,
1613,1,17.000000,1,dl_1613(7),1614,0,0.000000,0.000000,0.000000,0.035994,
1614,1,17.000000,1,dl_1614(6),1615,0,0.000000,0.000000,0.000000,0.023404,
1615,1,17.000000,1,dl_1615(6),1616,0,0.000000,0.000000,0.000000,0.024570,
1616,1,17.000000,1,dl_1616(6),1617,0,0.000000,0.000000,0.000000,0.030471,
1617,1,17.000000,1,dl_1617(7),1618,0,0.000000,0.000000,0.000000,0.029884,
1618,1,17.000000,1,dl_1618(7),1619,0,0.000000,0.000000,0.000000,0.021642,
1619,1,17.000000,1,dl_1619(7),1620,0,0.000000,0.000000,0.000000,0.025850,
1620,1,17.000000,1,dl_1620(7),1621,0,0.000000,0.000000,0.000000,0.023518,
1621,1,17.000000,1,dl_1621(7),1622,0,0.000000,0.000000,0.000000,0.020504,
1622,1,17.000000,1,dl_1622(6),1623,0,0.000000,0.000000,0.000000,0.040116,
1623,1,17.000000,1,dl_1623(7),1624,0,0.000000,0.000000,0.000000,0.028748,
1624,1,17.000000,1,dl_1624(7),1625,0,0.000000,0.000000,0.000000,0.024386,
1625,1,17.000000,1,dl_1625(7),1626,0,0.000000,0.000000,0.000000,0.028998,
1626,1,17.000000,1,dl_1626(7),1627,0,0.000000,0.000000,0.000000,0.024483,
1627,1,17.000000,1,dl_1627(7),1628,0,0.000000,0.000000,0.000000,0.023193,
1628,1,17.000000,1,dl_1628(4),1629,0,0.000000,0.000000,0.000000,0.032502,4>3[-T48]
1629,1,17.000000,1,dl_1629(4),1630,0,0.000000,0.000000,0.000000,0.041503,4>3[-T48]
1630,1,17.000000,1,dl_1630(3),1631,0,0.000000,0.000000,0.000000,0.032712,4>3[-T48]
1631,1,17.000000,1,dl_1631(4),1632,0,0.000000,0.000000,0.000000,0.026677,
1632,1,17.000000,1,dl_1632(4),1633,0,0.000000,0.000000,0.000000,0.023188,
1633,1,17.000000,1,dl_1633(3),1634,0,0.000000,0.000000,0.000000,0.032853,
1634,1,17.000000,1,dl_1634(4),1635,0,0.000000,0.000000,0.000000,0.029003,
1635,1,17.000000,1,dl_1635(4),1636,0,0.000000,0.000000,0.000000,0.024426,
1636,1,17.000000,1,dl_1636(4),1637,0,0.000000,0.000000,0.000000,0.022179,
1637,1,17.000000,1,dl_1637(4),1638,0,0.000000,0.000000,0.000000,0.034322,
1638,1,17.000000,1,dl_1638(5),1639,0,0.000000,0.000000,0.000000,0.030505,
1639,1,17.000000,1,dl_1639(5),1640,0,0.000000,0.000000,0.000000,0.025628,
1640,1,17.000000,1,dl_1640(4),1641,0,0.000000,0.000000,0.000000,0.029183,
1641,1,17.000000,1,dl_1641(5),1642,0,0.000000,0.000000,0.000000,0.028734,
1642,1,17.000000,1,dl_1642(5),1643,0,0.000000,0.000000,0.000000,0.020139,
1643,1,17.000000,1,dl_1643(5),1644,0,0.000000,0.000000,0.000000,0.022879,
1644,1,17.000000,1,dl_1644(5),1645,0,0.000000,0.000000,0.000000,0.026563,
1645,1,17.000000,1,dl_1645(5),1646,0,0.000000,0.000000,0.000000,0.030261,
1646,1,17.000000,1,dl_1646(4),1647,0,0.000000,0.000000,0.000000,0.027033,
1647,1,17.000000,1,dl_1647(5),1648,0,0.000000,0.000000,0.000000,0.023653,
1648,1,17.000000,1,dl_1648(5),1649,0,0.000000,0.000000,0.000000,0.027812,
1649,1,17.000000,1,dl_1649(5),1650,0,0.000000,0.000000,0.000000,0.035298,
1650,1,17.000000,1,dl_1650(4),1651,0,0.000000,0.000000,0.000000,0.025441,
1651,1,17.000000,1,dl_1651(5),1652,0,0.000000,0.000000,0.000000,0.035830,
1652,1,17.000000,1,dl_1652(5),1653,0,0.000000,0.000000,0.000000,0.028587,
1653,1,17.000000,1,dl_1653(5),1654,0,0.000000,0.000000,0.000000,0.025302,
1654,1,17.000000,1,dl_1654(4),1655,0,0.000000,0.000000,0.000000,0.023256,
1655,1,17.000000,1,dl_1655(5),1656,0,0.000000,0.000000,0.000000,0.038618,
1656,1,17.000000,1,dl_1656(5),1657,0,0.000000,0.000000,0.000000,0.031571,
1657,1,17.000000,1,dl_1657(5),1658,0,0.000000,0.000000,0.000000,0.023921,
1658,1,17.000000,1,dl_1658(5),1659,0,0.000000,0.000000,0.000000,0.032295,
1659,1,17.000000,1,dl_1659(5),1660,0,0.000000,0.000000,0.000000,0.031852,
1660,1,17.000000,1,dl_1660(5),1661,0,0.000000,0.000000,0.000000,0.023789,
1661,1,17.000000,1,dl_1661(5),1662,0,0.000000,0.000000,0.000000,0.024228,
1662,1,17.000000,1,dl_1662(5),1663,0,0.000000,0.000000,0.000000,0.025673,
1663,1,17.000000,1,dl_1663(5),1664,0,0.000000,0.000000,0.000000,0.026477,
1664,1,17.000000,1,dl_1664(5),1665,0,0.000000,0.000000,0.000000,0.029505,
1665,1,17.000000,1,dl_1665(5),1666,0,0.000000,0.000000,0.000000,0.021770,
1666,1,17.000000,1,dl_1666(5),1667,0,0.000000,0.000000,0.000000,0.024327,
1667,1,17.000000,1,dl_1667(5),1668,0,0.000000,0.000000,0.000000,0.022794,
1668,1,17.000000,1,dl_1668(5),1669,0,0.000000,0.000000,0.000000,0.037635,
1669,1,17.000000,1,dl_1669(5),1670,0,0.000000,0.000000,0.000000,0.032045,
1670,1,17.000000,1,dl_1670(5),1671,0,0.000000,0.000000,0.000000,0.022284,
1671,1,17.000000,1,dl_1671(5),1672,0,0.000000,0.000000,0.000000,0.025897,
1672,1,17.000000,1,dl_1672(5),1673,0,0.000000,0.000000,0.000000,0.021910,
1673,1,17.000000,1,dl_1673(5),1674,0,0.000000,0.000000,0.000000,0.036058,
1674,1,17.000000,1,dl_1674(6),1675,0,0.000000,0.000000,0.000000,0.030298,
1675,1,17.000000,1,dl_1675(6),1676,0,0.000000,0.000000,0.000000,0.022304,
1676,1,17.000000,1,dl_1676(6),1677,0,0.000000,0.000000,0.000000,0.040225,
1677,1,17.000000,1,dl_1677(6),1678,0,0.000000,0.000000,0.000000,0.023899,
1678,1,17.000000,1,dl_1678(6),1679,0,0.000000,0.000000,0.000000,0.042827,
1679,1,17.000000,1,dl_1679(6),1680,0,0.000000,0.000000,0.000000,0.040612,
1680,1,17.000000,1,dl_1680(6),1681,0,0.000000,0.000000,0.000000,0.036895,
1681,1,17.000000,1,dl_1681(6),1682,0,0.000000,0.000000,0.000000,0.039572,
1682,1,17.000000,1,dl_1682(6),1683,0,0.000000,0.000000,0.000000,0.031598,
1683,1,17.000000,1,dl_1683(6),1684,0,0.000000,0.000000,0.000000,0.026248,
1684,1,17.000000,1,dl_1684(6),1685,0,0.000000,0.000000,0.000000,0.024430,
1685,1,17.000000,1,dl_1685(6),1686,0,0.000000,0.000000,0.000000,0.031260,
1686,1,17.000000,1,dl_1686(5),1687,0,0.000000,0.000000,0.000000,0.032759,
1687,1,17.000000,1,dl_1687(5),1688,0,0.000000,0.000000,0.000000,0.023785,
1688,1,17.000000,1,dl_1688(5),1689,0,0.000000,0.000000,0.000000,0.039452,
1689,1,17.000000,1,dl_1689(5),1690,0,0.000000,0.000000,0.000000,0.022400,
1690,1,17.000000,1,dl_1690(5),1691,0,0.000000,0.000000,0.000000,0.021789,
1691,1,17.000000,1,dl_1691(5),1692,0,0.000000,0.000000,0.000000,0.021106,
1692,1,17.000000,1,dl_1692(6),1693,0,0.000000,0.000000,0.000000,0.020380,
1693,1,17.000000,1,dl_1693(6),1694,0,0.000000,0.000000,0.000000,0.038529,
1694,1,17.000000,1,dl_1694(6),1695,0,0.000000,0.000000,0.000000,0.021846,
1695,1,17.000000,1,dl_1695(6),1696,0,0.000000,0.000000,0.000000,0.021076,
1696,1,17.000000,1,dl_1696(6),1697,0,0.000000,0.000000,0.000000,0.023061,
1697,1,17.000000,1,dl_1697(6),1698,0,0.000000,0.000000,0.000000,0.038680,
1698,1,17.000000,1,dl_1698(6),1699,0,0.000000,0.000000,0.000000,0.036020,
1699,1,17.000000,1,dl_1699(6),1700,0,0.000000,0.000000,0.000000,0.024463,
1700,1,17.000000,1,dl_1700(6),1701,0,0.000000,0.000000,0.000000,0.020186,
1701,1,17.000000,1,dl_1701(6),1702,0,0.000000,0.000000,0.000000,0.026258,
1702,1,17.000000,1,dl_1702(6),1703,0,0.000000,0.000000,0.000000,0.022746,
1703,1,17.000000,1,dl_1703(6),1704,0,0.000000,0.000000,0.000000,0.034188,
1704,1,17.000000,1,dl_1704(6),1705,0,0.000000,0.000000,0.000000,0.022781,
1705,1,17.000000,1,dl_1705(6),1706,0,0.000000,0.000000,0.000000,0.021882,
1706,1,17.000000,1,dl_1706(6),1707,0,0.000000,0.000000,0.000000,0.025179,
1707,1,17.000000,1,dl_1707(6),1708,0,0.000000,0.000000,0.000000,0.023710,
1708,1,17.000000,1,dl_1708(6),1709,0,0.000000,0.000000,0.000000,0.037098,
1709,1,17.000000,1,dl_1709(6),1710,0,0.000000,0.000000,0.000000,0.028473,
1710,1,17.000000,1,dl_1710(4),1711,0,0.000000,0.000000,0.000000,0.041235,4>3[-T48]
1711,1,17.000000,1,dl_1711(4),1712,0,0.000000,0.000000,0.000000,0.029773,4>3[-T48]
1712,1,17.000000,1,dl_1712(3),1713,0,0.000000,0.000000,0.000000,0.025223,4>3[-T48]
1713,1,17.000000,1,dl_1713(4),1714,0,0.000000,0.000000,0.000000,0.026703,
1714,1,17.000000,1,dl_1714(4),1715,0,0.000000,0.000000,0.000000,0.033439,
1715,1,17.000000,1,dl_1715(3),1716,0,0.000000,0.000000,0.000000,0.028561,
1716,1,17.000000,1,dl_1716(4),1717,0,0.000000,0.000000,0.000000,0.033469,
1717,1,17.000000,1,dl_1717(4),1718,0,0.000000,0.000000,0.000000,0.025064,
1718,1,17.000000,1,dl_1718(4),1719,0,0.000000,0.000000,0.000000,0.022281,
1719,1,17.000000,1,dl_1719(4),1720,0,0.000000,0.000000,0.000000,0.033599,
1720,1,17.000000,1,dl_1720(5),1721,0,0.000000,0.000000,0.000000,0.027612,
1721,1,17.000000,1,dl_1721(5),1722,0,0.000000,0.000000,0.000000,0.032633,
1722,1,17.000000,1,dl_1722(4),1723,0,0.000000,0.000000,0.000000,0.025032,
1723,1,17.000000,1,dl_1723(5),1724,0,0.000000,0.000000,0.000000,0.020688,
1724,1,17.000000,1,dl_1724(5),1725,0,0.000000,0.000000,0.000000,0.023159,
1725,1,17.000000,1,dl_1725(5),1726,0,0.000000,0.000000,0.000000,0.039803,
1726,1,17.000000,1,dl_1726(5),1727,0,0.000000,0.000000,0.000000,0.024646,
1727,1,17.000000,1,dl_1727(5),1728,0,0.000000,0.000000,0.000000,0.023844,
1728,1,17.000000,1,dl_1728(4),1729,0,0.000000,0.000000,0.000000,0.027419,
1729,1,17.000000,1,dl_1729(5),1730,0,0.000000,0.000000,0.000000,0.043899,
1730,1,17.000000,1,dl_1730(5),1731,0,0.000000,0.000000,0.000000,0.022930,
1731,1,17.000000,1,dl_1731(5),1732,0,0.000000,0.000000,0.000000,0.024618,
1732,1,17.000000,1,dl_1732(4),1733,0,0.000000,0.000000,0.000000,0.024886,
1733,1,17.000000,1,dl_1733(5),1734,0,0.000000,0.000000,0.000000,0.024718,
1734,1,17.000000,1,dl_1734(5),1735,0,0.000000,0.000000,0.000000,0.032677,
1735,1,17.000000,1,dl_1735(5),1736,0,0.000000,0.000000,0.000000,0.041259,
1736,1,17.000000,1,dl_1736(4),1737,0,0.000000,0.000000,0.000000,0.028736,
1737,1,17.000000,1,dl_1737(5),1738,0,0.000000,0.000000,0.000000,0.031940,
1738,1,17.000000,1,dl_1738(5),1739,0,0.000000,0.000000,0.000000,0.032696,
1739,1,17.000000,1,dl_1739(5),1740,0,0.000000,0.000000,0.000000,0.023750,
1740,1,17.000000,1,dl_1740(5),1741,0,0.000000,0.000000,0.000000,0.034681,
1741,1,17.000000,1,dl_1741(5),1742,0,0.000000,0.000000,0.000000,0.026781,
1742,1,17.000000,1,dl_1742(5),1743,0,0.000000,0.000000,0.000000,0.022872,
1743,1,17.000000,1,dl_1743(5),1744,0,0.000000,0.000000,0.000000,0.026509,
1744,1,17.000000,1,dl_1744(5),1745,0,0.000000,0.000000,0.000000,0.029088,
1745,1,17.000000,1,dl_1745(5),1746,0,0.000000,0.000000,0.000000,0.032924,
1746,1,17.000000,1,dl_1746(5),1747,0,0.000000,0.000000,0.000000,0.022511,
1747,1,17.000000,1,dl_1747(5),1748,0,0.000000,0.000000,0.000000,0.022366,
1748,1,17.000000,1,dl_1748(5),1749,0,0.000000,0.000000,0.000000,0.023400,
1749,1,17.000000,1,dl_1749(5),1750,0,0.000000,0.000000,0.000000,0.031111,
1750,1,17.000000,1,dl_1750(5),1751,0,0.000000,0.000000,0.000000,0.022158,
1751,1,17.000000,1,dl_1751(5),1752,0,0.000000,0.000000,0.000000,0.023173,
1752,1,17.000000,1,dl_1752(5),1753,0,0.000000,0.000000,0.000000,0.036457,
1753,1,17.000000,1,dl_1753(5),1754,0,0.000000,0.000000,0.000000,0.022280,
1754,1,17.000000,1,dl_1754(5),1755,0,0.000000,0.000000,0.000000,0.020569,
1755,1,17.000000,1,dl_1755(5),1756,0,0.000000,0.000000,0.000000,0.025726,
1756,1,17.000000,1,dl_1756(6),1757,0,0.000000,0.000000,0.000000,0.030755,
1757,1,17.000000,1,dl_1757(6),1758,0,0.000000,0.000000,0.000000,0.037701,
1758,1,17.000000,1,dl_1758(6),1759,0,0.000000,0.000000,0.000000,0.022690,
1759,1,17.000000,1,dl_1759(6),1760,0,0.000000,0.000000,0.000000,0.033546,
1760,1,17.000000,1,dl_1760(6),1761,0,0.000000,0.000000,0.000000,0.034568,
1761,1,17.000000,1,dl_1761(6),1762,0,0.000000,0.000000,0.000000,0.032848,
1762,1,17.000000,1,dl_1762(6),1763,0,0.000000,0.000000,0.000000,0.031886,
1763,1,17.000000,1,dl_1763(6),1764,0,0.000000,0.000000,0.000000,0.046594,
1764,1,17.000000,1,dl_1764(6),1765,0,0.000000,0.000000,0.000000,0.029901,
1765,1,17.000000,1,dl_1765(6),1766,0,0.000000,0.000000,0.000000,0.029723,
1766,1,17.000000,1,dl_1766(6),1767,0,0.000000,0.000000,0.000000,0.036484,
1767,1,17.000000,1,dl_1767(6),1768,0,0.000000,0.000000,0.000000,0.032320,
1768,1,17.000000,1,dl_1768(5),1769,0,0.000000,0.000000,0.000000,0.037413,
1769,1,17.000000,1,dl_1769(5),1770,0,0.000000,0.000000,0.000000,0.030853,
1770,1,17.000000,1,dl_1770(5),1771,0,0.000000,0.000000,0.000000,0.035574,
1771,1,17.000000,1,dl_1771(5),1772,0,0.000000,0.000000,0.000000,0.030602,
1772,1,17.000000,1,dl_1772(5),1773,0,0.000000,0.000000,0.000000,0.029603,
1773,1,17.000000,1,dl_1773(5),1774,0,0.000000,0.000000,0.000000,0.039347,
1774,1,17.000000,1,dl_1774(6),1775,0,0.000000,0.000000,0.000000,0.029230,
1775,1,17.000000,1,dl_1775(6),1776,0,0.000000,0.000000,0.000000,0.023618,
1776,1,17.000000,1,dl_1776(6),1777,0,0.000000,0.000000,0.000000,0.021645,
1777,1,17.000000,1,dl_1777(6),1778,0,0.000000,0.000000,0.000000,0.024488,
1778,1,17.000000,1,dl_1778(6),1779,0,0.000000,0.000000,0.000000,0.028134,
1779,1,17.000000,1,dl_1779(6),1780,0,0.000000,0.000000,0.000000,0.032291,
1780,1,17.000000,1,dl_1780(6),1781,0,0.000000,0.000000,0.000000,0.028861,
1781,1,17.000000,1,dl_1781(6),1782,0,0.000000,0.000000,0.000000,0.023206,
1782,1,17.000000,1,dl_1782(6),1783,0,0.000000,0.000000,0.000000,0.023481,
1783,1,17.000000,1,dl_1783(6),1784,0,0.000000,0.000000,0.000000,0.025306,
1784,1,17.000000,1,dl_1784(6),1785,0,0.000000,0.000000,0.000000,0.031434,
1785,1,17.000000,1,dl_1785(6),1786,0,0.000000,0.000000,0.000000,0.029057,
1786,1,17.000000,1,dl_1786(6),1787,0,0.000000,0.000000,0.000000,0.037952,
1787,1,17.000000,1,dl_1787(6),1788,0,0.000000,0.000000,0.000000,0.029269,
1788,1,17.000000,1,dl_1788(6),1789,0,0.000000,0.000000,0.000000,0.035052,
1789,1,17.000000,1,dl_1789(6),1790,0,0.000000,0.000000,0.000000,0.040985,
1790,1,17.000000,1,dl_1790(6),1791,0,0.000000,0.000000,0.000000,0.033623,
1791,1,17.000000,1,dl_1791(6),1792,0,0.000000,0.000000,0.000000,0.029973,
1792,1,17.000000,1,dl_1792(4),1793,0,0.000000,0.000000,0.000000,0.024890,4>3[-T48]
1793,1,17.000000,1,dl_1793(4),1794,0,0.000000,0.000000,0.000000,0.025890,4>3[-T48]
1794,1,17.000000,1,dl_1794(3),1795,0,0.000000,0.000000,0.000000,0.028522,4>3[-T48]
1795,1,17.000000,1,dl_1795(4),1796,0,0.000000,0.000000,0.000000,0.040282,
1796,1,17.000000,1,dl_1796(4),1797,0,0.000000,0.000000,0.000000,0.027292,
1797,1,17.000000,1,dl_1797(3),1798,0,0.000000,0.000000,0.000000,0.025969,
1798,1,17.000000,1,dl_1798(4),1799,0,0.000000,0.000000,0.000000,0.030374,
1799,1,17.000000,1,dl_1799(4),1800,0,0.000000,0.000000,0.000000,0.030677,
1800,1,17.000000,1,dl_1800(4),1801,0,0.000000,0.000000,0.000000,0.024930,
1801,1,17.000000,1,dl_1801(4),1802,0,0.000000,0.000000,0.000000,0.023608,
1802,1,17.000000,1,dl_1802(5),1803,0,0.000000,0.000000,0.000000,0.036423,
1803,1,17.000000,1,dl_1803(5),1804,0,0.000000,0.000000,0.000000,0.028436,
1804,1,17.000000,1,dl_1804(4),1805,0,0.000000,0.000000,0.000000,0.033984,
1805,1,17.000000,1,dl_1805(5),1806,0,0.000000,0.000000,0.000000,0.029692,
1806,1,17.000000,1,dl_1806(5),1807,0,0.000000,0.000000,0.000000,0.023883,
1807,1,17.000000,1,dl_1807(5),1808,0,0.000000,0.000000,0.000000,0.024578,
1808,1,17.000000,1,dl_1808(5),1809,0,0.000000,0.000000,0.000000,0.024711,
1809,1,17.000000,1,dl_1809(5),1810,0,0.000000,0.000000,0.000000,0.028524,
1810,1,17.000000,1,dl_1810(4),1811,0,0.000000,0.000000,0.000000,0.036439,
1811,1,17.000000,1,dl_1811(5),1812,0,0.000000,0.000000,0.000000,0.037841,
1812,1,17.000000,1,dl_1812(5),1813,0,0.000000,0.000000,0.000000,0.029149,
1813,1,17.000000,1,dl_1813(5),1814,0,0.000000,0.000000,0.000000,0.027292,
1814,1,17.000000,1,dl_1814(4),1815,0,0.000000,0.000000,0.000000,0.030300,
1815,1,17.000000,1,dl_1815(5),1816,0,0.000000,0.000000,0.000000,0.024857,
1816,1,17.000000,1,dl_1816(5),1817,0,0.000000,0.000000,0.000000,0.027602,
1817,1,17.000000,1,dl_1817(5),1818,0,0.000000,0.000000,0.000000,0.026317,
1818,1,17.000000,1,dl_1818(4),1819,0,0.000000,0.000000,0.000000,0.027479,
1819,1,17.000000,1,dl_1819(5),1820,0,0.000000,0.000000,0.000000,0.025741,
1820,1,17.000000,1,dl_1820(5),1821,0,0.000000,0.000000,0.000000,0.024495,
1821,1,17.000000,1,dl_1821(5),1822,0,0.000000,0.000000,0.000000,0.028240,
1822,1,17.000000,1,dl_1822(5),1823,0,0.000000,0.000000,0.000000,0.027832,
1823,1,17.000000,1,dl_1823(5),1824,0,0.000000,0.000000,0.000000,0.026234,
1824,1,17.000000,1,dl_1824(5),1825,0,0.000000,0.000000,0.000000,0.023140,
1825,1,17.000000,1,dl_1825(5),1826,0,0.000000,0.000000,0.000000,0.025071,
1826,1,17.000000,1,dl_1826(5),1827,0,0.000000,0.000000,0.000000,0.024435,
1827,1,17.000000,1,dl_1827(5),1828,0,0.000000,0.000000,0.000000,0.035042,
1828,1,17.000000,1,dl_1828(5),1829,0,0.000000,0.000000,0.000000,0.027989,
1829,1,17.000000,1,dl_1829(5),1830,0,0.000000,0.000000,0.000000,0.025283,
1830,1,17.000000,1,dl_1830(5),1831,0,0.000000,0.000000,0.000000,0.026253,
1831,1,17.000000,1,dl_1831(5),1832,0,0.000000,0.000000,0.000000,0.030451,
1832,1,17.000000,1,dl_1832(5),1833,0,0.000000,0.000000,0.000000,0.030737,
1833,1,17.000000,1,dl_1833(5),1834,0,0.000000,0.000000,0.000000,0.030441,
1834,1,17.000000,1,dl_1834(5),1835,0,0.000000,0.000000,0.000000,0.024520,
1835,1,17.000000,1,dl_1835(5),1836,0,0.000000,0.000000,0.000000,0.024368,
1836,1,17.000000,1,dl_1836(5),1837,0,0.000000,0.000000,0.000000,0.027508,
1837,1,17.000000,1,dl_1837(5),1838,0,0.000000,0.000000,0.000000,0.044073,
1838,1,17.000000,1,dl_1838(6),1839,0,0.000000,0.000000,0.000000,0.029791,
1839,1,17.000000,1,dl_1839(6),1840,0,0.000000,0.000000,0.000000,0.028551,
1840,1,17.000000,1,dl_1840(6),1841,0,0.000000,0.000000,0.000000,0.026670,
1841,1,17.000000,1,dl_1841(6),1842,0,0.000000,0.000000,0.000000,0.030884,
1842,1,17.000000,1,dl_1842(6),1843,0,0.000000,0.000000,0.000000,0.024580,
1843,1,17.000000,1,dl_1843(6),1844,0,0.000000,0.000000,0.000000,0.020104,
1844,1,17.000000,1,dl_1844(6),1845,0,0.000000,0.000000,0.000000,0.053134,
1845,1,17.000000,1,dl_1845(6),1846,0,0.000000,0.000000,0.000000,0.033397,
1846,1,17.000000,1,dl_1846(6),1847,0,0.000000,0.000000,0.000000,0.013860,
1847,1,17.000000,1,dl_1847(6),1848,0,0.000000,0.000000,0.000000,0.020763,
1848,1,17.000000,1,dl_1848(6),1849,0,0.000000,0.000000,0.000000,0.026464,
1849,1,17.000000,1,dl_1849(6),1850,0,0.000000,0.000000,0.000000,0.037314,
1850,1,17.000000,1,dl_1850(5),1851,0,0.000000,0.000000,0.000000,0.026367,
1851,1,17.000000,1,dl_1851(5),1852,0,0.000000,0.000000,0.000000,0.032242,
1852,1,17.000000,1,dl_1852(5),1853,0,0.000000,0.000000,0.000000,0.026616,
1853,1,17.000000,1,dl_1853(5),1854,0,0.000000,0.000000,0.000000,0.019187,
1854,1,17.000000,1,dl_1854(5),1855,0,0.000000,0.000000,0.000000,0.030336,
1855,1,17.000000,1,dl_1855(5),1856,0,0.000000,0.000000,0.000000,0.025497,
1856,1,17.000000,1,dl_1856(6),1857,0,0.000000,0.000000,0.000000,0.021756,
1857,1,17.000000,1,dl_1857(6),1858,0,0.000000,0.000000,0.000000,0.036243,
1858,1,17.000000,1,dl_1858(6),1859,0,0.000000,0.000000,0.000000,0.021946,
1859,1,17.000000,1,dl_1859(6),1860,0,0.000000,0.000000,0.000000,0.019637,
1860,1,17.000000,1,dl_1860(6),1861,0,0.000000,0.000000,0.000000,0.036179,
1861,1,17.000000,1,dl_1861(6),1862,0,0.000000,0.000000,0.000000,0.025394,
1862,1,17.000000,1,dl_1862(6),1863,0,0.000000,0.000000,0.000000,0.020739,
1863,1,17.000000,1,dl_1863(6),1864,0,0.000000,0.000000,0.000000,0.028823,
1864,1,17.000000,1,dl_1864(6),1865,0,0.000000,0.000000,0.000000,0.034027,
1865,1,17.000000,1,dl_1865(6),1866,0,0.000000,0.000000,0.000000,0.024972,
1866,1,17.000000,1,dl_1866(6),1867,0,0.000000,0.000000,0.000000,0.039994,
1867,1,17.000000,1,dl_1867(6),1868,0,0.000000,0.000000,0.000000,0.024623,
1868,1,17.000000,1,dl_1868(6),1869,0,0.000000,0.000000,0.000000,0.022103,
1869,1,17.000000,1,dl_1869(6),1870,0,0.000000,0.000000,0.000000,0.022268,
1870,1,17.000000,1,dl_1870(6),1871,0,0.000000,0.000000,0.000000,0.019411,
1871,1,17.000000,1,dl_1871(6),1872,0,0.000000,0.000000,0.000000,0.024479,
1872,1,17.000000,1,dl_1872(6),1873,0,0.000000,0.000000,0.000000,0.019671,
1873,1,17.000000,1,dl_1873(6),1874,0,0.000000,0.000000,0.000000,0.019459,
1874,1,17.000000,1,dl_1874(6),1875,0,0.000000,0.000000,0.000000,0.021848,
1875,1,17.000000,1,dl_1875(6),1876,0,0.000000,0.000000,0.000000,0.021285,
1876,1,17.000000,1,dl_1876(6),1877,0,0.000000,0.000000,0.000000,0.019760,
1877,1,17.000000,1,dl_1877(6),1878,0,0.000000,0.000000,0.000000,0.020114,
1878,1,17.000000,1,dl_1878(6),1879,0,0.000000,0.000000,0.000000,0.025143,
1879,1,17.000000,1,dl_1879(6),1880,0,0.000000,0.000000,0.000000,0.023079,
1880,1,17.000000,1,dl_1880(6),1881,0,0.000000,0.000000,0.000000,0.022059,
1881,1,17.000000,1,dl_1881(6),1882,0,0.000000,0.000000,0.000000,0.021843,
1882,1,17.000000,1,dl_1882(6),1883,0,0.000000,0.000000,0.000000,0.019153,
1883,1,17.000000,1,dl_1883(6),1884,0,0.000000,0.000000,0.000000,0.018554,
1884,1,17.000000,1,dl_1884(6),1885,0,0.000000,0.000000,0.000000,0.017936,
1885,1,17.000000,1,dl_1885(6),1886,0,0.000000,0.000000,0.000000,0.019408,
1886,1,17.000000,1,dl_1886(6),1887,0,0.000000,0.000000,0.000000,0.019227,
1887,1,17.000000,1,dl_1887(6),1888,0,0.000000,0.000000,0.000000,0.027008,
1888,1,17.000000,1,dl_1888(6),1889,0,0.000000,0.000000,0.000000,0.026027,
1889,1,17.000000,1,dl_1889(6),1890,0,0.000000,0.000000,0.000000,0.020780,
1890,1,17.000000,1,dl_1890(6),1891,0,0.000000,0.000000,0.000000,0.022496,
1891,1,17.000000,1,dl_1891(6),1892,0,0.000000,0.000000,0.000000,0.019955,
1892,1,17.000000,1,dl_1892(6),1893,0,0.000000,0.000000,0.000000,0.025050,
1893,1,17.000000,1,dl_1893(6),1894,0,0.000000,0.000000,0.000000,0.023246,
1894,1,17.000000,1,dl_1894(6),1895,0,0.000000,0.000000,0.000000,0.020094,
1895,1,17.000000,1,dl_1895(6),1896,0,0.000000,0.000000,0.000000,0.027781,
1896,1,17.000000,1,dl_1896(6),1897,0,0.000000,0.000000,0.000000,0.032194,
1897,1,17.000000,1,dl_1897(6),1898,0,0.000000,0.000000,0.000000,0.035332,
1898,1,17.000000,1,dl_1898(6),1899,0,0.000000,0.000000,0.000000,0.031757,
1899,1,17.000000,1,dl_1899(6),1900,0,0.000000,0.000000,0.000000,0.025380,
1900,1,17.000000,1,dl_1900(6),1901,0,0.000000,0.000000,0.000000,0.021548,
1901,1,17.000000,1,dl_1901(6),1902,0,0.000000,0.000000,0.000000,0.021519,
1902,1,17.000000,1,dl_1902(6),1903,0,0.000000,0.000000,0.000000,0.020985,
1903,1,17.000000,1,dl_1903(6),1904,0,0.000000,0.000000,0.000000,0.024721,
1904,1,17.000000,1,dl_1904(6),1905,0,0.000000,0.000000,0.000000,0.034166,
1905,1,17.000000,1,dl_1905(6),1906,0,0.000000,0.000000,0.000000,0.032673,
1906,1,17.000000,1,dl_1906(6),1907,0,0.000000,0.000000,0.000000,0.026610,
1907,1,17.000000,1,dl_1907(6),1908,0,0.000000,0.000000,0.000000,0.023318,
1908,1,17.000000,1,dl_1908(6),1909,0,0.000000,0.000000,0.000000,0.022210,
1909,1,17.000000,1,dl_1909(6),1910,0,0.000000,0.000000,0.000000,0.041342,
1910,1,17.000000,1,dl_1910(6),1911,0,0.000000,0.000000,0.000000,0.024126,
1911,1,17.000000,1,dl_1911(6),1912,0,0.000000,0.000000,0.000000,0.027865,
1912,1,17.000000,1,dl_1912(6),1913,0,0.000000,0.000000,0.000000,0.037879,
1913,1,17.000000,1,dl_1913(6),1914,0,0.000000,0.000000,0.000000,0.026228,
1914,1,17.000000,1,dl_1914(6),1915,0,0.000000,0.000000,0.000000,0.025170,
1915,1,17.000000,1,dl_1915(6),1916,0,0.000000,0.000000,0.000000,0.034033,
1916,1,17.000000,1,dl_1916(6),1917,0,0.000000,0.000000,0.000000,0.027030,
1917,1,17.000000,1,dl_1917(6),1918,0,0.000000,0.000000,0.000000,0.040020,
1918,1,17.000000,1,dl_1918(6),1919,0,0.000000,0.000000,0.000000,0.028681,
1919,1,17.000000,1,dl_1919(6),1920,0,0.000000,0.000000,0.000000,0.025517,
1920,1,17.000000,1,dl_1920(6),1921,0,0.000000,0.000000,0.000000,0.033872,
1921,1,17.000000,1,dl_1921(6),1922,0,0.000000,0.000000,0.000000,0.026892,
1922,1,17.000000,1,dl_1922(6),1923,0,0.000000,0.000000,0.000000,0.042243,
1923,1,17.000000,1,dl_1923(6),1924,0,0.000000,0.000000,0.000000,0.033390,
1924,1,17.000000,1,dl_1924(6),1925,0,0.000000,0.000000,0.000000,0.025149,
1925,1,17.000000,1,dl_1925(6),1926,0,0.000000,0.000000,0.000000,0.039207,
1926,1,17.000000,1,dl_1926(6),1927,0,0.000000,0.000000,0.000000,0.025559,
1927,1,17.000000,1,dl_1927(6),1928,0,0.000000,0.000000,0.000000,0.022763,
1928,1,17.000000,1,dl_1928(5),1929,0,0.000000,0.000000,0.000000,0.022427,
1929,1,17.000000,1,dl_1929(5),1930,0,0.000000,0.000000,0.000000,0.026789,
1930,1,17.000000,1,dl_1930(4),1931,0,0.000000,0.000000,0.000000,0.029098,
1931,1,17.000000,1,dl_1931(5),1932,0,0.000000,0.000000,0.000000,0.021138,
1932,1,17.000000,1,dl_1932(5),1933,0,0.000000,0.000000,0.000000,0.022347,
1933,1,17.000000,1,dl_1933(5),1934,0,0.000000,0.000000,0.000000,0.032493,
1934,1,17.000000,1,dl_1934(5),1935,0,0.000000,0.000000,0.000000,0.030150,
1935,1,17.000000,1,dl_1935(6),1936,0,0.000000,0.000000,0.000000,0.025489,
1936,1,17.000000,1,dl_1936(6),1937,0,0.000000,0.000000,0.000000,0.047006,
1937,1,17.000000,1,dl_1937(5),1938,0,0.000000,0.000000,0.000000,0.023516,
1938,1,17.000000,1,dl_1938(6),1939,0,0.000000,0.000000,0.000000,0.023568,
1939,1,17.000000,1,dl_1939(6),1940,0,0.000000,0.000000,0.000000,0.032747,
1940,1,17.000000,1,dl_1940(6),1941,0,0.000000,0.000000,0.000000,0.027936,
1941,1,17.000000,1,dl_1941(5),1942,0,0.000000,0.000000,0.000000,0.033898,
1942,1,17.000000,1,dl_1942(5),1943,0,0.000000,0.000000,0.000000,0.022423,
1943,1,17.000000,1,dl_1943(4),1944,0,0.000000,0.000000,0.000000,0.021771,
1944,1,17.000000,1,dl_1944(5),1945,0,0.000000,0.000000,0.000000,0.035043,
1945,1,17.000000,1,dl_1945(5),1946,0,0.000000,0.000000,0.000000,0.025285,
1946,1,17.000000,1,dl_1946(5),1947,0,0.000000,0.000000,0.000000,0.022151,
1947,1,17.000000,1,dl_1947(5),1948,0,0.000000,0.000000,0.000000,0.023789,
1948,1,17.000000,1,dl_1948(6),1949,0,0.000000,0.000000,0.000000,0.028653,
1949,1,17.000000,1,dl_1949(6),1950,0,0.000000,0.000000,0.000000,0.043264,
1950,1,17.000000,1,dl_1950(5),1951,0,0.000000,0.000000,0.000000,0.027995,
1951,1,17.000000,1,dl_1951(6),1952,0,0.000000,0.000000,0.000000,0.036020,
1952,1,17.000000,1,dl_1952(6),1953,0,0.000000,0.000000,0.000000,0.025318,
1953,1,17.000000,1,dl_1953(6),1954,0,0.000000,0.000000,0.000000,0.023155,
1954,1,17.000000,1,dl_1954(5),1955,0,0.000000,0.000000,0.000000,0.028358,
1955,1,17.000000,1,dl_1955(5),1956,0,0.000000,0.000000,0.000000,0.028004,
1956,1,17.000000,1,dl_1956(4),1957,0,0.000000,0.000000,0.000000,0.072594,
1957,1,17.000000,1,dl_1957(5),1958,0,0.000000,0.000000,0.000000,0.043438,
1958,1,17.000000,1,dl_1958(5),1959,0,0.000000,0.000000,0.000000,0.038898,
1959,1,17.000000,1,dl_1959(5),1960,0,0.000000,0.000000,0.000000,0.035237,
1960,1,17.000000,1,dl_1960(5),1961,0,0.000000,0.000000,0.000000,0.032022,
1961,1,17.000000,1,dl_1961(6),1962,0,0.000000,0.000000,0.000000,0.026747,
1962,1,17.000000,1,dl_1962(6),1963,0,0.000000,0.000000,0.000000,0.041608,
1963,1,17.000000,1,dl_1963(5),1964,0,0.000000,0.000000,0.000000,0.040221,
1964,1,17.000000,1,dl_1964(6),1965,0,0.000000,0.000000,0.000000,0.038819,
1965,1,17.000000,1,dl_1965(6),1966,0,0.000000,0.000000,0.000000,0.032375,
1966,1,17.000000,1,dl_1966(6),1967,0,0.000000,0.000000,0.000000,0.029524,
1967,1,17.000000,1,dl_1967(6),1968,0,0.000000,0.000000,0.000000,0.037740,
1968,1,17.000000,1,dl_1968(6),1969,0,0.000000,0.000000,0.000000,0.031306,
1969,1,17.000000,1,dl_1969(6),1970,0,0.000000,0.000000,0.000000,0.037076,
1970,1,17.000000,1,dl_1970(6),1971,0,0.000000,0.000000,0.000000,0.041731,
1971,1,17.000000,1,dl_1971(6),1972,0,0.000000,0.000000,0.000000,0.032573,
1972,1,17.000000,1,dl_1972(6),1973,0,0.000000,0.000000,0.000000,0.037465,
1973,1,17.000000,1,dl_1973(6),1974,0,0.000000,0.000000,0.000000,0.028978,
1974,1,17.000000,1,dl_1974(6),1975,0,0.000000,0.000000,0.000000,0.028560,
1975,1,17.000000,1,dl_1975(6),1976,0,0.000000,0.000000,0.000000,0.029960,
1976,1,17.000000,1,dl_1976(6),1977,0,0.000000,0.000000,0.000000,0.032513,
1977,1,17.000000,1,dl_1977(6),1978,0,0.000000,0.000000,0.000000,0.035518,
1978,1,17.000000,1,dl_1978(6),1979,0,0.000000,0.000000,0.000000,0.030744,
1979,1,17.000000,1,dl_1979(6),1980,0,0.000000,0.000000,0.000000,0.033323,
1980,1,17.000000,1,dl_1980(6),1981,0,0.000000,0.000000,0.000000,0.029748,
1981,1,17.000000,1,dl_1981(6),1982,0,0.000000,0.000000,0.000000,0.039192,
1982,1,17.000000,1,dl_1982(5),1983,0,0.000000,0.000000,0.000000,0.033202,
1983,1,17.000000,1,dl_1983(5),1984,0,0.000000,0.000000,0.000000,0.033750,
1984,1,17.000000,1,dl_1984(5),1985,0,0.000000,0.000000,0.000000,0.029742,
1985,1,17.000000,1,dl_1985(6),1986,0,0.000000,0.000000,0.000000,0.029444,
1986,1,17.000000,1,dl_1986(6),1987,0,0.000000,0.000000,0.000000,0.036732,
1987,1,17.000000,1,dl_1987(6),1988,0,0.000000,0.000000,0.000000,0.028921,
1988,1,17.000000,1,dl_1988(6),1989,0,0.000000,0.000000,0.000000,0.029390,
1989,1,17.000000,1,dl_1989(6),1990,0,0.000000,0.000000,0.000000,0.030739,
1990,1,17.000000,1,dl_1990(6),1991,0,0.000000,0.000000,0.000000,0.033592,
1991,1,17.000000,1,dl_1991(6),1992,0,0.000000,0.000000,0.000000,0.026197,
1992,1,17.000000,1,dl_1992(6),1993,0,0.000000,0.000000,0.000000,0.035204,
1993,1,17.000000,1,dl_1993(6),1994,0,0.000000,0.000000,0.000000,0.033868,
1994,1,17.000000,1,dl_1994(5),1995,0,0.000000,0.000000,0.000000,0.029145,
1995,1,17.000000,1,dl_1995(5),1996,0,0.000000,0.000000,0.000000,0.029384,
1996,1,17.000000,1,dl_1996(5),1997,0,0.000000,0.000000,0.000000,0.027726,
1997,1,17.000000,1,dl_1997(6),1998,0,0.000000,0.000000,0.000000,0.023577,
1998,1,17.000000,1,dl_1998(6),1999,0,0.000000,0.000000,0.000000,0.026967,
1999,1,17.000000,1,dl_1999(6),2000,0,0.000000,0.000000,0.000000,0.026642,
