constraint_id,segment_id/occupancy_limit,terminal,front_signal_segment_id,front_signal_head_node_id
dl_0,3,,,
dl_0,45,West_exit,45,30
dl_0,46,East_exit,46,31
dl_0,44,East_exit,44,30
dl_0,47,West_exit,47,31
dl_1,2,,,
dl_1,20,West_exit,20,13
dl_1,18,East_exit,18,13
dl_1,19,East_exit,19,13
dl_2,3,,,
dl_2,6,West_exit,6,4
dl_2,7,East_exit,7,5
dl_2,8,West_exit,8,5
dl_2,5,East_exit,5,4
dl_3,2,,,
dl_3,5,West_exit,5,3
dl_3,3,East_exit,3,3
dl_3,4,East_exit,4,3
dl_4,2,,,
dl_4,44,West_exit,44,29
dl_4,42,East_exit,42,29
dl_4,43,East_exit,43,29
dl_5,2,,,
dl_5,8,West_exit,8,5
dl_5,6,East_exit,6,5
dl_5,7,East_exit,7,5
dl_6,4,,,
dl_6,6,West_exit,6,4
dl_6,7,East_exit,7,5
dl_6,8,West_exit,8,5
dl_6,3,East_exit,3,3
dl_6,4,East_exit,4,3
dl_7,2,,,
dl_7,47,West_exit,47,31
dl_7,45,East_exit,45,31
dl_7,46,East_exit,46,31
dl_8,3,,,
dl_8,45,East_exit,45,31
dl_8,46,West_exit,46,30
dl_8,44,East_exit,44,30
dl_8,47,West_exit,47,31
dl_9,2,,,
dl_9,38,West_exit,38,25
dl_9,36,East_exit,36,25
dl_9,37,East_exit,37,25
dl_10,2,,,
dl_10,14,West_exit,14,9
dl_10,12,East_exit,12,9
dl_10,13,East_exit,13,9
dl_11,2,,,
dl_11,41,West_exit,41,27
dl_11,39,East_exit,39,27
dl_11,40,East_exit,40,27
dl_12,3,,,
dl_12,9,West_exit,9,6
dl_12,10,East_exit,10,7
dl_12,11,West_exit,11,7
dl_12,8,East_exit,8,6
dl_13,3,,,
dl_13,3,East_exit,3,3
dl_13,4,West_exit,4,2
dl_13,5,West_exit,5,3
dl_13,2,East_exit,2,2
dl_14,2,,,
dl_14,14,East_exit,14,10
dl_14,15,West_exit,15,10
dl_14,16,West_exit,16,10
dl_15,3,,,
dl_15,6,East_exit,6,5
dl_15,7,West_exit,7,4
dl_15,5,East_exit,5,4
dl_15,8,West_exit,8,5
dl_16,5,,,
dl_16,9,West_exit,9,6
dl_16,10,East_exit,10,7
dl_16,11,West_exit,11,7
dl_16,6,West_exit,6,4
dl_16,7,East_exit,7,5
dl_16,5,East_exit,5,4
dl_17,6,,,
dl_17,9,West_exit,9,6
dl_17,10,East_exit,10,7
dl_17,11,West_exit,11,7
dl_17,6,West_exit,6,4
dl_17,7,East_exit,7,5
dl_17,3,East_exit,3,3
dl_17,4,East_exit,4,3
dl_18,2,,,
dl_18,26,East_exit,26,18
dl_18,27,West_exit,27,18
dl_18,28,West_exit,28,18
dl_19,2,,,
dl_19,23,East_exit,23,16
dl_19,24,West_exit,24,16
dl_19,25,West_exit,25,16
dl_20,2,,,
dl_20,38,East_exit,38,26
dl_20,39,West_exit,39,26
dl_20,40,West_exit,40,26
dl_21,3,,,
dl_21,3,West_exit,3,2
dl_21,4,East_exit,4,3
dl_21,2,East_exit,2,2
dl_21,5,West_exit,5,3
dl_22,2,,,
dl_22,11,East_exit,11,8
dl_22,12,West_exit,12,8
dl_22,13,West_exit,13,8
dl_23,2,,,
dl_23,17,West_exit,17,11
dl_23,15,East_exit,15,11
dl_23,16,East_exit,16,11
dl_24,2,,,
dl_24,32,West_exit,32,21
dl_24,30,East_exit,30,21
dl_24,31,East_exit,31,21
dl_25,2,,,
dl_25,29,West_exit,29,19
dl_25,27,East_exit,27,19
dl_25,28,East_exit,28,19
dl_26,2,,,
dl_26,26,West_exit,26,17
dl_26,24,East_exit,24,17
dl_26,25,East_exit,25,17
dl_27,3,,,
dl_27,36,West_exit,36,24
dl_27,37,East_exit,37,25
dl_27,35,East_exit,35,24
dl_27,38,West_exit,38,25
dl_28,2,,,
dl_28,8,East_exit,8,6
dl_28,9,West_exit,9,6
dl_28,10,West_exit,10,6
dl_29,5,,,
dl_29,6,West_exit,6,4
dl_29,7,East_exit,7,5
dl_29,8,West_exit,8,5
dl_29,3,West_exit,3,2
dl_29,4,East_exit,4,3
dl_29,2,East_exit,2,2
dl_30,3,,,
dl_30,21,East_exit,21,15
dl_30,22,West_exit,22,14
dl_30,20,East_exit,20,14
dl_30,23,West_exit,23,15
dl_31,3,,,
dl_31,39,East_exit,39,27
dl_31,40,West_exit,40,26
dl_31,38,East_exit,38,26
dl_31,41,West_exit,41,27
dl_32,2,,,
dl_32,20,East_exit,20,14
dl_32,21,West_exit,21,14
dl_32,22,West_exit,22,14
dl_33,3,,,
dl_33,24,East_exit,24,17
dl_33,25,West_exit,25,16
dl_33,23,East_exit,23,16
dl_33,26,West_exit,26,17
dl_34,2,,,
dl_34,35,West_exit,35,23
dl_34,33,East_exit,33,23
dl_34,34,East_exit,34,23
dl_35,2,,,
dl_35,32,East_exit,32,22
dl_35,33,West_exit,33,22
dl_35,34,West_exit,34,22
dl_36,3,,,
dl_36,18,East_exit,18,13
dl_36,19,West_exit,19,12
dl_36,20,West_exit,20,13
dl_36,17,East_exit,17,12
dl_37,3,,,
dl_37,21,West_exit,21,14
dl_37,22,East_exit,22,15
dl_37,23,West_exit,23,15
dl_37,20,East_exit,20,14
dl_38,2,,,
dl_38,41,East_exit,41,28
dl_38,42,West_exit,42,28
dl_38,43,West_exit,43,28
dl_39,2,,,
dl_39,23,West_exit,23,15
dl_39,21,East_exit,21,15
dl_39,22,East_exit,22,15
dl_40,3,,,
dl_40,24,West_exit,24,16
dl_40,25,East_exit,25,17
dl_40,26,West_exit,26,17
dl_40,23,East_exit,23,16
dl_41,5,,,
dl_41,24,West_exit,24,16
dl_41,25,East_exit,25,17
dl_41,26,West_exit,26,17
dl_41,21,West_exit,21,14
dl_41,22,East_exit,22,15
dl_41,20,East_exit,20,14
dl_42,3,,,
dl_42,27,West_exit,27,18
dl_42,28,East_exit,28,19
dl_42,29,West_exit,29,19
dl_42,26,East_exit,26,18
dl_43,3,,,
dl_43,30,West_exit,30,20
dl_43,31,East_exit,31,21
dl_43,32,West_exit,32,21
dl_43,29,East_exit,29,20
dl_44,3,,,
dl_44,12,West_exit,12,8
dl_44,13,East_exit,13,9
dl_44,14,West_exit,14,9
dl_44,11,East_exit,11,8
dl_45,5,,,
dl_45,3,East_exit,3,3
dl_45,4,West_exit,4,2
dl_45,2,East_exit,2,2
dl_45,6,West_exit,6,4
dl_45,7,East_exit,7,5
dl_45,8,West_exit,8,5
dl_46,7,,,
dl_46,9,West_exit,9,6
dl_46,10,East_exit,10,7
dl_46,11,West_exit,11,7
dl_46,3,East_exit,3,3
dl_46,4,West_exit,4,2
dl_46,2,East_exit,2,2
dl_46,6,West_exit,6,4
dl_46,7,East_exit,7,5
dl_47,5,,,
dl_47,12,West_exit,12,8
dl_47,13,East_exit,13,9
dl_47,14,West_exit,14,9
dl_47,9,West_exit,9,6
dl_47,10,East_exit,10,7
dl_47,8,East_exit,8,6
dl_48,9,,,
dl_48,5,East_exit,5,4
dl_48,12,West_exit,12,8
dl_48,13,East_exit,13,9
dl_48,14,West_exit,14,9
dl_48,9,West_exit,9,6
dl_48,10,East_exit,10,7
dl_48,6,West_exit,6,4
dl_48,7,East_exit,7,5
dl_48,3,East_exit,3,3
dl_48,4,East_exit,4,3
dl_49,7,,,
dl_49,12,West_exit,12,8
dl_49,13,East_exit,13,9
dl_49,14,West_exit,14,9
dl_49,9,West_exit,9,6
dl_49,10,East_exit,10,7
dl_49,6,West_exit,6,4
dl_49,7,East_exit,7,5
dl_49,5,East_exit,5,4
dl_50,9,,,
dl_50,12,West_exit,12,8
dl_50,13,East_exit,13,9
dl_50,14,West_exit,14,9
dl_50,9,West_exit,9,6
dl_50,10,East_exit,10,7
dl_50,3,East_exit,3,3
dl_50,4,West_exit,4,2
dl_50,2,East_exit,2,2
dl_50,6,West_exit,6,4
dl_50,7,East_exit,7,5
dl_51,3,,,
dl_51,18,West_exit,18,12
dl_51,19,East_exit,19,13
dl_51,20,West_exit,20,13
dl_51,17,East_exit,17,12
dl_52,2,,,
dl_52,35,East_exit,35,24
dl_52,36,West_exit,36,24
dl_52,37,West_exit,37,24
dl_53,2,,,
dl_53,11,West_exit,11,7
dl_53,9,East_exit,9,7
dl_53,10,East_exit,10,7
dl_54,2,,,
dl_54,17,East_exit,17,12
dl_54,18,West_exit,18,12
dl_54,19,West_exit,19,12
dl_55,3,,,
dl_55,36,East_exit,36,25
dl_55,37,West_exit,37,24
dl_55,35,East_exit,35,24
dl_55,38,West_exit,38,25
dl_56,2,,,
dl_56,44,East_exit,44,30
dl_56,45,West_exit,45,30
dl_56,46,West_exit,46,30
dl_57,3,,,
dl_57,9,East_exit,9,7
dl_57,10,West_exit,10,6
dl_57,11,West_exit,11,7
dl_57,8,East_exit,8,6
dl_58,3,,,
dl_58,15,West_exit,15,10
dl_58,16,East_exit,16,11
dl_58,17,West_exit,17,11
dl_58,14,East_exit,14,10
dl_59,5,,,
dl_59,18,West_exit,18,12
dl_59,19,East_exit,19,13
dl_59,17,East_exit,17,12
dl_59,21,East_exit,21,15
dl_59,22,West_exit,22,14
dl_59,23,West_exit,23,15
dl_60,5,,,
dl_60,18,West_exit,18,12
dl_60,19,East_exit,19,13
dl_60,20,West_exit,20,13
dl_60,15,West_exit,15,10
dl_60,16,East_exit,16,11
dl_60,14,East_exit,14,10
dl_61,7,,,
dl_61,18,West_exit,18,12
dl_61,19,East_exit,19,13
dl_61,15,West_exit,15,10
dl_61,16,East_exit,16,11
dl_61,14,East_exit,14,10
dl_61,21,East_exit,21,15
dl_61,22,West_exit,22,14
dl_61,23,West_exit,23,15
dl_62,5,,,
dl_62,17,West_exit,17,11
dl_62,15,West_exit,15,10
dl_62,16,East_exit,16,11
dl_62,12,West_exit,12,8
dl_62,13,East_exit,13,9
dl_62,11,East_exit,11,8
dl_63,7,,,
dl_63,18,West_exit,18,12
dl_63,19,East_exit,19,13
dl_63,20,West_exit,20,13
dl_63,15,West_exit,15,10
dl_63,16,East_exit,16,11
dl_63,12,West_exit,12,8
dl_63,13,East_exit,13,9
dl_63,11,East_exit,11,8
dl_64,9,,,
dl_64,18,West_exit,18,12
dl_64,19,East_exit,19,13
dl_64,21,East_exit,21,15
dl_64,22,West_exit,22,14
dl_64,23,West_exit,23,15
dl_64,15,West_exit,15,10
dl_64,16,East_exit,16,11
dl_64,12,West_exit,12,8
dl_64,13,East_exit,13,9
dl_64,11,East_exit,11,8
dl_65,12,,,
dl_65,17,West_exit,17,11
dl_65,15,West_exit,15,10
dl_65,16,East_exit,16,11
dl_65,5,East_exit,5,4
dl_65,9,West_exit,9,6
dl_65,10,East_exit,10,7
dl_65,8,East_exit,8,6
dl_65,6,West_exit,6,4
dl_65,7,East_exit,7,5
dl_65,3,East_exit,3,3
dl_65,4,East_exit,4,3
dl_65,12,West_exit,12,8
dl_65,13,East_exit,13,9
dl_66,10,,,
dl_66,17,West_exit,17,11
dl_66,15,West_exit,15,10
dl_66,16,East_exit,16,11
dl_66,9,West_exit,9,6
dl_66,10,East_exit,10,7
dl_66,8,East_exit,8,6
dl_66,6,West_exit,6,4
dl_66,7,East_exit,7,5
dl_66,5,East_exit,5,4
dl_66,12,West_exit,12,8
dl_66,13,East_exit,13,9
dl_67,7,,,
dl_67,15,West_exit,15,10
dl_67,16,East_exit,16,11
dl_67,17,West_exit,17,11
dl_67,12,West_exit,12,8
dl_67,13,East_exit,13,9
dl_67,9,West_exit,9,6
dl_67,10,East_exit,10,7
dl_67,8,East_exit,8,6
dl_68,14,,,
dl_68,18,West_exit,18,12
dl_68,19,East_exit,19,13
dl_68,20,West_exit,20,13
dl_68,15,West_exit,15,10
dl_68,16,East_exit,16,11
dl_68,5,East_exit,5,4
dl_68,9,West_exit,9,6
dl_68,10,East_exit,10,7
dl_68,8,East_exit,8,6
dl_68,6,West_exit,6,4
dl_68,7,East_exit,7,5
dl_68,3,East_exit,3,3
dl_68,4,East_exit,4,3
dl_68,12,West_exit,12,8
dl_68,13,East_exit,13,9
dl_69,12,,,
dl_69,18,West_exit,18,12
dl_69,19,East_exit,19,13
dl_69,20,West_exit,20,13
dl_69,15,West_exit,15,10
dl_69,16,East_exit,16,11
dl_69,9,West_exit,9,6
dl_69,10,East_exit,10,7
dl_69,8,East_exit,8,6
dl_69,6,West_exit,6,4
dl_69,7,East_exit,7,5
dl_69,5,East_exit,5,4
dl_69,12,West_exit,12,8
dl_69,13,East_exit,13,9
dl_70,9,,,
dl_70,18,West_exit,18,12
dl_70,19,East_exit,19,13
dl_70,20,West_exit,20,13
dl_70,15,West_exit,15,10
dl_70,16,East_exit,16,11
dl_70,12,West_exit,12,8
dl_70,13,East_exit,13,9
dl_70,9,West_exit,9,6
dl_70,10,East_exit,10,7
dl_70,8,East_exit,8,6
dl_71,16,,,
dl_71,18,West_exit,18,12
dl_71,19,East_exit,19,13
dl_71,21,East_exit,21,15
dl_71,22,West_exit,22,14
dl_71,23,West_exit,23,15
dl_71,15,West_exit,15,10
dl_71,16,East_exit,16,11
dl_71,5,East_exit,5,4
dl_71,9,West_exit,9,6
dl_71,10,East_exit,10,7
dl_71,8,East_exit,8,6
dl_71,6,West_exit,6,4
dl_71,7,East_exit,7,5
dl_71,3,East_exit,3,3
dl_71,4,East_exit,4,3
dl_71,12,West_exit,12,8
dl_71,13,East_exit,13,9
dl_72,14,,,
dl_72,18,West_exit,18,12
dl_72,19,East_exit,19,13
dl_72,21,East_exit,21,15
dl_72,22,West_exit,22,14
dl_72,23,West_exit,23,15
dl_72,15,West_exit,15,10
dl_72,16,East_exit,16,11
dl_72,9,West_exit,9,6
dl_72,10,East_exit,10,7
dl_72,8,East_exit,8,6
dl_72,6,West_exit,6,4
dl_72,7,East_exit,7,5
dl_72,5,East_exit,5,4
dl_72,12,West_exit,12,8
dl_72,13,East_exit,13,9
dl_73,11,,,
dl_73,18,West_exit,18,12
dl_73,19,East_exit,19,13
dl_73,15,West_exit,15,10
dl_73,16,East_exit,16,11
dl_73,21,East_exit,21,15
dl_73,22,West_exit,22,14
dl_73,23,West_exit,23,15
dl_73,12,West_exit,12,8
dl_73,13,East_exit,13,9
dl_73,9,West_exit,9,6
dl_73,10,East_exit,10,7
dl_73,8,East_exit,8,6
dl_74,11,,,
dl_74,15,West_exit,15,10
dl_74,16,East_exit,16,11
dl_74,17,West_exit,17,11
dl_74,12,West_exit,12,8
dl_74,13,East_exit,13,9
dl_74,5,East_exit,5,4
dl_74,6,West_exit,6,4
dl_74,7,East_exit,7,5
dl_74,3,East_exit,3,3
dl_74,4,East_exit,4,3
dl_74,9,West_exit,9,6
dl_74,10,East_exit,10,7
dl_75,9,,,
dl_75,15,West_exit,15,10
dl_75,16,East_exit,16,11
dl_75,17,West_exit,17,11
dl_75,12,West_exit,12,8
dl_75,13,East_exit,13,9
dl_75,6,West_exit,6,4
dl_75,7,East_exit,7,5
dl_75,5,East_exit,5,4
dl_75,9,West_exit,9,6
dl_75,10,East_exit,10,7
dl_76,13,,,
dl_76,18,West_exit,18,12
dl_76,19,East_exit,19,13
dl_76,20,West_exit,20,13
dl_76,15,West_exit,15,10
dl_76,16,East_exit,16,11
dl_76,12,West_exit,12,8
dl_76,13,East_exit,13,9
dl_76,5,East_exit,5,4
dl_76,6,West_exit,6,4
dl_76,7,East_exit,7,5
dl_76,3,East_exit,3,3
dl_76,4,East_exit,4,3
dl_76,9,West_exit,9,6
dl_76,10,East_exit,10,7
dl_77,11,,,
dl_77,18,West_exit,18,12
dl_77,19,East_exit,19,13
dl_77,20,West_exit,20,13
dl_77,15,West_exit,15,10
dl_77,16,East_exit,16,11
dl_77,12,West_exit,12,8
dl_77,13,East_exit,13,9
dl_77,6,West_exit,6,4
dl_77,7,East_exit,7,5
dl_77,5,East_exit,5,4
dl_77,9,West_exit,9,6
dl_77,10,East_exit,10,7
dl_78,15,,,
dl_78,18,West_exit,18,12
dl_78,19,East_exit,19,13
dl_78,15,West_exit,15,10
dl_78,16,East_exit,16,11
dl_78,21,East_exit,21,15
dl_78,22,West_exit,22,14
dl_78,23,West_exit,23,15
dl_78,12,West_exit,12,8
dl_78,13,East_exit,13,9
dl_78,5,East_exit,5,4
dl_78,6,West_exit,6,4
dl_78,7,East_exit,7,5
dl_78,3,East_exit,3,3
dl_78,4,East_exit,4,3
dl_78,9,West_exit,9,6
dl_78,10,East_exit,10,7
dl_79,13,,,
dl_79,18,West_exit,18,12
dl_79,19,East_exit,19,13
dl_79,15,West_exit,15,10
dl_79,16,East_exit,16,11
dl_79,21,East_exit,21,15
dl_79,22,West_exit,22,14
dl_79,23,West_exit,23,15
dl_79,12,West_exit,12,8
dl_79,13,East_exit,13,9
dl_79,6,West_exit,6,4
dl_79,7,East_exit,7,5
dl_79,5,East_exit,5,4
dl_79,9,West_exit,9,6
dl_79,10,East_exit,10,7
dl_80,5,,,
dl_80,20,East_exit,20,14
dl_80,18,West_exit,18,12
dl_80,19,East_exit,19,13
dl_80,17,East_exit,17,12
dl_80,22,West_exit,22,14
dl_80,23,West_exit,23,15
dl_81,10,,,
dl_81,20,East_exit,20,14
dl_81,15,West_exit,15,10
dl_81,16,East_exit,16,11
dl_81,14,East_exit,14,10
dl_81,12,West_exit,12,8
dl_81,13,East_exit,13,9
dl_81,11,East_exit,11,8
dl_81,22,West_exit,22,14
dl_81,23,West_exit,23,15
dl_81,18,West_exit,18,12
dl_81,19,East_exit,19,13
dl_82,12,,,
dl_82,14,East_exit,14,10
dl_82,9,West_exit,9,6
dl_82,10,East_exit,10,7
dl_82,8,East_exit,8,6
dl_82,20,East_exit,20,14
dl_82,18,West_exit,18,12
dl_82,19,East_exit,19,13
dl_82,22,West_exit,22,14
dl_82,23,West_exit,23,15
dl_82,15,West_exit,15,10
dl_82,16,East_exit,16,11
dl_82,12,West_exit,12,8
dl_82,13,East_exit,13,9
dl_83,16,,,
dl_83,20,East_exit,20,14
dl_83,14,East_exit,14,10
dl_83,15,West_exit,15,10
dl_83,16,East_exit,16,11
dl_83,12,West_exit,12,8
dl_83,13,East_exit,13,9
dl_83,22,West_exit,22,14
dl_83,23,West_exit,23,15
dl_83,18,West_exit,18,12
dl_83,19,East_exit,19,13
dl_83,5,East_exit,5,4
dl_83,6,West_exit,6,4
dl_83,7,East_exit,7,5
dl_83,3,East_exit,3,3
dl_83,4,East_exit,4,3
dl_83,9,West_exit,9,6
dl_83,10,East_exit,10,7
dl_84,14,,,
dl_84,20,East_exit,20,14
dl_84,14,East_exit,14,10
dl_84,15,West_exit,15,10
dl_84,16,East_exit,16,11
dl_84,12,West_exit,12,8
dl_84,13,East_exit,13,9
dl_84,22,West_exit,22,14
dl_84,23,West_exit,23,15
dl_84,18,West_exit,18,12
dl_84,19,East_exit,19,13
dl_84,6,West_exit,6,4
dl_84,7,East_exit,7,5
dl_84,5,East_exit,5,4
dl_84,9,West_exit,9,6
dl_84,10,East_exit,10,7
dl_85,7,,,
dl_85,20,East_exit,20,14
dl_85,18,West_exit,18,12
dl_85,19,East_exit,19,13
dl_85,22,West_exit,22,14
dl_85,23,West_exit,23,15
dl_85,15,West_exit,15,10
dl_85,16,East_exit,16,11
dl_85,14,East_exit,14,10
dl_86,12,,,
dl_86,20,East_exit,20,14
dl_86,18,West_exit,18,12
dl_86,19,East_exit,19,13
dl_86,22,West_exit,22,14
dl_86,23,West_exit,23,15
dl_86,12,West_exit,12,8
dl_86,13,East_exit,13,9
dl_86,11,East_exit,11,8
dl_86,9,West_exit,9,6
dl_86,10,East_exit,10,7
dl_86,8,East_exit,8,6
dl_86,15,West_exit,15,10
dl_86,16,East_exit,16,11
dl_87,16,,,
dl_87,11,East_exit,11,8
dl_87,5,East_exit,5,4
dl_87,6,West_exit,6,4
dl_87,7,East_exit,7,5
dl_87,3,East_exit,3,3
dl_87,4,East_exit,4,3
dl_87,20,East_exit,20,14
dl_87,18,West_exit,18,12
dl_87,19,East_exit,19,13
dl_87,22,West_exit,22,14
dl_87,23,West_exit,23,15
dl_87,15,West_exit,15,10
dl_87,16,East_exit,16,11
dl_87,12,West_exit,12,8
dl_87,13,East_exit,13,9
dl_87,9,West_exit,9,6
dl_87,10,East_exit,10,7
dl_88,14,,,
dl_88,11,East_exit,11,8
dl_88,6,West_exit,6,4
dl_88,7,East_exit,7,5
dl_88,5,East_exit,5,4
dl_88,20,East_exit,20,14
dl_88,18,West_exit,18,12
dl_88,19,East_exit,19,13
dl_88,22,West_exit,22,14
dl_88,23,West_exit,23,15
dl_88,15,West_exit,15,10
dl_88,16,East_exit,16,11
dl_88,12,West_exit,12,8
dl_88,13,East_exit,13,9
dl_88,9,West_exit,9,6
dl_88,10,East_exit,10,7
dl_89,9,,,
dl_89,20,East_exit,20,14
dl_89,18,West_exit,18,12
dl_89,19,East_exit,19,13
dl_89,22,West_exit,22,14
dl_89,23,West_exit,23,15
dl_89,12,West_exit,12,8
dl_89,13,East_exit,13,9
dl_89,11,East_exit,11,8
dl_89,15,West_exit,15,10
dl_89,16,East_exit,16,11
dl_90,16,,,
dl_90,20,East_exit,20,14
dl_90,18,West_exit,18,12
dl_90,19,East_exit,19,13
dl_90,22,West_exit,22,14
dl_90,23,West_exit,23,15
dl_90,15,West_exit,15,10
dl_90,16,East_exit,16,11
dl_90,5,East_exit,5,4
dl_90,9,West_exit,9,6
dl_90,10,East_exit,10,7
dl_90,8,East_exit,8,6
dl_90,6,West_exit,6,4
dl_90,7,East_exit,7,5
dl_90,3,East_exit,3,3
dl_90,4,East_exit,4,3
dl_90,12,West_exit,12,8
dl_90,13,East_exit,13,9
dl_91,14,,,
dl_91,20,East_exit,20,14
dl_91,18,West_exit,18,12
dl_91,19,East_exit,19,13
dl_91,22,West_exit,22,14
dl_91,23,West_exit,23,15
dl_91,15,West_exit,15,10
dl_91,16,East_exit,16,11
dl_91,9,West_exit,9,6
dl_91,10,East_exit,10,7
dl_91,8,East_exit,8,6
dl_91,6,West_exit,6,4
dl_91,7,East_exit,7,5
dl_91,5,East_exit,5,4
dl_91,12,West_exit,12,8
dl_91,13,East_exit,13,9
dl_92,11,,,
dl_92,20,East_exit,20,14
dl_92,18,West_exit,18,12
dl_92,19,East_exit,19,13
dl_92,22,West_exit,22,14
dl_92,23,West_exit,23,15
dl_92,15,West_exit,15,10
dl_92,16,East_exit,16,11
dl_92,12,West_exit,12,8
dl_92,13,East_exit,13,9
dl_92,9,West_exit,9,6
dl_92,10,East_exit,10,7
dl_92,8,East_exit,8,6
dl_93,15,,,
dl_93,20,East_exit,20,14
dl_93,18,West_exit,18,12
dl_93,19,East_exit,19,13
dl_93,22,West_exit,22,14
dl_93,23,West_exit,23,15
dl_93,15,West_exit,15,10
dl_93,16,East_exit,16,11
dl_93,12,West_exit,12,8
dl_93,13,East_exit,13,9
dl_93,5,East_exit,5,4
dl_93,6,West_exit,6,4
dl_93,7,East_exit,7,5
dl_93,3,East_exit,3,3
dl_93,4,East_exit,4,3
dl_93,9,West_exit,9,6
dl_93,10,East_exit,10,7
dl_94,13,,,
dl_94,20,East_exit,20,14
dl_94,18,West_exit,18,12
dl_94,19,East_exit,19,13
dl_94,22,West_exit,22,14
dl_94,23,West_exit,23,15
dl_94,15,West_exit,15,10
dl_94,16,East_exit,16,11
dl_94,12,West_exit,12,8
dl_94,13,East_exit,13,9
dl_94,6,West_exit,6,4
dl_94,7,East_exit,7,5
dl_94,5,East_exit,5,4
dl_94,9,West_exit,9,6
dl_94,10,East_exit,10,7
dl_95,5,,,
dl_95,17,East_exit,17,12
dl_95,15,West_exit,15,10
dl_95,16,East_exit,16,11
dl_95,14,East_exit,14,10
dl_95,18,West_exit,18,12
dl_95,20,West_exit,20,13
dl_96,7,,,
dl_96,21,East_exit,21,15
dl_96,22,West_exit,22,14
dl_96,23,West_exit,23,15
dl_96,17,East_exit,17,12
dl_96,15,West_exit,15,10
dl_96,16,East_exit,16,11
dl_96,14,East_exit,14,10
dl_96,18,West_exit,18,12
dl_97,10,,,
dl_97,17,East_exit,17,12
dl_97,12,West_exit,12,8
dl_97,13,East_exit,13,9
dl_97,11,East_exit,11,8
dl_97,9,West_exit,9,6
dl_97,10,East_exit,10,7
dl_97,8,East_exit,8,6
dl_97,18,West_exit,18,12
dl_97,20,West_exit,20,13
dl_97,15,West_exit,15,10
dl_97,16,East_exit,16,11
dl_98,14,,,
dl_98,11,East_exit,11,8
dl_98,5,East_exit,5,4
dl_98,6,West_exit,6,4
dl_98,7,East_exit,7,5
dl_98,3,East_exit,3,3
dl_98,4,East_exit,4,3
dl_98,17,East_exit,17,12
dl_98,15,West_exit,15,10
dl_98,16,East_exit,16,11
dl_98,18,West_exit,18,12
dl_98,20,West_exit,20,13
dl_98,12,West_exit,12,8
dl_98,13,East_exit,13,9
dl_98,9,West_exit,9,6
dl_98,10,East_exit,10,7
dl_99,12,,,
dl_99,11,East_exit,11,8
dl_99,6,West_exit,6,4
dl_99,7,East_exit,7,5
dl_99,5,East_exit,5,4
dl_99,17,East_exit,17,12
dl_99,15,West_exit,15,10
dl_99,16,East_exit,16,11
dl_99,18,West_exit,18,12
dl_99,20,West_exit,20,13
dl_99,12,West_exit,12,8
dl_99,13,East_exit,13,9
dl_99,9,West_exit,9,6
dl_99,10,East_exit,10,7
dl_100,7,,,
dl_100,17,East_exit,17,12
dl_100,12,West_exit,12,8
dl_100,13,East_exit,13,9
dl_100,11,East_exit,11,8
dl_100,18,West_exit,18,12
dl_100,20,West_exit,20,13
dl_100,15,West_exit,15,10
dl_100,16,East_exit,16,11
dl_101,12,,,
dl_101,17,East_exit,17,12
dl_101,12,West_exit,12,8
dl_101,13,East_exit,13,9
dl_101,11,East_exit,11,8
dl_101,9,West_exit,9,6
dl_101,10,East_exit,10,7
dl_101,8,East_exit,8,6
dl_101,18,West_exit,18,12
dl_101,21,East_exit,21,15
dl_101,22,West_exit,22,14
dl_101,23,West_exit,23,15
dl_101,15,West_exit,15,10
dl_101,16,East_exit,16,11
dl_102,16,,,
dl_102,17,East_exit,17,12
dl_102,11,East_exit,11,8
dl_102,5,East_exit,5,4
dl_102,6,West_exit,6,4
dl_102,7,East_exit,7,5
dl_102,3,East_exit,3,3
dl_102,4,East_exit,4,3
dl_102,12,West_exit,12,8
dl_102,13,East_exit,13,9
dl_102,9,West_exit,9,6
dl_102,10,East_exit,10,7
dl_102,21,East_exit,21,15
dl_102,22,West_exit,22,14
dl_102,23,West_exit,23,15
dl_102,15,West_exit,15,10
dl_102,16,East_exit,16,11
dl_102,18,West_exit,18,12
dl_103,14,,,
dl_103,17,East_exit,17,12
dl_103,11,East_exit,11,8
dl_103,6,West_exit,6,4
dl_103,7,East_exit,7,5
dl_103,5,East_exit,5,4
dl_103,12,West_exit,12,8
dl_103,13,East_exit,13,9
dl_103,9,West_exit,9,6
dl_103,10,East_exit,10,7
dl_103,21,East_exit,21,15
dl_103,22,West_exit,22,14
dl_103,23,West_exit,23,15
dl_103,15,West_exit,15,10
dl_103,16,East_exit,16,11
dl_103,18,West_exit,18,12
dl_104,9,,,
dl_104,17,East_exit,17,12
dl_104,12,West_exit,12,8
dl_104,13,East_exit,13,9
dl_104,11,East_exit,11,8
dl_104,21,East_exit,21,15
dl_104,22,West_exit,22,14
dl_104,23,West_exit,23,15
dl_104,15,West_exit,15,10
dl_104,16,East_exit,16,11
dl_104,18,West_exit,18,12
dl_105,14,,,
dl_105,17,East_exit,17,12
dl_105,15,West_exit,15,10
dl_105,16,East_exit,16,11
dl_105,18,West_exit,18,12
dl_105,20,West_exit,20,13
dl_105,5,East_exit,5,4
dl_105,9,West_exit,9,6
dl_105,10,East_exit,10,7
dl_105,8,East_exit,8,6
dl_105,6,West_exit,6,4
dl_105,7,East_exit,7,5
dl_105,3,East_exit,3,3
dl_105,4,East_exit,4,3
dl_105,12,West_exit,12,8
dl_105,13,East_exit,13,9
dl_106,12,,,
dl_106,17,East_exit,17,12
dl_106,15,West_exit,15,10
dl_106,16,East_exit,16,11
dl_106,18,West_exit,18,12
dl_106,20,West_exit,20,13
dl_106,9,West_exit,9,6
dl_106,10,East_exit,10,7
dl_106,8,East_exit,8,6
dl_106,6,West_exit,6,4
dl_106,7,East_exit,7,5
dl_106,5,East_exit,5,4
dl_106,12,West_exit,12,8
dl_106,13,East_exit,13,9
dl_107,9,,,
dl_107,17,East_exit,17,12
dl_107,15,West_exit,15,10
dl_107,16,East_exit,16,11
dl_107,18,West_exit,18,12
dl_107,20,West_exit,20,13
dl_107,12,West_exit,12,8
dl_107,13,East_exit,13,9
dl_107,9,West_exit,9,6
dl_107,10,East_exit,10,7
dl_107,8,East_exit,8,6
dl_108,16,,,
dl_108,17,East_exit,17,12
dl_108,21,East_exit,21,15
dl_108,22,West_exit,22,14
dl_108,23,West_exit,23,15
dl_108,15,West_exit,15,10
dl_108,16,East_exit,16,11
dl_108,18,West_exit,18,12
dl_108,5,East_exit,5,4
dl_108,9,West_exit,9,6
dl_108,10,East_exit,10,7
dl_108,8,East_exit,8,6
dl_108,6,West_exit,6,4
dl_108,7,East_exit,7,5
dl_108,3,East_exit,3,3
dl_108,4,East_exit,4,3
dl_108,12,West_exit,12,8
dl_108,13,East_exit,13,9
dl_109,14,,,
dl_109,17,East_exit,17,12
dl_109,21,East_exit,21,15
dl_109,22,West_exit,22,14
dl_109,23,West_exit,23,15
dl_109,15,West_exit,15,10
dl_109,16,East_exit,16,11
dl_109,18,West_exit,18,12
dl_109,9,West_exit,9,6
dl_109,10,East_exit,10,7
dl_109,8,East_exit,8,6
dl_109,6,West_exit,6,4
dl_109,7,East_exit,7,5
dl_109,5,East_exit,5,4
dl_109,12,West_exit,12,8
dl_109,13,East_exit,13,9
dl_110,11,,,
dl_110,17,East_exit,17,12
dl_110,15,West_exit,15,10
dl_110,16,East_exit,16,11
dl_110,18,West_exit,18,12
dl_110,12,West_exit,12,8
dl_110,13,East_exit,13,9
dl_110,9,West_exit,9,6
dl_110,10,East_exit,10,7
dl_110,8,East_exit,8,6
dl_110,21,East_exit,21,15
dl_110,22,West_exit,22,14
dl_110,23,West_exit,23,15
dl_111,13,,,
dl_111,17,East_exit,17,12
dl_111,15,West_exit,15,10
dl_111,16,East_exit,16,11
dl_111,18,West_exit,18,12
dl_111,20,West_exit,20,13
dl_111,12,West_exit,12,8
dl_111,13,East_exit,13,9
dl_111,5,East_exit,5,4
dl_111,6,West_exit,6,4
dl_111,7,East_exit,7,5
dl_111,3,East_exit,3,3
dl_111,4,East_exit,4,3
dl_111,9,West_exit,9,6
dl_111,10,East_exit,10,7
dl_112,11,,,
dl_112,17,East_exit,17,12
dl_112,15,West_exit,15,10
dl_112,16,East_exit,16,11
dl_112,18,West_exit,18,12
dl_112,20,West_exit,20,13
dl_112,12,West_exit,12,8
dl_112,13,East_exit,13,9
dl_112,6,West_exit,6,4
dl_112,7,East_exit,7,5
dl_112,5,East_exit,5,4
dl_112,9,West_exit,9,6
dl_112,10,East_exit,10,7
dl_113,15,,,
dl_113,17,East_exit,17,12
dl_113,15,West_exit,15,10
dl_113,16,East_exit,16,11
dl_113,18,West_exit,18,12
dl_113,12,West_exit,12,8
dl_113,13,East_exit,13,9
dl_113,5,East_exit,5,4
dl_113,6,West_exit,6,4
dl_113,7,East_exit,7,5
dl_113,3,East_exit,3,3
dl_113,4,East_exit,4,3
dl_113,9,West_exit,9,6
dl_113,10,East_exit,10,7
dl_113,21,East_exit,21,15
dl_113,22,West_exit,22,14
dl_113,23,West_exit,23,15
dl_114,13,,,
dl_114,17,East_exit,17,12
dl_114,15,West_exit,15,10
dl_114,16,East_exit,16,11
dl_114,18,West_exit,18,12
dl_114,12,West_exit,12,8
dl_114,13,East_exit,13,9
dl_114,6,West_exit,6,4
dl_114,7,East_exit,7,5
dl_114,5,East_exit,5,4
dl_114,9,West_exit,9,6
dl_114,10,East_exit,10,7
dl_114,21,East_exit,21,15
dl_114,22,West_exit,22,14
dl_114,23,West_exit,23,15
dl_115,10,,,
dl_115,20,East_exit,20,14
dl_115,22,West_exit,22,14
dl_115,23,West_exit,23,15
dl_115,17,East_exit,17,12
dl_115,15,West_exit,15,10
dl_115,16,East_exit,16,11
dl_115,14,East_exit,14,10
dl_115,18,West_exit,18,12
dl_115,12,West_exit,12,8
dl_115,13,East_exit,13,9
dl_115,11,East_exit,11,8
dl_116,12,,,
dl_116,14,East_exit,14,10
dl_116,9,West_exit,9,6
dl_116,10,East_exit,10,7
dl_116,8,East_exit,8,6
dl_116,17,East_exit,17,12
dl_116,15,West_exit,15,10
dl_116,16,East_exit,16,11
dl_116,18,West_exit,18,12
dl_116,20,East_exit,20,14
dl_116,22,West_exit,22,14
dl_116,23,West_exit,23,15
dl_116,12,West_exit,12,8
dl_116,13,East_exit,13,9
dl_117,16,,,
dl_117,14,East_exit,14,10
dl_117,20,East_exit,20,14
dl_117,22,West_exit,22,14
dl_117,23,West_exit,23,15
dl_117,17,East_exit,17,12
dl_117,15,West_exit,15,10
dl_117,16,East_exit,16,11
dl_117,18,West_exit,18,12
dl_117,12,West_exit,12,8
dl_117,13,East_exit,13,9
dl_117,5,East_exit,5,4
dl_117,6,West_exit,6,4
dl_117,7,East_exit,7,5
dl_117,3,East_exit,3,3
dl_117,4,East_exit,4,3
dl_117,9,West_exit,9,6
dl_117,10,East_exit,10,7
dl_118,14,,,
dl_118,14,East_exit,14,10
dl_118,20,East_exit,20,14
dl_118,22,West_exit,22,14
dl_118,23,West_exit,23,15
dl_118,17,East_exit,17,12
dl_118,15,West_exit,15,10
dl_118,16,East_exit,16,11
dl_118,18,West_exit,18,12
dl_118,12,West_exit,12,8
dl_118,13,East_exit,13,9
dl_118,6,West_exit,6,4
dl_118,7,East_exit,7,5
dl_118,5,East_exit,5,4
dl_118,9,West_exit,9,6
dl_118,10,East_exit,10,7
dl_119,7,,,
dl_119,20,East_exit,20,14
dl_119,22,West_exit,22,14
dl_119,23,West_exit,23,15
dl_119,17,East_exit,17,12
dl_119,15,West_exit,15,10
dl_119,16,East_exit,16,11
dl_119,14,East_exit,14,10
dl_119,18,West_exit,18,12
dl_120,12,,,
dl_120,17,East_exit,17,12
dl_120,12,West_exit,12,8
dl_120,13,East_exit,13,9
dl_120,11,East_exit,11,8
dl_120,9,West_exit,9,6
dl_120,10,East_exit,10,7
dl_120,8,East_exit,8,6
dl_120,18,West_exit,18,12
dl_120,20,East_exit,20,14
dl_120,22,West_exit,22,14
dl_120,23,West_exit,23,15
dl_120,15,West_exit,15,10
dl_120,16,East_exit,16,11
dl_121,16,,,
dl_121,17,East_exit,17,12
dl_121,12,West_exit,12,8
dl_121,13,East_exit,13,9
dl_121,11,East_exit,11,8
dl_121,5,East_exit,5,4
dl_121,9,West_exit,9,6
dl_121,10,East_exit,10,7
dl_121,6,West_exit,6,4
dl_121,7,East_exit,7,5
dl_121,3,East_exit,3,3
dl_121,4,East_exit,4,3
dl_121,20,East_exit,20,14
dl_121,22,West_exit,22,14
dl_121,23,West_exit,23,15
dl_121,15,West_exit,15,10
dl_121,16,East_exit,16,11
dl_121,18,West_exit,18,12
dl_122,14,,,
dl_122,17,East_exit,17,12
dl_122,12,West_exit,12,8
dl_122,13,East_exit,13,9
dl_122,11,East_exit,11,8
dl_122,9,West_exit,9,6
dl_122,10,East_exit,10,7
dl_122,6,West_exit,6,4
dl_122,7,East_exit,7,5
dl_122,5,East_exit,5,4
dl_122,20,East_exit,20,14
dl_122,22,West_exit,22,14
dl_122,23,West_exit,23,15
dl_122,15,West_exit,15,10
dl_122,16,East_exit,16,11
dl_122,18,West_exit,18,12
dl_123,9,,,
dl_123,17,East_exit,17,12
dl_123,12,West_exit,12,8
dl_123,13,East_exit,13,9
dl_123,11,East_exit,11,8
dl_123,20,East_exit,20,14
dl_123,22,West_exit,22,14
dl_123,23,West_exit,23,15
dl_123,15,West_exit,15,10
dl_123,16,East_exit,16,11
dl_123,18,West_exit,18,12
dl_124,16,,,
dl_124,17,East_exit,17,12
dl_124,20,East_exit,20,14
dl_124,22,West_exit,22,14
dl_124,23,West_exit,23,15
dl_124,15,West_exit,15,10
dl_124,16,East_exit,16,11
dl_124,18,West_exit,18,12
dl_124,5,East_exit,5,4
dl_124,9,West_exit,9,6
dl_124,10,East_exit,10,7
dl_124,8,East_exit,8,6
dl_124,6,West_exit,6,4
dl_124,7,East_exit,7,5
dl_124,3,East_exit,3,3
dl_124,4,East_exit,4,3
dl_124,12,West_exit,12,8
dl_124,13,East_exit,13,9
dl_125,14,,,
dl_125,17,East_exit,17,12
dl_125,20,East_exit,20,14
dl_125,22,West_exit,22,14
dl_125,23,West_exit,23,15
dl_125,15,West_exit,15,10
dl_125,16,East_exit,16,11
dl_125,18,West_exit,18,12
dl_125,9,West_exit,9,6
dl_125,10,East_exit,10,7
dl_125,8,East_exit,8,6
dl_125,6,West_exit,6,4
dl_125,7,East_exit,7,5
dl_125,5,East_exit,5,4
dl_125,12,West_exit,12,8
dl_125,13,East_exit,13,9
dl_126,11,,,
dl_126,17,East_exit,17,12
dl_126,20,East_exit,20,14
dl_126,22,West_exit,22,14
dl_126,23,West_exit,23,15
dl_126,15,West_exit,15,10
dl_126,16,East_exit,16,11
dl_126,18,West_exit,18,12
dl_126,12,West_exit,12,8
dl_126,13,East_exit,13,9
dl_126,9,West_exit,9,6
dl_126,10,East_exit,10,7
dl_126,8,East_exit,8,6
dl_127,15,,,
dl_127,17,East_exit,17,12
dl_127,20,East_exit,20,14
dl_127,22,West_exit,22,14
dl_127,23,West_exit,23,15
dl_127,15,West_exit,15,10
dl_127,16,East_exit,16,11
dl_127,18,West_exit,18,12
dl_127,12,West_exit,12,8
dl_127,13,East_exit,13,9
dl_127,5,East_exit,5,4
dl_127,6,West_exit,6,4
dl_127,7,East_exit,7,5
dl_127,3,East_exit,3,3
dl_127,4,East_exit,4,3
dl_127,9,West_exit,9,6
dl_127,10,East_exit,10,7
dl_128,13,,,
dl_128,17,East_exit,17,12
dl_128,20,East_exit,20,14
dl_128,22,West_exit,22,14
dl_128,23,West_exit,23,15
dl_128,15,West_exit,15,10
dl_128,16,East_exit,16,11
dl_128,18,West_exit,18,12
dl_128,12,West_exit,12,8
dl_128,13,East_exit,13,9
dl_128,6,West_exit,6,4
dl_128,7,East_exit,7,5
dl_128,5,East_exit,5,4
dl_128,9,West_exit,9,6
dl_128,10,East_exit,10,7
dl_129,8,,,
dl_129,12,West_exit,12,8
dl_129,13,East_exit,13,9
dl_129,14,West_exit,14,9
dl_129,9,West_exit,9,6
dl_129,10,East_exit,10,7
dl_129,6,West_exit,6,4
dl_129,7,East_exit,7,5
dl_129,3,East_exit,3,3
dl_129,4,East_exit,4,3
dl_130,10,,,
dl_130,15,West_exit,15,10
dl_130,16,East_exit,16,11
dl_130,17,West_exit,17,11
dl_130,12,West_exit,12,8
dl_130,13,East_exit,13,9
dl_130,6,West_exit,6,4
dl_130,7,East_exit,7,5
dl_130,9,West_exit,9,6
dl_130,10,East_exit,10,7
dl_130,3,East_exit,3,3
dl_130,4,East_exit,4,3
dl_131,12,,,
dl_131,18,West_exit,18,12
dl_131,19,East_exit,19,13
dl_131,20,West_exit,20,13
dl_131,15,West_exit,15,10
dl_131,16,East_exit,16,11
dl_131,12,West_exit,12,8
dl_131,13,East_exit,13,9
dl_131,6,West_exit,6,4
dl_131,7,East_exit,7,5
dl_131,9,West_exit,9,6
dl_131,10,East_exit,10,7
dl_131,3,East_exit,3,3
dl_131,4,East_exit,4,3
dl_132,14,,,
dl_132,18,West_exit,18,12
dl_132,19,East_exit,19,13
dl_132,15,West_exit,15,10
dl_132,16,East_exit,16,11
dl_132,21,East_exit,21,15
dl_132,22,West_exit,22,14
dl_132,23,West_exit,23,15
dl_132,12,West_exit,12,8
dl_132,13,East_exit,13,9
dl_132,6,West_exit,6,4
dl_132,7,East_exit,7,5
dl_132,9,West_exit,9,6
dl_132,10,East_exit,10,7
dl_132,3,East_exit,3,3
dl_132,4,East_exit,4,3
dl_133,12,,,
dl_133,17,East_exit,17,12
dl_133,15,West_exit,15,10
dl_133,16,East_exit,16,11
dl_133,18,West_exit,18,12
dl_133,20,West_exit,20,13
dl_133,12,West_exit,12,8
dl_133,13,East_exit,13,9
dl_133,6,West_exit,6,4
dl_133,7,East_exit,7,5
dl_133,9,West_exit,9,6
dl_133,10,East_exit,10,7
dl_133,3,East_exit,3,3
dl_133,4,East_exit,4,3
dl_134,14,,,
dl_134,17,East_exit,17,12
dl_134,15,West_exit,15,10
dl_134,16,East_exit,16,11
dl_134,18,West_exit,18,12
dl_134,12,West_exit,12,8
dl_134,13,East_exit,13,9
dl_134,6,West_exit,6,4
dl_134,7,East_exit,7,5
dl_134,9,West_exit,9,6
dl_134,10,East_exit,10,7
dl_134,21,East_exit,21,15
dl_134,22,West_exit,22,14
dl_134,23,West_exit,23,15
dl_134,3,East_exit,3,3
dl_134,4,East_exit,4,3
dl_135,5,,,
dl_135,15,West_exit,15,10
dl_135,14,East_exit,14,10
dl_135,17,West_exit,17,11
dl_135,12,West_exit,12,8
dl_135,13,East_exit,13,9
dl_135,11,East_exit,11,8
dl_136,7,,,
dl_136,18,West_exit,18,12
dl_136,19,East_exit,19,13
dl_136,20,West_exit,20,13
dl_136,15,West_exit,15,10
dl_136,14,East_exit,14,10
dl_136,12,West_exit,12,8
dl_136,13,East_exit,13,9
dl_136,11,East_exit,11,8
dl_137,7,,,
dl_137,14,East_exit,14,10
dl_137,9,West_exit,9,6
dl_137,10,East_exit,10,7
dl_137,8,East_exit,8,6
dl_137,15,West_exit,15,10
dl_137,17,West_exit,17,11
dl_137,12,West_exit,12,8
dl_137,13,East_exit,13,9
dl_138,9,,,
dl_138,14,East_exit,14,10
dl_138,9,West_exit,9,6
dl_138,10,East_exit,10,7
dl_138,8,East_exit,8,6
dl_138,18,West_exit,18,12
dl_138,19,East_exit,19,13
dl_138,20,West_exit,20,13
dl_138,15,West_exit,15,10
dl_138,12,West_exit,12,8
dl_138,13,East_exit,13,9
dl_139,11,,,
dl_139,14,East_exit,14,10
dl_139,15,West_exit,15,10
dl_139,17,West_exit,17,11
dl_139,12,West_exit,12,8
dl_139,13,East_exit,13,9
dl_139,5,East_exit,5,4
dl_139,6,West_exit,6,4
dl_139,7,East_exit,7,5
dl_139,3,East_exit,3,3
dl_139,4,East_exit,4,3
dl_139,9,West_exit,9,6
dl_139,10,East_exit,10,7
dl_140,9,,,
dl_140,14,East_exit,14,10
dl_140,15,West_exit,15,10
dl_140,17,West_exit,17,11
dl_140,12,West_exit,12,8
dl_140,13,East_exit,13,9
dl_140,6,West_exit,6,4
dl_140,7,East_exit,7,5
dl_140,5,East_exit,5,4
dl_140,9,West_exit,9,6
dl_140,10,East_exit,10,7
dl_141,13,,,
dl_141,14,East_exit,14,10
dl_141,18,West_exit,18,12
dl_141,19,East_exit,19,13
dl_141,20,West_exit,20,13
dl_141,15,West_exit,15,10
dl_141,12,West_exit,12,8
dl_141,13,East_exit,13,9
dl_141,5,East_exit,5,4
dl_141,6,West_exit,6,4
dl_141,7,East_exit,7,5
dl_141,3,East_exit,3,3
dl_141,4,East_exit,4,3
dl_141,9,West_exit,9,6
dl_141,10,East_exit,10,7
dl_142,11,,,
dl_142,14,East_exit,14,10
dl_142,18,West_exit,18,12
dl_142,19,East_exit,19,13
dl_142,20,West_exit,20,13
dl_142,15,West_exit,15,10
dl_142,12,West_exit,12,8
dl_142,13,East_exit,13,9
dl_142,6,West_exit,6,4
dl_142,7,East_exit,7,5
dl_142,5,East_exit,5,4
dl_142,9,West_exit,9,6
dl_142,10,East_exit,10,7
dl_143,10,,,
dl_143,14,East_exit,14,10
dl_143,15,West_exit,15,10
dl_143,17,West_exit,17,11
dl_143,12,West_exit,12,8
dl_143,13,East_exit,13,9
dl_143,6,West_exit,6,4
dl_143,7,East_exit,7,5
dl_143,9,West_exit,9,6
dl_143,10,East_exit,10,7
dl_143,3,East_exit,3,3
dl_143,4,East_exit,4,3
dl_144,12,,,
dl_144,14,East_exit,14,10
dl_144,18,West_exit,18,12
dl_144,19,East_exit,19,13
dl_144,20,West_exit,20,13
dl_144,15,West_exit,15,10
dl_144,12,West_exit,12,8
dl_144,13,East_exit,13,9
dl_144,6,West_exit,6,4
dl_144,7,East_exit,7,5
dl_144,9,West_exit,9,6
dl_144,10,East_exit,10,7
dl_144,3,East_exit,3,3
dl_144,4,East_exit,4,3
dl_145,9,,,
dl_145,18,West_exit,18,12
dl_145,19,East_exit,19,13
dl_145,15,West_exit,15,10
dl_145,14,East_exit,14,10
dl_145,12,West_exit,12,8
dl_145,13,East_exit,13,9
dl_145,11,East_exit,11,8
dl_145,21,East_exit,21,15
dl_145,22,West_exit,22,14
dl_145,23,West_exit,23,15
dl_146,11,,,
dl_146,14,East_exit,14,10
dl_146,9,West_exit,9,6
dl_146,10,East_exit,10,7
dl_146,8,East_exit,8,6
dl_146,18,West_exit,18,12
dl_146,19,East_exit,19,13
dl_146,15,West_exit,15,10
dl_146,12,West_exit,12,8
dl_146,13,East_exit,13,9
dl_146,21,East_exit,21,15
dl_146,22,West_exit,22,14
dl_146,23,West_exit,23,15
dl_147,15,,,
dl_147,14,East_exit,14,10
dl_147,18,West_exit,18,12
dl_147,19,East_exit,19,13
dl_147,15,West_exit,15,10
dl_147,12,West_exit,12,8
dl_147,13,East_exit,13,9
dl_147,5,East_exit,5,4
dl_147,6,West_exit,6,4
dl_147,7,East_exit,7,5
dl_147,3,East_exit,3,3
dl_147,4,East_exit,4,3
dl_147,9,West_exit,9,6
dl_147,10,East_exit,10,7
dl_147,21,East_exit,21,15
dl_147,22,West_exit,22,14
dl_147,23,West_exit,23,15
dl_148,13,,,
dl_148,14,East_exit,14,10
dl_148,18,West_exit,18,12
dl_148,19,East_exit,19,13
dl_148,15,West_exit,15,10
dl_148,12,West_exit,12,8
dl_148,13,East_exit,13,9
dl_148,6,West_exit,6,4
dl_148,7,East_exit,7,5
dl_148,5,East_exit,5,4
dl_148,9,West_exit,9,6
dl_148,10,East_exit,10,7
dl_148,21,East_exit,21,15
dl_148,22,West_exit,22,14
dl_148,23,West_exit,23,15
dl_149,14,,,
dl_149,14,East_exit,14,10
dl_149,18,West_exit,18,12
dl_149,19,East_exit,19,13
dl_149,15,West_exit,15,10
dl_149,12,West_exit,12,8
dl_149,13,East_exit,13,9
dl_149,6,West_exit,6,4
dl_149,7,East_exit,7,5
dl_149,9,West_exit,9,6
dl_149,10,East_exit,10,7
dl_149,21,East_exit,21,15
dl_149,22,West_exit,22,14
dl_149,23,West_exit,23,15
dl_149,3,East_exit,3,3
dl_149,4,East_exit,4,3
dl_150,7,,,
dl_150,18,West_exit,18,12
dl_150,17,East_exit,17,12
dl_150,20,West_exit,20,13
dl_150,15,West_exit,15,10
dl_150,14,East_exit,14,10
dl_150,12,West_exit,12,8
dl_150,13,East_exit,13,9
dl_150,11,East_exit,11,8
dl_151,9,,,
dl_151,14,East_exit,14,10
dl_151,9,West_exit,9,6
dl_151,10,East_exit,10,7
dl_151,8,East_exit,8,6
dl_151,18,West_exit,18,12
dl_151,17,East_exit,17,12
dl_151,15,West_exit,15,10
dl_151,20,West_exit,20,13
dl_151,12,West_exit,12,8
dl_151,13,East_exit,13,9
dl_152,13,,,
dl_152,14,East_exit,14,10
dl_152,18,West_exit,18,12
dl_152,17,East_exit,17,12
dl_152,20,West_exit,20,13
dl_152,15,West_exit,15,10
dl_152,12,West_exit,12,8
dl_152,13,East_exit,13,9
dl_152,5,East_exit,5,4
dl_152,6,West_exit,6,4
dl_152,7,East_exit,7,5
dl_152,3,East_exit,3,3
dl_152,4,East_exit,4,3
dl_152,9,West_exit,9,6
dl_152,10,East_exit,10,7
dl_153,11,,,
dl_153,14,East_exit,14,10
dl_153,18,West_exit,18,12
dl_153,17,East_exit,17,12
dl_153,20,West_exit,20,13
dl_153,15,West_exit,15,10
dl_153,12,West_exit,12,8
dl_153,13,East_exit,13,9
dl_153,6,West_exit,6,4
dl_153,7,East_exit,7,5
dl_153,5,East_exit,5,4
dl_153,9,West_exit,9,6
dl_153,10,East_exit,10,7
dl_154,12,,,
dl_154,14,East_exit,14,10
dl_154,18,West_exit,18,12
dl_154,17,East_exit,17,12
dl_154,20,West_exit,20,13
dl_154,15,West_exit,15,10
dl_154,12,West_exit,12,8
dl_154,13,East_exit,13,9
dl_154,6,West_exit,6,4
dl_154,7,East_exit,7,5
dl_154,9,West_exit,9,6
dl_154,10,East_exit,10,7
dl_154,3,East_exit,3,3
dl_154,4,East_exit,4,3
dl_155,9,,,
dl_155,18,West_exit,18,12
dl_155,17,East_exit,17,12
dl_155,15,West_exit,15,10
dl_155,14,East_exit,14,10
dl_155,12,West_exit,12,8
dl_155,13,East_exit,13,9
dl_155,11,East_exit,11,8
dl_155,21,East_exit,21,15
dl_155,22,West_exit,22,14
dl_155,23,West_exit,23,15
dl_156,11,,,
dl_156,14,East_exit,14,10
dl_156,9,West_exit,9,6
dl_156,10,East_exit,10,7
dl_156,8,East_exit,8,6
dl_156,18,West_exit,18,12
dl_156,17,East_exit,17,12
dl_156,15,West_exit,15,10
dl_156,12,West_exit,12,8
dl_156,13,East_exit,13,9
dl_156,21,East_exit,21,15
dl_156,22,West_exit,22,14
dl_156,23,West_exit,23,15
dl_157,15,,,
dl_157,14,East_exit,14,10
dl_157,18,West_exit,18,12
dl_157,17,East_exit,17,12
dl_157,15,West_exit,15,10
dl_157,12,West_exit,12,8
dl_157,13,East_exit,13,9
dl_157,5,East_exit,5,4
dl_157,6,West_exit,6,4
dl_157,7,East_exit,7,5
dl_157,3,East_exit,3,3
dl_157,4,East_exit,4,3
dl_157,9,West_exit,9,6
dl_157,10,East_exit,10,7
dl_157,21,East_exit,21,15
dl_157,22,West_exit,22,14
dl_157,23,West_exit,23,15
dl_158,13,,,
dl_158,14,East_exit,14,10
dl_158,18,West_exit,18,12
dl_158,17,East_exit,17,12
dl_158,15,West_exit,15,10
dl_158,12,West_exit,12,8
dl_158,13,East_exit,13,9
dl_158,6,West_exit,6,4
dl_158,7,East_exit,7,5
dl_158,5,East_exit,5,4
dl_158,9,West_exit,9,6
dl_158,10,East_exit,10,7
dl_158,21,East_exit,21,15
dl_158,22,West_exit,22,14
dl_158,23,West_exit,23,15
dl_159,14,,,
dl_159,14,East_exit,14,10
dl_159,18,West_exit,18,12
dl_159,17,East_exit,17,12
dl_159,15,West_exit,15,10
dl_159,12,West_exit,12,8
dl_159,13,East_exit,13,9
dl_159,6,West_exit,6,4
dl_159,7,East_exit,7,5
dl_159,9,West_exit,9,6
dl_159,10,East_exit,10,7
dl_159,21,East_exit,21,15
dl_159,22,West_exit,22,14
dl_159,23,West_exit,23,15
dl_159,3,East_exit,3,3
dl_159,4,East_exit,4,3
dl_160,5,,,
dl_160,12,West_exit,12,8
dl_160,11,East_exit,11,8
dl_160,14,West_exit,14,9
dl_160,9,West_exit,9,6
dl_160,10,East_exit,10,7
dl_160,8,East_exit,8,6
dl_161,7,,,
dl_161,15,West_exit,15,10
dl_161,16,East_exit,16,11
dl_161,17,West_exit,17,11
dl_161,12,West_exit,12,8
dl_161,11,East_exit,11,8
dl_161,9,West_exit,9,6
dl_161,10,East_exit,10,7
dl_161,8,East_exit,8,6
dl_162,9,,,
dl_162,18,West_exit,18,12
dl_162,19,East_exit,19,13
dl_162,20,West_exit,20,13
dl_162,12,West_exit,12,8
dl_162,11,East_exit,11,8
dl_162,9,West_exit,9,6
dl_162,10,East_exit,10,7
dl_162,8,East_exit,8,6
dl_162,15,West_exit,15,10
dl_162,16,East_exit,16,11
dl_163,9,,,
dl_163,11,East_exit,11,8
dl_163,5,East_exit,5,4
dl_163,6,West_exit,6,4
dl_163,7,East_exit,7,5
dl_163,3,East_exit,3,3
dl_163,4,East_exit,4,3
dl_163,12,West_exit,12,8
dl_163,14,West_exit,14,9
dl_163,9,West_exit,9,6
dl_163,10,East_exit,10,7
dl_164,7,,,
dl_164,11,East_exit,11,8
dl_164,6,West_exit,6,4
dl_164,7,East_exit,7,5
dl_164,5,East_exit,5,4
dl_164,12,West_exit,12,8
dl_164,14,West_exit,14,9
dl_164,9,West_exit,9,6
dl_164,10,East_exit,10,7
dl_165,11,,,
dl_165,11,East_exit,11,8
dl_165,6,West_exit,6,4
dl_165,7,East_exit,7,5
dl_165,5,East_exit,5,4
dl_165,3,East_exit,3,3
dl_165,4,East_exit,4,3
dl_165,15,West_exit,15,10
dl_165,16,East_exit,16,11
dl_165,17,West_exit,17,11
dl_165,12,West_exit,12,8
dl_165,9,West_exit,9,6
dl_165,10,East_exit,10,7
dl_166,9,,,
dl_166,11,East_exit,11,8
dl_166,6,West_exit,6,4
dl_166,7,East_exit,7,5
dl_166,5,East_exit,5,4
dl_166,15,West_exit,15,10
dl_166,16,East_exit,16,11
dl_166,17,West_exit,17,11
dl_166,12,West_exit,12,8
dl_166,9,West_exit,9,6
dl_166,10,East_exit,10,7
dl_167,13,,,
dl_167,18,West_exit,18,12
dl_167,19,East_exit,19,13
dl_167,20,West_exit,20,13
dl_167,11,East_exit,11,8
dl_167,6,West_exit,6,4
dl_167,7,East_exit,7,5
dl_167,5,East_exit,5,4
dl_167,3,East_exit,3,3
dl_167,4,East_exit,4,3
dl_167,12,West_exit,12,8
dl_167,9,West_exit,9,6
dl_167,10,East_exit,10,7
dl_167,15,West_exit,15,10
dl_167,16,East_exit,16,11
dl_168,11,,,
dl_168,18,West_exit,18,12
dl_168,19,East_exit,19,13
dl_168,20,West_exit,20,13
dl_168,11,East_exit,11,8
dl_168,6,West_exit,6,4
dl_168,7,East_exit,7,5
dl_168,5,East_exit,5,4
dl_168,12,West_exit,12,8
dl_168,9,West_exit,9,6
dl_168,10,East_exit,10,7
dl_168,15,West_exit,15,10
dl_168,16,East_exit,16,11
dl_169,8,,,
dl_169,11,East_exit,11,8
dl_169,6,West_exit,6,4
dl_169,7,East_exit,7,5
dl_169,12,West_exit,12,8
dl_169,14,West_exit,14,9
dl_169,9,West_exit,9,6
dl_169,10,East_exit,10,7
dl_169,3,East_exit,3,3
dl_169,4,East_exit,4,3
dl_170,10,,,
dl_170,11,East_exit,11,8
dl_170,6,West_exit,6,4
dl_170,7,East_exit,7,5
dl_170,15,West_exit,15,10
dl_170,16,East_exit,16,11
dl_170,17,West_exit,17,11
dl_170,12,West_exit,12,8
dl_170,9,West_exit,9,6
dl_170,10,East_exit,10,7
dl_170,3,East_exit,3,3
dl_170,4,East_exit,4,3
dl_171,12,,,
dl_171,18,West_exit,18,12
dl_171,19,East_exit,19,13
dl_171,20,West_exit,20,13
dl_171,11,East_exit,11,8
dl_171,6,West_exit,6,4
dl_171,7,East_exit,7,5
dl_171,12,West_exit,12,8
dl_171,9,West_exit,9,6
dl_171,10,East_exit,10,7
dl_171,15,West_exit,15,10
dl_171,16,East_exit,16,11
dl_171,3,East_exit,3,3
dl_171,4,East_exit,4,3
dl_172,11,,,
dl_172,18,West_exit,18,12
dl_172,19,East_exit,19,13
dl_172,12,West_exit,12,8
dl_172,11,East_exit,11,8
dl_172,9,West_exit,9,6
dl_172,10,East_exit,10,7
dl_172,8,East_exit,8,6
dl_172,15,West_exit,15,10
dl_172,16,East_exit,16,11
dl_172,21,East_exit,21,15
dl_172,22,West_exit,22,14
dl_172,23,West_exit,23,15
dl_173,15,,,
dl_173,18,West_exit,18,12
dl_173,19,East_exit,19,13
dl_173,21,East_exit,21,15
dl_173,22,West_exit,22,14
dl_173,23,West_exit,23,15
dl_173,11,East_exit,11,8
dl_173,5,East_exit,5,4
dl_173,6,West_exit,6,4
dl_173,7,East_exit,7,5
dl_173,3,East_exit,3,3
dl_173,4,East_exit,4,3
dl_173,12,West_exit,12,8
dl_173,9,West_exit,9,6
dl_173,10,East_exit,10,7
dl_173,15,West_exit,15,10
dl_173,16,East_exit,16,11
dl_174,13,,,
dl_174,18,West_exit,18,12
dl_174,19,East_exit,19,13
dl_174,21,East_exit,21,15
dl_174,22,West_exit,22,14
dl_174,23,West_exit,23,15
dl_174,11,East_exit,11,8
dl_174,6,West_exit,6,4
dl_174,7,East_exit,7,5
dl_174,5,East_exit,5,4
dl_174,12,West_exit,12,8
dl_174,9,West_exit,9,6
dl_174,10,East_exit,10,7
dl_174,15,West_exit,15,10
dl_174,16,East_exit,16,11
dl_175,14,,,
dl_175,18,West_exit,18,12
dl_175,19,East_exit,19,13
dl_175,21,East_exit,21,15
dl_175,22,West_exit,22,14
dl_175,23,West_exit,23,15
dl_175,11,East_exit,11,8
dl_175,6,West_exit,6,4
dl_175,7,East_exit,7,5
dl_175,12,West_exit,12,8
dl_175,9,West_exit,9,6
dl_175,10,East_exit,10,7
dl_175,3,East_exit,3,3
dl_175,4,East_exit,4,3
dl_175,15,West_exit,15,10
dl_175,16,East_exit,16,11
dl_176,9,,,
dl_176,17,East_exit,17,12
dl_176,12,West_exit,12,8
dl_176,11,East_exit,11,8
dl_176,9,West_exit,9,6
dl_176,10,East_exit,10,7
dl_176,8,East_exit,8,6
dl_176,18,West_exit,18,12
dl_176,20,West_exit,20,13
dl_176,15,West_exit,15,10
dl_176,16,East_exit,16,11
dl_177,13,,,
dl_177,17,East_exit,17,12
dl_177,11,East_exit,11,8
dl_177,6,West_exit,6,4
dl_177,7,East_exit,7,5
dl_177,5,East_exit,5,4
dl_177,3,East_exit,3,3
dl_177,4,East_exit,4,3
dl_177,12,West_exit,12,8
dl_177,9,West_exit,9,6
dl_177,10,East_exit,10,7
dl_177,15,West_exit,15,10
dl_177,16,East_exit,16,11
dl_177,18,West_exit,18,12
dl_177,20,West_exit,20,13
dl_178,11,,,
dl_178,17,East_exit,17,12
dl_178,11,East_exit,11,8
dl_178,6,West_exit,6,4
dl_178,7,East_exit,7,5
dl_178,5,East_exit,5,4
dl_178,12,West_exit,12,8
dl_178,9,West_exit,9,6
dl_178,10,East_exit,10,7
dl_178,15,West_exit,15,10
dl_178,16,East_exit,16,11
dl_178,18,West_exit,18,12
dl_178,20,West_exit,20,13
dl_179,12,,,
dl_179,17,East_exit,17,12
dl_179,11,East_exit,11,8
dl_179,6,West_exit,6,4
dl_179,7,East_exit,7,5
dl_179,12,West_exit,12,8
dl_179,9,West_exit,9,6
dl_179,10,East_exit,10,7
dl_179,15,West_exit,15,10
dl_179,16,East_exit,16,11
dl_179,18,West_exit,18,12
dl_179,20,West_exit,20,13
dl_179,3,East_exit,3,3
dl_179,4,East_exit,4,3
dl_180,11,,,
dl_180,17,East_exit,17,12
dl_180,12,West_exit,12,8
dl_180,11,East_exit,11,8
dl_180,9,West_exit,9,6
dl_180,10,East_exit,10,7
dl_180,8,East_exit,8,6
dl_180,18,West_exit,18,12
dl_180,15,West_exit,15,10
dl_180,16,East_exit,16,11
dl_180,21,East_exit,21,15
dl_180,22,West_exit,22,14
dl_180,23,West_exit,23,15
dl_181,15,,,
dl_181,17,East_exit,17,12
dl_181,11,East_exit,11,8
dl_181,6,West_exit,6,4
dl_181,7,East_exit,7,5
dl_181,5,East_exit,5,4
dl_181,3,East_exit,3,3
dl_181,4,East_exit,4,3
dl_181,12,West_exit,12,8
dl_181,9,West_exit,9,6
dl_181,10,East_exit,10,7
dl_181,15,West_exit,15,10
dl_181,16,East_exit,16,11
dl_181,18,West_exit,18,12
dl_181,21,East_exit,21,15
dl_181,22,West_exit,22,14
dl_181,23,West_exit,23,15
dl_182,13,,,
dl_182,17,East_exit,17,12
dl_182,11,East_exit,11,8
dl_182,6,West_exit,6,4
dl_182,7,East_exit,7,5
dl_182,5,East_exit,5,4
dl_182,12,West_exit,12,8
dl_182,9,West_exit,9,6
dl_182,10,East_exit,10,7
dl_182,15,West_exit,15,10
dl_182,16,East_exit,16,11
dl_182,18,West_exit,18,12
dl_182,21,East_exit,21,15
dl_182,22,West_exit,22,14
dl_182,23,West_exit,23,15
dl_183,14,,,
dl_183,17,East_exit,17,12
dl_183,11,East_exit,11,8
dl_183,6,West_exit,6,4
dl_183,7,East_exit,7,5
dl_183,12,West_exit,12,8
dl_183,9,West_exit,9,6
dl_183,10,East_exit,10,7
dl_183,15,West_exit,15,10
dl_183,16,East_exit,16,11
dl_183,18,West_exit,18,12
dl_183,21,East_exit,21,15
dl_183,22,West_exit,22,14
dl_183,23,West_exit,23,15
dl_183,3,East_exit,3,3
dl_183,4,East_exit,4,3
dl_184,7,,,
dl_184,15,West_exit,15,10
dl_184,14,East_exit,14,10
dl_184,17,West_exit,17,11
dl_184,12,West_exit,12,8
dl_184,11,East_exit,11,8
dl_184,9,West_exit,9,6
dl_184,10,East_exit,10,7
dl_184,8,East_exit,8,6
dl_185,9,,,
dl_185,18,West_exit,18,12
dl_185,19,East_exit,19,13
dl_185,20,West_exit,20,13
dl_185,15,West_exit,15,10
dl_185,14,East_exit,14,10
dl_185,12,West_exit,12,8
dl_185,11,East_exit,11,8
dl_185,9,West_exit,9,6
dl_185,10,East_exit,10,7
dl_185,8,East_exit,8,6
dl_186,11,,,
dl_186,11,East_exit,11,8
dl_186,6,West_exit,6,4
dl_186,7,East_exit,7,5
dl_186,5,East_exit,5,4
dl_186,3,East_exit,3,3
dl_186,4,East_exit,4,3
dl_186,15,West_exit,15,10
dl_186,14,East_exit,14,10
dl_186,12,West_exit,12,8
dl_186,17,West_exit,17,11
dl_186,9,West_exit,9,6
dl_186,10,East_exit,10,7
dl_187,9,,,
dl_187,11,East_exit,11,8
dl_187,6,West_exit,6,4
dl_187,7,East_exit,7,5
dl_187,5,East_exit,5,4
dl_187,15,West_exit,15,10
dl_187,14,East_exit,14,10
dl_187,12,West_exit,12,8
dl_187,17,West_exit,17,11
dl_187,9,West_exit,9,6
dl_187,10,East_exit,10,7
dl_188,13,,,
dl_188,11,East_exit,11,8
dl_188,6,West_exit,6,4
dl_188,7,East_exit,7,5
dl_188,5,East_exit,5,4
dl_188,3,East_exit,3,3
dl_188,4,East_exit,4,3
dl_188,18,West_exit,18,12
dl_188,19,East_exit,19,13
dl_188,20,West_exit,20,13
dl_188,14,East_exit,14,10
dl_188,15,West_exit,15,10
dl_188,12,West_exit,12,8
dl_188,9,West_exit,9,6
dl_188,10,East_exit,10,7
dl_189,11,,,
dl_189,11,East_exit,11,8
dl_189,6,West_exit,6,4
dl_189,7,East_exit,7,5
dl_189,5,East_exit,5,4
dl_189,18,West_exit,18,12
dl_189,19,East_exit,19,13
dl_189,20,West_exit,20,13
dl_189,14,East_exit,14,10
dl_189,15,West_exit,15,10
dl_189,12,West_exit,12,8
dl_189,9,West_exit,9,6
dl_189,10,East_exit,10,7
dl_190,10,,,
dl_190,11,East_exit,11,8
dl_190,6,West_exit,6,4
dl_190,7,East_exit,7,5
dl_190,15,West_exit,15,10
dl_190,14,East_exit,14,10
dl_190,12,West_exit,12,8
dl_190,17,West_exit,17,11
dl_190,9,West_exit,9,6
dl_190,10,East_exit,10,7
dl_190,3,East_exit,3,3
dl_190,4,East_exit,4,3
dl_191,12,,,
dl_191,11,East_exit,11,8
dl_191,6,West_exit,6,4
dl_191,7,East_exit,7,5
dl_191,18,West_exit,18,12
dl_191,19,East_exit,19,13
dl_191,20,West_exit,20,13
dl_191,14,East_exit,14,10
dl_191,15,West_exit,15,10
dl_191,12,West_exit,12,8
dl_191,9,West_exit,9,6
dl_191,10,East_exit,10,7
dl_191,3,East_exit,3,3
dl_191,4,East_exit,4,3
dl_192,11,,,
dl_192,18,West_exit,18,12
dl_192,19,East_exit,19,13
dl_192,15,West_exit,15,10
dl_192,14,East_exit,14,10
dl_192,12,West_exit,12,8
dl_192,11,East_exit,11,8
dl_192,9,West_exit,9,6
dl_192,10,East_exit,10,7
dl_192,8,East_exit,8,6
dl_192,21,East_exit,21,15
dl_192,22,West_exit,22,14
dl_192,23,West_exit,23,15
dl_193,15,,,
dl_193,11,East_exit,11,8
dl_193,6,West_exit,6,4
dl_193,7,East_exit,7,5
dl_193,5,East_exit,5,4
dl_193,3,East_exit,3,3
dl_193,4,East_exit,4,3
dl_193,18,West_exit,18,12
dl_193,19,East_exit,19,13
dl_193,14,East_exit,14,10
dl_193,15,West_exit,15,10
dl_193,12,West_exit,12,8
dl_193,9,West_exit,9,6
dl_193,10,East_exit,10,7
dl_193,21,East_exit,21,15
dl_193,22,West_exit,22,14
dl_193,23,West_exit,23,15
dl_194,13,,,
dl_194,11,East_exit,11,8
dl_194,6,West_exit,6,4
dl_194,7,East_exit,7,5
dl_194,5,East_exit,5,4
dl_194,18,West_exit,18,12
dl_194,19,East_exit,19,13
dl_194,14,East_exit,14,10
dl_194,15,West_exit,15,10
dl_194,12,West_exit,12,8
dl_194,9,West_exit,9,6
dl_194,10,East_exit,10,7
dl_194,21,East_exit,21,15
dl_194,22,West_exit,22,14
dl_194,23,West_exit,23,15
dl_195,14,,,
dl_195,11,East_exit,11,8
dl_195,6,West_exit,6,4
dl_195,7,East_exit,7,5
dl_195,18,West_exit,18,12
dl_195,19,East_exit,19,13
dl_195,14,East_exit,14,10
dl_195,15,West_exit,15,10
dl_195,12,West_exit,12,8
dl_195,9,West_exit,9,6
dl_195,10,East_exit,10,7
dl_195,21,East_exit,21,15
dl_195,22,West_exit,22,14
dl_195,23,West_exit,23,15
dl_195,3,East_exit,3,3
dl_195,4,East_exit,4,3
dl_196,9,,,
dl_196,18,West_exit,18,12
dl_196,17,East_exit,17,12
dl_196,20,West_exit,20,13
dl_196,15,West_exit,15,10
dl_196,14,East_exit,14,10
dl_196,12,West_exit,12,8
dl_196,11,East_exit,11,8
dl_196,9,West_exit,9,6
dl_196,10,East_exit,10,7
dl_196,8,East_exit,8,6
dl_197,13,,,
dl_197,18,West_exit,18,12
dl_197,17,East_exit,17,12
dl_197,11,East_exit,11,8
dl_197,6,West_exit,6,4
dl_197,7,East_exit,7,5
dl_197,5,East_exit,5,4
dl_197,3,East_exit,3,3
dl_197,4,East_exit,4,3
dl_197,14,East_exit,14,10
dl_197,15,West_exit,15,10
dl_197,12,West_exit,12,8
dl_197,9,West_exit,9,6
dl_197,10,East_exit,10,7
dl_197,20,West_exit,20,13
dl_198,11,,,
dl_198,18,West_exit,18,12
dl_198,17,East_exit,17,12
dl_198,11,East_exit,11,8
dl_198,6,West_exit,6,4
dl_198,7,East_exit,7,5
dl_198,5,East_exit,5,4
dl_198,14,East_exit,14,10
dl_198,15,West_exit,15,10
dl_198,12,West_exit,12,8
dl_198,9,West_exit,9,6
dl_198,10,East_exit,10,7
dl_198,20,West_exit,20,13
dl_199,12,,,
dl_199,11,East_exit,11,8
dl_199,18,West_exit,18,12
dl_199,17,East_exit,17,12
dl_199,6,West_exit,6,4
dl_199,7,East_exit,7,5
dl_199,14,East_exit,14,10
dl_199,15,West_exit,15,10
dl_199,12,West_exit,12,8
dl_199,9,West_exit,9,6
dl_199,10,East_exit,10,7
dl_199,20,West_exit,20,13
dl_199,3,East_exit,3,3
dl_199,4,East_exit,4,3
dl_200,11,,,
dl_200,18,West_exit,18,12
dl_200,17,East_exit,17,12
dl_200,15,West_exit,15,10
dl_200,14,East_exit,14,10
dl_200,12,West_exit,12,8
dl_200,11,East_exit,11,8
dl_200,9,West_exit,9,6
dl_200,10,East_exit,10,7
dl_200,8,East_exit,8,6
dl_200,21,East_exit,21,15
dl_200,22,West_exit,22,14
dl_200,23,West_exit,23,15
dl_201,15,,,
dl_201,18,West_exit,18,12
dl_201,17,East_exit,17,12
dl_201,11,East_exit,11,8
dl_201,6,West_exit,6,4
dl_201,7,East_exit,7,5
dl_201,5,East_exit,5,4
dl_201,3,East_exit,3,3
dl_201,4,East_exit,4,3
dl_201,14,East_exit,14,10
dl_201,15,West_exit,15,10
dl_201,12,West_exit,12,8
dl_201,9,West_exit,9,6
dl_201,10,East_exit,10,7
dl_201,21,East_exit,21,15
dl_201,22,West_exit,22,14
dl_201,23,West_exit,23,15
dl_202,13,,,
dl_202,18,West_exit,18,12
dl_202,17,East_exit,17,12
dl_202,11,East_exit,11,8
dl_202,6,West_exit,6,4
dl_202,7,East_exit,7,5
dl_202,5,East_exit,5,4
dl_202,14,East_exit,14,10
dl_202,15,West_exit,15,10
dl_202,12,West_exit,12,8
dl_202,9,West_exit,9,6
dl_202,10,East_exit,10,7
dl_202,21,East_exit,21,15
dl_202,22,West_exit,22,14
dl_202,23,West_exit,23,15
dl_203,14,,,
dl_203,11,East_exit,11,8
dl_203,18,West_exit,18,12
dl_203,17,East_exit,17,12
dl_203,6,West_exit,6,4
dl_203,7,East_exit,7,5
dl_203,14,East_exit,14,10
dl_203,15,West_exit,15,10
dl_203,12,West_exit,12,8
dl_203,9,West_exit,9,6
dl_203,10,East_exit,10,7
dl_203,3,East_exit,3,3
dl_203,4,East_exit,4,3
dl_203,21,East_exit,21,15
dl_203,22,West_exit,22,14
dl_203,23,West_exit,23,15
dl_204,3,,,
dl_204,33,West_exit,33,22
dl_204,34,East_exit,34,23
dl_204,35,West_exit,35,23
dl_204,32,East_exit,32,22
dl_205,3,,,
dl_205,39,West_exit,39,26
dl_205,40,East_exit,40,27
dl_205,41,West_exit,41,27
dl_205,38,East_exit,38,26
dl_206,2,,,
dl_206,29,East_exit,29,20
dl_206,30,West_exit,30,20
dl_206,31,West_exit,31,20
dl_207,7,,,
dl_207,9,West_exit,9,6
dl_207,10,East_exit,10,7
dl_207,11,West_exit,11,7
dl_207,3,West_exit,3,2
dl_207,4,East_exit,4,3
dl_207,2,East_exit,2,2
dl_207,6,West_exit,6,4
dl_207,7,East_exit,7,5
dl_208,2,,,
dl_208,5,East_exit,5,4
dl_208,6,West_exit,6,4
dl_208,7,West_exit,7,4
dl_209,4,,,
dl_209,9,West_exit,9,6
dl_209,10,East_exit,10,7
dl_209,11,West_exit,11,7
dl_209,6,East_exit,6,5
dl_209,7,East_exit,7,5
dl_210,14,,,
dl_210,21,West_exit,21,14
dl_210,22,East_exit,22,15
dl_210,23,West_exit,23,15
dl_210,18,West_exit,18,12
dl_210,19,East_exit,19,13
dl_210,17,East_exit,17,12
dl_210,15,West_exit,15,10
dl_210,16,East_exit,16,11
dl_210,14,East_exit,14,10
dl_210,12,West_exit,12,8
dl_210,13,East_exit,13,9
dl_210,11,East_exit,11,8
dl_210,9,West_exit,9,6
dl_210,10,East_exit,10,7
dl_210,8,East_exit,8,6
dl_211,11,,,
dl_211,14,East_exit,14,10
dl_211,12,West_exit,12,8
dl_211,13,East_exit,13,9
dl_211,11,East_exit,11,8
dl_211,17,East_exit,17,12
dl_211,15,West_exit,15,10
dl_211,16,East_exit,16,11
dl_211,21,West_exit,21,14
dl_211,22,East_exit,22,15
dl_211,23,West_exit,23,15
dl_211,18,West_exit,18,12
dl_211,19,East_exit,19,13
dl_212,13,,,
dl_212,14,East_exit,14,10
dl_212,12,West_exit,12,8
dl_212,13,East_exit,13,9
dl_212,17,East_exit,17,12
dl_212,15,West_exit,15,10
dl_212,16,East_exit,16,11
dl_212,21,West_exit,21,14
dl_212,22,East_exit,22,15
dl_212,23,West_exit,23,15
dl_212,18,West_exit,18,12
dl_212,19,East_exit,19,13
dl_212,9,West_exit,9,6
dl_212,10,East_exit,10,7
dl_212,8,East_exit,8,6
dl_213,8,,,
dl_213,21,West_exit,21,14
dl_213,22,East_exit,22,15
dl_213,23,West_exit,23,15
dl_213,18,West_exit,18,12
dl_213,19,East_exit,19,13
dl_213,17,East_exit,17,12
dl_213,15,West_exit,15,10
dl_213,16,East_exit,16,11
dl_213,14,East_exit,14,10
dl_214,13,,,
dl_214,17,East_exit,17,12
dl_214,12,West_exit,12,8
dl_214,13,East_exit,13,9
dl_214,11,East_exit,11,8
dl_214,9,West_exit,9,6
dl_214,10,East_exit,10,7
dl_214,8,East_exit,8,6
dl_214,21,West_exit,21,14
dl_214,22,East_exit,22,15
dl_214,23,West_exit,23,15
dl_214,18,West_exit,18,12
dl_214,19,East_exit,19,13
dl_214,15,West_exit,15,10
dl_214,16,East_exit,16,11
dl_215,10,,,
dl_215,17,East_exit,17,12
dl_215,21,West_exit,21,14
dl_215,22,East_exit,22,15
dl_215,23,West_exit,23,15
dl_215,18,West_exit,18,12
dl_215,19,East_exit,19,13
dl_215,15,West_exit,15,10
dl_215,16,East_exit,16,11
dl_215,12,West_exit,12,8
dl_215,13,East_exit,13,9
dl_215,11,East_exit,11,8
dl_216,12,,,
dl_216,21,West_exit,21,14
dl_216,22,East_exit,22,15
dl_216,23,West_exit,23,15
dl_216,18,West_exit,18,12
dl_216,19,East_exit,19,13
dl_216,17,East_exit,17,12
dl_216,15,West_exit,15,10
dl_216,16,East_exit,16,11
dl_216,12,West_exit,12,8
dl_216,13,East_exit,13,9
dl_216,9,West_exit,9,6
dl_216,10,East_exit,10,7
dl_216,8,East_exit,8,6
dl_217,6,,,
dl_217,12,West_exit,12,8
dl_217,13,East_exit,13,9
dl_217,14,West_exit,14,9
dl_217,9,West_exit,9,6
dl_217,10,East_exit,10,7
dl_217,6,East_exit,6,5
dl_217,7,East_exit,7,5
dl_218,5,,,
dl_218,21,West_exit,21,14
dl_218,22,East_exit,22,15
dl_218,23,West_exit,23,15
dl_218,18,West_exit,18,12
dl_218,19,East_exit,19,13
dl_218,17,East_exit,17,12
dl_219,13,,,
dl_219,21,West_exit,21,14
dl_219,22,East_exit,22,15
dl_219,23,West_exit,23,15
dl_219,15,West_exit,15,10
dl_219,16,East_exit,16,11
dl_219,14,East_exit,14,10
dl_219,12,West_exit,12,8
dl_219,13,East_exit,13,9
dl_219,11,East_exit,11,8
dl_219,9,West_exit,9,6
dl_219,10,East_exit,10,7
dl_219,8,East_exit,8,6
dl_219,18,West_exit,18,12
dl_219,19,East_exit,19,13
dl_220,10,,,
dl_220,14,East_exit,14,10
dl_220,12,West_exit,12,8
dl_220,13,East_exit,13,9
dl_220,11,East_exit,11,8
dl_220,21,West_exit,21,14
dl_220,22,East_exit,22,15
dl_220,23,West_exit,23,15
dl_220,18,West_exit,18,12
dl_220,19,East_exit,19,13
dl_220,15,West_exit,15,10
dl_220,16,East_exit,16,11
dl_221,12,,,
dl_221,14,East_exit,14,10
dl_221,12,West_exit,12,8
dl_221,13,East_exit,13,9
dl_221,21,West_exit,21,14
dl_221,22,East_exit,22,15
dl_221,23,West_exit,23,15
dl_221,18,West_exit,18,12
dl_221,19,East_exit,19,13
dl_221,15,West_exit,15,10
dl_221,16,East_exit,16,11
dl_221,9,West_exit,9,6
dl_221,10,East_exit,10,7
dl_221,8,East_exit,8,6
dl_222,7,,,
dl_222,21,West_exit,21,14
dl_222,22,East_exit,22,15
dl_222,23,West_exit,23,15
dl_222,15,West_exit,15,10
dl_222,16,East_exit,16,11
dl_222,14,East_exit,14,10
dl_222,18,West_exit,18,12
dl_222,19,East_exit,19,13
dl_223,3,,,
dl_223,42,West_exit,42,28
dl_223,43,East_exit,43,29
dl_223,44,West_exit,44,29
dl_223,41,East_exit,41,28
dl_224,5,,,
dl_224,6,West_exit,6,4
dl_224,7,East_exit,7,5
dl_224,5,East_exit,5,4
dl_224,9,East_exit,9,7
dl_224,10,West_exit,10,6
dl_224,11,West_exit,11,7
dl_225,6,,,
dl_225,6,West_exit,6,4
dl_225,7,East_exit,7,5
dl_225,9,East_exit,9,7
dl_225,10,West_exit,10,6
dl_225,11,West_exit,11,7
dl_225,3,East_exit,3,3
dl_225,4,East_exit,4,3
dl_226,3,,,
dl_226,33,East_exit,33,23
dl_226,34,West_exit,34,22
dl_226,35,West_exit,35,23
dl_226,32,East_exit,32,22
dl_227,3,,,
dl_227,30,East_exit,30,21
dl_227,31,West_exit,31,20
dl_227,29,East_exit,29,20
dl_227,32,West_exit,32,21
dl_228,3,,,
dl_228,27,East_exit,27,19
dl_228,28,West_exit,28,18
dl_228,26,East_exit,26,18
dl_228,29,West_exit,29,19
dl_229,5,,,
dl_229,21,East_exit,21,15
dl_229,22,West_exit,22,14
dl_229,20,East_exit,20,14
dl_229,24,East_exit,24,17
dl_229,25,West_exit,25,16
dl_229,26,West_exit,26,17
dl_230,5,,,
dl_230,24,East_exit,24,17
dl_230,25,West_exit,25,16
dl_230,23,East_exit,23,16
dl_230,27,East_exit,27,19
dl_230,28,West_exit,28,18
dl_230,29,West_exit,29,19
dl_231,7,,,
dl_231,21,East_exit,21,15
dl_231,22,West_exit,22,14
dl_231,20,East_exit,20,14
dl_231,27,East_exit,27,19
dl_231,28,West_exit,28,18
dl_231,29,West_exit,29,19
dl_231,24,East_exit,24,17
dl_231,25,West_exit,25,16
dl_232,7,,,
dl_232,18,West_exit,18,12
dl_232,19,East_exit,19,13
dl_232,17,East_exit,17,12
dl_232,21,East_exit,21,15
dl_232,22,West_exit,22,14
dl_232,24,East_exit,24,17
dl_232,25,West_exit,25,16
dl_232,26,West_exit,26,17
dl_233,9,,,
dl_233,18,West_exit,18,12
dl_233,19,East_exit,19,13
dl_233,17,East_exit,17,12
dl_233,21,East_exit,21,15
dl_233,22,West_exit,22,14
dl_233,27,East_exit,27,19
dl_233,28,West_exit,28,18
dl_233,29,West_exit,29,19
dl_233,24,East_exit,24,17
dl_233,25,West_exit,25,16
dl_234,5,,,
dl_234,27,East_exit,27,19
dl_234,28,West_exit,28,18
dl_234,26,East_exit,26,18
dl_234,30,East_exit,30,21
dl_234,31,West_exit,31,20
dl_234,32,West_exit,32,21
dl_235,7,,,
dl_235,24,East_exit,24,17
dl_235,25,West_exit,25,16
dl_235,23,East_exit,23,16
dl_235,30,East_exit,30,21
dl_235,31,West_exit,31,20
dl_235,32,West_exit,32,21
dl_235,27,East_exit,27,19
dl_235,28,West_exit,28,18
dl_236,9,,,
dl_236,21,East_exit,21,15
dl_236,22,West_exit,22,14
dl_236,20,East_exit,20,14
dl_236,24,East_exit,24,17
dl_236,25,West_exit,25,16
dl_236,30,East_exit,30,21
dl_236,31,West_exit,31,20
dl_236,32,West_exit,32,21
dl_236,27,East_exit,27,19
dl_236,28,West_exit,28,18
dl_237,11,,,
dl_237,18,West_exit,18,12
dl_237,19,East_exit,19,13
dl_237,17,East_exit,17,12
dl_237,21,East_exit,21,15
dl_237,22,West_exit,22,14
dl_237,24,East_exit,24,17
dl_237,25,West_exit,25,16
dl_237,30,East_exit,30,21
dl_237,31,West_exit,31,20
dl_237,32,West_exit,32,21
dl_237,27,East_exit,27,19
dl_237,28,West_exit,28,18
dl_238,5,,,
dl_238,23,West_exit,23,15
dl_238,24,East_exit,24,17
dl_238,25,West_exit,25,16
dl_238,26,West_exit,26,17
dl_238,21,East_exit,21,15
dl_238,20,East_exit,20,14
dl_239,7,,,
dl_239,23,West_exit,23,15
dl_239,27,East_exit,27,19
dl_239,28,West_exit,28,18
dl_239,29,West_exit,29,19
dl_239,21,East_exit,21,15
dl_239,20,East_exit,20,14
dl_239,24,East_exit,24,17
dl_239,25,West_exit,25,16
dl_240,7,,,
dl_240,23,West_exit,23,15
dl_240,24,East_exit,24,17
dl_240,25,West_exit,25,16
dl_240,26,West_exit,26,17
dl_240,21,East_exit,21,15
dl_240,18,West_exit,18,12
dl_240,19,East_exit,19,13
dl_240,17,East_exit,17,12
dl_241,9,,,
dl_241,23,West_exit,23,15
dl_241,27,East_exit,27,19
dl_241,28,West_exit,28,18
dl_241,29,West_exit,29,19
dl_241,21,East_exit,21,15
dl_241,24,East_exit,24,17
dl_241,25,West_exit,25,16
dl_241,18,West_exit,18,12
dl_241,19,East_exit,19,13
dl_241,17,East_exit,17,12
dl_242,9,,,
dl_242,23,West_exit,23,15
dl_242,24,East_exit,24,17
dl_242,25,West_exit,25,16
dl_242,21,East_exit,21,15
dl_242,20,East_exit,20,14
dl_242,30,East_exit,30,21
dl_242,31,West_exit,31,20
dl_242,32,West_exit,32,21
dl_242,27,East_exit,27,19
dl_242,28,West_exit,28,18
dl_243,11,,,
dl_243,23,West_exit,23,15
dl_243,24,East_exit,24,17
dl_243,25,West_exit,25,16
dl_243,21,East_exit,21,15
dl_243,18,West_exit,18,12
dl_243,19,East_exit,19,13
dl_243,17,East_exit,17,12
dl_243,30,East_exit,30,21
dl_243,31,West_exit,31,20
dl_243,32,West_exit,32,21
dl_243,27,East_exit,27,19
dl_243,28,West_exit,28,18
dl_244,5,,,
dl_244,24,East_exit,24,17
dl_244,26,West_exit,26,17
dl_244,23,East_exit,23,16
dl_244,27,East_exit,27,19
dl_244,28,West_exit,28,18
dl_244,29,West_exit,29,19
dl_245,7,,,
dl_245,21,East_exit,21,15
dl_245,22,West_exit,22,14
dl_245,20,East_exit,20,14
dl_245,24,East_exit,24,17
dl_245,26,West_exit,26,17
dl_245,27,East_exit,27,19
dl_245,28,West_exit,28,18
dl_245,29,West_exit,29,19
dl_246,9,,,
dl_246,18,West_exit,18,12
dl_246,19,East_exit,19,13
dl_246,17,East_exit,17,12
dl_246,24,East_exit,24,17
dl_246,26,West_exit,26,17
dl_246,27,East_exit,27,19
dl_246,28,West_exit,28,18
dl_246,29,West_exit,29,19
dl_246,21,East_exit,21,15
dl_246,22,West_exit,22,14
dl_247,7,,,
dl_247,26,West_exit,26,17
dl_247,30,East_exit,30,21
dl_247,31,West_exit,31,20
dl_247,32,West_exit,32,21
dl_247,24,East_exit,24,17
dl_247,23,East_exit,23,16
dl_247,27,East_exit,27,19
dl_247,28,West_exit,28,18
dl_248,9,,,
dl_248,26,West_exit,26,17
dl_248,30,East_exit,30,21
dl_248,31,West_exit,31,20
dl_248,32,West_exit,32,21
dl_248,21,East_exit,21,15
dl_248,22,West_exit,22,14
dl_248,20,East_exit,20,14
dl_248,24,East_exit,24,17
dl_248,27,East_exit,27,19
dl_248,28,West_exit,28,18
dl_249,11,,,
dl_249,18,West_exit,18,12
dl_249,19,East_exit,19,13
dl_249,17,East_exit,17,12
dl_249,26,West_exit,26,17
dl_249,30,East_exit,30,21
dl_249,31,West_exit,31,20
dl_249,32,West_exit,32,21
dl_249,24,East_exit,24,17
dl_249,27,East_exit,27,19
dl_249,28,West_exit,28,18
dl_249,21,East_exit,21,15
dl_249,22,West_exit,22,14
dl_250,7,,,
dl_250,21,East_exit,21,15
dl_250,23,West_exit,23,15
dl_250,20,East_exit,20,14
dl_250,24,East_exit,24,17
dl_250,26,West_exit,26,17
dl_250,27,East_exit,27,19
dl_250,28,West_exit,28,18
dl_250,29,West_exit,29,19
dl_251,9,,,
dl_251,21,East_exit,21,15
dl_251,23,West_exit,23,15
dl_251,24,East_exit,24,17
dl_251,26,West_exit,26,17
dl_251,27,East_exit,27,19
dl_251,28,West_exit,28,18
dl_251,29,West_exit,29,19
dl_251,18,West_exit,18,12
dl_251,19,East_exit,19,13
dl_251,17,East_exit,17,12
dl_252,9,,,
dl_252,26,West_exit,26,17
dl_252,30,East_exit,30,21
dl_252,31,West_exit,31,20
dl_252,32,West_exit,32,21
dl_252,21,East_exit,21,15
dl_252,23,West_exit,23,15
dl_252,24,East_exit,24,17
dl_252,20,East_exit,20,14
dl_252,27,East_exit,27,19
dl_252,28,West_exit,28,18
dl_253,11,,,
dl_253,26,West_exit,26,17
dl_253,30,East_exit,30,21
dl_253,31,West_exit,31,20
dl_253,32,West_exit,32,21
dl_253,24,East_exit,24,17
dl_253,23,West_exit,23,15
dl_253,21,East_exit,21,15
dl_253,18,West_exit,18,12
dl_253,19,East_exit,19,13
dl_253,17,East_exit,17,12
dl_253,27,East_exit,27,19
dl_253,28,West_exit,28,18
dl_254,5,,,
dl_254,20,West_exit,20,13
dl_254,19,East_exit,19,13
dl_254,17,East_exit,17,12
dl_254,21,East_exit,21,15
dl_254,22,West_exit,22,14
dl_254,23,West_exit,23,15
dl_255,7,,,
dl_255,20,West_exit,20,13
dl_255,19,East_exit,19,13
dl_255,17,East_exit,17,12
dl_255,21,East_exit,21,15
dl_255,22,West_exit,22,14
dl_255,24,East_exit,24,17
dl_255,25,West_exit,25,16
dl_255,26,West_exit,26,17
dl_256,9,,,
dl_256,20,West_exit,20,13
dl_256,19,East_exit,19,13
dl_256,17,East_exit,17,12
dl_256,21,East_exit,21,15
dl_256,22,West_exit,22,14
dl_256,27,East_exit,27,19
dl_256,28,West_exit,28,18
dl_256,29,West_exit,29,19
dl_256,24,East_exit,24,17
dl_256,25,West_exit,25,16
dl_257,11,,,
dl_257,20,West_exit,20,13
dl_257,19,East_exit,19,13
dl_257,17,East_exit,17,12
dl_257,21,East_exit,21,15
dl_257,22,West_exit,22,14
dl_257,24,East_exit,24,17
dl_257,25,West_exit,25,16
dl_257,30,East_exit,30,21
dl_257,31,West_exit,31,20
dl_257,32,West_exit,32,21
dl_257,27,East_exit,27,19
dl_257,28,West_exit,28,18
dl_258,7,,,
dl_258,23,West_exit,23,15
dl_258,24,East_exit,24,17
dl_258,25,West_exit,25,16
dl_258,26,West_exit,26,17
dl_258,20,West_exit,20,13
dl_258,19,East_exit,19,13
dl_258,17,East_exit,17,12
dl_258,21,East_exit,21,15
dl_259,9,,,
dl_259,23,West_exit,23,15
dl_259,27,East_exit,27,19
dl_259,28,West_exit,28,18
dl_259,29,West_exit,29,19
dl_259,20,West_exit,20,13
dl_259,19,East_exit,19,13
dl_259,17,East_exit,17,12
dl_259,21,East_exit,21,15
dl_259,24,East_exit,24,17
dl_259,25,West_exit,25,16
dl_260,11,,,
dl_260,23,West_exit,23,15
dl_260,24,East_exit,24,17
dl_260,25,West_exit,25,16
dl_260,20,West_exit,20,13
dl_260,19,East_exit,19,13
dl_260,17,East_exit,17,12
dl_260,21,East_exit,21,15
dl_260,30,East_exit,30,21
dl_260,31,West_exit,31,20
dl_260,32,West_exit,32,21
dl_260,27,East_exit,27,19
dl_260,28,West_exit,28,18
dl_261,9,,,
dl_261,20,West_exit,20,13
dl_261,24,East_exit,24,17
dl_261,26,West_exit,26,17
dl_261,27,East_exit,27,19
dl_261,28,West_exit,28,18
dl_261,29,West_exit,29,19
dl_261,19,East_exit,19,13
dl_261,17,East_exit,17,12
dl_261,21,East_exit,21,15
dl_261,22,West_exit,22,14
dl_262,11,,,
dl_262,20,West_exit,20,13
dl_262,26,West_exit,26,17
dl_262,30,East_exit,30,21
dl_262,31,West_exit,31,20
dl_262,32,West_exit,32,21
dl_262,24,East_exit,24,17
dl_262,27,East_exit,27,19
dl_262,28,West_exit,28,18
dl_262,19,East_exit,19,13
dl_262,17,East_exit,17,12
dl_262,21,East_exit,21,15
dl_262,22,West_exit,22,14
dl_263,9,,,
dl_263,20,West_exit,20,13
dl_263,19,East_exit,19,13
dl_263,17,East_exit,17,12
dl_263,21,East_exit,21,15
dl_263,23,West_exit,23,15
dl_263,24,East_exit,24,17
dl_263,26,West_exit,26,17
dl_263,27,East_exit,27,19
dl_263,28,West_exit,28,18
dl_263,29,West_exit,29,19
dl_264,11,,,
dl_264,26,West_exit,26,17
dl_264,30,East_exit,30,21
dl_264,31,West_exit,31,20
dl_264,32,West_exit,32,21
dl_264,23,West_exit,23,15
dl_264,21,East_exit,21,15
dl_264,20,West_exit,20,13
dl_264,24,East_exit,24,17
dl_264,27,East_exit,27,19
dl_264,28,West_exit,28,18
dl_264,19,East_exit,19,13
dl_264,17,East_exit,17,12
dl_265,5,,,
dl_265,30,East_exit,30,21
dl_265,31,West_exit,31,20
dl_265,29,East_exit,29,20
dl_265,33,East_exit,33,23
dl_265,34,West_exit,34,22
dl_265,35,West_exit,35,23
dl_266,7,,,
dl_266,27,East_exit,27,19
dl_266,28,West_exit,28,18
dl_266,26,East_exit,26,18
dl_266,33,East_exit,33,23
dl_266,34,West_exit,34,22
dl_266,35,West_exit,35,23
dl_266,30,East_exit,30,21
dl_266,31,West_exit,31,20
dl_267,9,,,
dl_267,24,East_exit,24,17
dl_267,25,West_exit,25,16
dl_267,23,East_exit,23,16
dl_267,27,East_exit,27,19
dl_267,28,West_exit,28,18
dl_267,33,East_exit,33,23
dl_267,34,West_exit,34,22
dl_267,35,West_exit,35,23
dl_267,30,East_exit,30,21
dl_267,31,West_exit,31,20
dl_268,11,,,
dl_268,21,East_exit,21,15
dl_268,22,West_exit,22,14
dl_268,20,East_exit,20,14
dl_268,24,East_exit,24,17
dl_268,25,West_exit,25,16
dl_268,27,East_exit,27,19
dl_268,28,West_exit,28,18
dl_268,33,East_exit,33,23
dl_268,34,West_exit,34,22
dl_268,35,West_exit,35,23
dl_268,30,East_exit,30,21
dl_268,31,West_exit,31,20
dl_269,13,,,
dl_269,18,West_exit,18,12
dl_269,19,East_exit,19,13
dl_269,17,East_exit,17,12
dl_269,21,East_exit,21,15
dl_269,22,West_exit,22,14
dl_269,24,East_exit,24,17
dl_269,25,West_exit,25,16
dl_269,27,East_exit,27,19
dl_269,28,West_exit,28,18
dl_269,33,East_exit,33,23
dl_269,34,West_exit,34,22
dl_269,35,West_exit,35,23
dl_269,30,East_exit,30,21
dl_269,31,West_exit,31,20
dl_270,11,,,
dl_270,23,West_exit,23,15
dl_270,24,East_exit,24,17
dl_270,25,West_exit,25,16
dl_270,21,East_exit,21,15
dl_270,20,East_exit,20,14
dl_270,27,East_exit,27,19
dl_270,28,West_exit,28,18
dl_270,33,East_exit,33,23
dl_270,34,West_exit,34,22
dl_270,35,West_exit,35,23
dl_270,30,East_exit,30,21
dl_270,31,West_exit,31,20
dl_271,13,,,
dl_271,23,West_exit,23,15
dl_271,24,East_exit,24,17
dl_271,25,West_exit,25,16
dl_271,21,East_exit,21,15
dl_271,18,West_exit,18,12
dl_271,19,East_exit,19,13
dl_271,17,East_exit,17,12
dl_271,27,East_exit,27,19
dl_271,28,West_exit,28,18
dl_271,33,East_exit,33,23
dl_271,34,West_exit,34,22
dl_271,35,West_exit,35,23
dl_271,30,East_exit,30,21
dl_271,31,West_exit,31,20
dl_272,9,,,
dl_272,26,West_exit,26,17
dl_272,24,East_exit,24,17
dl_272,23,East_exit,23,16
dl_272,27,East_exit,27,19
dl_272,28,West_exit,28,18
dl_272,33,East_exit,33,23
dl_272,34,West_exit,34,22
dl_272,35,West_exit,35,23
dl_272,30,East_exit,30,21
dl_272,31,West_exit,31,20
dl_273,11,,,
dl_273,26,West_exit,26,17
dl_273,21,East_exit,21,15
dl_273,22,West_exit,22,14
dl_273,20,East_exit,20,14
dl_273,24,East_exit,24,17
dl_273,27,East_exit,27,19
dl_273,28,West_exit,28,18
dl_273,33,East_exit,33,23
dl_273,34,West_exit,34,22
dl_273,35,West_exit,35,23
dl_273,30,East_exit,30,21
dl_273,31,West_exit,31,20
dl_274,13,,,
dl_274,18,West_exit,18,12
dl_274,19,East_exit,19,13
dl_274,17,East_exit,17,12
dl_274,26,West_exit,26,17
dl_274,24,East_exit,24,17
dl_274,27,East_exit,27,19
dl_274,28,West_exit,28,18
dl_274,21,East_exit,21,15
dl_274,22,West_exit,22,14
dl_274,33,East_exit,33,23
dl_274,34,West_exit,34,22
dl_274,35,West_exit,35,23
dl_274,30,East_exit,30,21
dl_274,31,West_exit,31,20
dl_275,11,,,
dl_275,26,West_exit,26,17
dl_275,21,East_exit,21,15
dl_275,23,West_exit,23,15
dl_275,20,East_exit,20,14
dl_275,24,East_exit,24,17
dl_275,27,East_exit,27,19
dl_275,28,West_exit,28,18
dl_275,33,East_exit,33,23
dl_275,34,West_exit,34,22
dl_275,35,West_exit,35,23
dl_275,30,East_exit,30,21
dl_275,31,West_exit,31,20
dl_276,13,,,
dl_276,26,West_exit,26,17
dl_276,21,East_exit,21,15
dl_276,23,West_exit,23,15
dl_276,24,East_exit,24,17
dl_276,27,East_exit,27,19
dl_276,28,West_exit,28,18
dl_276,18,West_exit,18,12
dl_276,19,East_exit,19,13
dl_276,17,East_exit,17,12
dl_276,33,East_exit,33,23
dl_276,34,West_exit,34,22
dl_276,35,West_exit,35,23
dl_276,30,East_exit,30,21
dl_276,31,West_exit,31,20
dl_277,13,,,
dl_277,20,West_exit,20,13
dl_277,19,East_exit,19,13
dl_277,17,East_exit,17,12
dl_277,21,East_exit,21,15
dl_277,22,West_exit,22,14
dl_277,24,East_exit,24,17
dl_277,25,West_exit,25,16
dl_277,27,East_exit,27,19
dl_277,28,West_exit,28,18
dl_277,33,East_exit,33,23
dl_277,34,West_exit,34,22
dl_277,35,West_exit,35,23
dl_277,30,East_exit,30,21
dl_277,31,West_exit,31,20
dl_278,13,,,
dl_278,23,West_exit,23,15
dl_278,24,East_exit,24,17
dl_278,25,West_exit,25,16
dl_278,20,West_exit,20,13
dl_278,19,East_exit,19,13
dl_278,17,East_exit,17,12
dl_278,21,East_exit,21,15
dl_278,27,East_exit,27,19
dl_278,28,West_exit,28,18
dl_278,33,East_exit,33,23
dl_278,34,West_exit,34,22
dl_278,35,West_exit,35,23
dl_278,30,East_exit,30,21
dl_278,31,West_exit,31,20
dl_279,13,,,
dl_279,20,West_exit,20,13
dl_279,26,West_exit,26,17
dl_279,24,East_exit,24,17
dl_279,27,East_exit,27,19
dl_279,28,West_exit,28,18
dl_279,19,East_exit,19,13
dl_279,17,East_exit,17,12
dl_279,21,East_exit,21,15
dl_279,22,West_exit,22,14
dl_279,33,East_exit,33,23
dl_279,34,West_exit,34,22
dl_279,35,West_exit,35,23
dl_279,30,East_exit,30,21
dl_279,31,West_exit,31,20
dl_280,13,,,
dl_280,26,West_exit,26,17
dl_280,20,West_exit,20,13
dl_280,19,East_exit,19,13
dl_280,17,East_exit,17,12
dl_280,21,East_exit,21,15
dl_280,23,West_exit,23,15
dl_280,24,East_exit,24,17
dl_280,27,East_exit,27,19
dl_280,28,West_exit,28,18
dl_280,33,East_exit,33,23
dl_280,34,West_exit,34,22
dl_280,35,West_exit,35,23
dl_280,30,East_exit,30,21
dl_280,31,West_exit,31,20
dl_281,4,,,
dl_281,33,East_exit,33,23
dl_281,34,West_exit,34,22
dl_281,32,East_exit,32,22
dl_281,36,West_exit,36,24
dl_281,37,West_exit,37,24
dl_282,6,,,
dl_282,30,East_exit,30,21
dl_282,31,West_exit,31,20
dl_282,29,East_exit,29,20
dl_282,33,East_exit,33,23
dl_282,34,West_exit,34,22
dl_282,36,West_exit,36,24
dl_282,37,West_exit,37,24
dl_283,8,,,
dl_283,27,East_exit,27,19
dl_283,28,West_exit,28,18
dl_283,26,East_exit,26,18
dl_283,33,East_exit,33,23
dl_283,34,West_exit,34,22
dl_283,30,East_exit,30,21
dl_283,31,West_exit,31,20
dl_283,36,West_exit,36,24
dl_283,37,West_exit,37,24
dl_284,10,,,
dl_284,24,East_exit,24,17
dl_284,25,West_exit,25,16
dl_284,23,East_exit,23,16
dl_284,27,East_exit,27,19
dl_284,28,West_exit,28,18
dl_284,33,East_exit,33,23
dl_284,34,West_exit,34,22
dl_284,30,East_exit,30,21
dl_284,31,West_exit,31,20
dl_284,36,West_exit,36,24
dl_284,37,West_exit,37,24
dl_285,12,,,
dl_285,21,East_exit,21,15
dl_285,22,West_exit,22,14
dl_285,20,East_exit,20,14
dl_285,24,East_exit,24,17
dl_285,25,West_exit,25,16
dl_285,27,East_exit,27,19
dl_285,28,West_exit,28,18
dl_285,33,East_exit,33,23
dl_285,34,West_exit,34,22
dl_285,30,East_exit,30,21
dl_285,31,West_exit,31,20
dl_285,36,West_exit,36,24
dl_285,37,West_exit,37,24
dl_286,14,,,
dl_286,18,West_exit,18,12
dl_286,19,East_exit,19,13
dl_286,17,East_exit,17,12
dl_286,21,East_exit,21,15
dl_286,22,West_exit,22,14
dl_286,24,East_exit,24,17
dl_286,25,West_exit,25,16
dl_286,27,East_exit,27,19
dl_286,28,West_exit,28,18
dl_286,33,East_exit,33,23
dl_286,34,West_exit,34,22
dl_286,30,East_exit,30,21
dl_286,31,West_exit,31,20
dl_286,36,West_exit,36,24
dl_286,37,West_exit,37,24
dl_287,12,,,
dl_287,23,West_exit,23,15
dl_287,24,East_exit,24,17
dl_287,25,West_exit,25,16
dl_287,21,East_exit,21,15
dl_287,20,East_exit,20,14
dl_287,27,East_exit,27,19
dl_287,28,West_exit,28,18
dl_287,33,East_exit,33,23
dl_287,34,West_exit,34,22
dl_287,30,East_exit,30,21
dl_287,31,West_exit,31,20
dl_287,36,West_exit,36,24
dl_287,37,West_exit,37,24
dl_288,14,,,
dl_288,23,West_exit,23,15
dl_288,24,East_exit,24,17
dl_288,25,West_exit,25,16
dl_288,21,East_exit,21,15
dl_288,18,West_exit,18,12
dl_288,19,East_exit,19,13
dl_288,17,East_exit,17,12
dl_288,27,East_exit,27,19
dl_288,28,West_exit,28,18
dl_288,33,East_exit,33,23
dl_288,34,West_exit,34,22
dl_288,30,East_exit,30,21
dl_288,31,West_exit,31,20
dl_288,36,West_exit,36,24
dl_288,37,West_exit,37,24
dl_289,10,,,
dl_289,26,West_exit,26,17
dl_289,24,East_exit,24,17
dl_289,23,East_exit,23,16
dl_289,27,East_exit,27,19
dl_289,28,West_exit,28,18
dl_289,33,East_exit,33,23
dl_289,34,West_exit,34,22
dl_289,30,East_exit,30,21
dl_289,31,West_exit,31,20
dl_289,36,West_exit,36,24
dl_289,37,West_exit,37,24
dl_290,12,,,
dl_290,26,West_exit,26,17
dl_290,21,East_exit,21,15
dl_290,22,West_exit,22,14
dl_290,20,East_exit,20,14
dl_290,24,East_exit,24,17
dl_290,27,East_exit,27,19
dl_290,28,West_exit,28,18
dl_290,33,East_exit,33,23
dl_290,34,West_exit,34,22
dl_290,30,East_exit,30,21
dl_290,31,West_exit,31,20
dl_290,36,West_exit,36,24
dl_290,37,West_exit,37,24
dl_291,14,,,
dl_291,18,West_exit,18,12
dl_291,19,East_exit,19,13
dl_291,17,East_exit,17,12
dl_291,26,West_exit,26,17
dl_291,24,East_exit,24,17
dl_291,27,East_exit,27,19
dl_291,28,West_exit,28,18
dl_291,21,East_exit,21,15
dl_291,22,West_exit,22,14
dl_291,33,East_exit,33,23
dl_291,34,West_exit,34,22
dl_291,30,East_exit,30,21
dl_291,31,West_exit,31,20
dl_291,36,West_exit,36,24
dl_291,37,West_exit,37,24
dl_292,12,,,
dl_292,26,West_exit,26,17
dl_292,21,East_exit,21,15
dl_292,23,West_exit,23,15
dl_292,20,East_exit,20,14
dl_292,24,East_exit,24,17
dl_292,27,East_exit,27,19
dl_292,28,West_exit,28,18
dl_292,33,East_exit,33,23
dl_292,34,West_exit,34,22
dl_292,30,East_exit,30,21
dl_292,31,West_exit,31,20
dl_292,36,West_exit,36,24
dl_292,37,West_exit,37,24
dl_293,14,,,
dl_293,26,West_exit,26,17
dl_293,21,East_exit,21,15
dl_293,23,West_exit,23,15
dl_293,24,East_exit,24,17
dl_293,27,East_exit,27,19
dl_293,28,West_exit,28,18
dl_293,18,West_exit,18,12
dl_293,19,East_exit,19,13
dl_293,17,East_exit,17,12
dl_293,33,East_exit,33,23
dl_293,34,West_exit,34,22
dl_293,30,East_exit,30,21
dl_293,31,West_exit,31,20
dl_293,36,West_exit,36,24
dl_293,37,West_exit,37,24
dl_294,14,,,
dl_294,20,West_exit,20,13
dl_294,19,East_exit,19,13
dl_294,17,East_exit,17,12
dl_294,21,East_exit,21,15
dl_294,22,West_exit,22,14
dl_294,24,East_exit,24,17
dl_294,25,West_exit,25,16
dl_294,27,East_exit,27,19
dl_294,28,West_exit,28,18
dl_294,33,East_exit,33,23
dl_294,34,West_exit,34,22
dl_294,30,East_exit,30,21
dl_294,31,West_exit,31,20
dl_294,36,West_exit,36,24
dl_294,37,West_exit,37,24
dl_295,14,,,
dl_295,23,West_exit,23,15
dl_295,24,East_exit,24,17
dl_295,25,West_exit,25,16
dl_295,20,West_exit,20,13
dl_295,19,East_exit,19,13
dl_295,17,East_exit,17,12
dl_295,21,East_exit,21,15
dl_295,27,East_exit,27,19
dl_295,28,West_exit,28,18
dl_295,33,East_exit,33,23
dl_295,34,West_exit,34,22
dl_295,30,East_exit,30,21
dl_295,31,West_exit,31,20
dl_295,36,West_exit,36,24
dl_295,37,West_exit,37,24
dl_296,14,,,
dl_296,20,West_exit,20,13
dl_296,26,West_exit,26,17
dl_296,24,East_exit,24,17
dl_296,27,East_exit,27,19
dl_296,28,West_exit,28,18
dl_296,19,East_exit,19,13
dl_296,17,East_exit,17,12
dl_296,21,East_exit,21,15
dl_296,22,West_exit,22,14
dl_296,33,East_exit,33,23
dl_296,34,West_exit,34,22
dl_296,30,East_exit,30,21
dl_296,31,West_exit,31,20
dl_296,36,West_exit,36,24
dl_296,37,West_exit,37,24
dl_297,14,,,
dl_297,26,West_exit,26,17
dl_297,20,West_exit,20,13
dl_297,19,East_exit,19,13
dl_297,17,East_exit,17,12
dl_297,21,East_exit,21,15
dl_297,23,West_exit,23,15
dl_297,24,East_exit,24,17
dl_297,27,East_exit,27,19
dl_297,28,West_exit,28,18
dl_297,33,East_exit,33,23
dl_297,34,West_exit,34,22
dl_297,30,East_exit,30,21
dl_297,31,West_exit,31,20
dl_297,36,West_exit,36,24
dl_297,37,West_exit,37,24
dl_298,5,,,
dl_298,27,East_exit,27,19
dl_298,29,West_exit,29,19
dl_298,26,East_exit,26,18
dl_298,30,East_exit,30,21
dl_298,31,West_exit,31,20
dl_298,32,West_exit,32,21
dl_299,7,,,
dl_299,24,East_exit,24,17
dl_299,25,West_exit,25,16
dl_299,23,East_exit,23,16
dl_299,27,East_exit,27,19
dl_299,29,West_exit,29,19
dl_299,30,East_exit,30,21
dl_299,31,West_exit,31,20
dl_299,32,West_exit,32,21
dl_300,9,,,
dl_300,21,East_exit,21,15
dl_300,22,West_exit,22,14
dl_300,20,East_exit,20,14
dl_300,27,East_exit,27,19
dl_300,29,West_exit,29,19
dl_300,30,East_exit,30,21
dl_300,31,West_exit,31,20
dl_300,32,West_exit,32,21
dl_300,24,East_exit,24,17
dl_300,25,West_exit,25,16
dl_301,11,,,
dl_301,18,West_exit,18,12
dl_301,19,East_exit,19,13
dl_301,17,East_exit,17,12
dl_301,21,East_exit,21,15
dl_301,22,West_exit,22,14
dl_301,27,East_exit,27,19
dl_301,29,West_exit,29,19
dl_301,30,East_exit,30,21
dl_301,31,West_exit,31,20
dl_301,32,West_exit,32,21
dl_301,24,East_exit,24,17
dl_301,25,West_exit,25,16
dl_302,9,,,
dl_302,23,West_exit,23,15
dl_302,27,East_exit,27,19
dl_302,29,West_exit,29,19
dl_302,30,East_exit,30,21
dl_302,31,West_exit,31,20
dl_302,32,West_exit,32,21
dl_302,21,East_exit,21,15
dl_302,20,East_exit,20,14
dl_302,24,East_exit,24,17
dl_302,25,West_exit,25,16
dl_303,11,,,
dl_303,23,West_exit,23,15
dl_303,27,East_exit,27,19
dl_303,29,West_exit,29,19
dl_303,30,East_exit,30,21
dl_303,31,West_exit,31,20
dl_303,32,West_exit,32,21
dl_303,21,East_exit,21,15
dl_303,24,East_exit,24,17
dl_303,25,West_exit,25,16
dl_303,18,West_exit,18,12
dl_303,19,East_exit,19,13
dl_303,17,East_exit,17,12
dl_304,7,,,
dl_304,24,East_exit,24,17
dl_304,26,West_exit,26,17
dl_304,23,East_exit,23,16
dl_304,27,East_exit,27,19
dl_304,29,West_exit,29,19
dl_304,30,East_exit,30,21
dl_304,31,West_exit,31,20
dl_304,32,West_exit,32,21
dl_305,9,,,
dl_305,21,East_exit,21,15
dl_305,22,West_exit,22,14
dl_305,20,East_exit,20,14
dl_305,24,East_exit,24,17
dl_305,26,West_exit,26,17
dl_305,27,East_exit,27,19
dl_305,29,West_exit,29,19
dl_305,30,East_exit,30,21
dl_305,31,West_exit,31,20
dl_305,32,West_exit,32,21
dl_306,11,,,
dl_306,18,West_exit,18,12
dl_306,19,East_exit,19,13
dl_306,17,East_exit,17,12
dl_306,24,East_exit,24,17
dl_306,21,East_exit,21,15
dl_306,22,West_exit,22,14
dl_306,27,East_exit,27,19
dl_306,29,West_exit,29,19
dl_306,30,East_exit,30,21
dl_306,31,West_exit,31,20
dl_306,32,West_exit,32,21
dl_306,26,West_exit,26,17
dl_307,9,,,
dl_307,21,East_exit,21,15
dl_307,23,West_exit,23,15
dl_307,20,East_exit,20,14
dl_307,24,East_exit,24,17
dl_307,26,West_exit,26,17
dl_307,27,East_exit,27,19
dl_307,29,West_exit,29,19
dl_307,30,East_exit,30,21
dl_307,31,West_exit,31,20
dl_307,32,West_exit,32,21
dl_308,11,,,
dl_308,21,East_exit,21,15
dl_308,23,West_exit,23,15
dl_308,24,East_exit,24,17
dl_308,26,West_exit,26,17
dl_308,27,East_exit,27,19
dl_308,29,West_exit,29,19
dl_308,30,East_exit,30,21
dl_308,31,West_exit,31,20
dl_308,32,West_exit,32,21
dl_308,18,West_exit,18,12
dl_308,19,East_exit,19,13
dl_308,17,East_exit,17,12
dl_309,11,,,
dl_309,20,West_exit,20,13
dl_309,19,East_exit,19,13
dl_309,17,East_exit,17,12
dl_309,21,East_exit,21,15
dl_309,22,West_exit,22,14
dl_309,27,East_exit,27,19
dl_309,29,West_exit,29,19
dl_309,30,East_exit,30,21
dl_309,31,West_exit,31,20
dl_309,32,West_exit,32,21
dl_309,24,East_exit,24,17
dl_309,25,West_exit,25,16
dl_310,11,,,
dl_310,23,West_exit,23,15
dl_310,27,East_exit,27,19
dl_310,29,West_exit,29,19
dl_310,30,East_exit,30,21
dl_310,31,West_exit,31,20
dl_310,32,West_exit,32,21
dl_310,20,West_exit,20,13
dl_310,19,East_exit,19,13
dl_310,17,East_exit,17,12
dl_310,21,East_exit,21,15
dl_310,24,East_exit,24,17
dl_310,25,West_exit,25,16
dl_311,11,,,
dl_311,20,West_exit,20,13
dl_311,24,East_exit,24,17
dl_311,26,West_exit,26,17
dl_311,27,East_exit,27,19
dl_311,29,West_exit,29,19
dl_311,30,East_exit,30,21
dl_311,31,West_exit,31,20
dl_311,32,West_exit,32,21
dl_311,19,East_exit,19,13
dl_311,17,East_exit,17,12
dl_311,21,East_exit,21,15
dl_311,22,West_exit,22,14
dl_312,11,,,
dl_312,20,West_exit,20,13
dl_312,19,East_exit,19,13
dl_312,17,East_exit,17,12
dl_312,21,East_exit,21,15
dl_312,23,West_exit,23,15
dl_312,24,East_exit,24,17
dl_312,26,West_exit,26,17
dl_312,27,East_exit,27,19
dl_312,29,West_exit,29,19
dl_312,30,East_exit,30,21
dl_312,31,West_exit,31,20
dl_312,32,West_exit,32,21
dl_313,9,,,
dl_313,29,West_exit,29,19
dl_313,35,West_exit,35,23
dl_313,33,East_exit,33,23
dl_313,34,West_exit,34,22
dl_313,36,West_exit,36,24
dl_313,37,West_exit,37,24
dl_313,27,East_exit,27,19
dl_313,26,East_exit,26,18
dl_313,30,East_exit,30,21
dl_313,31,West_exit,31,20
dl_314,7,,,
dl_314,29,West_exit,29,19
dl_314,33,East_exit,33,23
dl_314,34,West_exit,34,22
dl_314,35,West_exit,35,23
dl_314,27,East_exit,27,19
dl_314,26,East_exit,26,18
dl_314,30,East_exit,30,21
dl_314,31,West_exit,31,20
dl_315,11,,,
dl_315,29,West_exit,29,19
dl_315,35,West_exit,35,23
dl_315,33,East_exit,33,23
dl_315,34,West_exit,34,22
dl_315,36,West_exit,36,24
dl_315,37,West_exit,37,24
dl_315,24,East_exit,24,17
dl_315,25,West_exit,25,16
dl_315,23,East_exit,23,16
dl_315,27,East_exit,27,19
dl_315,30,East_exit,30,21
dl_315,31,West_exit,31,20
dl_316,9,,,
dl_316,29,West_exit,29,19
dl_316,33,East_exit,33,23
dl_316,34,West_exit,34,22
dl_316,35,West_exit,35,23
dl_316,24,East_exit,24,17
dl_316,25,West_exit,25,16
dl_316,23,East_exit,23,16
dl_316,27,East_exit,27,19
dl_316,30,East_exit,30,21
dl_316,31,West_exit,31,20
dl_317,13,,,
dl_317,21,East_exit,21,15
dl_317,22,West_exit,22,14
dl_317,20,East_exit,20,14
dl_317,29,West_exit,29,19
dl_317,33,East_exit,33,23
dl_317,34,West_exit,34,22
dl_317,35,West_exit,35,23
dl_317,36,West_exit,36,24
dl_317,37,West_exit,37,24
dl_317,27,East_exit,27,19
dl_317,30,East_exit,30,21
dl_317,31,West_exit,31,20
dl_317,24,East_exit,24,17
dl_317,25,West_exit,25,16
dl_318,11,,,
dl_318,21,East_exit,21,15
dl_318,22,West_exit,22,14
dl_318,20,East_exit,20,14
dl_318,29,West_exit,29,19
dl_318,33,East_exit,33,23
dl_318,34,West_exit,34,22
dl_318,35,West_exit,35,23
dl_318,27,East_exit,27,19
dl_318,30,East_exit,30,21
dl_318,31,West_exit,31,20
dl_318,24,East_exit,24,17
dl_318,25,West_exit,25,16
dl_319,15,,,
dl_319,18,West_exit,18,12
dl_319,19,East_exit,19,13
dl_319,17,East_exit,17,12
dl_319,21,East_exit,21,15
dl_319,22,West_exit,22,14
dl_319,29,West_exit,29,19
dl_319,33,East_exit,33,23
dl_319,34,West_exit,34,22
dl_319,35,West_exit,35,23
dl_319,36,West_exit,36,24
dl_319,37,West_exit,37,24
dl_319,27,East_exit,27,19
dl_319,30,East_exit,30,21
dl_319,31,West_exit,31,20
dl_319,24,East_exit,24,17
dl_319,25,West_exit,25,16
dl_320,13,,,
dl_320,18,West_exit,18,12
dl_320,19,East_exit,19,13
dl_320,17,East_exit,17,12
dl_320,21,East_exit,21,15
dl_320,22,West_exit,22,14
dl_320,29,West_exit,29,19
dl_320,33,East_exit,33,23
dl_320,34,West_exit,34,22
dl_320,35,West_exit,35,23
dl_320,27,East_exit,27,19
dl_320,30,East_exit,30,21
dl_320,31,West_exit,31,20
dl_320,24,East_exit,24,17
dl_320,25,West_exit,25,16
dl_321,13,,,
dl_321,23,West_exit,23,15
dl_321,29,West_exit,29,19
dl_321,33,East_exit,33,23
dl_321,34,West_exit,34,22
dl_321,35,West_exit,35,23
dl_321,36,West_exit,36,24
dl_321,37,West_exit,37,24
dl_321,27,East_exit,27,19
dl_321,30,East_exit,30,21
dl_321,31,West_exit,31,20
dl_321,24,East_exit,24,17
dl_321,25,West_exit,25,16
dl_321,21,East_exit,21,15
dl_321,20,East_exit,20,14
dl_322,11,,,
dl_322,23,West_exit,23,15
dl_322,29,West_exit,29,19
dl_322,33,East_exit,33,23
dl_322,34,West_exit,34,22
dl_322,35,West_exit,35,23
dl_322,27,East_exit,27,19
dl_322,30,East_exit,30,21
dl_322,31,West_exit,31,20
dl_322,24,East_exit,24,17
dl_322,25,West_exit,25,16
dl_322,21,East_exit,21,15
dl_322,20,East_exit,20,14
dl_323,15,,,
dl_323,23,West_exit,23,15
dl_323,29,West_exit,29,19
dl_323,33,East_exit,33,23
dl_323,34,West_exit,34,22
dl_323,35,West_exit,35,23
dl_323,36,West_exit,36,24
dl_323,37,West_exit,37,24
dl_323,27,East_exit,27,19
dl_323,30,East_exit,30,21
dl_323,31,West_exit,31,20
dl_323,24,East_exit,24,17
dl_323,25,West_exit,25,16
dl_323,21,East_exit,21,15
dl_323,18,West_exit,18,12
dl_323,19,East_exit,19,13
dl_323,17,East_exit,17,12
dl_324,13,,,
dl_324,23,West_exit,23,15
dl_324,29,West_exit,29,19
dl_324,33,East_exit,33,23
dl_324,34,West_exit,34,22
dl_324,35,West_exit,35,23
dl_324,27,East_exit,27,19
dl_324,30,East_exit,30,21
dl_324,31,West_exit,31,20
dl_324,24,East_exit,24,17
dl_324,25,West_exit,25,16
dl_324,21,East_exit,21,15
dl_324,18,West_exit,18,12
dl_324,19,East_exit,19,13
dl_324,17,East_exit,17,12
dl_325,11,,,
dl_325,29,West_exit,29,19
dl_325,35,West_exit,35,23
dl_325,33,East_exit,33,23
dl_325,34,West_exit,34,22
dl_325,36,West_exit,36,24
dl_325,37,West_exit,37,24
dl_325,24,East_exit,24,17
dl_325,26,West_exit,26,17
dl_325,27,East_exit,27,19
dl_325,23,East_exit,23,16
dl_325,30,East_exit,30,21
dl_325,31,West_exit,31,20
dl_326,9,,,
dl_326,29,West_exit,29,19
dl_326,33,East_exit,33,23
dl_326,34,West_exit,34,22
dl_326,35,West_exit,35,23
dl_326,24,East_exit,24,17
dl_326,26,West_exit,26,17
dl_326,27,East_exit,27,19
dl_326,23,East_exit,23,16
dl_326,30,East_exit,30,21
dl_326,31,West_exit,31,20
dl_327,13,,,
dl_327,29,West_exit,29,19
dl_327,33,East_exit,33,23
dl_327,34,West_exit,34,22
dl_327,35,West_exit,35,23
dl_327,36,West_exit,36,24
dl_327,37,West_exit,37,24
dl_327,21,East_exit,21,15
dl_327,22,West_exit,22,14
dl_327,20,East_exit,20,14
dl_327,26,West_exit,26,17
dl_327,24,East_exit,24,17
dl_327,27,East_exit,27,19
dl_327,30,East_exit,30,21
dl_327,31,West_exit,31,20
dl_328,11,,,
dl_328,29,West_exit,29,19
dl_328,33,East_exit,33,23
dl_328,34,West_exit,34,22
dl_328,35,West_exit,35,23
dl_328,21,East_exit,21,15
dl_328,22,West_exit,22,14
dl_328,20,East_exit,20,14
dl_328,26,West_exit,26,17
dl_328,24,East_exit,24,17
dl_328,27,East_exit,27,19
dl_328,30,East_exit,30,21
dl_328,31,West_exit,31,20
dl_329,15,,,
dl_329,18,West_exit,18,12
dl_329,19,East_exit,19,13
dl_329,17,East_exit,17,12
dl_329,29,West_exit,29,19
dl_329,33,East_exit,33,23
dl_329,34,West_exit,34,22
dl_329,35,West_exit,35,23
dl_329,36,West_exit,36,24
dl_329,37,West_exit,37,24
dl_329,24,East_exit,24,17
dl_329,26,West_exit,26,17
dl_329,27,East_exit,27,19
dl_329,30,East_exit,30,21
dl_329,31,West_exit,31,20
dl_329,21,East_exit,21,15
dl_329,22,West_exit,22,14
dl_330,13,,,
dl_330,18,West_exit,18,12
dl_330,19,East_exit,19,13
dl_330,17,East_exit,17,12
dl_330,29,West_exit,29,19
dl_330,33,East_exit,33,23
dl_330,34,West_exit,34,22
dl_330,35,West_exit,35,23
dl_330,24,East_exit,24,17
dl_330,26,West_exit,26,17
dl_330,27,East_exit,27,19
dl_330,30,East_exit,30,21
dl_330,31,West_exit,31,20
dl_330,21,East_exit,21,15
dl_330,22,West_exit,22,14
dl_331,13,,,
dl_331,21,East_exit,21,15
dl_331,23,West_exit,23,15
dl_331,29,West_exit,29,19
dl_331,33,East_exit,33,23
dl_331,34,West_exit,34,22
dl_331,35,West_exit,35,23
dl_331,36,West_exit,36,24
dl_331,37,West_exit,37,24
dl_331,26,West_exit,26,17
dl_331,24,East_exit,24,17
dl_331,27,East_exit,27,19
dl_331,30,East_exit,30,21
dl_331,31,West_exit,31,20
dl_331,20,East_exit,20,14
dl_332,11,,,
dl_332,21,East_exit,21,15
dl_332,23,West_exit,23,15
dl_332,29,West_exit,29,19
dl_332,33,East_exit,33,23
dl_332,34,West_exit,34,22
dl_332,35,West_exit,35,23
dl_332,26,West_exit,26,17
dl_332,24,East_exit,24,17
dl_332,27,East_exit,27,19
dl_332,30,East_exit,30,21
dl_332,31,West_exit,31,20
dl_332,20,East_exit,20,14
dl_333,15,,,
dl_333,29,West_exit,29,19
dl_333,33,East_exit,33,23
dl_333,34,West_exit,34,22
dl_333,35,West_exit,35,23
dl_333,36,West_exit,36,24
dl_333,37,West_exit,37,24
dl_333,26,West_exit,26,17
dl_333,24,East_exit,24,17
dl_333,23,West_exit,23,15
dl_333,27,East_exit,27,19
dl_333,30,East_exit,30,21
dl_333,31,West_exit,31,20
dl_333,21,East_exit,21,15
dl_333,18,West_exit,18,12
dl_333,19,East_exit,19,13
dl_333,17,East_exit,17,12
dl_334,13,,,
dl_334,29,West_exit,29,19
dl_334,33,East_exit,33,23
dl_334,34,West_exit,34,22
dl_334,35,West_exit,35,23
dl_334,26,West_exit,26,17
dl_334,24,East_exit,24,17
dl_334,23,West_exit,23,15
dl_334,27,East_exit,27,19
dl_334,30,East_exit,30,21
dl_334,31,West_exit,31,20
dl_334,21,East_exit,21,15
dl_334,18,West_exit,18,12
dl_334,19,East_exit,19,13
dl_334,17,East_exit,17,12
dl_335,15,,,
dl_335,20,West_exit,20,13
dl_335,19,East_exit,19,13
dl_335,17,East_exit,17,12
dl_335,21,East_exit,21,15
dl_335,22,West_exit,22,14
dl_335,29,West_exit,29,19
dl_335,33,East_exit,33,23
dl_335,34,West_exit,34,22
dl_335,35,West_exit,35,23
dl_335,36,West_exit,36,24
dl_335,37,West_exit,37,24
dl_335,27,East_exit,27,19
dl_335,30,East_exit,30,21
dl_335,31,West_exit,31,20
dl_335,24,East_exit,24,17
dl_335,25,West_exit,25,16
dl_336,13,,,
dl_336,20,West_exit,20,13
dl_336,19,East_exit,19,13
dl_336,17,East_exit,17,12
dl_336,21,East_exit,21,15
dl_336,22,West_exit,22,14
dl_336,29,West_exit,29,19
dl_336,33,East_exit,33,23
dl_336,34,West_exit,34,22
dl_336,35,West_exit,35,23
dl_336,27,East_exit,27,19
dl_336,30,East_exit,30,21
dl_336,31,West_exit,31,20
dl_336,24,East_exit,24,17
dl_336,25,West_exit,25,16
dl_337,15,,,
dl_337,23,West_exit,23,15
dl_337,29,West_exit,29,19
dl_337,33,East_exit,33,23
dl_337,34,West_exit,34,22
dl_337,35,West_exit,35,23
dl_337,36,West_exit,36,24
dl_337,37,West_exit,37,24
dl_337,27,East_exit,27,19
dl_337,30,East_exit,30,21
dl_337,31,West_exit,31,20
dl_337,24,East_exit,24,17
dl_337,25,West_exit,25,16
dl_337,20,West_exit,20,13
dl_337,19,East_exit,19,13
dl_337,17,East_exit,17,12
dl_337,21,East_exit,21,15
dl_338,13,,,
dl_338,23,West_exit,23,15
dl_338,29,West_exit,29,19
dl_338,33,East_exit,33,23
dl_338,34,West_exit,34,22
dl_338,35,West_exit,35,23
dl_338,27,East_exit,27,19
dl_338,30,East_exit,30,21
dl_338,31,West_exit,31,20
dl_338,24,East_exit,24,17
dl_338,25,West_exit,25,16
dl_338,20,West_exit,20,13
dl_338,19,East_exit,19,13
dl_338,17,East_exit,17,12
dl_338,21,East_exit,21,15
dl_339,15,,,
dl_339,20,West_exit,20,13
dl_339,29,West_exit,29,19
dl_339,33,East_exit,33,23
dl_339,34,West_exit,34,22
dl_339,35,West_exit,35,23
dl_339,36,West_exit,36,24
dl_339,37,West_exit,37,24
dl_339,24,East_exit,24,17
dl_339,26,West_exit,26,17
dl_339,27,East_exit,27,19
dl_339,30,East_exit,30,21
dl_339,31,West_exit,31,20
dl_339,19,East_exit,19,13
dl_339,17,East_exit,17,12
dl_339,21,East_exit,21,15
dl_339,22,West_exit,22,14
dl_340,13,,,
dl_340,20,West_exit,20,13
dl_340,29,West_exit,29,19
dl_340,33,East_exit,33,23
dl_340,34,West_exit,34,22
dl_340,35,West_exit,35,23
dl_340,24,East_exit,24,17
dl_340,26,West_exit,26,17
dl_340,27,East_exit,27,19
dl_340,30,East_exit,30,21
dl_340,31,West_exit,31,20
dl_340,19,East_exit,19,13
dl_340,17,East_exit,17,12
dl_340,21,East_exit,21,15
dl_340,22,West_exit,22,14
dl_341,15,,,
dl_341,29,West_exit,29,19
dl_341,33,East_exit,33,23
dl_341,34,West_exit,34,22
dl_341,35,West_exit,35,23
dl_341,36,West_exit,36,24
dl_341,37,West_exit,37,24
dl_341,23,West_exit,23,15
dl_341,21,East_exit,21,15
dl_341,20,West_exit,20,13
dl_341,24,East_exit,24,17
dl_341,26,West_exit,26,17
dl_341,27,East_exit,27,19
dl_341,30,East_exit,30,21
dl_341,31,West_exit,31,20
dl_341,19,East_exit,19,13
dl_341,17,East_exit,17,12
dl_342,13,,,
dl_342,29,West_exit,29,19
dl_342,33,East_exit,33,23
dl_342,34,West_exit,34,22
dl_342,35,West_exit,35,23
dl_342,23,West_exit,23,15
dl_342,21,East_exit,21,15
dl_342,20,West_exit,20,13
dl_342,24,East_exit,24,17
dl_342,26,West_exit,26,17
dl_342,27,East_exit,27,19
dl_342,30,East_exit,30,21
dl_342,31,West_exit,31,20
dl_342,19,East_exit,19,13
dl_342,17,East_exit,17,12
dl_343,8,,,
dl_343,29,West_exit,29,19
dl_343,33,East_exit,33,23
dl_343,34,West_exit,34,22
dl_343,27,East_exit,27,19
dl_343,26,East_exit,26,18
dl_343,30,East_exit,30,21
dl_343,31,West_exit,31,20
dl_343,36,West_exit,36,24
dl_343,37,West_exit,37,24
dl_344,10,,,
dl_344,29,West_exit,29,19
dl_344,33,East_exit,33,23
dl_344,34,West_exit,34,22
dl_344,24,East_exit,24,17
dl_344,25,West_exit,25,16
dl_344,23,East_exit,23,16
dl_344,27,East_exit,27,19
dl_344,30,East_exit,30,21
dl_344,31,West_exit,31,20
dl_344,36,West_exit,36,24
dl_344,37,West_exit,37,24
dl_345,12,,,
dl_345,21,East_exit,21,15
dl_345,22,West_exit,22,14
dl_345,20,East_exit,20,14
dl_345,29,West_exit,29,19
dl_345,33,East_exit,33,23
dl_345,34,West_exit,34,22
dl_345,27,East_exit,27,19
dl_345,30,East_exit,30,21
dl_345,31,West_exit,31,20
dl_345,24,East_exit,24,17
dl_345,25,West_exit,25,16
dl_345,36,West_exit,36,24
dl_345,37,West_exit,37,24
dl_346,14,,,
dl_346,18,West_exit,18,12
dl_346,19,East_exit,19,13
dl_346,17,East_exit,17,12
dl_346,21,East_exit,21,15
dl_346,22,West_exit,22,14
dl_346,29,West_exit,29,19
dl_346,33,East_exit,33,23
dl_346,34,West_exit,34,22
dl_346,27,East_exit,27,19
dl_346,30,East_exit,30,21
dl_346,31,West_exit,31,20
dl_346,24,East_exit,24,17
dl_346,25,West_exit,25,16
dl_346,36,West_exit,36,24
dl_346,37,West_exit,37,24
dl_347,12,,,
dl_347,23,West_exit,23,15
dl_347,29,West_exit,29,19
dl_347,33,East_exit,33,23
dl_347,34,West_exit,34,22
dl_347,27,East_exit,27,19
dl_347,30,East_exit,30,21
dl_347,31,West_exit,31,20
dl_347,24,East_exit,24,17
dl_347,25,West_exit,25,16
dl_347,21,East_exit,21,15
dl_347,20,East_exit,20,14
dl_347,36,West_exit,36,24
dl_347,37,West_exit,37,24
dl_348,14,,,
dl_348,23,West_exit,23,15
dl_348,29,West_exit,29,19
dl_348,33,East_exit,33,23
dl_348,34,West_exit,34,22
dl_348,27,East_exit,27,19
dl_348,30,East_exit,30,21
dl_348,31,West_exit,31,20
dl_348,24,East_exit,24,17
dl_348,25,West_exit,25,16
dl_348,21,East_exit,21,15
dl_348,18,West_exit,18,12
dl_348,19,East_exit,19,13
dl_348,17,East_exit,17,12
dl_348,36,West_exit,36,24
dl_348,37,West_exit,37,24
dl_349,10,,,
dl_349,29,West_exit,29,19
dl_349,33,East_exit,33,23
dl_349,34,West_exit,34,22
dl_349,24,East_exit,24,17
dl_349,26,West_exit,26,17
dl_349,27,East_exit,27,19
dl_349,23,East_exit,23,16
dl_349,30,East_exit,30,21
dl_349,31,West_exit,31,20
dl_349,36,West_exit,36,24
dl_349,37,West_exit,37,24
dl_350,12,,,
dl_350,29,West_exit,29,19
dl_350,33,East_exit,33,23
dl_350,34,West_exit,34,22
dl_350,21,East_exit,21,15
dl_350,22,West_exit,22,14
dl_350,20,East_exit,20,14
dl_350,26,West_exit,26,17
dl_350,24,East_exit,24,17
dl_350,27,East_exit,27,19
dl_350,30,East_exit,30,21
dl_350,31,West_exit,31,20
dl_350,36,West_exit,36,24
dl_350,37,West_exit,37,24
dl_351,14,,,
dl_351,29,West_exit,29,19
dl_351,18,West_exit,18,12
dl_351,19,East_exit,19,13
dl_351,17,East_exit,17,12
dl_351,33,East_exit,33,23
dl_351,34,West_exit,34,22
dl_351,24,East_exit,24,17
dl_351,26,West_exit,26,17
dl_351,27,East_exit,27,19
dl_351,30,East_exit,30,21
dl_351,31,West_exit,31,20
dl_351,21,East_exit,21,15
dl_351,22,West_exit,22,14
dl_351,36,West_exit,36,24
dl_351,37,West_exit,37,24
dl_352,12,,,
dl_352,29,West_exit,29,19
dl_352,21,East_exit,21,15
dl_352,23,West_exit,23,15
dl_352,33,East_exit,33,23
dl_352,34,West_exit,34,22
dl_352,26,West_exit,26,17
dl_352,24,East_exit,24,17
dl_352,27,East_exit,27,19
dl_352,30,East_exit,30,21
dl_352,31,West_exit,31,20
dl_352,20,East_exit,20,14
dl_352,36,West_exit,36,24
dl_352,37,West_exit,37,24
dl_353,14,,,
dl_353,29,West_exit,29,19
dl_353,33,East_exit,33,23
dl_353,34,West_exit,34,22
dl_353,26,West_exit,26,17
dl_353,24,East_exit,24,17
dl_353,23,West_exit,23,15
dl_353,27,East_exit,27,19
dl_353,30,East_exit,30,21
dl_353,31,West_exit,31,20
dl_353,21,East_exit,21,15
dl_353,18,West_exit,18,12
dl_353,19,East_exit,19,13
dl_353,17,East_exit,17,12
dl_353,36,West_exit,36,24
dl_353,37,West_exit,37,24
dl_354,14,,,
dl_354,20,West_exit,20,13
dl_354,19,East_exit,19,13
dl_354,17,East_exit,17,12
dl_354,21,East_exit,21,15
dl_354,22,West_exit,22,14
dl_354,29,West_exit,29,19
dl_354,33,East_exit,33,23
dl_354,34,West_exit,34,22
dl_354,27,East_exit,27,19
dl_354,30,East_exit,30,21
dl_354,31,West_exit,31,20
dl_354,24,East_exit,24,17
dl_354,25,West_exit,25,16
dl_354,36,West_exit,36,24
dl_354,37,West_exit,37,24
dl_355,14,,,
dl_355,23,West_exit,23,15
dl_355,29,West_exit,29,19
dl_355,33,East_exit,33,23
dl_355,34,West_exit,34,22
dl_355,27,East_exit,27,19
dl_355,30,East_exit,30,21
dl_355,31,West_exit,31,20
dl_355,24,East_exit,24,17
dl_355,25,West_exit,25,16
dl_355,20,West_exit,20,13
dl_355,19,East_exit,19,13
dl_355,17,East_exit,17,12
dl_355,21,East_exit,21,15
dl_355,36,West_exit,36,24
dl_355,37,West_exit,37,24
dl_356,14,,,
dl_356,20,West_exit,20,13
dl_356,29,West_exit,29,19
dl_356,33,East_exit,33,23
dl_356,34,West_exit,34,22
dl_356,24,East_exit,24,17
dl_356,26,West_exit,26,17
dl_356,27,East_exit,27,19
dl_356,30,East_exit,30,21
dl_356,31,West_exit,31,20
dl_356,19,East_exit,19,13
dl_356,17,East_exit,17,12
dl_356,21,East_exit,21,15
dl_356,22,West_exit,22,14
dl_356,36,West_exit,36,24
dl_356,37,West_exit,37,24
dl_357,14,,,
dl_357,29,West_exit,29,19
dl_357,33,East_exit,33,23
dl_357,34,West_exit,34,22
dl_357,23,West_exit,23,15
dl_357,21,East_exit,21,15
dl_357,20,West_exit,20,13
dl_357,24,East_exit,24,17
dl_357,26,West_exit,26,17
dl_357,27,East_exit,27,19
dl_357,30,East_exit,30,21
dl_357,31,West_exit,31,20
dl_357,19,East_exit,19,13
dl_357,17,East_exit,17,12
dl_357,36,West_exit,36,24
dl_357,37,West_exit,37,24
dl_358,3,,,
dl_358,42,East_exit,42,29
dl_358,43,West_exit,43,28
dl_358,41,East_exit,41,28
dl_358,44,West_exit,44,29
dl_359,4,,,
dl_359,24,West_exit,24,16
dl_359,25,East_exit,25,17
dl_359,26,West_exit,26,17
dl_359,21,East_exit,21,15
dl_359,22,East_exit,22,15
dl_360,3,,,
dl_360,12,East_exit,12,9
dl_360,13,West_exit,13,8
dl_360,11,East_exit,11,8
dl_360,14,West_exit,14,9
dl_361,5,,,
dl_361,3,East_exit,3,3
dl_361,4,West_exit,4,2
dl_361,2,East_exit,2,2
dl_361,6,East_exit,6,5
dl_361,7,West_exit,7,4
dl_361,8,West_exit,8,5
dl_362,5,,,
dl_362,6,East_exit,6,5
dl_362,7,West_exit,7,4
dl_362,5,East_exit,5,4
dl_362,9,East_exit,9,7
dl_362,10,West_exit,10,6
dl_362,11,West_exit,11,7
dl_363,7,,,
dl_363,3,East_exit,3,3
dl_363,4,West_exit,4,2
dl_363,2,East_exit,2,2
dl_363,9,East_exit,9,7
dl_363,10,West_exit,10,6
dl_363,11,West_exit,11,7
dl_363,6,East_exit,6,5
dl_363,7,West_exit,7,4
dl_364,3,,,
dl_364,15,East_exit,15,11
dl_364,16,West_exit,16,10
dl_364,14,East_exit,14,10
dl_364,17,West_exit,17,11
dl_365,5,,,
dl_365,21,West_exit,21,14
dl_365,22,East_exit,22,15
dl_365,20,East_exit,20,14
dl_365,24,East_exit,24,17
dl_365,25,West_exit,25,16
dl_365,26,West_exit,26,17
dl_366,7,,,
dl_366,21,West_exit,21,14
dl_366,22,East_exit,22,15
dl_366,18,West_exit,18,12
dl_366,19,East_exit,19,13
dl_366,17,East_exit,17,12
dl_366,24,East_exit,24,17
dl_366,25,West_exit,25,16
dl_366,26,West_exit,26,17
dl_367,9,,,
dl_367,21,West_exit,21,14
dl_367,22,East_exit,22,15
dl_367,15,West_exit,15,10
dl_367,16,East_exit,16,11
dl_367,14,East_exit,14,10
dl_367,18,West_exit,18,12
dl_367,19,East_exit,19,13
dl_367,24,East_exit,24,17
dl_367,25,West_exit,25,16
dl_367,26,West_exit,26,17
dl_368,4,,,
dl_368,15,West_exit,15,10
dl_368,16,East_exit,16,11
dl_368,17,West_exit,17,11
dl_368,12,East_exit,12,9
dl_368,13,East_exit,13,9
dl_369,6,,,
dl_369,18,West_exit,18,12
dl_369,19,East_exit,19,13
dl_369,20,West_exit,20,13
dl_369,15,West_exit,15,10
dl_369,16,East_exit,16,11
dl_369,12,East_exit,12,9
dl_369,13,East_exit,13,9
dl_370,8,,,
dl_370,21,West_exit,21,14
dl_370,22,East_exit,22,15
dl_370,23,West_exit,23,15
dl_370,15,West_exit,15,10
dl_370,16,East_exit,16,11
dl_370,18,West_exit,18,12
dl_370,19,East_exit,19,13
dl_370,12,East_exit,12,9
dl_370,13,East_exit,13,9
dl_371,10,,,
dl_371,21,West_exit,21,14
dl_371,22,East_exit,22,15
dl_371,15,West_exit,15,10
dl_371,16,East_exit,16,11
dl_371,18,West_exit,18,12
dl_371,19,East_exit,19,13
dl_371,24,East_exit,24,17
dl_371,25,West_exit,25,16
dl_371,26,West_exit,26,17
dl_371,12,East_exit,12,9
dl_371,13,East_exit,13,9
