seed,deadlock_found,new_constraints,total_constraints,iterations,trains_completed,trains_per_hr,avg_wait_time,cpu_time
1,1,14,14,12,881,5.2440,0.5283,1.286
2,1,6,20,6,886,5.2738,0.4949,0.547
3,1,2,22,3,819,4.8750,0.2940,0.320
4,1,4,26,4,807,4.8036,0.3413,0.236
5,1,24,50,19,814,4.8452,0.3890,1.263
6,1,4,54,5,834,4.9643,0.3465,0.414
7,1,7,61,8,825,4.9107,0.3486,0.401
8,0,0,61,1,832,4.9524,0.3245,0.147
9,1,1,62,2,848,5.0476,0.3660,0.279
10,1,1,63,2,857,5.1012,0.3620,0.290
11,1,6,69,7,854,5.0833,0.3817,0.388
12,0,0,69,1,860,5.1190,0.3721,0.159
13,0,0,69,1,825,4.9107,0.3584,0.145
14,0,0,69,1,801,4.7679,0.2964,0.137
15,0,0,69,1,843,5.0179,0.3843,0.151
16,1,2,71,3,858,5.1071,0.3704,0.264
17,0,0,71,1,835,4.9702,0.4241,0.154
18,1,1,72,2,882,5.2500,0.4932,0.217
19,0,0,72,1,817,4.8631,0.2988,0.141
20,1,1,73,2,772,4.5952,0.2734,0.216
21,1,1,74,2,812,4.8333,0.3159,0.172
22,1,1,75,2,800,4.7619,0.2844,0.229
23,1,2,77,3,815,4.8512,0.4625,0.382
24,1,1,78,2,851,5.0655,0.3800,0.282
25,1,1,79,2,884,5.2619,0.3942,0.268
26,1,1,80,2,836,4.9762,0.3821,0.184
27,0,0,80,1,815,4.8512,0.3488,0.144
28,1,1,81,2,824,4.9048,0.3330,0.162
29,0,0,81,1,786,4.6786,0.3050,0.132
30,0,0,81,1,855,5.0893,0.3821,0.156
31,0,0,81,1,867,5.1607,0.3624,0.159
32,0,0,81,1,903,5.3750,0.4535,0.164
33,0,0,81,1,810,4.8214,0.3090,0.140
34,0,0,81,1,795,4.7321,0.3094,0.135
35,0,0,81,1,839,4.9940,0.2723,0.143
36,1,1,82,2,861,5.1250,0.4194,0.177
37,1,1,83,2,842,5.0119,0.4099,0.241
38,0,0,83,1,793,4.7202,0.2825,0.139
39,0,0,83,1,841,5.0060,0.3651,0.155
40,0,0,83,1,860,5.1190,0.4154,0.159
41,1,221,304,221,824,4.9048,0.3497,5.631
42,0,0,304,1,832,4.9524,0.3439,0.164
43,0,0,304,1,821,4.8869,0.3122,0.151
44,0,0,304,1,854,5.0833,0.3948,0.166
45,0,0,304,1,844,5.0238,0.3842,0.164
46,0,0,304,1,835,4.9702,0.3978,0.162
47,0,0,304,1,813,4.8393,0.3718,0.153
48,0,0,304,1,861,5.1250,0.3805,0.166
49,1,145,449,146,879,5.2321,0.4641,22.581
50,0,0,449,1,789,4.6964,0.2931,0.149
51,0,0,449,1,858,5.1071,0.4268,0.173
52,0,0,449,1,831,4.9464,0.3281,0.158
53,1,6,455,7,896,5.3333,0.4670,0.580
54,0,0,455,1,812,4.8333,0.3167,0.152
55,1,1,456,2,810,4.8214,0.3131,0.297
56,0,0,456,1,868,5.1667,0.4336,0.174
57,0,0,456,1,805,4.7917,0.2846,0.150
58,0,0,456,1,833,4.9583,0.3752,0.160
59,1,1,457,2,834,4.9643,0.3459,0.285
60,0,0,457,1,857,5.1012,0.3888,0.167
61,0,0,457,1,856,5.0952,0.4474,0.170
62,1,1,458,2,799,4.7560,0.3115,0.298
63,0,0,458,1,803,4.7798,0.2674,0.145
64,0,0,458,1,816,4.8571,0.3576,0.154
65,0,0,458,1,857,5.1012,0.4709,0.174
66,0,0,458,1,833,4.9583,0.3053,0.167
67,0,0,458,1,860,5.1190,0.3350,0.170
68,0,0,458,1,810,4.8214,0.3164,0.155
69,0,0,458,1,863,5.1369,0.3905,0.181
70,1,1,459,2,833,4.9583,0.3224,0.340
71,0,0,459,1,826,4.9167,0.3487,0.172
72,0,0,459,1,800,4.7619,0.2753,0.155
73,0,0,459,1,811,4.8274,0.2867,0.157
74,0,0,459,1,810,4.8214,0.3531,0.158
75,0,0,459,1,821,4.8869,0.2909,0.161
76,0,0,459,1,856,5.0952,0.4510,0.177
77,0,0,459,1,810,4.8214,0.3115,0.165
78,1,2,461,3,857,5.1012,0.4257,0.300
79,0,0,461,1,790,4.7024,0.2709,0.150
80,1,4,465,5,839,4.9940,0.3976,0.475
81,0,0,465,1,826,4.9167,0.3826,0.161
82,0,0,465,1,840,5.0000,0.3633,0.169
83,0,0,465,1,896,5.3333,0.3771,0.189
84,0,0,465,1,865,5.1488,0.4041,0.184
85,0,0,465,1,854,5.0833,0.4486,0.182
86,0,0,465,1,809,4.8155,0.3247,0.152
87,0,0,465,1,802,4.7738,0.2943,0.154
88,1,3,468,4,886,5.2738,0.4758,0.666
89,0,0,468,1,819,4.8750,0.3457,0.165
90,0,0,468,1,827,4.9226,0.3542,0.166
91,0,0,468,1,852,5.0714,0.3679,0.170
92,0,0,468,1,842,5.0119,0.3904,0.169
93,0,0,468,1,881,5.2440,0.4842,0.187
94,0,0,468,1,875,5.2083,0.4849,0.179
95,1,4,472,5,822,4.8929,0.3083,0.668
96,0,0,472,1,828,4.9286,0.3319,0.156
97,1,39,511,36,836,4.9762,0.3391,0.544
98,0,0,511,1,792,4.7143,0.3136,0.153
99,0,0,511,1,837,4.9821,0.3436,0.167
100,0,0,511,1,830,4.9405,0.3287,0.166
101,0,0,511,1,794,4.7262,0.3178,0.151
102,0,0,511,1,806,4.7976,0.2737,0.149
103,0,0,511,1,842,5.0119,0.3846,0.164
104,1,1,512,2,915,5.4464,0.6914,0.344
105,0,0,512,1,811,4.8274,0.2905,0.153
106,0,0,512,1,802,4.7738,0.3058,0.154
107,0,0,512,1,814,4.8452,0.3072,0.157
108,0,0,512,1,845,5.0298,0.3551,0.174
109,1,7,519,8,896,5.3333,0.4798,1.160
110,0,0,519,1,831,4.9464,0.3509,0.164
111,0,0,519,1,853,5.0774,0.3557,0.173
112,0,0,519,1,848,5.0476,0.3446,0.168
113,1,1,520,2,854,5.0833,0.4617,0.340
114,0,0,520,1,860,5.1190,0.3989,0.177
115,0,0,520,1,866,5.1548,0.3528,0.214
116,0,0,520,1,860,5.1190,0.3926,0.172
117,0,0,520,1,882,5.2500,0.3990,0.177
118,1,2,522,3,838,4.9881,0.3380,0.350
119,1,19,541,20,857,5.1012,0.3532,2.542
120,0,0,541,1,798,4.7500,0.3929,0.160
121,0,0,541,1,863,5.1369,0.3904,0.177
122,1,3,544,4,818,4.8690,0.3332,0.474
123,0,0,544,1,824,4.9048,0.3267,0.169
124,0,0,544,1,821,4.8869,0.2894,0.158
125,0,0,544,1,825,4.9107,0.3169,0.166
126,0,0,544,1,822,4.8929,0.3166,0.164
127,0,0,544,1,912,5.4286,0.4701,0.207
128,0,0,544,1,866,5.1548,0.3866,0.180
129,1,3,547,4,877,5.2202,0.4934,0.596
130,0,0,547,1,814,4.8452,0.3261,0.170
131,0,0,547,1,840,5.0000,0.3032,0.170
132,0,0,547,1,807,4.8036,0.3045,0.164
133,0,0,547,1,842,5.0119,0.3396,0.174
134,0,0,547,1,842,5.0119,0.3424,0.175
135,0,0,547,1,825,4.9107,0.2883,0.162
136,0,0,547,1,880,5.2381,0.4584,0.186
137,0,0,547,1,832,4.9524,0.3488,0.171
138,1,1,548,2,858,5.1071,0.4773,0.322
139,0,0,548,1,825,4.9107,0.3672,0.174
140,0,0,548,1,825,4.9107,0.3396,0.167
141,0,0,548,1,837,4.9821,0.3258,0.165
142,0,0,548,1,812,4.8333,0.3365,0.158
143,1,8,556,9,874,5.2024,0.3672,0.926
144,0,0,556,1,868,5.1667,0.3881,0.176
145,0,0,556,1,912,5.4286,0.4781,0.200
146,0,0,556,1,846,5.0357,0.3977,0.174
147,0,0,556,1,856,5.0952,0.3665,0.169
148,1,1,557,2,801,4.7679,0.3415,0.297
149,0,0,557,1,827,4.9226,0.3681,0.159
150,0,0,557,1,826,4.9167,0.5089,0.172
151,0,0,557,1,785,4.6726,0.2691,0.149
152,0,0,557,1,854,5.0833,0.4389,0.174
153,0,0,557,1,849,5.0536,0.3483,0.169
154,0,0,557,1,837,4.9821,0.3622,0.167
155,0,0,557,1,850,5.0595,0.4066,0.183
156,0,0,557,1,889,5.2917,0.4044,0.177
157,0,0,557,1,858,5.1071,0.4835,0.176
158,0,0,557,1,809,4.8155,0.3006,0.164
159,0,0,557,1,842,5.0119,0.3485,0.170
160,0,0,557,1,870,5.1786,0.3826,0.180
161,1,1,558,2,870,5.1786,0.4781,0.284
162,0,0,558,1,862,5.1310,0.3651,0.181
163,0,0,558,1,824,4.9048,0.3926,0.174
164,0,0,558,1,856,5.0952,0.4012,0.183
165,0,0,558,1,822,4.8929,0.3119,0.169
166,0,0,558,1,850,5.0595,0.3688,0.171
167,0,0,558,1,831,4.9464,0.3651,0.169
168,0,0,558,1,822,4.8929,0.3094,0.158
169,0,0,558,1,810,4.8214,0.2867,0.158
170,0,0,558,1,812,4.8333,0.3461,0.156
171,0,0,558,1,870,5.1786,0.4012,0.183
172,0,0,558,1,859,5.1131,0.4537,0.180
173,0,0,558,1,823,4.8988,0.2941,0.167
174,0,0,558,1,784,4.6667,0.2650,0.149
175,0,0,558,1,857,5.1012,0.3627,0.173
176,0,0,558,1,809,4.8155,0.2972,0.155
177,0,0,558,1,849,5.0536,0.4025,0.175
178,0,0,558,1,820,4.8810,0.3130,0.167
179,0,0,558,1,848,5.0476,0.4317,0.172
180,0,0,558,1,805,4.7917,0.2867,0.159
181,0,0,558,1,824,4.9048,0.3659,0.165
182,0,0,558,1,835,4.9702,0.3119,0.159
183,0,0,558,1,797,4.7440,0.3075,0.155
184,0,0,558,1,818,4.8690,0.2938,0.161
185,0,0,558,1,845,5.0298,0.3774,0.169
186,0,0,558,1,794,4.7262,0.3076,0.158
187,0,0,558,1,846,5.0357,0.3645,0.173
188,0,0,558,1,803,4.7798,0.3408,0.164
189,1,2012,2570,2000,205,1.2202,0.4034,327.882
190,0,0,2570,1,823,4.8988,0.3642,0.331
191,0,0,2570,1,856,5.0952,0.3904,0.347
192,0,0,2570,1,808,4.8095,0.3015,0.298
193,0,0,2570,1,852,5.0714,0.4517,0.356
194,1,21,2591,22,841,5.0060,0.3912,3.703
195,0,0,2591,1,808,4.8095,0.3059,0.353
196,0,0,2591,1,819,4.8750,0.3715,0.400
197,0,0,2591,1,838,4.9881,0.2999,0.414
198,0,0,2591,1,873,5.1964,0.3618,0.397
199,0,0,2591,1,847,5.0417,0.3680,0.390
200,0,0,2591,1,848,5.0476,0.3874,0.376
201,0,0,2591,1,813,4.8393,0.2739,0.375
202,0,0,2591,1,852,5.0714,0.3783,0.437
203,0,0,2591,1,834,4.9643,0.3768,0.389
204,0,0,2591,1,866,5.1548,0.4727,0.355
205,0,0,2591,1,864,5.1429,0.3629,0.329
206,0,0,2591,1,842,5.0119,0.3922,0.326
207,0,0,2591,1,814,4.8452,0.3148,0.309
208,0,0,2591,1,886,5.2738,0.4464,0.364
209,0,0,2591,1,863,5.1369,0.3700,0.346
210,0,0,2591,1,844,5.0238,0.3054,0.326
211,0,0,2591,1,859,5.1131,0.3096,0.325
212,0,0,2591,1,855,5.0893,0.3322,0.325
213,1,2,2593,3,842,5.0119,0.4147,0.443
214,0,0,2593,1,840,5.0000,0.4022,0.359
215,0,0,2593,1,785,4.6726,0.2972,0.313
216,0,0,2593,1,801,4.7679,0.3053,0.298
217,0,0,2593,1,843,5.0179,0.4005,0.361
218,0,0,2593,1,852,5.0714,0.3406,0.366
219,0,0,2593,1,822,4.8929,0.3241,0.447
220,0,0,2593,1,854,5.0833,0.4071,0.413
221,0,0,2593,1,859,5.1131,0.3571,0.416
222,0,0,2593,1,840,5.0000,0.4087,0.462
223,0,0,2593,1,785,4.6726,0.2880,0.324
224,0,0,2593,1,839,4.9940,0.3500,0.375
225,0,0,2593,1,767,4.5655,0.3010,0.350
226,0,0,2593,1,810,4.8214,0.3494,0.422
227,0,0,2593,1,879,5.2321,0.5206,0.485
228,0,0,2593,1,874,5.2024,0.4293,0.459
229,0,0,2593,1,782,4.6548,0.2944,0.395
230,0,0,2593,1,860,5.1190,0.3956,0.394
231,0,0,2593,1,787,4.6845,0.2812,0.402
232,0,0,2593,1,783,4.6607,0.3145,0.303
233,0,0,2593,1,847,5.0417,0.3223,0.330
234,0,0,2593,1,862,5.1310,0.3509,0.332
235,0,0,2593,1,855,5.0893,0.3912,0.330
236,0,0,2593,1,849,5.0536,0.3625,0.329
237,0,0,2593,1,857,5.1012,0.3269,0.336
238,0,0,2593,1,860,5.1190,0.4646,0.354
239,0,0,2593,1,854,5.0833,0.3949,0.328
240,0,0,2593,1,864,5.1429,0.4241,0.344
241,0,0,2593,1,816,4.8571,0.3237,0.319
242,0,0,2593,1,828,4.9286,0.3149,0.323
243,0,0,2593,1,785,4.6726,0.2772,0.308
244,0,0,2593,1,856,5.0952,0.4246,0.353
245,0,0,2593,1,816,4.8571,0.3030,0.329
246,0,0,2593,1,813,4.8393,0.3107,0.318
247,0,0,2593,1,832,4.9524,0.3585,0.327
248,0,0,2593,1,885,5.2679,0.4376,0.360
249,0,0,2593,1,873,5.1964,0.4506,0.359
250,0,0,2593,1,911,5.4226,0.4066,0.471
251,0,0,2593,1,848,5.0476,0.4070,0.429
252,0,0,2593,1,791,4.7083,0.2871,0.352
253,0,0,2593,1,788,4.6905,0.3052,0.346
254,0,0,2593,1,923,5.4940,0.5208,0.507
255,0,0,2593,1,821,4.8869,0.3657,0.363
256,0,0,2593,1,841,5.0060,0.3281,0.387
257,0,0,2593,1,886,5.2738,0.4309,0.420
258,0,0,2593,1,881,5.2440,0.5126,0.457
259,0,0,2593,1,837,4.9821,0.3707,0.391
260,0,0,2593,1,857,5.1012,0.4170,0.459
261,0,0,2593,1,844,5.0238,0.3097,0.363
262,0,0,2593,1,817,4.8631,0.3725,0.387
263,0,0,2593,1,810,4.8214,0.3024,0.341
264,0,0,2593,1,818,4.8690,0.2892,0.304
265,0,0,2593,1,854,5.0833,0.4045,0.334
266,0,0,2593,1,843,5.0179,0.4038,0.327
267,0,0,2593,1,841,5.0060,0.3656,0.342
268,0,0,2593,1,846,5.0357,0.3539,0.322
269,0,0,2593,1,853,5.0774,0.3523,0.343
270,0,0,2593,1,870,5.1786,0.3636,0.346
271,0,0,2593,1,855,5.0893,0.3600,0.322
272,1,5,2598,6,904,5.3810,0.4886,1.778
273,0,0,2598,1,892,5.3095,0.4841,0.392
274,0,0,2598,1,860,5.1190,0.4950,0.372
275,0,0,2598,1,837,4.9821,0.3448,0.311
276,0,0,2598,1,818,4.8690,0.3562,0.341
277,0,0,2598,1,839,4.9940,0.3790,0.354
278,0,0,2598,1,865,5.1488,0.4533,0.374
279,0,0,2598,1,858,5.1071,0.3433,0.494
280,0,0,2598,1,838,4.9881,0.3600,0.455
281,0,0,2598,1,836,4.9762,0.3677,0.457
282,0,0,2598,1,888,5.2857,0.3590,0.416
283,1,4,2602,5,895,5.3274,0.4460,2.303
284,1,1,2603,2,805,4.7917,0.2990,0.600
285,1,2,2605,3,848,5.0476,0.3766,0.604
286,0,0,2605,1,825,4.9107,0.3145,0.339
287,0,0,2605,1,887,5.2798,0.4318,0.361
288,0,0,2605,1,825,4.9107,0.3118,0.324
289,0,0,2605,1,838,4.9881,0.3639,0.328
290,0,0,2605,1,885,5.2679,0.5018,0.373
291,0,0,2605,1,820,4.8810,0.3332,0.327
292,0,0,2605,1,875,5.2083,0.3674,0.354
293,0,0,2605,1,824,4.9048,0.3293,0.322
294,0,0,2605,1,751,4.4702,0.2585,0.272
295,0,0,2605,1,820,4.8810,0.3414,0.314
296,0,0,2605,1,852,5.0714,0.3428,0.340
297,0,0,2605,1,860,5.1190,0.3885,0.342
298,0,0,2605,1,845,5.0298,0.3958,0.339
299,1,1,2606,2,845,5.0298,0.3750,0.385
300,0,0,2606,1,838,4.9881,0.3660,0.367
301,1,3,2609,4,864,5.1429,0.3979,1.158
302,1,32,2641,33,856,5.0952,0.6005,9.008
303,0,0,2641,1,840,5.0000,0.3588,0.378
304,0,0,2641,1,843,5.0179,0.3633,0.387
305,0,0,2641,1,812,4.8333,0.2839,0.369
306,0,0,2641,1,835,4.9702,0.3394,0.340
307,0,0,2641,1,882,5.2500,0.3852,0.431
308,0,0,2641,1,828,4.9286,0.3551,0.387
309,0,0,2641,1,810,4.8214,0.3124,0.364
310,0,0,2641,1,826,4.9167,0.2837,0.318
311,0,0,2641,1,781,4.6488,0.3066,0.336
312,0,0,2641,1,884,5.2619,0.4899,0.403
313,0,0,2641,1,836,4.9762,0.3559,0.386
314,0,0,2641,1,848,5.0476,0.3621,0.334
315,0,0,2641,1,813,4.8393,0.3239,0.345
316,0,0,2641,1,802,4.7738,0.2960,0.361
317,0,0,2641,1,820,4.8810,0.2872,0.358
318,0,0,2641,1,870,5.1786,0.3632,0.363
319,0,0,2641,1,849,5.0536,0.3520,0.387
320,0,0,2641,1,811,4.8274,0.3974,0.375
321,0,0,2641,1,925,5.5060,0.4674,0.421
322,0,0,2641,1,884,5.2619,0.4931,0.415
323,0,0,2641,1,840,5.0000,0.3699,0.357
324,0,0,2641,1,852,5.0714,0.3258,0.402
325,0,0,2641,1,845,5.0298,0.3360,0.332
326,0,0,2641,1,801,4.7679,0.3460,0.331
327,1,2,2643,3,873,5.1964,0.4112,0.561
328,0,0,2643,1,843,5.0179,0.3498,0.352
329,1,5,2648,6,858,5.1071,0.4006,1.304
330,0,0,2648,1,822,4.8929,0.3298,0.316
331,0,0,2648,1,809,4.8155,0.3147,0.309
332,0,0,2648,1,860,5.1190,0.4016,0.361
333,0,0,2648,1,840,5.0000,0.3427,0.322
334,0,0,2648,1,819,4.8750,0.3077,0.315
335,0,0,2648,1,821,4.8869,0.3601,0.324
336,0,0,2648,1,847,5.0417,0.3183,0.325
337,0,0,2648,1,806,4.7976,0.3341,0.315
338,0,0,2648,1,799,4.7560,0.2799,0.294
339,0,0,2648,1,868,5.1667,0.4157,0.344
340,0,0,2648,1,789,4.6964,0.2870,0.294
341,0,0,2648,1,840,5.0000,0.3620,0.331
342,0,0,2648,1,848,5.0476,0.3700,0.350
343,0,0,2648,1,838,4.9881,0.3441,0.337
344,0,0,2648,1,828,4.9286,0.3369,0.337
345,0,0,2648,1,840,5.0000,0.4595,0.382
346,0,0,2648,1,793,4.7202,0.2631,0.374
347,0,0,2648,1,845,5.0298,0.3718,0.396
348,0,0,2648,1,821,4.8869,0.3366,0.329
349,0,0,2648,1,821,4.8869,0.3428,0.316
350,0,0,2648,1,816,4.8571,0.3077,0.322
351,0,0,2648,1,821,4.8869,0.3446,0.324
352,0,0,2648,1,834,4.9643,0.3036,0.339
353,0,0,2648,1,863,5.1369,0.4212,0.388
354,0,0,2648,1,824,4.9048,0.3776,0.372
355,0,0,2648,1,834,4.9643,0.3885,0.413
356,0,0,2648,1,807,4.8036,0.3104,0.348
357,0,0,2648,1,813,4.8393,0.3170,0.348
358,0,0,2648,1,853,5.0774,0.4123,0.359
359,0,0,2648,1,855,5.0893,0.4174,0.378
360,0,0,2648,1,854,5.0833,0.3834,0.377
361,0,0,2648,1,860,5.1190,0.3754,0.380
362,0,0,2648,1,840,5.0000,0.3121,0.364
363,0,0,2648,1,825,4.9107,0.3137,0.362
364,0,0,2648,1,859,5.1131,0.3602,0.361
365,0,0,2648,1,828,4.9286,0.3035,0.365
366,0,0,2648,1,866,5.1548,0.4065,0.424
367,0,0,2648,1,851,5.0655,0.4112,0.385
368,0,0,2648,1,760,4.5238,0.2403,0.294
369,0,0,2648,1,801,4.7679,0.3529,0.348
370,0,0,2648,1,831,4.9464,0.3644,0.356
371,0,0,2648,1,801,4.7679,0.3465,0.313
372,0,0,2648,1,888,5.2857,0.4649,0.383
373,0,0,2648,1,816,4.8571,0.3160,0.339
374,0,0,2648,1,796,4.7381,0.3146,0.323
375,0,0,2648,1,817,4.8631,0.3282,0.356
376,0,0,2648,1,806,4.7976,0.3005,0.337
377,0,0,2648,1,856,5.0952,0.4160,0.400
378,0,0,2648,1,834,4.9643,0.3835,0.331
379,0,0,2648,1,886,5.2738,0.4017,0.424
380,0,0,2648,1,845,5.0298,0.4020,0.401
381,0,0,2648,1,785,4.6726,0.2742,0.325
382,0,0,2648,1,792,4.7143,0.3972,0.308
383,0,0,2648,1,802,4.7738,0.3110,0.344
384,0,0,2648,1,797,4.7440,0.2564,0.326
385,0,0,2648,1,818,4.8690,0.3743,0.361
386,0,0,2648,1,882,5.2500,0.4259,0.381
387,1,3,2651,4,862,5.1310,0.4427,1.148
388,0,0,2651,1,824,4.9048,0.3316,0.333
389,0,0,2651,1,787,4.6845,0.2634,0.328
390,0,0,2651,1,823,4.8988,0.3467,0.352
391,0,0,2651,1,866,5.1548,0.3978,0.402
392,0,0,2651,1,901,5.3631,0.4694,0.385
393,0,0,2651,1,841,5.0060,0.3634,0.370
394,0,0,2651,1,829,4.9345,0.3540,0.343
395,0,0,2651,1,837,4.9821,0.3482,0.342
396,0,0,2651,1,819,4.8750,0.3615,0.328
397,0,0,2651,1,879,5.2321,0.4912,0.363
398,0,0,2651,1,857,5.1012,0.3781,0.363
399,1,241,2892,242,859,5.1131,0.4652,72.940
400,0,0,2892,1,862,5.1310,0.4144,0.460
401,0,0,2892,1,784,4.6667,0.2580,0.450
402,0,0,2892,1,806,4.7976,0.3213,0.522
403,0,0,2892,1,838,4.9881,0.3216,0.489
404,0,0,2892,1,863,5.1369,0.3875,0.414
405,0,0,2892,1,830,4.9405,0.3732,0.367
406,0,0,2892,1,829,4.9345,0.3454,0.347
407,1,9,2901,10,871,5.1845,0.4256,1.275
408,0,0,2901,1,854,5.0833,0.3837,0.372
409,1,2,2903,3,825,4.9107,0.3350,0.456
410,0,0,2903,1,826,4.9167,0.3850,0.340
411,0,0,2903,1,867,5.1607,0.4645,0.377
412,0,0,2903,1,879,5.2321,0.4491,0.380
413,0,0,2903,1,886,5.2738,0.5166,0.407
414,1,6,2909,7,823,4.8988,0.3885,1.003
415,0,0,2909,1,890,5.2976,0.4894,0.417
416,0,0,2909,1,877,5.2202,0.4701,0.387
417,0,0,2909,1,837,4.9821,0.3656,0.355
418,0,0,2909,1,830,4.9405,0.3499,0.362
419,0,0,2909,1,865,5.1488,0.4775,0.572
420,0,0,2909,1,836,4.9762,0.3210,0.462
421,0,0,2909,1,882,5.2500,0.4318,0.449
422,0,0,2909,1,872,5.1905,0.3991,0.470
423,0,0,2909,1,803,4.7798,0.2820,0.356
424,0,0,2909,1,837,4.9821,0.3136,0.408
425,0,0,2909,1,814,4.8452,0.3188,0.367
426,0,0,2909,1,867,5.1607,0.5326,0.478
427,0,0,2909,1,836,4.9762,0.3283,0.463
428,0,0,2909,1,812,4.8333,0.3011,0.389
429,0,0,2909,1,852,5.0714,0.3758,0.506
430,0,0,2909,1,804,4.7857,0.3075,0.339
431,0,0,2909,1,894,5.3214,0.4488,0.387
432,0,0,2909,1,874,5.2024,0.4740,0.397
433,0,0,2909,1,817,4.8631,0.2993,0.334
434,0,0,2909,1,812,4.8333,0.3011,0.324
435,0,0,2909,1,895,5.3274,0.4166,0.380
436,0,0,2909,1,824,4.9048,0.3159,0.351
437,1,1,2910,2,853,5.0774,0.4190,0.715
438,0,0,2910,1,836,4.9762,0.3656,0.362
439,0,0,2910,1,871,5.1845,0.3885,0.373
440,0,0,2910,1,851,5.0655,0.3549,0.365
441,0,0,2910,1,846,5.0357,0.3630,0.359
442,0,0,2910,1,886,5.2738,0.4943,0.386
443,0,0,2910,1,802,4.7738,0.2883,0.444
444,0,0,2910,1,877,5.2202,0.3549,0.436
445,0,0,2910,1,839,4.9940,0.3434,0.475
446,0,0,2910,1,897,5.3393,0.4240,0.535
447,0,0,2910,1,828,4.9286,0.3261,0.431
448,0,0,2910,1,819,4.8750,0.3851,0.518
449,0,0,2910,1,856,5.0952,0.3443,0.420
450,0,0,2910,1,835,4.9702,0.3449,0.391
451,0,0,2910,1,813,4.8393,0.3128,0.449
452,0,0,2910,1,819,4.8750,0.3147,0.344
453,0,0,2910,1,854,5.0833,0.3764,0.372
454,0,0,2910,1,783,4.6607,0.2842,0.299
455,0,0,2910,1,812,4.8333,0.3020,0.339
456,0,0,2910,1,820,4.8810,0.3049,0.324
457,0,0,2910,1,804,4.7857,0.3069,0.330
458,0,0,2910,1,907,5.3988,0.5112,0.414
459,0,0,2910,1,805,4.7917,0.3088,0.327
460,0,0,2910,1,845,5.0298,0.2918,0.353
461,0,0,2910,1,873,5.1964,0.4608,0.387
462,0,0,2910,1,879,5.2321,0.4365,0.404
463,0,0,2910,1,856,5.0952,0.3557,0.366
464,0,0,2910,1,855,5.0893,0.3305,0.353
465,0,0,2910,1,842,5.0119,0.3533,0.448
466,0,0,2910,1,870,5.1786,0.4714,0.479
467,0,0,2910,1,810,4.8214,0.2900,0.427
468,0,0,2910,1,831,4.9464,0.3363,0.388
469,0,0,2910,1,820,4.8810,0.3550,0.380
470,0,0,2910,1,794,4.7262,0.2961,0.384
471,0,0,2910,1,856,5.0952,0.3602,0.492
472,0,0,2910,1,820,4.8810,0.3342,0.469
473,0,0,2910,1,787,4.6845,0.2984,0.437
474,0,0,2910,1,822,4.8929,0.3342,0.401
475,0,0,2910,1,859,5.1131,0.4035,0.360
476,0,0,2910,1,806,4.7976,0.3699,0.330
477,1,12,2922,13,872,5.1905,0.4439,3.613
478,0,0,2922,1,854,5.0833,0.3442,0.361
479,0,0,2922,1,855,5.0893,0.4495,0.389
480,0,0,2922,1,826,4.9167,0.3132,0.344
481,0,0,2922,1,819,4.8750,0.3240,0.361
482,0,0,2922,1,893,5.3155,0.5586,0.419
483,0,0,2922,1,868,5.1667,0.4165,0.400
484,0,0,2922,1,846,5.0357,0.3694,0.367
485,1,4,2926,5,881,5.2440,0.3890,1.632
486,0,0,2926,1,830,4.9405,0.3171,0.359
487,0,0,2926,1,824,4.9048,0.3892,0.462
488,0,0,2926,1,872,5.1905,0.3785,0.372
489,0,0,2926,1,814,4.8452,0.3171,0.413
490,0,0,2926,1,858,5.1071,0.3813,0.423
491,0,0,2926,1,790,4.7024,0.2849,0.330
492,1,9,2935,10,853,5.0774,0.4296,2.413
493,0,0,2935,1,905,5.3869,0.3898,0.464
494,0,0,2935,1,844,5.0238,0.3539,0.408
495,0,0,2935,1,839,4.9940,0.3245,0.344
496,0,0,2935,1,834,4.9643,0.4234,0.379
497,0,0,2935,1,770,4.5833,0.2923,0.352
498,0,0,2935,1,879,5.2321,0.3901,0.437
499,0,0,2935,1,859,5.1131,0.4006,0.374
500,0,0,2935,1,905,5.3869,0.5272,0.477
501,1,8,2943,9,852,5.0714,0.4713,4.076
502,0,0,2943,1,823,4.8988,0.2977,0.362
503,0,0,2943,1,861,5.1250,0.3799,0.464
504,0,0,2943,1,867,5.1607,0.3563,0.381
505,0,0,2943,1,870,5.1786,0.4449,0.438
506,0,0,2943,1,781,4.6488,0.2604,0.381
507,0,0,2943,1,820,4.8810,0.3421,0.338
508,0,0,2943,1,841,5.0060,0.3516,0.354
509,0,0,2943,1,808,4.8095,0.3209,0.328
510,0,0,2943,1,813,4.8393,0.3378,0.336
511,0,0,2943,1,848,5.0476,0.3612,0.363
512,0,0,2943,1,831,4.9464,0.3470,0.343
513,0,0,2943,1,835,4.9702,0.3396,0.341
514,0,0,2943,1,855,5.0893,0.4953,0.363
515,0,0,2943,1,855,5.0893,0.3508,0.354
516,0,0,2943,1,768,4.5714,0.2645,0.303
517,0,0,2943,1,858,5.1071,0.4053,0.359
518,0,0,2943,1,799,4.7560,0.3124,0.330
519,0,0,2943,1,865,5.1488,0.3728,0.367
520,0,0,2943,1,851,5.0655,0.3780,0.352
521,0,0,2943,1,863,5.1369,0.3792,0.374
522,0,0,2943,1,866,5.1548,0.4474,0.378
523,0,0,2943,1,803,4.7798,0.3272,0.344
524,0,0,2943,1,826,4.9167,0.3178,0.333
525,0,0,2943,1,874,5.2024,0.3752,0.385
526,0,0,2943,1,839,4.9940,0.3386,0.398
527,0,0,2943,1,825,4.9107,0.3472,0.398
528,0,0,2943,1,841,5.0060,0.4521,0.353
529,1,174,3117,175,835,4.9702,0.4245,62.919
530,0,0,3117,1,769,4.5774,0.2327,0.298
531,0,0,3117,1,850,5.0595,0.3357,0.377
532,0,0,3117,1,871,5.1845,0.4951,0.396
533,0,0,3117,1,835,4.9702,0.3621,0.379
534,0,0,3117,1,859,5.1131,0.4818,0.427
535,0,0,3117,1,820,4.8810,0.3147,0.370
536,0,0,3117,1,873,5.1964,0.4135,0.397
537,1,1,3118,2,837,4.9821,0.3103,0.643
538,0,0,3118,1,839,4.9940,0.3664,0.374
539,0,0,3118,1,822,4.8929,0.3755,0.446
540,0,0,3118,1,790,4.7024,0.3763,0.428
541,0,0,3118,1,862,5.1310,0.3721,0.576
542,1,3,3121,4,877,5.2202,0.4938,2.294
543,0,0,3121,1,844,5.0238,0.4436,0.486
544,0,0,3121,1,839,4.9940,0.3429,0.434
545,0,0,3121,1,833,4.9583,0.3184,0.526
546,0,0,3121,1,882,5.2500,0.4028,0.530
547,0,0,3121,1,841,5.0060,0.3429,0.477
548,0,0,3121,1,869,5.1726,0.4611,0.394
549,0,0,3121,1,828,4.9286,0.3638,0.356
550,0,0,3121,1,870,5.1786,0.3806,0.376
551,1,2,3123,3,861,5.1250,0.3871,0.550
552,0,0,3123,1,805,4.7917,0.3286,0.342
553,0,0,3123,1,811,4.8274,0.3530,0.347
554,0,0,3123,1,814,4.8452,0.3487,0.340
555,0,0,3123,1,858,5.1071,0.3905,0.376
556,0,0,3123,1,821,4.8869,0.3532,0.347
557,0,0,3123,1,923,5.4940,0.5246,0.425
558,0,0,3123,1,883,5.2560,0.3604,0.417
559,0,0,3123,1,845,5.0298,0.3351,0.370
560,0,0,3123,1,892,5.3095,0.4564,0.890
561,0,0,3123,1,821,4.8869,0.3362,0.381
562,0,0,3123,1,880,5.2381,0.4986,0.417
563,0,0,3123,1,822,4.8929,0.3109,0.506
564,0,0,3123,1,882,5.2500,0.3741,0.543
565,0,0,3123,1,807,4.8036,0.3306,0.462
566,0,0,3123,1,848,5.0476,0.4346,0.456
567,0,0,3123,1,877,5.2202,0.4140,0.515
568,1,20,3143,21,820,4.8810,0.3961,7.323
569,0,0,3143,1,865,5.1488,0.3402,0.390
570,0,0,3143,1,872,5.1905,0.4039,0.408
571,0,0,3143,1,852,5.0714,0.4295,0.394
572,0,0,3143,1,862,5.1310,0.4196,0.397
573,0,0,3143,1,839,4.9940,0.3360,0.380
574,0,0,3143,1,847,5.0417,0.4126,0.528
575,0,0,3143,1,786,4.6786,0.2774,0.429
576,0,0,3143,1,864,5.1429,0.3515,0.487
577,0,0,3143,1,835,4.9702,0.3860,0.433
578,0,0,3143,1,888,5.2857,0.4944,0.580
579,0,0,3143,1,873,5.1964,0.4900,0.494
580,0,0,3143,1,839,4.9940,0.3311,0.533
581,0,0,3143,1,843,5.0179,0.3337,0.530
582,0,0,3143,1,842,5.0119,0.3680,0.501
583,0,0,3143,1,808,4.8095,0.2984,0.332
584,1,50,3193,51,873,5.1964,0.4292,18.637
585,0,0,3193,1,878,5.2262,0.3851,0.451
586,0,0,3193,1,814,4.8452,0.2654,0.408
587,1,2,3195,3,883,5.2560,0.4873,1.260
588,0,0,3195,1,869,5.1726,0.3743,0.441
589,0,0,3195,1,872,5.1905,0.3766,0.399
590,0,0,3195,1,835,4.9702,0.3451,0.397
591,0,0,3195,1,851,5.0655,0.3489,0.426
592,0,0,3195,1,854,5.0833,0.4398,0.409
593,0,0,3195,1,821,4.8869,0.3447,0.393
594,0,0,3195,1,801,4.7679,0.3451,0.444
595,0,0,3195,1,833,4.9583,0.3855,0.414
596,0,0,3195,1,851,5.0655,0.3815,0.382
597,0,0,3195,1,804,4.7857,0.3402,0.395
598,0,0,3195,1,858,5.1071,0.3732,0.417
599,0,0,3195,1,831,4.9464,0.3432,0.385
600,0,0,3195,1,838,4.9881,0.4108,0.469
601,0,0,3195,1,858,5.1071,0.4145,0.483
602,0,0,3195,1,911,5.4226,0.5161,0.508
603,0,0,3195,1,811,4.8274,0.3313,0.356
604,0,0,3195,1,861,5.1250,0.3731,0.394
605,0,0,3195,1,854,5.0833,0.3672,0.385
606,0,0,3195,1,843,5.0179,0.3334,0.357
607,0,0,3195,1,881,5.2440,0.4715,0.419
608,0,0,3195,1,812,4.8333,0.3096,0.341
609,0,0,3195,1,832,4.9524,0.3337,0.370
610,0,0,3195,1,819,4.8750,0.3243,0.361
611,0,0,3195,1,842,5.0119,0.3319,0.356
612,0,0,3195,1,845,5.0298,0.3566,0.378
613,0,0,3195,1,797,4.7440,0.3249,0.348
614,0,0,3195,1,846,5.0357,0.3713,0.390
615,0,0,3195,1,833,4.9583,0.3188,0.537
616,0,0,3195,1,827,4.9226,0.3473,0.369
617,0,0,3195,1,780,4.6429,0.2412,0.334
618,0,0,3195,1,876,5.2143,0.4463,0.401
619,0,0,3195,1,874,5.2024,0.4480,0.400
620,0,0,3195,1,855,5.0893,0.4130,0.447
621,0,0,3195,1,839,4.9940,0.3485,0.518
622,0,0,3195,1,874,5.2024,0.4279,0.534
623,0,0,3195,1,801,4.7679,0.2893,0.335
624,0,0,3195,1,793,4.7202,0.3133,0.334
625,0,0,3195,1,801,4.7679,0.3041,0.401
626,0,0,3195,1,835,4.9702,0.3390,0.408
627,0,0,3195,1,824,4.9048,0.3141,0.365
628,0,0,3195,1,854,5.0833,0.4409,0.443
629,0,0,3195,1,898,5.3452,0.4446,0.471
630,0,0,3195,1,803,4.7798,0.2801,0.348
631,0,0,3195,1,836,4.9762,0.3812,0.406
632,0,0,3195,1,799,4.7560,0.2934,0.389
633,0,0,3195,1,874,5.2024,0.4390,0.410
634,0,0,3195,1,806,4.7976,0.3447,0.444
635,0,0,3195,1,790,4.7024,0.2992,0.358
636,0,0,3195,1,888,5.2857,0.4830,0.444
637,0,0,3195,1,838,4.9881,0.3978,0.463
638,0,0,3195,1,848,5.0476,0.3442,0.438
639,0,0,3195,1,850,5.0595,0.3618,0.382
640,0,0,3195,1,805,4.7917,0.3193,0.395
641,0,0,3195,1,822,4.8929,0.3878,0.438
642,0,0,3195,1,852,5.0714,0.4103,0.388
643,0,0,3195,1,871,5.1845,0.3788,0.455
644,0,0,3195,1,868,5.1667,0.4484,0.474
645,0,0,3195,1,794,4.7262,0.2798,0.364
646,0,0,3195,1,823,4.8988,0.2999,0.392
647,0,0,3195,1,864,5.1429,0.5545,0.463
648,0,0,3195,1,853,5.0774,0.4446,0.415
649,0,0,3195,1,830,4.9405,0.3241,0.443
650,0,0,3195,1,808,4.8095,0.2868,0.395
651,0,0,3195,1,828,4.9286,0.3500,0.370
652,0,0,3195,1,832,4.9524,0.3159,0.407
653,0,0,3195,1,881,5.2440,0.4820,0.457
654,0,0,3195,1,837,4.9821,0.3365,0.411
655,0,0,3195,1,851,5.0655,0.3815,0.416
656,0,0,3195,1,888,5.2857,0.4197,0.493
657,0,0,3195,1,820,4.8810,0.2948,0.399
658,0,0,3195,1,812,4.8333,0.2984,0.400
659,0,0,3195,1,832,4.9524,0.3667,0.429
660,1,9,3204,10,889,5.2917,0.4283,1.713
661,0,0,3204,1,839,4.9940,0.4661,0.403
662,0,0,3204,1,850,5.0595,0.3566,0.387
663,0,0,3204,1,818,4.8690,0.2983,0.371
664,0,0,3204,1,803,4.7798,0.3089,0.418
665,0,0,3204,1,860,5.1190,0.3640,0.559
666,0,0,3204,1,833,4.9583,0.2935,0.535
667,0,0,3204,1,807,4.8036,0.3008,0.531
668,0,0,3204,1,825,4.9107,0.3718,0.523
669,0,0,3204,1,831,4.9464,0.3136,0.557
670,0,0,3204,1,819,4.8750,0.3331,0.417
671,0,0,3204,1,837,4.9821,0.3666,0.518
672,0,0,3204,1,836,4.9762,0.3792,0.468
673,0,0,3204,1,876,5.2143,0.4131,0.575
674,0,0,3204,1,799,4.7560,0.2822,0.335
675,0,0,3204,1,852,5.0714,0.4026,0.383
676,0,0,3204,1,805,4.7917,0.3934,0.333
677,0,0,3204,1,823,4.8988,0.3776,0.360
678,0,0,3204,1,847,5.0417,0.3984,0.378
679,0,0,3204,1,836,4.9762,0.3023,0.361
680,0,0,3204,1,865,5.1488,0.4448,0.391
681,0,0,3204,1,804,4.7857,0.3670,0.351
682,0,0,3204,1,875,5.2083,0.4177,0.406
683,0,0,3204,1,863,5.1369,0.3865,0.392
684,0,0,3204,1,787,4.6845,0.2935,0.338
685,0,0,3204,1,850,5.0595,0.3687,0.387
686,0,0,3204,1,786,4.6786,0.2558,0.326
687,0,0,3204,1,792,4.7143,0.3288,0.350
688,0,0,3204,1,801,4.7679,0.2821,0.351
689,0,0,3204,1,821,4.8869,0.2976,0.582
690,0,0,3204,1,873,5.1964,0.4275,0.414
691,0,0,3204,1,809,4.8155,0.2978,0.449
692,0,0,3204,1,860,5.1190,0.4378,0.552
693,0,0,3204,1,823,4.8988,0.3166,0.485
694,0,0,3204,1,862,5.1310,0.4234,0.590
695,0,0,3204,1,796,4.7381,0.2921,0.471
696,0,0,3204,1,848,5.0476,0.3537,0.462
697,0,0,3204,1,839,4.9940,0.3646,0.557
698,0,0,3204,1,837,4.9821,0.3662,0.627
699,0,0,3204,1,836,4.9762,0.2899,0.507
700,0,0,3204,1,844,5.0238,0.3832,0.501
701,0,0,3204,1,851,5.0655,0.4018,0.428
702,0,0,3204,1,884,5.2619,0.3991,0.393
703,0,0,3204,1,802,4.7738,0.3143,0.330
704,0,0,3204,1,854,5.0833,0.3731,0.389
705,0,0,3204,1,826,4.9167,0.3144,0.350
706,0,0,3204,1,867,5.1607,0.3591,0.387
707,0,0,3204,1,811,4.8274,0.2942,0.336
708,0,0,3204,1,850,5.0595,0.3997,0.370
709,0,0,3204,1,856,5.0952,0.3430,0.380
710,0,0,3204,1,827,4.9226,0.3601,0.374
711,0,0,3204,1,853,5.0774,0.3511,0.368
712,0,0,3204,1,822,4.8929,0.3071,0.364
713,0,0,3204,1,818,4.8690,0.3785,0.379
714,0,0,3204,1,801,4.7679,0.2787,0.331
715,0,0,3204,1,877,5.2202,0.4239,0.429
716,0,0,3204,1,866,5.1548,0.3685,0.384
717,0,0,3204,1,856,5.0952,0.3660,0.402
718,0,0,3204,1,892,5.3095,0.4884,0.643
719,0,0,3204,1,835,4.9702,0.3818,0.614
720,0,0,3204,1,830,4.9405,0.3644,0.502
721,0,0,3204,1,815,4.8512,0.2870,0.431
722,0,0,3204,1,912,5.4286,0.4879,0.566
723,0,0,3204,1,853,5.0774,0.4317,0.543
724,0,0,3204,1,843,5.0179,0.3418,0.426
725,0,0,3204,1,854,5.0833,0.4001,0.448
726,0,0,3204,1,875,5.2083,0.4274,0.555
727,0,0,3204,1,856,5.0952,0.4173,0.449
728,0,0,3204,1,848,5.0476,0.4550,0.396
729,0,0,3204,1,850,5.0595,0.3398,0.380
730,0,0,3204,1,833,4.9583,0.3135,0.356
731,0,0,3204,1,832,4.9524,0.3251,0.364
732,0,0,3204,1,802,4.7738,0.3224,0.346
733,0,0,3204,1,849,5.0536,0.4191,0.368
734,0,0,3204,1,867,5.1607,0.3936,0.397
735,0,0,3204,1,905,5.3869,0.5514,0.438
736,0,0,3204,1,887,5.2798,0.4187,0.389
737,0,0,3204,1,838,4.9881,0.3785,0.371
738,0,0,3204,1,780,4.6429,0.2746,0.316
739,0,0,3204,1,873,5.1964,0.4963,0.439
740,0,0,3204,1,827,4.9226,0.3157,0.382
741,0,0,3204,1,771,4.5893,0.2741,0.351
742,0,0,3204,1,842,5.0119,0.3561,0.390
743,0,0,3204,1,848,5.0476,0.4287,0.400
744,0,0,3204,1,815,4.8512,0.2900,0.366
745,0,0,3204,1,820,4.8810,0.3319,0.462
746,0,0,3204,1,836,4.9762,0.3579,0.499
747,0,0,3204,1,853,5.0774,0.4683,0.519
748,1,78,3282,79,870,5.1786,0.6097,9.209
749,0,0,3282,1,849,5.0536,0.3666,0.371
750,0,0,3282,1,815,4.8512,0.3401,0.378
751,0,0,3282,1,819,4.8750,0.2848,0.359
752,0,0,3282,1,842,5.0119,0.3876,0.384
753,0,0,3282,1,860,5.1190,0.3639,0.413
754,0,0,3282,1,828,4.9286,0.3570,0.378
755,0,0,3282,1,799,4.7560,0.2872,0.460
756,0,0,3282,1,800,4.7619,0.2913,0.590
757,0,0,3282,1,841,5.0060,0.3471,0.494
758,0,0,3282,1,830,4.9405,0.3379,0.483
759,1,61,3343,62,837,4.9821,0.3535,2.414
760,0,0,3343,1,818,4.8690,0.3430,0.540
761,0,0,3343,1,893,5.3155,0.4264,0.513
762,0,0,3343,1,877,5.2202,0.4196,0.439
763,0,0,3343,1,840,5.0000,0.3066,0.366
764,0,0,3343,1,846,5.0357,0.3999,0.391
765,0,0,3343,1,876,5.2143,0.4227,0.412
766,0,0,3343,1,890,5.2976,0.4447,0.433
767,0,0,3343,1,828,4.9286,0.3151,0.365
768,0,0,3343,1,845,5.0298,0.3522,0.393
769,0,0,3343,1,831,4.9464,0.4104,0.360
770,0,0,3343,1,831,4.9464,0.3826,0.360
771,0,0,3343,1,838,4.9881,0.4367,0.385
772,0,0,3343,1,866,5.1548,0.3754,0.382
773,0,0,3343,1,828,4.9286,0.3909,0.391
774,0,0,3343,1,852,5.0714,0.4479,0.420
775,0,0,3343,1,864,5.1429,0.4551,0.442
776,0,0,3343,1,817,4.8631,0.3153,0.373
777,0,0,3343,1,788,4.6905,0.2838,0.336
778,0,0,3343,1,840,5.0000,0.3458,0.576
779,0,0,3343,1,835,4.9702,0.3904,0.569
780,0,0,3343,1,812,4.8333,0.3132,0.439
781,0,0,3343,1,838,4.9881,0.3916,1.806
782,0,0,3343,1,872,5.1905,0.4365,0.510
783,0,0,3343,1,862,5.1310,0.4646,0.519
784,0,0,3343,1,878,5.2262,0.4858,0.579
785,0,0,3343,1,839,4.9940,0.4098,0.504
786,0,0,3343,1,868,5.1667,0.4227,0.405
787,0,0,3343,1,848,5.0476,0.3706,0.375
788,0,0,3343,1,915,5.4464,0.6593,0.473
789,0,0,3343,1,864,5.1429,0.4067,0.398
790,0,0,3343,1,832,4.9524,0.5443,0.402
791,0,0,3343,1,844,5.0238,0.3829,0.370
792,0,0,3343,1,841,5.0060,0.3578,0.396
793,0,0,3343,1,835,4.9702,0.3624,0.373
794,0,0,3343,1,868,5.1667,0.3811,0.397
795,0,0,3343,1,810,4.8214,0.3231,0.379
796,0,0,3343,1,800,4.7619,0.3145,0.375
797,0,0,3343,1,826,4.9167,0.3136,0.376
798,0,0,3343,1,858,5.1071,0.3631,0.404
799,0,0,3343,1,793,4.7202,0.2746,0.358
800,0,0,3343,1,844,5.0238,0.3989,0.391
801,0,0,3343,1,876,5.2143,0.4425,0.419
802,0,0,3343,1,899,5.3512,0.3829,0.436
803,0,0,3343,1,821,4.8869,0.3484,0.370
804,0,0,3343,1,820,4.8810,0.2913,0.352
805,0,0,3343,1,855,5.0893,0.3619,0.397
806,0,0,3343,1,816,4.8571,0.3293,0.361
807,0,0,3343,1,828,4.9286,0.2790,0.551
808,0,0,3343,1,868,5.1667,0.4403,0.497
809,0,0,3343,1,844,5.0238,0.3917,0.426
810,0,0,3343,1,841,5.0060,0.3427,0.467
811,1,1,3344,2,849,5.0536,0.3994,0.662
812,0,0,3344,1,819,4.8750,0.3181,0.393
813,0,0,3344,1,816,4.8571,0.3512,0.474
814,0,0,3344,1,822,4.8929,0.3738,0.461
815,0,0,3344,1,794,4.7262,0.2757,0.428
816,0,0,3344,1,874,5.2024,0.3903,0.469
817,0,0,3344,1,840,5.0000,0.3997,0.426
818,0,0,3344,1,855,5.0893,0.4199,0.525
819,0,0,3344,1,794,4.7262,0.3191,0.348
820,1,3,3347,4,811,4.8274,0.3074,0.599
821,0,0,3347,1,869,5.1726,0.3765,0.509
822,0,0,3347,1,799,4.7560,0.2665,0.343
823,0,0,3347,1,821,4.8869,0.3115,0.406
824,0,0,3347,1,865,5.1488,0.3774,0.493
825,0,0,3347,1,875,5.2083,0.4505,0.441
826,0,0,3347,1,837,4.9821,0.3499,0.463
827,0,0,3347,1,771,4.5893,0.2948,0.361
828,0,0,3347,1,811,4.8274,0.3044,0.377
829,0,0,3347,1,830,4.9405,0.3210,0.468
830,0,0,3347,1,837,4.9821,0.3897,0.417
831,0,0,3347,1,839,4.9940,0.3498,0.364
832,0,0,3347,1,860,5.1190,0.3751,0.498
833,0,0,3347,1,761,4.5298,0.2377,0.396
834,0,0,3347,1,821,4.8869,0.3115,0.371
835,0,0,3347,1,799,4.7560,0.2853,0.365
836,0,0,3347,1,834,4.9643,0.3678,0.371
837,0,0,3347,1,828,4.9286,0.3228,0.364
838,0,0,3347,1,849,5.0536,0.2954,0.375
839,0,0,3347,1,824,4.9048,0.3676,0.375
840,0,0,3347,1,842,5.0119,0.3501,0.385
841,0,0,3347,1,857,5.1012,0.3811,0.422
842,0,0,3347,1,820,4.8810,0.3048,0.353
843,0,0,3347,1,864,5.1429,0.4220,0.408
844,0,0,3347,1,832,4.9524,0.3694,0.370
845,0,0,3347,1,829,4.9345,0.3722,0.377
846,0,0,3347,1,836,4.9762,0.3472,0.383
847,0,0,3347,1,921,5.4821,0.4969,0.481
848,0,0,3347,1,892,5.3095,0.4952,0.427
849,0,0,3347,1,828,4.9286,0.4083,0.387
850,0,0,3347,1,830,4.9405,0.3378,0.525
851,0,0,3347,1,856,5.0952,0.3587,0.448
852,0,0,3347,1,828,4.9286,0.3454,0.422
853,0,0,3347,1,847,5.0417,0.3332,0.369
854,0,0,3347,1,851,5.0655,0.3449,0.389
855,0,0,3347,1,877,5.2202,0.3627,0.418
856,0,0,3347,1,770,4.5833,0.2480,0.356
857,0,0,3347,1,814,4.8452,0.3402,0.436
858,0,0,3347,1,827,4.9226,0.4531,0.383
859,0,0,3347,1,833,4.9583,0.3362,0.474
860,0,0,3347,1,846,5.0357,0.3150,0.419
861,0,0,3347,1,863,5.1369,0.4149,0.436
862,0,0,3347,1,821,4.8869,0.3248,0.414
863,0,0,3347,1,844,5.0238,0.3660,0.435
864,0,0,3347,1,802,4.7738,0.2713,0.355
865,0,0,3347,1,861,5.1250,0.4953,0.486
866,0,0,3347,1,832,4.9524,0.3259,0.474
867,0,0,3347,1,841,5.0060,0.3515,0.401
868,0,0,3347,1,885,5.2679,0.4236,0.465
869,0,0,3347,1,867,5.1607,0.3734,0.468
870,0,0,3347,1,854,5.0833,0.3761,0.465
871,0,0,3347,1,827,4.9226,0.3034,0.439
872,0,0,3347,1,861,5.1250,0.3529,0.461
873,0,0,3347,1,831,4.9464,0.3494,0.439
874,0,0,3347,1,849,5.0536,0.3943,0.479
875,0,0,3347,1,846,5.0357,0.3759,0.396
876,1,2,3349,3,835,4.9702,0.3719,0.787
877,0,0,3349,1,810,4.8214,0.3202,0.430
878,0,0,3349,1,833,4.9583,0.3417,0.435
879,0,0,3349,1,829,4.9345,0.3680,0.388
880,0,0,3349,1,837,4.9821,0.3224,0.420
881,0,0,3349,1,882,5.2500,0.4069,0.470
882,0,0,3349,1,837,4.9821,0.3093,0.409
883,0,0,3349,1,834,4.9643,0.3307,0.425
884,0,0,3349,1,811,4.8274,0.2974,0.406
885,0,0,3349,1,864,5.1429,0.3698,0.459
886,0,0,3349,1,858,5.1071,0.4205,0.472
887,0,0,3349,1,823,4.8988,0.3066,0.424
888,0,0,3349,1,808,4.8095,0.3241,0.472
889,0,0,3349,1,823,4.8988,0.2922,0.362
890,0,0,3349,1,807,4.8036,0.2924,0.356
891,0,0,3349,1,853,5.0774,0.4624,0.425
892,0,0,3349,1,899,5.3512,0.5512,0.449
893,0,0,3349,1,835,4.9702,0.4086,0.385
894,0,0,3349,1,820,4.8810,0.3453,0.379
895,0,0,3349,1,855,5.0893,0.4099,0.402
896,0,0,3349,1,813,4.8393,0.3918,0.483
897,0,0,3349,1,829,4.9345,0.3735,0.576
898,0,0,3349,1,794,4.7262,0.3298,0.485
899,0,0,3349,1,818,4.8690,0.3004,0.563
900,0,0,3349,1,868,5.1667,0.3952,0.660
901,0,0,3349,1,855,5.0893,0.3624,0.563
902,1,100,3449,101,838,4.9881,0.3878,15.327
903,0,0,3449,1,810,4.8214,0.3339,0.465
904,0,0,3449,1,832,4.9524,0.4603,0.495
905,0,0,3449,1,846,5.0357,0.3777,0.636
906,0,0,3449,1,833,4.9583,0.3590,0.589
907,0,0,3449,1,814,4.8452,0.2857,0.570
908,0,0,3449,1,820,4.8810,0.3109,0.369
909,0,0,3449,1,803,4.7798,0.3489,0.355
910,0,0,3449,1,876,5.2143,0.3509,0.405
911,0,0,3449,1,829,4.9345,0.3262,0.369
912,0,0,3449,1,872,5.1905,0.3896,0.412
913,0,0,3449,1,816,4.8571,0.3581,0.365
914,0,0,3449,1,834,4.9643,0.4023,0.388
915,0,0,3449,1,860,5.1190,0.4430,0.406
916,0,0,3449,1,843,5.0179,0.3556,0.384
917,0,0,3449,1,884,5.2619,0.3560,0.416
918,0,0,3449,1,840,5.0000,0.3418,0.399
919,0,0,3449,1,839,4.9940,0.3379,0.383
920,0,0,3449,1,819,4.8750,0.3224,0.374
921,0,0,3449,1,832,4.9524,0.3345,0.403
922,0,0,3449,1,825,4.9107,0.3459,0.374
923,0,0,3449,1,826,4.9167,0.3593,0.389
924,0,0,3449,1,799,4.7560,0.2840,0.475
925,0,0,3449,1,863,5.1369,0.4253,0.634
926,0,0,3449,1,861,5.1250,0.3875,0.498
927,0,0,3449,1,854,5.0833,0.3591,0.493
928,0,0,3449,1,904,5.3810,0.3792,0.543
929,1,29,3478,30,887,5.2798,0.5423,14.654
930,0,0,3478,1,839,4.9940,0.3433,0.474
931,0,0,3478,1,807,4.8036,0.2749,0.551
932,0,0,3478,1,878,5.2262,0.4635,0.703
933,0,0,3478,1,876,5.2143,0.4121,0.627
934,0,0,3478,1,787,4.6845,0.3692,0.544
935,0,0,3478,1,841,5.0060,0.3373,0.604
936,0,0,3478,1,893,5.3155,0.3764,0.680
937,0,0,3478,1,798,4.7500,0.2692,0.462
938,0,0,3478,1,824,4.9048,0.3233,0.467
939,0,0,3478,1,832,4.9524,0.3445,0.368
940,0,0,3478,1,812,4.8333,0.3354,0.369
941,0,0,3478,1,850,5.0595,0.4234,0.391
942,0,0,3478,1,831,4.9464,0.3621,0.374
943,0,0,3478,1,837,4.9821,0.3225,0.383
944,0,0,3478,1,837,4.9821,0.3620,0.376
945,0,0,3478,1,794,4.7262,0.3171,0.352
946,0,0,3478,1,803,4.7798,0.3262,0.366
947,0,0,3478,1,878,5.2262,0.3988,0.407
948,1,1,3479,2,891,5.3036,0.4846,0.603
949,0,0,3479,1,843,5.0179,0.3349,0.395
950,0,0,3479,1,848,5.0476,0.3710,0.410
951,0,0,3479,1,821,4.8869,0.3601,0.378
952,1,5,3484,6,795,4.7321,0.3213,1.384
953,0,0,3484,1,869,5.1726,0.3505,0.582
954,0,0,3484,1,885,5.2679,0.4624,0.556
955,0,0,3484,1,813,4.8393,0.3749,0.501
956,0,0,3484,1,852,5.0714,0.4557,0.576
957,0,0,3484,1,860,5.1190,0.4146,0.647
958,0,0,3484,1,865,5.1488,0.3897,0.538
959,0,0,3484,1,845,5.0298,0.4521,0.509
960,0,0,3484,1,833,4.9583,0.3300,0.549
961,0,0,3484,1,841,5.0060,0.3755,0.484
962,0,0,3484,1,881,5.2440,0.4084,0.398
963,0,0,3484,1,795,4.7321,0.2999,0.334
964,0,0,3484,1,823,4.8988,0.3328,0.382
965,0,0,3484,1,850,5.0595,0.3933,0.402
966,0,0,3484,1,816,4.8571,0.3524,0.371
967,0,0,3484,1,799,4.7560,0.3007,0.346
968,0,0,3484,1,839,4.9940,0.4587,0.400
969,0,0,3484,1,851,5.0655,0.3677,0.400
970,0,0,3484,1,843,5.0179,0.4053,0.395
971,0,0,3484,1,844,5.0238,0.3545,0.384
972,0,0,3484,1,843,5.0179,0.4291,0.422
973,0,0,3484,1,836,4.9762,0.3998,0.417
974,0,0,3484,1,801,4.7679,0.2714,0.394
975,0,0,3484,1,837,4.9821,0.3642,0.407
976,0,0,3484,1,885,5.2679,0.4154,0.426
977,0,0,3484,1,826,4.9167,0.3226,0.623
978,0,0,3484,1,824,4.9048,0.3160,0.442
979,0,0,3484,1,843,5.0179,0.3940,0.509
980,0,0,3484,1,827,4.9226,0.2929,0.642
981,0,0,3484,1,842,5.0119,0.3465,0.564
982,0,0,3484,1,829,4.9345,0.3465,0.600
983,0,0,3484,1,846,5.0357,0.4239,0.671
984,0,0,3484,1,824,4.9048,0.4014,0.630
985,0,0,3484,1,771,4.5893,0.2646,0.385
986,1,1,3485,2,848,5.0476,0.4643,0.740
987,0,0,3485,1,903,5.3750,0.4168,0.448
988,1,5,3490,6,896,5.3333,0.4551,0.630
989,0,0,3490,1,836,4.9762,0.3646,0.391
990,0,0,3490,1,832,4.9524,0.2974,0.372
991,0,0,3490,1,804,4.7857,0.3625,0.363
992,0,0,3490,1,799,4.7560,0.2774,0.342
993,0,0,3490,1,843,5.0179,0.3971,0.401
994,0,0,3490,1,798,4.7500,0.3241,0.369
995,0,0,3490,1,827,4.9226,0.3293,0.392
996,0,0,3490,1,825,4.9107,0.3667,0.393
997,0,0,3490,1,852,5.0714,0.3919,0.413
998,0,0,3490,1,860,5.1190,0.3796,0.411
999,0,0,3490,1,815,4.8512,0.2563,0.367
1000,0,0,3490,1,869,5.1726,0.3727,0.413
1001,0,0,3490,1,887,5.2798,0.4214,0.558
1002,0,0,3490,1,830,4.9405,0.3594,0.609
1003,0,0,3490,1,833,4.9583,0.3073,0.558
1004,0,0,3490,1,846,5.0357,0.3680,0.579
1005,0,0,3490,1,834,4.9643,0.3725,0.458
1006,0,0,3490,1,852,5.0714,0.3847,0.576
1007,0,0,3490,1,840,5.0000,0.3780,0.601
1008,0,0,3490,1,810,4.8214,0.3409,0.526
1009,0,0,3490,1,881,5.2440,0.4234,0.467
1010,0,0,3490,1,832,4.9524,0.3597,0.402
1011,0,0,3490,1,854,5.0833,0.3988,0.402
1012,0,0,3490,1,818,4.8690,0.3432,0.388
1013,0,0,3490,1,847,5.0417,0.3458,0.382
1014,0,0,3490,1,827,4.9226,0.3250,0.377
1015,0,0,3490,1,817,4.8631,0.2974,0.358
1016,0,0,3490,1,900,5.3571,0.4835,0.442
1017,0,0,3490,1,851,5.0655,0.3599,0.402
1018,0,0,3490,1,849,5.0536,0.3502,0.403
1019,0,0,3490,1,811,4.8274,0.3123,0.382
1020,0,0,3490,1,779,4.6369,0.2850,0.348
1021,0,0,3490,1,856,5.0952,0.4123,0.422
1022,0,0,3490,1,795,4.7321,0.3208,0.388
1023,0,0,3490,1,839,4.9940,0.3281,0.440
1024,0,0,3490,1,801,4.7679,0.3050,0.559
1025,0,0,3490,1,827,4.9226,0.3454,0.533
1026,0,0,3490,1,829,4.9345,0.3411,0.589
1027,0,0,3490,1,825,4.9107,0.4000,0.593
1028,0,0,3490,1,785,4.6726,0.3126,0.418
1029,0,0,3490,1,841,5.0060,0.3468,0.608
1030,0,0,3490,1,851,5.0655,0.3583,0.588
1031,0,0,3490,1,881,5.2440,0.4254,0.424
1032,0,0,3490,1,862,5.1310,0.3983,0.398
1033,0,0,3490,1,827,4.9226,0.3464,0.371
1034,0,0,3490,1,779,4.6369,0.2388,0.334
1035,0,0,3490,1,822,4.8929,0.3440,0.376
1036,0,0,3490,1,851,5.0655,0.3555,0.394
1037,0,0,3490,1,828,4.9286,0.3646,0.403
1038,0,0,3490,1,802,4.7738,0.2830,0.428
1039,0,0,3490,1,809,4.8155,0.3536,0.390
1040,0,0,3490,1,818,4.8690,0.3393,0.395
1041,0,0,3490,1,816,4.8571,0.3995,0.425
1042,0,0,3490,1,839,4.9940,0.3041,0.403
1043,0,0,3490,1,799,4.7560,0.2823,0.367
1044,0,0,3490,1,843,5.0179,0.3403,0.424
1045,0,0,3490,1,785,4.6726,0.2543,0.363
1046,0,0,3490,1,861,5.1250,0.3546,0.391
1047,0,0,3490,1,818,4.8690,0.3200,0.366
1048,0,0,3490,1,817,4.8631,0.3572,0.364
1049,0,0,3490,1,845,5.0298,0.3324,0.382
1050,0,0,3490,1,848,5.0476,0.3950,0.395
1051,0,0,3490,1,830,4.9405,0.3691,0.437
1052,0,0,3490,1,857,5.1012,0.3713,0.579
1053,0,0,3490,1,875,5.2083,0.4936,0.450
1054,0,0,3490,1,797,4.7440,0.3206,0.502
1055,0,0,3490,1,808,4.8095,0.3758,0.432
1056,0,0,3490,1,848,5.0476,0.3690,0.422
1057,0,0,3490,1,850,5.0595,0.4213,0.487
1058,0,0,3490,1,832,4.9524,0.3807,0.468
1059,1,2022,5512,2000,777,4.6250,0.3609,1594.271
1060,1,1,5513,2,833,4.9583,0.3268,0.976
1061,0,0,5513,1,859,5.1131,0.3807,0.948
1062,0,0,5513,1,838,4.9881,0.3861,0.723
1063,0,0,5513,1,870,5.1786,0.4172,1.138
1064,0,0,5513,1,834,4.9643,0.3268,0.619
1065,0,0,5513,1,912,5.4286,0.4708,1.050
1066,0,0,5513,1,829,4.9345,0.3483,0.749
1067,0,0,5513,1,850,5.0595,0.3904,1.001
1068,0,0,5513,1,828,4.9286,0.3743,1.003
1069,1,30,5543,31,859,5.1131,0.4630,15.677
1070,0,0,5543,1,923,5.4940,0.4865,0.679
1071,0,0,5543,1,844,5.0238,0.3906,1.027
1072,0,0,5543,1,816,4.8571,0.3112,0.745
1073,0,0,5543,1,807,4.8036,0.3606,0.549
1074,0,0,5543,1,808,4.8095,0.3416,0.537
1075,0,0,5543,1,863,5.1369,0.5509,0.716
1076,0,0,5543,1,799,4.7560,0.2954,0.624
1077,0,0,5543,1,820,4.8810,0.3011,0.736
1078,0,0,5543,1,826,4.9167,0.3510,0.614
1079,0,0,5543,1,832,4.9524,0.3949,0.705
1080,0,0,5543,1,846,5.0357,0.3425,0.630
1081,0,0,5543,1,818,4.8690,0.3757,0.687
1082,0,0,5543,1,881,5.2440,0.4497,0.741
1083,0,0,5543,1,879,5.2321,0.3848,0.720
1084,0,0,5543,1,813,4.8393,0.3015,0.645
1085,0,0,5543,1,852,5.0714,0.3361,0.678
1086,0,0,5543,1,830,4.9405,0.3750,0.642
1087,0,0,5543,1,821,4.8869,0.2998,0.677
1088,0,0,5543,1,809,4.8155,0.2810,0.592
1089,0,0,5543,1,858,5.1071,0.3584,0.737
1090,0,0,5543,1,825,4.9107,0.3645,0.654
1091,0,0,5543,1,845,5.0298,0.3407,0.714
1092,0,0,5543,1,858,5.1071,0.4408,0.675
1093,1,3,5546,4,874,5.2024,0.4024,1.493
1094,0,0,5546,1,840,5.0000,0.3619,0.638
1095,0,0,5546,1,836,4.9762,0.3630,0.648
1096,1,11,5557,12,893,5.3155,0.4843,7.878
1097,0,0,5557,1,822,4.8929,0.2963,1.439
1098,0,0,5557,1,859,5.1131,0.4178,1.024
1099,0,0,5557,1,799,4.7560,0.3155,0.808
1100,0,0,5557,1,815,4.8512,0.3227,0.625
1101,0,0,5557,1,850,5.0595,0.4184,0.610
1102,0,0,5557,1,789,4.6964,0.3151,0.534
1103,0,0,5557,1,839,4.9940,0.3587,0.557
1104,0,0,5557,1,821,4.8869,0.3156,0.547
1105,0,0,5557,1,839,4.9940,0.3352,0.576
1106,0,0,5557,1,775,4.6131,0.2544,0.492
1107,0,0,5557,1,840,5.0000,0.3896,0.596
1108,0,0,5557,1,865,5.1488,0.3887,0.629
1109,0,0,5557,1,852,5.0714,0.4423,0.600
1110,0,0,5557,1,867,5.1607,0.4909,0.652
1111,0,0,5557,1,846,5.0357,0.3386,0.794
1112,0,0,5557,1,891,5.3036,0.4279,1.172
1113,0,0,5557,1,848,5.0476,0.3616,0.909
1114,0,0,5557,1,864,5.1429,0.3724,0.948
1115,0,0,5557,1,851,5.0655,0.3688,0.914
1116,0,0,5557,1,844,5.0238,0.4053,0.900
1117,0,0,5557,1,851,5.0655,0.3733,0.588
1118,0,0,5557,1,877,5.2202,0.3906,0.592
1119,0,0,5557,1,847,5.0417,0.3584,0.573
1120,0,0,5557,1,924,5.5000,0.5324,0.694
1121,0,0,5557,1,789,4.6964,0.2881,0.504
1122,0,0,5557,1,878,5.2262,0.4026,0.613
1123,0,0,5557,1,833,4.9583,0.3494,0.563
1124,0,0,5557,1,864,5.1429,0.4229,0.643
1125,0,0,5557,1,833,4.9583,0.3363,0.612
1126,0,0,5557,1,802,4.7738,0.3025,0.540
1127,0,0,5557,1,828,4.9286,0.3735,0.702
1128,0,0,5557,1,821,4.8869,0.3019,1.397
1129,0,0,5557,1,782,4.6548,0.2910,1.519
1130,0,0,5557,1,860,5.1190,0.3950,1.604
1131,0,0,5557,1,807,4.8036,0.2991,1.434
1132,0,0,5557,1,802,4.7738,0.3032,0.548
1133,0,0,5557,1,877,5.2202,0.4265,0.612
1134,0,0,5557,1,857,5.1012,0.3724,0.595
1135,0,0,5557,1,875,5.2083,0.3634,0.592
1136,0,0,5557,1,908,5.4048,0.4697,0.661
1137,0,0,5557,1,820,4.8810,0.3128,0.546
1138,0,0,5557,1,829,4.9345,0.3067,0.568
1139,0,0,5557,1,780,4.6429,0.3002,0.528
1140,0,0,5557,1,801,4.7679,0.3072,0.533
1141,0,0,5557,1,855,5.0893,0.3820,0.613
1142,0,0,5557,1,829,4.9345,0.2961,1.606
1143,0,0,5557,1,879,5.2321,0.4207,0.995
1144,0,0,5557,1,804,4.7857,0.2947,1.220
1145,0,0,5557,1,862,5.1310,0.3968,1.083
1146,0,0,5557,1,848,5.0476,0.3785,1.190
1147,0,0,5557,1,874,5.2024,0.4288,0.590
1148,0,0,5557,1,870,5.1786,0.3798,0.592
1149,0,0,5557,1,840,5.0000,0.3109,0.570
1150,0,0,5557,1,817,4.8631,0.3074,0.546
1151,1,1,5558,2,826,4.9167,0.3429,1.130
1152,0,0,5558,1,822,4.8929,0.3150,0.548
1153,0,0,5558,1,818,4.8690,0.3201,0.560
1154,0,0,5558,1,827,4.9226,0.3560,0.638
1155,0,0,5558,1,819,4.8750,0.3043,0.555
1156,0,0,5558,1,842,5.0119,0.4340,0.609
1157,0,0,5558,1,826,4.9167,0.3097,1.383
1158,0,0,5558,1,868,5.1667,0.4356,0.909
1159,0,0,5558,1,835,4.9702,0.3780,0.793
1160,0,0,5558,1,809,4.8155,0.2923,0.852
1161,0,0,5558,1,866,5.1548,0.3518,1.421
1162,0,0,5558,1,834,4.9643,0.3375,0.632
1163,0,0,5558,1,779,4.6369,0.3101,0.515
1164,0,0,5558,1,857,5.1012,0.3765,0.583
1165,0,0,5558,1,861,5.1250,0.3524,0.595
1166,0,0,5558,1,802,4.7738,0.2833,0.510
1167,0,0,5558,1,854,5.0833,0.3100,0.569
1168,0,0,5558,1,862,5.1310,0.4295,0.591
1169,0,0,5558,1,802,4.7738,0.3541,0.538
1170,0,0,5558,1,856,5.0952,0.3791,0.594
1171,1,13,5571,14,835,4.9702,0.4505,3.742
1172,0,0,5571,1,854,5.0833,0.3921,1.616
1173,0,0,5571,1,830,4.9405,0.3600,1.577
1174,0,0,5571,1,857,5.1012,0.3597,1.419
1175,0,0,5571,1,812,4.8333,0.2936,1.007
1176,1,6,5577,7,802,4.7738,0.3231,3.115
1177,0,0,5577,1,848,5.0476,0.3570,0.560
1178,0,0,5577,1,853,5.0774,0.3687,0.607
1179,0,0,5577,1,883,5.2560,0.4020,0.650
1180,0,0,5577,1,859,5.1131,0.3878,0.602
1181,0,0,5577,1,845,5.0298,0.3858,0.606
1182,0,0,5577,1,816,4.8571,0.2946,0.692
1183,0,0,5577,1,847,5.0417,0.3486,1.380
1184,0,0,5577,1,862,5.1310,0.3963,0.857
1185,0,0,5577,1,816,4.8571,0.3666,1.216
1186,0,0,5577,1,843,5.0179,0.3405,1.058
1187,0,0,5577,1,852,5.0714,0.3471,0.581
1188,0,0,5577,1,844,5.0238,0.3450,0.579
1189,0,0,5577,1,853,5.0774,0.3558,0.570
1190,0,0,5577,1,824,4.9048,0.3138,0.554
1191,0,0,5577,1,881,5.2440,0.4368,0.631
1192,0,0,5577,1,801,4.7679,0.3012,0.539
1193,0,0,5577,1,822,4.8929,0.3033,0.574
1194,1,1,5578,2,846,5.0357,0.3861,1.085
1195,0,0,5578,1,836,4.9762,0.3867,1.407
1196,0,0,5578,1,864,5.1429,0.4087,0.926
1197,0,0,5578,1,857,5.1012,0.3750,0.867
1198,0,0,5578,1,851,5.0655,0.3451,0.914
1199,0,0,5578,1,843,5.0179,0.3380,0.603
1200,0,0,5578,1,839,4.9940,0.3338,0.555
1201,0,0,5578,1,897,5.3393,0.4797,0.655
1202,0,0,5578,1,836,4.9762,0.3204,0.554
1203,0,0,5578,1,804,4.7857,0.3044,0.536
1204,0,0,5578,1,868,5.1667,0.3966,0.635
1205,0,0,5578,1,864,5.1429,0.4408,0.649
1206,0,0,5578,1,854,5.0833,0.3733,0.621
1207,0,0,5578,1,849,5.0536,0.3242,1.013
1208,0,0,5578,1,836,4.9762,0.3162,1.302
1209,1,32,5610,33,817,4.8631,0.3287,16.473
1210,0,0,5610,1,850,5.0595,0.3614,0.708
1211,0,0,5610,1,847,5.0417,0.3975,0.581
1212,1,1,5611,2,883,5.2560,0.5234,1.008
1213,0,0,5611,1,838,4.9881,0.3279,0.574
1214,0,0,5611,1,833,4.9583,0.3888,0.589
1215,0,0,5611,1,766,4.5595,0.2311,0.533
1216,1,26,5637,27,849,5.0536,0.4208,18.023
1217,0,0,5637,1,853,5.0774,0.4124,0.781
1218,0,0,5637,1,901,5.3631,0.4962,0.912
1219,0,0,5637,1,885,5.2679,0.4245,0.625
1220,0,0,5637,1,841,5.0060,0.4400,0.576
1221,0,0,5637,1,875,5.2083,0.4833,0.606
1222,1,3,5640,4,876,5.2143,0.3784,2.550
1223,0,0,5640,1,834,4.9643,0.3955,0.607
1224,0,0,5640,1,842,5.0119,0.3242,0.602
1225,0,0,5640,1,824,4.9048,0.3118,0.599
1226,0,0,5640,1,820,4.8810,0.3423,0.554
1227,0,0,5640,1,839,4.9940,0.3062,0.573
1228,0,0,5640,1,841,5.0060,0.3568,0.624
1229,0,0,5640,1,778,4.6310,0.2924,0.967
1230,0,0,5640,1,884,5.2619,0.5145,0.979
1231,0,0,5640,1,843,5.0179,0.3216,0.792
1232,0,0,5640,1,841,5.0060,0.3794,0.737
1233,0,0,5640,1,854,5.0833,0.3960,0.808
1234,0,0,5640,1,822,4.8929,0.3583,0.777
1235,0,0,5640,1,827,4.9226,0.4078,0.690
1236,0,0,5640,1,793,4.7202,0.2637,0.620
1237,0,0,5640,1,840,5.0000,0.4318,0.809
1238,0,0,5640,1,891,5.3036,0.5172,0.956
1239,0,0,5640,1,848,5.0476,0.3045,0.645
1240,0,0,5640,1,842,5.0119,0.3920,1.082
1241,0,0,5640,1,792,4.7143,0.2736,0.551
1242,0,0,5640,1,827,4.9226,0.3336,0.715
1243,0,0,5640,1,829,4.9345,0.3237,0.584
1244,0,0,5640,1,816,4.8571,0.2907,0.880
1245,0,0,5640,1,838,4.9881,0.3692,0.576
1246,0,0,5640,1,846,5.0357,0.3466,0.567
1247,0,0,5640,1,849,5.0536,0.3570,0.621
1248,0,0,5640,1,859,5.1131,0.4964,0.629
1249,0,0,5640,1,861,5.1250,0.3719,0.593
1250,0,0,5640,1,813,4.8393,0.3405,0.548
1251,0,0,5640,1,826,4.9167,0.3354,0.544
1252,0,0,5640,1,866,5.1548,0.4356,0.598
1253,0,0,5640,1,856,5.0952,0.3457,0.591
1254,0,0,5640,1,874,5.2024,0.4329,0.619
1255,0,0,5640,1,818,4.8690,0.2850,0.540
1256,0,0,5640,1,866,5.1548,0.3581,0.584
1257,0,0,5640,1,834,4.9643,0.3242,1.037
1258,0,0,5640,1,807,4.8036,0.3397,0.573
1259,0,0,5640,1,841,5.0060,0.3420,0.573
1260,0,0,5640,1,842,5.0119,0.3796,0.716
1261,0,0,5640,1,856,5.0952,0.3763,0.744
1262,1,10,5650,11,880,5.2381,0.5140,3.593
1263,0,0,5650,1,837,4.9821,0.3243,0.641
1264,0,0,5650,1,845,5.0298,0.4350,0.730
1265,0,0,5650,1,891,5.3036,0.4751,0.710
1266,0,0,5650,1,838,4.9881,0.3469,0.671
1267,0,0,5650,1,834,4.9643,0.3764,0.657
1268,0,0,5650,1,812,4.8333,0.2586,0.645
1269,0,0,5650,1,855,5.0893,0.3739,0.744
1270,0,0,5650,1,817,4.8631,0.3371,0.590
1271,0,0,5650,1,869,5.1726,0.4164,0.790
1272,0,0,5650,1,889,5.2917,0.4603,0.709
1273,0,0,5650,1,869,5.1726,0.4008,0.797
1274,0,0,5650,1,823,4.8988,0.3361,0.602
1275,0,0,5650,1,828,4.9286,0.3614,0.742
1276,0,0,5650,1,860,5.1190,0.4071,0.712
1277,0,0,5650,1,799,4.7560,0.2933,0.601
1278,0,0,5650,1,822,4.8929,0.3250,0.710
1279,0,0,5650,1,834,4.9643,0.3917,0.786
1280,0,0,5650,1,816,4.8571,0.3492,0.735
1281,0,0,5650,1,871,5.1845,0.4110,0.769
1282,0,0,5650,1,824,4.9048,0.3636,0.757
1283,0,0,5650,1,803,4.7798,0.3075,0.529
1284,0,0,5650,1,834,4.9643,0.3641,0.595
1285,0,0,5650,1,898,5.3452,0.4634,0.738
1286,1,2,5652,3,835,4.9702,0.3668,1.190
1287,0,0,5652,1,845,5.0298,0.4037,1.031
1288,0,0,5652,1,818,4.8690,0.3010,1.322
1289,0,0,5652,1,872,5.1905,0.3868,1.097
1290,0,0,5652,1,866,5.1548,0.3948,0.927
1291,0,0,5652,1,889,5.2917,0.4122,1.628
1292,0,0,5652,1,874,5.2024,0.3572,0.604
1293,0,0,5652,1,842,5.0119,0.3629,0.556
1294,0,0,5652,1,804,4.7857,0.3318,0.531
1295,0,0,5652,1,869,5.1726,0.3738,0.599
1296,1,2002,7654,2000,671,3.9940,0.3337,1844.937
1297,0,0,7654,1,905,5.3869,0.5280,0.848
1298,0,0,7654,1,879,5.2321,0.4498,0.998
1299,0,0,7654,1,831,4.9464,0.3709,0.809
1300,0,0,7654,1,820,4.8810,0.3484,0.913
1301,0,0,7654,1,822,4.8929,0.3166,2.010
1302,0,0,7654,1,802,4.7738,0.2777,2.178
1303,0,0,7654,1,797,4.7440,0.2917,1.397
1304,0,0,7654,1,839,4.9940,0.3473,0.729
1305,0,0,7654,1,806,4.7976,0.2715,0.673
1306,0,0,7654,1,842,5.0119,0.3760,0.784
1307,0,0,7654,1,850,5.0595,0.3890,1.065
1308,0,0,7654,1,802,4.7738,0.2759,1.291
1309,0,0,7654,1,832,4.9524,0.3387,1.256
1310,0,0,7654,1,855,5.0893,0.4047,1.199
1311,0,0,7654,1,844,5.0238,0.3444,0.716
1312,0,0,7654,1,888,5.2857,0.4055,1.178
1313,0,0,7654,1,890,5.2976,0.4378,1.387
1314,0,0,7654,1,825,4.9107,0.3792,1.619
1315,0,0,7654,1,804,4.7857,0.3180,1.728
1316,0,0,7654,1,803,4.7798,0.2812,1.369
1317,0,0,7654,1,795,4.7321,0.3289,1.845
1318,0,0,7654,1,831,4.9464,0.3345,1.524
1319,0,0,7654,1,847,5.0417,0.3936,2.159
1320,0,0,7654,1,847,5.0417,0.3897,1.673
1321,0,0,7654,1,824,4.9048,0.3089,1.995
1322,0,0,7654,1,866,5.1548,0.3432,0.744
1323,0,0,7654,1,786,4.6786,0.3177,0.657
1324,0,0,7654,1,860,5.1190,0.3945,0.786
1325,0,0,7654,1,779,4.6369,0.2939,0.689
1326,0,0,7654,1,814,4.8452,0.3414,0.699
1327,0,0,7654,1,828,4.9286,0.3474,0.690
1328,0,0,7654,1,856,5.0952,0.3457,0.823
1329,0,0,7654,1,905,5.3869,0.4255,0.880
1330,0,0,7654,1,863,5.1369,0.3766,1.748
1331,0,0,7654,1,866,5.1548,0.4625,0.813
1332,0,0,7654,1,827,4.9226,0.3303,1.066
1333,1,1,7655,2,838,4.9881,0.4382,1.544
1334,0,0,7655,1,823,4.8988,0.3376,1.037
1335,0,0,7655,1,824,4.9048,0.3694,1.127
1336,0,0,7655,1,825,4.9107,0.3098,1.219
1337,0,0,7655,1,890,5.2976,0.3944,1.482
1338,0,0,7655,1,835,4.9702,0.3267,1.370
1339,0,0,7655,1,880,5.2381,0.4153,1.482
1340,0,0,7655,1,888,5.2857,0.4092,1.186
1341,0,0,7655,1,831,4.9464,0.3856,1.278
1342,0,0,7655,1,797,4.7440,0.3184,0.878
1343,0,0,7655,1,813,4.8393,0.4002,1.085
1344,0,0,7655,1,839,4.9940,0.3851,1.236
1345,0,0,7655,1,820,4.8810,0.3122,1.077
1346,0,0,7655,1,809,4.8155,0.2903,0.757
1347,0,0,7655,1,849,5.0536,0.3370,0.938
1348,0,0,7655,1,835,4.9702,0.4092,1.515
1349,0,0,7655,1,830,4.9405,0.3004,3.194
1350,0,0,7655,1,851,5.0655,0.3882,3.201
1351,0,0,7655,1,799,4.7560,0.2582,0.682
1352,0,0,7655,1,851,5.0655,0.3534,0.745
1353,0,0,7655,1,827,4.9226,0.3395,0.700
1354,0,0,7655,1,871,5.1845,0.4461,0.808
1355,0,0,7655,1,832,4.9524,0.4017,0.890
1356,0,0,7655,1,804,4.7857,0.3001,0.911
1357,0,0,7655,1,860,5.1190,0.3773,1.919
1358,0,0,7655,1,818,4.8690,0.3112,3.022
1359,0,0,7655,1,869,5.1726,0.4459,2.753
1360,0,0,7655,1,826,4.9167,0.3958,0.723
1361,0,0,7655,1,814,4.8452,0.3736,0.706
1362,0,0,7655,1,869,5.1726,0.3628,0.758
1363,0,0,7655,1,873,5.1964,0.4203,0.819
1364,0,0,7655,1,847,5.0417,0.4142,0.969
1365,0,0,7655,1,819,4.8750,0.3229,0.819
1366,0,0,7655,1,823,4.8988,0.3001,1.218
1367,0,0,7655,1,835,4.9702,0.3447,3.154
1368,0,0,7655,1,826,4.9167,0.3247,2.718
1369,1,23,7678,24,848,5.0476,0.4296,22.544
1370,0,0,7678,1,865,5.1488,0.4222,0.823
1371,0,0,7678,1,840,5.0000,0.3223,0.945
1372,0,0,7678,1,835,4.9702,0.3578,0.905
1373,0,0,7678,1,812,4.8333,0.3125,3.046
1374,0,0,7678,1,817,4.8631,0.3340,2.346
1375,0,0,7678,1,801,4.7679,0.3196,2.126
1376,0,0,7678,1,848,5.0476,0.3324,0.740
1377,0,0,7678,1,861,5.1250,0.3718,0.752
1378,0,0,7678,1,803,4.7798,0.3123,0.677
1379,0,0,7678,1,850,5.0595,0.3668,0.752
1380,0,0,7678,1,814,4.8452,0.3415,0.748
1381,0,0,7678,1,815,4.8512,0.3440,0.768
1382,0,0,7678,1,865,5.1488,0.4059,0.935
1383,0,0,7678,1,815,4.8512,0.2779,0.828
1384,0,0,7678,1,842,5.0119,0.3208,4.490
1385,0,0,7678,1,861,5.1250,0.5308,2.589
1386,0,0,7678,1,866,5.1548,0.3926,0.765
1387,0,0,7678,1,795,4.7321,0.3356,0.676
1388,0,0,7678,1,864,5.1429,0.3766,0.782
1389,0,0,7678,1,798,4.7500,0.2729,0.734
1390,0,0,7678,1,879,5.2321,0.3698,0.975
1391,0,0,7678,1,870,5.1786,0.4352,1.045
1392,0,0,7678,1,778,4.6310,0.2412,1.711
1393,0,0,7678,1,843,5.0179,0.3461,2.599
1394,0,0,7678,1,827,4.9226,0.3892,1.601
1395,0,0,7678,1,839,4.9940,0.3165,0.725
1396,0,0,7678,1,830,4.9405,0.4048,0.745
1397,0,0,7678,1,831,4.9464,0.3553,0.865
1398,0,0,7678,1,807,4.8036,0.3440,0.816
1399,0,0,7678,1,882,5.2500,0.3879,0.953
1400,0,0,7678,1,872,5.1905,0.4846,3.233
1401,0,0,7678,1,863,5.1369,0.3739,2.600
1402,0,0,7678,1,823,4.8988,0.3024,0.730
1403,0,0,7678,1,851,5.0655,0.4644,0.756
1404,0,0,7678,1,855,5.0893,0.3483,1.021
1405,0,0,7678,1,836,4.9762,0.3113,1.528
1406,0,0,7678,1,844,5.0238,0.3600,1.464
1407,0,0,7678,1,802,4.7738,0.3517,1.089
1408,0,0,7678,1,803,4.7798,0.3027,0.661
1409,0,0,7678,1,838,4.9881,0.3240,1.139
1410,0,0,7678,1,768,4.5714,0.2821,1.044
1411,0,0,7678,1,902,5.3690,0.4200,1.868
1412,0,0,7678,1,847,5.0417,0.3258,1.643
1413,0,0,7678,1,837,4.9821,0.3629,1.925
1414,0,0,7678,1,884,5.2619,0.3960,1.484
1415,0,0,7678,1,834,4.9643,0.3523,1.937
1416,0,0,7678,1,890,5.2976,0.4771,1.657
1417,1,130,7808,131,860,5.1190,0.3831,20.228
1418,0,0,7808,1,819,4.8750,0.2746,1.397
1419,0,0,7808,1,821,4.8869,0.3462,1.312
1420,0,0,7808,1,867,5.1607,0.3840,1.554
1421,0,0,7808,1,825,4.9107,0.3385,1.091
1422,0,0,7808,1,860,5.1190,0.3329,1.473
1423,0,0,7808,1,850,5.0595,0.3871,1.331
1424,0,0,7808,1,859,5.1131,0.4238,1.187
1425,0,0,7808,1,815,4.8512,0.2855,1.087
1426,0,0,7808,1,883,5.2560,0.3746,1.121
1427,0,0,7808,1,816,4.8571,0.2989,0.967
1428,0,0,7808,1,806,4.7976,0.3040,0.932
1429,0,0,7808,1,795,4.7321,0.2818,0.777
1430,0,0,7808,1,838,4.9881,0.3351,2.361
1431,0,0,7808,1,851,5.0655,0.3992,3.612
1432,0,0,7808,1,834,4.9643,0.3203,1.761
1433,0,0,7808,1,850,5.0595,0.3272,0.758
1434,0,0,7808,1,785,4.6726,0.2959,0.656
1435,0,0,7808,1,849,5.0536,0.3622,0.741
1436,0,0,7808,1,856,5.0952,0.3842,0.860
1437,0,0,7808,1,842,5.0119,0.3977,0.894
1438,0,0,7808,1,840,5.0000,0.3821,0.891
1439,0,0,7808,1,817,4.8631,0.3195,2.428
1440,0,0,7808,1,819,4.8750,0.3541,2.247
1441,0,0,7808,1,815,4.8512,0.2964,2.357
1442,0,0,7808,1,882,5.2500,0.4638,0.828
1443,0,0,7808,1,870,5.1786,0.5212,0.832
1444,0,0,7808,1,866,5.1548,0.4439,0.815
1445,0,0,7808,1,820,4.8810,0.3298,0.734
1446,0,0,7808,1,845,5.0298,0.4086,0.881
1447,0,0,7808,1,851,5.0655,0.3565,0.903
1448,1,2,7810,3,839,4.9940,0.3902,1.406
1449,0,0,7810,1,806,4.7976,0.3176,2.986
1450,0,0,7810,1,832,4.9524,0.3499,2.358
1451,0,0,7810,1,845,5.0298,0.3457,1.807
1452,0,0,7810,1,893,5.3155,0.4404,0.820
1453,0,0,7810,1,878,5.2262,0.5192,0.849
1454,0,0,7810,1,834,4.9643,0.3747,0.759
1455,0,0,7810,1,833,4.9583,0.3386,0.728
1456,0,0,7810,1,862,5.1310,0.4095,1.015
1457,0,0,7810,1,905,5.3869,0.5572,1.065
1458,0,0,7810,1,942,5.6071,0.5830,3.601
1459,0,0,7810,1,819,4.8750,0.3885,3.867
1460,0,0,7810,1,839,4.9940,0.3565,0.751
1461,0,0,7810,1,837,4.9821,0.3701,0.729
1462,0,0,7810,1,849,5.0536,0.3844,0.769
1463,0,0,7810,1,835,4.9702,0.3667,0.758
1464,0,0,7810,1,859,5.1131,0.3859,0.857
1465,0,0,7810,1,858,5.1071,0.4521,1.044
1466,0,0,7810,1,816,4.8571,0.3038,0.818
1467,0,0,7810,1,837,4.9821,0.3404,2.755
1468,0,0,7810,1,852,5.0714,0.3964,3.153
1469,0,0,7810,1,851,5.0655,0.3372,1.784
1470,0,0,7810,1,852,5.0714,0.3711,0.767
1471,0,0,7810,1,816,4.8571,0.3526,0.727
1472,0,0,7810,1,825,4.9107,0.3456,0.730
1473,0,0,7810,1,897,5.3393,0.4385,0.910
1474,0,0,7810,1,835,4.9702,0.3029,1.003
1475,0,0,7810,1,884,5.2619,0.4347,0.960
1476,0,0,7810,1,834,4.9643,0.3694,2.559
1477,0,0,7810,1,825,4.9107,0.3191,2.463
1478,0,0,7810,1,849,5.0536,0.3053,1.755
1479,0,0,7810,1,877,5.2202,0.4528,0.840
1480,0,0,7810,1,905,5.3869,0.6980,0.940
1481,0,0,7810,1,820,4.8810,0.2939,0.774
1482,0,0,7810,1,851,5.0655,0.3503,1.053
1483,0,0,7810,1,862,5.1310,0.4692,1.256
1484,0,0,7810,1,845,5.0298,0.3676,1.735
1485,0,0,7810,1,829,4.9345,0.3879,0.876
1486,0,0,7810,1,847,5.0417,0.3609,0.781
1487,0,0,7810,1,825,4.9107,0.3269,0.985
1488,0,0,7810,1,890,5.2976,0.3945,1.433
1489,0,0,7810,1,836,4.9762,0.3903,1.550
1490,0,0,7810,1,783,4.6607,0.2410,1.414
1491,0,0,7810,1,864,5.1429,0.3673,1.398
1492,0,0,7810,1,879,5.2321,0.4242,2.299
1493,0,0,7810,1,875,5.2083,0.4593,1.969
1494,0,0,7810,1,861,5.1250,0.4210,1.761
1495,0,0,7810,1,816,4.8571,0.3526,1.653
1496,1,165,7975,165,793,4.7202,0.3598,155.401
1497,0,0,7975,1,896,5.3333,0.4514,0.860
1498,0,0,7975,1,858,5.1071,0.4396,0.794
1499,0,0,7975,1,830,4.9405,0.4000,0.878
1500,0,0,7975,1,804,4.7857,0.2630,0.931
1501,0,0,7975,1,847,5.0417,0.4006,0.884
1502,0,0,7975,1,833,4.9583,0.3189,2.277
1503,0,0,7975,1,820,4.8810,0.3198,2.265
1504,0,0,7975,1,842,5.0119,0.3607,1.079
1505,0,0,7975,1,825,4.9107,0.3733,0.747
1506,0,0,7975,1,835,4.9702,0.3503,0.836
1507,0,0,7975,1,856,5.0952,0.3646,0.914
1508,0,0,7975,1,883,5.2560,0.3955,1.000
1509,0,0,7975,1,878,5.2262,0.3890,3.186
1510,0,0,7975,1,821,4.8869,0.3343,2.346
1511,0,0,7975,1,805,4.7917,0.2937,0.749
1512,0,0,7975,1,798,4.7500,0.3709,0.735
1513,0,0,7975,1,851,5.0655,0.3838,0.859
1514,0,0,7975,1,860,5.1190,0.4770,1.005
1515,0,0,7975,1,798,4.7500,0.2953,0.953
1516,0,0,7975,1,815,4.8512,0.3075,2.872
1517,0,0,7975,1,869,5.1726,0.3820,2.433
1518,0,0,7975,1,803,4.7798,0.3043,0.710
1519,0,0,7975,1,800,4.7619,0.3482,0.723
1520,0,0,7975,1,837,4.9821,0.3660,0.828
1521,0,0,7975,1,834,4.9643,0.3554,0.921
1522,0,0,7975,1,779,4.6369,0.2634,0.792
1523,0,0,7975,1,900,5.3571,0.5596,3.420
1524,0,0,7975,1,839,4.9940,0.3608,2.159
1525,0,0,7975,1,833,4.9583,0.3348,0.770
1526,0,0,7975,1,851,5.0655,0.3549,0.824
1527,0,0,7975,1,851,5.0655,0.3903,1.080
1528,0,0,7975,1,829,4.9345,0.3970,1.006
1529,0,0,7975,1,832,4.9524,0.3930,2.149
1530,0,0,7975,1,834,4.9643,0.3219,2.603
1531,0,0,7975,1,814,4.8452,0.2956,0.749
1532,0,0,7975,1,865,5.1488,0.4664,0.816
1533,0,0,7975,1,873,5.1964,0.4393,1.314
1534,0,0,7975,1,869,5.1726,0.3849,1.122
1535,0,0,7975,1,805,4.7917,0.3522,0.986
1536,0,0,7975,1,790,4.7024,0.3056,1.242
1537,0,0,7975,1,831,4.9464,0.3410,0.758
1538,0,0,7975,1,842,5.0119,0.3502,0.933
1539,0,0,7975,1,868,5.1667,0.4345,1.726
1540,0,0,7975,1,837,4.9821,0.3397,1.692
1541,0,0,7975,1,828,4.9286,0.3296,1.602
1542,0,0,7975,1,840,5.0000,0.4042,1.803
1543,0,0,7975,1,804,4.7857,0.2755,1.473
1544,0,0,7975,1,827,4.9226,0.3632,1.526
1545,0,0,7975,1,839,4.9940,0.3647,1.645
1546,0,0,7975,1,889,5.2917,0.3946,2.376
1547,0,0,7975,1,800,4.7619,0.3212,1.714
1548,0,0,7975,1,889,5.2917,0.4211,0.827
1549,0,0,7975,1,866,5.1548,0.4288,0.820
1550,0,0,7975,1,838,4.9881,0.3065,0.755
1551,0,0,7975,1,859,5.1131,0.3462,0.793
1552,0,0,7975,1,873,5.1964,0.3581,0.793
1553,0,0,7975,1,845,5.0298,0.3670,0.858
1554,0,0,7975,1,827,4.9226,0.3255,0.775
1555,0,0,7975,1,822,4.8929,0.2963,1.703
1556,0,0,7975,1,840,5.0000,0.3269,0.817
1557,0,0,7975,1,890,5.2976,0.4283,1.259
1558,0,0,7975,1,817,4.8631,0.2893,1.154
1559,0,0,7975,1,869,5.1726,0.4549,1.262
1560,0,0,7975,1,813,4.8393,0.3435,1.174
1561,0,0,7975,1,837,4.9821,0.3396,1.255
1562,0,0,7975,1,828,4.9286,0.3243,1.030
1563,0,0,7975,1,859,5.1131,0.4163,1.432
1564,0,0,7975,1,901,5.3631,0.4912,1.392
1565,0,0,7975,1,853,5.0774,0.3882,1.361
1566,0,0,7975,1,871,5.1845,0.3686,1.331
1567,0,0,7975,1,816,4.8571,0.3338,1.250
1568,0,0,7975,1,798,4.7500,0.3060,0.920
1569,0,0,7975,1,927,5.5179,0.6979,1.327
1570,0,0,7975,1,826,4.9167,0.3261,1.135
1571,0,0,7975,1,854,5.0833,0.4220,0.868
1572,0,0,7975,1,871,5.1845,0.3802,0.883
1573,0,0,7975,1,794,4.7262,0.2916,2.198
1574,0,0,7975,1,818,4.8690,0.3289,2.241
1575,0,0,7975,1,816,4.8571,0.3508,2.633
1576,0,0,7975,1,864,5.1429,0.3730,0.858
1577,0,0,7975,1,829,4.9345,0.3252,0.761
1578,0,0,7975,1,868,5.1667,0.4179,0.785
1579,0,0,7975,1,809,4.8155,0.2890,0.719
1580,0,0,7975,1,852,5.0714,0.3671,0.811
1581,0,0,7975,1,861,5.1250,0.4008,0.851
1582,0,0,7975,1,880,5.2381,0.4345,0.852
1583,0,0,7975,1,898,5.3452,0.4675,3.447
1584,0,0,7975,1,833,4.9583,0.3364,2.140
1585,0,0,7975,1,864,5.1429,0.3251,1.380
1586,0,0,7975,1,836,4.9762,0.3834,0.754
1587,0,0,7975,1,864,5.1429,0.4827,0.884
1588,0,0,7975,1,809,4.8155,0.3505,0.734
1589,0,0,7975,1,836,4.9762,0.3139,0.707
1590,1,8,7983,9,846,5.0357,0.4009,2.561
1591,0,0,7983,1,868,5.1667,0.4601,1.039
1592,0,0,7983,1,836,4.9762,0.3338,3.020
1593,0,0,7983,1,817,4.8631,0.3500,3.045
1594,0,0,7983,1,837,4.9821,0.3721,0.871
1595,0,0,7983,1,826,4.9167,0.3038,0.754
1596,0,0,7983,1,832,4.9524,0.2849,0.779
1597,0,0,7983,1,795,4.7321,0.2991,0.708
1598,0,0,7983,1,840,5.0000,0.3499,0.753
1599,0,0,7983,1,840,5.0000,0.3478,0.796
1600,0,0,7983,1,846,5.0357,0.3693,0.807
1601,0,0,7983,1,825,4.9107,0.3171,0.827
1602,0,0,7983,1,827,4.9226,0.3424,2.034
1603,0,0,7983,1,870,5.1786,0.4342,3.154
1604,0,0,7983,1,865,5.1488,0.4074,1.870
1605,0,0,7983,1,872,5.1905,0.3871,0.806
1606,0,0,7983,1,901,5.3631,0.5098,0.910
1607,0,0,7983,1,780,4.6429,0.2815,0.651
1608,0,0,7983,1,810,4.8214,0.3074,0.696
1609,0,0,7983,1,850,5.0595,0.3626,0.857
1610,0,0,7983,1,807,4.8036,0.2751,0.773
1611,0,0,7983,1,793,4.7202,0.2708,0.764
1612,0,0,7983,1,814,4.8452,0.3204,2.007
1613,0,0,7983,1,839,4.9940,0.3304,2.679
1614,0,0,7983,1,824,4.9048,0.3342,1.709
1615,0,0,7983,1,874,5.2024,0.3831,0.785
1616,0,0,7983,1,863,5.1369,0.4949,0.816
1617,1,1,7984,2,849,5.0536,0.3661,0.894
1618,0,0,7984,1,821,4.8869,0.3045,0.729
1619,0,0,7984,1,796,4.7381,0.2893,0.726
1620,0,0,7984,1,813,4.8393,0.2846,0.773
1621,0,0,7984,1,842,5.0119,0.3840,0.868
1622,0,0,7984,1,845,5.0298,0.4914,0.840
1623,0,0,7984,1,834,4.9643,0.3653,1.590
1624,0,0,7984,1,809,4.8155,0.2744,1.673
1625,0,0,7984,1,862,5.1310,0.4182,3.560
1626,0,0,7984,1,811,4.8274,0.2945,0.691
1627,0,0,7984,1,823,4.8988,0.2886,0.750
1628,0,0,7984,1,806,4.7976,0.3072,0.708
1629,0,0,7984,1,828,4.9286,0.3634,0.782
1630,0,0,7984,1,858,5.1071,0.3909,0.851
1631,0,0,7984,1,858,5.1071,0.3917,0.838
1632,0,0,7984,1,813,4.8393,0.3407,1.743
1633,0,0,7984,1,860,5.1190,0.4224,3.277
1634,0,0,7984,1,832,4.9524,0.3745,0.974
1635,0,0,7984,1,812,4.8333,0.3013,0.725
1636,0,0,7984,1,833,4.9583,0.3185,0.755
1637,0,0,7984,1,818,4.8690,0.3815,0.776
1638,0,0,7984,1,846,5.0357,0.4457,1.011
1639,0,0,7984,1,835,4.9702,0.3312,0.841
1640,0,0,7984,1,874,5.2024,0.4122,0.904
1641,0,0,7984,1,827,4.9226,0.3317,0.874
1642,0,0,7984,1,829,4.9345,0.3126,0.756
1643,0,0,7984,1,808,4.8095,0.3024,0.816
1644,0,0,7984,1,806,4.7976,0.2969,1.430
1645,0,0,7984,1,850,5.0595,0.4351,1.662
1646,0,0,7984,1,844,5.0238,0.3473,1.795
1647,0,0,7984,1,847,5.0417,0.3493,1.233
1648,0,0,7984,1,829,4.9345,0.3768,0.873
1649,0,0,7984,1,851,5.0655,0.4114,1.285
1650,1,275,8259,275,854,5.0833,0.4613,184.630
1651,0,0,8259,1,802,4.7738,0.3457,1.018
1652,0,0,8259,1,848,5.0476,0.3619,1.100
1653,0,0,8259,1,857,5.1012,0.3979,0.851
1654,0,0,8259,1,858,5.1071,0.4344,0.879
1655,0,0,8259,1,776,4.6190,0.3181,0.806
1656,0,0,8259,1,848,5.0476,0.3579,3.186
1657,0,0,8259,1,799,4.7560,0.2846,1.924
1658,0,0,8259,1,808,4.8095,0.2721,1.640
1659,0,0,8259,1,810,4.8214,0.3020,0.727
1660,0,0,8259,1,850,5.0595,0.3131,0.756
1661,0,0,8259,1,812,4.8333,0.3103,0.735
1662,0,0,8259,1,803,4.7798,0.2719,0.735
1663,0,0,8259,1,860,5.1190,0.3619,0.872
1664,0,0,8259,1,800,4.7619,0.3002,0.797
1665,0,0,8259,1,855,5.0893,0.3625,0.837
1666,0,0,8259,1,751,4.4702,0.2792,1.435
1667,0,0,8259,1,823,4.8988,0.3211,2.193
1668,0,0,8259,1,837,4.9821,0.3869,2.263
1669,0,0,8259,1,805,4.7917,0.3008,1.197
1670,0,0,8259,1,777,4.6250,0.2649,0.682
1671,0,0,8259,1,858,5.1071,0.3765,0.818
1672,0,0,8259,1,852,5.0714,0.3615,0.775
1673,0,0,8259,1,830,4.9405,0.3037,0.761
1674,0,0,8259,1,860,5.1190,0.4853,0.906
1675,0,0,8259,1,897,5.3393,0.4628,0.924
1676,0,0,8259,1,860,5.1190,0.3568,0.885
1677,0,0,8259,1,810,4.8214,0.3350,1.792
1678,0,0,8259,1,831,4.9464,0.3204,2.042
1679,0,0,8259,1,845,5.0298,0.3417,3.189
1680,0,0,8259,1,851,5.0655,0.3411,0.803
1681,0,0,8259,1,852,5.0714,0.3443,0.812
1682,0,0,8259,1,805,4.7917,0.3011,0.713
1683,0,0,8259,1,901,5.3631,0.4625,0.881
1684,0,0,8259,1,878,5.2262,0.4913,0.848
1685,0,0,8259,1,818,4.8690,0.3379,0.737
1686,0,0,8259,1,829,4.9345,0.3685,0.915
1687,0,0,8259,1,812,4.8333,0.3247,0.821
1688,0,0,8259,1,824,4.9048,0.3256,1.367
1689,0,0,8259,1,864,5.1429,0.3990,2.086
1690,0,0,8259,1,903,5.3750,0.4460,2.091
1691,0,0,8259,1,845,5.0298,0.3746,1.580
1692,0,0,8259,1,873,5.1964,0.3530,0.810
1693,0,0,8259,1,879,5.2321,0.4187,0.837
1694,0,0,8259,1,901,5.3631,0.4498,0.875
1695,0,0,8259,1,832,4.9524,0.3549,0.788
1696,0,0,8259,1,860,5.1190,0.3997,0.893
1697,0,0,8259,1,813,4.8393,0.3413,0.899
1698,0,0,8259,1,859,5.1131,0.4135,1.353
1699,0,0,8259,1,815,4.8512,0.3454,4.034
1700,0,0,8259,1,879,5.2321,0.3910,2.173
1701,0,0,8259,1,894,5.3214,0.5577,0.904
1702,0,0,8259,1,886,5.2738,0.4044,0.868
1703,0,0,8259,1,773,4.6012,0.2503,0.751
1704,0,0,8259,1,829,4.9345,0.3436,0.869
1705,0,0,8259,1,858,5.1071,0.4409,0.919
1706,0,0,8259,1,874,5.2024,0.3833,1.399
1707,0,0,8259,1,846,5.0357,0.4117,1.242
1708,0,0,8259,1,808,4.8095,0.2745,0.728
1709,0,0,8259,1,820,4.8810,0.3121,1.147
1710,0,0,8259,1,862,5.1310,0.4096,1.328
1711,0,0,8259,1,871,5.1845,0.5948,2.055
1712,0,0,8259,1,849,5.0536,0.4815,1.362
1713,0,0,8259,1,847,5.0417,0.3328,1.479
1714,0,0,8259,1,826,4.9167,0.3169,1.677
1715,0,0,8259,1,840,5.0000,0.3783,1.965
1716,0,0,8259,1,844,5.0238,0.3662,1.304
1717,0,0,8259,1,887,5.2798,0.4082,2.267
1718,1,1,8260,2,837,4.9821,0.3905,2.017
1719,0,0,8260,1,832,4.9524,0.4136,0.806
1720,0,0,8260,1,877,5.2202,0.3711,0.817
1721,0,0,8260,1,802,4.7738,0.2964,0.722
1722,0,0,8260,1,834,4.9643,0.3969,0.776
1723,0,0,8260,1,806,4.7976,0.3000,0.721
1724,0,0,8260,1,898,5.3452,0.4364,1.047
1725,0,0,8260,1,886,5.2738,0.4345,1.904
1726,0,0,8260,1,838,4.9881,0.3434,0.731
1727,0,0,8260,1,907,5.3988,0.5271,1.142
1728,0,0,8260,1,847,5.0417,0.3580,1.276
1729,0,0,8260,1,856,5.0952,0.3626,1.228
1730,0,0,8260,1,884,5.2619,0.3662,1.226
1731,0,0,8260,1,794,4.7262,0.2910,1.081
1732,0,0,8260,1,891,5.3036,0.4050,1.782
1733,0,0,8260,1,836,4.9762,0.3495,1.422
1734,0,0,8260,1,826,4.9167,0.3541,1.406
1735,0,0,8260,1,844,5.0238,0.3773,1.402
1736,0,0,8260,1,826,4.9167,0.3081,1.370
1737,0,0,8260,1,830,4.9405,0.3482,1.333
1738,0,0,8260,1,860,5.1190,0.3747,1.608
1739,0,0,8260,1,801,4.7679,0.3261,1.394
1740,1,2,8262,3,810,4.8214,0.3023,0.991
1741,0,0,8262,1,827,4.9226,0.3437,0.978
1742,0,0,8262,1,871,5.1845,0.3529,2.438
1743,0,0,8262,1,861,5.1250,0.4213,2.786
1744,0,0,8262,1,831,4.9464,0.3644,2.331
1745,0,0,8262,1,836,4.9762,0.3548,0.797
1746,0,0,8262,1,868,5.1667,0.4097,0.852
1747,0,0,8262,1,850,5.0595,0.4022,0.787
1748,0,0,8262,1,861,5.1250,0.4106,0.855
1749,0,0,8262,1,819,4.8750,0.3242,1.012
1750,0,0,8262,1,801,4.7679,0.3580,0.997
1751,0,0,8262,1,852,5.0714,0.3725,2.932
1752,0,0,8262,1,817,4.8631,0.3441,2.321
1753,0,0,8262,1,864,5.1429,0.4261,2.292
1754,0,0,8262,1,841,5.0060,0.3818,0.778
1755,0,0,8262,1,852,5.0714,0.3522,0.787
1756,0,0,8262,1,855,5.0893,0.3592,0.790
1757,0,0,8262,1,860,5.1190,0.4483,0.860
1758,0,0,8262,1,873,5.1964,0.4435,0.895
1759,0,0,8262,1,868,5.1667,0.4218,0.966
1760,0,0,8262,1,804,4.7857,0.3570,1.139
1761,0,0,8262,1,872,5.1905,0.3723,2.258
1762,0,0,8262,1,779,4.6369,0.2669,2.534
1763,1,55,8317,56,799,4.7560,0.3436,27.616
1764,0,0,8317,1,868,5.1667,0.3731,3.789
1765,1,3,8320,4,846,5.0357,0.3510,4.817
1766,0,0,8320,1,812,4.8333,0.3339,0.760
1767,0,0,8320,1,837,4.9821,0.3687,0.803
1768,0,0,8320,1,854,5.0833,0.4259,0.846
1769,0,0,8320,1,825,4.9107,0.3611,0.825
1770,0,0,8320,1,821,4.8869,0.2946,0.884
1771,0,0,8320,1,877,5.2202,0.3915,0.994
1772,0,0,8320,1,809,4.8155,0.3166,3.216
1773,1,1,8321,2,815,4.8512,0.3993,2.826
1774,0,0,8321,1,838,4.9881,0.3343,0.759
1775,0,0,8321,1,801,4.7679,0.2680,0.743
1776,0,0,8321,1,866,5.1548,0.5133,0.877
1777,0,0,8321,1,853,5.0774,0.3554,0.866
1778,0,0,8321,1,825,4.9107,0.3279,0.928
1779,0,0,8321,1,861,5.1250,0.3779,1.652
1780,0,0,8321,1,813,4.8393,0.3120,1.985
1781,0,0,8321,1,863,5.1369,0.3906,2.401
1782,0,0,8321,1,819,4.8750,0.3698,0.778
1783,0,0,8321,1,823,4.8988,0.3132,0.730
1784,0,0,8321,1,829,4.9345,0.3352,0.786
1785,0,0,8321,1,838,4.9881,0.3732,0.864
1786,0,0,8321,1,796,4.7381,0.2789,0.819
1787,0,0,8321,1,881,5.2440,0.4348,0.980
1788,0,0,8321,1,823,4.8988,0.3345,0.838
1789,0,0,8321,1,819,4.8750,0.3414,0.763
1790,1,1,8322,2,814,4.8452,0.3525,1.250
1791,0,0,8322,1,890,5.2976,0.4144,1.649
1792,0,0,8322,1,879,5.2321,0.4228,1.707
1793,0,0,8322,1,885,5.2679,0.4546,1.444
1794,0,0,8322,1,813,4.8393,0.3099,1.232
1795,0,0,8322,1,833,4.9583,0.3784,1.447
1796,0,0,8322,1,821,4.8869,0.3165,1.154
1797,0,0,8322,1,807,4.8036,0.3265,1.023
1798,0,0,8322,1,817,4.8631,0.3136,1.497
1799,0,0,8322,1,811,4.8274,0.3070,1.737
1800,0,0,8322,1,826,4.9167,0.3329,1.732
1801,0,0,8322,1,808,4.8095,0.2996,0.719
1802,0,0,8322,1,822,4.8929,0.3062,0.760
1803,0,0,8322,1,838,4.9881,0.3575,0.777
1804,0,0,8322,1,776,4.6190,0.2661,0.687
1805,0,0,8322,1,834,4.9643,0.3737,0.790
1806,0,0,8322,1,819,4.8750,0.3324,0.754
1807,0,0,8322,1,857,5.1012,0.4904,0.914
1808,0,0,8322,1,867,5.1607,0.5355,0.896
1809,0,0,8322,1,882,5.2500,0.5060,1.666
1810,0,0,8322,1,835,4.9702,0.3318,0.768
1811,0,0,8322,1,813,4.8393,0.3521,0.962
1812,0,0,8322,1,852,5.0714,0.3564,1.089
1813,0,0,8322,1,795,4.7321,0.3488,1.050
1814,0,0,8322,1,834,4.9643,0.3470,1.001
1815,0,0,8322,1,894,5.3214,0.3950,1.328
1816,0,0,8322,1,870,5.1786,0.4459,1.151
1817,0,0,8322,1,817,4.8631,0.3116,1.201
1818,0,0,8322,1,789,4.6964,0.3138,0.957
1819,0,0,8322,1,862,5.1310,0.4523,1.058
1820,0,0,8322,1,866,5.1548,0.3512,1.004
1821,0,0,8322,1,818,4.8690,0.3267,1.165
1822,0,0,8322,1,840,5.0000,0.3427,1.030
1823,0,0,8322,1,850,5.0595,0.3633,1.045
1824,0,0,8322,1,857,5.1012,0.3649,0.991
1825,0,0,8322,1,809,4.8155,0.3427,0.919
1826,0,0,8322,1,877,5.2202,0.4849,0.989
1827,0,0,8322,1,840,5.0000,0.3736,0.850
1828,0,0,8322,1,809,4.8155,0.2993,1.589
1829,0,0,8322,1,906,5.3929,0.4237,2.822
1830,0,0,8322,1,781,4.6488,0.2717,1.850
1831,0,0,8322,1,844,5.0238,0.3188,0.860
1832,0,0,8322,1,835,4.9702,0.3468,0.747
1833,0,0,8322,1,872,5.1905,0.4251,0.834
1834,0,0,8322,1,860,5.1190,0.3568,0.815
1835,0,0,8322,1,832,4.9524,0.3889,0.777
1836,0,0,8322,1,900,5.3571,0.5200,1.024
1837,0,0,8322,1,852,5.0714,0.4416,0.886
1838,0,0,8322,1,820,4.8810,0.3097,2.023
1839,0,0,8322,1,835,4.9702,0.4055,3.060
1840,0,0,8322,1,838,4.9881,0.3635,1.863
1841,0,0,8322,1,855,5.0893,0.4482,0.820
1842,0,0,8322,1,854,5.0833,0.3377,0.822
1843,0,0,8322,1,798,4.7500,0.3192,0.750
1844,0,0,8322,1,807,4.8036,0.3382,0.731
1845,0,0,8322,1,846,5.0357,0.4153,0.819
1846,0,0,8322,1,852,5.0714,0.3364,0.862
1847,0,0,8322,1,786,4.6786,0.2764,0.797
1848,0,0,8322,1,861,5.1250,0.4226,1.050
1849,0,0,8322,1,897,5.3393,0.4144,3.275
1850,0,0,8322,1,855,5.0893,0.3722,2.147
1851,0,0,8322,1,813,4.8393,0.2560,1.044
1852,0,0,8322,1,829,4.9345,0.3327,0.778
1853,0,0,8322,1,842,5.0119,0.3732,0.771
1854,0,0,8322,1,816,4.8571,0.3135,0.774
1855,0,0,8322,1,884,5.2619,0.4090,0.884
1856,0,0,8322,1,825,4.9107,0.3322,0.775
1857,0,0,8322,1,836,4.9762,0.3268,0.806
1858,0,0,8322,1,860,5.1190,0.4896,0.895
1859,0,0,8322,1,880,5.2381,0.4462,1.427
1860,0,0,8322,1,776,4.6190,0.2697,2.355
1861,0,0,8322,1,835,4.9702,0.3530,1.931
1862,0,0,8322,1,842,5.0119,0.4268,1.529
1863,0,0,8322,1,865,5.1488,0.3556,0.811
1864,0,0,8322,1,838,4.9881,0.2992,0.772
1865,0,0,8322,1,843,5.0179,0.3694,0.777
1866,0,0,8322,1,852,5.0714,0.3460,0.835
1867,0,0,8322,1,836,4.9762,0.3033,0.851
1868,0,0,8322,1,857,5.1012,0.3793,0.879
1869,0,0,8322,1,860,5.1190,0.3971,0.926
1870,0,0,8322,1,802,4.7738,0.3295,1.988
1871,0,0,8322,1,825,4.9107,0.3033,2.942
1872,0,0,8322,1,865,5.1488,0.4511,1.321
1873,0,0,8322,1,845,5.0298,0.3592,0.817
1874,0,0,8322,1,869,5.1726,0.4171,0.876
1875,0,0,8322,1,811,4.8274,0.3081,0.765
1876,0,0,8322,1,807,4.8036,0.3234,0.821
1877,0,0,8322,1,873,5.1964,0.4007,0.926
1878,0,0,8322,1,812,4.8333,0.3281,0.833
1879,0,0,8322,1,848,5.0476,0.3223,1.003
1880,0,0,8322,1,830,4.9405,0.3924,0.797
1881,0,0,8322,1,842,5.0119,0.3821,0.811
1882,0,0,8322,1,847,5.0417,0.3493,1.493
1883,0,0,8322,1,869,5.1726,0.4464,1.444
1884,0,0,8322,1,860,5.1190,0.3798,1.184
1885,0,0,8322,1,788,4.6905,0.3146,0.970
1886,0,0,8322,1,804,4.7857,0.3376,1.266
1887,0,0,8322,1,867,5.1607,0.3718,1.442
1888,1,806,9128,803,839,4.9940,0.4017,584.317
1889,0,0,9128,1,817,4.8631,0.3048,0.909
1890,0,0,9128,1,827,4.9226,0.3131,1.031
1891,0,0,9128,1,869,5.1726,0.3875,1.199
1892,0,0,9128,1,787,4.6845,0.2759,1.092
1893,1,3,9131,4,841,5.0060,0.3335,3.451
1894,0,0,9131,1,865,5.1488,0.4659,1.265
1895,1,107,9238,107,905,5.3869,0.5542,94.140
1896,1,1,9239,2,809,4.8155,0.2999,1.509
1897,0,0,9239,1,810,4.8214,0.3025,0.813
1898,0,0,9239,1,799,4.7560,0.3080,0.849
1899,0,0,9239,1,822,4.8929,0.3611,0.979
1900,0,0,9239,1,834,4.9643,0.3894,1.886
1901,0,0,9239,1,805,4.7917,0.3049,3.693
1902,0,0,9239,1,805,4.7917,0.2939,2.124
1903,0,0,9239,1,855,5.0893,0.4135,0.923
1904,0,0,9239,1,755,4.4940,0.2569,0.720
1905,0,0,9239,1,832,4.9524,0.3087,0.849
1906,0,0,9239,1,854,5.0833,0.4052,0.896
1907,0,0,9239,1,814,4.8452,0.4020,0.855
1908,0,0,9239,1,838,4.9881,0.3599,0.920
1909,0,0,9239,1,825,4.9107,0.3252,0.932
1910,0,0,9239,1,830,4.9405,0.3076,2.246
1911,0,0,9239,1,835,4.9702,0.3580,3.154
1912,0,0,9239,1,824,4.9048,0.3129,1.004
1913,0,0,9239,1,869,5.1726,0.3641,0.909
1914,0,0,9239,1,814,4.8452,0.4284,0.886
1915,0,0,9239,1,816,4.8571,0.3326,0.877
1916,0,0,9239,1,802,4.7738,0.2813,0.989
1917,0,0,9239,1,880,5.2381,0.4070,1.198
1918,0,0,9239,1,881,5.2440,0.4764,1.078
1919,0,0,9239,1,847,5.0417,0.4157,0.945
1920,0,0,9239,1,859,5.1131,0.4012,1.000
1921,0,0,9239,1,870,5.1786,0.4781,1.792
1922,0,0,9239,1,835,4.9702,0.3252,1.528
1923,0,0,9239,1,785,4.6726,0.3204,1.638
1924,0,0,9239,1,838,4.9881,0.3570,1.858
1925,0,0,9239,1,852,5.0714,0.4556,1.549
1926,0,0,9239,1,866,5.1548,0.5762,1.592
1927,0,0,9239,1,805,4.7917,0.3336,1.721
1928,0,0,9239,1,865,5.1488,0.3519,1.641
1929,0,0,9239,1,813,4.8393,0.3340,1.346
1930,0,0,9239,1,823,4.8988,0.2798,0.830
1931,0,0,9239,1,808,4.8095,0.3220,0.806
1932,0,0,9239,1,883,5.2560,0.4571,0.962
1933,0,0,9239,1,849,5.0536,0.3129,0.877
1934,0,0,9239,1,850,5.0595,0.3674,0.889
1935,0,0,9239,1,800,4.7619,0.3090,0.866
1936,0,0,9239,1,820,4.8810,0.3386,1.082
1937,0,0,9239,1,809,4.8155,0.3136,1.237
1938,0,0,9239,1,876,5.2143,0.4322,1.046
1939,0,0,9239,1,830,4.9405,0.3197,1.111
1940,0,0,9239,1,804,4.7857,0.3551,1.208
1941,0,0,9239,1,817,4.8631,0.2700,1.115
1942,0,0,9239,1,834,4.9643,0.3459,1.405
1943,0,0,9239,1,842,5.0119,0.3555,1.382
1944,0,0,9239,1,791,4.7083,0.2902,1.341
1945,0,0,9239,1,841,5.0060,0.3580,1.209
1946,0,0,9239,1,806,4.7976,0.3347,1.252
1947,0,0,9239,1,832,4.9524,0.3549,1.439
1948,0,0,9239,1,816,4.8571,0.3257,1.301
1949,0,0,9239,1,848,5.0476,0.3463,1.265
1950,0,0,9239,1,851,5.0655,0.3776,1.173
1951,1,2,9241,3,873,5.1964,0.3867,1.129
1952,0,0,9241,1,819,4.8750,0.3791,0.963
1953,0,0,9241,1,838,4.9881,0.3585,1.373
1954,0,0,9241,1,825,4.9107,0.3089,2.407
1955,0,0,9241,1,780,4.6429,0.2993,3.259
1956,0,0,9241,1,853,5.0774,0.4074,0.914
1957,1,16,9257,17,876,5.2143,0.4020,6.251
1958,0,0,9257,1,808,4.8095,0.3285,3.014
1959,0,0,9257,1,871,5.1845,0.4086,3.219
1960,0,0,9257,1,811,4.8274,0.3863,0.880
1961,0,0,9257,1,871,5.1845,0.4460,0.957
1962,1,3,9260,4,858,5.1071,0.3984,2.295
1963,1,1,9261,2,835,4.9702,0.3014,1.169
1964,0,0,9261,1,805,4.7917,0.3512,1.004
1965,0,0,9261,1,836,4.9762,0.3736,0.949
1966,0,0,9261,1,849,5.0536,0.3408,2.886
1967,0,0,9261,1,804,4.7857,0.3262,2.637
1968,0,0,9261,1,801,4.7679,0.3668,0.850
1969,0,0,9261,1,808,4.8095,0.3050,0.810
1970,1,1245,10506,1244,842,5.0119,0.4544,1595.439
1971,0,0,10506,1,888,5.2857,0.4333,2.018
1972,0,0,10506,1,847,5.0417,0.3496,1.945
1973,0,0,10506,1,872,5.1905,0.4313,1.106
1974,0,0,10506,1,842,5.0119,0.3381,0.979
1975,0,0,10506,1,857,5.1012,0.3943,1.040
1976,0,0,10506,1,875,5.2083,0.4447,1.038
1977,0,0,10506,1,814,4.8452,0.3426,0.962
1978,0,0,10506,1,877,5.2202,0.4174,1.208
1979,0,0,10506,1,835,4.9702,0.3445,1.874
1980,0,0,10506,1,856,5.0952,0.3512,1.060
1981,0,0,10506,1,832,4.9524,0.3619,1.352
1982,0,0,10506,1,838,4.9881,0.4428,1.645
1983,0,0,10506,1,871,5.1845,0.4099,1.593
1984,0,0,10506,1,881,5.2440,0.3957,1.600
1985,0,0,10506,1,868,5.1667,0.4096,1.722
1986,0,0,10506,1,846,5.0357,0.3718,1.633
1987,0,0,10506,1,799,4.7560,0.3507,1.480
1988,0,0,10506,1,803,4.7798,0.2996,1.333
1989,1,107,10613,107,800,4.7619,0.3479,109.120
1990,0,0,10613,1,931,5.5417,0.6566,1.266
1991,0,0,10613,1,806,4.7976,0.3236,0.957
1992,0,0,10613,1,868,5.1667,0.4628,1.184
1993,0,0,10613,1,891,5.3036,0.4537,1.274
1994,0,0,10613,1,849,5.0536,0.4066,1.207
1995,0,0,10613,1,848,5.0476,0.4001,1.149
1996,0,0,10613,1,844,5.0238,0.3360,0.998
1997,0,0,10613,1,843,5.0179,0.3344,2.122
1998,0,0,10613,1,886,5.2738,0.4652,1.841
1999,0,0,10613,1,823,4.8988,0.3219,1.696
2000,0,0,10613,1,808,4.8095,0.3702,1.489
2001,0,0,10613,1,890,5.2976,0.4139,1.601
2002,0,0,10613,1,832,4.9524,0.3970,2.390
2003,0,0,10613,1,821,4.8869,0.3700,1.908
2004,0,0,10613,1,799,4.7560,0.3165,1.673
2005,0,0,10613,1,804,4.7857,0.2862,0.925
2006,0,0,10613,1,854,5.0833,0.3402,1.040
2007,0,0,10613,1,875,5.2083,0.3869,1.057
2008,0,0,10613,1,892,5.3095,0.4310,1.086
2009,0,0,10613,1,876,5.2143,0.3753,1.075
2010,0,0,10613,1,831,4.9464,0.3489,1.019
2011,0,0,10613,1,797,4.7440,0.3044,1.865
2012,0,0,10613,1,848,5.0476,0.3364,1.087
2013,0,0,10613,1,861,5.1250,0.4182,1.780
2014,0,0,10613,1,827,4.9226,0.3734,1.538
2015,0,0,10613,1,801,4.7679,0.3065,1.391
2016,0,0,10613,1,798,4.7500,0.2778,1.504
2017,0,0,10613,1,860,5.1190,0.5005,1.669
2018,0,0,10613,1,832,4.9524,0.3331,1.536
2019,0,0,10613,1,889,5.2917,0.4483,1.656
2020,0,0,10613,1,823,4.8988,0.3301,1.451
2021,0,0,10613,1,822,4.8929,0.3681,1.940
2022,0,0,10613,1,865,5.1488,0.4209,1.744
2023,0,0,10613,1,812,4.8333,0.3413,1.402
2024,1,8,10621,9,844,5.0238,0.3380,12.459
2025,0,0,10621,1,835,4.9702,0.3924,1.021
2026,0,0,10621,1,810,4.8214,0.4031,1.095
2027,0,0,10621,1,840,5.0000,0.3432,2.952
2028,0,0,10621,1,859,5.1131,0.3982,3.484
2029,0,0,10621,1,834,4.9643,0.3710,1.301
2030,0,0,10621,1,853,5.0774,0.3575,1.023
2031,0,0,10621,1,841,5.0060,0.3373,1.078
2032,0,0,10621,1,828,4.9286,0.3382,0.992
2033,0,0,10621,1,848,5.0476,0.3703,1.052
2034,0,0,10621,1,820,4.8810,0.2986,1.080
2035,0,0,10621,1,854,5.0833,0.3713,1.617
2036,0,0,10621,1,821,4.8869,0.3029,3.241
2037,0,0,10621,1,836,4.9762,0.3126,2.792
2038,0,0,10621,1,887,5.2798,0.4440,1.109
2039,0,0,10621,1,867,5.1607,0.4217,1.089
2040,0,0,10621,1,843,5.0179,0.3953,1.035
2041,0,0,10621,1,858,5.1071,0.3906,1.078
2042,0,0,10621,1,867,5.1607,0.3896,1.248
2043,0,0,10621,1,855,5.0893,0.3591,1.231
2044,0,0,10621,1,847,5.0417,0.3464,4.121
2045,0,0,10621,1,872,5.1905,0.4153,2.908
2046,0,0,10621,1,855,5.0893,0.3730,1.114
2047,0,0,10621,1,855,5.0893,0.4134,1.099
2048,1,10,10631,11,870,5.1786,0.4702,14.892
2049,0,0,10631,1,799,4.7560,0.3344,0.959
2050,0,0,10631,1,842,5.0119,0.3201,1.016
2051,0,0,10631,1,849,5.0536,0.4955,1.110
2052,0,0,10631,1,831,4.9464,0.3509,1.030
2053,0,0,10631,1,839,4.9940,0.3604,1.102
2054,0,0,10631,1,876,5.2143,0.4471,1.250
2055,0,0,10631,1,858,5.1071,0.3519,3.578
2056,0,0,10631,1,805,4.7917,0.2893,3.096
2057,0,0,10631,1,830,4.9405,0.3433,0.983
2058,0,0,10631,1,804,4.7857,0.2917,0.961
2059,0,0,10631,1,883,5.2560,0.4716,1.114
2060,0,0,10631,1,804,4.7857,0.3218,1.085
2061,0,0,10631,1,811,4.8274,0.3090,1.119
2062,0,0,10631,1,832,4.9524,0.3790,1.167
2063,0,0,10631,1,828,4.9286,0.3255,0.999
2064,0,0,10631,1,848,5.0476,0.4114,1.777
2065,0,0,10631,1,874,5.2024,0.4631,2.177
2066,0,0,10631,1,793,4.7202,0.2807,1.719
2067,0,0,10631,1,777,4.6250,0.2838,1.848
2068,0,0,10631,1,822,4.8929,0.3121,1.480
2069,0,0,10631,1,842,5.0119,0.3496,1.644
2070,0,0,10631,1,815,4.8512,0.3194,1.498
2071,0,0,10631,1,854,5.0833,0.4046,1.782
2072,0,0,10631,1,845,5.0298,0.3188,1.561
2073,0,0,10631,1,842,5.0119,0.3416,1.036
2074,0,0,10631,1,842,5.0119,0.3489,1.056
2075,0,0,10631,1,843,5.0179,0.3162,1.001
2076,0,0,10631,1,812,4.8333,0.3254,0.979
2077,0,0,10631,1,840,5.0000,0.3262,1.020
2078,0,0,10631,1,830,4.9405,0.3312,1.699
2079,0,0,10631,1,811,4.8274,0.2880,1.283
2080,0,0,10631,1,908,5.4048,0.4329,1.663
2081,0,0,10631,1,810,4.8214,0.3160,1.661
2082,0,0,10631,1,881,5.2440,0.4126,2.037
2083,0,0,10631,1,845,5.0298,0.3306,1.707
2084,0,0,10631,1,869,5.1726,0.3922,1.752
2085,0,0,10631,1,836,4.9762,0.3330,1.664
2086,0,0,10631,1,813,4.8393,0.3312,1.674
2087,0,0,10631,1,885,5.2679,0.4589,1.644
2088,0,0,10631,1,853,5.0774,0.3991,1.414
2089,0,0,10631,1,822,4.8929,0.3681,1.379
2090,0,0,10631,1,878,5.2262,0.4344,1.264
2091,1,2002,12633,2000,429,2.5536,0.2877,2173.391
2092,0,0,12633,1,802,4.7738,0.2985,2.229
2093,0,0,12633,1,819,4.8750,0.3355,1.308
2094,0,0,12633,1,857,5.1012,0.3733,1.729
2095,0,0,12633,1,871,5.1845,0.4857,2.641
2096,0,0,12633,1,827,4.9226,0.3165,2.225
2097,0,0,12633,1,872,5.1905,0.4938,2.187
2098,0,0,12633,1,860,5.1190,0.3732,2.416
2099,0,0,12633,1,849,5.0536,0.3366,1.966
2100,0,0,12633,1,809,4.8155,0.2894,1.630
2101,0,0,12633,1,873,5.1964,0.5248,2.287
2102,0,0,12633,1,854,5.0833,0.4820,2.015
2103,0,0,12633,1,817,4.8631,0.3293,1.287
2104,0,0,12633,1,879,5.2321,0.3869,1.586
2105,0,0,12633,1,827,4.9226,0.3426,4.064
2106,0,0,12633,1,843,5.0179,0.3316,2.944
2107,0,0,12633,1,864,5.1429,0.4541,1.280
2108,0,0,12633,1,860,5.1190,0.4085,1.239
2109,0,0,12633,1,824,4.9048,0.3325,1.432
2110,0,0,12633,1,823,4.8988,0.3480,2.097
2111,0,0,12633,1,841,5.0060,0.2982,4.041
2112,0,0,12633,1,835,4.9702,0.3644,1.218
2113,0,0,12633,1,873,5.1964,0.4430,1.255
2114,0,0,12633,1,875,5.2083,0.4382,1.472
2115,0,0,12633,1,859,5.1131,0.4098,2.022
2116,0,0,12633,1,799,4.7560,0.3470,3.789
2117,0,0,12633,1,790,4.7024,0.2608,1.927
2118,0,0,12633,1,818,4.8690,0.3225,1.154
2119,0,0,12633,1,836,4.9762,0.3566,1.186
2120,0,0,12633,1,820,4.8810,0.2938,1.348
2121,0,0,12633,1,856,5.0952,0.3555,3.429
2122,0,0,12633,1,892,5.3095,0.3924,3.191
2123,0,0,12633,1,796,4.7381,0.2687,1.086
2124,0,0,12633,1,829,4.9345,0.3619,1.283
2125,0,0,12633,1,862,5.1310,0.3777,1.513
2126,1,729,13362,730,810,4.8214,0.2723,200.555
2127,0,0,13362,1,867,5.1607,0.3451,2.247
2128,0,0,13362,1,827,4.9226,0.3389,2.369
2129,0,0,13362,1,870,5.1786,0.4317,1.991
2130,0,0,13362,1,843,5.0179,0.3593,1.621
2131,0,0,13362,1,831,4.9464,0.3522,4.769
2132,0,0,13362,1,914,5.4405,0.5264,2.831
2133,0,0,13362,1,825,4.9107,0.3451,1.203
2134,0,0,13362,1,803,4.7798,0.3145,1.214
2135,0,0,13362,1,857,5.1012,0.4245,1.607
2136,0,0,13362,1,873,5.1964,0.4189,4.484
2137,0,0,13362,1,865,5.1488,0.4199,3.408
2138,0,0,13362,1,846,5.0357,0.3441,1.239
2139,0,0,13362,1,806,4.7976,0.2986,1.184
2140,0,0,13362,1,821,4.8869,0.3908,1.451
2141,0,0,13362,1,837,4.9821,0.3972,1.362
2142,0,0,13362,1,882,5.2500,0.4369,5.954
2143,0,0,13362,1,841,5.0060,0.4165,1.602
2144,0,0,13362,1,808,4.8095,0.3559,1.285
2145,0,0,13362,1,832,4.9524,0.3354,1.913
2146,0,0,13362,1,872,5.1905,0.4214,3.153
2147,0,0,13362,1,807,4.8036,0.2746,3.598
2148,0,0,13362,1,845,5.0298,0.3664,1.274
2149,0,0,13362,1,860,5.1190,0.3783,1.451
2150,0,0,13362,1,854,5.0833,0.3798,1.934
2151,0,0,13362,1,914,5.4405,0.5336,3.798
2152,0,0,13362,1,851,5.0655,0.3740,1.285
2153,0,0,13362,1,828,4.9286,0.2998,1.593
2154,0,0,13362,1,847,5.0417,0.4647,1.857
2155,0,0,13362,1,822,4.8929,0.3059,1.582
2156,0,0,13362,1,863,5.1369,0.5283,2.077
2157,0,0,13362,1,867,5.1607,0.3650,2.557
2158,0,0,13362,1,856,5.0952,0.3646,3.422
2159,0,0,13362,1,759,4.5179,0.2914,2.261
2160,0,0,13362,1,867,5.1607,0.3883,3.162
2161,0,0,13362,1,822,4.8929,0.3461,1.760
2162,0,0,13362,1,820,4.8810,0.3634,1.191
2163,0,0,13362,1,822,4.8929,0.3249,1.289
2164,0,0,13362,1,842,5.0119,0.3834,1.295
2165,0,0,13362,1,819,4.8750,0.3101,1.242
2166,0,0,13362,1,812,4.8333,0.3242,1.710
2167,0,0,13362,1,887,5.2798,0.4326,1.425
2168,0,0,13362,1,825,4.9107,0.4933,2.029
2169,0,0,13362,1,808,4.8095,0.3174,1.809
2170,0,0,13362,1,797,4.7440,0.3201,1.717
2171,0,0,13362,1,820,4.8810,0.3040,1.949
2172,0,0,13362,1,819,4.8750,0.3029,2.340
2173,0,0,13362,1,844,5.0238,0.3497,2.420
2174,0,0,13362,1,846,5.0357,0.3768,2.278
2175,0,0,13362,1,831,4.9464,0.3752,1.428
2176,0,0,13362,1,810,4.8214,0.3014,1.630
2177,0,0,13362,1,823,4.8988,0.3911,5.207
2178,0,0,13362,1,810,4.8214,0.3389,1.913
2179,0,0,13362,1,817,4.8631,0.3677,1.216
2180,0,0,13362,1,877,5.2202,0.4191,1.371
2181,0,0,13362,1,841,5.0060,0.3831,1.850
2182,0,0,13362,1,816,4.8571,0.3165,4.090
2183,0,0,13362,1,841,5.0060,0.3563,3.864
2184,0,0,13362,1,814,4.8452,0.2967,1.129
2185,0,0,13362,1,872,5.1905,0.4250,1.378
2186,0,0,13362,1,828,4.9286,0.3050,1.277
2187,0,0,13362,1,794,4.7262,0.3002,1.367
2188,0,0,13362,1,794,4.7262,0.3028,4.637
2189,0,0,13362,1,864,5.1429,0.4633,2.612
2190,0,0,13362,1,781,4.6488,0.2791,1.225
2191,0,0,13362,1,824,4.9048,0.3582,1.247
2192,0,0,13362,1,903,5.3750,0.4594,1.623
2193,0,0,13362,1,841,5.0060,0.3340,1.661
2194,0,0,13362,1,786,4.6786,0.2688,5.196
2195,0,0,13362,1,876,5.2143,0.4240,1.362
2196,0,0,13362,1,832,4.9524,0.3583,1.380
2197,1,2,13364,3,844,5.0238,0.4447,7.337
2198,0,0,13364,1,881,5.2440,0.5587,1.918
2199,0,0,13364,1,840,5.0000,0.3416,1.269
2200,0,0,13364,1,873,5.1964,0.4030,2.350
2201,0,0,13364,1,828,4.9286,0.3473,1.591
2202,0,0,13364,1,848,5.0476,0.3553,1.392
2203,0,0,13364,1,821,4.8869,0.3073,1.598
2204,0,0,13364,1,838,4.9881,0.3951,2.274
2205,0,0,13364,1,804,4.7857,0.3386,1.992
2206,0,0,13364,1,848,5.0476,0.3916,2.550
2207,0,0,13364,1,835,4.9702,0.4167,2.355
2208,0,0,13364,1,846,5.0357,0.3535,2.099
2209,0,0,13364,1,852,5.0714,0.3449,1.297
2210,0,0,13364,1,822,4.8929,0.3327,1.223
2211,0,0,13364,1,862,5.1310,0.3589,1.238
2212,0,0,13364,1,830,4.9405,0.3654,1.283
2213,0,0,13364,1,843,5.0179,0.4191,1.453
2214,0,0,13364,1,864,5.1429,0.4314,2.231
2215,0,0,13364,1,834,4.9643,0.3488,1.760
2216,0,0,13364,1,817,4.8631,0.3824,2.144
2217,0,0,13364,1,853,5.0774,0.3397,1.978
2218,0,0,13364,1,796,4.7381,0.3104,2.077
2219,0,0,13364,1,778,4.6310,0.3186,1.810
2220,0,0,13364,1,830,4.9405,0.3288,2.106
2221,0,0,13364,1,859,5.1131,0.4029,1.878
2222,0,0,13364,1,818,4.8690,0.3478,1.886
2223,0,0,13364,1,861,5.1250,0.5137,1.714
2224,0,0,13364,1,820,4.8810,0.3147,3.214
2225,0,0,13364,1,841,5.0060,0.3281,4.672
2226,0,0,13364,1,853,5.0774,0.3874,1.308
2227,0,0,13364,1,812,4.8333,0.2991,1.225
2228,0,0,13364,1,847,5.0417,0.4183,1.501
2229,0,0,13364,1,795,4.7321,0.3249,1.375
2230,0,0,13364,1,905,5.3869,0.5342,5.356
2231,0,0,13364,1,867,5.1607,0.5289,2.252
2232,0,0,13364,1,881,5.2440,0.4325,1.352
2233,0,0,13364,1,842,5.0119,0.3814,1.410
2234,0,0,13364,1,825,4.9107,0.3563,1.480
2235,0,0,13364,1,881,5.2440,0.4593,5.702
2236,0,0,13364,1,854,5.0833,0.3987,2.202
2237,0,0,13364,1,824,4.9048,0.3120,1.235
2238,0,0,13364,1,854,5.0833,0.4022,1.298
2239,0,0,13364,1,885,5.2679,0.5125,1.596
2240,0,0,13364,1,851,5.0655,0.3512,3.545
2241,0,0,13364,1,824,4.9048,0.3145,3.675
2242,0,0,13364,1,817,4.8631,0.3265,1.164
2243,0,0,13364,1,861,5.1250,0.3967,1.316
2244,0,0,13364,1,859,5.1131,0.3559,1.545
2245,0,0,13364,1,860,5.1190,0.4856,4.754
2246,0,0,13364,1,862,5.1310,0.3519,1.910
2247,0,0,13364,1,826,4.9167,0.3473,1.257
2248,0,0,13364,1,873,5.1964,0.4380,1.467
2249,0,0,13364,1,818,4.8690,0.3710,1.654
2250,0,0,13364,1,838,4.9881,0.3402,2.275
2251,0,0,13364,1,874,5.2024,0.4647,2.557
2252,0,0,13364,1,832,4.9524,0.3226,2.438
2253,1,1,13365,2,856,5.0952,0.3830,5.262
2254,0,0,13365,1,859,5.1131,0.4581,3.990
2255,0,0,13365,1,825,4.9107,0.3313,3.815
2256,0,0,13365,1,881,5.2440,0.4409,1.682
2257,0,0,13365,1,851,5.0655,0.4356,1.554
2258,0,0,13365,1,851,5.0655,0.3641,1.477
2259,0,0,13365,1,858,5.1071,0.3994,1.600
2260,0,0,13365,1,821,4.8869,0.3346,2.033
2261,0,0,13365,1,833,4.9583,0.3876,2.418
2262,0,0,13365,1,827,4.9226,0.3378,3.701
2263,0,0,13365,1,839,4.9940,0.3410,3.144
2264,0,0,13365,1,848,5.0476,0.3952,2.677
2265,0,0,13365,1,842,5.0119,0.3721,2.221
2266,0,0,13365,1,820,4.8810,0.3079,2.758
2267,0,0,13365,1,894,5.3214,0.4700,2.610
2268,0,0,13365,1,859,5.1131,0.3581,1.715
2269,0,0,13365,1,819,4.8750,0.3335,3.753
2270,0,0,13365,1,833,4.9583,0.3481,4.953
2271,0,0,13365,1,839,4.9940,0.3007,1.327
2272,0,0,13365,1,887,5.2798,0.4225,2.015
2273,0,0,13365,1,842,5.0119,0.4009,1.730
2274,0,0,13365,1,878,5.2262,0.4758,6.859
2275,0,0,13365,1,782,4.6548,0.2746,1.293
2276,0,0,13365,1,804,4.7857,0.3137,1.302
2277,0,0,13365,1,826,4.9167,0.3657,1.838
2278,0,0,13365,1,817,4.8631,0.2978,2.650
2279,0,0,13365,1,824,4.9048,0.3604,6.087
2280,0,0,13365,1,840,5.0000,0.3495,1.470
2281,0,0,13365,1,806,4.7976,0.2802,1.443
2282,0,0,13365,1,777,4.6250,0.2945,2.408
2283,0,0,13365,1,820,4.8810,0.3415,5.499
2284,0,0,13365,1,861,5.1250,0.3430,1.972
2285,0,0,13365,1,867,5.1607,0.3452,1.460
2286,0,0,13365,1,822,4.8929,0.3438,1.874
2287,0,0,13365,1,831,4.9464,0.3757,5.216
2288,0,0,13365,1,818,4.8690,0.3121,1.430
2289,0,0,13365,1,825,4.9107,0.3655,1.675
2290,1,1,13366,2,814,4.8452,0.3471,2.861
2291,0,0,13366,1,846,5.0357,0.3521,1.907
2292,0,0,13366,1,865,5.1488,0.3663,3.136
2293,0,0,13366,1,887,5.2798,0.4541,3.916
2294,0,0,13366,1,899,5.3512,0.5159,5.771
2295,0,0,13366,1,872,5.1905,0.4335,5.877
2296,0,0,13366,1,851,5.0655,0.3901,1.428
2297,0,0,13366,1,831,4.9464,0.3134,1.536
2298,0,0,13366,1,820,4.8810,0.2819,1.260
2299,0,0,13366,1,796,4.7381,0.2914,1.816
2300,0,0,13366,1,825,4.9107,0.3548,2.120
2301,0,0,13366,1,870,5.1786,0.4653,2.758
2302,1,2,13368,3,829,4.9345,0.3074,5.099
2303,0,0,13368,1,827,4.9226,0.3732,2.951
2304,0,0,13368,1,837,4.9821,0.3680,2.734
2305,0,0,13368,1,798,4.7500,0.2646,4.265
2306,0,0,13368,1,795,4.7321,0.2825,1.567
2307,0,0,13368,1,818,4.8690,0.3017,2.214
2308,0,0,13368,1,824,4.9048,0.3490,5.931
2309,0,0,13368,1,818,4.8690,0.3211,1.333
2310,0,0,13368,1,831,4.9464,0.3620,1.654
2311,0,0,13368,1,931,5.5417,0.7161,3.975
2312,0,0,13368,1,863,5.1369,0.4036,5.250
2313,0,0,13368,1,850,5.0595,0.3939,1.478
2314,0,0,13368,1,837,4.9821,0.3329,1.369
2315,0,0,13368,1,812,4.8333,0.2823,1.518
2316,0,0,13368,1,810,4.8214,0.3373,2.361
2317,1,190,13558,189,896,5.3333,0.4793,296.285
2318,0,0,13558,1,852,5.0714,0.3468,4.725
2319,0,0,13558,1,839,4.9940,0.3026,4.855
2320,0,0,13558,1,871,5.1845,0.4085,1.601
2321,0,0,13558,1,844,5.0238,0.3907,4.828
2322,0,0,13558,1,841,5.0060,0.3546,2.452
2323,0,0,13558,1,863,5.1369,0.4147,1.320
2324,0,0,13558,1,841,5.0060,0.3541,1.272
2325,0,0,13558,1,821,4.8869,0.3212,1.419
2326,0,0,13558,1,847,5.0417,0.3681,1.718
2327,0,0,13558,1,818,4.8690,0.3397,5.555
2328,0,0,13558,1,766,4.5595,0.2750,1.092
2329,0,0,13558,1,893,5.3155,0.5323,1.550
2330,0,0,13558,1,832,4.9524,0.3025,1.627
2331,0,0,13558,1,826,4.9167,0.3577,4.473
2332,0,0,13558,1,876,5.2143,0.4070,1.691
2333,0,0,13558,1,831,4.9464,0.3048,1.252
2334,0,0,13558,1,856,5.0952,0.3784,1.935
2335,0,0,13558,1,840,5.0000,0.3469,2.043
2336,0,0,13558,1,826,4.9167,0.3263,1.193
2337,0,0,13558,1,860,5.1190,0.4311,3.214
2338,0,0,13558,1,857,5.1012,0.3864,3.317
2339,0,0,13558,1,799,4.7560,0.3431,5.332
2340,0,0,13558,1,874,5.2024,0.4736,5.573
2341,0,0,13558,1,839,4.9940,0.3568,1.433
2342,0,0,13558,1,857,5.1012,0.3585,1.583
2343,0,0,13558,1,783,4.6607,0.2779,1.295
2344,0,0,13558,1,817,4.8631,0.3339,1.954
2345,0,0,13558,1,846,5.0357,0.3146,2.340
2346,0,0,13558,1,804,4.7857,0.3045,2.909
2347,0,0,13558,1,830,4.9405,0.3470,3.734
2348,0,0,13558,1,846,5.0357,0.4320,2.958
2349,0,0,13558,1,838,4.9881,0.3724,2.879
2350,0,0,13558,1,887,5.2798,0.3938,4.150
2351,0,0,13558,1,874,5.2024,0.4852,2.603
2352,0,0,13558,1,824,4.9048,0.3182,2.468
2353,0,0,13558,1,830,4.9405,0.3634,6.563
2354,0,0,13558,1,887,5.2798,0.4033,2.978
2355,0,0,13558,1,828,4.9286,0.3593,1.719
2356,0,0,13558,1,827,4.9226,0.3238,3.799
2357,0,0,13558,1,814,4.8452,0.2944,4.587
2358,0,0,13558,1,778,4.6310,0.2999,1.285
2359,0,0,13558,1,814,4.8452,0.3307,1.622
2360,0,0,13558,1,848,5.0476,0.3748,2.642
2361,0,0,13558,1,830,4.9405,0.3806,6.090
2362,0,0,13558,1,814,4.8452,0.4003,1.830
2363,0,0,13558,1,839,4.9940,0.3307,1.472
2364,0,0,13558,1,813,4.8393,0.3421,1.504
2365,0,0,13558,1,836,4.9762,0.3826,2.636
2366,0,0,13558,1,804,4.7857,0.3025,5.867
2367,1,3,13561,4,878,5.2262,0.5607,3.248
2368,0,0,13561,1,830,4.9405,0.3720,1.837
2369,0,0,13561,1,853,5.0774,0.3448,3.219
2370,0,0,13561,1,890,5.2976,0.5931,4.826
2371,0,0,13561,1,825,4.9107,0.3514,1.387
2372,0,0,13561,1,827,4.9226,0.3350,1.521
2373,0,0,13561,1,818,4.8690,0.3477,1.838
2374,0,0,13561,1,830,4.9405,0.3253,4.678
2375,0,0,13561,1,854,5.0833,0.3861,1.915
2376,0,0,13561,1,848,5.0476,0.3797,1.900
2377,1,4,13565,5,895,5.3274,0.5519,9.602
2378,0,0,13565,1,811,4.8274,0.4053,2.831
2379,0,0,13565,1,866,5.1548,0.4421,2.961
2380,0,0,13565,1,835,4.9702,0.3128,3.181
2381,0,0,13565,1,843,5.0179,0.3508,3.580
2382,0,0,13565,1,822,4.8929,0.3026,2.513
2383,0,0,13565,1,810,4.8214,0.3565,1.491
2384,0,0,13565,1,826,4.9167,0.3788,1.406
2385,0,0,13565,1,815,4.8512,0.3015,1.795
2386,0,0,13565,1,841,5.0060,0.3592,1.673
2387,0,0,13565,1,818,4.8690,0.3165,3.512
2388,0,0,13565,1,873,5.1964,0.4557,5.112
2389,0,0,13565,1,846,5.0357,0.3971,2.636
2390,0,0,13565,1,821,4.8869,0.3721,2.401
2391,0,0,13565,1,873,5.1964,0.3661,4.219
2392,0,0,13565,1,842,5.0119,0.3832,1.986
2393,0,0,13565,1,806,4.7976,0.3105,5.577
2394,0,0,13565,1,777,4.6250,0.2635,1.949
2395,0,0,13565,1,831,4.9464,0.3090,1.363
2396,0,0,13565,1,788,4.6905,0.3260,1.333
2397,0,0,13565,1,867,5.1607,0.3510,1.724
2398,0,0,13565,1,838,4.9881,0.3916,5.781
2399,0,0,13565,1,850,5.0595,0.5302,2.623
2400,0,0,13565,1,847,5.0417,0.3751,1.386
2401,0,0,13565,1,825,4.9107,0.3293,2.377
2402,0,0,13565,1,830,4.9405,0.3346,4.977
2403,0,0,13565,1,851,5.0655,0.3674,1.323
2404,0,0,13565,1,844,5.0238,0.3242,1.263
2405,0,0,13565,1,858,5.1071,0.3588,1.412
2406,0,0,13565,1,834,4.9643,0.3012,1.738
2407,0,0,13565,1,808,4.8095,0.3730,5.431
2408,0,0,13565,1,874,5.2024,0.4610,1.330
2409,0,0,13565,1,847,5.0417,0.3435,1.594
2410,0,0,13565,1,874,5.2024,0.4072,1.783
2411,0,0,13565,1,777,4.6250,0.2972,5.299
2412,0,0,13565,1,853,5.0774,0.4026,1.342
2413,0,0,13565,1,844,5.0238,0.4302,1.464
2414,0,0,13565,1,805,4.7917,0.2881,1.662
2415,0,0,13565,1,800,4.7619,0.3371,1.618
2416,0,0,13565,1,807,4.8036,0.3168,1.208
2417,0,0,13565,1,901,5.3631,0.5033,3.033
2418,0,0,13565,1,845,5.0298,0.3315,2.736
2419,0,0,13565,1,828,4.9286,0.3034,2.566
2420,0,0,13565,1,893,5.3155,0.4790,4.000
2421,0,0,13565,1,907,5.3988,0.5262,3.579
2422,0,0,13565,1,831,4.9464,0.3184,1.337
2423,0,0,13565,1,860,5.1190,0.3608,1.344
2424,0,0,13565,1,825,4.9107,0.3028,1.362
2425,0,0,13565,1,866,5.1548,0.4258,2.582
2426,0,0,13565,1,853,5.0774,0.3694,1.627
2427,0,0,13565,1,851,5.0655,0.3886,2.483
2428,0,0,13565,1,825,4.9107,0.3218,2.177
2429,0,0,13565,1,847,5.0417,0.3998,2.275
2430,1,36,13601,37,858,5.1071,0.4021,43.443
2431,0,0,13601,1,803,4.7798,0.3027,4.059
2432,0,0,13601,1,826,4.9167,0.3621,4.655
2433,0,0,13601,1,822,4.8929,0.3267,1.348
2434,0,0,13601,1,793,4.7202,0.3325,1.178
2435,0,0,13601,1,833,4.9583,0.3616,1.254
2436,0,0,13601,1,843,5.0179,0.3865,1.442
2437,0,0,13601,1,855,5.0893,0.4154,1.609
2438,0,0,13601,1,864,5.1429,0.3761,6.012
2439,0,0,13601,1,845,5.0298,0.4110,1.293
2440,0,0,13601,1,834,4.9643,0.3446,1.281
2441,0,0,13601,1,779,4.6369,0.3594,1.548
2442,0,0,13601,1,869,5.1726,0.4324,5.390
2443,0,0,13601,1,820,4.8810,0.3314,1.829
2444,0,0,13601,1,841,5.0060,0.4030,1.327
2445,0,0,13601,1,887,5.2798,0.5668,2.460
2446,0,0,13601,1,847,5.0417,0.3454,3.129
2447,0,0,13601,1,771,4.5893,0.3124,1.358
2448,0,0,13601,1,850,5.0595,0.3326,2.640
2449,0,0,13601,1,783,4.6607,0.2823,3.887
2450,0,0,13601,1,804,4.7857,0.2833,3.098
2451,0,0,13601,1,832,4.9524,0.3384,4.019
2452,0,0,13601,1,875,5.2083,0.3824,2.065
2453,0,0,13601,1,819,4.8750,0.3568,1.222
2454,0,0,13601,1,866,5.1548,0.4927,1.545
2455,0,0,13601,1,807,4.8036,0.3473,2.379
2456,0,0,13601,1,803,4.7798,0.3110,1.772
2457,0,0,13601,1,842,5.0119,0.3709,2.394
2458,0,0,13601,1,815,4.8512,0.3043,1.980
2459,0,0,13601,1,856,5.0952,0.3394,2.589
2460,0,0,13601,1,813,4.8393,0.2646,2.089
2461,0,0,13601,1,791,4.7083,0.2701,1.844
2462,0,0,13601,1,792,4.7143,0.2765,2.481
2463,0,0,13601,1,806,4.7976,0.3066,1.838
2464,0,0,13601,1,792,4.7143,0.2748,2.062
2465,0,0,13601,1,858,5.1071,0.3752,1.605
2466,1,2,13603,3,831,4.9464,0.3859,9.533
2467,0,0,13603,1,865,5.1488,0.4045,1.373
2468,0,0,13603,1,843,5.0179,0.4475,1.299
2469,0,0,13603,1,820,4.8810,0.3087,1.577
2470,0,0,13603,1,849,5.0536,0.3930,3.974
2471,0,0,13603,1,857,5.1012,0.4113,4.260
2472,0,0,13603,1,869,5.1726,0.3682,1.359
2473,0,0,13603,1,906,5.3929,0.5100,1.423
2474,0,0,13603,1,842,5.0119,0.3563,1.739
2475,0,0,13603,1,806,4.7976,0.2949,3.451
2476,0,0,13603,1,855,5.0893,0.3376,3.791
2477,0,0,13603,1,844,5.0238,0.3287,1.274
2478,0,0,13603,1,822,4.8929,0.2901,1.211
2479,0,0,13603,1,839,4.9940,0.3056,1.420
2480,0,0,13603,1,807,4.8036,0.3024,2.972
2481,0,0,13603,1,831,4.9464,0.3402,3.444
2482,0,0,13603,1,820,4.8810,0.3089,1.197
2483,0,0,13603,1,854,5.0833,0.3835,1.305
2484,0,0,13603,1,855,5.0893,0.3468,1.640
2485,1,540,14143,540,844,5.0238,0.3808,619.706
2486,0,0,14143,1,848,5.0476,0.4007,3.315
2487,0,0,14143,1,813,4.8393,0.2846,1.232
2488,0,0,14143,1,888,5.2857,0.4017,1.696
2489,0,0,14143,1,871,5.1845,0.4352,1.670
2490,0,0,14143,1,808,4.8095,0.2801,4.718
2491,0,0,14143,1,866,5.1548,0.4967,1.422
2492,0,0,14143,1,817,4.8631,0.3472,1.317
2493,0,0,14143,1,895,5.3274,0.5808,2.121
2494,0,0,14143,1,860,5.1190,0.4167,1.849
2495,0,0,14143,1,878,5.2262,0.4513,1.495
2496,0,0,14143,1,813,4.8393,0.3415,3.440
2497,0,0,14143,1,834,4.9643,0.3366,2.789
2498,0,0,14143,1,798,4.7500,0.3307,2.181
2499,0,0,14143,1,840,5.0000,0.3583,2.364
2500,0,0,14143,1,849,5.0536,0.3586,2.707
2501,0,0,14143,1,831,4.9464,0.3411,2.562
2502,0,0,14143,1,813,4.8393,0.3410,1.248
2503,0,0,14143,1,861,5.1250,0.4990,1.378
2504,0,0,14143,1,847,5.0417,0.3588,1.329
2505,0,0,14143,1,815,4.8512,0.3034,1.334
2506,0,0,14143,1,868,5.1667,0.3921,2.511
2507,0,0,14143,1,886,5.2738,0.4267,2.277
2508,0,0,14143,1,888,5.2857,0.5178,2.282
2509,0,0,14143,1,867,5.1607,0.3949,2.436
2510,0,0,14143,1,827,4.9226,0.3075,2.199
2511,0,0,14143,1,841,5.0060,0.3555,2.459
2512,0,0,14143,1,882,5.2500,0.4311,2.436
2513,0,0,14143,1,860,5.1190,0.4080,2.286
2514,0,0,14143,1,798,4.7500,0.2996,1.394
2515,0,0,14143,1,825,4.9107,0.3686,1.875
2516,0,0,14143,1,812,4.8333,0.3102,5.009
2517,0,0,14143,1,825,4.9107,0.3498,2.094
2518,0,0,14143,1,824,4.9048,0.3332,1.350
2519,0,0,14143,1,882,5.2500,0.4449,1.476
2520,0,0,14143,1,810,4.8214,0.3000,1.438
2521,0,0,14143,1,788,4.6905,0.3307,5.354
2522,0,0,14143,1,839,4.9940,0.3752,2.541
2523,0,0,14143,1,837,4.9821,0.4265,1.339
2524,0,0,14143,1,805,4.7917,0.2956,1.240
2525,0,0,14143,1,812,4.8333,0.2846,1.560
2526,0,0,14143,1,891,5.3036,0.4837,4.051
2527,0,0,14143,1,854,5.0833,0.3920,3.979
2528,0,0,14143,1,804,4.7857,0.3773,1.328
2529,0,0,14143,1,858,5.1071,0.3826,1.495
2530,0,0,14143,1,777,4.6250,0.3492,1.330
2531,0,0,14143,1,819,4.8750,0.3052,1.523
2532,0,0,14143,1,836,4.9762,0.3835,4.760
2533,0,0,14143,1,880,5.2381,0.4523,1.729
2534,0,0,14143,1,860,5.1190,0.4049,1.381
2535,0,0,14143,1,853,5.0774,0.4325,1.465
2536,0,0,14143,1,850,5.0595,0.3537,1.619
2537,0,0,14143,1,888,5.2857,0.4704,5.507
2538,0,0,14143,1,858,5.1071,0.4183,1.362
2539,0,0,14143,1,805,4.7917,0.3050,1.271
2540,0,0,14143,1,856,5.0952,0.4129,2.702
2541,0,0,14143,1,764,4.5476,0.2597,1.553
2542,0,0,14143,1,813,4.8393,0.3153,1.877
2543,0,0,14143,1,818,4.8690,0.2737,2.342
2544,0,0,14143,1,831,4.9464,0.3124,2.709
2545,0,0,14143,1,836,4.9762,0.3468,3.795
2546,0,0,14143,1,798,4.7500,0.3252,2.621
2547,0,0,14143,1,803,4.7798,0.3265,2.493
2548,0,0,14143,1,853,5.0774,0.3832,1.346
2549,0,0,14143,1,833,4.9583,0.3423,1.269
2550,0,0,14143,1,816,4.8571,0.3428,1.270
2551,0,0,14143,1,811,4.8274,0.3172,1.468
2552,0,0,14143,1,816,4.8571,0.3308,2.367
2553,0,0,14143,1,863,5.1369,0.4343,1.786
2554,0,0,14143,1,862,5.1310,0.4274,2.371
2555,0,0,14143,1,826,4.9167,0.3382,2.169
2556,0,0,14143,1,845,5.0298,0.3711,1.960
2557,0,0,14143,1,855,5.0893,0.3857,2.455
2558,0,0,14143,1,851,5.0655,0.3887,2.440
2559,0,0,14143,1,827,4.9226,0.2851,2.047
2560,0,0,14143,1,856,5.0952,0.3833,2.211
2561,0,0,14143,1,854,5.0833,0.3986,1.681
2562,0,0,14143,1,846,5.0357,0.3732,6.468
2563,0,0,14143,1,842,5.0119,0.3146,2.747
2564,0,0,14143,1,832,4.9524,0.3293,1.269
2565,0,0,14143,1,826,4.9167,0.3303,1.575
2566,0,0,14143,1,880,5.2381,0.4658,3.548
2567,0,0,14143,1,849,5.0536,0.3712,4.646
2568,0,0,14143,1,838,4.9881,0.4917,1.378
2569,0,0,14143,1,814,4.8452,0.3386,1.252
2570,0,0,14143,1,882,5.2500,0.4139,1.832
2571,0,0,14143,1,846,5.0357,0.2975,2.597
2572,0,0,14143,1,850,5.0595,0.3384,5.413
2573,0,0,14143,1,830,4.9405,0.3531,1.315
2574,0,0,14143,1,839,4.9940,0.3363,1.334
2575,0,0,14143,1,834,4.9643,0.3376,1.459
2576,0,0,14143,1,796,4.7381,0.2993,1.416
2577,0,0,14143,1,854,5.0833,0.3963,4.846
2578,0,0,14143,1,860,5.1190,0.3705,1.738
2579,0,0,14143,1,816,4.8571,0.3764,1.310
2580,0,0,14143,1,835,4.9702,0.3184,1.493
2581,0,0,14143,1,839,4.9940,0.3719,1.779
2582,0,0,14143,1,876,5.2143,0.3746,5.482
2583,0,0,14143,1,847,5.0417,0.3062,1.412
2584,0,0,14143,1,829,4.9345,0.3046,1.323
2585,0,0,14143,1,847,5.0417,0.3760,2.247
