constraint_id,segment_id/occupancy_limit,terminal,front_signal_segment_id,front_signal_head_node_id,min_length,max_length
dl_0,1,,,,,
dl_0,29,West_exit,28,18,0.8,0
dl_0,26,East_exit,27,19,0.8,0
dl_1,1,,,,,
dl_1,26,East_exit,26,18,0.8,0
dl_1,29,West_exit,28,18,0.8,0
dl_1,28,West_exit,28,18,0.8,0
dl_2,1,,,,,
dl_2,29,West_exit,27,18,0.8,0
dl_2,26,East_exit,28,19,0.8,0
dl_3,1,,,,,
dl_3,27,West_exit,27,18,0.8,0
dl_3,29,West_exit,27,18,0.8,0
dl_3,26,East_exit,26,18,0.8,0
dl_4,1,,,,,
dl_4,29,West_exit,29,19,0.8,0
dl_4,26,East_exit,28,19,0.8,0
dl_4,28,East_exit,28,19,0.8,0
dl_5,1,,,,,
dl_5,29,West_exit,29,19,0.8,0
dl_5,27,East_exit,27,19,0.8,0
dl_5,26,East_exit,27,19,0.8,0
dl_6,1,,,,,
dl_6,29,West_exit,29,19,0.8,0
dl_6,26,East_exit,26,18,0.8,0
dl_7,2,,,,,
dl_7,25,West_exit_short,25,16,0.44,0
dl_7,29,West_exit,28,18,0.8,0
dl_7,28,West_exit,28,18,0.8,0
dl_7,23,East_exit,24,17,0.8,0
dl_8,2,,,,,
dl_8,25,West_exit_short,25,16,0.44,0
dl_8,27,West_exit,27,18,0.8,0
dl_8,29,West_exit,27,18,0.8,0
dl_8,23,East_exit,24,17,0.8,0
dl_9,2,,,,,
dl_9,25,West_exit_short,25,16,0.44,0
dl_9,23,East_exit,24,17,0.8,0
dl_9,29,West_exit,29,19,0.8,0
dl_10,2,,,,,
dl_10,25,West_exit_short,25,16,0.44,0
dl_10,29,West_exit,28,18,0.8,0
dl_10,28,West_exit,28,18,0.8,0
dl_10,23,East_exit,23,16,0.8,0
dl_11,2,,,,,
dl_11,25,West_exit_short,25,16,0.44,0
dl_11,27,West_exit,27,18,0.8,0
dl_11,29,West_exit,27,18,0.8,0
dl_11,23,East_exit,23,16,0.8,0
dl_12,2,,,,,
dl_12,25,West_exit_short,25,16,0.44,0
dl_12,23,East_exit,23,16,0.8,0
dl_12,29,West_exit,29,19,0.8,0
dl_13,1,,,,,
dl_13,32,West_exit,31,20,0.8,0
dl_13,29,East_exit,30,21,0.8,0
dl_14,1,,,,,
dl_14,32,West_exit,31,20,0.8,0
dl_14,31,West_exit,31,20,0.8,0
dl_14,29,East_exit,29,20,0.8,0
dl_15,1,,,,,
dl_15,32,West_exit,31,20,0.8,0
dl_15,31,West_exit,31,20,0.8,0
dl_15,26,East_exit,28,19,0.8,0
dl_15,28,East_exit,28,19,0.8,0
dl_16,1,,,,,
dl_16,32,West_exit,31,20,0.8,0
dl_16,31,West_exit,31,20,0.8,0
dl_16,27,East_exit,27,19,0.8,0
dl_16,26,East_exit,27,19,0.8,0
dl_17,1,,,,,
dl_17,32,West_exit,31,20,0.8,0
dl_17,31,West_exit,31,20,0.8,0
dl_17,26,East_exit,26,18,0.8,0
dl_18,2,,,,,
dl_18,25,West_exit_short,25,16,0.44,0
dl_18,23,East_exit,24,17,0.8,0
dl_18,32,West_exit,31,20,0.8,0
dl_18,31,West_exit,31,20,0.8,0
dl_19,2,,,,,
dl_19,25,West_exit_short,25,16,0.44,0
dl_19,23,East_exit,23,16,0.8,0
dl_19,32,West_exit,31,20,0.8,0
dl_19,31,West_exit,31,20,0.8,0
dl_20,1,,,,,
dl_20,32,West_exit,30,20,0.8,0
dl_20,29,East_exit,31,21,0.8,0
dl_21,1,,,,,
dl_21,30,West_exit,30,20,0.8,0
dl_21,32,West_exit,30,20,0.8,0
dl_21,29,East_exit,29,20,0.8,0
dl_22,1,,,,,
dl_22,30,West_exit,30,20,0.8,0
dl_22,32,West_exit,30,20,0.8,0
dl_22,26,East_exit,28,19,0.8,0
dl_22,28,East_exit,28,19,0.8,0
dl_23,1,,,,,
dl_23,30,West_exit,30,20,0.8,0
dl_23,32,West_exit,30,20,0.8,0
dl_23,27,East_exit,27,19,0.8,0
dl_23,26,East_exit,27,19,0.8,0
dl_24,1,,,,,
dl_24,30,West_exit,30,20,0.8,0
dl_24,32,West_exit,30,20,0.8,0
dl_24,26,East_exit,26,18,0.8,0
dl_25,2,,,,,
dl_25,30,West_exit,30,20,0.8,0
dl_25,32,West_exit,30,20,0.8,0
dl_25,23,East_exit,24,17,0.8,0
dl_25,25,West_exit_short,25,16,0.44,0
dl_26,2,,,,,
dl_26,30,West_exit,30,20,0.8,0
dl_26,32,West_exit,30,20,0.8,0
dl_26,25,West_exit_short,25,16,0.44,0
dl_26,23,East_exit,23,16,0.8,0
dl_27,1,,,,,
dl_27,32,West_exit,32,21,0.8,0
dl_27,29,East_exit,31,21,0.8,0
dl_27,31,East_exit,31,21,0.8,0
dl_28,1,,,,,
dl_28,32,West_exit,32,21,0.8,0
dl_28,30,East_exit,30,21,0.8,0
dl_28,29,East_exit,30,21,0.8,0
dl_29,1,,,,,
dl_29,32,West_exit,32,21,0.8,0
dl_29,29,East_exit,29,20,0.8,0
dl_30,1,,,,,
dl_30,32,West_exit,32,21,0.8,0
dl_30,26,East_exit,28,19,0.8,0
dl_30,28,East_exit,28,19,0.8,0
dl_31,1,,,,,
dl_31,32,West_exit,32,21,0.8,0
dl_31,27,East_exit,27,19,0.8,0
dl_31,26,East_exit,27,19,0.8,0
dl_32,1,,,,,
dl_32,32,West_exit,32,21,0.8,0
dl_32,26,East_exit,26,18,0.8,0
dl_33,2,,,,,
dl_33,32,West_exit,32,21,0.8,0
dl_33,23,East_exit,24,17,0.8,0
dl_33,25,West_exit_short,25,16,0.44,0
dl_34,2,,,,,
dl_34,32,West_exit,32,21,0.8,0
dl_34,25,West_exit_short,25,16,0.44,0
dl_34,23,East_exit,23,16,0.8,0
dl_35,2,,,,,
dl_35,24,West_exit_short,24,16,0.44,0
dl_35,29,West_exit,28,18,0.8,0
dl_35,28,West_exit,28,18,0.8,0
dl_35,23,East_exit,25,17,0.8,0
dl_36,2,,,,,
dl_36,24,West_exit_short,24,16,0.44,0
dl_36,27,West_exit,27,18,0.8,0
dl_36,29,West_exit,27,18,0.8,0
dl_36,23,East_exit,25,17,0.8,0
dl_37,2,,,,,
dl_37,24,West_exit_short,24,16,0.44,0
dl_37,23,East_exit,25,17,0.8,0
dl_37,29,West_exit,29,19,0.8,0
dl_38,2,,,,,
dl_38,24,West_exit_short,24,16,0.44,0
dl_38,29,West_exit,28,18,0.8,0
dl_38,28,West_exit,28,18,0.8,0
dl_38,23,East_exit,23,16,0.8,0
dl_39,2,,,,,
dl_39,24,West_exit_short,24,16,0.44,0
dl_39,27,West_exit,27,18,0.8,0
dl_39,29,West_exit,27,18,0.8,0
dl_39,23,East_exit,23,16,0.8,0
dl_40,2,,,,,
dl_40,24,West_exit_short,24,16,0.44,0
dl_40,23,East_exit,23,16,0.8,0
dl_40,29,West_exit,29,19,0.8,0
dl_41,2,,,,,
dl_41,24,West_exit_short,24,16,0.44,0
dl_41,23,East_exit,25,17,0.8,0
dl_41,32,West_exit,31,20,0.8,0
dl_41,31,West_exit,31,20,0.8,0
dl_42,2,,,,,
dl_42,24,West_exit_short,24,16,0.44,0
dl_42,23,East_exit,23,16,0.8,0
dl_42,32,West_exit,31,20,0.8,0
dl_42,31,West_exit,31,20,0.8,0
dl_43,2,,,,,
dl_43,24,West_exit_short,24,16,0.44,0
dl_43,23,East_exit,25,17,0.8,0
dl_43,30,West_exit,30,20,0.8,0
dl_43,32,West_exit,30,20,0.8,0
dl_44,2,,,,,
dl_44,24,West_exit_short,24,16,0.44,0
dl_44,23,East_exit,23,16,0.8,0
dl_44,30,West_exit,30,20,0.8,0
dl_44,32,West_exit,30,20,0.8,0
dl_45,2,,,,,
dl_45,24,West_exit_short,24,16,0.44,0
dl_45,23,East_exit,25,17,0.8,0
dl_45,32,West_exit,32,21,0.8,0
dl_46,2,,,,,
dl_46,24,West_exit_short,24,16,0.44,0
dl_46,23,East_exit,23,16,0.8,0
dl_46,32,West_exit,32,21,0.8,0
dl_47,2,,,,,
dl_47,26,West_exit_short,26,17,0.44,0
dl_47,23,East_exit,25,17,0.8,0
dl_47,25,East_exit,25,17,0.8,0
dl_47,29,West_exit,28,18,0.8,0
dl_47,28,West_exit,28,18,0.8,0
dl_48,2,,,,,
dl_48,26,West_exit_short,26,17,0.44,0
dl_48,23,East_exit,25,17,0.8,0
dl_48,25,East_exit,25,17,0.8,0
dl_48,27,West_exit,27,18,0.8,0
dl_48,29,West_exit,27,18,0.8,0
dl_49,2,,,,,
dl_49,26,West_exit_short,26,17,0.44,0
dl_49,23,East_exit,25,17,0.8,0
dl_49,25,East_exit,25,17,0.8,0
dl_49,29,West_exit,29,19,0.8,0
dl_50,2,,,,,
dl_50,26,West_exit_short,26,17,0.44,0
dl_50,24,East_exit,24,17,0.8,0
dl_50,23,East_exit,24,17,0.8,0
dl_50,29,West_exit,28,18,0.8,0
dl_50,28,West_exit,28,18,0.8,0
dl_51,2,,,,,
dl_51,26,West_exit_short,26,17,0.44,0
dl_51,24,East_exit,24,17,0.8,0
dl_51,23,East_exit,24,17,0.8,0
dl_51,27,West_exit,27,18,0.8,0
dl_51,29,West_exit,27,18,0.8,0
dl_52,2,,,,,
dl_52,26,West_exit_short,26,17,0.44,0
dl_52,24,East_exit,24,17,0.8,0
dl_52,23,East_exit,24,17,0.8,0
dl_52,29,West_exit,29,19,0.8,0
dl_53,2,,,,,
dl_53,26,West_exit_short,26,17,0.44,0
dl_53,29,West_exit,28,18,0.8,0
dl_53,28,West_exit,28,18,0.8,0
dl_53,23,East_exit,23,16,0.8,0
dl_54,2,,,,,
dl_54,26,West_exit_short,26,17,0.44,0
dl_54,27,West_exit,27,18,0.8,0
dl_54,29,West_exit,27,18,0.8,0
dl_54,23,East_exit,23,16,0.8,0
dl_55,2,,,,,
dl_55,26,West_exit_short,26,17,0.44,0
dl_55,23,East_exit,23,16,0.8,0
dl_55,29,West_exit,29,19,0.8,0
dl_56,2,,,,,
dl_56,26,West_exit_short,26,17,0.44,0
dl_56,23,East_exit,25,17,0.8,0
dl_56,25,East_exit,25,17,0.8,0
dl_56,32,West_exit,31,20,0.8,0
dl_56,31,West_exit,31,20,0.8,0
dl_57,2,,,,,
dl_57,26,West_exit_short,26,17,0.44,0
dl_57,24,East_exit,24,17,0.8,0
dl_57,23,East_exit,24,17,0.8,0
dl_57,32,West_exit,31,20,0.8,0
dl_57,31,West_exit,31,20,0.8,0
dl_58,2,,,,,
dl_58,26,West_exit_short,26,17,0.44,0
dl_58,23,East_exit,23,16,0.8,0
dl_58,32,West_exit,31,20,0.8,0
dl_58,31,West_exit,31,20,0.8,0
dl_59,2,,,,,
dl_59,26,West_exit_short,26,17,0.44,0
dl_59,23,East_exit,25,17,0.8,0
dl_59,25,East_exit,25,17,0.8,0
dl_59,30,West_exit,30,20,0.8,0
dl_59,32,West_exit,30,20,0.8,0
dl_60,2,,,,,
dl_60,26,West_exit_short,26,17,0.44,0
dl_60,24,East_exit,24,17,0.8,0
dl_60,23,East_exit,24,17,0.8,0
dl_60,30,West_exit,30,20,0.8,0
dl_60,32,West_exit,30,20,0.8,0
dl_61,2,,,,,
dl_61,26,West_exit_short,26,17,0.44,0
dl_61,23,East_exit,23,16,0.8,0
dl_61,30,West_exit,30,20,0.8,0
dl_61,32,West_exit,30,20,0.8,0
dl_62,2,,,,,
dl_62,26,West_exit_short,26,17,0.44,0
dl_62,23,East_exit,25,17,0.8,0
dl_62,25,East_exit,25,17,0.8,0
dl_62,32,West_exit,32,21,0.8,0
dl_63,2,,,,,
dl_63,26,West_exit_short,26,17,0.44,0
dl_63,24,East_exit,24,17,0.8,0
dl_63,23,East_exit,24,17,0.8,0
dl_63,32,West_exit,32,21,0.8,0
dl_64,2,,,,,
dl_64,26,West_exit_short,26,17,0.44,0
dl_64,23,East_exit,23,16,0.8,0
dl_64,32,West_exit,32,21,0.8,0
dl_65,3,,,,,
dl_65,25,West_exit_short,25,16,0.44,0
dl_65,21,West_exit_short,21,14,0.44,0
dl_65,29,West_exit,28,18,0.8,0
dl_65,28,West_exit,28,18,0.8,0
dl_65,20,East_exit,22,15,0.8,0
dl_66,3,,,,,
dl_66,25,West_exit_short,25,16,0.44,0
dl_66,21,West_exit_short,21,14,0.44,0
dl_66,27,West_exit,27,18,0.8,0
dl_66,29,West_exit,27,18,0.8,0
dl_66,20,East_exit,22,15,0.8,0
dl_67,3,,,,,
dl_67,25,West_exit_short,25,16,0.44,0
dl_67,21,West_exit_short,21,14,0.44,0
dl_67,20,East_exit,22,15,0.8,0
dl_67,29,West_exit,29,19,0.8,0
dl_68,3,,,,,
dl_68,25,West_exit_short,25,16,0.44,0
dl_68,21,West_exit_short,21,14,0.44,0
dl_68,20,East_exit,22,15,0.8,0
dl_68,32,West_exit,31,20,0.8,0
dl_68,31,West_exit,31,20,0.8,0
dl_69,3,,,,,
dl_69,21,West_exit_short,21,14,0.44,0
dl_69,25,West_exit_short,25,16,0.44,0
dl_69,20,East_exit,22,15,0.8,0
dl_69,30,West_exit,30,20,0.8,0
dl_69,32,West_exit,30,20,0.8,0
dl_70,3,,,,,
dl_70,21,West_exit_short,21,14,0.44,0
dl_70,25,West_exit_short,25,16,0.44,0
dl_70,20,East_exit,22,15,0.8,0
dl_70,32,West_exit,32,21,0.8,0
dl_71,3,,,,,
dl_71,24,West_exit_short,24,16,0.44,0
dl_71,21,West_exit_short,21,14,0.44,0
dl_71,29,West_exit,28,18,0.8,0
dl_71,28,West_exit,28,18,0.8,0
dl_71,20,East_exit,22,15,0.8,0
dl_72,3,,,,,
dl_72,24,West_exit_short,24,16,0.44,0
dl_72,21,West_exit_short,21,14,0.44,0
dl_72,27,West_exit,27,18,0.8,0
dl_72,29,West_exit,27,18,0.8,0
dl_72,20,East_exit,22,15,0.8,0
dl_73,3,,,,,
dl_73,24,West_exit_short,24,16,0.44,0
dl_73,21,West_exit_short,21,14,0.44,0
dl_73,20,East_exit,22,15,0.8,0
dl_73,29,West_exit,29,19,0.8,0
dl_74,3,,,,,
dl_74,24,West_exit_short,24,16,0.44,0
dl_74,21,West_exit_short,21,14,0.44,0
dl_74,20,East_exit,22,15,0.8,0
dl_74,32,West_exit,31,20,0.8,0
dl_74,31,West_exit,31,20,0.8,0
dl_75,3,,,,,
dl_75,24,West_exit_short,24,16,0.44,0
dl_75,21,West_exit_short,21,14,0.44,0
dl_75,20,East_exit,22,15,0.8,0
dl_75,30,West_exit,30,20,0.8,0
dl_75,32,West_exit,30,20,0.8,0
dl_76,3,,,,,
dl_76,24,West_exit_short,24,16,0.44,0
dl_76,21,West_exit_short,21,14,0.44,0
dl_76,20,East_exit,22,15,0.8,0
dl_76,32,West_exit,32,21,0.8,0
dl_77,3,,,,,
dl_77,26,West_exit_short,26,17,0.44,0
dl_77,21,West_exit_short,21,14,0.44,0
dl_77,29,West_exit,28,18,0.8,0
dl_77,28,West_exit,28,18,0.8,0
dl_77,20,East_exit,22,15,0.8,0
dl_78,3,,,,,
dl_78,26,West_exit_short,26,17,0.44,0
dl_78,21,West_exit_short,21,14,0.44,0
dl_78,27,West_exit,27,18,0.8,0
dl_78,29,West_exit,27,18,0.8,0
dl_78,20,East_exit,22,15,0.8,0
dl_79,3,,,,,
dl_79,26,West_exit_short,26,17,0.44,0
dl_79,21,West_exit_short,21,14,0.44,0
dl_79,20,East_exit,22,15,0.8,0
dl_79,29,West_exit,29,19,0.8,0
dl_80,3,,,,,
dl_80,26,West_exit_short,26,17,0.44,0
dl_80,21,West_exit_short,21,14,0.44,0
dl_80,20,East_exit,22,15,0.8,0
dl_80,32,West_exit,31,20,0.8,0
dl_80,31,West_exit,31,20,0.8,0
dl_81,3,,,,,
dl_81,26,West_exit_short,26,17,0.44,0
dl_81,21,West_exit_short,21,14,0.44,0
dl_81,20,East_exit,22,15,0.8,0
dl_81,30,West_exit,30,20,0.8,0
dl_81,32,West_exit,30,20,0.8,0
dl_82,3,,,,,
dl_82,26,West_exit_short,26,17,0.44,0
dl_82,21,West_exit_short,21,14,0.44,0
dl_82,20,East_exit,22,15,0.8,0
dl_82,32,West_exit,32,21,0.8,0
dl_83,1,,,,,
dl_83,2,East_exit,4,3,0.8,0
dl_83,5,West_exit,3,2,0.8,0
dl_84,1,,,,,
dl_84,2,East_exit,4,3,0.8,0
dl_84,4,East_exit,4,3,0.8,0
dl_84,5,West_exit,5,3,0.8,0
dl_85,2,,,,,
dl_85,6,East_exit_short,6,5,0.44,0
dl_85,2,East_exit,4,3,0.8,0
dl_85,4,East_exit,4,3,0.8,0
dl_85,8,West_exit,7,4,0.8,0
dl_86,1,,,,,
dl_86,2,East_exit,3,3,0.8,0
dl_86,5,West_exit,4,2,0.8,0
dl_87,1,,,,,
dl_87,3,East_exit,3,3,0.8,0
dl_87,2,East_exit,3,3,0.8,0
dl_87,5,West_exit,5,3,0.8,0
dl_88,2,,,,,
dl_88,6,East_exit_short,6,5,0.44,0
dl_88,3,East_exit,3,3,0.8,0
dl_88,2,East_exit,3,3,0.8,0
dl_88,8,West_exit,7,4,0.8,0
dl_89,1,,,,,
dl_89,2,East_exit,2,2,0.8,0
dl_89,5,West_exit,4,2,0.8,0
dl_89,4,West_exit,4,2,0.8,0
dl_90,1,,,,,
dl_90,2,East_exit,2,2,0.8,0
dl_90,3,West_exit,3,2,0.8,0
dl_90,5,West_exit,3,2,0.8,0
dl_91,1,,,,,
dl_91,2,East_exit,2,2,0.8,0
dl_91,5,West_exit,5,3,0.8,0
dl_92,2,,,,,
dl_92,6,East_exit_short,6,5,0.44,0
dl_92,8,West_exit,7,4,0.8,0
dl_92,2,East_exit,2,2,0.8,0
dl_93,2,,,,,
dl_93,5,East_exit_short,5,4,0.44,0
dl_93,8,West_exit,7,4,0.8,0
dl_93,7,West_exit,7,4,0.8,0
dl_93,2,East_exit,4,3,0.8,0
dl_93,4,East_exit,4,3,0.8,0
dl_94,2,,,,,
dl_94,5,East_exit_short,5,4,0.44,0
dl_94,8,West_exit,7,4,0.8,0
dl_94,7,West_exit,7,4,0.8,0
dl_94,3,East_exit,3,3,0.8,0
dl_94,2,East_exit,3,3,0.8,0
dl_95,2,,,,,
dl_95,5,East_exit_short,5,4,0.44,0
dl_95,8,West_exit,7,4,0.8,0
dl_95,7,West_exit,7,4,0.8,0
dl_95,2,East_exit,2,2,0.8,0
dl_96,1,,,,,
dl_96,23,East_exit,25,17,0.8,0
dl_96,26,West_exit,24,16,0.8,0
dl_97,1,,,,,
dl_97,23,East_exit,25,17,0.8,0
dl_97,25,East_exit,25,17,0.8,0
dl_97,26,West_exit,26,17,0.8,0
dl_98,1,,,,,
dl_98,23,East_exit,25,17,0.8,0
dl_98,25,East_exit,25,17,0.8,0
dl_98,29,West_exit,28,18,0.8,0
dl_98,28,West_exit,28,18,0.8,0
dl_99,1,,,,,
dl_99,27,West_exit,27,18,0.8,0
dl_99,29,West_exit,27,18,0.8,0
dl_99,23,East_exit,25,17,0.8,0
dl_99,25,East_exit,25,17,0.8,0
dl_100,1,,,,,
dl_100,29,West_exit,29,19,0.8,0
dl_100,23,East_exit,25,17,0.8,0
dl_100,25,East_exit,25,17,0.8,0
dl_101,1,,,,,
dl_101,23,East_exit,24,17,0.8,0
dl_101,26,West_exit,25,16,0.8,0
dl_102,1,,,,,
dl_102,24,East_exit,24,17,0.8,0
dl_102,23,East_exit,24,17,0.8,0
dl_102,26,West_exit,26,17,0.8,0
dl_103,1,,,,,
dl_103,24,East_exit,24,17,0.8,0
dl_103,23,East_exit,24,17,0.8,0
dl_103,29,West_exit,28,18,0.8,0
dl_103,28,West_exit,28,18,0.8,0
dl_104,1,,,,,
dl_104,24,East_exit,24,17,0.8,0
dl_104,23,East_exit,24,17,0.8,0
dl_104,27,West_exit,27,18,0.8,0
dl_104,29,West_exit,27,18,0.8,0
dl_105,1,,,,,
dl_105,29,West_exit,29,19,0.8,0
dl_105,24,East_exit,24,17,0.8,0
dl_105,23,East_exit,24,17,0.8,0
dl_106,1,,,,,
dl_106,23,East_exit,23,16,0.8,0
dl_106,26,West_exit,25,16,0.8,0
dl_106,25,West_exit,25,16,0.8,0
dl_107,1,,,,,
dl_107,23,East_exit,23,16,0.8,0
dl_107,24,West_exit,24,16,0.8,0
dl_107,26,West_exit,24,16,0.8,0
dl_108,1,,,,,
dl_108,23,East_exit,23,16,0.8,0
dl_108,26,West_exit,26,17,0.8,0
dl_109,1,,,,,
dl_109,23,East_exit,23,16,0.8,0
dl_109,29,West_exit,28,18,0.8,0
dl_109,28,West_exit,28,18,0.8,0
dl_110,1,,,,,
dl_110,23,East_exit,23,16,0.8,0
dl_110,27,West_exit,27,18,0.8,0
dl_110,29,West_exit,27,18,0.8,0
dl_111,1,,,,,
dl_111,23,East_exit,23,16,0.8,0
dl_111,29,West_exit,29,19,0.8,0
dl_112,1,,,,,
dl_112,30,West_exit,30,20,0.8,0
dl_112,32,West_exit,30,20,0.8,0
dl_112,23,East_exit,25,17,0.8,0
dl_112,25,East_exit,25,17,0.8,0
dl_113,1,,,,,
dl_113,30,West_exit,30,20,0.8,0
dl_113,32,West_exit,30,20,0.8,0
dl_113,24,East_exit,24,17,0.8,0
dl_113,23,East_exit,24,17,0.8,0
dl_114,1,,,,,
dl_114,30,West_exit,30,20,0.8,0
dl_114,32,West_exit,30,20,0.8,0
dl_114,23,East_exit,23,16,0.8,0
dl_115,2,,,,,
dl_115,32,West_exit,32,21,0.8,0
dl_115,23,East_exit,25,17,0.8,0
dl_115,25,East_exit,25,17,0.8,0
dl_115,31,East_exit_short,31,21,0.44,0
dl_116,2,,,,,
dl_116,32,West_exit,32,21,0.8,0
dl_116,24,East_exit,24,17,0.8,0
dl_116,23,East_exit,24,17,0.8,0
dl_116,31,East_exit_short,31,21,0.44,0
dl_117,2,,,,,
dl_117,32,West_exit,32,21,0.8,0
dl_117,31,East_exit_short,31,21,0.44,0
dl_117,23,East_exit,23,16,0.8,0
dl_118,2,,,,,
dl_118,20,East_exit,21,15,0.8,0
dl_118,22,West_exit_short,22,14,0.44,0
dl_118,26,West_exit,25,16,0.8,0
dl_118,25,West_exit,25,16,0.8,0
dl_119,2,,,,,
dl_119,20,East_exit,21,15,0.8,0
dl_119,22,West_exit_short,22,14,0.44,0
dl_119,24,West_exit,24,16,0.8,0
dl_119,26,West_exit,24,16,0.8,0
dl_120,2,,,,,
dl_120,20,East_exit,21,15,0.8,0
dl_120,22,West_exit_short,22,14,0.44,0
dl_120,26,West_exit,26,17,0.8,0
dl_121,2,,,,,
dl_121,20,East_exit,21,15,0.8,0
dl_121,22,West_exit_short,22,14,0.44,0
dl_121,29,West_exit,28,18,0.8,0
dl_121,28,West_exit,28,18,0.8,0
dl_122,2,,,,,
dl_122,20,East_exit,21,15,0.8,0
dl_122,22,West_exit_short,22,14,0.44,0
dl_122,27,West_exit,27,18,0.8,0
dl_122,29,West_exit,27,18,0.8,0
dl_123,2,,,,,
dl_123,20,East_exit,21,15,0.8,0
dl_123,22,West_exit_short,22,14,0.44,0
dl_123,29,West_exit,29,19,0.8,0
dl_124,2,,,,,
dl_124,20,East_exit,21,15,0.8,0
dl_124,30,West_exit,30,20,0.8,0
dl_124,32,West_exit,30,20,0.8,0
dl_124,22,West_exit_short,22,14,0.44,0
dl_125,3,,,,,
dl_125,20,East_exit,21,15,0.8,0
dl_125,32,West_exit,32,21,0.8,0
dl_125,31,East_exit_short,31,21,0.44,0
dl_125,22,West_exit_short,22,14,0.44,0
dl_126,1,,,,,
dl_126,17,East_exit,19,13,0.8,0
dl_126,20,West_exit,18,12,0.8,0
dl_127,1,,,,,
dl_127,17,East_exit,19,13,0.8,0
dl_127,19,East_exit,19,13,0.8,0
dl_127,20,West_exit,20,13,0.8,0
dl_128,2,,,,,
dl_128,22,East_exit_short,22,15,0.44,0
dl_128,17,East_exit,19,13,0.8,0
dl_128,19,East_exit,19,13,0.8,0
dl_128,23,West_exit,21,14,0.8,0
dl_129,2,,,,,
dl_129,22,East_exit_short,22,15,0.44,0
dl_129,17,East_exit,19,13,0.8,0
dl_129,19,East_exit,19,13,0.8,0
dl_129,23,West_exit,23,15,0.8,0
dl_130,1,,,,,
dl_130,17,East_exit,18,13,0.8,0
dl_130,20,West_exit,19,12,0.8,0
dl_131,1,,,,,
dl_131,18,East_exit,18,13,0.8,0
dl_131,17,East_exit,18,13,0.8,0
dl_131,20,West_exit,20,13,0.8,0
dl_132,2,,,,,
dl_132,22,East_exit_short,22,15,0.44,0
dl_132,18,East_exit,18,13,0.8,0
dl_132,17,East_exit,18,13,0.8,0
dl_132,23,West_exit,21,14,0.8,0
dl_133,2,,,,,
dl_133,22,East_exit_short,22,15,0.44,0
dl_133,18,East_exit,18,13,0.8,0
dl_133,17,East_exit,18,13,0.8,0
dl_133,23,West_exit,23,15,0.8,0
dl_134,1,,,,,
dl_134,17,East_exit,17,12,0.8,0
dl_134,20,West_exit,19,12,0.8,0
dl_134,19,West_exit,19,12,0.8,0
dl_135,1,,,,,
dl_135,17,East_exit,17,12,0.8,0
dl_135,18,West_exit,18,12,0.8,0
dl_135,20,West_exit,18,12,0.8,0
dl_136,1,,,,,
dl_136,17,East_exit,17,12,0.8,0
dl_136,20,West_exit,20,13,0.8,0
dl_137,2,,,,,
dl_137,22,East_exit_short,22,15,0.44,0
dl_137,23,West_exit,21,14,0.8,0
dl_137,17,East_exit,17,12,0.8,0
dl_138,2,,,,,
dl_138,22,East_exit_short,22,15,0.44,0
dl_138,23,West_exit,23,15,0.8,0
dl_138,17,East_exit,17,12,0.8,0
dl_139,2,,,,,
dl_139,21,East_exit_short,21,15,0.44,0
dl_139,17,East_exit,19,13,0.8,0
dl_139,19,East_exit,19,13,0.8,0
dl_139,23,West_exit,22,14,0.8,0
dl_140,2,,,,,
dl_140,21,East_exit_short,21,15,0.44,0
dl_140,17,East_exit,19,13,0.8,0
dl_140,19,East_exit,19,13,0.8,0
dl_140,23,West_exit,23,15,0.8,0
dl_141,2,,,,,
dl_141,21,East_exit_short,21,15,0.44,0
dl_141,18,East_exit,18,13,0.8,0
dl_141,17,East_exit,18,13,0.8,0
dl_141,23,West_exit,22,14,0.8,0
dl_142,2,,,,,
dl_142,21,East_exit_short,21,15,0.44,0
dl_142,18,East_exit,18,13,0.8,0
dl_142,17,East_exit,18,13,0.8,0
dl_142,23,West_exit,23,15,0.8,0
dl_143,2,,,,,
dl_143,21,East_exit_short,21,15,0.44,0
dl_143,23,West_exit,22,14,0.8,0
dl_143,17,East_exit,17,12,0.8,0
dl_144,2,,,,,
dl_144,21,East_exit_short,21,15,0.44,0
dl_144,23,West_exit,23,15,0.8,0
dl_144,17,East_exit,17,12,0.8,0
dl_145,2,,,,,
dl_145,20,East_exit_short,20,14,0.44,0
dl_145,23,West_exit,22,14,0.8,0
dl_145,22,West_exit,22,14,0.8,0
dl_145,17,East_exit,19,13,0.8,0
dl_145,19,East_exit,19,13,0.8,0
dl_146,2,,,,,
dl_146,20,East_exit_short,20,14,0.44,0
dl_146,21,West_exit,21,14,0.8,0
dl_146,23,West_exit,21,14,0.8,0
dl_146,17,East_exit,19,13,0.8,0
dl_146,19,East_exit,19,13,0.8,0
dl_147,2,,,,,
dl_147,20,East_exit_short,20,14,0.44,0
dl_147,17,East_exit,19,13,0.8,0
dl_147,19,East_exit,19,13,0.8,0
dl_147,23,West_exit,23,15,0.8,0
dl_148,2,,,,,
dl_148,20,East_exit_short,20,14,0.44,0
dl_148,23,West_exit,22,14,0.8,0
dl_148,22,West_exit,22,14,0.8,0
dl_148,18,East_exit,18,13,0.8,0
dl_148,17,East_exit,18,13,0.8,0
dl_149,2,,,,,
dl_149,20,East_exit_short,20,14,0.44,0
dl_149,21,West_exit,21,14,0.8,0
dl_149,23,West_exit,21,14,0.8,0
dl_149,18,East_exit,18,13,0.8,0
dl_149,17,East_exit,18,13,0.8,0
dl_150,2,,,,,
dl_150,20,East_exit_short,20,14,0.44,0
dl_150,18,East_exit,18,13,0.8,0
dl_150,17,East_exit,18,13,0.8,0
dl_150,23,West_exit,23,15,0.8,0
dl_151,2,,,,,
dl_151,20,East_exit_short,20,14,0.44,0
dl_151,23,West_exit,22,14,0.8,0
dl_151,22,West_exit,22,14,0.8,0
dl_151,17,East_exit,17,12,0.8,0
dl_152,2,,,,,
dl_152,20,East_exit_short,20,14,0.44,0
dl_152,21,West_exit,21,14,0.8,0
dl_152,23,West_exit,21,14,0.8,0
dl_152,17,East_exit,17,12,0.8,0
dl_153,2,,,,,
dl_153,20,East_exit_short,20,14,0.44,0
dl_153,23,West_exit,23,15,0.8,0
dl_153,17,East_exit,17,12,0.8,0
dl_154,3,,,,,
dl_154,22,East_exit_short,22,15,0.44,0
dl_154,26,West_exit,25,16,0.8,0
dl_154,24,East_exit_short,24,17,0.44,0
dl_154,17,East_exit,19,13,0.8,0
dl_154,19,East_exit,19,13,0.8,0
dl_155,3,,,,,
dl_155,22,East_exit_short,22,15,0.44,0
dl_155,26,West_exit,25,16,0.8,0
dl_155,24,East_exit_short,24,17,0.44,0
dl_155,18,East_exit,18,13,0.8,0
dl_155,17,East_exit,18,13,0.8,0
dl_156,3,,,,,
dl_156,22,East_exit_short,22,15,0.44,0
dl_156,26,West_exit,25,16,0.8,0
dl_156,24,East_exit_short,24,17,0.44,0
dl_156,17,East_exit,17,12,0.8,0
dl_157,3,,,,,
dl_157,21,East_exit_short,21,15,0.44,0
dl_157,26,West_exit,25,16,0.8,0
dl_157,24,East_exit_short,24,17,0.44,0
dl_157,17,East_exit,19,13,0.8,0
dl_157,19,East_exit,19,13,0.8,0
dl_158,3,,,,,
dl_158,21,East_exit_short,21,15,0.44,0
dl_158,26,West_exit,25,16,0.8,0
dl_158,24,East_exit_short,24,17,0.44,0
dl_158,18,East_exit,18,13,0.8,0
dl_158,17,East_exit,18,13,0.8,0
dl_159,3,,,,,
dl_159,21,East_exit_short,21,15,0.44,0
dl_159,26,West_exit,25,16,0.8,0
dl_159,24,East_exit_short,24,17,0.44,0
dl_159,17,East_exit,17,12,0.8,0
dl_160,3,,,,,
dl_160,20,East_exit_short,20,14,0.44,0
dl_160,26,West_exit,25,16,0.8,0
dl_160,24,East_exit_short,24,17,0.44,0
dl_160,17,East_exit,19,13,0.8,0
dl_160,19,East_exit,19,13,0.8,0
dl_161,3,,,,,
dl_161,20,East_exit_short,20,14,0.44,0
dl_161,26,West_exit,25,16,0.8,0
dl_161,24,East_exit_short,24,17,0.44,0
dl_161,18,East_exit,18,13,0.8,0
dl_161,17,East_exit,18,13,0.8,0
dl_162,3,,,,,
dl_162,20,East_exit_short,20,14,0.44,0
dl_162,26,West_exit,25,16,0.8,0
dl_162,24,East_exit_short,24,17,0.44,0
dl_162,17,East_exit,17,12,0.8,0
dl_163,2,,,,,
dl_163,14,East_exit,16,11,0.8,0
dl_163,15,West_exit_short,15,10,0.44,0
dl_163,20,West_exit,19,12,0.8,0
dl_163,19,West_exit,19,12,0.8,0
dl_164,2,,,,,
dl_164,14,East_exit,16,11,0.8,0
dl_164,15,West_exit_short,15,10,0.44,0
dl_164,18,West_exit,18,12,0.8,0
dl_164,20,West_exit,18,12,0.8,0
dl_165,2,,,,,
dl_165,14,East_exit,16,11,0.8,0
dl_165,15,West_exit_short,15,10,0.44,0
dl_165,20,West_exit,20,13,0.8,0
dl_166,3,,,,,
dl_166,14,East_exit,16,11,0.8,0
dl_166,15,West_exit_short,15,10,0.44,0
dl_166,23,West_exit,21,14,0.8,0
dl_166,22,East_exit_short,22,15,0.44,0
dl_167,3,,,,,
dl_167,14,East_exit,16,11,0.8,0
dl_167,15,West_exit_short,15,10,0.44,0
dl_167,22,East_exit_short,22,15,0.44,0
dl_167,23,West_exit,23,15,0.8,0
dl_168,3,,,,,
dl_168,14,East_exit,16,11,0.8,0
dl_168,15,West_exit_short,15,10,0.44,0
dl_168,23,West_exit,22,14,0.8,0
dl_168,21,East_exit_short,21,15,0.44,0
dl_169,3,,,,,
dl_169,14,East_exit,16,11,0.8,0
dl_169,21,East_exit_short,21,15,0.44,0
dl_169,15,West_exit_short,15,10,0.44,0
dl_169,23,West_exit,23,15,0.8,0
dl_170,3,,,,,
dl_170,14,East_exit,16,11,0.8,0
dl_170,20,East_exit_short,20,14,0.44,0
dl_170,23,West_exit,22,14,0.8,0
dl_170,22,West_exit,22,14,0.8,0
dl_170,15,West_exit_short,15,10,0.44,0
dl_171,3,,,,,
dl_171,14,East_exit,16,11,0.8,0
dl_171,20,East_exit_short,20,14,0.44,0
dl_171,21,West_exit,21,14,0.8,0
dl_171,23,West_exit,21,14,0.8,0
dl_171,15,West_exit_short,15,10,0.44,0
dl_172,3,,,,,
dl_172,14,East_exit,16,11,0.8,0
dl_172,20,East_exit_short,20,14,0.44,0
dl_172,15,West_exit_short,15,10,0.44,0
dl_172,23,West_exit,23,15,0.8,0
dl_173,4,,,,,
dl_173,14,East_exit,16,11,0.8,0
dl_173,26,West_exit,25,16,0.8,0
dl_173,24,East_exit_short,24,17,0.44,0
dl_173,22,East_exit_short,22,15,0.44,0
dl_173,15,West_exit_short,15,10,0.44,0
dl_174,4,,,,,
dl_174,14,East_exit,16,11,0.8,0
dl_174,26,West_exit,25,16,0.8,0
dl_174,24,East_exit_short,24,17,0.44,0
dl_174,21,East_exit_short,21,15,0.44,0
dl_174,15,West_exit_short,15,10,0.44,0
dl_175,4,,,,,
dl_175,14,East_exit,16,11,0.8,0
dl_175,26,West_exit,25,16,0.8,0
dl_175,24,East_exit_short,24,17,0.44,0
dl_175,15,West_exit_short,15,10,0.44,0
dl_175,20,East_exit_short,20,14,0.44,0
dl_176,3,,,,,
dl_176,22,East_exit_short,22,15,0.44,0
dl_176,23,East_exit_short,23,16,0.44,0
dl_176,26,West_exit,25,16,0.8,0
dl_176,25,West_exit,25,16,0.8,0
dl_176,17,East_exit,19,13,0.8,0
dl_176,19,East_exit,19,13,0.8,0
dl_177,3,,,,,
dl_177,22,East_exit_short,22,15,0.44,0
dl_177,23,East_exit_short,23,16,0.44,0
dl_177,26,West_exit,25,16,0.8,0
dl_177,25,West_exit,25,16,0.8,0
dl_177,18,East_exit,18,13,0.8,0
dl_177,17,East_exit,18,13,0.8,0
dl_178,3,,,,,
dl_178,22,East_exit_short,22,15,0.44,0
dl_178,23,East_exit_short,23,16,0.44,0
dl_178,26,West_exit,25,16,0.8,0
dl_178,25,West_exit,25,16,0.8,0
dl_178,17,East_exit,17,12,0.8,0
dl_179,3,,,,,
dl_179,21,East_exit_short,21,15,0.44,0
dl_179,23,East_exit_short,23,16,0.44,0
dl_179,26,West_exit,25,16,0.8,0
dl_179,25,West_exit,25,16,0.8,0
dl_179,17,East_exit,19,13,0.8,0
dl_179,19,East_exit,19,13,0.8,0
dl_180,3,,,,,
dl_180,21,East_exit_short,21,15,0.44,0
dl_180,23,East_exit_short,23,16,0.44,0
dl_180,26,West_exit,25,16,0.8,0
dl_180,25,West_exit,25,16,0.8,0
dl_180,18,East_exit,18,13,0.8,0
dl_180,17,East_exit,18,13,0.8,0
dl_181,3,,,,,
dl_181,21,East_exit_short,21,15,0.44,0
dl_181,23,East_exit_short,23,16,0.44,0
dl_181,26,West_exit,25,16,0.8,0
dl_181,25,West_exit,25,16,0.8,0
dl_181,17,East_exit,17,12,0.8,0
dl_182,3,,,,,
dl_182,20,East_exit_short,20,14,0.44,0
dl_182,23,East_exit_short,23,16,0.44,0
dl_182,26,West_exit,25,16,0.8,0
dl_182,25,West_exit,25,16,0.8,0
dl_182,17,East_exit,19,13,0.8,0
dl_182,19,East_exit,19,13,0.8,0
dl_183,3,,,,,
dl_183,20,East_exit_short,20,14,0.44,0
dl_183,23,East_exit_short,23,16,0.44,0
dl_183,26,West_exit,25,16,0.8,0
dl_183,25,West_exit,25,16,0.8,0
dl_183,18,East_exit,18,13,0.8,0
dl_183,17,East_exit,18,13,0.8,0
dl_184,3,,,,,
dl_184,20,East_exit_short,20,14,0.44,0
dl_184,23,East_exit_short,23,16,0.44,0
dl_184,26,West_exit,25,16,0.8,0
dl_184,25,West_exit,25,16,0.8,0
dl_184,17,East_exit,17,12,0.8,0
dl_185,4,,,,,
dl_185,14,East_exit,16,11,0.8,0
dl_185,23,East_exit_short,23,16,0.44,0
dl_185,22,East_exit_short,22,15,0.44,0
dl_185,26,West_exit,25,16,0.8,0
dl_185,25,West_exit,25,16,0.8,0
dl_185,15,West_exit_short,15,10,0.44,0
dl_186,4,,,,,
dl_186,14,East_exit,16,11,0.8,0
dl_186,23,East_exit_short,23,16,0.44,0
dl_186,21,East_exit_short,21,15,0.44,0
dl_186,26,West_exit,25,16,0.8,0
dl_186,25,West_exit,25,16,0.8,0
dl_186,15,West_exit_short,15,10,0.44,0
dl_187,4,,,,,
dl_187,14,East_exit,16,11,0.8,0
dl_187,23,East_exit_short,23,16,0.44,0
dl_187,26,West_exit,25,16,0.8,0
dl_187,25,West_exit,25,16,0.8,0
dl_187,15,West_exit_short,15,10,0.44,0
dl_187,20,East_exit_short,20,14,0.44,0
dl_188,2,,,,,
dl_188,17,West_exit_short,17,11,0.44,0
dl_188,14,East_exit,16,11,0.8,0
dl_188,16,East_exit,16,11,0.8,0
dl_188,20,West_exit,19,12,0.8,0
dl_188,19,West_exit,19,12,0.8,0
dl_189,2,,,,,
dl_189,17,West_exit_short,17,11,0.44,0
dl_189,14,East_exit,16,11,0.8,0
dl_189,16,East_exit,16,11,0.8,0
dl_189,18,West_exit,18,12,0.8,0
dl_189,20,West_exit,18,12,0.8,0
dl_190,2,,,,,
dl_190,17,West_exit_short,17,11,0.44,0
dl_190,14,East_exit,16,11,0.8,0
dl_190,16,East_exit,16,11,0.8,0
dl_190,20,West_exit,20,13,0.8,0
dl_191,3,,,,,
dl_191,23,West_exit,21,14,0.8,0
dl_191,17,West_exit_short,17,11,0.44,0
dl_191,14,East_exit,16,11,0.8,0
dl_191,16,East_exit,16,11,0.8,0
dl_191,22,East_exit_short,22,15,0.44,0
dl_192,3,,,,,
dl_192,17,West_exit_short,17,11,0.44,0
dl_192,14,East_exit,16,11,0.8,0
dl_192,16,East_exit,16,11,0.8,0
dl_192,22,East_exit_short,22,15,0.44,0
dl_192,23,West_exit,23,15,0.8,0
dl_193,3,,,,,
dl_193,23,West_exit,22,14,0.8,0
dl_193,17,West_exit_short,17,11,0.44,0
dl_193,14,East_exit,16,11,0.8,0
dl_193,16,East_exit,16,11,0.8,0
dl_193,21,East_exit_short,21,15,0.44,0
dl_194,3,,,,,
dl_194,21,East_exit_short,21,15,0.44,0
dl_194,17,West_exit_short,17,11,0.44,0
dl_194,14,East_exit,16,11,0.8,0
dl_194,16,East_exit,16,11,0.8,0
dl_194,23,West_exit,23,15,0.8,0
dl_195,3,,,,,
dl_195,20,East_exit_short,20,14,0.44,0
dl_195,23,West_exit,22,14,0.8,0
dl_195,22,West_exit,22,14,0.8,0
dl_195,17,West_exit_short,17,11,0.44,0
dl_195,14,East_exit,16,11,0.8,0
dl_195,16,East_exit,16,11,0.8,0
dl_196,3,,,,,
dl_196,20,East_exit_short,20,14,0.44,0
dl_196,21,West_exit,21,14,0.8,0
dl_196,23,West_exit,21,14,0.8,0
dl_196,17,West_exit_short,17,11,0.44,0
dl_196,14,East_exit,16,11,0.8,0
dl_196,16,East_exit,16,11,0.8,0
dl_197,3,,,,,
dl_197,20,East_exit_short,20,14,0.44,0
dl_197,17,West_exit_short,17,11,0.44,0
dl_197,14,East_exit,16,11,0.8,0
dl_197,16,East_exit,16,11,0.8,0
dl_197,23,West_exit,23,15,0.8,0
dl_198,4,,,,,
dl_198,24,East_exit_short,24,17,0.44,0
dl_198,26,West_exit,25,16,0.8,0
dl_198,17,West_exit_short,17,11,0.44,0
dl_198,14,East_exit,16,11,0.8,0
dl_198,16,East_exit,16,11,0.8,0
dl_198,22,East_exit_short,22,15,0.44,0
dl_199,4,,,,,
dl_199,17,West_exit_short,17,11,0.44,0
dl_199,14,East_exit,16,11,0.8,0
dl_199,16,East_exit,16,11,0.8,0
dl_199,26,West_exit,25,16,0.8,0
dl_199,24,East_exit_short,24,17,0.44,0
dl_199,21,East_exit_short,21,15,0.44,0
dl_200,4,,,,,
dl_200,17,West_exit_short,17,11,0.44,0
dl_200,14,East_exit,16,11,0.8,0
dl_200,16,East_exit,16,11,0.8,0
dl_200,26,West_exit,25,16,0.8,0
dl_200,24,East_exit_short,24,17,0.44,0
dl_200,20,East_exit_short,20,14,0.44,0
dl_201,4,,,,,
dl_201,23,East_exit_short,23,16,0.44,0
dl_201,17,West_exit_short,17,11,0.44,0
dl_201,14,East_exit,16,11,0.8,0
dl_201,16,East_exit,16,11,0.8,0
dl_201,22,East_exit_short,22,15,0.44,0
dl_201,26,West_exit,25,16,0.8,0
dl_201,25,West_exit,25,16,0.8,0
dl_202,4,,,,,
dl_202,23,East_exit_short,23,16,0.44,0
dl_202,17,West_exit_short,17,11,0.44,0
dl_202,14,East_exit,16,11,0.8,0
dl_202,16,East_exit,16,11,0.8,0
dl_202,21,East_exit_short,21,15,0.44,0
dl_202,26,West_exit,25,16,0.8,0
dl_202,25,West_exit,25,16,0.8,0
dl_203,4,,,,,
dl_203,23,East_exit_short,23,16,0.44,0
dl_203,17,West_exit_short,17,11,0.44,0
dl_203,14,East_exit,16,11,0.8,0
dl_203,16,East_exit,16,11,0.8,0
dl_203,26,West_exit,25,16,0.8,0
dl_203,25,West_exit,25,16,0.8,0
dl_203,20,East_exit_short,20,14,0.44,0
dl_204,3,,,,,
dl_204,14,East_exit,16,11,0.8,0
dl_204,15,West_exit_short,15,10,0.44,0
dl_204,19,East_exit_short,19,13,0.44,0
dl_204,23,West_exit,22,14,0.8,0
dl_204,22,West_exit,22,14,0.8,0
dl_205,3,,,,,
dl_205,14,East_exit,16,11,0.8,0
dl_205,15,West_exit_short,15,10,0.44,0
dl_205,19,East_exit_short,19,13,0.44,0
dl_205,21,West_exit,21,14,0.8,0
dl_205,23,West_exit,21,14,0.8,0
dl_206,3,,,,,
dl_206,14,East_exit,16,11,0.8,0
dl_206,15,West_exit_short,15,10,0.44,0
dl_206,19,East_exit_short,19,13,0.44,0
dl_206,23,West_exit,23,15,0.8,0
dl_207,4,,,,,
dl_207,26,West_exit,25,16,0.8,0
dl_207,14,East_exit,16,11,0.8,0
dl_207,15,West_exit_short,15,10,0.44,0
dl_207,19,East_exit_short,19,13,0.44,0
dl_207,24,East_exit_short,24,17,0.44,0
dl_208,4,,,,,
dl_208,14,East_exit,16,11,0.8,0
dl_208,23,East_exit_short,23,16,0.44,0
dl_208,26,West_exit,25,16,0.8,0
dl_208,25,West_exit,25,16,0.8,0
dl_208,15,West_exit_short,15,10,0.44,0
dl_208,19,East_exit_short,19,13,0.44,0
dl_209,3,,,,,
dl_209,17,West_exit_short,17,11,0.44,0
dl_209,14,East_exit,16,11,0.8,0
dl_209,16,East_exit,16,11,0.8,0
dl_209,19,East_exit_short,19,13,0.44,0
dl_209,23,West_exit,22,14,0.8,0
dl_209,22,West_exit,22,14,0.8,0
dl_210,3,,,,,
dl_210,17,West_exit_short,17,11,0.44,0
dl_210,14,East_exit,16,11,0.8,0
dl_210,16,East_exit,16,11,0.8,0
dl_210,19,East_exit_short,19,13,0.44,0
dl_210,21,West_exit,21,14,0.8,0
dl_210,23,West_exit,21,14,0.8,0
dl_211,3,,,,,
dl_211,17,West_exit_short,17,11,0.44,0
dl_211,14,East_exit,16,11,0.8,0
dl_211,16,East_exit,16,11,0.8,0
dl_211,19,East_exit_short,19,13,0.44,0
dl_211,23,West_exit,23,15,0.8,0
dl_212,4,,,,,
dl_212,26,West_exit,25,16,0.8,0
dl_212,17,West_exit_short,17,11,0.44,0
dl_212,14,East_exit,16,11,0.8,0
dl_212,16,East_exit,16,11,0.8,0
dl_212,19,East_exit_short,19,13,0.44,0
dl_212,24,East_exit_short,24,17,0.44,0
dl_213,4,,,,,
dl_213,17,West_exit_short,17,11,0.44,0
dl_213,14,East_exit,16,11,0.8,0
dl_213,16,East_exit,16,11,0.8,0
dl_213,23,East_exit_short,23,16,0.44,0
dl_213,26,West_exit,25,16,0.8,0
dl_213,25,West_exit,25,16,0.8,0
dl_213,19,East_exit_short,19,13,0.44,0
dl_214,2,,,,,
dl_214,14,East_exit,15,11,0.8,0
dl_214,16,West_exit_short,16,10,0.44,0
dl_214,20,West_exit,19,12,0.8,0
dl_214,19,West_exit,19,12,0.8,0
dl_215,2,,,,,
dl_215,14,East_exit,15,11,0.8,0
dl_215,16,West_exit_short,16,10,0.44,0
dl_215,18,West_exit,18,12,0.8,0
dl_215,20,West_exit,18,12,0.8,0
dl_216,2,,,,,
dl_216,14,East_exit,15,11,0.8,0
dl_216,16,West_exit_short,16,10,0.44,0
dl_216,20,West_exit,20,13,0.8,0
dl_217,3,,,,,
dl_217,14,East_exit,15,11,0.8,0
dl_217,16,West_exit_short,16,10,0.44,0
dl_217,23,West_exit,21,14,0.8,0
dl_217,22,East_exit_short,22,15,0.44,0
dl_218,3,,,,,
dl_218,14,East_exit,15,11,0.8,0
dl_218,16,West_exit_short,16,10,0.44,0
dl_218,22,East_exit_short,22,15,0.44,0
dl_218,23,West_exit,23,15,0.8,0
dl_219,3,,,,,
dl_219,14,East_exit,15,11,0.8,0
dl_219,16,West_exit_short,16,10,0.44,0
dl_219,23,West_exit,22,14,0.8,0
dl_219,21,East_exit_short,21,15,0.44,0
dl_220,3,,,,,
dl_220,14,East_exit,15,11,0.8,0
dl_220,21,East_exit_short,21,15,0.44,0
dl_220,16,West_exit_short,16,10,0.44,0
dl_220,23,West_exit,23,15,0.8,0
dl_221,3,,,,,
dl_221,14,East_exit,15,11,0.8,0
dl_221,20,East_exit_short,20,14,0.44,0
dl_221,23,West_exit,22,14,0.8,0
dl_221,22,West_exit,22,14,0.8,0
dl_221,16,West_exit_short,16,10,0.44,0
dl_222,3,,,,,
dl_222,14,East_exit,15,11,0.8,0
dl_222,20,East_exit_short,20,14,0.44,0
dl_222,21,West_exit,21,14,0.8,0
dl_222,23,West_exit,21,14,0.8,0
dl_222,16,West_exit_short,16,10,0.44,0
dl_223,3,,,,,
dl_223,14,East_exit,15,11,0.8,0
dl_223,20,East_exit_short,20,14,0.44,0
dl_223,16,West_exit_short,16,10,0.44,0
dl_223,23,West_exit,23,15,0.8,0
dl_224,4,,,,,
dl_224,14,East_exit,15,11,0.8,0
dl_224,16,West_exit_short,16,10,0.44,0
dl_224,22,East_exit_short,22,15,0.44,0
dl_224,26,West_exit,25,16,0.8,0
dl_224,24,East_exit_short,24,17,0.44,0
dl_225,4,,,,,
dl_225,14,East_exit,15,11,0.8,0
dl_225,21,East_exit_short,21,15,0.44,0
dl_225,16,West_exit_short,16,10,0.44,0
dl_225,26,West_exit,25,16,0.8,0
dl_225,24,East_exit_short,24,17,0.44,0
dl_226,4,,,,,
dl_226,14,East_exit,15,11,0.8,0
dl_226,20,East_exit_short,20,14,0.44,0
dl_226,16,West_exit_short,16,10,0.44,0
dl_226,26,West_exit,25,16,0.8,0
dl_226,24,East_exit_short,24,17,0.44,0
dl_227,4,,,,,
dl_227,14,East_exit,15,11,0.8,0
dl_227,23,East_exit_short,23,16,0.44,0
dl_227,26,West_exit,25,16,0.8,0
dl_227,25,West_exit,25,16,0.8,0
dl_227,16,West_exit_short,16,10,0.44,0
dl_227,22,East_exit_short,22,15,0.44,0
dl_228,4,,,,,
dl_228,14,East_exit,15,11,0.8,0
dl_228,23,East_exit_short,23,16,0.44,0
dl_228,26,West_exit,25,16,0.8,0
dl_228,25,West_exit,25,16,0.8,0
dl_228,21,East_exit_short,21,15,0.44,0
dl_228,16,West_exit_short,16,10,0.44,0
dl_229,4,,,,,
dl_229,14,East_exit,15,11,0.8,0
dl_229,23,East_exit_short,23,16,0.44,0
dl_229,26,West_exit,25,16,0.8,0
dl_229,25,West_exit,25,16,0.8,0
dl_229,20,East_exit_short,20,14,0.44,0
dl_229,16,West_exit_short,16,10,0.44,0
dl_230,2,,,,,
dl_230,17,West_exit_short,17,11,0.44,0
dl_230,15,East_exit,15,11,0.8,0
dl_230,14,East_exit,15,11,0.8,0
dl_230,20,West_exit,19,12,0.8,0
dl_230,19,West_exit,19,12,0.8,0
dl_231,2,,,,,
dl_231,17,West_exit_short,17,11,0.44,0
dl_231,15,East_exit,15,11,0.8,0
dl_231,14,East_exit,15,11,0.8,0
dl_231,18,West_exit,18,12,0.8,0
dl_231,20,West_exit,18,12,0.8,0
dl_232,2,,,,,
dl_232,17,West_exit_short,17,11,0.44,0
dl_232,15,East_exit,15,11,0.8,0
dl_232,14,East_exit,15,11,0.8,0
dl_232,20,West_exit,20,13,0.8,0
dl_233,3,,,,,
dl_233,23,West_exit,21,14,0.8,0
dl_233,17,West_exit_short,17,11,0.44,0
dl_233,15,East_exit,15,11,0.8,0
dl_233,14,East_exit,15,11,0.8,0
dl_233,22,East_exit_short,22,15,0.44,0
dl_234,3,,,,,
dl_234,17,West_exit_short,17,11,0.44,0
dl_234,15,East_exit,15,11,0.8,0
dl_234,14,East_exit,15,11,0.8,0
dl_234,22,East_exit_short,22,15,0.44,0
dl_234,23,West_exit,23,15,0.8,0
dl_235,3,,,,,
dl_235,23,West_exit,22,14,0.8,0
dl_235,17,West_exit_short,17,11,0.44,0
dl_235,15,East_exit,15,11,0.8,0
dl_235,14,East_exit,15,11,0.8,0
dl_235,21,East_exit_short,21,15,0.44,0
dl_236,3,,,,,
dl_236,21,East_exit_short,21,15,0.44,0
dl_236,17,West_exit_short,17,11,0.44,0
dl_236,15,East_exit,15,11,0.8,0
dl_236,14,East_exit,15,11,0.8,0
dl_236,23,West_exit,23,15,0.8,0
dl_237,3,,,,,
dl_237,20,East_exit_short,20,14,0.44,0
dl_237,23,West_exit,22,14,0.8,0
dl_237,22,West_exit,22,14,0.8,0
dl_237,17,West_exit_short,17,11,0.44,0
dl_237,15,East_exit,15,11,0.8,0
dl_237,14,East_exit,15,11,0.8,0
dl_238,3,,,,,
dl_238,20,East_exit_short,20,14,0.44,0
dl_238,21,West_exit,21,14,0.8,0
dl_238,23,West_exit,21,14,0.8,0
dl_238,17,West_exit_short,17,11,0.44,0
dl_238,15,East_exit,15,11,0.8,0
dl_238,14,East_exit,15,11,0.8,0
dl_239,3,,,,,
dl_239,20,East_exit_short,20,14,0.44,0
dl_239,17,West_exit_short,17,11,0.44,0
dl_239,15,East_exit,15,11,0.8,0
dl_239,14,East_exit,15,11,0.8,0
dl_239,23,West_exit,23,15,0.8,0
dl_240,4,,,,,
dl_240,17,West_exit_short,17,11,0.44,0
dl_240,15,East_exit,15,11,0.8,0
dl_240,14,East_exit,15,11,0.8,0
dl_240,22,East_exit_short,22,15,0.44,0
dl_240,26,West_exit,25,16,0.8,0
dl_240,24,East_exit_short,24,17,0.44,0
dl_241,4,,,,,
dl_241,21,East_exit_short,21,15,0.44,0
dl_241,17,West_exit_short,17,11,0.44,0
dl_241,15,East_exit,15,11,0.8,0
dl_241,14,East_exit,15,11,0.8,0
dl_241,26,West_exit,25,16,0.8,0
dl_241,24,East_exit_short,24,17,0.44,0
dl_242,4,,,,,
dl_242,20,East_exit_short,20,14,0.44,0
dl_242,17,West_exit_short,17,11,0.44,0
dl_242,15,East_exit,15,11,0.8,0
dl_242,14,East_exit,15,11,0.8,0
dl_242,26,West_exit,25,16,0.8,0
dl_242,24,East_exit_short,24,17,0.44,0
dl_243,4,,,,,
dl_243,23,East_exit_short,23,16,0.44,0
dl_243,26,West_exit,25,16,0.8,0
dl_243,25,West_exit,25,16,0.8,0
dl_243,17,West_exit_short,17,11,0.44,0
dl_243,15,East_exit,15,11,0.8,0
dl_243,14,East_exit,15,11,0.8,0
dl_243,22,East_exit_short,22,15,0.44,0
dl_244,4,,,,,
dl_244,23,East_exit_short,23,16,0.44,0
dl_244,26,West_exit,25,16,0.8,0
dl_244,25,West_exit,25,16,0.8,0
dl_244,21,East_exit_short,21,15,0.44,0
dl_244,17,West_exit_short,17,11,0.44,0
dl_244,15,East_exit,15,11,0.8,0
dl_244,14,East_exit,15,11,0.8,0
dl_245,4,,,,,
dl_245,23,East_exit_short,23,16,0.44,0
dl_245,26,West_exit,25,16,0.8,0
dl_245,25,West_exit,25,16,0.8,0
dl_245,17,West_exit_short,17,11,0.44,0
dl_245,15,East_exit,15,11,0.8,0
dl_245,14,East_exit,15,11,0.8,0
dl_245,20,East_exit_short,20,14,0.44,0
dl_246,3,,,,,
dl_246,14,East_exit,15,11,0.8,0
dl_246,16,West_exit_short,16,10,0.44,0
dl_246,19,East_exit_short,19,13,0.44,0
dl_246,23,West_exit,22,14,0.8,0
dl_246,22,West_exit,22,14,0.8,0
dl_247,3,,,,,
dl_247,14,East_exit,15,11,0.8,0
dl_247,16,West_exit_short,16,10,0.44,0
dl_247,19,East_exit_short,19,13,0.44,0
dl_247,21,West_exit,21,14,0.8,0
dl_247,23,West_exit,21,14,0.8,0
dl_248,3,,,,,
dl_248,14,East_exit,15,11,0.8,0
dl_248,16,West_exit_short,16,10,0.44,0
dl_248,19,East_exit_short,19,13,0.44,0
dl_248,23,West_exit,23,15,0.8,0
dl_249,4,,,,,
dl_249,26,West_exit,25,16,0.8,0
dl_249,14,East_exit,15,11,0.8,0
dl_249,16,West_exit_short,16,10,0.44,0
dl_249,19,East_exit_short,19,13,0.44,0
dl_249,24,East_exit_short,24,17,0.44,0
dl_250,4,,,,,
dl_250,14,East_exit,15,11,0.8,0
dl_250,23,East_exit_short,23,16,0.44,0
dl_250,26,West_exit,25,16,0.8,0
dl_250,25,West_exit,25,16,0.8,0
dl_250,16,West_exit_short,16,10,0.44,0
dl_250,19,East_exit_short,19,13,0.44,0
dl_251,3,,,,,
dl_251,17,West_exit_short,17,11,0.44,0
dl_251,15,East_exit,15,11,0.8,0
dl_251,14,East_exit,15,11,0.8,0
dl_251,19,East_exit_short,19,13,0.44,0
dl_251,23,West_exit,22,14,0.8,0
dl_251,22,West_exit,22,14,0.8,0
dl_252,3,,,,,
dl_252,17,West_exit_short,17,11,0.44,0
dl_252,15,East_exit,15,11,0.8,0
dl_252,14,East_exit,15,11,0.8,0
dl_252,19,East_exit_short,19,13,0.44,0
dl_252,21,West_exit,21,14,0.8,0
dl_252,23,West_exit,21,14,0.8,0
dl_253,3,,,,,
dl_253,17,West_exit_short,17,11,0.44,0
dl_253,15,East_exit,15,11,0.8,0
dl_253,14,East_exit,15,11,0.8,0
dl_253,19,East_exit_short,19,13,0.44,0
dl_253,23,West_exit,23,15,0.8,0
dl_254,4,,,,,
dl_254,26,West_exit,25,16,0.8,0
dl_254,17,West_exit_short,17,11,0.44,0
dl_254,15,East_exit,15,11,0.8,0
dl_254,14,East_exit,15,11,0.8,0
dl_254,19,East_exit_short,19,13,0.44,0
dl_254,24,East_exit_short,24,17,0.44,0
dl_255,4,,,,,
dl_255,17,West_exit_short,17,11,0.44,0
dl_255,15,East_exit,15,11,0.8,0
dl_255,14,East_exit,15,11,0.8,0
dl_255,23,East_exit_short,23,16,0.44,0
dl_255,26,West_exit,25,16,0.8,0
dl_255,25,West_exit,25,16,0.8,0
dl_255,19,East_exit_short,19,13,0.44,0
dl_256,2,,,,,
dl_256,14,East_exit,14,10,0.8,0
dl_256,16,West_exit_short,16,10,0.44,0
dl_256,20,West_exit,19,12,0.8,0
dl_256,19,West_exit,19,12,0.8,0
dl_257,2,,,,,
dl_257,14,East_exit,14,10,0.8,0
dl_257,16,West_exit_short,16,10,0.44,0
dl_257,18,West_exit,18,12,0.8,0
dl_257,20,West_exit,18,12,0.8,0
dl_258,2,,,,,
dl_258,14,East_exit,14,10,0.8,0
dl_258,16,West_exit_short,16,10,0.44,0
dl_258,20,West_exit,20,13,0.8,0
dl_259,3,,,,,
dl_259,14,East_exit,14,10,0.8,0
dl_259,16,West_exit_short,16,10,0.44,0
dl_259,23,West_exit,21,14,0.8,0
dl_259,22,East_exit_short,22,15,0.44,0
dl_260,3,,,,,
dl_260,14,East_exit,14,10,0.8,0
dl_260,16,West_exit_short,16,10,0.44,0
dl_260,22,East_exit_short,22,15,0.44,0
dl_260,23,West_exit,23,15,0.8,0
dl_261,3,,,,,
dl_261,14,East_exit,14,10,0.8,0
dl_261,16,West_exit_short,16,10,0.44,0
dl_261,23,West_exit,22,14,0.8,0
dl_261,21,East_exit_short,21,15,0.44,0
dl_262,3,,,,,
dl_262,14,East_exit,14,10,0.8,0
dl_262,21,East_exit_short,21,15,0.44,0
dl_262,16,West_exit_short,16,10,0.44,0
dl_262,23,West_exit,23,15,0.8,0
dl_263,3,,,,,
dl_263,14,East_exit,14,10,0.8,0
dl_263,20,East_exit_short,20,14,0.44,0
dl_263,23,West_exit,22,14,0.8,0
dl_263,22,West_exit,22,14,0.8,0
dl_263,16,West_exit_short,16,10,0.44,0
dl_264,3,,,,,
dl_264,14,East_exit,14,10,0.8,0
dl_264,20,East_exit_short,20,14,0.44,0
dl_264,21,West_exit,21,14,0.8,0
dl_264,23,West_exit,21,14,0.8,0
dl_264,16,West_exit_short,16,10,0.44,0
dl_265,3,,,,,
dl_265,14,East_exit,14,10,0.8,0
dl_265,20,East_exit_short,20,14,0.44,0
dl_265,16,West_exit_short,16,10,0.44,0
dl_265,23,West_exit,23,15,0.8,0
dl_266,4,,,,,
dl_266,14,East_exit,14,10,0.8,0
dl_266,16,West_exit_short,16,10,0.44,0
dl_266,22,East_exit_short,22,15,0.44,0
dl_266,26,West_exit,25,16,0.8,0
dl_266,24,East_exit_short,24,17,0.44,0
dl_267,4,,,,,
dl_267,14,East_exit,14,10,0.8,0
dl_267,21,East_exit_short,21,15,0.44,0
dl_267,16,West_exit_short,16,10,0.44,0
dl_267,26,West_exit,25,16,0.8,0
dl_267,24,East_exit_short,24,17,0.44,0
dl_268,4,,,,,
dl_268,14,East_exit,14,10,0.8,0
dl_268,20,East_exit_short,20,14,0.44,0
dl_268,16,West_exit_short,16,10,0.44,0
dl_268,26,West_exit,25,16,0.8,0
dl_268,24,East_exit_short,24,17,0.44,0
dl_269,4,,,,,
dl_269,14,East_exit,14,10,0.8,0
dl_269,23,East_exit_short,23,16,0.44,0
dl_269,26,West_exit,25,16,0.8,0
dl_269,25,West_exit,25,16,0.8,0
dl_269,16,West_exit_short,16,10,0.44,0
dl_269,22,East_exit_short,22,15,0.44,0
dl_270,4,,,,,
dl_270,14,East_exit,14,10,0.8,0
dl_270,23,East_exit_short,23,16,0.44,0
dl_270,26,West_exit,25,16,0.8,0
dl_270,25,West_exit,25,16,0.8,0
dl_270,21,East_exit_short,21,15,0.44,0
dl_270,16,West_exit_short,16,10,0.44,0
dl_271,4,,,,,
dl_271,14,East_exit,14,10,0.8,0
dl_271,23,East_exit_short,23,16,0.44,0
dl_271,26,West_exit,25,16,0.8,0
dl_271,25,West_exit,25,16,0.8,0
dl_271,20,East_exit_short,20,14,0.44,0
dl_271,16,West_exit_short,16,10,0.44,0
dl_272,2,,,,,
dl_272,15,West_exit_short,15,10,0.44,0
dl_272,14,East_exit,14,10,0.8,0
dl_272,20,West_exit,19,12,0.8,0
dl_272,19,West_exit,19,12,0.8,0
dl_273,2,,,,,
dl_273,15,West_exit_short,15,10,0.44,0
dl_273,14,East_exit,14,10,0.8,0
dl_273,18,West_exit,18,12,0.8,0
dl_273,20,West_exit,18,12,0.8,0
dl_274,2,,,,,
dl_274,15,West_exit_short,15,10,0.44,0
dl_274,14,East_exit,14,10,0.8,0
dl_274,20,West_exit,20,13,0.8,0
dl_275,3,,,,,
dl_275,23,West_exit,21,14,0.8,0
dl_275,15,West_exit_short,15,10,0.44,0
dl_275,14,East_exit,14,10,0.8,0
dl_275,22,East_exit_short,22,15,0.44,0
dl_276,3,,,,,
dl_276,15,West_exit_short,15,10,0.44,0
dl_276,14,East_exit,14,10,0.8,0
dl_276,22,East_exit_short,22,15,0.44,0
dl_276,23,West_exit,23,15,0.8,0
dl_277,3,,,,,
dl_277,23,West_exit,22,14,0.8,0
dl_277,15,West_exit_short,15,10,0.44,0
dl_277,14,East_exit,14,10,0.8,0
dl_277,21,East_exit_short,21,15,0.44,0
dl_278,3,,,,,
dl_278,21,East_exit_short,21,15,0.44,0
dl_278,15,West_exit_short,15,10,0.44,0
dl_278,14,East_exit,14,10,0.8,0
dl_278,23,West_exit,23,15,0.8,0
dl_279,3,,,,,
dl_279,20,East_exit_short,20,14,0.44,0
dl_279,23,West_exit,22,14,0.8,0
dl_279,22,West_exit,22,14,0.8,0
dl_279,15,West_exit_short,15,10,0.44,0
dl_279,14,East_exit,14,10,0.8,0
dl_280,3,,,,,
dl_280,20,East_exit_short,20,14,0.44,0
dl_280,21,West_exit,21,14,0.8,0
dl_280,23,West_exit,21,14,0.8,0
dl_280,15,West_exit_short,15,10,0.44,0
dl_280,14,East_exit,14,10,0.8,0
dl_281,3,,,,,
dl_281,20,East_exit_short,20,14,0.44,0
dl_281,15,West_exit_short,15,10,0.44,0
dl_281,14,East_exit,14,10,0.8,0
dl_281,23,West_exit,23,15,0.8,0
dl_282,4,,,,,
dl_282,26,West_exit,25,16,0.8,0
dl_282,24,East_exit_short,24,17,0.44,0
dl_282,15,West_exit_short,15,10,0.44,0
dl_282,14,East_exit,14,10,0.8,0
dl_282,22,East_exit_short,22,15,0.44,0
dl_283,4,,,,,
dl_283,26,West_exit,25,16,0.8,0
dl_283,24,East_exit_short,24,17,0.44,0
dl_283,21,East_exit_short,21,15,0.44,0
dl_283,15,West_exit_short,15,10,0.44,0
dl_283,14,East_exit,14,10,0.8,0
dl_284,4,,,,,
dl_284,26,West_exit,25,16,0.8,0
dl_284,24,East_exit_short,24,17,0.44,0
dl_284,15,West_exit_short,15,10,0.44,0
dl_284,14,East_exit,14,10,0.8,0
dl_284,20,East_exit_short,20,14,0.44,0
dl_285,4,,,,,
dl_285,23,East_exit_short,23,16,0.44,0
dl_285,26,West_exit,25,16,0.8,0
dl_285,25,West_exit,25,16,0.8,0
dl_285,15,West_exit_short,15,10,0.44,0
dl_285,14,East_exit,14,10,0.8,0
dl_285,22,East_exit_short,22,15,0.44,0
dl_286,4,,,,,
dl_286,23,East_exit_short,23,16,0.44,0
dl_286,26,West_exit,25,16,0.8,0
dl_286,25,West_exit,25,16,0.8,0
dl_286,21,East_exit_short,21,15,0.44,0
dl_286,15,West_exit_short,15,10,0.44,0
dl_286,14,East_exit,14,10,0.8,0
dl_287,4,,,,,
dl_287,23,East_exit_short,23,16,0.44,0
dl_287,26,West_exit,25,16,0.8,0
dl_287,25,West_exit,25,16,0.8,0
dl_287,15,West_exit_short,15,10,0.44,0
dl_287,14,East_exit,14,10,0.8,0
dl_287,20,East_exit_short,20,14,0.44,0
dl_288,2,,,,,
dl_288,17,West_exit_short,17,11,0.44,0
dl_288,14,East_exit,14,10,0.8,0
dl_288,20,West_exit,19,12,0.8,0
dl_288,19,West_exit,19,12,0.8,0
dl_289,2,,,,,
dl_289,17,West_exit_short,17,11,0.44,0
dl_289,14,East_exit,14,10,0.8,0
dl_289,18,West_exit,18,12,0.8,0
dl_289,20,West_exit,18,12,0.8,0
dl_290,2,,,,,
dl_290,17,West_exit_short,17,11,0.44,0
dl_290,14,East_exit,14,10,0.8,0
dl_290,20,West_exit,20,13,0.8,0
dl_291,3,,,,,
dl_291,23,West_exit,21,14,0.8,0
dl_291,17,West_exit_short,17,11,0.44,0
dl_291,14,East_exit,14,10,0.8,0
dl_291,22,East_exit_short,22,15,0.44,0
dl_292,3,,,,,
dl_292,17,West_exit_short,17,11,0.44,0
dl_292,14,East_exit,14,10,0.8,0
dl_292,22,East_exit_short,22,15,0.44,0
dl_292,23,West_exit,23,15,0.8,0
dl_293,3,,,,,
dl_293,23,West_exit,22,14,0.8,0
dl_293,17,West_exit_short,17,11,0.44,0
dl_293,14,East_exit,14,10,0.8,0
dl_293,21,East_exit_short,21,15,0.44,0
dl_294,3,,,,,
dl_294,21,East_exit_short,21,15,0.44,0
dl_294,17,West_exit_short,17,11,0.44,0
dl_294,14,East_exit,14,10,0.8,0
dl_294,23,West_exit,23,15,0.8,0
dl_295,3,,,,,
dl_295,20,East_exit_short,20,14,0.44,0
dl_295,23,West_exit,22,14,0.8,0
dl_295,22,West_exit,22,14,0.8,0
dl_295,17,West_exit_short,17,11,0.44,0
dl_295,14,East_exit,14,10,0.8,0
dl_296,3,,,,,
dl_296,20,East_exit_short,20,14,0.44,0
dl_296,21,West_exit,21,14,0.8,0
dl_296,23,West_exit,21,14,0.8,0
dl_296,17,West_exit_short,17,11,0.44,0
dl_296,14,East_exit,14,10,0.8,0
dl_297,3,,,,,
dl_297,20,East_exit_short,20,14,0.44,0
dl_297,17,West_exit_short,17,11,0.44,0
dl_297,14,East_exit,14,10,0.8,0
dl_297,23,West_exit,23,15,0.8,0
dl_298,4,,,,,
dl_298,17,West_exit_short,17,11,0.44,0
dl_298,14,East_exit,14,10,0.8,0
dl_298,22,East_exit_short,22,15,0.44,0
dl_298,26,West_exit,25,16,0.8,0
dl_298,24,East_exit_short,24,17,0.44,0
dl_299,4,,,,,
dl_299,21,East_exit_short,21,15,0.44,0
dl_299,17,West_exit_short,17,11,0.44,0
dl_299,14,East_exit,14,10,0.8,0
dl_299,26,West_exit,25,16,0.8,0
dl_299,24,East_exit_short,24,17,0.44,0
dl_300,4,,,,,
dl_300,20,East_exit_short,20,14,0.44,0
dl_300,17,West_exit_short,17,11,0.44,0
dl_300,14,East_exit,14,10,0.8,0
dl_300,26,West_exit,25,16,0.8,0
dl_300,24,East_exit_short,24,17,0.44,0
dl_301,4,,,,,
dl_301,23,East_exit_short,23,16,0.44,0
dl_301,26,West_exit,25,16,0.8,0
dl_301,25,West_exit,25,16,0.8,0
dl_301,17,West_exit_short,17,11,0.44,0
dl_301,14,East_exit,14,10,0.8,0
dl_301,22,East_exit_short,22,15,0.44,0
dl_302,4,,,,,
dl_302,23,East_exit_short,23,16,0.44,0
dl_302,26,West_exit,25,16,0.8,0
dl_302,25,West_exit,25,16,0.8,0
dl_302,21,East_exit_short,21,15,0.44,0
dl_302,17,West_exit_short,17,11,0.44,0
dl_302,14,East_exit,14,10,0.8,0
dl_303,4,,,,,
dl_303,23,East_exit_short,23,16,0.44,0
dl_303,26,West_exit,25,16,0.8,0
dl_303,25,West_exit,25,16,0.8,0
dl_303,17,West_exit_short,17,11,0.44,0
dl_303,14,East_exit,14,10,0.8,0
dl_303,20,East_exit_short,20,14,0.44,0
dl_304,3,,,,,
dl_304,14,East_exit,14,10,0.8,0
dl_304,16,West_exit_short,16,10,0.44,0
dl_304,19,East_exit_short,19,13,0.44,0
dl_304,23,West_exit,22,14,0.8,0
dl_304,22,West_exit,22,14,0.8,0
dl_305,3,,,,,
dl_305,14,East_exit,14,10,0.8,0
dl_305,16,West_exit_short,16,10,0.44,0
dl_305,19,East_exit_short,19,13,0.44,0
dl_305,21,West_exit,21,14,0.8,0
dl_305,23,West_exit,21,14,0.8,0
dl_306,3,,,,,
dl_306,14,East_exit,14,10,0.8,0
dl_306,16,West_exit_short,16,10,0.44,0
dl_306,19,East_exit_short,19,13,0.44,0
dl_306,23,West_exit,23,15,0.8,0
dl_307,4,,,,,
dl_307,26,West_exit,25,16,0.8,0
dl_307,14,East_exit,14,10,0.8,0
dl_307,16,West_exit_short,16,10,0.44,0
dl_307,19,East_exit_short,19,13,0.44,0
dl_307,24,East_exit_short,24,17,0.44,0
dl_308,4,,,,,
dl_308,23,East_exit_short,23,16,0.44,0
dl_308,26,West_exit,25,16,0.8,0
dl_308,25,West_exit,25,16,0.8,0
dl_308,14,East_exit,14,10,0.8,0
dl_308,16,West_exit_short,16,10,0.44,0
dl_308,19,East_exit_short,19,13,0.44,0
dl_309,3,,,,,
dl_309,15,West_exit_short,15,10,0.44,0
dl_309,19,East_exit_short,19,13,0.44,0
dl_309,23,West_exit,22,14,0.8,0
dl_309,22,West_exit,22,14,0.8,0
dl_309,14,East_exit,14,10,0.8,0
dl_310,3,,,,,
dl_310,15,West_exit_short,15,10,0.44,0
dl_310,19,East_exit_short,19,13,0.44,0
dl_310,21,West_exit,21,14,0.8,0
dl_310,23,West_exit,21,14,0.8,0
dl_310,14,East_exit,14,10,0.8,0
dl_311,3,,,,,
dl_311,15,West_exit_short,15,10,0.44,0
dl_311,14,East_exit,14,10,0.8,0
dl_311,19,East_exit_short,19,13,0.44,0
dl_311,23,West_exit,23,15,0.8,0
dl_312,4,,,,,
dl_312,26,West_exit,25,16,0.8,0
dl_312,15,West_exit_short,15,10,0.44,0
dl_312,19,East_exit_short,19,13,0.44,0
dl_312,24,East_exit_short,24,17,0.44,0
dl_312,14,East_exit,14,10,0.8,0
dl_313,4,,,,,
dl_313,15,West_exit_short,15,10,0.44,0
dl_313,23,East_exit_short,23,16,0.44,0
dl_313,26,West_exit,25,16,0.8,0
dl_313,25,West_exit,25,16,0.8,0
dl_313,19,East_exit_short,19,13,0.44,0
dl_313,14,East_exit,14,10,0.8,0
dl_314,3,,,,,
dl_314,17,West_exit_short,17,11,0.44,0
dl_314,19,East_exit_short,19,13,0.44,0
dl_314,23,West_exit,22,14,0.8,0
dl_314,22,West_exit,22,14,0.8,0
dl_314,14,East_exit,14,10,0.8,0
dl_315,3,,,,,
dl_315,17,West_exit_short,17,11,0.44,0
dl_315,19,East_exit_short,19,13,0.44,0
dl_315,21,West_exit,21,14,0.8,0
dl_315,23,West_exit,21,14,0.8,0
dl_315,14,East_exit,14,10,0.8,0
dl_316,3,,,,,
dl_316,17,West_exit_short,17,11,0.44,0
dl_316,14,East_exit,14,10,0.8,0
dl_316,19,East_exit_short,19,13,0.44,0
dl_316,23,West_exit,23,15,0.8,0
dl_317,4,,,,,
dl_317,26,West_exit,25,16,0.8,0
dl_317,17,West_exit_short,17,11,0.44,0
dl_317,14,East_exit,14,10,0.8,0
dl_317,19,East_exit_short,19,13,0.44,0
dl_317,24,East_exit_short,24,17,0.44,0
dl_318,4,,,,,
dl_318,17,West_exit_short,17,11,0.44,0
dl_318,23,East_exit_short,23,16,0.44,0
dl_318,26,West_exit,25,16,0.8,0
dl_318,25,West_exit,25,16,0.8,0
dl_318,19,East_exit_short,19,13,0.44,0
dl_318,14,East_exit,14,10,0.8,0
dl_319,3,,,,,
dl_319,23,West_exit,21,14,0.8,0
dl_319,22,East_exit_short,22,15,0.44,0
dl_319,18,West_exit_short,18,12,0.44,0
dl_319,14,East_exit,16,11,0.8,0
dl_319,16,East_exit,16,11,0.8,0
dl_320,3,,,,,
dl_320,18,West_exit_short,18,12,0.44,0
dl_320,22,East_exit_short,22,15,0.44,0
dl_320,14,East_exit,16,11,0.8,0
dl_320,16,East_exit,16,11,0.8,0
dl_320,23,West_exit,23,15,0.8,0
dl_321,3,,,,,
dl_321,23,West_exit,22,14,0.8,0
dl_321,21,East_exit_short,21,15,0.44,0
dl_321,18,West_exit_short,18,12,0.44,0
dl_321,14,East_exit,16,11,0.8,0
dl_321,16,East_exit,16,11,0.8,0
dl_322,3,,,,,
dl_322,21,East_exit_short,21,15,0.44,0
dl_322,23,West_exit,23,15,0.8,0
dl_322,18,West_exit_short,18,12,0.44,0
dl_322,14,East_exit,16,11,0.8,0
dl_322,16,East_exit,16,11,0.8,0
dl_323,3,,,,,
dl_323,20,East_exit_short,20,14,0.44,0
dl_323,23,West_exit,22,14,0.8,0
dl_323,22,West_exit,22,14,0.8,0
dl_323,18,West_exit_short,18,12,0.44,0
dl_323,14,East_exit,16,11,0.8,0
dl_323,16,East_exit,16,11,0.8,0
dl_324,3,,,,,
dl_324,20,East_exit_short,20,14,0.44,0
dl_324,21,West_exit,21,14,0.8,0
dl_324,23,West_exit,21,14,0.8,0
dl_324,18,West_exit_short,18,12,0.44,0
dl_324,14,East_exit,16,11,0.8,0
dl_324,16,East_exit,16,11,0.8,0
dl_325,3,,,,,
dl_325,20,East_exit_short,20,14,0.44,0
dl_325,23,West_exit,23,15,0.8,0
dl_325,18,West_exit_short,18,12,0.44,0
dl_325,14,East_exit,16,11,0.8,0
dl_325,16,East_exit,16,11,0.8,0
dl_326,4,,,,,
dl_326,22,East_exit_short,22,15,0.44,0
dl_326,26,West_exit,25,16,0.8,0
dl_326,24,East_exit_short,24,17,0.44,0
dl_326,18,West_exit_short,18,12,0.44,0
dl_326,14,East_exit,16,11,0.8,0
dl_326,16,East_exit,16,11,0.8,0
dl_327,4,,,,,
dl_327,21,East_exit_short,21,15,0.44,0
dl_327,18,West_exit_short,18,12,0.44,0
dl_327,14,East_exit,16,11,0.8,0
dl_327,16,East_exit,16,11,0.8,0
dl_327,26,West_exit,25,16,0.8,0
dl_327,24,East_exit_short,24,17,0.44,0
dl_328,4,,,,,
dl_328,20,East_exit_short,20,14,0.44,0
dl_328,18,West_exit_short,18,12,0.44,0
dl_328,14,East_exit,16,11,0.8,0
dl_328,16,East_exit,16,11,0.8,0
dl_328,26,West_exit,25,16,0.8,0
dl_328,24,East_exit_short,24,17,0.44,0
dl_329,4,,,,,
dl_329,22,East_exit_short,22,15,0.44,0
dl_329,23,East_exit_short,23,16,0.44,0
dl_329,26,West_exit,25,16,0.8,0
dl_329,25,West_exit,25,16,0.8,0
dl_329,18,West_exit_short,18,12,0.44,0
dl_329,14,East_exit,16,11,0.8,0
dl_329,16,East_exit,16,11,0.8,0
dl_330,4,,,,,
dl_330,21,East_exit_short,21,15,0.44,0
dl_330,23,East_exit_short,23,16,0.44,0
dl_330,26,West_exit,25,16,0.8,0
dl_330,25,West_exit,25,16,0.8,0
dl_330,18,West_exit_short,18,12,0.44,0
dl_330,14,East_exit,16,11,0.8,0
dl_330,16,East_exit,16,11,0.8,0
dl_331,4,,,,,
dl_331,20,East_exit_short,20,14,0.44,0
dl_331,23,East_exit_short,23,16,0.44,0
dl_331,26,West_exit,25,16,0.8,0
dl_331,25,West_exit,25,16,0.8,0
dl_331,18,West_exit_short,18,12,0.44,0
dl_331,14,East_exit,16,11,0.8,0
dl_331,16,East_exit,16,11,0.8,0
dl_332,3,,,,,
dl_332,19,East_exit_short,19,13,0.44,0
dl_332,14,East_exit,16,11,0.8,0
dl_332,16,East_exit,16,11,0.8,0
dl_332,23,West_exit,22,14,0.8,0
dl_332,22,West_exit,22,14,0.8,0
dl_332,18,West_exit_short,18,12,0.44,0
dl_333,3,,,,,
dl_333,19,East_exit_short,19,13,0.44,0
dl_333,14,East_exit,16,11,0.8,0
dl_333,16,East_exit,16,11,0.8,0
dl_333,21,West_exit,21,14,0.8,0
dl_333,23,West_exit,21,14,0.8,0
dl_333,18,West_exit_short,18,12,0.44,0
dl_334,3,,,,,
dl_334,19,East_exit_short,19,13,0.44,0
dl_334,14,East_exit,16,11,0.8,0
dl_334,16,East_exit,16,11,0.8,0
dl_334,23,West_exit,23,15,0.8,0
dl_334,18,West_exit_short,18,12,0.44,0
dl_335,4,,,,,
dl_335,26,West_exit,25,16,0.8,0
dl_335,19,East_exit_short,19,13,0.44,0
dl_335,14,East_exit,16,11,0.8,0
dl_335,16,East_exit,16,11,0.8,0
dl_335,18,West_exit_short,18,12,0.44,0
dl_335,24,East_exit_short,24,17,0.44,0
dl_336,4,,,,,
dl_336,14,East_exit,16,11,0.8,0
dl_336,16,East_exit,16,11,0.8,0
dl_336,23,East_exit_short,23,16,0.44,0
dl_336,26,West_exit,25,16,0.8,0
dl_336,25,West_exit,25,16,0.8,0
dl_336,19,East_exit_short,19,13,0.44,0
dl_336,18,West_exit_short,18,12,0.44,0
dl_337,3,,,,,
dl_337,23,West_exit,21,14,0.8,0
dl_337,22,East_exit_short,22,15,0.44,0
dl_337,18,West_exit_short,18,12,0.44,0
dl_337,15,East_exit,15,11,0.8,0
dl_337,14,East_exit,15,11,0.8,0
dl_338,3,,,,,
dl_338,18,West_exit_short,18,12,0.44,0
dl_338,22,East_exit_short,22,15,0.44,0
dl_338,15,East_exit,15,11,0.8,0
dl_338,14,East_exit,15,11,0.8,0
dl_338,23,West_exit,23,15,0.8,0
dl_339,3,,,,,
dl_339,23,West_exit,22,14,0.8,0
dl_339,21,East_exit_short,21,15,0.44,0
dl_339,18,West_exit_short,18,12,0.44,0
dl_339,15,East_exit,15,11,0.8,0
dl_339,14,East_exit,15,11,0.8,0
dl_340,3,,,,,
dl_340,21,East_exit_short,21,15,0.44,0
dl_340,23,West_exit,23,15,0.8,0
dl_340,18,West_exit_short,18,12,0.44,0
dl_340,15,East_exit,15,11,0.8,0
dl_340,14,East_exit,15,11,0.8,0
dl_341,3,,,,,
dl_341,20,East_exit_short,20,14,0.44,0
dl_341,23,West_exit,22,14,0.8,0
dl_341,22,West_exit,22,14,0.8,0
dl_341,18,West_exit_short,18,12,0.44,0
dl_341,15,East_exit,15,11,0.8,0
dl_341,14,East_exit,15,11,0.8,0
dl_342,3,,,,,
dl_342,20,East_exit_short,20,14,0.44,0
dl_342,21,West_exit,21,14,0.8,0
dl_342,23,West_exit,21,14,0.8,0
dl_342,18,West_exit_short,18,12,0.44,0
dl_342,15,East_exit,15,11,0.8,0
dl_342,14,East_exit,15,11,0.8,0
dl_343,3,,,,,
dl_343,20,East_exit_short,20,14,0.44,0
dl_343,23,West_exit,23,15,0.8,0
dl_343,18,West_exit_short,18,12,0.44,0
dl_343,15,East_exit,15,11,0.8,0
dl_343,14,East_exit,15,11,0.8,0
dl_344,4,,,,,
dl_344,18,West_exit_short,18,12,0.44,0
dl_344,22,East_exit_short,22,15,0.44,0
dl_344,15,East_exit,15,11,0.8,0
dl_344,14,East_exit,15,11,0.8,0
dl_344,26,West_exit,25,16,0.8,0
dl_344,24,East_exit_short,24,17,0.44,0
dl_345,4,,,,,
dl_345,21,East_exit_short,21,15,0.44,0
dl_345,26,West_exit,25,16,0.8,0
dl_345,24,East_exit_short,24,17,0.44,0
dl_345,18,West_exit_short,18,12,0.44,0
dl_345,15,East_exit,15,11,0.8,0
dl_345,14,East_exit,15,11,0.8,0
dl_346,4,,,,,
dl_346,20,East_exit_short,20,14,0.44,0
dl_346,26,West_exit,25,16,0.8,0
dl_346,24,East_exit_short,24,17,0.44,0
dl_346,18,West_exit_short,18,12,0.44,0
dl_346,15,East_exit,15,11,0.8,0
dl_346,14,East_exit,15,11,0.8,0
dl_347,4,,,,,
dl_347,22,East_exit_short,22,15,0.44,0
dl_347,23,East_exit_short,23,16,0.44,0
dl_347,26,West_exit,25,16,0.8,0
dl_347,25,West_exit,25,16,0.8,0
dl_347,18,West_exit_short,18,12,0.44,0
dl_347,15,East_exit,15,11,0.8,0
dl_347,14,East_exit,15,11,0.8,0
dl_348,4,,,,,
dl_348,21,East_exit_short,21,15,0.44,0
dl_348,23,East_exit_short,23,16,0.44,0
dl_348,26,West_exit,25,16,0.8,0
dl_348,25,West_exit,25,16,0.8,0
dl_348,18,West_exit_short,18,12,0.44,0
dl_348,15,East_exit,15,11,0.8,0
dl_348,14,East_exit,15,11,0.8,0
dl_349,4,,,,,
dl_349,20,East_exit_short,20,14,0.44,0
dl_349,23,East_exit_short,23,16,0.44,0
dl_349,26,West_exit,25,16,0.8,0
dl_349,25,West_exit,25,16,0.8,0
dl_349,18,West_exit_short,18,12,0.44,0
dl_349,15,East_exit,15,11,0.8,0
dl_349,14,East_exit,15,11,0.8,0
dl_350,3,,,,,
dl_350,19,East_exit_short,19,13,0.44,0
dl_350,15,East_exit,15,11,0.8,0
dl_350,14,East_exit,15,11,0.8,0
dl_350,23,West_exit,22,14,0.8,0
dl_350,22,West_exit,22,14,0.8,0
dl_350,18,West_exit_short,18,12,0.44,0
dl_351,3,,,,,
dl_351,19,East_exit_short,19,13,0.44,0
dl_351,15,East_exit,15,11,0.8,0
dl_351,14,East_exit,15,11,0.8,0
dl_351,21,West_exit,21,14,0.8,0
dl_351,23,West_exit,21,14,0.8,0
dl_351,18,West_exit_short,18,12,0.44,0
dl_352,3,,,,,
dl_352,19,East_exit_short,19,13,0.44,0
dl_352,15,East_exit,15,11,0.8,0
dl_352,14,East_exit,15,11,0.8,0
dl_352,23,West_exit,23,15,0.8,0
dl_352,18,West_exit_short,18,12,0.44,0
dl_353,4,,,,,
dl_353,26,West_exit,25,16,0.8,0
dl_353,15,East_exit,15,11,0.8,0
dl_353,14,East_exit,15,11,0.8,0
dl_353,19,East_exit_short,19,13,0.44,0
dl_353,24,East_exit_short,24,17,0.44,0
dl_353,18,West_exit_short,18,12,0.44,0
dl_354,4,,,,,
dl_354,15,East_exit,15,11,0.8,0
dl_354,14,East_exit,15,11,0.8,0
dl_354,23,East_exit_short,23,16,0.44,0
dl_354,26,West_exit,25,16,0.8,0
dl_354,25,West_exit,25,16,0.8,0
dl_354,19,East_exit_short,19,13,0.44,0
dl_354,18,West_exit_short,18,12,0.44,0
dl_355,3,,,,,
dl_355,23,West_exit,21,14,0.8,0
dl_355,14,East_exit,14,10,0.8,0
dl_355,22,East_exit_short,22,15,0.44,0
dl_355,18,West_exit_short,18,12,0.44,0
dl_356,3,,,,,
dl_356,14,East_exit,14,10,0.8,0
dl_356,22,East_exit_short,22,15,0.44,0
dl_356,23,West_exit,23,15,0.8,0
dl_356,18,West_exit_short,18,12,0.44,0
dl_357,3,,,,,
dl_357,23,West_exit,22,14,0.8,0
dl_357,14,East_exit,14,10,0.8,0
dl_357,21,East_exit_short,21,15,0.44,0
dl_357,18,West_exit_short,18,12,0.44,0
dl_358,3,,,,,
dl_358,21,East_exit_short,21,15,0.44,0
dl_358,14,East_exit,14,10,0.8,0
dl_358,23,West_exit,23,15,0.8,0
dl_358,18,West_exit_short,18,12,0.44,0
dl_359,3,,,,,
dl_359,20,East_exit_short,20,14,0.44,0
dl_359,23,West_exit,22,14,0.8,0
dl_359,22,West_exit,22,14,0.8,0
dl_359,14,East_exit,14,10,0.8,0
dl_359,18,West_exit_short,18,12,0.44,0
dl_360,3,,,,,
dl_360,20,East_exit_short,20,14,0.44,0
dl_360,21,West_exit,21,14,0.8,0
dl_360,23,West_exit,21,14,0.8,0
dl_360,14,East_exit,14,10,0.8,0
dl_360,18,West_exit_short,18,12,0.44,0
dl_361,3,,,,,
dl_361,20,East_exit_short,20,14,0.44,0
dl_361,14,East_exit,14,10,0.8,0
dl_361,23,West_exit,23,15,0.8,0
dl_361,18,West_exit_short,18,12,0.44,0
dl_362,4,,,,,
dl_362,14,East_exit,14,10,0.8,0
dl_362,22,East_exit_short,22,15,0.44,0
dl_362,26,West_exit,25,16,0.8,0
dl_362,24,East_exit_short,24,17,0.44,0
dl_362,18,West_exit_short,18,12,0.44,0
dl_363,4,,,,,
dl_363,21,East_exit_short,21,15,0.44,0
dl_363,14,East_exit,14,10,0.8,0
dl_363,26,West_exit,25,16,0.8,0
dl_363,24,East_exit_short,24,17,0.44,0
dl_363,18,West_exit_short,18,12,0.44,0
dl_364,4,,,,,
dl_364,20,East_exit_short,20,14,0.44,0
dl_364,14,East_exit,14,10,0.8,0
dl_364,26,West_exit,25,16,0.8,0
dl_364,24,East_exit_short,24,17,0.44,0
dl_364,18,West_exit_short,18,12,0.44,0
dl_365,4,,,,,
dl_365,23,East_exit_short,23,16,0.44,0
dl_365,26,West_exit,25,16,0.8,0
dl_365,25,West_exit,25,16,0.8,0
dl_365,14,East_exit,14,10,0.8,0
dl_365,22,East_exit_short,22,15,0.44,0
dl_365,18,West_exit_short,18,12,0.44,0
dl_366,4,,,,,
dl_366,23,East_exit_short,23,16,0.44,0
dl_366,26,West_exit,25,16,0.8,0
dl_366,25,West_exit,25,16,0.8,0
dl_366,21,East_exit_short,21,15,0.44,0
dl_366,14,East_exit,14,10,0.8,0
dl_366,18,West_exit_short,18,12,0.44,0
dl_367,4,,,,,
dl_367,23,East_exit_short,23,16,0.44,0
dl_367,26,West_exit,25,16,0.8,0
dl_367,25,West_exit,25,16,0.8,0
dl_367,14,East_exit,14,10,0.8,0
dl_367,20,East_exit_short,20,14,0.44,0
dl_367,18,West_exit_short,18,12,0.44,0
dl_368,3,,,,,
dl_368,19,East_exit_short,19,13,0.44,0
dl_368,23,West_exit,22,14,0.8,0
dl_368,22,West_exit,22,14,0.8,0
dl_368,18,West_exit_short,18,12,0.44,0
dl_368,14,East_exit,14,10,0.8,0
dl_369,3,,,,,
dl_369,19,East_exit_short,19,13,0.44,0
dl_369,21,West_exit,21,14,0.8,0
dl_369,23,West_exit,21,14,0.8,0
dl_369,18,West_exit_short,18,12,0.44,0
dl_369,14,East_exit,14,10,0.8,0
dl_370,3,,,,,
dl_370,14,East_exit,14,10,0.8,0
dl_370,19,East_exit_short,19,13,0.44,0
dl_370,23,West_exit,23,15,0.8,0
dl_370,18,West_exit_short,18,12,0.44,0
dl_371,4,,,,,
dl_371,26,West_exit,25,16,0.8,0
dl_371,14,East_exit,14,10,0.8,0
dl_371,19,East_exit_short,19,13,0.44,0
dl_371,24,East_exit_short,24,17,0.44,0
dl_371,18,West_exit_short,18,12,0.44,0
dl_372,4,,,,,
dl_372,23,East_exit_short,23,16,0.44,0
dl_372,26,West_exit,25,16,0.8,0
dl_372,25,West_exit,25,16,0.8,0
dl_372,19,East_exit_short,19,13,0.44,0
dl_372,14,East_exit,14,10,0.8,0
dl_372,18,West_exit_short,18,12,0.44,0
dl_373,3,,,,,
dl_373,20,West_exit_short,20,13,0.44,0
dl_373,19,East_exit_short,19,13,0.44,0
dl_373,14,East_exit,16,11,0.8,0
dl_373,16,East_exit,16,11,0.8,0
dl_373,23,West_exit,22,14,0.8,0
dl_373,22,West_exit,22,14,0.8,0
dl_374,3,,,,,
dl_374,20,West_exit_short,20,13,0.44,0
dl_374,19,East_exit_short,19,13,0.44,0
dl_374,14,East_exit,16,11,0.8,0
dl_374,16,East_exit,16,11,0.8,0
dl_374,21,West_exit,21,14,0.8,0
dl_374,23,West_exit,21,14,0.8,0
dl_375,3,,,,,
dl_375,20,West_exit_short,20,13,0.44,0
dl_375,19,East_exit_short,19,13,0.44,0
dl_375,14,East_exit,16,11,0.8,0
dl_375,16,East_exit,16,11,0.8,0
dl_375,23,West_exit,23,15,0.8,0
dl_376,4,,,,,
dl_376,26,West_exit,25,16,0.8,0
dl_376,19,East_exit_short,19,13,0.44,0
dl_376,20,West_exit_short,20,13,0.44,0
dl_376,14,East_exit,16,11,0.8,0
dl_376,16,East_exit,16,11,0.8,0
dl_376,24,East_exit_short,24,17,0.44,0
dl_377,4,,,,,
dl_377,23,East_exit_short,23,16,0.44,0
dl_377,26,West_exit,25,16,0.8,0
dl_377,25,West_exit,25,16,0.8,0
dl_377,19,East_exit_short,19,13,0.44,0
dl_377,20,West_exit_short,20,13,0.44,0
dl_377,14,East_exit,16,11,0.8,0
dl_377,16,East_exit,16,11,0.8,0
dl_378,3,,,,,
dl_378,20,West_exit_short,20,13,0.44,0
dl_378,19,East_exit_short,19,13,0.44,0
dl_378,15,East_exit,15,11,0.8,0
dl_378,14,East_exit,15,11,0.8,0
dl_378,23,West_exit,22,14,0.8,0
dl_378,22,West_exit,22,14,0.8,0
dl_379,3,,,,,
dl_379,20,West_exit_short,20,13,0.44,0
dl_379,19,East_exit_short,19,13,0.44,0
dl_379,15,East_exit,15,11,0.8,0
dl_379,14,East_exit,15,11,0.8,0
dl_379,21,West_exit,21,14,0.8,0
dl_379,23,West_exit,21,14,0.8,0
dl_380,3,,,,,
dl_380,20,West_exit_short,20,13,0.44,0
dl_380,19,East_exit_short,19,13,0.44,0
dl_380,15,East_exit,15,11,0.8,0
dl_380,14,East_exit,15,11,0.8,0
dl_380,23,West_exit,23,15,0.8,0
dl_381,4,,,,,
dl_381,26,West_exit,25,16,0.8,0
dl_381,19,East_exit_short,19,13,0.44,0
dl_381,20,West_exit_short,20,13,0.44,0
dl_381,15,East_exit,15,11,0.8,0
dl_381,14,East_exit,15,11,0.8,0
dl_381,24,East_exit_short,24,17,0.44,0
dl_382,4,,,,,
dl_382,23,East_exit_short,23,16,0.44,0
dl_382,26,West_exit,25,16,0.8,0
dl_382,25,West_exit,25,16,0.8,0
dl_382,19,East_exit_short,19,13,0.44,0
dl_382,20,West_exit_short,20,13,0.44,0
dl_382,15,East_exit,15,11,0.8,0
dl_382,14,East_exit,15,11,0.8,0
dl_383,3,,,,,
dl_383,19,East_exit_short,19,13,0.44,0
dl_383,20,West_exit_short,20,13,0.44,0
dl_383,23,West_exit,22,14,0.8,0
dl_383,22,West_exit,22,14,0.8,0
dl_383,14,East_exit,14,10,0.8,0
dl_384,3,,,,,
dl_384,19,East_exit_short,19,13,0.44,0
dl_384,20,West_exit_short,20,13,0.44,0
dl_384,21,West_exit,21,14,0.8,0
dl_384,23,West_exit,21,14,0.8,0
dl_384,14,East_exit,14,10,0.8,0
dl_385,3,,,,,
dl_385,20,West_exit_short,20,13,0.44,0
dl_385,19,East_exit_short,19,13,0.44,0
dl_385,14,East_exit,14,10,0.8,0
dl_385,23,West_exit,23,15,0.8,0
dl_386,4,,,,,
dl_386,26,West_exit,25,16,0.8,0
dl_386,19,East_exit_short,19,13,0.44,0
dl_386,20,West_exit_short,20,13,0.44,0
dl_386,24,East_exit_short,24,17,0.44,0
dl_386,14,East_exit,14,10,0.8,0
dl_387,4,,,,,
dl_387,19,East_exit_short,19,13,0.44,0
dl_387,23,East_exit_short,23,16,0.44,0
dl_387,26,West_exit,25,16,0.8,0
dl_387,25,West_exit,25,16,0.8,0
dl_387,20,West_exit_short,20,13,0.44,0
dl_387,14,East_exit,14,10,0.8,0
dl_388,4,,,,,
dl_388,14,East_exit,16,11,0.8,0
dl_388,15,West_exit_short,15,10,0.44,0
dl_388,22,East_exit_short,22,15,0.44,0
dl_388,19,East_exit_short,19,13,0.44,0
dl_388,26,West_exit,25,16,0.8,0
dl_388,25,West_exit,25,16,0.8,0
dl_389,4,,,,,
dl_389,17,West_exit_short,17,11,0.44,0
dl_389,14,East_exit,16,11,0.8,0
dl_389,16,East_exit,16,11,0.8,0
dl_389,22,East_exit_short,22,15,0.44,0
dl_389,19,East_exit_short,19,13,0.44,0
dl_389,26,West_exit,25,16,0.8,0
dl_389,25,West_exit,25,16,0.8,0
dl_390,4,,,,,
dl_390,14,East_exit,15,11,0.8,0
dl_390,16,West_exit_short,16,10,0.44,0
dl_390,22,East_exit_short,22,15,0.44,0
dl_390,19,East_exit_short,19,13,0.44,0
dl_390,26,West_exit,25,16,0.8,0
dl_390,25,West_exit,25,16,0.8,0
dl_391,4,,,,,
dl_391,17,West_exit_short,17,11,0.44,0
dl_391,15,East_exit,15,11,0.8,0
dl_391,14,East_exit,15,11,0.8,0
dl_391,22,East_exit_short,22,15,0.44,0
dl_391,19,East_exit_short,19,13,0.44,0
dl_391,26,West_exit,25,16,0.8,0
dl_391,25,West_exit,25,16,0.8,0
dl_392,4,,,,,
dl_392,14,East_exit,14,10,0.8,0
dl_392,22,East_exit_short,22,15,0.44,0
dl_392,19,East_exit_short,19,13,0.44,0
dl_392,16,West_exit_short,16,10,0.44,0
dl_392,26,West_exit,25,16,0.8,0
dl_392,25,West_exit,25,16,0.8,0
dl_393,4,,,,,
dl_393,15,West_exit_short,15,10,0.44,0
dl_393,14,East_exit,14,10,0.8,0
dl_393,22,East_exit_short,22,15,0.44,0
dl_393,19,East_exit_short,19,13,0.44,0
dl_393,26,West_exit,25,16,0.8,0
dl_393,25,West_exit,25,16,0.8,0
dl_394,4,,,,,
dl_394,17,West_exit_short,17,11,0.44,0
dl_394,14,East_exit,14,10,0.8,0
dl_394,22,East_exit_short,22,15,0.44,0
dl_394,19,East_exit_short,19,13,0.44,0
dl_394,26,West_exit,25,16,0.8,0
dl_394,25,West_exit,25,16,0.8,0
dl_395,4,,,,,
dl_395,14,East_exit,16,11,0.8,0
dl_395,16,East_exit,16,11,0.8,0
dl_395,22,East_exit_short,22,15,0.44,0
dl_395,19,East_exit_short,19,13,0.44,0
dl_395,26,West_exit,25,16,0.8,0
dl_395,25,West_exit,25,16,0.8,0
dl_395,18,West_exit_short,18,12,0.44,0
dl_396,4,,,,,
dl_396,15,East_exit,15,11,0.8,0
dl_396,14,East_exit,15,11,0.8,0
dl_396,22,East_exit_short,22,15,0.44,0
dl_396,19,East_exit_short,19,13,0.44,0
dl_396,26,West_exit,25,16,0.8,0
dl_396,25,West_exit,25,16,0.8,0
dl_396,18,West_exit_short,18,12,0.44,0
dl_397,4,,,,,
dl_397,14,East_exit,14,10,0.8,0
dl_397,22,East_exit_short,22,15,0.44,0
dl_397,19,East_exit_short,19,13,0.44,0
dl_397,26,West_exit,25,16,0.8,0
dl_397,25,West_exit,25,16,0.8,0
dl_397,18,West_exit_short,18,12,0.44,0
dl_398,4,,,,,
dl_398,20,West_exit_short,20,13,0.44,0
dl_398,19,East_exit_short,19,13,0.44,0
dl_398,14,East_exit,16,11,0.8,0
dl_398,16,East_exit,16,11,0.8,0
dl_398,22,East_exit_short,22,15,0.44,0
dl_398,26,West_exit,25,16,0.8,0
dl_398,25,West_exit,25,16,0.8,0
dl_399,4,,,,,
dl_399,20,West_exit_short,20,13,0.44,0
dl_399,19,East_exit_short,19,13,0.44,0
dl_399,15,East_exit,15,11,0.8,0
dl_399,14,East_exit,15,11,0.8,0
dl_399,22,East_exit_short,22,15,0.44,0
dl_399,26,West_exit,25,16,0.8,0
dl_399,25,West_exit,25,16,0.8,0
dl_400,4,,,,,
dl_400,20,West_exit_short,20,13,0.44,0
dl_400,19,East_exit_short,19,13,0.44,0
dl_400,14,East_exit,14,10,0.8,0
dl_400,22,East_exit_short,22,15,0.44,0
dl_400,26,West_exit,25,16,0.8,0
dl_400,25,West_exit,25,16,0.8,0
dl_401,3,,,,,
dl_401,22,East_exit_short,22,15,0.44,0
dl_401,26,West_exit,24,16,0.8,0
dl_401,25,East_exit_short,25,17,0.44,0
dl_401,17,East_exit,19,13,0.8,0
dl_401,19,East_exit,19,13,0.8,0
dl_402,3,,,,,
dl_402,22,East_exit_short,22,15,0.44,0
dl_402,26,West_exit,24,16,0.8,0
dl_402,25,East_exit_short,25,17,0.44,0
dl_402,18,East_exit,18,13,0.8,0
dl_402,17,East_exit,18,13,0.8,0
dl_403,3,,,,,
dl_403,22,East_exit_short,22,15,0.44,0
dl_403,26,West_exit,24,16,0.8,0
dl_403,25,East_exit_short,25,17,0.44,0
dl_403,17,East_exit,17,12,0.8,0
dl_404,3,,,,,
dl_404,21,East_exit_short,21,15,0.44,0
dl_404,26,West_exit,24,16,0.8,0
dl_404,25,East_exit_short,25,17,0.44,0
dl_404,17,East_exit,19,13,0.8,0
dl_404,19,East_exit,19,13,0.8,0
dl_405,3,,,,,
dl_405,21,East_exit_short,21,15,0.44,0
dl_405,26,West_exit,24,16,0.8,0
dl_405,25,East_exit_short,25,17,0.44,0
dl_405,18,East_exit,18,13,0.8,0
dl_405,17,East_exit,18,13,0.8,0
dl_406,3,,,,,
dl_406,21,East_exit_short,21,15,0.44,0
dl_406,26,West_exit,24,16,0.8,0
dl_406,25,East_exit_short,25,17,0.44,0
dl_406,17,East_exit,17,12,0.8,0
dl_407,3,,,,,
dl_407,20,East_exit_short,20,14,0.44,0
dl_407,26,West_exit,24,16,0.8,0
dl_407,25,East_exit_short,25,17,0.44,0
dl_407,17,East_exit,19,13,0.8,0
dl_407,19,East_exit,19,13,0.8,0
dl_408,3,,,,,
dl_408,20,East_exit_short,20,14,0.44,0
dl_408,26,West_exit,24,16,0.8,0
dl_408,25,East_exit_short,25,17,0.44,0
dl_408,18,East_exit,18,13,0.8,0
dl_408,17,East_exit,18,13,0.8,0
dl_409,3,,,,,
dl_409,20,East_exit_short,20,14,0.44,0
dl_409,26,West_exit,24,16,0.8,0
dl_409,25,East_exit_short,25,17,0.44,0
dl_409,17,East_exit,17,12,0.8,0
dl_410,4,,,,,
dl_410,14,East_exit,16,11,0.8,0
dl_410,26,West_exit,24,16,0.8,0
dl_410,25,East_exit_short,25,17,0.44,0
dl_410,22,East_exit_short,22,15,0.44,0
dl_410,15,West_exit_short,15,10,0.44,0
dl_411,4,,,,,
dl_411,14,East_exit,16,11,0.8,0
dl_411,26,West_exit,24,16,0.8,0
dl_411,25,East_exit_short,25,17,0.44,0
dl_411,21,East_exit_short,21,15,0.44,0
dl_411,15,West_exit_short,15,10,0.44,0
dl_412,4,,,,,
dl_412,14,East_exit,16,11,0.8,0
dl_412,26,West_exit,24,16,0.8,0
dl_412,25,East_exit_short,25,17,0.44,0
dl_412,15,West_exit_short,15,10,0.44,0
dl_412,20,East_exit_short,20,14,0.44,0
dl_413,3,,,,,
dl_413,22,East_exit_short,22,15,0.44,0
dl_413,23,East_exit_short,23,16,0.44,0
dl_413,24,West_exit,24,16,0.8,0
dl_413,26,West_exit,24,16,0.8,0
dl_413,17,East_exit,19,13,0.8,0
dl_413,19,East_exit,19,13,0.8,0
dl_414,3,,,,,
dl_414,22,East_exit_short,22,15,0.44,0
dl_414,23,East_exit_short,23,16,0.44,0
dl_414,24,West_exit,24,16,0.8,0
dl_414,26,West_exit,24,16,0.8,0
dl_414,18,East_exit,18,13,0.8,0
dl_414,17,East_exit,18,13,0.8,0
dl_415,3,,,,,
dl_415,22,East_exit_short,22,15,0.44,0
dl_415,23,East_exit_short,23,16,0.44,0
dl_415,24,West_exit,24,16,0.8,0
dl_415,26,West_exit,24,16,0.8,0
dl_415,17,East_exit,17,12,0.8,0
dl_416,3,,,,,
dl_416,21,East_exit_short,21,15,0.44,0
dl_416,23,East_exit_short,23,16,0.44,0
dl_416,24,West_exit,24,16,0.8,0
dl_416,26,West_exit,24,16,0.8,0
dl_416,17,East_exit,19,13,0.8,0
dl_416,19,East_exit,19,13,0.8,0
dl_417,3,,,,,
dl_417,21,East_exit_short,21,15,0.44,0
dl_417,23,East_exit_short,23,16,0.44,0
dl_417,24,West_exit,24,16,0.8,0
dl_417,26,West_exit,24,16,0.8,0
dl_417,18,East_exit,18,13,0.8,0
dl_417,17,East_exit,18,13,0.8,0
dl_418,3,,,,,
dl_418,21,East_exit_short,21,15,0.44,0
dl_418,23,East_exit_short,23,16,0.44,0
dl_418,24,West_exit,24,16,0.8,0
dl_418,26,West_exit,24,16,0.8,0
dl_418,17,East_exit,17,12,0.8,0
dl_419,3,,,,,
dl_419,20,East_exit_short,20,14,0.44,0
dl_419,23,East_exit_short,23,16,0.44,0
dl_419,24,West_exit,24,16,0.8,0
dl_419,26,West_exit,24,16,0.8,0
dl_419,17,East_exit,19,13,0.8,0
dl_419,19,East_exit,19,13,0.8,0
dl_420,3,,,,,
dl_420,20,East_exit_short,20,14,0.44,0
dl_420,23,East_exit_short,23,16,0.44,0
dl_420,24,West_exit,24,16,0.8,0
dl_420,26,West_exit,24,16,0.8,0
dl_420,18,East_exit,18,13,0.8,0
dl_420,17,East_exit,18,13,0.8,0
dl_421,3,,,,,
dl_421,20,East_exit_short,20,14,0.44,0
dl_421,23,East_exit_short,23,16,0.44,0
dl_421,24,West_exit,24,16,0.8,0
dl_421,26,West_exit,24,16,0.8,0
dl_421,17,East_exit,17,12,0.8,0
dl_422,4,,,,,
dl_422,14,East_exit,16,11,0.8,0
dl_422,23,East_exit_short,23,16,0.44,0
dl_422,22,East_exit_short,22,15,0.44,0
dl_422,24,West_exit,24,16,0.8,0
dl_422,26,West_exit,24,16,0.8,0
dl_422,15,West_exit_short,15,10,0.44,0
dl_423,4,,,,,
dl_423,14,East_exit,16,11,0.8,0
dl_423,23,East_exit_short,23,16,0.44,0
dl_423,21,East_exit_short,21,15,0.44,0
dl_423,24,West_exit,24,16,0.8,0
dl_423,26,West_exit,24,16,0.8,0
dl_423,15,West_exit_short,15,10,0.44,0
dl_424,4,,,,,
dl_424,14,East_exit,16,11,0.8,0
dl_424,23,East_exit_short,23,16,0.44,0
dl_424,24,West_exit,24,16,0.8,0
dl_424,26,West_exit,24,16,0.8,0
dl_424,15,West_exit_short,15,10,0.44,0
dl_424,20,East_exit_short,20,14,0.44,0
dl_425,4,,,,,
dl_425,25,East_exit_short,25,17,0.44,0
dl_425,26,West_exit,24,16,0.8,0
dl_425,17,West_exit_short,17,11,0.44,0
dl_425,14,East_exit,16,11,0.8,0
dl_425,16,East_exit,16,11,0.8,0
dl_425,22,East_exit_short,22,15,0.44,0
dl_426,4,,,,,
dl_426,17,West_exit_short,17,11,0.44,0
dl_426,14,East_exit,16,11,0.8,0
dl_426,16,East_exit,16,11,0.8,0
dl_426,26,West_exit,24,16,0.8,0
dl_426,25,East_exit_short,25,17,0.44,0
dl_426,21,East_exit_short,21,15,0.44,0
dl_427,4,,,,,
dl_427,17,West_exit_short,17,11,0.44,0
dl_427,14,East_exit,16,11,0.8,0
dl_427,16,East_exit,16,11,0.8,0
dl_427,26,West_exit,24,16,0.8,0
dl_427,25,East_exit_short,25,17,0.44,0
dl_427,20,East_exit_short,20,14,0.44,0
dl_428,4,,,,,
dl_428,23,East_exit_short,23,16,0.44,0
dl_428,17,West_exit_short,17,11,0.44,0
dl_428,14,East_exit,16,11,0.8,0
dl_428,16,East_exit,16,11,0.8,0
dl_428,22,East_exit_short,22,15,0.44,0
dl_428,24,West_exit,24,16,0.8,0
dl_428,26,West_exit,24,16,0.8,0
dl_429,4,,,,,
dl_429,23,East_exit_short,23,16,0.44,0
dl_429,17,West_exit_short,17,11,0.44,0
dl_429,14,East_exit,16,11,0.8,0
dl_429,16,East_exit,16,11,0.8,0
dl_429,21,East_exit_short,21,15,0.44,0
dl_429,24,West_exit,24,16,0.8,0
dl_429,26,West_exit,24,16,0.8,0
dl_430,4,,,,,
dl_430,23,East_exit_short,23,16,0.44,0
dl_430,17,West_exit_short,17,11,0.44,0
dl_430,14,East_exit,16,11,0.8,0
dl_430,16,East_exit,16,11,0.8,0
dl_430,24,West_exit,24,16,0.8,0
dl_430,26,West_exit,24,16,0.8,0
dl_430,20,East_exit_short,20,14,0.44,0
dl_431,4,,,,,
dl_431,26,West_exit,24,16,0.8,0
dl_431,14,East_exit,16,11,0.8,0
dl_431,15,West_exit_short,15,10,0.44,0
dl_431,19,East_exit_short,19,13,0.44,0
dl_431,25,East_exit_short,25,17,0.44,0
dl_432,4,,,,,
dl_432,14,East_exit,16,11,0.8,0
dl_432,23,East_exit_short,23,16,0.44,0
dl_432,24,West_exit,24,16,0.8,0
dl_432,26,West_exit,24,16,0.8,0
dl_432,15,West_exit_short,15,10,0.44,0
dl_432,19,East_exit_short,19,13,0.44,0
dl_433,4,,,,,
dl_433,26,West_exit,24,16,0.8,0
dl_433,17,West_exit_short,17,11,0.44,0
dl_433,14,East_exit,16,11,0.8,0
dl_433,16,East_exit,16,11,0.8,0
dl_433,19,East_exit_short,19,13,0.44,0
dl_433,25,East_exit_short,25,17,0.44,0
dl_434,4,,,,,
dl_434,17,West_exit_short,17,11,0.44,0
dl_434,14,East_exit,16,11,0.8,0
dl_434,16,East_exit,16,11,0.8,0
dl_434,23,East_exit_short,23,16,0.44,0
dl_434,24,West_exit,24,16,0.8,0
dl_434,26,West_exit,24,16,0.8,0
dl_434,19,East_exit_short,19,13,0.44,0
dl_435,4,,,,,
dl_435,14,East_exit,15,11,0.8,0
dl_435,26,West_exit,24,16,0.8,0
dl_435,25,East_exit_short,25,17,0.44,0
dl_435,22,East_exit_short,22,15,0.44,0
dl_435,16,West_exit_short,16,10,0.44,0
dl_436,4,,,,,
dl_436,14,East_exit,15,11,0.8,0
dl_436,26,West_exit,24,16,0.8,0
dl_436,25,East_exit_short,25,17,0.44,0
dl_436,21,East_exit_short,21,15,0.44,0
dl_436,16,West_exit_short,16,10,0.44,0
dl_437,4,,,,,
dl_437,14,East_exit,15,11,0.8,0
dl_437,26,West_exit,24,16,0.8,0
dl_437,25,East_exit_short,25,17,0.44,0
dl_437,16,West_exit_short,16,10,0.44,0
dl_437,20,East_exit_short,20,14,0.44,0
dl_438,4,,,,,
dl_438,14,East_exit,15,11,0.8,0
dl_438,23,East_exit_short,23,16,0.44,0
dl_438,22,East_exit_short,22,15,0.44,0
dl_438,24,West_exit,24,16,0.8,0
dl_438,26,West_exit,24,16,0.8,0
dl_438,16,West_exit_short,16,10,0.44,0
dl_439,4,,,,,
dl_439,14,East_exit,15,11,0.8,0
dl_439,23,East_exit_short,23,16,0.44,0
dl_439,21,East_exit_short,21,15,0.44,0
dl_439,24,West_exit,24,16,0.8,0
dl_439,26,West_exit,24,16,0.8,0
dl_439,16,West_exit_short,16,10,0.44,0
dl_440,4,,,,,
dl_440,14,East_exit,15,11,0.8,0
dl_440,23,East_exit_short,23,16,0.44,0
dl_440,24,West_exit,24,16,0.8,0
dl_440,26,West_exit,24,16,0.8,0
dl_440,16,West_exit_short,16,10,0.44,0
dl_440,20,East_exit_short,20,14,0.44,0
dl_441,4,,,,,
dl_441,25,East_exit_short,25,17,0.44,0
dl_441,26,West_exit,24,16,0.8,0
dl_441,17,West_exit_short,17,11,0.44,0
dl_441,15,East_exit,15,11,0.8,0
dl_441,14,East_exit,15,11,0.8,0
dl_441,22,East_exit_short,22,15,0.44,0
dl_442,4,,,,,
dl_442,17,West_exit_short,17,11,0.44,0
dl_442,15,East_exit,15,11,0.8,0
dl_442,14,East_exit,15,11,0.8,0
dl_442,26,West_exit,24,16,0.8,0
dl_442,25,East_exit_short,25,17,0.44,0
dl_442,21,East_exit_short,21,15,0.44,0
dl_443,4,,,,,
dl_443,17,West_exit_short,17,11,0.44,0
dl_443,15,East_exit,15,11,0.8,0
dl_443,14,East_exit,15,11,0.8,0
dl_443,26,West_exit,24,16,0.8,0
dl_443,25,East_exit_short,25,17,0.44,0
dl_443,20,East_exit_short,20,14,0.44,0
dl_444,4,,,,,
dl_444,23,East_exit_short,23,16,0.44,0
dl_444,17,West_exit_short,17,11,0.44,0
dl_444,15,East_exit,15,11,0.8,0
dl_444,14,East_exit,15,11,0.8,0
dl_444,22,East_exit_short,22,15,0.44,0
dl_444,24,West_exit,24,16,0.8,0
dl_444,26,West_exit,24,16,0.8,0
dl_445,4,,,,,
dl_445,23,East_exit_short,23,16,0.44,0
dl_445,17,West_exit_short,17,11,0.44,0
dl_445,15,East_exit,15,11,0.8,0
dl_445,14,East_exit,15,11,0.8,0
dl_445,21,East_exit_short,21,15,0.44,0
dl_445,24,West_exit,24,16,0.8,0
dl_445,26,West_exit,24,16,0.8,0
dl_446,4,,,,,
dl_446,23,East_exit_short,23,16,0.44,0
dl_446,17,West_exit_short,17,11,0.44,0
dl_446,15,East_exit,15,11,0.8,0
dl_446,14,East_exit,15,11,0.8,0
dl_446,24,West_exit,24,16,0.8,0
dl_446,26,West_exit,24,16,0.8,0
dl_446,20,East_exit_short,20,14,0.44,0
dl_447,4,,,,,
dl_447,26,West_exit,24,16,0.8,0
dl_447,14,East_exit,15,11,0.8,0
dl_447,16,West_exit_short,16,10,0.44,0
dl_447,19,East_exit_short,19,13,0.44,0
dl_447,25,East_exit_short,25,17,0.44,0
dl_448,4,,,,,
dl_448,14,East_exit,15,11,0.8,0
dl_448,23,East_exit_short,23,16,0.44,0
dl_448,24,West_exit,24,16,0.8,0
dl_448,26,West_exit,24,16,0.8,0
dl_448,16,West_exit_short,16,10,0.44,0
dl_448,19,East_exit_short,19,13,0.44,0
dl_449,4,,,,,
dl_449,26,West_exit,24,16,0.8,0
dl_449,17,West_exit_short,17,11,0.44,0
dl_449,15,East_exit,15,11,0.8,0
dl_449,14,East_exit,15,11,0.8,0
dl_449,19,East_exit_short,19,13,0.44,0
dl_449,25,East_exit_short,25,17,0.44,0
dl_450,4,,,,,
dl_450,17,West_exit_short,17,11,0.44,0
dl_450,15,East_exit,15,11,0.8,0
dl_450,14,East_exit,15,11,0.8,0
dl_450,23,East_exit_short,23,16,0.44,0
dl_450,24,West_exit,24,16,0.8,0
dl_450,26,West_exit,24,16,0.8,0
dl_450,19,East_exit_short,19,13,0.44,0
dl_451,4,,,,,
dl_451,14,East_exit,14,10,0.8,0
dl_451,26,West_exit,24,16,0.8,0
dl_451,25,East_exit_short,25,17,0.44,0
dl_451,22,East_exit_short,22,15,0.44,0
dl_451,16,West_exit_short,16,10,0.44,0
dl_452,4,,,,,
dl_452,14,East_exit,14,10,0.8,0
dl_452,26,West_exit,24,16,0.8,0
dl_452,25,East_exit_short,25,17,0.44,0
dl_452,21,East_exit_short,21,15,0.44,0
dl_452,16,West_exit_short,16,10,0.44,0
dl_453,4,,,,,
dl_453,14,East_exit,14,10,0.8,0
dl_453,26,West_exit,24,16,0.8,0
dl_453,25,East_exit_short,25,17,0.44,0
dl_453,16,West_exit_short,16,10,0.44,0
dl_453,20,East_exit_short,20,14,0.44,0
dl_454,4,,,,,
dl_454,14,East_exit,14,10,0.8,0
dl_454,23,East_exit_short,23,16,0.44,0
dl_454,22,East_exit_short,22,15,0.44,0
dl_454,24,West_exit,24,16,0.8,0
dl_454,26,West_exit,24,16,0.8,0
dl_454,16,West_exit_short,16,10,0.44,0
dl_455,4,,,,,
dl_455,14,East_exit,14,10,0.8,0
dl_455,23,East_exit_short,23,16,0.44,0
dl_455,21,East_exit_short,21,15,0.44,0
dl_455,24,West_exit,24,16,0.8,0
dl_455,26,West_exit,24,16,0.8,0
dl_455,16,West_exit_short,16,10,0.44,0
dl_456,4,,,,,
dl_456,14,East_exit,14,10,0.8,0
dl_456,23,East_exit_short,23,16,0.44,0
dl_456,24,West_exit,24,16,0.8,0
dl_456,26,West_exit,24,16,0.8,0
dl_456,16,West_exit_short,16,10,0.44,0
dl_456,20,East_exit_short,20,14,0.44,0
dl_457,4,,,,,
dl_457,25,East_exit_short,25,17,0.44,0
dl_457,26,West_exit,24,16,0.8,0
dl_457,15,West_exit_short,15,10,0.44,0
dl_457,22,East_exit_short,22,15,0.44,0
dl_457,14,East_exit,14,10,0.8,0
dl_458,4,,,,,
dl_458,15,West_exit_short,15,10,0.44,0
dl_458,26,West_exit,24,16,0.8,0
dl_458,25,East_exit_short,25,17,0.44,0
dl_458,21,East_exit_short,21,15,0.44,0
dl_458,14,East_exit,14,10,0.8,0
dl_459,4,,,,,
dl_459,15,West_exit_short,15,10,0.44,0
dl_459,26,West_exit,24,16,0.8,0
dl_459,25,East_exit_short,25,17,0.44,0
dl_459,20,East_exit_short,20,14,0.44,0
dl_459,14,East_exit,14,10,0.8,0
dl_460,4,,,,,
dl_460,23,East_exit_short,23,16,0.44,0
dl_460,15,West_exit_short,15,10,0.44,0
dl_460,22,East_exit_short,22,15,0.44,0
dl_460,24,West_exit,24,16,0.8,0
dl_460,26,West_exit,24,16,0.8,0
dl_460,14,East_exit,14,10,0.8,0
dl_461,4,,,,,
dl_461,23,East_exit_short,23,16,0.44,0
dl_461,15,West_exit_short,15,10,0.44,0
dl_461,21,East_exit_short,21,15,0.44,0
dl_461,24,West_exit,24,16,0.8,0
dl_461,26,West_exit,24,16,0.8,0
dl_461,14,East_exit,14,10,0.8,0
dl_462,4,,,,,
dl_462,23,East_exit_short,23,16,0.44,0
dl_462,15,West_exit_short,15,10,0.44,0
dl_462,24,West_exit,24,16,0.8,0
dl_462,26,West_exit,24,16,0.8,0
dl_462,14,East_exit,14,10,0.8,0
dl_462,20,East_exit_short,20,14,0.44,0
dl_463,4,,,,,
dl_463,25,East_exit_short,25,17,0.44,0
dl_463,26,West_exit,24,16,0.8,0
dl_463,17,West_exit_short,17,11,0.44,0
dl_463,22,East_exit_short,22,15,0.44,0
dl_463,14,East_exit,14,10,0.8,0
dl_464,4,,,,,
dl_464,17,West_exit_short,17,11,0.44,0
dl_464,26,West_exit,24,16,0.8,0
dl_464,25,East_exit_short,25,17,0.44,0
dl_464,21,East_exit_short,21,15,0.44,0
dl_464,14,East_exit,14,10,0.8,0
dl_465,4,,,,,
dl_465,17,West_exit_short,17,11,0.44,0
dl_465,26,West_exit,24,16,0.8,0
dl_465,25,East_exit_short,25,17,0.44,0
dl_465,20,East_exit_short,20,14,0.44,0
dl_465,14,East_exit,14,10,0.8,0
dl_466,4,,,,,
dl_466,23,East_exit_short,23,16,0.44,0
dl_466,17,West_exit_short,17,11,0.44,0
dl_466,22,East_exit_short,22,15,0.44,0
dl_466,24,West_exit,24,16,0.8,0
dl_466,26,West_exit,24,16,0.8,0
dl_466,14,East_exit,14,10,0.8,0
dl_467,4,,,,,
dl_467,23,East_exit_short,23,16,0.44,0
dl_467,17,West_exit_short,17,11,0.44,0
dl_467,21,East_exit_short,21,15,0.44,0
dl_467,24,West_exit,24,16,0.8,0
dl_467,26,West_exit,24,16,0.8,0
dl_467,14,East_exit,14,10,0.8,0
dl_468,4,,,,,
dl_468,23,East_exit_short,23,16,0.44,0
dl_468,17,West_exit_short,17,11,0.44,0
dl_468,24,West_exit,24,16,0.8,0
dl_468,26,West_exit,24,16,0.8,0
dl_468,14,East_exit,14,10,0.8,0
dl_468,20,East_exit_short,20,14,0.44,0
dl_469,4,,,,,
dl_469,26,West_exit,24,16,0.8,0
dl_469,14,East_exit,14,10,0.8,0
dl_469,16,West_exit_short,16,10,0.44,0
dl_469,19,East_exit_short,19,13,0.44,0
dl_469,25,East_exit_short,25,17,0.44,0
dl_470,4,,,,,
dl_470,23,East_exit_short,23,16,0.44,0
dl_470,24,West_exit,24,16,0.8,0
dl_470,26,West_exit,24,16,0.8,0
dl_470,14,East_exit,14,10,0.8,0
dl_470,16,West_exit_short,16,10,0.44,0
dl_470,19,East_exit_short,19,13,0.44,0
dl_471,4,,,,,
dl_471,26,West_exit,24,16,0.8,0
dl_471,15,West_exit_short,15,10,0.44,0
dl_471,14,East_exit,14,10,0.8,0
dl_471,19,East_exit_short,19,13,0.44,0
dl_471,25,East_exit_short,25,17,0.44,0
dl_472,4,,,,,
dl_472,15,West_exit_short,15,10,0.44,0
dl_472,23,East_exit_short,23,16,0.44,0
dl_472,24,West_exit,24,16,0.8,0
dl_472,26,West_exit,24,16,0.8,0
dl_472,19,East_exit_short,19,13,0.44,0
dl_472,14,East_exit,14,10,0.8,0
dl_473,4,,,,,
dl_473,26,West_exit,24,16,0.8,0
dl_473,17,West_exit_short,17,11,0.44,0
dl_473,14,East_exit,14,10,0.8,0
dl_473,19,East_exit_short,19,13,0.44,0
dl_473,25,East_exit_short,25,17,0.44,0
dl_474,4,,,,,
dl_474,17,West_exit_short,17,11,0.44,0
dl_474,23,East_exit_short,23,16,0.44,0
dl_474,24,West_exit,24,16,0.8,0
dl_474,26,West_exit,24,16,0.8,0
dl_474,19,East_exit_short,19,13,0.44,0
dl_474,14,East_exit,14,10,0.8,0
dl_475,4,,,,,
dl_475,25,East_exit_short,25,17,0.44,0
dl_475,22,East_exit_short,22,15,0.44,0
dl_475,26,West_exit,24,16,0.8,0
dl_475,14,East_exit,16,11,0.8,0
dl_475,16,East_exit,16,11,0.8,0
dl_475,18,West_exit_short,18,12,0.44,0
dl_476,4,,,,,
dl_476,21,East_exit_short,21,15,0.44,0
dl_476,26,West_exit,24,16,0.8,0
dl_476,25,East_exit_short,25,17,0.44,0
dl_476,14,East_exit,16,11,0.8,0
dl_476,16,East_exit,16,11,0.8,0
dl_476,18,West_exit_short,18,12,0.44,0
dl_477,4,,,,,
dl_477,14,East_exit,16,11,0.8,0
dl_477,16,East_exit,16,11,0.8,0
dl_477,26,West_exit,24,16,0.8,0
dl_477,25,East_exit_short,25,17,0.44,0
dl_477,20,East_exit_short,20,14,0.44,0
dl_477,18,West_exit_short,18,12,0.44,0
dl_478,4,,,,,
dl_478,23,East_exit_short,23,16,0.44,0
dl_478,14,East_exit,16,11,0.8,0
dl_478,16,East_exit,16,11,0.8,0
dl_478,22,East_exit_short,22,15,0.44,0
dl_478,24,West_exit,24,16,0.8,0
dl_478,26,West_exit,24,16,0.8,0
dl_478,18,West_exit_short,18,12,0.44,0
dl_479,4,,,,,
dl_479,23,East_exit_short,23,16,0.44,0
dl_479,14,East_exit,16,11,0.8,0
dl_479,16,East_exit,16,11,0.8,0
dl_479,21,East_exit_short,21,15,0.44,0
dl_479,24,West_exit,24,16,0.8,0
dl_479,26,West_exit,24,16,0.8,0
dl_479,18,West_exit_short,18,12,0.44,0
dl_480,4,,,,,
dl_480,23,East_exit_short,23,16,0.44,0
dl_480,14,East_exit,16,11,0.8,0
dl_480,16,East_exit,16,11,0.8,0
dl_480,24,West_exit,24,16,0.8,0
dl_480,26,West_exit,24,16,0.8,0
dl_480,20,East_exit_short,20,14,0.44,0
dl_480,18,West_exit_short,18,12,0.44,0
dl_481,4,,,,,
dl_481,26,West_exit,24,16,0.8,0
dl_481,14,East_exit,16,11,0.8,0
dl_481,16,East_exit,16,11,0.8,0
dl_481,19,East_exit_short,19,13,0.44,0
dl_481,25,East_exit_short,25,17,0.44,0
dl_481,18,West_exit_short,18,12,0.44,0
dl_482,4,,,,,
dl_482,14,East_exit,16,11,0.8,0
dl_482,16,East_exit,16,11,0.8,0
dl_482,23,East_exit_short,23,16,0.44,0
dl_482,24,West_exit,24,16,0.8,0
dl_482,26,West_exit,24,16,0.8,0
dl_482,19,East_exit_short,19,13,0.44,0
dl_482,18,West_exit_short,18,12,0.44,0
dl_483,4,,,,,
dl_483,25,East_exit_short,25,17,0.44,0
dl_483,22,East_exit_short,22,15,0.44,0
dl_483,26,West_exit,24,16,0.8,0
dl_483,15,East_exit,15,11,0.8,0
dl_483,14,East_exit,15,11,0.8,0
dl_483,18,West_exit_short,18,12,0.44,0
dl_484,4,,,,,
dl_484,21,East_exit_short,21,15,0.44,0
dl_484,26,West_exit,24,16,0.8,0
dl_484,25,East_exit_short,25,17,0.44,0
dl_484,15,East_exit,15,11,0.8,0
dl_484,14,East_exit,15,11,0.8,0
dl_484,18,West_exit_short,18,12,0.44,0
dl_485,4,,,,,
dl_485,15,East_exit,15,11,0.8,0
dl_485,14,East_exit,15,11,0.8,0
dl_485,26,West_exit,24,16,0.8,0
dl_485,25,East_exit_short,25,17,0.44,0
dl_485,20,East_exit_short,20,14,0.44,0
dl_485,18,West_exit_short,18,12,0.44,0
dl_486,4,,,,,
dl_486,23,East_exit_short,23,16,0.44,0
dl_486,15,East_exit,15,11,0.8,0
dl_486,14,East_exit,15,11,0.8,0
dl_486,22,East_exit_short,22,15,0.44,0
dl_486,24,West_exit,24,16,0.8,0
dl_486,26,West_exit,24,16,0.8,0
dl_486,18,West_exit_short,18,12,0.44,0
dl_487,4,,,,,
dl_487,23,East_exit_short,23,16,0.44,0
dl_487,15,East_exit,15,11,0.8,0
dl_487,14,East_exit,15,11,0.8,0
dl_487,21,East_exit_short,21,15,0.44,0
dl_487,24,West_exit,24,16,0.8,0
dl_487,26,West_exit,24,16,0.8,0
dl_487,18,West_exit_short,18,12,0.44,0
dl_488,4,,,,,
dl_488,23,East_exit_short,23,16,0.44,0
dl_488,15,East_exit,15,11,0.8,0
dl_488,14,East_exit,15,11,0.8,0
dl_488,24,West_exit,24,16,0.8,0
dl_488,26,West_exit,24,16,0.8,0
dl_488,20,East_exit_short,20,14,0.44,0
dl_488,18,West_exit_short,18,12,0.44,0
dl_489,4,,,,,
dl_489,26,West_exit,24,16,0.8,0
dl_489,15,East_exit,15,11,0.8,0
dl_489,14,East_exit,15,11,0.8,0
dl_489,19,East_exit_short,19,13,0.44,0
dl_489,25,East_exit_short,25,17,0.44,0
dl_489,18,West_exit_short,18,12,0.44,0
dl_490,4,,,,,
dl_490,15,East_exit,15,11,0.8,0
dl_490,14,East_exit,15,11,0.8,0
dl_490,23,East_exit_short,23,16,0.44,0
dl_490,24,West_exit,24,16,0.8,0
dl_490,26,West_exit,24,16,0.8,0
dl_490,19,East_exit_short,19,13,0.44,0
dl_490,18,West_exit_short,18,12,0.44,0
dl_491,4,,,,,
dl_491,25,East_exit_short,25,17,0.44,0
dl_491,26,West_exit,24,16,0.8,0
dl_491,22,East_exit_short,22,15,0.44,0
dl_491,14,East_exit,14,10,0.8,0
dl_491,18,West_exit_short,18,12,0.44,0
dl_492,4,,,,,
dl_492,26,West_exit,24,16,0.8,0
dl_492,25,East_exit_short,25,17,0.44,0
dl_492,21,East_exit_short,21,15,0.44,0
dl_492,14,East_exit,14,10,0.8,0
dl_492,18,West_exit_short,18,12,0.44,0
dl_493,4,,,,,
dl_493,26,West_exit,24,16,0.8,0
dl_493,25,East_exit_short,25,17,0.44,0
dl_493,20,East_exit_short,20,14,0.44,0
dl_493,14,East_exit,14,10,0.8,0
dl_493,18,West_exit_short,18,12,0.44,0
dl_494,4,,,,,
dl_494,23,East_exit_short,23,16,0.44,0
dl_494,22,East_exit_short,22,15,0.44,0
dl_494,24,West_exit,24,16,0.8,0
dl_494,26,West_exit,24,16,0.8,0
dl_494,14,East_exit,14,10,0.8,0
dl_494,18,West_exit_short,18,12,0.44,0
dl_495,4,,,,,
dl_495,23,East_exit_short,23,16,0.44,0
dl_495,21,East_exit_short,21,15,0.44,0
dl_495,24,West_exit,24,16,0.8,0
dl_495,26,West_exit,24,16,0.8,0
dl_495,14,East_exit,14,10,0.8,0
dl_495,18,West_exit_short,18,12,0.44,0
dl_496,4,,,,,
dl_496,23,East_exit_short,23,16,0.44,0
dl_496,24,West_exit,24,16,0.8,0
dl_496,26,West_exit,24,16,0.8,0
dl_496,14,East_exit,14,10,0.8,0
dl_496,20,East_exit_short,20,14,0.44,0
dl_496,18,West_exit_short,18,12,0.44,0
dl_497,4,,,,,
dl_497,26,West_exit,24,16,0.8,0
dl_497,14,East_exit,14,10,0.8,0
dl_497,19,East_exit_short,19,13,0.44,0
dl_497,25,East_exit_short,25,17,0.44,0
dl_497,18,West_exit_short,18,12,0.44,0
dl_498,4,,,,,
dl_498,23,East_exit_short,23,16,0.44,0
dl_498,24,West_exit,24,16,0.8,0
dl_498,26,West_exit,24,16,0.8,0
dl_498,19,East_exit_short,19,13,0.44,0
dl_498,14,East_exit,14,10,0.8,0
dl_498,18,West_exit_short,18,12,0.44,0
dl_499,4,,,,,
dl_499,26,West_exit,24,16,0.8,0
dl_499,19,East_exit_short,19,13,0.44,0
dl_499,20,West_exit_short,20,13,0.44,0
dl_499,14,East_exit,16,11,0.8,0
dl_499,16,East_exit,16,11,0.8,0
dl_499,25,East_exit_short,25,17,0.44,0
dl_500,4,,,,,
dl_500,23,East_exit_short,23,16,0.44,0
dl_500,24,West_exit,24,16,0.8,0
dl_500,26,West_exit,24,16,0.8,0
dl_500,19,East_exit_short,19,13,0.44,0
dl_500,20,West_exit_short,20,13,0.44,0
dl_500,14,East_exit,16,11,0.8,0
dl_500,16,East_exit,16,11,0.8,0
dl_501,4,,,,,
dl_501,26,West_exit,24,16,0.8,0
dl_501,19,East_exit_short,19,13,0.44,0
dl_501,20,West_exit_short,20,13,0.44,0
dl_501,15,East_exit,15,11,0.8,0
dl_501,14,East_exit,15,11,0.8,0
dl_501,25,East_exit_short,25,17,0.44,0
dl_502,4,,,,,
dl_502,23,East_exit_short,23,16,0.44,0
dl_502,24,West_exit,24,16,0.8,0
dl_502,26,West_exit,24,16,0.8,0
dl_502,19,East_exit_short,19,13,0.44,0
dl_502,20,West_exit_short,20,13,0.44,0
dl_502,15,East_exit,15,11,0.8,0
dl_502,14,East_exit,15,11,0.8,0
dl_503,4,,,,,
dl_503,26,West_exit,24,16,0.8,0
dl_503,19,East_exit_short,19,13,0.44,0
dl_503,20,West_exit_short,20,13,0.44,0
dl_503,25,East_exit_short,25,17,0.44,0
dl_503,14,East_exit,14,10,0.8,0
dl_504,4,,,,,
dl_504,19,East_exit_short,19,13,0.44,0
dl_504,23,East_exit_short,23,16,0.44,0
dl_504,24,West_exit,24,16,0.8,0
dl_504,26,West_exit,24,16,0.8,0
dl_504,20,West_exit_short,20,13,0.44,0
dl_504,14,East_exit,14,10,0.8,0
dl_505,4,,,,,
dl_505,14,East_exit,16,11,0.8,0
dl_505,15,West_exit_short,15,10,0.44,0
dl_505,22,East_exit_short,22,15,0.44,0
dl_505,19,East_exit_short,19,13,0.44,0
dl_505,24,West_exit,24,16,0.8,0
dl_505,26,West_exit,24,16,0.8,0
dl_506,4,,,,,
dl_506,17,West_exit_short,17,11,0.44,0
dl_506,14,East_exit,16,11,0.8,0
dl_506,16,East_exit,16,11,0.8,0
dl_506,22,East_exit_short,22,15,0.44,0
dl_506,19,East_exit_short,19,13,0.44,0
dl_506,24,West_exit,24,16,0.8,0
dl_506,26,West_exit,24,16,0.8,0
dl_507,4,,,,,
dl_507,14,East_exit,15,11,0.8,0
dl_507,16,West_exit_short,16,10,0.44,0
dl_507,22,East_exit_short,22,15,0.44,0
dl_507,19,East_exit_short,19,13,0.44,0
dl_507,24,West_exit,24,16,0.8,0
dl_507,26,West_exit,24,16,0.8,0
dl_508,4,,,,,
dl_508,17,West_exit_short,17,11,0.44,0
dl_508,15,East_exit,15,11,0.8,0
dl_508,14,East_exit,15,11,0.8,0
dl_508,22,East_exit_short,22,15,0.44,0
dl_508,19,East_exit_short,19,13,0.44,0
dl_508,24,West_exit,24,16,0.8,0
dl_508,26,West_exit,24,16,0.8,0
dl_509,4,,,,,
dl_509,14,East_exit,14,10,0.8,0
dl_509,22,East_exit_short,22,15,0.44,0
dl_509,19,East_exit_short,19,13,0.44,0
dl_509,16,West_exit_short,16,10,0.44,0
dl_509,24,West_exit,24,16,0.8,0
dl_509,26,West_exit,24,16,0.8,0
dl_510,4,,,,,
dl_510,15,West_exit_short,15,10,0.44,0
dl_510,14,East_exit,14,10,0.8,0
dl_510,22,East_exit_short,22,15,0.44,0
dl_510,19,East_exit_short,19,13,0.44,0
dl_510,24,West_exit,24,16,0.8,0
dl_510,26,West_exit,24,16,0.8,0
dl_511,4,,,,,
dl_511,17,West_exit_short,17,11,0.44,0
dl_511,14,East_exit,14,10,0.8,0
dl_511,22,East_exit_short,22,15,0.44,0
dl_511,19,East_exit_short,19,13,0.44,0
dl_511,24,West_exit,24,16,0.8,0
dl_511,26,West_exit,24,16,0.8,0
dl_512,4,,,,,
dl_512,14,East_exit,16,11,0.8,0
dl_512,16,East_exit,16,11,0.8,0
dl_512,22,East_exit_short,22,15,0.44,0
dl_512,19,East_exit_short,19,13,0.44,0
dl_512,24,West_exit,24,16,0.8,0
dl_512,26,West_exit,24,16,0.8,0
dl_512,18,West_exit_short,18,12,0.44,0
dl_513,4,,,,,
dl_513,15,East_exit,15,11,0.8,0
dl_513,14,East_exit,15,11,0.8,0
dl_513,22,East_exit_short,22,15,0.44,0
dl_513,19,East_exit_short,19,13,0.44,0
dl_513,24,West_exit,24,16,0.8,0
dl_513,26,West_exit,24,16,0.8,0
dl_513,18,West_exit_short,18,12,0.44,0
dl_514,4,,,,,
dl_514,14,East_exit,14,10,0.8,0
dl_514,22,East_exit_short,22,15,0.44,0
dl_514,19,East_exit_short,19,13,0.44,0
dl_514,24,West_exit,24,16,0.8,0
dl_514,26,West_exit,24,16,0.8,0
dl_514,18,West_exit_short,18,12,0.44,0
dl_515,4,,,,,
dl_515,20,West_exit_short,20,13,0.44,0
dl_515,19,East_exit_short,19,13,0.44,0
dl_515,14,East_exit,16,11,0.8,0
dl_515,16,East_exit,16,11,0.8,0
dl_515,22,East_exit_short,22,15,0.44,0
dl_515,24,West_exit,24,16,0.8,0
dl_515,26,West_exit,24,16,0.8,0
dl_516,4,,,,,
dl_516,20,West_exit_short,20,13,0.44,0
dl_516,19,East_exit_short,19,13,0.44,0
dl_516,15,East_exit,15,11,0.8,0
dl_516,14,East_exit,15,11,0.8,0
dl_516,22,East_exit_short,22,15,0.44,0
dl_516,24,West_exit,24,16,0.8,0
dl_516,26,West_exit,24,16,0.8,0
dl_517,4,,,,,
dl_517,20,West_exit_short,20,13,0.44,0
dl_517,19,East_exit_short,19,13,0.44,0
dl_517,14,East_exit,14,10,0.8,0
dl_517,22,East_exit_short,22,15,0.44,0
dl_517,24,West_exit,24,16,0.8,0
dl_517,26,West_exit,24,16,0.8,0
dl_518,3,,,,,
dl_518,22,East_exit_short,22,15,0.44,0
dl_518,26,West_exit,26,17,0.8,0
dl_518,25,East_exit_short,25,17,0.44,0
dl_518,17,East_exit,19,13,0.8,0
dl_518,19,East_exit,19,13,0.8,0
dl_519,3,,,,,
dl_519,22,East_exit_short,22,15,0.44,0
dl_519,26,West_exit,26,17,0.8,0
dl_519,25,East_exit_short,25,17,0.44,0
dl_519,18,East_exit,18,13,0.8,0
dl_519,17,East_exit,18,13,0.8,0
dl_520,3,,,,,
dl_520,22,East_exit_short,22,15,0.44,0
dl_520,26,West_exit,26,17,0.8,0
dl_520,25,East_exit_short,25,17,0.44,0
dl_520,17,East_exit,17,12,0.8,0
dl_521,3,,,,,
dl_521,21,East_exit_short,21,15,0.44,0
dl_521,26,West_exit,26,17,0.8,0
dl_521,25,East_exit_short,25,17,0.44,0
dl_521,17,East_exit,19,13,0.8,0
dl_521,19,East_exit,19,13,0.8,0
dl_522,3,,,,,
dl_522,21,East_exit_short,21,15,0.44,0
dl_522,26,West_exit,26,17,0.8,0
dl_522,25,East_exit_short,25,17,0.44,0
dl_522,18,East_exit,18,13,0.8,0
dl_522,17,East_exit,18,13,0.8,0
dl_523,3,,,,,
dl_523,21,East_exit_short,21,15,0.44,0
dl_523,26,West_exit,26,17,0.8,0
dl_523,25,East_exit_short,25,17,0.44,0
dl_523,17,East_exit,17,12,0.8,0
dl_524,3,,,,,
dl_524,20,East_exit_short,20,14,0.44,0
dl_524,26,West_exit,26,17,0.8,0
dl_524,25,East_exit_short,25,17,0.44,0
dl_524,17,East_exit,19,13,0.8,0
dl_524,19,East_exit,19,13,0.8,0
dl_525,3,,,,,
dl_525,20,East_exit_short,20,14,0.44,0
dl_525,26,West_exit,26,17,0.8,0
dl_525,25,East_exit_short,25,17,0.44,0
dl_525,18,East_exit,18,13,0.8,0
dl_525,17,East_exit,18,13,0.8,0
dl_526,3,,,,,
dl_526,20,East_exit_short,20,14,0.44,0
dl_526,26,West_exit,26,17,0.8,0
dl_526,25,East_exit_short,25,17,0.44,0
dl_526,17,East_exit,17,12,0.8,0
dl_527,4,,,,,
dl_527,14,East_exit,16,11,0.8,0
dl_527,26,West_exit,26,17,0.8,0
dl_527,25,East_exit_short,25,17,0.44,0
dl_527,22,East_exit_short,22,15,0.44,0
dl_527,15,West_exit_short,15,10,0.44,0
dl_528,4,,,,,
dl_528,14,East_exit,16,11,0.8,0
dl_528,26,West_exit,26,17,0.8,0
dl_528,25,East_exit_short,25,17,0.44,0
dl_528,21,East_exit_short,21,15,0.44,0
dl_528,15,West_exit_short,15,10,0.44,0
dl_529,4,,,,,
dl_529,14,East_exit,16,11,0.8,0
dl_529,26,West_exit,26,17,0.8,0
dl_529,25,East_exit_short,25,17,0.44,0
dl_529,15,West_exit_short,15,10,0.44,0
dl_529,20,East_exit_short,20,14,0.44,0
dl_530,3,,,,,
dl_530,22,East_exit_short,22,15,0.44,0
dl_530,24,East_exit_short,24,17,0.44,0
dl_530,26,West_exit,26,17,0.8,0
dl_530,17,East_exit,19,13,0.8,0
dl_530,19,East_exit,19,13,0.8,0
dl_531,3,,,,,
dl_531,22,East_exit_short,22,15,0.44,0
dl_531,24,East_exit_short,24,17,0.44,0
dl_531,26,West_exit,26,17,0.8,0
dl_531,18,East_exit,18,13,0.8,0
dl_531,17,East_exit,18,13,0.8,0
dl_532,3,,,,,
dl_532,22,East_exit_short,22,15,0.44,0
dl_532,24,East_exit_short,24,17,0.44,0
dl_532,26,West_exit,26,17,0.8,0
dl_532,17,East_exit,17,12,0.8,0
dl_533,3,,,,,
dl_533,21,East_exit_short,21,15,0.44,0
dl_533,24,East_exit_short,24,17,0.44,0
dl_533,26,West_exit,26,17,0.8,0
dl_533,17,East_exit,19,13,0.8,0
dl_533,19,East_exit,19,13,0.8,0
dl_534,3,,,,,
dl_534,21,East_exit_short,21,15,0.44,0
dl_534,24,East_exit_short,24,17,0.44,0
dl_534,26,West_exit,26,17,0.8,0
dl_534,18,East_exit,18,13,0.8,0
dl_534,17,East_exit,18,13,0.8,0
dl_535,3,,,,,
dl_535,21,East_exit_short,21,15,0.44,0
dl_535,24,East_exit_short,24,17,0.44,0
dl_535,26,West_exit,26,17,0.8,0
dl_535,17,East_exit,17,12,0.8,0
dl_536,3,,,,,
dl_536,20,East_exit_short,20,14,0.44,0
dl_536,24,East_exit_short,24,17,0.44,0
dl_536,26,West_exit,26,17,0.8,0
dl_536,17,East_exit,19,13,0.8,0
dl_536,19,East_exit,19,13,0.8,0
dl_537,3,,,,,
dl_537,20,East_exit_short,20,14,0.44,0
dl_537,24,East_exit_short,24,17,0.44,0
dl_537,26,West_exit,26,17,0.8,0
dl_537,18,East_exit,18,13,0.8,0
dl_537,17,East_exit,18,13,0.8,0
dl_538,3,,,,,
dl_538,20,East_exit_short,20,14,0.44,0
dl_538,24,East_exit_short,24,17,0.44,0
dl_538,26,West_exit,26,17,0.8,0
dl_538,17,East_exit,17,12,0.8,0
dl_539,4,,,,,
dl_539,14,East_exit,16,11,0.8,0
dl_539,24,East_exit_short,24,17,0.44,0
dl_539,22,East_exit_short,22,15,0.44,0
dl_539,26,West_exit,26,17,0.8,0
dl_539,15,West_exit_short,15,10,0.44,0
dl_540,4,,,,,
dl_540,14,East_exit,16,11,0.8,0
dl_540,24,East_exit_short,24,17,0.44,0
dl_540,21,East_exit_short,21,15,0.44,0
dl_540,26,West_exit,26,17,0.8,0
dl_540,15,West_exit_short,15,10,0.44,0
dl_541,4,,,,,
dl_541,14,East_exit,16,11,0.8,0
dl_541,24,East_exit_short,24,17,0.44,0
dl_541,26,West_exit,26,17,0.8,0
dl_541,15,West_exit_short,15,10,0.44,0
dl_541,20,East_exit_short,20,14,0.44,0
dl_542,3,,,,,
dl_542,22,East_exit_short,22,15,0.44,0
dl_542,23,East_exit_short,23,16,0.44,0
dl_542,26,West_exit,26,17,0.8,0
dl_542,17,East_exit,19,13,0.8,0
dl_542,19,East_exit,19,13,0.8,0
dl_543,3,,,,,
dl_543,22,East_exit_short,22,15,0.44,0
dl_543,23,East_exit_short,23,16,0.44,0
dl_543,26,West_exit,26,17,0.8,0
dl_543,18,East_exit,18,13,0.8,0
dl_543,17,East_exit,18,13,0.8,0
dl_544,3,,,,,
dl_544,22,East_exit_short,22,15,0.44,0
dl_544,23,East_exit_short,23,16,0.44,0
dl_544,26,West_exit,26,17,0.8,0
dl_544,17,East_exit,17,12,0.8,0
dl_545,3,,,,,
dl_545,21,East_exit_short,21,15,0.44,0
dl_545,23,East_exit_short,23,16,0.44,0
dl_545,26,West_exit,26,17,0.8,0
dl_545,17,East_exit,19,13,0.8,0
dl_545,19,East_exit,19,13,0.8,0
dl_546,3,,,,,
dl_546,21,East_exit_short,21,15,0.44,0
dl_546,23,East_exit_short,23,16,0.44,0
dl_546,26,West_exit,26,17,0.8,0
dl_546,18,East_exit,18,13,0.8,0
dl_546,17,East_exit,18,13,0.8,0
dl_547,3,,,,,
dl_547,21,East_exit_short,21,15,0.44,0
dl_547,23,East_exit_short,23,16,0.44,0
dl_547,26,West_exit,26,17,0.8,0
dl_547,17,East_exit,17,12,0.8,0
dl_548,3,,,,,
dl_548,20,East_exit_short,20,14,0.44,0
dl_548,23,East_exit_short,23,16,0.44,0
dl_548,26,West_exit,26,17,0.8,0
dl_548,17,East_exit,19,13,0.8,0
dl_548,19,East_exit,19,13,0.8,0
dl_549,3,,,,,
dl_549,20,East_exit_short,20,14,0.44,0
dl_549,23,East_exit_short,23,16,0.44,0
dl_549,26,West_exit,26,17,0.8,0
dl_549,18,East_exit,18,13,0.8,0
dl_549,17,East_exit,18,13,0.8,0
dl_550,3,,,,,
dl_550,20,East_exit_short,20,14,0.44,0
dl_550,23,East_exit_short,23,16,0.44,0
dl_550,26,West_exit,26,17,0.8,0
dl_550,17,East_exit,17,12,0.8,0
dl_551,4,,,,,
dl_551,14,East_exit,16,11,0.8,0
dl_551,23,East_exit_short,23,16,0.44,0
dl_551,22,East_exit_short,22,15,0.44,0
dl_551,26,West_exit,26,17,0.8,0
dl_551,15,West_exit_short,15,10,0.44,0
dl_552,4,,,,,
dl_552,14,East_exit,16,11,0.8,0
dl_552,23,East_exit_short,23,16,0.44,0
dl_552,21,East_exit_short,21,15,0.44,0
dl_552,26,West_exit,26,17,0.8,0
dl_552,15,West_exit_short,15,10,0.44,0
dl_553,4,,,,,
dl_553,14,East_exit,16,11,0.8,0
dl_553,23,East_exit_short,23,16,0.44,0
dl_553,26,West_exit,26,17,0.8,0
dl_553,15,West_exit_short,15,10,0.44,0
dl_553,20,East_exit_short,20,14,0.44,0
dl_554,4,,,,,
dl_554,25,East_exit_short,25,17,0.44,0
dl_554,26,West_exit,26,17,0.8,0
dl_554,17,West_exit_short,17,11,0.44,0
dl_554,14,East_exit,16,11,0.8,0
dl_554,16,East_exit,16,11,0.8,0
dl_554,22,East_exit_short,22,15,0.44,0
dl_555,4,,,,,
dl_555,17,West_exit_short,17,11,0.44,0
dl_555,14,East_exit,16,11,0.8,0
dl_555,16,East_exit,16,11,0.8,0
dl_555,26,West_exit,26,17,0.8,0
dl_555,25,East_exit_short,25,17,0.44,0
dl_555,21,East_exit_short,21,15,0.44,0
dl_556,4,,,,,
dl_556,17,West_exit_short,17,11,0.44,0
dl_556,14,East_exit,16,11,0.8,0
dl_556,16,East_exit,16,11,0.8,0
dl_556,26,West_exit,26,17,0.8,0
dl_556,25,East_exit_short,25,17,0.44,0
dl_556,20,East_exit_short,20,14,0.44,0
dl_557,4,,,,,
dl_557,24,East_exit_short,24,17,0.44,0
dl_557,17,West_exit_short,17,11,0.44,0
dl_557,14,East_exit,16,11,0.8,0
dl_557,16,East_exit,16,11,0.8,0
dl_557,22,East_exit_short,22,15,0.44,0
dl_557,26,West_exit,26,17,0.8,0
dl_558,4,,,,,
dl_558,24,East_exit_short,24,17,0.44,0
dl_558,17,West_exit_short,17,11,0.44,0
dl_558,14,East_exit,16,11,0.8,0
dl_558,16,East_exit,16,11,0.8,0
dl_558,21,East_exit_short,21,15,0.44,0
dl_558,26,West_exit,26,17,0.8,0
dl_559,4,,,,,
dl_559,24,East_exit_short,24,17,0.44,0
dl_559,17,West_exit_short,17,11,0.44,0
dl_559,14,East_exit,16,11,0.8,0
dl_559,16,East_exit,16,11,0.8,0
dl_559,26,West_exit,26,17,0.8,0
dl_559,20,East_exit_short,20,14,0.44,0
dl_560,4,,,,,
dl_560,23,East_exit_short,23,16,0.44,0
dl_560,17,West_exit_short,17,11,0.44,0
dl_560,14,East_exit,16,11,0.8,0
dl_560,16,East_exit,16,11,0.8,0
dl_560,22,East_exit_short,22,15,0.44,0
dl_560,26,West_exit,26,17,0.8,0
dl_561,4,,,,,
dl_561,23,East_exit_short,23,16,0.44,0
dl_561,17,West_exit_short,17,11,0.44,0
dl_561,14,East_exit,16,11,0.8,0
dl_561,16,East_exit,16,11,0.8,0
dl_561,21,East_exit_short,21,15,0.44,0
dl_561,26,West_exit,26,17,0.8,0
dl_562,4,,,,,
dl_562,23,East_exit_short,23,16,0.44,0
dl_562,17,West_exit_short,17,11,0.44,0
dl_562,14,East_exit,16,11,0.8,0
dl_562,16,East_exit,16,11,0.8,0
dl_562,26,West_exit,26,17,0.8,0
dl_562,20,East_exit_short,20,14,0.44,0
dl_563,4,,,,,
dl_563,26,West_exit,26,17,0.8,0
dl_563,14,East_exit,16,11,0.8,0
dl_563,15,West_exit_short,15,10,0.44,0
dl_563,19,East_exit_short,19,13,0.44,0
dl_563,25,East_exit_short,25,17,0.44,0
dl_564,4,,,,,
dl_564,14,East_exit,16,11,0.8,0
dl_564,24,East_exit_short,24,17,0.44,0
dl_564,15,West_exit_short,15,10,0.44,0
dl_564,19,East_exit_short,19,13,0.44,0
dl_564,26,West_exit,26,17,0.8,0
dl_565,4,,,,,
dl_565,14,East_exit,16,11,0.8,0
dl_565,23,East_exit_short,23,16,0.44,0
dl_565,15,West_exit_short,15,10,0.44,0
dl_565,19,East_exit_short,19,13,0.44,0
dl_565,26,West_exit,26,17,0.8,0
dl_566,4,,,,,
dl_566,26,West_exit,26,17,0.8,0
dl_566,17,West_exit_short,17,11,0.44,0
dl_566,14,East_exit,16,11,0.8,0
dl_566,16,East_exit,16,11,0.8,0
dl_566,19,East_exit_short,19,13,0.44,0
dl_566,25,East_exit_short,25,17,0.44,0
dl_567,4,,,,,
dl_567,17,West_exit_short,17,11,0.44,0
dl_567,14,East_exit,16,11,0.8,0
dl_567,16,East_exit,16,11,0.8,0
dl_567,24,East_exit_short,24,17,0.44,0
dl_567,19,East_exit_short,19,13,0.44,0
dl_567,26,West_exit,26,17,0.8,0
dl_568,4,,,,,
dl_568,17,West_exit_short,17,11,0.44,0
dl_568,14,East_exit,16,11,0.8,0
dl_568,16,East_exit,16,11,0.8,0
dl_568,23,East_exit_short,23,16,0.44,0
dl_568,19,East_exit_short,19,13,0.44,0
dl_568,26,West_exit,26,17,0.8,0
dl_569,4,,,,,
dl_569,14,East_exit,15,11,0.8,0
dl_569,26,West_exit,26,17,0.8,0
dl_569,25,East_exit_short,25,17,0.44,0
dl_569,22,East_exit_short,22,15,0.44,0
dl_569,16,West_exit_short,16,10,0.44,0
dl_570,4,,,,,
dl_570,14,East_exit,15,11,0.8,0
dl_570,26,West_exit,26,17,0.8,0
dl_570,25,East_exit_short,25,17,0.44,0
dl_570,21,East_exit_short,21,15,0.44,0
dl_570,16,West_exit_short,16,10,0.44,0
dl_571,4,,,,,
dl_571,14,East_exit,15,11,0.8,0
dl_571,26,West_exit,26,17,0.8,0
dl_571,25,East_exit_short,25,17,0.44,0
dl_571,16,West_exit_short,16,10,0.44,0
dl_571,20,East_exit_short,20,14,0.44,0
dl_572,4,,,,,
dl_572,14,East_exit,15,11,0.8,0
dl_572,24,East_exit_short,24,17,0.44,0
dl_572,22,East_exit_short,22,15,0.44,0
dl_572,26,West_exit,26,17,0.8,0
dl_572,16,West_exit_short,16,10,0.44,0
dl_573,4,,,,,
dl_573,14,East_exit,15,11,0.8,0
dl_573,24,East_exit_short,24,17,0.44,0
dl_573,21,East_exit_short,21,15,0.44,0
dl_573,26,West_exit,26,17,0.8,0
dl_573,16,West_exit_short,16,10,0.44,0
dl_574,4,,,,,
dl_574,14,East_exit,15,11,0.8,0
dl_574,24,East_exit_short,24,17,0.44,0
dl_574,26,West_exit,26,17,0.8,0
dl_574,16,West_exit_short,16,10,0.44,0
dl_574,20,East_exit_short,20,14,0.44,0
dl_575,4,,,,,
dl_575,14,East_exit,15,11,0.8,0
dl_575,23,East_exit_short,23,16,0.44,0
dl_575,22,East_exit_short,22,15,0.44,0
dl_575,26,West_exit,26,17,0.8,0
dl_575,16,West_exit_short,16,10,0.44,0
dl_576,4,,,,,
dl_576,14,East_exit,15,11,0.8,0
dl_576,23,East_exit_short,23,16,0.44,0
dl_576,21,East_exit_short,21,15,0.44,0
dl_576,26,West_exit,26,17,0.8,0
dl_576,16,West_exit_short,16,10,0.44,0
dl_577,4,,,,,
dl_577,14,East_exit,15,11,0.8,0
dl_577,23,East_exit_short,23,16,0.44,0
dl_577,26,West_exit,26,17,0.8,0
dl_577,16,West_exit_short,16,10,0.44,0
dl_577,20,East_exit_short,20,14,0.44,0
dl_578,4,,,,,
dl_578,25,East_exit_short,25,17,0.44,0
dl_578,26,West_exit,26,17,0.8,0
dl_578,17,West_exit_short,17,11,0.44,0
dl_578,15,East_exit,15,11,0.8,0
dl_578,14,East_exit,15,11,0.8,0
dl_578,22,East_exit_short,22,15,0.44,0
dl_579,4,,,,,
dl_579,17,West_exit_short,17,11,0.44,0
dl_579,15,East_exit,15,11,0.8,0
dl_579,14,East_exit,15,11,0.8,0
dl_579,26,West_exit,26,17,0.8,0
dl_579,25,East_exit_short,25,17,0.44,0
dl_579,21,East_exit_short,21,15,0.44,0
dl_580,4,,,,,
dl_580,17,West_exit_short,17,11,0.44,0
dl_580,15,East_exit,15,11,0.8,0
dl_580,14,East_exit,15,11,0.8,0
dl_580,26,West_exit,26,17,0.8,0
dl_580,25,East_exit_short,25,17,0.44,0
dl_580,20,East_exit_short,20,14,0.44,0
dl_581,4,,,,,
dl_581,24,East_exit_short,24,17,0.44,0
dl_581,17,West_exit_short,17,11,0.44,0
dl_581,15,East_exit,15,11,0.8,0
dl_581,14,East_exit,15,11,0.8,0
dl_581,22,East_exit_short,22,15,0.44,0
dl_581,26,West_exit,26,17,0.8,0
dl_582,4,,,,,
dl_582,17,West_exit_short,17,11,0.44,0
dl_582,15,East_exit,15,11,0.8,0
dl_582,14,East_exit,15,11,0.8,0
dl_582,24,East_exit_short,24,17,0.44,0
dl_582,21,East_exit_short,21,15,0.44,0
dl_582,26,West_exit,26,17,0.8,0
dl_583,4,,,,,
dl_583,17,West_exit_short,17,11,0.44,0
dl_583,15,East_exit,15,11,0.8,0
dl_583,14,East_exit,15,11,0.8,0
dl_583,24,East_exit_short,24,17,0.44,0
dl_583,26,West_exit,26,17,0.8,0
dl_583,20,East_exit_short,20,14,0.44,0
dl_584,4,,,,,
dl_584,23,East_exit_short,23,16,0.44,0
dl_584,17,West_exit_short,17,11,0.44,0
dl_584,15,East_exit,15,11,0.8,0
dl_584,14,East_exit,15,11,0.8,0
dl_584,22,East_exit_short,22,15,0.44,0
dl_584,26,West_exit,26,17,0.8,0
dl_585,4,,,,,
dl_585,23,East_exit_short,23,16,0.44,0
dl_585,17,West_exit_short,17,11,0.44,0
dl_585,15,East_exit,15,11,0.8,0
dl_585,14,East_exit,15,11,0.8,0
dl_585,21,East_exit_short,21,15,0.44,0
dl_585,26,West_exit,26,17,0.8,0
dl_586,4,,,,,
dl_586,23,East_exit_short,23,16,0.44,0
dl_586,17,West_exit_short,17,11,0.44,0
dl_586,15,East_exit,15,11,0.8,0
dl_586,14,East_exit,15,11,0.8,0
dl_586,26,West_exit,26,17,0.8,0
dl_586,20,East_exit_short,20,14,0.44,0
dl_587,4,,,,,
dl_587,26,West_exit,26,17,0.8,0
dl_587,14,East_exit,15,11,0.8,0
dl_587,16,West_exit_short,16,10,0.44,0
dl_587,19,East_exit_short,19,13,0.44,0
dl_587,25,East_exit_short,25,17,0.44,0
dl_588,4,,,,,
dl_588,14,East_exit,15,11,0.8,0
dl_588,24,East_exit_short,24,17,0.44,0
dl_588,16,West_exit_short,16,10,0.44,0
dl_588,19,East_exit_short,19,13,0.44,0
dl_588,26,West_exit,26,17,0.8,0
dl_589,4,,,,,
dl_589,14,East_exit,15,11,0.8,0
dl_589,23,East_exit_short,23,16,0.44,0
dl_589,16,West_exit_short,16,10,0.44,0
dl_589,19,East_exit_short,19,13,0.44,0
dl_589,26,West_exit,26,17,0.8,0
dl_590,4,,,,,
dl_590,26,West_exit,26,17,0.8,0
dl_590,17,West_exit_short,17,11,0.44,0
dl_590,15,East_exit,15,11,0.8,0
dl_590,14,East_exit,15,11,0.8,0
dl_590,19,East_exit_short,19,13,0.44,0
dl_590,25,East_exit_short,25,17,0.44,0
dl_591,4,,,,,
dl_591,24,East_exit_short,24,17,0.44,0
dl_591,17,West_exit_short,17,11,0.44,0
dl_591,15,East_exit,15,11,0.8,0
dl_591,14,East_exit,15,11,0.8,0
dl_591,19,East_exit_short,19,13,0.44,0
dl_591,26,West_exit,26,17,0.8,0
dl_592,4,,,,,
dl_592,17,West_exit_short,17,11,0.44,0
dl_592,15,East_exit,15,11,0.8,0
dl_592,14,East_exit,15,11,0.8,0
dl_592,23,East_exit_short,23,16,0.44,0
dl_592,19,East_exit_short,19,13,0.44,0
dl_592,26,West_exit,26,17,0.8,0
dl_593,4,,,,,
dl_593,14,East_exit,14,10,0.8,0
dl_593,26,West_exit,26,17,0.8,0
dl_593,25,East_exit_short,25,17,0.44,0
dl_593,22,East_exit_short,22,15,0.44,0
dl_593,16,West_exit_short,16,10,0.44,0
dl_594,4,,,,,
dl_594,14,East_exit,14,10,0.8,0
dl_594,26,West_exit,26,17,0.8,0
dl_594,25,East_exit_short,25,17,0.44,0
dl_594,21,East_exit_short,21,15,0.44,0
dl_594,16,West_exit_short,16,10,0.44,0
dl_595,4,,,,,
dl_595,14,East_exit,14,10,0.8,0
dl_595,26,West_exit,26,17,0.8,0
dl_595,25,East_exit_short,25,17,0.44,0
dl_595,16,West_exit_short,16,10,0.44,0
dl_595,20,East_exit_short,20,14,0.44,0
dl_596,4,,,,,
dl_596,14,East_exit,14,10,0.8,0
dl_596,24,East_exit_short,24,17,0.44,0
dl_596,22,East_exit_short,22,15,0.44,0
dl_596,26,West_exit,26,17,0.8,0
dl_596,16,West_exit_short,16,10,0.44,0
dl_597,4,,,,,
dl_597,14,East_exit,14,10,0.8,0
dl_597,24,East_exit_short,24,17,0.44,0
dl_597,21,East_exit_short,21,15,0.44,0
dl_597,26,West_exit,26,17,0.8,0
dl_597,16,West_exit_short,16,10,0.44,0
dl_598,4,,,,,
dl_598,14,East_exit,14,10,0.8,0
dl_598,24,East_exit_short,24,17,0.44,0
dl_598,26,West_exit,26,17,0.8,0
dl_598,16,West_exit_short,16,10,0.44,0
dl_598,20,East_exit_short,20,14,0.44,0
dl_599,4,,,,,
dl_599,14,East_exit,14,10,0.8,0
dl_599,23,East_exit_short,23,16,0.44,0
dl_599,22,East_exit_short,22,15,0.44,0
dl_599,26,West_exit,26,17,0.8,0
dl_599,16,West_exit_short,16,10,0.44,0
dl_600,4,,,,,
dl_600,14,East_exit,14,10,0.8,0
dl_600,23,East_exit_short,23,16,0.44,0
dl_600,21,East_exit_short,21,15,0.44,0
dl_600,26,West_exit,26,17,0.8,0
dl_600,16,West_exit_short,16,10,0.44,0
dl_601,4,,,,,
dl_601,14,East_exit,14,10,0.8,0
dl_601,23,East_exit_short,23,16,0.44,0
dl_601,26,West_exit,26,17,0.8,0
dl_601,16,West_exit_short,16,10,0.44,0
dl_601,20,East_exit_short,20,14,0.44,0
dl_602,4,,,,,
dl_602,25,East_exit_short,25,17,0.44,0
dl_602,26,West_exit,26,17,0.8,0
dl_602,15,West_exit_short,15,10,0.44,0
dl_602,22,East_exit_short,22,15,0.44,0
dl_602,14,East_exit,14,10,0.8,0
dl_603,4,,,,,
dl_603,15,West_exit_short,15,10,0.44,0
dl_603,26,West_exit,26,17,0.8,0
dl_603,25,East_exit_short,25,17,0.44,0
dl_603,21,East_exit_short,21,15,0.44,0
dl_603,14,East_exit,14,10,0.8,0
dl_604,4,,,,,
dl_604,15,West_exit_short,15,10,0.44,0
dl_604,26,West_exit,26,17,0.8,0
dl_604,25,East_exit_short,25,17,0.44,0
dl_604,20,East_exit_short,20,14,0.44,0
dl_604,14,East_exit,14,10,0.8,0
dl_605,4,,,,,
dl_605,24,East_exit_short,24,17,0.44,0
dl_605,15,West_exit_short,15,10,0.44,0
dl_605,22,East_exit_short,22,15,0.44,0
dl_605,26,West_exit,26,17,0.8,0
dl_605,14,East_exit,14,10,0.8,0
dl_606,4,,,,,
dl_606,15,West_exit_short,15,10,0.44,0
dl_606,24,East_exit_short,24,17,0.44,0
dl_606,21,East_exit_short,21,15,0.44,0
dl_606,26,West_exit,26,17,0.8,0
dl_606,14,East_exit,14,10,0.8,0
dl_607,4,,,,,
dl_607,24,East_exit_short,24,17,0.44,0
dl_607,15,West_exit_short,15,10,0.44,0
dl_607,26,West_exit,26,17,0.8,0
dl_607,14,East_exit,14,10,0.8,0
dl_607,20,East_exit_short,20,14,0.44,0
dl_608,4,,,,,
dl_608,23,East_exit_short,23,16,0.44,0
dl_608,15,West_exit_short,15,10,0.44,0
dl_608,22,East_exit_short,22,15,0.44,0
dl_608,26,West_exit,26,17,0.8,0
dl_608,14,East_exit,14,10,0.8,0
dl_609,4,,,,,
dl_609,23,East_exit_short,23,16,0.44,0
dl_609,15,West_exit_short,15,10,0.44,0
dl_609,21,East_exit_short,21,15,0.44,0
dl_609,26,West_exit,26,17,0.8,0
dl_609,14,East_exit,14,10,0.8,0
dl_610,4,,,,,
dl_610,23,East_exit_short,23,16,0.44,0
dl_610,15,West_exit_short,15,10,0.44,0
dl_610,26,West_exit,26,17,0.8,0
dl_610,14,East_exit,14,10,0.8,0
dl_610,20,East_exit_short,20,14,0.44,0
dl_611,4,,,,,
dl_611,25,East_exit_short,25,17,0.44,0
dl_611,26,West_exit,26,17,0.8,0
dl_611,17,West_exit_short,17,11,0.44,0
dl_611,22,East_exit_short,22,15,0.44,0
dl_611,14,East_exit,14,10,0.8,0
dl_612,4,,,,,
dl_612,17,West_exit_short,17,11,0.44,0
dl_612,26,West_exit,26,17,0.8,0
dl_612,25,East_exit_short,25,17,0.44,0
dl_612,21,East_exit_short,21,15,0.44,0
dl_612,14,East_exit,14,10,0.8,0
dl_613,4,,,,,
dl_613,17,West_exit_short,17,11,0.44,0
dl_613,26,West_exit,26,17,0.8,0
dl_613,25,East_exit_short,25,17,0.44,0
dl_613,20,East_exit_short,20,14,0.44,0
dl_613,14,East_exit,14,10,0.8,0
dl_614,4,,,,,
dl_614,24,East_exit_short,24,17,0.44,0
dl_614,17,West_exit_short,17,11,0.44,0
dl_614,22,East_exit_short,22,15,0.44,0
dl_614,26,West_exit,26,17,0.8,0
dl_614,14,East_exit,14,10,0.8,0
dl_615,4,,,,,
dl_615,17,West_exit_short,17,11,0.44,0
dl_615,24,East_exit_short,24,17,0.44,0
dl_615,21,East_exit_short,21,15,0.44,0
dl_615,26,West_exit,26,17,0.8,0
dl_615,14,East_exit,14,10,0.8,0
dl_616,4,,,,,
dl_616,17,West_exit_short,17,11,0.44,0
dl_616,24,East_exit_short,24,17,0.44,0
dl_616,26,West_exit,26,17,0.8,0
dl_616,20,East_exit_short,20,14,0.44,0
dl_616,14,East_exit,14,10,0.8,0
dl_617,4,,,,,
dl_617,23,East_exit_short,23,16,0.44,0
dl_617,17,West_exit_short,17,11,0.44,0
dl_617,22,East_exit_short,22,15,0.44,0
dl_617,26,West_exit,26,17,0.8,0
dl_617,14,East_exit,14,10,0.8,0
dl_618,4,,,,,
dl_618,23,East_exit_short,23,16,0.44,0
dl_618,17,West_exit_short,17,11,0.44,0
dl_618,21,East_exit_short,21,15,0.44,0
dl_618,26,West_exit,26,17,0.8,0
dl_618,14,East_exit,14,10,0.8,0
dl_619,4,,,,,
dl_619,23,East_exit_short,23,16,0.44,0
dl_619,17,West_exit_short,17,11,0.44,0
dl_619,26,West_exit,26,17,0.8,0
dl_619,14,East_exit,14,10,0.8,0
dl_619,20,East_exit_short,20,14,0.44,0
dl_620,4,,,,,
dl_620,26,West_exit,26,17,0.8,0
dl_620,14,East_exit,14,10,0.8,0
dl_620,16,West_exit_short,16,10,0.44,0
dl_620,19,East_exit_short,19,13,0.44,0
dl_620,25,East_exit_short,25,17,0.44,0
dl_621,4,,,,,
dl_621,24,East_exit_short,24,17,0.44,0
dl_621,14,East_exit,14,10,0.8,0
dl_621,16,West_exit_short,16,10,0.44,0
dl_621,19,East_exit_short,19,13,0.44,0
dl_621,26,West_exit,26,17,0.8,0
dl_622,4,,,,,
dl_622,23,East_exit_short,23,16,0.44,0
dl_622,14,East_exit,14,10,0.8,0
dl_622,16,West_exit_short,16,10,0.44,0
dl_622,19,East_exit_short,19,13,0.44,0
dl_622,26,West_exit,26,17,0.8,0
dl_623,4,,,,,
dl_623,26,West_exit,26,17,0.8,0
dl_623,15,West_exit_short,15,10,0.44,0
dl_623,14,East_exit,14,10,0.8,0
dl_623,19,East_exit_short,19,13,0.44,0
dl_623,25,East_exit_short,25,17,0.44,0
dl_624,4,,,,,
dl_624,15,West_exit_short,15,10,0.44,0
dl_624,24,East_exit_short,24,17,0.44,0
dl_624,19,East_exit_short,19,13,0.44,0
dl_624,26,West_exit,26,17,0.8,0
dl_624,14,East_exit,14,10,0.8,0
dl_625,4,,,,,
dl_625,15,West_exit_short,15,10,0.44,0
dl_625,23,East_exit_short,23,16,0.44,0
dl_625,19,East_exit_short,19,13,0.44,0
dl_625,26,West_exit,26,17,0.8,0
dl_625,14,East_exit,14,10,0.8,0
dl_626,4,,,,,
dl_626,26,West_exit,26,17,0.8,0
dl_626,17,West_exit_short,17,11,0.44,0
dl_626,14,East_exit,14,10,0.8,0
dl_626,19,East_exit_short,19,13,0.44,0
dl_626,25,East_exit_short,25,17,0.44,0
dl_627,4,,,,,
dl_627,24,East_exit_short,24,17,0.44,0
dl_627,17,West_exit_short,17,11,0.44,0
dl_627,14,East_exit,14,10,0.8,0
dl_627,19,East_exit_short,19,13,0.44,0
dl_627,26,West_exit,26,17,0.8,0
dl_628,4,,,,,
dl_628,17,West_exit_short,17,11,0.44,0
dl_628,23,East_exit_short,23,16,0.44,0
dl_628,19,East_exit_short,19,13,0.44,0
dl_628,26,West_exit,26,17,0.8,0
dl_628,14,East_exit,14,10,0.8,0
dl_629,4,,,,,
dl_629,25,East_exit_short,25,17,0.44,0
dl_629,22,East_exit_short,22,15,0.44,0
dl_629,26,West_exit,26,17,0.8,0
dl_629,14,East_exit,16,11,0.8,0
dl_629,16,East_exit,16,11,0.8,0
dl_629,18,West_exit_short,18,12,0.44,0
dl_630,4,,,,,
dl_630,21,East_exit_short,21,15,0.44,0
dl_630,26,West_exit,26,17,0.8,0
dl_630,25,East_exit_short,25,17,0.44,0
dl_630,14,East_exit,16,11,0.8,0
dl_630,16,East_exit,16,11,0.8,0
dl_630,18,West_exit_short,18,12,0.44,0
dl_631,4,,,,,
dl_631,14,East_exit,16,11,0.8,0
dl_631,16,East_exit,16,11,0.8,0
dl_631,26,West_exit,26,17,0.8,0
dl_631,25,East_exit_short,25,17,0.44,0
dl_631,20,East_exit_short,20,14,0.44,0
dl_631,18,West_exit_short,18,12,0.44,0
dl_632,4,,,,,
dl_632,22,East_exit_short,22,15,0.44,0
dl_632,24,East_exit_short,24,17,0.44,0
dl_632,26,West_exit,26,17,0.8,0
dl_632,14,East_exit,16,11,0.8,0
dl_632,16,East_exit,16,11,0.8,0
dl_632,18,West_exit_short,18,12,0.44,0
dl_633,4,,,,,
dl_633,21,East_exit_short,21,15,0.44,0
dl_633,24,East_exit_short,24,17,0.44,0
dl_633,26,West_exit,26,17,0.8,0
dl_633,14,East_exit,16,11,0.8,0
dl_633,16,East_exit,16,11,0.8,0
dl_633,18,West_exit_short,18,12,0.44,0
dl_634,4,,,,,
dl_634,24,East_exit_short,24,17,0.44,0
dl_634,14,East_exit,16,11,0.8,0
dl_634,16,East_exit,16,11,0.8,0
dl_634,26,West_exit,26,17,0.8,0
dl_634,20,East_exit_short,20,14,0.44,0
dl_634,18,West_exit_short,18,12,0.44,0
dl_635,4,,,,,
dl_635,23,East_exit_short,23,16,0.44,0
dl_635,14,East_exit,16,11,0.8,0
dl_635,16,East_exit,16,11,0.8,0
dl_635,22,East_exit_short,22,15,0.44,0
dl_635,26,West_exit,26,17,0.8,0
dl_635,18,West_exit_short,18,12,0.44,0
dl_636,4,,,,,
dl_636,23,East_exit_short,23,16,0.44,0
dl_636,14,East_exit,16,11,0.8,0
dl_636,16,East_exit,16,11,0.8,0
dl_636,21,East_exit_short,21,15,0.44,0
dl_636,26,West_exit,26,17,0.8,0
dl_636,18,West_exit_short,18,12,0.44,0
dl_637,4,,,,,
dl_637,23,East_exit_short,23,16,0.44,0
dl_637,14,East_exit,16,11,0.8,0
dl_637,16,East_exit,16,11,0.8,0
dl_637,26,West_exit,26,17,0.8,0
dl_637,20,East_exit_short,20,14,0.44,0
dl_637,18,West_exit_short,18,12,0.44,0
dl_638,4,,,,,
dl_638,26,West_exit,26,17,0.8,0
dl_638,14,East_exit,16,11,0.8,0
dl_638,16,East_exit,16,11,0.8,0
dl_638,19,East_exit_short,19,13,0.44,0
dl_638,25,East_exit_short,25,17,0.44,0
dl_638,18,West_exit_short,18,12,0.44,0
dl_639,4,,,,,
dl_639,14,East_exit,16,11,0.8,0
dl_639,16,East_exit,16,11,0.8,0
dl_639,24,East_exit_short,24,17,0.44,0
dl_639,19,East_exit_short,19,13,0.44,0
dl_639,26,West_exit,26,17,0.8,0
dl_639,18,West_exit_short,18,12,0.44,0
dl_640,4,,,,,
dl_640,14,East_exit,16,11,0.8,0
dl_640,16,East_exit,16,11,0.8,0
dl_640,23,East_exit_short,23,16,0.44,0
dl_640,19,East_exit_short,19,13,0.44,0
dl_640,26,West_exit,26,17,0.8,0
dl_640,18,West_exit_short,18,12,0.44,0
dl_641,4,,,,,
dl_641,25,East_exit_short,25,17,0.44,0
dl_641,22,East_exit_short,22,15,0.44,0
dl_641,26,West_exit,26,17,0.8,0
dl_641,15,East_exit,15,11,0.8,0
dl_641,14,East_exit,15,11,0.8,0
dl_641,18,West_exit_short,18,12,0.44,0
dl_642,4,,,,,
dl_642,21,East_exit_short,21,15,0.44,0
dl_642,26,West_exit,26,17,0.8,0
dl_642,25,East_exit_short,25,17,0.44,0
dl_642,15,East_exit,15,11,0.8,0
dl_642,14,East_exit,15,11,0.8,0
dl_642,18,West_exit_short,18,12,0.44,0
dl_643,4,,,,,
dl_643,15,East_exit,15,11,0.8,0
dl_643,14,East_exit,15,11,0.8,0
dl_643,26,West_exit,26,17,0.8,0
dl_643,25,East_exit_short,25,17,0.44,0
dl_643,20,East_exit_short,20,14,0.44,0
dl_643,18,West_exit_short,18,12,0.44,0
dl_644,4,,,,,
dl_644,24,East_exit_short,24,17,0.44,0
dl_644,22,East_exit_short,22,15,0.44,0
dl_644,26,West_exit,26,17,0.8,0
dl_644,15,East_exit,15,11,0.8,0
dl_644,14,East_exit,15,11,0.8,0
dl_644,18,West_exit_short,18,12,0.44,0
dl_645,4,,,,,
dl_645,21,East_exit_short,21,15,0.44,0
dl_645,24,East_exit_short,24,17,0.44,0
dl_645,26,West_exit,26,17,0.8,0
dl_645,15,East_exit,15,11,0.8,0
dl_645,14,East_exit,15,11,0.8,0
dl_645,18,West_exit_short,18,12,0.44,0
dl_646,4,,,,,
dl_646,15,East_exit,15,11,0.8,0
dl_646,14,East_exit,15,11,0.8,0
dl_646,24,East_exit_short,24,17,0.44,0
dl_646,26,West_exit,26,17,0.8,0
dl_646,20,East_exit_short,20,14,0.44,0
dl_646,18,West_exit_short,18,12,0.44,0
dl_647,4,,,,,
dl_647,23,East_exit_short,23,16,0.44,0
dl_647,15,East_exit,15,11,0.8,0
dl_647,14,East_exit,15,11,0.8,0
dl_647,22,East_exit_short,22,15,0.44,0
dl_647,26,West_exit,26,17,0.8,0
dl_647,18,West_exit_short,18,12,0.44,0
dl_648,4,,,,,
dl_648,23,East_exit_short,23,16,0.44,0
dl_648,15,East_exit,15,11,0.8,0
dl_648,14,East_exit,15,11,0.8,0
dl_648,21,East_exit_short,21,15,0.44,0
dl_648,26,West_exit,26,17,0.8,0
dl_648,18,West_exit_short,18,12,0.44,0
dl_649,4,,,,,
dl_649,23,East_exit_short,23,16,0.44,0
dl_649,15,East_exit,15,11,0.8,0
dl_649,14,East_exit,15,11,0.8,0
dl_649,26,West_exit,26,17,0.8,0
dl_649,20,East_exit_short,20,14,0.44,0
dl_649,18,West_exit_short,18,12,0.44,0
dl_650,4,,,,,
dl_650,26,West_exit,26,17,0.8,0
dl_650,15,East_exit,15,11,0.8,0
dl_650,14,East_exit,15,11,0.8,0
dl_650,19,East_exit_short,19,13,0.44,0
dl_650,25,East_exit_short,25,17,0.44,0
dl_650,18,West_exit_short,18,12,0.44,0
dl_651,4,,,,,
dl_651,24,East_exit_short,24,17,0.44,0
dl_651,15,East_exit,15,11,0.8,0
dl_651,14,East_exit,15,11,0.8,0
dl_651,19,East_exit_short,19,13,0.44,0
dl_651,26,West_exit,26,17,0.8,0
dl_651,18,West_exit_short,18,12,0.44,0
dl_652,4,,,,,
dl_652,15,East_exit,15,11,0.8,0
dl_652,14,East_exit,15,11,0.8,0
dl_652,23,East_exit_short,23,16,0.44,0
dl_652,19,East_exit_short,19,13,0.44,0
dl_652,26,West_exit,26,17,0.8,0
dl_652,18,West_exit_short,18,12,0.44,0
dl_653,4,,,,,
dl_653,25,East_exit_short,25,17,0.44,0
dl_653,26,West_exit,26,17,0.8,0
dl_653,22,East_exit_short,22,15,0.44,0
dl_653,14,East_exit,14,10,0.8,0
dl_653,18,West_exit_short,18,12,0.44,0
dl_654,4,,,,,
dl_654,26,West_exit,26,17,0.8,0
dl_654,25,East_exit_short,25,17,0.44,0
dl_654,21,East_exit_short,21,15,0.44,0
dl_654,14,East_exit,14,10,0.8,0
dl_654,18,West_exit_short,18,12,0.44,0
dl_655,4,,,,,
dl_655,26,West_exit,26,17,0.8,0
dl_655,25,East_exit_short,25,17,0.44,0
dl_655,20,East_exit_short,20,14,0.44,0
dl_655,14,East_exit,14,10,0.8,0
dl_655,18,West_exit_short,18,12,0.44,0
dl_656,4,,,,,
dl_656,24,East_exit_short,24,17,0.44,0
dl_656,22,East_exit_short,22,15,0.44,0
dl_656,26,West_exit,26,17,0.8,0
dl_656,14,East_exit,14,10,0.8,0
dl_656,18,West_exit_short,18,12,0.44,0
dl_657,4,,,,,
dl_657,24,East_exit_short,24,17,0.44,0
dl_657,21,East_exit_short,21,15,0.44,0
dl_657,26,West_exit,26,17,0.8,0
dl_657,14,East_exit,14,10,0.8,0
dl_657,18,West_exit_short,18,12,0.44,0
dl_658,4,,,,,
dl_658,24,East_exit_short,24,17,0.44,0
dl_658,26,West_exit,26,17,0.8,0
dl_658,20,East_exit_short,20,14,0.44,0
dl_658,14,East_exit,14,10,0.8,0
dl_658,18,West_exit_short,18,12,0.44,0
dl_659,4,,,,,
dl_659,23,East_exit_short,23,16,0.44,0
dl_659,22,East_exit_short,22,15,0.44,0
dl_659,26,West_exit,26,17,0.8,0
dl_659,14,East_exit,14,10,0.8,0
dl_659,18,West_exit_short,18,12,0.44,0
dl_660,4,,,,,
dl_660,23,East_exit_short,23,16,0.44,0
dl_660,21,East_exit_short,21,15,0.44,0
dl_660,26,West_exit,26,17,0.8,0
dl_660,14,East_exit,14,10,0.8,0
dl_660,18,West_exit_short,18,12,0.44,0
dl_661,4,,,,,
dl_661,23,East_exit_short,23,16,0.44,0
dl_661,26,West_exit,26,17,0.8,0
dl_661,14,East_exit,14,10,0.8,0
dl_661,20,East_exit_short,20,14,0.44,0
dl_661,18,West_exit_short,18,12,0.44,0
dl_662,4,,,,,
dl_662,26,West_exit,26,17,0.8,0
dl_662,14,East_exit,14,10,0.8,0
dl_662,19,East_exit_short,19,13,0.44,0
dl_662,25,East_exit_short,25,17,0.44,0
dl_662,18,West_exit_short,18,12,0.44,0
dl_663,4,,,,,
dl_663,24,East_exit_short,24,17,0.44,0
dl_663,14,East_exit,14,10,0.8,0
dl_663,19,East_exit_short,19,13,0.44,0
dl_663,26,West_exit,26,17,0.8,0
dl_663,18,West_exit_short,18,12,0.44,0
dl_664,4,,,,,
dl_664,23,East_exit_short,23,16,0.44,0
dl_664,19,East_exit_short,19,13,0.44,0
dl_664,26,West_exit,26,17,0.8,0
dl_664,14,East_exit,14,10,0.8,0
dl_664,18,West_exit_short,18,12,0.44,0
dl_665,4,,,,,
dl_665,26,West_exit,26,17,0.8,0
dl_665,19,East_exit_short,19,13,0.44,0
dl_665,20,West_exit_short,20,13,0.44,0
dl_665,14,East_exit,16,11,0.8,0
dl_665,16,East_exit,16,11,0.8,0
dl_665,25,East_exit_short,25,17,0.44,0
dl_666,4,,,,,
dl_666,24,East_exit_short,24,17,0.44,0
dl_666,19,East_exit_short,19,13,0.44,0
dl_666,20,West_exit_short,20,13,0.44,0
dl_666,14,East_exit,16,11,0.8,0
dl_666,16,East_exit,16,11,0.8,0
dl_666,26,West_exit,26,17,0.8,0
dl_667,4,,,,,
dl_667,23,East_exit_short,23,16,0.44,0
dl_667,19,East_exit_short,19,13,0.44,0
dl_667,20,West_exit_short,20,13,0.44,0
dl_667,14,East_exit,16,11,0.8,0
dl_667,16,East_exit,16,11,0.8,0
dl_667,26,West_exit,26,17,0.8,0
dl_668,4,,,,,
dl_668,26,West_exit,26,17,0.8,0
dl_668,19,East_exit_short,19,13,0.44,0
dl_668,20,West_exit_short,20,13,0.44,0
dl_668,15,East_exit,15,11,0.8,0
dl_668,14,East_exit,15,11,0.8,0
dl_668,25,East_exit_short,25,17,0.44,0
dl_669,4,,,,,
dl_669,19,East_exit_short,19,13,0.44,0
dl_669,24,East_exit_short,24,17,0.44,0
dl_669,20,West_exit_short,20,13,0.44,0
dl_669,15,East_exit,15,11,0.8,0
dl_669,14,East_exit,15,11,0.8,0
dl_669,26,West_exit,26,17,0.8,0
dl_670,4,,,,,
dl_670,23,East_exit_short,23,16,0.44,0
dl_670,19,East_exit_short,19,13,0.44,0
dl_670,20,West_exit_short,20,13,0.44,0
dl_670,15,East_exit,15,11,0.8,0
dl_670,14,East_exit,15,11,0.8,0
dl_670,26,West_exit,26,17,0.8,0
dl_671,4,,,,,
dl_671,26,West_exit,26,17,0.8,0
dl_671,19,East_exit_short,19,13,0.44,0
dl_671,20,West_exit_short,20,13,0.44,0
dl_671,25,East_exit_short,25,17,0.44,0
dl_671,14,East_exit,14,10,0.8,0
dl_672,4,,,,,
dl_672,19,East_exit_short,19,13,0.44,0
dl_672,24,East_exit_short,24,17,0.44,0
dl_672,20,West_exit_short,20,13,0.44,0
dl_672,26,West_exit,26,17,0.8,0
dl_672,14,East_exit,14,10,0.8,0
dl_673,4,,,,,
dl_673,19,East_exit_short,19,13,0.44,0
dl_673,23,East_exit_short,23,16,0.44,0
dl_673,20,West_exit_short,20,13,0.44,0
dl_673,26,West_exit,26,17,0.8,0
dl_673,14,East_exit,14,10,0.8,0
dl_674,4,,,,,
dl_674,14,East_exit,16,11,0.8,0
dl_674,15,West_exit_short,15,10,0.44,0
dl_674,22,East_exit_short,22,15,0.44,0
dl_674,19,East_exit_short,19,13,0.44,0
dl_674,26,West_exit,26,17,0.8,0
dl_675,4,,,,,
dl_675,17,West_exit_short,17,11,0.44,0
dl_675,14,East_exit,16,11,0.8,0
dl_675,16,East_exit,16,11,0.8,0
dl_675,22,East_exit_short,22,15,0.44,0
dl_675,19,East_exit_short,19,13,0.44,0
dl_675,26,West_exit,26,17,0.8,0
dl_676,4,,,,,
dl_676,14,East_exit,15,11,0.8,0
dl_676,16,West_exit_short,16,10,0.44,0
dl_676,22,East_exit_short,22,15,0.44,0
dl_676,19,East_exit_short,19,13,0.44,0
dl_676,26,West_exit,26,17,0.8,0
dl_677,4,,,,,
dl_677,17,West_exit_short,17,11,0.44,0
dl_677,15,East_exit,15,11,0.8,0
dl_677,14,East_exit,15,11,0.8,0
dl_677,22,East_exit_short,22,15,0.44,0
dl_677,19,East_exit_short,19,13,0.44,0
dl_677,26,West_exit,26,17,0.8,0
dl_678,4,,,,,
dl_678,14,East_exit,14,10,0.8,0
dl_678,16,West_exit_short,16,10,0.44,0
dl_678,22,East_exit_short,22,15,0.44,0
dl_678,19,East_exit_short,19,13,0.44,0
dl_678,26,West_exit,26,17,0.8,0
dl_679,4,,,,,
dl_679,15,West_exit_short,15,10,0.44,0
dl_679,14,East_exit,14,10,0.8,0
dl_679,22,East_exit_short,22,15,0.44,0
dl_679,19,East_exit_short,19,13,0.44,0
dl_679,26,West_exit,26,17,0.8,0
dl_680,4,,,,,
dl_680,17,West_exit_short,17,11,0.44,0
dl_680,14,East_exit,14,10,0.8,0
dl_680,22,East_exit_short,22,15,0.44,0
dl_680,19,East_exit_short,19,13,0.44,0
dl_680,26,West_exit,26,17,0.8,0
dl_681,4,,,,,
dl_681,14,East_exit,16,11,0.8,0
dl_681,16,East_exit,16,11,0.8,0
dl_681,22,East_exit_short,22,15,0.44,0
dl_681,19,East_exit_short,19,13,0.44,0
dl_681,26,West_exit,26,17,0.8,0
dl_681,18,West_exit_short,18,12,0.44,0
dl_682,4,,,,,
dl_682,15,East_exit,15,11,0.8,0
dl_682,14,East_exit,15,11,0.8,0
dl_682,22,East_exit_short,22,15,0.44,0
dl_682,19,East_exit_short,19,13,0.44,0
dl_682,26,West_exit,26,17,0.8,0
dl_682,18,West_exit_short,18,12,0.44,0
dl_683,4,,,,,
dl_683,14,East_exit,14,10,0.8,0
dl_683,22,East_exit_short,22,15,0.44,0
dl_683,19,East_exit_short,19,13,0.44,0
dl_683,26,West_exit,26,17,0.8,0
dl_683,18,West_exit_short,18,12,0.44,0
dl_684,4,,,,,
dl_684,20,West_exit_short,20,13,0.44,0
dl_684,19,East_exit_short,19,13,0.44,0
dl_684,14,East_exit,16,11,0.8,0
dl_684,16,East_exit,16,11,0.8,0
dl_684,22,East_exit_short,22,15,0.44,0
dl_684,26,West_exit,26,17,0.8,0
dl_685,4,,,,,
dl_685,20,West_exit_short,20,13,0.44,0
dl_685,19,East_exit_short,19,13,0.44,0
dl_685,15,East_exit,15,11,0.8,0
dl_685,14,East_exit,15,11,0.8,0
dl_685,22,East_exit_short,22,15,0.44,0
dl_685,26,West_exit,26,17,0.8,0
dl_686,4,,,,,
dl_686,20,West_exit_short,20,13,0.44,0
dl_686,19,East_exit_short,19,13,0.44,0
dl_686,14,East_exit,14,10,0.8,0
dl_686,22,East_exit_short,22,15,0.44,0
dl_686,26,West_exit,26,17,0.8,0
dl_687,1,,,,,
dl_687,14,East_exit,16,11,0.8,0
dl_687,17,West_exit,15,10,0.8,0
dl_688,1,,,,,
dl_688,14,East_exit,16,11,0.8,0
dl_688,16,East_exit,16,11,0.8,0
dl_688,17,West_exit,17,11,0.8,0
dl_689,1,,,,,
dl_689,14,East_exit,16,11,0.8,0
dl_689,16,East_exit,16,11,0.8,0
dl_689,20,West_exit,19,12,0.8,0
dl_689,19,West_exit,19,12,0.8,0
dl_690,1,,,,,
dl_690,18,West_exit,18,12,0.8,0
dl_690,20,West_exit,18,12,0.8,0
dl_690,14,East_exit,16,11,0.8,0
dl_690,16,East_exit,16,11,0.8,0
dl_691,1,,,,,
dl_691,20,West_exit,20,13,0.8,0
dl_691,14,East_exit,16,11,0.8,0
dl_691,16,East_exit,16,11,0.8,0
dl_692,1,,,,,
dl_692,14,East_exit,15,11,0.8,0
dl_692,17,West_exit,16,10,0.8,0
dl_693,1,,,,,
dl_693,15,East_exit,15,11,0.8,0
dl_693,14,East_exit,15,11,0.8,0
dl_693,17,West_exit,17,11,0.8,0
dl_694,1,,,,,
dl_694,15,East_exit,15,11,0.8,0
dl_694,14,East_exit,15,11,0.8,0
dl_694,20,West_exit,19,12,0.8,0
dl_694,19,West_exit,19,12,0.8,0
dl_695,1,,,,,
dl_695,15,East_exit,15,11,0.8,0
dl_695,14,East_exit,15,11,0.8,0
dl_695,18,West_exit,18,12,0.8,0
dl_695,20,West_exit,18,12,0.8,0
dl_696,1,,,,,
dl_696,20,West_exit,20,13,0.8,0
dl_696,15,East_exit,15,11,0.8,0
dl_696,14,East_exit,15,11,0.8,0
dl_697,1,,,,,
dl_697,14,East_exit,14,10,0.8,0
dl_697,17,West_exit,16,10,0.8,0
dl_697,16,West_exit,16,10,0.8,0
dl_698,1,,,,,
dl_698,14,East_exit,14,10,0.8,0
dl_698,15,West_exit,15,10,0.8,0
dl_698,17,West_exit,15,10,0.8,0
dl_699,1,,,,,
dl_699,14,East_exit,14,10,0.8,0
dl_699,17,West_exit,17,11,0.8,0
dl_700,1,,,,,
dl_700,14,East_exit,14,10,0.8,0
dl_700,20,West_exit,19,12,0.8,0
dl_700,19,West_exit,19,12,0.8,0
dl_701,1,,,,,
dl_701,14,East_exit,14,10,0.8,0
dl_701,18,West_exit,18,12,0.8,0
dl_701,20,West_exit,18,12,0.8,0
dl_702,1,,,,,
dl_702,14,East_exit,14,10,0.8,0
dl_702,20,West_exit,20,13,0.8,0
dl_703,2,,,,,
dl_703,22,East_exit_short,22,15,0.44,0
dl_703,23,West_exit,21,14,0.8,0
dl_703,14,East_exit,16,11,0.8,0
dl_703,16,East_exit,16,11,0.8,0
dl_704,2,,,,,
dl_704,22,East_exit_short,22,15,0.44,0
dl_704,23,West_exit,21,14,0.8,0
dl_704,15,East_exit,15,11,0.8,0
dl_704,14,East_exit,15,11,0.8,0
dl_705,2,,,,,
dl_705,22,East_exit_short,22,15,0.44,0
dl_705,23,West_exit,21,14,0.8,0
dl_705,14,East_exit,14,10,0.8,0
dl_706,2,,,,,
dl_706,22,East_exit_short,22,15,0.44,0
dl_706,23,West_exit,23,15,0.8,0
dl_706,14,East_exit,16,11,0.8,0
dl_706,16,East_exit,16,11,0.8,0
dl_707,2,,,,,
dl_707,22,East_exit_short,22,15,0.44,0
dl_707,23,West_exit,23,15,0.8,0
dl_707,15,East_exit,15,11,0.8,0
dl_707,14,East_exit,15,11,0.8,0
dl_708,2,,,,,
dl_708,22,East_exit_short,22,15,0.44,0
dl_708,23,West_exit,23,15,0.8,0
dl_708,14,East_exit,14,10,0.8,0
dl_709,2,,,,,
dl_709,11,East_exit,13,9,0.8,0
dl_709,12,West_exit_short,12,8,0.44,0
dl_709,17,West_exit,16,10,0.8,0
dl_709,16,West_exit,16,10,0.8,0
dl_710,2,,,,,
dl_710,11,East_exit,13,9,0.8,0
dl_710,12,West_exit_short,12,8,0.44,0
dl_710,15,West_exit,15,10,0.8,0
dl_710,17,West_exit,15,10,0.8,0
dl_711,2,,,,,
dl_711,11,East_exit,13,9,0.8,0
dl_711,12,West_exit_short,12,8,0.44,0
dl_711,17,West_exit,17,11,0.8,0
dl_712,2,,,,,
dl_712,11,East_exit,13,9,0.8,0
dl_712,12,West_exit_short,12,8,0.44,0
dl_712,20,West_exit,19,12,0.8,0
dl_712,19,West_exit,19,12,0.8,0
dl_713,2,,,,,
dl_713,11,East_exit,13,9,0.8,0
dl_713,12,West_exit_short,12,8,0.44,0
dl_713,18,West_exit,18,12,0.8,0
dl_713,20,West_exit,18,12,0.8,0
dl_714,2,,,,,
dl_714,11,East_exit,13,9,0.8,0
dl_714,12,West_exit_short,12,8,0.44,0
dl_714,20,West_exit,20,13,0.8,0
dl_715,3,,,,,
dl_715,11,East_exit,13,9,0.8,0
dl_715,12,West_exit_short,12,8,0.44,0
dl_715,23,West_exit,21,14,0.8,0
dl_715,22,East_exit_short,22,15,0.44,0
dl_716,3,,,,,
dl_716,11,East_exit,13,9,0.8,0
dl_716,12,West_exit_short,12,8,0.44,0
dl_716,22,East_exit_short,22,15,0.44,0
dl_716,23,West_exit,23,15,0.8,0
dl_717,2,,,,,
dl_717,21,East_exit_short,21,15,0.44,0
dl_717,23,West_exit,22,14,0.8,0
dl_717,14,East_exit,16,11,0.8,0
dl_717,16,East_exit,16,11,0.8,0
dl_718,2,,,,,
dl_718,21,East_exit_short,21,15,0.44,0
dl_718,23,West_exit,22,14,0.8,0
dl_718,15,East_exit,15,11,0.8,0
dl_718,14,East_exit,15,11,0.8,0
dl_719,2,,,,,
dl_719,21,East_exit_short,21,15,0.44,0
dl_719,23,West_exit,22,14,0.8,0
dl_719,14,East_exit,14,10,0.8,0
dl_720,2,,,,,
dl_720,21,East_exit_short,21,15,0.44,0
dl_720,23,West_exit,23,15,0.8,0
dl_720,14,East_exit,16,11,0.8,0
dl_720,16,East_exit,16,11,0.8,0
dl_721,2,,,,,
dl_721,21,East_exit_short,21,15,0.44,0
dl_721,23,West_exit,23,15,0.8,0
dl_721,15,East_exit,15,11,0.8,0
dl_721,14,East_exit,15,11,0.8,0
dl_722,2,,,,,
dl_722,21,East_exit_short,21,15,0.44,0
dl_722,23,West_exit,23,15,0.8,0
dl_722,14,East_exit,14,10,0.8,0
dl_723,3,,,,,
dl_723,11,East_exit,13,9,0.8,0
dl_723,12,West_exit_short,12,8,0.44,0
dl_723,23,West_exit,22,14,0.8,0
dl_723,21,East_exit_short,21,15,0.44,0
dl_724,3,,,,,
dl_724,11,East_exit,13,9,0.8,0
dl_724,21,East_exit_short,21,15,0.44,0
dl_724,12,West_exit_short,12,8,0.44,0
dl_724,23,West_exit,23,15,0.8,0
dl_725,2,,,,,
dl_725,20,East_exit_short,20,14,0.44,0
dl_725,23,West_exit,22,14,0.8,0
dl_725,22,West_exit,22,14,0.8,0
dl_725,14,East_exit,16,11,0.8,0
dl_725,16,East_exit,16,11,0.8,0
dl_726,2,,,,,
dl_726,20,East_exit_short,20,14,0.44,0
dl_726,23,West_exit,22,14,0.8,0
dl_726,22,West_exit,22,14,0.8,0
dl_726,15,East_exit,15,11,0.8,0
dl_726,14,East_exit,15,11,0.8,0
dl_727,2,,,,,
dl_727,20,East_exit_short,20,14,0.44,0
dl_727,23,West_exit,22,14,0.8,0
dl_727,22,West_exit,22,14,0.8,0
dl_727,14,East_exit,14,10,0.8,0
dl_728,2,,,,,
dl_728,20,East_exit_short,20,14,0.44,0
dl_728,21,West_exit,21,14,0.8,0
dl_728,23,West_exit,21,14,0.8,0
dl_728,14,East_exit,16,11,0.8,0
dl_728,16,East_exit,16,11,0.8,0
dl_729,2,,,,,
dl_729,20,East_exit_short,20,14,0.44,0
dl_729,21,West_exit,21,14,0.8,0
dl_729,23,West_exit,21,14,0.8,0
dl_729,15,East_exit,15,11,0.8,0
dl_729,14,East_exit,15,11,0.8,0
dl_730,2,,,,,
dl_730,20,East_exit_short,20,14,0.44,0
dl_730,21,West_exit,21,14,0.8,0
dl_730,23,West_exit,21,14,0.8,0
dl_730,14,East_exit,14,10,0.8,0
dl_731,2,,,,,
dl_731,20,East_exit_short,20,14,0.44,0
dl_731,23,West_exit,23,15,0.8,0
dl_731,14,East_exit,16,11,0.8,0
dl_731,16,East_exit,16,11,0.8,0
dl_732,2,,,,,
dl_732,20,East_exit_short,20,14,0.44,0
dl_732,23,West_exit,23,15,0.8,0
dl_732,15,East_exit,15,11,0.8,0
dl_732,14,East_exit,15,11,0.8,0
dl_733,2,,,,,
dl_733,20,East_exit_short,20,14,0.44,0
dl_733,23,West_exit,23,15,0.8,0
dl_733,14,East_exit,14,10,0.8,0
dl_734,3,,,,,
dl_734,11,East_exit,13,9,0.8,0
dl_734,20,East_exit_short,20,14,0.44,0
dl_734,23,West_exit,22,14,0.8,0
dl_734,22,West_exit,22,14,0.8,0
dl_734,12,West_exit_short,12,8,0.44,0
dl_735,3,,,,,
dl_735,11,East_exit,13,9,0.8,0
dl_735,20,East_exit_short,20,14,0.44,0
dl_735,21,West_exit,21,14,0.8,0
dl_735,23,West_exit,21,14,0.8,0
dl_735,12,West_exit_short,12,8,0.44,0
dl_736,3,,,,,
dl_736,11,East_exit,13,9,0.8,0
dl_736,20,East_exit_short,20,14,0.44,0
dl_736,12,West_exit_short,12,8,0.44,0
dl_736,23,West_exit,23,15,0.8,0
dl_737,3,,,,,
dl_737,22,East_exit_short,22,15,0.44,0
dl_737,26,West_exit,25,16,0.8,0
dl_737,24,East_exit_short,24,17,0.44,0
dl_737,14,East_exit,16,11,0.8,0
dl_737,16,East_exit,16,11,0.8,0
dl_738,3,,,,,
dl_738,22,East_exit_short,22,15,0.44,0
dl_738,26,West_exit,25,16,0.8,0
dl_738,24,East_exit_short,24,17,0.44,0
dl_738,15,East_exit,15,11,0.8,0
dl_738,14,East_exit,15,11,0.8,0
dl_739,3,,,,,
dl_739,22,East_exit_short,22,15,0.44,0
dl_739,26,West_exit,25,16,0.8,0
dl_739,24,East_exit_short,24,17,0.44,0
dl_739,14,East_exit,14,10,0.8,0
dl_740,4,,,,,
dl_740,11,East_exit,13,9,0.8,0
dl_740,12,West_exit_short,12,8,0.44,0
dl_740,22,East_exit_short,22,15,0.44,0
dl_740,26,West_exit,25,16,0.8,0
dl_740,24,East_exit_short,24,17,0.44,0
dl_741,3,,,,,
dl_741,21,East_exit_short,21,15,0.44,0
dl_741,26,West_exit,25,16,0.8,0
dl_741,24,East_exit_short,24,17,0.44,0
dl_741,14,East_exit,16,11,0.8,0
dl_741,16,East_exit,16,11,0.8,0
dl_742,3,,,,,
dl_742,21,East_exit_short,21,15,0.44,0
dl_742,26,West_exit,25,16,0.8,0
dl_742,24,East_exit_short,24,17,0.44,0
dl_742,15,East_exit,15,11,0.8,0
dl_742,14,East_exit,15,11,0.8,0
dl_743,3,,,,,
dl_743,21,East_exit_short,21,15,0.44,0
dl_743,26,West_exit,25,16,0.8,0
dl_743,24,East_exit_short,24,17,0.44,0
dl_743,14,East_exit,14,10,0.8,0
dl_744,4,,,,,
dl_744,11,East_exit,13,9,0.8,0
dl_744,21,East_exit_short,21,15,0.44,0
dl_744,12,West_exit_short,12,8,0.44,0
dl_744,26,West_exit,25,16,0.8,0
dl_744,24,East_exit_short,24,17,0.44,0
dl_745,3,,,,,
dl_745,20,East_exit_short,20,14,0.44,0
dl_745,26,West_exit,25,16,0.8,0
dl_745,24,East_exit_short,24,17,0.44,0
dl_745,14,East_exit,16,11,0.8,0
dl_745,16,East_exit,16,11,0.8,0
dl_746,3,,,,,
dl_746,20,East_exit_short,20,14,0.44,0
dl_746,26,West_exit,25,16,0.8,0
dl_746,24,East_exit_short,24,17,0.44,0
dl_746,15,East_exit,15,11,0.8,0
dl_746,14,East_exit,15,11,0.8,0
dl_747,3,,,,,
dl_747,20,East_exit_short,20,14,0.44,0
dl_747,26,West_exit,25,16,0.8,0
dl_747,24,East_exit_short,24,17,0.44,0
dl_747,14,East_exit,14,10,0.8,0
dl_748,4,,,,,
dl_748,11,East_exit,13,9,0.8,0
dl_748,20,East_exit_short,20,14,0.44,0
dl_748,12,West_exit_short,12,8,0.44,0
dl_748,26,West_exit,25,16,0.8,0
dl_748,24,East_exit_short,24,17,0.44,0
dl_749,2,,,,,
dl_749,14,West_exit_short,14,9,0.44,0
dl_749,11,East_exit,13,9,0.8,0
dl_749,13,East_exit,13,9,0.8,0
dl_749,17,West_exit,16,10,0.8,0
dl_749,16,West_exit,16,10,0.8,0
dl_750,2,,,,,
dl_750,14,West_exit_short,14,9,0.44,0
dl_750,11,East_exit,13,9,0.8,0
dl_750,13,East_exit,13,9,0.8,0
dl_750,15,West_exit,15,10,0.8,0
dl_750,17,West_exit,15,10,0.8,0
dl_751,2,,,,,
dl_751,14,West_exit_short,14,9,0.44,0
dl_751,11,East_exit,13,9,0.8,0
dl_751,13,East_exit,13,9,0.8,0
dl_751,17,West_exit,17,11,0.8,0
dl_752,2,,,,,
dl_752,14,West_exit_short,14,9,0.44,0
dl_752,11,East_exit,13,9,0.8,0
dl_752,13,East_exit,13,9,0.8,0
dl_752,20,West_exit,19,12,0.8,0
dl_752,19,West_exit,19,12,0.8,0
dl_753,2,,,,,
dl_753,14,West_exit_short,14,9,0.44,0
dl_753,11,East_exit,13,9,0.8,0
dl_753,13,East_exit,13,9,0.8,0
dl_753,18,West_exit,18,12,0.8,0
dl_753,20,West_exit,18,12,0.8,0
dl_754,2,,,,,
dl_754,14,West_exit_short,14,9,0.44,0
dl_754,11,East_exit,13,9,0.8,0
dl_754,13,East_exit,13,9,0.8,0
dl_754,20,West_exit,20,13,0.8,0
dl_755,3,,,,,
dl_755,23,West_exit,21,14,0.8,0
dl_755,14,West_exit_short,14,9,0.44,0
dl_755,11,East_exit,13,9,0.8,0
dl_755,13,East_exit,13,9,0.8,0
dl_755,22,East_exit_short,22,15,0.44,0
dl_756,3,,,,,
dl_756,14,West_exit_short,14,9,0.44,0
dl_756,11,East_exit,13,9,0.8,0
dl_756,13,East_exit,13,9,0.8,0
dl_756,22,East_exit_short,22,15,0.44,0
dl_756,23,West_exit,23,15,0.8,0
dl_757,3,,,,,
dl_757,23,West_exit,22,14,0.8,0
dl_757,14,West_exit_short,14,9,0.44,0
dl_757,11,East_exit,13,9,0.8,0
dl_757,13,East_exit,13,9,0.8,0
dl_757,21,East_exit_short,21,15,0.44,0
dl_758,3,,,,,
dl_758,21,East_exit_short,21,15,0.44,0
dl_758,14,West_exit_short,14,9,0.44,0
dl_758,11,East_exit,13,9,0.8,0
dl_758,13,East_exit,13,9,0.8,0
dl_758,23,West_exit,23,15,0.8,0
dl_759,3,,,,,
dl_759,20,East_exit_short,20,14,0.44,0
dl_759,23,West_exit,22,14,0.8,0
dl_759,22,West_exit,22,14,0.8,0
dl_759,14,West_exit_short,14,9,0.44,0
dl_759,11,East_exit,13,9,0.8,0
dl_759,13,East_exit,13,9,0.8,0
dl_760,3,,,,,
dl_760,20,East_exit_short,20,14,0.44,0
dl_760,21,West_exit,21,14,0.8,0
dl_760,23,West_exit,21,14,0.8,0
dl_760,14,West_exit_short,14,9,0.44,0
dl_760,11,East_exit,13,9,0.8,0
dl_760,13,East_exit,13,9,0.8,0
dl_761,3,,,,,
dl_761,20,East_exit_short,20,14,0.44,0
dl_761,14,West_exit_short,14,9,0.44,0
dl_761,11,East_exit,13,9,0.8,0
dl_761,13,East_exit,13,9,0.8,0
dl_761,23,West_exit,23,15,0.8,0
dl_762,4,,,,,
dl_762,14,West_exit_short,14,9,0.44,0
dl_762,11,East_exit,13,9,0.8,0
dl_762,13,East_exit,13,9,0.8,0
dl_762,22,East_exit_short,22,15,0.44,0
dl_762,26,West_exit,25,16,0.8,0
dl_762,24,East_exit_short,24,17,0.44,0
dl_763,4,,,,,
dl_763,21,East_exit_short,21,15,0.44,0
dl_763,14,West_exit_short,14,9,0.44,0
dl_763,11,East_exit,13,9,0.8,0
dl_763,13,East_exit,13,9,0.8,0
dl_763,26,West_exit,25,16,0.8,0
dl_763,24,East_exit_short,24,17,0.44,0
dl_764,4,,,,,
dl_764,20,East_exit_short,20,14,0.44,0
dl_764,14,West_exit_short,14,9,0.44,0
dl_764,11,East_exit,13,9,0.8,0
dl_764,13,East_exit,13,9,0.8,0
dl_764,26,West_exit,25,16,0.8,0
dl_764,24,East_exit_short,24,17,0.44,0
dl_765,3,,,,,
dl_765,22,East_exit_short,22,15,0.44,0
dl_765,23,East_exit_short,23,16,0.44,0
dl_765,26,West_exit,25,16,0.8,0
dl_765,25,West_exit,25,16,0.8,0
dl_765,14,East_exit,16,11,0.8,0
dl_765,16,East_exit,16,11,0.8,0
dl_766,3,,,,,
dl_766,22,East_exit_short,22,15,0.44,0
dl_766,23,East_exit_short,23,16,0.44,0
dl_766,26,West_exit,25,16,0.8,0
dl_766,25,West_exit,25,16,0.8,0
dl_766,15,East_exit,15,11,0.8,0
dl_766,14,East_exit,15,11,0.8,0
dl_767,3,,,,,
dl_767,22,East_exit_short,22,15,0.44,0
dl_767,23,East_exit_short,23,16,0.44,0
dl_767,26,West_exit,25,16,0.8,0
dl_767,25,West_exit,25,16,0.8,0
dl_767,14,East_exit,14,10,0.8,0
dl_768,4,,,,,
dl_768,11,East_exit,13,9,0.8,0
dl_768,23,East_exit_short,23,16,0.44,0
dl_768,26,West_exit,25,16,0.8,0
dl_768,25,West_exit,25,16,0.8,0
dl_768,12,West_exit_short,12,8,0.44,0
dl_768,22,East_exit_short,22,15,0.44,0
dl_769,3,,,,,
dl_769,21,East_exit_short,21,15,0.44,0
dl_769,23,East_exit_short,23,16,0.44,0
dl_769,26,West_exit,25,16,0.8,0
dl_769,25,West_exit,25,16,0.8,0
dl_769,14,East_exit,16,11,0.8,0
dl_769,16,East_exit,16,11,0.8,0
dl_770,3,,,,,
dl_770,21,East_exit_short,21,15,0.44,0
dl_770,23,East_exit_short,23,16,0.44,0
dl_770,26,West_exit,25,16,0.8,0
dl_770,25,West_exit,25,16,0.8,0
dl_770,15,East_exit,15,11,0.8,0
dl_770,14,East_exit,15,11,0.8,0
dl_771,3,,,,,
dl_771,21,East_exit_short,21,15,0.44,0
dl_771,23,East_exit_short,23,16,0.44,0
dl_771,26,West_exit,25,16,0.8,0
dl_771,25,West_exit,25,16,0.8,0
dl_771,14,East_exit,14,10,0.8,0
dl_772,4,,,,,
dl_772,11,East_exit,13,9,0.8,0
dl_772,23,East_exit_short,23,16,0.44,0
dl_772,26,West_exit,25,16,0.8,0
dl_772,25,West_exit,25,16,0.8,0
dl_772,21,East_exit_short,21,15,0.44,0
dl_772,12,West_exit_short,12,8,0.44,0
dl_773,3,,,,,
dl_773,20,East_exit_short,20,14,0.44,0
dl_773,23,East_exit_short,23,16,0.44,0
dl_773,26,West_exit,25,16,0.8,0
dl_773,25,West_exit,25,16,0.8,0
dl_773,14,East_exit,16,11,0.8,0
dl_773,16,East_exit,16,11,0.8,0
dl_774,3,,,,,
dl_774,20,East_exit_short,20,14,0.44,0
dl_774,23,East_exit_short,23,16,0.44,0
dl_774,26,West_exit,25,16,0.8,0
dl_774,25,West_exit,25,16,0.8,0
dl_774,15,East_exit,15,11,0.8,0
dl_774,14,East_exit,15,11,0.8,0
dl_775,3,,,,,
dl_775,20,East_exit_short,20,14,0.44,0
dl_775,23,East_exit_short,23,16,0.44,0
dl_775,26,West_exit,25,16,0.8,0
dl_775,25,West_exit,25,16,0.8,0
dl_775,14,East_exit,14,10,0.8,0
dl_776,4,,,,,
dl_776,11,East_exit,13,9,0.8,0
dl_776,23,East_exit_short,23,16,0.44,0
dl_776,26,West_exit,25,16,0.8,0
dl_776,25,West_exit,25,16,0.8,0
dl_776,20,East_exit_short,20,14,0.44,0
dl_776,12,West_exit_short,12,8,0.44,0
dl_777,4,,,,,
dl_777,23,East_exit_short,23,16,0.44,0
dl_777,26,West_exit,25,16,0.8,0
dl_777,25,West_exit,25,16,0.8,0
dl_777,14,West_exit_short,14,9,0.44,0
dl_777,11,East_exit,13,9,0.8,0
dl_777,13,East_exit,13,9,0.8,0
dl_777,22,East_exit_short,22,15,0.44,0
dl_778,4,,,,,
dl_778,23,East_exit_short,23,16,0.44,0
dl_778,26,West_exit,25,16,0.8,0
dl_778,25,West_exit,25,16,0.8,0
dl_778,21,East_exit_short,21,15,0.44,0
dl_778,14,West_exit_short,14,9,0.44,0
dl_778,11,East_exit,13,9,0.8,0
dl_778,13,East_exit,13,9,0.8,0
dl_779,4,,,,,
dl_779,23,East_exit_short,23,16,0.44,0
dl_779,26,West_exit,25,16,0.8,0
dl_779,25,West_exit,25,16,0.8,0
dl_779,14,West_exit_short,14,9,0.44,0
dl_779,11,East_exit,13,9,0.8,0
dl_779,13,East_exit,13,9,0.8,0
dl_779,20,East_exit_short,20,14,0.44,0
dl_780,2,,,,,
dl_780,16,West_exit_short,16,10,0.44,0
dl_780,11,East_exit,13,9,0.8,0
dl_780,13,East_exit,13,9,0.8,0
dl_780,20,West_exit,19,12,0.8,0
dl_780,19,West_exit,19,12,0.8,0
dl_781,2,,,,,
dl_781,16,West_exit_short,16,10,0.44,0
dl_781,11,East_exit,13,9,0.8,0
dl_781,13,East_exit,13,9,0.8,0
dl_781,18,West_exit,18,12,0.8,0
dl_781,20,West_exit,18,12,0.8,0
dl_782,2,,,,,
dl_782,16,West_exit_short,16,10,0.44,0
dl_782,11,East_exit,13,9,0.8,0
dl_782,13,East_exit,13,9,0.8,0
dl_782,20,West_exit,20,13,0.8,0
dl_783,3,,,,,
dl_783,23,West_exit,21,14,0.8,0
dl_783,16,West_exit_short,16,10,0.44,0
dl_783,11,East_exit,13,9,0.8,0
dl_783,13,East_exit,13,9,0.8,0
dl_783,22,East_exit_short,22,15,0.44,0
dl_784,3,,,,,
dl_784,16,West_exit_short,16,10,0.44,0
dl_784,11,East_exit,13,9,0.8,0
dl_784,13,East_exit,13,9,0.8,0
dl_784,22,East_exit_short,22,15,0.44,0
dl_784,23,West_exit,23,15,0.8,0
dl_785,3,,,,,
dl_785,23,West_exit,22,14,0.8,0
dl_785,16,West_exit_short,16,10,0.44,0
dl_785,11,East_exit,13,9,0.8,0
dl_785,13,East_exit,13,9,0.8,0
dl_785,21,East_exit_short,21,15,0.44,0
dl_786,3,,,,,
dl_786,21,East_exit_short,21,15,0.44,0
dl_786,11,East_exit,13,9,0.8,0
dl_786,13,East_exit,13,9,0.8,0
dl_786,23,West_exit,23,15,0.8,0
dl_786,16,West_exit_short,16,10,0.44,0
dl_787,3,,,,,
dl_787,20,East_exit_short,20,14,0.44,0
dl_787,23,West_exit,22,14,0.8,0
dl_787,22,West_exit,22,14,0.8,0
dl_787,11,East_exit,13,9,0.8,0
dl_787,13,East_exit,13,9,0.8,0
dl_787,16,West_exit_short,16,10,0.44,0
dl_788,3,,,,,
dl_788,20,East_exit_short,20,14,0.44,0
dl_788,21,West_exit,21,14,0.8,0
dl_788,23,West_exit,21,14,0.8,0
dl_788,11,East_exit,13,9,0.8,0
dl_788,13,East_exit,13,9,0.8,0
dl_788,16,West_exit_short,16,10,0.44,0
dl_789,3,,,,,
dl_789,20,East_exit_short,20,14,0.44,0
dl_789,11,East_exit,13,9,0.8,0
dl_789,13,East_exit,13,9,0.8,0
dl_789,23,West_exit,23,15,0.8,0
dl_789,16,West_exit_short,16,10,0.44,0
dl_790,4,,,,,
dl_790,16,West_exit_short,16,10,0.44,0
dl_790,11,East_exit,13,9,0.8,0
dl_790,13,East_exit,13,9,0.8,0
dl_790,22,East_exit_short,22,15,0.44,0
dl_790,26,West_exit,25,16,0.8,0
dl_790,24,East_exit_short,24,17,0.44,0
dl_791,4,,,,,
dl_791,21,East_exit_short,21,15,0.44,0
dl_791,11,East_exit,13,9,0.8,0
dl_791,13,East_exit,13,9,0.8,0
dl_791,26,West_exit,25,16,0.8,0
dl_791,24,East_exit_short,24,17,0.44,0
dl_791,16,West_exit_short,16,10,0.44,0
dl_792,4,,,,,
dl_792,20,East_exit_short,20,14,0.44,0
dl_792,11,East_exit,13,9,0.8,0
dl_792,13,East_exit,13,9,0.8,0
dl_792,26,West_exit,25,16,0.8,0
dl_792,24,East_exit_short,24,17,0.44,0
dl_792,16,West_exit_short,16,10,0.44,0
dl_793,4,,,,,
dl_793,23,East_exit_short,23,16,0.44,0
dl_793,26,West_exit,25,16,0.8,0
dl_793,25,West_exit,25,16,0.8,0
dl_793,11,East_exit,13,9,0.8,0
dl_793,13,East_exit,13,9,0.8,0
dl_793,22,East_exit_short,22,15,0.44,0
dl_793,16,West_exit_short,16,10,0.44,0
dl_794,4,,,,,
dl_794,23,East_exit_short,23,16,0.44,0
dl_794,26,West_exit,25,16,0.8,0
dl_794,25,West_exit,25,16,0.8,0
dl_794,21,East_exit_short,21,15,0.44,0
dl_794,11,East_exit,13,9,0.8,0
dl_794,13,East_exit,13,9,0.8,0
dl_794,16,West_exit_short,16,10,0.44,0
dl_795,4,,,,,
dl_795,23,East_exit_short,23,16,0.44,0
dl_795,26,West_exit,25,16,0.8,0
dl_795,25,West_exit,25,16,0.8,0
dl_795,11,East_exit,13,9,0.8,0
dl_795,13,East_exit,13,9,0.8,0
dl_795,20,East_exit_short,20,14,0.44,0
dl_795,16,West_exit_short,16,10,0.44,0
dl_796,2,,,,,
dl_796,15,West_exit_short,15,10,0.44,0
dl_796,11,East_exit,13,9,0.8,0
dl_796,13,East_exit,13,9,0.8,0
dl_796,20,West_exit,19,12,0.8,0
dl_796,19,West_exit,19,12,0.8,0
dl_797,2,,,,,
dl_797,15,West_exit_short,15,10,0.44,0
dl_797,11,East_exit,13,9,0.8,0
dl_797,13,East_exit,13,9,0.8,0
dl_797,18,West_exit,18,12,0.8,0
dl_797,20,West_exit,18,12,0.8,0
dl_798,2,,,,,
dl_798,15,West_exit_short,15,10,0.44,0
dl_798,11,East_exit,13,9,0.8,0
dl_798,13,East_exit,13,9,0.8,0
dl_798,20,West_exit,20,13,0.8,0
dl_799,3,,,,,
dl_799,23,West_exit,21,14,0.8,0
dl_799,11,East_exit,13,9,0.8,0
dl_799,13,East_exit,13,9,0.8,0
dl_799,22,East_exit_short,22,15,0.44,0
dl_799,15,West_exit_short,15,10,0.44,0
dl_800,3,,,,,
dl_800,15,West_exit_short,15,10,0.44,0
dl_800,11,East_exit,13,9,0.8,0
dl_800,13,East_exit,13,9,0.8,0
dl_800,22,East_exit_short,22,15,0.44,0
dl_800,23,West_exit,23,15,0.8,0
dl_801,3,,,,,
dl_801,23,West_exit,22,14,0.8,0
dl_801,11,East_exit,13,9,0.8,0
dl_801,13,East_exit,13,9,0.8,0
dl_801,21,East_exit_short,21,15,0.44,0
dl_801,15,West_exit_short,15,10,0.44,0
dl_802,3,,,,,
dl_802,21,East_exit_short,21,15,0.44,0
dl_802,11,East_exit,13,9,0.8,0
dl_802,13,East_exit,13,9,0.8,0
dl_802,23,West_exit,23,15,0.8,0
dl_802,15,West_exit_short,15,10,0.44,0
dl_803,3,,,,,
dl_803,20,East_exit_short,20,14,0.44,0
dl_803,23,West_exit,22,14,0.8,0
dl_803,22,West_exit,22,14,0.8,0
dl_803,11,East_exit,13,9,0.8,0
dl_803,13,East_exit,13,9,0.8,0
dl_803,15,West_exit_short,15,10,0.44,0
dl_804,3,,,,,
dl_804,20,East_exit_short,20,14,0.44,0
dl_804,21,West_exit,21,14,0.8,0
dl_804,23,West_exit,21,14,0.8,0
dl_804,11,East_exit,13,9,0.8,0
dl_804,13,East_exit,13,9,0.8,0
dl_804,15,West_exit_short,15,10,0.44,0
dl_805,3,,,,,
dl_805,20,East_exit_short,20,14,0.44,0
dl_805,11,East_exit,13,9,0.8,0
dl_805,13,East_exit,13,9,0.8,0
dl_805,23,West_exit,23,15,0.8,0
dl_805,15,West_exit_short,15,10,0.44,0
dl_806,4,,,,,
dl_806,26,West_exit,25,16,0.8,0
dl_806,24,East_exit_short,24,17,0.44,0
dl_806,11,East_exit,13,9,0.8,0
dl_806,13,East_exit,13,9,0.8,0
dl_806,22,East_exit_short,22,15,0.44,0
dl_806,15,West_exit_short,15,10,0.44,0
dl_807,4,,,,,
dl_807,21,East_exit_short,21,15,0.44,0
dl_807,11,East_exit,13,9,0.8,0
dl_807,13,East_exit,13,9,0.8,0
dl_807,26,West_exit,25,16,0.8,0
dl_807,24,East_exit_short,24,17,0.44,0
dl_807,15,West_exit_short,15,10,0.44,0
dl_808,4,,,,,
dl_808,20,East_exit_short,20,14,0.44,0
dl_808,11,East_exit,13,9,0.8,0
dl_808,13,East_exit,13,9,0.8,0
dl_808,26,West_exit,25,16,0.8,0
dl_808,24,East_exit_short,24,17,0.44,0
dl_808,15,West_exit_short,15,10,0.44,0
dl_809,4,,,,,
dl_809,23,East_exit_short,23,16,0.44,0
dl_809,26,West_exit,25,16,0.8,0
dl_809,25,West_exit,25,16,0.8,0
dl_809,11,East_exit,13,9,0.8,0
dl_809,13,East_exit,13,9,0.8,0
dl_809,22,East_exit_short,22,15,0.44,0
dl_809,15,West_exit_short,15,10,0.44,0
dl_810,4,,,,,
dl_810,23,East_exit_short,23,16,0.44,0
dl_810,26,West_exit,25,16,0.8,0
dl_810,25,West_exit,25,16,0.8,0
dl_810,21,East_exit_short,21,15,0.44,0
dl_810,11,East_exit,13,9,0.8,0
dl_810,13,East_exit,13,9,0.8,0
dl_810,15,West_exit_short,15,10,0.44,0
dl_811,4,,,,,
dl_811,23,East_exit_short,23,16,0.44,0
dl_811,26,West_exit,25,16,0.8,0
dl_811,25,West_exit,25,16,0.8,0
dl_811,11,East_exit,13,9,0.8,0
dl_811,13,East_exit,13,9,0.8,0
dl_811,20,East_exit_short,20,14,0.44,0
dl_811,15,West_exit_short,15,10,0.44,0
dl_812,2,,,,,
dl_812,17,West_exit_short,17,11,0.44,0
dl_812,11,East_exit,13,9,0.8,0
dl_812,13,East_exit,13,9,0.8,0
dl_812,20,West_exit,19,12,0.8,0
dl_812,19,West_exit,19,12,0.8,0
dl_813,2,,,,,
dl_813,17,West_exit_short,17,11,0.44,0
dl_813,11,East_exit,13,9,0.8,0
dl_813,13,East_exit,13,9,0.8,0
dl_813,18,West_exit,18,12,0.8,0
dl_813,20,West_exit,18,12,0.8,0
dl_814,2,,,,,
dl_814,17,West_exit_short,17,11,0.44,0
dl_814,11,East_exit,13,9,0.8,0
dl_814,13,East_exit,13,9,0.8,0
dl_814,20,West_exit,20,13,0.8,0
dl_815,3,,,,,
dl_815,23,West_exit,21,14,0.8,0
dl_815,11,East_exit,13,9,0.8,0
dl_815,13,East_exit,13,9,0.8,0
dl_815,22,East_exit_short,22,15,0.44,0
dl_815,17,West_exit_short,17,11,0.44,0
dl_816,3,,,,,
dl_816,17,West_exit_short,17,11,0.44,0
dl_816,11,East_exit,13,9,0.8,0
dl_816,13,East_exit,13,9,0.8,0
dl_816,22,East_exit_short,22,15,0.44,0
dl_816,23,West_exit,23,15,0.8,0
dl_817,3,,,,,
dl_817,23,West_exit,22,14,0.8,0
dl_817,11,East_exit,13,9,0.8,0
dl_817,13,East_exit,13,9,0.8,0
dl_817,21,East_exit_short,21,15,0.44,0
dl_817,17,West_exit_short,17,11,0.44,0
dl_818,3,,,,,
dl_818,21,East_exit_short,21,15,0.44,0
dl_818,11,East_exit,13,9,0.8,0
dl_818,13,East_exit,13,9,0.8,0
dl_818,23,West_exit,23,15,0.8,0
dl_818,17,West_exit_short,17,11,0.44,0
dl_819,3,,,,,
dl_819,20,East_exit_short,20,14,0.44,0
dl_819,23,West_exit,22,14,0.8,0
dl_819,22,West_exit,22,14,0.8,0
dl_819,11,East_exit,13,9,0.8,0
dl_819,13,East_exit,13,9,0.8,0
dl_819,17,West_exit_short,17,11,0.44,0
dl_820,3,,,,,
dl_820,20,East_exit_short,20,14,0.44,0
dl_820,21,West_exit,21,14,0.8,0
dl_820,23,West_exit,21,14,0.8,0
dl_820,11,East_exit,13,9,0.8,0
dl_820,13,East_exit,13,9,0.8,0
dl_820,17,West_exit_short,17,11,0.44,0
dl_821,3,,,,,
dl_821,20,East_exit_short,20,14,0.44,0
dl_821,11,East_exit,13,9,0.8,0
dl_821,13,East_exit,13,9,0.8,0
dl_821,23,West_exit,23,15,0.8,0
dl_821,17,West_exit_short,17,11,0.44,0
dl_822,4,,,,,
dl_822,17,West_exit_short,17,11,0.44,0
dl_822,11,East_exit,13,9,0.8,0
dl_822,13,East_exit,13,9,0.8,0
dl_822,22,East_exit_short,22,15,0.44,0
dl_822,26,West_exit,25,16,0.8,0
dl_822,24,East_exit_short,24,17,0.44,0
dl_823,4,,,,,
dl_823,21,East_exit_short,21,15,0.44,0
dl_823,11,East_exit,13,9,0.8,0
dl_823,13,East_exit,13,9,0.8,0
dl_823,26,West_exit,25,16,0.8,0
dl_823,24,East_exit_short,24,17,0.44,0
dl_823,17,West_exit_short,17,11,0.44,0
dl_824,4,,,,,
dl_824,20,East_exit_short,20,14,0.44,0
dl_824,11,East_exit,13,9,0.8,0
dl_824,13,East_exit,13,9,0.8,0
dl_824,26,West_exit,25,16,0.8,0
dl_824,24,East_exit_short,24,17,0.44,0
dl_824,17,West_exit_short,17,11,0.44,0
dl_825,4,,,,,
dl_825,23,East_exit_short,23,16,0.44,0
dl_825,26,West_exit,25,16,0.8,0
dl_825,25,West_exit,25,16,0.8,0
dl_825,11,East_exit,13,9,0.8,0
dl_825,13,East_exit,13,9,0.8,0
dl_825,22,East_exit_short,22,15,0.44,0
dl_825,17,West_exit_short,17,11,0.44,0
dl_826,4,,,,,
dl_826,23,East_exit_short,23,16,0.44,0
dl_826,26,West_exit,25,16,0.8,0
dl_826,25,West_exit,25,16,0.8,0
dl_826,21,East_exit_short,21,15,0.44,0
dl_826,11,East_exit,13,9,0.8,0
dl_826,13,East_exit,13,9,0.8,0
dl_826,17,West_exit_short,17,11,0.44,0
dl_827,4,,,,,
dl_827,23,East_exit_short,23,16,0.44,0
dl_827,26,West_exit,25,16,0.8,0
dl_827,25,West_exit,25,16,0.8,0
dl_827,11,East_exit,13,9,0.8,0
dl_827,13,East_exit,13,9,0.8,0
dl_827,20,East_exit_short,20,14,0.44,0
dl_827,17,West_exit_short,17,11,0.44,0
dl_828,2,,,,,
dl_828,19,East_exit_short,19,13,0.44,0
dl_828,14,East_exit,16,11,0.8,0
dl_828,16,East_exit,16,11,0.8,0
dl_828,23,West_exit,22,14,0.8,0
dl_828,22,West_exit,22,14,0.8,0
dl_829,2,,,,,
dl_829,19,East_exit_short,19,13,0.44,0
dl_829,15,East_exit,15,11,0.8,0
dl_829,14,East_exit,15,11,0.8,0
dl_829,23,West_exit,22,14,0.8,0
dl_829,22,West_exit,22,14,0.8,0
dl_830,2,,,,,
dl_830,19,East_exit_short,19,13,0.44,0
dl_830,23,West_exit,22,14,0.8,0
dl_830,22,West_exit,22,14,0.8,0
dl_830,14,East_exit,14,10,0.8,0
dl_831,2,,,,,
dl_831,19,East_exit_short,19,13,0.44,0
dl_831,14,East_exit,16,11,0.8,0
dl_831,16,East_exit,16,11,0.8,0
dl_831,21,West_exit,21,14,0.8,0
dl_831,23,West_exit,21,14,0.8,0
dl_832,2,,,,,
dl_832,19,East_exit_short,19,13,0.44,0
dl_832,15,East_exit,15,11,0.8,0
dl_832,14,East_exit,15,11,0.8,0
dl_832,21,West_exit,21,14,0.8,0
dl_832,23,West_exit,21,14,0.8,0
dl_833,2,,,,,
dl_833,19,East_exit_short,19,13,0.44,0
dl_833,21,West_exit,21,14,0.8,0
dl_833,23,West_exit,21,14,0.8,0
dl_833,14,East_exit,14,10,0.8,0
dl_834,2,,,,,
dl_834,19,East_exit_short,19,13,0.44,0
dl_834,14,East_exit,16,11,0.8,0
dl_834,16,East_exit,16,11,0.8,0
dl_834,23,West_exit,23,15,0.8,0
dl_835,2,,,,,
dl_835,19,East_exit_short,19,13,0.44,0
dl_835,15,East_exit,15,11,0.8,0
dl_835,14,East_exit,15,11,0.8,0
dl_835,23,West_exit,23,15,0.8,0
dl_836,2,,,,,
dl_836,19,East_exit_short,19,13,0.44,0
dl_836,23,West_exit,23,15,0.8,0
dl_836,14,East_exit,14,10,0.8,0
dl_837,3,,,,,
dl_837,11,East_exit,13,9,0.8,0
dl_837,12,West_exit_short,12,8,0.44,0
dl_837,19,East_exit_short,19,13,0.44,0
dl_837,23,West_exit,22,14,0.8,0
dl_837,22,West_exit,22,14,0.8,0
dl_838,3,,,,,
dl_838,11,East_exit,13,9,0.8,0
dl_838,12,West_exit_short,12,8,0.44,0
dl_838,19,East_exit_short,19,13,0.44,0
dl_838,21,West_exit,21,14,0.8,0
dl_838,23,West_exit,21,14,0.8,0
dl_839,3,,,,,
dl_839,11,East_exit,13,9,0.8,0
dl_839,12,West_exit_short,12,8,0.44,0
dl_839,19,East_exit_short,19,13,0.44,0
dl_839,23,West_exit,23,15,0.8,0
dl_840,3,,,,,
dl_840,26,West_exit,25,16,0.8,0
dl_840,19,East_exit_short,19,13,0.44,0
dl_840,14,East_exit,16,11,0.8,0
dl_840,16,East_exit,16,11,0.8,0
dl_840,24,East_exit_short,24,17,0.44,0
dl_841,3,,,,,
dl_841,26,West_exit,25,16,0.8,0
dl_841,19,East_exit_short,19,13,0.44,0
dl_841,15,East_exit,15,11,0.8,0
dl_841,14,East_exit,15,11,0.8,0
dl_841,24,East_exit_short,24,17,0.44,0
dl_842,3,,,,,
dl_842,26,West_exit,25,16,0.8,0
dl_842,19,East_exit_short,19,13,0.44,0
dl_842,24,East_exit_short,24,17,0.44,0
dl_842,14,East_exit,14,10,0.8,0
dl_843,4,,,,,
dl_843,26,West_exit,25,16,0.8,0
dl_843,11,East_exit,13,9,0.8,0
dl_843,12,West_exit_short,12,8,0.44,0
dl_843,19,East_exit_short,19,13,0.44,0
dl_843,24,East_exit_short,24,17,0.44,0
dl_844,3,,,,,
dl_844,14,West_exit_short,14,9,0.44,0
dl_844,11,East_exit,13,9,0.8,0
dl_844,13,East_exit,13,9,0.8,0
dl_844,19,East_exit_short,19,13,0.44,0
dl_844,23,West_exit,22,14,0.8,0
dl_844,22,West_exit,22,14,0.8,0
dl_845,3,,,,,
dl_845,14,West_exit_short,14,9,0.44,0
dl_845,11,East_exit,13,9,0.8,0
dl_845,13,East_exit,13,9,0.8,0
dl_845,19,East_exit_short,19,13,0.44,0
dl_845,21,West_exit,21,14,0.8,0
dl_845,23,West_exit,21,14,0.8,0
dl_846,3,,,,,
dl_846,14,West_exit_short,14,9,0.44,0
dl_846,11,East_exit,13,9,0.8,0
dl_846,13,East_exit,13,9,0.8,0
dl_846,19,East_exit_short,19,13,0.44,0
dl_846,23,West_exit,23,15,0.8,0
dl_847,4,,,,,
dl_847,26,West_exit,25,16,0.8,0
dl_847,14,West_exit_short,14,9,0.44,0
dl_847,11,East_exit,13,9,0.8,0
dl_847,13,East_exit,13,9,0.8,0
dl_847,19,East_exit_short,19,13,0.44,0
dl_847,24,East_exit_short,24,17,0.44,0
dl_848,3,,,,,
dl_848,19,East_exit_short,19,13,0.44,0
dl_848,23,East_exit_short,23,16,0.44,0
dl_848,26,West_exit,25,16,0.8,0
dl_848,25,West_exit,25,16,0.8,0
dl_848,14,East_exit,16,11,0.8,0
dl_848,16,East_exit,16,11,0.8,0
dl_849,3,,,,,
dl_849,19,East_exit_short,19,13,0.44,0
dl_849,23,East_exit_short,23,16,0.44,0
dl_849,26,West_exit,25,16,0.8,0
dl_849,25,West_exit,25,16,0.8,0
dl_849,15,East_exit,15,11,0.8,0
dl_849,14,East_exit,15,11,0.8,0
dl_850,3,,,,,
dl_850,19,East_exit_short,19,13,0.44,0
dl_850,23,East_exit_short,23,16,0.44,0
dl_850,26,West_exit,25,16,0.8,0
dl_850,25,West_exit,25,16,0.8,0
dl_850,14,East_exit,14,10,0.8,0
dl_851,4,,,,,
dl_851,11,East_exit,13,9,0.8,0
dl_851,23,East_exit_short,23,16,0.44,0
dl_851,26,West_exit,25,16,0.8,0
dl_851,25,West_exit,25,16,0.8,0
dl_851,12,West_exit_short,12,8,0.44,0
dl_851,19,East_exit_short,19,13,0.44,0
dl_852,4,,,,,
dl_852,14,West_exit_short,14,9,0.44,0
dl_852,11,East_exit,13,9,0.8,0
dl_852,13,East_exit,13,9,0.8,0
dl_852,23,East_exit_short,23,16,0.44,0
dl_852,26,West_exit,25,16,0.8,0
dl_852,25,West_exit,25,16,0.8,0
dl_852,19,East_exit_short,19,13,0.44,0
dl_853,3,,,,,
dl_853,16,West_exit_short,16,10,0.44,0
dl_853,19,East_exit_short,19,13,0.44,0
dl_853,23,West_exit,22,14,0.8,0
dl_853,22,West_exit,22,14,0.8,0
dl_853,11,East_exit,13,9,0.8,0
dl_853,13,East_exit,13,9,0.8,0
dl_854,3,,,,,
dl_854,16,West_exit_short,16,10,0.44,0
dl_854,19,East_exit_short,19,13,0.44,0
dl_854,21,West_exit,21,14,0.8,0
dl_854,23,West_exit,21,14,0.8,0
dl_854,11,East_exit,13,9,0.8,0
dl_854,13,East_exit,13,9,0.8,0
dl_855,3,,,,,
dl_855,16,West_exit_short,16,10,0.44,0
dl_855,11,East_exit,13,9,0.8,0
dl_855,13,East_exit,13,9,0.8,0
dl_855,19,East_exit_short,19,13,0.44,0
dl_855,23,West_exit,23,15,0.8,0
dl_856,4,,,,,
dl_856,26,West_exit,25,16,0.8,0
dl_856,11,East_exit,13,9,0.8,0
dl_856,13,East_exit,13,9,0.8,0
dl_856,19,East_exit_short,19,13,0.44,0
dl_856,24,East_exit_short,24,17,0.44,0
dl_856,16,West_exit_short,16,10,0.44,0
dl_857,4,,,,,
dl_857,11,East_exit,13,9,0.8,0
dl_857,13,East_exit,13,9,0.8,0
dl_857,23,East_exit_short,23,16,0.44,0
dl_857,26,West_exit,25,16,0.8,0
dl_857,25,West_exit,25,16,0.8,0
dl_857,19,East_exit_short,19,13,0.44,0
dl_857,16,West_exit_short,16,10,0.44,0
dl_858,3,,,,,
dl_858,15,West_exit_short,15,10,0.44,0
dl_858,19,East_exit_short,19,13,0.44,0
dl_858,23,West_exit,22,14,0.8,0
dl_858,22,West_exit,22,14,0.8,0
dl_858,11,East_exit,13,9,0.8,0
dl_858,13,East_exit,13,9,0.8,0
dl_859,3,,,,,
dl_859,15,West_exit_short,15,10,0.44,0
dl_859,19,East_exit_short,19,13,0.44,0
dl_859,21,West_exit,21,14,0.8,0
dl_859,23,West_exit,21,14,0.8,0
dl_859,11,East_exit,13,9,0.8,0
dl_859,13,East_exit,13,9,0.8,0
dl_860,3,,,,,
dl_860,15,West_exit_short,15,10,0.44,0
dl_860,11,East_exit,13,9,0.8,0
dl_860,13,East_exit,13,9,0.8,0
dl_860,19,East_exit_short,19,13,0.44,0
dl_860,23,West_exit,23,15,0.8,0
dl_861,4,,,,,
dl_861,26,West_exit,25,16,0.8,0
dl_861,11,East_exit,13,9,0.8,0
dl_861,13,East_exit,13,9,0.8,0
dl_861,19,East_exit_short,19,13,0.44,0
dl_861,24,East_exit_short,24,17,0.44,0
dl_861,15,West_exit_short,15,10,0.44,0
dl_862,4,,,,,
dl_862,11,East_exit,13,9,0.8,0
dl_862,13,East_exit,13,9,0.8,0
dl_862,23,East_exit_short,23,16,0.44,0
dl_862,26,West_exit,25,16,0.8,0
dl_862,25,West_exit,25,16,0.8,0
dl_862,19,East_exit_short,19,13,0.44,0
dl_862,15,West_exit_short,15,10,0.44,0
dl_863,3,,,,,
dl_863,17,West_exit_short,17,11,0.44,0
dl_863,19,East_exit_short,19,13,0.44,0
dl_863,23,West_exit,22,14,0.8,0
dl_863,22,West_exit,22,14,0.8,0
dl_863,11,East_exit,13,9,0.8,0
dl_863,13,East_exit,13,9,0.8,0
dl_864,3,,,,,
dl_864,17,West_exit_short,17,11,0.44,0
dl_864,19,East_exit_short,19,13,0.44,0
dl_864,21,West_exit,21,14,0.8,0
dl_864,23,West_exit,21,14,0.8,0
dl_864,11,East_exit,13,9,0.8,0
dl_864,13,East_exit,13,9,0.8,0
dl_865,3,,,,,
dl_865,17,West_exit_short,17,11,0.44,0
dl_865,11,East_exit,13,9,0.8,0
dl_865,13,East_exit,13,9,0.8,0
dl_865,19,East_exit_short,19,13,0.44,0
dl_865,23,West_exit,23,15,0.8,0
dl_866,4,,,,,
dl_866,26,West_exit,25,16,0.8,0
dl_866,11,East_exit,13,9,0.8,0
dl_866,13,East_exit,13,9,0.8,0
dl_866,19,East_exit_short,19,13,0.44,0
dl_866,24,East_exit_short,24,17,0.44,0
dl_866,17,West_exit_short,17,11,0.44,0
dl_867,4,,,,,
dl_867,11,East_exit,13,9,0.8,0
dl_867,13,East_exit,13,9,0.8,0
dl_867,23,East_exit_short,23,16,0.44,0
dl_867,26,West_exit,25,16,0.8,0
dl_867,25,West_exit,25,16,0.8,0
dl_867,19,East_exit_short,19,13,0.44,0
dl_867,17,West_exit_short,17,11,0.44,0
dl_868,3,,,,,
dl_868,23,West_exit,21,14,0.8,0
dl_868,11,East_exit,13,9,0.8,0
dl_868,13,East_exit,13,9,0.8,0
dl_868,22,East_exit_short,22,15,0.44,0
dl_868,18,West_exit_short,18,12,0.44,0
dl_869,3,,,,,
dl_869,11,East_exit,13,9,0.8,0
dl_869,13,East_exit,13,9,0.8,0
dl_869,22,East_exit_short,22,15,0.44,0
dl_869,23,West_exit,23,15,0.8,0
dl_869,18,West_exit_short,18,12,0.44,0
dl_870,3,,,,,
dl_870,23,West_exit,22,14,0.8,0
dl_870,11,East_exit,13,9,0.8,0
dl_870,13,East_exit,13,9,0.8,0
dl_870,21,East_exit_short,21,15,0.44,0
dl_870,18,West_exit_short,18,12,0.44,0
dl_871,3,,,,,
dl_871,21,East_exit_short,21,15,0.44,0
dl_871,11,East_exit,13,9,0.8,0
dl_871,13,East_exit,13,9,0.8,0
dl_871,23,West_exit,23,15,0.8,0
dl_871,18,West_exit_short,18,12,0.44,0
dl_872,3,,,,,
dl_872,20,East_exit_short,20,14,0.44,0
dl_872,23,West_exit,22,14,0.8,0
dl_872,22,West_exit,22,14,0.8,0
dl_872,11,East_exit,13,9,0.8,0
dl_872,13,East_exit,13,9,0.8,0
dl_872,18,West_exit_short,18,12,0.44,0
dl_873,3,,,,,
dl_873,20,East_exit_short,20,14,0.44,0
dl_873,21,West_exit,21,14,0.8,0
dl_873,23,West_exit,21,14,0.8,0
dl_873,11,East_exit,13,9,0.8,0
dl_873,13,East_exit,13,9,0.8,0
dl_873,18,West_exit_short,18,12,0.44,0
dl_874,3,,,,,
dl_874,20,East_exit_short,20,14,0.44,0
dl_874,11,East_exit,13,9,0.8,0
dl_874,13,East_exit,13,9,0.8,0
dl_874,23,West_exit,23,15,0.8,0
dl_874,18,West_exit_short,18,12,0.44,0
dl_875,4,,,,,
dl_875,11,East_exit,13,9,0.8,0
dl_875,13,East_exit,13,9,0.8,0
dl_875,22,East_exit_short,22,15,0.44,0
dl_875,26,West_exit,25,16,0.8,0
dl_875,24,East_exit_short,24,17,0.44,0
dl_875,18,West_exit_short,18,12,0.44,0
dl_876,4,,,,,
dl_876,21,East_exit_short,21,15,0.44,0
dl_876,11,East_exit,13,9,0.8,0
dl_876,13,East_exit,13,9,0.8,0
dl_876,26,West_exit,25,16,0.8,0
dl_876,24,East_exit_short,24,17,0.44,0
dl_876,18,West_exit_short,18,12,0.44,0
dl_877,4,,,,,
dl_877,20,East_exit_short,20,14,0.44,0
dl_877,11,East_exit,13,9,0.8,0
dl_877,13,East_exit,13,9,0.8,0
dl_877,26,West_exit,25,16,0.8,0
dl_877,24,East_exit_short,24,17,0.44,0
dl_877,18,West_exit_short,18,12,0.44,0
dl_878,4,,,,,
dl_878,23,East_exit_short,23,16,0.44,0
dl_878,26,West_exit,25,16,0.8,0
dl_878,25,West_exit,25,16,0.8,0
dl_878,11,East_exit,13,9,0.8,0
dl_878,13,East_exit,13,9,0.8,0
dl_878,22,East_exit_short,22,15,0.44,0
dl_878,18,West_exit_short,18,12,0.44,0
dl_879,4,,,,,
dl_879,23,East_exit_short,23,16,0.44,0
dl_879,26,West_exit,25,16,0.8,0
dl_879,25,West_exit,25,16,0.8,0
dl_879,21,East_exit_short,21,15,0.44,0
dl_879,11,East_exit,13,9,0.8,0
dl_879,13,East_exit,13,9,0.8,0
dl_879,18,West_exit_short,18,12,0.44,0
dl_880,4,,,,,
dl_880,23,East_exit_short,23,16,0.44,0
dl_880,26,West_exit,25,16,0.8,0
dl_880,25,West_exit,25,16,0.8,0
dl_880,11,East_exit,13,9,0.8,0
dl_880,13,East_exit,13,9,0.8,0
dl_880,20,East_exit_short,20,14,0.44,0
dl_880,18,West_exit_short,18,12,0.44,0
dl_881,3,,,,,
dl_881,19,East_exit_short,19,13,0.44,0
dl_881,23,West_exit,22,14,0.8,0
dl_881,22,West_exit,22,14,0.8,0
dl_881,18,West_exit_short,18,12,0.44,0
dl_881,11,East_exit,13,9,0.8,0
dl_881,13,East_exit,13,9,0.8,0
dl_882,3,,,,,
dl_882,19,East_exit_short,19,13,0.44,0
dl_882,21,West_exit,21,14,0.8,0
dl_882,23,West_exit,21,14,0.8,0
dl_882,18,West_exit_short,18,12,0.44,0
dl_882,11,East_exit,13,9,0.8,0
dl_882,13,East_exit,13,9,0.8,0
dl_883,3,,,,,
dl_883,11,East_exit,13,9,0.8,0
dl_883,13,East_exit,13,9,0.8,0
dl_883,19,East_exit_short,19,13,0.44,0
dl_883,23,West_exit,23,15,0.8,0
dl_883,18,West_exit_short,18,12,0.44,0
dl_884,4,,,,,
dl_884,26,West_exit,25,16,0.8,0
dl_884,11,East_exit,13,9,0.8,0
dl_884,13,East_exit,13,9,0.8,0
dl_884,19,East_exit_short,19,13,0.44,0
dl_884,24,East_exit_short,24,17,0.44,0
dl_884,18,West_exit_short,18,12,0.44,0
dl_885,4,,,,,
dl_885,11,East_exit,13,9,0.8,0
dl_885,13,East_exit,13,9,0.8,0
dl_885,23,East_exit_short,23,16,0.44,0
dl_885,26,West_exit,25,16,0.8,0
dl_885,25,West_exit,25,16,0.8,0
dl_885,19,East_exit_short,19,13,0.44,0
dl_885,18,West_exit_short,18,12,0.44,0
dl_886,3,,,,,
dl_886,19,East_exit_short,19,13,0.44,0
dl_886,20,West_exit_short,20,13,0.44,0
dl_886,23,West_exit,22,14,0.8,0
dl_886,22,West_exit,22,14,0.8,0
dl_886,11,East_exit,13,9,0.8,0
dl_886,13,East_exit,13,9,0.8,0
dl_887,3,,,,,
dl_887,19,East_exit_short,19,13,0.44,0
dl_887,20,West_exit_short,20,13,0.44,0
dl_887,21,West_exit,21,14,0.8,0
dl_887,23,West_exit,21,14,0.8,0
dl_887,11,East_exit,13,9,0.8,0
dl_887,13,East_exit,13,9,0.8,0
dl_888,3,,,,,
dl_888,20,West_exit_short,20,13,0.44,0
dl_888,19,East_exit_short,19,13,0.44,0
dl_888,11,East_exit,13,9,0.8,0
dl_888,13,East_exit,13,9,0.8,0
dl_888,23,West_exit,23,15,0.8,0
dl_889,4,,,,,
dl_889,26,West_exit,25,16,0.8,0
dl_889,19,East_exit_short,19,13,0.44,0
dl_889,20,West_exit_short,20,13,0.44,0
dl_889,24,East_exit_short,24,17,0.44,0
dl_889,11,East_exit,13,9,0.8,0
dl_889,13,East_exit,13,9,0.8,0
dl_890,4,,,,,
dl_890,23,East_exit_short,23,16,0.44,0
dl_890,26,West_exit,25,16,0.8,0
dl_890,25,West_exit,25,16,0.8,0
dl_890,19,East_exit_short,19,13,0.44,0
dl_890,20,West_exit_short,20,13,0.44,0
dl_890,11,East_exit,13,9,0.8,0
dl_890,13,East_exit,13,9,0.8,0
dl_891,3,,,,,
dl_891,19,East_exit_short,19,13,0.44,0
dl_891,22,East_exit_short,22,15,0.44,0
dl_891,14,East_exit,16,11,0.8,0
dl_891,16,East_exit,16,11,0.8,0
dl_891,26,West_exit,25,16,0.8,0
dl_891,25,West_exit,25,16,0.8,0
dl_892,3,,,,,
dl_892,19,East_exit_short,19,13,0.44,0
dl_892,22,East_exit_short,22,15,0.44,0
dl_892,15,East_exit,15,11,0.8,0
dl_892,14,East_exit,15,11,0.8,0
dl_892,26,West_exit,25,16,0.8,0
dl_892,25,West_exit,25,16,0.8,0
dl_893,3,,,,,
dl_893,19,East_exit_short,19,13,0.44,0
dl_893,22,East_exit_short,22,15,0.44,0
dl_893,26,West_exit,25,16,0.8,0
dl_893,25,West_exit,25,16,0.8,0
dl_893,14,East_exit,14,10,0.8,0
dl_894,4,,,,,
dl_894,11,East_exit,13,9,0.8,0
dl_894,12,West_exit_short,12,8,0.44,0
dl_894,22,East_exit_short,22,15,0.44,0
dl_894,19,East_exit_short,19,13,0.44,0
dl_894,26,West_exit,25,16,0.8,0
dl_894,25,West_exit,25,16,0.8,0
dl_895,4,,,,,
dl_895,14,West_exit_short,14,9,0.44,0
dl_895,11,East_exit,13,9,0.8,0
dl_895,13,East_exit,13,9,0.8,0
dl_895,22,East_exit_short,22,15,0.44,0
dl_895,19,East_exit_short,19,13,0.44,0
dl_895,26,West_exit,25,16,0.8,0
dl_895,25,West_exit,25,16,0.8,0
dl_896,4,,,,,
dl_896,16,West_exit_short,16,10,0.44,0
dl_896,11,East_exit,13,9,0.8,0
dl_896,13,East_exit,13,9,0.8,0
dl_896,22,East_exit_short,22,15,0.44,0
dl_896,19,East_exit_short,19,13,0.44,0
dl_896,26,West_exit,25,16,0.8,0
dl_896,25,West_exit,25,16,0.8,0
dl_897,4,,,,,
dl_897,15,West_exit_short,15,10,0.44,0
dl_897,11,East_exit,13,9,0.8,0
dl_897,13,East_exit,13,9,0.8,0
dl_897,22,East_exit_short,22,15,0.44,0
dl_897,19,East_exit_short,19,13,0.44,0
dl_897,26,West_exit,25,16,0.8,0
dl_897,25,West_exit,25,16,0.8,0
dl_898,4,,,,,
dl_898,17,West_exit_short,17,11,0.44,0
dl_898,11,East_exit,13,9,0.8,0
dl_898,13,East_exit,13,9,0.8,0
dl_898,22,East_exit_short,22,15,0.44,0
dl_898,19,East_exit_short,19,13,0.44,0
dl_898,26,West_exit,25,16,0.8,0
dl_898,25,West_exit,25,16,0.8,0
dl_899,4,,,,,
dl_899,11,East_exit,13,9,0.8,0
dl_899,13,East_exit,13,9,0.8,0
dl_899,22,East_exit_short,22,15,0.44,0
dl_899,19,East_exit_short,19,13,0.44,0
dl_899,26,West_exit,25,16,0.8,0
dl_899,25,West_exit,25,16,0.8,0
dl_899,18,West_exit_short,18,12,0.44,0
dl_900,4,,,,,
dl_900,20,West_exit_short,20,13,0.44,0
dl_900,19,East_exit_short,19,13,0.44,0
dl_900,22,East_exit_short,22,15,0.44,0
dl_900,26,West_exit,25,16,0.8,0
dl_900,25,West_exit,25,16,0.8,0
dl_900,11,East_exit,13,9,0.8,0
dl_900,13,East_exit,13,9,0.8,0
dl_901,3,,,,,
dl_901,22,East_exit_short,22,15,0.44,0
dl_901,26,West_exit,24,16,0.8,0
dl_901,25,East_exit_short,25,17,0.44,0
dl_901,14,East_exit,16,11,0.8,0
dl_901,16,East_exit,16,11,0.8,0
dl_902,3,,,,,
dl_902,22,East_exit_short,22,15,0.44,0
dl_902,26,West_exit,24,16,0.8,0
dl_902,25,East_exit_short,25,17,0.44,0
dl_902,15,East_exit,15,11,0.8,0
dl_902,14,East_exit,15,11,0.8,0
dl_903,3,,,,,
dl_903,22,East_exit_short,22,15,0.44,0
dl_903,26,West_exit,24,16,0.8,0
dl_903,25,East_exit_short,25,17,0.44,0
dl_903,14,East_exit,14,10,0.8,0
dl_904,4,,,,,
dl_904,11,East_exit,13,9,0.8,0
dl_904,26,West_exit,24,16,0.8,0
dl_904,25,East_exit_short,25,17,0.44,0
dl_904,22,East_exit_short,22,15,0.44,0
dl_904,12,West_exit_short,12,8,0.44,0
dl_905,3,,,,,
dl_905,21,East_exit_short,21,15,0.44,0
dl_905,26,West_exit,24,16,0.8,0
dl_905,25,East_exit_short,25,17,0.44,0
dl_905,14,East_exit,16,11,0.8,0
dl_905,16,East_exit,16,11,0.8,0
dl_906,3,,,,,
dl_906,21,East_exit_short,21,15,0.44,0
dl_906,26,West_exit,24,16,0.8,0
dl_906,25,East_exit_short,25,17,0.44,0
dl_906,15,East_exit,15,11,0.8,0
dl_906,14,East_exit,15,11,0.8,0
dl_907,3,,,,,
dl_907,21,East_exit_short,21,15,0.44,0
dl_907,26,West_exit,24,16,0.8,0
dl_907,25,East_exit_short,25,17,0.44,0
dl_907,14,East_exit,14,10,0.8,0
dl_908,4,,,,,
dl_908,11,East_exit,13,9,0.8,0
dl_908,26,West_exit,24,16,0.8,0
dl_908,25,East_exit_short,25,17,0.44,0
dl_908,21,East_exit_short,21,15,0.44,0
dl_908,12,West_exit_short,12,8,0.44,0
dl_909,3,,,,,
dl_909,20,East_exit_short,20,14,0.44,0
dl_909,26,West_exit,24,16,0.8,0
dl_909,25,East_exit_short,25,17,0.44,0
dl_909,14,East_exit,16,11,0.8,0
dl_909,16,East_exit,16,11,0.8,0
dl_910,3,,,,,
dl_910,20,East_exit_short,20,14,0.44,0
dl_910,26,West_exit,24,16,0.8,0
dl_910,25,East_exit_short,25,17,0.44,0
dl_910,15,East_exit,15,11,0.8,0
dl_910,14,East_exit,15,11,0.8,0
dl_911,3,,,,,
dl_911,20,East_exit_short,20,14,0.44,0
dl_911,26,West_exit,24,16,0.8,0
dl_911,25,East_exit_short,25,17,0.44,0
dl_911,14,East_exit,14,10,0.8,0
dl_912,4,,,,,
dl_912,11,East_exit,13,9,0.8,0
dl_912,26,West_exit,24,16,0.8,0
dl_912,25,East_exit_short,25,17,0.44,0
dl_912,12,West_exit_short,12,8,0.44,0
dl_912,20,East_exit_short,20,14,0.44,0
dl_913,4,,,,,
dl_913,25,East_exit_short,25,17,0.44,0
dl_913,26,West_exit,24,16,0.8,0
dl_913,14,West_exit_short,14,9,0.44,0
dl_913,11,East_exit,13,9,0.8,0
dl_913,13,East_exit,13,9,0.8,0
dl_913,22,East_exit_short,22,15,0.44,0
dl_914,4,,,,,
dl_914,14,West_exit_short,14,9,0.44,0
dl_914,11,East_exit,13,9,0.8,0
dl_914,13,East_exit,13,9,0.8,0
dl_914,26,West_exit,24,16,0.8,0
dl_914,25,East_exit_short,25,17,0.44,0
dl_914,21,East_exit_short,21,15,0.44,0
dl_915,4,,,,,
dl_915,14,West_exit_short,14,9,0.44,0
dl_915,11,East_exit,13,9,0.8,0
dl_915,13,East_exit,13,9,0.8,0
dl_915,26,West_exit,24,16,0.8,0
dl_915,25,East_exit_short,25,17,0.44,0
dl_915,20,East_exit_short,20,14,0.44,0
dl_916,3,,,,,
dl_916,22,East_exit_short,22,15,0.44,0
dl_916,23,East_exit_short,23,16,0.44,0
dl_916,24,West_exit,24,16,0.8,0
dl_916,26,West_exit,24,16,0.8,0
dl_916,14,East_exit,16,11,0.8,0
dl_916,16,East_exit,16,11,0.8,0
dl_917,3,,,,,
dl_917,22,East_exit_short,22,15,0.44,0
dl_917,23,East_exit_short,23,16,0.44,0
dl_917,24,West_exit,24,16,0.8,0
dl_917,26,West_exit,24,16,0.8,0
dl_917,15,East_exit,15,11,0.8,0
dl_917,14,East_exit,15,11,0.8,0
dl_918,3,,,,,
dl_918,22,East_exit_short,22,15,0.44,0
dl_918,23,East_exit_short,23,16,0.44,0
dl_918,24,West_exit,24,16,0.8,0
dl_918,26,West_exit,24,16,0.8,0
dl_918,14,East_exit,14,10,0.8,0
dl_919,4,,,,,
dl_919,11,East_exit,13,9,0.8,0
dl_919,23,East_exit_short,23,16,0.44,0
dl_919,22,East_exit_short,22,15,0.44,0
dl_919,24,West_exit,24,16,0.8,0
dl_919,26,West_exit,24,16,0.8,0
dl_919,12,West_exit_short,12,8,0.44,0
dl_920,3,,,,,
dl_920,21,East_exit_short,21,15,0.44,0
dl_920,23,East_exit_short,23,16,0.44,0
dl_920,24,West_exit,24,16,0.8,0
dl_920,26,West_exit,24,16,0.8,0
dl_920,14,East_exit,16,11,0.8,0
dl_920,16,East_exit,16,11,0.8,0
dl_921,3,,,,,
dl_921,21,East_exit_short,21,15,0.44,0
dl_921,23,East_exit_short,23,16,0.44,0
dl_921,24,West_exit,24,16,0.8,0
dl_921,26,West_exit,24,16,0.8,0
dl_921,15,East_exit,15,11,0.8,0
dl_921,14,East_exit,15,11,0.8,0
dl_922,3,,,,,
dl_922,21,East_exit_short,21,15,0.44,0
dl_922,23,East_exit_short,23,16,0.44,0
dl_922,24,West_exit,24,16,0.8,0
dl_922,26,West_exit,24,16,0.8,0
dl_922,14,East_exit,14,10,0.8,0
dl_923,4,,,,,
dl_923,11,East_exit,13,9,0.8,0
dl_923,23,East_exit_short,23,16,0.44,0
dl_923,21,East_exit_short,21,15,0.44,0
dl_923,24,West_exit,24,16,0.8,0
dl_923,26,West_exit,24,16,0.8,0
dl_923,12,West_exit_short,12,8,0.44,0
dl_924,3,,,,,
dl_924,20,East_exit_short,20,14,0.44,0
dl_924,23,East_exit_short,23,16,0.44,0
dl_924,24,West_exit,24,16,0.8,0
dl_924,26,West_exit,24,16,0.8,0
dl_924,14,East_exit,16,11,0.8,0
dl_924,16,East_exit,16,11,0.8,0
dl_925,3,,,,,
dl_925,20,East_exit_short,20,14,0.44,0
dl_925,23,East_exit_short,23,16,0.44,0
dl_925,24,West_exit,24,16,0.8,0
dl_925,26,West_exit,24,16,0.8,0
dl_925,15,East_exit,15,11,0.8,0
dl_925,14,East_exit,15,11,0.8,0
dl_926,3,,,,,
dl_926,20,East_exit_short,20,14,0.44,0
dl_926,23,East_exit_short,23,16,0.44,0
dl_926,24,West_exit,24,16,0.8,0
dl_926,26,West_exit,24,16,0.8,0
dl_926,14,East_exit,14,10,0.8,0
dl_927,4,,,,,
dl_927,11,East_exit,13,9,0.8,0
dl_927,23,East_exit_short,23,16,0.44,0
dl_927,24,West_exit,24,16,0.8,0
dl_927,26,West_exit,24,16,0.8,0
dl_927,12,West_exit_short,12,8,0.44,0
dl_927,20,East_exit_short,20,14,0.44,0
dl_928,4,,,,,
dl_928,23,East_exit_short,23,16,0.44,0
dl_928,14,West_exit_short,14,9,0.44,0
dl_928,11,East_exit,13,9,0.8,0
dl_928,13,East_exit,13,9,0.8,0
dl_928,22,East_exit_short,22,15,0.44,0
dl_928,24,West_exit,24,16,0.8,0
dl_928,26,West_exit,24,16,0.8,0
dl_929,4,,,,,
dl_929,23,East_exit_short,23,16,0.44,0
dl_929,14,West_exit_short,14,9,0.44,0
dl_929,11,East_exit,13,9,0.8,0
dl_929,13,East_exit,13,9,0.8,0
dl_929,21,East_exit_short,21,15,0.44,0
dl_929,24,West_exit,24,16,0.8,0
dl_929,26,West_exit,24,16,0.8,0
dl_930,4,,,,,
dl_930,23,East_exit_short,23,16,0.44,0
dl_930,14,West_exit_short,14,9,0.44,0
dl_930,11,East_exit,13,9,0.8,0
dl_930,13,East_exit,13,9,0.8,0
dl_930,24,West_exit,24,16,0.8,0
dl_930,26,West_exit,24,16,0.8,0
dl_930,20,East_exit_short,20,14,0.44,0
dl_931,4,,,,,
dl_931,25,East_exit_short,25,17,0.44,0
dl_931,26,West_exit,24,16,0.8,0
dl_931,22,East_exit_short,22,15,0.44,0
dl_931,16,West_exit_short,16,10,0.44,0
dl_931,11,East_exit,13,9,0.8,0
dl_931,13,East_exit,13,9,0.8,0
dl_932,4,,,,,
dl_932,11,East_exit,13,9,0.8,0
dl_932,13,East_exit,13,9,0.8,0
dl_932,26,West_exit,24,16,0.8,0
dl_932,25,East_exit_short,25,17,0.44,0
dl_932,21,East_exit_short,21,15,0.44,0
dl_932,16,West_exit_short,16,10,0.44,0
dl_933,4,,,,,
dl_933,26,West_exit,24,16,0.8,0
dl_933,25,East_exit_short,25,17,0.44,0
dl_933,16,West_exit_short,16,10,0.44,0
dl_933,20,East_exit_short,20,14,0.44,0
dl_933,11,East_exit,13,9,0.8,0
dl_933,13,East_exit,13,9,0.8,0
dl_934,4,,,,,
dl_934,23,East_exit_short,23,16,0.44,0
dl_934,22,East_exit_short,22,15,0.44,0
dl_934,24,West_exit,24,16,0.8,0
dl_934,26,West_exit,24,16,0.8,0
dl_934,16,West_exit_short,16,10,0.44,0
dl_934,11,East_exit,13,9,0.8,0
dl_934,13,East_exit,13,9,0.8,0
dl_935,4,,,,,
dl_935,23,East_exit_short,23,16,0.44,0
dl_935,11,East_exit,13,9,0.8,0
dl_935,13,East_exit,13,9,0.8,0
dl_935,21,East_exit_short,21,15,0.44,0
dl_935,24,West_exit,24,16,0.8,0
dl_935,26,West_exit,24,16,0.8,0
dl_935,16,West_exit_short,16,10,0.44,0
dl_936,4,,,,,
dl_936,23,East_exit_short,23,16,0.44,0
dl_936,24,West_exit,24,16,0.8,0
dl_936,26,West_exit,24,16,0.8,0
dl_936,16,West_exit_short,16,10,0.44,0
dl_936,11,East_exit,13,9,0.8,0
dl_936,13,East_exit,13,9,0.8,0
dl_936,20,East_exit_short,20,14,0.44,0
dl_937,4,,,,,
dl_937,25,East_exit_short,25,17,0.44,0
dl_937,26,West_exit,24,16,0.8,0
dl_937,15,West_exit_short,15,10,0.44,0
dl_937,22,East_exit_short,22,15,0.44,0
dl_937,11,East_exit,13,9,0.8,0
dl_937,13,East_exit,13,9,0.8,0
dl_938,4,,,,,
dl_938,11,East_exit,13,9,0.8,0
dl_938,13,East_exit,13,9,0.8,0
dl_938,26,West_exit,24,16,0.8,0
dl_938,25,East_exit_short,25,17,0.44,0
dl_938,21,East_exit_short,21,15,0.44,0
dl_938,15,West_exit_short,15,10,0.44,0
dl_939,4,,,,,
dl_939,15,West_exit_short,15,10,0.44,0
dl_939,26,West_exit,24,16,0.8,0
dl_939,25,East_exit_short,25,17,0.44,0
dl_939,20,East_exit_short,20,14,0.44,0
dl_939,11,East_exit,13,9,0.8,0
dl_939,13,East_exit,13,9,0.8,0
dl_940,4,,,,,
dl_940,23,East_exit_short,23,16,0.44,0
dl_940,15,West_exit_short,15,10,0.44,0
dl_940,22,East_exit_short,22,15,0.44,0
dl_940,24,West_exit,24,16,0.8,0
dl_940,26,West_exit,24,16,0.8,0
dl_940,11,East_exit,13,9,0.8,0
dl_940,13,East_exit,13,9,0.8,0
dl_941,4,,,,,
dl_941,23,East_exit_short,23,16,0.44,0
dl_941,11,East_exit,13,9,0.8,0
dl_941,13,East_exit,13,9,0.8,0
dl_941,21,East_exit_short,21,15,0.44,0
dl_941,24,West_exit,24,16,0.8,0
dl_941,26,West_exit,24,16,0.8,0
dl_941,15,West_exit_short,15,10,0.44,0
dl_942,4,,,,,
dl_942,23,East_exit_short,23,16,0.44,0
dl_942,15,West_exit_short,15,10,0.44,0
dl_942,24,West_exit,24,16,0.8,0
dl_942,26,West_exit,24,16,0.8,0
dl_942,11,East_exit,13,9,0.8,0
dl_942,13,East_exit,13,9,0.8,0
dl_942,20,East_exit_short,20,14,0.44,0
dl_943,4,,,,,
dl_943,25,East_exit_short,25,17,0.44,0
dl_943,26,West_exit,24,16,0.8,0
dl_943,17,West_exit_short,17,11,0.44,0
dl_943,22,East_exit_short,22,15,0.44,0
dl_943,11,East_exit,13,9,0.8,0
dl_943,13,East_exit,13,9,0.8,0
dl_944,4,,,,,
dl_944,11,East_exit,13,9,0.8,0
dl_944,13,East_exit,13,9,0.8,0
dl_944,26,West_exit,24,16,0.8,0
dl_944,25,East_exit_short,25,17,0.44,0
dl_944,21,East_exit_short,21,15,0.44,0
dl_944,17,West_exit_short,17,11,0.44,0
dl_945,4,,,,,
dl_945,17,West_exit_short,17,11,0.44,0
dl_945,26,West_exit,24,16,0.8,0
dl_945,25,East_exit_short,25,17,0.44,0
dl_945,20,East_exit_short,20,14,0.44,0
dl_945,11,East_exit,13,9,0.8,0
dl_945,13,East_exit,13,9,0.8,0
dl_946,4,,,,,
dl_946,23,East_exit_short,23,16,0.44,0
dl_946,17,West_exit_short,17,11,0.44,0
dl_946,22,East_exit_short,22,15,0.44,0
dl_946,24,West_exit,24,16,0.8,0
dl_946,26,West_exit,24,16,0.8,0
dl_946,11,East_exit,13,9,0.8,0
dl_946,13,East_exit,13,9,0.8,0
dl_947,4,,,,,
dl_947,23,East_exit_short,23,16,0.44,0
dl_947,11,East_exit,13,9,0.8,0
dl_947,13,East_exit,13,9,0.8,0
dl_947,21,East_exit_short,21,15,0.44,0
dl_947,24,West_exit,24,16,0.8,0
dl_947,26,West_exit,24,16,0.8,0
dl_947,17,West_exit_short,17,11,0.44,0
dl_948,4,,,,,
dl_948,23,East_exit_short,23,16,0.44,0
dl_948,17,West_exit_short,17,11,0.44,0
dl_948,24,West_exit,24,16,0.8,0
dl_948,26,West_exit,24,16,0.8,0
dl_948,11,East_exit,13,9,0.8,0
dl_948,13,East_exit,13,9,0.8,0
dl_948,20,East_exit_short,20,14,0.44,0
dl_949,3,,,,,
dl_949,26,West_exit,24,16,0.8,0
dl_949,19,East_exit_short,19,13,0.44,0
dl_949,14,East_exit,16,11,0.8,0
dl_949,16,East_exit,16,11,0.8,0
dl_949,25,East_exit_short,25,17,0.44,0
dl_950,3,,,,,
dl_950,26,West_exit,24,16,0.8,0
dl_950,19,East_exit_short,19,13,0.44,0
dl_950,15,East_exit,15,11,0.8,0
dl_950,14,East_exit,15,11,0.8,0
dl_950,25,East_exit_short,25,17,0.44,0
dl_951,3,,,,,
dl_951,26,West_exit,24,16,0.8,0
dl_951,19,East_exit_short,19,13,0.44,0
dl_951,25,East_exit_short,25,17,0.44,0
dl_951,14,East_exit,14,10,0.8,0
dl_952,4,,,,,
dl_952,26,West_exit,24,16,0.8,0
dl_952,11,East_exit,13,9,0.8,0
dl_952,12,West_exit_short,12,8,0.44,0
dl_952,19,East_exit_short,19,13,0.44,0
dl_952,25,East_exit_short,25,17,0.44,0
dl_953,4,,,,,
dl_953,26,West_exit,24,16,0.8,0
dl_953,14,West_exit_short,14,9,0.44,0
dl_953,11,East_exit,13,9,0.8,0
dl_953,13,East_exit,13,9,0.8,0
dl_953,19,East_exit_short,19,13,0.44,0
dl_953,25,East_exit_short,25,17,0.44,0
dl_954,3,,,,,
dl_954,19,East_exit_short,19,13,0.44,0
dl_954,23,East_exit_short,23,16,0.44,0
dl_954,24,West_exit,24,16,0.8,0
dl_954,26,West_exit,24,16,0.8,0
dl_954,14,East_exit,16,11,0.8,0
dl_954,16,East_exit,16,11,0.8,0
dl_955,3,,,,,
dl_955,19,East_exit_short,19,13,0.44,0
dl_955,23,East_exit_short,23,16,0.44,0
dl_955,24,West_exit,24,16,0.8,0
dl_955,26,West_exit,24,16,0.8,0
dl_955,15,East_exit,15,11,0.8,0
dl_955,14,East_exit,15,11,0.8,0
dl_956,3,,,,,
dl_956,19,East_exit_short,19,13,0.44,0
dl_956,23,East_exit_short,23,16,0.44,0
dl_956,24,West_exit,24,16,0.8,0
dl_956,26,West_exit,24,16,0.8,0
dl_956,14,East_exit,14,10,0.8,0
dl_957,4,,,,,
dl_957,11,East_exit,13,9,0.8,0
dl_957,23,East_exit_short,23,16,0.44,0
dl_957,24,West_exit,24,16,0.8,0
dl_957,26,West_exit,24,16,0.8,0
dl_957,12,West_exit_short,12,8,0.44,0
dl_957,19,East_exit_short,19,13,0.44,0
dl_958,4,,,,,
dl_958,14,West_exit_short,14,9,0.44,0
dl_958,11,East_exit,13,9,0.8,0
dl_958,13,East_exit,13,9,0.8,0
dl_958,23,East_exit_short,23,16,0.44,0
dl_958,24,West_exit,24,16,0.8,0
dl_958,26,West_exit,24,16,0.8,0
dl_958,19,East_exit_short,19,13,0.44,0
dl_959,4,,,,,
dl_959,26,West_exit,24,16,0.8,0
dl_959,16,West_exit_short,16,10,0.44,0
dl_959,19,East_exit_short,19,13,0.44,0
dl_959,25,East_exit_short,25,17,0.44,0
dl_959,11,East_exit,13,9,0.8,0
dl_959,13,East_exit,13,9,0.8,0
dl_960,4,,,,,
dl_960,23,East_exit_short,23,16,0.44,0
dl_960,24,West_exit,24,16,0.8,0
dl_960,26,West_exit,24,16,0.8,0
dl_960,16,West_exit_short,16,10,0.44,0
dl_960,19,East_exit_short,19,13,0.44,0
dl_960,11,East_exit,13,9,0.8,0
dl_960,13,East_exit,13,9,0.8,0
dl_961,4,,,,,
dl_961,26,West_exit,24,16,0.8,0
dl_961,15,West_exit_short,15,10,0.44,0
dl_961,19,East_exit_short,19,13,0.44,0
dl_961,25,East_exit_short,25,17,0.44,0
dl_961,11,East_exit,13,9,0.8,0
dl_961,13,East_exit,13,9,0.8,0
dl_962,4,,,,,
dl_962,15,West_exit_short,15,10,0.44,0
dl_962,23,East_exit_short,23,16,0.44,0
dl_962,24,West_exit,24,16,0.8,0
dl_962,26,West_exit,24,16,0.8,0
dl_962,19,East_exit_short,19,13,0.44,0
dl_962,11,East_exit,13,9,0.8,0
dl_962,13,East_exit,13,9,0.8,0
dl_963,4,,,,,
dl_963,26,West_exit,24,16,0.8,0
dl_963,17,West_exit_short,17,11,0.44,0
dl_963,19,East_exit_short,19,13,0.44,0
dl_963,25,East_exit_short,25,17,0.44,0
dl_963,11,East_exit,13,9,0.8,0
dl_963,13,East_exit,13,9,0.8,0
dl_964,4,,,,,
dl_964,17,West_exit_short,17,11,0.44,0
dl_964,23,East_exit_short,23,16,0.44,0
dl_964,24,West_exit,24,16,0.8,0
dl_964,26,West_exit,24,16,0.8,0
dl_964,19,East_exit_short,19,13,0.44,0
dl_964,11,East_exit,13,9,0.8,0
dl_964,13,East_exit,13,9,0.8,0
dl_965,4,,,,,
dl_965,25,East_exit_short,25,17,0.44,0
dl_965,26,West_exit,24,16,0.8,0
dl_965,22,East_exit_short,22,15,0.44,0
dl_965,11,East_exit,13,9,0.8,0
dl_965,13,East_exit,13,9,0.8,0
dl_965,18,West_exit_short,18,12,0.44,0
dl_966,4,,,,,
dl_966,11,East_exit,13,9,0.8,0
dl_966,13,East_exit,13,9,0.8,0
dl_966,26,West_exit,24,16,0.8,0
dl_966,25,East_exit_short,25,17,0.44,0
dl_966,21,East_exit_short,21,15,0.44,0
dl_966,18,West_exit_short,18,12,0.44,0
dl_967,4,,,,,
dl_967,26,West_exit,24,16,0.8,0
dl_967,25,East_exit_short,25,17,0.44,0
dl_967,20,East_exit_short,20,14,0.44,0
dl_967,11,East_exit,13,9,0.8,0
dl_967,13,East_exit,13,9,0.8,0
dl_967,18,West_exit_short,18,12,0.44,0
dl_968,4,,,,,
dl_968,23,East_exit_short,23,16,0.44,0
dl_968,22,East_exit_short,22,15,0.44,0
dl_968,24,West_exit,24,16,0.8,0
dl_968,26,West_exit,24,16,0.8,0
dl_968,11,East_exit,13,9,0.8,0
dl_968,13,East_exit,13,9,0.8,0
dl_968,18,West_exit_short,18,12,0.44,0
dl_969,4,,,,,
dl_969,23,East_exit_short,23,16,0.44,0
dl_969,11,East_exit,13,9,0.8,0
dl_969,13,East_exit,13,9,0.8,0
dl_969,21,East_exit_short,21,15,0.44,0
dl_969,24,West_exit,24,16,0.8,0
dl_969,26,West_exit,24,16,0.8,0
dl_969,18,West_exit_short,18,12,0.44,0
dl_970,4,,,,,
dl_970,23,East_exit_short,23,16,0.44,0
dl_970,24,West_exit,24,16,0.8,0
dl_970,26,West_exit,24,16,0.8,0
dl_970,11,East_exit,13,9,0.8,0
dl_970,13,East_exit,13,9,0.8,0
dl_970,20,East_exit_short,20,14,0.44,0
dl_970,18,West_exit_short,18,12,0.44,0
dl_971,4,,,,,
dl_971,26,West_exit,24,16,0.8,0
dl_971,19,East_exit_short,19,13,0.44,0
dl_971,25,East_exit_short,25,17,0.44,0
dl_971,11,East_exit,13,9,0.8,0
dl_971,13,East_exit,13,9,0.8,0
dl_971,18,West_exit_short,18,12,0.44,0
dl_972,4,,,,,
dl_972,23,East_exit_short,23,16,0.44,0
dl_972,24,West_exit,24,16,0.8,0
dl_972,26,West_exit,24,16,0.8,0
dl_972,19,East_exit_short,19,13,0.44,0
dl_972,11,East_exit,13,9,0.8,0
dl_972,13,East_exit,13,9,0.8,0
dl_972,18,West_exit_short,18,12,0.44,0
dl_973,4,,,,,
dl_973,26,West_exit,24,16,0.8,0
dl_973,19,East_exit_short,19,13,0.44,0
dl_973,20,West_exit_short,20,13,0.44,0
dl_973,25,East_exit_short,25,17,0.44,0
dl_973,11,East_exit,13,9,0.8,0
dl_973,13,East_exit,13,9,0.8,0
dl_974,4,,,,,
dl_974,19,East_exit_short,19,13,0.44,0
dl_974,23,East_exit_short,23,16,0.44,0
dl_974,24,West_exit,24,16,0.8,0
dl_974,26,West_exit,24,16,0.8,0
dl_974,20,West_exit_short,20,13,0.44,0
dl_974,11,East_exit,13,9,0.8,0
dl_974,13,East_exit,13,9,0.8,0
dl_975,3,,,,,
dl_975,19,East_exit_short,19,13,0.44,0
dl_975,22,East_exit_short,22,15,0.44,0
dl_975,14,East_exit,16,11,0.8,0
dl_975,16,East_exit,16,11,0.8,0
dl_975,24,West_exit,24,16,0.8,0
dl_975,26,West_exit,24,16,0.8,0
dl_976,3,,,,,
dl_976,19,East_exit_short,19,13,0.44,0
dl_976,22,East_exit_short,22,15,0.44,0
dl_976,15,East_exit,15,11,0.8,0
dl_976,14,East_exit,15,11,0.8,0
dl_976,24,West_exit,24,16,0.8,0
dl_976,26,West_exit,24,16,0.8,0
dl_977,3,,,,,
dl_977,19,East_exit_short,19,13,0.44,0
dl_977,22,East_exit_short,22,15,0.44,0
dl_977,24,West_exit,24,16,0.8,0
dl_977,26,West_exit,24,16,0.8,0
dl_977,14,East_exit,14,10,0.8,0
dl_978,4,,,,,
dl_978,11,East_exit,13,9,0.8,0
dl_978,12,West_exit_short,12,8,0.44,0
dl_978,22,East_exit_short,22,15,0.44,0
dl_978,19,East_exit_short,19,13,0.44,0
dl_978,24,West_exit,24,16,0.8,0
dl_978,26,West_exit,24,16,0.8,0
dl_979,4,,,,,
dl_979,14,West_exit_short,14,9,0.44,0
dl_979,11,East_exit,13,9,0.8,0
dl_979,13,East_exit,13,9,0.8,0
dl_979,22,East_exit_short,22,15,0.44,0
dl_979,19,East_exit_short,19,13,0.44,0
dl_979,24,West_exit,24,16,0.8,0
dl_979,26,West_exit,24,16,0.8,0
dl_980,4,,,,,
dl_980,22,East_exit_short,22,15,0.44,0
dl_980,19,East_exit_short,19,13,0.44,0
dl_980,16,West_exit_short,16,10,0.44,0
dl_980,24,West_exit,24,16,0.8,0
dl_980,26,West_exit,24,16,0.8,0
dl_980,11,East_exit,13,9,0.8,0
dl_980,13,East_exit,13,9,0.8,0
dl_981,4,,,,,
dl_981,15,West_exit_short,15,10,0.44,0
dl_981,11,East_exit,13,9,0.8,0
dl_981,13,East_exit,13,9,0.8,0
dl_981,22,East_exit_short,22,15,0.44,0
dl_981,19,East_exit_short,19,13,0.44,0
dl_981,24,West_exit,24,16,0.8,0
dl_981,26,West_exit,24,16,0.8,0
dl_982,4,,,,,
dl_982,17,West_exit_short,17,11,0.44,0
dl_982,11,East_exit,13,9,0.8,0
dl_982,13,East_exit,13,9,0.8,0
dl_982,22,East_exit_short,22,15,0.44,0
dl_982,19,East_exit_short,19,13,0.44,0
dl_982,24,West_exit,24,16,0.8,0
dl_982,26,West_exit,24,16,0.8,0
dl_983,4,,,,,
dl_983,11,East_exit,13,9,0.8,0
dl_983,13,East_exit,13,9,0.8,0
dl_983,22,East_exit_short,22,15,0.44,0
dl_983,19,East_exit_short,19,13,0.44,0
dl_983,24,West_exit,24,16,0.8,0
dl_983,26,West_exit,24,16,0.8,0
dl_983,18,West_exit_short,18,12,0.44,0
dl_984,4,,,,,
dl_984,20,West_exit_short,20,13,0.44,0
dl_984,19,East_exit_short,19,13,0.44,0
dl_984,11,East_exit,13,9,0.8,0
dl_984,13,East_exit,13,9,0.8,0
dl_984,22,East_exit_short,22,15,0.44,0
dl_984,24,West_exit,24,16,0.8,0
dl_984,26,West_exit,24,16,0.8,0
dl_985,3,,,,,
dl_985,22,East_exit_short,22,15,0.44,0
dl_985,26,West_exit,26,17,0.8,0
dl_985,25,East_exit_short,25,17,0.44,0
dl_985,14,East_exit,16,11,0.8,0
dl_985,16,East_exit,16,11,0.8,0
dl_986,3,,,,,
dl_986,22,East_exit_short,22,15,0.44,0
dl_986,26,West_exit,26,17,0.8,0
dl_986,25,East_exit_short,25,17,0.44,0
dl_986,15,East_exit,15,11,0.8,0
dl_986,14,East_exit,15,11,0.8,0
dl_987,3,,,,,
dl_987,22,East_exit_short,22,15,0.44,0
dl_987,26,West_exit,26,17,0.8,0
dl_987,25,East_exit_short,25,17,0.44,0
dl_987,14,East_exit,14,10,0.8,0
dl_988,4,,,,,
dl_988,11,East_exit,13,9,0.8,0
dl_988,26,West_exit,26,17,0.8,0
dl_988,25,East_exit_short,25,17,0.44,0
dl_988,22,East_exit_short,22,15,0.44,0
dl_988,12,West_exit_short,12,8,0.44,0
dl_989,3,,,,,
dl_989,21,East_exit_short,21,15,0.44,0
dl_989,26,West_exit,26,17,0.8,0
dl_989,25,East_exit_short,25,17,0.44,0
dl_989,14,East_exit,16,11,0.8,0
dl_989,16,East_exit,16,11,0.8,0
dl_990,3,,,,,
dl_990,21,East_exit_short,21,15,0.44,0
dl_990,26,West_exit,26,17,0.8,0
dl_990,25,East_exit_short,25,17,0.44,0
dl_990,15,East_exit,15,11,0.8,0
dl_990,14,East_exit,15,11,0.8,0
dl_991,3,,,,,
dl_991,21,East_exit_short,21,15,0.44,0
dl_991,26,West_exit,26,17,0.8,0
dl_991,25,East_exit_short,25,17,0.44,0
dl_991,14,East_exit,14,10,0.8,0
dl_992,4,,,,,
dl_992,11,East_exit,13,9,0.8,0
dl_992,26,West_exit,26,17,0.8,0
dl_992,25,East_exit_short,25,17,0.44,0
dl_992,21,East_exit_short,21,15,0.44,0
dl_992,12,West_exit_short,12,8,0.44,0
dl_993,3,,,,,
dl_993,20,East_exit_short,20,14,0.44,0
dl_993,26,West_exit,26,17,0.8,0
dl_993,25,East_exit_short,25,17,0.44,0
dl_993,14,East_exit,16,11,0.8,0
dl_993,16,East_exit,16,11,0.8,0
dl_994,3,,,,,
dl_994,20,East_exit_short,20,14,0.44,0
dl_994,26,West_exit,26,17,0.8,0
dl_994,25,East_exit_short,25,17,0.44,0
dl_994,15,East_exit,15,11,0.8,0
dl_994,14,East_exit,15,11,0.8,0
dl_995,3,,,,,
dl_995,20,East_exit_short,20,14,0.44,0
dl_995,26,West_exit,26,17,0.8,0
dl_995,25,East_exit_short,25,17,0.44,0
dl_995,14,East_exit,14,10,0.8,0
dl_996,4,,,,,
dl_996,11,East_exit,13,9,0.8,0
dl_996,26,West_exit,26,17,0.8,0
dl_996,25,East_exit_short,25,17,0.44,0
dl_996,12,West_exit_short,12,8,0.44,0
dl_996,20,East_exit_short,20,14,0.44,0
dl_997,4,,,,,
dl_997,25,East_exit_short,25,17,0.44,0
dl_997,26,West_exit,26,17,0.8,0
dl_997,14,West_exit_short,14,9,0.44,0
dl_997,11,East_exit,13,9,0.8,0
dl_997,13,East_exit,13,9,0.8,0
dl_997,22,East_exit_short,22,15,0.44,0
dl_998,4,,,,,
dl_998,14,West_exit_short,14,9,0.44,0
dl_998,11,East_exit,13,9,0.8,0
dl_998,13,East_exit,13,9,0.8,0
dl_998,26,West_exit,26,17,0.8,0
dl_998,25,East_exit_short,25,17,0.44,0
dl_998,21,East_exit_short,21,15,0.44,0
dl_999,4,,,,,
dl_999,14,West_exit_short,14,9,0.44,0
dl_999,11,East_exit,13,9,0.8,0
dl_999,13,East_exit,13,9,0.8,0
dl_999,26,West_exit,26,17,0.8,0
dl_999,25,East_exit_short,25,17,0.44,0
dl_999,20,East_exit_short,20,14,0.44,0
dl_1000,3,,,,,
dl_1000,22,East_exit_short,22,15,0.44,0
dl_1000,24,East_exit_short,24,17,0.44,0
dl_1000,26,West_exit,26,17,0.8,0
dl_1000,14,East_exit,16,11,0.8,0
dl_1000,16,East_exit,16,11,0.8,0
dl_1001,3,,,,,
dl_1001,22,East_exit_short,22,15,0.44,0
dl_1001,24,East_exit_short,24,17,0.44,0
dl_1001,26,West_exit,26,17,0.8,0
dl_1001,15,East_exit,15,11,0.8,0
dl_1001,14,East_exit,15,11,0.8,0
dl_1002,3,,,,,
dl_1002,22,East_exit_short,22,15,0.44,0
dl_1002,24,East_exit_short,24,17,0.44,0
dl_1002,26,West_exit,26,17,0.8,0
dl_1002,14,East_exit,14,10,0.8,0
dl_1003,4,,,,,
dl_1003,11,East_exit,13,9,0.8,0
dl_1003,24,East_exit_short,24,17,0.44,0
dl_1003,22,East_exit_short,22,15,0.44,0
dl_1003,26,West_exit,26,17,0.8,0
dl_1003,12,West_exit_short,12,8,0.44,0
dl_1004,3,,,,,
dl_1004,21,East_exit_short,21,15,0.44,0
dl_1004,24,East_exit_short,24,17,0.44,0
dl_1004,26,West_exit,26,17,0.8,0
dl_1004,14,East_exit,16,11,0.8,0
dl_1004,16,East_exit,16,11,0.8,0
dl_1005,3,,,,,
dl_1005,21,East_exit_short,21,15,0.44,0
dl_1005,24,East_exit_short,24,17,0.44,0
dl_1005,26,West_exit,26,17,0.8,0
dl_1005,15,East_exit,15,11,0.8,0
dl_1005,14,East_exit,15,11,0.8,0
dl_1006,3,,,,,
dl_1006,21,East_exit_short,21,15,0.44,0
dl_1006,24,East_exit_short,24,17,0.44,0
dl_1006,26,West_exit,26,17,0.8,0
dl_1006,14,East_exit,14,10,0.8,0
dl_1007,4,,,,,
dl_1007,11,East_exit,13,9,0.8,0
dl_1007,24,East_exit_short,24,17,0.44,0
dl_1007,21,East_exit_short,21,15,0.44,0
dl_1007,26,West_exit,26,17,0.8,0
dl_1007,12,West_exit_short,12,8,0.44,0
dl_1008,3,,,,,
dl_1008,20,East_exit_short,20,14,0.44,0
dl_1008,24,East_exit_short,24,17,0.44,0
dl_1008,26,West_exit,26,17,0.8,0
dl_1008,14,East_exit,16,11,0.8,0
dl_1008,16,East_exit,16,11,0.8,0
dl_1009,3,,,,,
dl_1009,20,East_exit_short,20,14,0.44,0
dl_1009,24,East_exit_short,24,17,0.44,0
dl_1009,26,West_exit,26,17,0.8,0
dl_1009,15,East_exit,15,11,0.8,0
dl_1009,14,East_exit,15,11,0.8,0
dl_1010,3,,,,,
dl_1010,20,East_exit_short,20,14,0.44,0
dl_1010,24,East_exit_short,24,17,0.44,0
dl_1010,26,West_exit,26,17,0.8,0
dl_1010,14,East_exit,14,10,0.8,0
dl_1011,4,,,,,
dl_1011,11,East_exit,13,9,0.8,0
dl_1011,24,East_exit_short,24,17,0.44,0
dl_1011,26,West_exit,26,17,0.8,0
dl_1011,12,West_exit_short,12,8,0.44,0
dl_1011,20,East_exit_short,20,14,0.44,0
dl_1012,4,,,,,
dl_1012,24,East_exit_short,24,17,0.44,0
dl_1012,14,West_exit_short,14,9,0.44,0
dl_1012,11,East_exit,13,9,0.8,0
dl_1012,13,East_exit,13,9,0.8,0
dl_1012,22,East_exit_short,22,15,0.44,0
dl_1012,26,West_exit,26,17,0.8,0
dl_1013,4,,,,,
dl_1013,14,West_exit_short,14,9,0.44,0
dl_1013,11,East_exit,13,9,0.8,0
dl_1013,13,East_exit,13,9,0.8,0
dl_1013,24,East_exit_short,24,17,0.44,0
dl_1013,21,East_exit_short,21,15,0.44,0
dl_1013,26,West_exit,26,17,0.8,0
dl_1014,4,,,,,
dl_1014,14,West_exit_short,14,9,0.44,0
dl_1014,11,East_exit,13,9,0.8,0
dl_1014,13,East_exit,13,9,0.8,0
dl_1014,24,East_exit_short,24,17,0.44,0
dl_1014,26,West_exit,26,17,0.8,0
dl_1014,20,East_exit_short,20,14,0.44,0
dl_1015,3,,,,,
dl_1015,22,East_exit_short,22,15,0.44,0
dl_1015,23,East_exit_short,23,16,0.44,0
dl_1015,26,West_exit,26,17,0.8,0
dl_1015,14,East_exit,16,11,0.8,0
dl_1015,16,East_exit,16,11,0.8,0
dl_1016,3,,,,,
dl_1016,22,East_exit_short,22,15,0.44,0
dl_1016,23,East_exit_short,23,16,0.44,0
dl_1016,26,West_exit,26,17,0.8,0
dl_1016,15,East_exit,15,11,0.8,0
dl_1016,14,East_exit,15,11,0.8,0
dl_1017,3,,,,,
dl_1017,22,East_exit_short,22,15,0.44,0
dl_1017,23,East_exit_short,23,16,0.44,0
dl_1017,26,West_exit,26,17,0.8,0
dl_1017,14,East_exit,14,10,0.8,0
dl_1018,4,,,,,
dl_1018,11,East_exit,13,9,0.8,0
dl_1018,23,East_exit_short,23,16,0.44,0
dl_1018,22,East_exit_short,22,15,0.44,0
dl_1018,26,West_exit,26,17,0.8,0
dl_1018,12,West_exit_short,12,8,0.44,0
dl_1019,3,,,,,
dl_1019,21,East_exit_short,21,15,0.44,0
dl_1019,23,East_exit_short,23,16,0.44,0
dl_1019,26,West_exit,26,17,0.8,0
dl_1019,14,East_exit,16,11,0.8,0
dl_1019,16,East_exit,16,11,0.8,0
dl_1020,3,,,,,
dl_1020,21,East_exit_short,21,15,0.44,0
dl_1020,23,East_exit_short,23,16,0.44,0
dl_1020,26,West_exit,26,17,0.8,0
dl_1020,15,East_exit,15,11,0.8,0
dl_1020,14,East_exit,15,11,0.8,0
dl_1021,3,,,,,
dl_1021,21,East_exit_short,21,15,0.44,0
dl_1021,23,East_exit_short,23,16,0.44,0
dl_1021,26,West_exit,26,17,0.8,0
dl_1021,14,East_exit,14,10,0.8,0
dl_1022,4,,,,,
dl_1022,11,East_exit,13,9,0.8,0
dl_1022,23,East_exit_short,23,16,0.44,0
dl_1022,21,East_exit_short,21,15,0.44,0
dl_1022,26,West_exit,26,17,0.8,0
dl_1022,12,West_exit_short,12,8,0.44,0
dl_1023,3,,,,,
dl_1023,20,East_exit_short,20,14,0.44,0
dl_1023,23,East_exit_short,23,16,0.44,0
dl_1023,26,West_exit,26,17,0.8,0
dl_1023,14,East_exit,16,11,0.8,0
dl_1023,16,East_exit,16,11,0.8,0
dl_1024,3,,,,,
dl_1024,20,East_exit_short,20,14,0.44,0
dl_1024,23,East_exit_short,23,16,0.44,0
dl_1024,26,West_exit,26,17,0.8,0
dl_1024,15,East_exit,15,11,0.8,0
dl_1024,14,East_exit,15,11,0.8,0
dl_1025,3,,,,,
dl_1025,20,East_exit_short,20,14,0.44,0
dl_1025,23,East_exit_short,23,16,0.44,0
dl_1025,26,West_exit,26,17,0.8,0
dl_1025,14,East_exit,14,10,0.8,0
dl_1026,4,,,,,
dl_1026,11,East_exit,13,9,0.8,0
dl_1026,23,East_exit_short,23,16,0.44,0
dl_1026,26,West_exit,26,17,0.8,0
dl_1026,12,West_exit_short,12,8,0.44,0
dl_1026,20,East_exit_short,20,14,0.44,0
dl_1027,4,,,,,
dl_1027,23,East_exit_short,23,16,0.44,0
dl_1027,14,West_exit_short,14,9,0.44,0
dl_1027,11,East_exit,13,9,0.8,0
dl_1027,13,East_exit,13,9,0.8,0
dl_1027,22,East_exit_short,22,15,0.44,0
dl_1027,26,West_exit,26,17,0.8,0
dl_1028,4,,,,,
dl_1028,23,East_exit_short,23,16,0.44,0
dl_1028,14,West_exit_short,14,9,0.44,0
dl_1028,11,East_exit,13,9,0.8,0
dl_1028,13,East_exit,13,9,0.8,0
dl_1028,21,East_exit_short,21,15,0.44,0
dl_1028,26,West_exit,26,17,0.8,0
dl_1029,4,,,,,
dl_1029,23,East_exit_short,23,16,0.44,0
dl_1029,14,West_exit_short,14,9,0.44,0
dl_1029,11,East_exit,13,9,0.8,0
dl_1029,13,East_exit,13,9,0.8,0
dl_1029,26,West_exit,26,17,0.8,0
dl_1029,20,East_exit_short,20,14,0.44,0
dl_1030,4,,,,,
dl_1030,25,East_exit_short,25,17,0.44,0
dl_1030,26,West_exit,26,17,0.8,0
dl_1030,22,East_exit_short,22,15,0.44,0
dl_1030,16,West_exit_short,16,10,0.44,0
dl_1030,11,East_exit,13,9,0.8,0
dl_1030,13,East_exit,13,9,0.8,0
dl_1031,4,,,,,
dl_1031,11,East_exit,13,9,0.8,0
dl_1031,13,East_exit,13,9,0.8,0
dl_1031,26,West_exit,26,17,0.8,0
dl_1031,25,East_exit_short,25,17,0.44,0
dl_1031,21,East_exit_short,21,15,0.44,0
dl_1031,16,West_exit_short,16,10,0.44,0
dl_1032,4,,,,,
dl_1032,26,West_exit,26,17,0.8,0
dl_1032,25,East_exit_short,25,17,0.44,0
dl_1032,16,West_exit_short,16,10,0.44,0
dl_1032,20,East_exit_short,20,14,0.44,0
dl_1032,11,East_exit,13,9,0.8,0
dl_1032,13,East_exit,13,9,0.8,0
dl_1033,4,,,,,
dl_1033,24,East_exit_short,24,17,0.44,0
dl_1033,22,East_exit_short,22,15,0.44,0
dl_1033,26,West_exit,26,17,0.8,0
dl_1033,16,West_exit_short,16,10,0.44,0
dl_1033,11,East_exit,13,9,0.8,0
dl_1033,13,East_exit,13,9,0.8,0
dl_1034,4,,,,,
dl_1034,11,East_exit,13,9,0.8,0
dl_1034,13,East_exit,13,9,0.8,0
dl_1034,24,East_exit_short,24,17,0.44,0
dl_1034,21,East_exit_short,21,15,0.44,0
dl_1034,26,West_exit,26,17,0.8,0
dl_1034,16,West_exit_short,16,10,0.44,0
dl_1035,4,,,,,
dl_1035,24,East_exit_short,24,17,0.44,0
dl_1035,26,West_exit,26,17,0.8,0
dl_1035,16,West_exit_short,16,10,0.44,0
dl_1035,20,East_exit_short,20,14,0.44,0
dl_1035,11,East_exit,13,9,0.8,0
dl_1035,13,East_exit,13,9,0.8,0
dl_1036,4,,,,,
dl_1036,23,East_exit_short,23,16,0.44,0
dl_1036,22,East_exit_short,22,15,0.44,0
dl_1036,26,West_exit,26,17,0.8,0
dl_1036,16,West_exit_short,16,10,0.44,0
dl_1036,11,East_exit,13,9,0.8,0
dl_1036,13,East_exit,13,9,0.8,0
dl_1037,4,,,,,
dl_1037,23,East_exit_short,23,16,0.44,0
dl_1037,11,East_exit,13,9,0.8,0
dl_1037,13,East_exit,13,9,0.8,0
dl_1037,21,East_exit_short,21,15,0.44,0
dl_1037,26,West_exit,26,17,0.8,0
dl_1037,16,West_exit_short,16,10,0.44,0
dl_1038,4,,,,,
dl_1038,23,East_exit_short,23,16,0.44,0
dl_1038,26,West_exit,26,17,0.8,0
dl_1038,16,West_exit_short,16,10,0.44,0
dl_1038,11,East_exit,13,9,0.8,0
dl_1038,13,East_exit,13,9,0.8,0
dl_1038,20,East_exit_short,20,14,0.44,0
dl_1039,4,,,,,
dl_1039,25,East_exit_short,25,17,0.44,0
dl_1039,26,West_exit,26,17,0.8,0
dl_1039,15,West_exit_short,15,10,0.44,0
dl_1039,22,East_exit_short,22,15,0.44,0
dl_1039,11,East_exit,13,9,0.8,0
dl_1039,13,East_exit,13,9,0.8,0
dl_1040,4,,,,,
dl_1040,11,East_exit,13,9,0.8,0
dl_1040,13,East_exit,13,9,0.8,0
dl_1040,26,West_exit,26,17,0.8,0
dl_1040,25,East_exit_short,25,17,0.44,0
dl_1040,21,East_exit_short,21,15,0.44,0
dl_1040,15,West_exit_short,15,10,0.44,0
dl_1041,4,,,,,
dl_1041,15,West_exit_short,15,10,0.44,0
dl_1041,26,West_exit,26,17,0.8,0
dl_1041,25,East_exit_short,25,17,0.44,0
dl_1041,20,East_exit_short,20,14,0.44,0
dl_1041,11,East_exit,13,9,0.8,0
dl_1041,13,East_exit,13,9,0.8,0
dl_1042,4,,,,,
dl_1042,24,East_exit_short,24,17,0.44,0
dl_1042,11,East_exit,13,9,0.8,0
dl_1042,13,East_exit,13,9,0.8,0
dl_1042,22,East_exit_short,22,15,0.44,0
dl_1042,26,West_exit,26,17,0.8,0
dl_1042,15,West_exit_short,15,10,0.44,0
dl_1043,4,,,,,
dl_1043,11,East_exit,13,9,0.8,0
dl_1043,13,East_exit,13,9,0.8,0
dl_1043,24,East_exit_short,24,17,0.44,0
dl_1043,21,East_exit_short,21,15,0.44,0
dl_1043,26,West_exit,26,17,0.8,0
dl_1043,15,West_exit_short,15,10,0.44,0
dl_1044,4,,,,,
dl_1044,11,East_exit,13,9,0.8,0
dl_1044,13,East_exit,13,9,0.8,0
dl_1044,24,East_exit_short,24,17,0.44,0
dl_1044,26,West_exit,26,17,0.8,0
dl_1044,20,East_exit_short,20,14,0.44,0
dl_1044,15,West_exit_short,15,10,0.44,0
dl_1045,4,,,,,
dl_1045,23,East_exit_short,23,16,0.44,0
dl_1045,15,West_exit_short,15,10,0.44,0
dl_1045,22,East_exit_short,22,15,0.44,0
dl_1045,26,West_exit,26,17,0.8,0
dl_1045,11,East_exit,13,9,0.8,0
dl_1045,13,East_exit,13,9,0.8,0
dl_1046,4,,,,,
dl_1046,23,East_exit_short,23,16,0.44,0
dl_1046,11,East_exit,13,9,0.8,0
dl_1046,13,East_exit,13,9,0.8,0
dl_1046,21,East_exit_short,21,15,0.44,0
dl_1046,26,West_exit,26,17,0.8,0
dl_1046,15,West_exit_short,15,10,0.44,0
dl_1047,4,,,,,
dl_1047,23,East_exit_short,23,16,0.44,0
dl_1047,15,West_exit_short,15,10,0.44,0
dl_1047,26,West_exit,26,17,0.8,0
dl_1047,11,East_exit,13,9,0.8,0
dl_1047,13,East_exit,13,9,0.8,0
dl_1047,20,East_exit_short,20,14,0.44,0
dl_1048,4,,,,,
dl_1048,25,East_exit_short,25,17,0.44,0
dl_1048,26,West_exit,26,17,0.8,0
dl_1048,17,West_exit_short,17,11,0.44,0
dl_1048,22,East_exit_short,22,15,0.44,0
dl_1048,11,East_exit,13,9,0.8,0
dl_1048,13,East_exit,13,9,0.8,0
dl_1049,4,,,,,
dl_1049,11,East_exit,13,9,0.8,0
dl_1049,13,East_exit,13,9,0.8,0
dl_1049,26,West_exit,26,17,0.8,0
dl_1049,25,East_exit_short,25,17,0.44,0
dl_1049,21,East_exit_short,21,15,0.44,0
dl_1049,17,West_exit_short,17,11,0.44,0
dl_1050,4,,,,,
dl_1050,17,West_exit_short,17,11,0.44,0
dl_1050,26,West_exit,26,17,0.8,0
dl_1050,25,East_exit_short,25,17,0.44,0
dl_1050,20,East_exit_short,20,14,0.44,0
dl_1050,11,East_exit,13,9,0.8,0
dl_1050,13,East_exit,13,9,0.8,0
dl_1051,4,,,,,
dl_1051,24,East_exit_short,24,17,0.44,0
dl_1051,17,West_exit_short,17,11,0.44,0
dl_1051,22,East_exit_short,22,15,0.44,0
dl_1051,26,West_exit,26,17,0.8,0
dl_1051,11,East_exit,13,9,0.8,0
dl_1051,13,East_exit,13,9,0.8,0
dl_1052,4,,,,,
dl_1052,11,East_exit,13,9,0.8,0
dl_1052,13,East_exit,13,9,0.8,0
dl_1052,24,East_exit_short,24,17,0.44,0
dl_1052,21,East_exit_short,21,15,0.44,0
dl_1052,26,West_exit,26,17,0.8,0
dl_1052,17,West_exit_short,17,11,0.44,0
dl_1053,4,,,,,
dl_1053,17,West_exit_short,17,11,0.44,0
dl_1053,24,East_exit_short,24,17,0.44,0
dl_1053,26,West_exit,26,17,0.8,0
dl_1053,20,East_exit_short,20,14,0.44,0
dl_1053,11,East_exit,13,9,0.8,0
dl_1053,13,East_exit,13,9,0.8,0
dl_1054,4,,,,,
dl_1054,23,East_exit_short,23,16,0.44,0
dl_1054,17,West_exit_short,17,11,0.44,0
dl_1054,22,East_exit_short,22,15,0.44,0
dl_1054,26,West_exit,26,17,0.8,0
dl_1054,11,East_exit,13,9,0.8,0
dl_1054,13,East_exit,13,9,0.8,0
dl_1055,4,,,,,
dl_1055,23,East_exit_short,23,16,0.44,0
dl_1055,11,East_exit,13,9,0.8,0
dl_1055,13,East_exit,13,9,0.8,0
dl_1055,21,East_exit_short,21,15,0.44,0
dl_1055,26,West_exit,26,17,0.8,0
dl_1055,17,West_exit_short,17,11,0.44,0
dl_1056,4,,,,,
dl_1056,23,East_exit_short,23,16,0.44,0
dl_1056,17,West_exit_short,17,11,0.44,0
dl_1056,26,West_exit,26,17,0.8,0
dl_1056,11,East_exit,13,9,0.8,0
dl_1056,13,East_exit,13,9,0.8,0
dl_1056,20,East_exit_short,20,14,0.44,0
dl_1057,3,,,,,
dl_1057,26,West_exit,26,17,0.8,0
dl_1057,19,East_exit_short,19,13,0.44,0
dl_1057,14,East_exit,16,11,0.8,0
dl_1057,16,East_exit,16,11,0.8,0
dl_1057,25,East_exit_short,25,17,0.44,0
dl_1058,3,,,,,
dl_1058,26,West_exit,26,17,0.8,0
dl_1058,19,East_exit_short,19,13,0.44,0
dl_1058,15,East_exit,15,11,0.8,0
dl_1058,14,East_exit,15,11,0.8,0
dl_1058,25,East_exit_short,25,17,0.44,0
dl_1059,3,,,,,
dl_1059,26,West_exit,26,17,0.8,0
dl_1059,19,East_exit_short,19,13,0.44,0
dl_1059,25,East_exit_short,25,17,0.44,0
dl_1059,14,East_exit,14,10,0.8,0
dl_1060,4,,,,,
dl_1060,26,West_exit,26,17,0.8,0
dl_1060,11,East_exit,13,9,0.8,0
dl_1060,12,West_exit_short,12,8,0.44,0
dl_1060,19,East_exit_short,19,13,0.44,0
dl_1060,25,East_exit_short,25,17,0.44,0
dl_1061,4,,,,,
dl_1061,26,West_exit,26,17,0.8,0
dl_1061,14,West_exit_short,14,9,0.44,0
dl_1061,11,East_exit,13,9,0.8,0
dl_1061,13,East_exit,13,9,0.8,0
dl_1061,19,East_exit_short,19,13,0.44,0
dl_1061,25,East_exit_short,25,17,0.44,0
dl_1062,3,,,,,
dl_1062,19,East_exit_short,19,13,0.44,0
dl_1062,24,East_exit_short,24,17,0.44,0
dl_1062,14,East_exit,16,11,0.8,0
dl_1062,16,East_exit,16,11,0.8,0
dl_1062,26,West_exit,26,17,0.8,0
dl_1063,3,,,,,
dl_1063,19,East_exit_short,19,13,0.44,0
dl_1063,24,East_exit_short,24,17,0.44,0
dl_1063,15,East_exit,15,11,0.8,0
dl_1063,14,East_exit,15,11,0.8,0
dl_1063,26,West_exit,26,17,0.8,0
dl_1064,3,,,,,
dl_1064,19,East_exit_short,19,13,0.44,0
dl_1064,24,East_exit_short,24,17,0.44,0
dl_1064,26,West_exit,26,17,0.8,0
dl_1064,14,East_exit,14,10,0.8,0
dl_1065,4,,,,,
dl_1065,11,East_exit,13,9,0.8,0
dl_1065,24,East_exit_short,24,17,0.44,0
dl_1065,12,West_exit_short,12,8,0.44,0
dl_1065,19,East_exit_short,19,13,0.44,0
dl_1065,26,West_exit,26,17,0.8,0
dl_1066,4,,,,,
dl_1066,24,East_exit_short,24,17,0.44,0
dl_1066,14,West_exit_short,14,9,0.44,0
dl_1066,11,East_exit,13,9,0.8,0
dl_1066,13,East_exit,13,9,0.8,0
dl_1066,19,East_exit_short,19,13,0.44,0
dl_1066,26,West_exit,26,17,0.8,0
dl_1067,3,,,,,
dl_1067,19,East_exit_short,19,13,0.44,0
dl_1067,23,East_exit_short,23,16,0.44,0
dl_1067,14,East_exit,16,11,0.8,0
dl_1067,16,East_exit,16,11,0.8,0
dl_1067,26,West_exit,26,17,0.8,0
dl_1068,3,,,,,
dl_1068,19,East_exit_short,19,13,0.44,0
dl_1068,23,East_exit_short,23,16,0.44,0
dl_1068,15,East_exit,15,11,0.8,0
dl_1068,14,East_exit,15,11,0.8,0
dl_1068,26,West_exit,26,17,0.8,0
dl_1069,3,,,,,
dl_1069,19,East_exit_short,19,13,0.44,0
dl_1069,23,East_exit_short,23,16,0.44,0
dl_1069,26,West_exit,26,17,0.8,0
dl_1069,14,East_exit,14,10,0.8,0
dl_1070,4,,,,,
dl_1070,11,East_exit,13,9,0.8,0
dl_1070,23,East_exit_short,23,16,0.44,0
dl_1070,12,West_exit_short,12,8,0.44,0
dl_1070,19,East_exit_short,19,13,0.44,0
dl_1070,26,West_exit,26,17,0.8,0
dl_1071,4,,,,,
dl_1071,14,West_exit_short,14,9,0.44,0
dl_1071,11,East_exit,13,9,0.8,0
dl_1071,13,East_exit,13,9,0.8,0
dl_1071,23,East_exit_short,23,16,0.44,0
dl_1071,19,East_exit_short,19,13,0.44,0
dl_1071,26,West_exit,26,17,0.8,0
dl_1072,4,,,,,
dl_1072,26,West_exit,26,17,0.8,0
dl_1072,16,West_exit_short,16,10,0.44,0
dl_1072,19,East_exit_short,19,13,0.44,0
dl_1072,25,East_exit_short,25,17,0.44,0
dl_1072,11,East_exit,13,9,0.8,0
dl_1072,13,East_exit,13,9,0.8,0
dl_1073,4,,,,,
dl_1073,24,East_exit_short,24,17,0.44,0
dl_1073,11,East_exit,13,9,0.8,0
dl_1073,13,East_exit,13,9,0.8,0
dl_1073,19,East_exit_short,19,13,0.44,0
dl_1073,26,West_exit,26,17,0.8,0
dl_1073,16,West_exit_short,16,10,0.44,0
dl_1074,4,,,,,
dl_1074,11,East_exit,13,9,0.8,0
dl_1074,13,East_exit,13,9,0.8,0
dl_1074,23,East_exit_short,23,16,0.44,0
dl_1074,19,East_exit_short,19,13,0.44,0
dl_1074,26,West_exit,26,17,0.8,0
dl_1074,16,West_exit_short,16,10,0.44,0
dl_1075,4,,,,,
dl_1075,26,West_exit,26,17,0.8,0
dl_1075,15,West_exit_short,15,10,0.44,0
dl_1075,19,East_exit_short,19,13,0.44,0
dl_1075,25,East_exit_short,25,17,0.44,0
dl_1075,11,East_exit,13,9,0.8,0
dl_1075,13,East_exit,13,9,0.8,0
dl_1076,4,,,,,
dl_1076,24,East_exit_short,24,17,0.44,0
dl_1076,11,East_exit,13,9,0.8,0
dl_1076,13,East_exit,13,9,0.8,0
dl_1076,19,East_exit_short,19,13,0.44,0
dl_1076,15,West_exit_short,15,10,0.44,0
dl_1076,26,West_exit,26,17,0.8,0
dl_1077,4,,,,,
dl_1077,11,East_exit,13,9,0.8,0
dl_1077,13,East_exit,13,9,0.8,0
dl_1077,23,East_exit_short,23,16,0.44,0
dl_1077,19,East_exit_short,19,13,0.44,0
dl_1077,26,West_exit,26,17,0.8,0
dl_1077,15,West_exit_short,15,10,0.44,0
dl_1078,4,,,,,
dl_1078,26,West_exit,26,17,0.8,0
dl_1078,17,West_exit_short,17,11,0.44,0
dl_1078,19,East_exit_short,19,13,0.44,0
dl_1078,25,East_exit_short,25,17,0.44,0
dl_1078,11,East_exit,13,9,0.8,0
dl_1078,13,East_exit,13,9,0.8,0
dl_1079,4,,,,,
dl_1079,24,East_exit_short,24,17,0.44,0
dl_1079,17,West_exit_short,17,11,0.44,0
dl_1079,19,East_exit_short,19,13,0.44,0
dl_1079,26,West_exit,26,17,0.8,0
dl_1079,11,East_exit,13,9,0.8,0
dl_1079,13,East_exit,13,9,0.8,0
dl_1080,4,,,,,
dl_1080,11,East_exit,13,9,0.8,0
dl_1080,13,East_exit,13,9,0.8,0
dl_1080,23,East_exit_short,23,16,0.44,0
dl_1080,19,East_exit_short,19,13,0.44,0
dl_1080,26,West_exit,26,17,0.8,0
dl_1080,17,West_exit_short,17,11,0.44,0
dl_1081,4,,,,,
dl_1081,25,East_exit_short,25,17,0.44,0
dl_1081,26,West_exit,26,17,0.8,0
dl_1081,22,East_exit_short,22,15,0.44,0
dl_1081,11,East_exit,13,9,0.8,0
dl_1081,13,East_exit,13,9,0.8,0
dl_1081,18,West_exit_short,18,12,0.44,0
dl_1082,4,,,,,
dl_1082,11,East_exit,13,9,0.8,0
dl_1082,13,East_exit,13,9,0.8,0
dl_1082,26,West_exit,26,17,0.8,0
dl_1082,25,East_exit_short,25,17,0.44,0
dl_1082,21,East_exit_short,21,15,0.44,0
dl_1082,18,West_exit_short,18,12,0.44,0
dl_1083,4,,,,,
dl_1083,26,West_exit,26,17,0.8,0
dl_1083,25,East_exit_short,25,17,0.44,0
dl_1083,20,East_exit_short,20,14,0.44,0
dl_1083,11,East_exit,13,9,0.8,0
dl_1083,13,East_exit,13,9,0.8,0
dl_1083,18,West_exit_short,18,12,0.44,0
dl_1084,4,,,,,
dl_1084,24,East_exit_short,24,17,0.44,0
dl_1084,22,East_exit_short,22,15,0.44,0
dl_1084,26,West_exit,26,17,0.8,0
dl_1084,11,East_exit,13,9,0.8,0
dl_1084,13,East_exit,13,9,0.8,0
dl_1084,18,West_exit_short,18,12,0.44,0
dl_1085,4,,,,,
dl_1085,11,East_exit,13,9,0.8,0
dl_1085,13,East_exit,13,9,0.8,0
dl_1085,24,East_exit_short,24,17,0.44,0
dl_1085,21,East_exit_short,21,15,0.44,0
dl_1085,26,West_exit,26,17,0.8,0
dl_1085,18,West_exit_short,18,12,0.44,0
dl_1086,4,,,,,
dl_1086,24,East_exit_short,24,17,0.44,0
dl_1086,26,West_exit,26,17,0.8,0
dl_1086,20,East_exit_short,20,14,0.44,0
dl_1086,11,East_exit,13,9,0.8,0
dl_1086,13,East_exit,13,9,0.8,0
dl_1086,18,West_exit_short,18,12,0.44,0
dl_1087,4,,,,,
dl_1087,23,East_exit_short,23,16,0.44,0
dl_1087,22,East_exit_short,22,15,0.44,0
dl_1087,26,West_exit,26,17,0.8,0
dl_1087,11,East_exit,13,9,0.8,0
dl_1087,13,East_exit,13,9,0.8,0
dl_1087,18,West_exit_short,18,12,0.44,0
dl_1088,4,,,,,
dl_1088,23,East_exit_short,23,16,0.44,0
dl_1088,11,East_exit,13,9,0.8,0
dl_1088,13,East_exit,13,9,0.8,0
dl_1088,21,East_exit_short,21,15,0.44,0
dl_1088,26,West_exit,26,17,0.8,0
dl_1088,18,West_exit_short,18,12,0.44,0
dl_1089,4,,,,,
dl_1089,23,East_exit_short,23,16,0.44,0
dl_1089,26,West_exit,26,17,0.8,0
dl_1089,11,East_exit,13,9,0.8,0
dl_1089,13,East_exit,13,9,0.8,0
dl_1089,20,East_exit_short,20,14,0.44,0
dl_1089,18,West_exit_short,18,12,0.44,0
dl_1090,4,,,,,
dl_1090,26,West_exit,26,17,0.8,0
dl_1090,19,East_exit_short,19,13,0.44,0
dl_1090,25,East_exit_short,25,17,0.44,0
dl_1090,11,East_exit,13,9,0.8,0
dl_1090,13,East_exit,13,9,0.8,0
dl_1090,18,West_exit_short,18,12,0.44,0
dl_1091,4,,,,,
dl_1091,24,East_exit_short,24,17,0.44,0
dl_1091,19,East_exit_short,19,13,0.44,0
dl_1091,26,West_exit,26,17,0.8,0
dl_1091,11,East_exit,13,9,0.8,0
dl_1091,13,East_exit,13,9,0.8,0
dl_1091,18,West_exit_short,18,12,0.44,0
dl_1092,4,,,,,
dl_1092,11,East_exit,13,9,0.8,0
dl_1092,13,East_exit,13,9,0.8,0
dl_1092,23,East_exit_short,23,16,0.44,0
dl_1092,19,East_exit_short,19,13,0.44,0
dl_1092,26,West_exit,26,17,0.8,0
dl_1092,18,West_exit_short,18,12,0.44,0
dl_1093,4,,,,,
dl_1093,26,West_exit,26,17,0.8,0
dl_1093,19,East_exit_short,19,13,0.44,0
dl_1093,20,West_exit_short,20,13,0.44,0
dl_1093,25,East_exit_short,25,17,0.44,0
dl_1093,11,East_exit,13,9,0.8,0
dl_1093,13,East_exit,13,9,0.8,0
dl_1094,4,,,,,
dl_1094,19,East_exit_short,19,13,0.44,0
dl_1094,24,East_exit_short,24,17,0.44,0
dl_1094,20,West_exit_short,20,13,0.44,0
dl_1094,26,West_exit,26,17,0.8,0
dl_1094,11,East_exit,13,9,0.8,0
dl_1094,13,East_exit,13,9,0.8,0
dl_1095,4,,,,,
dl_1095,23,East_exit_short,23,16,0.44,0
dl_1095,19,East_exit_short,19,13,0.44,0
dl_1095,20,West_exit_short,20,13,0.44,0
dl_1095,11,East_exit,13,9,0.8,0
dl_1095,13,East_exit,13,9,0.8,0
dl_1095,26,West_exit,26,17,0.8,0
dl_1096,3,,,,,
dl_1096,22,East_exit_short,22,15,0.44,0
dl_1096,14,East_exit,16,11,0.8,0
dl_1096,16,East_exit,16,11,0.8,0
dl_1096,19,East_exit_short,19,13,0.44,0
dl_1096,26,West_exit,26,17,0.8,0
dl_1097,3,,,,,
dl_1097,22,East_exit_short,22,15,0.44,0
dl_1097,15,East_exit,15,11,0.8,0
dl_1097,14,East_exit,15,11,0.8,0
dl_1097,19,East_exit_short,19,13,0.44,0
dl_1097,26,West_exit,26,17,0.8,0
dl_1098,3,,,,,
dl_1098,19,East_exit_short,19,13,0.44,0
dl_1098,22,East_exit_short,22,15,0.44,0
dl_1098,26,West_exit,26,17,0.8,0
dl_1098,14,East_exit,14,10,0.8,0
dl_1099,4,,,,,
dl_1099,11,East_exit,13,9,0.8,0
dl_1099,12,West_exit_short,12,8,0.44,0
dl_1099,22,East_exit_short,22,15,0.44,0
dl_1099,19,East_exit_short,19,13,0.44,0
dl_1099,26,West_exit,26,17,0.8,0
dl_1100,4,,,,,
dl_1100,14,West_exit_short,14,9,0.44,0
dl_1100,11,East_exit,13,9,0.8,0
dl_1100,13,East_exit,13,9,0.8,0
dl_1100,22,East_exit_short,22,15,0.44,0
dl_1100,19,East_exit_short,19,13,0.44,0
dl_1100,26,West_exit,26,17,0.8,0
dl_1101,4,,,,,
dl_1101,16,West_exit_short,16,10,0.44,0
dl_1101,11,East_exit,13,9,0.8,0
dl_1101,13,East_exit,13,9,0.8,0
dl_1101,22,East_exit_short,22,15,0.44,0
dl_1101,19,East_exit_short,19,13,0.44,0
dl_1101,26,West_exit,26,17,0.8,0
dl_1102,4,,,,,
dl_1102,15,West_exit_short,15,10,0.44,0
dl_1102,11,East_exit,13,9,0.8,0
dl_1102,13,East_exit,13,9,0.8,0
dl_1102,22,East_exit_short,22,15,0.44,0
dl_1102,19,East_exit_short,19,13,0.44,0
dl_1102,26,West_exit,26,17,0.8,0
dl_1103,4,,,,,
dl_1103,17,West_exit_short,17,11,0.44,0
dl_1103,11,East_exit,13,9,0.8,0
dl_1103,13,East_exit,13,9,0.8,0
dl_1103,22,East_exit_short,22,15,0.44,0
dl_1103,19,East_exit_short,19,13,0.44,0
dl_1103,26,West_exit,26,17,0.8,0
dl_1104,4,,,,,
dl_1104,11,East_exit,13,9,0.8,0
dl_1104,13,East_exit,13,9,0.8,0
dl_1104,22,East_exit_short,22,15,0.44,0
dl_1104,19,East_exit_short,19,13,0.44,0
dl_1104,26,West_exit,26,17,0.8,0
dl_1104,18,West_exit_short,18,12,0.44,0
dl_1105,4,,,,,
dl_1105,20,West_exit_short,20,13,0.44,0
dl_1105,19,East_exit_short,19,13,0.44,0
dl_1105,11,East_exit,13,9,0.8,0
dl_1105,13,East_exit,13,9,0.8,0
dl_1105,22,East_exit_short,22,15,0.44,0
dl_1105,26,West_exit,26,17,0.8,0
dl_1106,2,,,,,
dl_1106,11,East_exit,12,9,0.8,0
dl_1106,13,West_exit_short,13,8,0.44,0
dl_1106,17,West_exit,16,10,0.8,0
dl_1106,16,West_exit,16,10,0.8,0
dl_1107,2,,,,,
dl_1107,11,East_exit,12,9,0.8,0
dl_1107,13,West_exit_short,13,8,0.44,0
dl_1107,15,West_exit,15,10,0.8,0
dl_1107,17,West_exit,15,10,0.8,0
dl_1108,2,,,,,
dl_1108,11,East_exit,12,9,0.8,0
dl_1108,13,West_exit_short,13,8,0.44,0
dl_1108,17,West_exit,17,11,0.8,0
dl_1109,2,,,,,
dl_1109,11,East_exit,12,9,0.8,0
dl_1109,13,West_exit_short,13,8,0.44,0
dl_1109,20,West_exit,19,12,0.8,0
dl_1109,19,West_exit,19,12,0.8,0
dl_1110,2,,,,,
dl_1110,11,East_exit,12,9,0.8,0
dl_1110,13,West_exit_short,13,8,0.44,0
dl_1110,18,West_exit,18,12,0.8,0
dl_1110,20,West_exit,18,12,0.8,0
dl_1111,2,,,,,
dl_1111,11,East_exit,12,9,0.8,0
dl_1111,13,West_exit_short,13,8,0.44,0
dl_1111,20,West_exit,20,13,0.8,0
dl_1112,3,,,,,
dl_1112,11,East_exit,12,9,0.8,0
dl_1112,13,West_exit_short,13,8,0.44,0
dl_1112,23,West_exit,21,14,0.8,0
dl_1112,22,East_exit_short,22,15,0.44,0
dl_1113,3,,,,,
dl_1113,11,East_exit,12,9,0.8,0
dl_1113,13,West_exit_short,13,8,0.44,0
dl_1113,22,East_exit_short,22,15,0.44,0
dl_1113,23,West_exit,23,15,0.8,0
dl_1114,3,,,,,
dl_1114,11,East_exit,12,9,0.8,0
dl_1114,13,West_exit_short,13,8,0.44,0
dl_1114,23,West_exit,22,14,0.8,0
dl_1114,21,East_exit_short,21,15,0.44,0
dl_1115,3,,,,,
dl_1115,11,East_exit,12,9,0.8,0
dl_1115,21,East_exit_short,21,15,0.44,0
dl_1115,13,West_exit_short,13,8,0.44,0
dl_1115,23,West_exit,23,15,0.8,0
dl_1116,3,,,,,
dl_1116,11,East_exit,12,9,0.8,0
dl_1116,20,East_exit_short,20,14,0.44,0
dl_1116,23,West_exit,22,14,0.8,0
dl_1116,22,West_exit,22,14,0.8,0
dl_1116,13,West_exit_short,13,8,0.44,0
dl_1117,3,,,,,
dl_1117,11,East_exit,12,9,0.8,0
dl_1117,20,East_exit_short,20,14,0.44,0
dl_1117,21,West_exit,21,14,0.8,0
dl_1117,23,West_exit,21,14,0.8,0
dl_1117,13,West_exit_short,13,8,0.44,0
dl_1118,3,,,,,
dl_1118,11,East_exit,12,9,0.8,0
dl_1118,20,East_exit_short,20,14,0.44,0
dl_1118,13,West_exit_short,13,8,0.44,0
dl_1118,23,West_exit,23,15,0.8,0
dl_1119,4,,,,,
dl_1119,11,East_exit,12,9,0.8,0
dl_1119,13,West_exit_short,13,8,0.44,0
dl_1119,22,East_exit_short,22,15,0.44,0
dl_1119,26,West_exit,25,16,0.8,0
dl_1119,24,East_exit_short,24,17,0.44,0
dl_1120,4,,,,,
dl_1120,11,East_exit,12,9,0.8,0
dl_1120,21,East_exit_short,21,15,0.44,0
dl_1120,13,West_exit_short,13,8,0.44,0
dl_1120,26,West_exit,25,16,0.8,0
dl_1120,24,East_exit_short,24,17,0.44,0
dl_1121,4,,,,,
dl_1121,11,East_exit,12,9,0.8,0
dl_1121,20,East_exit_short,20,14,0.44,0
dl_1121,13,West_exit_short,13,8,0.44,0
dl_1121,26,West_exit,25,16,0.8,0
dl_1121,24,East_exit_short,24,17,0.44,0
dl_1122,2,,,,,
dl_1122,14,West_exit_short,14,9,0.44,0
dl_1122,12,East_exit,12,9,0.8,0
dl_1122,11,East_exit,12,9,0.8,0
dl_1122,17,West_exit,16,10,0.8,0
dl_1122,16,West_exit,16,10,0.8,0
dl_1123,2,,,,,
dl_1123,14,West_exit_short,14,9,0.44,0
dl_1123,12,East_exit,12,9,0.8,0
dl_1123,11,East_exit,12,9,0.8,0
dl_1123,15,West_exit,15,10,0.8,0
dl_1123,17,West_exit,15,10,0.8,0
dl_1124,2,,,,,
dl_1124,14,West_exit_short,14,9,0.44,0
dl_1124,12,East_exit,12,9,0.8,0
dl_1124,11,East_exit,12,9,0.8,0
dl_1124,17,West_exit,17,11,0.8,0
dl_1125,2,,,,,
dl_1125,14,West_exit_short,14,9,0.44,0
dl_1125,12,East_exit,12,9,0.8,0
dl_1125,11,East_exit,12,9,0.8,0
dl_1125,20,West_exit,19,12,0.8,0
dl_1125,19,West_exit,19,12,0.8,0
dl_1126,2,,,,,
dl_1126,14,West_exit_short,14,9,0.44,0
dl_1126,12,East_exit,12,9,0.8,0
dl_1126,11,East_exit,12,9,0.8,0
dl_1126,18,West_exit,18,12,0.8,0
dl_1126,20,West_exit,18,12,0.8,0
dl_1127,2,,,,,
dl_1127,14,West_exit_short,14,9,0.44,0
dl_1127,12,East_exit,12,9,0.8,0
dl_1127,11,East_exit,12,9,0.8,0
dl_1127,20,West_exit,20,13,0.8,0
dl_1128,3,,,,,
dl_1128,23,West_exit,21,14,0.8,0
dl_1128,14,West_exit_short,14,9,0.44,0
dl_1128,12,East_exit,12,9,0.8,0
dl_1128,11,East_exit,12,9,0.8,0
dl_1128,22,East_exit_short,22,15,0.44,0
dl_1129,3,,,,,
dl_1129,14,West_exit_short,14,9,0.44,0
dl_1129,12,East_exit,12,9,0.8,0
dl_1129,11,East_exit,12,9,0.8,0
dl_1129,22,East_exit_short,22,15,0.44,0
dl_1129,23,West_exit,23,15,0.8,0
dl_1130,3,,,,,
dl_1130,23,West_exit,22,14,0.8,0
dl_1130,14,West_exit_short,14,9,0.44,0
dl_1130,12,East_exit,12,9,0.8,0
dl_1130,11,East_exit,12,9,0.8,0
dl_1130,21,East_exit_short,21,15,0.44,0
dl_1131,3,,,,,
dl_1131,21,East_exit_short,21,15,0.44,0
dl_1131,14,West_exit_short,14,9,0.44,0
dl_1131,12,East_exit,12,9,0.8,0
dl_1131,11,East_exit,12,9,0.8,0
dl_1131,23,West_exit,23,15,0.8,0
dl_1132,3,,,,,
dl_1132,20,East_exit_short,20,14,0.44,0
dl_1132,23,West_exit,22,14,0.8,0
dl_1132,22,West_exit,22,14,0.8,0
dl_1132,14,West_exit_short,14,9,0.44,0
dl_1132,12,East_exit,12,9,0.8,0
dl_1132,11,East_exit,12,9,0.8,0
dl_1133,3,,,,,
dl_1133,20,East_exit_short,20,14,0.44,0
dl_1133,21,West_exit,21,14,0.8,0
dl_1133,23,West_exit,21,14,0.8,0
dl_1133,14,West_exit_short,14,9,0.44,0
dl_1133,12,East_exit,12,9,0.8,0
dl_1133,11,East_exit,12,9,0.8,0
dl_1134,3,,,,,
dl_1134,20,East_exit_short,20,14,0.44,0
dl_1134,14,West_exit_short,14,9,0.44,0
dl_1134,12,East_exit,12,9,0.8,0
dl_1134,11,East_exit,12,9,0.8,0
dl_1134,23,West_exit,23,15,0.8,0
dl_1135,4,,,,,
dl_1135,14,West_exit_short,14,9,0.44,0
dl_1135,12,East_exit,12,9,0.8,0
dl_1135,11,East_exit,12,9,0.8,0
dl_1135,22,East_exit_short,22,15,0.44,0
dl_1135,26,West_exit,25,16,0.8,0
dl_1135,24,East_exit_short,24,17,0.44,0
dl_1136,4,,,,,
dl_1136,21,East_exit_short,21,15,0.44,0
dl_1136,14,West_exit_short,14,9,0.44,0
dl_1136,12,East_exit,12,9,0.8,0
dl_1136,11,East_exit,12,9,0.8,0
dl_1136,26,West_exit,25,16,0.8,0
dl_1136,24,East_exit_short,24,17,0.44,0
dl_1137,4,,,,,
dl_1137,20,East_exit_short,20,14,0.44,0
dl_1137,14,West_exit_short,14,9,0.44,0
dl_1137,12,East_exit,12,9,0.8,0
dl_1137,11,East_exit,12,9,0.8,0
dl_1137,26,West_exit,25,16,0.8,0
dl_1137,24,East_exit_short,24,17,0.44,0
dl_1138,4,,,,,
dl_1138,11,East_exit,12,9,0.8,0
dl_1138,23,East_exit_short,23,16,0.44,0
dl_1138,26,West_exit,25,16,0.8,0
dl_1138,25,West_exit,25,16,0.8,0
dl_1138,13,West_exit_short,13,8,0.44,0
dl_1138,22,East_exit_short,22,15,0.44,0
dl_1139,4,,,,,
dl_1139,11,East_exit,12,9,0.8,0
dl_1139,23,East_exit_short,23,16,0.44,0
dl_1139,26,West_exit,25,16,0.8,0
dl_1139,25,West_exit,25,16,0.8,0
dl_1139,21,East_exit_short,21,15,0.44,0
dl_1139,13,West_exit_short,13,8,0.44,0
dl_1140,4,,,,,
dl_1140,11,East_exit,12,9,0.8,0
dl_1140,23,East_exit_short,23,16,0.44,0
dl_1140,26,West_exit,25,16,0.8,0
dl_1140,25,West_exit,25,16,0.8,0
dl_1140,20,East_exit_short,20,14,0.44,0
dl_1140,13,West_exit_short,13,8,0.44,0
dl_1141,4,,,,,
dl_1141,23,East_exit_short,23,16,0.44,0
dl_1141,26,West_exit,25,16,0.8,0
dl_1141,25,West_exit,25,16,0.8,0
dl_1141,14,West_exit_short,14,9,0.44,0
dl_1141,12,East_exit,12,9,0.8,0
dl_1141,11,East_exit,12,9,0.8,0
dl_1141,22,East_exit_short,22,15,0.44,0
dl_1142,4,,,,,
dl_1142,23,East_exit_short,23,16,0.44,0
dl_1142,26,West_exit,25,16,0.8,0
dl_1142,25,West_exit,25,16,0.8,0
dl_1142,21,East_exit_short,21,15,0.44,0
dl_1142,14,West_exit_short,14,9,0.44,0
dl_1142,12,East_exit,12,9,0.8,0
dl_1142,11,East_exit,12,9,0.8,0
dl_1143,4,,,,,
dl_1143,23,East_exit_short,23,16,0.44,0
dl_1143,26,West_exit,25,16,0.8,0
dl_1143,25,West_exit,25,16,0.8,0
dl_1143,14,West_exit_short,14,9,0.44,0
dl_1143,12,East_exit,12,9,0.8,0
dl_1143,11,East_exit,12,9,0.8,0
dl_1143,20,East_exit_short,20,14,0.44,0
dl_1144,2,,,,,
dl_1144,16,West_exit_short,16,10,0.44,0
dl_1144,12,East_exit,12,9,0.8,0
dl_1144,11,East_exit,12,9,0.8,0
dl_1144,20,West_exit,19,12,0.8,0
dl_1144,19,West_exit,19,12,0.8,0
dl_1145,2,,,,,
dl_1145,16,West_exit_short,16,10,0.44,0
dl_1145,12,East_exit,12,9,0.8,0
dl_1145,11,East_exit,12,9,0.8,0
dl_1145,18,West_exit,18,12,0.8,0
dl_1145,20,West_exit,18,12,0.8,0
dl_1146,2,,,,,
dl_1146,16,West_exit_short,16,10,0.44,0
dl_1146,12,East_exit,12,9,0.8,0
dl_1146,11,East_exit,12,9,0.8,0
dl_1146,20,West_exit,20,13,0.8,0
dl_1147,3,,,,,
dl_1147,23,West_exit,21,14,0.8,0
dl_1147,16,West_exit_short,16,10,0.44,0
dl_1147,12,East_exit,12,9,0.8,0
dl_1147,11,East_exit,12,9,0.8,0
dl_1147,22,East_exit_short,22,15,0.44,0
dl_1148,3,,,,,
dl_1148,16,West_exit_short,16,10,0.44,0
dl_1148,12,East_exit,12,9,0.8,0
dl_1148,11,East_exit,12,9,0.8,0
dl_1148,22,East_exit_short,22,15,0.44,0
dl_1148,23,West_exit,23,15,0.8,0
dl_1149,3,,,,,
dl_1149,23,West_exit,22,14,0.8,0
dl_1149,16,West_exit_short,16,10,0.44,0
dl_1149,12,East_exit,12,9,0.8,0
dl_1149,11,East_exit,12,9,0.8,0
dl_1149,21,East_exit_short,21,15,0.44,0
dl_1150,3,,,,,
dl_1150,21,East_exit_short,21,15,0.44,0
dl_1150,12,East_exit,12,9,0.8,0
dl_1150,11,East_exit,12,9,0.8,0
dl_1150,23,West_exit,23,15,0.8,0
dl_1150,16,West_exit_short,16,10,0.44,0
dl_1151,3,,,,,
dl_1151,20,East_exit_short,20,14,0.44,0
dl_1151,23,West_exit,22,14,0.8,0
dl_1151,22,West_exit,22,14,0.8,0
dl_1151,12,East_exit,12,9,0.8,0
dl_1151,11,East_exit,12,9,0.8,0
dl_1151,16,West_exit_short,16,10,0.44,0
dl_1152,3,,,,,
dl_1152,20,East_exit_short,20,14,0.44,0
dl_1152,21,West_exit,21,14,0.8,0
dl_1152,23,West_exit,21,14,0.8,0
dl_1152,12,East_exit,12,9,0.8,0
dl_1152,11,East_exit,12,9,0.8,0
dl_1152,16,West_exit_short,16,10,0.44,0
dl_1153,3,,,,,
dl_1153,20,East_exit_short,20,14,0.44,0
dl_1153,12,East_exit,12,9,0.8,0
dl_1153,11,East_exit,12,9,0.8,0
dl_1153,23,West_exit,23,15,0.8,0
dl_1153,16,West_exit_short,16,10,0.44,0
dl_1154,4,,,,,
dl_1154,16,West_exit_short,16,10,0.44,0
dl_1154,12,East_exit,12,9,0.8,0
dl_1154,11,East_exit,12,9,0.8,0
dl_1154,22,East_exit_short,22,15,0.44,0
dl_1154,26,West_exit,25,16,0.8,0
dl_1154,24,East_exit_short,24,17,0.44,0
dl_1155,4,,,,,
dl_1155,21,East_exit_short,21,15,0.44,0
dl_1155,12,East_exit,12,9,0.8,0
dl_1155,11,East_exit,12,9,0.8,0
dl_1155,26,West_exit,25,16,0.8,0
dl_1155,24,East_exit_short,24,17,0.44,0
dl_1155,16,West_exit_short,16,10,0.44,0
dl_1156,4,,,,,
dl_1156,20,East_exit_short,20,14,0.44,0
dl_1156,12,East_exit,12,9,0.8,0
dl_1156,11,East_exit,12,9,0.8,0
dl_1156,26,West_exit,25,16,0.8,0
dl_1156,24,East_exit_short,24,17,0.44,0
dl_1156,16,West_exit_short,16,10,0.44,0
dl_1157,4,,,,,
dl_1157,23,East_exit_short,23,16,0.44,0
dl_1157,26,West_exit,25,16,0.8,0
dl_1157,25,West_exit,25,16,0.8,0
dl_1157,12,East_exit,12,9,0.8,0
dl_1157,11,East_exit,12,9,0.8,0
dl_1157,22,East_exit_short,22,15,0.44,0
dl_1157,16,West_exit_short,16,10,0.44,0
dl_1158,4,,,,,
dl_1158,23,East_exit_short,23,16,0.44,0
dl_1158,26,West_exit,25,16,0.8,0
dl_1158,25,West_exit,25,16,0.8,0
dl_1158,21,East_exit_short,21,15,0.44,0
dl_1158,12,East_exit,12,9,0.8,0
dl_1158,11,East_exit,12,9,0.8,0
dl_1158,16,West_exit_short,16,10,0.44,0
dl_1159,4,,,,,
dl_1159,23,East_exit_short,23,16,0.44,0
dl_1159,26,West_exit,25,16,0.8,0
dl_1159,25,West_exit,25,16,0.8,0
dl_1159,12,East_exit,12,9,0.8,0
dl_1159,11,East_exit,12,9,0.8,0
dl_1159,20,East_exit_short,20,14,0.44,0
dl_1159,16,West_exit_short,16,10,0.44,0
dl_1160,2,,,,,
dl_1160,15,West_exit_short,15,10,0.44,0
dl_1160,12,East_exit,12,9,0.8,0
dl_1160,11,East_exit,12,9,0.8,0
dl_1160,20,West_exit,19,12,0.8,0
dl_1160,19,West_exit,19,12,0.8,0
dl_1161,2,,,,,
dl_1161,15,West_exit_short,15,10,0.44,0
dl_1161,12,East_exit,12,9,0.8,0
dl_1161,11,East_exit,12,9,0.8,0
dl_1161,18,West_exit,18,12,0.8,0
dl_1161,20,West_exit,18,12,0.8,0
dl_1162,2,,,,,
dl_1162,15,West_exit_short,15,10,0.44,0
dl_1162,12,East_exit,12,9,0.8,0
dl_1162,11,East_exit,12,9,0.8,0
dl_1162,20,West_exit,20,13,0.8,0
dl_1163,3,,,,,
dl_1163,23,West_exit,21,14,0.8,0
dl_1163,12,East_exit,12,9,0.8,0
dl_1163,11,East_exit,12,9,0.8,0
dl_1163,22,East_exit_short,22,15,0.44,0
dl_1163,15,West_exit_short,15,10,0.44,0
dl_1164,3,,,,,
dl_1164,15,West_exit_short,15,10,0.44,0
dl_1164,12,East_exit,12,9,0.8,0
dl_1164,11,East_exit,12,9,0.8,0
dl_1164,22,East_exit_short,22,15,0.44,0
dl_1164,23,West_exit,23,15,0.8,0
dl_1165,3,,,,,
dl_1165,23,West_exit,22,14,0.8,0
dl_1165,12,East_exit,12,9,0.8,0
dl_1165,11,East_exit,12,9,0.8,0
dl_1165,21,East_exit_short,21,15,0.44,0
dl_1165,15,West_exit_short,15,10,0.44,0
dl_1166,3,,,,,
dl_1166,21,East_exit_short,21,15,0.44,0
dl_1166,12,East_exit,12,9,0.8,0
dl_1166,11,East_exit,12,9,0.8,0
dl_1166,23,West_exit,23,15,0.8,0
dl_1166,15,West_exit_short,15,10,0.44,0
dl_1167,3,,,,,
dl_1167,20,East_exit_short,20,14,0.44,0
dl_1167,23,West_exit,22,14,0.8,0
dl_1167,22,West_exit,22,14,0.8,0
dl_1167,12,East_exit,12,9,0.8,0
dl_1167,11,East_exit,12,9,0.8,0
dl_1167,15,West_exit_short,15,10,0.44,0
dl_1168,3,,,,,
dl_1168,20,East_exit_short,20,14,0.44,0
dl_1168,21,West_exit,21,14,0.8,0
dl_1168,23,West_exit,21,14,0.8,0
dl_1168,12,East_exit,12,9,0.8,0
dl_1168,11,East_exit,12,9,0.8,0
dl_1168,15,West_exit_short,15,10,0.44,0
dl_1169,3,,,,,
dl_1169,20,East_exit_short,20,14,0.44,0
dl_1169,12,East_exit,12,9,0.8,0
dl_1169,11,East_exit,12,9,0.8,0
dl_1169,23,West_exit,23,15,0.8,0
dl_1169,15,West_exit_short,15,10,0.44,0
dl_1170,4,,,,,
dl_1170,26,West_exit,25,16,0.8,0
dl_1170,24,East_exit_short,24,17,0.44,0
dl_1170,12,East_exit,12,9,0.8,0
dl_1170,11,East_exit,12,9,0.8,0
dl_1170,22,East_exit_short,22,15,0.44,0
dl_1170,15,West_exit_short,15,10,0.44,0
dl_1171,4,,,,,
dl_1171,21,East_exit_short,21,15,0.44,0
dl_1171,12,East_exit,12,9,0.8,0
dl_1171,11,East_exit,12,9,0.8,0
dl_1171,26,West_exit,25,16,0.8,0
dl_1171,24,East_exit_short,24,17,0.44,0
dl_1171,15,West_exit_short,15,10,0.44,0
dl_1172,4,,,,,
dl_1172,20,East_exit_short,20,14,0.44,0
dl_1172,12,East_exit,12,9,0.8,0
dl_1172,11,East_exit,12,9,0.8,0
dl_1172,26,West_exit,25,16,0.8,0
dl_1172,24,East_exit_short,24,17,0.44,0
dl_1172,15,West_exit_short,15,10,0.44,0
dl_1173,4,,,,,
dl_1173,23,East_exit_short,23,16,0.44,0
dl_1173,26,West_exit,25,16,0.8,0
dl_1173,25,West_exit,25,16,0.8,0
dl_1173,12,East_exit,12,9,0.8,0
dl_1173,11,East_exit,12,9,0.8,0
dl_1173,22,East_exit_short,22,15,0.44,0
dl_1173,15,West_exit_short,15,10,0.44,0
dl_1174,4,,,,,
dl_1174,23,East_exit_short,23,16,0.44,0
dl_1174,26,West_exit,25,16,0.8,0
dl_1174,25,West_exit,25,16,0.8,0
dl_1174,21,East_exit_short,21,15,0.44,0
dl_1174,12,East_exit,12,9,0.8,0
dl_1174,11,East_exit,12,9,0.8,0
dl_1174,15,West_exit_short,15,10,0.44,0
dl_1175,4,,,,,
dl_1175,23,East_exit_short,23,16,0.44,0
dl_1175,26,West_exit,25,16,0.8,0
dl_1175,25,West_exit,25,16,0.8,0
dl_1175,12,East_exit,12,9,0.8,0
dl_1175,11,East_exit,12,9,0.8,0
dl_1175,20,East_exit_short,20,14,0.44,0
dl_1175,15,West_exit_short,15,10,0.44,0
dl_1176,2,,,,,
dl_1176,17,West_exit_short,17,11,0.44,0
dl_1176,12,East_exit,12,9,0.8,0
dl_1176,11,East_exit,12,9,0.8,0
dl_1176,20,West_exit,19,12,0.8,0
dl_1176,19,West_exit,19,12,0.8,0
dl_1177,2,,,,,
dl_1177,17,West_exit_short,17,11,0.44,0
dl_1177,12,East_exit,12,9,0.8,0
dl_1177,11,East_exit,12,9,0.8,0
dl_1177,18,West_exit,18,12,0.8,0
dl_1177,20,West_exit,18,12,0.8,0
dl_1178,2,,,,,
dl_1178,17,West_exit_short,17,11,0.44,0
dl_1178,12,East_exit,12,9,0.8,0
dl_1178,11,East_exit,12,9,0.8,0
dl_1178,20,West_exit,20,13,0.8,0
dl_1179,3,,,,,
dl_1179,23,West_exit,21,14,0.8,0
dl_1179,12,East_exit,12,9,0.8,0
dl_1179,11,East_exit,12,9,0.8,0
dl_1179,22,East_exit_short,22,15,0.44,0
dl_1179,17,West_exit_short,17,11,0.44,0
dl_1180,3,,,,,
dl_1180,17,West_exit_short,17,11,0.44,0
dl_1180,12,East_exit,12,9,0.8,0
dl_1180,11,East_exit,12,9,0.8,0
dl_1180,22,East_exit_short,22,15,0.44,0
dl_1180,23,West_exit,23,15,0.8,0
dl_1181,3,,,,,
dl_1181,23,West_exit,22,14,0.8,0
dl_1181,12,East_exit,12,9,0.8,0
dl_1181,11,East_exit,12,9,0.8,0
dl_1181,21,East_exit_short,21,15,0.44,0
dl_1181,17,West_exit_short,17,11,0.44,0
dl_1182,3,,,,,
dl_1182,21,East_exit_short,21,15,0.44,0
dl_1182,12,East_exit,12,9,0.8,0
dl_1182,11,East_exit,12,9,0.8,0
dl_1182,23,West_exit,23,15,0.8,0
dl_1182,17,West_exit_short,17,11,0.44,0
dl_1183,3,,,,,
dl_1183,20,East_exit_short,20,14,0.44,0
dl_1183,23,West_exit,22,14,0.8,0
dl_1183,22,West_exit,22,14,0.8,0
dl_1183,12,East_exit,12,9,0.8,0
dl_1183,11,East_exit,12,9,0.8,0
dl_1183,17,West_exit_short,17,11,0.44,0
dl_1184,3,,,,,
dl_1184,20,East_exit_short,20,14,0.44,0
dl_1184,21,West_exit,21,14,0.8,0
dl_1184,23,West_exit,21,14,0.8,0
dl_1184,12,East_exit,12,9,0.8,0
dl_1184,11,East_exit,12,9,0.8,0
dl_1184,17,West_exit_short,17,11,0.44,0
dl_1185,3,,,,,
dl_1185,20,East_exit_short,20,14,0.44,0
dl_1185,12,East_exit,12,9,0.8,0
dl_1185,11,East_exit,12,9,0.8,0
dl_1185,23,West_exit,23,15,0.8,0
dl_1185,17,West_exit_short,17,11,0.44,0
dl_1186,4,,,,,
dl_1186,17,West_exit_short,17,11,0.44,0
dl_1186,12,East_exit,12,9,0.8,0
dl_1186,11,East_exit,12,9,0.8,0
dl_1186,22,East_exit_short,22,15,0.44,0
dl_1186,26,West_exit,25,16,0.8,0
dl_1186,24,East_exit_short,24,17,0.44,0
dl_1187,4,,,,,
dl_1187,21,East_exit_short,21,15,0.44,0
dl_1187,12,East_exit,12,9,0.8,0
dl_1187,11,East_exit,12,9,0.8,0
dl_1187,26,West_exit,25,16,0.8,0
dl_1187,24,East_exit_short,24,17,0.44,0
dl_1187,17,West_exit_short,17,11,0.44,0
dl_1188,4,,,,,
dl_1188,20,East_exit_short,20,14,0.44,0
dl_1188,12,East_exit,12,9,0.8,0
dl_1188,11,East_exit,12,9,0.8,0
dl_1188,26,West_exit,25,16,0.8,0
dl_1188,24,East_exit_short,24,17,0.44,0
dl_1188,17,West_exit_short,17,11,0.44,0
dl_1189,4,,,,,
dl_1189,23,East_exit_short,23,16,0.44,0
dl_1189,26,West_exit,25,16,0.8,0
dl_1189,25,West_exit,25,16,0.8,0
dl_1189,12,East_exit,12,9,0.8,0
dl_1189,11,East_exit,12,9,0.8,0
dl_1189,22,East_exit_short,22,15,0.44,0
dl_1189,17,West_exit_short,17,11,0.44,0
dl_1190,4,,,,,
dl_1190,23,East_exit_short,23,16,0.44,0
dl_1190,26,West_exit,25,16,0.8,0
dl_1190,25,West_exit,25,16,0.8,0
dl_1190,21,East_exit_short,21,15,0.44,0
dl_1190,12,East_exit,12,9,0.8,0
dl_1190,11,East_exit,12,9,0.8,0
dl_1190,17,West_exit_short,17,11,0.44,0
dl_1191,4,,,,,
dl_1191,23,East_exit_short,23,16,0.44,0
dl_1191,26,West_exit,25,16,0.8,0
dl_1191,25,West_exit,25,16,0.8,0
dl_1191,12,East_exit,12,9,0.8,0
dl_1191,11,East_exit,12,9,0.8,0
dl_1191,20,East_exit_short,20,14,0.44,0
dl_1191,17,West_exit_short,17,11,0.44,0
dl_1192,3,,,,,
dl_1192,11,East_exit,12,9,0.8,0
dl_1192,13,West_exit_short,13,8,0.44,0
dl_1192,23,West_exit,22,14,0.8,0
dl_1192,22,West_exit,22,14,0.8,0
dl_1192,19,East_exit_short,19,13,0.44,0
dl_1193,3,,,,,
dl_1193,11,East_exit,12,9,0.8,0
dl_1193,13,West_exit_short,13,8,0.44,0
dl_1193,21,West_exit,21,14,0.8,0
dl_1193,23,West_exit,21,14,0.8,0
dl_1193,19,East_exit_short,19,13,0.44,0
dl_1194,3,,,,,
dl_1194,11,East_exit,12,9,0.8,0
dl_1194,13,West_exit_short,13,8,0.44,0
dl_1194,19,East_exit_short,19,13,0.44,0
dl_1194,23,West_exit,23,15,0.8,0
dl_1195,4,,,,,
dl_1195,26,West_exit,25,16,0.8,0
dl_1195,11,East_exit,12,9,0.8,0
dl_1195,13,West_exit_short,13,8,0.44,0
dl_1195,24,East_exit_short,24,17,0.44,0
dl_1195,19,East_exit_short,19,13,0.44,0
dl_1196,3,,,,,
dl_1196,23,West_exit,22,14,0.8,0
dl_1196,22,West_exit,22,14,0.8,0
dl_1196,14,West_exit_short,14,9,0.44,0
dl_1196,12,East_exit,12,9,0.8,0
dl_1196,11,East_exit,12,9,0.8,0
dl_1196,19,East_exit_short,19,13,0.44,0
dl_1197,3,,,,,
dl_1197,21,West_exit,21,14,0.8,0
dl_1197,23,West_exit,21,14,0.8,0
dl_1197,14,West_exit_short,14,9,0.44,0
dl_1197,12,East_exit,12,9,0.8,0
dl_1197,11,East_exit,12,9,0.8,0
dl_1197,19,East_exit_short,19,13,0.44,0
dl_1198,3,,,,,
dl_1198,14,West_exit_short,14,9,0.44,0
dl_1198,12,East_exit,12,9,0.8,0
dl_1198,11,East_exit,12,9,0.8,0
dl_1198,19,East_exit_short,19,13,0.44,0
dl_1198,23,West_exit,23,15,0.8,0
dl_1199,4,,,,,
dl_1199,26,West_exit,25,16,0.8,0
dl_1199,14,West_exit_short,14,9,0.44,0
dl_1199,12,East_exit,12,9,0.8,0
dl_1199,11,East_exit,12,9,0.8,0
dl_1199,24,East_exit_short,24,17,0.44,0
dl_1199,19,East_exit_short,19,13,0.44,0
dl_1200,4,,,,,
dl_1200,11,East_exit,12,9,0.8,0
dl_1200,23,East_exit_short,23,16,0.44,0
dl_1200,26,West_exit,25,16,0.8,0
dl_1200,25,West_exit,25,16,0.8,0
dl_1200,13,West_exit_short,13,8,0.44,0
dl_1200,19,East_exit_short,19,13,0.44,0
dl_1201,4,,,,,
dl_1201,23,East_exit_short,23,16,0.44,0
dl_1201,26,West_exit,25,16,0.8,0
dl_1201,25,West_exit,25,16,0.8,0
dl_1201,14,West_exit_short,14,9,0.44,0
dl_1201,12,East_exit,12,9,0.8,0
dl_1201,11,East_exit,12,9,0.8,0
dl_1201,19,East_exit_short,19,13,0.44,0
dl_1202,3,,,,,
dl_1202,23,West_exit,22,14,0.8,0
dl_1202,22,West_exit,22,14,0.8,0
dl_1202,12,East_exit,12,9,0.8,0
dl_1202,11,East_exit,12,9,0.8,0
dl_1202,16,West_exit_short,16,10,0.44,0
dl_1202,19,East_exit_short,19,13,0.44,0
dl_1203,3,,,,,
dl_1203,21,West_exit,21,14,0.8,0
dl_1203,23,West_exit,21,14,0.8,0
dl_1203,12,East_exit,12,9,0.8,0
dl_1203,11,East_exit,12,9,0.8,0
dl_1203,16,West_exit_short,16,10,0.44,0
dl_1203,19,East_exit_short,19,13,0.44,0
dl_1204,3,,,,,
dl_1204,16,West_exit_short,16,10,0.44,0
dl_1204,12,East_exit,12,9,0.8,0
dl_1204,11,East_exit,12,9,0.8,0
dl_1204,19,East_exit_short,19,13,0.44,0
dl_1204,23,West_exit,23,15,0.8,0
dl_1205,4,,,,,
dl_1205,12,East_exit,12,9,0.8,0
dl_1205,11,East_exit,12,9,0.8,0
dl_1205,26,West_exit,25,16,0.8,0
dl_1205,24,East_exit_short,24,17,0.44,0
dl_1205,16,West_exit_short,16,10,0.44,0
dl_1205,19,East_exit_short,19,13,0.44,0
dl_1206,4,,,,,
dl_1206,23,East_exit_short,23,16,0.44,0
dl_1206,26,West_exit,25,16,0.8,0
dl_1206,25,West_exit,25,16,0.8,0
dl_1206,12,East_exit,12,9,0.8,0
dl_1206,11,East_exit,12,9,0.8,0
dl_1206,16,West_exit_short,16,10,0.44,0
dl_1206,19,East_exit_short,19,13,0.44,0
dl_1207,3,,,,,
dl_1207,23,West_exit,22,14,0.8,0
dl_1207,22,West_exit,22,14,0.8,0
dl_1207,12,East_exit,12,9,0.8,0
dl_1207,11,East_exit,12,9,0.8,0
dl_1207,15,West_exit_short,15,10,0.44,0
dl_1207,19,East_exit_short,19,13,0.44,0
dl_1208,3,,,,,
dl_1208,21,West_exit,21,14,0.8,0
dl_1208,23,West_exit,21,14,0.8,0
dl_1208,12,East_exit,12,9,0.8,0
dl_1208,11,East_exit,12,9,0.8,0
dl_1208,15,West_exit_short,15,10,0.44,0
dl_1208,19,East_exit_short,19,13,0.44,0
dl_1209,3,,,,,
dl_1209,15,West_exit_short,15,10,0.44,0
dl_1209,12,East_exit,12,9,0.8,0
dl_1209,11,East_exit,12,9,0.8,0
dl_1209,19,East_exit_short,19,13,0.44,0
dl_1209,23,West_exit,23,15,0.8,0
dl_1210,4,,,,,
dl_1210,12,East_exit,12,9,0.8,0
dl_1210,11,East_exit,12,9,0.8,0
dl_1210,26,West_exit,25,16,0.8,0
dl_1210,24,East_exit_short,24,17,0.44,0
dl_1210,15,West_exit_short,15,10,0.44,0
dl_1210,19,East_exit_short,19,13,0.44,0
dl_1211,4,,,,,
dl_1211,23,East_exit_short,23,16,0.44,0
dl_1211,26,West_exit,25,16,0.8,0
dl_1211,25,West_exit,25,16,0.8,0
dl_1211,12,East_exit,12,9,0.8,0
dl_1211,11,East_exit,12,9,0.8,0
dl_1211,15,West_exit_short,15,10,0.44,0
dl_1211,19,East_exit_short,19,13,0.44,0
dl_1212,3,,,,,
dl_1212,23,West_exit,22,14,0.8,0
dl_1212,22,West_exit,22,14,0.8,0
dl_1212,12,East_exit,12,9,0.8,0
dl_1212,11,East_exit,12,9,0.8,0
dl_1212,17,West_exit_short,17,11,0.44,0
dl_1212,19,East_exit_short,19,13,0.44,0
dl_1213,3,,,,,
dl_1213,21,West_exit,21,14,0.8,0
dl_1213,23,West_exit,21,14,0.8,0
dl_1213,12,East_exit,12,9,0.8,0
dl_1213,11,East_exit,12,9,0.8,0
dl_1213,17,West_exit_short,17,11,0.44,0
dl_1213,19,East_exit_short,19,13,0.44,0
dl_1214,3,,,,,
dl_1214,17,West_exit_short,17,11,0.44,0
dl_1214,12,East_exit,12,9,0.8,0
dl_1214,11,East_exit,12,9,0.8,0
dl_1214,19,East_exit_short,19,13,0.44,0
dl_1214,23,West_exit,23,15,0.8,0
dl_1215,4,,,,,
dl_1215,12,East_exit,12,9,0.8,0
dl_1215,11,East_exit,12,9,0.8,0
dl_1215,26,West_exit,25,16,0.8,0
dl_1215,24,East_exit_short,24,17,0.44,0
dl_1215,17,West_exit_short,17,11,0.44,0
dl_1215,19,East_exit_short,19,13,0.44,0
dl_1216,4,,,,,
dl_1216,23,East_exit_short,23,16,0.44,0
dl_1216,26,West_exit,25,16,0.8,0
dl_1216,25,West_exit,25,16,0.8,0
dl_1216,12,East_exit,12,9,0.8,0
dl_1216,11,East_exit,12,9,0.8,0
dl_1216,17,West_exit_short,17,11,0.44,0
dl_1216,19,East_exit_short,19,13,0.44,0
dl_1217,3,,,,,
dl_1217,23,West_exit,21,14,0.8,0
dl_1217,12,East_exit,12,9,0.8,0
dl_1217,11,East_exit,12,9,0.8,0
dl_1217,22,East_exit_short,22,15,0.44,0
dl_1217,18,West_exit_short,18,12,0.44,0
dl_1218,3,,,,,
dl_1218,12,East_exit,12,9,0.8,0
dl_1218,11,East_exit,12,9,0.8,0
dl_1218,22,East_exit_short,22,15,0.44,0
dl_1218,23,West_exit,23,15,0.8,0
dl_1218,18,West_exit_short,18,12,0.44,0
dl_1219,3,,,,,
dl_1219,23,West_exit,22,14,0.8,0
dl_1219,12,East_exit,12,9,0.8,0
dl_1219,11,East_exit,12,9,0.8,0
dl_1219,21,East_exit_short,21,15,0.44,0
dl_1219,18,West_exit_short,18,12,0.44,0
dl_1220,3,,,,,
dl_1220,21,East_exit_short,21,15,0.44,0
dl_1220,12,East_exit,12,9,0.8,0
dl_1220,11,East_exit,12,9,0.8,0
dl_1220,23,West_exit,23,15,0.8,0
dl_1220,18,West_exit_short,18,12,0.44,0
dl_1221,3,,,,,
dl_1221,20,East_exit_short,20,14,0.44,0
dl_1221,23,West_exit,22,14,0.8,0
dl_1221,22,West_exit,22,14,0.8,0
dl_1221,12,East_exit,12,9,0.8,0
dl_1221,11,East_exit,12,9,0.8,0
dl_1221,18,West_exit_short,18,12,0.44,0
dl_1222,3,,,,,
dl_1222,20,East_exit_short,20,14,0.44,0
dl_1222,21,West_exit,21,14,0.8,0
dl_1222,23,West_exit,21,14,0.8,0
dl_1222,12,East_exit,12,9,0.8,0
dl_1222,11,East_exit,12,9,0.8,0
dl_1222,18,West_exit_short,18,12,0.44,0
dl_1223,3,,,,,
dl_1223,20,East_exit_short,20,14,0.44,0
dl_1223,12,East_exit,12,9,0.8,0
dl_1223,11,East_exit,12,9,0.8,0
dl_1223,23,West_exit,23,15,0.8,0
dl_1223,18,West_exit_short,18,12,0.44,0
dl_1224,4,,,,,
dl_1224,12,East_exit,12,9,0.8,0
dl_1224,11,East_exit,12,9,0.8,0
dl_1224,22,East_exit_short,22,15,0.44,0
dl_1224,26,West_exit,25,16,0.8,0
dl_1224,24,East_exit_short,24,17,0.44,0
dl_1224,18,West_exit_short,18,12,0.44,0
dl_1225,4,,,,,
dl_1225,21,East_exit_short,21,15,0.44,0
dl_1225,12,East_exit,12,9,0.8,0
dl_1225,11,East_exit,12,9,0.8,0
dl_1225,26,West_exit,25,16,0.8,0
dl_1225,24,East_exit_short,24,17,0.44,0
dl_1225,18,West_exit_short,18,12,0.44,0
dl_1226,4,,,,,
dl_1226,20,East_exit_short,20,14,0.44,0
dl_1226,12,East_exit,12,9,0.8,0
dl_1226,11,East_exit,12,9,0.8,0
dl_1226,26,West_exit,25,16,0.8,0
dl_1226,24,East_exit_short,24,17,0.44,0
dl_1226,18,West_exit_short,18,12,0.44,0
dl_1227,4,,,,,
dl_1227,23,East_exit_short,23,16,0.44,0
dl_1227,26,West_exit,25,16,0.8,0
dl_1227,25,West_exit,25,16,0.8,0
dl_1227,12,East_exit,12,9,0.8,0
dl_1227,11,East_exit,12,9,0.8,0
dl_1227,22,East_exit_short,22,15,0.44,0
dl_1227,18,West_exit_short,18,12,0.44,0
dl_1228,4,,,,,
dl_1228,23,East_exit_short,23,16,0.44,0
dl_1228,26,West_exit,25,16,0.8,0
dl_1228,25,West_exit,25,16,0.8,0
dl_1228,21,East_exit_short,21,15,0.44,0
dl_1228,12,East_exit,12,9,0.8,0
dl_1228,11,East_exit,12,9,0.8,0
dl_1228,18,West_exit_short,18,12,0.44,0
dl_1229,4,,,,,
dl_1229,23,East_exit_short,23,16,0.44,0
dl_1229,26,West_exit,25,16,0.8,0
dl_1229,25,West_exit,25,16,0.8,0
dl_1229,12,East_exit,12,9,0.8,0
dl_1229,11,East_exit,12,9,0.8,0
dl_1229,20,East_exit_short,20,14,0.44,0
dl_1229,18,West_exit_short,18,12,0.44,0
dl_1230,3,,,,,
dl_1230,23,West_exit,22,14,0.8,0
dl_1230,22,West_exit,22,14,0.8,0
dl_1230,12,East_exit,12,9,0.8,0
dl_1230,11,East_exit,12,9,0.8,0
dl_1230,19,East_exit_short,19,13,0.44,0
dl_1230,18,West_exit_short,18,12,0.44,0
dl_1231,3,,,,,
dl_1231,21,West_exit,21,14,0.8,0
dl_1231,23,West_exit,21,14,0.8,0
dl_1231,12,East_exit,12,9,0.8,0
dl_1231,11,East_exit,12,9,0.8,0
dl_1231,19,East_exit_short,19,13,0.44,0
dl_1231,18,West_exit_short,18,12,0.44,0
dl_1232,3,,,,,
dl_1232,12,East_exit,12,9,0.8,0
dl_1232,11,East_exit,12,9,0.8,0
dl_1232,19,East_exit_short,19,13,0.44,0
dl_1232,23,West_exit,23,15,0.8,0
dl_1232,18,West_exit_short,18,12,0.44,0
dl_1233,4,,,,,
dl_1233,12,East_exit,12,9,0.8,0
dl_1233,11,East_exit,12,9,0.8,0
dl_1233,26,West_exit,25,16,0.8,0
dl_1233,24,East_exit_short,24,17,0.44,0
dl_1233,19,East_exit_short,19,13,0.44,0
dl_1233,18,West_exit_short,18,12,0.44,0
dl_1234,4,,,,,
dl_1234,23,East_exit_short,23,16,0.44,0
dl_1234,26,West_exit,25,16,0.8,0
dl_1234,25,West_exit,25,16,0.8,0
dl_1234,12,East_exit,12,9,0.8,0
dl_1234,11,East_exit,12,9,0.8,0
dl_1234,19,East_exit_short,19,13,0.44,0
dl_1234,18,West_exit_short,18,12,0.44,0
dl_1235,3,,,,,
dl_1235,20,West_exit_short,20,13,0.44,0
dl_1235,23,West_exit,22,14,0.8,0
dl_1235,22,West_exit,22,14,0.8,0
dl_1235,12,East_exit,12,9,0.8,0
dl_1235,11,East_exit,12,9,0.8,0
dl_1235,19,East_exit_short,19,13,0.44,0
dl_1236,3,,,,,
dl_1236,20,West_exit_short,20,13,0.44,0
dl_1236,21,West_exit,21,14,0.8,0
dl_1236,23,West_exit,21,14,0.8,0
dl_1236,12,East_exit,12,9,0.8,0
dl_1236,11,East_exit,12,9,0.8,0
dl_1236,19,East_exit_short,19,13,0.44,0
dl_1237,3,,,,,
dl_1237,20,West_exit_short,20,13,0.44,0
dl_1237,12,East_exit,12,9,0.8,0
dl_1237,11,East_exit,12,9,0.8,0
dl_1237,19,East_exit_short,19,13,0.44,0
dl_1237,23,West_exit,23,15,0.8,0
dl_1238,4,,,,,
dl_1238,20,West_exit_short,20,13,0.44,0
dl_1238,26,West_exit,25,16,0.8,0
dl_1238,12,East_exit,12,9,0.8,0
dl_1238,11,East_exit,12,9,0.8,0
dl_1238,24,East_exit_short,24,17,0.44,0
dl_1238,19,East_exit_short,19,13,0.44,0
dl_1239,4,,,,,
dl_1239,23,East_exit_short,23,16,0.44,0
dl_1239,26,West_exit,25,16,0.8,0
dl_1239,25,West_exit,25,16,0.8,0
dl_1239,20,West_exit_short,20,13,0.44,0
dl_1239,12,East_exit,12,9,0.8,0
dl_1239,11,East_exit,12,9,0.8,0
dl_1239,19,East_exit_short,19,13,0.44,0
dl_1240,4,,,,,
dl_1240,11,East_exit,12,9,0.8,0
dl_1240,13,West_exit_short,13,8,0.44,0
dl_1240,22,East_exit_short,22,15,0.44,0
dl_1240,19,East_exit_short,19,13,0.44,0
dl_1240,26,West_exit,25,16,0.8,0
dl_1240,25,West_exit,25,16,0.8,0
dl_1241,4,,,,,
dl_1241,22,East_exit_short,22,15,0.44,0
dl_1241,14,West_exit_short,14,9,0.44,0
dl_1241,12,East_exit,12,9,0.8,0
dl_1241,11,East_exit,12,9,0.8,0
dl_1241,19,East_exit_short,19,13,0.44,0
dl_1241,26,West_exit,25,16,0.8,0
dl_1241,25,West_exit,25,16,0.8,0
dl_1242,4,,,,,
dl_1242,22,East_exit_short,22,15,0.44,0
dl_1242,19,East_exit_short,19,13,0.44,0
dl_1242,16,West_exit_short,16,10,0.44,0
dl_1242,26,West_exit,25,16,0.8,0
dl_1242,25,West_exit,25,16,0.8,0
dl_1242,12,East_exit,12,9,0.8,0
dl_1242,11,East_exit,12,9,0.8,0
dl_1243,4,,,,,
dl_1243,22,East_exit_short,22,15,0.44,0
dl_1243,15,West_exit_short,15,10,0.44,0
dl_1243,19,East_exit_short,19,13,0.44,0
dl_1243,26,West_exit,25,16,0.8,0
dl_1243,25,West_exit,25,16,0.8,0
dl_1243,12,East_exit,12,9,0.8,0
dl_1243,11,East_exit,12,9,0.8,0
dl_1244,4,,,,,
dl_1244,22,East_exit_short,22,15,0.44,0
dl_1244,17,West_exit_short,17,11,0.44,0
dl_1244,19,East_exit_short,19,13,0.44,0
dl_1244,26,West_exit,25,16,0.8,0
dl_1244,25,West_exit,25,16,0.8,0
dl_1244,12,East_exit,12,9,0.8,0
dl_1244,11,East_exit,12,9,0.8,0
dl_1245,4,,,,,
dl_1245,22,East_exit_short,22,15,0.44,0
dl_1245,19,East_exit_short,19,13,0.44,0
dl_1245,26,West_exit,25,16,0.8,0
dl_1245,25,West_exit,25,16,0.8,0
dl_1245,12,East_exit,12,9,0.8,0
dl_1245,11,East_exit,12,9,0.8,0
dl_1245,18,West_exit_short,18,12,0.44,0
dl_1246,4,,,,,
dl_1246,20,West_exit_short,20,13,0.44,0
dl_1246,19,East_exit_short,19,13,0.44,0
dl_1246,22,East_exit_short,22,15,0.44,0
dl_1246,26,West_exit,25,16,0.8,0
dl_1246,25,West_exit,25,16,0.8,0
dl_1246,12,East_exit,12,9,0.8,0
dl_1246,11,East_exit,12,9,0.8,0
dl_1247,4,,,,,
dl_1247,11,East_exit,12,9,0.8,0
dl_1247,13,West_exit_short,13,8,0.44,0
dl_1247,22,East_exit_short,22,15,0.44,0
dl_1247,26,West_exit,24,16,0.8,0
dl_1247,25,East_exit_short,25,17,0.44,0
dl_1248,4,,,,,
dl_1248,11,East_exit,12,9,0.8,0
dl_1248,21,East_exit_short,21,15,0.44,0
dl_1248,13,West_exit_short,13,8,0.44,0
dl_1248,26,West_exit,24,16,0.8,0
dl_1248,25,East_exit_short,25,17,0.44,0
dl_1249,4,,,,,
dl_1249,11,East_exit,12,9,0.8,0
dl_1249,20,East_exit_short,20,14,0.44,0
dl_1249,13,West_exit_short,13,8,0.44,0
dl_1249,26,West_exit,24,16,0.8,0
dl_1249,25,East_exit_short,25,17,0.44,0
dl_1250,4,,,,,
dl_1250,14,West_exit_short,14,9,0.44,0
dl_1250,12,East_exit,12,9,0.8,0
dl_1250,11,East_exit,12,9,0.8,0
dl_1250,22,East_exit_short,22,15,0.44,0
dl_1250,26,West_exit,24,16,0.8,0
dl_1250,25,East_exit_short,25,17,0.44,0
dl_1251,4,,,,,
dl_1251,21,East_exit_short,21,15,0.44,0
dl_1251,14,West_exit_short,14,9,0.44,0
dl_1251,12,East_exit,12,9,0.8,0
dl_1251,11,East_exit,12,9,0.8,0
dl_1251,26,West_exit,24,16,0.8,0
dl_1251,25,East_exit_short,25,17,0.44,0
dl_1252,4,,,,,
dl_1252,20,East_exit_short,20,14,0.44,0
dl_1252,14,West_exit_short,14,9,0.44,0
dl_1252,12,East_exit,12,9,0.8,0
dl_1252,11,East_exit,12,9,0.8,0
dl_1252,26,West_exit,24,16,0.8,0
dl_1252,25,East_exit_short,25,17,0.44,0
dl_1253,4,,,,,
dl_1253,11,East_exit,12,9,0.8,0
dl_1253,23,East_exit_short,23,16,0.44,0
dl_1253,24,West_exit,24,16,0.8,0
dl_1253,26,West_exit,24,16,0.8,0
dl_1253,13,West_exit_short,13,8,0.44,0
dl_1253,22,East_exit_short,22,15,0.44,0
dl_1254,4,,,,,
dl_1254,11,East_exit,12,9,0.8,0
dl_1254,23,East_exit_short,23,16,0.44,0
dl_1254,24,West_exit,24,16,0.8,0
dl_1254,26,West_exit,24,16,0.8,0
dl_1254,21,East_exit_short,21,15,0.44,0
dl_1254,13,West_exit_short,13,8,0.44,0
dl_1255,4,,,,,
dl_1255,11,East_exit,12,9,0.8,0
dl_1255,23,East_exit_short,23,16,0.44,0
dl_1255,24,West_exit,24,16,0.8,0
dl_1255,26,West_exit,24,16,0.8,0
dl_1255,20,East_exit_short,20,14,0.44,0
dl_1255,13,West_exit_short,13,8,0.44,0
dl_1256,4,,,,,
dl_1256,23,East_exit_short,23,16,0.44,0
dl_1256,24,West_exit,24,16,0.8,0
dl_1256,26,West_exit,24,16,0.8,0
dl_1256,14,West_exit_short,14,9,0.44,0
dl_1256,12,East_exit,12,9,0.8,0
dl_1256,11,East_exit,12,9,0.8,0
dl_1256,22,East_exit_short,22,15,0.44,0
dl_1257,4,,,,,
dl_1257,23,East_exit_short,23,16,0.44,0
dl_1257,24,West_exit,24,16,0.8,0
dl_1257,26,West_exit,24,16,0.8,0
dl_1257,21,East_exit_short,21,15,0.44,0
dl_1257,14,West_exit_short,14,9,0.44,0
dl_1257,12,East_exit,12,9,0.8,0
dl_1257,11,East_exit,12,9,0.8,0
dl_1258,4,,,,,
dl_1258,23,East_exit_short,23,16,0.44,0
dl_1258,24,West_exit,24,16,0.8,0
dl_1258,26,West_exit,24,16,0.8,0
dl_1258,14,West_exit_short,14,9,0.44,0
dl_1258,12,East_exit,12,9,0.8,0
dl_1258,11,East_exit,12,9,0.8,0
dl_1258,20,East_exit_short,20,14,0.44,0
dl_1259,4,,,,,
dl_1259,26,West_exit,24,16,0.8,0
dl_1259,25,East_exit_short,25,17,0.44,0
dl_1259,12,East_exit,12,9,0.8,0
dl_1259,11,East_exit,12,9,0.8,0
dl_1259,22,East_exit_short,22,15,0.44,0
dl_1259,16,West_exit_short,16,10,0.44,0
dl_1260,4,,,,,
dl_1260,21,East_exit_short,21,15,0.44,0
dl_1260,12,East_exit,12,9,0.8,0
dl_1260,11,East_exit,12,9,0.8,0
dl_1260,26,West_exit,24,16,0.8,0
dl_1260,25,East_exit_short,25,17,0.44,0
dl_1260,16,West_exit_short,16,10,0.44,0
dl_1261,4,,,,,
dl_1261,20,East_exit_short,20,14,0.44,0
dl_1261,12,East_exit,12,9,0.8,0
dl_1261,11,East_exit,12,9,0.8,0
dl_1261,26,West_exit,24,16,0.8,0
dl_1261,25,East_exit_short,25,17,0.44,0
dl_1261,16,West_exit_short,16,10,0.44,0
dl_1262,4,,,,,
dl_1262,23,East_exit_short,23,16,0.44,0
dl_1262,24,West_exit,24,16,0.8,0
dl_1262,26,West_exit,24,16,0.8,0
dl_1262,12,East_exit,12,9,0.8,0
dl_1262,11,East_exit,12,9,0.8,0
dl_1262,22,East_exit_short,22,15,0.44,0
dl_1262,16,West_exit_short,16,10,0.44,0
dl_1263,4,,,,,
dl_1263,23,East_exit_short,23,16,0.44,0
dl_1263,24,West_exit,24,16,0.8,0
dl_1263,26,West_exit,24,16,0.8,0
dl_1263,21,East_exit_short,21,15,0.44,0
dl_1263,12,East_exit,12,9,0.8,0
dl_1263,11,East_exit,12,9,0.8,0
dl_1263,16,West_exit_short,16,10,0.44,0
dl_1264,4,,,,,
dl_1264,23,East_exit_short,23,16,0.44,0
dl_1264,24,West_exit,24,16,0.8,0
dl_1264,26,West_exit,24,16,0.8,0
dl_1264,12,East_exit,12,9,0.8,0
dl_1264,11,East_exit,12,9,0.8,0
dl_1264,20,East_exit_short,20,14,0.44,0
dl_1264,16,West_exit_short,16,10,0.44,0
dl_1265,4,,,,,
dl_1265,25,East_exit_short,25,17,0.44,0
dl_1265,12,East_exit,12,9,0.8,0
dl_1265,11,East_exit,12,9,0.8,0
dl_1265,22,East_exit_short,22,15,0.44,0
dl_1265,26,West_exit,24,16,0.8,0
dl_1265,15,West_exit_short,15,10,0.44,0
dl_1266,4,,,,,
dl_1266,21,East_exit_short,21,15,0.44,0
dl_1266,12,East_exit,12,9,0.8,0
dl_1266,11,East_exit,12,9,0.8,0
dl_1266,15,West_exit_short,15,10,0.44,0
dl_1266,26,West_exit,24,16,0.8,0
dl_1266,25,East_exit_short,25,17,0.44,0
dl_1267,4,,,,,
dl_1267,20,East_exit_short,20,14,0.44,0
dl_1267,12,East_exit,12,9,0.8,0
dl_1267,11,East_exit,12,9,0.8,0
dl_1267,15,West_exit_short,15,10,0.44,0
dl_1267,26,West_exit,24,16,0.8,0
dl_1267,25,East_exit_short,25,17,0.44,0
dl_1268,4,,,,,
dl_1268,23,East_exit_short,23,16,0.44,0
dl_1268,24,West_exit,24,16,0.8,0
dl_1268,26,West_exit,24,16,0.8,0
dl_1268,12,East_exit,12,9,0.8,0
dl_1268,11,East_exit,12,9,0.8,0
dl_1268,22,East_exit_short,22,15,0.44,0
dl_1268,15,West_exit_short,15,10,0.44,0
dl_1269,4,,,,,
dl_1269,23,East_exit_short,23,16,0.44,0
dl_1269,24,West_exit,24,16,0.8,0
dl_1269,26,West_exit,24,16,0.8,0
dl_1269,21,East_exit_short,21,15,0.44,0
dl_1269,12,East_exit,12,9,0.8,0
dl_1269,11,East_exit,12,9,0.8,0
dl_1269,15,West_exit_short,15,10,0.44,0
dl_1270,4,,,,,
dl_1270,23,East_exit_short,23,16,0.44,0
dl_1270,24,West_exit,24,16,0.8,0
dl_1270,26,West_exit,24,16,0.8,0
dl_1270,12,East_exit,12,9,0.8,0
dl_1270,11,East_exit,12,9,0.8,0
dl_1270,20,East_exit_short,20,14,0.44,0
dl_1270,15,West_exit_short,15,10,0.44,0
dl_1271,4,,,,,
dl_1271,25,East_exit_short,25,17,0.44,0
dl_1271,12,East_exit,12,9,0.8,0
dl_1271,11,East_exit,12,9,0.8,0
dl_1271,22,East_exit_short,22,15,0.44,0
dl_1271,26,West_exit,24,16,0.8,0
dl_1271,17,West_exit_short,17,11,0.44,0
dl_1272,4,,,,,
dl_1272,21,East_exit_short,21,15,0.44,0
dl_1272,12,East_exit,12,9,0.8,0
dl_1272,11,East_exit,12,9,0.8,0
dl_1272,17,West_exit_short,17,11,0.44,0
dl_1272,26,West_exit,24,16,0.8,0
dl_1272,25,East_exit_short,25,17,0.44,0
dl_1273,4,,,,,
dl_1273,20,East_exit_short,20,14,0.44,0
dl_1273,12,East_exit,12,9,0.8,0
dl_1273,11,East_exit,12,9,0.8,0
dl_1273,17,West_exit_short,17,11,0.44,0
dl_1273,26,West_exit,24,16,0.8,0
dl_1273,25,East_exit_short,25,17,0.44,0
dl_1274,4,,,,,
dl_1274,23,East_exit_short,23,16,0.44,0
dl_1274,24,West_exit,24,16,0.8,0
dl_1274,26,West_exit,24,16,0.8,0
dl_1274,12,East_exit,12,9,0.8,0
dl_1274,11,East_exit,12,9,0.8,0
dl_1274,22,East_exit_short,22,15,0.44,0
dl_1274,17,West_exit_short,17,11,0.44,0
dl_1275,4,,,,,
dl_1275,23,East_exit_short,23,16,0.44,0
dl_1275,24,West_exit,24,16,0.8,0
dl_1275,26,West_exit,24,16,0.8,0
dl_1275,21,East_exit_short,21,15,0.44,0
dl_1275,12,East_exit,12,9,0.8,0
dl_1275,11,East_exit,12,9,0.8,0
dl_1275,17,West_exit_short,17,11,0.44,0
dl_1276,4,,,,,
dl_1276,23,East_exit_short,23,16,0.44,0
dl_1276,24,West_exit,24,16,0.8,0
dl_1276,26,West_exit,24,16,0.8,0
dl_1276,12,East_exit,12,9,0.8,0
dl_1276,11,East_exit,12,9,0.8,0
dl_1276,20,East_exit_short,20,14,0.44,0
dl_1276,17,West_exit_short,17,11,0.44,0
dl_1277,4,,,,,
dl_1277,26,West_exit,24,16,0.8,0
dl_1277,11,East_exit,12,9,0.8,0
dl_1277,13,West_exit_short,13,8,0.44,0
dl_1277,25,East_exit_short,25,17,0.44,0
dl_1277,19,East_exit_short,19,13,0.44,0
dl_1278,4,,,,,
dl_1278,26,West_exit,24,16,0.8,0
dl_1278,14,West_exit_short,14,9,0.44,0
dl_1278,12,East_exit,12,9,0.8,0
dl_1278,11,East_exit,12,9,0.8,0
dl_1278,25,East_exit_short,25,17,0.44,0
dl_1278,19,East_exit_short,19,13,0.44,0
dl_1279,4,,,,,
dl_1279,11,East_exit,12,9,0.8,0
dl_1279,23,East_exit_short,23,16,0.44,0
dl_1279,24,West_exit,24,16,0.8,0
dl_1279,26,West_exit,24,16,0.8,0
dl_1279,13,West_exit_short,13,8,0.44,0
dl_1279,19,East_exit_short,19,13,0.44,0
dl_1280,4,,,,,
dl_1280,23,East_exit_short,23,16,0.44,0
dl_1280,24,West_exit,24,16,0.8,0
dl_1280,26,West_exit,24,16,0.8,0
dl_1280,14,West_exit_short,14,9,0.44,0
dl_1280,12,East_exit,12,9,0.8,0
dl_1280,11,East_exit,12,9,0.8,0
dl_1280,19,East_exit_short,19,13,0.44,0
dl_1281,4,,,,,
dl_1281,12,East_exit,12,9,0.8,0
dl_1281,11,East_exit,12,9,0.8,0
dl_1281,26,West_exit,24,16,0.8,0
dl_1281,25,East_exit_short,25,17,0.44,0
dl_1281,16,West_exit_short,16,10,0.44,0
dl_1281,19,East_exit_short,19,13,0.44,0
dl_1282,4,,,,,
dl_1282,23,East_exit_short,23,16,0.44,0
dl_1282,24,West_exit,24,16,0.8,0
dl_1282,26,West_exit,24,16,0.8,0
dl_1282,12,East_exit,12,9,0.8,0
dl_1282,11,East_exit,12,9,0.8,0
dl_1282,16,West_exit_short,16,10,0.44,0
dl_1282,19,East_exit_short,19,13,0.44,0
dl_1283,4,,,,,
dl_1283,12,East_exit,12,9,0.8,0
dl_1283,11,East_exit,12,9,0.8,0
dl_1283,15,West_exit_short,15,10,0.44,0
dl_1283,26,West_exit,24,16,0.8,0
dl_1283,25,East_exit_short,25,17,0.44,0
dl_1283,19,East_exit_short,19,13,0.44,0
dl_1284,4,,,,,
dl_1284,23,East_exit_short,23,16,0.44,0
dl_1284,24,West_exit,24,16,0.8,0
dl_1284,26,West_exit,24,16,0.8,0
dl_1284,12,East_exit,12,9,0.8,0
dl_1284,11,East_exit,12,9,0.8,0
dl_1284,15,West_exit_short,15,10,0.44,0
dl_1284,19,East_exit_short,19,13,0.44,0
dl_1285,4,,,,,
dl_1285,12,East_exit,12,9,0.8,0
dl_1285,11,East_exit,12,9,0.8,0
dl_1285,17,West_exit_short,17,11,0.44,0
dl_1285,26,West_exit,24,16,0.8,0
dl_1285,25,East_exit_short,25,17,0.44,0
dl_1285,19,East_exit_short,19,13,0.44,0
dl_1286,4,,,,,
dl_1286,23,East_exit_short,23,16,0.44,0
dl_1286,24,West_exit,24,16,0.8,0
dl_1286,26,West_exit,24,16,0.8,0
dl_1286,12,East_exit,12,9,0.8,0
dl_1286,11,East_exit,12,9,0.8,0
dl_1286,17,West_exit_short,17,11,0.44,0
dl_1286,19,East_exit_short,19,13,0.44,0
dl_1287,4,,,,,
dl_1287,25,East_exit_short,25,17,0.44,0
dl_1287,12,East_exit,12,9,0.8,0
dl_1287,11,East_exit,12,9,0.8,0
dl_1287,22,East_exit_short,22,15,0.44,0
dl_1287,26,West_exit,24,16,0.8,0
dl_1287,18,West_exit_short,18,12,0.44,0
dl_1288,4,,,,,
dl_1288,21,East_exit_short,21,15,0.44,0
dl_1288,12,East_exit,12,9,0.8,0
dl_1288,11,East_exit,12,9,0.8,0
dl_1288,26,West_exit,24,16,0.8,0
dl_1288,25,East_exit_short,25,17,0.44,0
dl_1288,18,West_exit_short,18,12,0.44,0
dl_1289,4,,,,,
dl_1289,20,East_exit_short,20,14,0.44,0
dl_1289,12,East_exit,12,9,0.8,0
dl_1289,11,East_exit,12,9,0.8,0
dl_1289,26,West_exit,24,16,0.8,0
dl_1289,25,East_exit_short,25,17,0.44,0
dl_1289,18,West_exit_short,18,12,0.44,0
dl_1290,4,,,,,
dl_1290,23,East_exit_short,23,16,0.44,0
dl_1290,24,West_exit,24,16,0.8,0
dl_1290,26,West_exit,24,16,0.8,0
dl_1290,12,East_exit,12,9,0.8,0
dl_1290,11,East_exit,12,9,0.8,0
dl_1290,22,East_exit_short,22,15,0.44,0
dl_1290,18,West_exit_short,18,12,0.44,0
dl_1291,4,,,,,
dl_1291,23,East_exit_short,23,16,0.44,0
dl_1291,24,West_exit,24,16,0.8,0
dl_1291,26,West_exit,24,16,0.8,0
dl_1291,21,East_exit_short,21,15,0.44,0
dl_1291,12,East_exit,12,9,0.8,0
dl_1291,11,East_exit,12,9,0.8,0
dl_1291,18,West_exit_short,18,12,0.44,0
dl_1292,4,,,,,
dl_1292,23,East_exit_short,23,16,0.44,0
dl_1292,24,West_exit,24,16,0.8,0
dl_1292,26,West_exit,24,16,0.8,0
dl_1292,12,East_exit,12,9,0.8,0
dl_1292,11,East_exit,12,9,0.8,0
dl_1292,20,East_exit_short,20,14,0.44,0
dl_1292,18,West_exit_short,18,12,0.44,0
dl_1293,4,,,,,
dl_1293,12,East_exit,12,9,0.8,0
dl_1293,11,East_exit,12,9,0.8,0
dl_1293,26,West_exit,24,16,0.8,0
dl_1293,25,East_exit_short,25,17,0.44,0
dl_1293,19,East_exit_short,19,13,0.44,0
dl_1293,18,West_exit_short,18,12,0.44,0
dl_1294,4,,,,,
dl_1294,23,East_exit_short,23,16,0.44,0
dl_1294,24,West_exit,24,16,0.8,0
dl_1294,26,West_exit,24,16,0.8,0
dl_1294,12,East_exit,12,9,0.8,0
dl_1294,11,East_exit,12,9,0.8,0
dl_1294,19,East_exit_short,19,13,0.44,0
dl_1294,18,West_exit_short,18,12,0.44,0
dl_1295,4,,,,,
dl_1295,20,West_exit_short,20,13,0.44,0
dl_1295,26,West_exit,24,16,0.8,0
dl_1295,12,East_exit,12,9,0.8,0
dl_1295,11,East_exit,12,9,0.8,0
dl_1295,25,East_exit_short,25,17,0.44,0
dl_1295,19,East_exit_short,19,13,0.44,0
dl_1296,4,,,,,
dl_1296,23,East_exit_short,23,16,0.44,0
dl_1296,24,West_exit,24,16,0.8,0
dl_1296,26,West_exit,24,16,0.8,0
dl_1296,20,West_exit_short,20,13,0.44,0
dl_1296,12,East_exit,12,9,0.8,0
dl_1296,11,East_exit,12,9,0.8,0
dl_1296,19,East_exit_short,19,13,0.44,0
dl_1297,4,,,,,
dl_1297,11,East_exit,12,9,0.8,0
dl_1297,13,West_exit_short,13,8,0.44,0
dl_1297,22,East_exit_short,22,15,0.44,0
dl_1297,19,East_exit_short,19,13,0.44,0
dl_1297,24,West_exit,24,16,0.8,0
dl_1297,26,West_exit,24,16,0.8,0
dl_1298,4,,,,,
dl_1298,22,East_exit_short,22,15,0.44,0
dl_1298,14,West_exit_short,14,9,0.44,0
dl_1298,12,East_exit,12,9,0.8,0
dl_1298,11,East_exit,12,9,0.8,0
dl_1298,19,East_exit_short,19,13,0.44,0
dl_1298,24,West_exit,24,16,0.8,0
dl_1298,26,West_exit,24,16,0.8,0
dl_1299,4,,,,,
dl_1299,22,East_exit_short,22,15,0.44,0
dl_1299,19,East_exit_short,19,13,0.44,0
dl_1299,16,West_exit_short,16,10,0.44,0
dl_1299,24,West_exit,24,16,0.8,0
dl_1299,26,West_exit,24,16,0.8,0
dl_1299,12,East_exit,12,9,0.8,0
dl_1299,11,East_exit,12,9,0.8,0
dl_1300,4,,,,,
dl_1300,22,East_exit_short,22,15,0.44,0
dl_1300,15,West_exit_short,15,10,0.44,0
dl_1300,19,East_exit_short,19,13,0.44,0
dl_1300,24,West_exit,24,16,0.8,0
dl_1300,26,West_exit,24,16,0.8,0
dl_1300,12,East_exit,12,9,0.8,0
dl_1300,11,East_exit,12,9,0.8,0
dl_1301,4,,,,,
dl_1301,22,East_exit_short,22,15,0.44,0
dl_1301,17,West_exit_short,17,11,0.44,0
dl_1301,19,East_exit_short,19,13,0.44,0
dl_1301,24,West_exit,24,16,0.8,0
dl_1301,26,West_exit,24,16,0.8,0
dl_1301,12,East_exit,12,9,0.8,0
dl_1301,11,East_exit,12,9,0.8,0
dl_1302,4,,,,,
dl_1302,22,East_exit_short,22,15,0.44,0
dl_1302,19,East_exit_short,19,13,0.44,0
dl_1302,24,West_exit,24,16,0.8,0
dl_1302,26,West_exit,24,16,0.8,0
dl_1302,12,East_exit,12,9,0.8,0
dl_1302,11,East_exit,12,9,0.8,0
dl_1302,18,West_exit_short,18,12,0.44,0
dl_1303,4,,,,,
dl_1303,20,West_exit_short,20,13,0.44,0
dl_1303,19,East_exit_short,19,13,0.44,0
dl_1303,22,East_exit_short,22,15,0.44,0
dl_1303,24,West_exit,24,16,0.8,0
dl_1303,26,West_exit,24,16,0.8,0
dl_1303,12,East_exit,12,9,0.8,0
dl_1303,11,East_exit,12,9,0.8,0
dl_1304,4,,,,,
dl_1304,11,East_exit,12,9,0.8,0
dl_1304,13,West_exit_short,13,8,0.44,0
dl_1304,22,East_exit_short,22,15,0.44,0
dl_1304,25,East_exit_short,25,17,0.44,0
dl_1304,26,West_exit,26,17,0.8,0
dl_1305,4,,,,,
dl_1305,11,East_exit,12,9,0.8,0
dl_1305,21,East_exit_short,21,15,0.44,0
dl_1305,13,West_exit_short,13,8,0.44,0
dl_1305,25,East_exit_short,25,17,0.44,0
dl_1305,26,West_exit,26,17,0.8,0
dl_1306,4,,,,,
dl_1306,11,East_exit,12,9,0.8,0
dl_1306,20,East_exit_short,20,14,0.44,0
dl_1306,13,West_exit_short,13,8,0.44,0
dl_1306,25,East_exit_short,25,17,0.44,0
dl_1306,26,West_exit,26,17,0.8,0
dl_1307,4,,,,,
dl_1307,14,West_exit_short,14,9,0.44,0
dl_1307,12,East_exit,12,9,0.8,0
dl_1307,11,East_exit,12,9,0.8,0
dl_1307,22,East_exit_short,22,15,0.44,0
dl_1307,25,East_exit_short,25,17,0.44,0
dl_1307,26,West_exit,26,17,0.8,0
dl_1308,4,,,,,
dl_1308,21,East_exit_short,21,15,0.44,0
dl_1308,14,West_exit_short,14,9,0.44,0
dl_1308,12,East_exit,12,9,0.8,0
dl_1308,11,East_exit,12,9,0.8,0
dl_1308,25,East_exit_short,25,17,0.44,0
dl_1308,26,West_exit,26,17,0.8,0
dl_1309,4,,,,,
dl_1309,20,East_exit_short,20,14,0.44,0
dl_1309,14,West_exit_short,14,9,0.44,0
dl_1309,12,East_exit,12,9,0.8,0
dl_1309,11,East_exit,12,9,0.8,0
dl_1309,25,East_exit_short,25,17,0.44,0
dl_1309,26,West_exit,26,17,0.8,0
dl_1310,4,,,,,
dl_1310,11,East_exit,12,9,0.8,0
dl_1310,24,East_exit_short,24,17,0.44,0
dl_1310,13,West_exit_short,13,8,0.44,0
dl_1310,22,East_exit_short,22,15,0.44,0
dl_1310,26,West_exit,26,17,0.8,0
dl_1311,4,,,,,
dl_1311,11,East_exit,12,9,0.8,0
dl_1311,24,East_exit_short,24,17,0.44,0
dl_1311,21,East_exit_short,21,15,0.44,0
dl_1311,13,West_exit_short,13,8,0.44,0
dl_1311,26,West_exit,26,17,0.8,0
dl_1312,4,,,,,
dl_1312,11,East_exit,12,9,0.8,0
dl_1312,24,East_exit_short,24,17,0.44,0
dl_1312,20,East_exit_short,20,14,0.44,0
dl_1312,13,West_exit_short,13,8,0.44,0
dl_1312,26,West_exit,26,17,0.8,0
dl_1313,4,,,,,
dl_1313,24,East_exit_short,24,17,0.44,0
dl_1313,14,West_exit_short,14,9,0.44,0
dl_1313,12,East_exit,12,9,0.8,0
dl_1313,11,East_exit,12,9,0.8,0
dl_1313,22,East_exit_short,22,15,0.44,0
dl_1313,26,West_exit,26,17,0.8,0
dl_1314,4,,,,,
dl_1314,24,East_exit_short,24,17,0.44,0
dl_1314,21,East_exit_short,21,15,0.44,0
dl_1314,14,West_exit_short,14,9,0.44,0
dl_1314,12,East_exit,12,9,0.8,0
dl_1314,11,East_exit,12,9,0.8,0
dl_1314,26,West_exit,26,17,0.8,0
dl_1315,4,,,,,
dl_1315,24,East_exit_short,24,17,0.44,0
dl_1315,14,West_exit_short,14,9,0.44,0
dl_1315,12,East_exit,12,9,0.8,0
dl_1315,11,East_exit,12,9,0.8,0
dl_1315,26,West_exit,26,17,0.8,0
dl_1315,20,East_exit_short,20,14,0.44,0
dl_1316,4,,,,,
dl_1316,11,East_exit,12,9,0.8,0
dl_1316,23,East_exit_short,23,16,0.44,0
dl_1316,13,West_exit_short,13,8,0.44,0
dl_1316,22,East_exit_short,22,15,0.44,0
dl_1316,26,West_exit,26,17,0.8,0
dl_1317,4,,,,,
dl_1317,11,East_exit,12,9,0.8,0
dl_1317,23,East_exit_short,23,16,0.44,0
dl_1317,21,East_exit_short,21,15,0.44,0
dl_1317,13,West_exit_short,13,8,0.44,0
dl_1317,26,West_exit,26,17,0.8,0
dl_1318,4,,,,,
dl_1318,11,East_exit,12,9,0.8,0
dl_1318,23,East_exit_short,23,16,0.44,0
dl_1318,20,East_exit_short,20,14,0.44,0
dl_1318,13,West_exit_short,13,8,0.44,0
dl_1318,26,West_exit,26,17,0.8,0
dl_1319,4,,,,,
dl_1319,23,East_exit_short,23,16,0.44,0
dl_1319,14,West_exit_short,14,9,0.44,0
dl_1319,12,East_exit,12,9,0.8,0
dl_1319,11,East_exit,12,9,0.8,0
dl_1319,22,East_exit_short,22,15,0.44,0
dl_1319,26,West_exit,26,17,0.8,0
dl_1320,4,,,,,
dl_1320,23,East_exit_short,23,16,0.44,0
dl_1320,21,East_exit_short,21,15,0.44,0
dl_1320,14,West_exit_short,14,9,0.44,0
dl_1320,12,East_exit,12,9,0.8,0
dl_1320,11,East_exit,12,9,0.8,0
dl_1320,26,West_exit,26,17,0.8,0
dl_1321,4,,,,,
dl_1321,23,East_exit_short,23,16,0.44,0
dl_1321,14,West_exit_short,14,9,0.44,0
dl_1321,12,East_exit,12,9,0.8,0
dl_1321,11,East_exit,12,9,0.8,0
dl_1321,26,West_exit,26,17,0.8,0
dl_1321,20,East_exit_short,20,14,0.44,0
dl_1322,4,,,,,
dl_1322,26,West_exit,26,17,0.8,0
dl_1322,25,East_exit_short,25,17,0.44,0
dl_1322,12,East_exit,12,9,0.8,0
dl_1322,11,East_exit,12,9,0.8,0
dl_1322,22,East_exit_short,22,15,0.44,0
dl_1322,16,West_exit_short,16,10,0.44,0
dl_1323,4,,,,,
dl_1323,21,East_exit_short,21,15,0.44,0
dl_1323,12,East_exit,12,9,0.8,0
dl_1323,11,East_exit,12,9,0.8,0
dl_1323,25,East_exit_short,25,17,0.44,0
dl_1323,26,West_exit,26,17,0.8,0
dl_1323,16,West_exit_short,16,10,0.44,0
dl_1324,4,,,,,
dl_1324,20,East_exit_short,20,14,0.44,0
dl_1324,12,East_exit,12,9,0.8,0
dl_1324,11,East_exit,12,9,0.8,0
dl_1324,25,East_exit_short,25,17,0.44,0
dl_1324,26,West_exit,26,17,0.8,0
dl_1324,16,West_exit_short,16,10,0.44,0
dl_1325,4,,,,,
dl_1325,24,East_exit_short,24,17,0.44,0
dl_1325,12,East_exit,12,9,0.8,0
dl_1325,11,East_exit,12,9,0.8,0
dl_1325,22,East_exit_short,22,15,0.44,0
dl_1325,26,West_exit,26,17,0.8,0
dl_1325,16,West_exit_short,16,10,0.44,0
dl_1326,4,,,,,
dl_1326,24,East_exit_short,24,17,0.44,0
dl_1326,21,East_exit_short,21,15,0.44,0
dl_1326,12,East_exit,12,9,0.8,0
dl_1326,11,East_exit,12,9,0.8,0
dl_1326,26,West_exit,26,17,0.8,0
dl_1326,16,West_exit_short,16,10,0.44,0
dl_1327,4,,,,,
dl_1327,24,East_exit_short,24,17,0.44,0
dl_1327,12,East_exit,12,9,0.8,0
dl_1327,11,East_exit,12,9,0.8,0
dl_1327,26,West_exit,26,17,0.8,0
dl_1327,20,East_exit_short,20,14,0.44,0
dl_1327,16,West_exit_short,16,10,0.44,0
dl_1328,4,,,,,
dl_1328,23,East_exit_short,23,16,0.44,0
dl_1328,12,East_exit,12,9,0.8,0
dl_1328,11,East_exit,12,9,0.8,0
dl_1328,22,East_exit_short,22,15,0.44,0
dl_1328,26,West_exit,26,17,0.8,0
dl_1328,16,West_exit_short,16,10,0.44,0
dl_1329,4,,,,,
dl_1329,23,East_exit_short,23,16,0.44,0
dl_1329,21,East_exit_short,21,15,0.44,0
dl_1329,12,East_exit,12,9,0.8,0
dl_1329,11,East_exit,12,9,0.8,0
dl_1329,26,West_exit,26,17,0.8,0
dl_1329,16,West_exit_short,16,10,0.44,0
dl_1330,4,,,,,
dl_1330,23,East_exit_short,23,16,0.44,0
dl_1330,12,East_exit,12,9,0.8,0
dl_1330,11,East_exit,12,9,0.8,0
dl_1330,26,West_exit,26,17,0.8,0
dl_1330,20,East_exit_short,20,14,0.44,0
dl_1330,16,West_exit_short,16,10,0.44,0
dl_1331,4,,,,,
dl_1331,25,East_exit_short,25,17,0.44,0
dl_1331,12,East_exit,12,9,0.8,0
dl_1331,11,East_exit,12,9,0.8,0
dl_1331,22,East_exit_short,22,15,0.44,0
dl_1331,26,West_exit,26,17,0.8,0
dl_1331,15,West_exit_short,15,10,0.44,0
dl_1332,4,,,,,
dl_1332,21,East_exit_short,21,15,0.44,0
dl_1332,12,East_exit,12,9,0.8,0
dl_1332,11,East_exit,12,9,0.8,0
dl_1332,15,West_exit_short,15,10,0.44,0
dl_1332,25,East_exit_short,25,17,0.44,0
dl_1332,26,West_exit,26,17,0.8,0
dl_1333,4,,,,,
dl_1333,20,East_exit_short,20,14,0.44,0
dl_1333,12,East_exit,12,9,0.8,0
dl_1333,11,East_exit,12,9,0.8,0
dl_1333,15,West_exit_short,15,10,0.44,0
dl_1333,25,East_exit_short,25,17,0.44,0
dl_1333,26,West_exit,26,17,0.8,0
dl_1334,4,,,,,
dl_1334,24,East_exit_short,24,17,0.44,0
dl_1334,12,East_exit,12,9,0.8,0
dl_1334,11,East_exit,12,9,0.8,0
dl_1334,22,East_exit_short,22,15,0.44,0
dl_1334,26,West_exit,26,17,0.8,0
dl_1334,15,West_exit_short,15,10,0.44,0
dl_1335,4,,,,,
dl_1335,24,East_exit_short,24,17,0.44,0
dl_1335,21,East_exit_short,21,15,0.44,0
dl_1335,12,East_exit,12,9,0.8,0
dl_1335,11,East_exit,12,9,0.8,0
dl_1335,15,West_exit_short,15,10,0.44,0
dl_1335,26,West_exit,26,17,0.8,0
dl_1336,4,,,,,
dl_1336,24,East_exit_short,24,17,0.44,0
dl_1336,12,East_exit,12,9,0.8,0
dl_1336,11,East_exit,12,9,0.8,0
dl_1336,26,West_exit,26,17,0.8,0
dl_1336,20,East_exit_short,20,14,0.44,0
dl_1336,15,West_exit_short,15,10,0.44,0
dl_1337,4,,,,,
dl_1337,23,East_exit_short,23,16,0.44,0
dl_1337,12,East_exit,12,9,0.8,0
dl_1337,11,East_exit,12,9,0.8,0
dl_1337,22,East_exit_short,22,15,0.44,0
dl_1337,26,West_exit,26,17,0.8,0
dl_1337,15,West_exit_short,15,10,0.44,0
dl_1338,4,,,,,
dl_1338,23,East_exit_short,23,16,0.44,0
dl_1338,21,East_exit_short,21,15,0.44,0
dl_1338,12,East_exit,12,9,0.8,0
dl_1338,11,East_exit,12,9,0.8,0
dl_1338,26,West_exit,26,17,0.8,0
dl_1338,15,West_exit_short,15,10,0.44,0
dl_1339,4,,,,,
dl_1339,23,East_exit_short,23,16,0.44,0
dl_1339,12,East_exit,12,9,0.8,0
dl_1339,11,East_exit,12,9,0.8,0
dl_1339,26,West_exit,26,17,0.8,0
dl_1339,20,East_exit_short,20,14,0.44,0
dl_1339,15,West_exit_short,15,10,0.44,0
dl_1340,4,,,,,
dl_1340,25,East_exit_short,25,17,0.44,0
dl_1340,12,East_exit,12,9,0.8,0
dl_1340,11,East_exit,12,9,0.8,0
dl_1340,22,East_exit_short,22,15,0.44,0
dl_1340,26,West_exit,26,17,0.8,0
dl_1340,17,West_exit_short,17,11,0.44,0
dl_1341,4,,,,,
dl_1341,21,East_exit_short,21,15,0.44,0
dl_1341,12,East_exit,12,9,0.8,0
dl_1341,11,East_exit,12,9,0.8,0
dl_1341,17,West_exit_short,17,11,0.44,0
dl_1341,25,East_exit_short,25,17,0.44,0
dl_1341,26,West_exit,26,17,0.8,0
dl_1342,4,,,,,
dl_1342,20,East_exit_short,20,14,0.44,0
dl_1342,12,East_exit,12,9,0.8,0
dl_1342,11,East_exit,12,9,0.8,0
dl_1342,17,West_exit_short,17,11,0.44,0
dl_1342,25,East_exit_short,25,17,0.44,0
dl_1342,26,West_exit,26,17,0.8,0
dl_1343,4,,,,,
dl_1343,24,East_exit_short,24,17,0.44,0
dl_1343,12,East_exit,12,9,0.8,0
dl_1343,11,East_exit,12,9,0.8,0
dl_1343,22,East_exit_short,22,15,0.44,0
dl_1343,26,West_exit,26,17,0.8,0
dl_1343,17,West_exit_short,17,11,0.44,0
dl_1344,4,,,,,
dl_1344,24,East_exit_short,24,17,0.44,0
dl_1344,21,East_exit_short,21,15,0.44,0
dl_1344,12,East_exit,12,9,0.8,0
dl_1344,11,East_exit,12,9,0.8,0
dl_1344,17,West_exit_short,17,11,0.44,0
dl_1344,26,West_exit,26,17,0.8,0
dl_1345,4,,,,,
dl_1345,24,East_exit_short,24,17,0.44,0
dl_1345,12,East_exit,12,9,0.8,0
dl_1345,11,East_exit,12,9,0.8,0
dl_1345,26,West_exit,26,17,0.8,0
dl_1345,17,West_exit_short,17,11,0.44,0
dl_1345,20,East_exit_short,20,14,0.44,0
dl_1346,4,,,,,
dl_1346,23,East_exit_short,23,16,0.44,0
dl_1346,12,East_exit,12,9,0.8,0
dl_1346,11,East_exit,12,9,0.8,0
dl_1346,22,East_exit_short,22,15,0.44,0
dl_1346,26,West_exit,26,17,0.8,0
dl_1346,17,West_exit_short,17,11,0.44,0
dl_1347,4,,,,,
dl_1347,23,East_exit_short,23,16,0.44,0
dl_1347,21,East_exit_short,21,15,0.44,0
dl_1347,12,East_exit,12,9,0.8,0
dl_1347,11,East_exit,12,9,0.8,0
dl_1347,26,West_exit,26,17,0.8,0
dl_1347,17,West_exit_short,17,11,0.44,0
dl_1348,4,,,,,
dl_1348,23,East_exit_short,23,16,0.44,0
dl_1348,12,East_exit,12,9,0.8,0
dl_1348,11,East_exit,12,9,0.8,0
dl_1348,26,West_exit,26,17,0.8,0
dl_1348,20,East_exit_short,20,14,0.44,0
dl_1348,17,West_exit_short,17,11,0.44,0
dl_1349,4,,,,,
dl_1349,26,West_exit,26,17,0.8,0
dl_1349,11,East_exit,12,9,0.8,0
dl_1349,13,West_exit_short,13,8,0.44,0
dl_1349,25,East_exit_short,25,17,0.44,0
dl_1349,19,East_exit_short,19,13,0.44,0
dl_1350,4,,,,,
dl_1350,26,West_exit,26,17,0.8,0
dl_1350,14,West_exit_short,14,9,0.44,0
dl_1350,12,East_exit,12,9,0.8,0
dl_1350,11,East_exit,12,9,0.8,0
dl_1350,25,East_exit_short,25,17,0.44,0
dl_1350,19,East_exit_short,19,13,0.44,0
dl_1351,4,,,,,
dl_1351,11,East_exit,12,9,0.8,0
dl_1351,24,East_exit_short,24,17,0.44,0
dl_1351,13,West_exit_short,13,8,0.44,0
dl_1351,19,East_exit_short,19,13,0.44,0
dl_1351,26,West_exit,26,17,0.8,0
dl_1352,4,,,,,
dl_1352,24,East_exit_short,24,17,0.44,0
dl_1352,14,West_exit_short,14,9,0.44,0
dl_1352,12,East_exit,12,9,0.8,0
dl_1352,11,East_exit,12,9,0.8,0
dl_1352,26,West_exit,26,17,0.8,0
dl_1352,19,East_exit_short,19,13,0.44,0
dl_1353,4,,,,,
dl_1353,11,East_exit,12,9,0.8,0
dl_1353,23,East_exit_short,23,16,0.44,0
dl_1353,13,West_exit_short,13,8,0.44,0
dl_1353,19,East_exit_short,19,13,0.44,0
dl_1353,26,West_exit,26,17,0.8,0
dl_1354,4,,,,,
dl_1354,23,East_exit_short,23,16,0.44,0
dl_1354,14,West_exit_short,14,9,0.44,0
dl_1354,12,East_exit,12,9,0.8,0
dl_1354,11,East_exit,12,9,0.8,0
dl_1354,26,West_exit,26,17,0.8,0
dl_1354,19,East_exit_short,19,13,0.44,0
dl_1355,4,,,,,
dl_1355,12,East_exit,12,9,0.8,0
dl_1355,11,East_exit,12,9,0.8,0
dl_1355,25,East_exit_short,25,17,0.44,0
dl_1355,26,West_exit,26,17,0.8,0
dl_1355,16,West_exit_short,16,10,0.44,0
dl_1355,19,East_exit_short,19,13,0.44,0
dl_1356,4,,,,,
dl_1356,24,East_exit_short,24,17,0.44,0
dl_1356,12,East_exit,12,9,0.8,0
dl_1356,11,East_exit,12,9,0.8,0
dl_1356,26,West_exit,26,17,0.8,0
dl_1356,16,West_exit_short,16,10,0.44,0
dl_1356,19,East_exit_short,19,13,0.44,0
dl_1357,4,,,,,
dl_1357,23,East_exit_short,23,16,0.44,0
dl_1357,12,East_exit,12,9,0.8,0
dl_1357,11,East_exit,12,9,0.8,0
dl_1357,26,West_exit,26,17,0.8,0
dl_1357,16,West_exit_short,16,10,0.44,0
dl_1357,19,East_exit_short,19,13,0.44,0
dl_1358,4,,,,,
dl_1358,12,East_exit,12,9,0.8,0
dl_1358,11,East_exit,12,9,0.8,0
dl_1358,15,West_exit_short,15,10,0.44,0
dl_1358,25,East_exit_short,25,17,0.44,0
dl_1358,26,West_exit,26,17,0.8,0
dl_1358,19,East_exit_short,19,13,0.44,0
dl_1359,4,,,,,
dl_1359,24,East_exit_short,24,17,0.44,0
dl_1359,12,East_exit,12,9,0.8,0
dl_1359,11,East_exit,12,9,0.8,0
dl_1359,26,West_exit,26,17,0.8,0
dl_1359,15,West_exit_short,15,10,0.44,0
dl_1359,19,East_exit_short,19,13,0.44,0
dl_1360,4,,,,,
dl_1360,23,East_exit_short,23,16,0.44,0
dl_1360,12,East_exit,12,9,0.8,0
dl_1360,11,East_exit,12,9,0.8,0
dl_1360,26,West_exit,26,17,0.8,0
dl_1360,15,West_exit_short,15,10,0.44,0
dl_1360,19,East_exit_short,19,13,0.44,0
dl_1361,4,,,,,
dl_1361,12,East_exit,12,9,0.8,0
dl_1361,11,East_exit,12,9,0.8,0
dl_1361,17,West_exit_short,17,11,0.44,0
dl_1361,25,East_exit_short,25,17,0.44,0
dl_1361,26,West_exit,26,17,0.8,0
dl_1361,19,East_exit_short,19,13,0.44,0
dl_1362,4,,,,,
dl_1362,24,East_exit_short,24,17,0.44,0
dl_1362,12,East_exit,12,9,0.8,0
dl_1362,11,East_exit,12,9,0.8,0
dl_1362,26,West_exit,26,17,0.8,0
dl_1362,17,West_exit_short,17,11,0.44,0
dl_1362,19,East_exit_short,19,13,0.44,0
dl_1363,4,,,,,
dl_1363,23,East_exit_short,23,16,0.44,0
dl_1363,12,East_exit,12,9,0.8,0
dl_1363,11,East_exit,12,9,0.8,0
dl_1363,26,West_exit,26,17,0.8,0
dl_1363,17,West_exit_short,17,11,0.44,0
dl_1363,19,East_exit_short,19,13,0.44,0
dl_1364,4,,,,,
dl_1364,25,East_exit_short,25,17,0.44,0
dl_1364,12,East_exit,12,9,0.8,0
dl_1364,11,East_exit,12,9,0.8,0
dl_1364,22,East_exit_short,22,15,0.44,0
dl_1364,26,West_exit,26,17,0.8,0
dl_1364,18,West_exit_short,18,12,0.44,0
dl_1365,4,,,,,
dl_1365,21,East_exit_short,21,15,0.44,0
dl_1365,12,East_exit,12,9,0.8,0
dl_1365,11,East_exit,12,9,0.8,0
dl_1365,25,East_exit_short,25,17,0.44,0
dl_1365,26,West_exit,26,17,0.8,0
dl_1365,18,West_exit_short,18,12,0.44,0
dl_1366,4,,,,,
dl_1366,20,East_exit_short,20,14,0.44,0
dl_1366,12,East_exit,12,9,0.8,0
dl_1366,11,East_exit,12,9,0.8,0
dl_1366,25,East_exit_short,25,17,0.44,0
dl_1366,26,West_exit,26,17,0.8,0
dl_1366,18,West_exit_short,18,12,0.44,0
dl_1367,4,,,,,
dl_1367,24,East_exit_short,24,17,0.44,0
dl_1367,12,East_exit,12,9,0.8,0
dl_1367,11,East_exit,12,9,0.8,0
dl_1367,22,East_exit_short,22,15,0.44,0
dl_1367,26,West_exit,26,17,0.8,0
dl_1367,18,West_exit_short,18,12,0.44,0
dl_1368,4,,,,,
dl_1368,24,East_exit_short,24,17,0.44,0
dl_1368,21,East_exit_short,21,15,0.44,0
dl_1368,12,East_exit,12,9,0.8,0
dl_1368,11,East_exit,12,9,0.8,0
dl_1368,26,West_exit,26,17,0.8,0
dl_1368,18,West_exit_short,18,12,0.44,0
dl_1369,4,,,,,
dl_1369,24,East_exit_short,24,17,0.44,0
dl_1369,12,East_exit,12,9,0.8,0
dl_1369,11,East_exit,12,9,0.8,0
dl_1369,26,West_exit,26,17,0.8,0
dl_1369,20,East_exit_short,20,14,0.44,0
dl_1369,18,West_exit_short,18,12,0.44,0
dl_1370,4,,,,,
dl_1370,23,East_exit_short,23,16,0.44,0
dl_1370,12,East_exit,12,9,0.8,0
dl_1370,11,East_exit,12,9,0.8,0
dl_1370,22,East_exit_short,22,15,0.44,0
dl_1370,26,West_exit,26,17,0.8,0
dl_1370,18,West_exit_short,18,12,0.44,0
dl_1371,4,,,,,
dl_1371,23,East_exit_short,23,16,0.44,0
dl_1371,21,East_exit_short,21,15,0.44,0
dl_1371,12,East_exit,12,9,0.8,0
dl_1371,11,East_exit,12,9,0.8,0
dl_1371,26,West_exit,26,17,0.8,0
dl_1371,18,West_exit_short,18,12,0.44,0
dl_1372,4,,,,,
dl_1372,23,East_exit_short,23,16,0.44,0
dl_1372,12,East_exit,12,9,0.8,0
dl_1372,11,East_exit,12,9,0.8,0
dl_1372,26,West_exit,26,17,0.8,0
dl_1372,20,East_exit_short,20,14,0.44,0
dl_1372,18,West_exit_short,18,12,0.44,0
dl_1373,4,,,,,
dl_1373,12,East_exit,12,9,0.8,0
dl_1373,11,East_exit,12,9,0.8,0
dl_1373,25,East_exit_short,25,17,0.44,0
dl_1373,26,West_exit,26,17,0.8,0
dl_1373,19,East_exit_short,19,13,0.44,0
dl_1373,18,West_exit_short,18,12,0.44,0
dl_1374,4,,,,,
dl_1374,24,East_exit_short,24,17,0.44,0
dl_1374,12,East_exit,12,9,0.8,0
dl_1374,11,East_exit,12,9,0.8,0
dl_1374,26,West_exit,26,17,0.8,0
dl_1374,19,East_exit_short,19,13,0.44,0
dl_1374,18,West_exit_short,18,12,0.44,0
dl_1375,4,,,,,
dl_1375,23,East_exit_short,23,16,0.44,0
dl_1375,12,East_exit,12,9,0.8,0
dl_1375,11,East_exit,12,9,0.8,0
dl_1375,26,West_exit,26,17,0.8,0
dl_1375,19,East_exit_short,19,13,0.44,0
dl_1375,18,West_exit_short,18,12,0.44,0
dl_1376,4,,,,,
dl_1376,20,West_exit_short,20,13,0.44,0
dl_1376,26,West_exit,26,17,0.8,0
dl_1376,12,East_exit,12,9,0.8,0
dl_1376,11,East_exit,12,9,0.8,0
dl_1376,25,East_exit_short,25,17,0.44,0
dl_1376,19,East_exit_short,19,13,0.44,0
dl_1377,4,,,,,
dl_1377,24,East_exit_short,24,17,0.44,0
dl_1377,20,West_exit_short,20,13,0.44,0
dl_1377,12,East_exit,12,9,0.8,0
dl_1377,11,East_exit,12,9,0.8,0
dl_1377,19,East_exit_short,19,13,0.44,0
dl_1377,26,West_exit,26,17,0.8,0
dl_1378,4,,,,,
dl_1378,23,East_exit_short,23,16,0.44,0
dl_1378,20,West_exit_short,20,13,0.44,0
dl_1378,12,East_exit,12,9,0.8,0
dl_1378,11,East_exit,12,9,0.8,0
dl_1378,19,East_exit_short,19,13,0.44,0
dl_1378,26,West_exit,26,17,0.8,0
dl_1379,4,,,,,
dl_1379,11,East_exit,12,9,0.8,0
dl_1379,13,West_exit_short,13,8,0.44,0
dl_1379,22,East_exit_short,22,15,0.44,0
dl_1379,19,East_exit_short,19,13,0.44,0
dl_1379,26,West_exit,26,17,0.8,0
dl_1380,4,,,,,
dl_1380,14,West_exit_short,14,9,0.44,0
dl_1380,12,East_exit,12,9,0.8,0
dl_1380,11,East_exit,12,9,0.8,0
dl_1380,22,East_exit_short,22,15,0.44,0
dl_1380,19,East_exit_short,19,13,0.44,0
dl_1380,26,West_exit,26,17,0.8,0
dl_1381,4,,,,,
dl_1381,16,West_exit_short,16,10,0.44,0
dl_1381,12,East_exit,12,9,0.8,0
dl_1381,11,East_exit,12,9,0.8,0
dl_1381,22,East_exit_short,22,15,0.44,0
dl_1381,19,East_exit_short,19,13,0.44,0
dl_1381,26,West_exit,26,17,0.8,0
dl_1382,4,,,,,
dl_1382,15,West_exit_short,15,10,0.44,0
dl_1382,12,East_exit,12,9,0.8,0
dl_1382,11,East_exit,12,9,0.8,0
dl_1382,22,East_exit_short,22,15,0.44,0
dl_1382,19,East_exit_short,19,13,0.44,0
dl_1382,26,West_exit,26,17,0.8,0
dl_1383,4,,,,,
dl_1383,17,West_exit_short,17,11,0.44,0
dl_1383,12,East_exit,12,9,0.8,0
dl_1383,11,East_exit,12,9,0.8,0
dl_1383,22,East_exit_short,22,15,0.44,0
dl_1383,19,East_exit_short,19,13,0.44,0
dl_1383,26,West_exit,26,17,0.8,0
dl_1384,4,,,,,
dl_1384,12,East_exit,12,9,0.8,0
dl_1384,11,East_exit,12,9,0.8,0
dl_1384,22,East_exit_short,22,15,0.44,0
dl_1384,19,East_exit_short,19,13,0.44,0
dl_1384,26,West_exit,26,17,0.8,0
dl_1384,18,West_exit_short,18,12,0.44,0
dl_1385,4,,,,,
dl_1385,20,West_exit_short,20,13,0.44,0
dl_1385,12,East_exit,12,9,0.8,0
dl_1385,11,East_exit,12,9,0.8,0
dl_1385,19,East_exit_short,19,13,0.44,0
dl_1385,22,East_exit_short,22,15,0.44,0
dl_1385,26,West_exit,26,17,0.8,0
dl_1386,2,,,,,
dl_1386,11,East_exit,11,8,0.8,0
dl_1386,13,West_exit_short,13,8,0.44,0
dl_1386,17,West_exit,16,10,0.8,0
dl_1386,16,West_exit,16,10,0.8,0
dl_1387,2,,,,,
dl_1387,11,East_exit,11,8,0.8,0
dl_1387,13,West_exit_short,13,8,0.44,0
dl_1387,15,West_exit,15,10,0.8,0
dl_1387,17,West_exit,15,10,0.8,0
dl_1388,2,,,,,
dl_1388,11,East_exit,11,8,0.8,0
dl_1388,13,West_exit_short,13,8,0.44,0
dl_1388,17,West_exit,17,11,0.8,0
dl_1389,2,,,,,
dl_1389,11,East_exit,11,8,0.8,0
dl_1389,13,West_exit_short,13,8,0.44,0
dl_1389,20,West_exit,19,12,0.8,0
dl_1389,19,West_exit,19,12,0.8,0
dl_1390,2,,,,,
dl_1390,11,East_exit,11,8,0.8,0
dl_1390,13,West_exit_short,13,8,0.44,0
dl_1390,18,West_exit,18,12,0.8,0
dl_1390,20,West_exit,18,12,0.8,0
dl_1391,2,,,,,
dl_1391,11,East_exit,11,8,0.8,0
dl_1391,13,West_exit_short,13,8,0.44,0
dl_1391,20,West_exit,20,13,0.8,0
dl_1392,3,,,,,
dl_1392,11,East_exit,11,8,0.8,0
dl_1392,13,West_exit_short,13,8,0.44,0
dl_1392,23,West_exit,21,14,0.8,0
dl_1392,22,East_exit_short,22,15,0.44,0
dl_1393,3,,,,,
dl_1393,11,East_exit,11,8,0.8,0
dl_1393,13,West_exit_short,13,8,0.44,0
dl_1393,22,East_exit_short,22,15,0.44,0
dl_1393,23,West_exit,23,15,0.8,0
dl_1394,3,,,,,
dl_1394,11,East_exit,11,8,0.8,0
dl_1394,13,West_exit_short,13,8,0.44,0
dl_1394,23,West_exit,22,14,0.8,0
dl_1394,21,East_exit_short,21,15,0.44,0
dl_1395,3,,,,,
dl_1395,11,East_exit,11,8,0.8,0
dl_1395,21,East_exit_short,21,15,0.44,0
dl_1395,13,West_exit_short,13,8,0.44,0
dl_1395,23,West_exit,23,15,0.8,0
dl_1396,3,,,,,
dl_1396,11,East_exit,11,8,0.8,0
dl_1396,20,East_exit_short,20,14,0.44,0
dl_1396,23,West_exit,22,14,0.8,0
dl_1396,22,West_exit,22,14,0.8,0
dl_1396,13,West_exit_short,13,8,0.44,0
dl_1397,3,,,,,
dl_1397,11,East_exit,11,8,0.8,0
dl_1397,20,East_exit_short,20,14,0.44,0
dl_1397,21,West_exit,21,14,0.8,0
dl_1397,23,West_exit,21,14,0.8,0
dl_1397,13,West_exit_short,13,8,0.44,0
dl_1398,3,,,,,
dl_1398,11,East_exit,11,8,0.8,0
dl_1398,20,East_exit_short,20,14,0.44,0
dl_1398,13,West_exit_short,13,8,0.44,0
dl_1398,23,West_exit,23,15,0.8,0
dl_1399,4,,,,,
dl_1399,11,East_exit,11,8,0.8,0
dl_1399,13,West_exit_short,13,8,0.44,0
dl_1399,22,East_exit_short,22,15,0.44,0
dl_1399,26,West_exit,25,16,0.8,0
dl_1399,24,East_exit_short,24,17,0.44,0
dl_1400,4,,,,,
dl_1400,11,East_exit,11,8,0.8,0
dl_1400,21,East_exit_short,21,15,0.44,0
dl_1400,13,West_exit_short,13,8,0.44,0
dl_1400,26,West_exit,25,16,0.8,0
dl_1400,24,East_exit_short,24,17,0.44,0
dl_1401,4,,,,,
dl_1401,11,East_exit,11,8,0.8,0
dl_1401,20,East_exit_short,20,14,0.44,0
dl_1401,13,West_exit_short,13,8,0.44,0
dl_1401,26,West_exit,25,16,0.8,0
dl_1401,24,East_exit_short,24,17,0.44,0
dl_1402,2,,,,,
dl_1402,12,West_exit_short,12,8,0.44,0
dl_1402,11,East_exit,11,8,0.8,0
dl_1402,17,West_exit,16,10,0.8,0
dl_1402,16,West_exit,16,10,0.8,0
dl_1403,2,,,,,
dl_1403,12,West_exit_short,12,8,0.44,0
dl_1403,11,East_exit,11,8,0.8,0
dl_1403,15,West_exit,15,10,0.8,0
dl_1403,17,West_exit,15,10,0.8,0
dl_1404,2,,,,,
dl_1404,12,West_exit_short,12,8,0.44,0
dl_1404,11,East_exit,11,8,0.8,0
dl_1404,17,West_exit,17,11,0.8,0
dl_1405,2,,,,,
dl_1405,12,West_exit_short,12,8,0.44,0
dl_1405,11,East_exit,11,8,0.8,0
dl_1405,20,West_exit,19,12,0.8,0
dl_1405,19,West_exit,19,12,0.8,0
dl_1406,2,,,,,
dl_1406,12,West_exit_short,12,8,0.44,0
dl_1406,11,East_exit,11,8,0.8,0
dl_1406,18,West_exit,18,12,0.8,0
dl_1406,20,West_exit,18,12,0.8,0
dl_1407,2,,,,,
dl_1407,12,West_exit_short,12,8,0.44,0
dl_1407,11,East_exit,11,8,0.8,0
dl_1407,20,West_exit,20,13,0.8,0
dl_1408,3,,,,,
dl_1408,23,West_exit,21,14,0.8,0
dl_1408,12,West_exit_short,12,8,0.44,0
dl_1408,11,East_exit,11,8,0.8,0
dl_1408,22,East_exit_short,22,15,0.44,0
dl_1409,3,,,,,
dl_1409,12,West_exit_short,12,8,0.44,0
dl_1409,11,East_exit,11,8,0.8,0
dl_1409,22,East_exit_short,22,15,0.44,0
dl_1409,23,West_exit,23,15,0.8,0
dl_1410,3,,,,,
dl_1410,23,West_exit,22,14,0.8,0
dl_1410,12,West_exit_short,12,8,0.44,0
dl_1410,11,East_exit,11,8,0.8,0
dl_1410,21,East_exit_short,21,15,0.44,0
dl_1411,3,,,,,
dl_1411,21,East_exit_short,21,15,0.44,0
dl_1411,12,West_exit_short,12,8,0.44,0
dl_1411,11,East_exit,11,8,0.8,0
dl_1411,23,West_exit,23,15,0.8,0
dl_1412,3,,,,,
dl_1412,20,East_exit_short,20,14,0.44,0
dl_1412,23,West_exit,22,14,0.8,0
dl_1412,22,West_exit,22,14,0.8,0
dl_1412,12,West_exit_short,12,8,0.44,0
dl_1412,11,East_exit,11,8,0.8,0
dl_1413,3,,,,,
dl_1413,20,East_exit_short,20,14,0.44,0
dl_1413,21,West_exit,21,14,0.8,0
dl_1413,23,West_exit,21,14,0.8,0
dl_1413,12,West_exit_short,12,8,0.44,0
dl_1413,11,East_exit,11,8,0.8,0
dl_1414,3,,,,,
dl_1414,20,East_exit_short,20,14,0.44,0
dl_1414,12,West_exit_short,12,8,0.44,0
dl_1414,11,East_exit,11,8,0.8,0
dl_1414,23,West_exit,23,15,0.8,0
dl_1415,4,,,,,
dl_1415,12,West_exit_short,12,8,0.44,0
dl_1415,11,East_exit,11,8,0.8,0
dl_1415,22,East_exit_short,22,15,0.44,0
dl_1415,26,West_exit,25,16,0.8,0
dl_1415,24,East_exit_short,24,17,0.44,0
dl_1416,4,,,,,
dl_1416,21,East_exit_short,21,15,0.44,0
dl_1416,12,West_exit_short,12,8,0.44,0
dl_1416,11,East_exit,11,8,0.8,0
dl_1416,26,West_exit,25,16,0.8,0
dl_1416,24,East_exit_short,24,17,0.44,0
dl_1417,4,,,,,
dl_1417,20,East_exit_short,20,14,0.44,0
dl_1417,12,West_exit_short,12,8,0.44,0
dl_1417,11,East_exit,11,8,0.8,0
dl_1417,26,West_exit,25,16,0.8,0
dl_1417,24,East_exit_short,24,17,0.44,0
dl_1418,2,,,,,
dl_1418,14,West_exit_short,14,9,0.44,0
dl_1418,11,East_exit,11,8,0.8,0
dl_1418,17,West_exit,16,10,0.8,0
dl_1418,16,West_exit,16,10,0.8,0
dl_1419,2,,,,,
dl_1419,14,West_exit_short,14,9,0.44,0
dl_1419,11,East_exit,11,8,0.8,0
dl_1419,15,West_exit,15,10,0.8,0
dl_1419,17,West_exit,15,10,0.8,0
dl_1420,2,,,,,
dl_1420,14,West_exit_short,14,9,0.44,0
dl_1420,11,East_exit,11,8,0.8,0
dl_1420,17,West_exit,17,11,0.8,0
dl_1421,2,,,,,
dl_1421,14,West_exit_short,14,9,0.44,0
dl_1421,11,East_exit,11,8,0.8,0
dl_1421,20,West_exit,19,12,0.8,0
dl_1421,19,West_exit,19,12,0.8,0
dl_1422,2,,,,,
dl_1422,14,West_exit_short,14,9,0.44,0
dl_1422,11,East_exit,11,8,0.8,0
dl_1422,18,West_exit,18,12,0.8,0
dl_1422,20,West_exit,18,12,0.8,0
dl_1423,2,,,,,
dl_1423,14,West_exit_short,14,9,0.44,0
dl_1423,11,East_exit,11,8,0.8,0
dl_1423,20,West_exit,20,13,0.8,0
dl_1424,3,,,,,
dl_1424,23,West_exit,21,14,0.8,0
dl_1424,14,West_exit_short,14,9,0.44,0
dl_1424,11,East_exit,11,8,0.8,0
dl_1424,22,East_exit_short,22,15,0.44,0
dl_1425,3,,,,,
dl_1425,14,West_exit_short,14,9,0.44,0
dl_1425,11,East_exit,11,8,0.8,0
dl_1425,22,East_exit_short,22,15,0.44,0
dl_1425,23,West_exit,23,15,0.8,0
dl_1426,3,,,,,
dl_1426,23,West_exit,22,14,0.8,0
dl_1426,14,West_exit_short,14,9,0.44,0
dl_1426,11,East_exit,11,8,0.8,0
dl_1426,21,East_exit_short,21,15,0.44,0
dl_1427,3,,,,,
dl_1427,21,East_exit_short,21,15,0.44,0
dl_1427,14,West_exit_short,14,9,0.44,0
dl_1427,11,East_exit,11,8,0.8,0
dl_1427,23,West_exit,23,15,0.8,0
dl_1428,3,,,,,
dl_1428,20,East_exit_short,20,14,0.44,0
dl_1428,23,West_exit,22,14,0.8,0
dl_1428,22,West_exit,22,14,0.8,0
dl_1428,14,West_exit_short,14,9,0.44,0
dl_1428,11,East_exit,11,8,0.8,0
dl_1429,3,,,,,
dl_1429,20,East_exit_short,20,14,0.44,0
dl_1429,21,West_exit,21,14,0.8,0
dl_1429,23,West_exit,21,14,0.8,0
dl_1429,14,West_exit_short,14,9,0.44,0
dl_1429,11,East_exit,11,8,0.8,0
dl_1430,3,,,,,
dl_1430,20,East_exit_short,20,14,0.44,0
dl_1430,14,West_exit_short,14,9,0.44,0
dl_1430,11,East_exit,11,8,0.8,0
dl_1430,23,West_exit,23,15,0.8,0
dl_1431,4,,,,,
dl_1431,14,West_exit_short,14,9,0.44,0
dl_1431,11,East_exit,11,8,0.8,0
dl_1431,22,East_exit_short,22,15,0.44,0
dl_1431,26,West_exit,25,16,0.8,0
dl_1431,24,East_exit_short,24,17,0.44,0
dl_1432,4,,,,,
dl_1432,21,East_exit_short,21,15,0.44,0
dl_1432,14,West_exit_short,14,9,0.44,0
dl_1432,11,East_exit,11,8,0.8,0
dl_1432,26,West_exit,25,16,0.8,0
dl_1432,24,East_exit_short,24,17,0.44,0
dl_1433,4,,,,,
dl_1433,20,East_exit_short,20,14,0.44,0
dl_1433,14,West_exit_short,14,9,0.44,0
dl_1433,11,East_exit,11,8,0.8,0
dl_1433,26,West_exit,25,16,0.8,0
dl_1433,24,East_exit_short,24,17,0.44,0
dl_1434,4,,,,,
dl_1434,11,East_exit,11,8,0.8,0
dl_1434,23,East_exit_short,23,16,0.44,0
dl_1434,26,West_exit,25,16,0.8,0
dl_1434,25,West_exit,25,16,0.8,0
dl_1434,13,West_exit_short,13,8,0.44,0
dl_1434,22,East_exit_short,22,15,0.44,0
dl_1435,4,,,,,
dl_1435,11,East_exit,11,8,0.8,0
dl_1435,23,East_exit_short,23,16,0.44,0
dl_1435,26,West_exit,25,16,0.8,0
dl_1435,25,West_exit,25,16,0.8,0
dl_1435,21,East_exit_short,21,15,0.44,0
dl_1435,13,West_exit_short,13,8,0.44,0
dl_1436,4,,,,,
dl_1436,11,East_exit,11,8,0.8,0
dl_1436,23,East_exit_short,23,16,0.44,0
dl_1436,26,West_exit,25,16,0.8,0
dl_1436,25,West_exit,25,16,0.8,0
dl_1436,20,East_exit_short,20,14,0.44,0
dl_1436,13,West_exit_short,13,8,0.44,0
dl_1437,4,,,,,
dl_1437,23,East_exit_short,23,16,0.44,0
dl_1437,26,West_exit,25,16,0.8,0
dl_1437,25,West_exit,25,16,0.8,0
dl_1437,12,West_exit_short,12,8,0.44,0
dl_1437,11,East_exit,11,8,0.8,0
dl_1437,22,East_exit_short,22,15,0.44,0
dl_1438,4,,,,,
dl_1438,23,East_exit_short,23,16,0.44,0
dl_1438,26,West_exit,25,16,0.8,0
dl_1438,25,West_exit,25,16,0.8,0
dl_1438,21,East_exit_short,21,15,0.44,0
dl_1438,12,West_exit_short,12,8,0.44,0
dl_1438,11,East_exit,11,8,0.8,0
dl_1439,4,,,,,
dl_1439,23,East_exit_short,23,16,0.44,0
dl_1439,26,West_exit,25,16,0.8,0
dl_1439,25,West_exit,25,16,0.8,0
dl_1439,12,West_exit_short,12,8,0.44,0
dl_1439,11,East_exit,11,8,0.8,0
dl_1439,20,East_exit_short,20,14,0.44,0
dl_1440,4,,,,,
dl_1440,23,East_exit_short,23,16,0.44,0
dl_1440,26,West_exit,25,16,0.8,0
dl_1440,25,West_exit,25,16,0.8,0
dl_1440,14,West_exit_short,14,9,0.44,0
dl_1440,11,East_exit,11,8,0.8,0
dl_1440,22,East_exit_short,22,15,0.44,0
dl_1441,4,,,,,
dl_1441,23,East_exit_short,23,16,0.44,0
dl_1441,26,West_exit,25,16,0.8,0
dl_1441,25,West_exit,25,16,0.8,0
dl_1441,21,East_exit_short,21,15,0.44,0
dl_1441,14,West_exit_short,14,9,0.44,0
dl_1441,11,East_exit,11,8,0.8,0
dl_1442,4,,,,,
dl_1442,23,East_exit_short,23,16,0.44,0
dl_1442,26,West_exit,25,16,0.8,0
dl_1442,25,West_exit,25,16,0.8,0
dl_1442,14,West_exit_short,14,9,0.44,0
dl_1442,11,East_exit,11,8,0.8,0
dl_1442,20,East_exit_short,20,14,0.44,0
dl_1443,2,,,,,
dl_1443,16,West_exit_short,16,10,0.44,0
dl_1443,11,East_exit,11,8,0.8,0
dl_1443,20,West_exit,19,12,0.8,0
dl_1443,19,West_exit,19,12,0.8,0
dl_1444,2,,,,,
dl_1444,16,West_exit_short,16,10,0.44,0
dl_1444,11,East_exit,11,8,0.8,0
dl_1444,18,West_exit,18,12,0.8,0
dl_1444,20,West_exit,18,12,0.8,0
dl_1445,2,,,,,
dl_1445,16,West_exit_short,16,10,0.44,0
dl_1445,11,East_exit,11,8,0.8,0
dl_1445,20,West_exit,20,13,0.8,0
dl_1446,3,,,,,
dl_1446,23,West_exit,21,14,0.8,0
dl_1446,16,West_exit_short,16,10,0.44,0
dl_1446,11,East_exit,11,8,0.8,0
dl_1446,22,East_exit_short,22,15,0.44,0
dl_1447,3,,,,,
dl_1447,16,West_exit_short,16,10,0.44,0
dl_1447,11,East_exit,11,8,0.8,0
dl_1447,22,East_exit_short,22,15,0.44,0
dl_1447,23,West_exit,23,15,0.8,0
dl_1448,3,,,,,
dl_1448,23,West_exit,22,14,0.8,0
dl_1448,16,West_exit_short,16,10,0.44,0
dl_1448,11,East_exit,11,8,0.8,0
dl_1448,21,East_exit_short,21,15,0.44,0
dl_1449,3,,,,,
dl_1449,21,East_exit_short,21,15,0.44,0
dl_1449,11,East_exit,11,8,0.8,0
dl_1449,23,West_exit,23,15,0.8,0
dl_1449,16,West_exit_short,16,10,0.44,0
dl_1450,3,,,,,
dl_1450,20,East_exit_short,20,14,0.44,0
dl_1450,23,West_exit,22,14,0.8,0
dl_1450,22,West_exit,22,14,0.8,0
dl_1450,11,East_exit,11,8,0.8,0
dl_1450,16,West_exit_short,16,10,0.44,0
dl_1451,3,,,,,
dl_1451,20,East_exit_short,20,14,0.44,0
dl_1451,21,West_exit,21,14,0.8,0
dl_1451,23,West_exit,21,14,0.8,0
dl_1451,11,East_exit,11,8,0.8,0
dl_1451,16,West_exit_short,16,10,0.44,0
dl_1452,3,,,,,
dl_1452,20,East_exit_short,20,14,0.44,0
dl_1452,11,East_exit,11,8,0.8,0
dl_1452,23,West_exit,23,15,0.8,0
dl_1452,16,West_exit_short,16,10,0.44,0
dl_1453,4,,,,,
dl_1453,16,West_exit_short,16,10,0.44,0
dl_1453,11,East_exit,11,8,0.8,0
dl_1453,22,East_exit_short,22,15,0.44,0
dl_1453,26,West_exit,25,16,0.8,0
dl_1453,24,East_exit_short,24,17,0.44,0
dl_1454,4,,,,,
dl_1454,21,East_exit_short,21,15,0.44,0
dl_1454,11,East_exit,11,8,0.8,0
dl_1454,26,West_exit,25,16,0.8,0
dl_1454,24,East_exit_short,24,17,0.44,0
dl_1454,16,West_exit_short,16,10,0.44,0
dl_1455,4,,,,,
dl_1455,20,East_exit_short,20,14,0.44,0
dl_1455,11,East_exit,11,8,0.8,0
dl_1455,26,West_exit,25,16,0.8,0
dl_1455,24,East_exit_short,24,17,0.44,0
dl_1455,16,West_exit_short,16,10,0.44,0
dl_1456,4,,,,,
dl_1456,23,East_exit_short,23,16,0.44,0
dl_1456,26,West_exit,25,16,0.8,0
dl_1456,25,West_exit,25,16,0.8,0
dl_1456,11,East_exit,11,8,0.8,0
dl_1456,22,East_exit_short,22,15,0.44,0
dl_1456,16,West_exit_short,16,10,0.44,0
dl_1457,4,,,,,
dl_1457,23,East_exit_short,23,16,0.44,0
dl_1457,26,West_exit,25,16,0.8,0
dl_1457,25,West_exit,25,16,0.8,0
dl_1457,21,East_exit_short,21,15,0.44,0
dl_1457,11,East_exit,11,8,0.8,0
dl_1457,16,West_exit_short,16,10,0.44,0
dl_1458,4,,,,,
dl_1458,23,East_exit_short,23,16,0.44,0
dl_1458,26,West_exit,25,16,0.8,0
dl_1458,25,West_exit,25,16,0.8,0
dl_1458,11,East_exit,11,8,0.8,0
dl_1458,20,East_exit_short,20,14,0.44,0
dl_1458,16,West_exit_short,16,10,0.44,0
dl_1459,2,,,,,
dl_1459,15,West_exit_short,15,10,0.44,0
dl_1459,11,East_exit,11,8,0.8,0
dl_1459,20,West_exit,19,12,0.8,0
dl_1459,19,West_exit,19,12,0.8,0
dl_1460,2,,,,,
dl_1460,15,West_exit_short,15,10,0.44,0
dl_1460,11,East_exit,11,8,0.8,0
dl_1460,18,West_exit,18,12,0.8,0
dl_1460,20,West_exit,18,12,0.8,0
dl_1461,2,,,,,
dl_1461,15,West_exit_short,15,10,0.44,0
dl_1461,11,East_exit,11,8,0.8,0
dl_1461,20,West_exit,20,13,0.8,0
dl_1462,3,,,,,
dl_1462,23,West_exit,21,14,0.8,0
dl_1462,11,East_exit,11,8,0.8,0
dl_1462,22,East_exit_short,22,15,0.44,0
dl_1462,15,West_exit_short,15,10,0.44,0
dl_1463,3,,,,,
dl_1463,15,West_exit_short,15,10,0.44,0
dl_1463,11,East_exit,11,8,0.8,0
dl_1463,22,East_exit_short,22,15,0.44,0
dl_1463,23,West_exit,23,15,0.8,0
dl_1464,3,,,,,
dl_1464,23,West_exit,22,14,0.8,0
dl_1464,11,East_exit,11,8,0.8,0
dl_1464,21,East_exit_short,21,15,0.44,0
dl_1464,15,West_exit_short,15,10,0.44,0
dl_1465,3,,,,,
dl_1465,21,East_exit_short,21,15,0.44,0
dl_1465,11,East_exit,11,8,0.8,0
dl_1465,23,West_exit,23,15,0.8,0
dl_1465,15,West_exit_short,15,10,0.44,0
dl_1466,3,,,,,
dl_1466,20,East_exit_short,20,14,0.44,0
dl_1466,23,West_exit,22,14,0.8,0
dl_1466,22,West_exit,22,14,0.8,0
dl_1466,11,East_exit,11,8,0.8,0
dl_1466,15,West_exit_short,15,10,0.44,0
dl_1467,3,,,,,
dl_1467,20,East_exit_short,20,14,0.44,0
dl_1467,21,West_exit,21,14,0.8,0
dl_1467,23,West_exit,21,14,0.8,0
dl_1467,11,East_exit,11,8,0.8,0
dl_1467,15,West_exit_short,15,10,0.44,0
dl_1468,3,,,,,
dl_1468,20,East_exit_short,20,14,0.44,0
dl_1468,11,East_exit,11,8,0.8,0
dl_1468,23,West_exit,23,15,0.8,0
dl_1468,15,West_exit_short,15,10,0.44,0
dl_1469,4,,,,,
dl_1469,26,West_exit,25,16,0.8,0
dl_1469,24,East_exit_short,24,17,0.44,0
dl_1469,11,East_exit,11,8,0.8,0
dl_1469,22,East_exit_short,22,15,0.44,0
dl_1469,15,West_exit_short,15,10,0.44,0
dl_1470,4,,,,,
dl_1470,21,East_exit_short,21,15,0.44,0
dl_1470,11,East_exit,11,8,0.8,0
dl_1470,26,West_exit,25,16,0.8,0
dl_1470,24,East_exit_short,24,17,0.44,0
dl_1470,15,West_exit_short,15,10,0.44,0
dl_1471,4,,,,,
dl_1471,20,East_exit_short,20,14,0.44,0
dl_1471,11,East_exit,11,8,0.8,0
dl_1471,26,West_exit,25,16,0.8,0
dl_1471,24,East_exit_short,24,17,0.44,0
dl_1471,15,West_exit_short,15,10,0.44,0
dl_1472,4,,,,,
dl_1472,23,East_exit_short,23,16,0.44,0
dl_1472,26,West_exit,25,16,0.8,0
dl_1472,25,West_exit,25,16,0.8,0
dl_1472,11,East_exit,11,8,0.8,0
dl_1472,22,East_exit_short,22,15,0.44,0
dl_1472,15,West_exit_short,15,10,0.44,0
dl_1473,4,,,,,
dl_1473,23,East_exit_short,23,16,0.44,0
dl_1473,26,West_exit,25,16,0.8,0
dl_1473,25,West_exit,25,16,0.8,0
dl_1473,21,East_exit_short,21,15,0.44,0
dl_1473,11,East_exit,11,8,0.8,0
dl_1473,15,West_exit_short,15,10,0.44,0
dl_1474,4,,,,,
dl_1474,23,East_exit_short,23,16,0.44,0
dl_1474,26,West_exit,25,16,0.8,0
dl_1474,25,West_exit,25,16,0.8,0
dl_1474,11,East_exit,11,8,0.8,0
dl_1474,20,East_exit_short,20,14,0.44,0
dl_1474,15,West_exit_short,15,10,0.44,0
dl_1475,2,,,,,
dl_1475,17,West_exit_short,17,11,0.44,0
dl_1475,11,East_exit,11,8,0.8,0
dl_1475,20,West_exit,19,12,0.8,0
dl_1475,19,West_exit,19,12,0.8,0
dl_1476,2,,,,,
dl_1476,17,West_exit_short,17,11,0.44,0
dl_1476,11,East_exit,11,8,0.8,0
dl_1476,18,West_exit,18,12,0.8,0
dl_1476,20,West_exit,18,12,0.8,0
dl_1477,2,,,,,
dl_1477,17,West_exit_short,17,11,0.44,0
dl_1477,11,East_exit,11,8,0.8,0
dl_1477,20,West_exit,20,13,0.8,0
dl_1478,3,,,,,
dl_1478,23,West_exit,21,14,0.8,0
dl_1478,11,East_exit,11,8,0.8,0
dl_1478,22,East_exit_short,22,15,0.44,0
dl_1478,17,West_exit_short,17,11,0.44,0
dl_1479,3,,,,,
dl_1479,17,West_exit_short,17,11,0.44,0
dl_1479,11,East_exit,11,8,0.8,0
dl_1479,22,East_exit_short,22,15,0.44,0
dl_1479,23,West_exit,23,15,0.8,0
dl_1480,3,,,,,
dl_1480,23,West_exit,22,14,0.8,0
dl_1480,11,East_exit,11,8,0.8,0
dl_1480,21,East_exit_short,21,15,0.44,0
dl_1480,17,West_exit_short,17,11,0.44,0
dl_1481,3,,,,,
dl_1481,21,East_exit_short,21,15,0.44,0
dl_1481,11,East_exit,11,8,0.8,0
dl_1481,23,West_exit,23,15,0.8,0
dl_1481,17,West_exit_short,17,11,0.44,0
dl_1482,3,,,,,
dl_1482,20,East_exit_short,20,14,0.44,0
dl_1482,23,West_exit,22,14,0.8,0
dl_1482,22,West_exit,22,14,0.8,0
dl_1482,11,East_exit,11,8,0.8,0
dl_1482,17,West_exit_short,17,11,0.44,0
dl_1483,3,,,,,
dl_1483,20,East_exit_short,20,14,0.44,0
dl_1483,21,West_exit,21,14,0.8,0
dl_1483,23,West_exit,21,14,0.8,0
dl_1483,11,East_exit,11,8,0.8,0
dl_1483,17,West_exit_short,17,11,0.44,0
dl_1484,3,,,,,
dl_1484,20,East_exit_short,20,14,0.44,0
dl_1484,11,East_exit,11,8,0.8,0
dl_1484,23,West_exit,23,15,0.8,0
dl_1484,17,West_exit_short,17,11,0.44,0
dl_1485,4,,,,,
dl_1485,17,West_exit_short,17,11,0.44,0
dl_1485,11,East_exit,11,8,0.8,0
dl_1485,22,East_exit_short,22,15,0.44,0
dl_1485,26,West_exit,25,16,0.8,0
dl_1485,24,East_exit_short,24,17,0.44,0
dl_1486,4,,,,,
dl_1486,21,East_exit_short,21,15,0.44,0
dl_1486,11,East_exit,11,8,0.8,0
dl_1486,26,West_exit,25,16,0.8,0
dl_1486,24,East_exit_short,24,17,0.44,0
dl_1486,17,West_exit_short,17,11,0.44,0
dl_1487,4,,,,,
dl_1487,20,East_exit_short,20,14,0.44,0
dl_1487,11,East_exit,11,8,0.8,0
dl_1487,26,West_exit,25,16,0.8,0
dl_1487,24,East_exit_short,24,17,0.44,0
dl_1487,17,West_exit_short,17,11,0.44,0
dl_1488,4,,,,,
dl_1488,23,East_exit_short,23,16,0.44,0
dl_1488,26,West_exit,25,16,0.8,0
dl_1488,25,West_exit,25,16,0.8,0
dl_1488,11,East_exit,11,8,0.8,0
dl_1488,22,East_exit_short,22,15,0.44,0
dl_1488,17,West_exit_short,17,11,0.44,0
dl_1489,4,,,,,
dl_1489,23,East_exit_short,23,16,0.44,0
dl_1489,26,West_exit,25,16,0.8,0
dl_1489,25,West_exit,25,16,0.8,0
dl_1489,21,East_exit_short,21,15,0.44,0
dl_1489,11,East_exit,11,8,0.8,0
dl_1489,17,West_exit_short,17,11,0.44,0
dl_1490,4,,,,,
dl_1490,23,East_exit_short,23,16,0.44,0
dl_1490,26,West_exit,25,16,0.8,0
dl_1490,25,West_exit,25,16,0.8,0
dl_1490,11,East_exit,11,8,0.8,0
dl_1490,20,East_exit_short,20,14,0.44,0
dl_1490,17,West_exit_short,17,11,0.44,0
dl_1491,3,,,,,
dl_1491,11,East_exit,11,8,0.8,0
dl_1491,13,West_exit_short,13,8,0.44,0
dl_1491,23,West_exit,22,14,0.8,0
dl_1491,22,West_exit,22,14,0.8,0
dl_1491,19,East_exit_short,19,13,0.44,0
dl_1492,3,,,,,
dl_1492,11,East_exit,11,8,0.8,0
dl_1492,13,West_exit_short,13,8,0.44,0
dl_1492,21,West_exit,21,14,0.8,0
dl_1492,23,West_exit,21,14,0.8,0
dl_1492,19,East_exit_short,19,13,0.44,0
dl_1493,3,,,,,
dl_1493,11,East_exit,11,8,0.8,0
dl_1493,13,West_exit_short,13,8,0.44,0
dl_1493,19,East_exit_short,19,13,0.44,0
dl_1493,23,West_exit,23,15,0.8,0
dl_1494,4,,,,,
dl_1494,26,West_exit,25,16,0.8,0
dl_1494,11,East_exit,11,8,0.8,0
dl_1494,13,West_exit_short,13,8,0.44,0
dl_1494,24,East_exit_short,24,17,0.44,0
dl_1494,19,East_exit_short,19,13,0.44,0
dl_1495,3,,,,,
dl_1495,12,West_exit_short,12,8,0.44,0
dl_1495,11,East_exit,11,8,0.8,0
dl_1495,23,West_exit,22,14,0.8,0
dl_1495,22,West_exit,22,14,0.8,0
dl_1495,19,East_exit_short,19,13,0.44,0
dl_1496,3,,,,,
dl_1496,12,West_exit_short,12,8,0.44,0
dl_1496,11,East_exit,11,8,0.8,0
dl_1496,21,West_exit,21,14,0.8,0
dl_1496,23,West_exit,21,14,0.8,0
dl_1496,19,East_exit_short,19,13,0.44,0
dl_1497,3,,,,,
dl_1497,12,West_exit_short,12,8,0.44,0
dl_1497,11,East_exit,11,8,0.8,0
dl_1497,19,East_exit_short,19,13,0.44,0
dl_1497,23,West_exit,23,15,0.8,0
dl_1498,4,,,,,
dl_1498,26,West_exit,25,16,0.8,0
dl_1498,12,West_exit_short,12,8,0.44,0
dl_1498,11,East_exit,11,8,0.8,0
dl_1498,24,East_exit_short,24,17,0.44,0
dl_1498,19,East_exit_short,19,13,0.44,0
dl_1499,3,,,,,
dl_1499,23,West_exit,22,14,0.8,0
dl_1499,22,West_exit,22,14,0.8,0
dl_1499,14,West_exit_short,14,9,0.44,0
dl_1499,11,East_exit,11,8,0.8,0
dl_1499,19,East_exit_short,19,13,0.44,0
dl_1500,3,,,,,
dl_1500,21,West_exit,21,14,0.8,0
dl_1500,23,West_exit,21,14,0.8,0
dl_1500,14,West_exit_short,14,9,0.44,0
dl_1500,11,East_exit,11,8,0.8,0
dl_1500,19,East_exit_short,19,13,0.44,0
dl_1501,3,,,,,
dl_1501,14,West_exit_short,14,9,0.44,0
dl_1501,11,East_exit,11,8,0.8,0
dl_1501,19,East_exit_short,19,13,0.44,0
dl_1501,23,West_exit,23,15,0.8,0
dl_1502,4,,,,,
dl_1502,26,West_exit,25,16,0.8,0
dl_1502,14,West_exit_short,14,9,0.44,0
dl_1502,11,East_exit,11,8,0.8,0
dl_1502,24,East_exit_short,24,17,0.44,0
dl_1502,19,East_exit_short,19,13,0.44,0
dl_1503,4,,,,,
dl_1503,11,East_exit,11,8,0.8,0
dl_1503,23,East_exit_short,23,16,0.44,0
dl_1503,26,West_exit,25,16,0.8,0
dl_1503,25,West_exit,25,16,0.8,0
dl_1503,13,West_exit_short,13,8,0.44,0
dl_1503,19,East_exit_short,19,13,0.44,0
dl_1504,4,,,,,
dl_1504,23,East_exit_short,23,16,0.44,0
dl_1504,26,West_exit,25,16,0.8,0
dl_1504,25,West_exit,25,16,0.8,0
dl_1504,12,West_exit_short,12,8,0.44,0
dl_1504,11,East_exit,11,8,0.8,0
dl_1504,19,East_exit_short,19,13,0.44,0
dl_1505,4,,,,,
dl_1505,23,East_exit_short,23,16,0.44,0
dl_1505,26,West_exit,25,16,0.8,0
dl_1505,25,West_exit,25,16,0.8,0
dl_1505,14,West_exit_short,14,9,0.44,0
dl_1505,11,East_exit,11,8,0.8,0
dl_1505,19,East_exit_short,19,13,0.44,0
dl_1506,3,,,,,
dl_1506,23,West_exit,22,14,0.8,0
dl_1506,22,West_exit,22,14,0.8,0
dl_1506,11,East_exit,11,8,0.8,0
dl_1506,16,West_exit_short,16,10,0.44,0
dl_1506,19,East_exit_short,19,13,0.44,0
dl_1507,3,,,,,
dl_1507,21,West_exit,21,14,0.8,0
dl_1507,23,West_exit,21,14,0.8,0
dl_1507,11,East_exit,11,8,0.8,0
dl_1507,16,West_exit_short,16,10,0.44,0
dl_1507,19,East_exit_short,19,13,0.44,0
dl_1508,3,,,,,
dl_1508,16,West_exit_short,16,10,0.44,0
dl_1508,11,East_exit,11,8,0.8,0
dl_1508,19,East_exit_short,19,13,0.44,0
dl_1508,23,West_exit,23,15,0.8,0
dl_1509,4,,,,,
dl_1509,11,East_exit,11,8,0.8,0
dl_1509,26,West_exit,25,16,0.8,0
dl_1509,24,East_exit_short,24,17,0.44,0
dl_1509,16,West_exit_short,16,10,0.44,0
dl_1509,19,East_exit_short,19,13,0.44,0
dl_1510,4,,,,,
dl_1510,23,East_exit_short,23,16,0.44,0
dl_1510,26,West_exit,25,16,0.8,0
dl_1510,25,West_exit,25,16,0.8,0
dl_1510,11,East_exit,11,8,0.8,0
dl_1510,16,West_exit_short,16,10,0.44,0
dl_1510,19,East_exit_short,19,13,0.44,0
dl_1511,3,,,,,
dl_1511,23,West_exit,22,14,0.8,0
dl_1511,22,West_exit,22,14,0.8,0
dl_1511,11,East_exit,11,8,0.8,0
dl_1511,15,West_exit_short,15,10,0.44,0
dl_1511,19,East_exit_short,19,13,0.44,0
dl_1512,3,,,,,
dl_1512,21,West_exit,21,14,0.8,0
dl_1512,23,West_exit,21,14,0.8,0
dl_1512,11,East_exit,11,8,0.8,0
dl_1512,15,West_exit_short,15,10,0.44,0
dl_1512,19,East_exit_short,19,13,0.44,0
dl_1513,3,,,,,
dl_1513,15,West_exit_short,15,10,0.44,0
dl_1513,11,East_exit,11,8,0.8,0
dl_1513,19,East_exit_short,19,13,0.44,0
dl_1513,23,West_exit,23,15,0.8,0
dl_1514,4,,,,,
dl_1514,11,East_exit,11,8,0.8,0
dl_1514,26,West_exit,25,16,0.8,0
dl_1514,24,East_exit_short,24,17,0.44,0
dl_1514,15,West_exit_short,15,10,0.44,0
dl_1514,19,East_exit_short,19,13,0.44,0
dl_1515,4,,,,,
dl_1515,23,East_exit_short,23,16,0.44,0
dl_1515,26,West_exit,25,16,0.8,0
dl_1515,25,West_exit,25,16,0.8,0
dl_1515,11,East_exit,11,8,0.8,0
dl_1515,15,West_exit_short,15,10,0.44,0
dl_1515,19,East_exit_short,19,13,0.44,0
dl_1516,3,,,,,
dl_1516,23,West_exit,22,14,0.8,0
dl_1516,22,West_exit,22,14,0.8,0
dl_1516,11,East_exit,11,8,0.8,0
dl_1516,17,West_exit_short,17,11,0.44,0
dl_1516,19,East_exit_short,19,13,0.44,0
dl_1517,3,,,,,
dl_1517,21,West_exit,21,14,0.8,0
dl_1517,23,West_exit,21,14,0.8,0
dl_1517,11,East_exit,11,8,0.8,0
dl_1517,17,West_exit_short,17,11,0.44,0
dl_1517,19,East_exit_short,19,13,0.44,0
dl_1518,3,,,,,
dl_1518,17,West_exit_short,17,11,0.44,0
dl_1518,11,East_exit,11,8,0.8,0
dl_1518,19,East_exit_short,19,13,0.44,0
dl_1518,23,West_exit,23,15,0.8,0
dl_1519,4,,,,,
dl_1519,11,East_exit,11,8,0.8,0
dl_1519,26,West_exit,25,16,0.8,0
dl_1519,24,East_exit_short,24,17,0.44,0
dl_1519,17,West_exit_short,17,11,0.44,0
dl_1519,19,East_exit_short,19,13,0.44,0
dl_1520,4,,,,,
dl_1520,23,East_exit_short,23,16,0.44,0
dl_1520,26,West_exit,25,16,0.8,0
dl_1520,25,West_exit,25,16,0.8,0
dl_1520,11,East_exit,11,8,0.8,0
dl_1520,17,West_exit_short,17,11,0.44,0
dl_1520,19,East_exit_short,19,13,0.44,0
dl_1521,3,,,,,
dl_1521,23,West_exit,21,14,0.8,0
dl_1521,11,East_exit,11,8,0.8,0
dl_1521,22,East_exit_short,22,15,0.44,0
dl_1521,18,West_exit_short,18,12,0.44,0
dl_1522,3,,,,,
dl_1522,11,East_exit,11,8,0.8,0
dl_1522,22,East_exit_short,22,15,0.44,0
dl_1522,23,West_exit,23,15,0.8,0
dl_1522,18,West_exit_short,18,12,0.44,0
dl_1523,3,,,,,
dl_1523,23,West_exit,22,14,0.8,0
dl_1523,11,East_exit,11,8,0.8,0
dl_1523,21,East_exit_short,21,15,0.44,0
dl_1523,18,West_exit_short,18,12,0.44,0
dl_1524,3,,,,,
dl_1524,21,East_exit_short,21,15,0.44,0
dl_1524,11,East_exit,11,8,0.8,0
dl_1524,23,West_exit,23,15,0.8,0
dl_1524,18,West_exit_short,18,12,0.44,0
dl_1525,3,,,,,
dl_1525,20,East_exit_short,20,14,0.44,0
dl_1525,23,West_exit,22,14,0.8,0
dl_1525,22,West_exit,22,14,0.8,0
dl_1525,11,East_exit,11,8,0.8,0
dl_1525,18,West_exit_short,18,12,0.44,0
dl_1526,3,,,,,
dl_1526,20,East_exit_short,20,14,0.44,0
dl_1526,21,West_exit,21,14,0.8,0
dl_1526,23,West_exit,21,14,0.8,0
dl_1526,11,East_exit,11,8,0.8,0
dl_1526,18,West_exit_short,18,12,0.44,0
dl_1527,3,,,,,
dl_1527,20,East_exit_short,20,14,0.44,0
dl_1527,11,East_exit,11,8,0.8,0
dl_1527,23,West_exit,23,15,0.8,0
dl_1527,18,West_exit_short,18,12,0.44,0
dl_1528,4,,,,,
dl_1528,11,East_exit,11,8,0.8,0
dl_1528,22,East_exit_short,22,15,0.44,0
dl_1528,26,West_exit,25,16,0.8,0
dl_1528,24,East_exit_short,24,17,0.44,0
dl_1528,18,West_exit_short,18,12,0.44,0
dl_1529,4,,,,,
dl_1529,21,East_exit_short,21,15,0.44,0
dl_1529,11,East_exit,11,8,0.8,0
dl_1529,26,West_exit,25,16,0.8,0
dl_1529,24,East_exit_short,24,17,0.44,0
dl_1529,18,West_exit_short,18,12,0.44,0
dl_1530,4,,,,,
dl_1530,20,East_exit_short,20,14,0.44,0
dl_1530,11,East_exit,11,8,0.8,0
dl_1530,26,West_exit,25,16,0.8,0
dl_1530,24,East_exit_short,24,17,0.44,0
dl_1530,18,West_exit_short,18,12,0.44,0
dl_1531,4,,,,,
dl_1531,23,East_exit_short,23,16,0.44,0
dl_1531,26,West_exit,25,16,0.8,0
dl_1531,25,West_exit,25,16,0.8,0
dl_1531,11,East_exit,11,8,0.8,0
dl_1531,22,East_exit_short,22,15,0.44,0
dl_1531,18,West_exit_short,18,12,0.44,0
dl_1532,4,,,,,
dl_1532,23,East_exit_short,23,16,0.44,0
dl_1532,26,West_exit,25,16,0.8,0
dl_1532,25,West_exit,25,16,0.8,0
dl_1532,21,East_exit_short,21,15,0.44,0
dl_1532,11,East_exit,11,8,0.8,0
dl_1532,18,West_exit_short,18,12,0.44,0
dl_1533,4,,,,,
dl_1533,23,East_exit_short,23,16,0.44,0
dl_1533,26,West_exit,25,16,0.8,0
dl_1533,25,West_exit,25,16,0.8,0
dl_1533,11,East_exit,11,8,0.8,0
dl_1533,20,East_exit_short,20,14,0.44,0
dl_1533,18,West_exit_short,18,12,0.44,0
dl_1534,3,,,,,
dl_1534,23,West_exit,22,14,0.8,0
dl_1534,22,West_exit,22,14,0.8,0
dl_1534,11,East_exit,11,8,0.8,0
dl_1534,19,East_exit_short,19,13,0.44,0
dl_1534,18,West_exit_short,18,12,0.44,0
dl_1535,3,,,,,
dl_1535,21,West_exit,21,14,0.8,0
dl_1535,23,West_exit,21,14,0.8,0
dl_1535,11,East_exit,11,8,0.8,0
dl_1535,19,East_exit_short,19,13,0.44,0
dl_1535,18,West_exit_short,18,12,0.44,0
dl_1536,3,,,,,
dl_1536,11,East_exit,11,8,0.8,0
dl_1536,19,East_exit_short,19,13,0.44,0
dl_1536,23,West_exit,23,15,0.8,0
dl_1536,18,West_exit_short,18,12,0.44,0
dl_1537,4,,,,,
dl_1537,11,East_exit,11,8,0.8,0
dl_1537,26,West_exit,25,16,0.8,0
dl_1537,24,East_exit_short,24,17,0.44,0
dl_1537,19,East_exit_short,19,13,0.44,0
dl_1537,18,West_exit_short,18,12,0.44,0
dl_1538,4,,,,,
dl_1538,23,East_exit_short,23,16,0.44,0
dl_1538,26,West_exit,25,16,0.8,0
dl_1538,25,West_exit,25,16,0.8,0
dl_1538,11,East_exit,11,8,0.8,0
dl_1538,19,East_exit_short,19,13,0.44,0
dl_1538,18,West_exit_short,18,12,0.44,0
dl_1539,3,,,,,
dl_1539,20,West_exit_short,20,13,0.44,0
dl_1539,23,West_exit,22,14,0.8,0
dl_1539,22,West_exit,22,14,0.8,0
dl_1539,11,East_exit,11,8,0.8,0
dl_1539,19,East_exit_short,19,13,0.44,0
dl_1540,3,,,,,
dl_1540,20,West_exit_short,20,13,0.44,0
dl_1540,21,West_exit,21,14,0.8,0
dl_1540,23,West_exit,21,14,0.8,0
dl_1540,11,East_exit,11,8,0.8,0
dl_1540,19,East_exit_short,19,13,0.44,0
dl_1541,3,,,,,
dl_1541,20,West_exit_short,20,13,0.44,0
dl_1541,11,East_exit,11,8,0.8,0
dl_1541,19,East_exit_short,19,13,0.44,0
dl_1541,23,West_exit,23,15,0.8,0
dl_1542,4,,,,,
dl_1542,20,West_exit_short,20,13,0.44,0
dl_1542,26,West_exit,25,16,0.8,0
dl_1542,11,East_exit,11,8,0.8,0
dl_1542,24,East_exit_short,24,17,0.44,0
dl_1542,19,East_exit_short,19,13,0.44,0
dl_1543,4,,,,,
dl_1543,23,East_exit_short,23,16,0.44,0
dl_1543,26,West_exit,25,16,0.8,0
dl_1543,25,West_exit,25,16,0.8,0
dl_1543,20,West_exit_short,20,13,0.44,0
dl_1543,11,East_exit,11,8,0.8,0
dl_1543,19,East_exit_short,19,13,0.44,0
dl_1544,4,,,,,
dl_1544,11,East_exit,11,8,0.8,0
dl_1544,13,West_exit_short,13,8,0.44,0
dl_1544,22,East_exit_short,22,15,0.44,0
dl_1544,19,East_exit_short,19,13,0.44,0
dl_1544,26,West_exit,25,16,0.8,0
dl_1544,25,West_exit,25,16,0.8,0
dl_1545,4,,,,,
dl_1545,22,East_exit_short,22,15,0.44,0
dl_1545,12,West_exit_short,12,8,0.44,0
dl_1545,19,East_exit_short,19,13,0.44,0
dl_1545,26,West_exit,25,16,0.8,0
dl_1545,25,West_exit,25,16,0.8,0
dl_1545,11,East_exit,11,8,0.8,0
dl_1546,4,,,,,
dl_1546,22,East_exit_short,22,15,0.44,0
dl_1546,14,West_exit_short,14,9,0.44,0
dl_1546,19,East_exit_short,19,13,0.44,0
dl_1546,26,West_exit,25,16,0.8,0
dl_1546,25,West_exit,25,16,0.8,0
dl_1546,11,East_exit,11,8,0.8,0
dl_1547,4,,,,,
dl_1547,22,East_exit_short,22,15,0.44,0
dl_1547,19,East_exit_short,19,13,0.44,0
dl_1547,16,West_exit_short,16,10,0.44,0
dl_1547,26,West_exit,25,16,0.8,0
dl_1547,25,West_exit,25,16,0.8,0
dl_1547,11,East_exit,11,8,0.8,0
dl_1548,4,,,,,
dl_1548,15,West_exit_short,15,10,0.44,0
dl_1548,22,East_exit_short,22,15,0.44,0
dl_1548,19,East_exit_short,19,13,0.44,0
dl_1548,26,West_exit,25,16,0.8,0
dl_1548,25,West_exit,25,16,0.8,0
dl_1548,11,East_exit,11,8,0.8,0
dl_1549,4,,,,,
dl_1549,17,West_exit_short,17,11,0.44,0
dl_1549,22,East_exit_short,22,15,0.44,0
dl_1549,19,East_exit_short,19,13,0.44,0
dl_1549,26,West_exit,25,16,0.8,0
dl_1549,25,West_exit,25,16,0.8,0
dl_1549,11,East_exit,11,8,0.8,0
dl_1550,4,,,,,
dl_1550,22,East_exit_short,22,15,0.44,0
dl_1550,19,East_exit_short,19,13,0.44,0
dl_1550,26,West_exit,25,16,0.8,0
dl_1550,25,West_exit,25,16,0.8,0
dl_1550,11,East_exit,11,8,0.8,0
dl_1550,18,West_exit_short,18,12,0.44,0
dl_1551,4,,,,,
dl_1551,20,West_exit_short,20,13,0.44,0
dl_1551,19,East_exit_short,19,13,0.44,0
dl_1551,22,East_exit_short,22,15,0.44,0
dl_1551,26,West_exit,25,16,0.8,0
dl_1551,25,West_exit,25,16,0.8,0
dl_1551,11,East_exit,11,8,0.8,0
dl_1552,4,,,,,
dl_1552,11,East_exit,11,8,0.8,0
dl_1552,13,West_exit_short,13,8,0.44,0
dl_1552,22,East_exit_short,22,15,0.44,0
dl_1552,26,West_exit,24,16,0.8,0
dl_1552,25,East_exit_short,25,17,0.44,0
dl_1553,4,,,,,
dl_1553,11,East_exit,11,8,0.8,0
dl_1553,21,East_exit_short,21,15,0.44,0
dl_1553,13,West_exit_short,13,8,0.44,0
dl_1553,26,West_exit,24,16,0.8,0
dl_1553,25,East_exit_short,25,17,0.44,0
dl_1554,4,,,,,
dl_1554,11,East_exit,11,8,0.8,0
dl_1554,20,East_exit_short,20,14,0.44,0
dl_1554,13,West_exit_short,13,8,0.44,0
dl_1554,26,West_exit,24,16,0.8,0
dl_1554,25,East_exit_short,25,17,0.44,0
dl_1555,4,,,,,
dl_1555,26,West_exit,24,16,0.8,0
dl_1555,25,East_exit_short,25,17,0.44,0
dl_1555,12,West_exit_short,12,8,0.44,0
dl_1555,11,East_exit,11,8,0.8,0
dl_1555,22,East_exit_short,22,15,0.44,0
dl_1556,4,,,,,
dl_1556,26,West_exit,24,16,0.8,0
dl_1556,25,East_exit_short,25,17,0.44,0
dl_1556,21,East_exit_short,21,15,0.44,0
dl_1556,12,West_exit_short,12,8,0.44,0
dl_1556,11,East_exit,11,8,0.8,0
dl_1557,4,,,,,
dl_1557,26,West_exit,24,16,0.8,0
dl_1557,25,East_exit_short,25,17,0.44,0
dl_1557,12,West_exit_short,12,8,0.44,0
dl_1557,11,East_exit,11,8,0.8,0
dl_1557,20,East_exit_short,20,14,0.44,0
dl_1558,4,,,,,
dl_1558,14,West_exit_short,14,9,0.44,0
dl_1558,11,East_exit,11,8,0.8,0
dl_1558,22,East_exit_short,22,15,0.44,0
dl_1558,26,West_exit,24,16,0.8,0
dl_1558,25,East_exit_short,25,17,0.44,0
dl_1559,4,,,,,
dl_1559,21,East_exit_short,21,15,0.44,0
dl_1559,14,West_exit_short,14,9,0.44,0
dl_1559,11,East_exit,11,8,0.8,0
dl_1559,26,West_exit,24,16,0.8,0
dl_1559,25,East_exit_short,25,17,0.44,0
dl_1560,4,,,,,
dl_1560,20,East_exit_short,20,14,0.44,0
dl_1560,14,West_exit_short,14,9,0.44,0
dl_1560,11,East_exit,11,8,0.8,0
dl_1560,26,West_exit,24,16,0.8,0
dl_1560,25,East_exit_short,25,17,0.44,0
dl_1561,4,,,,,
dl_1561,11,East_exit,11,8,0.8,0
dl_1561,23,East_exit_short,23,16,0.44,0
dl_1561,24,West_exit,24,16,0.8,0
dl_1561,26,West_exit,24,16,0.8,0
dl_1561,13,West_exit_short,13,8,0.44,0
dl_1561,22,East_exit_short,22,15,0.44,0
dl_1562,4,,,,,
dl_1562,11,East_exit,11,8,0.8,0
dl_1562,23,East_exit_short,23,16,0.44,0
dl_1562,24,West_exit,24,16,0.8,0
dl_1562,26,West_exit,24,16,0.8,0
dl_1562,21,East_exit_short,21,15,0.44,0
dl_1562,13,West_exit_short,13,8,0.44,0
dl_1563,4,,,,,
dl_1563,11,East_exit,11,8,0.8,0
dl_1563,23,East_exit_short,23,16,0.44,0
dl_1563,24,West_exit,24,16,0.8,0
dl_1563,26,West_exit,24,16,0.8,0
dl_1563,20,East_exit_short,20,14,0.44,0
dl_1563,13,West_exit_short,13,8,0.44,0
dl_1564,4,,,,,
dl_1564,23,East_exit_short,23,16,0.44,0
dl_1564,24,West_exit,24,16,0.8,0
dl_1564,26,West_exit,24,16,0.8,0
dl_1564,12,West_exit_short,12,8,0.44,0
dl_1564,11,East_exit,11,8,0.8,0
dl_1564,22,East_exit_short,22,15,0.44,0
dl_1565,4,,,,,
dl_1565,23,East_exit_short,23,16,0.44,0
dl_1565,24,West_exit,24,16,0.8,0
dl_1565,26,West_exit,24,16,0.8,0
dl_1565,21,East_exit_short,21,15,0.44,0
dl_1565,12,West_exit_short,12,8,0.44,0
dl_1565,11,East_exit,11,8,0.8,0
dl_1566,4,,,,,
dl_1566,23,East_exit_short,23,16,0.44,0
dl_1566,24,West_exit,24,16,0.8,0
dl_1566,26,West_exit,24,16,0.8,0
dl_1566,12,West_exit_short,12,8,0.44,0
dl_1566,11,East_exit,11,8,0.8,0
dl_1566,20,East_exit_short,20,14,0.44,0
dl_1567,4,,,,,
dl_1567,23,East_exit_short,23,16,0.44,0
dl_1567,24,West_exit,24,16,0.8,0
dl_1567,26,West_exit,24,16,0.8,0
dl_1567,14,West_exit_short,14,9,0.44,0
dl_1567,11,East_exit,11,8,0.8,0
dl_1567,22,East_exit_short,22,15,0.44,0
dl_1568,4,,,,,
dl_1568,23,East_exit_short,23,16,0.44,0
dl_1568,24,West_exit,24,16,0.8,0
dl_1568,26,West_exit,24,16,0.8,0
dl_1568,21,East_exit_short,21,15,0.44,0
dl_1568,14,West_exit_short,14,9,0.44,0
dl_1568,11,East_exit,11,8,0.8,0
dl_1569,4,,,,,
dl_1569,23,East_exit_short,23,16,0.44,0
dl_1569,24,West_exit,24,16,0.8,0
dl_1569,26,West_exit,24,16,0.8,0
dl_1569,14,West_exit_short,14,9,0.44,0
dl_1569,11,East_exit,11,8,0.8,0
dl_1569,20,East_exit_short,20,14,0.44,0
dl_1570,4,,,,,
dl_1570,26,West_exit,24,16,0.8,0
dl_1570,25,East_exit_short,25,17,0.44,0
dl_1570,11,East_exit,11,8,0.8,0
dl_1570,22,East_exit_short,22,15,0.44,0
dl_1570,16,West_exit_short,16,10,0.44,0
dl_1571,4,,,,,
dl_1571,21,East_exit_short,21,15,0.44,0
dl_1571,11,East_exit,11,8,0.8,0
dl_1571,26,West_exit,24,16,0.8,0
dl_1571,25,East_exit_short,25,17,0.44,0
dl_1571,16,West_exit_short,16,10,0.44,0
dl_1572,4,,,,,
dl_1572,20,East_exit_short,20,14,0.44,0
dl_1572,11,East_exit,11,8,0.8,0
dl_1572,26,West_exit,24,16,0.8,0
dl_1572,25,East_exit_short,25,17,0.44,0
dl_1572,16,West_exit_short,16,10,0.44,0
dl_1573,4,,,,,
dl_1573,23,East_exit_short,23,16,0.44,0
dl_1573,24,West_exit,24,16,0.8,0
dl_1573,26,West_exit,24,16,0.8,0
dl_1573,11,East_exit,11,8,0.8,0
dl_1573,22,East_exit_short,22,15,0.44,0
dl_1573,16,West_exit_short,16,10,0.44,0
dl_1574,4,,,,,
dl_1574,23,East_exit_short,23,16,0.44,0
dl_1574,24,West_exit,24,16,0.8,0
dl_1574,26,West_exit,24,16,0.8,0
dl_1574,21,East_exit_short,21,15,0.44,0
dl_1574,11,East_exit,11,8,0.8,0
dl_1574,16,West_exit_short,16,10,0.44,0
dl_1575,4,,,,,
dl_1575,23,East_exit_short,23,16,0.44,0
dl_1575,24,West_exit,24,16,0.8,0
dl_1575,26,West_exit,24,16,0.8,0
dl_1575,11,East_exit,11,8,0.8,0
dl_1575,20,East_exit_short,20,14,0.44,0
dl_1575,16,West_exit_short,16,10,0.44,0
dl_1576,4,,,,,
dl_1576,25,East_exit_short,25,17,0.44,0
dl_1576,11,East_exit,11,8,0.8,0
dl_1576,22,East_exit_short,22,15,0.44,0
dl_1576,26,West_exit,24,16,0.8,0
dl_1576,15,West_exit_short,15,10,0.44,0
dl_1577,4,,,,,
dl_1577,21,East_exit_short,21,15,0.44,0
dl_1577,11,East_exit,11,8,0.8,0
dl_1577,15,West_exit_short,15,10,0.44,0
dl_1577,26,West_exit,24,16,0.8,0
dl_1577,25,East_exit_short,25,17,0.44,0
dl_1578,4,,,,,
dl_1578,20,East_exit_short,20,14,0.44,0
dl_1578,11,East_exit,11,8,0.8,0
dl_1578,15,West_exit_short,15,10,0.44,0
dl_1578,26,West_exit,24,16,0.8,0
dl_1578,25,East_exit_short,25,17,0.44,0
dl_1579,4,,,,,
dl_1579,23,East_exit_short,23,16,0.44,0
dl_1579,24,West_exit,24,16,0.8,0
dl_1579,26,West_exit,24,16,0.8,0
dl_1579,11,East_exit,11,8,0.8,0
dl_1579,22,East_exit_short,22,15,0.44,0
dl_1579,15,West_exit_short,15,10,0.44,0
dl_1580,4,,,,,
dl_1580,23,East_exit_short,23,16,0.44,0
dl_1580,24,West_exit,24,16,0.8,0
dl_1580,26,West_exit,24,16,0.8,0
dl_1580,21,East_exit_short,21,15,0.44,0
dl_1580,11,East_exit,11,8,0.8,0
dl_1580,15,West_exit_short,15,10,0.44,0
dl_1581,4,,,,,
dl_1581,23,East_exit_short,23,16,0.44,0
dl_1581,24,West_exit,24,16,0.8,0
dl_1581,26,West_exit,24,16,0.8,0
dl_1581,11,East_exit,11,8,0.8,0
dl_1581,20,East_exit_short,20,14,0.44,0
dl_1581,15,West_exit_short,15,10,0.44,0
dl_1582,4,,,,,
dl_1582,25,East_exit_short,25,17,0.44,0
dl_1582,11,East_exit,11,8,0.8,0
dl_1582,22,East_exit_short,22,15,0.44,0
dl_1582,26,West_exit,24,16,0.8,0
dl_1582,17,West_exit_short,17,11,0.44,0
dl_1583,4,,,,,
dl_1583,21,East_exit_short,21,15,0.44,0
dl_1583,11,East_exit,11,8,0.8,0
dl_1583,17,West_exit_short,17,11,0.44,0
dl_1583,26,West_exit,24,16,0.8,0
dl_1583,25,East_exit_short,25,17,0.44,0
dl_1584,4,,,,,
dl_1584,20,East_exit_short,20,14,0.44,0
dl_1584,11,East_exit,11,8,0.8,0
dl_1584,17,West_exit_short,17,11,0.44,0
dl_1584,26,West_exit,24,16,0.8,0
dl_1584,25,East_exit_short,25,17,0.44,0
dl_1585,4,,,,,
dl_1585,23,East_exit_short,23,16,0.44,0
dl_1585,24,West_exit,24,16,0.8,0
dl_1585,26,West_exit,24,16,0.8,0
dl_1585,11,East_exit,11,8,0.8,0
dl_1585,22,East_exit_short,22,15,0.44,0
dl_1585,17,West_exit_short,17,11,0.44,0
dl_1586,4,,,,,
dl_1586,23,East_exit_short,23,16,0.44,0
dl_1586,24,West_exit,24,16,0.8,0
dl_1586,26,West_exit,24,16,0.8,0
dl_1586,21,East_exit_short,21,15,0.44,0
dl_1586,11,East_exit,11,8,0.8,0
dl_1586,17,West_exit_short,17,11,0.44,0
dl_1587,4,,,,,
dl_1587,23,East_exit_short,23,16,0.44,0
dl_1587,24,West_exit,24,16,0.8,0
dl_1587,26,West_exit,24,16,0.8,0
dl_1587,11,East_exit,11,8,0.8,0
dl_1587,20,East_exit_short,20,14,0.44,0
dl_1587,17,West_exit_short,17,11,0.44,0
dl_1588,4,,,,,
dl_1588,26,West_exit,24,16,0.8,0
dl_1588,11,East_exit,11,8,0.8,0
dl_1588,13,West_exit_short,13,8,0.44,0
dl_1588,25,East_exit_short,25,17,0.44,0
dl_1588,19,East_exit_short,19,13,0.44,0
dl_1589,4,,,,,
dl_1589,26,West_exit,24,16,0.8,0
dl_1589,25,East_exit_short,25,17,0.44,0
dl_1589,12,West_exit_short,12,8,0.44,0
dl_1589,11,East_exit,11,8,0.8,0
dl_1589,19,East_exit_short,19,13,0.44,0
dl_1590,4,,,,,
dl_1590,26,West_exit,24,16,0.8,0
dl_1590,14,West_exit_short,14,9,0.44,0
dl_1590,11,East_exit,11,8,0.8,0
dl_1590,25,East_exit_short,25,17,0.44,0
dl_1590,19,East_exit_short,19,13,0.44,0
dl_1591,4,,,,,
dl_1591,11,East_exit,11,8,0.8,0
dl_1591,23,East_exit_short,23,16,0.44,0
dl_1591,24,West_exit,24,16,0.8,0
dl_1591,26,West_exit,24,16,0.8,0
dl_1591,13,West_exit_short,13,8,0.44,0
dl_1591,19,East_exit_short,19,13,0.44,0
dl_1592,4,,,,,
dl_1592,23,East_exit_short,23,16,0.44,0
dl_1592,24,West_exit,24,16,0.8,0
dl_1592,26,West_exit,24,16,0.8,0
dl_1592,12,West_exit_short,12,8,0.44,0
dl_1592,11,East_exit,11,8,0.8,0
dl_1592,19,East_exit_short,19,13,0.44,0
dl_1593,4,,,,,
dl_1593,23,East_exit_short,23,16,0.44,0
dl_1593,24,West_exit,24,16,0.8,0
dl_1593,26,West_exit,24,16,0.8,0
dl_1593,14,West_exit_short,14,9,0.44,0
dl_1593,11,East_exit,11,8,0.8,0
dl_1593,19,East_exit_short,19,13,0.44,0
dl_1594,4,,,,,
dl_1594,11,East_exit,11,8,0.8,0
dl_1594,26,West_exit,24,16,0.8,0
dl_1594,25,East_exit_short,25,17,0.44,0
dl_1594,16,West_exit_short,16,10,0.44,0
dl_1594,19,East_exit_short,19,13,0.44,0
dl_1595,4,,,,,
dl_1595,23,East_exit_short,23,16,0.44,0
dl_1595,24,West_exit,24,16,0.8,0
dl_1595,26,West_exit,24,16,0.8,0
dl_1595,11,East_exit,11,8,0.8,0
dl_1595,16,West_exit_short,16,10,0.44,0
dl_1595,19,East_exit_short,19,13,0.44,0
dl_1596,4,,,,,
dl_1596,11,East_exit,11,8,0.8,0
dl_1596,15,West_exit_short,15,10,0.44,0
dl_1596,26,West_exit,24,16,0.8,0
dl_1596,25,East_exit_short,25,17,0.44,0
dl_1596,19,East_exit_short,19,13,0.44,0
dl_1597,4,,,,,
dl_1597,23,East_exit_short,23,16,0.44,0
dl_1597,24,West_exit,24,16,0.8,0
dl_1597,26,West_exit,24,16,0.8,0
dl_1597,11,East_exit,11,8,0.8,0
dl_1597,15,West_exit_short,15,10,0.44,0
dl_1597,19,East_exit_short,19,13,0.44,0
dl_1598,4,,,,,
dl_1598,11,East_exit,11,8,0.8,0
dl_1598,17,West_exit_short,17,11,0.44,0
dl_1598,26,West_exit,24,16,0.8,0
dl_1598,25,East_exit_short,25,17,0.44,0
dl_1598,19,East_exit_short,19,13,0.44,0
dl_1599,4,,,,,
dl_1599,23,East_exit_short,23,16,0.44,0
dl_1599,24,West_exit,24,16,0.8,0
dl_1599,26,West_exit,24,16,0.8,0
dl_1599,11,East_exit,11,8,0.8,0
dl_1599,17,West_exit_short,17,11,0.44,0
dl_1599,19,East_exit_short,19,13,0.44,0
dl_1600,4,,,,,
dl_1600,25,East_exit_short,25,17,0.44,0
dl_1600,11,East_exit,11,8,0.8,0
dl_1600,22,East_exit_short,22,15,0.44,0
dl_1600,26,West_exit,24,16,0.8,0
dl_1600,18,West_exit_short,18,12,0.44,0
dl_1601,4,,,,,
dl_1601,21,East_exit_short,21,15,0.44,0
dl_1601,11,East_exit,11,8,0.8,0
dl_1601,26,West_exit,24,16,0.8,0
dl_1601,25,East_exit_short,25,17,0.44,0
dl_1601,18,West_exit_short,18,12,0.44,0
dl_1602,4,,,,,
dl_1602,20,East_exit_short,20,14,0.44,0
dl_1602,11,East_exit,11,8,0.8,0
dl_1602,26,West_exit,24,16,0.8,0
dl_1602,25,East_exit_short,25,17,0.44,0
dl_1602,18,West_exit_short,18,12,0.44,0
dl_1603,4,,,,,
dl_1603,23,East_exit_short,23,16,0.44,0
dl_1603,24,West_exit,24,16,0.8,0
dl_1603,26,West_exit,24,16,0.8,0
dl_1603,11,East_exit,11,8,0.8,0
dl_1603,22,East_exit_short,22,15,0.44,0
dl_1603,18,West_exit_short,18,12,0.44,0
dl_1604,4,,,,,
dl_1604,23,East_exit_short,23,16,0.44,0
dl_1604,24,West_exit,24,16,0.8,0
dl_1604,26,West_exit,24,16,0.8,0
dl_1604,21,East_exit_short,21,15,0.44,0
dl_1604,11,East_exit,11,8,0.8,0
dl_1604,18,West_exit_short,18,12,0.44,0
dl_1605,4,,,,,
dl_1605,23,East_exit_short,23,16,0.44,0
dl_1605,24,West_exit,24,16,0.8,0
dl_1605,26,West_exit,24,16,0.8,0
dl_1605,11,East_exit,11,8,0.8,0
dl_1605,20,East_exit_short,20,14,0.44,0
dl_1605,18,West_exit_short,18,12,0.44,0
dl_1606,4,,,,,
dl_1606,11,East_exit,11,8,0.8,0
dl_1606,26,West_exit,24,16,0.8,0
dl_1606,25,East_exit_short,25,17,0.44,0
dl_1606,19,East_exit_short,19,13,0.44,0
dl_1606,18,West_exit_short,18,12,0.44,0
dl_1607,4,,,,,
dl_1607,23,East_exit_short,23,16,0.44,0
dl_1607,24,West_exit,24,16,0.8,0
dl_1607,26,West_exit,24,16,0.8,0
dl_1607,11,East_exit,11,8,0.8,0
dl_1607,19,East_exit_short,19,13,0.44,0
dl_1607,18,West_exit_short,18,12,0.44,0
dl_1608,4,,,,,
dl_1608,20,West_exit_short,20,13,0.44,0
dl_1608,26,West_exit,24,16,0.8,0
dl_1608,11,East_exit,11,8,0.8,0
dl_1608,25,East_exit_short,25,17,0.44,0
dl_1608,19,East_exit_short,19,13,0.44,0
dl_1609,4,,,,,
dl_1609,23,East_exit_short,23,16,0.44,0
dl_1609,24,West_exit,24,16,0.8,0
dl_1609,26,West_exit,24,16,0.8,0
dl_1609,20,West_exit_short,20,13,0.44,0
dl_1609,11,East_exit,11,8,0.8,0
dl_1609,19,East_exit_short,19,13,0.44,0
dl_1610,4,,,,,
dl_1610,11,East_exit,11,8,0.8,0
dl_1610,13,West_exit_short,13,8,0.44,0
dl_1610,22,East_exit_short,22,15,0.44,0
dl_1610,19,East_exit_short,19,13,0.44,0
dl_1610,24,West_exit,24,16,0.8,0
dl_1610,26,West_exit,24,16,0.8,0
dl_1611,4,,,,,
dl_1611,22,East_exit_short,22,15,0.44,0
dl_1611,12,West_exit_short,12,8,0.44,0
dl_1611,19,East_exit_short,19,13,0.44,0
dl_1611,24,West_exit,24,16,0.8,0
dl_1611,26,West_exit,24,16,0.8,0
dl_1611,11,East_exit,11,8,0.8,0
dl_1612,4,,,,,
dl_1612,22,East_exit_short,22,15,0.44,0
dl_1612,14,West_exit_short,14,9,0.44,0
dl_1612,19,East_exit_short,19,13,0.44,0
dl_1612,24,West_exit,24,16,0.8,0
dl_1612,26,West_exit,24,16,0.8,0
dl_1612,11,East_exit,11,8,0.8,0
dl_1613,4,,,,,
dl_1613,22,East_exit_short,22,15,0.44,0
dl_1613,19,East_exit_short,19,13,0.44,0
dl_1613,16,West_exit_short,16,10,0.44,0
dl_1613,24,West_exit,24,16,0.8,0
dl_1613,26,West_exit,24,16,0.8,0
dl_1613,11,East_exit,11,8,0.8,0
dl_1614,4,,,,,
dl_1614,15,West_exit_short,15,10,0.44,0
dl_1614,22,East_exit_short,22,15,0.44,0
dl_1614,19,East_exit_short,19,13,0.44,0
dl_1614,24,West_exit,24,16,0.8,0
dl_1614,26,West_exit,24,16,0.8,0
dl_1614,11,East_exit,11,8,0.8,0
dl_1615,4,,,,,
dl_1615,17,West_exit_short,17,11,0.44,0
dl_1615,22,East_exit_short,22,15,0.44,0
dl_1615,19,East_exit_short,19,13,0.44,0
dl_1615,24,West_exit,24,16,0.8,0
dl_1615,26,West_exit,24,16,0.8,0
dl_1615,11,East_exit,11,8,0.8,0
dl_1616,4,,,,,
dl_1616,22,East_exit_short,22,15,0.44,0
dl_1616,19,East_exit_short,19,13,0.44,0
dl_1616,24,West_exit,24,16,0.8,0
dl_1616,26,West_exit,24,16,0.8,0
dl_1616,11,East_exit,11,8,0.8,0
dl_1616,18,West_exit_short,18,12,0.44,0
dl_1617,4,,,,,
dl_1617,20,West_exit_short,20,13,0.44,0
dl_1617,19,East_exit_short,19,13,0.44,0
dl_1617,22,East_exit_short,22,15,0.44,0
dl_1617,24,West_exit,24,16,0.8,0
dl_1617,26,West_exit,24,16,0.8,0
dl_1617,11,East_exit,11,8,0.8,0
dl_1618,4,,,,,
dl_1618,11,East_exit,11,8,0.8,0
dl_1618,13,West_exit_short,13,8,0.44,0
dl_1618,22,East_exit_short,22,15,0.44,0
dl_1618,25,East_exit_short,25,17,0.44,0
dl_1618,26,West_exit,26,17,0.8,0
dl_1619,4,,,,,
dl_1619,11,East_exit,11,8,0.8,0
dl_1619,21,East_exit_short,21,15,0.44,0
dl_1619,13,West_exit_short,13,8,0.44,0
dl_1619,25,East_exit_short,25,17,0.44,0
dl_1619,26,West_exit,26,17,0.8,0
dl_1620,4,,,,,
dl_1620,11,East_exit,11,8,0.8,0
dl_1620,20,East_exit_short,20,14,0.44,0
dl_1620,13,West_exit_short,13,8,0.44,0
dl_1620,25,East_exit_short,25,17,0.44,0
dl_1620,26,West_exit,26,17,0.8,0
dl_1621,4,,,,,
dl_1621,26,West_exit,26,17,0.8,0
dl_1621,25,East_exit_short,25,17,0.44,0
dl_1621,12,West_exit_short,12,8,0.44,0
dl_1621,11,East_exit,11,8,0.8,0
dl_1621,22,East_exit_short,22,15,0.44,0
dl_1622,4,,,,,
dl_1622,26,West_exit,26,17,0.8,0
dl_1622,25,East_exit_short,25,17,0.44,0
dl_1622,21,East_exit_short,21,15,0.44,0
dl_1622,12,West_exit_short,12,8,0.44,0
dl_1622,11,East_exit,11,8,0.8,0
dl_1623,4,,,,,
dl_1623,26,West_exit,26,17,0.8,0
dl_1623,25,East_exit_short,25,17,0.44,0
dl_1623,12,West_exit_short,12,8,0.44,0
dl_1623,11,East_exit,11,8,0.8,0
dl_1623,20,East_exit_short,20,14,0.44,0
dl_1624,4,,,,,
dl_1624,14,West_exit_short,14,9,0.44,0
dl_1624,11,East_exit,11,8,0.8,0
dl_1624,22,East_exit_short,22,15,0.44,0
dl_1624,25,East_exit_short,25,17,0.44,0
dl_1624,26,West_exit,26,17,0.8,0
dl_1625,4,,,,,
dl_1625,21,East_exit_short,21,15,0.44,0
dl_1625,14,West_exit_short,14,9,0.44,0
dl_1625,11,East_exit,11,8,0.8,0
dl_1625,25,East_exit_short,25,17,0.44,0
dl_1625,26,West_exit,26,17,0.8,0
dl_1626,4,,,,,
dl_1626,20,East_exit_short,20,14,0.44,0
dl_1626,14,West_exit_short,14,9,0.44,0
dl_1626,11,East_exit,11,8,0.8,0
dl_1626,25,East_exit_short,25,17,0.44,0
dl_1626,26,West_exit,26,17,0.8,0
dl_1627,4,,,,,
dl_1627,11,East_exit,11,8,0.8,0
dl_1627,24,East_exit_short,24,17,0.44,0
dl_1627,13,West_exit_short,13,8,0.44,0
dl_1627,22,East_exit_short,22,15,0.44,0
dl_1627,26,West_exit,26,17,0.8,0
dl_1628,4,,,,,
dl_1628,11,East_exit,11,8,0.8,0
dl_1628,24,East_exit_short,24,17,0.44,0
dl_1628,21,East_exit_short,21,15,0.44,0
dl_1628,13,West_exit_short,13,8,0.44,0
dl_1628,26,West_exit,26,17,0.8,0
dl_1629,4,,,,,
dl_1629,11,East_exit,11,8,0.8,0
dl_1629,24,East_exit_short,24,17,0.44,0
dl_1629,20,East_exit_short,20,14,0.44,0
dl_1629,13,West_exit_short,13,8,0.44,0
dl_1629,26,West_exit,26,17,0.8,0
dl_1630,4,,,,,
dl_1630,24,East_exit_short,24,17,0.44,0
dl_1630,12,West_exit_short,12,8,0.44,0
dl_1630,11,East_exit,11,8,0.8,0
dl_1630,22,East_exit_short,22,15,0.44,0
dl_1630,26,West_exit,26,17,0.8,0
dl_1631,4,,,,,
dl_1631,24,East_exit_short,24,17,0.44,0
dl_1631,21,East_exit_short,21,15,0.44,0
dl_1631,12,West_exit_short,12,8,0.44,0
dl_1631,11,East_exit,11,8,0.8,0
dl_1631,26,West_exit,26,17,0.8,0
dl_1632,4,,,,,
dl_1632,24,East_exit_short,24,17,0.44,0
dl_1632,12,West_exit_short,12,8,0.44,0
dl_1632,11,East_exit,11,8,0.8,0
dl_1632,26,West_exit,26,17,0.8,0
dl_1632,20,East_exit_short,20,14,0.44,0
dl_1633,4,,,,,
dl_1633,24,East_exit_short,24,17,0.44,0
dl_1633,14,West_exit_short,14,9,0.44,0
dl_1633,11,East_exit,11,8,0.8,0
dl_1633,22,East_exit_short,22,15,0.44,0
dl_1633,26,West_exit,26,17,0.8,0
dl_1634,4,,,,,
dl_1634,24,East_exit_short,24,17,0.44,0
dl_1634,21,East_exit_short,21,15,0.44,0
dl_1634,14,West_exit_short,14,9,0.44,0
dl_1634,11,East_exit,11,8,0.8,0
dl_1634,26,West_exit,26,17,0.8,0
dl_1635,4,,,,,
dl_1635,24,East_exit_short,24,17,0.44,0
dl_1635,14,West_exit_short,14,9,0.44,0
dl_1635,11,East_exit,11,8,0.8,0
dl_1635,26,West_exit,26,17,0.8,0
dl_1635,20,East_exit_short,20,14,0.44,0
dl_1636,4,,,,,
dl_1636,11,East_exit,11,8,0.8,0
dl_1636,23,East_exit_short,23,16,0.44,0
dl_1636,13,West_exit_short,13,8,0.44,0
dl_1636,22,East_exit_short,22,15,0.44,0
dl_1636,26,West_exit,26,17,0.8,0
dl_1637,4,,,,,
dl_1637,11,East_exit,11,8,0.8,0
dl_1637,23,East_exit_short,23,16,0.44,0
dl_1637,21,East_exit_short,21,15,0.44,0
dl_1637,13,West_exit_short,13,8,0.44,0
dl_1637,26,West_exit,26,17,0.8,0
dl_1638,4,,,,,
dl_1638,11,East_exit,11,8,0.8,0
dl_1638,23,East_exit_short,23,16,0.44,0
dl_1638,20,East_exit_short,20,14,0.44,0
dl_1638,13,West_exit_short,13,8,0.44,0
dl_1638,26,West_exit,26,17,0.8,0
dl_1639,4,,,,,
dl_1639,23,East_exit_short,23,16,0.44,0
dl_1639,12,West_exit_short,12,8,0.44,0
dl_1639,11,East_exit,11,8,0.8,0
dl_1639,22,East_exit_short,22,15,0.44,0
dl_1639,26,West_exit,26,17,0.8,0
dl_1640,4,,,,,
dl_1640,23,East_exit_short,23,16,0.44,0
dl_1640,21,East_exit_short,21,15,0.44,0
dl_1640,12,West_exit_short,12,8,0.44,0
dl_1640,11,East_exit,11,8,0.8,0
dl_1640,26,West_exit,26,17,0.8,0
dl_1641,4,,,,,
dl_1641,23,East_exit_short,23,16,0.44,0
dl_1641,12,West_exit_short,12,8,0.44,0
dl_1641,11,East_exit,11,8,0.8,0
dl_1641,26,West_exit,26,17,0.8,0
dl_1641,20,East_exit_short,20,14,0.44,0
dl_1642,4,,,,,
dl_1642,23,East_exit_short,23,16,0.44,0
dl_1642,14,West_exit_short,14,9,0.44,0
dl_1642,11,East_exit,11,8,0.8,0
dl_1642,22,East_exit_short,22,15,0.44,0
dl_1642,26,West_exit,26,17,0.8,0
dl_1643,4,,,,,
dl_1643,23,East_exit_short,23,16,0.44,0
dl_1643,21,East_exit_short,21,15,0.44,0
dl_1643,14,West_exit_short,14,9,0.44,0
dl_1643,11,East_exit,11,8,0.8,0
dl_1643,26,West_exit,26,17,0.8,0
dl_1644,4,,,,,
dl_1644,23,East_exit_short,23,16,0.44,0
dl_1644,14,West_exit_short,14,9,0.44,0
dl_1644,11,East_exit,11,8,0.8,0
dl_1644,26,West_exit,26,17,0.8,0
dl_1644,20,East_exit_short,20,14,0.44,0
dl_1645,4,,,,,
dl_1645,26,West_exit,26,17,0.8,0
dl_1645,25,East_exit_short,25,17,0.44,0
dl_1645,11,East_exit,11,8,0.8,0
dl_1645,22,East_exit_short,22,15,0.44,0
dl_1645,16,West_exit_short,16,10,0.44,0
dl_1646,4,,,,,
dl_1646,21,East_exit_short,21,15,0.44,0
dl_1646,11,East_exit,11,8,0.8,0
dl_1646,25,East_exit_short,25,17,0.44,0
dl_1646,26,West_exit,26,17,0.8,0
dl_1646,16,West_exit_short,16,10,0.44,0
dl_1647,4,,,,,
dl_1647,20,East_exit_short,20,14,0.44,0
dl_1647,11,East_exit,11,8,0.8,0
dl_1647,25,East_exit_short,25,17,0.44,0
dl_1647,26,West_exit,26,17,0.8,0
dl_1647,16,West_exit_short,16,10,0.44,0
dl_1648,4,,,,,
dl_1648,24,East_exit_short,24,17,0.44,0
dl_1648,11,East_exit,11,8,0.8,0
dl_1648,22,East_exit_short,22,15,0.44,0
dl_1648,26,West_exit,26,17,0.8,0
dl_1648,16,West_exit_short,16,10,0.44,0
dl_1649,4,,,,,
dl_1649,24,East_exit_short,24,17,0.44,0
dl_1649,21,East_exit_short,21,15,0.44,0
dl_1649,11,East_exit,11,8,0.8,0
dl_1649,26,West_exit,26,17,0.8,0
dl_1649,16,West_exit_short,16,10,0.44,0
dl_1650,4,,,,,
dl_1650,24,East_exit_short,24,17,0.44,0
dl_1650,11,East_exit,11,8,0.8,0
dl_1650,26,West_exit,26,17,0.8,0
dl_1650,20,East_exit_short,20,14,0.44,0
dl_1650,16,West_exit_short,16,10,0.44,0
dl_1651,4,,,,,
dl_1651,23,East_exit_short,23,16,0.44,0
dl_1651,11,East_exit,11,8,0.8,0
dl_1651,22,East_exit_short,22,15,0.44,0
dl_1651,26,West_exit,26,17,0.8,0
dl_1651,16,West_exit_short,16,10,0.44,0
dl_1652,4,,,,,
dl_1652,23,East_exit_short,23,16,0.44,0
dl_1652,21,East_exit_short,21,15,0.44,0
dl_1652,11,East_exit,11,8,0.8,0
dl_1652,26,West_exit,26,17,0.8,0
dl_1652,16,West_exit_short,16,10,0.44,0
dl_1653,4,,,,,
dl_1653,23,East_exit_short,23,16,0.44,0
dl_1653,11,East_exit,11,8,0.8,0
dl_1653,26,West_exit,26,17,0.8,0
dl_1653,20,East_exit_short,20,14,0.44,0
dl_1653,16,West_exit_short,16,10,0.44,0
dl_1654,4,,,,,
dl_1654,25,East_exit_short,25,17,0.44,0
dl_1654,11,East_exit,11,8,0.8,0
dl_1654,22,East_exit_short,22,15,0.44,0
dl_1654,26,West_exit,26,17,0.8,0
dl_1654,15,West_exit_short,15,10,0.44,0
dl_1655,4,,,,,
dl_1655,21,East_exit_short,21,15,0.44,0
dl_1655,11,East_exit,11,8,0.8,0
dl_1655,15,West_exit_short,15,10,0.44,0
dl_1655,25,East_exit_short,25,17,0.44,0
dl_1655,26,West_exit,26,17,0.8,0
dl_1656,4,,,,,
dl_1656,20,East_exit_short,20,14,0.44,0
dl_1656,11,East_exit,11,8,0.8,0
dl_1656,15,West_exit_short,15,10,0.44,0
dl_1656,25,East_exit_short,25,17,0.44,0
dl_1656,26,West_exit,26,17,0.8,0
dl_1657,4,,,,,
dl_1657,24,East_exit_short,24,17,0.44,0
dl_1657,11,East_exit,11,8,0.8,0
dl_1657,22,East_exit_short,22,15,0.44,0
dl_1657,26,West_exit,26,17,0.8,0
dl_1657,15,West_exit_short,15,10,0.44,0
dl_1658,4,,,,,
dl_1658,24,East_exit_short,24,17,0.44,0
dl_1658,21,East_exit_short,21,15,0.44,0
dl_1658,11,East_exit,11,8,0.8,0
dl_1658,15,West_exit_short,15,10,0.44,0
dl_1658,26,West_exit,26,17,0.8,0
dl_1659,4,,,,,
dl_1659,24,East_exit_short,24,17,0.44,0
dl_1659,11,East_exit,11,8,0.8,0
dl_1659,26,West_exit,26,17,0.8,0
dl_1659,20,East_exit_short,20,14,0.44,0
dl_1659,15,West_exit_short,15,10,0.44,0
dl_1660,4,,,,,
dl_1660,23,East_exit_short,23,16,0.44,0
dl_1660,11,East_exit,11,8,0.8,0
dl_1660,22,East_exit_short,22,15,0.44,0
dl_1660,26,West_exit,26,17,0.8,0
dl_1660,15,West_exit_short,15,10,0.44,0
dl_1661,4,,,,,
dl_1661,23,East_exit_short,23,16,0.44,0
dl_1661,21,East_exit_short,21,15,0.44,0
dl_1661,11,East_exit,11,8,0.8,0
dl_1661,26,West_exit,26,17,0.8,0
dl_1661,15,West_exit_short,15,10,0.44,0
dl_1662,4,,,,,
dl_1662,23,East_exit_short,23,16,0.44,0
dl_1662,11,East_exit,11,8,0.8,0
dl_1662,26,West_exit,26,17,0.8,0
dl_1662,20,East_exit_short,20,14,0.44,0
dl_1662,15,West_exit_short,15,10,0.44,0
dl_1663,4,,,,,
dl_1663,25,East_exit_short,25,17,0.44,0
dl_1663,11,East_exit,11,8,0.8,0
dl_1663,22,East_exit_short,22,15,0.44,0
dl_1663,26,West_exit,26,17,0.8,0
dl_1663,17,West_exit_short,17,11,0.44,0
dl_1664,4,,,,,
dl_1664,21,East_exit_short,21,15,0.44,0
dl_1664,11,East_exit,11,8,0.8,0
dl_1664,17,West_exit_short,17,11,0.44,0
dl_1664,25,East_exit_short,25,17,0.44,0
dl_1664,26,West_exit,26,17,0.8,0
dl_1665,4,,,,,
dl_1665,20,East_exit_short,20,14,0.44,0
dl_1665,11,East_exit,11,8,0.8,0
dl_1665,17,West_exit_short,17,11,0.44,0
dl_1665,25,East_exit_short,25,17,0.44,0
dl_1665,26,West_exit,26,17,0.8,0
dl_1666,4,,,,,
dl_1666,24,East_exit_short,24,17,0.44,0
dl_1666,11,East_exit,11,8,0.8,0
dl_1666,22,East_exit_short,22,15,0.44,0
dl_1666,26,West_exit,26,17,0.8,0
dl_1666,17,West_exit_short,17,11,0.44,0
dl_1667,4,,,,,
dl_1667,24,East_exit_short,24,17,0.44,0
dl_1667,21,East_exit_short,21,15,0.44,0
dl_1667,11,East_exit,11,8,0.8,0
dl_1667,17,West_exit_short,17,11,0.44,0
dl_1667,26,West_exit,26,17,0.8,0
dl_1668,4,,,,,
dl_1668,24,East_exit_short,24,17,0.44,0
dl_1668,11,East_exit,11,8,0.8,0
dl_1668,26,West_exit,26,17,0.8,0
dl_1668,17,West_exit_short,17,11,0.44,0
dl_1668,20,East_exit_short,20,14,0.44,0
dl_1669,4,,,,,
dl_1669,23,East_exit_short,23,16,0.44,0
dl_1669,11,East_exit,11,8,0.8,0
dl_1669,22,East_exit_short,22,15,0.44,0
dl_1669,26,West_exit,26,17,0.8,0
dl_1669,17,West_exit_short,17,11,0.44,0
dl_1670,4,,,,,
dl_1670,23,East_exit_short,23,16,0.44,0
dl_1670,21,East_exit_short,21,15,0.44,0
dl_1670,11,East_exit,11,8,0.8,0
dl_1670,26,West_exit,26,17,0.8,0
dl_1670,17,West_exit_short,17,11,0.44,0
dl_1671,4,,,,,
dl_1671,23,East_exit_short,23,16,0.44,0
dl_1671,11,East_exit,11,8,0.8,0
dl_1671,26,West_exit,26,17,0.8,0
dl_1671,20,East_exit_short,20,14,0.44,0
dl_1671,17,West_exit_short,17,11,0.44,0
dl_1672,4,,,,,
dl_1672,26,West_exit,26,17,0.8,0
dl_1672,11,East_exit,11,8,0.8,0
dl_1672,13,West_exit_short,13,8,0.44,0
dl_1672,25,East_exit_short,25,17,0.44,0
dl_1672,19,East_exit_short,19,13,0.44,0
dl_1673,4,,,,,
dl_1673,26,West_exit,26,17,0.8,0
dl_1673,25,East_exit_short,25,17,0.44,0
dl_1673,12,West_exit_short,12,8,0.44,0
dl_1673,11,East_exit,11,8,0.8,0
dl_1673,19,East_exit_short,19,13,0.44,0
dl_1674,4,,,,,
dl_1674,26,West_exit,26,17,0.8,0
dl_1674,14,West_exit_short,14,9,0.44,0
dl_1674,11,East_exit,11,8,0.8,0
dl_1674,25,East_exit_short,25,17,0.44,0
dl_1674,19,East_exit_short,19,13,0.44,0
dl_1675,4,,,,,
dl_1675,11,East_exit,11,8,0.8,0
dl_1675,24,East_exit_short,24,17,0.44,0
dl_1675,13,West_exit_short,13,8,0.44,0
dl_1675,19,East_exit_short,19,13,0.44,0
dl_1675,26,West_exit,26,17,0.8,0
dl_1676,4,,,,,
dl_1676,24,East_exit_short,24,17,0.44,0
dl_1676,12,West_exit_short,12,8,0.44,0
dl_1676,11,East_exit,11,8,0.8,0
dl_1676,26,West_exit,26,17,0.8,0
dl_1676,19,East_exit_short,19,13,0.44,0
dl_1677,4,,,,,
dl_1677,24,East_exit_short,24,17,0.44,0
dl_1677,14,West_exit_short,14,9,0.44,0
dl_1677,11,East_exit,11,8,0.8,0
dl_1677,26,West_exit,26,17,0.8,0
dl_1677,19,East_exit_short,19,13,0.44,0
dl_1678,4,,,,,
dl_1678,11,East_exit,11,8,0.8,0
dl_1678,23,East_exit_short,23,16,0.44,0
dl_1678,13,West_exit_short,13,8,0.44,0
dl_1678,19,East_exit_short,19,13,0.44,0
dl_1678,26,West_exit,26,17,0.8,0
dl_1679,4,,,,,
dl_1679,23,East_exit_short,23,16,0.44,0
dl_1679,12,West_exit_short,12,8,0.44,0
dl_1679,11,East_exit,11,8,0.8,0
dl_1679,26,West_exit,26,17,0.8,0
dl_1679,19,East_exit_short,19,13,0.44,0
dl_1680,4,,,,,
dl_1680,23,East_exit_short,23,16,0.44,0
dl_1680,14,West_exit_short,14,9,0.44,0
dl_1680,11,East_exit,11,8,0.8,0
dl_1680,26,West_exit,26,17,0.8,0
dl_1680,19,East_exit_short,19,13,0.44,0
dl_1681,4,,,,,
dl_1681,11,East_exit,11,8,0.8,0
dl_1681,25,East_exit_short,25,17,0.44,0
dl_1681,26,West_exit,26,17,0.8,0
dl_1681,16,West_exit_short,16,10,0.44,0
dl_1681,19,East_exit_short,19,13,0.44,0
dl_1682,4,,,,,
dl_1682,24,East_exit_short,24,17,0.44,0
dl_1682,11,East_exit,11,8,0.8,0
dl_1682,26,West_exit,26,17,0.8,0
dl_1682,16,West_exit_short,16,10,0.44,0
dl_1682,19,East_exit_short,19,13,0.44,0
dl_1683,4,,,,,
dl_1683,23,East_exit_short,23,16,0.44,0
dl_1683,11,East_exit,11,8,0.8,0
dl_1683,26,West_exit,26,17,0.8,0
dl_1683,16,West_exit_short,16,10,0.44,0
dl_1683,19,East_exit_short,19,13,0.44,0
dl_1684,4,,,,,
dl_1684,11,East_exit,11,8,0.8,0
dl_1684,15,West_exit_short,15,10,0.44,0
dl_1684,25,East_exit_short,25,17,0.44,0
dl_1684,26,West_exit,26,17,0.8,0
dl_1684,19,East_exit_short,19,13,0.44,0
dl_1685,4,,,,,
dl_1685,24,East_exit_short,24,17,0.44,0
dl_1685,11,East_exit,11,8,0.8,0
dl_1685,26,West_exit,26,17,0.8,0
dl_1685,15,West_exit_short,15,10,0.44,0
dl_1685,19,East_exit_short,19,13,0.44,0
dl_1686,4,,,,,
dl_1686,23,East_exit_short,23,16,0.44,0
dl_1686,11,East_exit,11,8,0.8,0
dl_1686,26,West_exit,26,17,0.8,0
dl_1686,15,West_exit_short,15,10,0.44,0
dl_1686,19,East_exit_short,19,13,0.44,0
dl_1687,4,,,,,
dl_1687,11,East_exit,11,8,0.8,0
dl_1687,17,West_exit_short,17,11,0.44,0
dl_1687,25,East_exit_short,25,17,0.44,0
dl_1687,26,West_exit,26,17,0.8,0
dl_1687,19,East_exit_short,19,13,0.44,0
dl_1688,4,,,,,
dl_1688,24,East_exit_short,24,17,0.44,0
dl_1688,11,East_exit,11,8,0.8,0
dl_1688,26,West_exit,26,17,0.8,0
dl_1688,17,West_exit_short,17,11,0.44,0
dl_1688,19,East_exit_short,19,13,0.44,0
dl_1689,4,,,,,
dl_1689,23,East_exit_short,23,16,0.44,0
dl_1689,11,East_exit,11,8,0.8,0
dl_1689,26,West_exit,26,17,0.8,0
dl_1689,17,West_exit_short,17,11,0.44,0
dl_1689,19,East_exit_short,19,13,0.44,0
dl_1690,4,,,,,
dl_1690,25,East_exit_short,25,17,0.44,0
dl_1690,11,East_exit,11,8,0.8,0
dl_1690,22,East_exit_short,22,15,0.44,0
dl_1690,26,West_exit,26,17,0.8,0
dl_1690,18,West_exit_short,18,12,0.44,0
dl_1691,4,,,,,
dl_1691,21,East_exit_short,21,15,0.44,0
dl_1691,11,East_exit,11,8,0.8,0
dl_1691,25,East_exit_short,25,17,0.44,0
dl_1691,26,West_exit,26,17,0.8,0
dl_1691,18,West_exit_short,18,12,0.44,0
dl_1692,4,,,,,
dl_1692,20,East_exit_short,20,14,0.44,0
dl_1692,11,East_exit,11,8,0.8,0
dl_1692,25,East_exit_short,25,17,0.44,0
dl_1692,26,West_exit,26,17,0.8,0
dl_1692,18,West_exit_short,18,12,0.44,0
dl_1693,4,,,,,
dl_1693,24,East_exit_short,24,17,0.44,0
dl_1693,11,East_exit,11,8,0.8,0
dl_1693,22,East_exit_short,22,15,0.44,0
dl_1693,26,West_exit,26,17,0.8,0
dl_1693,18,West_exit_short,18,12,0.44,0
dl_1694,4,,,,,
dl_1694,24,East_exit_short,24,17,0.44,0
dl_1694,21,East_exit_short,21,15,0.44,0
dl_1694,11,East_exit,11,8,0.8,0
dl_1694,26,West_exit,26,17,0.8,0
dl_1694,18,West_exit_short,18,12,0.44,0
dl_1695,4,,,,,
dl_1695,24,East_exit_short,24,17,0.44,0
dl_1695,11,East_exit,11,8,0.8,0
dl_1695,26,West_exit,26,17,0.8,0
dl_1695,20,East_exit_short,20,14,0.44,0
dl_1695,18,West_exit_short,18,12,0.44,0
dl_1696,4,,,,,
dl_1696,23,East_exit_short,23,16,0.44,0
dl_1696,11,East_exit,11,8,0.8,0
dl_1696,22,East_exit_short,22,15,0.44,0
dl_1696,26,West_exit,26,17,0.8,0
dl_1696,18,West_exit_short,18,12,0.44,0
dl_1697,4,,,,,
dl_1697,23,East_exit_short,23,16,0.44,0
dl_1697,21,East_exit_short,21,15,0.44,0
dl_1697,11,East_exit,11,8,0.8,0
dl_1697,26,West_exit,26,17,0.8,0
dl_1697,18,West_exit_short,18,12,0.44,0
dl_1698,4,,,,,
dl_1698,23,East_exit_short,23,16,0.44,0
dl_1698,11,East_exit,11,8,0.8,0
dl_1698,26,West_exit,26,17,0.8,0
dl_1698,20,East_exit_short,20,14,0.44,0
dl_1698,18,West_exit_short,18,12,0.44,0
dl_1699,4,,,,,
dl_1699,11,East_exit,11,8,0.8,0
dl_1699,25,East_exit_short,25,17,0.44,0
dl_1699,26,West_exit,26,17,0.8,0
dl_1699,19,East_exit_short,19,13,0.44,0
dl_1699,18,West_exit_short,18,12,0.44,0
dl_1700,4,,,,,
dl_1700,24,East_exit_short,24,17,0.44,0
dl_1700,11,East_exit,11,8,0.8,0
dl_1700,26,West_exit,26,17,0.8,0
dl_1700,19,East_exit_short,19,13,0.44,0
dl_1700,18,West_exit_short,18,12,0.44,0
dl_1701,4,,,,,
dl_1701,23,East_exit_short,23,16,0.44,0
dl_1701,11,East_exit,11,8,0.8,0
dl_1701,26,West_exit,26,17,0.8,0
dl_1701,19,East_exit_short,19,13,0.44,0
dl_1701,18,West_exit_short,18,12,0.44,0
dl_1702,4,,,,,
dl_1702,20,West_exit_short,20,13,0.44,0
dl_1702,26,West_exit,26,17,0.8,0
dl_1702,11,East_exit,11,8,0.8,0
dl_1702,25,East_exit_short,25,17,0.44,0
dl_1702,19,East_exit_short,19,13,0.44,0
dl_1703,4,,,,,
dl_1703,24,East_exit_short,24,17,0.44,0
dl_1703,20,West_exit_short,20,13,0.44,0
dl_1703,11,East_exit,11,8,0.8,0
dl_1703,19,East_exit_short,19,13,0.44,0
dl_1703,26,West_exit,26,17,0.8,0
dl_1704,4,,,,,
dl_1704,23,East_exit_short,23,16,0.44,0
dl_1704,20,West_exit_short,20,13,0.44,0
dl_1704,11,East_exit,11,8,0.8,0
dl_1704,19,East_exit_short,19,13,0.44,0
dl_1704,26,West_exit,26,17,0.8,0
dl_1705,4,,,,,
dl_1705,11,East_exit,11,8,0.8,0
dl_1705,13,West_exit_short,13,8,0.44,0
dl_1705,22,East_exit_short,22,15,0.44,0
dl_1705,19,East_exit_short,19,13,0.44,0
dl_1705,26,West_exit,26,17,0.8,0
dl_1706,4,,,,,
dl_1706,12,West_exit_short,12,8,0.44,0
dl_1706,11,East_exit,11,8,0.8,0
dl_1706,22,East_exit_short,22,15,0.44,0
dl_1706,19,East_exit_short,19,13,0.44,0
dl_1706,26,West_exit,26,17,0.8,0
dl_1707,4,,,,,
dl_1707,14,West_exit_short,14,9,0.44,0
dl_1707,11,East_exit,11,8,0.8,0
dl_1707,22,East_exit_short,22,15,0.44,0
dl_1707,19,East_exit_short,19,13,0.44,0
dl_1707,26,West_exit,26,17,0.8,0
dl_1708,4,,,,,
dl_1708,16,West_exit_short,16,10,0.44,0
dl_1708,11,East_exit,11,8,0.8,0
dl_1708,22,East_exit_short,22,15,0.44,0
dl_1708,19,East_exit_short,19,13,0.44,0
dl_1708,26,West_exit,26,17,0.8,0
dl_1709,4,,,,,
dl_1709,15,West_exit_short,15,10,0.44,0
dl_1709,11,East_exit,11,8,0.8,0
dl_1709,22,East_exit_short,22,15,0.44,0
dl_1709,19,East_exit_short,19,13,0.44,0
dl_1709,26,West_exit,26,17,0.8,0
dl_1710,4,,,,,
dl_1710,17,West_exit_short,17,11,0.44,0
dl_1710,11,East_exit,11,8,0.8,0
dl_1710,22,East_exit_short,22,15,0.44,0
dl_1710,19,East_exit_short,19,13,0.44,0
dl_1710,26,West_exit,26,17,0.8,0
dl_1711,4,,,,,
dl_1711,11,East_exit,11,8,0.8,0
dl_1711,22,East_exit_short,22,15,0.44,0
dl_1711,19,East_exit_short,19,13,0.44,0
dl_1711,26,West_exit,26,17,0.8,0
dl_1711,18,West_exit_short,18,12,0.44,0
dl_1712,4,,,,,
dl_1712,20,West_exit_short,20,13,0.44,0
dl_1712,11,East_exit,11,8,0.8,0
dl_1712,19,East_exit_short,19,13,0.44,0
dl_1712,22,East_exit_short,22,15,0.44,0
dl_1712,26,West_exit,26,17,0.8,0
dl_1713,3,,,,,
dl_1713,23,West_exit,21,14,0.8,0
dl_1713,11,East_exit,13,9,0.8,0
dl_1713,13,East_exit,13,9,0.8,0
dl_1713,22,East_exit_short,22,15,0.44,0
dl_1713,19,West_exit_short,19,12,0.44,0
dl_1714,3,,,,,
dl_1714,11,East_exit,13,9,0.8,0
dl_1714,13,East_exit,13,9,0.8,0
dl_1714,22,East_exit_short,22,15,0.44,0
dl_1714,23,West_exit,23,15,0.8,0
dl_1714,19,West_exit_short,19,12,0.44,0
dl_1715,3,,,,,
dl_1715,23,West_exit,21,14,0.8,0
dl_1715,11,East_exit,13,9,0.8,0
dl_1715,13,East_exit,13,9,0.8,0
dl_1715,22,East_exit_short,22,15,0.44,0
dl_1715,20,West_exit_short,20,13,0.44,0
dl_1716,3,,,,,
dl_1716,11,East_exit,13,9,0.8,0
dl_1716,13,East_exit,13,9,0.8,0
dl_1716,22,East_exit_short,22,15,0.44,0
dl_1716,23,West_exit,23,15,0.8,0
dl_1716,20,West_exit_short,20,13,0.44,0
dl_1717,4,,,,,
dl_1717,11,East_exit,13,9,0.8,0
dl_1717,13,East_exit,13,9,0.8,0
dl_1717,22,East_exit_short,22,15,0.44,0
dl_1717,26,West_exit,25,16,0.8,0
dl_1717,24,East_exit_short,24,17,0.44,0
dl_1717,19,West_exit_short,19,12,0.44,0
dl_1718,4,,,,,
dl_1718,11,East_exit,13,9,0.8,0
dl_1718,13,East_exit,13,9,0.8,0
dl_1718,22,East_exit_short,22,15,0.44,0
dl_1718,26,West_exit,25,16,0.8,0
dl_1718,24,East_exit_short,24,17,0.44,0
dl_1718,20,West_exit_short,20,13,0.44,0
dl_1719,4,,,,,
dl_1719,21,West_exit_short,21,14,0.44,0
dl_1719,26,West_exit,25,16,0.8,0
dl_1719,24,East_exit_short,24,17,0.44,0
dl_1719,22,East_exit_short,22,15,0.44,0
dl_1719,11,East_exit,13,9,0.8,0
dl_1719,13,East_exit,13,9,0.8,0
dl_1720,4,,,,,
dl_1720,23,East_exit_short,23,16,0.44,0
dl_1720,26,West_exit,25,16,0.8,0
dl_1720,25,West_exit,25,16,0.8,0
dl_1720,11,East_exit,13,9,0.8,0
dl_1720,13,East_exit,13,9,0.8,0
dl_1720,22,East_exit_short,22,15,0.44,0
dl_1720,19,West_exit_short,19,12,0.44,0
dl_1721,4,,,,,
dl_1721,23,East_exit_short,23,16,0.44,0
dl_1721,26,West_exit,25,16,0.8,0
dl_1721,25,West_exit,25,16,0.8,0
dl_1721,11,East_exit,13,9,0.8,0
dl_1721,13,East_exit,13,9,0.8,0
dl_1721,22,East_exit_short,22,15,0.44,0
dl_1721,20,West_exit_short,20,13,0.44,0
dl_1722,4,,,,,
dl_1722,22,East_exit_short,22,15,0.44,0
dl_1722,23,East_exit_short,23,16,0.44,0
dl_1722,26,West_exit,25,16,0.8,0
dl_1722,25,West_exit,25,16,0.8,0
dl_1722,21,West_exit_short,21,14,0.44,0
dl_1722,11,East_exit,13,9,0.8,0
dl_1722,13,East_exit,13,9,0.8,0
dl_1723,4,,,,,
dl_1723,20,East_exit_short,20,14,0.44,0
dl_1723,26,West_exit,25,16,0.8,0
dl_1723,24,East_exit_short,24,17,0.44,0
dl_1723,21,West_exit_short,21,14,0.44,0
dl_1723,11,East_exit,13,9,0.8,0
dl_1723,13,East_exit,13,9,0.8,0
dl_1724,4,,,,,
dl_1724,20,East_exit_short,20,14,0.44,0
dl_1724,23,East_exit_short,23,16,0.44,0
dl_1724,26,West_exit,25,16,0.8,0
dl_1724,25,West_exit,25,16,0.8,0
dl_1724,21,West_exit_short,21,14,0.44,0
dl_1724,11,East_exit,13,9,0.8,0
dl_1724,13,East_exit,13,9,0.8,0
dl_1725,4,,,,,
dl_1725,26,West_exit,25,16,0.8,0
dl_1725,19,East_exit_short,19,13,0.44,0
dl_1725,24,East_exit_short,24,17,0.44,0
dl_1725,21,West_exit_short,21,14,0.44,0
dl_1725,11,East_exit,13,9,0.8,0
dl_1725,13,East_exit,13,9,0.8,0
dl_1726,4,,,,,
dl_1726,19,East_exit_short,19,13,0.44,0
dl_1726,23,East_exit_short,23,16,0.44,0
dl_1726,26,West_exit,25,16,0.8,0
dl_1726,25,West_exit,25,16,0.8,0
dl_1726,21,West_exit_short,21,14,0.44,0
dl_1726,11,East_exit,13,9,0.8,0
dl_1726,13,East_exit,13,9,0.8,0
dl_1727,4,,,,,
dl_1727,19,East_exit_short,19,13,0.44,0
dl_1727,22,East_exit_short,22,15,0.44,0
dl_1727,26,West_exit,25,16,0.8,0
dl_1727,25,West_exit,25,16,0.8,0
dl_1727,11,East_exit,13,9,0.8,0
dl_1727,13,East_exit,13,9,0.8,0
dl_1727,21,West_exit_short,21,14,0.44,0
dl_1728,4,,,,,
dl_1728,25,East_exit_short,25,17,0.44,0
dl_1728,26,West_exit,24,16,0.8,0
dl_1728,22,East_exit_short,22,15,0.44,0
dl_1728,11,East_exit,13,9,0.8,0
dl_1728,13,East_exit,13,9,0.8,0
dl_1728,19,West_exit_short,19,12,0.44,0
dl_1729,4,,,,,
dl_1729,25,East_exit_short,25,17,0.44,0
dl_1729,26,West_exit,24,16,0.8,0
dl_1729,22,East_exit_short,22,15,0.44,0
dl_1729,11,East_exit,13,9,0.8,0
dl_1729,13,East_exit,13,9,0.8,0
dl_1729,20,West_exit_short,20,13,0.44,0
dl_1730,4,,,,,
dl_1730,22,East_exit_short,22,15,0.44,0
dl_1730,26,West_exit,24,16,0.8,0
dl_1730,25,East_exit_short,25,17,0.44,0
dl_1730,21,West_exit_short,21,14,0.44,0
dl_1730,11,East_exit,13,9,0.8,0
dl_1730,13,East_exit,13,9,0.8,0
dl_1731,4,,,,,
dl_1731,23,East_exit_short,23,16,0.44,0
dl_1731,22,East_exit_short,22,15,0.44,0
dl_1731,24,West_exit,24,16,0.8,0
dl_1731,26,West_exit,24,16,0.8,0
dl_1731,11,East_exit,13,9,0.8,0
dl_1731,13,East_exit,13,9,0.8,0
dl_1731,19,West_exit_short,19,12,0.44,0
dl_1732,4,,,,,
dl_1732,23,East_exit_short,23,16,0.44,0
dl_1732,22,East_exit_short,22,15,0.44,0
dl_1732,24,West_exit,24,16,0.8,0
dl_1732,26,West_exit,24,16,0.8,0
dl_1732,11,East_exit,13,9,0.8,0
dl_1732,13,East_exit,13,9,0.8,0
dl_1732,20,West_exit_short,20,13,0.44,0
dl_1733,4,,,,,
dl_1733,22,East_exit_short,22,15,0.44,0
dl_1733,23,East_exit_short,23,16,0.44,0
dl_1733,24,West_exit,24,16,0.8,0
dl_1733,26,West_exit,24,16,0.8,0
dl_1733,21,West_exit_short,21,14,0.44,0
dl_1733,11,East_exit,13,9,0.8,0
dl_1733,13,East_exit,13,9,0.8,0
dl_1734,4,,,,,
dl_1734,20,East_exit_short,20,14,0.44,0
dl_1734,26,West_exit,24,16,0.8,0
dl_1734,25,East_exit_short,25,17,0.44,0
dl_1734,21,West_exit_short,21,14,0.44,0
dl_1734,11,East_exit,13,9,0.8,0
dl_1734,13,East_exit,13,9,0.8,0
dl_1735,4,,,,,
dl_1735,20,East_exit_short,20,14,0.44,0
dl_1735,23,East_exit_short,23,16,0.44,0
dl_1735,24,West_exit,24,16,0.8,0
dl_1735,26,West_exit,24,16,0.8,0
dl_1735,21,West_exit_short,21,14,0.44,0
dl_1735,11,East_exit,13,9,0.8,0
dl_1735,13,East_exit,13,9,0.8,0
dl_1736,4,,,,,
dl_1736,26,West_exit,24,16,0.8,0
dl_1736,19,East_exit_short,19,13,0.44,0
dl_1736,25,East_exit_short,25,17,0.44,0
dl_1736,21,West_exit_short,21,14,0.44,0
dl_1736,11,East_exit,13,9,0.8,0
dl_1736,13,East_exit,13,9,0.8,0
dl_1737,4,,,,,
dl_1737,19,East_exit_short,19,13,0.44,0
dl_1737,23,East_exit_short,23,16,0.44,0
dl_1737,24,West_exit,24,16,0.8,0
dl_1737,26,West_exit,24,16,0.8,0
dl_1737,21,West_exit_short,21,14,0.44,0
dl_1737,11,East_exit,13,9,0.8,0
dl_1737,13,East_exit,13,9,0.8,0
dl_1738,4,,,,,
dl_1738,19,East_exit_short,19,13,0.44,0
dl_1738,22,East_exit_short,22,15,0.44,0
dl_1738,24,West_exit,24,16,0.8,0
dl_1738,26,West_exit,24,16,0.8,0
dl_1738,11,East_exit,13,9,0.8,0
dl_1738,13,East_exit,13,9,0.8,0
dl_1738,21,West_exit_short,21,14,0.44,0
dl_1739,4,,,,,
dl_1739,25,East_exit_short,25,17,0.44,0
dl_1739,26,West_exit,26,17,0.8,0
dl_1739,22,East_exit_short,22,15,0.44,0
dl_1739,11,East_exit,13,9,0.8,0
dl_1739,13,East_exit,13,9,0.8,0
dl_1739,19,West_exit_short,19,12,0.44,0
dl_1740,4,,,,,
dl_1740,25,East_exit_short,25,17,0.44,0
dl_1740,26,West_exit,26,17,0.8,0
dl_1740,22,East_exit_short,22,15,0.44,0
dl_1740,11,East_exit,13,9,0.8,0
dl_1740,13,East_exit,13,9,0.8,0
dl_1740,20,West_exit_short,20,13,0.44,0
dl_1741,4,,,,,
dl_1741,22,East_exit_short,22,15,0.44,0
dl_1741,26,West_exit,26,17,0.8,0
dl_1741,25,East_exit_short,25,17,0.44,0
dl_1741,21,West_exit_short,21,14,0.44,0
dl_1741,11,East_exit,13,9,0.8,0
dl_1741,13,East_exit,13,9,0.8,0
dl_1742,4,,,,,
dl_1742,24,East_exit_short,24,17,0.44,0
dl_1742,22,East_exit_short,22,15,0.44,0
dl_1742,26,West_exit,26,17,0.8,0
dl_1742,11,East_exit,13,9,0.8,0
dl_1742,13,East_exit,13,9,0.8,0
dl_1742,19,West_exit_short,19,12,0.44,0
dl_1743,4,,,,,
dl_1743,24,East_exit_short,24,17,0.44,0
dl_1743,22,East_exit_short,22,15,0.44,0
dl_1743,26,West_exit,26,17,0.8,0
dl_1743,11,East_exit,13,9,0.8,0
dl_1743,13,East_exit,13,9,0.8,0
dl_1743,20,West_exit_short,20,13,0.44,0
dl_1744,4,,,,,
dl_1744,22,East_exit_short,22,15,0.44,0
dl_1744,24,East_exit_short,24,17,0.44,0
dl_1744,26,West_exit,26,17,0.8,0
dl_1744,21,West_exit_short,21,14,0.44,0
dl_1744,11,East_exit,13,9,0.8,0
dl_1744,13,East_exit,13,9,0.8,0
dl_1745,4,,,,,
dl_1745,23,East_exit_short,23,16,0.44,0
dl_1745,22,East_exit_short,22,15,0.44,0
dl_1745,26,West_exit,26,17,0.8,0
dl_1745,11,East_exit,13,9,0.8,0
dl_1745,13,East_exit,13,9,0.8,0
dl_1745,19,West_exit_short,19,12,0.44,0
dl_1746,4,,,,,
dl_1746,23,East_exit_short,23,16,0.44,0
dl_1746,22,East_exit_short,22,15,0.44,0
dl_1746,26,West_exit,26,17,0.8,0
dl_1746,11,East_exit,13,9,0.8,0
dl_1746,13,East_exit,13,9,0.8,0
dl_1746,20,West_exit_short,20,13,0.44,0
dl_1747,4,,,,,
dl_1747,22,East_exit_short,22,15,0.44,0
dl_1747,23,East_exit_short,23,16,0.44,0
dl_1747,26,West_exit,26,17,0.8,0
dl_1747,21,West_exit_short,21,14,0.44,0
dl_1747,11,East_exit,13,9,0.8,0
dl_1747,13,East_exit,13,9,0.8,0
dl_1748,4,,,,,
dl_1748,20,East_exit_short,20,14,0.44,0
dl_1748,26,West_exit,26,17,0.8,0
dl_1748,25,East_exit_short,25,17,0.44,0
dl_1748,21,West_exit_short,21,14,0.44,0
dl_1748,11,East_exit,13,9,0.8,0
dl_1748,13,East_exit,13,9,0.8,0
dl_1749,4,,,,,
dl_1749,20,East_exit_short,20,14,0.44,0
dl_1749,24,East_exit_short,24,17,0.44,0
dl_1749,26,West_exit,26,17,0.8,0
dl_1749,21,West_exit_short,21,14,0.44,0
dl_1749,11,East_exit,13,9,0.8,0
dl_1749,13,East_exit,13,9,0.8,0
dl_1750,4,,,,,
dl_1750,20,East_exit_short,20,14,0.44,0
dl_1750,23,East_exit_short,23,16,0.44,0
dl_1750,26,West_exit,26,17,0.8,0
dl_1750,21,West_exit_short,21,14,0.44,0
dl_1750,11,East_exit,13,9,0.8,0
dl_1750,13,East_exit,13,9,0.8,0
dl_1751,4,,,,,
dl_1751,26,West_exit,26,17,0.8,0
dl_1751,19,East_exit_short,19,13,0.44,0
dl_1751,25,East_exit_short,25,17,0.44,0
dl_1751,21,West_exit_short,21,14,0.44,0
dl_1751,11,East_exit,13,9,0.8,0
dl_1751,13,East_exit,13,9,0.8,0
dl_1752,4,,,,,
dl_1752,19,East_exit_short,19,13,0.44,0
dl_1752,24,East_exit_short,24,17,0.44,0
dl_1752,26,West_exit,26,17,0.8,0
dl_1752,21,West_exit_short,21,14,0.44,0
dl_1752,11,East_exit,13,9,0.8,0
dl_1752,13,East_exit,13,9,0.8,0
dl_1753,4,,,,,
dl_1753,19,East_exit_short,19,13,0.44,0
dl_1753,23,East_exit_short,23,16,0.44,0
dl_1753,26,West_exit,26,17,0.8,0
dl_1753,21,West_exit_short,21,14,0.44,0
dl_1753,11,East_exit,13,9,0.8,0
dl_1753,13,East_exit,13,9,0.8,0
dl_1754,4,,,,,
dl_1754,19,East_exit_short,19,13,0.44,0
dl_1754,22,East_exit_short,22,15,0.44,0
dl_1754,26,West_exit,26,17,0.8,0
dl_1754,11,East_exit,13,9,0.8,0
dl_1754,13,East_exit,13,9,0.8,0
dl_1754,21,West_exit_short,21,14,0.44,0
dl_1755,3,,,,,
dl_1755,23,West_exit,21,14,0.8,0
dl_1755,12,East_exit,12,9,0.8,0
dl_1755,11,East_exit,12,9,0.8,0
dl_1755,22,East_exit_short,22,15,0.44,0
dl_1755,19,West_exit_short,19,12,0.44,0
dl_1756,3,,,,,
dl_1756,12,East_exit,12,9,0.8,0
dl_1756,11,East_exit,12,9,0.8,0
dl_1756,22,East_exit_short,22,15,0.44,0
dl_1756,23,West_exit,23,15,0.8,0
dl_1756,19,West_exit_short,19,12,0.44,0
dl_1757,3,,,,,
dl_1757,23,West_exit,21,14,0.8,0
dl_1757,12,East_exit,12,9,0.8,0
dl_1757,11,East_exit,12,9,0.8,0
dl_1757,22,East_exit_short,22,15,0.44,0
dl_1757,20,West_exit_short,20,13,0.44,0
dl_1758,3,,,,,
dl_1758,12,East_exit,12,9,0.8,0
dl_1758,11,East_exit,12,9,0.8,0
dl_1758,22,East_exit_short,22,15,0.44,0
dl_1758,23,West_exit,23,15,0.8,0
dl_1758,20,West_exit_short,20,13,0.44,0
dl_1759,4,,,,,
dl_1759,12,East_exit,12,9,0.8,0
dl_1759,11,East_exit,12,9,0.8,0
dl_1759,22,East_exit_short,22,15,0.44,0
dl_1759,26,West_exit,25,16,0.8,0
dl_1759,24,East_exit_short,24,17,0.44,0
dl_1759,19,West_exit_short,19,12,0.44,0
dl_1760,4,,,,,
dl_1760,12,East_exit,12,9,0.8,0
dl_1760,11,East_exit,12,9,0.8,0
dl_1760,22,East_exit_short,22,15,0.44,0
dl_1760,26,West_exit,25,16,0.8,0
dl_1760,24,East_exit_short,24,17,0.44,0
dl_1760,20,West_exit_short,20,13,0.44,0
dl_1761,4,,,,,
dl_1761,21,West_exit_short,21,14,0.44,0
dl_1761,26,West_exit,25,16,0.8,0
dl_1761,24,East_exit_short,24,17,0.44,0
dl_1761,22,East_exit_short,22,15,0.44,0
dl_1761,12,East_exit,12,9,0.8,0
dl_1761,11,East_exit,12,9,0.8,0
dl_1762,4,,,,,
dl_1762,23,East_exit_short,23,16,0.44,0
dl_1762,26,West_exit,25,16,0.8,0
dl_1762,25,West_exit,25,16,0.8,0
dl_1762,12,East_exit,12,9,0.8,0
dl_1762,11,East_exit,12,9,0.8,0
dl_1762,22,East_exit_short,22,15,0.44,0
dl_1762,19,West_exit_short,19,12,0.44,0
dl_1763,4,,,,,
dl_1763,23,East_exit_short,23,16,0.44,0
dl_1763,26,West_exit,25,16,0.8,0
dl_1763,25,West_exit,25,16,0.8,0
dl_1763,12,East_exit,12,9,0.8,0
dl_1763,11,East_exit,12,9,0.8,0
dl_1763,22,East_exit_short,22,15,0.44,0
dl_1763,20,West_exit_short,20,13,0.44,0
dl_1764,4,,,,,
dl_1764,22,East_exit_short,22,15,0.44,0
dl_1764,23,East_exit_short,23,16,0.44,0
dl_1764,26,West_exit,25,16,0.8,0
dl_1764,25,West_exit,25,16,0.8,0
dl_1764,21,West_exit_short,21,14,0.44,0
dl_1764,12,East_exit,12,9,0.8,0
dl_1764,11,East_exit,12,9,0.8,0
dl_1765,4,,,,,
dl_1765,20,East_exit_short,20,14,0.44,0
dl_1765,26,West_exit,25,16,0.8,0
dl_1765,24,East_exit_short,24,17,0.44,0
dl_1765,21,West_exit_short,21,14,0.44,0
dl_1765,12,East_exit,12,9,0.8,0
dl_1765,11,East_exit,12,9,0.8,0
dl_1766,4,,,,,
dl_1766,20,East_exit_short,20,14,0.44,0
dl_1766,23,East_exit_short,23,16,0.44,0
dl_1766,26,West_exit,25,16,0.8,0
dl_1766,25,West_exit,25,16,0.8,0
dl_1766,21,West_exit_short,21,14,0.44,0
dl_1766,12,East_exit,12,9,0.8,0
dl_1766,11,East_exit,12,9,0.8,0
dl_1767,4,,,,,
dl_1767,26,West_exit,25,16,0.8,0
dl_1767,24,East_exit_short,24,17,0.44,0
dl_1767,21,West_exit_short,21,14,0.44,0
dl_1767,12,East_exit,12,9,0.8,0
dl_1767,11,East_exit,12,9,0.8,0
dl_1767,19,East_exit_short,19,13,0.44,0
dl_1768,4,,,,,
dl_1768,23,East_exit_short,23,16,0.44,0
dl_1768,26,West_exit,25,16,0.8,0
dl_1768,25,West_exit,25,16,0.8,0
dl_1768,21,West_exit_short,21,14,0.44,0
dl_1768,12,East_exit,12,9,0.8,0
dl_1768,11,East_exit,12,9,0.8,0
dl_1768,19,East_exit_short,19,13,0.44,0
dl_1769,4,,,,,
dl_1769,19,East_exit_short,19,13,0.44,0
dl_1769,22,East_exit_short,22,15,0.44,0
dl_1769,26,West_exit,25,16,0.8,0
dl_1769,25,West_exit,25,16,0.8,0
dl_1769,12,East_exit,12,9,0.8,0
dl_1769,11,East_exit,12,9,0.8,0
dl_1769,21,West_exit_short,21,14,0.44,0
dl_1770,4,,,,,
dl_1770,25,East_exit_short,25,17,0.44,0
dl_1770,12,East_exit,12,9,0.8,0
dl_1770,11,East_exit,12,9,0.8,0
dl_1770,22,East_exit_short,22,15,0.44,0
dl_1770,26,West_exit,24,16,0.8,0
dl_1770,19,West_exit_short,19,12,0.44,0
dl_1771,4,,,,,
dl_1771,25,East_exit_short,25,17,0.44,0
dl_1771,12,East_exit,12,9,0.8,0
dl_1771,11,East_exit,12,9,0.8,0
dl_1771,22,East_exit_short,22,15,0.44,0
dl_1771,26,West_exit,24,16,0.8,0
dl_1771,20,West_exit_short,20,13,0.44,0
dl_1772,4,,,,,
dl_1772,25,East_exit_short,25,17,0.44,0
dl_1772,22,East_exit_short,22,15,0.44,0
dl_1772,26,West_exit,24,16,0.8,0
dl_1772,21,West_exit_short,21,14,0.44,0
dl_1772,12,East_exit,12,9,0.8,0
dl_1772,11,East_exit,12,9,0.8,0
dl_1773,4,,,,,
dl_1773,23,East_exit_short,23,16,0.44,0
dl_1773,24,West_exit,24,16,0.8,0
dl_1773,26,West_exit,24,16,0.8,0
dl_1773,12,East_exit,12,9,0.8,0
dl_1773,11,East_exit,12,9,0.8,0
dl_1773,22,East_exit_short,22,15,0.44,0
dl_1773,19,West_exit_short,19,12,0.44,0
dl_1774,4,,,,,
dl_1774,23,East_exit_short,23,16,0.44,0
dl_1774,24,West_exit,24,16,0.8,0
dl_1774,26,West_exit,24,16,0.8,0
dl_1774,12,East_exit,12,9,0.8,0
dl_1774,11,East_exit,12,9,0.8,0
dl_1774,22,East_exit_short,22,15,0.44,0
dl_1774,20,West_exit_short,20,13,0.44,0
dl_1775,4,,,,,
dl_1775,22,East_exit_short,22,15,0.44,0
dl_1775,23,East_exit_short,23,16,0.44,0
dl_1775,24,West_exit,24,16,0.8,0
dl_1775,26,West_exit,24,16,0.8,0
dl_1775,21,West_exit_short,21,14,0.44,0
dl_1775,12,East_exit,12,9,0.8,0
dl_1775,11,East_exit,12,9,0.8,0
dl_1776,4,,,,,
dl_1776,20,East_exit_short,20,14,0.44,0
dl_1776,26,West_exit,24,16,0.8,0
dl_1776,25,East_exit_short,25,17,0.44,0
dl_1776,21,West_exit_short,21,14,0.44,0
dl_1776,12,East_exit,12,9,0.8,0
dl_1776,11,East_exit,12,9,0.8,0
dl_1777,4,,,,,
dl_1777,20,East_exit_short,20,14,0.44,0
dl_1777,23,East_exit_short,23,16,0.44,0
dl_1777,24,West_exit,24,16,0.8,0
dl_1777,26,West_exit,24,16,0.8,0
dl_1777,21,West_exit_short,21,14,0.44,0
dl_1777,12,East_exit,12,9,0.8,0
dl_1777,11,East_exit,12,9,0.8,0
dl_1778,4,,,,,
dl_1778,26,West_exit,24,16,0.8,0
dl_1778,25,East_exit_short,25,17,0.44,0
dl_1778,21,West_exit_short,21,14,0.44,0
dl_1778,12,East_exit,12,9,0.8,0
dl_1778,11,East_exit,12,9,0.8,0
dl_1778,19,East_exit_short,19,13,0.44,0
dl_1779,4,,,,,
dl_1779,23,East_exit_short,23,16,0.44,0
dl_1779,24,West_exit,24,16,0.8,0
dl_1779,26,West_exit,24,16,0.8,0
dl_1779,21,West_exit_short,21,14,0.44,0
dl_1779,12,East_exit,12,9,0.8,0
dl_1779,11,East_exit,12,9,0.8,0
dl_1779,19,East_exit_short,19,13,0.44,0
dl_1780,4,,,,,
dl_1780,19,East_exit_short,19,13,0.44,0
dl_1780,22,East_exit_short,22,15,0.44,0
dl_1780,24,West_exit,24,16,0.8,0
dl_1780,26,West_exit,24,16,0.8,0
dl_1780,12,East_exit,12,9,0.8,0
dl_1780,11,East_exit,12,9,0.8,0
dl_1780,21,West_exit_short,21,14,0.44,0
dl_1781,4,,,,,
dl_1781,25,East_exit_short,25,17,0.44,0
dl_1781,12,East_exit,12,9,0.8,0
dl_1781,11,East_exit,12,9,0.8,0
dl_1781,22,East_exit_short,22,15,0.44,0
dl_1781,26,West_exit,26,17,0.8,0
dl_1781,19,West_exit_short,19,12,0.44,0
dl_1782,4,,,,,
dl_1782,25,East_exit_short,25,17,0.44,0
dl_1782,12,East_exit,12,9,0.8,0
dl_1782,11,East_exit,12,9,0.8,0
dl_1782,22,East_exit_short,22,15,0.44,0
dl_1782,26,West_exit,26,17,0.8,0
dl_1782,20,West_exit_short,20,13,0.44,0
dl_1783,4,,,,,
dl_1783,22,East_exit_short,22,15,0.44,0
dl_1783,26,West_exit,26,17,0.8,0
dl_1783,25,East_exit_short,25,17,0.44,0
dl_1783,21,West_exit_short,21,14,0.44,0
dl_1783,12,East_exit,12,9,0.8,0
dl_1783,11,East_exit,12,9,0.8,0
dl_1784,4,,,,,
dl_1784,24,East_exit_short,24,17,0.44,0
dl_1784,12,East_exit,12,9,0.8,0
dl_1784,11,East_exit,12,9,0.8,0
dl_1784,22,East_exit_short,22,15,0.44,0
dl_1784,26,West_exit,26,17,0.8,0
dl_1784,19,West_exit_short,19,12,0.44,0
dl_1785,4,,,,,
dl_1785,24,East_exit_short,24,17,0.44,0
dl_1785,12,East_exit,12,9,0.8,0
dl_1785,11,East_exit,12,9,0.8,0
dl_1785,22,East_exit_short,22,15,0.44,0
dl_1785,26,West_exit,26,17,0.8,0
dl_1785,20,West_exit_short,20,13,0.44,0
dl_1786,4,,,,,
dl_1786,22,East_exit_short,22,15,0.44,0
dl_1786,24,East_exit_short,24,17,0.44,0
dl_1786,26,West_exit,26,17,0.8,0
dl_1786,21,West_exit_short,21,14,0.44,0
dl_1786,12,East_exit,12,9,0.8,0
dl_1786,11,East_exit,12,9,0.8,0
dl_1787,4,,,,,
dl_1787,23,East_exit_short,23,16,0.44,0
dl_1787,12,East_exit,12,9,0.8,0
dl_1787,11,East_exit,12,9,0.8,0
dl_1787,22,East_exit_short,22,15,0.44,0
dl_1787,26,West_exit,26,17,0.8,0
dl_1787,19,West_exit_short,19,12,0.44,0
dl_1788,4,,,,,
dl_1788,23,East_exit_short,23,16,0.44,0
dl_1788,12,East_exit,12,9,0.8,0
dl_1788,11,East_exit,12,9,0.8,0
dl_1788,22,East_exit_short,22,15,0.44,0
dl_1788,26,West_exit,26,17,0.8,0
dl_1788,20,West_exit_short,20,13,0.44,0
dl_1789,4,,,,,
dl_1789,22,East_exit_short,22,15,0.44,0
dl_1789,23,East_exit_short,23,16,0.44,0
dl_1789,26,West_exit,26,17,0.8,0
dl_1789,21,West_exit_short,21,14,0.44,0
dl_1789,12,East_exit,12,9,0.8,0
dl_1789,11,East_exit,12,9,0.8,0
dl_1790,4,,,,,
dl_1790,20,East_exit_short,20,14,0.44,0
dl_1790,26,West_exit,26,17,0.8,0
dl_1790,25,East_exit_short,25,17,0.44,0
dl_1790,21,West_exit_short,21,14,0.44,0
dl_1790,12,East_exit,12,9,0.8,0
dl_1790,11,East_exit,12,9,0.8,0
dl_1791,4,,,,,
dl_1791,20,East_exit_short,20,14,0.44,0
dl_1791,24,East_exit_short,24,17,0.44,0
dl_1791,26,West_exit,26,17,0.8,0
dl_1791,21,West_exit_short,21,14,0.44,0
dl_1791,12,East_exit,12,9,0.8,0
dl_1791,11,East_exit,12,9,0.8,0
dl_1792,4,,,,,
dl_1792,20,East_exit_short,20,14,0.44,0
dl_1792,23,East_exit_short,23,16,0.44,0
dl_1792,26,West_exit,26,17,0.8,0
dl_1792,21,West_exit_short,21,14,0.44,0
dl_1792,12,East_exit,12,9,0.8,0
dl_1792,11,East_exit,12,9,0.8,0
dl_1793,4,,,,,
dl_1793,26,West_exit,26,17,0.8,0
dl_1793,25,East_exit_short,25,17,0.44,0
dl_1793,21,West_exit_short,21,14,0.44,0
dl_1793,12,East_exit,12,9,0.8,0
dl_1793,11,East_exit,12,9,0.8,0
dl_1793,19,East_exit_short,19,13,0.44,0
dl_1794,4,,,,,
dl_1794,24,East_exit_short,24,17,0.44,0
dl_1794,26,West_exit,26,17,0.8,0
dl_1794,21,West_exit_short,21,14,0.44,0
dl_1794,12,East_exit,12,9,0.8,0
dl_1794,11,East_exit,12,9,0.8,0
dl_1794,19,East_exit_short,19,13,0.44,0
dl_1795,4,,,,,
dl_1795,23,East_exit_short,23,16,0.44,0
dl_1795,26,West_exit,26,17,0.8,0
dl_1795,21,West_exit_short,21,14,0.44,0
dl_1795,12,East_exit,12,9,0.8,0
dl_1795,11,East_exit,12,9,0.8,0
dl_1795,19,East_exit_short,19,13,0.44,0
dl_1796,4,,,,,
dl_1796,22,East_exit_short,22,15,0.44,0
dl_1796,19,East_exit_short,19,13,0.44,0
dl_1796,26,West_exit,26,17,0.8,0
dl_1796,12,East_exit,12,9,0.8,0
dl_1796,11,East_exit,12,9,0.8,0
dl_1796,21,West_exit_short,21,14,0.44,0
dl_1797,3,,,,,
dl_1797,23,West_exit,21,14,0.8,0
dl_1797,11,East_exit,11,8,0.8,0
dl_1797,22,East_exit_short,22,15,0.44,0
dl_1797,19,West_exit_short,19,12,0.44,0
dl_1798,3,,,,,
dl_1798,11,East_exit,11,8,0.8,0
dl_1798,22,East_exit_short,22,15,0.44,0
dl_1798,23,West_exit,23,15,0.8,0
dl_1798,19,West_exit_short,19,12,0.44,0
dl_1799,3,,,,,
dl_1799,23,West_exit,21,14,0.8,0
dl_1799,11,East_exit,11,8,0.8,0
dl_1799,22,East_exit_short,22,15,0.44,0
dl_1799,20,West_exit_short,20,13,0.44,0
dl_1800,3,,,,,
dl_1800,11,East_exit,11,8,0.8,0
dl_1800,22,East_exit_short,22,15,0.44,0
dl_1800,23,West_exit,23,15,0.8,0
dl_1800,20,West_exit_short,20,13,0.44,0
dl_1801,4,,,,,
dl_1801,11,East_exit,11,8,0.8,0
dl_1801,22,East_exit_short,22,15,0.44,0
dl_1801,26,West_exit,25,16,0.8,0
dl_1801,24,East_exit_short,24,17,0.44,0
dl_1801,19,West_exit_short,19,12,0.44,0
dl_1802,4,,,,,
dl_1802,11,East_exit,11,8,0.8,0
dl_1802,22,East_exit_short,22,15,0.44,0
dl_1802,26,West_exit,25,16,0.8,0
dl_1802,24,East_exit_short,24,17,0.44,0
dl_1802,20,West_exit_short,20,13,0.44,0
dl_1803,4,,,,,
dl_1803,21,West_exit_short,21,14,0.44,0
dl_1803,26,West_exit,25,16,0.8,0
dl_1803,24,East_exit_short,24,17,0.44,0
dl_1803,22,East_exit_short,22,15,0.44,0
dl_1803,11,East_exit,11,8,0.8,0
dl_1804,4,,,,,
dl_1804,23,East_exit_short,23,16,0.44,0
dl_1804,26,West_exit,25,16,0.8,0
dl_1804,25,West_exit,25,16,0.8,0
dl_1804,11,East_exit,11,8,0.8,0
dl_1804,22,East_exit_short,22,15,0.44,0
dl_1804,19,West_exit_short,19,12,0.44,0
dl_1805,4,,,,,
dl_1805,23,East_exit_short,23,16,0.44,0
dl_1805,26,West_exit,25,16,0.8,0
dl_1805,25,West_exit,25,16,0.8,0
dl_1805,11,East_exit,11,8,0.8,0
dl_1805,22,East_exit_short,22,15,0.44,0
dl_1805,20,West_exit_short,20,13,0.44,0
dl_1806,4,,,,,
dl_1806,22,East_exit_short,22,15,0.44,0
dl_1806,23,East_exit_short,23,16,0.44,0
dl_1806,26,West_exit,25,16,0.8,0
dl_1806,25,West_exit,25,16,0.8,0
dl_1806,21,West_exit_short,21,14,0.44,0
dl_1806,11,East_exit,11,8,0.8,0
dl_1807,4,,,,,
dl_1807,20,East_exit_short,20,14,0.44,0
dl_1807,26,West_exit,25,16,0.8,0
dl_1807,24,East_exit_short,24,17,0.44,0
dl_1807,21,West_exit_short,21,14,0.44,0
dl_1807,11,East_exit,11,8,0.8,0
dl_1808,4,,,,,
dl_1808,20,East_exit_short,20,14,0.44,0
dl_1808,23,East_exit_short,23,16,0.44,0
dl_1808,26,West_exit,25,16,0.8,0
dl_1808,25,West_exit,25,16,0.8,0
dl_1808,21,West_exit_short,21,14,0.44,0
dl_1808,11,East_exit,11,8,0.8,0
dl_1809,4,,,,,
dl_1809,26,West_exit,25,16,0.8,0
dl_1809,24,East_exit_short,24,17,0.44,0
dl_1809,21,West_exit_short,21,14,0.44,0
dl_1809,11,East_exit,11,8,0.8,0
dl_1809,19,East_exit_short,19,13,0.44,0
dl_1810,4,,,,,
dl_1810,23,East_exit_short,23,16,0.44,0
dl_1810,26,West_exit,25,16,0.8,0
dl_1810,25,West_exit,25,16,0.8,0
dl_1810,21,West_exit_short,21,14,0.44,0
dl_1810,11,East_exit,11,8,0.8,0
dl_1810,19,East_exit_short,19,13,0.44,0
dl_1811,4,,,,,
dl_1811,19,East_exit_short,19,13,0.44,0
dl_1811,22,East_exit_short,22,15,0.44,0
dl_1811,26,West_exit,25,16,0.8,0
dl_1811,25,West_exit,25,16,0.8,0
dl_1811,21,West_exit_short,21,14,0.44,0
dl_1811,11,East_exit,11,8,0.8,0
dl_1812,4,,,,,
dl_1812,25,East_exit_short,25,17,0.44,0
dl_1812,11,East_exit,11,8,0.8,0
dl_1812,22,East_exit_short,22,15,0.44,0
dl_1812,26,West_exit,24,16,0.8,0
dl_1812,19,West_exit_short,19,12,0.44,0
dl_1813,4,,,,,
dl_1813,25,East_exit_short,25,17,0.44,0
dl_1813,11,East_exit,11,8,0.8,0
dl_1813,22,East_exit_short,22,15,0.44,0
dl_1813,26,West_exit,24,16,0.8,0
dl_1813,20,West_exit_short,20,13,0.44,0
dl_1814,4,,,,,
dl_1814,25,East_exit_short,25,17,0.44,0
dl_1814,22,East_exit_short,22,15,0.44,0
dl_1814,26,West_exit,24,16,0.8,0
dl_1814,21,West_exit_short,21,14,0.44,0
dl_1814,11,East_exit,11,8,0.8,0
dl_1815,4,,,,,
dl_1815,23,East_exit_short,23,16,0.44,0
dl_1815,24,West_exit,24,16,0.8,0
dl_1815,26,West_exit,24,16,0.8,0
dl_1815,11,East_exit,11,8,0.8,0
dl_1815,22,East_exit_short,22,15,0.44,0
dl_1815,19,West_exit_short,19,12,0.44,0
dl_1816,4,,,,,
dl_1816,23,East_exit_short,23,16,0.44,0
dl_1816,24,West_exit,24,16,0.8,0
dl_1816,26,West_exit,24,16,0.8,0
dl_1816,11,East_exit,11,8,0.8,0
dl_1816,22,East_exit_short,22,15,0.44,0
dl_1816,20,West_exit_short,20,13,0.44,0
dl_1817,4,,,,,
dl_1817,22,East_exit_short,22,15,0.44,0
dl_1817,23,East_exit_short,23,16,0.44,0
dl_1817,24,West_exit,24,16,0.8,0
dl_1817,26,West_exit,24,16,0.8,0
dl_1817,21,West_exit_short,21,14,0.44,0
dl_1817,11,East_exit,11,8,0.8,0
dl_1818,4,,,,,
dl_1818,20,East_exit_short,20,14,0.44,0
dl_1818,26,West_exit,24,16,0.8,0
dl_1818,25,East_exit_short,25,17,0.44,0
dl_1818,21,West_exit_short,21,14,0.44,0
dl_1818,11,East_exit,11,8,0.8,0
dl_1819,4,,,,,
dl_1819,20,East_exit_short,20,14,0.44,0
dl_1819,23,East_exit_short,23,16,0.44,0
dl_1819,24,West_exit,24,16,0.8,0
dl_1819,26,West_exit,24,16,0.8,0
dl_1819,21,West_exit_short,21,14,0.44,0
dl_1819,11,East_exit,11,8,0.8,0
dl_1820,4,,,,,
dl_1820,26,West_exit,24,16,0.8,0
dl_1820,25,East_exit_short,25,17,0.44,0
dl_1820,21,West_exit_short,21,14,0.44,0
dl_1820,11,East_exit,11,8,0.8,0
dl_1820,19,East_exit_short,19,13,0.44,0
dl_1821,4,,,,,
dl_1821,23,East_exit_short,23,16,0.44,0
dl_1821,24,West_exit,24,16,0.8,0
dl_1821,26,West_exit,24,16,0.8,0
dl_1821,21,West_exit_short,21,14,0.44,0
dl_1821,11,East_exit,11,8,0.8,0
dl_1821,19,East_exit_short,19,13,0.44,0
dl_1822,4,,,,,
dl_1822,19,East_exit_short,19,13,0.44,0
dl_1822,22,East_exit_short,22,15,0.44,0
dl_1822,24,West_exit,24,16,0.8,0
dl_1822,26,West_exit,24,16,0.8,0
dl_1822,21,West_exit_short,21,14,0.44,0
dl_1822,11,East_exit,11,8,0.8,0
dl_1823,4,,,,,
dl_1823,25,East_exit_short,25,17,0.44,0
dl_1823,11,East_exit,11,8,0.8,0
dl_1823,22,East_exit_short,22,15,0.44,0
dl_1823,26,West_exit,26,17,0.8,0
dl_1823,19,West_exit_short,19,12,0.44,0
dl_1824,4,,,,,
dl_1824,25,East_exit_short,25,17,0.44,0
dl_1824,11,East_exit,11,8,0.8,0
dl_1824,22,East_exit_short,22,15,0.44,0
dl_1824,26,West_exit,26,17,0.8,0
dl_1824,20,West_exit_short,20,13,0.44,0
dl_1825,4,,,,,
dl_1825,22,East_exit_short,22,15,0.44,0
dl_1825,26,West_exit,26,17,0.8,0
dl_1825,25,East_exit_short,25,17,0.44,0
dl_1825,21,West_exit_short,21,14,0.44,0
dl_1825,11,East_exit,11,8,0.8,0
dl_1826,4,,,,,
dl_1826,24,East_exit_short,24,17,0.44,0
dl_1826,11,East_exit,11,8,0.8,0
dl_1826,22,East_exit_short,22,15,0.44,0
dl_1826,26,West_exit,26,17,0.8,0
dl_1826,19,West_exit_short,19,12,0.44,0
dl_1827,4,,,,,
dl_1827,24,East_exit_short,24,17,0.44,0
dl_1827,11,East_exit,11,8,0.8,0
dl_1827,22,East_exit_short,22,15,0.44,0
dl_1827,26,West_exit,26,17,0.8,0
dl_1827,20,West_exit_short,20,13,0.44,0
dl_1828,4,,,,,
dl_1828,22,East_exit_short,22,15,0.44,0
dl_1828,24,East_exit_short,24,17,0.44,0
dl_1828,26,West_exit,26,17,0.8,0
dl_1828,21,West_exit_short,21,14,0.44,0
dl_1828,11,East_exit,11,8,0.8,0
dl_1829,4,,,,,
dl_1829,23,East_exit_short,23,16,0.44,0
dl_1829,11,East_exit,11,8,0.8,0
dl_1829,22,East_exit_short,22,15,0.44,0
dl_1829,26,West_exit,26,17,0.8,0
dl_1829,19,West_exit_short,19,12,0.44,0
dl_1830,4,,,,,
dl_1830,23,East_exit_short,23,16,0.44,0
dl_1830,11,East_exit,11,8,0.8,0
dl_1830,22,East_exit_short,22,15,0.44,0
dl_1830,26,West_exit,26,17,0.8,0
dl_1830,20,West_exit_short,20,13,0.44,0
dl_1831,4,,,,,
dl_1831,22,East_exit_short,22,15,0.44,0
dl_1831,23,East_exit_short,23,16,0.44,0
dl_1831,26,West_exit,26,17,0.8,0
dl_1831,21,West_exit_short,21,14,0.44,0
dl_1831,11,East_exit,11,8,0.8,0
dl_1832,4,,,,,
dl_1832,20,East_exit_short,20,14,0.44,0
dl_1832,26,West_exit,26,17,0.8,0
dl_1832,25,East_exit_short,25,17,0.44,0
dl_1832,21,West_exit_short,21,14,0.44,0
dl_1832,11,East_exit,11,8,0.8,0
dl_1833,4,,,,,
dl_1833,20,East_exit_short,20,14,0.44,0
dl_1833,24,East_exit_short,24,17,0.44,0
dl_1833,26,West_exit,26,17,0.8,0
dl_1833,21,West_exit_short,21,14,0.44,0
dl_1833,11,East_exit,11,8,0.8,0
dl_1834,4,,,,,
dl_1834,20,East_exit_short,20,14,0.44,0
dl_1834,23,East_exit_short,23,16,0.44,0
dl_1834,26,West_exit,26,17,0.8,0
dl_1834,21,West_exit_short,21,14,0.44,0
dl_1834,11,East_exit,11,8,0.8,0
dl_1835,4,,,,,
dl_1835,26,West_exit,26,17,0.8,0
dl_1835,25,East_exit_short,25,17,0.44,0
dl_1835,21,West_exit_short,21,14,0.44,0
dl_1835,11,East_exit,11,8,0.8,0
dl_1835,19,East_exit_short,19,13,0.44,0
dl_1836,4,,,,,
dl_1836,24,East_exit_short,24,17,0.44,0
dl_1836,26,West_exit,26,17,0.8,0
dl_1836,21,West_exit_short,21,14,0.44,0
dl_1836,11,East_exit,11,8,0.8,0
dl_1836,19,East_exit_short,19,13,0.44,0
dl_1837,4,,,,,
dl_1837,23,East_exit_short,23,16,0.44,0
dl_1837,26,West_exit,26,17,0.8,0
dl_1837,21,West_exit_short,21,14,0.44,0
dl_1837,11,East_exit,11,8,0.8,0
dl_1837,19,East_exit_short,19,13,0.44,0
dl_1838,4,,,,,
dl_1838,22,East_exit_short,22,15,0.44,0
dl_1838,19,East_exit_short,19,13,0.44,0
dl_1838,26,West_exit,26,17,0.8,0
dl_1838,21,West_exit_short,21,14,0.44,0
dl_1838,11,East_exit,11,8,0.8,0
dl_1839,1,,,,,
dl_1839,20,East_exit,22,15,0.8,0
dl_1839,23,West_exit,21,14,0.8,0
dl_1840,1,,,,,
dl_1840,20,East_exit,22,15,0.8,0
dl_1840,22,East_exit,22,15,0.8,0
dl_1840,23,West_exit,23,15,0.8,0
dl_1841,1,,,,,
dl_1841,20,East_exit,22,15,0.8,0
dl_1841,22,East_exit,22,15,0.8,0
dl_1841,24,West_exit,24,16,0.8,0
dl_1841,26,West_exit,24,16,0.8,0
dl_1842,1,,,,,
dl_1842,20,East_exit,21,15,0.8,0
dl_1842,23,West_exit,22,14,0.8,0
dl_1843,1,,,,,
dl_1843,21,East_exit,21,15,0.8,0
dl_1843,20,East_exit,21,15,0.8,0
dl_1843,23,West_exit,23,15,0.8,0
dl_1844,1,,,,,
dl_1844,21,East_exit,21,15,0.8,0
dl_1844,20,East_exit,21,15,0.8,0
dl_1844,24,West_exit,24,16,0.8,0
dl_1844,26,West_exit,24,16,0.8,0
dl_1845,1,,,,,
dl_1845,20,East_exit,20,14,0.8,0
dl_1845,23,West_exit,22,14,0.8,0
dl_1845,22,West_exit,22,14,0.8,0
dl_1846,1,,,,,
dl_1846,20,East_exit,20,14,0.8,0
dl_1846,21,West_exit,21,14,0.8,0
dl_1846,23,West_exit,21,14,0.8,0
dl_1847,1,,,,,
dl_1847,20,East_exit,20,14,0.8,0
dl_1847,23,West_exit,23,15,0.8,0
dl_1848,1,,,,,
dl_1848,20,East_exit,20,14,0.8,0
dl_1848,24,West_exit,24,16,0.8,0
dl_1848,26,West_exit,24,16,0.8,0
dl_1849,2,,,,,
dl_1849,25,East_exit_short,25,17,0.44,0
dl_1849,26,West_exit,26,17,0.8,0
dl_1849,20,East_exit,22,15,0.8,0
dl_1849,22,East_exit,22,15,0.8,0
dl_1850,2,,,,,
dl_1850,25,East_exit_short,25,17,0.44,0
dl_1850,26,West_exit,26,17,0.8,0
dl_1850,21,East_exit,21,15,0.8,0
dl_1850,20,East_exit,21,15,0.8,0
dl_1851,2,,,,,
dl_1851,25,East_exit_short,25,17,0.44,0
dl_1851,26,West_exit,26,17,0.8,0
dl_1851,20,East_exit,20,14,0.8,0
dl_1852,1,,,,,
dl_1852,17,East_exit,19,13,0.8,0
dl_1852,19,East_exit,19,13,0.8,0
dl_1852,23,West_exit,22,14,0.8,0
dl_1852,22,West_exit,22,14,0.8,0
dl_1853,1,,,,,
dl_1853,17,East_exit,19,13,0.8,0
dl_1853,19,East_exit,19,13,0.8,0
dl_1853,21,West_exit,21,14,0.8,0
dl_1853,23,West_exit,21,14,0.8,0
dl_1854,1,,,,,
dl_1854,17,East_exit,19,13,0.8,0
dl_1854,19,East_exit,19,13,0.8,0
dl_1854,23,West_exit,23,15,0.8,0
dl_1855,1,,,,,
dl_1855,17,East_exit,19,13,0.8,0
dl_1855,19,East_exit,19,13,0.8,0
dl_1855,24,West_exit,24,16,0.8,0
dl_1855,26,West_exit,24,16,0.8,0
dl_1856,2,,,,,
dl_1856,17,East_exit,19,13,0.8,0
dl_1856,19,East_exit,19,13,0.8,0
dl_1856,25,East_exit_short,25,17,0.44,0
dl_1856,26,West_exit,26,17,0.8,0
dl_1857,1,,,,,
dl_1857,18,East_exit,18,13,0.8,0
dl_1857,17,East_exit,18,13,0.8,0
dl_1857,23,West_exit,22,14,0.8,0
dl_1857,22,West_exit,22,14,0.8,0
dl_1858,1,,,,,
dl_1858,18,East_exit,18,13,0.8,0
dl_1858,17,East_exit,18,13,0.8,0
dl_1858,21,West_exit,21,14,0.8,0
dl_1858,23,West_exit,21,14,0.8,0
dl_1859,1,,,,,
dl_1859,18,East_exit,18,13,0.8,0
dl_1859,17,East_exit,18,13,0.8,0
dl_1859,23,West_exit,23,15,0.8,0
dl_1860,1,,,,,
dl_1860,18,East_exit,18,13,0.8,0
dl_1860,17,East_exit,18,13,0.8,0
dl_1860,24,West_exit,24,16,0.8,0
dl_1860,26,West_exit,24,16,0.8,0
dl_1861,2,,,,,
dl_1861,18,East_exit,18,13,0.8,0
dl_1861,17,East_exit,18,13,0.8,0
dl_1861,25,East_exit_short,25,17,0.44,0
dl_1861,26,West_exit,26,17,0.8,0
dl_1862,1,,,,,
dl_1862,17,East_exit,17,12,0.8,0
dl_1862,23,West_exit,22,14,0.8,0
dl_1862,22,West_exit,22,14,0.8,0
dl_1863,1,,,,,
dl_1863,17,East_exit,17,12,0.8,0
dl_1863,21,West_exit,21,14,0.8,0
dl_1863,23,West_exit,21,14,0.8,0
dl_1864,1,,,,,
dl_1864,17,East_exit,17,12,0.8,0
dl_1864,23,West_exit,23,15,0.8,0
dl_1865,1,,,,,
dl_1865,17,East_exit,17,12,0.8,0
dl_1865,24,West_exit,24,16,0.8,0
dl_1865,26,West_exit,24,16,0.8,0
dl_1866,2,,,,,
dl_1866,17,East_exit,17,12,0.8,0
dl_1866,25,East_exit_short,25,17,0.44,0
dl_1866,26,West_exit,26,17,0.8,0
dl_1867,1,,,,,
dl_1867,20,East_exit,22,15,0.8,0
dl_1867,22,East_exit,22,15,0.8,0
dl_1867,26,West_exit,25,16,0.8,0
dl_1867,25,West_exit,25,16,0.8,0
dl_1868,1,,,,,
dl_1868,21,East_exit,21,15,0.8,0
dl_1868,20,East_exit,21,15,0.8,0
dl_1868,26,West_exit,25,16,0.8,0
dl_1868,25,West_exit,25,16,0.8,0
dl_1869,1,,,,,
dl_1869,20,East_exit,20,14,0.8,0
dl_1869,26,West_exit,25,16,0.8,0
dl_1869,25,West_exit,25,16,0.8,0
dl_1870,2,,,,,
dl_1870,24,East_exit_short,24,17,0.44,0
dl_1870,26,West_exit,26,17,0.8,0
dl_1870,20,East_exit,22,15,0.8,0
dl_1870,22,East_exit,22,15,0.8,0
dl_1871,2,,,,,
dl_1871,24,East_exit_short,24,17,0.44,0
dl_1871,26,West_exit,26,17,0.8,0
dl_1871,21,East_exit,21,15,0.8,0
dl_1871,20,East_exit,21,15,0.8,0
dl_1872,2,,,,,
dl_1872,24,East_exit_short,24,17,0.44,0
dl_1872,26,West_exit,26,17,0.8,0
dl_1872,20,East_exit,20,14,0.8,0
dl_1873,1,,,,,
dl_1873,26,West_exit,25,16,0.8,0
dl_1873,25,West_exit,25,16,0.8,0
dl_1873,17,East_exit,19,13,0.8,0
dl_1873,19,East_exit,19,13,0.8,0
dl_1874,2,,,,,
dl_1874,24,East_exit_short,24,17,0.44,0
dl_1874,26,West_exit,26,17,0.8,0
dl_1874,17,East_exit,19,13,0.8,0
dl_1874,19,East_exit,19,13,0.8,0
dl_1875,1,,,,,
dl_1875,26,West_exit,25,16,0.8,0
dl_1875,25,West_exit,25,16,0.8,0
dl_1875,18,East_exit,18,13,0.8,0
dl_1875,17,East_exit,18,13,0.8,0
dl_1876,2,,,,,
dl_1876,24,East_exit_short,24,17,0.44,0
dl_1876,26,West_exit,26,17,0.8,0
dl_1876,18,East_exit,18,13,0.8,0
dl_1876,17,East_exit,18,13,0.8,0
dl_1877,1,,,,,
dl_1877,17,East_exit,17,12,0.8,0
dl_1877,26,West_exit,25,16,0.8,0
dl_1877,25,West_exit,25,16,0.8,0
dl_1878,2,,,,,
dl_1878,24,East_exit_short,24,17,0.44,0
dl_1878,17,East_exit,17,12,0.8,0
dl_1878,26,West_exit,26,17,0.8,0
dl_1879,2,,,,,
dl_1879,23,East_exit_short,23,16,0.44,0
dl_1879,20,East_exit,22,15,0.8,0
dl_1879,22,East_exit,22,15,0.8,0
dl_1879,26,West_exit,26,17,0.8,0
dl_1880,2,,,,,
dl_1880,23,East_exit_short,23,16,0.44,0
dl_1880,21,East_exit,21,15,0.8,0
dl_1880,20,East_exit,21,15,0.8,0
dl_1880,26,West_exit,26,17,0.8,0
dl_1881,2,,,,,
dl_1881,23,East_exit_short,23,16,0.44,0
dl_1881,26,West_exit,26,17,0.8,0
dl_1881,20,East_exit,20,14,0.8,0
dl_1882,2,,,,,
dl_1882,23,East_exit_short,23,16,0.44,0
dl_1882,26,West_exit,26,17,0.8,0
dl_1882,17,East_exit,19,13,0.8,0
dl_1882,19,East_exit,19,13,0.8,0
dl_1883,2,,,,,
dl_1883,23,East_exit_short,23,16,0.44,0
dl_1883,26,West_exit,26,17,0.8,0
dl_1883,18,East_exit,18,13,0.8,0
dl_1883,17,East_exit,18,13,0.8,0
dl_1884,2,,,,,
dl_1884,23,East_exit_short,23,16,0.44,0
dl_1884,26,West_exit,26,17,0.8,0
dl_1884,17,East_exit,17,12,0.8,0
dl_1885,3,,,,,
dl_1885,25,East_exit_short,25,17,0.44,0
dl_1885,20,East_exit,22,15,0.8,0
dl_1885,22,East_exit,22,15,0.8,0
dl_1885,29,West_exit,28,18,0.8,0
dl_1885,27,East_exit_short,27,19,0.44,0
dl_1885,28,West_exit,28,18,0.8,0
dl_1886,3,,,,,
dl_1886,25,East_exit_short,25,17,0.44,0
dl_1886,21,East_exit,21,15,0.8,0
dl_1886,20,East_exit,21,15,0.8,0
dl_1886,29,West_exit,28,18,0.8,0
dl_1886,27,East_exit_short,27,19,0.44,0
dl_1886,28,West_exit,28,18,0.8,0
dl_1887,3,,,,,
dl_1887,25,East_exit_short,25,17,0.44,0
dl_1887,20,East_exit,20,14,0.8,0
dl_1887,29,West_exit,28,18,0.8,0
dl_1887,27,East_exit_short,27,19,0.44,0
dl_1887,28,West_exit,28,18,0.8,0
dl_1888,3,,,,,
dl_1888,29,West_exit,28,18,0.8,0
dl_1888,27,East_exit_short,27,19,0.44,0
dl_1888,25,East_exit_short,25,17,0.44,0
dl_1888,28,West_exit,28,18,0.8,0
dl_1888,17,East_exit,19,13,0.8,0
dl_1888,19,East_exit,19,13,0.8,0
dl_1889,3,,,,,
dl_1889,29,West_exit,28,18,0.8,0
dl_1889,27,East_exit_short,27,19,0.44,0
dl_1889,25,East_exit_short,25,17,0.44,0
dl_1889,28,West_exit,28,18,0.8,0
dl_1889,18,East_exit,18,13,0.8,0
dl_1889,17,East_exit,18,13,0.8,0
dl_1890,3,,,,,
dl_1890,29,West_exit,28,18,0.8,0
dl_1890,27,East_exit_short,27,19,0.44,0
dl_1890,25,East_exit_short,25,17,0.44,0
dl_1890,28,West_exit,28,18,0.8,0
dl_1890,17,East_exit,17,12,0.8,0
dl_1891,3,,,,,
dl_1891,24,East_exit_short,24,17,0.44,0
dl_1891,20,East_exit,22,15,0.8,0
dl_1891,22,East_exit,22,15,0.8,0
dl_1891,29,West_exit,28,18,0.8,0
dl_1891,27,East_exit_short,27,19,0.44,0
dl_1891,28,West_exit,28,18,0.8,0
dl_1892,3,,,,,
dl_1892,24,East_exit_short,24,17,0.44,0
dl_1892,21,East_exit,21,15,0.8,0
dl_1892,20,East_exit,21,15,0.8,0
dl_1892,29,West_exit,28,18,0.8,0
dl_1892,27,East_exit_short,27,19,0.44,0
dl_1892,28,West_exit,28,18,0.8,0
dl_1893,3,,,,,
dl_1893,24,East_exit_short,24,17,0.44,0
dl_1893,20,East_exit,20,14,0.8,0
dl_1893,29,West_exit,28,18,0.8,0
dl_1893,27,East_exit_short,27,19,0.44,0
dl_1893,28,West_exit,28,18,0.8,0
dl_1894,3,,,,,
dl_1894,24,East_exit_short,24,17,0.44,0
dl_1894,29,West_exit,28,18,0.8,0
dl_1894,28,West_exit,28,18,0.8,0
dl_1894,27,East_exit_short,27,19,0.44,0
dl_1894,17,East_exit,19,13,0.8,0
dl_1894,19,East_exit,19,13,0.8,0
dl_1895,3,,,,,
dl_1895,24,East_exit_short,24,17,0.44,0
dl_1895,29,West_exit,28,18,0.8,0
dl_1895,28,West_exit,28,18,0.8,0
dl_1895,27,East_exit_short,27,19,0.44,0
dl_1895,18,East_exit,18,13,0.8,0
dl_1895,17,East_exit,18,13,0.8,0
dl_1896,3,,,,,
dl_1896,24,East_exit_short,24,17,0.44,0
dl_1896,29,West_exit,28,18,0.8,0
dl_1896,28,West_exit,28,18,0.8,0
dl_1896,27,East_exit_short,27,19,0.44,0
dl_1896,17,East_exit,17,12,0.8,0
dl_1897,3,,,,,
dl_1897,23,East_exit_short,23,16,0.44,0
dl_1897,20,East_exit,22,15,0.8,0
dl_1897,22,East_exit,22,15,0.8,0
dl_1897,29,West_exit,28,18,0.8,0
dl_1897,27,East_exit_short,27,19,0.44,0
dl_1897,28,West_exit,28,18,0.8,0
dl_1898,3,,,,,
dl_1898,23,East_exit_short,23,16,0.44,0
dl_1898,21,East_exit,21,15,0.8,0
dl_1898,20,East_exit,21,15,0.8,0
dl_1898,29,West_exit,28,18,0.8,0
dl_1898,27,East_exit_short,27,19,0.44,0
dl_1898,28,West_exit,28,18,0.8,0
dl_1899,3,,,,,
dl_1899,23,East_exit_short,23,16,0.44,0
dl_1899,20,East_exit,20,14,0.8,0
dl_1899,29,West_exit,28,18,0.8,0
dl_1899,27,East_exit_short,27,19,0.44,0
dl_1899,28,West_exit,28,18,0.8,0
dl_1900,3,,,,,
dl_1900,23,East_exit_short,23,16,0.44,0
dl_1900,29,West_exit,28,18,0.8,0
dl_1900,28,West_exit,28,18,0.8,0
dl_1900,27,East_exit_short,27,19,0.44,0
dl_1900,17,East_exit,19,13,0.8,0
dl_1900,19,East_exit,19,13,0.8,0
dl_1901,3,,,,,
dl_1901,23,East_exit_short,23,16,0.44,0
dl_1901,29,West_exit,28,18,0.8,0
dl_1901,28,West_exit,28,18,0.8,0
dl_1901,27,East_exit_short,27,19,0.44,0
dl_1901,18,East_exit,18,13,0.8,0
dl_1901,17,East_exit,18,13,0.8,0
dl_1902,3,,,,,
dl_1902,23,East_exit_short,23,16,0.44,0
dl_1902,29,West_exit,28,18,0.8,0
dl_1902,28,West_exit,28,18,0.8,0
dl_1902,27,East_exit_short,27,19,0.44,0
dl_1902,17,East_exit,17,12,0.8,0
dl_1903,2,,,,,
dl_1903,22,East_exit_short,22,15,0.44,0
dl_1903,17,East_exit,19,13,0.8,0
dl_1903,19,East_exit,19,13,0.8,0
dl_1903,26,West_exit,26,17,0.8,0
dl_1904,2,,,,,
dl_1904,22,East_exit_short,22,15,0.44,0
dl_1904,18,East_exit,18,13,0.8,0
dl_1904,17,East_exit,18,13,0.8,0
dl_1904,26,West_exit,26,17,0.8,0
dl_1905,2,,,,,
dl_1905,22,East_exit_short,22,15,0.44,0
dl_1905,26,West_exit,26,17,0.8,0
dl_1905,17,East_exit,17,12,0.8,0
dl_1906,3,,,,,
dl_1906,22,East_exit_short,22,15,0.44,0
dl_1906,29,West_exit,28,18,0.8,0
dl_1906,28,West_exit,28,18,0.8,0
dl_1906,27,East_exit_short,27,19,0.44,0
dl_1906,17,East_exit,19,13,0.8,0
dl_1906,19,East_exit,19,13,0.8,0
dl_1907,3,,,,,
dl_1907,22,East_exit_short,22,15,0.44,0
dl_1907,29,West_exit,28,18,0.8,0
dl_1907,28,West_exit,28,18,0.8,0
dl_1907,27,East_exit_short,27,19,0.44,0
dl_1907,18,East_exit,18,13,0.8,0
dl_1907,17,East_exit,18,13,0.8,0
dl_1908,3,,,,,
dl_1908,22,East_exit_short,22,15,0.44,0
dl_1908,29,West_exit,28,18,0.8,0
dl_1908,28,West_exit,28,18,0.8,0
dl_1908,27,East_exit_short,27,19,0.44,0
dl_1908,17,East_exit,17,12,0.8,0
dl_1909,2,,,,,
dl_1909,21,East_exit_short,21,15,0.44,0
dl_1909,17,East_exit,19,13,0.8,0
dl_1909,19,East_exit,19,13,0.8,0
dl_1909,26,West_exit,26,17,0.8,0
dl_1910,2,,,,,
dl_1910,21,East_exit_short,21,15,0.44,0
dl_1910,18,East_exit,18,13,0.8,0
dl_1910,17,East_exit,18,13,0.8,0
dl_1910,26,West_exit,26,17,0.8,0
dl_1911,2,,,,,
dl_1911,21,East_exit_short,21,15,0.44,0
dl_1911,26,West_exit,26,17,0.8,0
dl_1911,17,East_exit,17,12,0.8,0
dl_1912,3,,,,,
dl_1912,21,East_exit_short,21,15,0.44,0
dl_1912,29,West_exit,28,18,0.8,0
dl_1912,28,West_exit,28,18,0.8,0
dl_1912,27,East_exit_short,27,19,0.44,0
dl_1912,17,East_exit,19,13,0.8,0
dl_1912,19,East_exit,19,13,0.8,0
dl_1913,3,,,,,
dl_1913,21,East_exit_short,21,15,0.44,0
dl_1913,29,West_exit,28,18,0.8,0
dl_1913,28,West_exit,28,18,0.8,0
dl_1913,27,East_exit_short,27,19,0.44,0
dl_1913,18,East_exit,18,13,0.8,0
dl_1913,17,East_exit,18,13,0.8,0
dl_1914,3,,,,,
dl_1914,21,East_exit_short,21,15,0.44,0
dl_1914,29,West_exit,28,18,0.8,0
dl_1914,28,West_exit,28,18,0.8,0
dl_1914,27,East_exit_short,27,19,0.44,0
dl_1914,17,East_exit,17,12,0.8,0
dl_1915,2,,,,,
dl_1915,20,East_exit_short,20,14,0.44,0
dl_1915,17,East_exit,19,13,0.8,0
dl_1915,19,East_exit,19,13,0.8,0
dl_1915,26,West_exit,26,17,0.8,0
dl_1916,2,,,,,
dl_1916,20,East_exit_short,20,14,0.44,0
dl_1916,18,East_exit,18,13,0.8,0
dl_1916,17,East_exit,18,13,0.8,0
dl_1916,26,West_exit,26,17,0.8,0
dl_1917,2,,,,,
dl_1917,20,East_exit_short,20,14,0.44,0
dl_1917,26,West_exit,26,17,0.8,0
dl_1917,17,East_exit,17,12,0.8,0
dl_1918,3,,,,,
dl_1918,20,East_exit_short,20,14,0.44,0
dl_1918,29,West_exit,28,18,0.8,0
dl_1918,28,West_exit,28,18,0.8,0
dl_1918,27,East_exit_short,27,19,0.44,0
dl_1918,17,East_exit,19,13,0.8,0
dl_1918,19,East_exit,19,13,0.8,0
dl_1919,3,,,,,
dl_1919,20,East_exit_short,20,14,0.44,0
dl_1919,29,West_exit,28,18,0.8,0
dl_1919,28,West_exit,28,18,0.8,0
dl_1919,27,East_exit_short,27,19,0.44,0
dl_1919,18,East_exit,18,13,0.8,0
dl_1919,17,East_exit,18,13,0.8,0
dl_1920,3,,,,,
dl_1920,20,East_exit_short,20,14,0.44,0
dl_1920,29,West_exit,28,18,0.8,0
dl_1920,28,West_exit,28,18,0.8,0
dl_1920,27,East_exit_short,27,19,0.44,0
dl_1920,17,East_exit,17,12,0.8,0
dl_1921,1,,,,,
dl_1921,14,East_exit,16,11,0.8,0
dl_1921,16,East_exit,16,11,0.8,0
dl_1921,23,West_exit,22,14,0.8,0
dl_1921,22,West_exit,22,14,0.8,0
dl_1922,1,,,,,
dl_1922,14,East_exit,16,11,0.8,0
dl_1922,16,East_exit,16,11,0.8,0
dl_1922,21,West_exit,21,14,0.8,0
dl_1922,23,West_exit,21,14,0.8,0
dl_1923,1,,,,,
dl_1923,14,East_exit,16,11,0.8,0
dl_1923,16,East_exit,16,11,0.8,0
dl_1923,23,West_exit,23,15,0.8,0
dl_1924,1,,,,,
dl_1924,14,East_exit,16,11,0.8,0
dl_1924,16,East_exit,16,11,0.8,0
dl_1924,24,West_exit,24,16,0.8,0
dl_1924,26,West_exit,24,16,0.8,0
dl_1925,2,,,,,
dl_1925,14,East_exit,16,11,0.8,0
dl_1925,16,East_exit,16,11,0.8,0
dl_1925,25,East_exit_short,25,17,0.44,0
dl_1925,26,West_exit,26,17,0.8,0
dl_1926,1,,,,,
dl_1926,14,East_exit,16,11,0.8,0
dl_1926,16,East_exit,16,11,0.8,0
dl_1926,26,West_exit,25,16,0.8,0
dl_1926,25,West_exit,25,16,0.8,0
dl_1927,2,,,,,
dl_1927,24,East_exit_short,24,17,0.44,0
dl_1927,14,East_exit,16,11,0.8,0
dl_1927,16,East_exit,16,11,0.8,0
dl_1927,26,West_exit,26,17,0.8,0
dl_1928,2,,,,,
dl_1928,23,East_exit_short,23,16,0.44,0
dl_1928,14,East_exit,16,11,0.8,0
dl_1928,16,East_exit,16,11,0.8,0
dl_1928,26,West_exit,26,17,0.8,0
dl_1929,3,,,,,
dl_1929,27,East_exit_short,27,19,0.44,0
dl_1929,29,West_exit,28,18,0.8,0
dl_1929,28,West_exit,28,18,0.8,0
dl_1929,25,East_exit_short,25,17,0.44,0
dl_1929,14,East_exit,16,11,0.8,0
dl_1929,16,East_exit,16,11,0.8,0
dl_1930,3,,,,,
dl_1930,24,East_exit_short,24,17,0.44,0
dl_1930,29,West_exit,28,18,0.8,0
dl_1930,28,West_exit,28,18,0.8,0
dl_1930,27,East_exit_short,27,19,0.44,0
dl_1930,14,East_exit,16,11,0.8,0
dl_1930,16,East_exit,16,11,0.8,0
dl_1931,3,,,,,
dl_1931,23,East_exit_short,23,16,0.44,0
dl_1931,29,West_exit,28,18,0.8,0
dl_1931,28,West_exit,28,18,0.8,0
dl_1931,27,East_exit_short,27,19,0.44,0
dl_1931,14,East_exit,16,11,0.8,0
dl_1931,16,East_exit,16,11,0.8,0
dl_1932,2,,,,,
dl_1932,14,East_exit,16,11,0.8,0
dl_1932,16,East_exit,16,11,0.8,0
dl_1932,22,East_exit_short,22,15,0.44,0
dl_1932,26,West_exit,26,17,0.8,0
dl_1933,3,,,,,
dl_1933,29,West_exit,28,18,0.8,0
dl_1933,28,West_exit,28,18,0.8,0
dl_1933,27,East_exit_short,27,19,0.44,0
dl_1933,14,East_exit,16,11,0.8,0
dl_1933,16,East_exit,16,11,0.8,0
dl_1933,22,East_exit_short,22,15,0.44,0
dl_1934,2,,,,,
dl_1934,14,East_exit,16,11,0.8,0
dl_1934,16,East_exit,16,11,0.8,0
dl_1934,21,East_exit_short,21,15,0.44,0
dl_1934,26,West_exit,26,17,0.8,0
dl_1935,3,,,,,
dl_1935,29,West_exit,28,18,0.8,0
dl_1935,28,West_exit,28,18,0.8,0
dl_1935,27,East_exit_short,27,19,0.44,0
dl_1935,14,East_exit,16,11,0.8,0
dl_1935,16,East_exit,16,11,0.8,0
dl_1935,21,East_exit_short,21,15,0.44,0
dl_1936,2,,,,,
dl_1936,14,East_exit,16,11,0.8,0
dl_1936,16,East_exit,16,11,0.8,0
dl_1936,20,East_exit_short,20,14,0.44,0
dl_1936,26,West_exit,26,17,0.8,0
dl_1937,3,,,,,
dl_1937,29,West_exit,28,18,0.8,0
dl_1937,28,West_exit,28,18,0.8,0
dl_1937,27,East_exit_short,27,19,0.44,0
dl_1937,14,East_exit,16,11,0.8,0
dl_1937,16,East_exit,16,11,0.8,0
dl_1937,20,East_exit_short,20,14,0.44,0
dl_1938,3,,,,,
dl_1938,26,East_exit_short,26,18,0.44,0
dl_1938,29,West_exit,28,18,0.8,0
dl_1938,28,West_exit,28,18,0.8,0
dl_1938,25,East_exit_short,25,17,0.44,0
dl_1938,20,East_exit,22,15,0.8,0
dl_1938,22,East_exit,22,15,0.8,0
dl_1939,3,,,,,
dl_1939,26,East_exit_short,26,18,0.44,0
dl_1939,29,West_exit,28,18,0.8,0
dl_1939,28,West_exit,28,18,0.8,0
dl_1939,25,East_exit_short,25,17,0.44,0
dl_1939,21,East_exit,21,15,0.8,0
dl_1939,20,East_exit,21,15,0.8,0
dl_1940,3,,,,,
dl_1940,26,East_exit_short,26,18,0.44,0
dl_1940,29,West_exit,28,18,0.8,0
dl_1940,28,West_exit,28,18,0.8,0
dl_1940,25,East_exit_short,25,17,0.44,0
dl_1940,20,East_exit,20,14,0.8,0
dl_1941,3,,,,,
dl_1941,26,East_exit_short,26,18,0.44,0
dl_1941,29,West_exit,28,18,0.8,0
dl_1941,28,West_exit,28,18,0.8,0
dl_1941,25,East_exit_short,25,17,0.44,0
dl_1941,17,East_exit,19,13,0.8,0
dl_1941,19,East_exit,19,13,0.8,0
dl_1942,3,,,,,
dl_1942,26,East_exit_short,26,18,0.44,0
dl_1942,29,West_exit,28,18,0.8,0
dl_1942,28,West_exit,28,18,0.8,0
dl_1942,25,East_exit_short,25,17,0.44,0
dl_1942,18,East_exit,18,13,0.8,0
dl_1942,17,East_exit,18,13,0.8,0
dl_1943,3,,,,,
dl_1943,26,East_exit_short,26,18,0.44,0
dl_1943,29,West_exit,28,18,0.8,0
dl_1943,28,West_exit,28,18,0.8,0
dl_1943,25,East_exit_short,25,17,0.44,0
dl_1943,17,East_exit,17,12,0.8,0
dl_1944,3,,,,,
dl_1944,26,East_exit_short,26,18,0.44,0
dl_1944,29,West_exit,28,18,0.8,0
dl_1944,28,West_exit,28,18,0.8,0
dl_1944,24,East_exit_short,24,17,0.44,0
dl_1944,20,East_exit,22,15,0.8,0
dl_1944,22,East_exit,22,15,0.8,0
dl_1945,3,,,,,
dl_1945,26,East_exit_short,26,18,0.44,0
dl_1945,29,West_exit,28,18,0.8,0
dl_1945,28,West_exit,28,18,0.8,0
dl_1945,24,East_exit_short,24,17,0.44,0
dl_1945,21,East_exit,21,15,0.8,0
dl_1945,20,East_exit,21,15,0.8,0
dl_1946,3,,,,,
dl_1946,26,East_exit_short,26,18,0.44,0
dl_1946,29,West_exit,28,18,0.8,0
dl_1946,28,West_exit,28,18,0.8,0
dl_1946,24,East_exit_short,24,17,0.44,0
dl_1946,20,East_exit,20,14,0.8,0
dl_1947,3,,,,,
dl_1947,26,East_exit_short,26,18,0.44,0
dl_1947,29,West_exit,28,18,0.8,0
dl_1947,28,West_exit,28,18,0.8,0
dl_1947,24,East_exit_short,24,17,0.44,0
dl_1947,17,East_exit,19,13,0.8,0
dl_1947,19,East_exit,19,13,0.8,0
dl_1948,3,,,,,
dl_1948,26,East_exit_short,26,18,0.44,0
dl_1948,29,West_exit,28,18,0.8,0
dl_1948,28,West_exit,28,18,0.8,0
dl_1948,24,East_exit_short,24,17,0.44,0
dl_1948,18,East_exit,18,13,0.8,0
dl_1948,17,East_exit,18,13,0.8,0
dl_1949,3,,,,,
dl_1949,26,East_exit_short,26,18,0.44,0
dl_1949,29,West_exit,28,18,0.8,0
dl_1949,28,West_exit,28,18,0.8,0
dl_1949,24,East_exit_short,24,17,0.44,0
dl_1949,17,East_exit,17,12,0.8,0
dl_1950,3,,,,,
dl_1950,26,East_exit_short,26,18,0.44,0
dl_1950,29,West_exit,28,18,0.8,0
dl_1950,28,West_exit,28,18,0.8,0
dl_1950,23,East_exit_short,23,16,0.44,0
dl_1950,20,East_exit,22,15,0.8,0
dl_1950,22,East_exit,22,15,0.8,0
dl_1951,3,,,,,
dl_1951,26,East_exit_short,26,18,0.44,0
dl_1951,29,West_exit,28,18,0.8,0
dl_1951,28,West_exit,28,18,0.8,0
dl_1951,23,East_exit_short,23,16,0.44,0
dl_1951,21,East_exit,21,15,0.8,0
dl_1951,20,East_exit,21,15,0.8,0
dl_1952,3,,,,,
dl_1952,26,East_exit_short,26,18,0.44,0
dl_1952,29,West_exit,28,18,0.8,0
dl_1952,28,West_exit,28,18,0.8,0
dl_1952,23,East_exit_short,23,16,0.44,0
dl_1952,20,East_exit,20,14,0.8,0
dl_1953,3,,,,,
dl_1953,26,East_exit_short,26,18,0.44,0
dl_1953,29,West_exit,28,18,0.8,0
dl_1953,28,West_exit,28,18,0.8,0
dl_1953,23,East_exit_short,23,16,0.44,0
dl_1953,17,East_exit,19,13,0.8,0
dl_1953,19,East_exit,19,13,0.8,0
dl_1954,3,,,,,
dl_1954,26,East_exit_short,26,18,0.44,0
dl_1954,29,West_exit,28,18,0.8,0
dl_1954,28,West_exit,28,18,0.8,0
dl_1954,23,East_exit_short,23,16,0.44,0
dl_1954,18,East_exit,18,13,0.8,0
dl_1954,17,East_exit,18,13,0.8,0
dl_1955,3,,,,,
dl_1955,26,East_exit_short,26,18,0.44,0
dl_1955,29,West_exit,28,18,0.8,0
dl_1955,28,West_exit,28,18,0.8,0
dl_1955,23,East_exit_short,23,16,0.44,0
dl_1955,17,East_exit,17,12,0.8,0
dl_1956,3,,,,,
dl_1956,22,East_exit_short,22,15,0.44,0
dl_1956,26,East_exit_short,26,18,0.44,0
dl_1956,29,West_exit,28,18,0.8,0
dl_1956,28,West_exit,28,18,0.8,0
dl_1956,17,East_exit,19,13,0.8,0
dl_1956,19,East_exit,19,13,0.8,0
dl_1957,3,,,,,
dl_1957,22,East_exit_short,22,15,0.44,0
dl_1957,26,East_exit_short,26,18,0.44,0
dl_1957,29,West_exit,28,18,0.8,0
dl_1957,28,West_exit,28,18,0.8,0
dl_1957,18,East_exit,18,13,0.8,0
dl_1957,17,East_exit,18,13,0.8,0
dl_1958,3,,,,,
dl_1958,22,East_exit_short,22,15,0.44,0
dl_1958,26,East_exit_short,26,18,0.44,0
dl_1958,29,West_exit,28,18,0.8,0
dl_1958,28,West_exit,28,18,0.8,0
dl_1958,17,East_exit,17,12,0.8,0
dl_1959,3,,,,,
dl_1959,21,East_exit_short,21,15,0.44,0
dl_1959,26,East_exit_short,26,18,0.44,0
dl_1959,29,West_exit,28,18,0.8,0
dl_1959,28,West_exit,28,18,0.8,0
dl_1959,17,East_exit,19,13,0.8,0
dl_1959,19,East_exit,19,13,0.8,0
dl_1960,3,,,,,
dl_1960,21,East_exit_short,21,15,0.44,0
dl_1960,26,East_exit_short,26,18,0.44,0
dl_1960,29,West_exit,28,18,0.8,0
dl_1960,28,West_exit,28,18,0.8,0
dl_1960,18,East_exit,18,13,0.8,0
dl_1960,17,East_exit,18,13,0.8,0
dl_1961,3,,,,,
dl_1961,21,East_exit_short,21,15,0.44,0
dl_1961,26,East_exit_short,26,18,0.44,0
dl_1961,29,West_exit,28,18,0.8,0
dl_1961,28,West_exit,28,18,0.8,0
dl_1961,17,East_exit,17,12,0.8,0
dl_1962,3,,,,,
dl_1962,20,East_exit_short,20,14,0.44,0
dl_1962,26,East_exit_short,26,18,0.44,0
dl_1962,29,West_exit,28,18,0.8,0
dl_1962,28,West_exit,28,18,0.8,0
dl_1962,17,East_exit,19,13,0.8,0
dl_1962,19,East_exit,19,13,0.8,0
dl_1963,3,,,,,
dl_1963,20,East_exit_short,20,14,0.44,0
dl_1963,26,East_exit_short,26,18,0.44,0
dl_1963,29,West_exit,28,18,0.8,0
dl_1963,28,West_exit,28,18,0.8,0
dl_1963,18,East_exit,18,13,0.8,0
dl_1963,17,East_exit,18,13,0.8,0
dl_1964,3,,,,,
dl_1964,20,East_exit_short,20,14,0.44,0
dl_1964,26,East_exit_short,26,18,0.44,0
dl_1964,29,West_exit,28,18,0.8,0
dl_1964,28,West_exit,28,18,0.8,0
dl_1964,17,East_exit,17,12,0.8,0
dl_1965,3,,,,,
dl_1965,26,East_exit_short,26,18,0.44,0
dl_1965,29,West_exit,28,18,0.8,0
dl_1965,28,West_exit,28,18,0.8,0
dl_1965,25,East_exit_short,25,17,0.44,0
dl_1965,14,East_exit,16,11,0.8,0
dl_1965,16,East_exit,16,11,0.8,0
dl_1966,3,,,,,
dl_1966,26,East_exit_short,26,18,0.44,0
dl_1966,29,West_exit,28,18,0.8,0
dl_1966,28,West_exit,28,18,0.8,0
dl_1966,24,East_exit_short,24,17,0.44,0
dl_1966,14,East_exit,16,11,0.8,0
dl_1966,16,East_exit,16,11,0.8,0
dl_1967,3,,,,,
dl_1967,26,East_exit_short,26,18,0.44,0
dl_1967,29,West_exit,28,18,0.8,0
dl_1967,28,West_exit,28,18,0.8,0
dl_1967,23,East_exit_short,23,16,0.44,0
dl_1967,14,East_exit,16,11,0.8,0
dl_1967,16,East_exit,16,11,0.8,0
dl_1968,3,,,,,
dl_1968,26,East_exit_short,26,18,0.44,0
dl_1968,29,West_exit,28,18,0.8,0
dl_1968,28,West_exit,28,18,0.8,0
dl_1968,14,East_exit,16,11,0.8,0
dl_1968,16,East_exit,16,11,0.8,0
dl_1968,22,East_exit_short,22,15,0.44,0
dl_1969,3,,,,,
dl_1969,26,East_exit_short,26,18,0.44,0
dl_1969,29,West_exit,28,18,0.8,0
dl_1969,28,West_exit,28,18,0.8,0
dl_1969,14,East_exit,16,11,0.8,0
dl_1969,16,East_exit,16,11,0.8,0
dl_1969,21,East_exit_short,21,15,0.44,0
dl_1970,3,,,,,
dl_1970,26,East_exit_short,26,18,0.44,0
dl_1970,29,West_exit,28,18,0.8,0
dl_1970,28,West_exit,28,18,0.8,0
dl_1970,14,East_exit,16,11,0.8,0
dl_1970,16,East_exit,16,11,0.8,0
dl_1970,20,East_exit_short,20,14,0.44,0
dl_1971,3,,,,,
dl_1971,22,East_exit_short,22,15,0.44,0
dl_1971,29,West_exit,28,18,0.8,0
dl_1971,28,West_exit,28,18,0.8,0
dl_1971,17,East_exit,19,13,0.8,0
dl_1971,19,East_exit,19,13,0.8,0
dl_1971,25,East_exit_short,25,17,0.44,0
dl_1972,3,,,,,
dl_1972,22,East_exit_short,22,15,0.44,0
dl_1972,29,West_exit,28,18,0.8,0
dl_1972,28,West_exit,28,18,0.8,0
dl_1972,18,East_exit,18,13,0.8,0
dl_1972,17,East_exit,18,13,0.8,0
dl_1972,25,East_exit_short,25,17,0.44,0
dl_1973,3,,,,,
dl_1973,22,East_exit_short,22,15,0.44,0
dl_1973,29,West_exit,28,18,0.8,0
dl_1973,28,West_exit,28,18,0.8,0
dl_1973,25,East_exit_short,25,17,0.44,0
dl_1973,17,East_exit,17,12,0.8,0
dl_1974,3,,,,,
dl_1974,21,East_exit_short,21,15,0.44,0
dl_1974,29,West_exit,28,18,0.8,0
dl_1974,28,West_exit,28,18,0.8,0
dl_1974,17,East_exit,19,13,0.8,0
dl_1974,19,East_exit,19,13,0.8,0
dl_1974,25,East_exit_short,25,17,0.44,0
dl_1975,3,,,,,
dl_1975,21,East_exit_short,21,15,0.44,0
dl_1975,29,West_exit,28,18,0.8,0
dl_1975,28,West_exit,28,18,0.8,0
dl_1975,18,East_exit,18,13,0.8,0
dl_1975,17,East_exit,18,13,0.8,0
dl_1975,25,East_exit_short,25,17,0.44,0
dl_1976,3,,,,,
dl_1976,21,East_exit_short,21,15,0.44,0
dl_1976,29,West_exit,28,18,0.8,0
dl_1976,28,West_exit,28,18,0.8,0
dl_1976,25,East_exit_short,25,17,0.44,0
dl_1976,17,East_exit,17,12,0.8,0
dl_1977,3,,,,,
dl_1977,20,East_exit_short,20,14,0.44,0
dl_1977,29,West_exit,28,18,0.8,0
dl_1977,28,West_exit,28,18,0.8,0
dl_1977,17,East_exit,19,13,0.8,0
dl_1977,19,East_exit,19,13,0.8,0
dl_1977,25,East_exit_short,25,17,0.44,0
dl_1978,3,,,,,
dl_1978,20,East_exit_short,20,14,0.44,0
dl_1978,29,West_exit,28,18,0.8,0
dl_1978,28,West_exit,28,18,0.8,0
dl_1978,18,East_exit,18,13,0.8,0
dl_1978,17,East_exit,18,13,0.8,0
dl_1978,25,East_exit_short,25,17,0.44,0
dl_1979,3,,,,,
dl_1979,20,East_exit_short,20,14,0.44,0
dl_1979,29,West_exit,28,18,0.8,0
dl_1979,28,West_exit,28,18,0.8,0
dl_1979,25,East_exit_short,25,17,0.44,0
dl_1979,17,East_exit,17,12,0.8,0
dl_1980,3,,,,,
dl_1980,14,East_exit,16,11,0.8,0
dl_1980,16,East_exit,16,11,0.8,0
dl_1980,25,East_exit_short,25,17,0.44,0
dl_1980,22,East_exit_short,22,15,0.44,0
dl_1980,29,West_exit,28,18,0.8,0
dl_1980,28,West_exit,28,18,0.8,0
dl_1981,3,,,,,
dl_1981,14,East_exit,16,11,0.8,0
dl_1981,16,East_exit,16,11,0.8,0
dl_1981,25,East_exit_short,25,17,0.44,0
dl_1981,21,East_exit_short,21,15,0.44,0
dl_1981,29,West_exit,28,18,0.8,0
dl_1981,28,West_exit,28,18,0.8,0
dl_1982,3,,,,,
dl_1982,14,East_exit,16,11,0.8,0
dl_1982,16,East_exit,16,11,0.8,0
dl_1982,25,East_exit_short,25,17,0.44,0
dl_1982,20,East_exit_short,20,14,0.44,0
dl_1982,29,West_exit,28,18,0.8,0
dl_1982,28,West_exit,28,18,0.8,0
dl_1983,3,,,,,
dl_1983,22,East_exit_short,22,15,0.44,0
dl_1983,29,West_exit,28,18,0.8,0
dl_1983,28,West_exit,28,18,0.8,0
dl_1983,17,East_exit,19,13,0.8,0
dl_1983,19,East_exit,19,13,0.8,0
dl_1983,24,East_exit_short,24,17,0.44,0
dl_1984,3,,,,,
dl_1984,22,East_exit_short,22,15,0.44,0
dl_1984,29,West_exit,28,18,0.8,0
dl_1984,28,West_exit,28,18,0.8,0
dl_1984,18,East_exit,18,13,0.8,0
dl_1984,17,East_exit,18,13,0.8,0
dl_1984,24,East_exit_short,24,17,0.44,0
dl_1985,3,,,,,
dl_1985,22,East_exit_short,22,15,0.44,0
dl_1985,29,West_exit,28,18,0.8,0
dl_1985,28,West_exit,28,18,0.8,0
dl_1985,24,East_exit_short,24,17,0.44,0
dl_1985,17,East_exit,17,12,0.8,0
dl_1986,3,,,,,
dl_1986,21,East_exit_short,21,15,0.44,0
dl_1986,29,West_exit,28,18,0.8,0
dl_1986,28,West_exit,28,18,0.8,0
dl_1986,17,East_exit,19,13,0.8,0
dl_1986,19,East_exit,19,13,0.8,0
dl_1986,24,East_exit_short,24,17,0.44,0
dl_1987,3,,,,,
dl_1987,21,East_exit_short,21,15,0.44,0
dl_1987,29,West_exit,28,18,0.8,0
dl_1987,28,West_exit,28,18,0.8,0
dl_1987,18,East_exit,18,13,0.8,0
dl_1987,17,East_exit,18,13,0.8,0
dl_1987,24,East_exit_short,24,17,0.44,0
dl_1988,3,,,,,
dl_1988,21,East_exit_short,21,15,0.44,0
dl_1988,29,West_exit,28,18,0.8,0
dl_1988,28,West_exit,28,18,0.8,0
dl_1988,24,East_exit_short,24,17,0.44,0
dl_1988,17,East_exit,17,12,0.8,0
dl_1989,3,,,,,
dl_1989,20,East_exit_short,20,14,0.44,0
dl_1989,29,West_exit,28,18,0.8,0
dl_1989,28,West_exit,28,18,0.8,0
dl_1989,17,East_exit,19,13,0.8,0
dl_1989,19,East_exit,19,13,0.8,0
dl_1989,24,East_exit_short,24,17,0.44,0
dl_1990,3,,,,,
dl_1990,20,East_exit_short,20,14,0.44,0
dl_1990,29,West_exit,28,18,0.8,0
dl_1990,28,West_exit,28,18,0.8,0
dl_1990,18,East_exit,18,13,0.8,0
dl_1990,17,East_exit,18,13,0.8,0
dl_1990,24,East_exit_short,24,17,0.44,0
dl_1991,3,,,,,
dl_1991,20,East_exit_short,20,14,0.44,0
dl_1991,29,West_exit,28,18,0.8,0
dl_1991,28,West_exit,28,18,0.8,0
dl_1991,24,East_exit_short,24,17,0.44,0
dl_1991,17,East_exit,17,12,0.8,0
dl_1992,3,,,,,
dl_1992,14,East_exit,16,11,0.8,0
dl_1992,16,East_exit,16,11,0.8,0
dl_1992,24,East_exit_short,24,17,0.44,0
dl_1992,22,East_exit_short,22,15,0.44,0
dl_1992,29,West_exit,28,18,0.8,0
dl_1992,28,West_exit,28,18,0.8,0
dl_1993,3,,,,,
dl_1993,14,East_exit,16,11,0.8,0
dl_1993,16,East_exit,16,11,0.8,0
dl_1993,24,East_exit_short,24,17,0.44,0
dl_1993,21,East_exit_short,21,15,0.44,0
dl_1993,29,West_exit,28,18,0.8,0
dl_1993,28,West_exit,28,18,0.8,0
dl_1994,3,,,,,
dl_1994,14,East_exit,16,11,0.8,0
dl_1994,16,East_exit,16,11,0.8,0
dl_1994,24,East_exit_short,24,17,0.44,0
dl_1994,20,East_exit_short,20,14,0.44,0
dl_1994,29,West_exit,28,18,0.8,0
dl_1994,28,West_exit,28,18,0.8,0
dl_1995,3,,,,,
dl_1995,22,East_exit_short,22,15,0.44,0
dl_1995,29,West_exit,28,18,0.8,0
dl_1995,28,West_exit,28,18,0.8,0
dl_1995,17,East_exit,19,13,0.8,0
dl_1995,19,East_exit,19,13,0.8,0
dl_1995,23,East_exit_short,23,16,0.44,0
dl_1996,3,,,,,
dl_1996,22,East_exit_short,22,15,0.44,0
dl_1996,29,West_exit,28,18,0.8,0
dl_1996,28,West_exit,28,18,0.8,0
dl_1996,18,East_exit,18,13,0.8,0
dl_1996,17,East_exit,18,13,0.8,0
dl_1996,23,East_exit_short,23,16,0.44,0
dl_1997,3,,,,,
dl_1997,22,East_exit_short,22,15,0.44,0
dl_1997,29,West_exit,28,18,0.8,0
dl_1997,28,West_exit,28,18,0.8,0
dl_1997,23,East_exit_short,23,16,0.44,0
dl_1997,17,East_exit,17,12,0.8,0
dl_1998,3,,,,,
dl_1998,21,East_exit_short,21,15,0.44,0
dl_1998,29,West_exit,28,18,0.8,0
dl_1998,28,West_exit,28,18,0.8,0
dl_1998,17,East_exit,19,13,0.8,0
dl_1998,19,East_exit,19,13,0.8,0
dl_1998,23,East_exit_short,23,16,0.44,0
dl_1999,3,,,,,
dl_1999,21,East_exit_short,21,15,0.44,0
dl_1999,29,West_exit,28,18,0.8,0
dl_1999,28,West_exit,28,18,0.8,0
dl_1999,18,East_exit,18,13,0.8,0
dl_1999,17,East_exit,18,13,0.8,0
dl_1999,23,East_exit_short,23,16,0.44,0
dl_2000,1,,,,,
dl_2000,11,East_exit,13,9,0.8,0
dl_2000,14,West_exit,12,8,0.8,0
dl_2001,1,,,,,
dl_2001,14,West_exit,14,9,0.8,0
dl_2001,11,East_exit,13,9,0.8,0
dl_2001,13,East_exit,13,9,0.8,0
dl_2002,1,,,,,
dl_2002,11,East_exit,12,9,0.8,0
dl_2002,14,West_exit,13,8,0.8,0
dl_2003,1,,,,,
dl_2003,12,East_exit,12,9,0.8,0
dl_2003,11,East_exit,12,9,0.8,0
dl_2003,14,West_exit,14,9,0.8,0
dl_2004,1,,,,,
dl_2004,11,East_exit,11,8,0.8,0
dl_2004,14,West_exit,13,8,0.8,0
dl_2004,13,West_exit,13,8,0.8,0
dl_2005,1,,,,,
dl_2005,11,East_exit,11,8,0.8,0
dl_2005,12,West_exit,12,8,0.8,0
dl_2005,14,West_exit,12,8,0.8,0
dl_2006,1,,,,,
dl_2006,11,East_exit,11,8,0.8,0
dl_2006,14,West_exit,14,9,0.8,0
dl_2007,1,,,,,
dl_2007,17,West_exit,16,10,0.8,0
dl_2007,16,West_exit,16,10,0.8,0
dl_2007,11,East_exit,13,9,0.8,0
dl_2007,13,East_exit,13,9,0.8,0
dl_2008,1,,,,,
dl_2008,12,East_exit,12,9,0.8,0
dl_2008,11,East_exit,12,9,0.8,0
dl_2008,17,West_exit,16,10,0.8,0
dl_2008,16,West_exit,16,10,0.8,0
dl_2009,1,,,,,
dl_2009,11,East_exit,11,8,0.8,0
dl_2009,17,West_exit,16,10,0.8,0
dl_2009,16,West_exit,16,10,0.8,0
dl_2010,1,,,,,
dl_2010,15,West_exit,15,10,0.8,0
dl_2010,17,West_exit,15,10,0.8,0
dl_2010,11,East_exit,13,9,0.8,0
dl_2010,13,East_exit,13,9,0.8,0
dl_2011,1,,,,,
dl_2011,15,West_exit,15,10,0.8,0
dl_2011,17,West_exit,15,10,0.8,0
dl_2011,12,East_exit,12,9,0.8,0
dl_2011,11,East_exit,12,9,0.8,0
dl_2012,1,,,,,
dl_2012,11,East_exit,11,8,0.8,0
dl_2012,15,West_exit,15,10,0.8,0
dl_2012,17,West_exit,15,10,0.8,0
dl_2013,1,,,,,
dl_2013,17,West_exit,17,11,0.8,0
dl_2013,11,East_exit,13,9,0.8,0
dl_2013,13,East_exit,13,9,0.8,0
dl_2014,1,,,,,
dl_2014,17,West_exit,17,11,0.8,0
dl_2014,12,East_exit,12,9,0.8,0
dl_2014,11,East_exit,12,9,0.8,0
dl_2015,1,,,,,
dl_2015,17,West_exit,17,11,0.8,0
dl_2015,11,East_exit,11,8,0.8,0
dl_2016,1,,,,,
dl_2016,8,East_exit,10,7,0.8,0
dl_2016,11,West_exit,9,6,0.8,0
dl_2017,1,,,,,
dl_2017,8,East_exit,10,7,0.8,0
dl_2017,10,East_exit,10,7,0.8,0
dl_2017,11,West_exit,11,7,0.8,0
dl_2018,1,,,,,
dl_2018,8,East_exit,10,7,0.8,0
dl_2018,10,East_exit,10,7,0.8,0
dl_2018,14,West_exit,13,8,0.8,0
dl_2018,13,West_exit,13,8,0.8,0
dl_2019,1,,,,,
dl_2019,8,East_exit,10,7,0.8,0
dl_2019,10,East_exit,10,7,0.8,0
dl_2019,12,West_exit,12,8,0.8,0
dl_2019,14,West_exit,12,8,0.8,0
dl_2020,1,,,,,
dl_2020,8,East_exit,10,7,0.8,0
dl_2020,10,East_exit,10,7,0.8,0
dl_2020,14,West_exit,14,9,0.8,0
dl_2021,1,,,,,
dl_2021,8,East_exit,10,7,0.8,0
dl_2021,10,East_exit,10,7,0.8,0
dl_2021,17,West_exit,16,10,0.8,0
dl_2021,16,West_exit,16,10,0.8,0
dl_2022,1,,,,,
dl_2022,8,East_exit,10,7,0.8,0
dl_2022,10,East_exit,10,7,0.8,0
dl_2022,15,West_exit,15,10,0.8,0
dl_2022,17,West_exit,15,10,0.8,0
dl_2023,1,,,,,
dl_2023,8,East_exit,10,7,0.8,0
dl_2023,10,East_exit,10,7,0.8,0
dl_2023,17,West_exit,17,11,0.8,0
dl_2024,1,,,,,
dl_2024,8,East_exit,9,7,0.8,0
dl_2024,11,West_exit,10,6,0.8,0
dl_2025,1,,,,,
dl_2025,9,East_exit,9,7,0.8,0
dl_2025,8,East_exit,9,7,0.8,0
dl_2025,11,West_exit,11,7,0.8,0
dl_2026,1,,,,,
dl_2026,9,East_exit,9,7,0.8,0
dl_2026,8,East_exit,9,7,0.8,0
dl_2026,14,West_exit,13,8,0.8,0
dl_2026,13,West_exit,13,8,0.8,0
dl_2027,1,,,,,
dl_2027,9,East_exit,9,7,0.8,0
dl_2027,8,East_exit,9,7,0.8,0
dl_2027,12,West_exit,12,8,0.8,0
dl_2027,14,West_exit,12,8,0.8,0
dl_2028,1,,,,,
dl_2028,9,East_exit,9,7,0.8,0
dl_2028,8,East_exit,9,7,0.8,0
dl_2028,14,West_exit,14,9,0.8,0
dl_2029,1,,,,,
dl_2029,9,East_exit,9,7,0.8,0
dl_2029,8,East_exit,9,7,0.8,0
dl_2029,17,West_exit,16,10,0.8,0
dl_2029,16,West_exit,16,10,0.8,0
dl_2030,1,,,,,
dl_2030,9,East_exit,9,7,0.8,0
dl_2030,8,East_exit,9,7,0.8,0
dl_2030,15,West_exit,15,10,0.8,0
dl_2030,17,West_exit,15,10,0.8,0
dl_2031,1,,,,,
dl_2031,9,East_exit,9,7,0.8,0
dl_2031,8,East_exit,9,7,0.8,0
dl_2031,17,West_exit,17,11,0.8,0
dl_2032,1,,,,,
dl_2032,8,East_exit,8,6,0.8,0
dl_2032,11,West_exit,10,6,0.8,0
dl_2032,10,West_exit,10,6,0.8,0
dl_2033,1,,,,,
dl_2033,8,East_exit,8,6,0.8,0
dl_2033,9,West_exit,9,6,0.8,0
dl_2033,11,West_exit,9,6,0.8,0
dl_2034,1,,,,,
dl_2034,8,East_exit,8,6,0.8,0
dl_2034,11,West_exit,11,7,0.8,0
dl_2035,1,,,,,
dl_2035,8,East_exit,8,6,0.8,0
dl_2035,14,West_exit,13,8,0.8,0
dl_2035,13,West_exit,13,8,0.8,0
dl_2036,1,,,,,
dl_2036,8,East_exit,8,6,0.8,0
dl_2036,12,West_exit,12,8,0.8,0
dl_2036,14,West_exit,12,8,0.8,0
dl_2037,1,,,,,
dl_2037,8,East_exit,8,6,0.8,0
dl_2037,14,West_exit,14,9,0.8,0
dl_2038,1,,,,,
dl_2038,8,East_exit,8,6,0.8,0
dl_2038,17,West_exit,16,10,0.8,0
dl_2038,16,West_exit,16,10,0.8,0
dl_2039,1,,,,,
dl_2039,8,East_exit,8,6,0.8,0
dl_2039,15,West_exit,15,10,0.8,0
dl_2039,17,West_exit,15,10,0.8,0
dl_2040,1,,,,,
dl_2040,8,East_exit,8,6,0.8,0
dl_2040,17,West_exit,17,11,0.8,0
dl_2041,1,,,,,
dl_2041,20,West_exit,19,12,0.8,0
dl_2041,19,West_exit,19,12,0.8,0
dl_2041,11,East_exit,13,9,0.8,0
dl_2041,13,East_exit,13,9,0.8,0
dl_2042,1,,,,,
dl_2042,20,West_exit,19,12,0.8,0
dl_2042,19,West_exit,19,12,0.8,0
dl_2042,12,East_exit,12,9,0.8,0
dl_2042,11,East_exit,12,9,0.8,0
dl_2043,1,,,,,
dl_2043,20,West_exit,19,12,0.8,0
dl_2043,19,West_exit,19,12,0.8,0
dl_2043,11,East_exit,11,8,0.8,0
dl_2044,1,,,,,
dl_2044,20,West_exit,19,12,0.8,0
dl_2044,19,West_exit,19,12,0.8,0
dl_2044,8,East_exit,10,7,0.8,0
dl_2044,10,East_exit,10,7,0.8,0
dl_2045,1,,,,,
dl_2045,20,West_exit,19,12,0.8,0
dl_2045,19,West_exit,19,12,0.8,0
dl_2045,9,East_exit,9,7,0.8,0
dl_2045,8,East_exit,9,7,0.8,0
dl_2046,1,,,,,
dl_2046,20,West_exit,19,12,0.8,0
dl_2046,19,West_exit,19,12,0.8,0
dl_2046,8,East_exit,8,6,0.8,0
dl_2047,2,,,,,
dl_2047,5,East_exit,7,5,0.8,0
dl_2047,6,West_exit_short,6,4,0.44,0
dl_2047,11,West_exit,10,6,0.8,0
dl_2047,10,West_exit,10,6,0.8,0
dl_2048,2,,,,,
dl_2048,5,East_exit,7,5,0.8,0
dl_2048,6,West_exit_short,6,4,0.44,0
dl_2048,9,West_exit,9,6,0.8,0
dl_2048,11,West_exit,9,6,0.8,0
dl_2049,2,,,,,
dl_2049,5,East_exit,7,5,0.8,0
dl_2049,6,West_exit_short,6,4,0.44,0
dl_2049,11,West_exit,11,7,0.8,0
dl_2050,2,,,,,
dl_2050,5,East_exit,7,5,0.8,0
dl_2050,6,West_exit_short,6,4,0.44,0
dl_2050,14,West_exit,13,8,0.8,0
dl_2050,13,West_exit,13,8,0.8,0
dl_2051,2,,,,,
dl_2051,5,East_exit,7,5,0.8,0
dl_2051,6,West_exit_short,6,4,0.44,0
dl_2051,12,West_exit,12,8,0.8,0
dl_2051,14,West_exit,12,8,0.8,0
dl_2052,2,,,,,
dl_2052,5,East_exit,7,5,0.8,0
dl_2052,6,West_exit_short,6,4,0.44,0
dl_2052,14,West_exit,14,9,0.8,0
dl_2053,2,,,,,
dl_2053,5,East_exit,7,5,0.8,0
dl_2053,6,West_exit_short,6,4,0.44,0
dl_2053,17,West_exit,16,10,0.8,0
dl_2053,16,West_exit,16,10,0.8,0
dl_2054,2,,,,,
dl_2054,5,East_exit,7,5,0.8,0
dl_2054,6,West_exit_short,6,4,0.44,0
dl_2054,15,West_exit,15,10,0.8,0
dl_2054,17,West_exit,15,10,0.8,0
dl_2055,2,,,,,
dl_2055,5,East_exit,7,5,0.8,0
dl_2055,6,West_exit_short,6,4,0.44,0
dl_2055,17,West_exit,17,11,0.8,0
dl_2056,2,,,,,
dl_2056,5,East_exit,7,5,0.8,0
dl_2056,6,West_exit_short,6,4,0.44,0
dl_2056,20,West_exit,19,12,0.8,0
dl_2056,19,West_exit,19,12,0.8,0
dl_2057,1,,,,,
dl_2057,18,West_exit,18,12,0.8,0
dl_2057,20,West_exit,18,12,0.8,0
dl_2057,11,East_exit,13,9,0.8,0
dl_2057,13,East_exit,13,9,0.8,0
dl_2058,1,,,,,
dl_2058,18,West_exit,18,12,0.8,0
dl_2058,20,West_exit,18,12,0.8,0
dl_2058,12,East_exit,12,9,0.8,0
dl_2058,11,East_exit,12,9,0.8,0
dl_2059,1,,,,,
dl_2059,18,West_exit,18,12,0.8,0
dl_2059,20,West_exit,18,12,0.8,0
dl_2059,11,East_exit,11,8,0.8,0
dl_2060,1,,,,,
dl_2060,18,West_exit,18,12,0.8,0
dl_2060,20,West_exit,18,12,0.8,0
dl_2060,8,East_exit,10,7,0.8,0
dl_2060,10,East_exit,10,7,0.8,0
dl_2061,1,,,,,
dl_2061,18,West_exit,18,12,0.8,0
dl_2061,20,West_exit,18,12,0.8,0
dl_2061,9,East_exit,9,7,0.8,0
dl_2061,8,East_exit,9,7,0.8,0
dl_2062,1,,,,,
dl_2062,18,West_exit,18,12,0.8,0
dl_2062,20,West_exit,18,12,0.8,0
dl_2062,8,East_exit,8,6,0.8,0
dl_2063,2,,,,,
dl_2063,5,East_exit,7,5,0.8,0
dl_2063,6,West_exit_short,6,4,0.44,0
dl_2063,18,West_exit,18,12,0.8,0
dl_2063,20,West_exit,18,12,0.8,0
dl_2064,2,,,,,
dl_2064,20,West_exit,20,13,0.8,0
dl_2064,11,East_exit,13,9,0.8,0
dl_2064,13,East_exit,13,9,0.8,0
dl_2064,19,East_exit_short,19,13,0.44,0
dl_2065,2,,,,,
dl_2065,20,West_exit,20,13,0.8,0
dl_2065,12,East_exit,12,9,0.8,0
dl_2065,11,East_exit,12,9,0.8,0
dl_2065,19,East_exit_short,19,13,0.44,0
dl_2066,2,,,,,
dl_2066,20,West_exit,20,13,0.8,0
dl_2066,19,East_exit_short,19,13,0.44,0
dl_2066,11,East_exit,11,8,0.8,0
dl_2067,2,,,,,
dl_2067,20,West_exit,20,13,0.8,0
dl_2067,19,East_exit_short,19,13,0.44,0
dl_2067,8,East_exit,10,7,0.8,0
dl_2067,10,East_exit,10,7,0.8,0
dl_2068,2,,,,,
dl_2068,20,West_exit,20,13,0.8,0
dl_2068,19,East_exit_short,19,13,0.44,0
dl_2068,9,East_exit,9,7,0.8,0
dl_2068,8,East_exit,9,7,0.8,0
dl_2069,2,,,,,
dl_2069,20,West_exit,20,13,0.8,0
dl_2069,19,East_exit_short,19,13,0.44,0
dl_2069,8,East_exit,8,6,0.8,0
dl_2070,3,,,,,
dl_2070,20,West_exit,20,13,0.8,0
dl_2070,5,East_exit,7,5,0.8,0
dl_2070,6,West_exit_short,6,4,0.44,0
dl_2070,19,East_exit_short,19,13,0.44,0
dl_2071,2,,,,,
dl_2071,20,West_exit,20,13,0.8,0
dl_2071,18,East_exit_short,18,13,0.44,0
dl_2071,11,East_exit,13,9,0.8,0
dl_2071,13,East_exit,13,9,0.8,0
dl_2072,2,,,,,
dl_2072,20,West_exit,20,13,0.8,0
dl_2072,18,East_exit_short,18,13,0.44,0
dl_2072,12,East_exit,12,9,0.8,0
dl_2072,11,East_exit,12,9,0.8,0
dl_2073,2,,,,,
dl_2073,20,West_exit,20,13,0.8,0
dl_2073,18,East_exit_short,18,13,0.44,0
dl_2073,11,East_exit,11,8,0.8,0
dl_2074,2,,,,,
dl_2074,20,West_exit,20,13,0.8,0
dl_2074,18,East_exit_short,18,13,0.44,0
dl_2074,8,East_exit,10,7,0.8,0
dl_2074,10,East_exit,10,7,0.8,0
dl_2075,2,,,,,
dl_2075,20,West_exit,20,13,0.8,0
dl_2075,18,East_exit_short,18,13,0.44,0
dl_2075,9,East_exit,9,7,0.8,0
dl_2075,8,East_exit,9,7,0.8,0
dl_2076,2,,,,,
dl_2076,20,West_exit,20,13,0.8,0
dl_2076,18,East_exit_short,18,13,0.44,0
dl_2076,8,East_exit,8,6,0.8,0
dl_2077,3,,,,,
dl_2077,5,East_exit,7,5,0.8,0
dl_2077,20,West_exit,20,13,0.8,0
dl_2077,18,East_exit_short,18,13,0.44,0
dl_2077,6,West_exit_short,6,4,0.44,0
dl_2078,2,,,,,
dl_2078,20,West_exit,20,13,0.8,0
dl_2078,11,East_exit,13,9,0.8,0
dl_2078,13,East_exit,13,9,0.8,0
dl_2078,17,East_exit_short,17,12,0.44,0
dl_2079,2,,,,,
dl_2079,20,West_exit,20,13,0.8,0
dl_2079,12,East_exit,12,9,0.8,0
dl_2079,11,East_exit,12,9,0.8,0
dl_2079,17,East_exit_short,17,12,0.44,0
dl_2080,2,,,,,
dl_2080,20,West_exit,20,13,0.8,0
dl_2080,17,East_exit_short,17,12,0.44,0
dl_2080,11,East_exit,11,8,0.8,0
dl_2081,2,,,,,
dl_2081,20,West_exit,20,13,0.8,0
dl_2081,17,East_exit_short,17,12,0.44,0
dl_2081,8,East_exit,10,7,0.8,0
dl_2081,10,East_exit,10,7,0.8,0
dl_2082,2,,,,,
dl_2082,20,West_exit,20,13,0.8,0
dl_2082,17,East_exit_short,17,12,0.44,0
dl_2082,9,East_exit,9,7,0.8,0
dl_2082,8,East_exit,9,7,0.8,0
dl_2083,2,,,,,
dl_2083,20,West_exit,20,13,0.8,0
dl_2083,17,East_exit_short,17,12,0.44,0
dl_2083,8,East_exit,8,6,0.8,0
dl_2084,3,,,,,
dl_2084,5,East_exit,7,5,0.8,0
dl_2084,20,West_exit,20,13,0.8,0
dl_2084,6,West_exit_short,6,4,0.44,0
dl_2084,17,East_exit_short,17,12,0.44,0
dl_2085,2,,,,,
dl_2085,8,West_exit_short,8,5,0.44,0
dl_2085,5,East_exit,7,5,0.8,0
dl_2085,7,East_exit,7,5,0.8,0
dl_2085,11,West_exit,10,6,0.8,0
dl_2085,10,West_exit,10,6,0.8,0
dl_2086,2,,,,,
dl_2086,8,West_exit_short,8,5,0.44,0
dl_2086,5,East_exit,7,5,0.8,0
dl_2086,7,East_exit,7,5,0.8,0
dl_2086,9,West_exit,9,6,0.8,0
dl_2086,11,West_exit,9,6,0.8,0
dl_2087,2,,,,,
dl_2087,8,West_exit_short,8,5,0.44,0
dl_2087,5,East_exit,7,5,0.8,0
dl_2087,7,East_exit,7,5,0.8,0
dl_2087,11,West_exit,11,7,0.8,0
dl_2088,2,,,,,
dl_2088,8,West_exit_short,8,5,0.44,0
dl_2088,5,East_exit,7,5,0.8,0
dl_2088,7,East_exit,7,5,0.8,0
dl_2088,14,West_exit,13,8,0.8,0
dl_2088,13,West_exit,13,8,0.8,0
dl_2089,2,,,,,
dl_2089,8,West_exit_short,8,5,0.44,0
dl_2089,5,East_exit,7,5,0.8,0
dl_2089,7,East_exit,7,5,0.8,0
dl_2089,12,West_exit,12,8,0.8,0
dl_2089,14,West_exit,12,8,0.8,0
dl_2090,2,,,,,
dl_2090,8,West_exit_short,8,5,0.44,0
dl_2090,5,East_exit,7,5,0.8,0
dl_2090,7,East_exit,7,5,0.8,0
dl_2090,14,West_exit,14,9,0.8,0
dl_2091,2,,,,,
dl_2091,8,West_exit_short,8,5,0.44,0
dl_2091,5,East_exit,7,5,0.8,0
dl_2091,7,East_exit,7,5,0.8,0
dl_2091,17,West_exit,16,10,0.8,0
dl_2091,16,West_exit,16,10,0.8,0
dl_2092,2,,,,,
dl_2092,8,West_exit_short,8,5,0.44,0
dl_2092,5,East_exit,7,5,0.8,0
dl_2092,7,East_exit,7,5,0.8,0
dl_2092,15,West_exit,15,10,0.8,0
dl_2092,17,West_exit,15,10,0.8,0
dl_2093,2,,,,,
dl_2093,8,West_exit_short,8,5,0.44,0
dl_2093,5,East_exit,7,5,0.8,0
dl_2093,7,East_exit,7,5,0.8,0
dl_2093,17,West_exit,17,11,0.8,0
dl_2094,2,,,,,
dl_2094,8,West_exit_short,8,5,0.44,0
dl_2094,5,East_exit,7,5,0.8,0
dl_2094,7,East_exit,7,5,0.8,0
dl_2094,20,West_exit,19,12,0.8,0
dl_2094,19,West_exit,19,12,0.8,0
dl_2095,2,,,,,
dl_2095,8,West_exit_short,8,5,0.44,0
dl_2095,5,East_exit,7,5,0.8,0
dl_2095,7,East_exit,7,5,0.8,0
dl_2095,18,West_exit,18,12,0.8,0
dl_2095,20,West_exit,18,12,0.8,0
dl_2096,3,,,,,
dl_2096,20,West_exit,20,13,0.8,0
dl_2096,8,West_exit_short,8,5,0.44,0
dl_2096,5,East_exit,7,5,0.8,0
dl_2096,7,East_exit,7,5,0.8,0
dl_2096,19,East_exit_short,19,13,0.44,0
dl_2097,3,,,,,
dl_2097,20,West_exit,20,13,0.8,0
dl_2097,18,East_exit_short,18,13,0.44,0
dl_2097,8,West_exit_short,8,5,0.44,0
dl_2097,5,East_exit,7,5,0.8,0
dl_2097,7,East_exit,7,5,0.8,0
dl_2098,3,,,,,
dl_2098,20,West_exit,20,13,0.8,0
dl_2098,8,West_exit_short,8,5,0.44,0
dl_2098,5,East_exit,7,5,0.8,0
dl_2098,7,East_exit,7,5,0.8,0
dl_2098,17,East_exit_short,17,12,0.44,0
dl_2099,1,,,,,
dl_2099,20,West_exit,20,13,0.8,0
dl_2099,11,East_exit,13,9,0.8,0
dl_2099,13,East_exit,13,9,0.8,0
dl_2100,1,,,,,
dl_2100,20,West_exit,20,13,0.8,0
dl_2100,12,East_exit,12,9,0.8,0
dl_2100,11,East_exit,12,9,0.8,0
dl_2101,1,,,,,
dl_2101,20,West_exit,20,13,0.8,0
dl_2101,11,East_exit,11,8,0.8,0
dl_2102,1,,,,,
dl_2102,20,West_exit,20,13,0.8,0
dl_2102,8,East_exit,10,7,0.8,0
dl_2102,10,East_exit,10,7,0.8,0
dl_2103,1,,,,,
dl_2103,20,West_exit,20,13,0.8,0
dl_2103,9,East_exit,9,7,0.8,0
dl_2103,8,East_exit,9,7,0.8,0
dl_2104,1,,,,,
dl_2104,20,West_exit,20,13,0.8,0
dl_2104,8,East_exit,8,6,0.8,0
dl_2105,2,,,,,
dl_2105,5,East_exit,7,5,0.8,0
dl_2105,6,West_exit_short,6,4,0.44,0
dl_2105,20,West_exit,20,13,0.8,0
dl_2106,2,,,,,
dl_2106,8,West_exit_short,8,5,0.44,0
dl_2106,5,East_exit,7,5,0.8,0
dl_2106,7,East_exit,7,5,0.8,0
dl_2106,20,West_exit,20,13,0.8,0
dl_2107,2,,,,,
dl_2107,23,West_exit,22,14,0.8,0
dl_2107,21,East_exit_short,21,15,0.44,0
dl_2107,11,East_exit,13,9,0.8,0
dl_2107,13,East_exit,13,9,0.8,0
dl_2108,2,,,,,
dl_2108,23,West_exit,22,14,0.8,0
dl_2108,21,East_exit_short,21,15,0.44,0
dl_2108,12,East_exit,12,9,0.8,0
dl_2108,11,East_exit,12,9,0.8,0
dl_2109,2,,,,,
dl_2109,23,West_exit,22,14,0.8,0
dl_2109,21,East_exit_short,21,15,0.44,0
dl_2109,11,East_exit,11,8,0.8,0
dl_2110,2,,,,,
dl_2110,23,West_exit,22,14,0.8,0
dl_2110,21,East_exit_short,21,15,0.44,0
dl_2110,8,East_exit,10,7,0.8,0
dl_2110,10,East_exit,10,7,0.8,0
dl_2111,2,,,,,
dl_2111,23,West_exit,22,14,0.8,0
dl_2111,21,East_exit_short,21,15,0.44,0
dl_2111,9,East_exit,9,7,0.8,0
dl_2111,8,East_exit,9,7,0.8,0
dl_2112,2,,,,,
dl_2112,23,West_exit,22,14,0.8,0
dl_2112,21,East_exit_short,21,15,0.44,0
dl_2112,8,East_exit,8,6,0.8,0
dl_2113,2,,,,,
dl_2113,20,East_exit_short,20,14,0.44,0
dl_2113,23,West_exit,22,14,0.8,0
dl_2113,22,West_exit,22,14,0.8,0
dl_2113,11,East_exit,13,9,0.8,0
dl_2113,13,East_exit,13,9,0.8,0
dl_2114,2,,,,,
dl_2114,20,East_exit_short,20,14,0.44,0
dl_2114,23,West_exit,22,14,0.8,0
dl_2114,22,West_exit,22,14,0.8,0
dl_2114,12,East_exit,12,9,0.8,0
dl_2114,11,East_exit,12,9,0.8,0
dl_2115,2,,,,,
dl_2115,20,East_exit_short,20,14,0.44,0
dl_2115,23,West_exit,22,14,0.8,0
dl_2115,22,West_exit,22,14,0.8,0
dl_2115,11,East_exit,11,8,0.8,0
dl_2116,2,,,,,
dl_2116,20,East_exit_short,20,14,0.44,0
dl_2116,23,West_exit,22,14,0.8,0
dl_2116,22,West_exit,22,14,0.8,0
dl_2116,8,East_exit,10,7,0.8,0
dl_2116,10,East_exit,10,7,0.8,0
dl_2117,2,,,,,
dl_2117,20,East_exit_short,20,14,0.44,0
dl_2117,23,West_exit,22,14,0.8,0
dl_2117,22,West_exit,22,14,0.8,0
dl_2117,9,East_exit,9,7,0.8,0
dl_2117,8,East_exit,9,7,0.8,0
dl_2118,2,,,,,
dl_2118,20,East_exit_short,20,14,0.44,0
dl_2118,23,West_exit,22,14,0.8,0
dl_2118,22,West_exit,22,14,0.8,0
dl_2118,8,East_exit,8,6,0.8,0
dl_2119,3,,,,,
dl_2119,23,West_exit,22,14,0.8,0
dl_2119,5,East_exit,7,5,0.8,0
dl_2119,6,West_exit_short,6,4,0.44,0
dl_2119,21,East_exit_short,21,15,0.44,0
dl_2120,3,,,,,
dl_2120,5,East_exit,7,5,0.8,0
dl_2120,20,East_exit_short,20,14,0.44,0
dl_2120,23,West_exit,22,14,0.8,0
dl_2120,22,West_exit,22,14,0.8,0
dl_2120,6,West_exit_short,6,4,0.44,0
dl_2121,2,,,,,
dl_2121,23,West_exit,22,14,0.8,0
dl_2121,22,West_exit,22,14,0.8,0
dl_2121,11,East_exit,13,9,0.8,0
dl_2121,13,East_exit,13,9,0.8,0
dl_2121,19,East_exit_short,19,13,0.44,0
dl_2122,2,,,,,
dl_2122,23,West_exit,22,14,0.8,0
dl_2122,22,West_exit,22,14,0.8,0
dl_2122,12,East_exit,12,9,0.8,0
dl_2122,11,East_exit,12,9,0.8,0
dl_2122,19,East_exit_short,19,13,0.44,0
dl_2123,2,,,,,
dl_2123,19,East_exit_short,19,13,0.44,0
dl_2123,23,West_exit,22,14,0.8,0
dl_2123,22,West_exit,22,14,0.8,0
dl_2123,11,East_exit,11,8,0.8,0
dl_2124,2,,,,,
dl_2124,19,East_exit_short,19,13,0.44,0
dl_2124,23,West_exit,22,14,0.8,0
dl_2124,22,West_exit,22,14,0.8,0
dl_2124,8,East_exit,10,7,0.8,0
dl_2124,10,East_exit,10,7,0.8,0
dl_2125,2,,,,,
dl_2125,19,East_exit_short,19,13,0.44,0
dl_2125,23,West_exit,22,14,0.8,0
dl_2125,22,West_exit,22,14,0.8,0
dl_2125,9,East_exit,9,7,0.8,0
dl_2125,8,East_exit,9,7,0.8,0
dl_2126,2,,,,,
dl_2126,19,East_exit_short,19,13,0.44,0
dl_2126,23,West_exit,22,14,0.8,0
dl_2126,22,West_exit,22,14,0.8,0
dl_2126,8,East_exit,8,6,0.8,0
dl_2127,3,,,,,
dl_2127,5,East_exit,7,5,0.8,0
dl_2127,6,West_exit_short,6,4,0.44,0
dl_2127,19,East_exit_short,19,13,0.44,0
dl_2127,23,West_exit,22,14,0.8,0
dl_2127,22,West_exit,22,14,0.8,0
dl_2128,1,,,,,
dl_2128,23,West_exit,22,14,0.8,0
dl_2128,22,West_exit,22,14,0.8,0
dl_2128,15,East_exit,15,11,0.8,0
dl_2128,14,East_exit,15,11,0.8,0
dl_2129,1,,,,,
dl_2129,23,West_exit,22,14,0.8,0
dl_2129,22,West_exit,22,14,0.8,0
dl_2129,14,East_exit,14,10,0.8,0
dl_2130,1,,,,,
dl_2130,11,East_exit,13,9,0.8,0
dl_2130,13,East_exit,13,9,0.8,0
dl_2130,23,West_exit,22,14,0.8,0
dl_2130,22,West_exit,22,14,0.8,0
dl_2131,1,,,,,
dl_2131,12,East_exit,12,9,0.8,0
dl_2131,11,East_exit,12,9,0.8,0
dl_2131,23,West_exit,22,14,0.8,0
dl_2131,22,West_exit,22,14,0.8,0
dl_2132,1,,,,,
dl_2132,11,East_exit,11,8,0.8,0
dl_2132,23,West_exit,22,14,0.8,0
dl_2132,22,West_exit,22,14,0.8,0
dl_2133,1,,,,,
dl_2133,8,East_exit,10,7,0.8,0
dl_2133,10,East_exit,10,7,0.8,0
dl_2133,23,West_exit,22,14,0.8,0
dl_2133,22,West_exit,22,14,0.8,0
dl_2134,1,,,,,
dl_2134,9,East_exit,9,7,0.8,0
dl_2134,8,East_exit,9,7,0.8,0
dl_2134,23,West_exit,22,14,0.8,0
dl_2134,22,West_exit,22,14,0.8,0
dl_2135,1,,,,,
dl_2135,8,East_exit,8,6,0.8,0
dl_2135,23,West_exit,22,14,0.8,0
dl_2135,22,West_exit,22,14,0.8,0
dl_2136,2,,,,,
dl_2136,5,East_exit,7,5,0.8,0
dl_2136,6,West_exit_short,6,4,0.44,0
dl_2136,23,West_exit,22,14,0.8,0
dl_2136,22,West_exit,22,14,0.8,0
dl_2137,2,,,,,
dl_2137,8,West_exit_short,8,5,0.44,0
dl_2137,5,East_exit,7,5,0.8,0
dl_2137,7,East_exit,7,5,0.8,0
dl_2137,23,West_exit,22,14,0.8,0
dl_2137,22,West_exit,22,14,0.8,0
dl_2138,2,,,,,
dl_2138,23,West_exit,21,14,0.8,0
dl_2138,22,East_exit_short,22,15,0.44,0
dl_2138,11,East_exit,13,9,0.8,0
dl_2138,13,East_exit,13,9,0.8,0
dl_2139,2,,,,,
dl_2139,23,West_exit,21,14,0.8,0
dl_2139,22,East_exit_short,22,15,0.44,0
dl_2139,12,East_exit,12,9,0.8,0
dl_2139,11,East_exit,12,9,0.8,0
dl_2140,2,,,,,
dl_2140,23,West_exit,21,14,0.8,0
dl_2140,22,East_exit_short,22,15,0.44,0
dl_2140,11,East_exit,11,8,0.8,0
dl_2141,2,,,,,
dl_2141,23,West_exit,21,14,0.8,0
dl_2141,22,East_exit_short,22,15,0.44,0
dl_2141,8,East_exit,10,7,0.8,0
dl_2141,10,East_exit,10,7,0.8,0
dl_2142,2,,,,,
dl_2142,23,West_exit,21,14,0.8,0
dl_2142,22,East_exit_short,22,15,0.44,0
dl_2142,9,East_exit,9,7,0.8,0
dl_2142,8,East_exit,9,7,0.8,0
dl_2143,2,,,,,
dl_2143,23,West_exit,21,14,0.8,0
dl_2143,22,East_exit_short,22,15,0.44,0
dl_2143,8,East_exit,8,6,0.8,0
dl_2144,2,,,,,
dl_2144,20,East_exit_short,20,14,0.44,0
dl_2144,21,West_exit,21,14,0.8,0
dl_2144,23,West_exit,21,14,0.8,0
dl_2144,11,East_exit,13,9,0.8,0
dl_2144,13,East_exit,13,9,0.8,0
dl_2145,2,,,,,
dl_2145,20,East_exit_short,20,14,0.44,0
dl_2145,21,West_exit,21,14,0.8,0
dl_2145,23,West_exit,21,14,0.8,0
dl_2145,12,East_exit,12,9,0.8,0
dl_2145,11,East_exit,12,9,0.8,0
dl_2146,2,,,,,
dl_2146,20,East_exit_short,20,14,0.44,0
dl_2146,21,West_exit,21,14,0.8,0
dl_2146,23,West_exit,21,14,0.8,0
dl_2146,11,East_exit,11,8,0.8,0
dl_2147,2,,,,,
dl_2147,20,East_exit_short,20,14,0.44,0
dl_2147,21,West_exit,21,14,0.8,0
dl_2147,23,West_exit,21,14,0.8,0
dl_2147,8,East_exit,10,7,0.8,0
dl_2147,10,East_exit,10,7,0.8,0
dl_2148,2,,,,,
dl_2148,20,East_exit_short,20,14,0.44,0
dl_2148,21,West_exit,21,14,0.8,0
dl_2148,23,West_exit,21,14,0.8,0
dl_2148,9,East_exit,9,7,0.8,0
dl_2148,8,East_exit,9,7,0.8,0
dl_2149,2,,,,,
dl_2149,20,East_exit_short,20,14,0.44,0
dl_2149,21,West_exit,21,14,0.8,0
dl_2149,23,West_exit,21,14,0.8,0
dl_2149,8,East_exit,8,6,0.8,0
dl_2150,3,,,,,
dl_2150,23,West_exit,21,14,0.8,0
dl_2150,5,East_exit,7,5,0.8,0
dl_2150,6,West_exit_short,6,4,0.44,0
dl_2150,22,East_exit_short,22,15,0.44,0
dl_2151,3,,,,,
dl_2151,5,East_exit,7,5,0.8,0
dl_2151,20,East_exit_short,20,14,0.44,0
dl_2151,21,West_exit,21,14,0.8,0
dl_2151,23,West_exit,21,14,0.8,0
dl_2151,6,West_exit_short,6,4,0.44,0
dl_2152,2,,,,,
dl_2152,21,West_exit,21,14,0.8,0
dl_2152,23,West_exit,21,14,0.8,0
dl_2152,11,East_exit,13,9,0.8,0
dl_2152,13,East_exit,13,9,0.8,0
dl_2152,19,East_exit_short,19,13,0.44,0
dl_2153,2,,,,,
dl_2153,21,West_exit,21,14,0.8,0
dl_2153,23,West_exit,21,14,0.8,0
dl_2153,12,East_exit,12,9,0.8,0
dl_2153,11,East_exit,12,9,0.8,0
dl_2153,19,East_exit_short,19,13,0.44,0
dl_2154,2,,,,,
dl_2154,19,East_exit_short,19,13,0.44,0
dl_2154,21,West_exit,21,14,0.8,0
dl_2154,23,West_exit,21,14,0.8,0
dl_2154,11,East_exit,11,8,0.8,0
dl_2155,2,,,,,
dl_2155,19,East_exit_short,19,13,0.44,0
dl_2155,21,West_exit,21,14,0.8,0
dl_2155,23,West_exit,21,14,0.8,0
dl_2155,8,East_exit,10,7,0.8,0
dl_2155,10,East_exit,10,7,0.8,0
dl_2156,2,,,,,
dl_2156,19,East_exit_short,19,13,0.44,0
dl_2156,21,West_exit,21,14,0.8,0
dl_2156,23,West_exit,21,14,0.8,0
dl_2156,9,East_exit,9,7,0.8,0
dl_2156,8,East_exit,9,7,0.8,0
dl_2157,2,,,,,
dl_2157,19,East_exit_short,19,13,0.44,0
dl_2157,21,West_exit,21,14,0.8,0
dl_2157,23,West_exit,21,14,0.8,0
dl_2157,8,East_exit,8,6,0.8,0
dl_2158,3,,,,,
dl_2158,5,East_exit,7,5,0.8,0
dl_2158,6,West_exit_short,6,4,0.44,0
dl_2158,19,East_exit_short,19,13,0.44,0
dl_2158,21,West_exit,21,14,0.8,0
dl_2158,23,West_exit,21,14,0.8,0
dl_2159,1,,,,,
dl_2159,21,West_exit,21,14,0.8,0
dl_2159,23,West_exit,21,14,0.8,0
dl_2159,15,East_exit,15,11,0.8,0
dl_2159,14,East_exit,15,11,0.8,0
dl_2160,1,,,,,
dl_2160,21,West_exit,21,14,0.8,0
dl_2160,23,West_exit,21,14,0.8,0
dl_2160,14,East_exit,14,10,0.8,0
dl_2161,1,,,,,
dl_2161,11,East_exit,13,9,0.8,0
dl_2161,13,East_exit,13,9,0.8,0
dl_2161,21,West_exit,21,14,0.8,0
dl_2161,23,West_exit,21,14,0.8,0
dl_2162,1,,,,,
dl_2162,12,East_exit,12,9,0.8,0
dl_2162,11,East_exit,12,9,0.8,0
dl_2162,21,West_exit,21,14,0.8,0
dl_2162,23,West_exit,21,14,0.8,0
dl_2163,1,,,,,
dl_2163,11,East_exit,11,8,0.8,0
dl_2163,21,West_exit,21,14,0.8,0
dl_2163,23,West_exit,21,14,0.8,0
dl_2164,1,,,,,
dl_2164,8,East_exit,10,7,0.8,0
dl_2164,10,East_exit,10,7,0.8,0
dl_2164,21,West_exit,21,14,0.8,0
dl_2164,23,West_exit,21,14,0.8,0
dl_2165,1,,,,,
dl_2165,9,East_exit,9,7,0.8,0
dl_2165,8,East_exit,9,7,0.8,0
dl_2165,21,West_exit,21,14,0.8,0
dl_2165,23,West_exit,21,14,0.8,0
dl_2166,1,,,,,
dl_2166,8,East_exit,8,6,0.8,0
dl_2166,21,West_exit,21,14,0.8,0
dl_2166,23,West_exit,21,14,0.8,0
dl_2167,2,,,,,
dl_2167,5,East_exit,7,5,0.8,0
dl_2167,6,West_exit_short,6,4,0.44,0
dl_2167,21,West_exit,21,14,0.8,0
dl_2167,23,West_exit,21,14,0.8,0
dl_2168,2,,,,,
dl_2168,8,West_exit_short,8,5,0.44,0
dl_2168,5,East_exit,7,5,0.8,0
dl_2168,7,East_exit,7,5,0.8,0
dl_2168,23,West_exit,21,14,0.8,0
dl_2168,21,West_exit,21,14,0.8,0
dl_2169,2,,,,,
dl_2169,23,West_exit,23,15,0.8,0
dl_2169,22,East_exit_short,22,15,0.44,0
dl_2169,11,East_exit,13,9,0.8,0
dl_2169,13,East_exit,13,9,0.8,0
dl_2170,2,,,,,
dl_2170,23,West_exit,23,15,0.8,0
dl_2170,22,East_exit_short,22,15,0.44,0
dl_2170,12,East_exit,12,9,0.8,0
dl_2170,11,East_exit,12,9,0.8,0
dl_2171,2,,,,,
dl_2171,23,West_exit,23,15,0.8,0
dl_2171,22,East_exit_short,22,15,0.44,0
dl_2171,11,East_exit,11,8,0.8,0
dl_2172,2,,,,,
dl_2172,23,West_exit,23,15,0.8,0
dl_2172,22,East_exit_short,22,15,0.44,0
dl_2172,8,East_exit,10,7,0.8,0
dl_2172,10,East_exit,10,7,0.8,0
dl_2173,2,,,,,
dl_2173,23,West_exit,23,15,0.8,0
dl_2173,22,East_exit_short,22,15,0.44,0
dl_2173,9,East_exit,9,7,0.8,0
dl_2173,8,East_exit,9,7,0.8,0
dl_2174,2,,,,,
dl_2174,23,West_exit,23,15,0.8,0
dl_2174,22,East_exit_short,22,15,0.44,0
dl_2174,8,East_exit,8,6,0.8,0
dl_2175,2,,,,,
dl_2175,21,East_exit_short,21,15,0.44,0
dl_2175,23,West_exit,23,15,0.8,0
dl_2175,11,East_exit,13,9,0.8,0
dl_2175,13,East_exit,13,9,0.8,0
dl_2176,2,,,,,
dl_2176,21,East_exit_short,21,15,0.44,0
dl_2176,23,West_exit,23,15,0.8,0
dl_2176,12,East_exit,12,9,0.8,0
dl_2176,11,East_exit,12,9,0.8,0
dl_2177,2,,,,,
dl_2177,21,East_exit_short,21,15,0.44,0
dl_2177,23,West_exit,23,15,0.8,0
dl_2177,11,East_exit,11,8,0.8,0
dl_2178,2,,,,,
dl_2178,21,East_exit_short,21,15,0.44,0
dl_2178,23,West_exit,23,15,0.8,0
dl_2178,8,East_exit,10,7,0.8,0
dl_2178,10,East_exit,10,7,0.8,0
dl_2179,2,,,,,
dl_2179,21,East_exit_short,21,15,0.44,0
dl_2179,23,West_exit,23,15,0.8,0
dl_2179,9,East_exit,9,7,0.8,0
dl_2179,8,East_exit,9,7,0.8,0
dl_2180,2,,,,,
dl_2180,21,East_exit_short,21,15,0.44,0
dl_2180,23,West_exit,23,15,0.8,0
dl_2180,8,East_exit,8,6,0.8,0
dl_2181,2,,,,,
dl_2181,20,East_exit_short,20,14,0.44,0
dl_2181,23,West_exit,23,15,0.8,0
dl_2181,11,East_exit,13,9,0.8,0
dl_2181,13,East_exit,13,9,0.8,0
dl_2182,2,,,,,
dl_2182,20,East_exit_short,20,14,0.44,0
dl_2182,23,West_exit,23,15,0.8,0
dl_2182,12,East_exit,12,9,0.8,0
dl_2182,11,East_exit,12,9,0.8,0
dl_2183,2,,,,,
dl_2183,20,East_exit_short,20,14,0.44,0
dl_2183,23,West_exit,23,15,0.8,0
dl_2183,11,East_exit,11,8,0.8,0
dl_2184,2,,,,,
dl_2184,20,East_exit_short,20,14,0.44,0
dl_2184,23,West_exit,23,15,0.8,0
dl_2184,8,East_exit,10,7,0.8,0
dl_2184,10,East_exit,10,7,0.8,0
dl_2185,2,,,,,
dl_2185,20,East_exit_short,20,14,0.44,0
dl_2185,23,West_exit,23,15,0.8,0
dl_2185,9,East_exit,9,7,0.8,0
dl_2185,8,East_exit,9,7,0.8,0
dl_2186,2,,,,,
dl_2186,20,East_exit_short,20,14,0.44,0
dl_2186,23,West_exit,23,15,0.8,0
dl_2186,8,East_exit,8,6,0.8,0
dl_2187,3,,,,,
dl_2187,23,West_exit,23,15,0.8,0
dl_2187,5,East_exit,7,5,0.8,0
dl_2187,6,West_exit_short,6,4,0.44,0
dl_2187,22,East_exit_short,22,15,0.44,0
dl_2188,3,,,,,
dl_2188,5,East_exit,7,5,0.8,0
dl_2188,21,East_exit_short,21,15,0.44,0
dl_2188,6,West_exit_short,6,4,0.44,0
dl_2188,23,West_exit,23,15,0.8,0
dl_2189,3,,,,,
dl_2189,5,East_exit,7,5,0.8,0
dl_2189,20,East_exit_short,20,14,0.44,0
dl_2189,6,West_exit_short,6,4,0.44,0
dl_2189,23,West_exit,23,15,0.8,0
dl_2190,2,,,,,
dl_2190,23,West_exit,23,15,0.8,0
dl_2190,11,East_exit,13,9,0.8,0
dl_2190,13,East_exit,13,9,0.8,0
dl_2190,19,East_exit_short,19,13,0.44,0
dl_2191,2,,,,,
dl_2191,23,West_exit,23,15,0.8,0
dl_2191,12,East_exit,12,9,0.8,0
dl_2191,11,East_exit,12,9,0.8,0
dl_2191,19,East_exit_short,19,13,0.44,0
dl_2192,2,,,,,
dl_2192,19,East_exit_short,19,13,0.44,0
dl_2192,23,West_exit,23,15,0.8,0
dl_2192,11,East_exit,11,8,0.8,0
dl_2193,2,,,,,
dl_2193,19,East_exit_short,19,13,0.44,0
dl_2193,23,West_exit,23,15,0.8,0
dl_2193,8,East_exit,10,7,0.8,0
dl_2193,10,East_exit,10,7,0.8,0
dl_2194,2,,,,,
dl_2194,19,East_exit_short,19,13,0.44,0
dl_2194,23,West_exit,23,15,0.8,0
dl_2194,9,East_exit,9,7,0.8,0
dl_2194,8,East_exit,9,7,0.8,0
dl_2195,2,,,,,
dl_2195,19,East_exit_short,19,13,0.44,0
dl_2195,23,West_exit,23,15,0.8,0
dl_2195,8,East_exit,8,6,0.8,0
dl_2196,3,,,,,
dl_2196,5,East_exit,7,5,0.8,0
dl_2196,6,West_exit_short,6,4,0.44,0
dl_2196,19,East_exit_short,19,13,0.44,0
dl_2196,23,West_exit,23,15,0.8,0
dl_2197,1,,,,,
dl_2197,23,West_exit,23,15,0.8,0
dl_2197,15,East_exit,15,11,0.8,0
dl_2197,14,East_exit,15,11,0.8,0
dl_2198,1,,,,,
dl_2198,23,West_exit,23,15,0.8,0
dl_2198,14,East_exit,14,10,0.8,0
dl_2199,1,,,,,
dl_2199,11,East_exit,13,9,0.8,0
dl_2199,13,East_exit,13,9,0.8,0
dl_2199,23,West_exit,23,15,0.8,0
dl_2200,1,,,,,
dl_2200,12,East_exit,12,9,0.8,0
dl_2200,11,East_exit,12,9,0.8,0
dl_2200,23,West_exit,23,15,0.8,0
dl_2201,1,,,,,
dl_2201,11,East_exit,11,8,0.8,0
dl_2201,23,West_exit,23,15,0.8,0
dl_2202,1,,,,,
dl_2202,8,East_exit,10,7,0.8,0
dl_2202,10,East_exit,10,7,0.8,0
dl_2202,23,West_exit,23,15,0.8,0
dl_2203,1,,,,,
dl_2203,9,East_exit,9,7,0.8,0
dl_2203,8,East_exit,9,7,0.8,0
dl_2203,23,West_exit,23,15,0.8,0
dl_2204,1,,,,,
dl_2204,8,East_exit,8,6,0.8,0
dl_2204,23,West_exit,23,15,0.8,0
dl_2205,2,,,,,
dl_2205,5,East_exit,7,5,0.8,0
dl_2205,6,West_exit_short,6,4,0.44,0
dl_2205,23,West_exit,23,15,0.8,0
dl_2206,3,,,,,
dl_2206,23,West_exit,23,15,0.8,0
dl_2206,8,West_exit_short,8,5,0.44,0
dl_2206,5,East_exit,7,5,0.8,0
dl_2206,7,East_exit,7,5,0.8,0
dl_2206,22,East_exit_short,22,15,0.44,0
dl_2207,3,,,,,
dl_2207,21,East_exit_short,21,15,0.44,0
dl_2207,8,West_exit_short,8,5,0.44,0
dl_2207,5,East_exit,7,5,0.8,0
dl_2207,7,East_exit,7,5,0.8,0
dl_2207,23,West_exit,23,15,0.8,0
dl_2208,3,,,,,
dl_2208,20,East_exit_short,20,14,0.44,0
dl_2208,8,West_exit_short,8,5,0.44,0
dl_2208,5,East_exit,7,5,0.8,0
dl_2208,7,East_exit,7,5,0.8,0
dl_2208,23,West_exit,23,15,0.8,0
dl_2209,3,,,,,
dl_2209,8,West_exit_short,8,5,0.44,0
dl_2209,5,East_exit,7,5,0.8,0
dl_2209,7,East_exit,7,5,0.8,0
dl_2209,19,East_exit_short,19,13,0.44,0
dl_2209,23,West_exit,23,15,0.8,0
dl_2210,2,,,,,
dl_2210,8,West_exit_short,8,5,0.44,0
dl_2210,5,East_exit,7,5,0.8,0
dl_2210,7,East_exit,7,5,0.8,0
dl_2210,23,West_exit,23,15,0.8,0
dl_2211,2,,,,,
dl_2211,10,West_exit_short,10,6,0.44,0
dl_2211,14,West_exit,13,8,0.8,0
dl_2211,13,West_exit,13,8,0.8,0
dl_2211,5,East_exit,7,5,0.8,0
dl_2211,7,East_exit,7,5,0.8,0
dl_2212,2,,,,,
dl_2212,10,West_exit_short,10,6,0.44,0
dl_2212,12,West_exit,12,8,0.8,0
dl_2212,14,West_exit,12,8,0.8,0
dl_2212,5,East_exit,7,5,0.8,0
dl_2212,7,East_exit,7,5,0.8,0
dl_2213,2,,,,,
dl_2213,10,West_exit_short,10,6,0.44,0
dl_2213,5,East_exit,7,5,0.8,0
dl_2213,7,East_exit,7,5,0.8,0
dl_2213,14,West_exit,14,9,0.8,0
dl_2214,2,,,,,
dl_2214,10,West_exit_short,10,6,0.44,0
dl_2214,5,East_exit,7,5,0.8,0
dl_2214,7,East_exit,7,5,0.8,0
dl_2214,17,West_exit,16,10,0.8,0
dl_2214,16,West_exit,16,10,0.8,0
dl_2215,2,,,,,
dl_2215,10,West_exit_short,10,6,0.44,0
dl_2215,5,East_exit,7,5,0.8,0
dl_2215,7,East_exit,7,5,0.8,0
dl_2215,15,West_exit,15,10,0.8,0
dl_2215,17,West_exit,15,10,0.8,0
dl_2216,2,,,,,
dl_2216,10,West_exit_short,10,6,0.44,0
dl_2216,5,East_exit,7,5,0.8,0
dl_2216,7,East_exit,7,5,0.8,0
dl_2216,17,West_exit,17,11,0.8,0
dl_2217,2,,,,,
dl_2217,10,West_exit_short,10,6,0.44,0
dl_2217,5,East_exit,7,5,0.8,0
dl_2217,7,East_exit,7,5,0.8,0
dl_2217,20,West_exit,19,12,0.8,0
dl_2217,19,West_exit,19,12,0.8,0
dl_2218,2,,,,,
dl_2218,10,West_exit_short,10,6,0.44,0
dl_2218,5,East_exit,7,5,0.8,0
dl_2218,7,East_exit,7,5,0.8,0
dl_2218,18,West_exit,18,12,0.8,0
dl_2218,20,West_exit,18,12,0.8,0
dl_2219,3,,,,,
dl_2219,20,West_exit,20,13,0.8,0
dl_2219,19,East_exit_short,19,13,0.44,0
dl_2219,10,West_exit_short,10,6,0.44,0
dl_2219,5,East_exit,7,5,0.8,0
dl_2219,7,East_exit,7,5,0.8,0
dl_2220,3,,,,,
dl_2220,20,West_exit,20,13,0.8,0
dl_2220,18,East_exit_short,18,13,0.44,0
dl_2220,10,West_exit_short,10,6,0.44,0
dl_2220,5,East_exit,7,5,0.8,0
dl_2220,7,East_exit,7,5,0.8,0
dl_2221,3,,,,,
dl_2221,20,West_exit,20,13,0.8,0
dl_2221,17,East_exit_short,17,12,0.44,0
dl_2221,10,West_exit_short,10,6,0.44,0
dl_2221,5,East_exit,7,5,0.8,0
dl_2221,7,East_exit,7,5,0.8,0
dl_2222,2,,,,,
dl_2222,10,West_exit_short,10,6,0.44,0
dl_2222,5,East_exit,7,5,0.8,0
dl_2222,7,East_exit,7,5,0.8,0
dl_2222,20,West_exit,20,13,0.8,0
dl_2223,2,,,,,
dl_2223,23,West_exit,22,14,0.8,0
dl_2223,22,West_exit,22,14,0.8,0
dl_2223,5,East_exit,7,5,0.8,0
dl_2223,7,East_exit,7,5,0.8,0
dl_2223,10,West_exit_short,10,6,0.44,0
dl_2224,2,,,,,
dl_2224,23,West_exit,21,14,0.8,0
dl_2224,21,West_exit,21,14,0.8,0
dl_2224,5,East_exit,7,5,0.8,0
dl_2224,7,East_exit,7,5,0.8,0
dl_2224,10,West_exit_short,10,6,0.44,0
dl_2225,3,,,,,
dl_2225,23,West_exit,23,15,0.8,0
dl_2225,22,East_exit_short,22,15,0.44,0
dl_2225,10,West_exit_short,10,6,0.44,0
dl_2225,5,East_exit,7,5,0.8,0
dl_2225,7,East_exit,7,5,0.8,0
dl_2226,3,,,,,
dl_2226,21,East_exit_short,21,15,0.44,0
dl_2226,23,West_exit,23,15,0.8,0
dl_2226,5,East_exit,7,5,0.8,0
dl_2226,7,East_exit,7,5,0.8,0
dl_2226,10,West_exit_short,10,6,0.44,0
dl_2227,3,,,,,
dl_2227,20,East_exit_short,20,14,0.44,0
dl_2227,23,West_exit,23,15,0.8,0
dl_2227,5,East_exit,7,5,0.8,0
dl_2227,7,East_exit,7,5,0.8,0
dl_2227,10,West_exit_short,10,6,0.44,0
dl_2228,3,,,,,
dl_2228,19,East_exit_short,19,13,0.44,0
dl_2228,10,West_exit_short,10,6,0.44,0
dl_2228,5,East_exit,7,5,0.8,0
dl_2228,7,East_exit,7,5,0.8,0
dl_2228,23,West_exit,23,15,0.8,0
dl_2229,2,,,,,
dl_2229,23,West_exit,23,15,0.8,0
dl_2229,5,East_exit,7,5,0.8,0
dl_2229,7,East_exit,7,5,0.8,0
dl_2229,10,West_exit_short,10,6,0.44,0
dl_2230,2,,,,,
dl_2230,5,East_exit,6,5,0.8,0
dl_2230,7,West_exit_short,7,4,0.44,0
dl_2230,11,West_exit,10,6,0.8,0
dl_2230,10,West_exit,10,6,0.8,0
dl_2231,2,,,,,
dl_2231,5,East_exit,6,5,0.8,0
dl_2231,7,West_exit_short,7,4,0.44,0
dl_2231,9,West_exit,9,6,0.8,0
dl_2231,11,West_exit,9,6,0.8,0
dl_2232,2,,,,,
dl_2232,5,East_exit,6,5,0.8,0
dl_2232,7,West_exit_short,7,4,0.44,0
dl_2232,11,West_exit,11,7,0.8,0
dl_2233,2,,,,,
dl_2233,5,East_exit,6,5,0.8,0
dl_2233,7,West_exit_short,7,4,0.44,0
dl_2233,14,West_exit,13,8,0.8,0
dl_2233,13,West_exit,13,8,0.8,0
dl_2234,2,,,,,
dl_2234,5,East_exit,6,5,0.8,0
dl_2234,7,West_exit_short,7,4,0.44,0
dl_2234,12,West_exit,12,8,0.8,0
dl_2234,14,West_exit,12,8,0.8,0
dl_2235,2,,,,,
dl_2235,5,East_exit,6,5,0.8,0
dl_2235,7,West_exit_short,7,4,0.44,0
dl_2235,14,West_exit,14,9,0.8,0
dl_2236,2,,,,,
dl_2236,5,East_exit,6,5,0.8,0
dl_2236,7,West_exit_short,7,4,0.44,0
dl_2236,17,West_exit,16,10,0.8,0
dl_2236,16,West_exit,16,10,0.8,0
dl_2237,2,,,,,
dl_2237,5,East_exit,6,5,0.8,0
dl_2237,7,West_exit_short,7,4,0.44,0
dl_2237,15,West_exit,15,10,0.8,0
dl_2237,17,West_exit,15,10,0.8,0
dl_2238,2,,,,,
dl_2238,5,East_exit,6,5,0.8,0
dl_2238,7,West_exit_short,7,4,0.44,0
dl_2238,17,West_exit,17,11,0.8,0
dl_2239,2,,,,,
dl_2239,5,East_exit,6,5,0.8,0
dl_2239,7,West_exit_short,7,4,0.44,0
dl_2239,20,West_exit,19,12,0.8,0
dl_2239,19,West_exit,19,12,0.8,0
dl_2240,2,,,,,
dl_2240,5,East_exit,6,5,0.8,0
dl_2240,7,West_exit_short,7,4,0.44,0
dl_2240,18,West_exit,18,12,0.8,0
dl_2240,20,West_exit,18,12,0.8,0
dl_2241,3,,,,,
dl_2241,20,West_exit,20,13,0.8,0
dl_2241,5,East_exit,6,5,0.8,0
dl_2241,7,West_exit_short,7,4,0.44,0
dl_2241,19,East_exit_short,19,13,0.44,0
dl_2242,3,,,,,
dl_2242,5,East_exit,6,5,0.8,0
dl_2242,20,West_exit,20,13,0.8,0
dl_2242,18,East_exit_short,18,13,0.44,0
dl_2242,7,West_exit_short,7,4,0.44,0
dl_2243,3,,,,,
dl_2243,5,East_exit,6,5,0.8,0
dl_2243,20,West_exit,20,13,0.8,0
dl_2243,7,West_exit_short,7,4,0.44,0
dl_2243,17,East_exit_short,17,12,0.44,0
dl_2244,2,,,,,
dl_2244,8,West_exit_short,8,5,0.44,0
dl_2244,6,East_exit,6,5,0.8,0
dl_2244,5,East_exit,6,5,0.8,0
dl_2244,11,West_exit,10,6,0.8,0
dl_2244,10,West_exit,10,6,0.8,0
dl_2245,2,,,,,
dl_2245,8,West_exit_short,8,5,0.44,0
dl_2245,6,East_exit,6,5,0.8,0
dl_2245,5,East_exit,6,5,0.8,0
dl_2245,9,West_exit,9,6,0.8,0
dl_2245,11,West_exit,9,6,0.8,0
dl_2246,2,,,,,
dl_2246,8,West_exit_short,8,5,0.44,0
dl_2246,6,East_exit,6,5,0.8,0
dl_2246,5,East_exit,6,5,0.8,0
dl_2246,11,West_exit,11,7,0.8,0
dl_2247,2,,,,,
dl_2247,8,West_exit_short,8,5,0.44,0
dl_2247,6,East_exit,6,5,0.8,0
dl_2247,5,East_exit,6,5,0.8,0
dl_2247,14,West_exit,13,8,0.8,0
dl_2247,13,West_exit,13,8,0.8,0
dl_2248,2,,,,,
dl_2248,8,West_exit_short,8,5,0.44,0
dl_2248,6,East_exit,6,5,0.8,0
dl_2248,5,East_exit,6,5,0.8,0
dl_2248,12,West_exit,12,8,0.8,0
dl_2248,14,West_exit,12,8,0.8,0
dl_2249,2,,,,,
dl_2249,8,West_exit_short,8,5,0.44,0
dl_2249,6,East_exit,6,5,0.8,0
dl_2249,5,East_exit,6,5,0.8,0
dl_2249,14,West_exit,14,9,0.8,0
dl_2250,2,,,,,
dl_2250,8,West_exit_short,8,5,0.44,0
dl_2250,6,East_exit,6,5,0.8,0
dl_2250,5,East_exit,6,5,0.8,0
dl_2250,17,West_exit,16,10,0.8,0
dl_2250,16,West_exit,16,10,0.8,0
dl_2251,2,,,,,
dl_2251,8,West_exit_short,8,5,0.44,0
dl_2251,6,East_exit,6,5,0.8,0
dl_2251,5,East_exit,6,5,0.8,0
dl_2251,15,West_exit,15,10,0.8,0
dl_2251,17,West_exit,15,10,0.8,0
dl_2252,2,,,,,
dl_2252,8,West_exit_short,8,5,0.44,0
dl_2252,6,East_exit,6,5,0.8,0
dl_2252,5,East_exit,6,5,0.8,0
dl_2252,17,West_exit,17,11,0.8,0
dl_2253,2,,,,,
dl_2253,8,West_exit_short,8,5,0.44,0
dl_2253,6,East_exit,6,5,0.8,0
dl_2253,5,East_exit,6,5,0.8,0
dl_2253,20,West_exit,19,12,0.8,0
dl_2253,19,West_exit,19,12,0.8,0
dl_2254,2,,,,,
dl_2254,8,West_exit_short,8,5,0.44,0
dl_2254,6,East_exit,6,5,0.8,0
dl_2254,5,East_exit,6,5,0.8,0
dl_2254,18,West_exit,18,12,0.8,0
dl_2254,20,West_exit,18,12,0.8,0
dl_2255,3,,,,,
dl_2255,20,West_exit,20,13,0.8,0
dl_2255,8,West_exit_short,8,5,0.44,0
dl_2255,6,East_exit,6,5,0.8,0
dl_2255,5,East_exit,6,5,0.8,0
dl_2255,19,East_exit_short,19,13,0.44,0
dl_2256,3,,,,,
dl_2256,20,West_exit,20,13,0.8,0
dl_2256,18,East_exit_short,18,13,0.44,0
dl_2256,8,West_exit_short,8,5,0.44,0
dl_2256,6,East_exit,6,5,0.8,0
dl_2256,5,East_exit,6,5,0.8,0
dl_2257,3,,,,,
dl_2257,20,West_exit,20,13,0.8,0
dl_2257,8,West_exit_short,8,5,0.44,0
dl_2257,6,East_exit,6,5,0.8,0
dl_2257,5,East_exit,6,5,0.8,0
dl_2257,17,East_exit_short,17,12,0.44,0
dl_2258,2,,,,,
dl_2258,5,East_exit,6,5,0.8,0
dl_2258,7,West_exit_short,7,4,0.44,0
dl_2258,20,West_exit,20,13,0.8,0
dl_2259,2,,,,,
dl_2259,8,West_exit_short,8,5,0.44,0
dl_2259,6,East_exit,6,5,0.8,0
dl_2259,5,East_exit,6,5,0.8,0
dl_2259,20,West_exit,20,13,0.8,0
dl_2260,2,,,,,
dl_2260,5,East_exit,6,5,0.8,0
dl_2260,23,West_exit,22,14,0.8,0
dl_2260,22,West_exit,22,14,0.8,0
dl_2260,7,West_exit_short,7,4,0.44,0
dl_2261,2,,,,,
dl_2261,8,West_exit_short,8,5,0.44,0
dl_2261,6,East_exit,6,5,0.8,0
dl_2261,5,East_exit,6,5,0.8,0
dl_2261,23,West_exit,22,14,0.8,0
dl_2261,22,West_exit,22,14,0.8,0
dl_2262,2,,,,,
dl_2262,5,East_exit,6,5,0.8,0
dl_2262,23,West_exit,21,14,0.8,0
dl_2262,21,West_exit,21,14,0.8,0
dl_2262,7,West_exit_short,7,4,0.44,0
dl_2263,2,,,,,
dl_2263,8,West_exit_short,8,5,0.44,0
dl_2263,6,East_exit,6,5,0.8,0
dl_2263,5,East_exit,6,5,0.8,0
dl_2263,23,West_exit,21,14,0.8,0
dl_2263,21,West_exit,21,14,0.8,0
dl_2264,3,,,,,
dl_2264,23,West_exit,23,15,0.8,0
dl_2264,5,East_exit,6,5,0.8,0
dl_2264,7,West_exit_short,7,4,0.44,0
dl_2264,22,East_exit_short,22,15,0.44,0
dl_2265,3,,,,,
dl_2265,5,East_exit,6,5,0.8,0
dl_2265,21,East_exit_short,21,15,0.44,0
dl_2265,7,West_exit_short,7,4,0.44,0
dl_2265,23,West_exit,23,15,0.8,0
dl_2266,3,,,,,
dl_2266,5,East_exit,6,5,0.8,0
dl_2266,20,East_exit_short,20,14,0.44,0
dl_2266,7,West_exit_short,7,4,0.44,0
dl_2266,23,West_exit,23,15,0.8,0
dl_2267,3,,,,,
dl_2267,5,East_exit,6,5,0.8,0
dl_2267,7,West_exit_short,7,4,0.44,0
dl_2267,19,East_exit_short,19,13,0.44,0
dl_2267,23,West_exit,23,15,0.8,0
dl_2268,2,,,,,
dl_2268,5,East_exit,6,5,0.8,0
dl_2268,7,West_exit_short,7,4,0.44,0
dl_2268,23,West_exit,23,15,0.8,0
dl_2269,3,,,,,
dl_2269,23,West_exit,23,15,0.8,0
dl_2269,8,West_exit_short,8,5,0.44,0
dl_2269,6,East_exit,6,5,0.8,0
dl_2269,5,East_exit,6,5,0.8,0
dl_2269,22,East_exit_short,22,15,0.44,0
dl_2270,3,,,,,
dl_2270,21,East_exit_short,21,15,0.44,0
dl_2270,8,West_exit_short,8,5,0.44,0
dl_2270,6,East_exit,6,5,0.8,0
dl_2270,5,East_exit,6,5,0.8,0
dl_2270,23,West_exit,23,15,0.8,0
dl_2271,3,,,,,
dl_2271,20,East_exit_short,20,14,0.44,0
dl_2271,8,West_exit_short,8,5,0.44,0
dl_2271,6,East_exit,6,5,0.8,0
dl_2271,5,East_exit,6,5,0.8,0
dl_2271,23,West_exit,23,15,0.8,0
dl_2272,3,,,,,
dl_2272,8,West_exit_short,8,5,0.44,0
dl_2272,6,East_exit,6,5,0.8,0
dl_2272,5,East_exit,6,5,0.8,0
dl_2272,19,East_exit_short,19,13,0.44,0
dl_2272,23,West_exit,23,15,0.8,0
dl_2273,2,,,,,
dl_2273,8,West_exit_short,8,5,0.44,0
dl_2273,6,East_exit,6,5,0.8,0
dl_2273,5,East_exit,6,5,0.8,0
dl_2273,23,West_exit,23,15,0.8,0
dl_2274,2,,,,,
dl_2274,10,West_exit_short,10,6,0.44,0
dl_2274,14,West_exit,13,8,0.8,0
dl_2274,13,West_exit,13,8,0.8,0
dl_2274,6,East_exit,6,5,0.8,0
dl_2274,5,East_exit,6,5,0.8,0
dl_2275,2,,,,,
dl_2275,10,West_exit_short,10,6,0.44,0
dl_2275,12,West_exit,12,8,0.8,0
dl_2275,14,West_exit,12,8,0.8,0
dl_2275,6,East_exit,6,5,0.8,0
dl_2275,5,East_exit,6,5,0.8,0
dl_2276,2,,,,,
dl_2276,10,West_exit_short,10,6,0.44,0
dl_2276,6,East_exit,6,5,0.8,0
dl_2276,5,East_exit,6,5,0.8,0
dl_2276,14,West_exit,14,9,0.8,0
dl_2277,2,,,,,
dl_2277,10,West_exit_short,10,6,0.44,0
dl_2277,6,East_exit,6,5,0.8,0
dl_2277,5,East_exit,6,5,0.8,0
dl_2277,17,West_exit,16,10,0.8,0
dl_2277,16,West_exit,16,10,0.8,0
dl_2278,2,,,,,
dl_2278,10,West_exit_short,10,6,0.44,0
dl_2278,6,East_exit,6,5,0.8,0
dl_2278,5,East_exit,6,5,0.8,0
dl_2278,15,West_exit,15,10,0.8,0
dl_2278,17,West_exit,15,10,0.8,0
dl_2279,2,,,,,
dl_2279,10,West_exit_short,10,6,0.44,0
dl_2279,6,East_exit,6,5,0.8,0
dl_2279,5,East_exit,6,5,0.8,0
dl_2279,17,West_exit,17,11,0.8,0
dl_2280,2,,,,,
dl_2280,10,West_exit_short,10,6,0.44,0
dl_2280,6,East_exit,6,5,0.8,0
dl_2280,5,East_exit,6,5,0.8,0
dl_2280,20,West_exit,19,12,0.8,0
dl_2280,19,West_exit,19,12,0.8,0
dl_2281,2,,,,,
dl_2281,10,West_exit_short,10,6,0.44,0
dl_2281,6,East_exit,6,5,0.8,0
dl_2281,5,East_exit,6,5,0.8,0
dl_2281,18,West_exit,18,12,0.8,0
dl_2281,20,West_exit,18,12,0.8,0
dl_2282,3,,,,,
dl_2282,20,West_exit,20,13,0.8,0
dl_2282,19,East_exit_short,19,13,0.44,0
dl_2282,10,West_exit_short,10,6,0.44,0
dl_2282,6,East_exit,6,5,0.8,0
dl_2282,5,East_exit,6,5,0.8,0
dl_2283,3,,,,,
dl_2283,20,West_exit,20,13,0.8,0
dl_2283,18,East_exit_short,18,13,0.44,0
dl_2283,10,West_exit_short,10,6,0.44,0
dl_2283,6,East_exit,6,5,0.8,0
dl_2283,5,East_exit,6,5,0.8,0
dl_2284,3,,,,,
dl_2284,20,West_exit,20,13,0.8,0
dl_2284,17,East_exit_short,17,12,0.44,0
dl_2284,10,West_exit_short,10,6,0.44,0
dl_2284,6,East_exit,6,5,0.8,0
dl_2284,5,East_exit,6,5,0.8,0
dl_2285,2,,,,,
dl_2285,10,West_exit_short,10,6,0.44,0
dl_2285,6,East_exit,6,5,0.8,0
dl_2285,5,East_exit,6,5,0.8,0
dl_2285,20,West_exit,20,13,0.8,0
dl_2286,2,,,,,
dl_2286,23,West_exit,22,14,0.8,0
dl_2286,22,West_exit,22,14,0.8,0
dl_2286,6,East_exit,6,5,0.8,0
dl_2286,5,East_exit,6,5,0.8,0
dl_2286,10,West_exit_short,10,6,0.44,0
dl_2287,2,,,,,
dl_2287,23,West_exit,21,14,0.8,0
dl_2287,21,West_exit,21,14,0.8,0
dl_2287,6,East_exit,6,5,0.8,0
dl_2287,5,East_exit,6,5,0.8,0
dl_2287,10,West_exit_short,10,6,0.44,0
dl_2288,3,,,,,
dl_2288,23,West_exit,23,15,0.8,0
dl_2288,22,East_exit_short,22,15,0.44,0
dl_2288,10,West_exit_short,10,6,0.44,0
dl_2288,6,East_exit,6,5,0.8,0
dl_2288,5,East_exit,6,5,0.8,0
dl_2289,3,,,,,
dl_2289,21,East_exit_short,21,15,0.44,0
dl_2289,23,West_exit,23,15,0.8,0
dl_2289,6,East_exit,6,5,0.8,0
dl_2289,5,East_exit,6,5,0.8,0
dl_2289,10,West_exit_short,10,6,0.44,0
dl_2290,3,,,,,
dl_2290,20,East_exit_short,20,14,0.44,0
dl_2290,23,West_exit,23,15,0.8,0
dl_2290,6,East_exit,6,5,0.8,0
dl_2290,5,East_exit,6,5,0.8,0
dl_2290,10,West_exit_short,10,6,0.44,0
dl_2291,3,,,,,
dl_2291,19,East_exit_short,19,13,0.44,0
dl_2291,10,West_exit_short,10,6,0.44,0
dl_2291,6,East_exit,6,5,0.8,0
dl_2291,5,East_exit,6,5,0.8,0
dl_2291,23,West_exit,23,15,0.8,0
dl_2292,2,,,,,
dl_2292,23,West_exit,23,15,0.8,0
dl_2292,6,East_exit,6,5,0.8,0
dl_2292,5,East_exit,6,5,0.8,0
dl_2292,10,West_exit_short,10,6,0.44,0
dl_2293,2,,,,,
dl_2293,5,East_exit,5,4,0.8,0
dl_2293,7,West_exit_short,7,4,0.44,0
dl_2293,11,West_exit,10,6,0.8,0
dl_2293,10,West_exit,10,6,0.8,0
dl_2294,2,,,,,
dl_2294,5,East_exit,5,4,0.8,0
dl_2294,7,West_exit_short,7,4,0.44,0
dl_2294,9,West_exit,9,6,0.8,0
dl_2294,11,West_exit,9,6,0.8,0
dl_2295,2,,,,,
dl_2295,5,East_exit,5,4,0.8,0
dl_2295,7,West_exit_short,7,4,0.44,0
dl_2295,11,West_exit,11,7,0.8,0
dl_2296,2,,,,,
dl_2296,5,East_exit,5,4,0.8,0
dl_2296,7,West_exit_short,7,4,0.44,0
dl_2296,14,West_exit,13,8,0.8,0
dl_2296,13,West_exit,13,8,0.8,0
dl_2297,2,,,,,
dl_2297,5,East_exit,5,4,0.8,0
dl_2297,7,West_exit_short,7,4,0.44,0
dl_2297,12,West_exit,12,8,0.8,0
dl_2297,14,West_exit,12,8,0.8,0
dl_2298,2,,,,,
dl_2298,5,East_exit,5,4,0.8,0
dl_2298,7,West_exit_short,7,4,0.44,0
dl_2298,14,West_exit,14,9,0.8,0
dl_2299,2,,,,,
dl_2299,5,East_exit,5,4,0.8,0
dl_2299,7,West_exit_short,7,4,0.44,0
dl_2299,17,West_exit,16,10,0.8,0
dl_2299,16,West_exit,16,10,0.8,0
dl_2300,2,,,,,
dl_2300,5,East_exit,5,4,0.8,0
dl_2300,7,West_exit_short,7,4,0.44,0
dl_2300,15,West_exit,15,10,0.8,0
dl_2300,17,West_exit,15,10,0.8,0
dl_2301,2,,,,,
dl_2301,5,East_exit,5,4,0.8,0
dl_2301,7,West_exit_short,7,4,0.44,0
dl_2301,17,West_exit,17,11,0.8,0
dl_2302,2,,,,,
dl_2302,5,East_exit,5,4,0.8,0
dl_2302,7,West_exit_short,7,4,0.44,0
dl_2302,20,West_exit,19,12,0.8,0
dl_2302,19,West_exit,19,12,0.8,0
dl_2303,2,,,,,
dl_2303,5,East_exit,5,4,0.8,0
dl_2303,7,West_exit_short,7,4,0.44,0
dl_2303,18,West_exit,18,12,0.8,0
dl_2303,20,West_exit,18,12,0.8,0
dl_2304,3,,,,,
dl_2304,20,West_exit,20,13,0.8,0
dl_2304,5,East_exit,5,4,0.8,0
dl_2304,7,West_exit_short,7,4,0.44,0
dl_2304,19,East_exit_short,19,13,0.44,0
dl_2305,3,,,,,
dl_2305,5,East_exit,5,4,0.8,0
dl_2305,20,West_exit,20,13,0.8,0
dl_2305,18,East_exit_short,18,13,0.44,0
dl_2305,7,West_exit_short,7,4,0.44,0
dl_2306,3,,,,,
dl_2306,5,East_exit,5,4,0.8,0
dl_2306,20,West_exit,20,13,0.8,0
dl_2306,7,West_exit_short,7,4,0.44,0
dl_2306,17,East_exit_short,17,12,0.44,0
dl_2307,2,,,,,
dl_2307,6,West_exit_short,6,4,0.44,0
dl_2307,5,East_exit,5,4,0.8,0
dl_2307,11,West_exit,10,6,0.8,0
dl_2307,10,West_exit,10,6,0.8,0
dl_2308,2,,,,,
dl_2308,6,West_exit_short,6,4,0.44,0
dl_2308,5,East_exit,5,4,0.8,0
dl_2308,9,West_exit,9,6,0.8,0
dl_2308,11,West_exit,9,6,0.8,0
dl_2309,2,,,,,
dl_2309,6,West_exit_short,6,4,0.44,0
dl_2309,5,East_exit,5,4,0.8,0
dl_2309,11,West_exit,11,7,0.8,0
dl_2310,2,,,,,
dl_2310,6,West_exit_short,6,4,0.44,0
dl_2310,5,East_exit,5,4,0.8,0
dl_2310,14,West_exit,13,8,0.8,0
dl_2310,13,West_exit,13,8,0.8,0
dl_2311,2,,,,,
dl_2311,6,West_exit_short,6,4,0.44,0
dl_2311,5,East_exit,5,4,0.8,0
dl_2311,12,West_exit,12,8,0.8,0
dl_2311,14,West_exit,12,8,0.8,0
dl_2312,2,,,,,
dl_2312,6,West_exit_short,6,4,0.44,0
dl_2312,5,East_exit,5,4,0.8,0
dl_2312,14,West_exit,14,9,0.8,0
dl_2313,2,,,,,
dl_2313,6,West_exit_short,6,4,0.44,0
dl_2313,5,East_exit,5,4,0.8,0
dl_2313,17,West_exit,16,10,0.8,0
dl_2313,16,West_exit,16,10,0.8,0
dl_2314,2,,,,,
dl_2314,6,West_exit_short,6,4,0.44,0
dl_2314,5,East_exit,5,4,0.8,0
dl_2314,15,West_exit,15,10,0.8,0
dl_2314,17,West_exit,15,10,0.8,0
dl_2315,2,,,,,
dl_2315,6,West_exit_short,6,4,0.44,0
dl_2315,5,East_exit,5,4,0.8,0
dl_2315,17,West_exit,17,11,0.8,0
dl_2316,2,,,,,
dl_2316,6,West_exit_short,6,4,0.44,0
dl_2316,5,East_exit,5,4,0.8,0
dl_2316,20,West_exit,19,12,0.8,0
dl_2316,19,West_exit,19,12,0.8,0
dl_2317,2,,,,,
dl_2317,6,West_exit_short,6,4,0.44,0
dl_2317,5,East_exit,5,4,0.8,0
dl_2317,18,West_exit,18,12,0.8,0
dl_2317,20,West_exit,18,12,0.8,0
dl_2318,3,,,,,
dl_2318,20,West_exit,20,13,0.8,0
dl_2318,6,West_exit_short,6,4,0.44,0
dl_2318,5,East_exit,5,4,0.8,0
dl_2318,19,East_exit_short,19,13,0.44,0
dl_2319,3,,,,,
dl_2319,20,West_exit,20,13,0.8,0
dl_2319,18,East_exit_short,18,13,0.44,0
dl_2319,6,West_exit_short,6,4,0.44,0
dl_2319,5,East_exit,5,4,0.8,0
dl_2320,3,,,,,
dl_2320,20,West_exit,20,13,0.8,0
dl_2320,6,West_exit_short,6,4,0.44,0
dl_2320,5,East_exit,5,4,0.8,0
dl_2320,17,East_exit_short,17,12,0.44,0
dl_2321,2,,,,,
dl_2321,8,West_exit_short,8,5,0.44,0
dl_2321,5,East_exit,5,4,0.8,0
dl_2321,11,West_exit,10,6,0.8,0
dl_2321,10,West_exit,10,6,0.8,0
dl_2322,2,,,,,
dl_2322,8,West_exit_short,8,5,0.44,0
dl_2322,5,East_exit,5,4,0.8,0
dl_2322,9,West_exit,9,6,0.8,0
dl_2322,11,West_exit,9,6,0.8,0
dl_2323,2,,,,,
dl_2323,8,West_exit_short,8,5,0.44,0
dl_2323,5,East_exit,5,4,0.8,0
dl_2323,11,West_exit,11,7,0.8,0
dl_2324,2,,,,,
dl_2324,8,West_exit_short,8,5,0.44,0
dl_2324,5,East_exit,5,4,0.8,0
dl_2324,14,West_exit,13,8,0.8,0
dl_2324,13,West_exit,13,8,0.8,0
dl_2325,2,,,,,
dl_2325,8,West_exit_short,8,5,0.44,0
dl_2325,5,East_exit,5,4,0.8,0
dl_2325,12,West_exit,12,8,0.8,0
dl_2325,14,West_exit,12,8,0.8,0
dl_2326,2,,,,,
dl_2326,8,West_exit_short,8,5,0.44,0
dl_2326,5,East_exit,5,4,0.8,0
dl_2326,14,West_exit,14,9,0.8,0
dl_2327,2,,,,,
dl_2327,8,West_exit_short,8,5,0.44,0
dl_2327,5,East_exit,5,4,0.8,0
dl_2327,17,West_exit,16,10,0.8,0
dl_2327,16,West_exit,16,10,0.8,0
dl_2328,2,,,,,
dl_2328,8,West_exit_short,8,5,0.44,0
dl_2328,5,East_exit,5,4,0.8,0
dl_2328,15,West_exit,15,10,0.8,0
dl_2328,17,West_exit,15,10,0.8,0
dl_2329,2,,,,,
dl_2329,8,West_exit_short,8,5,0.44,0
dl_2329,5,East_exit,5,4,0.8,0
dl_2329,17,West_exit,17,11,0.8,0
dl_2330,2,,,,,
dl_2330,8,West_exit_short,8,5,0.44,0
dl_2330,5,East_exit,5,4,0.8,0
dl_2330,20,West_exit,19,12,0.8,0
dl_2330,19,West_exit,19,12,0.8,0
dl_2331,2,,,,,
dl_2331,8,West_exit_short,8,5,0.44,0
dl_2331,5,East_exit,5,4,0.8,0
dl_2331,18,West_exit,18,12,0.8,0
dl_2331,20,West_exit,18,12,0.8,0
dl_2332,3,,,,,
dl_2332,20,West_exit,20,13,0.8,0
dl_2332,8,West_exit_short,8,5,0.44,0
dl_2332,5,East_exit,5,4,0.8,0
dl_2332,19,East_exit_short,19,13,0.44,0
dl_2333,3,,,,,
dl_2333,20,West_exit,20,13,0.8,0
dl_2333,18,East_exit_short,18,13,0.44,0
dl_2333,8,West_exit_short,8,5,0.44,0
dl_2333,5,East_exit,5,4,0.8,0
dl_2334,3,,,,,
dl_2334,20,West_exit,20,13,0.8,0
dl_2334,8,West_exit_short,8,5,0.44,0
dl_2334,5,East_exit,5,4,0.8,0
dl_2334,17,East_exit_short,17,12,0.44,0
dl_2335,2,,,,,
dl_2335,5,East_exit,5,4,0.8,0
dl_2335,7,West_exit_short,7,4,0.44,0
dl_2335,20,West_exit,20,13,0.8,0
dl_2336,2,,,,,
dl_2336,6,West_exit_short,6,4,0.44,0
dl_2336,5,East_exit,5,4,0.8,0
dl_2336,20,West_exit,20,13,0.8,0
dl_2337,2,,,,,
dl_2337,8,West_exit_short,8,5,0.44,0
dl_2337,5,East_exit,5,4,0.8,0
dl_2337,20,West_exit,20,13,0.8,0
dl_2338,2,,,,,
dl_2338,5,East_exit,5,4,0.8,0
dl_2338,23,West_exit,22,14,0.8,0
dl_2338,22,West_exit,22,14,0.8,0
dl_2338,7,West_exit_short,7,4,0.44,0
dl_2339,2,,,,,
dl_2339,6,West_exit_short,6,4,0.44,0
dl_2339,23,West_exit,22,14,0.8,0
dl_2339,22,West_exit,22,14,0.8,0
dl_2339,5,East_exit,5,4,0.8,0
dl_2340,2,,,,,
dl_2340,8,West_exit_short,8,5,0.44,0
dl_2340,5,East_exit,5,4,0.8,0
dl_2340,23,West_exit,22,14,0.8,0
dl_2340,22,West_exit,22,14,0.8,0
dl_2341,2,,,,,
dl_2341,5,East_exit,5,4,0.8,0
dl_2341,23,West_exit,21,14,0.8,0
dl_2341,21,West_exit,21,14,0.8,0
dl_2341,7,West_exit_short,7,4,0.44,0
dl_2342,2,,,,,
dl_2342,6,West_exit_short,6,4,0.44,0
dl_2342,23,West_exit,21,14,0.8,0
dl_2342,21,West_exit,21,14,0.8,0
dl_2342,5,East_exit,5,4,0.8,0
dl_2343,2,,,,,
dl_2343,8,West_exit_short,8,5,0.44,0
dl_2343,5,East_exit,5,4,0.8,0
dl_2343,23,West_exit,21,14,0.8,0
dl_2343,21,West_exit,21,14,0.8,0
dl_2344,3,,,,,
dl_2344,23,West_exit,23,15,0.8,0
dl_2344,5,East_exit,5,4,0.8,0
dl_2344,7,West_exit_short,7,4,0.44,0
dl_2344,22,East_exit_short,22,15,0.44,0
dl_2345,3,,,,,
dl_2345,5,East_exit,5,4,0.8,0
dl_2345,21,East_exit_short,21,15,0.44,0
dl_2345,7,West_exit_short,7,4,0.44,0
dl_2345,23,West_exit,23,15,0.8,0
dl_2346,3,,,,,
dl_2346,5,East_exit,5,4,0.8,0
dl_2346,20,East_exit_short,20,14,0.44,0
dl_2346,7,West_exit_short,7,4,0.44,0
dl_2346,23,West_exit,23,15,0.8,0
dl_2347,3,,,,,
dl_2347,5,East_exit,5,4,0.8,0
dl_2347,7,West_exit_short,7,4,0.44,0
dl_2347,19,East_exit_short,19,13,0.44,0
dl_2347,23,West_exit,23,15,0.8,0
dl_2348,2,,,,,
dl_2348,5,East_exit,5,4,0.8,0
dl_2348,7,West_exit_short,7,4,0.44,0
dl_2348,23,West_exit,23,15,0.8,0
dl_2349,3,,,,,
dl_2349,23,West_exit,23,15,0.8,0
dl_2349,6,West_exit_short,6,4,0.44,0
dl_2349,5,East_exit,5,4,0.8,0
dl_2349,22,East_exit_short,22,15,0.44,0
dl_2350,3,,,,,
dl_2350,21,East_exit_short,21,15,0.44,0
dl_2350,6,West_exit_short,6,4,0.44,0
dl_2350,5,East_exit,5,4,0.8,0
dl_2350,23,West_exit,23,15,0.8,0
dl_2351,3,,,,,
dl_2351,20,East_exit_short,20,14,0.44,0
dl_2351,6,West_exit_short,6,4,0.44,0
dl_2351,5,East_exit,5,4,0.8,0
dl_2351,23,West_exit,23,15,0.8,0
dl_2352,3,,,,,
dl_2352,6,West_exit_short,6,4,0.44,0
dl_2352,5,East_exit,5,4,0.8,0
dl_2352,19,East_exit_short,19,13,0.44,0
dl_2352,23,West_exit,23,15,0.8,0
dl_2353,2,,,,,
dl_2353,6,West_exit_short,6,4,0.44,0
dl_2353,5,East_exit,5,4,0.8,0
dl_2353,23,West_exit,23,15,0.8,0
dl_2354,3,,,,,
dl_2354,23,West_exit,23,15,0.8,0
dl_2354,8,West_exit_short,8,5,0.44,0
dl_2354,5,East_exit,5,4,0.8,0
dl_2354,22,East_exit_short,22,15,0.44,0
dl_2355,3,,,,,
dl_2355,21,East_exit_short,21,15,0.44,0
dl_2355,8,West_exit_short,8,5,0.44,0
dl_2355,5,East_exit,5,4,0.8,0
dl_2355,23,West_exit,23,15,0.8,0
dl_2356,3,,,,,
dl_2356,20,East_exit_short,20,14,0.44,0
dl_2356,8,West_exit_short,8,5,0.44,0
dl_2356,5,East_exit,5,4,0.8,0
dl_2356,23,West_exit,23,15,0.8,0
dl_2357,3,,,,,
dl_2357,8,West_exit_short,8,5,0.44,0
dl_2357,5,East_exit,5,4,0.8,0
dl_2357,19,East_exit_short,19,13,0.44,0
dl_2357,23,West_exit,23,15,0.8,0
dl_2358,2,,,,,
dl_2358,8,West_exit_short,8,5,0.44,0
dl_2358,5,East_exit,5,4,0.8,0
dl_2358,23,West_exit,23,15,0.8,0
dl_2359,2,,,,,
dl_2359,10,West_exit_short,10,6,0.44,0
dl_2359,14,West_exit,13,8,0.8,0
dl_2359,13,West_exit,13,8,0.8,0
dl_2359,5,East_exit,5,4,0.8,0
dl_2360,2,,,,,
dl_2360,10,West_exit_short,10,6,0.44,0
dl_2360,12,West_exit,12,8,0.8,0
dl_2360,14,West_exit,12,8,0.8,0
dl_2360,5,East_exit,5,4,0.8,0
dl_2361,2,,,,,
dl_2361,10,West_exit_short,10,6,0.44,0
dl_2361,5,East_exit,5,4,0.8,0
dl_2361,14,West_exit,14,9,0.8,0
dl_2362,2,,,,,
dl_2362,10,West_exit_short,10,6,0.44,0
dl_2362,5,East_exit,5,4,0.8,0
dl_2362,17,West_exit,16,10,0.8,0
dl_2362,16,West_exit,16,10,0.8,0
dl_2363,2,,,,,
dl_2363,10,West_exit_short,10,6,0.44,0
dl_2363,5,East_exit,5,4,0.8,0
dl_2363,15,West_exit,15,10,0.8,0
dl_2363,17,West_exit,15,10,0.8,0
dl_2364,2,,,,,
dl_2364,10,West_exit_short,10,6,0.44,0
dl_2364,5,East_exit,5,4,0.8,0
dl_2364,17,West_exit,17,11,0.8,0
dl_2365,2,,,,,
dl_2365,10,West_exit_short,10,6,0.44,0
dl_2365,5,East_exit,5,4,0.8,0
dl_2365,20,West_exit,19,12,0.8,0
dl_2365,19,West_exit,19,12,0.8,0
dl_2366,2,,,,,
dl_2366,10,West_exit_short,10,6,0.44,0
dl_2366,5,East_exit,5,4,0.8,0
dl_2366,18,West_exit,18,12,0.8,0
dl_2366,20,West_exit,18,12,0.8,0
dl_2367,3,,,,,
dl_2367,20,West_exit,20,13,0.8,0
dl_2367,19,East_exit_short,19,13,0.44,0
dl_2367,10,West_exit_short,10,6,0.44,0
dl_2367,5,East_exit,5,4,0.8,0
dl_2368,3,,,,,
dl_2368,20,West_exit,20,13,0.8,0
dl_2368,18,East_exit_short,18,13,0.44,0
dl_2368,10,West_exit_short,10,6,0.44,0
dl_2368,5,East_exit,5,4,0.8,0
dl_2369,3,,,,,
dl_2369,20,West_exit,20,13,0.8,0
dl_2369,17,East_exit_short,17,12,0.44,0
dl_2369,10,West_exit_short,10,6,0.44,0
dl_2369,5,East_exit,5,4,0.8,0
dl_2370,2,,,,,
dl_2370,10,West_exit_short,10,6,0.44,0
dl_2370,5,East_exit,5,4,0.8,0
dl_2370,20,West_exit,20,13,0.8,0
dl_2371,2,,,,,
dl_2371,23,West_exit,22,14,0.8,0
dl_2371,22,West_exit,22,14,0.8,0
dl_2371,10,West_exit_short,10,6,0.44,0
dl_2371,5,East_exit,5,4,0.8,0
dl_2372,2,,,,,
dl_2372,23,West_exit,21,14,0.8,0
dl_2372,21,West_exit,21,14,0.8,0
dl_2372,10,West_exit_short,10,6,0.44,0
dl_2372,5,East_exit,5,4,0.8,0
dl_2373,3,,,,,
dl_2373,23,West_exit,23,15,0.8,0
dl_2373,22,East_exit_short,22,15,0.44,0
dl_2373,10,West_exit_short,10,6,0.44,0
dl_2373,5,East_exit,5,4,0.8,0
dl_2374,3,,,,,
dl_2374,21,East_exit_short,21,15,0.44,0
dl_2374,23,West_exit,23,15,0.8,0
dl_2374,10,West_exit_short,10,6,0.44,0
dl_2374,5,East_exit,5,4,0.8,0
dl_2375,3,,,,,
dl_2375,20,East_exit_short,20,14,0.44,0
dl_2375,23,West_exit,23,15,0.8,0
dl_2375,10,West_exit_short,10,6,0.44,0
dl_2375,5,East_exit,5,4,0.8,0
dl_2376,3,,,,,
dl_2376,19,East_exit_short,19,13,0.44,0
dl_2376,10,West_exit_short,10,6,0.44,0
dl_2376,5,East_exit,5,4,0.8,0
dl_2376,23,West_exit,23,15,0.8,0
dl_2377,2,,,,,
dl_2377,23,West_exit,23,15,0.8,0
dl_2377,10,West_exit_short,10,6,0.44,0
dl_2377,5,East_exit,5,4,0.8,0
dl_2378,3,,,,,
dl_2378,22,East_exit_short,22,15,0.44,0
dl_2378,26,West_exit,25,16,0.8,0
dl_2378,24,East_exit_short,24,17,0.44,0
dl_2378,11,East_exit,13,9,0.8,0
dl_2378,13,East_exit,13,9,0.8,0
dl_2379,3,,,,,
dl_2379,22,East_exit_short,22,15,0.44,0
dl_2379,26,West_exit,25,16,0.8,0
dl_2379,24,East_exit_short,24,17,0.44,0
dl_2379,12,East_exit,12,9,0.8,0
dl_2379,11,East_exit,12,9,0.8,0
dl_2380,3,,,,,
dl_2380,22,East_exit_short,22,15,0.44,0
dl_2380,26,West_exit,25,16,0.8,0
dl_2380,24,East_exit_short,24,17,0.44,0
dl_2380,11,East_exit,11,8,0.8,0
dl_2381,3,,,,,
dl_2381,22,East_exit_short,22,15,0.44,0
dl_2381,26,West_exit,25,16,0.8,0
dl_2381,24,East_exit_short,24,17,0.44,0
dl_2381,8,East_exit,10,7,0.8,0
dl_2381,10,East_exit,10,7,0.8,0
dl_2382,3,,,,,
dl_2382,22,East_exit_short,22,15,0.44,0
dl_2382,26,West_exit,25,16,0.8,0
dl_2382,24,East_exit_short,24,17,0.44,0
dl_2382,9,East_exit,9,7,0.8,0
dl_2382,8,East_exit,9,7,0.8,0
dl_2383,3,,,,,
dl_2383,22,East_exit_short,22,15,0.44,0
dl_2383,26,West_exit,25,16,0.8,0
dl_2383,24,East_exit_short,24,17,0.44,0
dl_2383,8,East_exit,8,6,0.8,0
dl_2384,3,,,,,
dl_2384,21,East_exit_short,21,15,0.44,0
dl_2384,26,West_exit,25,16,0.8,0
dl_2384,24,East_exit_short,24,17,0.44,0
dl_2384,11,East_exit,13,9,0.8,0
dl_2384,13,East_exit,13,9,0.8,0
dl_2385,3,,,,,
dl_2385,21,East_exit_short,21,15,0.44,0
dl_2385,26,West_exit,25,16,0.8,0
dl_2385,24,East_exit_short,24,17,0.44,0
dl_2385,12,East_exit,12,9,0.8,0
dl_2385,11,East_exit,12,9,0.8,0
dl_2386,3,,,,,
dl_2386,21,East_exit_short,21,15,0.44,0
dl_2386,26,West_exit,25,16,0.8,0
dl_2386,24,East_exit_short,24,17,0.44,0
dl_2386,11,East_exit,11,8,0.8,0
dl_2387,3,,,,,
dl_2387,21,East_exit_short,21,15,0.44,0
dl_2387,26,West_exit,25,16,0.8,0
dl_2387,24,East_exit_short,24,17,0.44,0
dl_2387,8,East_exit,10,7,0.8,0
dl_2387,10,East_exit,10,7,0.8,0
dl_2388,3,,,,,
dl_2388,21,East_exit_short,21,15,0.44,0
dl_2388,26,West_exit,25,16,0.8,0
dl_2388,24,East_exit_short,24,17,0.44,0
dl_2388,9,East_exit,9,7,0.8,0
dl_2388,8,East_exit,9,7,0.8,0
dl_2389,3,,,,,
dl_2389,21,East_exit_short,21,15,0.44,0
dl_2389,26,West_exit,25,16,0.8,0
dl_2389,24,East_exit_short,24,17,0.44,0
dl_2389,8,East_exit,8,6,0.8,0
dl_2390,3,,,,,
dl_2390,20,East_exit_short,20,14,0.44,0
dl_2390,26,West_exit,25,16,0.8,0
dl_2390,24,East_exit_short,24,17,0.44,0
dl_2390,11,East_exit,13,9,0.8,0
dl_2390,13,East_exit,13,9,0.8,0
dl_2391,3,,,,,
dl_2391,20,East_exit_short,20,14,0.44,0
dl_2391,26,West_exit,25,16,0.8,0
dl_2391,24,East_exit_short,24,17,0.44,0
dl_2391,12,East_exit,12,9,0.8,0
dl_2391,11,East_exit,12,9,0.8,0
dl_2392,3,,,,,
dl_2392,20,East_exit_short,20,14,0.44,0
dl_2392,26,West_exit,25,16,0.8,0
dl_2392,24,East_exit_short,24,17,0.44,0
dl_2392,11,East_exit,11,8,0.8,0
dl_2393,3,,,,,
dl_2393,20,East_exit_short,20,14,0.44,0
dl_2393,26,West_exit,25,16,0.8,0
dl_2393,24,East_exit_short,24,17,0.44,0
dl_2393,8,East_exit,10,7,0.8,0
dl_2393,10,East_exit,10,7,0.8,0
dl_2394,3,,,,,
dl_2394,20,East_exit_short,20,14,0.44,0
dl_2394,26,West_exit,25,16,0.8,0
dl_2394,24,East_exit_short,24,17,0.44,0
dl_2394,9,East_exit,9,7,0.8,0
dl_2394,8,East_exit,9,7,0.8,0
dl_2395,3,,,,,
dl_2395,20,East_exit_short,20,14,0.44,0
dl_2395,26,West_exit,25,16,0.8,0
dl_2395,24,East_exit_short,24,17,0.44,0
dl_2395,8,East_exit,8,6,0.8,0
dl_2396,4,,,,,
dl_2396,5,East_exit,7,5,0.8,0
dl_2396,24,East_exit_short,24,17,0.44,0
dl_2396,22,East_exit_short,22,15,0.44,0
dl_2396,26,West_exit,25,16,0.8,0
dl_2396,6,West_exit_short,6,4,0.44,0
dl_2397,4,,,,,
dl_2397,5,East_exit,7,5,0.8,0
dl_2397,24,East_exit_short,24,17,0.44,0
dl_2397,21,East_exit_short,21,15,0.44,0
dl_2397,26,West_exit,25,16,0.8,0
dl_2397,6,West_exit_short,6,4,0.44,0
dl_2398,4,,,,,
dl_2398,5,East_exit,7,5,0.8,0
dl_2398,24,East_exit_short,24,17,0.44,0
dl_2398,26,West_exit,25,16,0.8,0
dl_2398,6,West_exit_short,6,4,0.44,0
dl_2398,20,East_exit_short,20,14,0.44,0
dl_2399,3,,,,,
dl_2399,26,West_exit,25,16,0.8,0
dl_2399,24,East_exit_short,24,17,0.44,0
dl_2399,11,East_exit,13,9,0.8,0
dl_2399,13,East_exit,13,9,0.8,0
dl_2399,19,East_exit_short,19,13,0.44,0
dl_2400,3,,,,,
dl_2400,26,West_exit,25,16,0.8,0
dl_2400,24,East_exit_short,24,17,0.44,0
dl_2400,12,East_exit,12,9,0.8,0
dl_2400,11,East_exit,12,9,0.8,0
dl_2400,19,East_exit_short,19,13,0.44,0
dl_2401,3,,,,,
dl_2401,26,West_exit,25,16,0.8,0
dl_2401,19,East_exit_short,19,13,0.44,0
dl_2401,24,East_exit_short,24,17,0.44,0
dl_2401,11,East_exit,11,8,0.8,0
dl_2402,3,,,,,
dl_2402,26,West_exit,25,16,0.8,0
dl_2402,19,East_exit_short,19,13,0.44,0
dl_2402,24,East_exit_short,24,17,0.44,0
dl_2402,8,East_exit,10,7,0.8,0
dl_2402,10,East_exit,10,7,0.8,0
dl_2403,3,,,,,
dl_2403,26,West_exit,25,16,0.8,0
dl_2403,19,East_exit_short,19,13,0.44,0
dl_2403,24,East_exit_short,24,17,0.44,0
dl_2403,9,East_exit,9,7,0.8,0
dl_2403,8,East_exit,9,7,0.8,0
dl_2404,3,,,,,
dl_2404,26,West_exit,25,16,0.8,0
dl_2404,19,East_exit_short,19,13,0.44,0
dl_2404,24,East_exit_short,24,17,0.44,0
dl_2404,8,East_exit,8,6,0.8,0
dl_2405,4,,,,,
dl_2405,5,East_exit,7,5,0.8,0
dl_2405,24,East_exit_short,24,17,0.44,0
dl_2405,26,West_exit,25,16,0.8,0
dl_2405,6,West_exit_short,6,4,0.44,0
dl_2405,19,East_exit_short,19,13,0.44,0
dl_2406,1,,,,,
dl_2406,26,West_exit,25,16,0.8,0
dl_2406,25,West_exit,25,16,0.8,0
dl_2406,15,East_exit,15,11,0.8,0
dl_2406,14,East_exit,15,11,0.8,0
dl_2407,1,,,,,
dl_2407,26,West_exit,25,16,0.8,0
dl_2407,25,West_exit,25,16,0.8,0
dl_2407,14,East_exit,14,10,0.8,0
dl_2408,1,,,,,
dl_2408,26,West_exit,25,16,0.8,0
dl_2408,25,West_exit,25,16,0.8,0
dl_2408,11,East_exit,13,9,0.8,0
dl_2408,13,East_exit,13,9,0.8,0
dl_2409,1,,,,,
dl_2409,26,West_exit,25,16,0.8,0
dl_2409,25,West_exit,25,16,0.8,0
dl_2409,12,East_exit,12,9,0.8,0
dl_2409,11,East_exit,12,9,0.8,0
dl_2410,1,,,,,
dl_2410,26,West_exit,25,16,0.8,0
dl_2410,25,West_exit,25,16,0.8,0
dl_2410,11,East_exit,11,8,0.8,0
dl_2411,1,,,,,
dl_2411,26,West_exit,25,16,0.8,0
dl_2411,25,West_exit,25,16,0.8,0
dl_2411,8,East_exit,10,7,0.8,0
dl_2411,10,East_exit,10,7,0.8,0
dl_2412,1,,,,,
dl_2412,26,West_exit,25,16,0.8,0
dl_2412,25,West_exit,25,16,0.8,0
dl_2412,9,East_exit,9,7,0.8,0
dl_2412,8,East_exit,9,7,0.8,0
dl_2413,1,,,,,
dl_2413,26,West_exit,25,16,0.8,0
dl_2413,25,West_exit,25,16,0.8,0
dl_2413,8,East_exit,8,6,0.8,0
dl_2414,2,,,,,
dl_2414,5,East_exit,7,5,0.8,0
dl_2414,26,West_exit,25,16,0.8,0
dl_2414,25,West_exit,25,16,0.8,0
dl_2414,6,West_exit_short,6,4,0.44,0
dl_2415,4,,,,,
dl_2415,24,East_exit_short,24,17,0.44,0
dl_2415,8,West_exit_short,8,5,0.44,0
dl_2415,5,East_exit,7,5,0.8,0
dl_2415,7,East_exit,7,5,0.8,0
dl_2415,22,East_exit_short,22,15,0.44,0
dl_2415,26,West_exit,25,16,0.8,0
dl_2415,25,West_exit,25,16,0.8,0
dl_2416,4,,,,,
dl_2416,8,West_exit_short,8,5,0.44,0
dl_2416,5,East_exit,7,5,0.8,0
dl_2416,7,East_exit,7,5,0.8,0
dl_2416,24,East_exit_short,24,17,0.44,0
dl_2416,21,East_exit_short,21,15,0.44,0
dl_2416,26,West_exit,25,16,0.8,0
dl_2416,25,West_exit,25,16,0.8,0
dl_2417,4,,,,,
dl_2417,8,West_exit_short,8,5,0.44,0
dl_2417,5,East_exit,7,5,0.8,0
dl_2417,7,East_exit,7,5,0.8,0
dl_2417,24,East_exit_short,24,17,0.44,0
dl_2417,26,West_exit,25,16,0.8,0
dl_2417,25,West_exit,25,16,0.8,0
dl_2417,20,East_exit_short,20,14,0.44,0
dl_2418,4,,,,,
dl_2418,8,West_exit_short,8,5,0.44,0
dl_2418,5,East_exit,7,5,0.8,0
dl_2418,7,East_exit,7,5,0.8,0
dl_2418,24,East_exit_short,24,17,0.44,0
dl_2418,26,West_exit,25,16,0.8,0
dl_2418,25,West_exit,25,16,0.8,0
dl_2418,19,East_exit_short,19,13,0.44,0
dl_2419,2,,,,,
dl_2419,8,West_exit_short,8,5,0.44,0
dl_2419,5,East_exit,7,5,0.8,0
dl_2419,7,East_exit,7,5,0.8,0
dl_2419,26,West_exit,25,16,0.8,0
dl_2419,25,West_exit,25,16,0.8,0
dl_2420,4,,,,,
dl_2420,22,East_exit_short,22,15,0.44,0
dl_2420,26,West_exit,25,16,0.8,0
dl_2420,25,West_exit,25,16,0.8,0
dl_2420,24,East_exit_short,24,17,0.44,0
dl_2420,5,East_exit,7,5,0.8,0
dl_2420,7,East_exit,7,5,0.8,0
dl_2420,10,West_exit_short,10,6,0.44,0
dl_2421,4,,,,,
dl_2421,5,East_exit,7,5,0.8,0
dl_2421,7,East_exit,7,5,0.8,0
dl_2421,24,East_exit_short,24,17,0.44,0
dl_2421,21,East_exit_short,21,15,0.44,0
dl_2421,26,West_exit,25,16,0.8,0
dl_2421,25,West_exit,25,16,0.8,0
dl_2421,10,West_exit_short,10,6,0.44,0
dl_2422,4,,,,,
dl_2422,5,East_exit,7,5,0.8,0
dl_2422,7,East_exit,7,5,0.8,0
dl_2422,24,East_exit_short,24,17,0.44,0
dl_2422,26,West_exit,25,16,0.8,0
dl_2422,25,West_exit,25,16,0.8,0
dl_2422,20,East_exit_short,20,14,0.44,0
dl_2422,10,West_exit_short,10,6,0.44,0
dl_2423,4,,,,,
dl_2423,5,East_exit,7,5,0.8,0
dl_2423,7,East_exit,7,5,0.8,0
dl_2423,24,East_exit_short,24,17,0.44,0
dl_2423,26,West_exit,25,16,0.8,0
dl_2423,25,West_exit,25,16,0.8,0
dl_2423,19,East_exit_short,19,13,0.44,0
dl_2423,10,West_exit_short,10,6,0.44,0
dl_2424,2,,,,,
dl_2424,5,East_exit,7,5,0.8,0
dl_2424,7,East_exit,7,5,0.8,0
dl_2424,26,West_exit,25,16,0.8,0
dl_2424,25,West_exit,25,16,0.8,0
dl_2424,10,West_exit_short,10,6,0.44,0
dl_2425,4,,,,,
dl_2425,5,East_exit,6,5,0.8,0
dl_2425,24,East_exit_short,24,17,0.44,0
dl_2425,22,East_exit_short,22,15,0.44,0
dl_2425,26,West_exit,25,16,0.8,0
dl_2425,25,West_exit,25,16,0.8,0
dl_2425,7,West_exit_short,7,4,0.44,0
dl_2426,4,,,,,
dl_2426,5,East_exit,6,5,0.8,0
dl_2426,24,East_exit_short,24,17,0.44,0
dl_2426,21,East_exit_short,21,15,0.44,0
dl_2426,26,West_exit,25,16,0.8,0
dl_2426,25,West_exit,25,16,0.8,0
dl_2426,7,West_exit_short,7,4,0.44,0
dl_2427,4,,,,,
dl_2427,5,East_exit,6,5,0.8,0
dl_2427,24,East_exit_short,24,17,0.44,0
dl_2427,26,West_exit,25,16,0.8,0
dl_2427,25,West_exit,25,16,0.8,0
dl_2427,7,West_exit_short,7,4,0.44,0
dl_2427,20,East_exit_short,20,14,0.44,0
dl_2428,4,,,,,
dl_2428,5,East_exit,6,5,0.8,0
dl_2428,24,East_exit_short,24,17,0.44,0
dl_2428,26,West_exit,25,16,0.8,0
dl_2428,25,West_exit,25,16,0.8,0
dl_2428,7,West_exit_short,7,4,0.44,0
dl_2428,19,East_exit_short,19,13,0.44,0
dl_2429,2,,,,,
dl_2429,5,East_exit,6,5,0.8,0
dl_2429,26,West_exit,25,16,0.8,0
dl_2429,25,West_exit,25,16,0.8,0
dl_2429,7,West_exit_short,7,4,0.44,0
dl_2430,4,,,,,
dl_2430,24,East_exit_short,24,17,0.44,0
dl_2430,8,West_exit_short,8,5,0.44,0
dl_2430,6,East_exit,6,5,0.8,0
dl_2430,5,East_exit,6,5,0.8,0
dl_2430,22,East_exit_short,22,15,0.44,0
dl_2430,26,West_exit,25,16,0.8,0
dl_2430,25,West_exit,25,16,0.8,0
dl_2431,4,,,,,
dl_2431,8,West_exit_short,8,5,0.44,0
dl_2431,6,East_exit,6,5,0.8,0
dl_2431,5,East_exit,6,5,0.8,0
dl_2431,24,East_exit_short,24,17,0.44,0
dl_2431,21,East_exit_short,21,15,0.44,0
dl_2431,26,West_exit,25,16,0.8,0
dl_2431,25,West_exit,25,16,0.8,0
dl_2432,4,,,,,
dl_2432,8,West_exit_short,8,5,0.44,0
dl_2432,6,East_exit,6,5,0.8,0
dl_2432,5,East_exit,6,5,0.8,0
dl_2432,24,East_exit_short,24,17,0.44,0
dl_2432,26,West_exit,25,16,0.8,0
dl_2432,25,West_exit,25,16,0.8,0
dl_2432,20,East_exit_short,20,14,0.44,0
dl_2433,4,,,,,
dl_2433,8,West_exit_short,8,5,0.44,0
dl_2433,6,East_exit,6,5,0.8,0
dl_2433,5,East_exit,6,5,0.8,0
dl_2433,24,East_exit_short,24,17,0.44,0
dl_2433,26,West_exit,25,16,0.8,0
dl_2433,25,West_exit,25,16,0.8,0
dl_2433,19,East_exit_short,19,13,0.44,0
dl_2434,2,,,,,
dl_2434,8,West_exit_short,8,5,0.44,0
dl_2434,6,East_exit,6,5,0.8,0
dl_2434,5,East_exit,6,5,0.8,0
dl_2434,26,West_exit,25,16,0.8,0
dl_2434,25,West_exit,25,16,0.8,0
dl_2435,4,,,,,
dl_2435,22,East_exit_short,22,15,0.44,0
dl_2435,26,West_exit,25,16,0.8,0
dl_2435,25,West_exit,25,16,0.8,0
dl_2435,24,East_exit_short,24,17,0.44,0
dl_2435,6,East_exit,6,5,0.8,0
dl_2435,5,East_exit,6,5,0.8,0
dl_2435,10,West_exit_short,10,6,0.44,0
dl_2436,4,,,,,
dl_2436,6,East_exit,6,5,0.8,0
dl_2436,5,East_exit,6,5,0.8,0
dl_2436,24,East_exit_short,24,17,0.44,0
dl_2436,21,East_exit_short,21,15,0.44,0
dl_2436,26,West_exit,25,16,0.8,0
dl_2436,25,West_exit,25,16,0.8,0
dl_2436,10,West_exit_short,10,6,0.44,0
dl_2437,4,,,,,
dl_2437,6,East_exit,6,5,0.8,0
dl_2437,5,East_exit,6,5,0.8,0
dl_2437,24,East_exit_short,24,17,0.44,0
dl_2437,26,West_exit,25,16,0.8,0
dl_2437,25,West_exit,25,16,0.8,0
dl_2437,20,East_exit_short,20,14,0.44,0
dl_2437,10,West_exit_short,10,6,0.44,0
dl_2438,4,,,,,
dl_2438,6,East_exit,6,5,0.8,0
dl_2438,5,East_exit,6,5,0.8,0
dl_2438,24,East_exit_short,24,17,0.44,0
dl_2438,26,West_exit,25,16,0.8,0
dl_2438,25,West_exit,25,16,0.8,0
dl_2438,19,East_exit_short,19,13,0.44,0
dl_2438,10,West_exit_short,10,6,0.44,0
dl_2439,2,,,,,
dl_2439,6,East_exit,6,5,0.8,0
dl_2439,5,East_exit,6,5,0.8,0
dl_2439,26,West_exit,25,16,0.8,0
dl_2439,25,West_exit,25,16,0.8,0
dl_2439,10,West_exit_short,10,6,0.44,0
dl_2440,4,,,,,
dl_2440,5,East_exit,5,4,0.8,0
dl_2440,24,East_exit_short,24,17,0.44,0
dl_2440,22,East_exit_short,22,15,0.44,0
dl_2440,26,West_exit,25,16,0.8,0
dl_2440,25,West_exit,25,16,0.8,0
dl_2440,7,West_exit_short,7,4,0.44,0
dl_2441,4,,,,,
dl_2441,5,East_exit,5,4,0.8,0
dl_2441,24,East_exit_short,24,17,0.44,0
dl_2441,21,East_exit_short,21,15,0.44,0
dl_2441,26,West_exit,25,16,0.8,0
dl_2441,25,West_exit,25,16,0.8,0
dl_2441,7,West_exit_short,7,4,0.44,0
dl_2442,4,,,,,
dl_2442,5,East_exit,5,4,0.8,0
dl_2442,24,East_exit_short,24,17,0.44,0
dl_2442,26,West_exit,25,16,0.8,0
dl_2442,25,West_exit,25,16,0.8,0
dl_2442,7,West_exit_short,7,4,0.44,0
dl_2442,20,East_exit_short,20,14,0.44,0
dl_2443,4,,,,,
dl_2443,5,East_exit,5,4,0.8,0
dl_2443,24,East_exit_short,24,17,0.44,0
dl_2443,26,West_exit,25,16,0.8,0
dl_2443,25,West_exit,25,16,0.8,0
dl_2443,7,West_exit_short,7,4,0.44,0
dl_2443,19,East_exit_short,19,13,0.44,0
dl_2444,2,,,,,
dl_2444,5,East_exit,5,4,0.8,0
dl_2444,26,West_exit,25,16,0.8,0
dl_2444,25,West_exit,25,16,0.8,0
dl_2444,7,West_exit_short,7,4,0.44,0
dl_2445,4,,,,,
dl_2445,24,East_exit_short,24,17,0.44,0
dl_2445,6,West_exit_short,6,4,0.44,0
dl_2445,22,East_exit_short,22,15,0.44,0
dl_2445,26,West_exit,25,16,0.8,0
dl_2445,25,West_exit,25,16,0.8,0
dl_2445,5,East_exit,5,4,0.8,0
dl_2446,4,,,,,
dl_2446,6,West_exit_short,6,4,0.44,0
dl_2446,24,East_exit_short,24,17,0.44,0
dl_2446,21,East_exit_short,21,15,0.44,0
dl_2446,26,West_exit,25,16,0.8,0
dl_2446,25,West_exit,25,16,0.8,0
dl_2446,5,East_exit,5,4,0.8,0
dl_2447,4,,,,,
dl_2447,6,West_exit_short,6,4,0.44,0
dl_2447,24,East_exit_short,24,17,0.44,0
dl_2447,26,West_exit,25,16,0.8,0
dl_2447,25,West_exit,25,16,0.8,0
dl_2447,20,East_exit_short,20,14,0.44,0
dl_2447,5,East_exit,5,4,0.8,0
dl_2448,4,,,,,
dl_2448,6,West_exit_short,6,4,0.44,0
dl_2448,24,East_exit_short,24,17,0.44,0
dl_2448,26,West_exit,25,16,0.8,0
dl_2448,25,West_exit,25,16,0.8,0
dl_2448,5,East_exit,5,4,0.8,0
dl_2448,19,East_exit_short,19,13,0.44,0
dl_2449,2,,,,,
dl_2449,6,West_exit_short,6,4,0.44,0
dl_2449,26,West_exit,25,16,0.8,0
dl_2449,25,West_exit,25,16,0.8,0
dl_2449,5,East_exit,5,4,0.8,0
dl_2450,4,,,,,
dl_2450,24,East_exit_short,24,17,0.44,0
dl_2450,8,West_exit_short,8,5,0.44,0
dl_2450,22,East_exit_short,22,15,0.44,0
dl_2450,26,West_exit,25,16,0.8,0
dl_2450,25,West_exit,25,16,0.8,0
dl_2450,5,East_exit,5,4,0.8,0
dl_2451,4,,,,,
dl_2451,8,West_exit_short,8,5,0.44,0
dl_2451,24,East_exit_short,24,17,0.44,0
dl_2451,21,East_exit_short,21,15,0.44,0
dl_2451,26,West_exit,25,16,0.8,0
dl_2451,25,West_exit,25,16,0.8,0
dl_2451,5,East_exit,5,4,0.8,0
dl_2452,4,,,,,
dl_2452,8,West_exit_short,8,5,0.44,0
dl_2452,24,East_exit_short,24,17,0.44,0
dl_2452,26,West_exit,25,16,0.8,0
dl_2452,25,West_exit,25,16,0.8,0
dl_2452,20,East_exit_short,20,14,0.44,0
dl_2452,5,East_exit,5,4,0.8,0
dl_2453,4,,,,,
dl_2453,8,West_exit_short,8,5,0.44,0
dl_2453,24,East_exit_short,24,17,0.44,0
dl_2453,26,West_exit,25,16,0.8,0
dl_2453,25,West_exit,25,16,0.8,0
dl_2453,5,East_exit,5,4,0.8,0
dl_2453,19,East_exit_short,19,13,0.44,0
dl_2454,2,,,,,
dl_2454,8,West_exit_short,8,5,0.44,0
dl_2454,26,West_exit,25,16,0.8,0
dl_2454,25,West_exit,25,16,0.8,0
dl_2454,5,East_exit,5,4,0.8,0
dl_2455,4,,,,,
dl_2455,22,East_exit_short,22,15,0.44,0
dl_2455,26,West_exit,25,16,0.8,0
dl_2455,25,West_exit,25,16,0.8,0
dl_2455,24,East_exit_short,24,17,0.44,0
dl_2455,10,West_exit_short,10,6,0.44,0
dl_2455,5,East_exit,5,4,0.8,0
dl_2456,4,,,,,
dl_2456,21,East_exit_short,21,15,0.44,0
dl_2456,26,West_exit,25,16,0.8,0
dl_2456,25,West_exit,25,16,0.8,0
dl_2456,24,East_exit_short,24,17,0.44,0
dl_2456,10,West_exit_short,10,6,0.44,0
dl_2456,5,East_exit,5,4,0.8,0
dl_2457,4,,,,,
dl_2457,20,East_exit_short,20,14,0.44,0
dl_2457,26,West_exit,25,16,0.8,0
dl_2457,25,West_exit,25,16,0.8,0
dl_2457,24,East_exit_short,24,17,0.44,0
dl_2457,10,West_exit_short,10,6,0.44,0
dl_2457,5,East_exit,5,4,0.8,0
dl_2458,4,,,,,
dl_2458,26,West_exit,25,16,0.8,0
dl_2458,25,West_exit,25,16,0.8,0
dl_2458,19,East_exit_short,19,13,0.44,0
dl_2458,24,East_exit_short,24,17,0.44,0
dl_2458,10,West_exit_short,10,6,0.44,0
dl_2458,5,East_exit,5,4,0.8,0
dl_2459,2,,,,,
dl_2459,26,West_exit,25,16,0.8,0
dl_2459,25,West_exit,25,16,0.8,0
dl_2459,10,West_exit_short,10,6,0.44,0
dl_2459,5,East_exit,5,4,0.8,0
dl_2460,1,,,,,
dl_2460,5,East_exit,7,5,0.8,0
dl_2460,8,West_exit,6,4,0.8,0
dl_2461,1,,,,,
dl_2461,5,East_exit,7,5,0.8,0
dl_2461,7,East_exit,7,5,0.8,0
dl_2461,8,West_exit,8,5,0.8,0
dl_2462,1,,,,,
dl_2462,5,East_exit,7,5,0.8,0
dl_2462,7,East_exit,7,5,0.8,0
dl_2462,11,West_exit,10,6,0.8,0
dl_2462,10,West_exit,10,6,0.8,0
dl_2463,1,,,,,
dl_2463,5,East_exit,7,5,0.8,0
dl_2463,7,East_exit,7,5,0.8,0
dl_2463,9,West_exit,9,6,0.8,0
dl_2463,11,West_exit,9,6,0.8,0
dl_2464,1,,,,,
dl_2464,5,East_exit,7,5,0.8,0
dl_2464,7,East_exit,7,5,0.8,0
dl_2464,11,West_exit,11,7,0.8,0
dl_2465,1,,,,,
dl_2465,5,East_exit,7,5,0.8,0
dl_2465,7,East_exit,7,5,0.8,0
dl_2465,14,West_exit,13,8,0.8,0
dl_2465,13,West_exit,13,8,0.8,0
dl_2466,1,,,,,
dl_2466,12,West_exit,12,8,0.8,0
dl_2466,14,West_exit,12,8,0.8,0
dl_2466,5,East_exit,7,5,0.8,0
dl_2466,7,East_exit,7,5,0.8,0
dl_2467,1,,,,,
dl_2467,14,West_exit,14,9,0.8,0
dl_2467,5,East_exit,7,5,0.8,0
dl_2467,7,East_exit,7,5,0.8,0
dl_2468,1,,,,,
dl_2468,5,East_exit,6,5,0.8,0
dl_2468,8,West_exit,7,4,0.8,0
dl_2469,1,,,,,
dl_2469,6,East_exit,6,5,0.8,0
dl_2469,5,East_exit,6,5,0.8,0
dl_2469,8,West_exit,8,5,0.8,0
dl_2470,1,,,,,
dl_2470,6,East_exit,6,5,0.8,0
dl_2470,5,East_exit,6,5,0.8,0
dl_2470,11,West_exit,10,6,0.8,0
dl_2470,10,West_exit,10,6,0.8,0
dl_2471,1,,,,,
dl_2471,6,East_exit,6,5,0.8,0
dl_2471,5,East_exit,6,5,0.8,0
dl_2471,9,West_exit,9,6,0.8,0
dl_2471,11,West_exit,9,6,0.8,0
dl_2472,1,,,,,
dl_2472,6,East_exit,6,5,0.8,0
dl_2472,5,East_exit,6,5,0.8,0
dl_2472,11,West_exit,11,7,0.8,0
dl_2473,1,,,,,
dl_2473,6,East_exit,6,5,0.8,0
dl_2473,5,East_exit,6,5,0.8,0
dl_2473,14,West_exit,13,8,0.8,0
dl_2473,13,West_exit,13,8,0.8,0
dl_2474,1,,,,,
dl_2474,6,East_exit,6,5,0.8,0
dl_2474,5,East_exit,6,5,0.8,0
dl_2474,12,West_exit,12,8,0.8,0
dl_2474,14,West_exit,12,8,0.8,0
dl_2475,1,,,,,
dl_2475,6,East_exit,6,5,0.8,0
dl_2475,5,East_exit,6,5,0.8,0
dl_2475,14,West_exit,14,9,0.8,0
dl_2476,1,,,,,
dl_2476,5,East_exit,5,4,0.8,0
dl_2476,8,West_exit,7,4,0.8,0
dl_2476,7,West_exit,7,4,0.8,0
dl_2477,1,,,,,
dl_2477,5,East_exit,5,4,0.8,0
dl_2477,6,West_exit,6,4,0.8,0
dl_2477,8,West_exit,6,4,0.8,0
dl_2478,1,,,,,
dl_2478,5,East_exit,5,4,0.8,0
dl_2478,8,West_exit,8,5,0.8,0
dl_2479,1,,,,,
dl_2479,5,East_exit,5,4,0.8,0
dl_2479,11,West_exit,10,6,0.8,0
dl_2479,10,West_exit,10,6,0.8,0
dl_2480,1,,,,,
dl_2480,5,East_exit,5,4,0.8,0
dl_2480,9,West_exit,9,6,0.8,0
dl_2480,11,West_exit,9,6,0.8,0
dl_2481,1,,,,,
dl_2481,5,East_exit,5,4,0.8,0
dl_2481,11,West_exit,11,7,0.8,0
dl_2482,1,,,,,
dl_2482,5,East_exit,5,4,0.8,0
dl_2482,14,West_exit,13,8,0.8,0
dl_2482,13,West_exit,13,8,0.8,0
dl_2483,1,,,,,
dl_2483,5,East_exit,5,4,0.8,0
dl_2483,12,West_exit,12,8,0.8,0
dl_2483,14,West_exit,12,8,0.8,0
dl_2484,1,,,,,
dl_2484,5,East_exit,5,4,0.8,0
dl_2484,14,West_exit,14,9,0.8,0
dl_2485,1,,,,,
dl_2485,17,West_exit,16,10,0.8,0
dl_2485,16,West_exit,16,10,0.8,0
dl_2485,5,East_exit,7,5,0.8,0
dl_2485,7,East_exit,7,5,0.8,0
dl_2486,1,,,,,
dl_2486,6,East_exit,6,5,0.8,0
dl_2486,5,East_exit,6,5,0.8,0
dl_2486,17,West_exit,16,10,0.8,0
dl_2486,16,West_exit,16,10,0.8,0
dl_2487,1,,,,,
dl_2487,5,East_exit,5,4,0.8,0
dl_2487,17,West_exit,16,10,0.8,0
dl_2487,16,West_exit,16,10,0.8,0
dl_2488,1,,,,,
dl_2488,15,West_exit,15,10,0.8,0
dl_2488,17,West_exit,15,10,0.8,0
dl_2488,5,East_exit,7,5,0.8,0
dl_2488,7,East_exit,7,5,0.8,0
dl_2489,1,,,,,
dl_2489,15,West_exit,15,10,0.8,0
dl_2489,17,West_exit,15,10,0.8,0
dl_2489,6,East_exit,6,5,0.8,0
dl_2489,5,East_exit,6,5,0.8,0
dl_2490,1,,,,,
dl_2490,15,West_exit,15,10,0.8,0
dl_2490,17,West_exit,15,10,0.8,0
dl_2490,5,East_exit,5,4,0.8,0
dl_2491,1,,,,,
dl_2491,17,West_exit,17,11,0.8,0
dl_2491,5,East_exit,7,5,0.8,0
dl_2491,7,East_exit,7,5,0.8,0
dl_2492,1,,,,,
dl_2492,17,West_exit,17,11,0.8,0
dl_2492,6,East_exit,6,5,0.8,0
dl_2492,5,East_exit,6,5,0.8,0
dl_2493,1,,,,,
dl_2493,17,West_exit,17,11,0.8,0
dl_2493,5,East_exit,5,4,0.8,0
dl_2494,1,,,,,
dl_2494,2,East_exit,4,3,0.8,0
dl_2494,4,East_exit,4,3,0.8,0
dl_2494,8,West_exit,7,4,0.8,0
dl_2494,7,West_exit,7,4,0.8,0
dl_2495,1,,,,,
dl_2495,2,East_exit,4,3,0.8,0
dl_2495,4,East_exit,4,3,0.8,0
dl_2495,6,West_exit,6,4,0.8,0
dl_2495,8,West_exit,6,4,0.8,0
dl_2496,1,,,,,
dl_2496,2,East_exit,4,3,0.8,0
dl_2496,4,East_exit,4,3,0.8,0
dl_2496,8,West_exit,8,5,0.8,0
dl_2497,1,,,,,
dl_2497,2,East_exit,4,3,0.8,0
dl_2497,4,East_exit,4,3,0.8,0
dl_2497,11,West_exit,10,6,0.8,0
dl_2497,10,West_exit,10,6,0.8,0
dl_2498,1,,,,,
dl_2498,2,East_exit,4,3,0.8,0
dl_2498,4,East_exit,4,3,0.8,0
dl_2498,9,West_exit,9,6,0.8,0
dl_2498,11,West_exit,9,6,0.8,0
dl_2499,1,,,,,
dl_2499,2,East_exit,4,3,0.8,0
dl_2499,4,East_exit,4,3,0.8,0
dl_2499,11,West_exit,11,7,0.8,0
dl_2500,1,,,,,
dl_2500,2,East_exit,4,3,0.8,0
dl_2500,4,East_exit,4,3,0.8,0
dl_2500,14,West_exit,13,8,0.8,0
dl_2500,13,West_exit,13,8,0.8,0
dl_2501,1,,,,,
dl_2501,2,East_exit,4,3,0.8,0
dl_2501,4,East_exit,4,3,0.8,0
dl_2501,12,West_exit,12,8,0.8,0
dl_2501,14,West_exit,12,8,0.8,0
dl_2502,1,,,,,
dl_2502,2,East_exit,4,3,0.8,0
dl_2502,4,East_exit,4,3,0.8,0
dl_2502,14,West_exit,14,9,0.8,0
dl_2503,1,,,,,
dl_2503,2,East_exit,4,3,0.8,0
dl_2503,4,East_exit,4,3,0.8,0
dl_2503,17,West_exit,16,10,0.8,0
dl_2503,16,West_exit,16,10,0.8,0
dl_2504,1,,,,,
dl_2504,2,East_exit,4,3,0.8,0
dl_2504,4,East_exit,4,3,0.8,0
dl_2504,15,West_exit,15,10,0.8,0
dl_2504,17,West_exit,15,10,0.8,0
dl_2505,1,,,,,
dl_2505,2,East_exit,4,3,0.8,0
dl_2505,4,East_exit,4,3,0.8,0
dl_2505,17,West_exit,17,11,0.8,0
dl_2506,1,,,,,
dl_2506,20,West_exit,19,12,0.8,0
dl_2506,19,West_exit,19,12,0.8,0
dl_2506,5,East_exit,7,5,0.8,0
dl_2506,7,East_exit,7,5,0.8,0
dl_2507,1,,,,,
dl_2507,20,West_exit,19,12,0.8,0
dl_2507,19,West_exit,19,12,0.8,0
dl_2507,6,East_exit,6,5,0.8,0
dl_2507,5,East_exit,6,5,0.8,0
dl_2508,1,,,,,
dl_2508,20,West_exit,19,12,0.8,0
dl_2508,19,West_exit,19,12,0.8,0
dl_2508,5,East_exit,5,4,0.8,0
dl_2509,1,,,,,
dl_2509,2,East_exit,4,3,0.8,0
dl_2509,4,East_exit,4,3,0.8,0
dl_2509,20,West_exit,19,12,0.8,0
dl_2509,19,West_exit,19,12,0.8,0
dl_2510,1,,,,,
dl_2510,18,West_exit,18,12,0.8,0
dl_2510,20,West_exit,18,12,0.8,0
dl_2510,5,East_exit,7,5,0.8,0
dl_2510,7,East_exit,7,5,0.8,0
dl_2511,1,,,,,
dl_2511,18,West_exit,18,12,0.8,0
dl_2511,20,West_exit,18,12,0.8,0
dl_2511,6,East_exit,6,5,0.8,0
dl_2511,5,East_exit,6,5,0.8,0
dl_2512,1,,,,,
dl_2512,18,West_exit,18,12,0.8,0
dl_2512,20,West_exit,18,12,0.8,0
dl_2512,5,East_exit,5,4,0.8,0
dl_2513,1,,,,,
dl_2513,2,East_exit,4,3,0.8,0
dl_2513,4,East_exit,4,3,0.8,0
dl_2513,18,West_exit,18,12,0.8,0
dl_2513,20,West_exit,18,12,0.8,0
dl_2514,2,,,,,
dl_2514,20,West_exit,20,13,0.8,0
dl_2514,19,East_exit_short,19,13,0.44,0
dl_2514,5,East_exit,7,5,0.8,0
dl_2514,7,East_exit,7,5,0.8,0
dl_2515,2,,,,,
dl_2515,20,West_exit,20,13,0.8,0
dl_2515,19,East_exit_short,19,13,0.44,0
dl_2515,6,East_exit,6,5,0.8,0
dl_2515,5,East_exit,6,5,0.8,0
dl_2516,2,,,,,
dl_2516,20,West_exit,20,13,0.8,0
dl_2516,19,East_exit_short,19,13,0.44,0
dl_2516,5,East_exit,5,4,0.8,0
dl_2517,2,,,,,
dl_2517,20,West_exit,20,13,0.8,0
dl_2517,2,East_exit,4,3,0.8,0
dl_2517,4,East_exit,4,3,0.8,0
dl_2517,19,East_exit_short,19,13,0.44,0
dl_2518,2,,,,,
dl_2518,20,West_exit,20,13,0.8,0
dl_2518,18,East_exit_short,18,13,0.44,0
dl_2518,5,East_exit,7,5,0.8,0
dl_2518,7,East_exit,7,5,0.8,0
dl_2519,2,,,,,
dl_2519,20,West_exit,20,13,0.8,0
dl_2519,18,East_exit_short,18,13,0.44,0
dl_2519,6,East_exit,6,5,0.8,0
dl_2519,5,East_exit,6,5,0.8,0
dl_2520,2,,,,,
dl_2520,20,West_exit,20,13,0.8,0
dl_2520,18,East_exit_short,18,13,0.44,0
dl_2520,5,East_exit,5,4,0.8,0
dl_2521,2,,,,,
dl_2521,20,West_exit,20,13,0.8,0
dl_2521,18,East_exit_short,18,13,0.44,0
dl_2521,2,East_exit,4,3,0.8,0
dl_2521,4,East_exit,4,3,0.8,0
dl_2522,2,,,,,
dl_2522,20,West_exit,20,13,0.8,0
dl_2522,17,East_exit_short,17,12,0.44,0
dl_2522,5,East_exit,7,5,0.8,0
dl_2522,7,East_exit,7,5,0.8,0
dl_2523,2,,,,,
dl_2523,20,West_exit,20,13,0.8,0
dl_2523,17,East_exit_short,17,12,0.44,0
dl_2523,6,East_exit,6,5,0.8,0
dl_2523,5,East_exit,6,5,0.8,0
dl_2524,2,,,,,
dl_2524,20,West_exit,20,13,0.8,0
dl_2524,17,East_exit_short,17,12,0.44,0
dl_2524,5,East_exit,5,4,0.8,0
dl_2525,2,,,,,
dl_2525,20,West_exit,20,13,0.8,0
dl_2525,2,East_exit,4,3,0.8,0
dl_2525,4,East_exit,4,3,0.8,0
dl_2525,17,East_exit_short,17,12,0.44,0
dl_2526,1,,,,,
dl_2526,20,West_exit,20,13,0.8,0
dl_2526,5,East_exit,7,5,0.8,0
dl_2526,7,East_exit,7,5,0.8,0
dl_2527,1,,,,,
dl_2527,20,West_exit,20,13,0.8,0
dl_2527,6,East_exit,6,5,0.8,0
dl_2527,5,East_exit,6,5,0.8,0
dl_2528,1,,,,,
dl_2528,20,West_exit,20,13,0.8,0
dl_2528,5,East_exit,5,4,0.8,0
dl_2529,1,,,,,
dl_2529,2,East_exit,4,3,0.8,0
dl_2529,4,East_exit,4,3,0.8,0
dl_2529,20,West_exit,20,13,0.8,0
dl_2530,1,,,,,
dl_2530,23,West_exit,22,14,0.8,0
dl_2530,22,West_exit,22,14,0.8,0
dl_2530,5,East_exit,7,5,0.8,0
dl_2530,7,East_exit,7,5,0.8,0
dl_2531,1,,,,,
dl_2531,23,West_exit,22,14,0.8,0
dl_2531,22,West_exit,22,14,0.8,0
dl_2531,6,East_exit,6,5,0.8,0
dl_2531,5,East_exit,6,5,0.8,0
dl_2532,1,,,,,
dl_2532,23,West_exit,22,14,0.8,0
dl_2532,22,West_exit,22,14,0.8,0
dl_2532,5,East_exit,5,4,0.8,0
dl_2533,1,,,,,
dl_2533,2,East_exit,4,3,0.8,0
dl_2533,4,East_exit,4,3,0.8,0
dl_2533,23,West_exit,22,14,0.8,0
dl_2533,22,West_exit,22,14,0.8,0
dl_2534,1,,,,,
dl_2534,23,West_exit,21,14,0.8,0
dl_2534,21,West_exit,21,14,0.8,0
dl_2534,5,East_exit,7,5,0.8,0
dl_2534,7,East_exit,7,5,0.8,0
dl_2535,1,,,,,
dl_2535,23,West_exit,21,14,0.8,0
dl_2535,21,West_exit,21,14,0.8,0
dl_2535,6,East_exit,6,5,0.8,0
dl_2535,5,East_exit,6,5,0.8,0
dl_2536,1,,,,,
dl_2536,23,West_exit,21,14,0.8,0
dl_2536,21,West_exit,21,14,0.8,0
dl_2536,5,East_exit,5,4,0.8,0
dl_2537,1,,,,,
dl_2537,2,East_exit,4,3,0.8,0
dl_2537,4,East_exit,4,3,0.8,0
dl_2537,23,West_exit,21,14,0.8,0
dl_2537,21,West_exit,21,14,0.8,0
dl_2538,2,,,,,
dl_2538,23,West_exit,23,15,0.8,0
dl_2538,22,East_exit_short,22,15,0.44,0
dl_2538,5,East_exit,7,5,0.8,0
dl_2538,7,East_exit,7,5,0.8,0
dl_2539,2,,,,,
dl_2539,23,West_exit,23,15,0.8,0
dl_2539,22,East_exit_short,22,15,0.44,0
dl_2539,6,East_exit,6,5,0.8,0
dl_2539,5,East_exit,6,5,0.8,0
dl_2540,2,,,,,
dl_2540,23,West_exit,23,15,0.8,0
dl_2540,22,East_exit_short,22,15,0.44,0
dl_2540,5,East_exit,5,4,0.8,0
dl_2541,2,,,,,
dl_2541,23,West_exit,23,15,0.8,0
dl_2541,2,East_exit,4,3,0.8,0
dl_2541,4,East_exit,4,3,0.8,0
dl_2541,22,East_exit_short,22,15,0.44,0
dl_2542,2,,,,,
dl_2542,21,East_exit_short,21,15,0.44,0
dl_2542,23,West_exit,23,15,0.8,0
dl_2542,5,East_exit,7,5,0.8,0
dl_2542,7,East_exit,7,5,0.8,0
dl_2543,2,,,,,
dl_2543,21,East_exit_short,21,15,0.44,0
dl_2543,23,West_exit,23,15,0.8,0
dl_2543,6,East_exit,6,5,0.8,0
dl_2543,5,East_exit,6,5,0.8,0
dl_2544,2,,,,,
dl_2544,21,East_exit_short,21,15,0.44,0
dl_2544,23,West_exit,23,15,0.8,0
dl_2544,5,East_exit,5,4,0.8,0
dl_2545,2,,,,,
dl_2545,21,East_exit_short,21,15,0.44,0
dl_2545,2,East_exit,4,3,0.8,0
dl_2545,4,East_exit,4,3,0.8,0
dl_2545,23,West_exit,23,15,0.8,0
dl_2546,2,,,,,
dl_2546,20,East_exit_short,20,14,0.44,0
dl_2546,23,West_exit,23,15,0.8,0
dl_2546,5,East_exit,7,5,0.8,0
dl_2546,7,East_exit,7,5,0.8,0
dl_2547,2,,,,,
dl_2547,20,East_exit_short,20,14,0.44,0
dl_2547,23,West_exit,23,15,0.8,0
dl_2547,6,East_exit,6,5,0.8,0
dl_2547,5,East_exit,6,5,0.8,0
dl_2548,2,,,,,
dl_2548,20,East_exit_short,20,14,0.44,0
dl_2548,23,West_exit,23,15,0.8,0
dl_2548,5,East_exit,5,4,0.8,0
dl_2549,2,,,,,
dl_2549,20,East_exit_short,20,14,0.44,0
dl_2549,2,East_exit,4,3,0.8,0
dl_2549,4,East_exit,4,3,0.8,0
dl_2549,23,West_exit,23,15,0.8,0
dl_2550,2,,,,,
dl_2550,19,East_exit_short,19,13,0.44,0
dl_2550,23,West_exit,23,15,0.8,0
dl_2550,5,East_exit,7,5,0.8,0
dl_2550,7,East_exit,7,5,0.8,0
dl_2551,2,,,,,
dl_2551,19,East_exit_short,19,13,0.44,0
dl_2551,23,West_exit,23,15,0.8,0
dl_2551,6,East_exit,6,5,0.8,0
dl_2551,5,East_exit,6,5,0.8,0
dl_2552,2,,,,,
dl_2552,19,East_exit_short,19,13,0.44,0
dl_2552,23,West_exit,23,15,0.8,0
dl_2552,5,East_exit,5,4,0.8,0
dl_2553,2,,,,,
dl_2553,2,East_exit,4,3,0.8,0
dl_2553,4,East_exit,4,3,0.8,0
dl_2553,19,East_exit_short,19,13,0.44,0
dl_2553,23,West_exit,23,15,0.8,0
dl_2554,1,,,,,
dl_2554,5,East_exit,7,5,0.8,0
dl_2554,7,East_exit,7,5,0.8,0
dl_2554,23,West_exit,23,15,0.8,0
dl_2555,1,,,,,
dl_2555,6,East_exit,6,5,0.8,0
dl_2555,5,East_exit,6,5,0.8,0
dl_2555,23,West_exit,23,15,0.8,0
dl_2556,1,,,,,
dl_2556,5,East_exit,5,4,0.8,0
dl_2556,23,West_exit,23,15,0.8,0
dl_2557,1,,,,,
dl_2557,2,East_exit,4,3,0.8,0
dl_2557,4,East_exit,4,3,0.8,0
dl_2557,23,West_exit,23,15,0.8,0
dl_2558,3,,,,,
dl_2558,22,East_exit_short,22,15,0.44,0
dl_2558,26,West_exit,25,16,0.8,0
dl_2558,25,West_exit,25,16,0.8,0
dl_2558,24,East_exit_short,24,17,0.44,0
dl_2558,5,East_exit,7,5,0.8,0
dl_2558,7,East_exit,7,5,0.8,0
dl_2559,3,,,,,
dl_2559,22,East_exit_short,22,15,0.44,0
dl_2559,26,West_exit,25,16,0.8,0
dl_2559,25,West_exit,25,16,0.8,0
dl_2559,24,East_exit_short,24,17,0.44,0
dl_2559,6,East_exit,6,5,0.8,0
dl_2559,5,East_exit,6,5,0.8,0
dl_2560,3,,,,,
dl_2560,22,East_exit_short,22,15,0.44,0
dl_2560,26,West_exit,25,16,0.8,0
dl_2560,25,West_exit,25,16,0.8,0
dl_2560,24,East_exit_short,24,17,0.44,0
dl_2560,5,East_exit,5,4,0.8,0
dl_2561,3,,,,,
dl_2561,24,East_exit_short,24,17,0.44,0
dl_2561,22,East_exit_short,22,15,0.44,0
dl_2561,26,West_exit,25,16,0.8,0
dl_2561,25,West_exit,25,16,0.8,0
dl_2561,2,East_exit,4,3,0.8,0
dl_2561,4,East_exit,4,3,0.8,0
dl_2562,3,,,,,
dl_2562,21,East_exit_short,21,15,0.44,0
dl_2562,26,West_exit,25,16,0.8,0
dl_2562,25,West_exit,25,16,0.8,0
dl_2562,24,East_exit_short,24,17,0.44,0
dl_2562,5,East_exit,7,5,0.8,0
dl_2562,7,East_exit,7,5,0.8,0
dl_2563,3,,,,,
dl_2563,21,East_exit_short,21,15,0.44,0
dl_2563,26,West_exit,25,16,0.8,0
dl_2563,25,West_exit,25,16,0.8,0
dl_2563,24,East_exit_short,24,17,0.44,0
dl_2563,6,East_exit,6,5,0.8,0
dl_2563,5,East_exit,6,5,0.8,0
dl_2564,3,,,,,
dl_2564,21,East_exit_short,21,15,0.44,0
dl_2564,26,West_exit,25,16,0.8,0
dl_2564,25,West_exit,25,16,0.8,0
dl_2564,24,East_exit_short,24,17,0.44,0
dl_2564,5,East_exit,5,4,0.8,0
dl_2565,3,,,,,
dl_2565,21,East_exit_short,21,15,0.44,0
dl_2565,26,West_exit,25,16,0.8,0
dl_2565,25,West_exit,25,16,0.8,0
dl_2565,24,East_exit_short,24,17,0.44,0
dl_2565,2,East_exit,4,3,0.8,0
dl_2565,4,East_exit,4,3,0.8,0
dl_2566,3,,,,,
dl_2566,20,East_exit_short,20,14,0.44,0
dl_2566,26,West_exit,25,16,0.8,0
dl_2566,25,West_exit,25,16,0.8,0
dl_2566,24,East_exit_short,24,17,0.44,0
dl_2566,5,East_exit,7,5,0.8,0
dl_2566,7,East_exit,7,5,0.8,0
dl_2567,3,,,,,
dl_2567,20,East_exit_short,20,14,0.44,0
dl_2567,26,West_exit,25,16,0.8,0
dl_2567,25,West_exit,25,16,0.8,0
dl_2567,24,East_exit_short,24,17,0.44,0
dl_2567,6,East_exit,6,5,0.8,0
dl_2567,5,East_exit,6,5,0.8,0
dl_2568,3,,,,,
dl_2568,20,East_exit_short,20,14,0.44,0
dl_2568,26,West_exit,25,16,0.8,0
dl_2568,25,West_exit,25,16,0.8,0
dl_2568,24,East_exit_short,24,17,0.44,0
dl_2568,5,East_exit,5,4,0.8,0
dl_2569,3,,,,,
dl_2569,20,East_exit_short,20,14,0.44,0
dl_2569,26,West_exit,25,16,0.8,0
dl_2569,25,West_exit,25,16,0.8,0
dl_2569,24,East_exit_short,24,17,0.44,0
dl_2569,2,East_exit,4,3,0.8,0
dl_2569,4,East_exit,4,3,0.8,0
dl_2570,3,,,,,
dl_2570,26,West_exit,25,16,0.8,0
dl_2570,25,West_exit,25,16,0.8,0
dl_2570,19,East_exit_short,19,13,0.44,0
dl_2570,24,East_exit_short,24,17,0.44,0
dl_2570,5,East_exit,7,5,0.8,0
dl_2570,7,East_exit,7,5,0.8,0
dl_2571,3,,,,,
dl_2571,26,West_exit,25,16,0.8,0
dl_2571,25,West_exit,25,16,0.8,0
dl_2571,19,East_exit_short,19,13,0.44,0
dl_2571,24,East_exit_short,24,17,0.44,0
dl_2571,6,East_exit,6,5,0.8,0
dl_2571,5,East_exit,6,5,0.8,0
dl_2572,3,,,,,
dl_2572,26,West_exit,25,16,0.8,0
dl_2572,25,West_exit,25,16,0.8,0
dl_2572,19,East_exit_short,19,13,0.44,0
dl_2572,24,East_exit_short,24,17,0.44,0
dl_2572,5,East_exit,5,4,0.8,0
dl_2573,3,,,,,
dl_2573,26,West_exit,25,16,0.8,0
dl_2573,25,West_exit,25,16,0.8,0
dl_2573,24,East_exit_short,24,17,0.44,0
dl_2573,2,East_exit,4,3,0.8,0
dl_2573,4,East_exit,4,3,0.8,0
dl_2573,19,East_exit_short,19,13,0.44,0
dl_2574,1,,,,,
dl_2574,26,West_exit,25,16,0.8,0
dl_2574,25,West_exit,25,16,0.8,0
dl_2574,5,East_exit,7,5,0.8,0
dl_2574,7,East_exit,7,5,0.8,0
dl_2575,1,,,,,
dl_2575,26,West_exit,25,16,0.8,0
dl_2575,25,West_exit,25,16,0.8,0
dl_2575,6,East_exit,6,5,0.8,0
dl_2575,5,East_exit,6,5,0.8,0
dl_2576,1,,,,,
dl_2576,26,West_exit,25,16,0.8,0
dl_2576,25,West_exit,25,16,0.8,0
dl_2576,5,East_exit,5,4,0.8,0
dl_2577,1,,,,,
dl_2577,26,West_exit,25,16,0.8,0
dl_2577,25,West_exit,25,16,0.8,0
dl_2577,2,East_exit,4,3,0.8,0
dl_2577,4,East_exit,4,3,0.8,0
dl_2578,1,,,,,
dl_2578,3,East_exit,3,3,0.8,0
dl_2578,2,East_exit,3,3,0.8,0
dl_2578,8,West_exit,7,4,0.8,0
dl_2578,7,West_exit,7,4,0.8,0
dl_2579,1,,,,,
dl_2579,3,East_exit,3,3,0.8,0
dl_2579,2,East_exit,3,3,0.8,0
dl_2579,6,West_exit,6,4,0.8,0
dl_2579,8,West_exit,6,4,0.8,0
dl_2580,1,,,,,
dl_2580,3,East_exit,3,3,0.8,0
dl_2580,2,East_exit,3,3,0.8,0
dl_2580,8,West_exit,8,5,0.8,0
dl_2581,1,,,,,
dl_2581,3,East_exit,3,3,0.8,0
dl_2581,2,East_exit,3,3,0.8,0
dl_2581,11,West_exit,10,6,0.8,0
dl_2581,10,West_exit,10,6,0.8,0
dl_2582,1,,,,,
dl_2582,3,East_exit,3,3,0.8,0
dl_2582,2,East_exit,3,3,0.8,0
dl_2582,9,West_exit,9,6,0.8,0
dl_2582,11,West_exit,9,6,0.8,0
dl_2583,1,,,,,
dl_2583,3,East_exit,3,3,0.8,0
dl_2583,2,East_exit,3,3,0.8,0
dl_2583,11,West_exit,11,7,0.8,0
dl_2584,1,,,,,
dl_2584,3,East_exit,3,3,0.8,0
dl_2584,2,East_exit,3,3,0.8,0
dl_2584,14,West_exit,13,8,0.8,0
dl_2584,13,West_exit,13,8,0.8,0
dl_2585,1,,,,,
dl_2585,3,East_exit,3,3,0.8,0
dl_2585,2,East_exit,3,3,0.8,0
dl_2585,12,West_exit,12,8,0.8,0
dl_2585,14,West_exit,12,8,0.8,0
dl_2586,1,,,,,
dl_2586,3,East_exit,3,3,0.8,0
dl_2586,2,East_exit,3,3,0.8,0
dl_2586,14,West_exit,14,9,0.8,0
dl_2587,1,,,,,
dl_2587,3,East_exit,3,3,0.8,0
dl_2587,2,East_exit,3,3,0.8,0
dl_2587,17,West_exit,16,10,0.8,0
dl_2587,16,West_exit,16,10,0.8,0
dl_2588,1,,,,,
dl_2588,3,East_exit,3,3,0.8,0
dl_2588,2,East_exit,3,3,0.8,0
dl_2588,15,West_exit,15,10,0.8,0
dl_2588,17,West_exit,15,10,0.8,0
dl_2589,1,,,,,
dl_2589,3,East_exit,3,3,0.8,0
dl_2589,2,East_exit,3,3,0.8,0
dl_2589,17,West_exit,17,11,0.8,0
dl_2590,1,,,,,
dl_2590,3,East_exit,3,3,0.8,0
dl_2590,2,East_exit,3,3,0.8,0
dl_2590,20,West_exit,19,12,0.8,0
dl_2590,19,West_exit,19,12,0.8,0
dl_2591,1,,,,,
dl_2591,3,East_exit,3,3,0.8,0
dl_2591,2,East_exit,3,3,0.8,0
dl_2591,18,West_exit,18,12,0.8,0
dl_2591,20,West_exit,18,12,0.8,0
dl_2592,2,,,,,
dl_2592,20,West_exit,20,13,0.8,0
dl_2592,3,East_exit,3,3,0.8,0
dl_2592,2,East_exit,3,3,0.8,0
dl_2592,19,East_exit_short,19,13,0.44,0
dl_2593,2,,,,,
dl_2593,20,West_exit,20,13,0.8,0
dl_2593,18,East_exit_short,18,13,0.44,0
dl_2593,3,East_exit,3,3,0.8,0
dl_2593,2,East_exit,3,3,0.8,0
dl_2594,2,,,,,
dl_2594,20,West_exit,20,13,0.8,0
dl_2594,3,East_exit,3,3,0.8,0
dl_2594,2,East_exit,3,3,0.8,0
dl_2594,17,East_exit_short,17,12,0.44,0
dl_2595,1,,,,,
dl_2595,3,East_exit,3,3,0.8,0
dl_2595,2,East_exit,3,3,0.8,0
dl_2595,20,West_exit,20,13,0.8,0
dl_2596,1,,,,,
dl_2596,3,East_exit,3,3,0.8,0
dl_2596,2,East_exit,3,3,0.8,0
dl_2596,23,West_exit,22,14,0.8,0
dl_2596,22,West_exit,22,14,0.8,0
dl_2597,1,,,,,
dl_2597,3,East_exit,3,3,0.8,0
dl_2597,2,East_exit,3,3,0.8,0
dl_2597,23,West_exit,21,14,0.8,0
dl_2597,21,West_exit,21,14,0.8,0
dl_2598,2,,,,,
dl_2598,23,West_exit,23,15,0.8,0
dl_2598,3,East_exit,3,3,0.8,0
dl_2598,2,East_exit,3,3,0.8,0
dl_2598,22,East_exit_short,22,15,0.44,0
dl_2599,2,,,,,
dl_2599,21,East_exit_short,21,15,0.44,0
dl_2599,3,East_exit,3,3,0.8,0
dl_2599,2,East_exit,3,3,0.8,0
dl_2599,23,West_exit,23,15,0.8,0
dl_2600,2,,,,,
dl_2600,20,East_exit_short,20,14,0.44,0
dl_2600,3,East_exit,3,3,0.8,0
dl_2600,2,East_exit,3,3,0.8,0
dl_2600,23,West_exit,23,15,0.8,0
dl_2601,2,,,,,
dl_2601,3,East_exit,3,3,0.8,0
dl_2601,2,East_exit,3,3,0.8,0
dl_2601,19,East_exit_short,19,13,0.44,0
dl_2601,23,West_exit,23,15,0.8,0
dl_2602,1,,,,,
dl_2602,3,East_exit,3,3,0.8,0
dl_2602,2,East_exit,3,3,0.8,0
dl_2602,23,West_exit,23,15,0.8,0
dl_2603,3,,,,,
dl_2603,24,East_exit_short,24,17,0.44,0
dl_2603,22,East_exit_short,22,15,0.44,0
dl_2603,26,West_exit,25,16,0.8,0
dl_2603,25,West_exit,25,16,0.8,0
dl_2603,3,East_exit,3,3,0.8,0
dl_2603,2,East_exit,3,3,0.8,0
dl_2604,3,,,,,
dl_2604,21,East_exit_short,21,15,0.44,0
dl_2604,26,West_exit,25,16,0.8,0
dl_2604,25,West_exit,25,16,0.8,0
dl_2604,24,East_exit_short,24,17,0.44,0
dl_2604,3,East_exit,3,3,0.8,0
dl_2604,2,East_exit,3,3,0.8,0
dl_2605,3,,,,,
dl_2605,20,East_exit_short,20,14,0.44,0
dl_2605,26,West_exit,25,16,0.8,0
dl_2605,25,West_exit,25,16,0.8,0
dl_2605,24,East_exit_short,24,17,0.44,0
dl_2605,3,East_exit,3,3,0.8,0
dl_2605,2,East_exit,3,3,0.8,0
dl_2606,3,,,,,
dl_2606,26,West_exit,25,16,0.8,0
dl_2606,25,West_exit,25,16,0.8,0
dl_2606,24,East_exit_short,24,17,0.44,0
dl_2606,3,East_exit,3,3,0.8,0
dl_2606,2,East_exit,3,3,0.8,0
dl_2606,19,East_exit_short,19,13,0.44,0
dl_2607,1,,,,,
dl_2607,26,West_exit,25,16,0.8,0
dl_2607,25,West_exit,25,16,0.8,0
dl_2607,3,East_exit,3,3,0.8,0
dl_2607,2,East_exit,3,3,0.8,0
dl_2608,2,,,,,
dl_2608,2,East_exit,2,2,0.8,0
dl_2608,4,West_exit_short,4,2,0.44,0
dl_2608,8,West_exit,7,4,0.8,0
dl_2608,7,West_exit,7,4,0.8,0
dl_2609,2,,,,,
dl_2609,2,East_exit,2,2,0.8,0
dl_2609,4,West_exit_short,4,2,0.44,0
dl_2609,6,West_exit,6,4,0.8,0
dl_2609,8,West_exit,6,4,0.8,0
dl_2610,2,,,,,
dl_2610,2,East_exit,2,2,0.8,0
dl_2610,4,West_exit_short,4,2,0.44,0
dl_2610,8,West_exit,8,5,0.8,0
dl_2611,2,,,,,
dl_2611,2,East_exit,2,2,0.8,0
dl_2611,4,West_exit_short,4,2,0.44,0
dl_2611,11,West_exit,10,6,0.8,0
dl_2611,10,West_exit,10,6,0.8,0
dl_2612,2,,,,,
dl_2612,2,East_exit,2,2,0.8,0
dl_2612,4,West_exit_short,4,2,0.44,0
dl_2612,9,West_exit,9,6,0.8,0
dl_2612,11,West_exit,9,6,0.8,0
dl_2613,2,,,,,
dl_2613,2,East_exit,2,2,0.8,0
dl_2613,4,West_exit_short,4,2,0.44,0
dl_2613,11,West_exit,11,7,0.8,0
dl_2614,2,,,,,
dl_2614,2,East_exit,2,2,0.8,0
dl_2614,4,West_exit_short,4,2,0.44,0
dl_2614,14,West_exit,13,8,0.8,0
dl_2614,13,West_exit,13,8,0.8,0
dl_2615,2,,,,,
dl_2615,2,East_exit,2,2,0.8,0
dl_2615,4,West_exit_short,4,2,0.44,0
dl_2615,12,West_exit,12,8,0.8,0
dl_2615,14,West_exit,12,8,0.8,0
dl_2616,2,,,,,
dl_2616,2,East_exit,2,2,0.8,0
dl_2616,4,West_exit_short,4,2,0.44,0
dl_2616,14,West_exit,14,9,0.8,0
dl_2617,2,,,,,
dl_2617,2,East_exit,2,2,0.8,0
dl_2617,4,West_exit_short,4,2,0.44,0
dl_2617,17,West_exit,16,10,0.8,0
dl_2617,16,West_exit,16,10,0.8,0
dl_2618,2,,,,,
dl_2618,2,East_exit,2,2,0.8,0
dl_2618,4,West_exit_short,4,2,0.44,0
dl_2618,15,West_exit,15,10,0.8,0
dl_2618,17,West_exit,15,10,0.8,0
dl_2619,2,,,,,
dl_2619,2,East_exit,2,2,0.8,0
dl_2619,4,West_exit_short,4,2,0.44,0
dl_2619,17,West_exit,17,11,0.8,0
dl_2620,2,,,,,
dl_2620,2,East_exit,2,2,0.8,0
dl_2620,4,West_exit_short,4,2,0.44,0
dl_2620,20,West_exit,19,12,0.8,0
dl_2620,19,West_exit,19,12,0.8,0
dl_2621,2,,,,,
dl_2621,3,West_exit_short,3,2,0.44,0
dl_2621,2,East_exit,2,2,0.8,0
dl_2621,8,West_exit,7,4,0.8,0
dl_2621,7,West_exit,7,4,0.8,0
dl_2622,2,,,,,
dl_2622,3,West_exit_short,3,2,0.44,0
dl_2622,2,East_exit,2,2,0.8,0
dl_2622,6,West_exit,6,4,0.8,0
dl_2622,8,West_exit,6,4,0.8,0
dl_2623,2,,,,,
dl_2623,3,West_exit_short,3,2,0.44,0
dl_2623,2,East_exit,2,2,0.8,0
dl_2623,8,West_exit,8,5,0.8,0
dl_2624,2,,,,,
dl_2624,3,West_exit_short,3,2,0.44,0
dl_2624,2,East_exit,2,2,0.8,0
dl_2624,11,West_exit,10,6,0.8,0
dl_2624,10,West_exit,10,6,0.8,0
dl_2625,2,,,,,
dl_2625,3,West_exit_short,3,2,0.44,0
dl_2625,2,East_exit,2,2,0.8,0
dl_2625,9,West_exit,9,6,0.8,0
dl_2625,11,West_exit,9,6,0.8,0
dl_2626,2,,,,,
dl_2626,3,West_exit_short,3,2,0.44,0
dl_2626,2,East_exit,2,2,0.8,0
dl_2626,11,West_exit,11,7,0.8,0
dl_2627,2,,,,,
dl_2627,3,West_exit_short,3,2,0.44,0
dl_2627,2,East_exit,2,2,0.8,0
dl_2627,14,West_exit,13,8,0.8,0
dl_2627,13,West_exit,13,8,0.8,0
dl_2628,2,,,,,
dl_2628,3,West_exit_short,3,2,0.44,0
dl_2628,2,East_exit,2,2,0.8,0
dl_2628,12,West_exit,12,8,0.8,0
dl_2628,14,West_exit,12,8,0.8,0
dl_2629,2,,,,,
dl_2629,3,West_exit_short,3,2,0.44,0
dl_2629,2,East_exit,2,2,0.8,0
dl_2629,14,West_exit,14,9,0.8,0
dl_2630,2,,,,,
dl_2630,3,West_exit_short,3,2,0.44,0
dl_2630,2,East_exit,2,2,0.8,0
dl_2630,17,West_exit,16,10,0.8,0
dl_2630,16,West_exit,16,10,0.8,0
dl_2631,2,,,,,
dl_2631,3,West_exit_short,3,2,0.44,0
dl_2631,2,East_exit,2,2,0.8,0
dl_2631,15,West_exit,15,10,0.8,0
dl_2631,17,West_exit,15,10,0.8,0
dl_2632,2,,,,,
dl_2632,3,West_exit_short,3,2,0.44,0
dl_2632,2,East_exit,2,2,0.8,0
dl_2632,17,West_exit,17,11,0.8,0
dl_2633,2,,,,,
dl_2633,3,West_exit_short,3,2,0.44,0
dl_2633,2,East_exit,2,2,0.8,0
dl_2633,20,West_exit,19,12,0.8,0
dl_2633,19,West_exit,19,12,0.8,0
dl_2634,2,,,,,
dl_2634,5,West_exit_short,5,3,0.44,0
dl_2634,2,East_exit,2,2,0.8,0
dl_2634,8,West_exit,7,4,0.8,0
dl_2634,7,West_exit,7,4,0.8,0
dl_2635,2,,,,,
dl_2635,5,West_exit_short,5,3,0.44,0
dl_2635,2,East_exit,2,2,0.8,0
dl_2635,6,West_exit,6,4,0.8,0
dl_2635,8,West_exit,6,4,0.8,0
dl_2636,2,,,,,
dl_2636,5,West_exit_short,5,3,0.44,0
dl_2636,2,East_exit,2,2,0.8,0
dl_2636,8,West_exit,8,5,0.8,0
dl_2637,2,,,,,
dl_2637,5,West_exit_short,5,3,0.44,0
dl_2637,2,East_exit,2,2,0.8,0
dl_2637,11,West_exit,10,6,0.8,0
dl_2637,10,West_exit,10,6,0.8,0
dl_2638,2,,,,,
dl_2638,5,West_exit_short,5,3,0.44,0
dl_2638,2,East_exit,2,2,0.8,0
dl_2638,9,West_exit,9,6,0.8,0
dl_2638,11,West_exit,9,6,0.8,0
dl_2639,2,,,,,
dl_2639,5,West_exit_short,5,3,0.44,0
dl_2639,2,East_exit,2,2,0.8,0
dl_2639,11,West_exit,11,7,0.8,0
dl_2640,2,,,,,
dl_2640,5,West_exit_short,5,3,0.44,0
dl_2640,2,East_exit,2,2,0.8,0
dl_2640,14,West_exit,13,8,0.8,0
dl_2640,13,West_exit,13,8,0.8,0
dl_2641,2,,,,,
dl_2641,5,West_exit_short,5,3,0.44,0
dl_2641,2,East_exit,2,2,0.8,0
dl_2641,12,West_exit,12,8,0.8,0
dl_2641,14,West_exit,12,8,0.8,0
dl_2642,2,,,,,
dl_2642,5,West_exit_short,5,3,0.44,0
dl_2642,2,East_exit,2,2,0.8,0
dl_2642,14,West_exit,14,9,0.8,0
dl_2643,2,,,,,
dl_2643,5,West_exit_short,5,3,0.44,0
dl_2643,2,East_exit,2,2,0.8,0
dl_2643,17,West_exit,16,10,0.8,0
dl_2643,16,West_exit,16,10,0.8,0
dl_2644,2,,,,,
dl_2644,5,West_exit_short,5,3,0.44,0
dl_2644,2,East_exit,2,2,0.8,0
dl_2644,15,West_exit,15,10,0.8,0
dl_2644,17,West_exit,15,10,0.8,0
dl_2645,2,,,,,
dl_2645,5,West_exit_short,5,3,0.44,0
dl_2645,2,East_exit,2,2,0.8,0
dl_2645,17,West_exit,17,11,0.8,0
dl_2646,2,,,,,
dl_2646,5,West_exit_short,5,3,0.44,0
dl_2646,2,East_exit,2,2,0.8,0
dl_2646,20,West_exit,19,12,0.8,0
dl_2646,19,West_exit,19,12,0.8,0
dl_2647,2,,,,,
dl_2647,2,East_exit,2,2,0.8,0
dl_2647,4,West_exit_short,4,2,0.44,0
dl_2647,18,West_exit,18,12,0.8,0
dl_2647,20,West_exit,18,12,0.8,0
dl_2648,2,,,,,
dl_2648,3,West_exit_short,3,2,0.44,0
dl_2648,2,East_exit,2,2,0.8,0
dl_2648,18,West_exit,18,12,0.8,0
dl_2648,20,West_exit,18,12,0.8,0
dl_2649,2,,,,,
dl_2649,5,West_exit_short,5,3,0.44,0
dl_2649,2,East_exit,2,2,0.8,0
dl_2649,18,West_exit,18,12,0.8,0
dl_2649,20,West_exit,18,12,0.8,0
dl_2650,3,,,,,
dl_2650,20,West_exit,20,13,0.8,0
dl_2650,2,East_exit,2,2,0.8,0
dl_2650,4,West_exit_short,4,2,0.44,0
dl_2650,19,East_exit_short,19,13,0.44,0
dl_2651,3,,,,,
dl_2651,20,West_exit,20,13,0.8,0
dl_2651,3,West_exit_short,3,2,0.44,0
dl_2651,2,East_exit,2,2,0.8,0
dl_2651,19,East_exit_short,19,13,0.44,0
dl_2652,3,,,,,
dl_2652,20,West_exit,20,13,0.8,0
dl_2652,5,West_exit_short,5,3,0.44,0
dl_2652,2,East_exit,2,2,0.8,0
dl_2652,19,East_exit_short,19,13,0.44,0
dl_2653,3,,,,,
dl_2653,2,East_exit,2,2,0.8,0
dl_2653,20,West_exit,20,13,0.8,0
dl_2653,18,East_exit_short,18,13,0.44,0
dl_2653,4,West_exit_short,4,2,0.44,0
dl_2654,3,,,,,
dl_2654,20,West_exit,20,13,0.8,0
dl_2654,18,East_exit_short,18,13,0.44,0
dl_2654,3,West_exit_short,3,2,0.44,0
dl_2654,2,East_exit,2,2,0.8,0
dl_2655,3,,,,,
dl_2655,20,West_exit,20,13,0.8,0
dl_2655,18,East_exit_short,18,13,0.44,0
dl_2655,5,West_exit_short,5,3,0.44,0
dl_2655,2,East_exit,2,2,0.8,0
dl_2656,3,,,,,
dl_2656,2,East_exit,2,2,0.8,0
dl_2656,20,West_exit,20,13,0.8,0
dl_2656,4,West_exit_short,4,2,0.44,0
dl_2656,17,East_exit_short,17,12,0.44,0
dl_2657,3,,,,,
dl_2657,20,West_exit,20,13,0.8,0
dl_2657,3,West_exit_short,3,2,0.44,0
dl_2657,2,East_exit,2,2,0.8,0
dl_2657,17,East_exit_short,17,12,0.44,0
dl_2658,3,,,,,
dl_2658,20,West_exit,20,13,0.8,0
dl_2658,5,West_exit_short,5,3,0.44,0
dl_2658,2,East_exit,2,2,0.8,0
dl_2658,17,East_exit_short,17,12,0.44,0
dl_2659,2,,,,,
dl_2659,7,West_exit_short,7,4,0.44,0
dl_2659,2,East_exit,2,2,0.8,0
dl_2659,11,West_exit,10,6,0.8,0
dl_2659,10,West_exit,10,6,0.8,0
dl_2660,2,,,,,
dl_2660,7,West_exit_short,7,4,0.44,0
dl_2660,2,East_exit,2,2,0.8,0
dl_2660,9,West_exit,9,6,0.8,0
dl_2660,11,West_exit,9,6,0.8,0
dl_2661,2,,,,,
dl_2661,7,West_exit_short,7,4,0.44,0
dl_2661,2,East_exit,2,2,0.8,0
dl_2661,11,West_exit,11,7,0.8,0
dl_2662,2,,,,,
dl_2662,7,West_exit_short,7,4,0.44,0
dl_2662,2,East_exit,2,2,0.8,0
dl_2662,14,West_exit,13,8,0.8,0
dl_2662,13,West_exit,13,8,0.8,0
dl_2663,2,,,,,
dl_2663,7,West_exit_short,7,4,0.44,0
dl_2663,2,East_exit,2,2,0.8,0
dl_2663,12,West_exit,12,8,0.8,0
dl_2663,14,West_exit,12,8,0.8,0
dl_2664,2,,,,,
dl_2664,7,West_exit_short,7,4,0.44,0
dl_2664,2,East_exit,2,2,0.8,0
dl_2664,14,West_exit,14,9,0.8,0
dl_2665,2,,,,,
dl_2665,7,West_exit_short,7,4,0.44,0
dl_2665,2,East_exit,2,2,0.8,0
dl_2665,17,West_exit,16,10,0.8,0
dl_2665,16,West_exit,16,10,0.8,0
dl_2666,2,,,,,
dl_2666,7,West_exit_short,7,4,0.44,0
dl_2666,2,East_exit,2,2,0.8,0
dl_2666,15,West_exit,15,10,0.8,0
dl_2666,17,West_exit,15,10,0.8,0
dl_2667,2,,,,,
dl_2667,7,West_exit_short,7,4,0.44,0
dl_2667,2,East_exit,2,2,0.8,0
dl_2667,17,West_exit,17,11,0.8,0
dl_2668,2,,,,,
dl_2668,7,West_exit_short,7,4,0.44,0
dl_2668,2,East_exit,2,2,0.8,0
dl_2668,20,West_exit,19,12,0.8,0
dl_2668,19,West_exit,19,12,0.8,0
dl_2669,2,,,,,
dl_2669,7,West_exit_short,7,4,0.44,0
dl_2669,2,East_exit,2,2,0.8,0
dl_2669,18,West_exit,18,12,0.8,0
dl_2669,20,West_exit,18,12,0.8,0
dl_2670,3,,,,,
dl_2670,20,West_exit,20,13,0.8,0
dl_2670,2,East_exit,2,2,0.8,0
dl_2670,19,East_exit_short,19,13,0.44,0
dl_2670,7,West_exit_short,7,4,0.44,0
dl_2671,3,,,,,
dl_2671,20,West_exit,20,13,0.8,0
dl_2671,18,East_exit_short,18,13,0.44,0
dl_2671,2,East_exit,2,2,0.8,0
dl_2671,7,West_exit_short,7,4,0.44,0
dl_2672,3,,,,,
dl_2672,20,West_exit,20,13,0.8,0
dl_2672,2,East_exit,2,2,0.8,0
dl_2672,17,East_exit_short,17,12,0.44,0
dl_2672,7,West_exit_short,7,4,0.44,0
dl_2673,2,,,,,
dl_2673,6,West_exit_short,6,4,0.44,0
dl_2673,2,East_exit,2,2,0.8,0
dl_2673,11,West_exit,10,6,0.8,0
dl_2673,10,West_exit,10,6,0.8,0
dl_2674,2,,,,,
dl_2674,6,West_exit_short,6,4,0.44,0
dl_2674,2,East_exit,2,2,0.8,0
dl_2674,9,West_exit,9,6,0.8,0
dl_2674,11,West_exit,9,6,0.8,0
dl_2675,2,,,,,
dl_2675,6,West_exit_short,6,4,0.44,0
dl_2675,2,East_exit,2,2,0.8,0
dl_2675,11,West_exit,11,7,0.8,0
dl_2676,2,,,,,
dl_2676,6,West_exit_short,6,4,0.44,0
dl_2676,2,East_exit,2,2,0.8,0
dl_2676,14,West_exit,13,8,0.8,0
dl_2676,13,West_exit,13,8,0.8,0
dl_2677,2,,,,,
dl_2677,6,West_exit_short,6,4,0.44,0
dl_2677,2,East_exit,2,2,0.8,0
dl_2677,12,West_exit,12,8,0.8,0
dl_2677,14,West_exit,12,8,0.8,0
dl_2678,2,,,,,
dl_2678,6,West_exit_short,6,4,0.44,0
dl_2678,2,East_exit,2,2,0.8,0
dl_2678,14,West_exit,14,9,0.8,0
dl_2679,2,,,,,
dl_2679,6,West_exit_short,6,4,0.44,0
dl_2679,2,East_exit,2,2,0.8,0
dl_2679,17,West_exit,16,10,0.8,0
dl_2679,16,West_exit,16,10,0.8,0
dl_2680,2,,,,,
dl_2680,6,West_exit_short,6,4,0.44,0
dl_2680,2,East_exit,2,2,0.8,0
dl_2680,15,West_exit,15,10,0.8,0
dl_2680,17,West_exit,15,10,0.8,0
dl_2681,2,,,,,
dl_2681,6,West_exit_short,6,4,0.44,0
dl_2681,2,East_exit,2,2,0.8,0
dl_2681,17,West_exit,17,11,0.8,0
dl_2682,2,,,,,
dl_2682,6,West_exit_short,6,4,0.44,0
dl_2682,2,East_exit,2,2,0.8,0
dl_2682,20,West_exit,19,12,0.8,0
dl_2682,19,West_exit,19,12,0.8,0
dl_2683,2,,,,,
dl_2683,6,West_exit_short,6,4,0.44,0
dl_2683,2,East_exit,2,2,0.8,0
dl_2683,18,West_exit,18,12,0.8,0
dl_2683,20,West_exit,18,12,0.8,0
dl_2684,3,,,,,
dl_2684,20,West_exit,20,13,0.8,0
dl_2684,2,East_exit,2,2,0.8,0
dl_2684,19,East_exit_short,19,13,0.44,0
dl_2684,6,West_exit_short,6,4,0.44,0
dl_2685,3,,,,,
dl_2685,20,West_exit,20,13,0.8,0
dl_2685,18,East_exit_short,18,13,0.44,0
dl_2685,2,East_exit,2,2,0.8,0
dl_2685,6,West_exit_short,6,4,0.44,0
dl_2686,3,,,,,
dl_2686,20,West_exit,20,13,0.8,0
dl_2686,2,East_exit,2,2,0.8,0
dl_2686,17,East_exit_short,17,12,0.44,0
dl_2686,6,West_exit_short,6,4,0.44,0
dl_2687,2,,,,,
dl_2687,8,West_exit_short,8,5,0.44,0
dl_2687,2,East_exit,2,2,0.8,0
dl_2687,11,West_exit,10,6,0.8,0
dl_2687,10,West_exit,10,6,0.8,0
dl_2688,2,,,,,
dl_2688,8,West_exit_short,8,5,0.44,0
dl_2688,2,East_exit,2,2,0.8,0
dl_2688,9,West_exit,9,6,0.8,0
dl_2688,11,West_exit,9,6,0.8,0
dl_2689,2,,,,,
dl_2689,8,West_exit_short,8,5,0.44,0
dl_2689,2,East_exit,2,2,0.8,0
dl_2689,11,West_exit,11,7,0.8,0
dl_2690,2,,,,,
dl_2690,8,West_exit_short,8,5,0.44,0
dl_2690,2,East_exit,2,2,0.8,0
dl_2690,14,West_exit,13,8,0.8,0
dl_2690,13,West_exit,13,8,0.8,0
dl_2691,2,,,,,
dl_2691,8,West_exit_short,8,5,0.44,0
dl_2691,2,East_exit,2,2,0.8,0
dl_2691,12,West_exit,12,8,0.8,0
dl_2691,14,West_exit,12,8,0.8,0
dl_2692,2,,,,,
dl_2692,8,West_exit_short,8,5,0.44,0
dl_2692,2,East_exit,2,2,0.8,0
dl_2692,14,West_exit,14,9,0.8,0
dl_2693,2,,,,,
dl_2693,8,West_exit_short,8,5,0.44,0
dl_2693,2,East_exit,2,2,0.8,0
dl_2693,17,West_exit,16,10,0.8,0
dl_2693,16,West_exit,16,10,0.8,0
dl_2694,2,,,,,
dl_2694,8,West_exit_short,8,5,0.44,0
dl_2694,2,East_exit,2,2,0.8,0
dl_2694,15,West_exit,15,10,0.8,0
dl_2694,17,West_exit,15,10,0.8,0
dl_2695,2,,,,,
dl_2695,8,West_exit_short,8,5,0.44,0
dl_2695,2,East_exit,2,2,0.8,0
dl_2695,17,West_exit,17,11,0.8,0
dl_2696,2,,,,,
dl_2696,8,West_exit_short,8,5,0.44,0
dl_2696,2,East_exit,2,2,0.8,0
dl_2696,20,West_exit,19,12,0.8,0
dl_2696,19,West_exit,19,12,0.8,0
dl_2697,2,,,,,
dl_2697,8,West_exit_short,8,5,0.44,0
dl_2697,2,East_exit,2,2,0.8,0
dl_2697,18,West_exit,18,12,0.8,0
dl_2697,20,West_exit,18,12,0.8,0
dl_2698,3,,,,,
dl_2698,20,West_exit,20,13,0.8,0
dl_2698,2,East_exit,2,2,0.8,0
dl_2698,19,East_exit_short,19,13,0.44,0
dl_2698,8,West_exit_short,8,5,0.44,0
dl_2699,3,,,,,
dl_2699,20,West_exit,20,13,0.8,0
dl_2699,18,East_exit_short,18,13,0.44,0
dl_2699,2,East_exit,2,2,0.8,0
dl_2699,8,West_exit_short,8,5,0.44,0
dl_2700,3,,,,,
dl_2700,20,West_exit,20,13,0.8,0
dl_2700,2,East_exit,2,2,0.8,0
dl_2700,17,East_exit_short,17,12,0.44,0
dl_2700,8,West_exit_short,8,5,0.44,0
dl_2701,2,,,,,
dl_2701,2,East_exit,2,2,0.8,0
dl_2701,4,West_exit_short,4,2,0.44,0
dl_2701,20,West_exit,20,13,0.8,0
dl_2702,2,,,,,
dl_2702,3,West_exit_short,3,2,0.44,0
dl_2702,2,East_exit,2,2,0.8,0
dl_2702,20,West_exit,20,13,0.8,0
dl_2703,2,,,,,
dl_2703,5,West_exit_short,5,3,0.44,0
dl_2703,2,East_exit,2,2,0.8,0
dl_2703,20,West_exit,20,13,0.8,0
dl_2704,2,,,,,
dl_2704,7,West_exit_short,7,4,0.44,0
dl_2704,2,East_exit,2,2,0.8,0
dl_2704,20,West_exit,20,13,0.8,0
dl_2705,2,,,,,
dl_2705,6,West_exit_short,6,4,0.44,0
dl_2705,2,East_exit,2,2,0.8,0
dl_2705,20,West_exit,20,13,0.8,0
dl_2706,2,,,,,
dl_2706,8,West_exit_short,8,5,0.44,0
dl_2706,2,East_exit,2,2,0.8,0
dl_2706,20,West_exit,20,13,0.8,0
dl_2707,2,,,,,
dl_2707,2,East_exit,2,2,0.8,0
dl_2707,4,West_exit_short,4,2,0.44,0
dl_2707,23,West_exit,22,14,0.8,0
dl_2707,22,West_exit,22,14,0.8,0
dl_2708,2,,,,,
dl_2708,3,West_exit_short,3,2,0.44,0
dl_2708,2,East_exit,2,2,0.8,0
dl_2708,23,West_exit,22,14,0.8,0
dl_2708,22,West_exit,22,14,0.8,0
dl_2709,2,,,,,
dl_2709,5,West_exit_short,5,3,0.44,0
dl_2709,2,East_exit,2,2,0.8,0
dl_2709,23,West_exit,22,14,0.8,0
dl_2709,22,West_exit,22,14,0.8,0
dl_2710,2,,,,,
dl_2710,2,East_exit,2,2,0.8,0
dl_2710,23,West_exit,22,14,0.8,0
dl_2710,22,West_exit,22,14,0.8,0
dl_2710,7,West_exit_short,7,4,0.44,0
dl_2711,2,,,,,
dl_2711,6,West_exit_short,6,4,0.44,0
dl_2711,2,East_exit,2,2,0.8,0
dl_2711,23,West_exit,22,14,0.8,0
dl_2711,22,West_exit,22,14,0.8,0
dl_2712,2,,,,,
dl_2712,8,West_exit_short,8,5,0.44,0
dl_2712,2,East_exit,2,2,0.8,0
dl_2712,23,West_exit,22,14,0.8,0
dl_2712,22,West_exit,22,14,0.8,0
dl_2713,2,,,,,
dl_2713,2,East_exit,2,2,0.8,0
dl_2713,4,West_exit_short,4,2,0.44,0
dl_2713,23,West_exit,21,14,0.8,0
dl_2713,21,West_exit,21,14,0.8,0
dl_2714,2,,,,,
dl_2714,3,West_exit_short,3,2,0.44,0
dl_2714,2,East_exit,2,2,0.8,0
dl_2714,23,West_exit,21,14,0.8,0
dl_2714,21,West_exit,21,14,0.8,0
dl_2715,2,,,,,
dl_2715,5,West_exit_short,5,3,0.44,0
dl_2715,2,East_exit,2,2,0.8,0
dl_2715,23,West_exit,21,14,0.8,0
dl_2715,21,West_exit,21,14,0.8,0
dl_2716,2,,,,,
dl_2716,2,East_exit,2,2,0.8,0
dl_2716,23,West_exit,21,14,0.8,0
dl_2716,21,West_exit,21,14,0.8,0
dl_2716,7,West_exit_short,7,4,0.44,0
dl_2717,2,,,,,
dl_2717,6,West_exit_short,6,4,0.44,0
dl_2717,2,East_exit,2,2,0.8,0
dl_2717,23,West_exit,21,14,0.8,0
dl_2717,21,West_exit,21,14,0.8,0
dl_2718,2,,,,,
dl_2718,8,West_exit_short,8,5,0.44,0
dl_2718,2,East_exit,2,2,0.8,0
dl_2718,23,West_exit,21,14,0.8,0
dl_2718,21,West_exit,21,14,0.8,0
dl_2719,3,,,,,
dl_2719,23,West_exit,23,15,0.8,0
dl_2719,2,East_exit,2,2,0.8,0
dl_2719,4,West_exit_short,4,2,0.44,0
dl_2719,22,East_exit_short,22,15,0.44,0
dl_2720,3,,,,,
dl_2720,2,East_exit,2,2,0.8,0
dl_2720,21,East_exit_short,21,15,0.44,0
dl_2720,4,West_exit_short,4,2,0.44,0
dl_2720,23,West_exit,23,15,0.8,0
dl_2721,3,,,,,
dl_2721,2,East_exit,2,2,0.8,0
dl_2721,20,East_exit_short,20,14,0.44,0
dl_2721,4,West_exit_short,4,2,0.44,0
dl_2721,23,West_exit,23,15,0.8,0
dl_2722,3,,,,,
dl_2722,23,West_exit,23,15,0.8,0
dl_2722,3,West_exit_short,3,2,0.44,0
dl_2722,2,East_exit,2,2,0.8,0
dl_2722,22,East_exit_short,22,15,0.44,0
dl_2723,3,,,,,
dl_2723,21,East_exit_short,21,15,0.44,0
dl_2723,3,West_exit_short,3,2,0.44,0
dl_2723,2,East_exit,2,2,0.8,0
dl_2723,23,West_exit,23,15,0.8,0
dl_2724,3,,,,,
dl_2724,20,East_exit_short,20,14,0.44,0
dl_2724,3,West_exit_short,3,2,0.44,0
dl_2724,2,East_exit,2,2,0.8,0
dl_2724,23,West_exit,23,15,0.8,0
dl_2725,3,,,,,
dl_2725,23,West_exit,23,15,0.8,0
dl_2725,5,West_exit_short,5,3,0.44,0
dl_2725,2,East_exit,2,2,0.8,0
dl_2725,22,East_exit_short,22,15,0.44,0
dl_2726,3,,,,,
dl_2726,21,East_exit_short,21,15,0.44,0
dl_2726,5,West_exit_short,5,3,0.44,0
dl_2726,2,East_exit,2,2,0.8,0
dl_2726,23,West_exit,23,15,0.8,0
dl_2727,3,,,,,
dl_2727,20,East_exit_short,20,14,0.44,0
dl_2727,5,West_exit_short,5,3,0.44,0
dl_2727,2,East_exit,2,2,0.8,0
dl_2727,23,West_exit,23,15,0.8,0
dl_2728,3,,,,,
dl_2728,2,East_exit,2,2,0.8,0
dl_2728,4,West_exit_short,4,2,0.44,0
dl_2728,19,East_exit_short,19,13,0.44,0
dl_2728,23,West_exit,23,15,0.8,0
dl_2729,3,,,,,
dl_2729,3,West_exit_short,3,2,0.44,0
dl_2729,2,East_exit,2,2,0.8,0
dl_2729,19,East_exit_short,19,13,0.44,0
dl_2729,23,West_exit,23,15,0.8,0
dl_2730,3,,,,,
dl_2730,5,West_exit_short,5,3,0.44,0
dl_2730,2,East_exit,2,2,0.8,0
dl_2730,19,East_exit_short,19,13,0.44,0
dl_2730,23,West_exit,23,15,0.8,0
dl_2731,2,,,,,
dl_2731,2,East_exit,2,2,0.8,0
dl_2731,4,West_exit_short,4,2,0.44,0
dl_2731,23,West_exit,23,15,0.8,0
dl_2732,2,,,,,
dl_2732,3,West_exit_short,3,2,0.44,0
dl_2732,2,East_exit,2,2,0.8,0
dl_2732,23,West_exit,23,15,0.8,0
dl_2733,2,,,,,
dl_2733,5,West_exit_short,5,3,0.44,0
dl_2733,2,East_exit,2,2,0.8,0
dl_2733,23,West_exit,23,15,0.8,0
dl_2734,3,,,,,
dl_2734,23,West_exit,23,15,0.8,0
dl_2734,2,East_exit,2,2,0.8,0
dl_2734,22,East_exit_short,22,15,0.44,0
dl_2734,7,West_exit_short,7,4,0.44,0
dl_2735,3,,,,,
dl_2735,21,East_exit_short,21,15,0.44,0
dl_2735,2,East_exit,2,2,0.8,0
dl_2735,23,West_exit,23,15,0.8,0
dl_2735,7,West_exit_short,7,4,0.44,0
dl_2736,3,,,,,
dl_2736,20,East_exit_short,20,14,0.44,0
dl_2736,2,East_exit,2,2,0.8,0
dl_2736,23,West_exit,23,15,0.8,0
dl_2736,7,West_exit_short,7,4,0.44,0
dl_2737,3,,,,,
dl_2737,2,East_exit,2,2,0.8,0
dl_2737,19,East_exit_short,19,13,0.44,0
dl_2737,7,West_exit_short,7,4,0.44,0
dl_2737,23,West_exit,23,15,0.8,0
dl_2738,2,,,,,
dl_2738,2,East_exit,2,2,0.8,0
dl_2738,7,West_exit_short,7,4,0.44,0
dl_2738,23,West_exit,23,15,0.8,0
dl_2739,3,,,,,
dl_2739,23,West_exit,23,15,0.8,0
dl_2739,2,East_exit,2,2,0.8,0
dl_2739,22,East_exit_short,22,15,0.44,0
dl_2739,6,West_exit_short,6,4,0.44,0
dl_2740,3,,,,,
dl_2740,21,East_exit_short,21,15,0.44,0
dl_2740,2,East_exit,2,2,0.8,0
dl_2740,23,West_exit,23,15,0.8,0
dl_2740,6,West_exit_short,6,4,0.44,0
dl_2741,3,,,,,
dl_2741,20,East_exit_short,20,14,0.44,0
dl_2741,2,East_exit,2,2,0.8,0
dl_2741,23,West_exit,23,15,0.8,0
dl_2741,6,West_exit_short,6,4,0.44,0
dl_2742,3,,,,,
dl_2742,2,East_exit,2,2,0.8,0
dl_2742,19,East_exit_short,19,13,0.44,0
dl_2742,6,West_exit_short,6,4,0.44,0
dl_2742,23,West_exit,23,15,0.8,0
dl_2743,2,,,,,
dl_2743,2,East_exit,2,2,0.8,0
dl_2743,6,West_exit_short,6,4,0.44,0
dl_2743,23,West_exit,23,15,0.8,0
dl_2744,3,,,,,
dl_2744,23,West_exit,23,15,0.8,0
dl_2744,2,East_exit,2,2,0.8,0
dl_2744,22,East_exit_short,22,15,0.44,0
dl_2744,8,West_exit_short,8,5,0.44,0
dl_2745,3,,,,,
dl_2745,21,East_exit_short,21,15,0.44,0
dl_2745,2,East_exit,2,2,0.8,0
dl_2745,23,West_exit,23,15,0.8,0
dl_2745,8,West_exit_short,8,5,0.44,0
dl_2746,3,,,,,
dl_2746,20,East_exit_short,20,14,0.44,0
dl_2746,2,East_exit,2,2,0.8,0
dl_2746,23,West_exit,23,15,0.8,0
dl_2746,8,West_exit_short,8,5,0.44,0
dl_2747,3,,,,,
dl_2747,2,East_exit,2,2,0.8,0
dl_2747,19,East_exit_short,19,13,0.44,0
dl_2747,8,West_exit_short,8,5,0.44,0
dl_2747,23,West_exit,23,15,0.8,0
dl_2748,2,,,,,
dl_2748,2,East_exit,2,2,0.8,0
dl_2748,8,West_exit_short,8,5,0.44,0
dl_2748,23,West_exit,23,15,0.8,0
dl_2749,2,,,,,
dl_2749,10,West_exit_short,10,6,0.44,0
dl_2749,2,East_exit,2,2,0.8,0
dl_2749,14,West_exit,13,8,0.8,0
dl_2749,13,West_exit,13,8,0.8,0
dl_2750,2,,,,,
dl_2750,10,West_exit_short,10,6,0.44,0
dl_2750,2,East_exit,2,2,0.8,0
dl_2750,12,West_exit,12,8,0.8,0
dl_2750,14,West_exit,12,8,0.8,0
dl_2751,2,,,,,
dl_2751,10,West_exit_short,10,6,0.44,0
dl_2751,2,East_exit,2,2,0.8,0
dl_2751,14,West_exit,14,9,0.8,0
dl_2752,2,,,,,
dl_2752,10,West_exit_short,10,6,0.44,0
dl_2752,2,East_exit,2,2,0.8,0
dl_2752,17,West_exit,16,10,0.8,0
dl_2752,16,West_exit,16,10,0.8,0
dl_2753,2,,,,,
dl_2753,10,West_exit_short,10,6,0.44,0
dl_2753,2,East_exit,2,2,0.8,0
dl_2753,15,West_exit,15,10,0.8,0
dl_2753,17,West_exit,15,10,0.8,0
dl_2754,2,,,,,
dl_2754,10,West_exit_short,10,6,0.44,0
dl_2754,2,East_exit,2,2,0.8,0
dl_2754,17,West_exit,17,11,0.8,0
dl_2755,2,,,,,
dl_2755,10,West_exit_short,10,6,0.44,0
dl_2755,2,East_exit,2,2,0.8,0
dl_2755,20,West_exit,19,12,0.8,0
dl_2755,19,West_exit,19,12,0.8,0
dl_2756,2,,,,,
dl_2756,10,West_exit_short,10,6,0.44,0
dl_2756,2,East_exit,2,2,0.8,0
dl_2756,18,West_exit,18,12,0.8,0
dl_2756,20,West_exit,18,12,0.8,0
dl_2757,3,,,,,
dl_2757,20,West_exit,20,13,0.8,0
dl_2757,2,East_exit,2,2,0.8,0
dl_2757,19,East_exit_short,19,13,0.44,0
dl_2757,10,West_exit_short,10,6,0.44,0
dl_2758,3,,,,,
dl_2758,20,West_exit,20,13,0.8,0
dl_2758,18,East_exit_short,18,13,0.44,0
dl_2758,2,East_exit,2,2,0.8,0
dl_2758,10,West_exit_short,10,6,0.44,0
dl_2759,3,,,,,
dl_2759,20,West_exit,20,13,0.8,0
dl_2759,2,East_exit,2,2,0.8,0
dl_2759,17,East_exit_short,17,12,0.44,0
dl_2759,10,West_exit_short,10,6,0.44,0
dl_2760,2,,,,,
dl_2760,10,West_exit_short,10,6,0.44,0
dl_2760,2,East_exit,2,2,0.8,0
dl_2760,20,West_exit,20,13,0.8,0
dl_2761,2,,,,,
dl_2761,2,East_exit,2,2,0.8,0
dl_2761,23,West_exit,22,14,0.8,0
dl_2761,22,West_exit,22,14,0.8,0
dl_2761,10,West_exit_short,10,6,0.44,0
dl_2762,2,,,,,
dl_2762,2,East_exit,2,2,0.8,0
dl_2762,23,West_exit,21,14,0.8,0
dl_2762,21,West_exit,21,14,0.8,0
dl_2762,10,West_exit_short,10,6,0.44,0
dl_2763,3,,,,,
dl_2763,23,West_exit,23,15,0.8,0
dl_2763,2,East_exit,2,2,0.8,0
dl_2763,22,East_exit_short,22,15,0.44,0
dl_2763,10,West_exit_short,10,6,0.44,0
dl_2764,3,,,,,
dl_2764,21,East_exit_short,21,15,0.44,0
dl_2764,2,East_exit,2,2,0.8,0
dl_2764,23,West_exit,23,15,0.8,0
dl_2764,10,West_exit_short,10,6,0.44,0
dl_2765,3,,,,,
dl_2765,20,East_exit_short,20,14,0.44,0
dl_2765,2,East_exit,2,2,0.8,0
dl_2765,23,West_exit,23,15,0.8,0
dl_2765,10,West_exit_short,10,6,0.44,0
dl_2766,3,,,,,
dl_2766,2,East_exit,2,2,0.8,0
dl_2766,19,East_exit_short,19,13,0.44,0
dl_2766,23,West_exit,23,15,0.8,0
dl_2766,10,West_exit_short,10,6,0.44,0
dl_2767,2,,,,,
dl_2767,2,East_exit,2,2,0.8,0
dl_2767,10,West_exit_short,10,6,0.44,0
dl_2767,23,West_exit,23,15,0.8,0
dl_2768,4,,,,,
dl_2768,2,East_exit,2,2,0.8,0
dl_2768,24,East_exit_short,24,17,0.44,0
dl_2768,22,East_exit_short,22,15,0.44,0
dl_2768,26,West_exit,25,16,0.8,0
dl_2768,25,West_exit,25,16,0.8,0
dl_2768,4,West_exit_short,4,2,0.44,0
dl_2769,4,,,,,
dl_2769,2,East_exit,2,2,0.8,0
dl_2769,24,East_exit_short,24,17,0.44,0
dl_2769,21,East_exit_short,21,15,0.44,0
dl_2769,26,West_exit,25,16,0.8,0
dl_2769,25,West_exit,25,16,0.8,0
dl_2769,4,West_exit_short,4,2,0.44,0
dl_2770,4,,,,,
dl_2770,2,East_exit,2,2,0.8,0
dl_2770,24,East_exit_short,24,17,0.44,0
dl_2770,26,West_exit,25,16,0.8,0
dl_2770,25,West_exit,25,16,0.8,0
dl_2770,4,West_exit_short,4,2,0.44,0
dl_2770,20,East_exit_short,20,14,0.44,0
dl_2771,4,,,,,
dl_2771,24,East_exit_short,24,17,0.44,0
dl_2771,3,West_exit_short,3,2,0.44,0
dl_2771,22,East_exit_short,22,15,0.44,0
dl_2771,26,West_exit,25,16,0.8,0
dl_2771,25,West_exit,25,16,0.8,0
dl_2771,2,East_exit,2,2,0.8,0
dl_2772,4,,,,,
dl_2772,3,West_exit_short,3,2,0.44,0
dl_2772,21,East_exit_short,21,15,0.44,0
dl_2772,26,West_exit,25,16,0.8,0
dl_2772,25,West_exit,25,16,0.8,0
dl_2772,24,East_exit_short,24,17,0.44,0
dl_2772,2,East_exit,2,2,0.8,0
dl_2773,4,,,,,
dl_2773,3,West_exit_short,3,2,0.44,0
dl_2773,20,East_exit_short,20,14,0.44,0
dl_2773,26,West_exit,25,16,0.8,0
dl_2773,25,West_exit,25,16,0.8,0
dl_2773,24,East_exit_short,24,17,0.44,0
dl_2773,2,East_exit,2,2,0.8,0
dl_2774,4,,,,,
dl_2774,24,East_exit_short,24,17,0.44,0
dl_2774,5,West_exit_short,5,3,0.44,0
dl_2774,22,East_exit_short,22,15,0.44,0
dl_2774,26,West_exit,25,16,0.8,0
dl_2774,25,West_exit,25,16,0.8,0
dl_2774,2,East_exit,2,2,0.8,0
dl_2775,4,,,,,
dl_2775,5,West_exit_short,5,3,0.44,0
dl_2775,21,East_exit_short,21,15,0.44,0
dl_2775,26,West_exit,25,16,0.8,0
dl_2775,25,West_exit,25,16,0.8,0
dl_2775,24,East_exit_short,24,17,0.44,0
dl_2775,2,East_exit,2,2,0.8,0
dl_2776,4,,,,,
dl_2776,5,West_exit_short,5,3,0.44,0
dl_2776,20,East_exit_short,20,14,0.44,0
dl_2776,26,West_exit,25,16,0.8,0
dl_2776,25,West_exit,25,16,0.8,0
dl_2776,24,East_exit_short,24,17,0.44,0
dl_2776,2,East_exit,2,2,0.8,0
dl_2777,4,,,,,
dl_2777,2,East_exit,2,2,0.8,0
dl_2777,24,East_exit_short,24,17,0.44,0
dl_2777,26,West_exit,25,16,0.8,0
dl_2777,25,West_exit,25,16,0.8,0
dl_2777,4,West_exit_short,4,2,0.44,0
dl_2777,19,East_exit_short,19,13,0.44,0
dl_2778,4,,,,,
dl_2778,3,West_exit_short,3,2,0.44,0
dl_2778,26,West_exit,25,16,0.8,0
dl_2778,25,West_exit,25,16,0.8,0
dl_2778,24,East_exit_short,24,17,0.44,0
dl_2778,2,East_exit,2,2,0.8,0
dl_2778,19,East_exit_short,19,13,0.44,0
dl_2779,4,,,,,
dl_2779,5,West_exit_short,5,3,0.44,0
dl_2779,26,West_exit,25,16,0.8,0
dl_2779,25,West_exit,25,16,0.8,0
dl_2779,24,East_exit_short,24,17,0.44,0
dl_2779,2,East_exit,2,2,0.8,0
dl_2779,19,East_exit_short,19,13,0.44,0
dl_2780,2,,,,,
dl_2780,2,East_exit,2,2,0.8,0
dl_2780,26,West_exit,25,16,0.8,0
dl_2780,25,West_exit,25,16,0.8,0
dl_2780,4,West_exit_short,4,2,0.44,0
dl_2781,2,,,,,
dl_2781,3,West_exit_short,3,2,0.44,0
dl_2781,26,West_exit,25,16,0.8,0
dl_2781,25,West_exit,25,16,0.8,0
dl_2781,2,East_exit,2,2,0.8,0
dl_2782,2,,,,,
dl_2782,5,West_exit_short,5,3,0.44,0
dl_2782,26,West_exit,25,16,0.8,0
dl_2782,25,West_exit,25,16,0.8,0
dl_2782,2,East_exit,2,2,0.8,0
dl_2783,4,,,,,
dl_2783,24,East_exit_short,24,17,0.44,0
dl_2783,22,East_exit_short,22,15,0.44,0
dl_2783,26,West_exit,25,16,0.8,0
dl_2783,25,West_exit,25,16,0.8,0
dl_2783,2,East_exit,2,2,0.8,0
dl_2783,7,West_exit_short,7,4,0.44,0
dl_2784,4,,,,,
dl_2784,21,East_exit_short,21,15,0.44,0
dl_2784,26,West_exit,25,16,0.8,0
dl_2784,25,West_exit,25,16,0.8,0
dl_2784,24,East_exit_short,24,17,0.44,0
dl_2784,2,East_exit,2,2,0.8,0
dl_2784,7,West_exit_short,7,4,0.44,0
dl_2785,4,,,,,
dl_2785,20,East_exit_short,20,14,0.44,0
dl_2785,26,West_exit,25,16,0.8,0
dl_2785,25,West_exit,25,16,0.8,0
dl_2785,24,East_exit_short,24,17,0.44,0
dl_2785,2,East_exit,2,2,0.8,0
dl_2785,7,West_exit_short,7,4,0.44,0
dl_2786,4,,,,,
dl_2786,26,West_exit,25,16,0.8,0
dl_2786,25,West_exit,25,16,0.8,0
dl_2786,24,East_exit_short,24,17,0.44,0
dl_2786,2,East_exit,2,2,0.8,0
dl_2786,7,West_exit_short,7,4,0.44,0
dl_2786,19,East_exit_short,19,13,0.44,0
dl_2787,2,,,,,
dl_2787,26,West_exit,25,16,0.8,0
dl_2787,25,West_exit,25,16,0.8,0
dl_2787,2,East_exit,2,2,0.8,0
dl_2787,7,West_exit_short,7,4,0.44,0
dl_2788,4,,,,,
dl_2788,24,East_exit_short,24,17,0.44,0
dl_2788,22,East_exit_short,22,15,0.44,0
dl_2788,26,West_exit,25,16,0.8,0
dl_2788,25,West_exit,25,16,0.8,0
dl_2788,2,East_exit,2,2,0.8,0
dl_2788,6,West_exit_short,6,4,0.44,0
dl_2789,4,,,,,
dl_2789,21,East_exit_short,21,15,0.44,0
dl_2789,26,West_exit,25,16,0.8,0
dl_2789,25,West_exit,25,16,0.8,0
dl_2789,24,East_exit_short,24,17,0.44,0
dl_2789,2,East_exit,2,2,0.8,0
dl_2789,6,West_exit_short,6,4,0.44,0
dl_2790,4,,,,,
dl_2790,20,East_exit_short,20,14,0.44,0
dl_2790,26,West_exit,25,16,0.8,0
dl_2790,25,West_exit,25,16,0.8,0
dl_2790,24,East_exit_short,24,17,0.44,0
dl_2790,2,East_exit,2,2,0.8,0
dl_2790,6,West_exit_short,6,4,0.44,0
dl_2791,4,,,,,
dl_2791,26,West_exit,25,16,0.8,0
dl_2791,25,West_exit,25,16,0.8,0
dl_2791,24,East_exit_short,24,17,0.44,0
dl_2791,2,East_exit,2,2,0.8,0
dl_2791,6,West_exit_short,6,4,0.44,0
dl_2791,19,East_exit_short,19,13,0.44,0
dl_2792,2,,,,,
dl_2792,26,West_exit,25,16,0.8,0
dl_2792,25,West_exit,25,16,0.8,0
dl_2792,2,East_exit,2,2,0.8,0
dl_2792,6,West_exit_short,6,4,0.44,0
dl_2793,4,,,,,
dl_2793,24,East_exit_short,24,17,0.44,0
dl_2793,22,East_exit_short,22,15,0.44,0
dl_2793,26,West_exit,25,16,0.8,0
dl_2793,25,West_exit,25,16,0.8,0
dl_2793,2,East_exit,2,2,0.8,0
dl_2793,8,West_exit_short,8,5,0.44,0
dl_2794,4,,,,,
dl_2794,21,East_exit_short,21,15,0.44,0
dl_2794,26,West_exit,25,16,0.8,0
dl_2794,25,West_exit,25,16,0.8,0
dl_2794,24,East_exit_short,24,17,0.44,0
dl_2794,2,East_exit,2,2,0.8,0
dl_2794,8,West_exit_short,8,5,0.44,0
dl_2795,4,,,,,
dl_2795,20,East_exit_short,20,14,0.44,0
dl_2795,26,West_exit,25,16,0.8,0
dl_2795,25,West_exit,25,16,0.8,0
dl_2795,24,East_exit_short,24,17,0.44,0
dl_2795,2,East_exit,2,2,0.8,0
dl_2795,8,West_exit_short,8,5,0.44,0
dl_2796,4,,,,,
dl_2796,26,West_exit,25,16,0.8,0
dl_2796,25,West_exit,25,16,0.8,0
dl_2796,24,East_exit_short,24,17,0.44,0
dl_2796,2,East_exit,2,2,0.8,0
dl_2796,8,West_exit_short,8,5,0.44,0
dl_2796,19,East_exit_short,19,13,0.44,0
dl_2797,2,,,,,
dl_2797,26,West_exit,25,16,0.8,0
dl_2797,25,West_exit,25,16,0.8,0
dl_2797,2,East_exit,2,2,0.8,0
dl_2797,8,West_exit_short,8,5,0.44,0
dl_2798,4,,,,,
dl_2798,24,East_exit_short,24,17,0.44,0
dl_2798,22,East_exit_short,22,15,0.44,0
dl_2798,26,West_exit,25,16,0.8,0
dl_2798,25,West_exit,25,16,0.8,0
dl_2798,2,East_exit,2,2,0.8,0
dl_2798,10,West_exit_short,10,6,0.44,0
dl_2799,4,,,,,
dl_2799,21,East_exit_short,21,15,0.44,0
dl_2799,26,West_exit,25,16,0.8,0
dl_2799,25,West_exit,25,16,0.8,0
dl_2799,24,East_exit_short,24,17,0.44,0
dl_2799,2,East_exit,2,2,0.8,0
dl_2799,10,West_exit_short,10,6,0.44,0
dl_2800,4,,,,,
dl_2800,20,East_exit_short,20,14,0.44,0
dl_2800,26,West_exit,25,16,0.8,0
dl_2800,25,West_exit,25,16,0.8,0
dl_2800,24,East_exit_short,24,17,0.44,0
dl_2800,2,East_exit,2,2,0.8,0
dl_2800,10,West_exit_short,10,6,0.44,0
dl_2801,4,,,,,
dl_2801,26,West_exit,25,16,0.8,0
dl_2801,25,West_exit,25,16,0.8,0
dl_2801,24,East_exit_short,24,17,0.44,0
dl_2801,2,East_exit,2,2,0.8,0
dl_2801,19,East_exit_short,19,13,0.44,0
dl_2801,10,West_exit_short,10,6,0.44,0
dl_2802,2,,,,,
dl_2802,26,West_exit,25,16,0.8,0
dl_2802,25,West_exit,25,16,0.8,0
dl_2802,2,East_exit,2,2,0.8,0
dl_2802,10,West_exit_short,10,6,0.44,0
dl_2803,3,,,,,
dl_2803,22,East_exit_short,22,15,0.44,0
dl_2803,26,West_exit,24,16,0.8,0
dl_2803,25,East_exit_short,25,17,0.44,0
dl_2803,11,East_exit,13,9,0.8,0
dl_2803,13,East_exit,13,9,0.8,0
dl_2804,3,,,,,
dl_2804,22,East_exit_short,22,15,0.44,0
dl_2804,26,West_exit,24,16,0.8,0
dl_2804,25,East_exit_short,25,17,0.44,0
dl_2804,12,East_exit,12,9,0.8,0
dl_2804,11,East_exit,12,9,0.8,0
dl_2805,3,,,,,
dl_2805,22,East_exit_short,22,15,0.44,0
dl_2805,26,West_exit,24,16,0.8,0
dl_2805,25,East_exit_short,25,17,0.44,0
dl_2805,11,East_exit,11,8,0.8,0
dl_2806,3,,,,,
dl_2806,22,East_exit_short,22,15,0.44,0
dl_2806,26,West_exit,24,16,0.8,0
dl_2806,25,East_exit_short,25,17,0.44,0
dl_2806,8,East_exit,10,7,0.8,0
dl_2806,10,East_exit,10,7,0.8,0
dl_2807,3,,,,,
dl_2807,22,East_exit_short,22,15,0.44,0
dl_2807,26,West_exit,24,16,0.8,0
dl_2807,25,East_exit_short,25,17,0.44,0
dl_2807,9,East_exit,9,7,0.8,0
dl_2807,8,East_exit,9,7,0.8,0
dl_2808,3,,,,,
dl_2808,22,East_exit_short,22,15,0.44,0
dl_2808,26,West_exit,24,16,0.8,0
dl_2808,25,East_exit_short,25,17,0.44,0
dl_2808,8,East_exit,8,6,0.8,0
dl_2809,3,,,,,
dl_2809,21,East_exit_short,21,15,0.44,0
dl_2809,26,West_exit,24,16,0.8,0
dl_2809,25,East_exit_short,25,17,0.44,0
dl_2809,11,East_exit,13,9,0.8,0
dl_2809,13,East_exit,13,9,0.8,0
dl_2810,3,,,,,
dl_2810,21,East_exit_short,21,15,0.44,0
dl_2810,26,West_exit,24,16,0.8,0
dl_2810,25,East_exit_short,25,17,0.44,0
dl_2810,12,East_exit,12,9,0.8,0
dl_2810,11,East_exit,12,9,0.8,0
dl_2811,3,,,,,
dl_2811,21,East_exit_short,21,15,0.44,0
dl_2811,26,West_exit,24,16,0.8,0
dl_2811,25,East_exit_short,25,17,0.44,0
dl_2811,11,East_exit,11,8,0.8,0
dl_2812,3,,,,,
dl_2812,21,East_exit_short,21,15,0.44,0
dl_2812,26,West_exit,24,16,0.8,0
dl_2812,25,East_exit_short,25,17,0.44,0
dl_2812,8,East_exit,10,7,0.8,0
dl_2812,10,East_exit,10,7,0.8,0
dl_2813,3,,,,,
dl_2813,21,East_exit_short,21,15,0.44,0
dl_2813,26,West_exit,24,16,0.8,0
dl_2813,25,East_exit_short,25,17,0.44,0
dl_2813,9,East_exit,9,7,0.8,0
dl_2813,8,East_exit,9,7,0.8,0
dl_2814,3,,,,,
dl_2814,21,East_exit_short,21,15,0.44,0
dl_2814,26,West_exit,24,16,0.8,0
dl_2814,25,East_exit_short,25,17,0.44,0
dl_2814,8,East_exit,8,6,0.8,0
dl_2815,3,,,,,
dl_2815,20,East_exit_short,20,14,0.44,0
dl_2815,26,West_exit,24,16,0.8,0
dl_2815,25,East_exit_short,25,17,0.44,0
dl_2815,11,East_exit,13,9,0.8,0
dl_2815,13,East_exit,13,9,0.8,0
dl_2816,3,,,,,
dl_2816,20,East_exit_short,20,14,0.44,0
dl_2816,26,West_exit,24,16,0.8,0
dl_2816,25,East_exit_short,25,17,0.44,0
dl_2816,12,East_exit,12,9,0.8,0
dl_2816,11,East_exit,12,9,0.8,0
dl_2817,3,,,,,
dl_2817,20,East_exit_short,20,14,0.44,0
dl_2817,26,West_exit,24,16,0.8,0
dl_2817,25,East_exit_short,25,17,0.44,0
dl_2817,11,East_exit,11,8,0.8,0
dl_2818,3,,,,,
dl_2818,20,East_exit_short,20,14,0.44,0
dl_2818,26,West_exit,24,16,0.8,0
dl_2818,25,East_exit_short,25,17,0.44,0
dl_2818,8,East_exit,10,7,0.8,0
dl_2818,10,East_exit,10,7,0.8,0
dl_2819,3,,,,,
dl_2819,20,East_exit_short,20,14,0.44,0
dl_2819,26,West_exit,24,16,0.8,0
dl_2819,25,East_exit_short,25,17,0.44,0
dl_2819,9,East_exit,9,7,0.8,0
dl_2819,8,East_exit,9,7,0.8,0
dl_2820,3,,,,,
dl_2820,20,East_exit_short,20,14,0.44,0
dl_2820,26,West_exit,24,16,0.8,0
dl_2820,25,East_exit_short,25,17,0.44,0
dl_2820,8,East_exit,8,6,0.8,0
dl_2821,4,,,,,
dl_2821,5,East_exit,7,5,0.8,0
dl_2821,26,West_exit,24,16,0.8,0
dl_2821,25,East_exit_short,25,17,0.44,0
dl_2821,22,East_exit_short,22,15,0.44,0
dl_2821,7,East_exit,7,5,0.8,0
dl_2821,6,West_exit_short,6,4,0.44,0
dl_2822,4,,,,,
dl_2822,5,East_exit,7,5,0.8,0
dl_2822,26,West_exit,24,16,0.8,0
dl_2822,25,East_exit_short,25,17,0.44,0
dl_2822,21,East_exit_short,21,15,0.44,0
dl_2822,7,East_exit,7,5,0.8,0
dl_2822,6,West_exit_short,6,4,0.44,0
dl_2823,4,,,,,
dl_2823,5,East_exit,7,5,0.8,0
dl_2823,26,West_exit,24,16,0.8,0
dl_2823,25,East_exit_short,25,17,0.44,0
dl_2823,7,East_exit,7,5,0.8,0
dl_2823,6,West_exit_short,6,4,0.44,0
dl_2823,20,East_exit_short,20,14,0.44,0
dl_2824,3,,,,,
dl_2824,26,West_exit,24,16,0.8,0
dl_2824,25,East_exit_short,25,17,0.44,0
dl_2824,11,East_exit,13,9,0.8,0
dl_2824,13,East_exit,13,9,0.8,0
dl_2824,19,East_exit_short,19,13,0.44,0
dl_2825,3,,,,,
dl_2825,26,West_exit,24,16,0.8,0
dl_2825,25,East_exit_short,25,17,0.44,0
dl_2825,12,East_exit,12,9,0.8,0
dl_2825,11,East_exit,12,9,0.8,0
dl_2825,19,East_exit_short,19,13,0.44,0
dl_2826,3,,,,,
dl_2826,26,West_exit,24,16,0.8,0
dl_2826,19,East_exit_short,19,13,0.44,0
dl_2826,25,East_exit_short,25,17,0.44,0
dl_2826,11,East_exit,11,8,0.8,0
dl_2827,3,,,,,
dl_2827,26,West_exit,24,16,0.8,0
dl_2827,19,East_exit_short,19,13,0.44,0
dl_2827,25,East_exit_short,25,17,0.44,0
dl_2827,8,East_exit,10,7,0.8,0
dl_2827,10,East_exit,10,7,0.8,0
dl_2828,3,,,,,
dl_2828,26,West_exit,24,16,0.8,0
dl_2828,19,East_exit_short,19,13,0.44,0
dl_2828,25,East_exit_short,25,17,0.44,0
dl_2828,9,East_exit,9,7,0.8,0
dl_2828,8,East_exit,9,7,0.8,0
dl_2829,3,,,,,
dl_2829,26,West_exit,24,16,0.8,0
dl_2829,19,East_exit_short,19,13,0.44,0
dl_2829,25,East_exit_short,25,17,0.44,0
dl_2829,8,East_exit,8,6,0.8,0
dl_2830,4,,,,,
dl_2830,5,East_exit,7,5,0.8,0
dl_2830,26,West_exit,24,16,0.8,0
dl_2830,7,East_exit,7,5,0.8,0
dl_2830,25,East_exit_short,25,17,0.44,0
dl_2830,6,West_exit_short,6,4,0.44,0
dl_2830,19,East_exit_short,19,13,0.44,0
dl_2831,1,,,,,
dl_2831,24,West_exit,24,16,0.8,0
dl_2831,26,West_exit,24,16,0.8,0
dl_2831,15,East_exit,15,11,0.8,0
dl_2831,14,East_exit,15,11,0.8,0
dl_2832,1,,,,,
dl_2832,24,West_exit,24,16,0.8,0
dl_2832,26,West_exit,24,16,0.8,0
dl_2832,14,East_exit,14,10,0.8,0
dl_2833,1,,,,,
dl_2833,24,West_exit,24,16,0.8,0
dl_2833,26,West_exit,24,16,0.8,0
dl_2833,11,East_exit,13,9,0.8,0
dl_2833,13,East_exit,13,9,0.8,0
dl_2834,1,,,,,
dl_2834,24,West_exit,24,16,0.8,0
dl_2834,26,West_exit,24,16,0.8,0
dl_2834,12,East_exit,12,9,0.8,0
dl_2834,11,East_exit,12,9,0.8,0
dl_2835,1,,,,,
dl_2835,24,West_exit,24,16,0.8,0
dl_2835,26,West_exit,24,16,0.8,0
dl_2835,11,East_exit,11,8,0.8,0
dl_2836,1,,,,,
dl_2836,24,West_exit,24,16,0.8,0
dl_2836,26,West_exit,24,16,0.8,0
dl_2836,8,East_exit,10,7,0.8,0
dl_2836,10,East_exit,10,7,0.8,0
dl_2837,1,,,,,
dl_2837,24,West_exit,24,16,0.8,0
dl_2837,26,West_exit,24,16,0.8,0
dl_2837,9,East_exit,9,7,0.8,0
dl_2837,8,East_exit,9,7,0.8,0
dl_2838,1,,,,,
dl_2838,24,West_exit,24,16,0.8,0
dl_2838,26,West_exit,24,16,0.8,0
dl_2838,8,East_exit,8,6,0.8,0
dl_2839,1,,,,,
dl_2839,5,East_exit,7,5,0.8,0
dl_2839,7,East_exit,7,5,0.8,0
dl_2839,24,West_exit,24,16,0.8,0
dl_2839,26,West_exit,24,16,0.8,0
dl_2840,4,,,,,
dl_2840,5,East_exit,6,5,0.8,0
dl_2840,26,West_exit,24,16,0.8,0
dl_2840,25,East_exit_short,25,17,0.44,0
dl_2840,22,East_exit_short,22,15,0.44,0
dl_2840,24,West_exit,24,16,0.8,0
dl_2840,6,East_exit,6,5,0.8,0
dl_2840,7,West_exit_short,7,4,0.44,0
dl_2841,4,,,,,
dl_2841,5,East_exit,6,5,0.8,0
dl_2841,26,West_exit,24,16,0.8,0
dl_2841,25,East_exit_short,25,17,0.44,0
dl_2841,21,East_exit_short,21,15,0.44,0
dl_2841,24,West_exit,24,16,0.8,0
dl_2841,6,East_exit,6,5,0.8,0
dl_2841,7,West_exit_short,7,4,0.44,0
dl_2842,4,,,,,
dl_2842,5,East_exit,6,5,0.8,0
dl_2842,26,West_exit,24,16,0.8,0
dl_2842,25,East_exit_short,25,17,0.44,0
dl_2842,6,East_exit,6,5,0.8,0
dl_2842,24,West_exit,24,16,0.8,0
dl_2842,7,West_exit_short,7,4,0.44,0
dl_2842,20,East_exit_short,20,14,0.44,0
dl_2843,4,,,,,
dl_2843,5,East_exit,6,5,0.8,0
dl_2843,26,West_exit,24,16,0.8,0
dl_2843,6,East_exit,6,5,0.8,0
dl_2843,24,West_exit,24,16,0.8,0
dl_2843,25,East_exit_short,25,17,0.44,0
dl_2843,7,West_exit_short,7,4,0.44,0
dl_2843,19,East_exit_short,19,13,0.44,0
dl_2844,1,,,,,
dl_2844,5,East_exit,6,5,0.8,0
dl_2844,6,East_exit,6,5,0.8,0
dl_2844,24,West_exit,24,16,0.8,0
dl_2844,26,West_exit,24,16,0.8,0
dl_2845,4,,,,,
dl_2845,5,East_exit,5,4,0.8,0
dl_2845,26,West_exit,24,16,0.8,0
dl_2845,25,East_exit_short,25,17,0.44,0
dl_2845,22,East_exit_short,22,15,0.44,0
dl_2845,24,West_exit,24,16,0.8,0
dl_2845,7,West_exit_short,7,4,0.44,0
dl_2846,4,,,,,
dl_2846,5,East_exit,5,4,0.8,0
dl_2846,26,West_exit,24,16,0.8,0
dl_2846,25,East_exit_short,25,17,0.44,0
dl_2846,21,East_exit_short,21,15,0.44,0
dl_2846,24,West_exit,24,16,0.8,0
dl_2846,7,West_exit_short,7,4,0.44,0
dl_2847,4,,,,,
dl_2847,5,East_exit,5,4,0.8,0
dl_2847,26,West_exit,24,16,0.8,0
dl_2847,25,East_exit_short,25,17,0.44,0
dl_2847,24,West_exit,24,16,0.8,0
dl_2847,7,West_exit_short,7,4,0.44,0
dl_2847,20,East_exit_short,20,14,0.44,0
dl_2848,4,,,,,
dl_2848,5,East_exit,5,4,0.8,0
dl_2848,26,West_exit,24,16,0.8,0
dl_2848,24,West_exit,24,16,0.8,0
dl_2848,25,East_exit_short,25,17,0.44,0
dl_2848,7,West_exit_short,7,4,0.44,0
dl_2848,19,East_exit_short,19,13,0.44,0
dl_2849,2,,,,,
dl_2849,5,East_exit,5,4,0.8,0
dl_2849,24,West_exit,24,16,0.8,0
dl_2849,26,West_exit,24,16,0.8,0
dl_2849,7,West_exit_short,7,4,0.44,0
dl_2850,4,,,,,
dl_2850,25,East_exit_short,25,17,0.44,0
dl_2850,26,West_exit,24,16,0.8,0
dl_2850,6,West_exit_short,6,4,0.44,0
dl_2850,24,West_exit,24,16,0.8,0
dl_2850,22,East_exit_short,22,15,0.44,0
dl_2850,5,East_exit,5,4,0.8,0
dl_2851,4,,,,,
dl_2851,6,West_exit_short,6,4,0.44,0
dl_2851,26,West_exit,24,16,0.8,0
dl_2851,24,West_exit,24,16,0.8,0
dl_2851,25,East_exit_short,25,17,0.44,0
dl_2851,21,East_exit_short,21,15,0.44,0
dl_2851,5,East_exit,5,4,0.8,0
dl_2852,4,,,,,
dl_2852,6,West_exit_short,6,4,0.44,0
dl_2852,26,West_exit,24,16,0.8,0
dl_2852,24,West_exit,24,16,0.8,0
dl_2852,25,East_exit_short,25,17,0.44,0
dl_2852,20,East_exit_short,20,14,0.44,0
dl_2852,5,East_exit,5,4,0.8,0
dl_2853,4,,,,,
dl_2853,6,West_exit_short,6,4,0.44,0
dl_2853,26,West_exit,24,16,0.8,0
dl_2853,24,West_exit,24,16,0.8,0
dl_2853,25,East_exit_short,25,17,0.44,0
dl_2853,5,East_exit,5,4,0.8,0
dl_2853,19,East_exit_short,19,13,0.44,0
dl_2854,2,,,,,
dl_2854,6,West_exit_short,6,4,0.44,0
dl_2854,24,West_exit,24,16,0.8,0
dl_2854,26,West_exit,24,16,0.8,0
dl_2854,5,East_exit,5,4,0.8,0
dl_2855,4,,,,,
dl_2855,25,East_exit_short,25,17,0.44,0
dl_2855,26,West_exit,24,16,0.8,0
dl_2855,8,West_exit_short,8,5,0.44,0
dl_2855,24,West_exit,24,16,0.8,0
dl_2855,5,East_exit,5,4,0.8,0
dl_2855,22,East_exit_short,22,15,0.44,0
dl_2856,4,,,,,
dl_2856,8,West_exit_short,8,5,0.44,0
dl_2856,24,West_exit,24,16,0.8,0
dl_2856,26,West_exit,24,16,0.8,0
dl_2856,5,East_exit,5,4,0.8,0
dl_2856,25,East_exit_short,25,17,0.44,0
dl_2856,21,East_exit_short,21,15,0.44,0
dl_2857,4,,,,,
dl_2857,8,West_exit_short,8,5,0.44,0
dl_2857,24,West_exit,24,16,0.8,0
dl_2857,26,West_exit,24,16,0.8,0
dl_2857,5,East_exit,5,4,0.8,0
dl_2857,25,East_exit_short,25,17,0.44,0
dl_2857,20,East_exit_short,20,14,0.44,0
dl_2858,4,,,,,
dl_2858,8,West_exit_short,8,5,0.44,0
dl_2858,24,West_exit,24,16,0.8,0
dl_2858,26,West_exit,24,16,0.8,0
dl_2858,5,East_exit,5,4,0.8,0
dl_2858,25,East_exit_short,25,17,0.44,0
dl_2858,19,East_exit_short,19,13,0.44,0
dl_2859,2,,,,,
dl_2859,8,West_exit_short,8,5,0.44,0
dl_2859,24,West_exit,24,16,0.8,0
dl_2859,26,West_exit,24,16,0.8,0
dl_2859,5,East_exit,5,4,0.8,0
dl_2860,4,,,,,
dl_2860,22,East_exit_short,22,15,0.44,0
dl_2860,26,West_exit,24,16,0.8,0
dl_2860,24,West_exit,24,16,0.8,0
dl_2860,25,East_exit_short,25,17,0.44,0
dl_2860,5,East_exit,5,4,0.8,0
dl_2860,10,West_exit_short,10,6,0.44,0
dl_2861,4,,,,,
dl_2861,21,East_exit_short,21,15,0.44,0
dl_2861,26,West_exit,24,16,0.8,0
dl_2861,24,West_exit,24,16,0.8,0
dl_2861,25,East_exit_short,25,17,0.44,0
dl_2861,5,East_exit,5,4,0.8,0
dl_2861,10,West_exit_short,10,6,0.44,0
dl_2862,4,,,,,
dl_2862,24,West_exit,24,16,0.8,0
dl_2862,26,West_exit,24,16,0.8,0
dl_2862,5,East_exit,5,4,0.8,0
dl_2862,25,East_exit_short,25,17,0.44,0
dl_2862,20,East_exit_short,20,14,0.44,0
dl_2862,10,West_exit_short,10,6,0.44,0
dl_2863,4,,,,,
dl_2863,24,West_exit,24,16,0.8,0
dl_2863,26,West_exit,24,16,0.8,0
dl_2863,5,East_exit,5,4,0.8,0
dl_2863,25,East_exit_short,25,17,0.44,0
dl_2863,19,East_exit_short,19,13,0.44,0
dl_2863,10,West_exit_short,10,6,0.44,0
dl_2864,1,,,,,
dl_2864,5,East_exit,5,4,0.8,0
dl_2864,24,West_exit,24,16,0.8,0
dl_2864,26,West_exit,24,16,0.8,0
dl_2865,1,,,,,
dl_2865,24,West_exit,24,16,0.8,0
dl_2865,26,West_exit,24,16,0.8,0
dl_2865,2,East_exit,4,3,0.8,0
dl_2865,4,East_exit,4,3,0.8,0
dl_2866,1,,,,,
dl_2866,24,West_exit,24,16,0.8,0
dl_2866,26,West_exit,24,16,0.8,0
dl_2866,3,East_exit,3,3,0.8,0
dl_2866,2,East_exit,3,3,0.8,0
dl_2867,2,,,,,
dl_2867,2,East_exit,2,2,0.8,0
dl_2867,24,West_exit,24,16,0.8,0
dl_2867,26,West_exit,24,16,0.8,0
dl_2867,4,West_exit_short,4,2,0.44,0
dl_2868,2,,,,,
dl_2868,3,West_exit_short,3,2,0.44,0
dl_2868,24,West_exit,24,16,0.8,0
dl_2868,26,West_exit,24,16,0.8,0
dl_2868,2,East_exit,2,2,0.8,0
dl_2869,2,,,,,
dl_2869,5,West_exit_short,5,3,0.44,0
dl_2869,24,West_exit,24,16,0.8,0
dl_2869,26,West_exit,24,16,0.8,0
dl_2869,2,East_exit,2,2,0.8,0
dl_2870,4,,,,,
dl_2870,24,West_exit,24,16,0.8,0
dl_2870,26,West_exit,24,16,0.8,0
dl_2870,2,East_exit,2,2,0.8,0
dl_2870,25,East_exit_short,25,17,0.44,0
dl_2870,22,East_exit_short,22,15,0.44,0
dl_2870,7,West_exit_short,7,4,0.44,0
dl_2871,4,,,,,
dl_2871,24,West_exit,24,16,0.8,0
dl_2871,26,West_exit,24,16,0.8,0
dl_2871,2,East_exit,2,2,0.8,0
dl_2871,25,East_exit_short,25,17,0.44,0
dl_2871,21,East_exit_short,21,15,0.44,0
dl_2871,7,West_exit_short,7,4,0.44,0
dl_2872,4,,,,,
dl_2872,24,West_exit,24,16,0.8,0
dl_2872,26,West_exit,24,16,0.8,0
dl_2872,2,East_exit,2,2,0.8,0
dl_2872,25,East_exit_short,25,17,0.44,0
dl_2872,7,West_exit_short,7,4,0.44,0
dl_2872,20,East_exit_short,20,14,0.44,0
dl_2873,4,,,,,
dl_2873,24,West_exit,24,16,0.8,0
dl_2873,26,West_exit,24,16,0.8,0
dl_2873,2,East_exit,2,2,0.8,0
dl_2873,25,East_exit_short,25,17,0.44,0
dl_2873,7,West_exit_short,7,4,0.44,0
dl_2873,19,East_exit_short,19,13,0.44,0
dl_2874,2,,,,,
dl_2874,24,West_exit,24,16,0.8,0
dl_2874,26,West_exit,24,16,0.8,0
dl_2874,2,East_exit,2,2,0.8,0
dl_2874,7,West_exit_short,7,4,0.44,0
dl_2875,4,,,,,
dl_2875,25,East_exit_short,25,17,0.44,0
dl_2875,24,West_exit,24,16,0.8,0
dl_2875,26,West_exit,24,16,0.8,0
dl_2875,2,East_exit,2,2,0.8,0
dl_2875,6,West_exit_short,6,4,0.44,0
dl_2875,22,East_exit_short,22,15,0.44,0
dl_2876,4,,,,,
dl_2876,24,West_exit,24,16,0.8,0
dl_2876,26,West_exit,24,16,0.8,0
dl_2876,2,East_exit,2,2,0.8,0
dl_2876,6,West_exit_short,6,4,0.44,0
dl_2876,25,East_exit_short,25,17,0.44,0
dl_2876,21,East_exit_short,21,15,0.44,0
dl_2877,4,,,,,
dl_2877,24,West_exit,24,16,0.8,0
dl_2877,26,West_exit,24,16,0.8,0
dl_2877,2,East_exit,2,2,0.8,0
dl_2877,6,West_exit_short,6,4,0.44,0
dl_2877,25,East_exit_short,25,17,0.44,0
dl_2877,20,East_exit_short,20,14,0.44,0
dl_2878,4,,,,,
dl_2878,24,West_exit,24,16,0.8,0
dl_2878,26,West_exit,24,16,0.8,0
dl_2878,2,East_exit,2,2,0.8,0
dl_2878,6,West_exit_short,6,4,0.44,0
dl_2878,25,East_exit_short,25,17,0.44,0
dl_2878,19,East_exit_short,19,13,0.44,0
dl_2879,2,,,,,
dl_2879,24,West_exit,24,16,0.8,0
dl_2879,26,West_exit,24,16,0.8,0
dl_2879,2,East_exit,2,2,0.8,0
dl_2879,6,West_exit_short,6,4,0.44,0
dl_2880,4,,,,,
dl_2880,25,East_exit_short,25,17,0.44,0
dl_2880,24,West_exit,24,16,0.8,0
dl_2880,26,West_exit,24,16,0.8,0
dl_2880,2,East_exit,2,2,0.8,0
dl_2880,22,East_exit_short,22,15,0.44,0
dl_2880,8,West_exit_short,8,5,0.44,0
dl_2881,4,,,,,
dl_2881,24,West_exit,24,16,0.8,0
dl_2881,26,West_exit,24,16,0.8,0
dl_2881,2,East_exit,2,2,0.8,0
dl_2881,25,East_exit_short,25,17,0.44,0
dl_2881,21,East_exit_short,21,15,0.44,0
dl_2881,8,West_exit_short,8,5,0.44,0
dl_2882,4,,,,,
dl_2882,24,West_exit,24,16,0.8,0
dl_2882,26,West_exit,24,16,0.8,0
dl_2882,2,East_exit,2,2,0.8,0
dl_2882,25,East_exit_short,25,17,0.44,0
dl_2882,20,East_exit_short,20,14,0.44,0
dl_2882,8,West_exit_short,8,5,0.44,0
dl_2883,4,,,,,
dl_2883,24,West_exit,24,16,0.8,0
dl_2883,26,West_exit,24,16,0.8,0
dl_2883,2,East_exit,2,2,0.8,0
dl_2883,25,East_exit_short,25,17,0.44,0
dl_2883,8,West_exit_short,8,5,0.44,0
dl_2883,19,East_exit_short,19,13,0.44,0
dl_2884,2,,,,,
dl_2884,24,West_exit,24,16,0.8,0
dl_2884,26,West_exit,24,16,0.8,0
dl_2884,2,East_exit,2,2,0.8,0
dl_2884,8,West_exit_short,8,5,0.44,0
dl_2885,4,,,,,
dl_2885,25,East_exit_short,25,17,0.44,0
dl_2885,24,West_exit,24,16,0.8,0
dl_2885,26,West_exit,24,16,0.8,0
dl_2885,2,East_exit,2,2,0.8,0
dl_2885,22,East_exit_short,22,15,0.44,0
dl_2885,10,West_exit_short,10,6,0.44,0
dl_2886,4,,,,,
dl_2886,24,West_exit,24,16,0.8,0
dl_2886,26,West_exit,24,16,0.8,0
dl_2886,2,East_exit,2,2,0.8,0
dl_2886,25,East_exit_short,25,17,0.44,0
dl_2886,21,East_exit_short,21,15,0.44,0
dl_2886,10,West_exit_short,10,6,0.44,0
dl_2887,4,,,,,
dl_2887,24,West_exit,24,16,0.8,0
dl_2887,26,West_exit,24,16,0.8,0
dl_2887,2,East_exit,2,2,0.8,0
dl_2887,25,East_exit_short,25,17,0.44,0
dl_2887,20,East_exit_short,20,14,0.44,0
dl_2887,10,West_exit_short,10,6,0.44,0
dl_2888,4,,,,,
dl_2888,24,West_exit,24,16,0.8,0
dl_2888,26,West_exit,24,16,0.8,0
dl_2888,2,East_exit,2,2,0.8,0
dl_2888,25,East_exit_short,25,17,0.44,0
dl_2888,19,East_exit_short,19,13,0.44,0
dl_2888,10,West_exit_short,10,6,0.44,0
dl_2889,2,,,,,
dl_2889,24,West_exit,24,16,0.8,0
dl_2889,26,West_exit,24,16,0.8,0
dl_2889,2,East_exit,2,2,0.8,0
dl_2889,10,West_exit_short,10,6,0.44,0
dl_2890,3,,,,,
dl_2890,22,East_exit_short,22,15,0.44,0
dl_2890,26,West_exit,26,17,0.8,0
dl_2890,25,East_exit_short,25,17,0.44,0
dl_2890,11,East_exit,13,9,0.8,0
dl_2890,13,East_exit,13,9,0.8,0
dl_2891,3,,,,,
dl_2891,22,East_exit_short,22,15,0.44,0
dl_2891,26,West_exit,26,17,0.8,0
dl_2891,25,East_exit_short,25,17,0.44,0
dl_2891,12,East_exit,12,9,0.8,0
dl_2891,11,East_exit,12,9,0.8,0
dl_2892,3,,,,,
dl_2892,22,East_exit_short,22,15,0.44,0
dl_2892,26,West_exit,26,17,0.8,0
dl_2892,25,East_exit_short,25,17,0.44,0
dl_2892,11,East_exit,11,8,0.8,0
dl_2893,3,,,,,
dl_2893,22,East_exit_short,22,15,0.44,0
dl_2893,26,West_exit,26,17,0.8,0
dl_2893,25,East_exit_short,25,17,0.44,0
dl_2893,8,East_exit,10,7,0.8,0
dl_2893,10,East_exit,10,7,0.8,0
dl_2894,3,,,,,
dl_2894,22,East_exit_short,22,15,0.44,0
dl_2894,26,West_exit,26,17,0.8,0
dl_2894,25,East_exit_short,25,17,0.44,0
dl_2894,9,East_exit,9,7,0.8,0
dl_2894,8,East_exit,9,7,0.8,0
dl_2895,3,,,,,
dl_2895,22,East_exit_short,22,15,0.44,0
dl_2895,26,West_exit,26,17,0.8,0
dl_2895,25,East_exit_short,25,17,0.44,0
dl_2895,8,East_exit,8,6,0.8,0
dl_2896,3,,,,,
dl_2896,21,East_exit_short,21,15,0.44,0
dl_2896,26,West_exit,26,17,0.8,0
dl_2896,25,East_exit_short,25,17,0.44,0
dl_2896,11,East_exit,13,9,0.8,0
dl_2896,13,East_exit,13,9,0.8,0
dl_2897,3,,,,,
dl_2897,21,East_exit_short,21,15,0.44,0
dl_2897,26,West_exit,26,17,0.8,0
dl_2897,25,East_exit_short,25,17,0.44,0
dl_2897,12,East_exit,12,9,0.8,0
dl_2897,11,East_exit,12,9,0.8,0
dl_2898,3,,,,,
dl_2898,21,East_exit_short,21,15,0.44,0
dl_2898,26,West_exit,26,17,0.8,0
dl_2898,25,East_exit_short,25,17,0.44,0
dl_2898,11,East_exit,11,8,0.8,0
dl_2899,3,,,,,
dl_2899,21,East_exit_short,21,15,0.44,0
dl_2899,26,West_exit,26,17,0.8,0
dl_2899,25,East_exit_short,25,17,0.44,0
dl_2899,8,East_exit,10,7,0.8,0
dl_2899,10,East_exit,10,7,0.8,0
dl_2900,3,,,,,
dl_2900,21,East_exit_short,21,15,0.44,0
dl_2900,26,West_exit,26,17,0.8,0
dl_2900,25,East_exit_short,25,17,0.44,0
dl_2900,9,East_exit,9,7,0.8,0
dl_2900,8,East_exit,9,7,0.8,0
dl_2901,3,,,,,
dl_2901,21,East_exit_short,21,15,0.44,0
dl_2901,26,West_exit,26,17,0.8,0
dl_2901,25,East_exit_short,25,17,0.44,0
dl_2901,8,East_exit,8,6,0.8,0
dl_2902,3,,,,,
dl_2902,20,East_exit_short,20,14,0.44,0
dl_2902,26,West_exit,26,17,0.8,0
dl_2902,25,East_exit_short,25,17,0.44,0
dl_2902,11,East_exit,13,9,0.8,0
dl_2902,13,East_exit,13,9,0.8,0
dl_2903,3,,,,,
dl_2903,20,East_exit_short,20,14,0.44,0
dl_2903,26,West_exit,26,17,0.8,0
dl_2903,25,East_exit_short,25,17,0.44,0
dl_2903,12,East_exit,12,9,0.8,0
dl_2903,11,East_exit,12,9,0.8,0
dl_2904,3,,,,,
dl_2904,20,East_exit_short,20,14,0.44,0
dl_2904,26,West_exit,26,17,0.8,0
dl_2904,25,East_exit_short,25,17,0.44,0
dl_2904,11,East_exit,11,8,0.8,0
dl_2905,3,,,,,
dl_2905,20,East_exit_short,20,14,0.44,0
dl_2905,26,West_exit,26,17,0.8,0
dl_2905,25,East_exit_short,25,17,0.44,0
dl_2905,8,East_exit,10,7,0.8,0
dl_2905,10,East_exit,10,7,0.8,0
dl_2906,3,,,,,
dl_2906,20,East_exit_short,20,14,0.44,0
dl_2906,26,West_exit,26,17,0.8,0
dl_2906,25,East_exit_short,25,17,0.44,0
dl_2906,9,East_exit,9,7,0.8,0
dl_2906,8,East_exit,9,7,0.8,0
dl_2907,3,,,,,
dl_2907,20,East_exit_short,20,14,0.44,0
dl_2907,26,West_exit,26,17,0.8,0
dl_2907,25,East_exit_short,25,17,0.44,0
dl_2907,8,East_exit,8,6,0.8,0
dl_2908,4,,,,,
dl_2908,5,East_exit,7,5,0.8,0
dl_2908,26,West_exit,26,17,0.8,0
dl_2908,25,East_exit_short,25,17,0.44,0
dl_2908,22,East_exit_short,22,15,0.44,0
dl_2908,7,East_exit,7,5,0.8,0
dl_2908,6,West_exit_short,6,4,0.44,0
dl_2909,4,,,,,
dl_2909,5,East_exit,7,5,0.8,0
dl_2909,26,West_exit,26,17,0.8,0
dl_2909,25,East_exit_short,25,17,0.44,0
dl_2909,21,East_exit_short,21,15,0.44,0
dl_2909,7,East_exit,7,5,0.8,0
dl_2909,6,West_exit_short,6,4,0.44,0
dl_2910,4,,,,,
dl_2910,5,East_exit,7,5,0.8,0
dl_2910,26,West_exit,26,17,0.8,0
dl_2910,25,East_exit_short,25,17,0.44,0
dl_2910,7,East_exit,7,5,0.8,0
dl_2910,6,West_exit_short,6,4,0.44,0
dl_2910,20,East_exit_short,20,14,0.44,0
dl_2911,3,,,,,
dl_2911,26,West_exit,26,17,0.8,0
dl_2911,25,East_exit_short,25,17,0.44,0
dl_2911,11,East_exit,13,9,0.8,0
dl_2911,13,East_exit,13,9,0.8,0
dl_2911,19,East_exit_short,19,13,0.44,0
dl_2912,3,,,,,
dl_2912,26,West_exit,26,17,0.8,0
dl_2912,25,East_exit_short,25,17,0.44,0
dl_2912,12,East_exit,12,9,0.8,0
dl_2912,11,East_exit,12,9,0.8,0
dl_2912,19,East_exit_short,19,13,0.44,0
dl_2913,3,,,,,
dl_2913,26,West_exit,26,17,0.8,0
dl_2913,19,East_exit_short,19,13,0.44,0
dl_2913,25,East_exit_short,25,17,0.44,0
dl_2913,11,East_exit,11,8,0.8,0
dl_2914,3,,,,,
dl_2914,26,West_exit,26,17,0.8,0
dl_2914,19,East_exit_short,19,13,0.44,0
dl_2914,25,East_exit_short,25,17,0.44,0
dl_2914,8,East_exit,10,7,0.8,0
dl_2914,10,East_exit,10,7,0.8,0
dl_2915,3,,,,,
dl_2915,26,West_exit,26,17,0.8,0
dl_2915,19,East_exit_short,19,13,0.44,0
dl_2915,25,East_exit_short,25,17,0.44,0
dl_2915,9,East_exit,9,7,0.8,0
dl_2915,8,East_exit,9,7,0.8,0
dl_2916,3,,,,,
dl_2916,26,West_exit,26,17,0.8,0
dl_2916,19,East_exit_short,19,13,0.44,0
dl_2916,25,East_exit_short,25,17,0.44,0
dl_2916,8,East_exit,8,6,0.8,0
dl_2917,4,,,,,
dl_2917,5,East_exit,7,5,0.8,0
dl_2917,26,West_exit,26,17,0.8,0
dl_2917,7,East_exit,7,5,0.8,0
dl_2917,25,East_exit_short,25,17,0.44,0
dl_2917,6,West_exit_short,6,4,0.44,0
dl_2917,19,East_exit_short,19,13,0.44,0
dl_2918,2,,,,,
dl_2918,25,East_exit_short,25,17,0.44,0
dl_2918,26,West_exit,26,17,0.8,0
dl_2918,15,East_exit,15,11,0.8,0
dl_2918,14,East_exit,15,11,0.8,0
dl_2919,2,,,,,
dl_2919,25,East_exit_short,25,17,0.44,0
dl_2919,26,West_exit,26,17,0.8,0
dl_2919,14,East_exit,14,10,0.8,0
dl_2920,2,,,,,
dl_2920,26,West_exit,26,17,0.8,0
dl_2920,25,East_exit_short,25,17,0.44,0
dl_2920,11,East_exit,13,9,0.8,0
dl_2920,13,East_exit,13,9,0.8,0
dl_2921,2,,,,,
dl_2921,26,West_exit,26,17,0.8,0
dl_2921,25,East_exit_short,25,17,0.44,0
dl_2921,12,East_exit,12,9,0.8,0
dl_2921,11,East_exit,12,9,0.8,0
dl_2922,2,,,,,
dl_2922,26,West_exit,26,17,0.8,0
dl_2922,25,East_exit_short,25,17,0.44,0
dl_2922,11,East_exit,11,8,0.8,0
dl_2923,2,,,,,
dl_2923,26,West_exit,26,17,0.8,0
dl_2923,25,East_exit_short,25,17,0.44,0
dl_2923,8,East_exit,10,7,0.8,0
dl_2923,10,East_exit,10,7,0.8,0
dl_2924,2,,,,,
dl_2924,26,West_exit,26,17,0.8,0
dl_2924,25,East_exit_short,25,17,0.44,0
dl_2924,9,East_exit,9,7,0.8,0
dl_2924,8,East_exit,9,7,0.8,0
dl_2925,2,,,,,
dl_2925,26,West_exit,26,17,0.8,0
dl_2925,25,East_exit_short,25,17,0.44,0
dl_2925,8,East_exit,8,6,0.8,0
dl_2926,2,,,,,
dl_2926,26,West_exit,26,17,0.8,0
dl_2926,5,East_exit,7,5,0.8,0
dl_2926,7,East_exit,7,5,0.8,0
dl_2926,25,East_exit_short,25,17,0.44,0
dl_2927,4,,,,,
dl_2927,5,East_exit,6,5,0.8,0
dl_2927,26,West_exit,26,17,0.8,0
dl_2927,25,East_exit_short,25,17,0.44,0
dl_2927,22,East_exit_short,22,15,0.44,0
dl_2927,6,East_exit,6,5,0.8,0
dl_2927,7,West_exit_short,7,4,0.44,0
dl_2928,4,,,,,
dl_2928,5,East_exit,6,5,0.8,0
dl_2928,26,West_exit,26,17,0.8,0
dl_2928,25,East_exit_short,25,17,0.44,0
dl_2928,21,East_exit_short,21,15,0.44,0
dl_2928,6,East_exit,6,5,0.8,0
dl_2928,7,West_exit_short,7,4,0.44,0
dl_2929,4,,,,,
dl_2929,5,East_exit,6,5,0.8,0
dl_2929,26,West_exit,26,17,0.8,0
dl_2929,25,East_exit_short,25,17,0.44,0
dl_2929,6,East_exit,6,5,0.8,0
dl_2929,7,West_exit_short,7,4,0.44,0
dl_2929,20,East_exit_short,20,14,0.44,0
dl_2930,4,,,,,
dl_2930,5,East_exit,6,5,0.8,0
dl_2930,26,West_exit,26,17,0.8,0
dl_2930,6,East_exit,6,5,0.8,0
dl_2930,25,East_exit_short,25,17,0.44,0
dl_2930,7,West_exit_short,7,4,0.44,0
dl_2930,19,East_exit_short,19,13,0.44,0
dl_2931,2,,,,,
dl_2931,26,West_exit,26,17,0.8,0
dl_2931,5,East_exit,6,5,0.8,0
dl_2931,6,East_exit,6,5,0.8,0
dl_2931,25,East_exit_short,25,17,0.44,0
dl_2932,4,,,,,
dl_2932,5,East_exit,5,4,0.8,0
dl_2932,26,West_exit,26,17,0.8,0
dl_2932,25,East_exit_short,25,17,0.44,0
dl_2932,22,East_exit_short,22,15,0.44,0
dl_2932,7,West_exit_short,7,4,0.44,0
dl_2933,4,,,,,
dl_2933,5,East_exit,5,4,0.8,0
dl_2933,26,West_exit,26,17,0.8,0
dl_2933,25,East_exit_short,25,17,0.44,0
dl_2933,21,East_exit_short,21,15,0.44,0
dl_2933,7,West_exit_short,7,4,0.44,0
dl_2934,4,,,,,
dl_2934,5,East_exit,5,4,0.8,0
dl_2934,26,West_exit,26,17,0.8,0
dl_2934,25,East_exit_short,25,17,0.44,0
dl_2934,7,West_exit_short,7,4,0.44,0
dl_2934,20,East_exit_short,20,14,0.44,0
dl_2935,4,,,,,
dl_2935,5,East_exit,5,4,0.8,0
dl_2935,26,West_exit,26,17,0.8,0
dl_2935,25,East_exit_short,25,17,0.44,0
dl_2935,7,West_exit_short,7,4,0.44,0
dl_2935,19,East_exit_short,19,13,0.44,0
dl_2936,3,,,,,
dl_2936,5,East_exit,5,4,0.8,0
dl_2936,26,West_exit,26,17,0.8,0
dl_2936,25,East_exit_short,25,17,0.44,0
dl_2936,7,West_exit_short,7,4,0.44,0
dl_2937,4,,,,,
dl_2937,25,East_exit_short,25,17,0.44,0
dl_2937,26,West_exit,26,17,0.8,0
dl_2937,6,West_exit_short,6,4,0.44,0
dl_2937,22,East_exit_short,22,15,0.44,0
dl_2937,5,East_exit,5,4,0.8,0
dl_2938,4,,,,,
dl_2938,6,West_exit_short,6,4,0.44,0
dl_2938,26,West_exit,26,17,0.8,0
dl_2938,25,East_exit_short,25,17,0.44,0
dl_2938,21,East_exit_short,21,15,0.44,0
dl_2938,5,East_exit,5,4,0.8,0
dl_2939,4,,,,,
dl_2939,6,West_exit_short,6,4,0.44,0
dl_2939,26,West_exit,26,17,0.8,0
dl_2939,25,East_exit_short,25,17,0.44,0
dl_2939,20,East_exit_short,20,14,0.44,0
dl_2939,5,East_exit,5,4,0.8,0
dl_2940,4,,,,,
dl_2940,6,West_exit_short,6,4,0.44,0
dl_2940,26,West_exit,26,17,0.8,0
dl_2940,25,East_exit_short,25,17,0.44,0
dl_2940,5,East_exit,5,4,0.8,0
dl_2940,19,East_exit_short,19,13,0.44,0
dl_2941,3,,,,,
dl_2941,26,West_exit,26,17,0.8,0
dl_2941,6,West_exit_short,6,4,0.44,0
dl_2941,25,East_exit_short,25,17,0.44,0
dl_2941,5,East_exit,5,4,0.8,0
dl_2942,4,,,,,
dl_2942,25,East_exit_short,25,17,0.44,0
dl_2942,26,West_exit,26,17,0.8,0
dl_2942,8,West_exit_short,8,5,0.44,0
dl_2942,5,East_exit,5,4,0.8,0
dl_2942,22,East_exit_short,22,15,0.44,0
dl_2943,4,,,,,
dl_2943,8,West_exit_short,8,5,0.44,0
dl_2943,26,West_exit,26,17,0.8,0
dl_2943,25,East_exit_short,25,17,0.44,0
dl_2943,5,East_exit,5,4,0.8,0
dl_2943,21,East_exit_short,21,15,0.44,0
dl_2944,4,,,,,
dl_2944,8,West_exit_short,8,5,0.44,0
dl_2944,26,West_exit,26,17,0.8,0
dl_2944,25,East_exit_short,25,17,0.44,0
dl_2944,5,East_exit,5,4,0.8,0
dl_2944,20,East_exit_short,20,14,0.44,0
dl_2945,4,,,,,
dl_2945,8,West_exit_short,8,5,0.44,0
dl_2945,26,West_exit,26,17,0.8,0
dl_2945,25,East_exit_short,25,17,0.44,0
dl_2945,5,East_exit,5,4,0.8,0
dl_2945,19,East_exit_short,19,13,0.44,0
dl_2946,3,,,,,
dl_2946,26,West_exit,26,17,0.8,0
dl_2946,8,West_exit_short,8,5,0.44,0
dl_2946,25,East_exit_short,25,17,0.44,0
dl_2946,5,East_exit,5,4,0.8,0
dl_2947,4,,,,,
dl_2947,22,East_exit_short,22,15,0.44,0
dl_2947,26,West_exit,26,17,0.8,0
dl_2947,25,East_exit_short,25,17,0.44,0
dl_2947,5,East_exit,5,4,0.8,0
dl_2947,10,West_exit_short,10,6,0.44,0
dl_2948,4,,,,,
dl_2948,21,East_exit_short,21,15,0.44,0
dl_2948,26,West_exit,26,17,0.8,0
dl_2948,25,East_exit_short,25,17,0.44,0
dl_2948,5,East_exit,5,4,0.8,0
dl_2948,10,West_exit_short,10,6,0.44,0
dl_2949,4,,,,,
dl_2949,26,West_exit,26,17,0.8,0
dl_2949,25,East_exit_short,25,17,0.44,0
dl_2949,5,East_exit,5,4,0.8,0
dl_2949,20,East_exit_short,20,14,0.44,0
dl_2949,10,West_exit_short,10,6,0.44,0
dl_2950,4,,,,,
dl_2950,26,West_exit,26,17,0.8,0
dl_2950,25,East_exit_short,25,17,0.44,0
dl_2950,5,East_exit,5,4,0.8,0
dl_2950,19,East_exit_short,19,13,0.44,0
dl_2950,10,West_exit_short,10,6,0.44,0
dl_2951,2,,,,,
dl_2951,26,West_exit,26,17,0.8,0
dl_2951,5,East_exit,5,4,0.8,0
dl_2951,25,East_exit_short,25,17,0.44,0
dl_2952,2,,,,,
dl_2952,26,West_exit,26,17,0.8,0
dl_2952,25,East_exit_short,25,17,0.44,0
dl_2952,2,East_exit,4,3,0.8,0
dl_2952,4,East_exit,4,3,0.8,0
dl_2953,2,,,,,
dl_2953,26,West_exit,26,17,0.8,0
dl_2953,25,East_exit_short,25,17,0.44,0
dl_2953,3,East_exit,3,3,0.8,0
dl_2953,2,East_exit,3,3,0.8,0
dl_2954,3,,,,,
dl_2954,2,East_exit,2,2,0.8,0
dl_2954,26,West_exit,26,17,0.8,0
dl_2954,25,East_exit_short,25,17,0.44,0
dl_2954,4,West_exit_short,4,2,0.44,0
dl_2955,3,,,,,
dl_2955,3,West_exit_short,3,2,0.44,0
dl_2955,26,West_exit,26,17,0.8,0
dl_2955,25,East_exit_short,25,17,0.44,0
dl_2955,2,East_exit,2,2,0.8,0
dl_2956,3,,,,,
dl_2956,5,West_exit_short,5,3,0.44,0
dl_2956,26,West_exit,26,17,0.8,0
dl_2956,25,East_exit_short,25,17,0.44,0
dl_2956,2,East_exit,2,2,0.8,0
dl_2957,4,,,,,
dl_2957,26,West_exit,26,17,0.8,0
dl_2957,25,East_exit_short,25,17,0.44,0
dl_2957,2,East_exit,2,2,0.8,0
dl_2957,22,East_exit_short,22,15,0.44,0
dl_2957,7,West_exit_short,7,4,0.44,0
dl_2958,4,,,,,
dl_2958,26,West_exit,26,17,0.8,0
dl_2958,25,East_exit_short,25,17,0.44,0
dl_2958,2,East_exit,2,2,0.8,0
dl_2958,21,East_exit_short,21,15,0.44,0
dl_2958,7,West_exit_short,7,4,0.44,0
dl_2959,4,,,,,
dl_2959,26,West_exit,26,17,0.8,0
dl_2959,25,East_exit_short,25,17,0.44,0
dl_2959,2,East_exit,2,2,0.8,0
dl_2959,7,West_exit_short,7,4,0.44,0
dl_2959,20,East_exit_short,20,14,0.44,0
dl_2960,4,,,,,
dl_2960,26,West_exit,26,17,0.8,0
dl_2960,25,East_exit_short,25,17,0.44,0
dl_2960,2,East_exit,2,2,0.8,0
dl_2960,7,West_exit_short,7,4,0.44,0
dl_2960,19,East_exit_short,19,13,0.44,0
dl_2961,3,,,,,
dl_2961,26,West_exit,26,17,0.8,0
dl_2961,25,East_exit_short,25,17,0.44,0
dl_2961,2,East_exit,2,2,0.8,0
dl_2961,7,West_exit_short,7,4,0.44,0
dl_2962,4,,,,,
dl_2962,25,East_exit_short,25,17,0.44,0
dl_2962,26,West_exit,26,17,0.8,0
dl_2962,2,East_exit,2,2,0.8,0
dl_2962,6,West_exit_short,6,4,0.44,0
dl_2962,22,East_exit_short,22,15,0.44,0
dl_2963,4,,,,,
dl_2963,26,West_exit,26,17,0.8,0
dl_2963,25,East_exit_short,25,17,0.44,0
dl_2963,2,East_exit,2,2,0.8,0
dl_2963,6,West_exit_short,6,4,0.44,0
dl_2963,21,East_exit_short,21,15,0.44,0
dl_2964,4,,,,,
dl_2964,26,West_exit,26,17,0.8,0
dl_2964,25,East_exit_short,25,17,0.44,0
dl_2964,2,East_exit,2,2,0.8,0
dl_2964,6,West_exit_short,6,4,0.44,0
dl_2964,20,East_exit_short,20,14,0.44,0
dl_2965,4,,,,,
dl_2965,26,West_exit,26,17,0.8,0
dl_2965,25,East_exit_short,25,17,0.44,0
dl_2965,2,East_exit,2,2,0.8,0
dl_2965,6,West_exit_short,6,4,0.44,0
dl_2965,19,East_exit_short,19,13,0.44,0
dl_2966,3,,,,,
dl_2966,26,West_exit,26,17,0.8,0
dl_2966,25,East_exit_short,25,17,0.44,0
dl_2966,2,East_exit,2,2,0.8,0
dl_2966,6,West_exit_short,6,4,0.44,0
dl_2967,4,,,,,
dl_2967,25,East_exit_short,25,17,0.44,0
dl_2967,26,West_exit,26,17,0.8,0
dl_2967,2,East_exit,2,2,0.8,0
dl_2967,22,East_exit_short,22,15,0.44,0
dl_2967,8,West_exit_short,8,5,0.44,0
dl_2968,4,,,,,
dl_2968,26,West_exit,26,17,0.8,0
dl_2968,25,East_exit_short,25,17,0.44,0
dl_2968,2,East_exit,2,2,0.8,0
dl_2968,21,East_exit_short,21,15,0.44,0
dl_2968,8,West_exit_short,8,5,0.44,0
dl_2969,4,,,,,
dl_2969,26,West_exit,26,17,0.8,0
dl_2969,25,East_exit_short,25,17,0.44,0
dl_2969,2,East_exit,2,2,0.8,0
dl_2969,20,East_exit_short,20,14,0.44,0
dl_2969,8,West_exit_short,8,5,0.44,0
dl_2970,4,,,,,
dl_2970,26,West_exit,26,17,0.8,0
dl_2970,25,East_exit_short,25,17,0.44,0
dl_2970,2,East_exit,2,2,0.8,0
dl_2970,8,West_exit_short,8,5,0.44,0
dl_2970,19,East_exit_short,19,13,0.44,0
dl_2971,3,,,,,
dl_2971,26,West_exit,26,17,0.8,0
dl_2971,25,East_exit_short,25,17,0.44,0
dl_2971,2,East_exit,2,2,0.8,0
dl_2971,8,West_exit_short,8,5,0.44,0
dl_2972,4,,,,,
dl_2972,25,East_exit_short,25,17,0.44,0
dl_2972,26,West_exit,26,17,0.8,0
dl_2972,2,East_exit,2,2,0.8,0
dl_2972,22,East_exit_short,22,15,0.44,0
dl_2972,10,West_exit_short,10,6,0.44,0
dl_2973,4,,,,,
dl_2973,26,West_exit,26,17,0.8,0
dl_2973,25,East_exit_short,25,17,0.44,0
dl_2973,2,East_exit,2,2,0.8,0
dl_2973,21,East_exit_short,21,15,0.44,0
dl_2973,10,West_exit_short,10,6,0.44,0
dl_2974,4,,,,,
dl_2974,26,West_exit,26,17,0.8,0
dl_2974,25,East_exit_short,25,17,0.44,0
dl_2974,2,East_exit,2,2,0.8,0
dl_2974,20,East_exit_short,20,14,0.44,0
dl_2974,10,West_exit_short,10,6,0.44,0
dl_2975,4,,,,,
dl_2975,26,West_exit,26,17,0.8,0
dl_2975,25,East_exit_short,25,17,0.44,0
dl_2975,2,East_exit,2,2,0.8,0
dl_2975,19,East_exit_short,19,13,0.44,0
dl_2975,10,West_exit_short,10,6,0.44,0
dl_2976,3,,,,,
dl_2976,26,West_exit,26,17,0.8,0
dl_2976,25,East_exit_short,25,17,0.44,0
dl_2976,2,East_exit,2,2,0.8,0
dl_2976,10,West_exit_short,10,6,0.44,0
dl_2977,3,,,,,
dl_2977,22,East_exit_short,22,15,0.44,0
dl_2977,24,East_exit_short,24,17,0.44,0
dl_2977,26,West_exit,26,17,0.8,0
dl_2977,11,East_exit,13,9,0.8,0
dl_2977,13,East_exit,13,9,0.8,0
dl_2978,3,,,,,
dl_2978,22,East_exit_short,22,15,0.44,0
dl_2978,24,East_exit_short,24,17,0.44,0
dl_2978,26,West_exit,26,17,0.8,0
dl_2978,12,East_exit,12,9,0.8,0
dl_2978,11,East_exit,12,9,0.8,0
dl_2979,3,,,,,
dl_2979,22,East_exit_short,22,15,0.44,0
dl_2979,24,East_exit_short,24,17,0.44,0
dl_2979,26,West_exit,26,17,0.8,0
dl_2979,11,East_exit,11,8,0.8,0
dl_2980,3,,,,,
dl_2980,22,East_exit_short,22,15,0.44,0
dl_2980,24,East_exit_short,24,17,0.44,0
dl_2980,26,West_exit,26,17,0.8,0
dl_2980,8,East_exit,10,7,0.8,0
dl_2980,10,East_exit,10,7,0.8,0
dl_2981,3,,,,,
dl_2981,22,East_exit_short,22,15,0.44,0
dl_2981,24,East_exit_short,24,17,0.44,0
dl_2981,26,West_exit,26,17,0.8,0
dl_2981,9,East_exit,9,7,0.8,0
dl_2981,8,East_exit,9,7,0.8,0
dl_2982,3,,,,,
dl_2982,22,East_exit_short,22,15,0.44,0
dl_2982,24,East_exit_short,24,17,0.44,0
dl_2982,26,West_exit,26,17,0.8,0
dl_2982,8,East_exit,8,6,0.8,0
dl_2983,3,,,,,
dl_2983,21,East_exit_short,21,15,0.44,0
dl_2983,24,East_exit_short,24,17,0.44,0
dl_2983,26,West_exit,26,17,0.8,0
dl_2983,11,East_exit,13,9,0.8,0
dl_2983,13,East_exit,13,9,0.8,0
dl_2984,3,,,,,
dl_2984,21,East_exit_short,21,15,0.44,0
dl_2984,24,East_exit_short,24,17,0.44,0
dl_2984,26,West_exit,26,17,0.8,0
dl_2984,12,East_exit,12,9,0.8,0
dl_2984,11,East_exit,12,9,0.8,0
dl_2985,3,,,,,
dl_2985,21,East_exit_short,21,15,0.44,0
dl_2985,24,East_exit_short,24,17,0.44,0
dl_2985,26,West_exit,26,17,0.8,0
dl_2985,11,East_exit,11,8,0.8,0
dl_2986,3,,,,,
dl_2986,21,East_exit_short,21,15,0.44,0
dl_2986,24,East_exit_short,24,17,0.44,0
dl_2986,26,West_exit,26,17,0.8,0
dl_2986,8,East_exit,10,7,0.8,0
dl_2986,10,East_exit,10,7,0.8,0
dl_2987,3,,,,,
dl_2987,21,East_exit_short,21,15,0.44,0
dl_2987,24,East_exit_short,24,17,0.44,0
dl_2987,26,West_exit,26,17,0.8,0
dl_2987,9,East_exit,9,7,0.8,0
dl_2987,8,East_exit,9,7,0.8,0
dl_2988,3,,,,,
dl_2988,21,East_exit_short,21,15,0.44,0
dl_2988,24,East_exit_short,24,17,0.44,0
dl_2988,26,West_exit,26,17,0.8,0
dl_2988,8,East_exit,8,6,0.8,0
dl_2989,3,,,,,
dl_2989,20,East_exit_short,20,14,0.44,0
dl_2989,24,East_exit_short,24,17,0.44,0
dl_2989,26,West_exit,26,17,0.8,0
dl_2989,11,East_exit,13,9,0.8,0
dl_2989,13,East_exit,13,9,0.8,0
dl_2990,3,,,,,
dl_2990,20,East_exit_short,20,14,0.44,0
dl_2990,24,East_exit_short,24,17,0.44,0
dl_2990,26,West_exit,26,17,0.8,0
dl_2990,12,East_exit,12,9,0.8,0
dl_2990,11,East_exit,12,9,0.8,0
dl_2991,3,,,,,
dl_2991,20,East_exit_short,20,14,0.44,0
dl_2991,24,East_exit_short,24,17,0.44,0
dl_2991,26,West_exit,26,17,0.8,0
dl_2991,11,East_exit,11,8,0.8,0
dl_2992,3,,,,,
dl_2992,20,East_exit_short,20,14,0.44,0
dl_2992,24,East_exit_short,24,17,0.44,0
dl_2992,26,West_exit,26,17,0.8,0
dl_2992,8,East_exit,10,7,0.8,0
dl_2992,10,East_exit,10,7,0.8,0
dl_2993,3,,,,,
dl_2993,20,East_exit_short,20,14,0.44,0
dl_2993,24,East_exit_short,24,17,0.44,0
dl_2993,26,West_exit,26,17,0.8,0
dl_2993,9,East_exit,9,7,0.8,0
dl_2993,8,East_exit,9,7,0.8,0
dl_2994,3,,,,,
dl_2994,20,East_exit_short,20,14,0.44,0
dl_2994,24,East_exit_short,24,17,0.44,0
dl_2994,26,West_exit,26,17,0.8,0
dl_2994,8,East_exit,8,6,0.8,0
dl_2995,4,,,,,
dl_2995,5,East_exit,7,5,0.8,0
dl_2995,24,East_exit_short,24,17,0.44,0
dl_2995,22,East_exit_short,22,15,0.44,0
dl_2995,26,West_exit,26,17,0.8,0
dl_2995,7,East_exit,7,5,0.8,0
dl_2995,6,West_exit_short,6,4,0.44,0
dl_2996,4,,,,,
dl_2996,5,East_exit,7,5,0.8,0
dl_2996,24,East_exit_short,24,17,0.44,0
dl_2996,21,East_exit_short,21,15,0.44,0
dl_2996,26,West_exit,26,17,0.8,0
dl_2996,7,East_exit,7,5,0.8,0
dl_2996,6,West_exit_short,6,4,0.44,0
dl_2997,4,,,,,
dl_2997,5,East_exit,7,5,0.8,0
dl_2997,24,East_exit_short,24,17,0.44,0
dl_2997,7,East_exit,7,5,0.8,0
dl_2997,26,West_exit,26,17,0.8,0
dl_2997,6,West_exit_short,6,4,0.44,0
dl_2997,20,East_exit_short,20,14,0.44,0
dl_2998,3,,,,,
dl_2998,24,East_exit_short,24,17,0.44,0
dl_2998,26,West_exit,26,17,0.8,0
dl_2998,11,East_exit,13,9,0.8,0
dl_2998,13,East_exit,13,9,0.8,0
dl_2998,19,East_exit_short,19,13,0.44,0
dl_2999,3,,,,,
dl_2999,24,East_exit_short,24,17,0.44,0
dl_2999,26,West_exit,26,17,0.8,0
dl_2999,12,East_exit,12,9,0.8,0
dl_2999,11,East_exit,12,9,0.8,0
dl_2999,19,East_exit_short,19,13,0.44,0
dl_3000,3,,,,,
dl_3000,19,East_exit_short,19,13,0.44,0
dl_3000,24,East_exit_short,24,17,0.44,0
dl_3000,26,West_exit,26,17,0.8,0
dl_3000,11,East_exit,11,8,0.8,0
dl_3001,3,,,,,
dl_3001,19,East_exit_short,19,13,0.44,0
dl_3001,24,East_exit_short,24,17,0.44,0
dl_3001,26,West_exit,26,17,0.8,0
dl_3001,8,East_exit,10,7,0.8,0
dl_3001,10,East_exit,10,7,0.8,0
dl_3002,3,,,,,
dl_3002,19,East_exit_short,19,13,0.44,0
dl_3002,24,East_exit_short,24,17,0.44,0
dl_3002,26,West_exit,26,17,0.8,0
dl_3002,9,East_exit,9,7,0.8,0
dl_3002,8,East_exit,9,7,0.8,0
dl_3003,3,,,,,
dl_3003,19,East_exit_short,19,13,0.44,0
dl_3003,24,East_exit_short,24,17,0.44,0
dl_3003,26,West_exit,26,17,0.8,0
dl_3003,8,East_exit,8,6,0.8,0
dl_3004,4,,,,,
dl_3004,5,East_exit,7,5,0.8,0
dl_3004,7,East_exit,7,5,0.8,0
dl_3004,24,East_exit_short,24,17,0.44,0
dl_3004,26,West_exit,26,17,0.8,0
dl_3004,6,West_exit_short,6,4,0.44,0
dl_3004,19,East_exit_short,19,13,0.44,0
dl_3005,2,,,,,
dl_3005,24,East_exit_short,24,17,0.44,0
dl_3005,26,West_exit,26,17,0.8,0
dl_3005,15,East_exit,15,11,0.8,0
dl_3005,14,East_exit,15,11,0.8,0
dl_3006,2,,,,,
dl_3006,24,East_exit_short,24,17,0.44,0
dl_3006,26,West_exit,26,17,0.8,0
dl_3006,14,East_exit,14,10,0.8,0
dl_3007,2,,,,,
dl_3007,24,East_exit_short,24,17,0.44,0
dl_3007,26,West_exit,26,17,0.8,0
dl_3007,11,East_exit,13,9,0.8,0
dl_3007,13,East_exit,13,9,0.8,0
dl_3008,2,,,,,
dl_3008,24,East_exit_short,24,17,0.44,0
dl_3008,26,West_exit,26,17,0.8,0
dl_3008,12,East_exit,12,9,0.8,0
dl_3008,11,East_exit,12,9,0.8,0
dl_3009,2,,,,,
dl_3009,24,East_exit_short,24,17,0.44,0
dl_3009,26,West_exit,26,17,0.8,0
dl_3009,11,East_exit,11,8,0.8,0
dl_3010,2,,,,,
dl_3010,24,East_exit_short,24,17,0.44,0
dl_3010,26,West_exit,26,17,0.8,0
dl_3010,8,East_exit,10,7,0.8,0
dl_3010,10,East_exit,10,7,0.8,0
dl_3011,2,,,,,
dl_3011,24,East_exit_short,24,17,0.44,0
dl_3011,26,West_exit,26,17,0.8,0
dl_3011,9,East_exit,9,7,0.8,0
dl_3011,8,East_exit,9,7,0.8,0
dl_3012,2,,,,,
dl_3012,24,East_exit_short,24,17,0.44,0
dl_3012,26,West_exit,26,17,0.8,0
dl_3012,8,East_exit,8,6,0.8,0
dl_3013,2,,,,,
dl_3013,24,East_exit_short,24,17,0.44,0
dl_3013,5,East_exit,7,5,0.8,0
dl_3013,7,East_exit,7,5,0.8,0
dl_3013,26,West_exit,26,17,0.8,0
dl_3014,4,,,,,
dl_3014,5,East_exit,6,5,0.8,0
dl_3014,24,East_exit_short,24,17,0.44,0
dl_3014,22,East_exit_short,22,15,0.44,0
dl_3014,26,West_exit,26,17,0.8,0
dl_3014,6,East_exit,6,5,0.8,0
dl_3014,7,West_exit_short,7,4,0.44,0
dl_3015,4,,,,,
dl_3015,5,East_exit,6,5,0.8,0
dl_3015,24,East_exit_short,24,17,0.44,0
dl_3015,21,East_exit_short,21,15,0.44,0
dl_3015,26,West_exit,26,17,0.8,0
dl_3015,6,East_exit,6,5,0.8,0
dl_3015,7,West_exit_short,7,4,0.44,0
dl_3016,4,,,,,
dl_3016,5,East_exit,6,5,0.8,0
dl_3016,24,East_exit_short,24,17,0.44,0
dl_3016,6,East_exit,6,5,0.8,0
dl_3016,26,West_exit,26,17,0.8,0
dl_3016,7,West_exit_short,7,4,0.44,0
dl_3016,20,East_exit_short,20,14,0.44,0
dl_3017,4,,,,,
dl_3017,5,East_exit,6,5,0.8,0
dl_3017,6,East_exit,6,5,0.8,0
dl_3017,24,East_exit_short,24,17,0.44,0
dl_3017,26,West_exit,26,17,0.8,0
dl_3017,7,West_exit_short,7,4,0.44,0
dl_3017,19,East_exit_short,19,13,0.44,0
dl_3018,2,,,,,
dl_3018,24,East_exit_short,24,17,0.44,0
dl_3018,5,East_exit,6,5,0.8,0
dl_3018,6,East_exit,6,5,0.8,0
dl_3018,26,West_exit,26,17,0.8,0
dl_3019,4,,,,,
dl_3019,5,East_exit,5,4,0.8,0
dl_3019,24,East_exit_short,24,17,0.44,0
dl_3019,22,East_exit_short,22,15,0.44,0
dl_3019,26,West_exit,26,17,0.8,0
dl_3019,7,West_exit_short,7,4,0.44,0
dl_3020,4,,,,,
dl_3020,5,East_exit,5,4,0.8,0
dl_3020,24,East_exit_short,24,17,0.44,0
dl_3020,21,East_exit_short,21,15,0.44,0
dl_3020,26,West_exit,26,17,0.8,0
dl_3020,7,West_exit_short,7,4,0.44,0
dl_3021,4,,,,,
dl_3021,5,East_exit,5,4,0.8,0
dl_3021,24,East_exit_short,24,17,0.44,0
dl_3021,26,West_exit,26,17,0.8,0
dl_3021,7,West_exit_short,7,4,0.44,0
dl_3021,20,East_exit_short,20,14,0.44,0
dl_3022,4,,,,,
dl_3022,5,East_exit,5,4,0.8,0
dl_3022,24,East_exit_short,24,17,0.44,0
dl_3022,26,West_exit,26,17,0.8,0
dl_3022,7,West_exit_short,7,4,0.44,0
dl_3022,19,East_exit_short,19,13,0.44,0
dl_3023,3,,,,,
dl_3023,5,East_exit,5,4,0.8,0
dl_3023,24,East_exit_short,24,17,0.44,0
dl_3023,26,West_exit,26,17,0.8,0
dl_3023,7,West_exit_short,7,4,0.44,0
dl_3024,4,,,,,
dl_3024,24,East_exit_short,24,17,0.44,0
dl_3024,6,West_exit_short,6,4,0.44,0
dl_3024,22,East_exit_short,22,15,0.44,0
dl_3024,26,West_exit,26,17,0.8,0
dl_3024,5,East_exit,5,4,0.8,0
dl_3025,4,,,,,
dl_3025,24,East_exit_short,24,17,0.44,0
dl_3025,6,West_exit_short,6,4,0.44,0
dl_3025,21,East_exit_short,21,15,0.44,0
dl_3025,26,West_exit,26,17,0.8,0
dl_3025,5,East_exit,5,4,0.8,0
dl_3026,4,,,,,
dl_3026,24,East_exit_short,24,17,0.44,0
dl_3026,6,West_exit_short,6,4,0.44,0
dl_3026,26,West_exit,26,17,0.8,0
dl_3026,5,East_exit,5,4,0.8,0
dl_3026,20,East_exit_short,20,14,0.44,0
dl_3027,4,,,,,
dl_3027,24,East_exit_short,24,17,0.44,0
dl_3027,6,West_exit_short,6,4,0.44,0
dl_3027,26,West_exit,26,17,0.8,0
dl_3027,5,East_exit,5,4,0.8,0
dl_3027,19,East_exit_short,19,13,0.44,0
dl_3028,3,,,,,
dl_3028,6,West_exit_short,6,4,0.44,0
dl_3028,24,East_exit_short,24,17,0.44,0
dl_3028,26,West_exit,26,17,0.8,0
dl_3028,5,East_exit,5,4,0.8,0
dl_3029,4,,,,,
dl_3029,24,East_exit_short,24,17,0.44,0
dl_3029,8,West_exit_short,8,5,0.44,0
dl_3029,26,West_exit,26,17,0.8,0
dl_3029,5,East_exit,5,4,0.8,0
dl_3029,22,East_exit_short,22,15,0.44,0
dl_3030,4,,,,,
dl_3030,24,East_exit_short,24,17,0.44,0
dl_3030,8,West_exit_short,8,5,0.44,0
dl_3030,26,West_exit,26,17,0.8,0
dl_3030,5,East_exit,5,4,0.8,0
dl_3030,21,East_exit_short,21,15,0.44,0
dl_3031,4,,,,,
dl_3031,24,East_exit_short,24,17,0.44,0
dl_3031,8,West_exit_short,8,5,0.44,0
dl_3031,26,West_exit,26,17,0.8,0
dl_3031,5,East_exit,5,4,0.8,0
dl_3031,20,East_exit_short,20,14,0.44,0
dl_3032,4,,,,,
dl_3032,24,East_exit_short,24,17,0.44,0
dl_3032,8,West_exit_short,8,5,0.44,0
dl_3032,26,West_exit,26,17,0.8,0
dl_3032,5,East_exit,5,4,0.8,0
dl_3032,19,East_exit_short,19,13,0.44,0
dl_3033,3,,,,,
dl_3033,8,West_exit_short,8,5,0.44,0
dl_3033,24,East_exit_short,24,17,0.44,0
dl_3033,26,West_exit,26,17,0.8,0
dl_3033,5,East_exit,5,4,0.8,0
dl_3034,4,,,,,
dl_3034,22,East_exit_short,22,15,0.44,0
dl_3034,24,East_exit_short,24,17,0.44,0
dl_3034,26,West_exit,26,17,0.8,0
dl_3034,5,East_exit,5,4,0.8,0
dl_3034,10,West_exit_short,10,6,0.44,0
dl_3035,4,,,,,
dl_3035,21,East_exit_short,21,15,0.44,0
dl_3035,24,East_exit_short,24,17,0.44,0
dl_3035,26,West_exit,26,17,0.8,0
dl_3035,5,East_exit,5,4,0.8,0
dl_3035,10,West_exit_short,10,6,0.44,0
dl_3036,4,,,,,
dl_3036,24,East_exit_short,24,17,0.44,0
dl_3036,26,West_exit,26,17,0.8,0
dl_3036,5,East_exit,5,4,0.8,0
dl_3036,20,East_exit_short,20,14,0.44,0
dl_3036,10,West_exit_short,10,6,0.44,0
dl_3037,4,,,,,
dl_3037,24,East_exit_short,24,17,0.44,0
dl_3037,26,West_exit,26,17,0.8,0
dl_3037,5,East_exit,5,4,0.8,0
dl_3037,19,East_exit_short,19,13,0.44,0
dl_3037,10,West_exit_short,10,6,0.44,0
dl_3038,2,,,,,
dl_3038,24,East_exit_short,24,17,0.44,0
dl_3038,5,East_exit,5,4,0.8,0
dl_3038,26,West_exit,26,17,0.8,0
dl_3039,2,,,,,
dl_3039,24,East_exit_short,24,17,0.44,0
dl_3039,2,East_exit,4,3,0.8,0
dl_3039,4,East_exit,4,3,0.8,0
dl_3039,26,West_exit,26,17,0.8,0
dl_3040,2,,,,,
dl_3040,24,East_exit_short,24,17,0.44,0
dl_3040,3,East_exit,3,3,0.8,0
dl_3040,2,East_exit,3,3,0.8,0
dl_3040,26,West_exit,26,17,0.8,0
dl_3041,3,,,,,
dl_3041,2,East_exit,2,2,0.8,0
dl_3041,24,East_exit_short,24,17,0.44,0
dl_3041,26,West_exit,26,17,0.8,0
dl_3041,4,West_exit_short,4,2,0.44,0
dl_3042,3,,,,,
dl_3042,3,West_exit_short,3,2,0.44,0
dl_3042,24,East_exit_short,24,17,0.44,0
dl_3042,26,West_exit,26,17,0.8,0
dl_3042,2,East_exit,2,2,0.8,0
dl_3043,3,,,,,
dl_3043,5,West_exit_short,5,3,0.44,0
dl_3043,24,East_exit_short,24,17,0.44,0
dl_3043,26,West_exit,26,17,0.8,0
dl_3043,2,East_exit,2,2,0.8,0
dl_3044,4,,,,,
dl_3044,24,East_exit_short,24,17,0.44,0
dl_3044,26,West_exit,26,17,0.8,0
dl_3044,2,East_exit,2,2,0.8,0
dl_3044,22,East_exit_short,22,15,0.44,0
dl_3044,7,West_exit_short,7,4,0.44,0
dl_3045,4,,,,,
dl_3045,24,East_exit_short,24,17,0.44,0
dl_3045,26,West_exit,26,17,0.8,0
dl_3045,2,East_exit,2,2,0.8,0
dl_3045,21,East_exit_short,21,15,0.44,0
dl_3045,7,West_exit_short,7,4,0.44,0
dl_3046,4,,,,,
dl_3046,24,East_exit_short,24,17,0.44,0
dl_3046,26,West_exit,26,17,0.8,0
dl_3046,2,East_exit,2,2,0.8,0
dl_3046,7,West_exit_short,7,4,0.44,0
dl_3046,20,East_exit_short,20,14,0.44,0
dl_3047,4,,,,,
dl_3047,24,East_exit_short,24,17,0.44,0
dl_3047,26,West_exit,26,17,0.8,0
dl_3047,2,East_exit,2,2,0.8,0
dl_3047,7,West_exit_short,7,4,0.44,0
dl_3047,19,East_exit_short,19,13,0.44,0
dl_3048,3,,,,,
dl_3048,24,East_exit_short,24,17,0.44,0
dl_3048,26,West_exit,26,17,0.8,0
dl_3048,2,East_exit,2,2,0.8,0
dl_3048,7,West_exit_short,7,4,0.44,0
dl_3049,4,,,,,
dl_3049,24,East_exit_short,24,17,0.44,0
dl_3049,26,West_exit,26,17,0.8,0
dl_3049,2,East_exit,2,2,0.8,0
dl_3049,6,West_exit_short,6,4,0.44,0
dl_3049,22,East_exit_short,22,15,0.44,0
dl_3050,4,,,,,
dl_3050,24,East_exit_short,24,17,0.44,0
dl_3050,26,West_exit,26,17,0.8,0
dl_3050,2,East_exit,2,2,0.8,0
dl_3050,6,West_exit_short,6,4,0.44,0
dl_3050,21,East_exit_short,21,15,0.44,0
dl_3051,4,,,,,
dl_3051,24,East_exit_short,24,17,0.44,0
dl_3051,26,West_exit,26,17,0.8,0
dl_3051,2,East_exit,2,2,0.8,0
dl_3051,6,West_exit_short,6,4,0.44,0
dl_3051,20,East_exit_short,20,14,0.44,0
dl_3052,4,,,,,
dl_3052,24,East_exit_short,24,17,0.44,0
dl_3052,26,West_exit,26,17,0.8,0
dl_3052,2,East_exit,2,2,0.8,0
dl_3052,6,West_exit_short,6,4,0.44,0
dl_3052,19,East_exit_short,19,13,0.44,0
dl_3053,3,,,,,
dl_3053,24,East_exit_short,24,17,0.44,0
dl_3053,26,West_exit,26,17,0.8,0
dl_3053,2,East_exit,2,2,0.8,0
dl_3053,6,West_exit_short,6,4,0.44,0
dl_3054,4,,,,,
dl_3054,24,East_exit_short,24,17,0.44,0
dl_3054,26,West_exit,26,17,0.8,0
dl_3054,2,East_exit,2,2,0.8,0
dl_3054,22,East_exit_short,22,15,0.44,0
dl_3054,8,West_exit_short,8,5,0.44,0
dl_3055,4,,,,,
dl_3055,24,East_exit_short,24,17,0.44,0
dl_3055,26,West_exit,26,17,0.8,0
dl_3055,2,East_exit,2,2,0.8,0
dl_3055,21,East_exit_short,21,15,0.44,0
dl_3055,8,West_exit_short,8,5,0.44,0
dl_3056,4,,,,,
dl_3056,24,East_exit_short,24,17,0.44,0
dl_3056,26,West_exit,26,17,0.8,0
dl_3056,2,East_exit,2,2,0.8,0
dl_3056,20,East_exit_short,20,14,0.44,0
dl_3056,8,West_exit_short,8,5,0.44,0
dl_3057,4,,,,,
dl_3057,24,East_exit_short,24,17,0.44,0
dl_3057,26,West_exit,26,17,0.8,0
dl_3057,2,East_exit,2,2,0.8,0
dl_3057,8,West_exit_short,8,5,0.44,0
dl_3057,19,East_exit_short,19,13,0.44,0
dl_3058,3,,,,,
dl_3058,24,East_exit_short,24,17,0.44,0
dl_3058,26,West_exit,26,17,0.8,0
dl_3058,2,East_exit,2,2,0.8,0
dl_3058,8,West_exit_short,8,5,0.44,0
dl_3059,4,,,,,
dl_3059,24,East_exit_short,24,17,0.44,0
dl_3059,26,West_exit,26,17,0.8,0
dl_3059,2,East_exit,2,2,0.8,0
dl_3059,22,East_exit_short,22,15,0.44,0
dl_3059,10,West_exit_short,10,6,0.44,0
dl_3060,4,,,,,
dl_3060,24,East_exit_short,24,17,0.44,0
dl_3060,26,West_exit,26,17,0.8,0
dl_3060,2,East_exit,2,2,0.8,0
dl_3060,21,East_exit_short,21,15,0.44,0
dl_3060,10,West_exit_short,10,6,0.44,0
dl_3061,4,,,,,
dl_3061,24,East_exit_short,24,17,0.44,0
dl_3061,26,West_exit,26,17,0.8,0
dl_3061,2,East_exit,2,2,0.8,0
dl_3061,20,East_exit_short,20,14,0.44,0
dl_3061,10,West_exit_short,10,6,0.44,0
dl_3062,4,,,,,
dl_3062,24,East_exit_short,24,17,0.44,0
dl_3062,26,West_exit,26,17,0.8,0
dl_3062,2,East_exit,2,2,0.8,0
dl_3062,19,East_exit_short,19,13,0.44,0
dl_3062,10,West_exit_short,10,6,0.44,0
dl_3063,3,,,,,
dl_3063,24,East_exit_short,24,17,0.44,0
dl_3063,26,West_exit,26,17,0.8,0
dl_3063,2,East_exit,2,2,0.8,0
dl_3063,10,West_exit_short,10,6,0.44,0
dl_3064,3,,,,,
dl_3064,22,East_exit_short,22,15,0.44,0
dl_3064,23,East_exit_short,23,16,0.44,0
dl_3064,26,West_exit,26,17,0.8,0
dl_3064,11,East_exit,13,9,0.8,0
dl_3064,13,East_exit,13,9,0.8,0
dl_3065,3,,,,,
dl_3065,22,East_exit_short,22,15,0.44,0
dl_3065,23,East_exit_short,23,16,0.44,0
dl_3065,26,West_exit,26,17,0.8,0
dl_3065,12,East_exit,12,9,0.8,0
dl_3065,11,East_exit,12,9,0.8,0
dl_3066,3,,,,,
dl_3066,22,East_exit_short,22,15,0.44,0
dl_3066,23,East_exit_short,23,16,0.44,0
dl_3066,26,West_exit,26,17,0.8,0
dl_3066,11,East_exit,11,8,0.8,0
dl_3067,3,,,,,
dl_3067,22,East_exit_short,22,15,0.44,0
dl_3067,23,East_exit_short,23,16,0.44,0
dl_3067,26,West_exit,26,17,0.8,0
dl_3067,8,East_exit,10,7,0.8,0
dl_3067,10,East_exit,10,7,0.8,0
dl_3068,3,,,,,
dl_3068,22,East_exit_short,22,15,0.44,0
dl_3068,23,East_exit_short,23,16,0.44,0
dl_3068,26,West_exit,26,17,0.8,0
dl_3068,9,East_exit,9,7,0.8,0
dl_3068,8,East_exit,9,7,0.8,0
dl_3069,3,,,,,
dl_3069,22,East_exit_short,22,15,0.44,0
dl_3069,23,East_exit_short,23,16,0.44,0
dl_3069,26,West_exit,26,17,0.8,0
dl_3069,8,East_exit,8,6,0.8,0
dl_3070,3,,,,,
dl_3070,21,East_exit_short,21,15,0.44,0
dl_3070,23,East_exit_short,23,16,0.44,0
dl_3070,26,West_exit,26,17,0.8,0
dl_3070,11,East_exit,13,9,0.8,0
dl_3070,13,East_exit,13,9,0.8,0
dl_3071,3,,,,,
dl_3071,21,East_exit_short,21,15,0.44,0
dl_3071,23,East_exit_short,23,16,0.44,0
dl_3071,26,West_exit,26,17,0.8,0
dl_3071,12,East_exit,12,9,0.8,0
dl_3071,11,East_exit,12,9,0.8,0
dl_3072,3,,,,,
dl_3072,21,East_exit_short,21,15,0.44,0
dl_3072,23,East_exit_short,23,16,0.44,0
dl_3072,26,West_exit,26,17,0.8,0
dl_3072,11,East_exit,11,8,0.8,0
dl_3073,3,,,,,
dl_3073,21,East_exit_short,21,15,0.44,0
dl_3073,23,East_exit_short,23,16,0.44,0
dl_3073,26,West_exit,26,17,0.8,0
dl_3073,8,East_exit,10,7,0.8,0
dl_3073,10,East_exit,10,7,0.8,0
dl_3074,3,,,,,
dl_3074,21,East_exit_short,21,15,0.44,0
dl_3074,23,East_exit_short,23,16,0.44,0
dl_3074,26,West_exit,26,17,0.8,0
dl_3074,9,East_exit,9,7,0.8,0
dl_3074,8,East_exit,9,7,0.8,0
dl_3075,3,,,,,
dl_3075,21,East_exit_short,21,15,0.44,0
dl_3075,23,East_exit_short,23,16,0.44,0
dl_3075,26,West_exit,26,17,0.8,0
dl_3075,8,East_exit,8,6,0.8,0
dl_3076,3,,,,,
dl_3076,20,East_exit_short,20,14,0.44,0
dl_3076,23,East_exit_short,23,16,0.44,0
dl_3076,26,West_exit,26,17,0.8,0
dl_3076,11,East_exit,13,9,0.8,0
dl_3076,13,East_exit,13,9,0.8,0
dl_3077,3,,,,,
dl_3077,20,East_exit_short,20,14,0.44,0
dl_3077,23,East_exit_short,23,16,0.44,0
dl_3077,26,West_exit,26,17,0.8,0
dl_3077,12,East_exit,12,9,0.8,0
dl_3077,11,East_exit,12,9,0.8,0
dl_3078,3,,,,,
dl_3078,20,East_exit_short,20,14,0.44,0
dl_3078,23,East_exit_short,23,16,0.44,0
dl_3078,26,West_exit,26,17,0.8,0
dl_3078,11,East_exit,11,8,0.8,0
dl_3079,3,,,,,
dl_3079,20,East_exit_short,20,14,0.44,0
dl_3079,23,East_exit_short,23,16,0.44,0
dl_3079,26,West_exit,26,17,0.8,0
dl_3079,8,East_exit,10,7,0.8,0
dl_3079,10,East_exit,10,7,0.8,0
dl_3080,3,,,,,
dl_3080,20,East_exit_short,20,14,0.44,0
dl_3080,23,East_exit_short,23,16,0.44,0
dl_3080,26,West_exit,26,17,0.8,0
dl_3080,9,East_exit,9,7,0.8,0
dl_3080,8,East_exit,9,7,0.8,0
dl_3081,3,,,,,
dl_3081,20,East_exit_short,20,14,0.44,0
dl_3081,23,East_exit_short,23,16,0.44,0
dl_3081,26,West_exit,26,17,0.8,0
dl_3081,8,East_exit,8,6,0.8,0
dl_3082,4,,,,,
dl_3082,5,East_exit,7,5,0.8,0
dl_3082,23,East_exit_short,23,16,0.44,0
dl_3082,22,East_exit_short,22,15,0.44,0
dl_3082,26,West_exit,26,17,0.8,0
dl_3082,7,East_exit,7,5,0.8,0
dl_3082,6,West_exit_short,6,4,0.44,0
dl_3083,4,,,,,
dl_3083,5,East_exit,7,5,0.8,0
dl_3083,23,East_exit_short,23,16,0.44,0
dl_3083,21,East_exit_short,21,15,0.44,0
dl_3083,26,West_exit,26,17,0.8,0
dl_3083,7,East_exit,7,5,0.8,0
dl_3083,6,West_exit_short,6,4,0.44,0
dl_3084,4,,,,,
dl_3084,5,East_exit,7,5,0.8,0
dl_3084,23,East_exit_short,23,16,0.44,0
dl_3084,7,East_exit,7,5,0.8,0
dl_3084,26,West_exit,26,17,0.8,0
dl_3084,6,West_exit_short,6,4,0.44,0
dl_3084,20,East_exit_short,20,14,0.44,0
dl_3085,3,,,,,
dl_3085,23,East_exit_short,23,16,0.44,0
dl_3085,26,West_exit,26,17,0.8,0
dl_3085,11,East_exit,13,9,0.8,0
dl_3085,13,East_exit,13,9,0.8,0
dl_3085,19,East_exit_short,19,13,0.44,0
dl_3086,3,,,,,
dl_3086,23,East_exit_short,23,16,0.44,0
dl_3086,26,West_exit,26,17,0.8,0
dl_3086,12,East_exit,12,9,0.8,0
dl_3086,11,East_exit,12,9,0.8,0
dl_3086,19,East_exit_short,19,13,0.44,0
dl_3087,3,,,,,
dl_3087,19,East_exit_short,19,13,0.44,0
dl_3087,23,East_exit_short,23,16,0.44,0
dl_3087,26,West_exit,26,17,0.8,0
dl_3087,11,East_exit,11,8,0.8,0
dl_3088,3,,,,,
dl_3088,19,East_exit_short,19,13,0.44,0
dl_3088,23,East_exit_short,23,16,0.44,0
dl_3088,26,West_exit,26,17,0.8,0
dl_3088,8,East_exit,10,7,0.8,0
dl_3088,10,East_exit,10,7,0.8,0
dl_3089,3,,,,,
dl_3089,19,East_exit_short,19,13,0.44,0
dl_3089,23,East_exit_short,23,16,0.44,0
dl_3089,26,West_exit,26,17,0.8,0
dl_3089,9,East_exit,9,7,0.8,0
dl_3089,8,East_exit,9,7,0.8,0
dl_3090,3,,,,,
dl_3090,19,East_exit_short,19,13,0.44,0
dl_3090,23,East_exit_short,23,16,0.44,0
dl_3090,26,West_exit,26,17,0.8,0
dl_3090,8,East_exit,8,6,0.8,0
dl_3091,4,,,,,
dl_3091,5,East_exit,7,5,0.8,0
dl_3091,7,East_exit,7,5,0.8,0
dl_3091,23,East_exit_short,23,16,0.44,0
dl_3091,26,West_exit,26,17,0.8,0
dl_3091,6,West_exit_short,6,4,0.44,0
dl_3091,19,East_exit_short,19,13,0.44,0
dl_3092,2,,,,,
dl_3092,23,East_exit_short,23,16,0.44,0
dl_3092,26,West_exit,26,17,0.8,0
dl_3092,15,East_exit,15,11,0.8,0
dl_3092,14,East_exit,15,11,0.8,0
dl_3093,2,,,,,
dl_3093,23,East_exit_short,23,16,0.44,0
dl_3093,26,West_exit,26,17,0.8,0
dl_3093,14,East_exit,14,10,0.8,0
dl_3094,2,,,,,
dl_3094,23,East_exit_short,23,16,0.44,0
dl_3094,26,West_exit,26,17,0.8,0
dl_3094,11,East_exit,13,9,0.8,0
dl_3094,13,East_exit,13,9,0.8,0
dl_3095,2,,,,,
dl_3095,23,East_exit_short,23,16,0.44,0
dl_3095,26,West_exit,26,17,0.8,0
dl_3095,12,East_exit,12,9,0.8,0
dl_3095,11,East_exit,12,9,0.8,0
dl_3096,2,,,,,
dl_3096,23,East_exit_short,23,16,0.44,0
dl_3096,26,West_exit,26,17,0.8,0
dl_3096,11,East_exit,11,8,0.8,0
dl_3097,2,,,,,
dl_3097,23,East_exit_short,23,16,0.44,0
dl_3097,26,West_exit,26,17,0.8,0
dl_3097,8,East_exit,10,7,0.8,0
dl_3097,10,East_exit,10,7,0.8,0
dl_3098,2,,,,,
dl_3098,23,East_exit_short,23,16,0.44,0
dl_3098,26,West_exit,26,17,0.8,0
dl_3098,9,East_exit,9,7,0.8,0
dl_3098,8,East_exit,9,7,0.8,0
dl_3099,2,,,,,
dl_3099,23,East_exit_short,23,16,0.44,0
dl_3099,26,West_exit,26,17,0.8,0
dl_3099,8,East_exit,8,6,0.8,0
dl_3100,2,,,,,
dl_3100,23,East_exit_short,23,16,0.44,0
dl_3100,5,East_exit,7,5,0.8,0
dl_3100,7,East_exit,7,5,0.8,0
dl_3100,26,West_exit,26,17,0.8,0
dl_3101,4,,,,,
dl_3101,5,East_exit,6,5,0.8,0
dl_3101,23,East_exit_short,23,16,0.44,0
dl_3101,22,East_exit_short,22,15,0.44,0
dl_3101,26,West_exit,26,17,0.8,0
dl_3101,6,East_exit,6,5,0.8,0
dl_3101,7,West_exit_short,7,4,0.44,0
dl_3102,4,,,,,
dl_3102,5,East_exit,6,5,0.8,0
dl_3102,23,East_exit_short,23,16,0.44,0
dl_3102,21,East_exit_short,21,15,0.44,0
dl_3102,26,West_exit,26,17,0.8,0
dl_3102,6,East_exit,6,5,0.8,0
dl_3102,7,West_exit_short,7,4,0.44,0
dl_3103,4,,,,,
dl_3103,5,East_exit,6,5,0.8,0
dl_3103,23,East_exit_short,23,16,0.44,0
dl_3103,6,East_exit,6,5,0.8,0
dl_3103,26,West_exit,26,17,0.8,0
dl_3103,7,West_exit_short,7,4,0.44,0
dl_3103,20,East_exit_short,20,14,0.44,0
dl_3104,4,,,,,
dl_3104,5,East_exit,6,5,0.8,0
dl_3104,6,East_exit,6,5,0.8,0
dl_3104,23,East_exit_short,23,16,0.44,0
dl_3104,26,West_exit,26,17,0.8,0
dl_3104,7,West_exit_short,7,4,0.44,0
dl_3104,19,East_exit_short,19,13,0.44,0
dl_3105,2,,,,,
dl_3105,23,East_exit_short,23,16,0.44,0
dl_3105,5,East_exit,6,5,0.8,0
dl_3105,6,East_exit,6,5,0.8,0
dl_3105,26,West_exit,26,17,0.8,0
dl_3106,4,,,,,
dl_3106,5,East_exit,5,4,0.8,0
dl_3106,23,East_exit_short,23,16,0.44,0
dl_3106,22,East_exit_short,22,15,0.44,0
dl_3106,26,West_exit,26,17,0.8,0
dl_3106,7,West_exit_short,7,4,0.44,0
dl_3107,4,,,,,
dl_3107,5,East_exit,5,4,0.8,0
dl_3107,23,East_exit_short,23,16,0.44,0
dl_3107,21,East_exit_short,21,15,0.44,0
dl_3107,26,West_exit,26,17,0.8,0
dl_3107,7,West_exit_short,7,4,0.44,0
dl_3108,4,,,,,
dl_3108,5,East_exit,5,4,0.8,0
dl_3108,23,East_exit_short,23,16,0.44,0
dl_3108,26,West_exit,26,17,0.8,0
dl_3108,7,West_exit_short,7,4,0.44,0
dl_3108,20,East_exit_short,20,14,0.44,0
dl_3109,4,,,,,
dl_3109,5,East_exit,5,4,0.8,0
dl_3109,23,East_exit_short,23,16,0.44,0
dl_3109,26,West_exit,26,17,0.8,0
dl_3109,7,West_exit_short,7,4,0.44,0
dl_3109,19,East_exit_short,19,13,0.44,0
dl_3110,3,,,,,
dl_3110,5,East_exit,5,4,0.8,0
dl_3110,23,East_exit_short,23,16,0.44,0
dl_3110,26,West_exit,26,17,0.8,0
dl_3110,7,West_exit_short,7,4,0.44,0
dl_3111,4,,,,,
dl_3111,23,East_exit_short,23,16,0.44,0
dl_3111,6,West_exit_short,6,4,0.44,0
dl_3111,22,East_exit_short,22,15,0.44,0
dl_3111,26,West_exit,26,17,0.8,0
dl_3111,5,East_exit,5,4,0.8,0
dl_3112,4,,,,,
dl_3112,23,East_exit_short,23,16,0.44,0
dl_3112,6,West_exit_short,6,4,0.44,0
dl_3112,21,East_exit_short,21,15,0.44,0
dl_3112,26,West_exit,26,17,0.8,0
dl_3112,5,East_exit,5,4,0.8,0
dl_3113,4,,,,,
dl_3113,23,East_exit_short,23,16,0.44,0
dl_3113,6,West_exit_short,6,4,0.44,0
dl_3113,26,West_exit,26,17,0.8,0
dl_3113,5,East_exit,5,4,0.8,0
dl_3113,20,East_exit_short,20,14,0.44,0
dl_3114,4,,,,,
dl_3114,23,East_exit_short,23,16,0.44,0
dl_3114,6,West_exit_short,6,4,0.44,0
dl_3114,26,West_exit,26,17,0.8,0
dl_3114,5,East_exit,5,4,0.8,0
dl_3114,19,East_exit_short,19,13,0.44,0
dl_3115,3,,,,,
dl_3115,6,West_exit_short,6,4,0.44,0
dl_3115,23,East_exit_short,23,16,0.44,0
dl_3115,26,West_exit,26,17,0.8,0
dl_3115,5,East_exit,5,4,0.8,0
dl_3116,4,,,,,
dl_3116,23,East_exit_short,23,16,0.44,0
dl_3116,8,West_exit_short,8,5,0.44,0
dl_3116,26,West_exit,26,17,0.8,0
dl_3116,5,East_exit,5,4,0.8,0
dl_3116,22,East_exit_short,22,15,0.44,0
dl_3117,4,,,,,
dl_3117,23,East_exit_short,23,16,0.44,0
dl_3117,8,West_exit_short,8,5,0.44,0
dl_3117,26,West_exit,26,17,0.8,0
dl_3117,5,East_exit,5,4,0.8,0
dl_3117,21,East_exit_short,21,15,0.44,0
dl_3118,4,,,,,
dl_3118,23,East_exit_short,23,16,0.44,0
dl_3118,8,West_exit_short,8,5,0.44,0
dl_3118,26,West_exit,26,17,0.8,0
dl_3118,5,East_exit,5,4,0.8,0
dl_3118,20,East_exit_short,20,14,0.44,0
dl_3119,4,,,,,
dl_3119,23,East_exit_short,23,16,0.44,0
dl_3119,8,West_exit_short,8,5,0.44,0
dl_3119,26,West_exit,26,17,0.8,0
dl_3119,5,East_exit,5,4,0.8,0
dl_3119,19,East_exit_short,19,13,0.44,0
dl_3120,3,,,,,
dl_3120,8,West_exit_short,8,5,0.44,0
dl_3120,23,East_exit_short,23,16,0.44,0
dl_3120,26,West_exit,26,17,0.8,0
dl_3120,5,East_exit,5,4,0.8,0
dl_3121,4,,,,,
dl_3121,23,East_exit_short,23,16,0.44,0
dl_3121,26,West_exit,26,17,0.8,0
dl_3121,5,East_exit,5,4,0.8,0
dl_3121,22,East_exit_short,22,15,0.44,0
dl_3121,10,West_exit_short,10,6,0.44,0
dl_3122,4,,,,,
dl_3122,23,East_exit_short,23,16,0.44,0
dl_3122,26,West_exit,26,17,0.8,0
dl_3122,5,East_exit,5,4,0.8,0
dl_3122,21,East_exit_short,21,15,0.44,0
dl_3122,10,West_exit_short,10,6,0.44,0
dl_3123,4,,,,,
dl_3123,23,East_exit_short,23,16,0.44,0
dl_3123,26,West_exit,26,17,0.8,0
dl_3123,5,East_exit,5,4,0.8,0
dl_3123,20,East_exit_short,20,14,0.44,0
dl_3123,10,West_exit_short,10,6,0.44,0
dl_3124,4,,,,,
dl_3124,23,East_exit_short,23,16,0.44,0
dl_3124,26,West_exit,26,17,0.8,0
dl_3124,5,East_exit,5,4,0.8,0
dl_3124,19,East_exit_short,19,13,0.44,0
dl_3124,10,West_exit_short,10,6,0.44,0
dl_3125,2,,,,,
dl_3125,23,East_exit_short,23,16,0.44,0
dl_3125,26,West_exit,26,17,0.8,0
dl_3125,5,East_exit,5,4,0.8,0
dl_3126,2,,,,,
dl_3126,23,East_exit_short,23,16,0.44,0
dl_3126,26,West_exit,26,17,0.8,0
dl_3126,2,East_exit,4,3,0.8,0
dl_3126,4,East_exit,4,3,0.8,0
dl_3127,2,,,,,
dl_3127,23,East_exit_short,23,16,0.44,0
dl_3127,26,West_exit,26,17,0.8,0
dl_3127,3,East_exit,3,3,0.8,0
dl_3127,2,East_exit,3,3,0.8,0
dl_3128,3,,,,,
dl_3128,2,East_exit,2,2,0.8,0
dl_3128,23,East_exit_short,23,16,0.44,0
dl_3128,26,West_exit,26,17,0.8,0
dl_3128,4,West_exit_short,4,2,0.44,0
dl_3129,3,,,,,
dl_3129,3,West_exit_short,3,2,0.44,0
dl_3129,23,East_exit_short,23,16,0.44,0
dl_3129,26,West_exit,26,17,0.8,0
dl_3129,2,East_exit,2,2,0.8,0
dl_3130,3,,,,,
dl_3130,5,West_exit_short,5,3,0.44,0
dl_3130,23,East_exit_short,23,16,0.44,0
dl_3130,26,West_exit,26,17,0.8,0
dl_3130,2,East_exit,2,2,0.8,0
dl_3131,4,,,,,
dl_3131,23,East_exit_short,23,16,0.44,0
dl_3131,26,West_exit,26,17,0.8,0
dl_3131,2,East_exit,2,2,0.8,0
dl_3131,22,East_exit_short,22,15,0.44,0
dl_3131,7,West_exit_short,7,4,0.44,0
dl_3132,4,,,,,
dl_3132,23,East_exit_short,23,16,0.44,0
dl_3132,26,West_exit,26,17,0.8,0
dl_3132,2,East_exit,2,2,0.8,0
dl_3132,21,East_exit_short,21,15,0.44,0
dl_3132,7,West_exit_short,7,4,0.44,0
dl_3133,4,,,,,
dl_3133,23,East_exit_short,23,16,0.44,0
dl_3133,26,West_exit,26,17,0.8,0
dl_3133,2,East_exit,2,2,0.8,0
dl_3133,7,West_exit_short,7,4,0.44,0
dl_3133,20,East_exit_short,20,14,0.44,0
dl_3134,4,,,,,
dl_3134,23,East_exit_short,23,16,0.44,0
dl_3134,26,West_exit,26,17,0.8,0
dl_3134,2,East_exit,2,2,0.8,0
dl_3134,7,West_exit_short,7,4,0.44,0
dl_3134,19,East_exit_short,19,13,0.44,0
dl_3135,3,,,,,
dl_3135,23,East_exit_short,23,16,0.44,0
dl_3135,26,West_exit,26,17,0.8,0
dl_3135,2,East_exit,2,2,0.8,0
dl_3135,7,West_exit_short,7,4,0.44,0
dl_3136,4,,,,,
dl_3136,23,East_exit_short,23,16,0.44,0
dl_3136,26,West_exit,26,17,0.8,0
dl_3136,2,East_exit,2,2,0.8,0
dl_3136,6,West_exit_short,6,4,0.44,0
dl_3136,22,East_exit_short,22,15,0.44,0
dl_3137,4,,,,,
dl_3137,23,East_exit_short,23,16,0.44,0
dl_3137,26,West_exit,26,17,0.8,0
dl_3137,2,East_exit,2,2,0.8,0
dl_3137,6,West_exit_short,6,4,0.44,0
dl_3137,21,East_exit_short,21,15,0.44,0
dl_3138,4,,,,,
dl_3138,23,East_exit_short,23,16,0.44,0
dl_3138,26,West_exit,26,17,0.8,0
dl_3138,2,East_exit,2,2,0.8,0
dl_3138,6,West_exit_short,6,4,0.44,0
dl_3138,20,East_exit_short,20,14,0.44,0
dl_3139,4,,,,,
dl_3139,23,East_exit_short,23,16,0.44,0
dl_3139,26,West_exit,26,17,0.8,0
dl_3139,2,East_exit,2,2,0.8,0
dl_3139,6,West_exit_short,6,4,0.44,0
dl_3139,19,East_exit_short,19,13,0.44,0
dl_3140,3,,,,,
dl_3140,23,East_exit_short,23,16,0.44,0
dl_3140,26,West_exit,26,17,0.8,0
dl_3140,2,East_exit,2,2,0.8,0
dl_3140,6,West_exit_short,6,4,0.44,0
dl_3141,4,,,,,
dl_3141,23,East_exit_short,23,16,0.44,0
dl_3141,26,West_exit,26,17,0.8,0
dl_3141,2,East_exit,2,2,0.8,0
dl_3141,22,East_exit_short,22,15,0.44,0
dl_3141,8,West_exit_short,8,5,0.44,0
dl_3142,4,,,,,
dl_3142,23,East_exit_short,23,16,0.44,0
dl_3142,26,West_exit,26,17,0.8,0
dl_3142,2,East_exit,2,2,0.8,0
dl_3142,21,East_exit_short,21,15,0.44,0
dl_3142,8,West_exit_short,8,5,0.44,0
dl_3143,4,,,,,
dl_3143,23,East_exit_short,23,16,0.44,0
dl_3143,26,West_exit,26,17,0.8,0
dl_3143,2,East_exit,2,2,0.8,0
dl_3143,8,West_exit_short,8,5,0.44,0
dl_3143,20,East_exit_short,20,14,0.44,0
dl_3144,4,,,,,
dl_3144,23,East_exit_short,23,16,0.44,0
dl_3144,26,West_exit,26,17,0.8,0
dl_3144,2,East_exit,2,2,0.8,0
dl_3144,8,West_exit_short,8,5,0.44,0
dl_3144,19,East_exit_short,19,13,0.44,0
dl_3145,3,,,,,
dl_3145,23,East_exit_short,23,16,0.44,0
dl_3145,26,West_exit,26,17,0.8,0
dl_3145,2,East_exit,2,2,0.8,0
dl_3145,8,West_exit_short,8,5,0.44,0
dl_3146,4,,,,,
dl_3146,23,East_exit_short,23,16,0.44,0
dl_3146,26,West_exit,26,17,0.8,0
dl_3146,2,East_exit,2,2,0.8,0
dl_3146,22,East_exit_short,22,15,0.44,0
dl_3146,10,West_exit_short,10,6,0.44,0
dl_3147,4,,,,,
dl_3147,23,East_exit_short,23,16,0.44,0
dl_3147,26,West_exit,26,17,0.8,0
dl_3147,2,East_exit,2,2,0.8,0
dl_3147,21,East_exit_short,21,15,0.44,0
dl_3147,10,West_exit_short,10,6,0.44,0
dl_3148,4,,,,,
dl_3148,23,East_exit_short,23,16,0.44,0
dl_3148,26,West_exit,26,17,0.8,0
dl_3148,2,East_exit,2,2,0.8,0
dl_3148,20,East_exit_short,20,14,0.44,0
dl_3148,10,West_exit_short,10,6,0.44,0
dl_3149,4,,,,,
dl_3149,23,East_exit_short,23,16,0.44,0
dl_3149,26,West_exit,26,17,0.8,0
dl_3149,2,East_exit,2,2,0.8,0
dl_3149,19,East_exit_short,19,13,0.44,0
dl_3149,10,West_exit_short,10,6,0.44,0
dl_3150,3,,,,,
dl_3150,23,East_exit_short,23,16,0.44,0
dl_3150,26,West_exit,26,17,0.8,0
dl_3150,2,East_exit,2,2,0.8,0
dl_3150,10,West_exit_short,10,6,0.44,0
dl_3151,2,,,,,
dl_3151,9,West_exit_short,9,6,0.44,0
dl_3151,14,West_exit,13,8,0.8,0
dl_3151,13,West_exit,13,8,0.8,0
dl_3151,2,East_exit,2,2,0.8,0
dl_3152,2,,,,,
dl_3152,9,West_exit_short,9,6,0.44,0
dl_3152,12,West_exit,12,8,0.8,0
dl_3152,14,West_exit,12,8,0.8,0
dl_3152,2,East_exit,2,2,0.8,0
dl_3153,2,,,,,
dl_3153,9,West_exit_short,9,6,0.44,0
dl_3153,2,East_exit,2,2,0.8,0
dl_3153,14,West_exit,14,9,0.8,0
dl_3154,2,,,,,
dl_3154,9,West_exit_short,9,6,0.44,0
dl_3154,2,East_exit,2,2,0.8,0
dl_3154,17,West_exit,16,10,0.8,0
dl_3154,16,West_exit,16,10,0.8,0
dl_3155,2,,,,,
dl_3155,9,West_exit_short,9,6,0.44,0
dl_3155,2,East_exit,2,2,0.8,0
dl_3155,15,West_exit,15,10,0.8,0
dl_3155,17,West_exit,15,10,0.8,0
dl_3156,2,,,,,
dl_3156,9,West_exit_short,9,6,0.44,0
dl_3156,2,East_exit,2,2,0.8,0
dl_3156,17,West_exit,17,11,0.8,0
dl_3157,2,,,,,
dl_3157,9,West_exit_short,9,6,0.44,0
dl_3157,2,East_exit,2,2,0.8,0
dl_3157,20,West_exit,19,12,0.8,0
dl_3157,19,West_exit,19,12,0.8,0
dl_3158,2,,,,,
dl_3158,9,West_exit_short,9,6,0.44,0
dl_3158,2,East_exit,2,2,0.8,0
dl_3158,18,West_exit,18,12,0.8,0
dl_3158,20,West_exit,18,12,0.8,0
dl_3159,3,,,,,
dl_3159,20,West_exit,20,13,0.8,0
dl_3159,19,East_exit_short,19,13,0.44,0
dl_3159,9,West_exit_short,9,6,0.44,0
dl_3159,2,East_exit,2,2,0.8,0
dl_3160,3,,,,,
dl_3160,20,West_exit,20,13,0.8,0
dl_3160,18,East_exit_short,18,13,0.44,0
dl_3160,9,West_exit_short,9,6,0.44,0
dl_3160,2,East_exit,2,2,0.8,0
dl_3161,3,,,,,
dl_3161,20,West_exit,20,13,0.8,0
dl_3161,17,East_exit_short,17,12,0.44,0
dl_3161,9,West_exit_short,9,6,0.44,0
dl_3161,2,East_exit,2,2,0.8,0
dl_3162,2,,,,,
dl_3162,9,West_exit_short,9,6,0.44,0
dl_3162,2,East_exit,2,2,0.8,0
dl_3162,20,West_exit,20,13,0.8,0
dl_3163,2,,,,,
dl_3163,9,West_exit_short,9,6,0.44,0
dl_3163,2,East_exit,2,2,0.8,0
dl_3163,23,West_exit,22,14,0.8,0
dl_3163,22,West_exit,22,14,0.8,0
dl_3164,2,,,,,
dl_3164,9,West_exit_short,9,6,0.44,0
dl_3164,2,East_exit,2,2,0.8,0
dl_3164,23,West_exit,21,14,0.8,0
dl_3164,21,West_exit,21,14,0.8,0
dl_3165,3,,,,,
dl_3165,23,West_exit,23,15,0.8,0
dl_3165,22,East_exit_short,22,15,0.44,0
dl_3165,9,West_exit_short,9,6,0.44,0
dl_3165,2,East_exit,2,2,0.8,0
dl_3166,3,,,,,
dl_3166,21,East_exit_short,21,15,0.44,0
dl_3166,23,West_exit,23,15,0.8,0
dl_3166,9,West_exit_short,9,6,0.44,0
dl_3166,2,East_exit,2,2,0.8,0
dl_3167,3,,,,,
dl_3167,20,East_exit_short,20,14,0.44,0
dl_3167,23,West_exit,23,15,0.8,0
dl_3167,9,West_exit_short,9,6,0.44,0
dl_3167,2,East_exit,2,2,0.8,0
dl_3168,3,,,,,
dl_3168,19,East_exit_short,19,13,0.44,0
dl_3168,9,West_exit_short,9,6,0.44,0
dl_3168,2,East_exit,2,2,0.8,0
dl_3168,23,West_exit,23,15,0.8,0
dl_3169,2,,,,,
dl_3169,23,West_exit,23,15,0.8,0
dl_3169,2,East_exit,2,2,0.8,0
dl_3169,9,West_exit_short,9,6,0.44,0
dl_3170,4,,,,,
dl_3170,22,East_exit_short,22,15,0.44,0
dl_3170,26,West_exit,25,16,0.8,0
dl_3170,25,West_exit,25,16,0.8,0
dl_3170,24,East_exit_short,24,17,0.44,0
dl_3170,9,West_exit_short,9,6,0.44,0
dl_3170,2,East_exit,2,2,0.8,0
dl_3171,4,,,,,
dl_3171,21,East_exit_short,21,15,0.44,0
dl_3171,26,West_exit,25,16,0.8,0
dl_3171,25,West_exit,25,16,0.8,0
dl_3171,24,East_exit_short,24,17,0.44,0
dl_3171,9,West_exit_short,9,6,0.44,0
dl_3171,2,East_exit,2,2,0.8,0
dl_3172,4,,,,,
dl_3172,20,East_exit_short,20,14,0.44,0
dl_3172,26,West_exit,25,16,0.8,0
dl_3172,25,West_exit,25,16,0.8,0
dl_3172,24,East_exit_short,24,17,0.44,0
dl_3172,9,West_exit_short,9,6,0.44,0
dl_3172,2,East_exit,2,2,0.8,0
dl_3173,4,,,,,
dl_3173,26,West_exit,25,16,0.8,0
dl_3173,25,West_exit,25,16,0.8,0
dl_3173,19,East_exit_short,19,13,0.44,0
dl_3173,24,East_exit_short,24,17,0.44,0
dl_3173,9,West_exit_short,9,6,0.44,0
dl_3173,2,East_exit,2,2,0.8,0
dl_3174,2,,,,,
dl_3174,26,West_exit,25,16,0.8,0
dl_3174,25,West_exit,25,16,0.8,0
dl_3174,2,East_exit,2,2,0.8,0
dl_3174,9,West_exit_short,9,6,0.44,0
dl_3175,4,,,,,
dl_3175,24,West_exit,24,16,0.8,0
dl_3175,26,West_exit,24,16,0.8,0
dl_3175,25,East_exit_short,25,17,0.44,0
dl_3175,22,East_exit_short,22,15,0.44,0
dl_3175,9,West_exit_short,9,6,0.44,0
dl_3175,2,East_exit,2,2,0.8,0
dl_3176,4,,,,,
dl_3176,24,West_exit,24,16,0.8,0
dl_3176,26,West_exit,24,16,0.8,0
dl_3176,25,East_exit_short,25,17,0.44,0
dl_3176,21,East_exit_short,21,15,0.44,0
dl_3176,9,West_exit_short,9,6,0.44,0
dl_3176,2,East_exit,2,2,0.8,0
dl_3177,4,,,,,
dl_3177,24,West_exit,24,16,0.8,0
dl_3177,26,West_exit,24,16,0.8,0
dl_3177,25,East_exit_short,25,17,0.44,0
dl_3177,9,West_exit_short,9,6,0.44,0
dl_3177,2,East_exit,2,2,0.8,0
dl_3177,20,East_exit_short,20,14,0.44,0
dl_3178,4,,,,,
dl_3178,24,West_exit,24,16,0.8,0
dl_3178,26,West_exit,24,16,0.8,0
dl_3178,25,East_exit_short,25,17,0.44,0
dl_3178,9,West_exit_short,9,6,0.44,0
dl_3178,2,East_exit,2,2,0.8,0
dl_3178,19,East_exit_short,19,13,0.44,0
dl_3179,2,,,,,
dl_3179,24,West_exit,24,16,0.8,0
dl_3179,26,West_exit,24,16,0.8,0
dl_3179,2,East_exit,2,2,0.8,0
dl_3179,9,West_exit_short,9,6,0.44,0
dl_3180,4,,,,,
dl_3180,26,West_exit,26,17,0.8,0
dl_3180,25,East_exit_short,25,17,0.44,0
dl_3180,2,East_exit,2,2,0.8,0
dl_3180,22,East_exit_short,22,15,0.44,0
dl_3180,9,West_exit_short,9,6,0.44,0
dl_3181,4,,,,,
dl_3181,26,West_exit,26,17,0.8,0
dl_3181,25,East_exit_short,25,17,0.44,0
dl_3181,2,East_exit,2,2,0.8,0
dl_3181,21,East_exit_short,21,15,0.44,0
dl_3181,9,West_exit_short,9,6,0.44,0
dl_3182,4,,,,,
dl_3182,26,West_exit,26,17,0.8,0
dl_3182,25,East_exit_short,25,17,0.44,0
dl_3182,2,East_exit,2,2,0.8,0
dl_3182,20,East_exit_short,20,14,0.44,0
dl_3182,9,West_exit_short,9,6,0.44,0
dl_3183,4,,,,,
dl_3183,26,West_exit,26,17,0.8,0
dl_3183,25,East_exit_short,25,17,0.44,0
dl_3183,2,East_exit,2,2,0.8,0
dl_3183,19,East_exit_short,19,13,0.44,0
dl_3183,9,West_exit_short,9,6,0.44,0
dl_3184,3,,,,,
dl_3184,26,West_exit,26,17,0.8,0
dl_3184,25,East_exit_short,25,17,0.44,0
dl_3184,2,East_exit,2,2,0.8,0
dl_3184,9,West_exit_short,9,6,0.44,0
dl_3185,4,,,,,
dl_3185,24,East_exit_short,24,17,0.44,0
dl_3185,26,West_exit,26,17,0.8,0
dl_3185,2,East_exit,2,2,0.8,0
dl_3185,22,East_exit_short,22,15,0.44,0
dl_3185,9,West_exit_short,9,6,0.44,0
dl_3186,4,,,,,
dl_3186,24,East_exit_short,24,17,0.44,0
dl_3186,26,West_exit,26,17,0.8,0
dl_3186,2,East_exit,2,2,0.8,0
dl_3186,21,East_exit_short,21,15,0.44,0
dl_3186,9,West_exit_short,9,6,0.44,0
dl_3187,4,,,,,
dl_3187,24,East_exit_short,24,17,0.44,0
dl_3187,26,West_exit,26,17,0.8,0
dl_3187,2,East_exit,2,2,0.8,0
dl_3187,20,East_exit_short,20,14,0.44,0
dl_3187,9,West_exit_short,9,6,0.44,0
dl_3188,4,,,,,
dl_3188,24,East_exit_short,24,17,0.44,0
dl_3188,26,West_exit,26,17,0.8,0
dl_3188,2,East_exit,2,2,0.8,0
dl_3188,19,East_exit_short,19,13,0.44,0
dl_3188,9,West_exit_short,9,6,0.44,0
dl_3189,3,,,,,
dl_3189,24,East_exit_short,24,17,0.44,0
dl_3189,26,West_exit,26,17,0.8,0
dl_3189,2,East_exit,2,2,0.8,0
dl_3189,9,West_exit_short,9,6,0.44,0
dl_3190,4,,,,,
dl_3190,23,East_exit_short,23,16,0.44,0
dl_3190,26,West_exit,26,17,0.8,0
dl_3190,2,East_exit,2,2,0.8,0
dl_3190,22,East_exit_short,22,15,0.44,0
dl_3190,9,West_exit_short,9,6,0.44,0
dl_3191,4,,,,,
dl_3191,23,East_exit_short,23,16,0.44,0
dl_3191,26,West_exit,26,17,0.8,0
dl_3191,2,East_exit,2,2,0.8,0
dl_3191,21,East_exit_short,21,15,0.44,0
dl_3191,9,West_exit_short,9,6,0.44,0
dl_3192,4,,,,,
dl_3192,23,East_exit_short,23,16,0.44,0
dl_3192,26,West_exit,26,17,0.8,0
dl_3192,2,East_exit,2,2,0.8,0
dl_3192,20,East_exit_short,20,14,0.44,0
dl_3192,9,West_exit_short,9,6,0.44,0
dl_3193,4,,,,,
dl_3193,23,East_exit_short,23,16,0.44,0
dl_3193,26,West_exit,26,17,0.8,0
dl_3193,2,East_exit,2,2,0.8,0
dl_3193,19,East_exit_short,19,13,0.44,0
dl_3193,9,West_exit_short,9,6,0.44,0
dl_3194,3,,,,,
dl_3194,23,East_exit_short,23,16,0.44,0
dl_3194,26,West_exit,26,17,0.8,0
dl_3194,2,East_exit,2,2,0.8,0
dl_3194,9,West_exit_short,9,6,0.44,0
dl_3195,3,,,,,
dl_3195,11,West_exit_short,11,7,0.44,0
dl_3195,14,West_exit,13,8,0.8,0
dl_3195,13,West_exit,13,8,0.8,0
dl_3195,2,East_exit,2,2,0.8,0
dl_3195,10,East_exit_short,10,7,0.44,0
dl_3196,3,,,,,
dl_3196,11,West_exit_short,11,7,0.44,0
dl_3196,12,West_exit,12,8,0.8,0
dl_3196,14,West_exit,12,8,0.8,0
dl_3196,2,East_exit,2,2,0.8,0
dl_3196,10,East_exit_short,10,7,0.44,0
dl_3197,3,,,,,
dl_3197,11,West_exit_short,11,7,0.44,0
dl_3197,2,East_exit,2,2,0.8,0
dl_3197,10,East_exit_short,10,7,0.44,0
dl_3197,14,West_exit,14,9,0.8,0
dl_3198,3,,,,,
dl_3198,11,West_exit_short,11,7,0.44,0
dl_3198,2,East_exit,2,2,0.8,0
dl_3198,10,East_exit_short,10,7,0.44,0
dl_3198,17,West_exit,16,10,0.8,0
dl_3198,16,West_exit,16,10,0.8,0
dl_3199,3,,,,,
dl_3199,11,West_exit_short,11,7,0.44,0
dl_3199,2,East_exit,2,2,0.8,0
dl_3199,10,East_exit_short,10,7,0.44,0
dl_3199,15,West_exit,15,10,0.8,0
dl_3199,17,West_exit,15,10,0.8,0
dl_3200,3,,,,,
dl_3200,11,West_exit_short,11,7,0.44,0
dl_3200,2,East_exit,2,2,0.8,0
dl_3200,10,East_exit_short,10,7,0.44,0
dl_3200,17,West_exit,17,11,0.8,0
dl_3201,3,,,,,
dl_3201,11,West_exit_short,11,7,0.44,0
dl_3201,2,East_exit,2,2,0.8,0
dl_3201,10,East_exit_short,10,7,0.44,0
dl_3201,20,West_exit,19,12,0.8,0
dl_3201,19,West_exit,19,12,0.8,0
dl_3202,3,,,,,
dl_3202,11,West_exit_short,11,7,0.44,0
dl_3202,2,East_exit,2,2,0.8,0
dl_3202,10,East_exit_short,10,7,0.44,0
dl_3202,18,West_exit,18,12,0.8,0
dl_3202,20,West_exit,18,12,0.8,0
dl_3203,3,,,,,
dl_3203,11,West_exit_short,11,7,0.44,0
dl_3203,2,East_exit,2,2,0.8,0
dl_3203,10,East_exit_short,10,7,0.44,0
dl_3203,20,West_exit,20,13,0.8,0
dl_3204,3,,,,,
dl_3204,11,West_exit_short,11,7,0.44,0
dl_3204,2,East_exit,2,2,0.8,0
dl_3204,10,East_exit_short,10,7,0.44,0
dl_3204,23,West_exit,22,14,0.8,0
dl_3204,22,West_exit,22,14,0.8,0
dl_3205,3,,,,,
dl_3205,11,West_exit_short,11,7,0.44,0
dl_3205,2,East_exit,2,2,0.8,0
dl_3205,10,East_exit_short,10,7,0.44,0
dl_3205,23,West_exit,21,14,0.8,0
dl_3205,21,West_exit,21,14,0.8,0
dl_3206,3,,,,,
dl_3206,11,West_exit_short,11,7,0.44,0
dl_3206,2,East_exit,2,2,0.8,0
dl_3206,10,East_exit_short,10,7,0.44,0
dl_3206,23,West_exit,23,15,0.8,0
dl_3207,3,,,,,
dl_3207,11,West_exit_short,11,7,0.44,0
dl_3207,26,West_exit,25,16,0.8,0
dl_3207,25,West_exit,25,16,0.8,0
dl_3207,2,East_exit,2,2,0.8,0
dl_3207,10,East_exit_short,10,7,0.44,0
dl_3208,3,,,,,
dl_3208,11,West_exit_short,11,7,0.44,0
dl_3208,14,West_exit,13,8,0.8,0
dl_3208,13,West_exit,13,8,0.8,0
dl_3208,9,East_exit_short,9,7,0.44,0
dl_3208,2,East_exit,2,2,0.8,0
dl_3209,3,,,,,
dl_3209,11,West_exit_short,11,7,0.44,0
dl_3209,12,West_exit,12,8,0.8,0
dl_3209,14,West_exit,12,8,0.8,0
dl_3209,9,East_exit_short,9,7,0.44,0
dl_3209,2,East_exit,2,2,0.8,0
dl_3210,3,,,,,
dl_3210,11,West_exit_short,11,7,0.44,0
dl_3210,9,East_exit_short,9,7,0.44,0
dl_3210,2,East_exit,2,2,0.8,0
dl_3210,14,West_exit,14,9,0.8,0
dl_3211,3,,,,,
dl_3211,11,West_exit_short,11,7,0.44,0
dl_3211,9,East_exit_short,9,7,0.44,0
dl_3211,2,East_exit,2,2,0.8,0
dl_3211,17,West_exit,16,10,0.8,0
dl_3211,16,West_exit,16,10,0.8,0
dl_3212,3,,,,,
dl_3212,11,West_exit_short,11,7,0.44,0
dl_3212,9,East_exit_short,9,7,0.44,0
dl_3212,2,East_exit,2,2,0.8,0
dl_3212,15,West_exit,15,10,0.8,0
dl_3212,17,West_exit,15,10,0.8,0
dl_3213,3,,,,,
dl_3213,11,West_exit_short,11,7,0.44,0
dl_3213,9,East_exit_short,9,7,0.44,0
dl_3213,2,East_exit,2,2,0.8,0
dl_3213,17,West_exit,17,11,0.8,0
dl_3214,3,,,,,
dl_3214,11,West_exit_short,11,7,0.44,0
dl_3214,9,East_exit_short,9,7,0.44,0
dl_3214,2,East_exit,2,2,0.8,0
dl_3214,20,West_exit,19,12,0.8,0
dl_3214,19,West_exit,19,12,0.8,0
dl_3215,3,,,,,
dl_3215,11,West_exit_short,11,7,0.44,0
dl_3215,9,East_exit_short,9,7,0.44,0
dl_3215,2,East_exit,2,2,0.8,0
dl_3215,18,West_exit,18,12,0.8,0
dl_3215,20,West_exit,18,12,0.8,0
dl_3216,3,,,,,
dl_3216,11,West_exit_short,11,7,0.44,0
dl_3216,9,East_exit_short,9,7,0.44,0
dl_3216,2,East_exit,2,2,0.8,0
dl_3216,20,West_exit,20,13,0.8,0
dl_3217,3,,,,,
dl_3217,11,West_exit_short,11,7,0.44,0
dl_3217,9,East_exit_short,9,7,0.44,0
dl_3217,2,East_exit,2,2,0.8,0
dl_3217,23,West_exit,22,14,0.8,0
dl_3217,22,West_exit,22,14,0.8,0
dl_3218,3,,,,,
dl_3218,11,West_exit_short,11,7,0.44,0
dl_3218,9,East_exit_short,9,7,0.44,0
dl_3218,2,East_exit,2,2,0.8,0
dl_3218,23,West_exit,21,14,0.8,0
dl_3218,21,West_exit,21,14,0.8,0
dl_3219,3,,,,,
dl_3219,11,West_exit_short,11,7,0.44,0
dl_3219,9,East_exit_short,9,7,0.44,0
dl_3219,2,East_exit,2,2,0.8,0
dl_3219,23,West_exit,23,15,0.8,0
dl_3220,3,,,,,
dl_3220,26,West_exit,25,16,0.8,0
dl_3220,25,West_exit,25,16,0.8,0
dl_3220,11,West_exit_short,11,7,0.44,0
dl_3220,9,East_exit_short,9,7,0.44,0
dl_3220,2,East_exit,2,2,0.8,0
dl_3221,3,,,,,
dl_3221,14,West_exit,13,8,0.8,0
dl_3221,13,West_exit,13,8,0.8,0
dl_3221,11,West_exit_short,11,7,0.44,0
dl_3221,2,East_exit,2,2,0.8,0
dl_3221,8,East_exit_short,8,6,0.44,0
dl_3222,3,,,,,
dl_3222,12,West_exit,12,8,0.8,0
dl_3222,14,West_exit,12,8,0.8,0
dl_3222,11,West_exit_short,11,7,0.44,0
dl_3222,2,East_exit,2,2,0.8,0
dl_3222,8,East_exit_short,8,6,0.44,0
dl_3223,3,,,,,
dl_3223,11,West_exit_short,11,7,0.44,0
dl_3223,2,East_exit,2,2,0.8,0
dl_3223,8,East_exit_short,8,6,0.44,0
dl_3223,14,West_exit,14,9,0.8,0
dl_3224,3,,,,,
dl_3224,11,West_exit_short,11,7,0.44,0
dl_3224,2,East_exit,2,2,0.8,0
dl_3224,8,East_exit_short,8,6,0.44,0
dl_3224,17,West_exit,16,10,0.8,0
dl_3224,16,West_exit,16,10,0.8,0
dl_3225,3,,,,,
dl_3225,11,West_exit_short,11,7,0.44,0
dl_3225,2,East_exit,2,2,0.8,0
dl_3225,8,East_exit_short,8,6,0.44,0
dl_3225,15,West_exit,15,10,0.8,0
dl_3225,17,West_exit,15,10,0.8,0
dl_3226,3,,,,,
dl_3226,11,West_exit_short,11,7,0.44,0
dl_3226,2,East_exit,2,2,0.8,0
dl_3226,8,East_exit_short,8,6,0.44,0
dl_3226,17,West_exit,17,11,0.8,0
dl_3227,3,,,,,
dl_3227,11,West_exit_short,11,7,0.44,0
dl_3227,2,East_exit,2,2,0.8,0
dl_3227,8,East_exit_short,8,6,0.44,0
dl_3227,20,West_exit,19,12,0.8,0
dl_3227,19,West_exit,19,12,0.8,0
dl_3228,3,,,,,
dl_3228,11,West_exit_short,11,7,0.44,0
dl_3228,2,East_exit,2,2,0.8,0
dl_3228,8,East_exit_short,8,6,0.44,0
dl_3228,18,West_exit,18,12,0.8,0
dl_3228,20,West_exit,18,12,0.8,0
dl_3229,3,,,,,
dl_3229,11,West_exit_short,11,7,0.44,0
dl_3229,2,East_exit,2,2,0.8,0
dl_3229,8,East_exit_short,8,6,0.44,0
dl_3229,20,West_exit,20,13,0.8,0
dl_3230,3,,,,,
dl_3230,11,West_exit_short,11,7,0.44,0
dl_3230,2,East_exit,2,2,0.8,0
dl_3230,8,East_exit_short,8,6,0.44,0
dl_3230,23,West_exit,22,14,0.8,0
dl_3230,22,West_exit,22,14,0.8,0
dl_3231,3,,,,,
dl_3231,11,West_exit_short,11,7,0.44,0
dl_3231,2,East_exit,2,2,0.8,0
dl_3231,8,East_exit_short,8,6,0.44,0
dl_3231,23,West_exit,21,14,0.8,0
dl_3231,21,West_exit,21,14,0.8,0
dl_3232,3,,,,,
dl_3232,11,West_exit_short,11,7,0.44,0
dl_3232,2,East_exit,2,2,0.8,0
dl_3232,8,East_exit_short,8,6,0.44,0
dl_3232,23,West_exit,23,15,0.8,0
dl_3233,3,,,,,
dl_3233,26,West_exit,25,16,0.8,0
dl_3233,25,West_exit,25,16,0.8,0
dl_3233,11,West_exit_short,11,7,0.44,0
dl_3233,2,East_exit,2,2,0.8,0
dl_3233,8,East_exit_short,8,6,0.44,0
dl_3234,3,,,,,
dl_3234,11,West_exit_short,11,7,0.44,0
dl_3234,24,West_exit,24,16,0.8,0
dl_3234,26,West_exit,24,16,0.8,0
dl_3234,2,East_exit,2,2,0.8,0
dl_3234,10,East_exit_short,10,7,0.44,0
dl_3235,3,,,,,
dl_3235,24,West_exit,24,16,0.8,0
dl_3235,26,West_exit,24,16,0.8,0
dl_3235,11,West_exit_short,11,7,0.44,0
dl_3235,9,East_exit_short,9,7,0.44,0
dl_3235,2,East_exit,2,2,0.8,0
dl_3236,3,,,,,
dl_3236,24,West_exit,24,16,0.8,0
dl_3236,26,West_exit,24,16,0.8,0
dl_3236,11,West_exit_short,11,7,0.44,0
dl_3236,2,East_exit,2,2,0.8,0
dl_3236,8,East_exit_short,8,6,0.44,0
dl_3237,4,,,,,
dl_3237,11,West_exit_short,11,7,0.44,0
dl_3237,26,West_exit,26,17,0.8,0
dl_3237,25,East_exit_short,25,17,0.44,0
dl_3237,2,East_exit,2,2,0.8,0
dl_3237,10,East_exit_short,10,7,0.44,0
dl_3238,4,,,,,
dl_3238,26,West_exit,26,17,0.8,0
dl_3238,25,East_exit_short,25,17,0.44,0
dl_3238,11,West_exit_short,11,7,0.44,0
dl_3238,9,East_exit_short,9,7,0.44,0
dl_3238,2,East_exit,2,2,0.8,0
dl_3239,4,,,,,
dl_3239,26,West_exit,26,17,0.8,0
dl_3239,25,East_exit_short,25,17,0.44,0
dl_3239,11,West_exit_short,11,7,0.44,0
dl_3239,2,East_exit,2,2,0.8,0
dl_3239,8,East_exit_short,8,6,0.44,0
dl_3240,4,,,,,
dl_3240,11,West_exit_short,11,7,0.44,0
dl_3240,24,East_exit_short,24,17,0.44,0
dl_3240,26,West_exit,26,17,0.8,0
dl_3240,2,East_exit,2,2,0.8,0
dl_3240,10,East_exit_short,10,7,0.44,0
dl_3241,4,,,,,
dl_3241,24,East_exit_short,24,17,0.44,0
dl_3241,26,West_exit,26,17,0.8,0
dl_3241,11,West_exit_short,11,7,0.44,0
dl_3241,9,East_exit_short,9,7,0.44,0
dl_3241,2,East_exit,2,2,0.8,0
dl_3242,4,,,,,
dl_3242,24,East_exit_short,24,17,0.44,0
dl_3242,26,West_exit,26,17,0.8,0
dl_3242,11,West_exit_short,11,7,0.44,0
dl_3242,2,East_exit,2,2,0.8,0
dl_3242,8,East_exit_short,8,6,0.44,0
dl_3243,4,,,,,
dl_3243,11,West_exit_short,11,7,0.44,0
dl_3243,23,East_exit_short,23,16,0.44,0
dl_3243,26,West_exit,26,17,0.8,0
dl_3243,2,East_exit,2,2,0.8,0
dl_3243,10,East_exit_short,10,7,0.44,0
dl_3244,4,,,,,
dl_3244,23,East_exit_short,23,16,0.44,0
dl_3244,26,West_exit,26,17,0.8,0
dl_3244,11,West_exit_short,11,7,0.44,0
dl_3244,9,East_exit_short,9,7,0.44,0
dl_3244,2,East_exit,2,2,0.8,0
dl_3245,4,,,,,
dl_3245,23,East_exit_short,23,16,0.44,0
dl_3245,26,West_exit,26,17,0.8,0
dl_3245,11,West_exit_short,11,7,0.44,0
dl_3245,2,East_exit,2,2,0.8,0
dl_3245,8,East_exit_short,8,6,0.44,0
dl_3246,2,,,,,
dl_3246,14,West_exit,13,8,0.8,0
dl_3246,13,West_exit,13,8,0.8,0
dl_3246,2,East_exit,2,2,0.8,0
dl_3246,11,West_exit_short,11,7,0.44,0
dl_3247,2,,,,,
dl_3247,12,West_exit,12,8,0.8,0
dl_3247,14,West_exit,12,8,0.8,0
dl_3247,2,East_exit,2,2,0.8,0
dl_3247,11,West_exit_short,11,7,0.44,0
dl_3248,2,,,,,
dl_3248,14,West_exit,14,9,0.8,0
dl_3248,2,East_exit,2,2,0.8,0
dl_3248,11,West_exit_short,11,7,0.44,0
dl_3249,2,,,,,
dl_3249,2,East_exit,2,2,0.8,0
dl_3249,17,West_exit,16,10,0.8,0
dl_3249,16,West_exit,16,10,0.8,0
dl_3249,11,West_exit_short,11,7,0.44,0
dl_3250,2,,,,,
dl_3250,2,East_exit,2,2,0.8,0
dl_3250,15,West_exit,15,10,0.8,0
dl_3250,17,West_exit,15,10,0.8,0
dl_3250,11,West_exit_short,11,7,0.44,0
dl_3251,2,,,,,
dl_3251,2,East_exit,2,2,0.8,0
dl_3251,17,West_exit,17,11,0.8,0
dl_3251,11,West_exit_short,11,7,0.44,0
dl_3252,2,,,,,
dl_3252,2,East_exit,2,2,0.8,0
dl_3252,20,West_exit,19,12,0.8,0
dl_3252,19,West_exit,19,12,0.8,0
dl_3252,11,West_exit_short,11,7,0.44,0
dl_3253,2,,,,,
dl_3253,2,East_exit,2,2,0.8,0
dl_3253,18,West_exit,18,12,0.8,0
dl_3253,20,West_exit,18,12,0.8,0
dl_3253,11,West_exit_short,11,7,0.44,0
dl_3254,2,,,,,
dl_3254,2,East_exit,2,2,0.8,0
dl_3254,20,West_exit,20,13,0.8,0
dl_3254,11,West_exit_short,11,7,0.44,0
dl_3255,2,,,,,
dl_3255,2,East_exit,2,2,0.8,0
dl_3255,23,West_exit,22,14,0.8,0
dl_3255,22,West_exit,22,14,0.8,0
dl_3255,11,West_exit_short,11,7,0.44,0
dl_3256,2,,,,,
dl_3256,2,East_exit,2,2,0.8,0
dl_3256,23,West_exit,21,14,0.8,0
dl_3256,21,West_exit,21,14,0.8,0
dl_3256,11,West_exit_short,11,7,0.44,0
dl_3257,2,,,,,
dl_3257,2,East_exit,2,2,0.8,0
dl_3257,23,West_exit,23,15,0.8,0
dl_3257,11,West_exit_short,11,7,0.44,0
dl_3258,2,,,,,
dl_3258,26,West_exit,25,16,0.8,0
dl_3258,25,West_exit,25,16,0.8,0
dl_3258,2,East_exit,2,2,0.8,0
dl_3258,11,West_exit_short,11,7,0.44,0
dl_3259,2,,,,,
dl_3259,24,West_exit,24,16,0.8,0
dl_3259,26,West_exit,24,16,0.8,0
dl_3259,2,East_exit,2,2,0.8,0
dl_3259,11,West_exit_short,11,7,0.44,0
dl_3260,3,,,,,
dl_3260,26,West_exit,26,17,0.8,0
dl_3260,25,East_exit_short,25,17,0.44,0
dl_3260,2,East_exit,2,2,0.8,0
dl_3260,11,West_exit_short,11,7,0.44,0
dl_3261,3,,,,,
dl_3261,24,East_exit_short,24,17,0.44,0
dl_3261,26,West_exit,26,17,0.8,0
dl_3261,2,East_exit,2,2,0.8,0
dl_3261,11,West_exit_short,11,7,0.44,0
dl_3262,3,,,,,
dl_3262,23,East_exit_short,23,16,0.44,0
dl_3262,26,West_exit,26,17,0.8,0
dl_3262,2,East_exit,2,2,0.8,0
dl_3262,11,West_exit_short,11,7,0.44,0
dl_3263,1,,,,,
dl_3263,2,East_exit,2,2,0.8,0
dl_3263,8,West_exit,7,4,0.8,0
dl_3263,7,West_exit,7,4,0.8,0
dl_3264,1,,,,,
dl_3264,2,East_exit,2,2,0.8,0
dl_3264,6,West_exit,6,4,0.8,0
dl_3264,8,West_exit,6,4,0.8,0
dl_3265,1,,,,,
dl_3265,2,East_exit,2,2,0.8,0
dl_3265,8,West_exit,8,5,0.8,0
dl_3266,1,,,,,
dl_3266,2,East_exit,2,2,0.8,0
dl_3266,11,West_exit,10,6,0.8,0
dl_3266,10,West_exit,10,6,0.8,0
dl_3267,1,,,,,
dl_3267,2,East_exit,2,2,0.8,0
dl_3267,9,West_exit,9,6,0.8,0
dl_3267,11,West_exit,9,6,0.8,0
dl_3268,1,,,,,
dl_3268,2,East_exit,2,2,0.8,0
dl_3268,11,West_exit,11,7,0.8,0
dl_3269,1,,,,,
dl_3269,2,East_exit,2,2,0.8,0
dl_3269,14,West_exit,13,8,0.8,0
dl_3269,13,West_exit,13,8,0.8,0
dl_3270,1,,,,,
dl_3270,12,West_exit,12,8,0.8,0
dl_3270,14,West_exit,12,8,0.8,0
dl_3270,2,East_exit,2,2,0.8,0
dl_3271,1,,,,,
dl_3271,14,West_exit,14,9,0.8,0
dl_3271,2,East_exit,2,2,0.8,0
dl_3272,1,,,,,
dl_3272,26,West_exit,26,17,0.8,0
dl_3272,20,East_exit,22,15,0.8,0
dl_3272,22,East_exit,22,15,0.8,0
dl_3273,1,,,,,
dl_3273,26,West_exit,26,17,0.8,0
dl_3273,21,East_exit,21,15,0.8,0
dl_3273,20,East_exit,21,15,0.8,0
dl_3274,1,,,,,
dl_3274,26,West_exit,26,17,0.8,0
dl_3274,20,East_exit,20,14,0.8,0
dl_3275,1,,,,,
dl_3275,26,West_exit,26,17,0.8,0
dl_3275,17,East_exit,19,13,0.8,0
dl_3275,19,East_exit,19,13,0.8,0
dl_3276,1,,,,,
dl_3276,26,West_exit,26,17,0.8,0
dl_3276,18,East_exit,18,13,0.8,0
dl_3276,17,East_exit,18,13,0.8,0
dl_3277,1,,,,,
dl_3277,26,West_exit,26,17,0.8,0
dl_3277,17,East_exit,17,12,0.8,0
dl_3278,1,,,,,
dl_3278,26,West_exit,26,17,0.8,0
dl_3278,14,East_exit,16,11,0.8,0
dl_3278,16,East_exit,16,11,0.8,0
dl_3279,1,,,,,
dl_3279,26,West_exit,26,17,0.8,0
dl_3279,15,East_exit,15,11,0.8,0
dl_3279,14,East_exit,15,11,0.8,0
dl_3280,1,,,,,
dl_3280,26,West_exit,26,17,0.8,0
dl_3280,14,East_exit,14,10,0.8,0
dl_3281,1,,,,,
dl_3281,26,West_exit,26,17,0.8,0
dl_3281,11,East_exit,13,9,0.8,0
dl_3281,13,East_exit,13,9,0.8,0
dl_3282,1,,,,,
dl_3282,26,West_exit,26,17,0.8,0
dl_3282,12,East_exit,12,9,0.8,0
dl_3282,11,East_exit,12,9,0.8,0
dl_3283,1,,,,,
dl_3283,26,West_exit,26,17,0.8,0
dl_3283,11,East_exit,11,8,0.8,0
dl_3284,1,,,,,
dl_3284,26,West_exit,26,17,0.8,0
dl_3284,8,East_exit,10,7,0.8,0
dl_3284,10,East_exit,10,7,0.8,0
dl_3285,1,,,,,
dl_3285,26,West_exit,26,17,0.8,0
dl_3285,9,East_exit,9,7,0.8,0
dl_3285,8,East_exit,9,7,0.8,0
dl_3286,1,,,,,
dl_3286,26,West_exit,26,17,0.8,0
dl_3286,8,East_exit,8,6,0.8,0
dl_3287,1,,,,,
dl_3287,26,West_exit,26,17,0.8,0
dl_3287,5,East_exit,7,5,0.8,0
dl_3287,7,East_exit,7,5,0.8,0
dl_3288,1,,,,,
dl_3288,26,West_exit,26,17,0.8,0
dl_3288,6,East_exit,6,5,0.8,0
dl_3288,5,East_exit,6,5,0.8,0
dl_3289,1,,,,,
dl_3289,26,West_exit,26,17,0.8,0
dl_3289,5,East_exit,5,4,0.8,0
dl_3290,1,,,,,
dl_3290,2,East_exit,4,3,0.8,0
dl_3290,4,East_exit,4,3,0.8,0
dl_3290,26,West_exit,26,17,0.8,0
dl_3291,1,,,,,
dl_3291,29,West_exit,28,18,0.8,0
dl_3291,28,West_exit,28,18,0.8,0
dl_3291,20,East_exit,22,15,0.8,0
dl_3291,22,East_exit,22,15,0.8,0
dl_3292,1,,,,,
dl_3292,29,West_exit,28,18,0.8,0
dl_3292,28,West_exit,28,18,0.8,0
dl_3292,21,East_exit,21,15,0.8,0
dl_3292,20,East_exit,21,15,0.8,0
dl_3293,1,,,,,
dl_3293,29,West_exit,28,18,0.8,0
dl_3293,28,West_exit,28,18,0.8,0
dl_3293,20,East_exit,20,14,0.8,0
dl_3294,1,,,,,
dl_3294,29,West_exit,28,18,0.8,0
dl_3294,28,West_exit,28,18,0.8,0
dl_3294,17,East_exit,19,13,0.8,0
dl_3294,19,East_exit,19,13,0.8,0
dl_3295,1,,,,,
dl_3295,29,West_exit,28,18,0.8,0
dl_3295,28,West_exit,28,18,0.8,0
dl_3295,18,East_exit,18,13,0.8,0
dl_3295,17,East_exit,18,13,0.8,0
dl_3296,1,,,,,
dl_3296,29,West_exit,28,18,0.8,0
dl_3296,28,West_exit,28,18,0.8,0
dl_3296,17,East_exit,17,12,0.8,0
dl_3297,1,,,,,
dl_3297,29,West_exit,28,18,0.8,0
dl_3297,28,West_exit,28,18,0.8,0
dl_3297,14,East_exit,16,11,0.8,0
dl_3297,16,East_exit,16,11,0.8,0
dl_3298,1,,,,,
dl_3298,29,West_exit,28,18,0.8,0
dl_3298,28,West_exit,28,18,0.8,0
dl_3298,15,East_exit,15,11,0.8,0
dl_3298,14,East_exit,15,11,0.8,0
dl_3299,1,,,,,
dl_3299,29,West_exit,28,18,0.8,0
dl_3299,28,West_exit,28,18,0.8,0
dl_3299,14,East_exit,14,10,0.8,0
dl_3300,1,,,,,
dl_3300,29,West_exit,28,18,0.8,0
dl_3300,28,West_exit,28,18,0.8,0
dl_3300,11,East_exit,13,9,0.8,0
dl_3300,13,East_exit,13,9,0.8,0
dl_3301,1,,,,,
dl_3301,29,West_exit,28,18,0.8,0
dl_3301,28,West_exit,28,18,0.8,0
dl_3301,12,East_exit,12,9,0.8,0
dl_3301,11,East_exit,12,9,0.8,0
dl_3302,1,,,,,
dl_3302,29,West_exit,28,18,0.8,0
dl_3302,28,West_exit,28,18,0.8,0
dl_3302,11,East_exit,11,8,0.8,0
dl_3303,1,,,,,
dl_3303,29,West_exit,28,18,0.8,0
dl_3303,28,West_exit,28,18,0.8,0
dl_3303,8,East_exit,10,7,0.8,0
dl_3303,10,East_exit,10,7,0.8,0
dl_3304,1,,,,,
dl_3304,29,West_exit,28,18,0.8,0
dl_3304,28,West_exit,28,18,0.8,0
dl_3304,9,East_exit,9,7,0.8,0
dl_3304,8,East_exit,9,7,0.8,0
dl_3305,1,,,,,
dl_3305,29,West_exit,28,18,0.8,0
dl_3305,28,West_exit,28,18,0.8,0
dl_3305,8,East_exit,8,6,0.8,0
dl_3306,1,,,,,
dl_3306,29,West_exit,28,18,0.8,0
dl_3306,28,West_exit,28,18,0.8,0
dl_3306,5,East_exit,7,5,0.8,0
dl_3306,7,East_exit,7,5,0.8,0
dl_3307,1,,,,,
dl_3307,29,West_exit,28,18,0.8,0
dl_3307,28,West_exit,28,18,0.8,0
dl_3307,6,East_exit,6,5,0.8,0
dl_3307,5,East_exit,6,5,0.8,0
dl_3308,1,,,,,
dl_3308,29,West_exit,28,18,0.8,0
dl_3308,28,West_exit,28,18,0.8,0
dl_3308,5,East_exit,5,4,0.8,0
dl_3309,1,,,,,
dl_3309,2,East_exit,4,3,0.8,0
dl_3309,4,East_exit,4,3,0.8,0
dl_3309,29,West_exit,28,18,0.8,0
dl_3309,28,West_exit,28,18,0.8,0
dl_3310,1,,,,,
dl_3310,27,West_exit,27,18,0.8,0
dl_3310,29,West_exit,27,18,0.8,0
dl_3310,20,East_exit,22,15,0.8,0
dl_3310,22,East_exit,22,15,0.8,0
dl_3311,1,,,,,
dl_3311,27,West_exit,27,18,0.8,0
dl_3311,29,West_exit,27,18,0.8,0
dl_3311,21,East_exit,21,15,0.8,0
dl_3311,20,East_exit,21,15,0.8,0
dl_3312,1,,,,,
dl_3312,27,West_exit,27,18,0.8,0
dl_3312,29,West_exit,27,18,0.8,0
dl_3312,20,East_exit,20,14,0.8,0
dl_3313,1,,,,,
dl_3313,27,West_exit,27,18,0.8,0
dl_3313,29,West_exit,27,18,0.8,0
dl_3313,17,East_exit,19,13,0.8,0
dl_3313,19,East_exit,19,13,0.8,0
dl_3314,1,,,,,
dl_3314,27,West_exit,27,18,0.8,0
dl_3314,29,West_exit,27,18,0.8,0
dl_3314,18,East_exit,18,13,0.8,0
dl_3314,17,East_exit,18,13,0.8,0
dl_3315,1,,,,,
dl_3315,27,West_exit,27,18,0.8,0
dl_3315,29,West_exit,27,18,0.8,0
dl_3315,17,East_exit,17,12,0.8,0
dl_3316,1,,,,,
dl_3316,27,West_exit,27,18,0.8,0
dl_3316,29,West_exit,27,18,0.8,0
dl_3316,14,East_exit,16,11,0.8,0
dl_3316,16,East_exit,16,11,0.8,0
dl_3317,1,,,,,
dl_3317,27,West_exit,27,18,0.8,0
dl_3317,29,West_exit,27,18,0.8,0
dl_3317,15,East_exit,15,11,0.8,0
dl_3317,14,East_exit,15,11,0.8,0
dl_3318,1,,,,,
dl_3318,27,West_exit,27,18,0.8,0
dl_3318,29,West_exit,27,18,0.8,0
dl_3318,14,East_exit,14,10,0.8,0
dl_3319,1,,,,,
dl_3319,27,West_exit,27,18,0.8,0
dl_3319,29,West_exit,27,18,0.8,0
dl_3319,11,East_exit,13,9,0.8,0
dl_3319,13,East_exit,13,9,0.8,0
dl_3320,1,,,,,
dl_3320,27,West_exit,27,18,0.8,0
dl_3320,29,West_exit,27,18,0.8,0
dl_3320,12,East_exit,12,9,0.8,0
dl_3320,11,East_exit,12,9,0.8,0
dl_3321,1,,,,,
dl_3321,27,West_exit,27,18,0.8,0
dl_3321,29,West_exit,27,18,0.8,0
dl_3321,11,East_exit,11,8,0.8,0
dl_3322,1,,,,,
dl_3322,27,West_exit,27,18,0.8,0
dl_3322,29,West_exit,27,18,0.8,0
dl_3322,8,East_exit,10,7,0.8,0
dl_3322,10,East_exit,10,7,0.8,0
dl_3323,1,,,,,
dl_3323,27,West_exit,27,18,0.8,0
dl_3323,29,West_exit,27,18,0.8,0
dl_3323,9,East_exit,9,7,0.8,0
dl_3323,8,East_exit,9,7,0.8,0
dl_3324,1,,,,,
dl_3324,27,West_exit,27,18,0.8,0
dl_3324,29,West_exit,27,18,0.8,0
dl_3324,8,East_exit,8,6,0.8,0
dl_3325,1,,,,,
dl_3325,27,West_exit,27,18,0.8,0
dl_3325,29,West_exit,27,18,0.8,0
dl_3325,5,East_exit,7,5,0.8,0
dl_3325,7,East_exit,7,5,0.8,0
dl_3326,1,,,,,
dl_3326,27,West_exit,27,18,0.8,0
dl_3326,29,West_exit,27,18,0.8,0
dl_3326,6,East_exit,6,5,0.8,0
dl_3326,5,East_exit,6,5,0.8,0
dl_3327,1,,,,,
dl_3327,27,West_exit,27,18,0.8,0
dl_3327,29,West_exit,27,18,0.8,0
dl_3327,5,East_exit,5,4,0.8,0
dl_3328,1,,,,,
dl_3328,2,East_exit,4,3,0.8,0
dl_3328,4,East_exit,4,3,0.8,0
dl_3328,27,West_exit,27,18,0.8,0
dl_3328,29,West_exit,27,18,0.8,0
dl_3329,1,,,,,
dl_3329,29,West_exit,29,19,0.8,0
dl_3329,20,East_exit,22,15,0.8,0
dl_3329,22,East_exit,22,15,0.8,0
dl_3330,1,,,,,
dl_3330,29,West_exit,29,19,0.8,0
dl_3330,21,East_exit,21,15,0.8,0
dl_3330,20,East_exit,21,15,0.8,0
dl_3331,1,,,,,
dl_3331,29,West_exit,29,19,0.8,0
dl_3331,20,East_exit,20,14,0.8,0
dl_3332,1,,,,,
dl_3332,29,West_exit,29,19,0.8,0
dl_3332,17,East_exit,19,13,0.8,0
dl_3332,19,East_exit,19,13,0.8,0
dl_3333,1,,,,,
dl_3333,29,West_exit,29,19,0.8,0
dl_3333,18,East_exit,18,13,0.8,0
dl_3333,17,East_exit,18,13,0.8,0
dl_3334,1,,,,,
dl_3334,29,West_exit,29,19,0.8,0
dl_3334,17,East_exit,17,12,0.8,0
dl_3335,1,,,,,
dl_3335,29,West_exit,29,19,0.8,0
dl_3335,14,East_exit,16,11,0.8,0
dl_3335,16,East_exit,16,11,0.8,0
dl_3336,1,,,,,
dl_3336,29,West_exit,29,19,0.8,0
dl_3336,15,East_exit,15,11,0.8,0
dl_3336,14,East_exit,15,11,0.8,0
dl_3337,1,,,,,
dl_3337,29,West_exit,29,19,0.8,0
dl_3337,14,East_exit,14,10,0.8,0
dl_3338,1,,,,,
dl_3338,29,West_exit,29,19,0.8,0
dl_3338,11,East_exit,13,9,0.8,0
dl_3338,13,East_exit,13,9,0.8,0
dl_3339,1,,,,,
dl_3339,29,West_exit,29,19,0.8,0
dl_3339,12,East_exit,12,9,0.8,0
dl_3339,11,East_exit,12,9,0.8,0
dl_3340,1,,,,,
dl_3340,29,West_exit,29,19,0.8,0
dl_3340,11,East_exit,11,8,0.8,0
dl_3341,1,,,,,
dl_3341,29,West_exit,29,19,0.8,0
dl_3341,8,East_exit,10,7,0.8,0
dl_3341,10,East_exit,10,7,0.8,0
dl_3342,1,,,,,
dl_3342,29,West_exit,29,19,0.8,0
dl_3342,9,East_exit,9,7,0.8,0
dl_3342,8,East_exit,9,7,0.8,0
dl_3343,1,,,,,
dl_3343,29,West_exit,29,19,0.8,0
dl_3343,8,East_exit,8,6,0.8,0
dl_3344,1,,,,,
dl_3344,29,West_exit,29,19,0.8,0
dl_3344,5,East_exit,7,5,0.8,0
dl_3344,7,East_exit,7,5,0.8,0
dl_3345,1,,,,,
dl_3345,29,West_exit,29,19,0.8,0
dl_3345,6,East_exit,6,5,0.8,0
dl_3345,5,East_exit,6,5,0.8,0
dl_3346,1,,,,,
dl_3346,29,West_exit,29,19,0.8,0
dl_3346,5,East_exit,5,4,0.8,0
dl_3347,1,,,,,
dl_3347,2,East_exit,4,3,0.8,0
dl_3347,4,East_exit,4,3,0.8,0
dl_3347,29,West_exit,29,19,0.8,0
dl_3348,1,,,,,
dl_3348,3,East_exit,3,3,0.8,0
dl_3348,2,East_exit,3,3,0.8,0
dl_3348,26,West_exit,26,17,0.8,0
dl_3349,1,,,,,
dl_3349,3,East_exit,3,3,0.8,0
dl_3349,2,East_exit,3,3,0.8,0
dl_3349,29,West_exit,28,18,0.8,0
dl_3349,28,West_exit,28,18,0.8,0
dl_3350,1,,,,,
dl_3350,3,East_exit,3,3,0.8,0
dl_3350,2,East_exit,3,3,0.8,0
dl_3350,27,West_exit,27,18,0.8,0
dl_3350,29,West_exit,27,18,0.8,0
dl_3351,1,,,,,
dl_3351,3,East_exit,3,3,0.8,0
dl_3351,2,East_exit,3,3,0.8,0
dl_3351,29,West_exit,29,19,0.8,0
dl_3352,2,,,,,
dl_3352,2,East_exit,2,2,0.8,0
dl_3352,4,West_exit_short,4,2,0.44,0
dl_3352,26,West_exit,26,17,0.8,0
dl_3353,2,,,,,
dl_3353,3,West_exit_short,3,2,0.44,0
dl_3353,2,East_exit,2,2,0.8,0
dl_3353,26,West_exit,26,17,0.8,0
dl_3354,2,,,,,
dl_3354,5,West_exit_short,5,3,0.44,0
dl_3354,2,East_exit,2,2,0.8,0
dl_3354,26,West_exit,26,17,0.8,0
dl_3355,2,,,,,
dl_3355,2,East_exit,2,2,0.8,0
dl_3355,4,West_exit_short,4,2,0.44,0
dl_3355,29,West_exit,28,18,0.8,0
dl_3355,28,West_exit,28,18,0.8,0
dl_3356,2,,,,,
dl_3356,3,West_exit_short,3,2,0.44,0
dl_3356,2,East_exit,2,2,0.8,0
dl_3356,29,West_exit,28,18,0.8,0
dl_3356,28,West_exit,28,18,0.8,0
dl_3357,2,,,,,
dl_3357,5,West_exit_short,5,3,0.44,0
dl_3357,2,East_exit,2,2,0.8,0
dl_3357,29,West_exit,28,18,0.8,0
dl_3357,28,West_exit,28,18,0.8,0
dl_3358,2,,,,,
dl_3358,2,East_exit,2,2,0.8,0
dl_3358,4,West_exit_short,4,2,0.44,0
dl_3358,27,West_exit,27,18,0.8,0
dl_3358,29,West_exit,27,18,0.8,0
dl_3359,2,,,,,
dl_3359,3,West_exit_short,3,2,0.44,0
dl_3359,2,East_exit,2,2,0.8,0
dl_3359,27,West_exit,27,18,0.8,0
dl_3359,29,West_exit,27,18,0.8,0
dl_3360,2,,,,,
dl_3360,5,West_exit_short,5,3,0.44,0
dl_3360,2,East_exit,2,2,0.8,0
dl_3360,27,West_exit,27,18,0.8,0
dl_3360,29,West_exit,27,18,0.8,0
dl_3361,2,,,,,
dl_3361,2,East_exit,2,2,0.8,0
dl_3361,4,West_exit_short,4,2,0.44,0
dl_3361,29,West_exit,29,19,0.8,0
dl_3362,2,,,,,
dl_3362,3,West_exit_short,3,2,0.44,0
dl_3362,2,East_exit,2,2,0.8,0
dl_3362,29,West_exit,29,19,0.8,0
dl_3363,2,,,,,
dl_3363,5,West_exit_short,5,3,0.44,0
dl_3363,2,East_exit,2,2,0.8,0
dl_3363,29,West_exit,29,19,0.8,0
dl_3364,2,,,,,
dl_3364,2,East_exit,2,2,0.8,0
dl_3364,26,West_exit,26,17,0.8,0
dl_3364,7,West_exit_short,7,4,0.44,0
dl_3365,2,,,,,
dl_3365,2,East_exit,2,2,0.8,0
dl_3365,29,West_exit,28,18,0.8,0
dl_3365,28,West_exit,28,18,0.8,0
dl_3365,7,West_exit_short,7,4,0.44,0
dl_3366,2,,,,,
dl_3366,2,East_exit,2,2,0.8,0
dl_3366,27,West_exit,27,18,0.8,0
dl_3366,29,West_exit,27,18,0.8,0
dl_3366,7,West_exit_short,7,4,0.44,0
dl_3367,2,,,,,
dl_3367,2,East_exit,2,2,0.8,0
dl_3367,29,West_exit,29,19,0.8,0
dl_3367,7,West_exit_short,7,4,0.44,0
dl_3368,2,,,,,
dl_3368,2,East_exit,2,2,0.8,0
dl_3368,26,West_exit,26,17,0.8,0
dl_3368,6,West_exit_short,6,4,0.44,0
dl_3369,2,,,,,
dl_3369,2,East_exit,2,2,0.8,0
dl_3369,29,West_exit,28,18,0.8,0
dl_3369,28,West_exit,28,18,0.8,0
dl_3369,6,West_exit_short,6,4,0.44,0
dl_3370,2,,,,,
dl_3370,2,East_exit,2,2,0.8,0
dl_3370,27,West_exit,27,18,0.8,0
dl_3370,29,West_exit,27,18,0.8,0
dl_3370,6,West_exit_short,6,4,0.44,0
dl_3371,2,,,,,
dl_3371,2,East_exit,2,2,0.8,0
dl_3371,29,West_exit,29,19,0.8,0
dl_3371,6,West_exit_short,6,4,0.44,0
dl_3372,2,,,,,
dl_3372,2,East_exit,2,2,0.8,0
dl_3372,26,West_exit,26,17,0.8,0
dl_3372,8,West_exit_short,8,5,0.44,0
dl_3373,2,,,,,
dl_3373,2,East_exit,2,2,0.8,0
dl_3373,29,West_exit,28,18,0.8,0
dl_3373,28,West_exit,28,18,0.8,0
dl_3373,8,West_exit_short,8,5,0.44,0
dl_3374,2,,,,,
dl_3374,2,East_exit,2,2,0.8,0
dl_3374,27,West_exit,27,18,0.8,0
dl_3374,29,West_exit,27,18,0.8,0
dl_3374,8,West_exit_short,8,5,0.44,0
dl_3375,2,,,,,
dl_3375,2,East_exit,2,2,0.8,0
dl_3375,29,West_exit,29,19,0.8,0
dl_3375,8,West_exit_short,8,5,0.44,0
dl_3376,1,,,,,
dl_3376,32,West_exit,31,20,0.8,0
dl_3376,31,West_exit,31,20,0.8,0
dl_3376,23,East_exit,25,17,0.8,0
dl_3376,25,East_exit,25,17,0.8,0
dl_3377,1,,,,,
dl_3377,32,West_exit,31,20,0.8,0
dl_3377,31,West_exit,31,20,0.8,0
dl_3377,24,East_exit,24,17,0.8,0
dl_3377,23,East_exit,24,17,0.8,0
dl_3378,1,,,,,
dl_3378,32,West_exit,31,20,0.8,0
dl_3378,31,West_exit,31,20,0.8,0
dl_3378,23,East_exit,23,16,0.8,0
dl_3379,1,,,,,
dl_3379,32,West_exit,31,20,0.8,0
dl_3379,31,West_exit,31,20,0.8,0
dl_3379,20,East_exit,22,15,0.8,0
dl_3379,22,East_exit,22,15,0.8,0
dl_3380,1,,,,,
dl_3380,32,West_exit,31,20,0.8,0
dl_3380,31,West_exit,31,20,0.8,0
dl_3380,21,East_exit,21,15,0.8,0
dl_3380,20,East_exit,21,15,0.8,0
dl_3381,1,,,,,
dl_3381,32,West_exit,31,20,0.8,0
dl_3381,31,West_exit,31,20,0.8,0
dl_3381,20,East_exit,20,14,0.8,0
dl_3382,1,,,,,
dl_3382,32,West_exit,31,20,0.8,0
dl_3382,31,West_exit,31,20,0.8,0
dl_3382,17,East_exit,19,13,0.8,0
dl_3382,19,East_exit,19,13,0.8,0
dl_3383,1,,,,,
dl_3383,32,West_exit,31,20,0.8,0
dl_3383,31,West_exit,31,20,0.8,0
dl_3383,18,East_exit,18,13,0.8,0
dl_3383,17,East_exit,18,13,0.8,0
dl_3384,1,,,,,
dl_3384,32,West_exit,31,20,0.8,0
dl_3384,31,West_exit,31,20,0.8,0
dl_3384,17,East_exit,17,12,0.8,0
dl_3385,1,,,,,
dl_3385,32,West_exit,31,20,0.8,0
dl_3385,31,West_exit,31,20,0.8,0
dl_3385,14,East_exit,16,11,0.8,0
dl_3385,16,East_exit,16,11,0.8,0
dl_3386,1,,,,,
dl_3386,32,West_exit,31,20,0.8,0
dl_3386,31,West_exit,31,20,0.8,0
dl_3386,15,East_exit,15,11,0.8,0
dl_3386,14,East_exit,15,11,0.8,0
dl_3387,1,,,,,
dl_3387,32,West_exit,31,20,0.8,0
dl_3387,31,West_exit,31,20,0.8,0
dl_3387,14,East_exit,14,10,0.8,0
dl_3388,1,,,,,
dl_3388,32,West_exit,31,20,0.8,0
dl_3388,31,West_exit,31,20,0.8,0
dl_3388,11,East_exit,13,9,0.8,0
dl_3388,13,East_exit,13,9,0.8,0
dl_3389,1,,,,,
dl_3389,32,West_exit,31,20,0.8,0
dl_3389,31,West_exit,31,20,0.8,0
dl_3389,12,East_exit,12,9,0.8,0
dl_3389,11,East_exit,12,9,0.8,0
dl_3390,1,,,,,
dl_3390,32,West_exit,31,20,0.8,0
dl_3390,31,West_exit,31,20,0.8,0
dl_3390,11,East_exit,11,8,0.8,0
dl_3391,1,,,,,
dl_3391,32,West_exit,31,20,0.8,0
dl_3391,31,West_exit,31,20,0.8,0
dl_3391,8,East_exit,10,7,0.8,0
dl_3391,10,East_exit,10,7,0.8,0
dl_3392,1,,,,,
dl_3392,32,West_exit,31,20,0.8,0
dl_3392,31,West_exit,31,20,0.8,0
dl_3392,9,East_exit,9,7,0.8,0
dl_3392,8,East_exit,9,7,0.8,0
dl_3393,1,,,,,
dl_3393,32,West_exit,31,20,0.8,0
dl_3393,31,West_exit,31,20,0.8,0
dl_3393,8,East_exit,8,6,0.8,0
dl_3394,1,,,,,
dl_3394,32,West_exit,31,20,0.8,0
dl_3394,31,West_exit,31,20,0.8,0
dl_3394,5,East_exit,7,5,0.8,0
dl_3394,7,East_exit,7,5,0.8,0
dl_3395,1,,,,,
dl_3395,32,West_exit,31,20,0.8,0
dl_3395,31,West_exit,31,20,0.8,0
dl_3395,6,East_exit,6,5,0.8,0
dl_3395,5,East_exit,6,5,0.8,0
dl_3396,1,,,,,
dl_3396,32,West_exit,31,20,0.8,0
dl_3396,31,West_exit,31,20,0.8,0
dl_3396,5,East_exit,5,4,0.8,0
dl_3397,1,,,,,
dl_3397,2,East_exit,4,3,0.8,0
dl_3397,4,East_exit,4,3,0.8,0
dl_3397,32,West_exit,31,20,0.8,0
dl_3397,31,West_exit,31,20,0.8,0
dl_3398,1,,,,,
dl_3398,3,East_exit,3,3,0.8,0
dl_3398,2,East_exit,3,3,0.8,0
dl_3398,32,West_exit,31,20,0.8,0
dl_3398,31,West_exit,31,20,0.8,0
dl_3399,2,,,,,
dl_3399,2,East_exit,2,2,0.8,0
dl_3399,4,West_exit_short,4,2,0.44,0
dl_3399,32,West_exit,31,20,0.8,0
dl_3399,31,West_exit,31,20,0.8,0
dl_3400,2,,,,,
dl_3400,3,West_exit_short,3,2,0.44,0
dl_3400,2,East_exit,2,2,0.8,0
dl_3400,32,West_exit,31,20,0.8,0
dl_3400,31,West_exit,31,20,0.8,0
dl_3401,2,,,,,
dl_3401,5,West_exit_short,5,3,0.44,0
dl_3401,2,East_exit,2,2,0.8,0
dl_3401,32,West_exit,31,20,0.8,0
dl_3401,31,West_exit,31,20,0.8,0
dl_3402,2,,,,,
dl_3402,2,East_exit,2,2,0.8,0
dl_3402,32,West_exit,31,20,0.8,0
dl_3402,31,West_exit,31,20,0.8,0
dl_3402,7,West_exit_short,7,4,0.44,0
dl_3403,2,,,,,
dl_3403,2,East_exit,2,2,0.8,0
dl_3403,32,West_exit,31,20,0.8,0
dl_3403,31,West_exit,31,20,0.8,0
dl_3403,6,West_exit_short,6,4,0.44,0
dl_3404,2,,,,,
dl_3404,2,East_exit,2,2,0.8,0
dl_3404,32,West_exit,31,20,0.8,0
dl_3404,31,West_exit,31,20,0.8,0
dl_3404,8,West_exit_short,8,5,0.44,0
dl_3405,1,,,,,
dl_3405,30,West_exit,30,20,0.8,0
dl_3405,32,West_exit,30,20,0.8,0
dl_3405,20,East_exit,22,15,0.8,0
dl_3405,22,East_exit,22,15,0.8,0
dl_3406,1,,,,,
dl_3406,30,West_exit,30,20,0.8,0
dl_3406,32,West_exit,30,20,0.8,0
dl_3406,21,East_exit,21,15,0.8,0
dl_3406,20,East_exit,21,15,0.8,0
dl_3407,1,,,,,
dl_3407,30,West_exit,30,20,0.8,0
dl_3407,32,West_exit,30,20,0.8,0
dl_3407,20,East_exit,20,14,0.8,0
dl_3408,1,,,,,
dl_3408,30,West_exit,30,20,0.8,0
dl_3408,32,West_exit,30,20,0.8,0
dl_3408,17,East_exit,19,13,0.8,0
dl_3408,19,East_exit,19,13,0.8,0
dl_3409,1,,,,,
dl_3409,30,West_exit,30,20,0.8,0
dl_3409,32,West_exit,30,20,0.8,0
dl_3409,18,East_exit,18,13,0.8,0
dl_3409,17,East_exit,18,13,0.8,0
dl_3410,1,,,,,
dl_3410,30,West_exit,30,20,0.8,0
dl_3410,32,West_exit,30,20,0.8,0
dl_3410,17,East_exit,17,12,0.8,0
dl_3411,1,,,,,
dl_3411,30,West_exit,30,20,0.8,0
dl_3411,32,West_exit,30,20,0.8,0
dl_3411,14,East_exit,16,11,0.8,0
dl_3411,16,East_exit,16,11,0.8,0
dl_3412,1,,,,,
dl_3412,30,West_exit,30,20,0.8,0
dl_3412,32,West_exit,30,20,0.8,0
dl_3412,15,East_exit,15,11,0.8,0
dl_3412,14,East_exit,15,11,0.8,0
dl_3413,1,,,,,
dl_3413,30,West_exit,30,20,0.8,0
dl_3413,32,West_exit,30,20,0.8,0
dl_3413,14,East_exit,14,10,0.8,0
dl_3414,1,,,,,
dl_3414,30,West_exit,30,20,0.8,0
dl_3414,32,West_exit,30,20,0.8,0
dl_3414,11,East_exit,13,9,0.8,0
dl_3414,13,East_exit,13,9,0.8,0
dl_3415,1,,,,,
dl_3415,30,West_exit,30,20,0.8,0
dl_3415,32,West_exit,30,20,0.8,0
dl_3415,12,East_exit,12,9,0.8,0
dl_3415,11,East_exit,12,9,0.8,0
dl_3416,1,,,,,
dl_3416,30,West_exit,30,20,0.8,0
dl_3416,32,West_exit,30,20,0.8,0
dl_3416,11,East_exit,11,8,0.8,0
dl_3417,1,,,,,
dl_3417,30,West_exit,30,20,0.8,0
dl_3417,32,West_exit,30,20,0.8,0
dl_3417,8,East_exit,10,7,0.8,0
dl_3417,10,East_exit,10,7,0.8,0
dl_3418,1,,,,,
dl_3418,30,West_exit,30,20,0.8,0
dl_3418,32,West_exit,30,20,0.8,0
dl_3418,9,East_exit,9,7,0.8,0
dl_3418,8,East_exit,9,7,0.8,0
dl_3419,1,,,,,
dl_3419,30,West_exit,30,20,0.8,0
dl_3419,32,West_exit,30,20,0.8,0
dl_3419,8,East_exit,8,6,0.8,0
dl_3420,1,,,,,
dl_3420,30,West_exit,30,20,0.8,0
dl_3420,32,West_exit,30,20,0.8,0
dl_3420,5,East_exit,7,5,0.8,0
dl_3420,7,East_exit,7,5,0.8,0
dl_3421,1,,,,,
dl_3421,30,West_exit,30,20,0.8,0
dl_3421,32,West_exit,30,20,0.8,0
dl_3421,6,East_exit,6,5,0.8,0
dl_3421,5,East_exit,6,5,0.8,0
dl_3422,1,,,,,
dl_3422,30,West_exit,30,20,0.8,0
dl_3422,32,West_exit,30,20,0.8,0
dl_3422,5,East_exit,5,4,0.8,0
dl_3423,1,,,,,
dl_3423,2,East_exit,4,3,0.8,0
dl_3423,4,East_exit,4,3,0.8,0
dl_3423,30,West_exit,30,20,0.8,0
dl_3423,32,West_exit,30,20,0.8,0
dl_3424,1,,,,,
dl_3424,3,East_exit,3,3,0.8,0
dl_3424,2,East_exit,3,3,0.8,0
dl_3424,30,West_exit,30,20,0.8,0
dl_3424,32,West_exit,30,20,0.8,0
dl_3425,2,,,,,
dl_3425,2,East_exit,2,2,0.8,0
dl_3425,4,West_exit_short,4,2,0.44,0
dl_3425,30,West_exit,30,20,0.8,0
dl_3425,32,West_exit,30,20,0.8,0
dl_3426,2,,,,,
dl_3426,3,West_exit_short,3,2,0.44,0
dl_3426,2,East_exit,2,2,0.8,0
dl_3426,30,West_exit,30,20,0.8,0
dl_3426,32,West_exit,30,20,0.8,0
dl_3427,2,,,,,
dl_3427,5,West_exit_short,5,3,0.44,0
dl_3427,2,East_exit,2,2,0.8,0
dl_3427,30,West_exit,30,20,0.8,0
dl_3427,32,West_exit,30,20,0.8,0
dl_3428,2,,,,,
dl_3428,2,East_exit,2,2,0.8,0
dl_3428,30,West_exit,30,20,0.8,0
dl_3428,32,West_exit,30,20,0.8,0
dl_3428,7,West_exit_short,7,4,0.44,0
dl_3429,2,,,,,
dl_3429,2,East_exit,2,2,0.8,0
dl_3429,30,West_exit,30,20,0.8,0
dl_3429,32,West_exit,30,20,0.8,0
dl_3429,6,West_exit_short,6,4,0.44,0
dl_3430,2,,,,,
dl_3430,2,East_exit,2,2,0.8,0
dl_3430,30,West_exit,30,20,0.8,0
dl_3430,32,West_exit,30,20,0.8,0
dl_3430,8,West_exit_short,8,5,0.44,0
dl_3431,1,,,,,
dl_3431,32,West_exit,32,21,0.8,0
dl_3431,23,East_exit,25,17,0.8,0
dl_3431,25,East_exit,25,17,0.8,0
dl_3432,1,,,,,
dl_3432,32,West_exit,32,21,0.8,0
dl_3432,24,East_exit,24,17,0.8,0
dl_3432,23,East_exit,24,17,0.8,0
dl_3433,1,,,,,
dl_3433,32,West_exit,32,21,0.8,0
dl_3433,23,East_exit,23,16,0.8,0
dl_3434,1,,,,,
dl_3434,32,West_exit,32,21,0.8,0
dl_3434,20,East_exit,22,15,0.8,0
dl_3434,22,East_exit,22,15,0.8,0
dl_3435,1,,,,,
dl_3435,32,West_exit,32,21,0.8,0
dl_3435,21,East_exit,21,15,0.8,0
dl_3435,20,East_exit,21,15,0.8,0
dl_3436,1,,,,,
dl_3436,32,West_exit,32,21,0.8,0
dl_3436,20,East_exit,20,14,0.8,0
dl_3437,1,,,,,
dl_3437,32,West_exit,32,21,0.8,0
dl_3437,17,East_exit,19,13,0.8,0
dl_3437,19,East_exit,19,13,0.8,0
dl_3438,1,,,,,
dl_3438,32,West_exit,32,21,0.8,0
dl_3438,18,East_exit,18,13,0.8,0
dl_3438,17,East_exit,18,13,0.8,0
dl_3439,1,,,,,
dl_3439,32,West_exit,32,21,0.8,0
dl_3439,17,East_exit,17,12,0.8,0
dl_3440,1,,,,,
dl_3440,32,West_exit,32,21,0.8,0
dl_3440,14,East_exit,16,11,0.8,0
dl_3440,16,East_exit,16,11,0.8,0
dl_3441,1,,,,,
dl_3441,32,West_exit,32,21,0.8,0
dl_3441,15,East_exit,15,11,0.8,0
dl_3441,14,East_exit,15,11,0.8,0
dl_3442,1,,,,,
dl_3442,32,West_exit,32,21,0.8,0
dl_3442,14,East_exit,14,10,0.8,0
dl_3443,1,,,,,
dl_3443,32,West_exit,32,21,0.8,0
dl_3443,11,East_exit,13,9,0.8,0
dl_3443,13,East_exit,13,9,0.8,0
dl_3444,1,,,,,
dl_3444,32,West_exit,32,21,0.8,0
dl_3444,12,East_exit,12,9,0.8,0
dl_3444,11,East_exit,12,9,0.8,0
dl_3445,1,,,,,
dl_3445,32,West_exit,32,21,0.8,0
dl_3445,11,East_exit,11,8,0.8,0
dl_3446,1,,,,,
dl_3446,32,West_exit,32,21,0.8,0
dl_3446,8,East_exit,10,7,0.8,0
dl_3446,10,East_exit,10,7,0.8,0
dl_3447,1,,,,,
dl_3447,32,West_exit,32,21,0.8,0
dl_3447,9,East_exit,9,7,0.8,0
dl_3447,8,East_exit,9,7,0.8,0
dl_3448,1,,,,,
dl_3448,32,West_exit,32,21,0.8,0
dl_3448,8,East_exit,8,6,0.8,0
dl_3449,1,,,,,
dl_3449,32,West_exit,32,21,0.8,0
dl_3449,5,East_exit,7,5,0.8,0
dl_3449,7,East_exit,7,5,0.8,0
dl_3450,1,,,,,
dl_3450,32,West_exit,32,21,0.8,0
dl_3450,6,East_exit,6,5,0.8,0
dl_3450,5,East_exit,6,5,0.8,0
dl_3451,1,,,,,
dl_3451,32,West_exit,32,21,0.8,0
dl_3451,5,East_exit,5,4,0.8,0
dl_3452,1,,,,,
dl_3452,2,East_exit,4,3,0.8,0
dl_3452,4,East_exit,4,3,0.8,0
dl_3452,32,West_exit,32,21,0.8,0
dl_3453,1,,,,,
dl_3453,3,East_exit,3,3,0.8,0
dl_3453,2,East_exit,3,3,0.8,0
dl_3453,32,West_exit,32,21,0.8,0
dl_3454,2,,,,,
dl_3454,2,East_exit,2,2,0.8,0
dl_3454,4,West_exit_short,4,2,0.44,0
dl_3454,32,West_exit,32,21,0.8,0
dl_3455,2,,,,,
dl_3455,3,West_exit_short,3,2,0.44,0
dl_3455,2,East_exit,2,2,0.8,0
dl_3455,32,West_exit,32,21,0.8,0
dl_3456,2,,,,,
dl_3456,5,West_exit_short,5,3,0.44,0
dl_3456,2,East_exit,2,2,0.8,0
dl_3456,32,West_exit,32,21,0.8,0
dl_3457,2,,,,,
dl_3457,2,East_exit,2,2,0.8,0
dl_3457,32,West_exit,32,21,0.8,0
dl_3457,7,West_exit_short,7,4,0.44,0
dl_3458,2,,,,,
dl_3458,2,East_exit,2,2,0.8,0
dl_3458,32,West_exit,32,21,0.8,0
dl_3458,6,West_exit_short,6,4,0.44,0
dl_3459,2,,,,,
dl_3459,2,East_exit,2,2,0.8,0
dl_3459,32,West_exit,32,21,0.8,0
dl_3459,8,West_exit_short,8,5,0.44,0
dl_3460,6,,,,,
dl_3460,29,West_exit,28,18,0.8,0
dl_3460,17,West_exit,16,10,0.8,0
dl_3460,19,West_exit_short,19,12,0.44,0
dl_3460,22,West_exit_short,22,14,0.44,0
dl_3460,25,West_exit_short,25,16,0.44,0
dl_3460,2,East_exit,2,2,0.8,0
dl_3460,16,West_exit,16,10,0.8,0
dl_3460,28,West_exit,28,18,0.8,0
dl_3460,32,West_exit,31,20,0.8,0
dl_3460,31,West_exit,31,20,0.8,0
dl_3461,6,,,,,
dl_3461,29,West_exit,28,18,0.8,0
dl_3461,17,West_exit,16,10,0.8,0
dl_3461,19,West_exit_short,19,12,0.44,0
dl_3461,22,West_exit_short,22,14,0.44,0
dl_3461,25,West_exit_short,25,16,0.44,0
dl_3461,2,East_exit,2,2,0.8,0
dl_3461,16,West_exit,16,10,0.8,0
dl_3461,28,West_exit,28,18,0.8,0
dl_3461,30,West_exit,30,20,0.8,0
dl_3461,32,West_exit,30,20,0.8,0
dl_3462,6,,,,,
dl_3462,29,West_exit,28,18,0.8,0
dl_3462,28,West_exit,28,18,0.8,0
dl_3462,17,West_exit,16,10,0.8,0
dl_3462,16,West_exit,16,10,0.8,0
dl_3462,19,West_exit_short,19,12,0.44,0
dl_3462,22,West_exit_short,22,14,0.44,0
dl_3462,25,West_exit_short,25,16,0.44,0
dl_3462,2,East_exit,2,2,0.8,0
dl_3462,32,West_exit,32,21,0.8,0
dl_3463,5,,,,,
dl_3463,17,West_exit,16,10,0.8,0
dl_3463,19,West_exit_short,19,12,0.44,0
dl_3463,22,West_exit_short,22,14,0.44,0
dl_3463,25,West_exit_short,25,16,0.44,0
dl_3463,2,East_exit,2,2,0.8,0
dl_3463,16,West_exit,16,10,0.8,0
dl_3463,29,West_exit,28,18,0.8,0
dl_3463,28,West_exit,28,18,0.8,0
dl_3464,6,,,,,
dl_3464,29,West_exit,27,18,0.8,0
dl_3464,17,West_exit,16,10,0.8,0
dl_3464,19,West_exit_short,19,12,0.44,0
dl_3464,22,West_exit_short,22,14,0.44,0
dl_3464,25,West_exit_short,25,16,0.44,0
dl_3464,2,East_exit,2,2,0.8,0
dl_3464,16,West_exit,16,10,0.8,0
dl_3464,27,West_exit,27,18,0.8,0
dl_3464,32,West_exit,31,20,0.8,0
dl_3464,31,West_exit,31,20,0.8,0
dl_3465,6,,,,,
dl_3465,29,West_exit,27,18,0.8,0
dl_3465,17,West_exit,16,10,0.8,0
dl_3465,19,West_exit_short,19,12,0.44,0
dl_3465,22,West_exit_short,22,14,0.44,0
dl_3465,25,West_exit_short,25,16,0.44,0
dl_3465,2,East_exit,2,2,0.8,0
dl_3465,16,West_exit,16,10,0.8,0
dl_3465,27,West_exit,27,18,0.8,0
dl_3465,30,West_exit,30,20,0.8,0
dl_3465,32,West_exit,30,20,0.8,0
dl_3466,6,,,,,
dl_3466,29,West_exit,27,18,0.8,0
dl_3466,27,West_exit,27,18,0.8,0
dl_3466,17,West_exit,16,10,0.8,0
dl_3466,16,West_exit,16,10,0.8,0
dl_3466,19,West_exit_short,19,12,0.44,0
dl_3466,22,West_exit_short,22,14,0.44,0
dl_3466,25,West_exit_short,25,16,0.44,0
dl_3466,2,East_exit,2,2,0.8,0
dl_3466,32,West_exit,32,21,0.8,0
dl_3467,5,,,,,
dl_3467,17,West_exit,16,10,0.8,0
dl_3467,19,West_exit_short,19,12,0.44,0
dl_3467,22,West_exit_short,22,14,0.44,0
dl_3467,25,West_exit_short,25,16,0.44,0
dl_3467,2,East_exit,2,2,0.8,0
dl_3467,16,West_exit,16,10,0.8,0
dl_3467,27,West_exit,27,18,0.8,0
dl_3467,29,West_exit,27,18,0.8,0
dl_3468,6,,,,,
dl_3468,29,West_exit,29,19,0.8,0
dl_3468,17,West_exit,16,10,0.8,0
dl_3468,19,West_exit_short,19,12,0.44,0
dl_3468,22,West_exit_short,22,14,0.44,0
dl_3468,25,West_exit_short,25,16,0.44,0
dl_3468,16,West_exit,16,10,0.8,0
dl_3468,2,East_exit,2,2,0.8,0
dl_3468,32,West_exit,31,20,0.8,0
dl_3468,31,West_exit,31,20,0.8,0
dl_3469,6,,,,,
dl_3469,29,West_exit,29,19,0.8,0
dl_3469,17,West_exit,16,10,0.8,0
dl_3469,19,West_exit_short,19,12,0.44,0
dl_3469,22,West_exit_short,22,14,0.44,0
dl_3469,25,West_exit_short,25,16,0.44,0
dl_3469,16,West_exit,16,10,0.8,0
dl_3469,2,East_exit,2,2,0.8,0
dl_3469,30,West_exit,30,20,0.8,0
dl_3469,32,West_exit,30,20,0.8,0
dl_3470,6,,,,,
dl_3470,29,West_exit,29,19,0.8,0
dl_3470,17,West_exit,16,10,0.8,0
dl_3470,16,West_exit,16,10,0.8,0
dl_3470,19,West_exit_short,19,12,0.44,0
dl_3470,22,West_exit_short,22,14,0.44,0
dl_3470,25,West_exit_short,25,16,0.44,0
dl_3470,2,East_exit,2,2,0.8,0
dl_3470,32,West_exit,32,21,0.8,0
dl_3471,5,,,,,
dl_3471,17,West_exit,16,10,0.8,0
dl_3471,19,West_exit_short,19,12,0.44,0
dl_3471,22,West_exit_short,22,14,0.44,0
dl_3471,25,West_exit_short,25,16,0.44,0
dl_3471,16,West_exit,16,10,0.8,0
dl_3471,2,East_exit,2,2,0.8,0
dl_3471,29,West_exit,29,19,0.8,0
dl_3472,5,,,,,
dl_3472,22,West_exit_short,22,14,0.44,0
dl_3472,19,West_exit_short,19,12,0.44,0
dl_3472,17,West_exit,16,10,0.8,0
dl_3472,16,West_exit,16,10,0.8,0
dl_3472,25,West_exit_short,25,16,0.44,0
dl_3472,2,East_exit,2,2,0.8,0
dl_3472,32,West_exit,31,20,0.8,0
dl_3472,31,West_exit,31,20,0.8,0
dl_3473,5,,,,,
dl_3473,22,West_exit_short,22,14,0.44,0
dl_3473,19,West_exit_short,19,12,0.44,0
dl_3473,17,West_exit,16,10,0.8,0
dl_3473,16,West_exit,16,10,0.8,0
dl_3473,25,West_exit_short,25,16,0.44,0
dl_3473,2,East_exit,2,2,0.8,0
dl_3473,30,West_exit,30,20,0.8,0
dl_3473,32,West_exit,30,20,0.8,0
dl_3474,5,,,,,
dl_3474,22,West_exit_short,22,14,0.44,0
dl_3474,19,West_exit_short,19,12,0.44,0
dl_3474,17,West_exit,16,10,0.8,0
dl_3474,16,West_exit,16,10,0.8,0
dl_3474,25,West_exit_short,25,16,0.44,0
dl_3474,2,East_exit,2,2,0.8,0
dl_3474,32,West_exit,32,21,0.8,0
dl_3475,6,,,,,
dl_3475,29,West_exit,28,18,0.8,0
dl_3475,17,West_exit,16,10,0.8,0
dl_3475,19,West_exit_short,19,12,0.44,0
dl_3475,22,West_exit_short,22,14,0.44,0
dl_3475,24,West_exit_short,24,16,0.44,0
dl_3475,2,East_exit,2,2,0.8,0
dl_3475,16,West_exit,16,10,0.8,0
dl_3475,28,West_exit,28,18,0.8,0
dl_3475,32,West_exit,31,20,0.8,0
dl_3475,31,West_exit,31,20,0.8,0
dl_3476,6,,,,,
dl_3476,29,West_exit,28,18,0.8,0
dl_3476,17,West_exit,16,10,0.8,0
dl_3476,19,West_exit_short,19,12,0.44,0
dl_3476,22,West_exit_short,22,14,0.44,0
dl_3476,24,West_exit_short,24,16,0.44,0
dl_3476,2,East_exit,2,2,0.8,0
dl_3476,16,West_exit,16,10,0.8,0
dl_3476,28,West_exit,28,18,0.8,0
dl_3476,30,West_exit,30,20,0.8,0
dl_3476,32,West_exit,30,20,0.8,0
dl_3477,6,,,,,
dl_3477,29,West_exit,28,18,0.8,0
dl_3477,28,West_exit,28,18,0.8,0
dl_3477,17,West_exit,16,10,0.8,0
dl_3477,16,West_exit,16,10,0.8,0
dl_3477,19,West_exit_short,19,12,0.44,0
dl_3477,22,West_exit_short,22,14,0.44,0
dl_3477,24,West_exit_short,24,16,0.44,0
dl_3477,2,East_exit,2,2,0.8,0
dl_3477,32,West_exit,32,21,0.8,0
dl_3478,5,,,,,
dl_3478,17,West_exit,16,10,0.8,0
dl_3478,19,West_exit_short,19,12,0.44,0
dl_3478,22,West_exit_short,22,14,0.44,0
dl_3478,24,West_exit_short,24,16,0.44,0
dl_3478,2,East_exit,2,2,0.8,0
dl_3478,16,West_exit,16,10,0.8,0
dl_3478,29,West_exit,28,18,0.8,0
dl_3478,28,West_exit,28,18,0.8,0
dl_3479,6,,,,,
dl_3479,29,West_exit,27,18,0.8,0
dl_3479,17,West_exit,16,10,0.8,0
dl_3479,19,West_exit_short,19,12,0.44,0
dl_3479,22,West_exit_short,22,14,0.44,0
dl_3479,24,West_exit_short,24,16,0.44,0
dl_3479,2,East_exit,2,2,0.8,0
dl_3479,16,West_exit,16,10,0.8,0
dl_3479,27,West_exit,27,18,0.8,0
dl_3479,32,West_exit,31,20,0.8,0
dl_3479,31,West_exit,31,20,0.8,0
dl_3480,6,,,,,
dl_3480,29,West_exit,27,18,0.8,0
dl_3480,17,West_exit,16,10,0.8,0
dl_3480,19,West_exit_short,19,12,0.44,0
dl_3480,22,West_exit_short,22,14,0.44,0
dl_3480,24,West_exit_short,24,16,0.44,0
dl_3480,2,East_exit,2,2,0.8,0
dl_3480,16,West_exit,16,10,0.8,0
dl_3480,27,West_exit,27,18,0.8,0
dl_3480,30,West_exit,30,20,0.8,0
dl_3480,32,West_exit,30,20,0.8,0
dl_3481,6,,,,,
dl_3481,29,West_exit,27,18,0.8,0
dl_3481,27,West_exit,27,18,0.8,0
dl_3481,17,West_exit,16,10,0.8,0
dl_3481,16,West_exit,16,10,0.8,0
dl_3481,19,West_exit_short,19,12,0.44,0
dl_3481,22,West_exit_short,22,14,0.44,0
dl_3481,24,West_exit_short,24,16,0.44,0
dl_3481,2,East_exit,2,2,0.8,0
dl_3481,32,West_exit,32,21,0.8,0
dl_3482,5,,,,,
dl_3482,17,West_exit,16,10,0.8,0
dl_3482,19,West_exit_short,19,12,0.44,0
dl_3482,22,West_exit_short,22,14,0.44,0
dl_3482,24,West_exit_short,24,16,0.44,0
dl_3482,2,East_exit,2,2,0.8,0
dl_3482,16,West_exit,16,10,0.8,0
dl_3482,27,West_exit,27,18,0.8,0
dl_3482,29,West_exit,27,18,0.8,0
dl_3483,6,,,,,
dl_3483,29,West_exit,29,19,0.8,0
dl_3483,17,West_exit,16,10,0.8,0
dl_3483,19,West_exit_short,19,12,0.44,0
dl_3483,22,West_exit_short,22,14,0.44,0
dl_3483,24,West_exit_short,24,16,0.44,0
dl_3483,16,West_exit,16,10,0.8,0
dl_3483,2,East_exit,2,2,0.8,0
dl_3483,32,West_exit,31,20,0.8,0
dl_3483,31,West_exit,31,20,0.8,0
dl_3484,6,,,,,
dl_3484,29,West_exit,29,19,0.8,0
dl_3484,17,West_exit,16,10,0.8,0
dl_3484,19,West_exit_short,19,12,0.44,0
dl_3484,22,West_exit_short,22,14,0.44,0
dl_3484,24,West_exit_short,24,16,0.44,0
dl_3484,16,West_exit,16,10,0.8,0
dl_3484,2,East_exit,2,2,0.8,0
dl_3484,30,West_exit,30,20,0.8,0
dl_3484,32,West_exit,30,20,0.8,0
dl_3485,6,,,,,
dl_3485,29,West_exit,29,19,0.8,0
dl_3485,17,West_exit,16,10,0.8,0
dl_3485,16,West_exit,16,10,0.8,0
dl_3485,19,West_exit_short,19,12,0.44,0
dl_3485,22,West_exit_short,22,14,0.44,0
dl_3485,24,West_exit_short,24,16,0.44,0
dl_3485,2,East_exit,2,2,0.8,0
dl_3485,32,West_exit,32,21,0.8,0
dl_3486,5,,,,,
dl_3486,17,West_exit,16,10,0.8,0
dl_3486,19,West_exit_short,19,12,0.44,0
dl_3486,22,West_exit_short,22,14,0.44,0
dl_3486,24,West_exit_short,24,16,0.44,0
dl_3486,16,West_exit,16,10,0.8,0
dl_3486,2,East_exit,2,2,0.8,0
dl_3486,29,West_exit,29,19,0.8,0
dl_3487,5,,,,,
dl_3487,22,West_exit_short,22,14,0.44,0
dl_3487,19,West_exit_short,19,12,0.44,0
dl_3487,17,West_exit,16,10,0.8,0
dl_3487,16,West_exit,16,10,0.8,0
dl_3487,24,West_exit_short,24,16,0.44,0
dl_3487,2,East_exit,2,2,0.8,0
dl_3487,32,West_exit,31,20,0.8,0
dl_3487,31,West_exit,31,20,0.8,0
dl_3488,5,,,,,
dl_3488,22,West_exit_short,22,14,0.44,0
dl_3488,19,West_exit_short,19,12,0.44,0
dl_3488,17,West_exit,16,10,0.8,0
dl_3488,16,West_exit,16,10,0.8,0
dl_3488,24,West_exit_short,24,16,0.44,0
dl_3488,2,East_exit,2,2,0.8,0
dl_3488,30,West_exit,30,20,0.8,0
dl_3488,32,West_exit,30,20,0.8,0
dl_3489,5,,,,,
dl_3489,22,West_exit_short,22,14,0.44,0
dl_3489,19,West_exit_short,19,12,0.44,0
dl_3489,17,West_exit,16,10,0.8,0
dl_3489,16,West_exit,16,10,0.8,0
dl_3489,24,West_exit_short,24,16,0.44,0
dl_3489,2,East_exit,2,2,0.8,0
dl_3489,32,West_exit,32,21,0.8,0
dl_3490,6,,,,,
dl_3490,29,West_exit,28,18,0.8,0
dl_3490,17,West_exit,16,10,0.8,0
dl_3490,19,West_exit_short,19,12,0.44,0
dl_3490,22,West_exit_short,22,14,0.44,0
dl_3490,28,West_exit,28,18,0.8,0
dl_3490,16,West_exit,16,10,0.8,0
dl_3490,2,East_exit,2,2,0.8,0
dl_3490,32,West_exit,31,20,0.8,0
dl_3490,31,West_exit,31,20,0.8,0
dl_3490,26,West_exit_short,26,17,0.44,0
dl_3491,6,,,,,
dl_3491,29,West_exit,28,18,0.8,0
dl_3491,17,West_exit,16,10,0.8,0
dl_3491,19,West_exit_short,19,12,0.44,0
dl_3491,22,West_exit_short,22,14,0.44,0
dl_3491,28,West_exit,28,18,0.8,0
dl_3491,16,West_exit,16,10,0.8,0
dl_3491,2,East_exit,2,2,0.8,0
dl_3491,30,West_exit,30,20,0.8,0
dl_3491,32,West_exit,30,20,0.8,0
dl_3491,26,West_exit_short,26,17,0.44,0
dl_3492,6,,,,,
dl_3492,29,West_exit,28,18,0.8,0
dl_3492,28,West_exit,28,18,0.8,0
dl_3492,17,West_exit,16,10,0.8,0
dl_3492,16,West_exit,16,10,0.8,0
dl_3492,19,West_exit_short,19,12,0.44,0
dl_3492,22,West_exit_short,22,14,0.44,0
dl_3492,2,East_exit,2,2,0.8,0
dl_3492,26,West_exit_short,26,17,0.44,0
dl_3492,32,West_exit,32,21,0.8,0
dl_3493,5,,,,,
dl_3493,17,West_exit,16,10,0.8,0
dl_3493,19,West_exit_short,19,12,0.44,0
dl_3493,22,West_exit_short,22,14,0.44,0
dl_3493,16,West_exit,16,10,0.8,0
dl_3493,2,East_exit,2,2,0.8,0
dl_3493,29,West_exit,28,18,0.8,0
dl_3493,28,West_exit,28,18,0.8,0
dl_3493,26,West_exit_short,26,17,0.44,0
dl_3494,6,,,,,
dl_3494,29,West_exit,27,18,0.8,0
dl_3494,17,West_exit,16,10,0.8,0
dl_3494,19,West_exit_short,19,12,0.44,0
dl_3494,22,West_exit_short,22,14,0.44,0
dl_3494,27,West_exit,27,18,0.8,0
dl_3494,16,West_exit,16,10,0.8,0
dl_3494,2,East_exit,2,2,0.8,0
dl_3494,32,West_exit,31,20,0.8,0
dl_3494,31,West_exit,31,20,0.8,0
dl_3494,26,West_exit_short,26,17,0.44,0
dl_3495,6,,,,,
dl_3495,29,West_exit,27,18,0.8,0
dl_3495,17,West_exit,16,10,0.8,0
dl_3495,19,West_exit_short,19,12,0.44,0
dl_3495,22,West_exit_short,22,14,0.44,0
dl_3495,27,West_exit,27,18,0.8,0
dl_3495,16,West_exit,16,10,0.8,0
dl_3495,2,East_exit,2,2,0.8,0
dl_3495,30,West_exit,30,20,0.8,0
dl_3495,32,West_exit,30,20,0.8,0
dl_3495,26,West_exit_short,26,17,0.44,0
dl_3496,6,,,,,
dl_3496,29,West_exit,27,18,0.8,0
dl_3496,27,West_exit,27,18,0.8,0
dl_3496,17,West_exit,16,10,0.8,0
dl_3496,16,West_exit,16,10,0.8,0
dl_3496,19,West_exit_short,19,12,0.44,0
dl_3496,22,West_exit_short,22,14,0.44,0
dl_3496,2,East_exit,2,2,0.8,0
dl_3496,26,West_exit_short,26,17,0.44,0
dl_3496,32,West_exit,32,21,0.8,0
dl_3497,5,,,,,
dl_3497,17,West_exit,16,10,0.8,0
dl_3497,19,West_exit_short,19,12,0.44,0
dl_3497,22,West_exit_short,22,14,0.44,0
dl_3497,16,West_exit,16,10,0.8,0
dl_3497,2,East_exit,2,2,0.8,0
dl_3497,27,West_exit,27,18,0.8,0
dl_3497,29,West_exit,27,18,0.8,0
dl_3497,26,West_exit_short,26,17,0.44,0
dl_3498,6,,,,,
dl_3498,29,West_exit,29,19,0.8,0
dl_3498,17,West_exit,16,10,0.8,0
dl_3498,19,West_exit_short,19,12,0.44,0
dl_3498,22,West_exit_short,22,14,0.44,0
dl_3498,16,West_exit,16,10,0.8,0
dl_3498,2,East_exit,2,2,0.8,0
dl_3498,32,West_exit,31,20,0.8,0
dl_3498,31,West_exit,31,20,0.8,0
dl_3498,26,West_exit_short,26,17,0.44,0
dl_3499,6,,,,,
dl_3499,29,West_exit,29,19,0.8,0
dl_3499,17,West_exit,16,10,0.8,0
dl_3499,19,West_exit_short,19,12,0.44,0
dl_3499,22,West_exit_short,22,14,0.44,0
dl_3499,16,West_exit,16,10,0.8,0
dl_3499,2,East_exit,2,2,0.8,0
dl_3499,30,West_exit,30,20,0.8,0
dl_3499,32,West_exit,30,20,0.8,0
dl_3499,26,West_exit_short,26,17,0.44,0
dl_3500,6,,,,,
dl_3500,29,West_exit,29,19,0.8,0
dl_3500,17,West_exit,16,10,0.8,0
dl_3500,16,West_exit,16,10,0.8,0
dl_3500,19,West_exit_short,19,12,0.44,0
dl_3500,22,West_exit_short,22,14,0.44,0
dl_3500,2,East_exit,2,2,0.8,0
dl_3500,26,West_exit_short,26,17,0.44,0
dl_3500,32,West_exit,32,21,0.8,0
dl_3501,5,,,,,
dl_3501,17,West_exit,16,10,0.8,0
dl_3501,19,West_exit_short,19,12,0.44,0
dl_3501,22,West_exit_short,22,14,0.44,0
dl_3501,16,West_exit,16,10,0.8,0
dl_3501,2,East_exit,2,2,0.8,0
dl_3501,29,West_exit,29,19,0.8,0
dl_3501,26,West_exit_short,26,17,0.44,0
dl_3502,5,,,,,
dl_3502,22,West_exit_short,22,14,0.44,0
dl_3502,19,West_exit_short,19,12,0.44,0
dl_3502,17,West_exit,16,10,0.8,0
dl_3502,16,West_exit,16,10,0.8,0
dl_3502,2,East_exit,2,2,0.8,0
dl_3502,32,West_exit,31,20,0.8,0
dl_3502,31,West_exit,31,20,0.8,0
dl_3502,26,West_exit_short,26,17,0.44,0
dl_3503,5,,,,,
dl_3503,22,West_exit_short,22,14,0.44,0
dl_3503,19,West_exit_short,19,12,0.44,0
dl_3503,17,West_exit,16,10,0.8,0
dl_3503,16,West_exit,16,10,0.8,0
dl_3503,2,East_exit,2,2,0.8,0
dl_3503,30,West_exit,30,20,0.8,0
dl_3503,32,West_exit,30,20,0.8,0
dl_3503,26,West_exit_short,26,17,0.44,0
dl_3504,5,,,,,
dl_3504,22,West_exit_short,22,14,0.44,0
dl_3504,19,West_exit_short,19,12,0.44,0
dl_3504,17,West_exit,16,10,0.8,0
dl_3504,16,West_exit,16,10,0.8,0
dl_3504,2,East_exit,2,2,0.8,0
dl_3504,32,West_exit,32,21,0.8,0
dl_3504,26,West_exit_short,26,17,0.44,0
dl_3505,1,,,,,
dl_3505,2,East_exit,2,2,0.8,0
dl_3505,17,West_exit,16,10,0.8,0
dl_3505,16,West_exit,16,10,0.8,0
dl_3506,6,,,,,
dl_3506,29,West_exit,28,18,0.8,0
dl_3506,17,West_exit,15,10,0.8,0
dl_3506,19,West_exit_short,19,12,0.44,0
dl_3506,22,West_exit_short,22,14,0.44,0
dl_3506,25,West_exit_short,25,16,0.44,0
dl_3506,15,West_exit,15,10,0.8,0
dl_3506,28,West_exit,28,18,0.8,0
dl_3506,32,West_exit,31,20,0.8,0
dl_3506,31,West_exit,31,20,0.8,0
dl_3506,2,East_exit,2,2,0.8,0
dl_3507,6,,,,,
dl_3507,29,West_exit,28,18,0.8,0
dl_3507,17,West_exit,15,10,0.8,0
dl_3507,19,West_exit_short,19,12,0.44,0
dl_3507,22,West_exit_short,22,14,0.44,0
dl_3507,25,West_exit_short,25,16,0.44,0
dl_3507,15,West_exit,15,10,0.8,0
dl_3507,28,West_exit,28,18,0.8,0
dl_3507,30,West_exit,30,20,0.8,0
dl_3507,32,West_exit,30,20,0.8,0
dl_3507,2,East_exit,2,2,0.8,0
dl_3508,6,,,,,
dl_3508,29,West_exit,28,18,0.8,0
dl_3508,28,West_exit,28,18,0.8,0
dl_3508,17,West_exit,15,10,0.8,0
dl_3508,15,West_exit,15,10,0.8,0
dl_3508,19,West_exit_short,19,12,0.44,0
dl_3508,22,West_exit_short,22,14,0.44,0
dl_3508,25,West_exit_short,25,16,0.44,0
dl_3508,2,East_exit,2,2,0.8,0
dl_3508,32,West_exit,32,21,0.8,0
dl_3509,5,,,,,
dl_3509,17,West_exit,15,10,0.8,0
dl_3509,19,West_exit_short,19,12,0.44,0
dl_3509,22,West_exit_short,22,14,0.44,0
dl_3509,25,West_exit_short,25,16,0.44,0
dl_3509,15,West_exit,15,10,0.8,0
dl_3509,29,West_exit,28,18,0.8,0
dl_3509,28,West_exit,28,18,0.8,0
dl_3509,2,East_exit,2,2,0.8,0
dl_3510,6,,,,,
dl_3510,29,West_exit,27,18,0.8,0
dl_3510,17,West_exit,15,10,0.8,0
dl_3510,19,West_exit_short,19,12,0.44,0
dl_3510,22,West_exit_short,22,14,0.44,0
dl_3510,25,West_exit_short,25,16,0.44,0
dl_3510,15,West_exit,15,10,0.8,0
dl_3510,27,West_exit,27,18,0.8,0
dl_3510,32,West_exit,31,20,0.8,0
dl_3510,31,West_exit,31,20,0.8,0
dl_3510,2,East_exit,2,2,0.8,0
dl_3511,6,,,,,
dl_3511,29,West_exit,27,18,0.8,0
dl_3511,17,West_exit,15,10,0.8,0
dl_3511,19,West_exit_short,19,12,0.44,0
dl_3511,22,West_exit_short,22,14,0.44,0
dl_3511,25,West_exit_short,25,16,0.44,0
dl_3511,15,West_exit,15,10,0.8,0
dl_3511,27,West_exit,27,18,0.8,0
dl_3511,30,West_exit,30,20,0.8,0
dl_3511,32,West_exit,30,20,0.8,0
dl_3511,2,East_exit,2,2,0.8,0
dl_3512,6,,,,,
dl_3512,29,West_exit,27,18,0.8,0
dl_3512,27,West_exit,27,18,0.8,0
dl_3512,17,West_exit,15,10,0.8,0
dl_3512,15,West_exit,15,10,0.8,0
dl_3512,19,West_exit_short,19,12,0.44,0
dl_3512,22,West_exit_short,22,14,0.44,0
dl_3512,25,West_exit_short,25,16,0.44,0
dl_3512,2,East_exit,2,2,0.8,0
dl_3512,32,West_exit,32,21,0.8,0
dl_3513,5,,,,,
dl_3513,17,West_exit,15,10,0.8,0
dl_3513,19,West_exit_short,19,12,0.44,0
dl_3513,22,West_exit_short,22,14,0.44,0
dl_3513,25,West_exit_short,25,16,0.44,0
dl_3513,15,West_exit,15,10,0.8,0
dl_3513,27,West_exit,27,18,0.8,0
dl_3513,29,West_exit,27,18,0.8,0
dl_3513,2,East_exit,2,2,0.8,0
dl_3514,6,,,,,
dl_3514,29,West_exit,29,19,0.8,0
dl_3514,17,West_exit,15,10,0.8,0
dl_3514,19,West_exit_short,19,12,0.44,0
dl_3514,22,West_exit_short,22,14,0.44,0
dl_3514,25,West_exit_short,25,16,0.44,0
dl_3514,15,West_exit,15,10,0.8,0
dl_3514,32,West_exit,31,20,0.8,0
dl_3514,31,West_exit,31,20,0.8,0
dl_3514,2,East_exit,2,2,0.8,0
dl_3515,6,,,,,
dl_3515,29,West_exit,29,19,0.8,0
dl_3515,17,West_exit,15,10,0.8,0
dl_3515,19,West_exit_short,19,12,0.44,0
dl_3515,22,West_exit_short,22,14,0.44,0
dl_3515,25,West_exit_short,25,16,0.44,0
dl_3515,15,West_exit,15,10,0.8,0
dl_3515,30,West_exit,30,20,0.8,0
dl_3515,32,West_exit,30,20,0.8,0
dl_3515,2,East_exit,2,2,0.8,0
dl_3516,6,,,,,
dl_3516,29,West_exit,29,19,0.8,0
dl_3516,17,West_exit,15,10,0.8,0
dl_3516,15,West_exit,15,10,0.8,0
dl_3516,19,West_exit_short,19,12,0.44,0
dl_3516,22,West_exit_short,22,14,0.44,0
dl_3516,25,West_exit_short,25,16,0.44,0
dl_3516,2,East_exit,2,2,0.8,0
dl_3516,32,West_exit,32,21,0.8,0
dl_3517,5,,,,,
dl_3517,17,West_exit,15,10,0.8,0
dl_3517,19,West_exit_short,19,12,0.44,0
dl_3517,22,West_exit_short,22,14,0.44,0
dl_3517,25,West_exit_short,25,16,0.44,0
dl_3517,15,West_exit,15,10,0.8,0
dl_3517,2,East_exit,2,2,0.8,0
dl_3517,29,West_exit,29,19,0.8,0
dl_3518,5,,,,,
dl_3518,22,West_exit_short,22,14,0.44,0
dl_3518,19,West_exit_short,19,12,0.44,0
dl_3518,17,West_exit,15,10,0.8,0
dl_3518,15,West_exit,15,10,0.8,0
dl_3518,25,West_exit_short,25,16,0.44,0
dl_3518,2,East_exit,2,2,0.8,0
dl_3518,32,West_exit,31,20,0.8,0
dl_3518,31,West_exit,31,20,0.8,0
dl_3519,5,,,,,
dl_3519,22,West_exit_short,22,14,0.44,0
dl_3519,19,West_exit_short,19,12,0.44,0
dl_3519,17,West_exit,15,10,0.8,0
dl_3519,15,West_exit,15,10,0.8,0
dl_3519,25,West_exit_short,25,16,0.44,0
dl_3519,2,East_exit,2,2,0.8,0
dl_3519,30,West_exit,30,20,0.8,0
dl_3519,32,West_exit,30,20,0.8,0
dl_3520,5,,,,,
dl_3520,22,West_exit_short,22,14,0.44,0
dl_3520,19,West_exit_short,19,12,0.44,0
dl_3520,17,West_exit,15,10,0.8,0
dl_3520,15,West_exit,15,10,0.8,0
dl_3520,25,West_exit_short,25,16,0.44,0
dl_3520,2,East_exit,2,2,0.8,0
dl_3520,32,West_exit,32,21,0.8,0
dl_3521,6,,,,,
dl_3521,29,West_exit,28,18,0.8,0
dl_3521,17,West_exit,15,10,0.8,0
dl_3521,19,West_exit_short,19,12,0.44,0
dl_3521,22,West_exit_short,22,14,0.44,0
dl_3521,24,West_exit_short,24,16,0.44,0
dl_3521,15,West_exit,15,10,0.8,0
dl_3521,28,West_exit,28,18,0.8,0
dl_3521,32,West_exit,31,20,0.8,0
dl_3521,31,West_exit,31,20,0.8,0
dl_3521,2,East_exit,2,2,0.8,0
dl_3522,6,,,,,
dl_3522,29,West_exit,28,18,0.8,0
dl_3522,17,West_exit,15,10,0.8,0
dl_3522,19,West_exit_short,19,12,0.44,0
dl_3522,22,West_exit_short,22,14,0.44,0
dl_3522,24,West_exit_short,24,16,0.44,0
dl_3522,15,West_exit,15,10,0.8,0
dl_3522,28,West_exit,28,18,0.8,0
dl_3522,30,West_exit,30,20,0.8,0
dl_3522,32,West_exit,30,20,0.8,0
dl_3522,2,East_exit,2,2,0.8,0
dl_3523,6,,,,,
dl_3523,29,West_exit,28,18,0.8,0
dl_3523,28,West_exit,28,18,0.8,0
dl_3523,17,West_exit,15,10,0.8,0
dl_3523,15,West_exit,15,10,0.8,0
dl_3523,19,West_exit_short,19,12,0.44,0
dl_3523,22,West_exit_short,22,14,0.44,0
dl_3523,24,West_exit_short,24,16,0.44,0
dl_3523,2,East_exit,2,2,0.8,0
dl_3523,32,West_exit,32,21,0.8,0
dl_3524,5,,,,,
dl_3524,17,West_exit,15,10,0.8,0
dl_3524,19,West_exit_short,19,12,0.44,0
dl_3524,22,West_exit_short,22,14,0.44,0
dl_3524,24,West_exit_short,24,16,0.44,0
dl_3524,15,West_exit,15,10,0.8,0
dl_3524,29,West_exit,28,18,0.8,0
dl_3524,28,West_exit,28,18,0.8,0
dl_3524,2,East_exit,2,2,0.8,0
dl_3525,6,,,,,
dl_3525,29,West_exit,27,18,0.8,0
dl_3525,17,West_exit,15,10,0.8,0
dl_3525,19,West_exit_short,19,12,0.44,0
dl_3525,22,West_exit_short,22,14,0.44,0
dl_3525,24,West_exit_short,24,16,0.44,0
dl_3525,15,West_exit,15,10,0.8,0
dl_3525,27,West_exit,27,18,0.8,0
dl_3525,32,West_exit,31,20,0.8,0
dl_3525,31,West_exit,31,20,0.8,0
dl_3525,2,East_exit,2,2,0.8,0
dl_3526,6,,,,,
dl_3526,29,West_exit,27,18,0.8,0
dl_3526,17,West_exit,15,10,0.8,0
dl_3526,19,West_exit_short,19,12,0.44,0
dl_3526,22,West_exit_short,22,14,0.44,0
dl_3526,24,West_exit_short,24,16,0.44,0
dl_3526,15,West_exit,15,10,0.8,0
dl_3526,27,West_exit,27,18,0.8,0
dl_3526,30,West_exit,30,20,0.8,0
dl_3526,32,West_exit,30,20,0.8,0
dl_3526,2,East_exit,2,2,0.8,0
dl_3527,6,,,,,
dl_3527,29,West_exit,27,18,0.8,0
dl_3527,27,West_exit,27,18,0.8,0
dl_3527,17,West_exit,15,10,0.8,0
dl_3527,15,West_exit,15,10,0.8,0
dl_3527,19,West_exit_short,19,12,0.44,0
dl_3527,22,West_exit_short,22,14,0.44,0
dl_3527,24,West_exit_short,24,16,0.44,0
dl_3527,2,East_exit,2,2,0.8,0
dl_3527,32,West_exit,32,21,0.8,0
dl_3528,5,,,,,
dl_3528,17,West_exit,15,10,0.8,0
dl_3528,19,West_exit_short,19,12,0.44,0
dl_3528,22,West_exit_short,22,14,0.44,0
dl_3528,24,West_exit_short,24,16,0.44,0
dl_3528,15,West_exit,15,10,0.8,0
dl_3528,27,West_exit,27,18,0.8,0
dl_3528,29,West_exit,27,18,0.8,0
dl_3528,2,East_exit,2,2,0.8,0
dl_3529,6,,,,,
dl_3529,29,West_exit,29,19,0.8,0
dl_3529,17,West_exit,15,10,0.8,0
dl_3529,19,West_exit_short,19,12,0.44,0
dl_3529,22,West_exit_short,22,14,0.44,0
dl_3529,24,West_exit_short,24,16,0.44,0
dl_3529,15,West_exit,15,10,0.8,0
dl_3529,32,West_exit,31,20,0.8,0
dl_3529,31,West_exit,31,20,0.8,0
dl_3529,2,East_exit,2,2,0.8,0
dl_3530,6,,,,,
dl_3530,29,West_exit,29,19,0.8,0
dl_3530,17,West_exit,15,10,0.8,0
dl_3530,19,West_exit_short,19,12,0.44,0
dl_3530,22,West_exit_short,22,14,0.44,0
dl_3530,24,West_exit_short,24,16,0.44,0
dl_3530,15,West_exit,15,10,0.8,0
dl_3530,30,West_exit,30,20,0.8,0
dl_3530,32,West_exit,30,20,0.8,0
dl_3530,2,East_exit,2,2,0.8,0
dl_3531,6,,,,,
dl_3531,29,West_exit,29,19,0.8,0
dl_3531,17,West_exit,15,10,0.8,0
dl_3531,15,West_exit,15,10,0.8,0
dl_3531,19,West_exit_short,19,12,0.44,0
dl_3531,22,West_exit_short,22,14,0.44,0
dl_3531,24,West_exit_short,24,16,0.44,0
dl_3531,2,East_exit,2,2,0.8,0
dl_3531,32,West_exit,32,21,0.8,0
dl_3532,5,,,,,
dl_3532,17,West_exit,15,10,0.8,0
dl_3532,19,West_exit_short,19,12,0.44,0
dl_3532,22,West_exit_short,22,14,0.44,0
dl_3532,24,West_exit_short,24,16,0.44,0
dl_3532,15,West_exit,15,10,0.8,0
dl_3532,2,East_exit,2,2,0.8,0
dl_3532,29,West_exit,29,19,0.8,0
dl_3533,5,,,,,
dl_3533,22,West_exit_short,22,14,0.44,0
dl_3533,19,West_exit_short,19,12,0.44,0
dl_3533,17,West_exit,15,10,0.8,0
dl_3533,15,West_exit,15,10,0.8,0
dl_3533,24,West_exit_short,24,16,0.44,0
dl_3533,2,East_exit,2,2,0.8,0
dl_3533,32,West_exit,31,20,0.8,0
dl_3533,31,West_exit,31,20,0.8,0
dl_3534,5,,,,,
dl_3534,22,West_exit_short,22,14,0.44,0
dl_3534,19,West_exit_short,19,12,0.44,0
dl_3534,17,West_exit,15,10,0.8,0
dl_3534,15,West_exit,15,10,0.8,0
dl_3534,24,West_exit_short,24,16,0.44,0
dl_3534,2,East_exit,2,2,0.8,0
dl_3534,30,West_exit,30,20,0.8,0
dl_3534,32,West_exit,30,20,0.8,0
dl_3535,5,,,,,
dl_3535,22,West_exit_short,22,14,0.44,0
dl_3535,19,West_exit_short,19,12,0.44,0
dl_3535,17,West_exit,15,10,0.8,0
dl_3535,15,West_exit,15,10,0.8,0
dl_3535,24,West_exit_short,24,16,0.44,0
dl_3535,2,East_exit,2,2,0.8,0
dl_3535,32,West_exit,32,21,0.8,0
dl_3536,6,,,,,
dl_3536,29,West_exit,28,18,0.8,0
dl_3536,17,West_exit,15,10,0.8,0
dl_3536,19,West_exit_short,19,12,0.44,0
dl_3536,22,West_exit_short,22,14,0.44,0
dl_3536,28,West_exit,28,18,0.8,0
dl_3536,15,West_exit,15,10,0.8,0
dl_3536,32,West_exit,31,20,0.8,0
dl_3536,31,West_exit,31,20,0.8,0
dl_3536,2,East_exit,2,2,0.8,0
dl_3536,26,West_exit_short,26,17,0.44,0
dl_3537,6,,,,,
dl_3537,29,West_exit,28,18,0.8,0
dl_3537,17,West_exit,15,10,0.8,0
dl_3537,19,West_exit_short,19,12,0.44,0
dl_3537,22,West_exit_short,22,14,0.44,0
dl_3537,28,West_exit,28,18,0.8,0
dl_3537,15,West_exit,15,10,0.8,0
dl_3537,30,West_exit,30,20,0.8,0
dl_3537,32,West_exit,30,20,0.8,0
dl_3537,2,East_exit,2,2,0.8,0
dl_3537,26,West_exit_short,26,17,0.44,0
dl_3538,6,,,,,
dl_3538,29,West_exit,28,18,0.8,0
dl_3538,28,West_exit,28,18,0.8,0
dl_3538,17,West_exit,15,10,0.8,0
dl_3538,15,West_exit,15,10,0.8,0
dl_3538,19,West_exit_short,19,12,0.44,0
dl_3538,22,West_exit_short,22,14,0.44,0
dl_3538,2,East_exit,2,2,0.8,0
dl_3538,26,West_exit_short,26,17,0.44,0
dl_3538,32,West_exit,32,21,0.8,0
dl_3539,5,,,,,
dl_3539,17,West_exit,15,10,0.8,0
dl_3539,19,West_exit_short,19,12,0.44,0
dl_3539,22,West_exit_short,22,14,0.44,0
dl_3539,15,West_exit,15,10,0.8,0
dl_3539,29,West_exit,28,18,0.8,0
dl_3539,28,West_exit,28,18,0.8,0
dl_3539,2,East_exit,2,2,0.8,0
dl_3539,26,West_exit_short,26,17,0.44,0
dl_3540,6,,,,,
dl_3540,29,West_exit,27,18,0.8,0
dl_3540,17,West_exit,15,10,0.8,0
dl_3540,19,West_exit_short,19,12,0.44,0
dl_3540,22,West_exit_short,22,14,0.44,0
dl_3540,27,West_exit,27,18,0.8,0
dl_3540,15,West_exit,15,10,0.8,0
dl_3540,32,West_exit,31,20,0.8,0
dl_3540,31,West_exit,31,20,0.8,0
dl_3540,2,East_exit,2,2,0.8,0
dl_3540,26,West_exit_short,26,17,0.44,0
dl_3541,6,,,,,
dl_3541,29,West_exit,27,18,0.8,0
dl_3541,17,West_exit,15,10,0.8,0
dl_3541,19,West_exit_short,19,12,0.44,0
dl_3541,22,West_exit_short,22,14,0.44,0
dl_3541,27,West_exit,27,18,0.8,0
dl_3541,15,West_exit,15,10,0.8,0
dl_3541,30,West_exit,30,20,0.8,0
dl_3541,32,West_exit,30,20,0.8,0
dl_3541,2,East_exit,2,2,0.8,0
dl_3541,26,West_exit_short,26,17,0.44,0
dl_3542,6,,,,,
dl_3542,29,West_exit,27,18,0.8,0
dl_3542,27,West_exit,27,18,0.8,0
dl_3542,17,West_exit,15,10,0.8,0
dl_3542,15,West_exit,15,10,0.8,0
dl_3542,19,West_exit_short,19,12,0.44,0
dl_3542,22,West_exit_short,22,14,0.44,0
dl_3542,2,East_exit,2,2,0.8,0
dl_3542,26,West_exit_short,26,17,0.44,0
dl_3542,32,West_exit,32,21,0.8,0
dl_3543,5,,,,,
dl_3543,17,West_exit,15,10,0.8,0
dl_3543,19,West_exit_short,19,12,0.44,0
dl_3543,22,West_exit_short,22,14,0.44,0
dl_3543,15,West_exit,15,10,0.8,0
dl_3543,27,West_exit,27,18,0.8,0
dl_3543,29,West_exit,27,18,0.8,0
dl_3543,2,East_exit,2,2,0.8,0
dl_3543,26,West_exit_short,26,17,0.44,0
dl_3544,6,,,,,
dl_3544,29,West_exit,29,19,0.8,0
dl_3544,17,West_exit,15,10,0.8,0
dl_3544,19,West_exit_short,19,12,0.44,0
dl_3544,22,West_exit_short,22,14,0.44,0
dl_3544,15,West_exit,15,10,0.8,0
dl_3544,32,West_exit,31,20,0.8,0
dl_3544,31,West_exit,31,20,0.8,0
dl_3544,2,East_exit,2,2,0.8,0
dl_3544,26,West_exit_short,26,17,0.44,0
dl_3545,6,,,,,
dl_3545,29,West_exit,29,19,0.8,0
dl_3545,17,West_exit,15,10,0.8,0
dl_3545,19,West_exit_short,19,12,0.44,0
dl_3545,22,West_exit_short,22,14,0.44,0
dl_3545,15,West_exit,15,10,0.8,0
dl_3545,30,West_exit,30,20,0.8,0
dl_3545,32,West_exit,30,20,0.8,0
dl_3545,2,East_exit,2,2,0.8,0
dl_3545,26,West_exit_short,26,17,0.44,0
dl_3546,6,,,,,
dl_3546,29,West_exit,29,19,0.8,0
dl_3546,17,West_exit,15,10,0.8,0
dl_3546,15,West_exit,15,10,0.8,0
dl_3546,19,West_exit_short,19,12,0.44,0
dl_3546,22,West_exit_short,22,14,0.44,0
dl_3546,2,East_exit,2,2,0.8,0
dl_3546,26,West_exit_short,26,17,0.44,0
dl_3546,32,West_exit,32,21,0.8,0
dl_3547,5,,,,,
dl_3547,17,West_exit,15,10,0.8,0
dl_3547,19,West_exit_short,19,12,0.44,0
dl_3547,22,West_exit_short,22,14,0.44,0
dl_3547,15,West_exit,15,10,0.8,0
dl_3547,2,East_exit,2,2,0.8,0
dl_3547,29,West_exit,29,19,0.8,0
dl_3547,26,West_exit_short,26,17,0.44,0
dl_3548,5,,,,,
dl_3548,22,West_exit_short,22,14,0.44,0
dl_3548,19,West_exit_short,19,12,0.44,0
dl_3548,17,West_exit,15,10,0.8,0
dl_3548,15,West_exit,15,10,0.8,0
dl_3548,2,East_exit,2,2,0.8,0
dl_3548,32,West_exit,31,20,0.8,0
dl_3548,31,West_exit,31,20,0.8,0
dl_3548,26,West_exit_short,26,17,0.44,0
dl_3549,5,,,,,
dl_3549,22,West_exit_short,22,14,0.44,0
dl_3549,19,West_exit_short,19,12,0.44,0
dl_3549,17,West_exit,15,10,0.8,0
dl_3549,15,West_exit,15,10,0.8,0
dl_3549,2,East_exit,2,2,0.8,0
dl_3549,30,West_exit,30,20,0.8,0
dl_3549,32,West_exit,30,20,0.8,0
dl_3549,26,West_exit_short,26,17,0.44,0
dl_3550,5,,,,,
dl_3550,22,West_exit_short,22,14,0.44,0
dl_3550,19,West_exit_short,19,12,0.44,0
dl_3550,17,West_exit,15,10,0.8,0
dl_3550,15,West_exit,15,10,0.8,0
dl_3550,2,East_exit,2,2,0.8,0
dl_3550,32,West_exit,32,21,0.8,0
dl_3550,26,West_exit_short,26,17,0.44,0
dl_3551,1,,,,,
dl_3551,15,West_exit,15,10,0.8,0
dl_3551,17,West_exit,15,10,0.8,0
dl_3551,2,East_exit,2,2,0.8,0
dl_3552,7,,,,,
dl_3552,17,West_exit,17,11,0.8,0
dl_3552,29,West_exit,28,18,0.8,0
dl_3552,19,West_exit_short,19,12,0.44,0
dl_3552,22,West_exit_short,22,14,0.44,0
dl_3552,25,West_exit_short,25,16,0.44,0
dl_3552,28,West_exit,28,18,0.8,0
dl_3552,32,West_exit,31,20,0.8,0
dl_3552,31,West_exit,31,20,0.8,0
dl_3552,2,East_exit,2,2,0.8,0
dl_3552,16,East_exit_short,16,11,0.44,0
dl_3553,7,,,,,
dl_3553,17,West_exit,17,11,0.8,0
dl_3553,29,West_exit,28,18,0.8,0
dl_3553,19,West_exit_short,19,12,0.44,0
dl_3553,22,West_exit_short,22,14,0.44,0
dl_3553,25,West_exit_short,25,16,0.44,0
dl_3553,28,West_exit,28,18,0.8,0
dl_3553,30,West_exit,30,20,0.8,0
dl_3553,32,West_exit,30,20,0.8,0
dl_3553,2,East_exit,2,2,0.8,0
dl_3553,16,East_exit_short,16,11,0.44,0
dl_3554,7,,,,,
dl_3554,17,West_exit,17,11,0.8,0
dl_3554,29,West_exit,28,18,0.8,0
dl_3554,28,West_exit,28,18,0.8,0
dl_3554,19,West_exit_short,19,12,0.44,0
dl_3554,22,West_exit_short,22,14,0.44,0
dl_3554,25,West_exit_short,25,16,0.44,0
dl_3554,2,East_exit,2,2,0.8,0
dl_3554,16,East_exit_short,16,11,0.44,0
dl_3554,32,West_exit,32,21,0.8,0
dl_3555,6,,,,,
dl_3555,17,West_exit,17,11,0.8,0
dl_3555,19,West_exit_short,19,12,0.44,0
dl_3555,22,West_exit_short,22,14,0.44,0
dl_3555,25,West_exit_short,25,16,0.44,0
dl_3555,29,West_exit,28,18,0.8,0
dl_3555,28,West_exit,28,18,0.8,0
dl_3555,2,East_exit,2,2,0.8,0
dl_3555,16,East_exit_short,16,11,0.44,0
dl_3556,7,,,,,
dl_3556,17,West_exit,17,11,0.8,0
dl_3556,29,West_exit,27,18,0.8,0
dl_3556,19,West_exit_short,19,12,0.44,0
dl_3556,22,West_exit_short,22,14,0.44,0
dl_3556,25,West_exit_short,25,16,0.44,0
dl_3556,27,West_exit,27,18,0.8,0
dl_3556,32,West_exit,31,20,0.8,0
dl_3556,31,West_exit,31,20,0.8,0
dl_3556,2,East_exit,2,2,0.8,0
dl_3556,16,East_exit_short,16,11,0.44,0
dl_3557,7,,,,,
dl_3557,17,West_exit,17,11,0.8,0
dl_3557,29,West_exit,27,18,0.8,0
dl_3557,19,West_exit_short,19,12,0.44,0
dl_3557,22,West_exit_short,22,14,0.44,0
dl_3557,25,West_exit_short,25,16,0.44,0
dl_3557,27,West_exit,27,18,0.8,0
dl_3557,30,West_exit,30,20,0.8,0
dl_3557,32,West_exit,30,20,0.8,0
dl_3557,2,East_exit,2,2,0.8,0
dl_3557,16,East_exit_short,16,11,0.44,0
dl_3558,7,,,,,
dl_3558,17,West_exit,17,11,0.8,0
dl_3558,29,West_exit,27,18,0.8,0
dl_3558,27,West_exit,27,18,0.8,0
dl_3558,19,West_exit_short,19,12,0.44,0
dl_3558,22,West_exit_short,22,14,0.44,0
dl_3558,25,West_exit_short,25,16,0.44,0
dl_3558,2,East_exit,2,2,0.8,0
dl_3558,16,East_exit_short,16,11,0.44,0
dl_3558,32,West_exit,32,21,0.8,0
dl_3559,6,,,,,
dl_3559,17,West_exit,17,11,0.8,0
dl_3559,19,West_exit_short,19,12,0.44,0
dl_3559,22,West_exit_short,22,14,0.44,0
dl_3559,25,West_exit_short,25,16,0.44,0
dl_3559,27,West_exit,27,18,0.8,0
dl_3559,29,West_exit,27,18,0.8,0
dl_3559,2,East_exit,2,2,0.8,0
dl_3559,16,East_exit_short,16,11,0.44,0
dl_3560,7,,,,,
dl_3560,17,West_exit,17,11,0.8,0
dl_3560,29,West_exit,29,19,0.8,0
dl_3560,19,West_exit_short,19,12,0.44,0
dl_3560,22,West_exit_short,22,14,0.44,0
dl_3560,25,West_exit_short,25,16,0.44,0
dl_3560,32,West_exit,31,20,0.8,0
dl_3560,31,West_exit,31,20,0.8,0
dl_3560,2,East_exit,2,2,0.8,0
dl_3560,16,East_exit_short,16,11,0.44,0
dl_3561,7,,,,,
dl_3561,17,West_exit,17,11,0.8,0
dl_3561,29,West_exit,29,19,0.8,0
dl_3561,19,West_exit_short,19,12,0.44,0
dl_3561,22,West_exit_short,22,14,0.44,0
dl_3561,25,West_exit_short,25,16,0.44,0
dl_3561,30,West_exit,30,20,0.8,0
dl_3561,32,West_exit,30,20,0.8,0
dl_3561,2,East_exit,2,2,0.8,0
dl_3561,16,East_exit_short,16,11,0.44,0
dl_3562,7,,,,,
dl_3562,29,West_exit,29,19,0.8,0
dl_3562,17,West_exit,17,11,0.8,0
dl_3562,19,West_exit_short,19,12,0.44,0
dl_3562,22,West_exit_short,22,14,0.44,0
dl_3562,25,West_exit_short,25,16,0.44,0
dl_3562,2,East_exit,2,2,0.8,0
dl_3562,16,East_exit_short,16,11,0.44,0
dl_3562,32,West_exit,32,21,0.8,0
dl_3563,6,,,,,
dl_3563,17,West_exit,17,11,0.8,0
dl_3563,19,West_exit_short,19,12,0.44,0
dl_3563,22,West_exit_short,22,14,0.44,0
dl_3563,25,West_exit_short,25,16,0.44,0
dl_3563,2,East_exit,2,2,0.8,0
dl_3563,16,East_exit_short,16,11,0.44,0
dl_3563,29,West_exit,29,19,0.8,0
dl_3564,6,,,,,
dl_3564,17,West_exit,17,11,0.8,0
dl_3564,22,West_exit_short,22,14,0.44,0
dl_3564,19,West_exit_short,19,12,0.44,0
dl_3564,25,West_exit_short,25,16,0.44,0
dl_3564,2,East_exit,2,2,0.8,0
dl_3564,16,East_exit_short,16,11,0.44,0
dl_3564,32,West_exit,31,20,0.8,0
dl_3564,31,West_exit,31,20,0.8,0
dl_3565,6,,,,,
dl_3565,17,West_exit,17,11,0.8,0
dl_3565,22,West_exit_short,22,14,0.44,0
dl_3565,19,West_exit_short,19,12,0.44,0
dl_3565,25,West_exit_short,25,16,0.44,0
dl_3565,2,East_exit,2,2,0.8,0
dl_3565,16,East_exit_short,16,11,0.44,0
dl_3565,30,West_exit,30,20,0.8,0
dl_3565,32,West_exit,30,20,0.8,0
dl_3566,6,,,,,
dl_3566,17,West_exit,17,11,0.8,0
dl_3566,22,West_exit_short,22,14,0.44,0
dl_3566,19,West_exit_short,19,12,0.44,0
dl_3566,25,West_exit_short,25,16,0.44,0
dl_3566,2,East_exit,2,2,0.8,0
dl_3566,16,East_exit_short,16,11,0.44,0
dl_3566,32,West_exit,32,21,0.8,0
dl_3567,7,,,,,
dl_3567,17,West_exit,17,11,0.8,0
dl_3567,29,West_exit,28,18,0.8,0
dl_3567,19,West_exit_short,19,12,0.44,0
dl_3567,22,West_exit_short,22,14,0.44,0
dl_3567,24,West_exit_short,24,16,0.44,0
dl_3567,28,West_exit,28,18,0.8,0
dl_3567,32,West_exit,31,20,0.8,0
dl_3567,31,West_exit,31,20,0.8,0
dl_3567,2,East_exit,2,2,0.8,0
dl_3567,16,East_exit_short,16,11,0.44,0
dl_3568,7,,,,,
dl_3568,17,West_exit,17,11,0.8,0
dl_3568,29,West_exit,28,18,0.8,0
dl_3568,19,West_exit_short,19,12,0.44,0
dl_3568,22,West_exit_short,22,14,0.44,0
dl_3568,24,West_exit_short,24,16,0.44,0
dl_3568,28,West_exit,28,18,0.8,0
dl_3568,30,West_exit,30,20,0.8,0
dl_3568,32,West_exit,30,20,0.8,0
dl_3568,2,East_exit,2,2,0.8,0
dl_3568,16,East_exit_short,16,11,0.44,0
dl_3569,7,,,,,
dl_3569,17,West_exit,17,11,0.8,0
dl_3569,29,West_exit,28,18,0.8,0
dl_3569,28,West_exit,28,18,0.8,0
dl_3569,19,West_exit_short,19,12,0.44,0
dl_3569,22,West_exit_short,22,14,0.44,0
dl_3569,24,West_exit_short,24,16,0.44,0
dl_3569,2,East_exit,2,2,0.8,0
dl_3569,16,East_exit_short,16,11,0.44,0
dl_3569,32,West_exit,32,21,0.8,0
dl_3570,6,,,,,
dl_3570,17,West_exit,17,11,0.8,0
dl_3570,19,West_exit_short,19,12,0.44,0
dl_3570,22,West_exit_short,22,14,0.44,0
dl_3570,24,West_exit_short,24,16,0.44,0
dl_3570,29,West_exit,28,18,0.8,0
dl_3570,28,West_exit,28,18,0.8,0
dl_3570,2,East_exit,2,2,0.8,0
dl_3570,16,East_exit_short,16,11,0.44,0
dl_3571,7,,,,,
dl_3571,17,West_exit,17,11,0.8,0
dl_3571,29,West_exit,27,18,0.8,0
dl_3571,19,West_exit_short,19,12,0.44,0
dl_3571,22,West_exit_short,22,14,0.44,0
dl_3571,24,West_exit_short,24,16,0.44,0
dl_3571,27,West_exit,27,18,0.8,0
dl_3571,32,West_exit,31,20,0.8,0
dl_3571,31,West_exit,31,20,0.8,0
dl_3571,2,East_exit,2,2,0.8,0
dl_3571,16,East_exit_short,16,11,0.44,0
dl_3572,7,,,,,
dl_3572,17,West_exit,17,11,0.8,0
dl_3572,29,West_exit,27,18,0.8,0
dl_3572,19,West_exit_short,19,12,0.44,0
dl_3572,22,West_exit_short,22,14,0.44,0
dl_3572,24,West_exit_short,24,16,0.44,0
dl_3572,27,West_exit,27,18,0.8,0
dl_3572,30,West_exit,30,20,0.8,0
dl_3572,32,West_exit,30,20,0.8,0
dl_3572,2,East_exit,2,2,0.8,0
dl_3572,16,East_exit_short,16,11,0.44,0
dl_3573,7,,,,,
dl_3573,17,West_exit,17,11,0.8,0
dl_3573,29,West_exit,27,18,0.8,0
dl_3573,27,West_exit,27,18,0.8,0
dl_3573,19,West_exit_short,19,12,0.44,0
dl_3573,22,West_exit_short,22,14,0.44,0
dl_3573,24,West_exit_short,24,16,0.44,0
dl_3573,2,East_exit,2,2,0.8,0
dl_3573,16,East_exit_short,16,11,0.44,0
dl_3573,32,West_exit,32,21,0.8,0
dl_3574,6,,,,,
dl_3574,17,West_exit,17,11,0.8,0
dl_3574,19,West_exit_short,19,12,0.44,0
dl_3574,22,West_exit_short,22,14,0.44,0
dl_3574,24,West_exit_short,24,16,0.44,0
dl_3574,27,West_exit,27,18,0.8,0
dl_3574,29,West_exit,27,18,0.8,0
dl_3574,2,East_exit,2,2,0.8,0
dl_3574,16,East_exit_short,16,11,0.44,0
dl_3575,7,,,,,
dl_3575,17,West_exit,17,11,0.8,0
dl_3575,29,West_exit,29,19,0.8,0
dl_3575,19,West_exit_short,19,12,0.44,0
dl_3575,22,West_exit_short,22,14,0.44,0
dl_3575,24,West_exit_short,24,16,0.44,0
dl_3575,32,West_exit,31,20,0.8,0
dl_3575,31,West_exit,31,20,0.8,0
dl_3575,2,East_exit,2,2,0.8,0
dl_3575,16,East_exit_short,16,11,0.44,0
dl_3576,7,,,,,
dl_3576,17,West_exit,17,11,0.8,0
dl_3576,29,West_exit,29,19,0.8,0
dl_3576,19,West_exit_short,19,12,0.44,0
dl_3576,22,West_exit_short,22,14,0.44,0
dl_3576,24,West_exit_short,24,16,0.44,0
dl_3576,30,West_exit,30,20,0.8,0
dl_3576,32,West_exit,30,20,0.8,0
dl_3576,2,East_exit,2,2,0.8,0
dl_3576,16,East_exit_short,16,11,0.44,0
dl_3577,7,,,,,
dl_3577,29,West_exit,29,19,0.8,0
dl_3577,17,West_exit,17,11,0.8,0
dl_3577,19,West_exit_short,19,12,0.44,0
dl_3577,22,West_exit_short,22,14,0.44,0
dl_3577,24,West_exit_short,24,16,0.44,0
dl_3577,2,East_exit,2,2,0.8,0
dl_3577,16,East_exit_short,16,11,0.44,0
dl_3577,32,West_exit,32,21,0.8,0
dl_3578,6,,,,,
dl_3578,17,West_exit,17,11,0.8,0
dl_3578,19,West_exit_short,19,12,0.44,0
dl_3578,22,West_exit_short,22,14,0.44,0
dl_3578,24,West_exit_short,24,16,0.44,0
dl_3578,2,East_exit,2,2,0.8,0
dl_3578,16,East_exit_short,16,11,0.44,0
dl_3578,29,West_exit,29,19,0.8,0
dl_3579,6,,,,,
dl_3579,17,West_exit,17,11,0.8,0
dl_3579,22,West_exit_short,22,14,0.44,0
dl_3579,19,West_exit_short,19,12,0.44,0
dl_3579,24,West_exit_short,24,16,0.44,0
dl_3579,2,East_exit,2,2,0.8,0
dl_3579,16,East_exit_short,16,11,0.44,0
dl_3579,32,West_exit,31,20,0.8,0
dl_3579,31,West_exit,31,20,0.8,0
dl_3580,6,,,,,
dl_3580,17,West_exit,17,11,0.8,0
dl_3580,22,West_exit_short,22,14,0.44,0
dl_3580,19,West_exit_short,19,12,0.44,0
dl_3580,24,West_exit_short,24,16,0.44,0
dl_3580,2,East_exit,2,2,0.8,0
dl_3580,16,East_exit_short,16,11,0.44,0
dl_3580,30,West_exit,30,20,0.8,0
dl_3580,32,West_exit,30,20,0.8,0
dl_3581,6,,,,,
dl_3581,17,West_exit,17,11,0.8,0
dl_3581,22,West_exit_short,22,14,0.44,0
dl_3581,19,West_exit_short,19,12,0.44,0
dl_3581,24,West_exit_short,24,16,0.44,0
dl_3581,2,East_exit,2,2,0.8,0
dl_3581,16,East_exit_short,16,11,0.44,0
dl_3581,32,West_exit,32,21,0.8,0
dl_3582,7,,,,,
dl_3582,17,West_exit,17,11,0.8,0
dl_3582,29,West_exit,28,18,0.8,0
dl_3582,19,West_exit_short,19,12,0.44,0
dl_3582,22,West_exit_short,22,14,0.44,0
dl_3582,28,West_exit,28,18,0.8,0
dl_3582,32,West_exit,31,20,0.8,0
dl_3582,31,West_exit,31,20,0.8,0
dl_3582,2,East_exit,2,2,0.8,0
dl_3582,16,East_exit_short,16,11,0.44,0
dl_3582,26,West_exit_short,26,17,0.44,0
dl_3583,7,,,,,
dl_3583,17,West_exit,17,11,0.8,0
dl_3583,29,West_exit,28,18,0.8,0
dl_3583,19,West_exit_short,19,12,0.44,0
dl_3583,22,West_exit_short,22,14,0.44,0
dl_3583,28,West_exit,28,18,0.8,0
dl_3583,30,West_exit,30,20,0.8,0
dl_3583,32,West_exit,30,20,0.8,0
dl_3583,2,East_exit,2,2,0.8,0
dl_3583,16,East_exit_short,16,11,0.44,0
dl_3583,26,West_exit_short,26,17,0.44,0
dl_3584,7,,,,,
dl_3584,29,West_exit,28,18,0.8,0
dl_3584,28,West_exit,28,18,0.8,0
dl_3584,17,West_exit,17,11,0.8,0
dl_3584,19,West_exit_short,19,12,0.44,0
dl_3584,22,West_exit_short,22,14,0.44,0
dl_3584,2,East_exit,2,2,0.8,0
dl_3584,16,East_exit_short,16,11,0.44,0
dl_3584,26,West_exit_short,26,17,0.44,0
dl_3584,32,West_exit,32,21,0.8,0
dl_3585,6,,,,,
dl_3585,17,West_exit,17,11,0.8,0
dl_3585,19,West_exit_short,19,12,0.44,0
dl_3585,22,West_exit_short,22,14,0.44,0
dl_3585,29,West_exit,28,18,0.8,0
dl_3585,28,West_exit,28,18,0.8,0
dl_3585,2,East_exit,2,2,0.8,0
dl_3585,16,East_exit_short,16,11,0.44,0
dl_3585,26,West_exit_short,26,17,0.44,0
dl_3586,7,,,,,
dl_3586,17,West_exit,17,11,0.8,0
dl_3586,29,West_exit,27,18,0.8,0
dl_3586,19,West_exit_short,19,12,0.44,0
dl_3586,22,West_exit_short,22,14,0.44,0
dl_3586,27,West_exit,27,18,0.8,0
dl_3586,32,West_exit,31,20,0.8,0
dl_3586,31,West_exit,31,20,0.8,0
dl_3586,2,East_exit,2,2,0.8,0
dl_3586,16,East_exit_short,16,11,0.44,0
dl_3586,26,West_exit_short,26,17,0.44,0
dl_3587,7,,,,,
dl_3587,17,West_exit,17,11,0.8,0
dl_3587,29,West_exit,27,18,0.8,0
dl_3587,19,West_exit_short,19,12,0.44,0
dl_3587,22,West_exit_short,22,14,0.44,0
dl_3587,27,West_exit,27,18,0.8,0
dl_3587,30,West_exit,30,20,0.8,0
dl_3587,32,West_exit,30,20,0.8,0
dl_3587,2,East_exit,2,2,0.8,0
dl_3587,16,East_exit_short,16,11,0.44,0
dl_3587,26,West_exit_short,26,17,0.44,0
dl_3588,7,,,,,
dl_3588,29,West_exit,27,18,0.8,0
dl_3588,27,West_exit,27,18,0.8,0
dl_3588,17,West_exit,17,11,0.8,0
dl_3588,19,West_exit_short,19,12,0.44,0
dl_3588,22,West_exit_short,22,14,0.44,0
dl_3588,2,East_exit,2,2,0.8,0
dl_3588,16,East_exit_short,16,11,0.44,0
dl_3588,26,West_exit_short,26,17,0.44,0
dl_3588,32,West_exit,32,21,0.8,0
dl_3589,6,,,,,
dl_3589,17,West_exit,17,11,0.8,0
dl_3589,19,West_exit_short,19,12,0.44,0
dl_3589,22,West_exit_short,22,14,0.44,0
dl_3589,27,West_exit,27,18,0.8,0
dl_3589,29,West_exit,27,18,0.8,0
dl_3589,2,East_exit,2,2,0.8,0
dl_3589,16,East_exit_short,16,11,0.44,0
dl_3589,26,West_exit_short,26,17,0.44,0
dl_3590,7,,,,,
dl_3590,17,West_exit,17,11,0.8,0
dl_3590,29,West_exit,29,19,0.8,0
dl_3590,19,West_exit_short,19,12,0.44,0
dl_3590,22,West_exit_short,22,14,0.44,0
dl_3590,32,West_exit,31,20,0.8,0
dl_3590,31,West_exit,31,20,0.8,0
dl_3590,2,East_exit,2,2,0.8,0
dl_3590,16,East_exit_short,16,11,0.44,0
dl_3590,26,West_exit_short,26,17,0.44,0
dl_3591,7,,,,,
dl_3591,17,West_exit,17,11,0.8,0
dl_3591,29,West_exit,29,19,0.8,0
dl_3591,19,West_exit_short,19,12,0.44,0
dl_3591,22,West_exit_short,22,14,0.44,0
dl_3591,30,West_exit,30,20,0.8,0
dl_3591,32,West_exit,30,20,0.8,0
dl_3591,2,East_exit,2,2,0.8,0
dl_3591,16,East_exit_short,16,11,0.44,0
dl_3591,26,West_exit_short,26,17,0.44,0
dl_3592,7,,,,,
dl_3592,29,West_exit,29,19,0.8,0
dl_3592,17,West_exit,17,11,0.8,0
dl_3592,19,West_exit_short,19,12,0.44,0
dl_3592,22,West_exit_short,22,14,0.44,0
dl_3592,2,East_exit,2,2,0.8,0
dl_3592,16,East_exit_short,16,11,0.44,0
dl_3592,26,West_exit_short,26,17,0.44,0
dl_3592,32,West_exit,32,21,0.8,0
dl_3593,6,,,,,
dl_3593,17,West_exit,17,11,0.8,0
dl_3593,19,West_exit_short,19,12,0.44,0
dl_3593,22,West_exit_short,22,14,0.44,0
dl_3593,2,East_exit,2,2,0.8,0
dl_3593,16,East_exit_short,16,11,0.44,0
dl_3593,29,West_exit,29,19,0.8,0
dl_3593,26,West_exit_short,26,17,0.44,0
dl_3594,6,,,,,
dl_3594,22,West_exit_short,22,14,0.44,0
dl_3594,17,West_exit,17,11,0.8,0
dl_3594,19,West_exit_short,19,12,0.44,0
dl_3594,2,East_exit,2,2,0.8,0
dl_3594,16,East_exit_short,16,11,0.44,0
dl_3594,32,West_exit,31,20,0.8,0
dl_3594,31,West_exit,31,20,0.8,0
dl_3594,26,West_exit_short,26,17,0.44,0
dl_3595,6,,,,,
dl_3595,22,West_exit_short,22,14,0.44,0
dl_3595,17,West_exit,17,11,0.8,0
dl_3595,19,West_exit_short,19,12,0.44,0
dl_3595,2,East_exit,2,2,0.8,0
dl_3595,16,East_exit_short,16,11,0.44,0
dl_3595,30,West_exit,30,20,0.8,0
dl_3595,32,West_exit,30,20,0.8,0
dl_3595,26,West_exit_short,26,17,0.44,0
dl_3596,6,,,,,
dl_3596,22,West_exit_short,22,14,0.44,0
dl_3596,17,West_exit,17,11,0.8,0
dl_3596,19,West_exit_short,19,12,0.44,0
dl_3596,2,East_exit,2,2,0.8,0
dl_3596,16,East_exit_short,16,11,0.44,0
dl_3596,32,West_exit,32,21,0.8,0
dl_3596,26,West_exit_short,26,17,0.44,0
dl_3597,2,,,,,
dl_3597,17,West_exit,17,11,0.8,0
dl_3597,2,East_exit,2,2,0.8,0
dl_3597,16,East_exit_short,16,11,0.44,0
dl_3598,7,,,,,
dl_3598,29,West_exit,28,18,0.8,0
dl_3598,17,West_exit,17,11,0.8,0
dl_3598,28,West_exit,28,18,0.8,0
dl_3598,32,West_exit,31,20,0.8,0
dl_3598,31,West_exit,31,20,0.8,0
dl_3598,19,West_exit_short,19,12,0.44,0
dl_3598,22,West_exit_short,22,14,0.44,0
dl_3598,25,West_exit_short,25,16,0.44,0
dl_3598,15,East_exit_short,15,11,0.44,0
dl_3598,2,East_exit,2,2,0.8,0
dl_3599,7,,,,,
dl_3599,29,West_exit,28,18,0.8,0
dl_3599,17,West_exit,17,11,0.8,0
dl_3599,28,West_exit,28,18,0.8,0
dl_3599,30,West_exit,30,20,0.8,0
dl_3599,32,West_exit,30,20,0.8,0
dl_3599,19,West_exit_short,19,12,0.44,0
dl_3599,22,West_exit_short,22,14,0.44,0
dl_3599,25,West_exit_short,25,16,0.44,0
dl_3599,15,East_exit_short,15,11,0.44,0
dl_3599,2,East_exit,2,2,0.8,0
dl_3600,7,,,,,
dl_3600,29,West_exit,28,18,0.8,0
dl_3600,28,West_exit,28,18,0.8,0
dl_3600,17,West_exit,17,11,0.8,0
dl_3600,19,West_exit_short,19,12,0.44,0
dl_3600,22,West_exit_short,22,14,0.44,0
dl_3600,25,West_exit_short,25,16,0.44,0
dl_3600,15,East_exit_short,15,11,0.44,0
dl_3600,2,East_exit,2,2,0.8,0
dl_3600,32,West_exit,32,21,0.8,0
dl_3601,6,,,,,
dl_3601,25,West_exit_short,25,16,0.44,0
dl_3601,17,West_exit,17,11,0.8,0
dl_3601,29,West_exit,28,18,0.8,0
dl_3601,28,West_exit,28,18,0.8,0
dl_3601,22,West_exit_short,22,14,0.44,0
dl_3601,19,West_exit_short,19,12,0.44,0
dl_3601,15,East_exit_short,15,11,0.44,0
dl_3601,2,East_exit,2,2,0.8,0
dl_3602,7,,,,,
dl_3602,29,West_exit,27,18,0.8,0
dl_3602,17,West_exit,17,11,0.8,0
dl_3602,27,West_exit,27,18,0.8,0
dl_3602,32,West_exit,31,20,0.8,0
dl_3602,31,West_exit,31,20,0.8,0
dl_3602,19,West_exit_short,19,12,0.44,0
dl_3602,22,West_exit_short,22,14,0.44,0
dl_3602,25,West_exit_short,25,16,0.44,0
dl_3602,15,East_exit_short,15,11,0.44,0
dl_3602,2,East_exit,2,2,0.8,0
dl_3603,7,,,,,
dl_3603,29,West_exit,27,18,0.8,0
dl_3603,17,West_exit,17,11,0.8,0
dl_3603,27,West_exit,27,18,0.8,0
dl_3603,30,West_exit,30,20,0.8,0
dl_3603,32,West_exit,30,20,0.8,0
dl_3603,19,West_exit_short,19,12,0.44,0
dl_3603,22,West_exit_short,22,14,0.44,0
dl_3603,25,West_exit_short,25,16,0.44,0
dl_3603,15,East_exit_short,15,11,0.44,0
dl_3603,2,East_exit,2,2,0.8,0
dl_3604,7,,,,,
dl_3604,29,West_exit,27,18,0.8,0
dl_3604,27,West_exit,27,18,0.8,0
dl_3604,17,West_exit,17,11,0.8,0
dl_3604,19,West_exit_short,19,12,0.44,0
dl_3604,22,West_exit_short,22,14,0.44,0
dl_3604,25,West_exit_short,25,16,0.44,0
dl_3604,15,East_exit_short,15,11,0.44,0
dl_3604,2,East_exit,2,2,0.8,0
dl_3604,32,West_exit,32,21,0.8,0
dl_3605,6,,,,,
dl_3605,25,West_exit_short,25,16,0.44,0
dl_3605,17,West_exit,17,11,0.8,0
dl_3605,27,West_exit,27,18,0.8,0
dl_3605,29,West_exit,27,18,0.8,0
dl_3605,22,West_exit_short,22,14,0.44,0
dl_3605,19,West_exit_short,19,12,0.44,0
dl_3605,15,East_exit_short,15,11,0.44,0
dl_3605,2,East_exit,2,2,0.8,0
dl_3606,7,,,,,
dl_3606,17,West_exit,17,11,0.8,0
dl_3606,29,West_exit,29,19,0.8,0
dl_3606,32,West_exit,31,20,0.8,0
dl_3606,31,West_exit,31,20,0.8,0
dl_3606,19,West_exit_short,19,12,0.44,0
dl_3606,22,West_exit_short,22,14,0.44,0
dl_3606,25,West_exit_short,25,16,0.44,0
dl_3606,15,East_exit_short,15,11,0.44,0
dl_3606,2,East_exit,2,2,0.8,0
dl_3607,7,,,,,
dl_3607,17,West_exit,17,11,0.8,0
dl_3607,29,West_exit,29,19,0.8,0
dl_3607,30,West_exit,30,20,0.8,0
dl_3607,32,West_exit,30,20,0.8,0
dl_3607,19,West_exit_short,19,12,0.44,0
dl_3607,22,West_exit_short,22,14,0.44,0
dl_3607,25,West_exit_short,25,16,0.44,0
dl_3607,15,East_exit_short,15,11,0.44,0
dl_3607,2,East_exit,2,2,0.8,0
dl_3608,7,,,,,
dl_3608,29,West_exit,29,19,0.8,0
dl_3608,17,West_exit,17,11,0.8,0
dl_3608,19,West_exit_short,19,12,0.44,0
dl_3608,22,West_exit_short,22,14,0.44,0
dl_3608,25,West_exit_short,25,16,0.44,0
dl_3608,15,East_exit_short,15,11,0.44,0
dl_3608,2,East_exit,2,2,0.8,0
dl_3608,32,West_exit,32,21,0.8,0
dl_3609,6,,,,,
dl_3609,25,West_exit_short,25,16,0.44,0
dl_3609,17,West_exit,17,11,0.8,0
dl_3609,22,West_exit_short,22,14,0.44,0
dl_3609,19,West_exit_short,19,12,0.44,0
dl_3609,15,East_exit_short,15,11,0.44,0
dl_3609,2,East_exit,2,2,0.8,0
dl_3609,29,West_exit,29,19,0.8,0
dl_3610,6,,,,,
dl_3610,25,West_exit_short,25,16,0.44,0
dl_3610,17,West_exit,17,11,0.8,0
dl_3610,22,West_exit_short,22,14,0.44,0
dl_3610,19,West_exit_short,19,12,0.44,0
dl_3610,15,East_exit_short,15,11,0.44,0
dl_3610,2,East_exit,2,2,0.8,0
dl_3610,32,West_exit,31,20,0.8,0
dl_3610,31,West_exit,31,20,0.8,0
dl_3611,6,,,,,
dl_3611,25,West_exit_short,25,16,0.44,0
dl_3611,17,West_exit,17,11,0.8,0
dl_3611,22,West_exit_short,22,14,0.44,0
dl_3611,19,West_exit_short,19,12,0.44,0
dl_3611,15,East_exit_short,15,11,0.44,0
dl_3611,2,East_exit,2,2,0.8,0
dl_3611,30,West_exit,30,20,0.8,0
dl_3611,32,West_exit,30,20,0.8,0
dl_3612,6,,,,,
dl_3612,25,West_exit_short,25,16,0.44,0
dl_3612,17,West_exit,17,11,0.8,0
dl_3612,22,West_exit_short,22,14,0.44,0
dl_3612,19,West_exit_short,19,12,0.44,0
dl_3612,15,East_exit_short,15,11,0.44,0
dl_3612,2,East_exit,2,2,0.8,0
dl_3612,32,West_exit,32,21,0.8,0
dl_3613,7,,,,,
dl_3613,29,West_exit,28,18,0.8,0
dl_3613,17,West_exit,17,11,0.8,0
dl_3613,28,West_exit,28,18,0.8,0
dl_3613,32,West_exit,31,20,0.8,0
dl_3613,31,West_exit,31,20,0.8,0
dl_3613,19,West_exit_short,19,12,0.44,0
dl_3613,22,West_exit_short,22,14,0.44,0
dl_3613,24,West_exit_short,24,16,0.44,0
dl_3613,15,East_exit_short,15,11,0.44,0
dl_3613,2,East_exit,2,2,0.8,0
dl_3614,7,,,,,
dl_3614,29,West_exit,28,18,0.8,0
dl_3614,17,West_exit,17,11,0.8,0
dl_3614,28,West_exit,28,18,0.8,0
dl_3614,30,West_exit,30,20,0.8,0
dl_3614,32,West_exit,30,20,0.8,0
dl_3614,19,West_exit_short,19,12,0.44,0
dl_3614,22,West_exit_short,22,14,0.44,0
dl_3614,24,West_exit_short,24,16,0.44,0
dl_3614,15,East_exit_short,15,11,0.44,0
dl_3614,2,East_exit,2,2,0.8,0
dl_3615,7,,,,,
dl_3615,29,West_exit,28,18,0.8,0
dl_3615,28,West_exit,28,18,0.8,0
dl_3615,17,West_exit,17,11,0.8,0
dl_3615,19,West_exit_short,19,12,0.44,0
dl_3615,22,West_exit_short,22,14,0.44,0
dl_3615,24,West_exit_short,24,16,0.44,0
dl_3615,15,East_exit_short,15,11,0.44,0
dl_3615,2,East_exit,2,2,0.8,0
dl_3615,32,West_exit,32,21,0.8,0
dl_3616,6,,,,,
dl_3616,24,West_exit_short,24,16,0.44,0
dl_3616,17,West_exit,17,11,0.8,0
dl_3616,29,West_exit,28,18,0.8,0
dl_3616,28,West_exit,28,18,0.8,0
dl_3616,22,West_exit_short,22,14,0.44,0
dl_3616,19,West_exit_short,19,12,0.44,0
dl_3616,15,East_exit_short,15,11,0.44,0
dl_3616,2,East_exit,2,2,0.8,0
dl_3617,7,,,,,
dl_3617,29,West_exit,27,18,0.8,0
dl_3617,17,West_exit,17,11,0.8,0
dl_3617,27,West_exit,27,18,0.8,0
dl_3617,32,West_exit,31,20,0.8,0
dl_3617,31,West_exit,31,20,0.8,0
dl_3617,19,West_exit_short,19,12,0.44,0
dl_3617,22,West_exit_short,22,14,0.44,0
dl_3617,24,West_exit_short,24,16,0.44,0
dl_3617,15,East_exit_short,15,11,0.44,0
dl_3617,2,East_exit,2,2,0.8,0
dl_3618,7,,,,,
dl_3618,29,West_exit,27,18,0.8,0
dl_3618,17,West_exit,17,11,0.8,0
dl_3618,27,West_exit,27,18,0.8,0
dl_3618,30,West_exit,30,20,0.8,0
dl_3618,32,West_exit,30,20,0.8,0
dl_3618,19,West_exit_short,19,12,0.44,0
dl_3618,22,West_exit_short,22,14,0.44,0
dl_3618,24,West_exit_short,24,16,0.44,0
dl_3618,15,East_exit_short,15,11,0.44,0
dl_3618,2,East_exit,2,2,0.8,0
dl_3619,7,,,,,
dl_3619,29,West_exit,27,18,0.8,0
dl_3619,27,West_exit,27,18,0.8,0
dl_3619,17,West_exit,17,11,0.8,0
dl_3619,19,West_exit_short,19,12,0.44,0
dl_3619,22,West_exit_short,22,14,0.44,0
dl_3619,24,West_exit_short,24,16,0.44,0
dl_3619,15,East_exit_short,15,11,0.44,0
dl_3619,2,East_exit,2,2,0.8,0
dl_3619,32,West_exit,32,21,0.8,0
dl_3620,6,,,,,
dl_3620,24,West_exit_short,24,16,0.44,0
dl_3620,17,West_exit,17,11,0.8,0
dl_3620,27,West_exit,27,18,0.8,0
dl_3620,29,West_exit,27,18,0.8,0
dl_3620,22,West_exit_short,22,14,0.44,0
dl_3620,19,West_exit_short,19,12,0.44,0
dl_3620,15,East_exit_short,15,11,0.44,0
dl_3620,2,East_exit,2,2,0.8,0
dl_3621,7,,,,,
dl_3621,17,West_exit,17,11,0.8,0
dl_3621,29,West_exit,29,19,0.8,0
dl_3621,32,West_exit,31,20,0.8,0
dl_3621,31,West_exit,31,20,0.8,0
dl_3621,19,West_exit_short,19,12,0.44,0
dl_3621,22,West_exit_short,22,14,0.44,0
dl_3621,24,West_exit_short,24,16,0.44,0
dl_3621,15,East_exit_short,15,11,0.44,0
dl_3621,2,East_exit,2,2,0.8,0
dl_3622,7,,,,,
dl_3622,17,West_exit,17,11,0.8,0
dl_3622,29,West_exit,29,19,0.8,0
dl_3622,30,West_exit,30,20,0.8,0
dl_3622,32,West_exit,30,20,0.8,0
dl_3622,19,West_exit_short,19,12,0.44,0
dl_3622,22,West_exit_short,22,14,0.44,0
dl_3622,24,West_exit_short,24,16,0.44,0
dl_3622,15,East_exit_short,15,11,0.44,0
dl_3622,2,East_exit,2,2,0.8,0
dl_3623,7,,,,,
dl_3623,29,West_exit,29,19,0.8,0
dl_3623,17,West_exit,17,11,0.8,0
dl_3623,19,West_exit_short,19,12,0.44,0
dl_3623,22,West_exit_short,22,14,0.44,0
dl_3623,24,West_exit_short,24,16,0.44,0
dl_3623,15,East_exit_short,15,11,0.44,0
dl_3623,2,East_exit,2,2,0.8,0
dl_3623,32,West_exit,32,21,0.8,0
dl_3624,6,,,,,
dl_3624,24,West_exit_short,24,16,0.44,0
dl_3624,17,West_exit,17,11,0.8,0
dl_3624,22,West_exit_short,22,14,0.44,0
dl_3624,19,West_exit_short,19,12,0.44,0
dl_3624,15,East_exit_short,15,11,0.44,0
dl_3624,2,East_exit,2,2,0.8,0
dl_3624,29,West_exit,29,19,0.8,0
dl_3625,6,,,,,
dl_3625,24,West_exit_short,24,16,0.44,0
dl_3625,17,West_exit,17,11,0.8,0
dl_3625,22,West_exit_short,22,14,0.44,0
dl_3625,19,West_exit_short,19,12,0.44,0
dl_3625,15,East_exit_short,15,11,0.44,0
dl_3625,2,East_exit,2,2,0.8,0
dl_3625,32,West_exit,31,20,0.8,0
dl_3625,31,West_exit,31,20,0.8,0
dl_3626,6,,,,,
dl_3626,24,West_exit_short,24,16,0.44,0
dl_3626,17,West_exit,17,11,0.8,0
dl_3626,22,West_exit_short,22,14,0.44,0
dl_3626,19,West_exit_short,19,12,0.44,0
dl_3626,15,East_exit_short,15,11,0.44,0
dl_3626,2,East_exit,2,2,0.8,0
dl_3626,30,West_exit,30,20,0.8,0
dl_3626,32,West_exit,30,20,0.8,0
dl_3627,6,,,,,
dl_3627,24,West_exit_short,24,16,0.44,0
dl_3627,17,West_exit,17,11,0.8,0
dl_3627,22,West_exit_short,22,14,0.44,0
dl_3627,19,West_exit_short,19,12,0.44,0
dl_3627,15,East_exit_short,15,11,0.44,0
dl_3627,2,East_exit,2,2,0.8,0
dl_3627,32,West_exit,32,21,0.8,0
dl_3628,7,,,,,
dl_3628,17,West_exit,17,11,0.8,0
dl_3628,29,West_exit,28,18,0.8,0
dl_3628,28,West_exit,28,18,0.8,0
dl_3628,32,West_exit,31,20,0.8,0
dl_3628,31,West_exit,31,20,0.8,0
dl_3628,19,West_exit_short,19,12,0.44,0
dl_3628,22,West_exit_short,22,14,0.44,0
dl_3628,15,East_exit_short,15,11,0.44,0
dl_3628,2,East_exit,2,2,0.8,0
dl_3628,26,West_exit_short,26,17,0.44,0
dl_3629,7,,,,,
dl_3629,17,West_exit,17,11,0.8,0
dl_3629,29,West_exit,28,18,0.8,0
dl_3629,28,West_exit,28,18,0.8,0
dl_3629,30,West_exit,30,20,0.8,0
dl_3629,32,West_exit,30,20,0.8,0
dl_3629,19,West_exit_short,19,12,0.44,0
dl_3629,22,West_exit_short,22,14,0.44,0
dl_3629,15,East_exit_short,15,11,0.44,0
dl_3629,2,East_exit,2,2,0.8,0
dl_3629,26,West_exit_short,26,17,0.44,0
dl_3630,7,,,,,
dl_3630,29,West_exit,28,18,0.8,0
dl_3630,28,West_exit,28,18,0.8,0
dl_3630,17,West_exit,17,11,0.8,0
dl_3630,19,West_exit_short,19,12,0.44,0
dl_3630,22,West_exit_short,22,14,0.44,0
dl_3630,15,East_exit_short,15,11,0.44,0
dl_3630,2,East_exit,2,2,0.8,0
dl_3630,26,West_exit_short,26,17,0.44,0
dl_3630,32,West_exit,32,21,0.8,0
dl_3631,6,,,,,
dl_3631,22,West_exit_short,22,14,0.44,0
dl_3631,17,West_exit,17,11,0.8,0
dl_3631,29,West_exit,28,18,0.8,0
dl_3631,28,West_exit,28,18,0.8,0
dl_3631,19,West_exit_short,19,12,0.44,0
dl_3631,15,East_exit_short,15,11,0.44,0
dl_3631,2,East_exit,2,2,0.8,0
dl_3631,26,West_exit_short,26,17,0.44,0
dl_3632,7,,,,,
dl_3632,17,West_exit,17,11,0.8,0
dl_3632,27,West_exit,27,18,0.8,0
dl_3632,29,West_exit,27,18,0.8,0
dl_3632,32,West_exit,31,20,0.8,0
dl_3632,31,West_exit,31,20,0.8,0
dl_3632,19,West_exit_short,19,12,0.44,0
dl_3632,22,West_exit_short,22,14,0.44,0
dl_3632,15,East_exit_short,15,11,0.44,0
dl_3632,2,East_exit,2,2,0.8,0
dl_3632,26,West_exit_short,26,17,0.44,0
dl_3633,7,,,,,
dl_3633,17,West_exit,17,11,0.8,0
dl_3633,27,West_exit,27,18,0.8,0
dl_3633,29,West_exit,27,18,0.8,0
dl_3633,30,West_exit,30,20,0.8,0
dl_3633,32,West_exit,30,20,0.8,0
dl_3633,19,West_exit_short,19,12,0.44,0
dl_3633,22,West_exit_short,22,14,0.44,0
dl_3633,15,East_exit_short,15,11,0.44,0
dl_3633,2,East_exit,2,2,0.8,0
dl_3633,26,West_exit_short,26,17,0.44,0
dl_3634,7,,,,,
dl_3634,29,West_exit,27,18,0.8,0
dl_3634,27,West_exit,27,18,0.8,0
dl_3634,17,West_exit,17,11,0.8,0
dl_3634,19,West_exit_short,19,12,0.44,0
dl_3634,22,West_exit_short,22,14,0.44,0
dl_3634,15,East_exit_short,15,11,0.44,0
dl_3634,2,East_exit,2,2,0.8,0
dl_3634,26,West_exit_short,26,17,0.44,0
dl_3634,32,West_exit,32,21,0.8,0
dl_3635,6,,,,,
dl_3635,22,West_exit_short,22,14,0.44,0
dl_3635,17,West_exit,17,11,0.8,0
dl_3635,27,West_exit,27,18,0.8,0
dl_3635,29,West_exit,27,18,0.8,0
dl_3635,19,West_exit_short,19,12,0.44,0
dl_3635,15,East_exit_short,15,11,0.44,0
dl_3635,2,East_exit,2,2,0.8,0
dl_3635,26,West_exit_short,26,17,0.44,0
dl_3636,7,,,,,
dl_3636,17,West_exit,17,11,0.8,0
dl_3636,29,West_exit,29,19,0.8,0
dl_3636,32,West_exit,31,20,0.8,0
dl_3636,31,West_exit,31,20,0.8,0
dl_3636,19,West_exit_short,19,12,0.44,0
dl_3636,22,West_exit_short,22,14,0.44,0
dl_3636,15,East_exit_short,15,11,0.44,0
dl_3636,2,East_exit,2,2,0.8,0
dl_3636,26,West_exit_short,26,17,0.44,0
dl_3637,7,,,,,
dl_3637,17,West_exit,17,11,0.8,0
dl_3637,29,West_exit,29,19,0.8,0
dl_3637,30,West_exit,30,20,0.8,0
dl_3637,32,West_exit,30,20,0.8,0
dl_3637,19,West_exit_short,19,12,0.44,0
dl_3637,22,West_exit_short,22,14,0.44,0
dl_3637,15,East_exit_short,15,11,0.44,0
dl_3637,2,East_exit,2,2,0.8,0
dl_3637,26,West_exit_short,26,17,0.44,0
dl_3638,7,,,,,
dl_3638,29,West_exit,29,19,0.8,0
dl_3638,17,West_exit,17,11,0.8,0
dl_3638,19,West_exit_short,19,12,0.44,0
dl_3638,22,West_exit_short,22,14,0.44,0
dl_3638,15,East_exit_short,15,11,0.44,0
dl_3638,2,East_exit,2,2,0.8,0
dl_3638,26,West_exit_short,26,17,0.44,0
dl_3638,32,West_exit,32,21,0.8,0
dl_3639,6,,,,,
dl_3639,22,West_exit_short,22,14,0.44,0
dl_3639,17,West_exit,17,11,0.8,0
dl_3639,19,West_exit_short,19,12,0.44,0
dl_3639,15,East_exit_short,15,11,0.44,0
dl_3639,2,East_exit,2,2,0.8,0
dl_3639,29,West_exit,29,19,0.8,0
dl_3639,26,West_exit_short,26,17,0.44,0
dl_3640,6,,,,,
dl_3640,22,West_exit_short,22,14,0.44,0
dl_3640,17,West_exit,17,11,0.8,0
dl_3640,19,West_exit_short,19,12,0.44,0
dl_3640,15,East_exit_short,15,11,0.44,0
dl_3640,2,East_exit,2,2,0.8,0
dl_3640,32,West_exit,31,20,0.8,0
dl_3640,31,West_exit,31,20,0.8,0
dl_3640,26,West_exit_short,26,17,0.44,0
dl_3641,6,,,,,
dl_3641,22,West_exit_short,22,14,0.44,0
dl_3641,17,West_exit,17,11,0.8,0
dl_3641,19,West_exit_short,19,12,0.44,0
dl_3641,15,East_exit_short,15,11,0.44,0
dl_3641,2,East_exit,2,2,0.8,0
dl_3641,30,West_exit,30,20,0.8,0
dl_3641,32,West_exit,30,20,0.8,0
dl_3641,26,West_exit_short,26,17,0.44,0
dl_3642,6,,,,,
dl_3642,22,West_exit_short,22,14,0.44,0
dl_3642,17,West_exit,17,11,0.8,0
dl_3642,19,West_exit_short,19,12,0.44,0
dl_3642,15,East_exit_short,15,11,0.44,0
dl_3642,2,East_exit,2,2,0.8,0
dl_3642,32,West_exit,32,21,0.8,0
dl_3642,26,West_exit_short,26,17,0.44,0
dl_3643,2,,,,,
dl_3643,17,West_exit,17,11,0.8,0
dl_3643,15,East_exit_short,15,11,0.44,0
dl_3643,2,East_exit,2,2,0.8,0
dl_3644,7,,,,,
dl_3644,17,West_exit,17,11,0.8,0
dl_3644,29,West_exit,28,18,0.8,0
dl_3644,28,West_exit,28,18,0.8,0
dl_3644,32,West_exit,31,20,0.8,0
dl_3644,31,West_exit,31,20,0.8,0
dl_3644,19,West_exit_short,19,12,0.44,0
dl_3644,22,West_exit_short,22,14,0.44,0
dl_3644,25,West_exit_short,25,16,0.44,0
dl_3644,2,East_exit,2,2,0.8,0
dl_3644,14,East_exit_short,14,10,0.44,0
dl_3645,7,,,,,
dl_3645,17,West_exit,17,11,0.8,0
dl_3645,29,West_exit,28,18,0.8,0
dl_3645,28,West_exit,28,18,0.8,0
dl_3645,30,West_exit,30,20,0.8,0
dl_3645,32,West_exit,30,20,0.8,0
dl_3645,19,West_exit_short,19,12,0.44,0
dl_3645,22,West_exit_short,22,14,0.44,0
dl_3645,25,West_exit_short,25,16,0.44,0
dl_3645,2,East_exit,2,2,0.8,0
dl_3645,14,East_exit_short,14,10,0.44,0
dl_3646,7,,,,,
dl_3646,29,West_exit,28,18,0.8,0
dl_3646,28,West_exit,28,18,0.8,0
dl_3646,17,West_exit,17,11,0.8,0
dl_3646,19,West_exit_short,19,12,0.44,0
dl_3646,22,West_exit_short,22,14,0.44,0
dl_3646,25,West_exit_short,25,16,0.44,0
dl_3646,2,East_exit,2,2,0.8,0
dl_3646,14,East_exit_short,14,10,0.44,0
dl_3646,32,West_exit,32,21,0.8,0
dl_3647,6,,,,,
dl_3647,17,West_exit,17,11,0.8,0
dl_3647,29,West_exit,28,18,0.8,0
dl_3647,28,West_exit,28,18,0.8,0
dl_3647,25,West_exit_short,25,16,0.44,0
dl_3647,22,West_exit_short,22,14,0.44,0
dl_3647,19,West_exit_short,19,12,0.44,0
dl_3647,2,East_exit,2,2,0.8,0
dl_3647,14,East_exit_short,14,10,0.44,0
dl_3648,7,,,,,
dl_3648,17,West_exit,17,11,0.8,0
dl_3648,27,West_exit,27,18,0.8,0
dl_3648,29,West_exit,27,18,0.8,0
dl_3648,32,West_exit,31,20,0.8,0
dl_3648,31,West_exit,31,20,0.8,0
dl_3648,19,West_exit_short,19,12,0.44,0
dl_3648,22,West_exit_short,22,14,0.44,0
dl_3648,25,West_exit_short,25,16,0.44,0
dl_3648,2,East_exit,2,2,0.8,0
dl_3648,14,East_exit_short,14,10,0.44,0
dl_3649,7,,,,,
dl_3649,17,West_exit,17,11,0.8,0
dl_3649,27,West_exit,27,18,0.8,0
dl_3649,29,West_exit,27,18,0.8,0
dl_3649,30,West_exit,30,20,0.8,0
dl_3649,32,West_exit,30,20,0.8,0
dl_3649,19,West_exit_short,19,12,0.44,0
dl_3649,22,West_exit_short,22,14,0.44,0
dl_3649,25,West_exit_short,25,16,0.44,0
dl_3649,2,East_exit,2,2,0.8,0
dl_3649,14,East_exit_short,14,10,0.44,0
dl_3650,7,,,,,
dl_3650,29,West_exit,27,18,0.8,0
dl_3650,27,West_exit,27,18,0.8,0
dl_3650,17,West_exit,17,11,0.8,0
dl_3650,19,West_exit_short,19,12,0.44,0
dl_3650,22,West_exit_short,22,14,0.44,0
dl_3650,25,West_exit_short,25,16,0.44,0
dl_3650,2,East_exit,2,2,0.8,0
dl_3650,14,East_exit_short,14,10,0.44,0
dl_3650,32,West_exit,32,21,0.8,0
dl_3651,6,,,,,
dl_3651,17,West_exit,17,11,0.8,0
dl_3651,27,West_exit,27,18,0.8,0
dl_3651,29,West_exit,27,18,0.8,0
dl_3651,25,West_exit_short,25,16,0.44,0
dl_3651,22,West_exit_short,22,14,0.44,0
dl_3651,19,West_exit_short,19,12,0.44,0
dl_3651,2,East_exit,2,2,0.8,0
dl_3651,14,East_exit_short,14,10,0.44,0
dl_3652,7,,,,,
dl_3652,17,West_exit,17,11,0.8,0
dl_3652,29,West_exit,29,19,0.8,0
dl_3652,32,West_exit,31,20,0.8,0
dl_3652,31,West_exit,31,20,0.8,0
dl_3652,19,West_exit_short,19,12,0.44,0
dl_3652,22,West_exit_short,22,14,0.44,0
dl_3652,25,West_exit_short,25,16,0.44,0
dl_3652,2,East_exit,2,2,0.8,0
dl_3652,14,East_exit_short,14,10,0.44,0
dl_3653,7,,,,,
dl_3653,17,West_exit,17,11,0.8,0
dl_3653,29,West_exit,29,19,0.8,0
dl_3653,30,West_exit,30,20,0.8,0
dl_3653,32,West_exit,30,20,0.8,0
dl_3653,19,West_exit_short,19,12,0.44,0
dl_3653,22,West_exit_short,22,14,0.44,0
dl_3653,25,West_exit_short,25,16,0.44,0
dl_3653,2,East_exit,2,2,0.8,0
dl_3653,14,East_exit_short,14,10,0.44,0
dl_3654,7,,,,,
dl_3654,29,West_exit,29,19,0.8,0
dl_3654,17,West_exit,17,11,0.8,0
dl_3654,19,West_exit_short,19,12,0.44,0
dl_3654,22,West_exit_short,22,14,0.44,0
dl_3654,25,West_exit_short,25,16,0.44,0
dl_3654,2,East_exit,2,2,0.8,0
dl_3654,14,East_exit_short,14,10,0.44,0
dl_3654,32,West_exit,32,21,0.8,0
dl_3655,6,,,,,
dl_3655,25,West_exit_short,25,16,0.44,0
dl_3655,17,West_exit,17,11,0.8,0
dl_3655,22,West_exit_short,22,14,0.44,0
dl_3655,19,West_exit_short,19,12,0.44,0
dl_3655,2,East_exit,2,2,0.8,0
dl_3655,14,East_exit_short,14,10,0.44,0
dl_3655,29,West_exit,29,19,0.8,0
dl_3656,6,,,,,
dl_3656,25,West_exit_short,25,16,0.44,0
dl_3656,17,West_exit,17,11,0.8,0
dl_3656,22,West_exit_short,22,14,0.44,0
dl_3656,19,West_exit_short,19,12,0.44,0
dl_3656,2,East_exit,2,2,0.8,0
dl_3656,14,East_exit_short,14,10,0.44,0
dl_3656,32,West_exit,31,20,0.8,0
dl_3656,31,West_exit,31,20,0.8,0
dl_3657,6,,,,,
dl_3657,25,West_exit_short,25,16,0.44,0
dl_3657,17,West_exit,17,11,0.8,0
dl_3657,22,West_exit_short,22,14,0.44,0
dl_3657,19,West_exit_short,19,12,0.44,0
dl_3657,2,East_exit,2,2,0.8,0
dl_3657,14,East_exit_short,14,10,0.44,0
dl_3657,30,West_exit,30,20,0.8,0
dl_3657,32,West_exit,30,20,0.8,0
dl_3658,6,,,,,
dl_3658,25,West_exit_short,25,16,0.44,0
dl_3658,17,West_exit,17,11,0.8,0
dl_3658,22,West_exit_short,22,14,0.44,0
dl_3658,19,West_exit_short,19,12,0.44,0
dl_3658,2,East_exit,2,2,0.8,0
dl_3658,14,East_exit_short,14,10,0.44,0
dl_3658,32,West_exit,32,21,0.8,0
dl_3659,7,,,,,
dl_3659,17,West_exit,17,11,0.8,0
dl_3659,29,West_exit,28,18,0.8,0
dl_3659,28,West_exit,28,18,0.8,0
dl_3659,32,West_exit,31,20,0.8,0
dl_3659,31,West_exit,31,20,0.8,0
dl_3659,19,West_exit_short,19,12,0.44,0
dl_3659,22,West_exit_short,22,14,0.44,0
dl_3659,24,West_exit_short,24,16,0.44,0
dl_3659,2,East_exit,2,2,0.8,0
dl_3659,14,East_exit_short,14,10,0.44,0
dl_3660,7,,,,,
dl_3660,17,West_exit,17,11,0.8,0
dl_3660,29,West_exit,28,18,0.8,0
dl_3660,28,West_exit,28,18,0.8,0
dl_3660,30,West_exit,30,20,0.8,0
dl_3660,32,West_exit,30,20,0.8,0
dl_3660,19,West_exit_short,19,12,0.44,0
dl_3660,22,West_exit_short,22,14,0.44,0
dl_3660,24,West_exit_short,24,16,0.44,0
dl_3660,2,East_exit,2,2,0.8,0
dl_3660,14,East_exit_short,14,10,0.44,0
dl_3661,7,,,,,
dl_3661,29,West_exit,28,18,0.8,0
dl_3661,28,West_exit,28,18,0.8,0
dl_3661,17,West_exit,17,11,0.8,0
dl_3661,19,West_exit_short,19,12,0.44,0
dl_3661,22,West_exit_short,22,14,0.44,0
dl_3661,24,West_exit_short,24,16,0.44,0
dl_3661,2,East_exit,2,2,0.8,0
dl_3661,14,East_exit_short,14,10,0.44,0
dl_3661,32,West_exit,32,21,0.8,0
dl_3662,6,,,,,
dl_3662,17,West_exit,17,11,0.8,0
dl_3662,29,West_exit,28,18,0.8,0
dl_3662,28,West_exit,28,18,0.8,0
dl_3662,24,West_exit_short,24,16,0.44,0
dl_3662,22,West_exit_short,22,14,0.44,0
dl_3662,19,West_exit_short,19,12,0.44,0
dl_3662,2,East_exit,2,2,0.8,0
dl_3662,14,East_exit_short,14,10,0.44,0
dl_3663,7,,,,,
dl_3663,17,West_exit,17,11,0.8,0
dl_3663,27,West_exit,27,18,0.8,0
dl_3663,29,West_exit,27,18,0.8,0
dl_3663,32,West_exit,31,20,0.8,0
dl_3663,31,West_exit,31,20,0.8,0
dl_3663,19,West_exit_short,19,12,0.44,0
dl_3663,22,West_exit_short,22,14,0.44,0
dl_3663,24,West_exit_short,24,16,0.44,0
dl_3663,2,East_exit,2,2,0.8,0
dl_3663,14,East_exit_short,14,10,0.44,0
dl_3664,7,,,,,
dl_3664,17,West_exit,17,11,0.8,0
dl_3664,27,West_exit,27,18,0.8,0
dl_3664,29,West_exit,27,18,0.8,0
dl_3664,30,West_exit,30,20,0.8,0
dl_3664,32,West_exit,30,20,0.8,0
dl_3664,19,West_exit_short,19,12,0.44,0
dl_3664,22,West_exit_short,22,14,0.44,0
dl_3664,24,West_exit_short,24,16,0.44,0
dl_3664,2,East_exit,2,2,0.8,0
dl_3664,14,East_exit_short,14,10,0.44,0
dl_3665,7,,,,,
dl_3665,29,West_exit,27,18,0.8,0
dl_3665,27,West_exit,27,18,0.8,0
dl_3665,17,West_exit,17,11,0.8,0
dl_3665,19,West_exit_short,19,12,0.44,0
dl_3665,22,West_exit_short,22,14,0.44,0
dl_3665,24,West_exit_short,24,16,0.44,0
dl_3665,2,East_exit,2,2,0.8,0
dl_3665,14,East_exit_short,14,10,0.44,0
dl_3665,32,West_exit,32,21,0.8,0
dl_3666,6,,,,,
dl_3666,17,West_exit,17,11,0.8,0
dl_3666,27,West_exit,27,18,0.8,0
dl_3666,29,West_exit,27,18,0.8,0
dl_3666,24,West_exit_short,24,16,0.44,0
dl_3666,22,West_exit_short,22,14,0.44,0
dl_3666,19,West_exit_short,19,12,0.44,0
dl_3666,2,East_exit,2,2,0.8,0
dl_3666,14,East_exit_short,14,10,0.44,0
dl_3667,7,,,,,
dl_3667,17,West_exit,17,11,0.8,0
dl_3667,29,West_exit,29,19,0.8,0
dl_3667,32,West_exit,31,20,0.8,0
dl_3667,31,West_exit,31,20,0.8,0
dl_3667,19,West_exit_short,19,12,0.44,0
dl_3667,22,West_exit_short,22,14,0.44,0
dl_3667,24,West_exit_short,24,16,0.44,0
dl_3667,2,East_exit,2,2,0.8,0
dl_3667,14,East_exit_short,14,10,0.44,0
dl_3668,7,,,,,
dl_3668,17,West_exit,17,11,0.8,0
dl_3668,29,West_exit,29,19,0.8,0
dl_3668,30,West_exit,30,20,0.8,0
dl_3668,32,West_exit,30,20,0.8,0
dl_3668,19,West_exit_short,19,12,0.44,0
dl_3668,22,West_exit_short,22,14,0.44,0
dl_3668,24,West_exit_short,24,16,0.44,0
dl_3668,2,East_exit,2,2,0.8,0
dl_3668,14,East_exit_short,14,10,0.44,0
dl_3669,7,,,,,
dl_3669,29,West_exit,29,19,0.8,0
dl_3669,17,West_exit,17,11,0.8,0
dl_3669,19,West_exit_short,19,12,0.44,0
dl_3669,22,West_exit_short,22,14,0.44,0
dl_3669,24,West_exit_short,24,16,0.44,0
dl_3669,2,East_exit,2,2,0.8,0
dl_3669,14,East_exit_short,14,10,0.44,0
dl_3669,32,West_exit,32,21,0.8,0
dl_3670,6,,,,,
dl_3670,24,West_exit_short,24,16,0.44,0
dl_3670,17,West_exit,17,11,0.8,0
dl_3670,22,West_exit_short,22,14,0.44,0
dl_3670,19,West_exit_short,19,12,0.44,0
dl_3670,2,East_exit,2,2,0.8,0
dl_3670,14,East_exit_short,14,10,0.44,0
dl_3670,29,West_exit,29,19,0.8,0
dl_3671,6,,,,,
dl_3671,24,West_exit_short,24,16,0.44,0
dl_3671,17,West_exit,17,11,0.8,0
dl_3671,22,West_exit_short,22,14,0.44,0
dl_3671,19,West_exit_short,19,12,0.44,0
dl_3671,2,East_exit,2,2,0.8,0
dl_3671,14,East_exit_short,14,10,0.44,0
dl_3671,32,West_exit,31,20,0.8,0
dl_3671,31,West_exit,31,20,0.8,0
dl_3672,6,,,,,
dl_3672,24,West_exit_short,24,16,0.44,0
dl_3672,17,West_exit,17,11,0.8,0
dl_3672,22,West_exit_short,22,14,0.44,0
dl_3672,19,West_exit_short,19,12,0.44,0
dl_3672,2,East_exit,2,2,0.8,0
dl_3672,14,East_exit_short,14,10,0.44,0
dl_3672,30,West_exit,30,20,0.8,0
dl_3672,32,West_exit,30,20,0.8,0
dl_3673,6,,,,,
dl_3673,24,West_exit_short,24,16,0.44,0
dl_3673,17,West_exit,17,11,0.8,0
dl_3673,22,West_exit_short,22,14,0.44,0
dl_3673,19,West_exit_short,19,12,0.44,0
dl_3673,2,East_exit,2,2,0.8,0
dl_3673,14,East_exit_short,14,10,0.44,0
dl_3673,32,West_exit,32,21,0.8,0
dl_3674,7,,,,,
dl_3674,17,West_exit,17,11,0.8,0
dl_3674,29,West_exit,28,18,0.8,0
dl_3674,28,West_exit,28,18,0.8,0
dl_3674,32,West_exit,31,20,0.8,0
dl_3674,31,West_exit,31,20,0.8,0
dl_3674,19,West_exit_short,19,12,0.44,0
dl_3674,22,West_exit_short,22,14,0.44,0
dl_3674,2,East_exit,2,2,0.8,0
dl_3674,14,East_exit_short,14,10,0.44,0
dl_3674,26,West_exit_short,26,17,0.44,0
dl_3675,7,,,,,
dl_3675,17,West_exit,17,11,0.8,0
dl_3675,29,West_exit,28,18,0.8,0
dl_3675,28,West_exit,28,18,0.8,0
dl_3675,30,West_exit,30,20,0.8,0
dl_3675,32,West_exit,30,20,0.8,0
dl_3675,19,West_exit_short,19,12,0.44,0
dl_3675,22,West_exit_short,22,14,0.44,0
dl_3675,2,East_exit,2,2,0.8,0
dl_3675,14,East_exit_short,14,10,0.44,0
dl_3675,26,West_exit_short,26,17,0.44,0
dl_3676,7,,,,,
dl_3676,29,West_exit,28,18,0.8,0
dl_3676,28,West_exit,28,18,0.8,0
dl_3676,17,West_exit,17,11,0.8,0
dl_3676,19,West_exit_short,19,12,0.44,0
dl_3676,22,West_exit_short,22,14,0.44,0
dl_3676,2,East_exit,2,2,0.8,0
dl_3676,14,East_exit_short,14,10,0.44,0
dl_3676,26,West_exit_short,26,17,0.44,0
dl_3676,32,West_exit,32,21,0.8,0
dl_3677,6,,,,,
dl_3677,17,West_exit,17,11,0.8,0
dl_3677,29,West_exit,28,18,0.8,0
dl_3677,28,West_exit,28,18,0.8,0
dl_3677,22,West_exit_short,22,14,0.44,0
dl_3677,19,West_exit_short,19,12,0.44,0
dl_3677,2,East_exit,2,2,0.8,0
dl_3677,14,East_exit_short,14,10,0.44,0
dl_3677,26,West_exit_short,26,17,0.44,0
dl_3678,7,,,,,
dl_3678,17,West_exit,17,11,0.8,0
dl_3678,27,West_exit,27,18,0.8,0
dl_3678,29,West_exit,27,18,0.8,0
dl_3678,32,West_exit,31,20,0.8,0
dl_3678,31,West_exit,31,20,0.8,0
dl_3678,19,West_exit_short,19,12,0.44,0
dl_3678,22,West_exit_short,22,14,0.44,0
dl_3678,2,East_exit,2,2,0.8,0
dl_3678,14,East_exit_short,14,10,0.44,0
dl_3678,26,West_exit_short,26,17,0.44,0
dl_3679,7,,,,,
dl_3679,17,West_exit,17,11,0.8,0
dl_3679,27,West_exit,27,18,0.8,0
dl_3679,29,West_exit,27,18,0.8,0
dl_3679,30,West_exit,30,20,0.8,0
dl_3679,32,West_exit,30,20,0.8,0
dl_3679,19,West_exit_short,19,12,0.44,0
dl_3679,22,West_exit_short,22,14,0.44,0
dl_3679,2,East_exit,2,2,0.8,0
dl_3679,14,East_exit_short,14,10,0.44,0
dl_3679,26,West_exit_short,26,17,0.44,0
dl_3680,7,,,,,
dl_3680,29,West_exit,27,18,0.8,0
dl_3680,27,West_exit,27,18,0.8,0
dl_3680,17,West_exit,17,11,0.8,0
dl_3680,19,West_exit_short,19,12,0.44,0
dl_3680,22,West_exit_short,22,14,0.44,0
dl_3680,2,East_exit,2,2,0.8,0
dl_3680,14,East_exit_short,14,10,0.44,0
dl_3680,26,West_exit_short,26,17,0.44,0
dl_3680,32,West_exit,32,21,0.8,0
dl_3681,6,,,,,
dl_3681,17,West_exit,17,11,0.8,0
dl_3681,27,West_exit,27,18,0.8,0
dl_3681,29,West_exit,27,18,0.8,0
dl_3681,22,West_exit_short,22,14,0.44,0
dl_3681,19,West_exit_short,19,12,0.44,0
dl_3681,2,East_exit,2,2,0.8,0
dl_3681,14,East_exit_short,14,10,0.44,0
dl_3681,26,West_exit_short,26,17,0.44,0
dl_3682,7,,,,,
dl_3682,17,West_exit,17,11,0.8,0
dl_3682,29,West_exit,29,19,0.8,0
dl_3682,32,West_exit,31,20,0.8,0
dl_3682,31,West_exit,31,20,0.8,0
dl_3682,19,West_exit_short,19,12,0.44,0
dl_3682,22,West_exit_short,22,14,0.44,0
dl_3682,2,East_exit,2,2,0.8,0
dl_3682,14,East_exit_short,14,10,0.44,0
dl_3682,26,West_exit_short,26,17,0.44,0
dl_3683,7,,,,,
dl_3683,17,West_exit,17,11,0.8,0
dl_3683,29,West_exit,29,19,0.8,0
dl_3683,30,West_exit,30,20,0.8,0
dl_3683,32,West_exit,30,20,0.8,0
dl_3683,19,West_exit_short,19,12,0.44,0
dl_3683,22,West_exit_short,22,14,0.44,0
dl_3683,2,East_exit,2,2,0.8,0
dl_3683,14,East_exit_short,14,10,0.44,0
dl_3683,26,West_exit_short,26,17,0.44,0
dl_3684,7,,,,,
dl_3684,29,West_exit,29,19,0.8,0
dl_3684,17,West_exit,17,11,0.8,0
dl_3684,19,West_exit_short,19,12,0.44,0
dl_3684,22,West_exit_short,22,14,0.44,0
dl_3684,2,East_exit,2,2,0.8,0
dl_3684,14,East_exit_short,14,10,0.44,0
dl_3684,26,West_exit_short,26,17,0.44,0
dl_3684,32,West_exit,32,21,0.8,0
dl_3685,6,,,,,
dl_3685,22,West_exit_short,22,14,0.44,0
dl_3685,17,West_exit,17,11,0.8,0
dl_3685,19,West_exit_short,19,12,0.44,0
dl_3685,2,East_exit,2,2,0.8,0
dl_3685,14,East_exit_short,14,10,0.44,0
dl_3685,29,West_exit,29,19,0.8,0
dl_3685,26,West_exit_short,26,17,0.44,0
dl_3686,6,,,,,
dl_3686,22,West_exit_short,22,14,0.44,0
dl_3686,17,West_exit,17,11,0.8,0
dl_3686,19,West_exit_short,19,12,0.44,0
dl_3686,2,East_exit,2,2,0.8,0
dl_3686,14,East_exit_short,14,10,0.44,0
dl_3686,32,West_exit,31,20,0.8,0
dl_3686,31,West_exit,31,20,0.8,0
dl_3686,26,West_exit_short,26,17,0.44,0
dl_3687,6,,,,,
dl_3687,22,West_exit_short,22,14,0.44,0
dl_3687,17,West_exit,17,11,0.8,0
dl_3687,19,West_exit_short,19,12,0.44,0
dl_3687,2,East_exit,2,2,0.8,0
dl_3687,14,East_exit_short,14,10,0.44,0
dl_3687,30,West_exit,30,20,0.8,0
dl_3687,32,West_exit,30,20,0.8,0
dl_3687,26,West_exit_short,26,17,0.44,0
dl_3688,6,,,,,
dl_3688,22,West_exit_short,22,14,0.44,0
dl_3688,17,West_exit,17,11,0.8,0
dl_3688,19,West_exit_short,19,12,0.44,0
dl_3688,2,East_exit,2,2,0.8,0
dl_3688,14,East_exit_short,14,10,0.44,0
dl_3688,32,West_exit,32,21,0.8,0
dl_3688,26,West_exit_short,26,17,0.44,0
dl_3689,2,,,,,
dl_3689,17,West_exit,17,11,0.8,0
dl_3689,2,East_exit,2,2,0.8,0
dl_3689,14,East_exit_short,14,10,0.44,0
dl_3690,6,,,,,
dl_3690,29,West_exit,28,18,0.8,0
dl_3690,17,West_exit,17,11,0.8,0
dl_3690,19,West_exit_short,19,12,0.44,0
dl_3690,22,West_exit_short,22,14,0.44,0
dl_3690,25,West_exit_short,25,16,0.44,0
dl_3690,28,West_exit,28,18,0.8,0
dl_3690,32,West_exit,31,20,0.8,0
dl_3690,31,West_exit,31,20,0.8,0
dl_3690,2,East_exit,2,2,0.8,0
dl_3691,6,,,,,
dl_3691,29,West_exit,28,18,0.8,0
dl_3691,17,West_exit,17,11,0.8,0
dl_3691,19,West_exit_short,19,12,0.44,0
dl_3691,22,West_exit_short,22,14,0.44,0
dl_3691,25,West_exit_short,25,16,0.44,0
dl_3691,28,West_exit,28,18,0.8,0
dl_3691,30,West_exit,30,20,0.8,0
dl_3691,32,West_exit,30,20,0.8,0
dl_3691,2,East_exit,2,2,0.8,0
dl_3692,6,,,,,
dl_3692,29,West_exit,28,18,0.8,0
dl_3692,28,West_exit,28,18,0.8,0
dl_3692,17,West_exit,17,11,0.8,0
dl_3692,19,West_exit_short,19,12,0.44,0
dl_3692,22,West_exit_short,22,14,0.44,0
dl_3692,25,West_exit_short,25,16,0.44,0
dl_3692,2,East_exit,2,2,0.8,0
dl_3692,32,West_exit,32,21,0.8,0
dl_3693,5,,,,,
dl_3693,17,West_exit,17,11,0.8,0
dl_3693,19,West_exit_short,19,12,0.44,0
dl_3693,22,West_exit_short,22,14,0.44,0
dl_3693,25,West_exit_short,25,16,0.44,0
dl_3693,29,West_exit,28,18,0.8,0
dl_3693,28,West_exit,28,18,0.8,0
dl_3693,2,East_exit,2,2,0.8,0
dl_3694,6,,,,,
dl_3694,29,West_exit,27,18,0.8,0
dl_3694,17,West_exit,17,11,0.8,0
dl_3694,19,West_exit_short,19,12,0.44,0
dl_3694,22,West_exit_short,22,14,0.44,0
dl_3694,25,West_exit_short,25,16,0.44,0
dl_3694,27,West_exit,27,18,0.8,0
dl_3694,32,West_exit,31,20,0.8,0
dl_3694,31,West_exit,31,20,0.8,0
dl_3694,2,East_exit,2,2,0.8,0
dl_3695,6,,,,,
dl_3695,29,West_exit,27,18,0.8,0
dl_3695,17,West_exit,17,11,0.8,0
dl_3695,19,West_exit_short,19,12,0.44,0
dl_3695,22,West_exit_short,22,14,0.44,0
dl_3695,25,West_exit_short,25,16,0.44,0
dl_3695,27,West_exit,27,18,0.8,0
dl_3695,30,West_exit,30,20,0.8,0
dl_3695,32,West_exit,30,20,0.8,0
dl_3695,2,East_exit,2,2,0.8,0
dl_3696,6,,,,,
dl_3696,29,West_exit,27,18,0.8,0
dl_3696,27,West_exit,27,18,0.8,0
dl_3696,17,West_exit,17,11,0.8,0
dl_3696,19,West_exit_short,19,12,0.44,0
dl_3696,22,West_exit_short,22,14,0.44,0
dl_3696,25,West_exit_short,25,16,0.44,0
dl_3696,2,East_exit,2,2,0.8,0
dl_3696,32,West_exit,32,21,0.8,0
dl_3697,5,,,,,
dl_3697,17,West_exit,17,11,0.8,0
dl_3697,19,West_exit_short,19,12,0.44,0
dl_3697,22,West_exit_short,22,14,0.44,0
dl_3697,25,West_exit_short,25,16,0.44,0
dl_3697,27,West_exit,27,18,0.8,0
dl_3697,29,West_exit,27,18,0.8,0
dl_3697,2,East_exit,2,2,0.8,0
dl_3698,6,,,,,
dl_3698,29,West_exit,29,19,0.8,0
dl_3698,17,West_exit,17,11,0.8,0
dl_3698,19,West_exit_short,19,12,0.44,0
dl_3698,22,West_exit_short,22,14,0.44,0
dl_3698,25,West_exit_short,25,16,0.44,0
dl_3698,32,West_exit,31,20,0.8,0
dl_3698,31,West_exit,31,20,0.8,0
dl_3698,2,East_exit,2,2,0.8,0
dl_3699,6,,,,,
dl_3699,29,West_exit,29,19,0.8,0
dl_3699,17,West_exit,17,11,0.8,0
dl_3699,19,West_exit_short,19,12,0.44,0
dl_3699,22,West_exit_short,22,14,0.44,0
dl_3699,25,West_exit_short,25,16,0.44,0
dl_3699,30,West_exit,30,20,0.8,0
dl_3699,32,West_exit,30,20,0.8,0
dl_3699,2,East_exit,2,2,0.8,0
dl_3700,6,,,,,
dl_3700,29,West_exit,29,19,0.8,0
dl_3700,17,West_exit,17,11,0.8,0
dl_3700,19,West_exit_short,19,12,0.44,0
dl_3700,22,West_exit_short,22,14,0.44,0
dl_3700,25,West_exit_short,25,16,0.44,0
dl_3700,2,East_exit,2,2,0.8,0
dl_3700,32,West_exit,32,21,0.8,0
dl_3701,5,,,,,
dl_3701,17,West_exit,17,11,0.8,0
dl_3701,19,West_exit_short,19,12,0.44,0
dl_3701,22,West_exit_short,22,14,0.44,0
dl_3701,25,West_exit_short,25,16,0.44,0
dl_3701,2,East_exit,2,2,0.8,0
dl_3701,29,West_exit,29,19,0.8,0
dl_3702,5,,,,,
dl_3702,22,West_exit_short,22,14,0.44,0
dl_3702,19,West_exit_short,19,12,0.44,0
dl_3702,17,West_exit,17,11,0.8,0
dl_3702,25,West_exit_short,25,16,0.44,0
dl_3702,2,East_exit,2,2,0.8,0
dl_3702,32,West_exit,31,20,0.8,0
dl_3702,31,West_exit,31,20,0.8,0
dl_3703,5,,,,,
dl_3703,22,West_exit_short,22,14,0.44,0
dl_3703,19,West_exit_short,19,12,0.44,0
dl_3703,17,West_exit,17,11,0.8,0
dl_3703,25,West_exit_short,25,16,0.44,0
dl_3703,2,East_exit,2,2,0.8,0
dl_3703,30,West_exit,30,20,0.8,0
dl_3703,32,West_exit,30,20,0.8,0
dl_3704,5,,,,,
dl_3704,22,West_exit_short,22,14,0.44,0
dl_3704,19,West_exit_short,19,12,0.44,0
dl_3704,17,West_exit,17,11,0.8,0
dl_3704,25,West_exit_short,25,16,0.44,0
dl_3704,2,East_exit,2,2,0.8,0
dl_3704,32,West_exit,32,21,0.8,0
dl_3705,6,,,,,
dl_3705,29,West_exit,28,18,0.8,0
dl_3705,17,West_exit,17,11,0.8,0
dl_3705,19,West_exit_short,19,12,0.44,0
dl_3705,22,West_exit_short,22,14,0.44,0
dl_3705,24,West_exit_short,24,16,0.44,0
dl_3705,28,West_exit,28,18,0.8,0
dl_3705,32,West_exit,31,20,0.8,0
dl_3705,31,West_exit,31,20,0.8,0
dl_3705,2,East_exit,2,2,0.8,0
dl_3706,6,,,,,
dl_3706,29,West_exit,28,18,0.8,0
dl_3706,17,West_exit,17,11,0.8,0
dl_3706,19,West_exit_short,19,12,0.44,0
dl_3706,22,West_exit_short,22,14,0.44,0
dl_3706,24,West_exit_short,24,16,0.44,0
dl_3706,28,West_exit,28,18,0.8,0
dl_3706,30,West_exit,30,20,0.8,0
dl_3706,32,West_exit,30,20,0.8,0
dl_3706,2,East_exit,2,2,0.8,0
dl_3707,6,,,,,
dl_3707,29,West_exit,28,18,0.8,0
dl_3707,28,West_exit,28,18,0.8,0
dl_3707,17,West_exit,17,11,0.8,0
dl_3707,19,West_exit_short,19,12,0.44,0
dl_3707,22,West_exit_short,22,14,0.44,0
dl_3707,24,West_exit_short,24,16,0.44,0
dl_3707,2,East_exit,2,2,0.8,0
dl_3707,32,West_exit,32,21,0.8,0
dl_3708,5,,,,,
dl_3708,17,West_exit,17,11,0.8,0
dl_3708,19,West_exit_short,19,12,0.44,0
dl_3708,22,West_exit_short,22,14,0.44,0
dl_3708,24,West_exit_short,24,16,0.44,0
dl_3708,29,West_exit,28,18,0.8,0
dl_3708,28,West_exit,28,18,0.8,0
dl_3708,2,East_exit,2,2,0.8,0
dl_3709,6,,,,,
dl_3709,29,West_exit,27,18,0.8,0
dl_3709,17,West_exit,17,11,0.8,0
dl_3709,19,West_exit_short,19,12,0.44,0
dl_3709,22,West_exit_short,22,14,0.44,0
dl_3709,24,West_exit_short,24,16,0.44,0
dl_3709,27,West_exit,27,18,0.8,0
dl_3709,32,West_exit,31,20,0.8,0
dl_3709,31,West_exit,31,20,0.8,0
dl_3709,2,East_exit,2,2,0.8,0
dl_3710,6,,,,,
dl_3710,29,West_exit,27,18,0.8,0
dl_3710,17,West_exit,17,11,0.8,0
dl_3710,19,West_exit_short,19,12,0.44,0
dl_3710,22,West_exit_short,22,14,0.44,0
dl_3710,24,West_exit_short,24,16,0.44,0
dl_3710,27,West_exit,27,18,0.8,0
dl_3710,30,West_exit,30,20,0.8,0
dl_3710,32,West_exit,30,20,0.8,0
dl_3710,2,East_exit,2,2,0.8,0
dl_3711,6,,,,,
dl_3711,29,West_exit,27,18,0.8,0
dl_3711,27,West_exit,27,18,0.8,0
dl_3711,17,West_exit,17,11,0.8,0
dl_3711,19,West_exit_short,19,12,0.44,0
dl_3711,22,West_exit_short,22,14,0.44,0
dl_3711,24,West_exit_short,24,16,0.44,0
dl_3711,2,East_exit,2,2,0.8,0
dl_3711,32,West_exit,32,21,0.8,0
dl_3712,5,,,,,
dl_3712,17,West_exit,17,11,0.8,0
dl_3712,19,West_exit_short,19,12,0.44,0
dl_3712,22,West_exit_short,22,14,0.44,0
dl_3712,24,West_exit_short,24,16,0.44,0
dl_3712,27,West_exit,27,18,0.8,0
dl_3712,29,West_exit,27,18,0.8,0
dl_3712,2,East_exit,2,2,0.8,0
dl_3713,6,,,,,
dl_3713,29,West_exit,29,19,0.8,0
dl_3713,17,West_exit,17,11,0.8,0
dl_3713,19,West_exit_short,19,12,0.44,0
dl_3713,22,West_exit_short,22,14,0.44,0
dl_3713,24,West_exit_short,24,16,0.44,0
dl_3713,32,West_exit,31,20,0.8,0
dl_3713,31,West_exit,31,20,0.8,0
dl_3713,2,East_exit,2,2,0.8,0
dl_3714,6,,,,,
dl_3714,29,West_exit,29,19,0.8,0
dl_3714,17,West_exit,17,11,0.8,0
dl_3714,19,West_exit_short,19,12,0.44,0
dl_3714,22,West_exit_short,22,14,0.44,0
dl_3714,24,West_exit_short,24,16,0.44,0
dl_3714,30,West_exit,30,20,0.8,0
dl_3714,32,West_exit,30,20,0.8,0
dl_3714,2,East_exit,2,2,0.8,0
dl_3715,6,,,,,
dl_3715,29,West_exit,29,19,0.8,0
dl_3715,17,West_exit,17,11,0.8,0
dl_3715,19,West_exit_short,19,12,0.44,0
dl_3715,22,West_exit_short,22,14,0.44,0
dl_3715,24,West_exit_short,24,16,0.44,0
dl_3715,2,East_exit,2,2,0.8,0
dl_3715,32,West_exit,32,21,0.8,0
dl_3716,5,,,,,
dl_3716,17,West_exit,17,11,0.8,0
dl_3716,19,West_exit_short,19,12,0.44,0
dl_3716,22,West_exit_short,22,14,0.44,0
dl_3716,24,West_exit_short,24,16,0.44,0
dl_3716,2,East_exit,2,2,0.8,0
dl_3716,29,West_exit,29,19,0.8,0
dl_3717,5,,,,,
dl_3717,22,West_exit_short,22,14,0.44,0
dl_3717,19,West_exit_short,19,12,0.44,0
dl_3717,17,West_exit,17,11,0.8,0
dl_3717,24,West_exit_short,24,16,0.44,0
dl_3717,2,East_exit,2,2,0.8,0
dl_3717,32,West_exit,31,20,0.8,0
dl_3717,31,West_exit,31,20,0.8,0
dl_3718,5,,,,,
dl_3718,22,West_exit_short,22,14,0.44,0
dl_3718,19,West_exit_short,19,12,0.44,0
dl_3718,17,West_exit,17,11,0.8,0
dl_3718,24,West_exit_short,24,16,0.44,0
dl_3718,2,East_exit,2,2,0.8,0
dl_3718,30,West_exit,30,20,0.8,0
dl_3718,32,West_exit,30,20,0.8,0
dl_3719,5,,,,,
dl_3719,22,West_exit_short,22,14,0.44,0
dl_3719,19,West_exit_short,19,12,0.44,0
dl_3719,17,West_exit,17,11,0.8,0
dl_3719,24,West_exit_short,24,16,0.44,0
dl_3719,2,East_exit,2,2,0.8,0
dl_3719,32,West_exit,32,21,0.8,0
dl_3720,6,,,,,
dl_3720,29,West_exit,28,18,0.8,0
dl_3720,17,West_exit,17,11,0.8,0
dl_3720,19,West_exit_short,19,12,0.44,0
dl_3720,22,West_exit_short,22,14,0.44,0
dl_3720,28,West_exit,28,18,0.8,0
dl_3720,32,West_exit,31,20,0.8,0
dl_3720,31,West_exit,31,20,0.8,0
dl_3720,2,East_exit,2,2,0.8,0
dl_3720,26,West_exit_short,26,17,0.44,0
dl_3721,6,,,,,
dl_3721,29,West_exit,28,18,0.8,0
dl_3721,17,West_exit,17,11,0.8,0
dl_3721,19,West_exit_short,19,12,0.44,0
dl_3721,22,West_exit_short,22,14,0.44,0
dl_3721,28,West_exit,28,18,0.8,0
dl_3721,30,West_exit,30,20,0.8,0
dl_3721,32,West_exit,30,20,0.8,0
dl_3721,2,East_exit,2,2,0.8,0
dl_3721,26,West_exit_short,26,17,0.44,0
dl_3722,6,,,,,
dl_3722,29,West_exit,28,18,0.8,0
dl_3722,28,West_exit,28,18,0.8,0
dl_3722,17,West_exit,17,11,0.8,0
dl_3722,19,West_exit_short,19,12,0.44,0
dl_3722,22,West_exit_short,22,14,0.44,0
dl_3722,2,East_exit,2,2,0.8,0
dl_3722,26,West_exit_short,26,17,0.44,0
dl_3722,32,West_exit,32,21,0.8,0
dl_3723,5,,,,,
dl_3723,17,West_exit,17,11,0.8,0
dl_3723,19,West_exit_short,19,12,0.44,0
dl_3723,22,West_exit_short,22,14,0.44,0
dl_3723,29,West_exit,28,18,0.8,0
dl_3723,28,West_exit,28,18,0.8,0
dl_3723,2,East_exit,2,2,0.8,0
dl_3723,26,West_exit_short,26,17,0.44,0
dl_3724,6,,,,,
dl_3724,29,West_exit,27,18,0.8,0
dl_3724,17,West_exit,17,11,0.8,0
dl_3724,19,West_exit_short,19,12,0.44,0
dl_3724,22,West_exit_short,22,14,0.44,0
dl_3724,27,West_exit,27,18,0.8,0
dl_3724,32,West_exit,31,20,0.8,0
dl_3724,31,West_exit,31,20,0.8,0
dl_3724,2,East_exit,2,2,0.8,0
dl_3724,26,West_exit_short,26,17,0.44,0
dl_3725,6,,,,,
dl_3725,29,West_exit,27,18,0.8,0
dl_3725,17,West_exit,17,11,0.8,0
dl_3725,19,West_exit_short,19,12,0.44,0
dl_3725,22,West_exit_short,22,14,0.44,0
dl_3725,27,West_exit,27,18,0.8,0
dl_3725,30,West_exit,30,20,0.8,0
dl_3725,32,West_exit,30,20,0.8,0
dl_3725,2,East_exit,2,2,0.8,0
dl_3725,26,West_exit_short,26,17,0.44,0
dl_3726,6,,,,,
dl_3726,29,West_exit,27,18,0.8,0
dl_3726,27,West_exit,27,18,0.8,0
dl_3726,17,West_exit,17,11,0.8,0
dl_3726,19,West_exit_short,19,12,0.44,0
dl_3726,22,West_exit_short,22,14,0.44,0
dl_3726,2,East_exit,2,2,0.8,0
dl_3726,26,West_exit_short,26,17,0.44,0
dl_3726,32,West_exit,32,21,0.8,0
dl_3727,5,,,,,
dl_3727,17,West_exit,17,11,0.8,0
dl_3727,19,West_exit_short,19,12,0.44,0
dl_3727,22,West_exit_short,22,14,0.44,0
dl_3727,27,West_exit,27,18,0.8,0
dl_3727,29,West_exit,27,18,0.8,0
dl_3727,2,East_exit,2,2,0.8,0
dl_3727,26,West_exit_short,26,17,0.44,0
dl_3728,6,,,,,
dl_3728,29,West_exit,29,19,0.8,0
dl_3728,17,West_exit,17,11,0.8,0
dl_3728,19,West_exit_short,19,12,0.44,0
dl_3728,22,West_exit_short,22,14,0.44,0
dl_3728,32,West_exit,31,20,0.8,0
dl_3728,31,West_exit,31,20,0.8,0
dl_3728,2,East_exit,2,2,0.8,0
dl_3728,26,West_exit_short,26,17,0.44,0
dl_3729,6,,,,,
dl_3729,29,West_exit,29,19,0.8,0
dl_3729,17,West_exit,17,11,0.8,0
dl_3729,19,West_exit_short,19,12,0.44,0
dl_3729,22,West_exit_short,22,14,0.44,0
dl_3729,30,West_exit,30,20,0.8,0
dl_3729,32,West_exit,30,20,0.8,0
dl_3729,2,East_exit,2,2,0.8,0
dl_3729,26,West_exit_short,26,17,0.44,0
dl_3730,6,,,,,
dl_3730,29,West_exit,29,19,0.8,0
dl_3730,17,West_exit,17,11,0.8,0
dl_3730,19,West_exit_short,19,12,0.44,0
dl_3730,22,West_exit_short,22,14,0.44,0
dl_3730,2,East_exit,2,2,0.8,0
dl_3730,26,West_exit_short,26,17,0.44,0
dl_3730,32,West_exit,32,21,0.8,0
dl_3731,5,,,,,
dl_3731,17,West_exit,17,11,0.8,0
dl_3731,19,West_exit_short,19,12,0.44,0
dl_3731,22,West_exit_short,22,14,0.44,0
dl_3731,2,East_exit,2,2,0.8,0
dl_3731,29,West_exit,29,19,0.8,0
dl_3731,26,West_exit_short,26,17,0.44,0
dl_3732,5,,,,,
dl_3732,22,West_exit_short,22,14,0.44,0
dl_3732,19,West_exit_short,19,12,0.44,0
dl_3732,17,West_exit,17,11,0.8,0
dl_3732,2,East_exit,2,2,0.8,0
dl_3732,32,West_exit,31,20,0.8,0
dl_3732,31,West_exit,31,20,0.8,0
dl_3732,26,West_exit_short,26,17,0.44,0
dl_3733,5,,,,,
dl_3733,22,West_exit_short,22,14,0.44,0
dl_3733,19,West_exit_short,19,12,0.44,0
dl_3733,17,West_exit,17,11,0.8,0
dl_3733,2,East_exit,2,2,0.8,0
dl_3733,30,West_exit,30,20,0.8,0
dl_3733,32,West_exit,30,20,0.8,0
dl_3733,26,West_exit_short,26,17,0.44,0
dl_3734,5,,,,,
dl_3734,22,West_exit_short,22,14,0.44,0
dl_3734,19,West_exit_short,19,12,0.44,0
dl_3734,17,West_exit,17,11,0.8,0
dl_3734,2,East_exit,2,2,0.8,0
dl_3734,32,West_exit,32,21,0.8,0
dl_3734,26,West_exit_short,26,17,0.44,0
dl_3735,1,,,,,
dl_3735,17,West_exit,17,11,0.8,0
dl_3735,2,East_exit,2,2,0.8,0
dl_3736,4,,,,,
dl_3736,2,East_exit,2,2,0.8,0
dl_3736,26,West_exit,26,17,0.8,0
dl_3736,22,East_exit_short,22,15,0.44,0
dl_3736,19,East_exit_short,19,13,0.44,0
dl_3736,9,West_exit_short,9,6,0.44,0
dl_3737,2,,,,,
dl_3737,9,West_exit_short,9,6,0.44,0
dl_3737,2,East_exit,2,2,0.8,0
dl_3737,26,West_exit,26,17,0.8,0
dl_3738,2,,,,,
dl_3738,2,East_exit,2,2,0.8,0
dl_3738,9,West_exit_short,9,6,0.44,0
dl_3738,29,West_exit,28,18,0.8,0
dl_3738,28,West_exit,28,18,0.8,0
dl_3739,2,,,,,
dl_3739,2,East_exit,2,2,0.8,0
dl_3739,9,West_exit_short,9,6,0.44,0
dl_3739,27,West_exit,27,18,0.8,0
dl_3739,29,West_exit,27,18,0.8,0
dl_3740,3,,,,,
dl_3740,29,West_exit,29,19,0.8,0
dl_3740,2,East_exit,2,2,0.8,0
dl_3740,9,West_exit_short,9,6,0.44,0
dl_3740,28,East_exit_short,28,19,0.44,0
dl_3741,3,,,,,
dl_3741,2,East_exit,2,2,0.8,0
dl_3741,29,West_exit,29,19,0.8,0
dl_3741,27,East_exit_short,27,19,0.44,0
dl_3741,9,West_exit_short,9,6,0.44,0
dl_3742,3,,,,,
dl_3742,2,East_exit,2,2,0.8,0
dl_3742,29,West_exit,29,19,0.8,0
dl_3742,9,West_exit_short,9,6,0.44,0
dl_3742,26,East_exit_short,26,18,0.44,0
dl_3743,2,,,,,
dl_3743,2,East_exit,2,2,0.8,0
dl_3743,9,West_exit_short,9,6,0.44,0
dl_3743,29,West_exit,29,19,0.8,0
dl_3744,2,,,,,
dl_3744,2,East_exit,2,2,0.8,0
dl_3744,32,West_exit,31,20,0.8,0
dl_3744,31,West_exit,31,20,0.8,0
dl_3744,9,West_exit_short,9,6,0.44,0
dl_3745,2,,,,,
dl_3745,2,East_exit,2,2,0.8,0
dl_3745,30,West_exit,30,20,0.8,0
dl_3745,32,West_exit,30,20,0.8,0
dl_3745,9,West_exit_short,9,6,0.44,0
dl_3746,3,,,,,
dl_3746,2,East_exit,2,2,0.8,0
dl_3746,32,West_exit,32,21,0.8,0
dl_3746,9,West_exit_short,9,6,0.44,0
dl_3746,31,East_exit_short,31,21,0.44,0
dl_3747,3,,,,,
dl_3747,2,East_exit,2,2,0.8,0
dl_3747,32,West_exit,32,21,0.8,0
dl_3747,30,East_exit_short,30,21,0.44,0
dl_3747,9,West_exit_short,9,6,0.44,0
dl_3748,3,,,,,
dl_3748,2,East_exit,2,2,0.8,0
dl_3748,32,West_exit,32,21,0.8,0
dl_3748,9,West_exit_short,9,6,0.44,0
dl_3748,29,East_exit_short,29,20,0.44,0
dl_3749,2,,,,,
dl_3749,2,East_exit,2,2,0.8,0
dl_3749,32,West_exit,32,21,0.8,0
dl_3749,9,West_exit_short,9,6,0.44,0
dl_3750,3,,,,,
dl_3750,11,West_exit_short,11,7,0.44,0
dl_3750,26,West_exit,26,17,0.8,0
dl_3750,2,East_exit,2,2,0.8,0
dl_3750,10,East_exit_short,10,7,0.44,0
dl_3751,3,,,,,
dl_3751,11,West_exit_short,11,7,0.44,0
dl_3751,29,West_exit,28,18,0.8,0
dl_3751,28,West_exit,28,18,0.8,0
dl_3751,2,East_exit,2,2,0.8,0
dl_3751,10,East_exit_short,10,7,0.44,0
dl_3752,3,,,,,
dl_3752,11,West_exit_short,11,7,0.44,0
dl_3752,27,West_exit,27,18,0.8,0
dl_3752,29,West_exit,27,18,0.8,0
dl_3752,2,East_exit,2,2,0.8,0
dl_3752,10,East_exit_short,10,7,0.44,0
dl_3753,3,,,,,
dl_3753,11,West_exit_short,11,7,0.44,0
dl_3753,29,West_exit,29,19,0.8,0
dl_3753,2,East_exit,2,2,0.8,0
dl_3753,10,East_exit_short,10,7,0.44,0
dl_3754,3,,,,,
dl_3754,11,West_exit_short,11,7,0.44,0
dl_3754,32,West_exit,31,20,0.8,0
dl_3754,31,West_exit,31,20,0.8,0
dl_3754,2,East_exit,2,2,0.8,0
dl_3754,10,East_exit_short,10,7,0.44,0
dl_3755,3,,,,,
dl_3755,11,West_exit_short,11,7,0.44,0
dl_3755,30,West_exit,30,20,0.8,0
dl_3755,32,West_exit,30,20,0.8,0
dl_3755,2,East_exit,2,2,0.8,0
dl_3755,10,East_exit_short,10,7,0.44,0
dl_3756,3,,,,,
dl_3756,11,West_exit_short,11,7,0.44,0
dl_3756,32,West_exit,32,21,0.8,0
dl_3756,2,East_exit,2,2,0.8,0
dl_3756,10,East_exit_short,10,7,0.44,0
dl_3757,2,,,,,
dl_3757,20,West_exit,19,12,0.8,0
dl_3757,2,East_exit,2,2,0.8,0
dl_3757,19,West_exit,19,12,0.8,0
dl_3757,23,West_exit,22,14,0.8,0
dl_3757,22,West_exit,22,14,0.8,0
dl_3758,2,,,,,
dl_3758,20,West_exit,19,12,0.8,0
dl_3758,2,East_exit,2,2,0.8,0
dl_3758,19,West_exit,19,12,0.8,0
dl_3758,23,West_exit,21,14,0.8,0
dl_3758,21,West_exit,21,14,0.8,0
dl_3759,2,,,,,
dl_3759,20,West_exit,19,12,0.8,0
dl_3759,19,West_exit,19,12,0.8,0
dl_3759,2,East_exit,2,2,0.8,0
dl_3759,23,West_exit,23,15,0.8,0
dl_3760,2,,,,,
dl_3760,20,West_exit,19,12,0.8,0
dl_3760,19,West_exit,19,12,0.8,0
dl_3760,2,East_exit,2,2,0.8,0
dl_3760,26,West_exit,25,16,0.8,0
dl_3760,25,West_exit,25,16,0.8,0
dl_3761,2,,,,,
dl_3761,20,West_exit,19,12,0.8,0
dl_3761,19,West_exit,19,12,0.8,0
dl_3761,2,East_exit,2,2,0.8,0
dl_3761,24,West_exit,24,16,0.8,0
dl_3761,26,West_exit,24,16,0.8,0
dl_3762,2,,,,,
dl_3762,20,West_exit,19,12,0.8,0
dl_3762,19,West_exit,19,12,0.8,0
dl_3762,2,East_exit,2,2,0.8,0
dl_3762,26,West_exit,26,17,0.8,0
dl_3763,2,,,,,
dl_3763,20,West_exit,19,12,0.8,0
dl_3763,19,West_exit,19,12,0.8,0
dl_3763,2,East_exit,2,2,0.8,0
dl_3763,29,West_exit,28,18,0.8,0
dl_3763,28,West_exit,28,18,0.8,0
dl_3764,2,,,,,
dl_3764,20,West_exit,19,12,0.8,0
dl_3764,19,West_exit,19,12,0.8,0
dl_3764,2,East_exit,2,2,0.8,0
dl_3764,27,West_exit,27,18,0.8,0
dl_3764,29,West_exit,27,18,0.8,0
dl_3765,2,,,,,
dl_3765,20,West_exit,19,12,0.8,0
dl_3765,19,West_exit,19,12,0.8,0
dl_3765,2,East_exit,2,2,0.8,0
dl_3765,29,West_exit,29,19,0.8,0
dl_3766,2,,,,,
dl_3766,20,West_exit,19,12,0.8,0
dl_3766,19,West_exit,19,12,0.8,0
dl_3766,2,East_exit,2,2,0.8,0
dl_3766,32,West_exit,31,20,0.8,0
dl_3766,31,West_exit,31,20,0.8,0
dl_3767,2,,,,,
dl_3767,20,West_exit,19,12,0.8,0
dl_3767,19,West_exit,19,12,0.8,0
dl_3767,2,East_exit,2,2,0.8,0
dl_3767,30,West_exit,30,20,0.8,0
dl_3767,32,West_exit,30,20,0.8,0
dl_3768,2,,,,,
dl_3768,20,West_exit,19,12,0.8,0
dl_3768,19,West_exit,19,12,0.8,0
dl_3768,2,East_exit,2,2,0.8,0
dl_3768,32,West_exit,32,21,0.8,0
dl_3769,2,,,,,
dl_3769,20,West_exit,18,12,0.8,0
dl_3769,2,East_exit,2,2,0.8,0
dl_3769,18,West_exit,18,12,0.8,0
dl_3769,23,West_exit,22,14,0.8,0
dl_3769,22,West_exit,22,14,0.8,0
dl_3770,2,,,,,
dl_3770,20,West_exit,18,12,0.8,0
dl_3770,2,East_exit,2,2,0.8,0
dl_3770,18,West_exit,18,12,0.8,0
dl_3770,23,West_exit,21,14,0.8,0
dl_3770,21,West_exit,21,14,0.8,0
dl_3771,2,,,,,
dl_3771,20,West_exit,18,12,0.8,0
dl_3771,18,West_exit,18,12,0.8,0
dl_3771,2,East_exit,2,2,0.8,0
dl_3771,23,West_exit,23,15,0.8,0
dl_3772,2,,,,,
dl_3772,20,West_exit,18,12,0.8,0
dl_3772,18,West_exit,18,12,0.8,0
dl_3772,2,East_exit,2,2,0.8,0
dl_3772,26,West_exit,25,16,0.8,0
dl_3772,25,West_exit,25,16,0.8,0
dl_3773,2,,,,,
dl_3773,20,West_exit,18,12,0.8,0
dl_3773,18,West_exit,18,12,0.8,0
dl_3773,2,East_exit,2,2,0.8,0
dl_3773,24,West_exit,24,16,0.8,0
dl_3773,26,West_exit,24,16,0.8,0
dl_3774,2,,,,,
dl_3774,20,West_exit,18,12,0.8,0
dl_3774,18,West_exit,18,12,0.8,0
dl_3774,2,East_exit,2,2,0.8,0
dl_3774,26,West_exit,26,17,0.8,0
dl_3775,2,,,,,
dl_3775,20,West_exit,18,12,0.8,0
dl_3775,18,West_exit,18,12,0.8,0
dl_3775,2,East_exit,2,2,0.8,0
dl_3775,29,West_exit,28,18,0.8,0
dl_3775,28,West_exit,28,18,0.8,0
dl_3776,2,,,,,
dl_3776,20,West_exit,18,12,0.8,0
dl_3776,18,West_exit,18,12,0.8,0
dl_3776,2,East_exit,2,2,0.8,0
dl_3776,27,West_exit,27,18,0.8,0
dl_3776,29,West_exit,27,18,0.8,0
dl_3777,2,,,,,
dl_3777,20,West_exit,18,12,0.8,0
dl_3777,18,West_exit,18,12,0.8,0
dl_3777,2,East_exit,2,2,0.8,0
dl_3777,29,West_exit,29,19,0.8,0
dl_3778,2,,,,,
dl_3778,20,West_exit,18,12,0.8,0
dl_3778,18,West_exit,18,12,0.8,0
dl_3778,2,East_exit,2,2,0.8,0
dl_3778,32,West_exit,31,20,0.8,0
dl_3778,31,West_exit,31,20,0.8,0
dl_3779,2,,,,,
dl_3779,20,West_exit,18,12,0.8,0
dl_3779,18,West_exit,18,12,0.8,0
dl_3779,2,East_exit,2,2,0.8,0
dl_3779,30,West_exit,30,20,0.8,0
dl_3779,32,West_exit,30,20,0.8,0
dl_3780,2,,,,,
dl_3780,20,West_exit,18,12,0.8,0
dl_3780,18,West_exit,18,12,0.8,0
dl_3780,2,East_exit,2,2,0.8,0
dl_3780,32,West_exit,32,21,0.8,0
dl_3781,2,,,,,
dl_3781,20,West_exit,20,13,0.8,0
dl_3781,2,East_exit,2,2,0.8,0
dl_3781,23,West_exit,22,14,0.8,0
dl_3781,22,West_exit,22,14,0.8,0
dl_3782,2,,,,,
dl_3782,20,West_exit,20,13,0.8,0
dl_3782,2,East_exit,2,2,0.8,0
dl_3782,23,West_exit,21,14,0.8,0
dl_3782,21,West_exit,21,14,0.8,0
dl_3783,2,,,,,
dl_3783,20,West_exit,20,13,0.8,0
dl_3783,2,East_exit,2,2,0.8,0
dl_3783,23,West_exit,23,15,0.8,0
dl_3784,2,,,,,
dl_3784,20,West_exit,20,13,0.8,0
dl_3784,2,East_exit,2,2,0.8,0
dl_3784,26,West_exit,25,16,0.8,0
dl_3784,25,West_exit,25,16,0.8,0
dl_3785,2,,,,,
dl_3785,20,West_exit,20,13,0.8,0
dl_3785,2,East_exit,2,2,0.8,0
dl_3785,24,West_exit,24,16,0.8,0
dl_3785,26,West_exit,24,16,0.8,0
dl_3786,2,,,,,
dl_3786,20,West_exit,20,13,0.8,0
dl_3786,2,East_exit,2,2,0.8,0
dl_3786,26,West_exit,26,17,0.8,0
dl_3787,2,,,,,
dl_3787,20,West_exit,20,13,0.8,0
dl_3787,2,East_exit,2,2,0.8,0
dl_3787,29,West_exit,28,18,0.8,0
dl_3787,28,West_exit,28,18,0.8,0
dl_3788,2,,,,,
dl_3788,20,West_exit,20,13,0.8,0
dl_3788,2,East_exit,2,2,0.8,0
dl_3788,27,West_exit,27,18,0.8,0
dl_3788,29,West_exit,27,18,0.8,0
dl_3789,2,,,,,
dl_3789,20,West_exit,20,13,0.8,0
dl_3789,2,East_exit,2,2,0.8,0
dl_3789,29,West_exit,29,19,0.8,0
dl_3790,2,,,,,
dl_3790,20,West_exit,20,13,0.8,0
dl_3790,2,East_exit,2,2,0.8,0
dl_3790,32,West_exit,31,20,0.8,0
dl_3790,31,West_exit,31,20,0.8,0
dl_3791,2,,,,,
dl_3791,20,West_exit,20,13,0.8,0
dl_3791,2,East_exit,2,2,0.8,0
dl_3791,30,West_exit,30,20,0.8,0
dl_3791,32,West_exit,30,20,0.8,0
dl_3792,2,,,,,
dl_3792,20,West_exit,20,13,0.8,0
dl_3792,2,East_exit,2,2,0.8,0
dl_3792,32,West_exit,32,21,0.8,0
dl_3793,1,,,,,
dl_3793,2,East_exit,2,2,0.8,0
dl_3793,20,West_exit,19,12,0.8,0
dl_3793,19,West_exit,19,12,0.8,0
dl_3794,1,,,,,
dl_3794,2,East_exit,2,2,0.8,0
dl_3794,18,West_exit,18,12,0.8,0
dl_3794,20,West_exit,18,12,0.8,0
dl_3795,1,,,,,
dl_3795,2,East_exit,2,2,0.8,0
dl_3795,20,West_exit,20,13,0.8,0
dl_3796,2,,,,,
dl_3796,23,West_exit,22,14,0.8,0
dl_3796,2,East_exit,2,2,0.8,0
dl_3796,26,West_exit,25,16,0.8,0
dl_3796,25,West_exit,25,16,0.8,0
dl_3796,22,West_exit,22,14,0.8,0
dl_3797,2,,,,,
dl_3797,23,West_exit,22,14,0.8,0
dl_3797,2,East_exit,2,2,0.8,0
dl_3797,24,West_exit,24,16,0.8,0
dl_3797,26,West_exit,24,16,0.8,0
dl_3797,22,West_exit,22,14,0.8,0
dl_3798,2,,,,,
dl_3798,23,West_exit,22,14,0.8,0
dl_3798,22,West_exit,22,14,0.8,0
dl_3798,2,East_exit,2,2,0.8,0
dl_3798,26,West_exit,26,17,0.8,0
dl_3799,2,,,,,
dl_3799,23,West_exit,22,14,0.8,0
dl_3799,22,West_exit,22,14,0.8,0
dl_3799,2,East_exit,2,2,0.8,0
dl_3799,29,West_exit,28,18,0.8,0
dl_3799,28,West_exit,28,18,0.8,0
dl_3800,2,,,,,
dl_3800,23,West_exit,22,14,0.8,0
dl_3800,22,West_exit,22,14,0.8,0
dl_3800,2,East_exit,2,2,0.8,0
dl_3800,27,West_exit,27,18,0.8,0
dl_3800,29,West_exit,27,18,0.8,0
dl_3801,2,,,,,
dl_3801,23,West_exit,22,14,0.8,0
dl_3801,22,West_exit,22,14,0.8,0
dl_3801,2,East_exit,2,2,0.8,0
dl_3801,29,West_exit,29,19,0.8,0
dl_3802,2,,,,,
dl_3802,23,West_exit,22,14,0.8,0
dl_3802,22,West_exit,22,14,0.8,0
dl_3802,2,East_exit,2,2,0.8,0
dl_3802,32,West_exit,31,20,0.8,0
dl_3802,31,West_exit,31,20,0.8,0
dl_3803,2,,,,,
dl_3803,23,West_exit,22,14,0.8,0
dl_3803,22,West_exit,22,14,0.8,0
dl_3803,2,East_exit,2,2,0.8,0
dl_3803,30,West_exit,30,20,0.8,0
dl_3803,32,West_exit,30,20,0.8,0
dl_3804,2,,,,,
dl_3804,23,West_exit,22,14,0.8,0
dl_3804,22,West_exit,22,14,0.8,0
dl_3804,2,East_exit,2,2,0.8,0
dl_3804,32,West_exit,32,21,0.8,0
dl_3805,1,,,,,
dl_3805,2,East_exit,2,2,0.8,0
dl_3805,23,West_exit,22,14,0.8,0
dl_3805,22,West_exit,22,14,0.8,0
dl_3806,2,,,,,
dl_3806,23,West_exit,21,14,0.8,0
dl_3806,2,East_exit,2,2,0.8,0
dl_3806,26,West_exit,25,16,0.8,0
dl_3806,25,West_exit,25,16,0.8,0
dl_3806,21,West_exit,21,14,0.8,0
dl_3807,2,,,,,
dl_3807,23,West_exit,21,14,0.8,0
dl_3807,2,East_exit,2,2,0.8,0
dl_3807,24,West_exit,24,16,0.8,0
dl_3807,26,West_exit,24,16,0.8,0
dl_3807,21,West_exit,21,14,0.8,0
dl_3808,2,,,,,
dl_3808,23,West_exit,21,14,0.8,0
dl_3808,21,West_exit,21,14,0.8,0
dl_3808,2,East_exit,2,2,0.8,0
dl_3808,26,West_exit,26,17,0.8,0
dl_3809,2,,,,,
dl_3809,23,West_exit,21,14,0.8,0
dl_3809,21,West_exit,21,14,0.8,0
dl_3809,2,East_exit,2,2,0.8,0
dl_3809,29,West_exit,28,18,0.8,0
dl_3809,28,West_exit,28,18,0.8,0
dl_3810,2,,,,,
dl_3810,23,West_exit,21,14,0.8,0
dl_3810,21,West_exit,21,14,0.8,0
dl_3810,2,East_exit,2,2,0.8,0
dl_3810,27,West_exit,27,18,0.8,0
dl_3810,29,West_exit,27,18,0.8,0
dl_3811,2,,,,,
dl_3811,23,West_exit,21,14,0.8,0
dl_3811,21,West_exit,21,14,0.8,0
dl_3811,2,East_exit,2,2,0.8,0
dl_3811,29,West_exit,29,19,0.8,0
dl_3812,2,,,,,
dl_3812,23,West_exit,21,14,0.8,0
dl_3812,21,West_exit,21,14,0.8,0
dl_3812,2,East_exit,2,2,0.8,0
dl_3812,32,West_exit,31,20,0.8,0
dl_3812,31,West_exit,31,20,0.8,0
dl_3813,2,,,,,
dl_3813,23,West_exit,21,14,0.8,0
dl_3813,21,West_exit,21,14,0.8,0
dl_3813,2,East_exit,2,2,0.8,0
dl_3813,30,West_exit,30,20,0.8,0
dl_3813,32,West_exit,30,20,0.8,0
dl_3814,2,,,,,
dl_3814,23,West_exit,21,14,0.8,0
dl_3814,21,West_exit,21,14,0.8,0
dl_3814,2,East_exit,2,2,0.8,0
dl_3814,32,West_exit,32,21,0.8,0
dl_3815,1,,,,,
dl_3815,2,East_exit,2,2,0.8,0
dl_3815,23,West_exit,21,14,0.8,0
dl_3815,21,West_exit,21,14,0.8,0
dl_3816,2,,,,,
dl_3816,23,West_exit,23,15,0.8,0
dl_3816,2,East_exit,2,2,0.8,0
dl_3816,26,West_exit,25,16,0.8,0
dl_3816,25,West_exit,25,16,0.8,0
dl_3817,2,,,,,
dl_3817,23,West_exit,23,15,0.8,0
dl_3817,2,East_exit,2,2,0.8,0
dl_3817,24,West_exit,24,16,0.8,0
dl_3817,26,West_exit,24,16,0.8,0
dl_3818,2,,,,,
dl_3818,23,West_exit,23,15,0.8,0
dl_3818,2,East_exit,2,2,0.8,0
dl_3818,26,West_exit,26,17,0.8,0
dl_3819,2,,,,,
dl_3819,23,West_exit,23,15,0.8,0
dl_3819,2,East_exit,2,2,0.8,0
dl_3819,29,West_exit,28,18,0.8,0
dl_3819,28,West_exit,28,18,0.8,0
dl_3820,2,,,,,
dl_3820,23,West_exit,23,15,0.8,0
dl_3820,2,East_exit,2,2,0.8,0
dl_3820,27,West_exit,27,18,0.8,0
dl_3820,29,West_exit,27,18,0.8,0
dl_3821,2,,,,,
dl_3821,23,West_exit,23,15,0.8,0
dl_3821,2,East_exit,2,2,0.8,0
dl_3821,29,West_exit,29,19,0.8,0
dl_3822,2,,,,,
dl_3822,23,West_exit,23,15,0.8,0
dl_3822,2,East_exit,2,2,0.8,0
dl_3822,32,West_exit,31,20,0.8,0
dl_3822,31,West_exit,31,20,0.8,0
dl_3823,2,,,,,
dl_3823,23,West_exit,23,15,0.8,0
dl_3823,2,East_exit,2,2,0.8,0
dl_3823,30,West_exit,30,20,0.8,0
dl_3823,32,West_exit,30,20,0.8,0
dl_3824,2,,,,,
dl_3824,23,West_exit,23,15,0.8,0
dl_3824,2,East_exit,2,2,0.8,0
dl_3824,32,West_exit,32,21,0.8,0
dl_3825,1,,,,,
dl_3825,2,East_exit,2,2,0.8,0
dl_3825,23,West_exit,23,15,0.8,0
dl_3826,2,,,,,
dl_3826,26,West_exit,25,16,0.8,0
dl_3826,2,East_exit,2,2,0.8,0
dl_3826,29,West_exit,28,18,0.8,0
dl_3826,28,West_exit,28,18,0.8,0
dl_3826,25,West_exit,25,16,0.8,0
dl_3827,2,,,,,
dl_3827,26,West_exit,25,16,0.8,0
dl_3827,2,East_exit,2,2,0.8,0
dl_3827,27,West_exit,27,18,0.8,0
dl_3827,29,West_exit,27,18,0.8,0
dl_3827,25,West_exit,25,16,0.8,0
dl_3828,2,,,,,
dl_3828,26,West_exit,25,16,0.8,0
dl_3828,25,West_exit,25,16,0.8,0
dl_3828,2,East_exit,2,2,0.8,0
dl_3828,29,West_exit,29,19,0.8,0
dl_3829,2,,,,,
dl_3829,26,West_exit,25,16,0.8,0
dl_3829,25,West_exit,25,16,0.8,0
dl_3829,2,East_exit,2,2,0.8,0
dl_3829,32,West_exit,31,20,0.8,0
dl_3829,31,West_exit,31,20,0.8,0
dl_3830,2,,,,,
dl_3830,26,West_exit,25,16,0.8,0
dl_3830,25,West_exit,25,16,0.8,0
dl_3830,2,East_exit,2,2,0.8,0
dl_3830,30,West_exit,30,20,0.8,0
dl_3830,32,West_exit,30,20,0.8,0
dl_3831,2,,,,,
dl_3831,26,West_exit,25,16,0.8,0
dl_3831,25,West_exit,25,16,0.8,0
dl_3831,2,East_exit,2,2,0.8,0
dl_3831,32,West_exit,32,21,0.8,0
dl_3832,1,,,,,
dl_3832,2,East_exit,2,2,0.8,0
dl_3832,26,West_exit,25,16,0.8,0
dl_3832,25,West_exit,25,16,0.8,0
dl_3833,2,,,,,
dl_3833,26,West_exit,24,16,0.8,0
dl_3833,2,East_exit,2,2,0.8,0
dl_3833,29,West_exit,28,18,0.8,0
dl_3833,28,West_exit,28,18,0.8,0
dl_3833,24,West_exit,24,16,0.8,0
dl_3834,2,,,,,
dl_3834,26,West_exit,24,16,0.8,0
dl_3834,2,East_exit,2,2,0.8,0
dl_3834,27,West_exit,27,18,0.8,0
dl_3834,29,West_exit,27,18,0.8,0
dl_3834,24,West_exit,24,16,0.8,0
dl_3835,2,,,,,
dl_3835,26,West_exit,24,16,0.8,0
dl_3835,24,West_exit,24,16,0.8,0
dl_3835,2,East_exit,2,2,0.8,0
dl_3835,29,West_exit,29,19,0.8,0
dl_3836,2,,,,,
dl_3836,26,West_exit,24,16,0.8,0
dl_3836,24,West_exit,24,16,0.8,0
dl_3836,2,East_exit,2,2,0.8,0
dl_3836,32,West_exit,31,20,0.8,0
dl_3836,31,West_exit,31,20,0.8,0
dl_3837,2,,,,,
dl_3837,26,West_exit,24,16,0.8,0
dl_3837,24,West_exit,24,16,0.8,0
dl_3837,2,East_exit,2,2,0.8,0
dl_3837,30,West_exit,30,20,0.8,0
dl_3837,32,West_exit,30,20,0.8,0
dl_3838,2,,,,,
dl_3838,26,West_exit,24,16,0.8,0
dl_3838,24,West_exit,24,16,0.8,0
dl_3838,2,East_exit,2,2,0.8,0
dl_3838,32,West_exit,32,21,0.8,0
dl_3839,1,,,,,
dl_3839,2,East_exit,2,2,0.8,0
dl_3839,24,West_exit,24,16,0.8,0
dl_3839,26,West_exit,24,16,0.8,0
dl_3840,3,,,,,
dl_3840,26,West_exit,26,17,0.8,0
dl_3840,2,East_exit,2,2,0.8,0
dl_3840,29,West_exit,28,18,0.8,0
dl_3840,28,West_exit,28,18,0.8,0
dl_3840,10,West_exit_short,10,6,0.44,0
dl_3841,3,,,,,
dl_3841,26,West_exit,26,17,0.8,0
dl_3841,2,East_exit,2,2,0.8,0
dl_3841,27,West_exit,27,18,0.8,0
dl_3841,29,West_exit,27,18,0.8,0
dl_3841,10,West_exit_short,10,6,0.44,0
dl_3842,3,,,,,
dl_3842,26,West_exit,26,17,0.8,0
dl_3842,2,East_exit,2,2,0.8,0
dl_3842,10,West_exit_short,10,6,0.44,0
dl_3842,29,West_exit,29,19,0.8,0
dl_3843,3,,,,,
dl_3843,26,West_exit,26,17,0.8,0
dl_3843,2,East_exit,2,2,0.8,0
dl_3843,10,West_exit_short,10,6,0.44,0
dl_3843,32,West_exit,31,20,0.8,0
dl_3843,31,West_exit,31,20,0.8,0
dl_3844,3,,,,,
dl_3844,26,West_exit,26,17,0.8,0
dl_3844,2,East_exit,2,2,0.8,0
dl_3844,10,West_exit_short,10,6,0.44,0
dl_3844,30,West_exit,30,20,0.8,0
dl_3844,32,West_exit,30,20,0.8,0
dl_3845,3,,,,,
dl_3845,26,West_exit,26,17,0.8,0
dl_3845,2,East_exit,2,2,0.8,0
dl_3845,10,West_exit_short,10,6,0.44,0
dl_3845,32,West_exit,32,21,0.8,0
dl_3846,3,,,,,
dl_3846,26,West_exit,26,17,0.8,0
dl_3846,2,East_exit,2,2,0.8,0
dl_3846,29,West_exit,28,18,0.8,0
dl_3846,28,West_exit,28,18,0.8,0
dl_3846,11,West_exit_short,11,7,0.44,0
dl_3847,3,,,,,
dl_3847,26,West_exit,26,17,0.8,0
dl_3847,2,East_exit,2,2,0.8,0
dl_3847,27,West_exit,27,18,0.8,0
dl_3847,29,West_exit,27,18,0.8,0
dl_3847,11,West_exit_short,11,7,0.44,0
dl_3848,3,,,,,
dl_3848,26,West_exit,26,17,0.8,0
dl_3848,2,East_exit,2,2,0.8,0
dl_3848,11,West_exit_short,11,7,0.44,0
dl_3848,29,West_exit,29,19,0.8,0
dl_3849,3,,,,,
dl_3849,26,West_exit,26,17,0.8,0
dl_3849,2,East_exit,2,2,0.8,0
dl_3849,11,West_exit_short,11,7,0.44,0
dl_3849,32,West_exit,31,20,0.8,0
dl_3849,31,West_exit,31,20,0.8,0
dl_3850,3,,,,,
dl_3850,26,West_exit,26,17,0.8,0
dl_3850,2,East_exit,2,2,0.8,0
dl_3850,11,West_exit_short,11,7,0.44,0
dl_3850,30,West_exit,30,20,0.8,0
dl_3850,32,West_exit,30,20,0.8,0
dl_3851,3,,,,,
dl_3851,26,West_exit,26,17,0.8,0
dl_3851,2,East_exit,2,2,0.8,0
dl_3851,11,West_exit_short,11,7,0.44,0
dl_3851,32,West_exit,32,21,0.8,0
dl_3852,2,,,,,
dl_3852,26,West_exit,26,17,0.8,0
dl_3852,2,East_exit,2,2,0.8,0
dl_3852,29,West_exit,28,18,0.8,0
dl_3852,28,West_exit,28,18,0.8,0
dl_3853,2,,,,,
dl_3853,26,West_exit,26,17,0.8,0
dl_3853,2,East_exit,2,2,0.8,0
dl_3853,27,West_exit,27,18,0.8,0
dl_3853,29,West_exit,27,18,0.8,0
dl_3854,2,,,,,
dl_3854,26,West_exit,26,17,0.8,0
dl_3854,2,East_exit,2,2,0.8,0
dl_3854,29,West_exit,29,19,0.8,0
dl_3855,2,,,,,
dl_3855,26,West_exit,26,17,0.8,0
dl_3855,2,East_exit,2,2,0.8,0
dl_3855,32,West_exit,31,20,0.8,0
dl_3855,31,West_exit,31,20,0.8,0
dl_3856,2,,,,,
dl_3856,26,West_exit,26,17,0.8,0
dl_3856,2,East_exit,2,2,0.8,0
dl_3856,30,West_exit,30,20,0.8,0
dl_3856,32,West_exit,30,20,0.8,0
dl_3857,2,,,,,
dl_3857,26,West_exit,26,17,0.8,0
dl_3857,2,East_exit,2,2,0.8,0
dl_3857,32,West_exit,32,21,0.8,0
dl_3858,2,,,,,
dl_3858,2,East_exit,2,2,0.8,0
dl_3858,26,West_exit,26,17,0.8,0
dl_3858,10,West_exit_short,10,6,0.44,0
dl_3859,2,,,,,
dl_3859,2,East_exit,2,2,0.8,0
dl_3859,26,West_exit,26,17,0.8,0
dl_3859,11,West_exit_short,11,7,0.44,0
dl_3860,1,,,,,
dl_3860,2,East_exit,2,2,0.8,0
dl_3860,26,West_exit,26,17,0.8,0
dl_3861,1,,,,,
dl_3861,29,West_exit,28,18,0.8,0
dl_3861,28,West_exit,28,18,0.8,0
dl_3861,2,East_exit,2,2,0.8,0
dl_3862,1,,,,,
dl_3862,27,West_exit,27,18,0.8,0
dl_3862,29,West_exit,27,18,0.8,0
dl_3862,2,East_exit,2,2,0.8,0
dl_3863,2,,,,,
dl_3863,29,West_exit,29,19,0.8,0
dl_3863,2,East_exit,2,2,0.8,0
dl_3863,28,East_exit_short,28,19,0.44,0
dl_3864,2,,,,,
dl_3864,29,West_exit,29,19,0.8,0
dl_3864,27,East_exit_short,27,19,0.44,0
dl_3864,2,East_exit,2,2,0.8,0
dl_3865,2,,,,,
dl_3865,29,West_exit,29,19,0.8,0
dl_3865,2,East_exit,2,2,0.8,0
dl_3865,26,East_exit_short,26,18,0.44,0
dl_3866,1,,,,,
dl_3866,29,West_exit,29,19,0.8,0
dl_3866,2,East_exit,2,2,0.8,0
dl_3867,1,,,,,
dl_3867,32,West_exit,31,20,0.8,0
dl_3867,31,West_exit,31,20,0.8,0
dl_3867,2,East_exit,2,2,0.8,0
dl_3868,1,,,,,
dl_3868,30,West_exit,30,20,0.8,0
dl_3868,32,West_exit,30,20,0.8,0
dl_3868,2,East_exit,2,2,0.8,0
dl_3869,2,,,,,
dl_3869,32,West_exit,32,21,0.8,0
dl_3869,2,East_exit,2,2,0.8,0
dl_3869,31,East_exit_short,31,21,0.44,0
dl_3870,2,,,,,
dl_3870,32,West_exit,32,21,0.8,0
dl_3870,30,East_exit_short,30,21,0.44,0
dl_3870,2,East_exit,2,2,0.8,0
dl_3871,2,,,,,
dl_3871,32,West_exit,32,21,0.8,0
dl_3871,2,East_exit,2,2,0.8,0
dl_3871,29,East_exit_short,29,20,0.44,0
dl_3872,1,,,,,
dl_3872,32,West_exit,32,21,0.8,0
dl_3872,2,East_exit,2,2,0.8,0
