constraint_id,segment_id/occupancy_limit,terminal,front_signal_segment_id,front_signal_head_node_id
dl_0,2,,,
dl_0,11,East_exit,11,8
dl_0,12,West_exit,12,8
dl_0,13,West_exit,13,8
dl_1,2,,,
dl_1,14,East_exit,14,10
dl_1,15,West_exit,15,10
dl_1,16,West_exit,16,10
dl_2,2,,,
dl_2,5,West_exit,5,3
dl_2,3,East_exit,3,3
dl_2,4,East_exit,4,3
dl_3,3,,,
dl_3,3,West_exit,3,2
dl_3,4,East_exit,4,3
dl_3,5,West_exit,5,3
dl_3,2,East_exit,2,2
dl_4,3,,,
dl_4,6,West_exit,6,4
dl_4,7,East_exit,7,5
dl_4,8,West_exit,8,5
dl_4,5,East_exit,5,4
dl_5,3,,,
dl_5,9,West_exit,9,6
dl_5,10,East_exit,10,7
dl_5,11,West_exit,11,7
dl_5,8,East_exit,8,6
dl_6,3,,,
dl_6,12,West_exit,12,8
dl_6,13,East_exit,13,9
dl_6,14,West_exit,14,9
dl_6,11,East_exit,11,8
dl_7,3,,,
dl_7,15,West_exit,15,10
dl_7,16,East_exit,16,11
dl_7,17,West_exit,17,11
dl_7,14,East_exit,14,10
dl_8,3,,,
dl_8,18,West_exit,18,12
dl_8,19,East_exit,19,13
dl_8,20,West_exit,20,13
dl_8,17,East_exit,17,12
dl_9,3,,,
dl_9,21,West_exit,21,14
dl_9,22,East_exit,22,15
dl_9,23,West_exit,23,15
dl_9,20,East_exit,20,14
dl_10,3,,,
dl_10,24,West_exit,24,16
dl_10,25,East_exit,25,17
dl_10,26,West_exit,26,17
dl_10,23,East_exit,23,16
dl_11,3,,,
dl_11,27,West_exit,27,18
dl_11,28,East_exit,28,19
dl_11,29,West_exit,29,19
dl_11,26,East_exit,26,18
dl_12,3,,,
dl_12,30,West_exit,30,20
dl_12,31,East_exit,31,21
dl_12,32,West_exit,32,21
dl_12,29,East_exit,29,20
dl_13,5,,,
dl_13,9,West_exit,9,6
dl_13,10,East_exit,10,7
dl_13,11,West_exit,11,7
dl_13,6,West_exit,6,4
dl_13,7,East_exit,7,5
dl_13,5,East_exit,5,4
dl_14,5,,,
dl_14,6,West_exit,6,4
dl_14,7,East_exit,7,5
dl_14,8,West_exit,8,5
dl_14,3,West_exit,3,2
dl_14,4,East_exit,4,3
dl_14,2,East_exit,2,2
dl_15,7,,,
dl_15,9,West_exit,9,6
dl_15,10,East_exit,10,7
dl_15,11,West_exit,11,7
dl_15,6,West_exit,6,4
dl_15,7,East_exit,7,5
dl_15,3,West_exit,3,2
dl_15,4,East_exit,4,3
dl_15,2,East_exit,2,2
dl_16,2,,,
dl_16,32,West_exit,32,21
dl_16,30,East_exit,30,21
dl_16,31,East_exit,31,21
dl_17,3,,,
dl_17,3,East_exit,3,3
dl_17,4,West_exit,4,2
dl_17,2,East_exit,2,2
dl_17,5,West_exit,5,3
dl_18,2,,,
dl_18,29,West_exit,29,19
dl_18,27,East_exit,27,19
dl_18,28,East_exit,28,19
dl_19,2,,,
dl_19,26,West_exit,26,17
dl_19,24,East_exit,24,17
dl_19,25,East_exit,25,17
dl_20,2,,,
dl_20,20,West_exit,20,13
dl_20,18,East_exit,18,13
dl_20,19,East_exit,19,13
dl_21,2,,,
dl_21,14,West_exit,14,9
dl_21,12,East_exit,12,9
dl_21,13,East_exit,13,9
dl_22,2,,,
dl_22,8,West_exit,8,5
dl_22,6,East_exit,6,5
dl_22,7,East_exit,7,5
dl_23,4,,,
dl_23,6,West_exit,6,4
dl_23,7,East_exit,7,5
dl_23,8,West_exit,8,5
dl_23,3,East_exit,3,3
dl_23,4,East_exit,4,3
dl_24,2,,,
dl_24,17,East_exit,17,12
dl_24,18,West_exit,18,12
dl_24,19,West_exit,19,12
dl_25,2,,,
dl_25,20,East_exit,20,14
dl_25,21,West_exit,21,14
dl_25,22,West_exit,22,14
dl_26,2,,,
dl_26,23,West_exit,23,15
dl_26,21,East_exit,21,15
dl_26,22,East_exit,22,15
dl_27,2,,,
dl_27,17,West_exit,17,11
dl_27,15,East_exit,15,11
dl_27,16,East_exit,16,11
dl_28,3,,,
dl_28,8,East_exit,8,6
dl_28,9,East_exit,9,7
dl_28,10,West_exit,10,6
dl_28,11,West_exit,11,7
dl_29,5,,,
dl_29,6,West_exit,6,4
dl_29,7,East_exit,7,5
dl_29,5,East_exit,5,4
dl_29,9,East_exit,9,7
dl_29,10,West_exit,10,6
dl_29,11,West_exit,11,7
dl_30,6,,,
dl_30,6,West_exit,6,4
dl_30,7,East_exit,7,5
dl_30,9,East_exit,9,7
dl_30,10,West_exit,10,6
dl_30,11,West_exit,11,7
dl_30,3,East_exit,3,3
dl_30,4,East_exit,4,3
dl_31,4,,,
dl_31,24,West_exit,24,16
dl_31,25,East_exit,25,17
dl_31,26,West_exit,26,17
dl_31,21,East_exit,21,15
dl_31,22,East_exit,22,15
dl_32,3,,,
dl_32,6,East_exit,6,5
dl_32,7,West_exit,7,4
dl_32,5,East_exit,5,4
dl_32,8,West_exit,8,5
dl_33,3,,,
dl_33,30,East_exit,30,21
dl_33,31,West_exit,31,20
dl_33,29,East_exit,29,20
dl_33,32,West_exit,32,21
dl_34,2,,,
dl_34,11,West_exit,11,7
dl_34,9,East_exit,9,7
dl_34,10,East_exit,10,7
dl_35,4,,,
dl_35,9,West_exit,9,6
dl_35,10,East_exit,10,7
dl_35,11,West_exit,11,7
dl_35,6,East_exit,6,5
dl_35,7,East_exit,7,5
dl_36,5,,,
dl_36,21,West_exit,21,14
dl_36,22,East_exit,22,15
dl_36,23,West_exit,23,15
dl_36,18,West_exit,18,12
dl_36,19,East_exit,19,13
dl_36,17,East_exit,17,12
dl_37,5,,,
dl_37,26,West_exit,26,17
dl_37,24,West_exit,24,16
dl_37,25,East_exit,25,17
dl_37,21,West_exit,21,14
dl_37,22,East_exit,22,15
dl_37,20,East_exit,20,14
dl_38,7,,,
dl_38,26,West_exit,26,17
dl_38,24,West_exit,24,16
dl_38,25,East_exit,25,17
dl_38,18,West_exit,18,12
dl_38,19,East_exit,19,13
dl_38,17,East_exit,17,12
dl_38,21,West_exit,21,14
dl_38,22,East_exit,22,15
dl_39,2,,,
dl_39,23,East_exit,23,16
dl_39,24,West_exit,24,16
dl_39,25,West_exit,25,16
dl_40,5,,,
dl_40,23,East_exit,23,16
dl_40,21,West_exit,21,14
dl_40,22,East_exit,22,15
dl_40,20,East_exit,20,14
dl_40,24,West_exit,24,16
dl_40,26,West_exit,26,17
dl_41,7,,,
dl_41,23,East_exit,23,16
dl_41,18,West_exit,18,12
dl_41,19,East_exit,19,13
dl_41,17,East_exit,17,12
dl_41,24,West_exit,24,16
dl_41,26,West_exit,26,17
dl_41,21,West_exit,21,14
dl_41,22,East_exit,22,15
dl_42,3,,,
dl_42,26,East_exit,26,18
dl_42,27,East_exit,27,19
dl_42,28,West_exit,28,18
dl_42,29,West_exit,29,19
dl_43,6,,,
dl_43,9,West_exit,9,6
dl_43,10,East_exit,10,7
dl_43,11,West_exit,11,7
dl_43,6,West_exit,6,4
dl_43,7,East_exit,7,5
dl_43,3,East_exit,3,3
dl_43,4,East_exit,4,3
dl_44,5,,,
dl_44,3,East_exit,3,3
dl_44,4,West_exit,4,2
dl_44,2,East_exit,2,2
dl_44,6,West_exit,6,4
dl_44,7,East_exit,7,5
dl_44,8,West_exit,8,5
dl_45,7,,,
dl_45,9,West_exit,9,6
dl_45,10,East_exit,10,7
dl_45,11,West_exit,11,7
dl_45,3,East_exit,3,3
dl_45,4,West_exit,4,2
dl_45,2,East_exit,2,2
dl_45,6,West_exit,6,4
dl_45,7,East_exit,7,5
dl_46,3,,,
dl_46,21,East_exit,21,15
dl_46,22,West_exit,22,14
dl_46,20,East_exit,20,14
dl_46,23,West_exit,23,15
dl_47,2,,,
dl_47,8,East_exit,8,6
dl_47,9,West_exit,9,6
dl_47,10,West_exit,10,6
dl_48,2,,,
dl_48,26,East_exit,26,18
dl_48,27,West_exit,27,18
dl_48,28,West_exit,28,18
dl_49,5,,,
dl_49,18,West_exit,18,12
dl_49,19,East_exit,19,13
dl_49,20,West_exit,20,13
dl_49,15,West_exit,15,10
dl_49,16,East_exit,16,11
dl_49,14,East_exit,14,10
dl_50,7,,,
dl_50,21,West_exit,21,14
dl_50,22,East_exit,22,15
dl_50,23,West_exit,23,15
dl_50,15,West_exit,15,10
dl_50,16,East_exit,16,11
dl_50,14,East_exit,14,10
dl_50,18,West_exit,18,12
dl_50,19,East_exit,19,13
dl_51,5,,,
dl_51,12,West_exit,12,8
dl_51,13,East_exit,13,9
dl_51,14,West_exit,14,9
dl_51,9,West_exit,9,6
dl_51,10,East_exit,10,7
dl_51,8,East_exit,8,6
dl_52,9,,,
dl_52,5,East_exit,5,4
dl_52,12,West_exit,12,8
dl_52,13,East_exit,13,9
dl_52,14,West_exit,14,9
dl_52,9,West_exit,9,6
dl_52,10,East_exit,10,7
dl_52,6,West_exit,6,4
dl_52,7,East_exit,7,5
dl_52,3,East_exit,3,3
dl_52,4,East_exit,4,3
dl_53,7,,,
dl_53,12,West_exit,12,8
dl_53,13,East_exit,13,9
dl_53,14,West_exit,14,9
dl_53,9,West_exit,9,6
dl_53,10,East_exit,10,7
dl_53,6,West_exit,6,4
dl_53,7,East_exit,7,5
dl_53,5,East_exit,5,4
dl_54,8,,,
dl_54,12,West_exit,12,8
dl_54,13,East_exit,13,9
dl_54,14,West_exit,14,9
dl_54,9,West_exit,9,6
dl_54,10,East_exit,10,7
dl_54,6,West_exit,6,4
dl_54,7,East_exit,7,5
dl_54,3,East_exit,3,3
dl_54,4,East_exit,4,3
dl_55,5,,,
dl_55,9,West_exit,9,6
dl_55,8,East_exit,8,6
dl_55,11,West_exit,11,7
dl_55,6,West_exit,6,4
dl_55,7,East_exit,7,5
dl_55,5,East_exit,5,4
dl_56,6,,,
dl_56,9,West_exit,9,6
dl_56,8,East_exit,8,6
dl_56,11,West_exit,11,7
dl_56,6,West_exit,6,4
dl_56,7,East_exit,7,5
dl_56,3,East_exit,3,3
dl_56,4,East_exit,4,3
dl_57,9,,,
dl_57,12,West_exit,12,8
dl_57,13,East_exit,13,9
dl_57,14,West_exit,14,9
dl_57,5,East_exit,5,4
dl_57,9,West_exit,9,6
dl_57,8,East_exit,8,6
dl_57,6,West_exit,6,4
dl_57,7,East_exit,7,5
dl_57,3,East_exit,3,3
dl_57,4,East_exit,4,3
dl_58,7,,,
dl_58,12,West_exit,12,8
dl_58,13,East_exit,13,9
dl_58,14,West_exit,14,9
dl_58,8,East_exit,8,6
dl_58,6,West_exit,6,4
dl_58,7,East_exit,7,5
dl_58,5,East_exit,5,4
dl_58,9,West_exit,9,6
dl_59,8,,,
dl_59,12,West_exit,12,8
dl_59,13,East_exit,13,9
dl_59,14,West_exit,14,9
dl_59,8,East_exit,8,6
dl_59,6,West_exit,6,4
dl_59,7,East_exit,7,5
dl_59,9,West_exit,9,6
dl_59,3,East_exit,3,3
dl_59,4,East_exit,4,3
dl_60,2,,,
dl_60,5,East_exit,5,4
dl_60,6,West_exit,6,4
dl_60,7,West_exit,7,4
dl_61,4,,,
dl_61,5,East_exit,5,4
dl_61,6,West_exit,6,4
dl_61,8,West_exit,8,5
dl_61,3,East_exit,3,3
dl_61,4,East_exit,4,3
dl_62,6,,,
dl_62,5,East_exit,5,4
dl_62,9,West_exit,9,6
dl_62,10,East_exit,10,7
dl_62,11,West_exit,11,7
dl_62,6,West_exit,6,4
dl_62,3,East_exit,3,3
dl_62,4,East_exit,4,3
dl_63,8,,,
dl_63,5,East_exit,5,4
dl_63,12,West_exit,12,8
dl_63,13,East_exit,13,9
dl_63,14,West_exit,14,9
dl_63,9,West_exit,9,6
dl_63,10,East_exit,10,7
dl_63,6,West_exit,6,4
dl_63,3,East_exit,3,3
dl_63,4,East_exit,4,3
dl_64,6,,,
dl_64,5,East_exit,5,4
dl_64,9,West_exit,9,6
dl_64,8,East_exit,8,6
dl_64,6,West_exit,6,4
dl_64,11,West_exit,11,7
dl_64,3,East_exit,3,3
dl_64,4,East_exit,4,3
dl_65,8,,,
dl_65,12,West_exit,12,8
dl_65,13,East_exit,13,9
dl_65,14,West_exit,14,9
dl_65,5,East_exit,5,4
dl_65,9,West_exit,9,6
dl_65,8,East_exit,8,6
dl_65,6,West_exit,6,4
dl_65,3,East_exit,3,3
dl_65,4,East_exit,4,3
dl_66,3,,,
dl_66,18,East_exit,18,13
dl_66,19,West_exit,19,12
dl_66,17,East_exit,17,12
dl_66,20,West_exit,20,13
dl_67,3,,,
dl_67,15,East_exit,15,11
dl_67,16,West_exit,16,10
dl_67,14,East_exit,14,10
dl_67,17,West_exit,17,11
dl_68,3,,,
dl_68,12,East_exit,12,9
dl_68,13,West_exit,13,8
dl_68,11,East_exit,11,8
dl_68,14,West_exit,14,9
dl_69,3,,,
dl_69,24,East_exit,24,17
dl_69,25,West_exit,25,16
dl_69,23,East_exit,23,16
dl_69,26,West_exit,26,17
dl_70,5,,,
dl_70,12,East_exit,12,9
dl_70,13,West_exit,13,8
dl_70,11,East_exit,11,8
dl_70,15,East_exit,15,11
dl_70,16,West_exit,16,10
dl_70,17,West_exit,17,11
dl_71,4,,,
dl_71,15,East_exit,15,11
dl_71,16,West_exit,16,10
dl_71,14,East_exit,14,10
dl_71,18,West_exit,18,12
dl_71,19,West_exit,19,12
dl_72,6,,,
dl_72,12,East_exit,12,9
dl_72,13,West_exit,13,8
dl_72,11,East_exit,11,8
dl_72,15,East_exit,15,11
dl_72,16,West_exit,16,10
dl_72,18,West_exit,18,12
dl_72,19,West_exit,19,12
dl_73,5,,,
dl_73,3,East_exit,3,3
dl_73,4,West_exit,4,2
dl_73,2,East_exit,2,2
dl_73,6,East_exit,6,5
dl_73,7,West_exit,7,4
dl_73,8,West_exit,8,5
dl_74,5,,,
dl_74,6,East_exit,6,5
dl_74,7,West_exit,7,4
dl_74,5,East_exit,5,4
dl_74,9,East_exit,9,7
dl_74,10,West_exit,10,6
dl_74,11,West_exit,11,7
dl_75,7,,,
dl_75,3,East_exit,3,3
dl_75,4,West_exit,4,2
dl_75,2,East_exit,2,2
dl_75,9,East_exit,9,7
dl_75,10,West_exit,10,6
dl_75,11,West_exit,11,7
dl_75,6,East_exit,6,5
dl_75,7,West_exit,7,4
dl_76,5,,,
dl_76,18,East_exit,18,13
dl_76,19,West_exit,19,12
dl_76,17,East_exit,17,12
dl_76,21,East_exit,21,15
dl_76,22,West_exit,22,14
dl_76,23,West_exit,23,15
dl_77,5,,,
dl_77,8,East_exit,8,6
dl_77,12,East_exit,12,9
dl_77,13,West_exit,13,8
dl_77,14,West_exit,14,9
dl_77,9,East_exit,9,7
dl_77,10,West_exit,10,6
dl_78,7,,,
dl_78,6,East_exit,6,5
dl_78,7,West_exit,7,4
dl_78,5,East_exit,5,4
dl_78,12,East_exit,12,9
dl_78,13,West_exit,13,8
dl_78,14,West_exit,14,9
dl_78,9,East_exit,9,7
dl_78,10,West_exit,10,6
dl_79,9,,,
dl_79,3,East_exit,3,3
dl_79,4,West_exit,4,2
dl_79,2,East_exit,2,2
dl_79,6,East_exit,6,5
dl_79,7,West_exit,7,4
dl_79,12,East_exit,12,9
dl_79,13,West_exit,13,8
dl_79,14,West_exit,14,9
dl_79,9,East_exit,9,7
dl_79,10,West_exit,10,6
dl_80,9,,,
dl_80,8,East_exit,8,6
dl_80,9,East_exit,9,7
dl_80,10,West_exit,10,6
dl_80,17,West_exit,17,11
dl_80,15,East_exit,15,11
dl_80,16,West_exit,16,10
dl_80,18,West_exit,18,12
dl_80,19,West_exit,19,12
dl_80,12,East_exit,12,9
dl_80,13,West_exit,13,8
dl_81,7,,,
dl_81,8,East_exit,8,6
dl_81,9,East_exit,9,7
dl_81,10,West_exit,10,6
dl_81,15,East_exit,15,11
dl_81,16,West_exit,16,10
dl_81,17,West_exit,17,11
dl_81,12,East_exit,12,9
dl_81,13,West_exit,13,8
dl_82,11,,,
dl_82,6,East_exit,6,5
dl_82,7,West_exit,7,4
dl_82,5,East_exit,5,4
dl_82,9,East_exit,9,7
dl_82,10,West_exit,10,6
dl_82,17,West_exit,17,11
dl_82,15,East_exit,15,11
dl_82,16,West_exit,16,10
dl_82,18,West_exit,18,12
dl_82,19,West_exit,19,12
dl_82,12,East_exit,12,9
dl_82,13,West_exit,13,8
dl_83,9,,,
dl_83,6,East_exit,6,5
dl_83,7,West_exit,7,4
dl_83,5,East_exit,5,4
dl_83,9,East_exit,9,7
dl_83,10,West_exit,10,6
dl_83,15,East_exit,15,11
dl_83,16,West_exit,16,10
dl_83,17,West_exit,17,11
dl_83,12,East_exit,12,9
dl_83,13,West_exit,13,8
dl_84,13,,,
dl_84,3,East_exit,3,3
dl_84,4,West_exit,4,2
dl_84,2,East_exit,2,2
dl_84,6,East_exit,6,5
dl_84,7,West_exit,7,4
dl_84,9,East_exit,9,7
dl_84,10,West_exit,10,6
dl_84,17,West_exit,17,11
dl_84,15,East_exit,15,11
dl_84,16,West_exit,16,10
dl_84,18,West_exit,18,12
dl_84,19,West_exit,19,12
dl_84,12,East_exit,12,9
dl_84,13,West_exit,13,8
dl_85,11,,,
dl_85,3,East_exit,3,3
dl_85,4,West_exit,4,2
dl_85,2,East_exit,2,2
dl_85,6,East_exit,6,5
dl_85,7,West_exit,7,4
dl_85,9,East_exit,9,7
dl_85,10,West_exit,10,6
dl_85,15,East_exit,15,11
dl_85,16,West_exit,16,10
dl_85,17,West_exit,17,11
dl_85,12,East_exit,12,9
dl_85,13,West_exit,13,8
dl_86,5,,,
dl_86,15,East_exit,15,11
dl_86,16,West_exit,16,10
dl_86,14,East_exit,14,10
dl_86,18,East_exit,18,13
dl_86,19,West_exit,19,12
dl_86,20,West_exit,20,13
dl_87,7,,,
dl_87,12,East_exit,12,9
dl_87,13,West_exit,13,8
dl_87,11,East_exit,11,8
dl_87,18,East_exit,18,13
dl_87,19,West_exit,19,12
dl_87,20,West_exit,20,13
dl_87,15,East_exit,15,11
dl_87,16,West_exit,16,10
dl_88,9,,,
dl_88,8,East_exit,8,6
dl_88,9,East_exit,9,7
dl_88,10,West_exit,10,6
dl_88,12,East_exit,12,9
dl_88,13,West_exit,13,8
dl_88,18,East_exit,18,13
dl_88,19,West_exit,19,12
dl_88,20,West_exit,20,13
dl_88,15,East_exit,15,11
dl_88,16,West_exit,16,10
dl_89,11,,,
dl_89,6,East_exit,6,5
dl_89,7,West_exit,7,4
dl_89,5,East_exit,5,4
dl_89,9,East_exit,9,7
dl_89,10,West_exit,10,6
dl_89,12,East_exit,12,9
dl_89,13,West_exit,13,8
dl_89,18,East_exit,18,13
dl_89,19,West_exit,19,12
dl_89,20,West_exit,20,13
dl_89,15,East_exit,15,11
dl_89,16,West_exit,16,10
dl_90,13,,,
dl_90,3,East_exit,3,3
dl_90,4,West_exit,4,2
dl_90,2,East_exit,2,2
dl_90,6,East_exit,6,5
dl_90,7,West_exit,7,4
dl_90,9,East_exit,9,7
dl_90,10,West_exit,10,6
dl_90,12,East_exit,12,9
dl_90,13,West_exit,13,8
dl_90,18,East_exit,18,13
dl_90,19,West_exit,19,12
dl_90,20,West_exit,20,13
dl_90,15,East_exit,15,11
dl_90,16,West_exit,16,10
dl_91,5,,,
dl_91,8,West_exit,8,5
dl_91,9,East_exit,9,7
dl_91,10,West_exit,10,6
dl_91,11,West_exit,11,7
dl_91,6,East_exit,6,5
dl_91,5,East_exit,5,4
dl_92,7,,,
dl_92,8,West_exit,8,5
dl_92,9,East_exit,9,7
dl_92,10,West_exit,10,6
dl_92,11,West_exit,11,7
dl_92,3,East_exit,3,3
dl_92,4,West_exit,4,2
dl_92,2,East_exit,2,2
dl_92,6,East_exit,6,5
dl_93,7,,,
dl_93,8,West_exit,8,5
dl_93,12,East_exit,12,9
dl_93,13,West_exit,13,8
dl_93,14,West_exit,14,9
dl_93,6,East_exit,6,5
dl_93,5,East_exit,5,4
dl_93,9,East_exit,9,7
dl_93,10,West_exit,10,6
dl_94,9,,,
dl_94,3,East_exit,3,3
dl_94,4,West_exit,4,2
dl_94,2,East_exit,2,2
dl_94,8,West_exit,8,5
dl_94,12,East_exit,12,9
dl_94,13,West_exit,13,8
dl_94,14,West_exit,14,9
dl_94,6,East_exit,6,5
dl_94,9,East_exit,9,7
dl_94,10,West_exit,10,6
dl_95,11,,,
dl_95,8,West_exit,8,5
dl_95,9,East_exit,9,7
dl_95,10,West_exit,10,6
dl_95,6,East_exit,6,5
dl_95,5,East_exit,5,4
dl_95,17,West_exit,17,11
dl_95,15,East_exit,15,11
dl_95,16,West_exit,16,10
dl_95,18,West_exit,18,12
dl_95,19,West_exit,19,12
dl_95,12,East_exit,12,9
dl_95,13,West_exit,13,8
dl_96,9,,,
dl_96,8,West_exit,8,5
dl_96,9,East_exit,9,7
dl_96,10,West_exit,10,6
dl_96,6,East_exit,6,5
dl_96,5,East_exit,5,4
dl_96,15,East_exit,15,11
dl_96,16,West_exit,16,10
dl_96,17,West_exit,17,11
dl_96,12,East_exit,12,9
dl_96,13,West_exit,13,8
dl_97,13,,,
dl_97,8,West_exit,8,5
dl_97,9,East_exit,9,7
dl_97,10,West_exit,10,6
dl_97,3,East_exit,3,3
dl_97,4,West_exit,4,2
dl_97,2,East_exit,2,2
dl_97,6,East_exit,6,5
dl_97,17,West_exit,17,11
dl_97,15,East_exit,15,11
dl_97,16,West_exit,16,10
dl_97,18,West_exit,18,12
dl_97,19,West_exit,19,12
dl_97,12,East_exit,12,9
dl_97,13,West_exit,13,8
dl_98,11,,,
dl_98,8,West_exit,8,5
dl_98,9,East_exit,9,7
dl_98,10,West_exit,10,6
dl_98,3,East_exit,3,3
dl_98,4,West_exit,4,2
dl_98,2,East_exit,2,2
dl_98,6,East_exit,6,5
dl_98,15,East_exit,15,11
dl_98,16,West_exit,16,10
dl_98,17,West_exit,17,11
dl_98,12,East_exit,12,9
dl_98,13,West_exit,13,8
dl_99,11,,,
dl_99,8,West_exit,8,5
dl_99,9,East_exit,9,7
dl_99,10,West_exit,10,6
dl_99,6,East_exit,6,5
dl_99,5,East_exit,5,4
dl_99,12,East_exit,12,9
dl_99,13,West_exit,13,8
dl_99,18,East_exit,18,13
dl_99,19,West_exit,19,12
dl_99,20,West_exit,20,13
dl_99,15,East_exit,15,11
dl_99,16,West_exit,16,10
dl_100,13,,,
dl_100,8,West_exit,8,5
dl_100,9,East_exit,9,7
dl_100,10,West_exit,10,6
dl_100,3,East_exit,3,3
dl_100,4,West_exit,4,2
dl_100,2,East_exit,2,2
dl_100,6,East_exit,6,5
dl_100,12,East_exit,12,9
dl_100,13,West_exit,13,8
dl_100,18,East_exit,18,13
dl_100,19,West_exit,19,12
dl_100,20,West_exit,20,13
dl_100,15,East_exit,15,11
dl_100,16,West_exit,16,10
dl_101,4,,,
dl_101,21,East_exit,21,15
dl_101,22,West_exit,22,14
dl_101,20,East_exit,20,14
dl_101,24,West_exit,24,16
dl_101,25,West_exit,25,16
dl_102,2,,,
dl_102,29,East_exit,29,20
dl_102,30,West_exit,30,20
dl_102,31,West_exit,31,20
dl_103,13,,,
dl_103,15,West_exit,15,10
dl_103,16,East_exit,16,11
dl_103,17,West_exit,17,11
dl_103,5,East_exit,5,4
dl_103,8,East_exit,8,6
dl_103,6,West_exit,6,4
dl_103,7,East_exit,7,5
dl_103,12,West_exit,12,8
dl_103,13,East_exit,13,9
dl_103,11,East_exit,11,8
dl_103,9,West_exit,9,6
dl_103,10,East_exit,10,7
dl_103,3,East_exit,3,3
dl_103,4,East_exit,4,3
dl_104,11,,,
dl_104,15,West_exit,15,10
dl_104,16,East_exit,16,11
dl_104,17,West_exit,17,11
dl_104,8,East_exit,8,6
dl_104,6,West_exit,6,4
dl_104,7,East_exit,7,5
dl_104,5,East_exit,5,4
dl_104,12,West_exit,12,8
dl_104,13,East_exit,13,9
dl_104,11,East_exit,11,8
dl_104,9,West_exit,9,6
dl_104,10,East_exit,10,7
dl_105,12,,,
dl_105,15,West_exit,15,10
dl_105,16,East_exit,16,11
dl_105,17,West_exit,17,11
dl_105,8,East_exit,8,6
dl_105,6,West_exit,6,4
dl_105,7,East_exit,7,5
dl_105,12,West_exit,12,8
dl_105,13,East_exit,13,9
dl_105,11,East_exit,11,8
dl_105,9,West_exit,9,6
dl_105,10,East_exit,10,7
dl_105,3,East_exit,3,3
dl_105,4,East_exit,4,3
dl_106,12,,,
dl_106,5,East_exit,5,4
dl_106,15,West_exit,15,10
dl_106,16,East_exit,16,11
dl_106,17,West_exit,17,11
dl_106,6,West_exit,6,4
dl_106,8,East_exit,8,6
dl_106,12,West_exit,12,8
dl_106,13,East_exit,13,9
dl_106,11,East_exit,11,8
dl_106,9,West_exit,9,6
dl_106,10,East_exit,10,7
dl_106,3,East_exit,3,3
dl_106,4,East_exit,4,3
dl_107,12,,,
dl_107,5,East_exit,5,4
dl_107,11,East_exit,11,8
dl_107,15,West_exit,15,10
dl_107,16,East_exit,16,11
dl_107,17,West_exit,17,11
dl_107,12,West_exit,12,8
dl_107,13,East_exit,13,9
dl_107,9,West_exit,9,6
dl_107,10,East_exit,10,7
dl_107,6,West_exit,6,4
dl_107,7,East_exit,7,5
dl_107,3,East_exit,3,3
dl_107,4,East_exit,4,3
dl_108,5,,,
dl_108,17,West_exit,17,11
dl_108,15,West_exit,15,10
dl_108,16,East_exit,16,11
dl_108,12,West_exit,12,8
dl_108,13,East_exit,13,9
dl_108,11,East_exit,11,8
dl_109,15,,,
dl_109,18,West_exit,18,12
dl_109,19,East_exit,19,13
dl_109,20,West_exit,20,13
dl_109,5,East_exit,5,4
dl_109,8,East_exit,8,6
dl_109,6,West_exit,6,4
dl_109,7,East_exit,7,5
dl_109,12,West_exit,12,8
dl_109,13,East_exit,13,9
dl_109,11,East_exit,11,8
dl_109,9,West_exit,9,6
dl_109,10,East_exit,10,7
dl_109,3,East_exit,3,3
dl_109,4,East_exit,4,3
dl_109,15,West_exit,15,10
dl_109,16,East_exit,16,11
dl_110,13,,,
dl_110,18,West_exit,18,12
dl_110,19,East_exit,19,13
dl_110,20,West_exit,20,13
dl_110,8,East_exit,8,6
dl_110,6,West_exit,6,4
dl_110,7,East_exit,7,5
dl_110,5,East_exit,5,4
dl_110,12,West_exit,12,8
dl_110,13,East_exit,13,9
dl_110,11,East_exit,11,8
dl_110,9,West_exit,9,6
dl_110,10,East_exit,10,7
dl_110,15,West_exit,15,10
dl_110,16,East_exit,16,11
dl_111,14,,,
dl_111,18,West_exit,18,12
dl_111,19,East_exit,19,13
dl_111,20,West_exit,20,13
dl_111,8,East_exit,8,6
dl_111,6,West_exit,6,4
dl_111,7,East_exit,7,5
dl_111,12,West_exit,12,8
dl_111,13,East_exit,13,9
dl_111,11,East_exit,11,8
dl_111,9,West_exit,9,6
dl_111,10,East_exit,10,7
dl_111,15,West_exit,15,10
dl_111,16,East_exit,16,11
dl_111,3,East_exit,3,3
dl_111,4,East_exit,4,3
dl_112,14,,,
dl_112,18,West_exit,18,12
dl_112,19,East_exit,19,13
dl_112,20,West_exit,20,13
dl_112,5,East_exit,5,4
dl_112,12,West_exit,12,8
dl_112,13,East_exit,13,9
dl_112,11,East_exit,11,8
dl_112,9,West_exit,9,6
dl_112,10,East_exit,10,7
dl_112,8,East_exit,8,6
dl_112,6,West_exit,6,4
dl_112,3,East_exit,3,3
dl_112,4,East_exit,4,3
dl_112,15,West_exit,15,10
dl_112,16,East_exit,16,11
dl_113,14,,,
dl_113,18,West_exit,18,12
dl_113,19,East_exit,19,13
dl_113,20,West_exit,20,13
dl_113,5,East_exit,5,4
dl_113,11,East_exit,11,8
dl_113,12,West_exit,12,8
dl_113,13,East_exit,13,9
dl_113,9,West_exit,9,6
dl_113,10,East_exit,10,7
dl_113,6,West_exit,6,4
dl_113,7,East_exit,7,5
dl_113,3,East_exit,3,3
dl_113,4,East_exit,4,3
dl_113,15,West_exit,15,10
dl_113,16,East_exit,16,11
dl_114,7,,,
dl_114,18,West_exit,18,12
dl_114,19,East_exit,19,13
dl_114,20,West_exit,20,13
dl_114,15,West_exit,15,10
dl_114,16,East_exit,16,11
dl_114,12,West_exit,12,8
dl_114,13,East_exit,13,9
dl_114,11,East_exit,11,8
dl_115,17,,,
dl_115,21,West_exit,21,14
dl_115,22,East_exit,22,15
dl_115,23,West_exit,23,15
dl_115,18,West_exit,18,12
dl_115,19,East_exit,19,13
dl_115,5,East_exit,5,4
dl_115,8,East_exit,8,6
dl_115,6,West_exit,6,4
dl_115,7,East_exit,7,5
dl_115,12,West_exit,12,8
dl_115,13,East_exit,13,9
dl_115,11,East_exit,11,8
dl_115,9,West_exit,9,6
dl_115,10,East_exit,10,7
dl_115,3,East_exit,3,3
dl_115,4,East_exit,4,3
dl_115,15,West_exit,15,10
dl_115,16,East_exit,16,11
dl_116,15,,,
dl_116,21,West_exit,21,14
dl_116,22,East_exit,22,15
dl_116,23,West_exit,23,15
dl_116,18,West_exit,18,12
dl_116,19,East_exit,19,13
dl_116,8,East_exit,8,6
dl_116,6,West_exit,6,4
dl_116,7,East_exit,7,5
dl_116,5,East_exit,5,4
dl_116,12,West_exit,12,8
dl_116,13,East_exit,13,9
dl_116,11,East_exit,11,8
dl_116,9,West_exit,9,6
dl_116,10,East_exit,10,7
dl_116,15,West_exit,15,10
dl_116,16,East_exit,16,11
dl_117,16,,,
dl_117,21,West_exit,21,14
dl_117,22,East_exit,22,15
dl_117,23,West_exit,23,15
dl_117,18,West_exit,18,12
dl_117,19,East_exit,19,13
dl_117,8,East_exit,8,6
dl_117,6,West_exit,6,4
dl_117,7,East_exit,7,5
dl_117,12,West_exit,12,8
dl_117,13,East_exit,13,9
dl_117,11,East_exit,11,8
dl_117,9,West_exit,9,6
dl_117,10,East_exit,10,7
dl_117,15,West_exit,15,10
dl_117,16,East_exit,16,11
dl_117,3,East_exit,3,3
dl_117,4,East_exit,4,3
dl_118,16,,,
dl_118,21,West_exit,21,14
dl_118,22,East_exit,22,15
dl_118,23,West_exit,23,15
dl_118,18,West_exit,18,12
dl_118,19,East_exit,19,13
dl_118,5,East_exit,5,4
dl_118,12,West_exit,12,8
dl_118,13,East_exit,13,9
dl_118,11,East_exit,11,8
dl_118,9,West_exit,9,6
dl_118,10,East_exit,10,7
dl_118,8,East_exit,8,6
dl_118,6,West_exit,6,4
dl_118,3,East_exit,3,3
dl_118,4,East_exit,4,3
dl_118,15,West_exit,15,10
dl_118,16,East_exit,16,11
dl_119,16,,,
dl_119,21,West_exit,21,14
dl_119,22,East_exit,22,15
dl_119,23,West_exit,23,15
dl_119,18,West_exit,18,12
dl_119,19,East_exit,19,13
dl_119,5,East_exit,5,4
dl_119,11,East_exit,11,8
dl_119,12,West_exit,12,8
dl_119,13,East_exit,13,9
dl_119,9,West_exit,9,6
dl_119,10,East_exit,10,7
dl_119,6,West_exit,6,4
dl_119,7,East_exit,7,5
dl_119,3,East_exit,3,3
dl_119,4,East_exit,4,3
dl_119,15,West_exit,15,10
dl_119,16,East_exit,16,11
dl_120,9,,,
dl_120,21,West_exit,21,14
dl_120,22,East_exit,22,15
dl_120,23,West_exit,23,15
dl_120,18,West_exit,18,12
dl_120,19,East_exit,19,13
dl_120,15,West_exit,15,10
dl_120,16,East_exit,16,11
dl_120,12,West_exit,12,8
dl_120,13,East_exit,13,9
dl_120,11,East_exit,11,8
dl_121,12,,,
dl_121,17,West_exit,17,11
dl_121,15,West_exit,15,10
dl_121,16,East_exit,16,11
dl_121,5,East_exit,5,4
dl_121,8,East_exit,8,6
dl_121,6,West_exit,6,4
dl_121,7,East_exit,7,5
dl_121,9,West_exit,9,6
dl_121,10,East_exit,10,7
dl_121,3,East_exit,3,3
dl_121,4,East_exit,4,3
dl_121,12,West_exit,12,8
dl_121,13,East_exit,13,9
dl_122,10,,,
dl_122,17,West_exit,17,11
dl_122,15,West_exit,15,10
dl_122,16,East_exit,16,11
dl_122,8,East_exit,8,6
dl_122,6,West_exit,6,4
dl_122,7,East_exit,7,5
dl_122,5,East_exit,5,4
dl_122,9,West_exit,9,6
dl_122,10,East_exit,10,7
dl_122,12,West_exit,12,8
dl_122,13,East_exit,13,9
dl_123,11,,,
dl_123,17,West_exit,17,11
dl_123,15,West_exit,15,10
dl_123,16,East_exit,16,11
dl_123,8,East_exit,8,6
dl_123,6,West_exit,6,4
dl_123,7,East_exit,7,5
dl_123,9,West_exit,9,6
dl_123,10,East_exit,10,7
dl_123,12,West_exit,12,8
dl_123,13,East_exit,13,9
dl_123,3,East_exit,3,3
dl_123,4,East_exit,4,3
dl_124,7,,,
dl_124,15,West_exit,15,10
dl_124,16,East_exit,16,11
dl_124,17,West_exit,17,11
dl_124,12,West_exit,12,8
dl_124,13,East_exit,13,9
dl_124,9,West_exit,9,6
dl_124,10,East_exit,10,7
dl_124,8,East_exit,8,6
dl_125,14,,,
dl_125,18,West_exit,18,12
dl_125,19,East_exit,19,13
dl_125,20,West_exit,20,13
dl_125,15,West_exit,15,10
dl_125,16,East_exit,16,11
dl_125,5,East_exit,5,4
dl_125,8,East_exit,8,6
dl_125,6,West_exit,6,4
dl_125,7,East_exit,7,5
dl_125,9,West_exit,9,6
dl_125,10,East_exit,10,7
dl_125,3,East_exit,3,3
dl_125,4,East_exit,4,3
dl_125,12,West_exit,12,8
dl_125,13,East_exit,13,9
dl_126,12,,,
dl_126,18,West_exit,18,12
dl_126,19,East_exit,19,13
dl_126,20,West_exit,20,13
dl_126,15,West_exit,15,10
dl_126,16,East_exit,16,11
dl_126,8,East_exit,8,6
dl_126,6,West_exit,6,4
dl_126,7,East_exit,7,5
dl_126,5,East_exit,5,4
dl_126,9,West_exit,9,6
dl_126,10,East_exit,10,7
dl_126,12,West_exit,12,8
dl_126,13,East_exit,13,9
dl_127,13,,,
dl_127,18,West_exit,18,12
dl_127,19,East_exit,19,13
dl_127,20,West_exit,20,13
dl_127,15,West_exit,15,10
dl_127,16,East_exit,16,11
dl_127,8,East_exit,8,6
dl_127,6,West_exit,6,4
dl_127,7,East_exit,7,5
dl_127,9,West_exit,9,6
dl_127,10,East_exit,10,7
dl_127,12,West_exit,12,8
dl_127,13,East_exit,13,9
dl_127,3,East_exit,3,3
dl_127,4,East_exit,4,3
dl_128,9,,,
dl_128,18,West_exit,18,12
dl_128,19,East_exit,19,13
dl_128,20,West_exit,20,13
dl_128,15,West_exit,15,10
dl_128,16,East_exit,16,11
dl_128,12,West_exit,12,8
dl_128,13,East_exit,13,9
dl_128,9,West_exit,9,6
dl_128,10,East_exit,10,7
dl_128,8,East_exit,8,6
dl_129,11,,,
dl_129,5,East_exit,5,4
dl_129,15,West_exit,15,10
dl_129,16,East_exit,16,11
dl_129,17,West_exit,17,11
dl_129,12,West_exit,12,8
dl_129,13,East_exit,13,9
dl_129,9,West_exit,9,6
dl_129,10,East_exit,10,7
dl_129,6,West_exit,6,4
dl_129,7,East_exit,7,5
dl_129,3,East_exit,3,3
dl_129,4,East_exit,4,3
dl_130,9,,,
dl_130,15,West_exit,15,10
dl_130,16,East_exit,16,11
dl_130,17,West_exit,17,11
dl_130,12,West_exit,12,8
dl_130,13,East_exit,13,9
dl_130,9,West_exit,9,6
dl_130,10,East_exit,10,7
dl_130,6,West_exit,6,4
dl_130,7,East_exit,7,5
dl_130,5,East_exit,5,4
dl_131,13,,,
dl_131,5,East_exit,5,4
dl_131,18,West_exit,18,12
dl_131,19,East_exit,19,13
dl_131,20,West_exit,20,13
dl_131,15,West_exit,15,10
dl_131,16,East_exit,16,11
dl_131,12,West_exit,12,8
dl_131,13,East_exit,13,9
dl_131,9,West_exit,9,6
dl_131,10,East_exit,10,7
dl_131,6,West_exit,6,4
dl_131,7,East_exit,7,5
dl_131,3,East_exit,3,3
dl_131,4,East_exit,4,3
dl_132,11,,,
dl_132,18,West_exit,18,12
dl_132,19,East_exit,19,13
dl_132,20,West_exit,20,13
dl_132,15,West_exit,15,10
dl_132,16,East_exit,16,11
dl_132,12,West_exit,12,8
dl_132,13,East_exit,13,9
dl_132,9,West_exit,9,6
dl_132,10,East_exit,10,7
dl_132,6,West_exit,6,4
dl_132,7,East_exit,7,5
dl_132,5,East_exit,5,4
dl_133,10,,,
dl_133,15,West_exit,15,10
dl_133,16,East_exit,16,11
dl_133,17,West_exit,17,11
dl_133,12,West_exit,12,8
dl_133,13,East_exit,13,9
dl_133,9,West_exit,9,6
dl_133,10,East_exit,10,7
dl_133,6,West_exit,6,4
dl_133,7,East_exit,7,5
dl_133,3,East_exit,3,3
dl_133,4,East_exit,4,3
dl_134,12,,,
dl_134,18,West_exit,18,12
dl_134,19,East_exit,19,13
dl_134,20,West_exit,20,13
dl_134,15,West_exit,15,10
dl_134,16,East_exit,16,11
dl_134,12,West_exit,12,8
dl_134,13,East_exit,13,9
dl_134,9,West_exit,9,6
dl_134,10,East_exit,10,7
dl_134,6,West_exit,6,4
dl_134,7,East_exit,7,5
dl_134,3,East_exit,3,3
dl_134,4,East_exit,4,3
dl_135,5,,,
dl_135,3,West_exit,3,2
dl_135,4,East_exit,4,3
dl_135,2,East_exit,2,2
dl_135,6,East_exit,6,5
dl_135,7,West_exit,7,4
dl_135,8,West_exit,8,5
dl_136,7,,,
dl_136,3,West_exit,3,2
dl_136,4,East_exit,4,3
dl_136,2,East_exit,2,2
dl_136,9,East_exit,9,7
dl_136,10,West_exit,10,6
dl_136,11,West_exit,11,7
dl_136,6,East_exit,6,5
dl_136,7,West_exit,7,4
dl_137,9,,,
dl_137,12,West_exit,12,8
dl_137,13,East_exit,13,9
dl_137,14,West_exit,14,9
dl_137,9,West_exit,9,6
dl_137,10,East_exit,10,7
dl_137,3,East_exit,3,3
dl_137,4,West_exit,4,2
dl_137,2,East_exit,2,2
dl_137,6,West_exit,6,4
dl_137,7,East_exit,7,5
dl_138,5,,,
dl_138,6,East_exit,6,5
dl_138,7,West_exit,7,4
dl_138,5,East_exit,5,4
dl_138,9,West_exit,9,6
dl_138,10,East_exit,10,7
dl_138,11,West_exit,11,7
dl_139,4,,,
dl_139,6,East_exit,6,5
dl_139,7,West_exit,7,4
dl_139,8,West_exit,8,5
dl_139,3,East_exit,3,3
dl_139,4,East_exit,4,3
dl_140,6,,,
dl_140,6,East_exit,6,5
dl_140,7,West_exit,7,4
dl_140,9,West_exit,9,6
dl_140,10,East_exit,10,7
dl_140,11,West_exit,11,7
dl_140,3,East_exit,3,3
dl_140,4,East_exit,4,3
dl_141,14,,,
dl_141,3,West_exit,3,2
dl_141,4,East_exit,4,3
dl_141,2,East_exit,2,2
dl_141,6,East_exit,6,5
dl_141,7,West_exit,7,4
dl_141,17,West_exit,17,11
dl_141,12,East_exit,12,9
dl_141,13,West_exit,13,8
dl_141,14,West_exit,14,9
dl_141,15,East_exit,15,11
dl_141,16,West_exit,16,10
dl_141,18,West_exit,18,12
dl_141,19,West_exit,19,12
dl_141,9,East_exit,9,7
dl_141,10,West_exit,10,6
dl_142,12,,,
dl_142,3,West_exit,3,2
dl_142,4,East_exit,4,3
dl_142,2,East_exit,2,2
dl_142,6,East_exit,6,5
dl_142,7,West_exit,7,4
dl_142,12,East_exit,12,9
dl_142,13,West_exit,13,8
dl_142,14,West_exit,14,9
dl_142,15,East_exit,15,11
dl_142,16,West_exit,16,10
dl_142,17,West_exit,17,11
dl_142,9,East_exit,9,7
dl_142,10,West_exit,10,6
dl_143,9,,,
dl_143,3,West_exit,3,2
dl_143,4,East_exit,4,3
dl_143,2,East_exit,2,2
dl_143,12,East_exit,12,9
dl_143,13,West_exit,13,8
dl_143,14,West_exit,14,9
dl_143,9,East_exit,9,7
dl_143,10,West_exit,10,6
dl_143,6,East_exit,6,5
dl_143,7,West_exit,7,4
dl_144,13,,,
dl_144,3,West_exit,3,2
dl_144,4,East_exit,4,3
dl_144,2,East_exit,2,2
dl_144,6,East_exit,6,5
dl_144,7,West_exit,7,4
dl_144,9,East_exit,9,7
dl_144,10,West_exit,10,6
dl_144,17,West_exit,17,11
dl_144,15,East_exit,15,11
dl_144,16,West_exit,16,10
dl_144,18,West_exit,18,12
dl_144,19,West_exit,19,12
dl_144,12,East_exit,12,9
dl_144,13,West_exit,13,8
dl_145,11,,,
dl_145,3,West_exit,3,2
dl_145,4,East_exit,4,3
dl_145,2,East_exit,2,2
dl_145,6,East_exit,6,5
dl_145,7,West_exit,7,4
dl_145,9,East_exit,9,7
dl_145,10,West_exit,10,6
dl_145,15,East_exit,15,11
dl_145,16,West_exit,16,10
dl_145,17,West_exit,17,11
dl_145,12,East_exit,12,9
dl_145,13,West_exit,13,8
dl_146,15,,,
dl_146,17,West_exit,17,11
dl_146,8,West_exit,8,5
dl_146,9,East_exit,9,7
dl_146,10,West_exit,10,6
dl_146,11,West_exit,11,7
dl_146,6,East_exit,6,5
dl_146,12,East_exit,12,9
dl_146,13,West_exit,13,8
dl_146,14,West_exit,14,9
dl_146,15,East_exit,15,11
dl_146,16,West_exit,16,10
dl_146,18,West_exit,18,12
dl_146,19,West_exit,19,12
dl_146,3,West_exit,3,2
dl_146,4,East_exit,4,3
dl_146,2,East_exit,2,2
dl_147,13,,,
dl_147,8,West_exit,8,5
dl_147,9,East_exit,9,7
dl_147,10,West_exit,10,6
dl_147,11,West_exit,11,7
dl_147,6,East_exit,6,5
dl_147,12,East_exit,12,9
dl_147,13,West_exit,13,8
dl_147,14,West_exit,14,9
dl_147,15,East_exit,15,11
dl_147,16,West_exit,16,10
dl_147,17,West_exit,17,11
dl_147,3,West_exit,3,2
dl_147,4,East_exit,4,3
dl_147,2,East_exit,2,2
dl_148,10,,,
dl_148,11,West_exit,11,7
dl_148,12,East_exit,12,9
dl_148,13,West_exit,13,8
dl_148,14,West_exit,14,9
dl_148,8,West_exit,8,5
dl_148,9,East_exit,9,7
dl_148,10,West_exit,10,6
dl_148,6,East_exit,6,5
dl_148,3,West_exit,3,2
dl_148,4,East_exit,4,3
dl_148,2,East_exit,2,2
dl_149,14,,,
dl_149,11,West_exit,11,7
dl_149,15,East_exit,15,11
dl_149,16,West_exit,16,10
dl_149,17,West_exit,17,11
dl_149,18,West_exit,18,12
dl_149,19,West_exit,19,12
dl_149,8,West_exit,8,5
dl_149,9,East_exit,9,7
dl_149,10,West_exit,10,6
dl_149,6,East_exit,6,5
dl_149,12,East_exit,12,9
dl_149,13,West_exit,13,8
dl_149,3,West_exit,3,2
dl_149,4,East_exit,4,3
dl_149,2,East_exit,2,2
dl_150,12,,,
dl_150,11,West_exit,11,7
dl_150,15,East_exit,15,11
dl_150,16,West_exit,16,10
dl_150,17,West_exit,17,11
dl_150,8,West_exit,8,5
dl_150,9,East_exit,9,7
dl_150,10,West_exit,10,6
dl_150,6,East_exit,6,5
dl_150,12,East_exit,12,9
dl_150,13,West_exit,13,8
dl_150,3,West_exit,3,2
dl_150,4,East_exit,4,3
dl_150,2,East_exit,2,2
dl_151,7,,,
dl_151,8,West_exit,8,5
dl_151,9,East_exit,9,7
dl_151,10,West_exit,10,6
dl_151,11,West_exit,11,7
dl_151,6,East_exit,6,5
dl_151,3,West_exit,3,2
dl_151,4,East_exit,4,3
dl_151,2,East_exit,2,2
dl_152,14,,,
dl_152,8,West_exit,8,5
dl_152,17,West_exit,17,11
dl_152,12,East_exit,12,9
dl_152,13,West_exit,13,8
dl_152,14,West_exit,14,9
dl_152,15,East_exit,15,11
dl_152,16,West_exit,16,10
dl_152,18,West_exit,18,12
dl_152,19,West_exit,19,12
dl_152,6,East_exit,6,5
dl_152,9,East_exit,9,7
dl_152,10,West_exit,10,6
dl_152,3,West_exit,3,2
dl_152,4,East_exit,4,3
dl_152,2,East_exit,2,2
dl_153,12,,,
dl_153,8,West_exit,8,5
dl_153,12,East_exit,12,9
dl_153,13,West_exit,13,8
dl_153,14,West_exit,14,9
dl_153,15,East_exit,15,11
dl_153,16,West_exit,16,10
dl_153,17,West_exit,17,11
dl_153,6,East_exit,6,5
dl_153,9,East_exit,9,7
dl_153,10,West_exit,10,6
dl_153,3,West_exit,3,2
dl_153,4,East_exit,4,3
dl_153,2,East_exit,2,2
dl_154,9,,,
dl_154,12,East_exit,12,9
dl_154,13,West_exit,13,8
dl_154,14,West_exit,14,9
dl_154,8,West_exit,8,5
dl_154,9,East_exit,9,7
dl_154,10,West_exit,10,6
dl_154,6,East_exit,6,5
dl_154,3,West_exit,3,2
dl_154,4,East_exit,4,3
dl_154,2,East_exit,2,2
dl_155,13,,,
dl_155,8,West_exit,8,5
dl_155,12,East_exit,12,9
dl_155,13,West_exit,13,8
dl_155,15,East_exit,15,11
dl_155,16,West_exit,16,10
dl_155,17,West_exit,17,11
dl_155,18,West_exit,18,12
dl_155,19,West_exit,19,12
dl_155,9,East_exit,9,7
dl_155,10,West_exit,10,6
dl_155,6,East_exit,6,5
dl_155,3,West_exit,3,2
dl_155,4,East_exit,4,3
dl_155,2,East_exit,2,2
dl_156,11,,,
dl_156,8,West_exit,8,5
dl_156,12,East_exit,12,9
dl_156,13,West_exit,13,8
dl_156,15,East_exit,15,11
dl_156,16,West_exit,16,10
dl_156,17,West_exit,17,11
dl_156,9,East_exit,9,7
dl_156,10,West_exit,10,6
dl_156,6,East_exit,6,5
dl_156,3,West_exit,3,2
dl_156,4,East_exit,4,3
dl_156,2,East_exit,2,2
dl_157,5,,,
dl_157,11,West_exit,11,7
dl_157,12,East_exit,12,9
dl_157,13,West_exit,13,8
dl_157,14,West_exit,14,9
dl_157,9,East_exit,9,7
dl_157,8,East_exit,8,6
dl_158,7,,,
dl_158,11,West_exit,11,7
dl_158,12,East_exit,12,9
dl_158,13,West_exit,13,8
dl_158,14,West_exit,14,9
dl_158,5,East_exit,5,4
dl_158,9,East_exit,9,7
dl_158,6,East_exit,6,5
dl_158,7,West_exit,7,4
dl_159,14,,,
dl_159,17,West_exit,17,11
dl_159,3,West_exit,3,2
dl_159,4,East_exit,4,3
dl_159,2,East_exit,2,2
dl_159,11,West_exit,11,7
dl_159,12,East_exit,12,9
dl_159,13,West_exit,13,8
dl_159,14,West_exit,14,9
dl_159,9,East_exit,9,7
dl_159,6,East_exit,6,5
dl_159,7,West_exit,7,4
dl_159,15,East_exit,15,11
dl_159,16,West_exit,16,10
dl_159,18,West_exit,18,12
dl_159,19,West_exit,19,12
dl_160,12,,,
dl_160,3,West_exit,3,2
dl_160,4,East_exit,4,3
dl_160,2,East_exit,2,2
dl_160,11,West_exit,11,7
dl_160,12,East_exit,12,9
dl_160,13,West_exit,13,8
dl_160,14,West_exit,14,9
dl_160,9,East_exit,9,7
dl_160,6,East_exit,6,5
dl_160,7,West_exit,7,4
dl_160,15,East_exit,15,11
dl_160,16,West_exit,16,10
dl_160,17,West_exit,17,11
dl_161,9,,,
dl_161,3,West_exit,3,2
dl_161,4,East_exit,4,3
dl_161,2,East_exit,2,2
dl_161,11,West_exit,11,7
dl_161,12,East_exit,12,9
dl_161,13,West_exit,13,8
dl_161,14,West_exit,14,9
dl_161,9,East_exit,9,7
dl_161,6,East_exit,6,5
dl_161,7,West_exit,7,4
dl_162,9,,,
dl_162,11,West_exit,11,7
dl_162,15,East_exit,15,11
dl_162,16,West_exit,16,10
dl_162,17,West_exit,17,11
dl_162,18,West_exit,18,12
dl_162,19,West_exit,19,12
dl_162,9,East_exit,9,7
dl_162,8,East_exit,8,6
dl_162,12,East_exit,12,9
dl_162,13,West_exit,13,8
dl_163,7,,,
dl_163,11,West_exit,11,7
dl_163,15,East_exit,15,11
dl_163,16,West_exit,16,10
dl_163,17,West_exit,17,11
dl_163,9,East_exit,9,7
dl_163,8,East_exit,8,6
dl_163,12,East_exit,12,9
dl_163,13,West_exit,13,8
dl_164,11,,,
dl_164,6,East_exit,6,5
dl_164,7,West_exit,7,4
dl_164,5,East_exit,5,4
dl_164,11,West_exit,11,7
dl_164,15,East_exit,15,11
dl_164,16,West_exit,16,10
dl_164,17,West_exit,17,11
dl_164,18,West_exit,18,12
dl_164,19,West_exit,19,12
dl_164,9,East_exit,9,7
dl_164,12,East_exit,12,9
dl_164,13,West_exit,13,8
dl_165,9,,,
dl_165,6,East_exit,6,5
dl_165,7,West_exit,7,4
dl_165,5,East_exit,5,4
dl_165,11,West_exit,11,7
dl_165,15,East_exit,15,11
dl_165,16,West_exit,16,10
dl_165,17,West_exit,17,11
dl_165,9,East_exit,9,7
dl_165,12,East_exit,12,9
dl_165,13,West_exit,13,8
dl_166,13,,,
dl_166,11,West_exit,11,7
dl_166,15,East_exit,15,11
dl_166,16,West_exit,16,10
dl_166,17,West_exit,17,11
dl_166,18,West_exit,18,12
dl_166,19,West_exit,19,12
dl_166,3,West_exit,3,2
dl_166,4,East_exit,4,3
dl_166,2,East_exit,2,2
dl_166,9,East_exit,9,7
dl_166,6,East_exit,6,5
dl_166,7,West_exit,7,4
dl_166,12,East_exit,12,9
dl_166,13,West_exit,13,8
dl_167,11,,,
dl_167,11,West_exit,11,7
dl_167,15,East_exit,15,11
dl_167,16,West_exit,16,10
dl_167,17,West_exit,17,11
dl_167,3,West_exit,3,2
dl_167,4,East_exit,4,3
dl_167,2,East_exit,2,2
dl_167,9,East_exit,9,7
dl_167,6,East_exit,6,5
dl_167,7,West_exit,7,4
dl_167,12,East_exit,12,9
dl_167,13,West_exit,13,8
dl_168,12,,,
dl_168,17,West_exit,17,11
dl_168,6,East_exit,6,5
dl_168,8,West_exit,8,5
dl_168,11,West_exit,11,7
dl_168,12,East_exit,12,9
dl_168,13,West_exit,13,8
dl_168,14,West_exit,14,9
dl_168,5,East_exit,5,4
dl_168,9,East_exit,9,7
dl_168,15,East_exit,15,11
dl_168,16,West_exit,16,10
dl_168,18,West_exit,18,12
dl_168,19,West_exit,19,12
dl_169,10,,,
dl_169,6,East_exit,6,5
dl_169,8,West_exit,8,5
dl_169,11,West_exit,11,7
dl_169,12,East_exit,12,9
dl_169,13,West_exit,13,8
dl_169,14,West_exit,14,9
dl_169,5,East_exit,5,4
dl_169,9,East_exit,9,7
dl_169,15,East_exit,15,11
dl_169,16,West_exit,16,10
dl_169,17,West_exit,17,11
dl_170,7,,,
dl_170,6,East_exit,6,5
dl_170,8,West_exit,8,5
dl_170,11,West_exit,11,7
dl_170,12,East_exit,12,9
dl_170,13,West_exit,13,8
dl_170,14,West_exit,14,9
dl_170,9,East_exit,9,7
dl_170,5,East_exit,5,4
dl_171,14,,,
dl_171,17,West_exit,17,11
dl_171,6,East_exit,6,5
dl_171,8,West_exit,8,5
dl_171,11,West_exit,11,7
dl_171,12,East_exit,12,9
dl_171,13,West_exit,13,8
dl_171,14,West_exit,14,9
dl_171,9,East_exit,9,7
dl_171,15,East_exit,15,11
dl_171,16,West_exit,16,10
dl_171,18,West_exit,18,12
dl_171,19,West_exit,19,12
dl_171,3,West_exit,3,2
dl_171,4,East_exit,4,3
dl_171,2,East_exit,2,2
dl_172,12,,,
dl_172,6,East_exit,6,5
dl_172,8,West_exit,8,5
dl_172,11,West_exit,11,7
dl_172,12,East_exit,12,9
dl_172,13,West_exit,13,8
dl_172,14,West_exit,14,9
dl_172,9,East_exit,9,7
dl_172,15,East_exit,15,11
dl_172,16,West_exit,16,10
dl_172,17,West_exit,17,11
dl_172,3,West_exit,3,2
dl_172,4,East_exit,4,3
dl_172,2,East_exit,2,2
dl_173,9,,,
dl_173,11,West_exit,11,7
dl_173,12,East_exit,12,9
dl_173,13,West_exit,13,8
dl_173,14,West_exit,14,9
dl_173,9,East_exit,9,7
dl_173,8,West_exit,8,5
dl_173,6,East_exit,6,5
dl_173,3,West_exit,3,2
dl_173,4,East_exit,4,3
dl_173,2,East_exit,2,2
dl_174,11,,,
dl_174,11,West_exit,11,7
dl_174,15,East_exit,15,11
dl_174,16,West_exit,16,10
dl_174,17,West_exit,17,11
dl_174,18,West_exit,18,12
dl_174,19,West_exit,19,12
dl_174,9,East_exit,9,7
dl_174,8,West_exit,8,5
dl_174,6,East_exit,6,5
dl_174,5,East_exit,5,4
dl_174,12,East_exit,12,9
dl_174,13,West_exit,13,8
dl_175,9,,,
dl_175,11,West_exit,11,7
dl_175,15,East_exit,15,11
dl_175,16,West_exit,16,10
dl_175,17,West_exit,17,11
dl_175,9,East_exit,9,7
dl_175,8,West_exit,8,5
dl_175,6,East_exit,6,5
dl_175,5,East_exit,5,4
dl_175,12,East_exit,12,9
dl_175,13,West_exit,13,8
dl_176,13,,,
dl_176,11,West_exit,11,7
dl_176,15,East_exit,15,11
dl_176,16,West_exit,16,10
dl_176,17,West_exit,17,11
dl_176,18,West_exit,18,12
dl_176,19,West_exit,19,12
dl_176,9,East_exit,9,7
dl_176,8,West_exit,8,5
dl_176,6,East_exit,6,5
dl_176,12,East_exit,12,9
dl_176,13,West_exit,13,8
dl_176,3,West_exit,3,2
dl_176,4,East_exit,4,3
dl_176,2,East_exit,2,2
dl_177,11,,,
dl_177,11,West_exit,11,7
dl_177,15,East_exit,15,11
dl_177,16,West_exit,16,10
dl_177,17,West_exit,17,11
dl_177,9,East_exit,9,7
dl_177,8,West_exit,8,5
dl_177,6,East_exit,6,5
dl_177,12,East_exit,12,9
dl_177,13,West_exit,13,8
dl_177,3,West_exit,3,2
dl_177,4,East_exit,4,3
dl_177,2,East_exit,2,2
dl_178,8,,,
dl_178,8,East_exit,8,6
dl_178,9,East_exit,9,7
dl_178,10,West_exit,10,6
dl_178,15,East_exit,15,11
dl_178,16,West_exit,16,10
dl_178,12,East_exit,12,9
dl_178,13,West_exit,13,8
dl_178,18,West_exit,18,12
dl_178,19,West_exit,19,12
dl_179,10,,,
dl_179,6,East_exit,6,5
dl_179,7,West_exit,7,4
dl_179,5,East_exit,5,4
dl_179,9,East_exit,9,7
dl_179,10,West_exit,10,6
dl_179,12,East_exit,12,9
dl_179,13,West_exit,13,8
dl_179,15,East_exit,15,11
dl_179,16,West_exit,16,10
dl_179,18,West_exit,18,12
dl_179,19,West_exit,19,12
dl_180,12,,,
dl_180,3,West_exit,3,2
dl_180,4,East_exit,4,3
dl_180,2,East_exit,2,2
dl_180,6,East_exit,6,5
dl_180,7,West_exit,7,4
dl_180,9,East_exit,9,7
dl_180,10,West_exit,10,6
dl_180,15,East_exit,15,11
dl_180,16,West_exit,16,10
dl_180,12,East_exit,12,9
dl_180,13,West_exit,13,8
dl_180,18,West_exit,18,12
dl_180,19,West_exit,19,12
dl_181,10,,,
dl_181,8,West_exit,8,5
dl_181,9,East_exit,9,7
dl_181,10,West_exit,10,6
dl_181,6,East_exit,6,5
dl_181,5,East_exit,5,4
dl_181,15,East_exit,15,11
dl_181,16,West_exit,16,10
dl_181,12,East_exit,12,9
dl_181,13,West_exit,13,8
dl_181,18,West_exit,18,12
dl_181,19,West_exit,19,12
dl_182,12,,,
dl_182,8,West_exit,8,5
dl_182,12,East_exit,12,9
dl_182,13,West_exit,13,8
dl_182,15,East_exit,15,11
dl_182,16,West_exit,16,10
dl_182,9,East_exit,9,7
dl_182,10,West_exit,10,6
dl_182,6,East_exit,6,5
dl_182,3,West_exit,3,2
dl_182,4,East_exit,4,3
dl_182,2,East_exit,2,2
dl_182,18,West_exit,18,12
dl_182,19,West_exit,19,12
dl_183,8,,,
dl_183,11,West_exit,11,7
dl_183,15,East_exit,15,11
dl_183,16,West_exit,16,10
dl_183,9,East_exit,9,7
dl_183,8,East_exit,8,6
dl_183,12,East_exit,12,9
dl_183,13,West_exit,13,8
dl_183,18,West_exit,18,12
dl_183,19,West_exit,19,12
dl_184,10,,,
dl_184,6,East_exit,6,5
dl_184,7,West_exit,7,4
dl_184,5,East_exit,5,4
dl_184,11,West_exit,11,7
dl_184,15,East_exit,15,11
dl_184,16,West_exit,16,10
dl_184,9,East_exit,9,7
dl_184,12,East_exit,12,9
dl_184,13,West_exit,13,8
dl_184,18,West_exit,18,12
dl_184,19,West_exit,19,12
dl_185,12,,,
dl_185,11,West_exit,11,7
dl_185,3,West_exit,3,2
dl_185,4,East_exit,4,3
dl_185,2,East_exit,2,2
dl_185,15,East_exit,15,11
dl_185,16,West_exit,16,10
dl_185,9,East_exit,9,7
dl_185,6,East_exit,6,5
dl_185,7,West_exit,7,4
dl_185,12,East_exit,12,9
dl_185,13,West_exit,13,8
dl_185,18,West_exit,18,12
dl_185,19,West_exit,19,12
dl_186,10,,,
dl_186,11,West_exit,11,7
dl_186,15,East_exit,15,11
dl_186,16,West_exit,16,10
dl_186,9,East_exit,9,7
dl_186,8,West_exit,8,5
dl_186,6,East_exit,6,5
dl_186,5,East_exit,5,4
dl_186,12,East_exit,12,9
dl_186,13,West_exit,13,8
dl_186,18,West_exit,18,12
dl_186,19,West_exit,19,12
dl_187,12,,,
dl_187,11,West_exit,11,7
dl_187,15,East_exit,15,11
dl_187,16,West_exit,16,10
dl_187,9,East_exit,9,7
dl_187,8,West_exit,8,5
dl_187,6,East_exit,6,5
dl_187,12,East_exit,12,9
dl_187,13,West_exit,13,8
dl_187,3,West_exit,3,2
dl_187,4,East_exit,4,3
dl_187,2,East_exit,2,2
dl_187,18,West_exit,18,12
dl_187,19,West_exit,19,12
dl_188,5,,,
dl_188,14,West_exit,14,9
dl_188,15,East_exit,15,11
dl_188,16,West_exit,16,10
dl_188,17,West_exit,17,11
dl_188,12,East_exit,12,9
dl_188,11,East_exit,11,8
dl_189,7,,,
dl_189,14,West_exit,14,9
dl_189,15,East_exit,15,11
dl_189,16,West_exit,16,10
dl_189,17,West_exit,17,11
dl_189,12,East_exit,12,9
dl_189,8,East_exit,8,6
dl_189,9,East_exit,9,7
dl_189,10,West_exit,10,6
dl_190,9,,,
dl_190,6,East_exit,6,5
dl_190,7,West_exit,7,4
dl_190,5,East_exit,5,4
dl_190,14,West_exit,14,9
dl_190,15,East_exit,15,11
dl_190,16,West_exit,16,10
dl_190,17,West_exit,17,11
dl_190,12,East_exit,12,9
dl_190,9,East_exit,9,7
dl_190,10,West_exit,10,6
dl_191,11,,,
dl_191,3,West_exit,3,2
dl_191,4,East_exit,4,3
dl_191,2,East_exit,2,2
dl_191,6,East_exit,6,5
dl_191,7,West_exit,7,4
dl_191,14,West_exit,14,9
dl_191,15,East_exit,15,11
dl_191,16,West_exit,16,10
dl_191,17,West_exit,17,11
dl_191,12,East_exit,12,9
dl_191,9,East_exit,9,7
dl_191,10,West_exit,10,6
dl_192,9,,,
dl_192,14,West_exit,14,9
dl_192,15,East_exit,15,11
dl_192,16,West_exit,16,10
dl_192,17,West_exit,17,11
dl_192,12,East_exit,12,9
dl_192,8,West_exit,8,5
dl_192,9,East_exit,9,7
dl_192,10,West_exit,10,6
dl_192,6,East_exit,6,5
dl_192,5,East_exit,5,4
dl_193,11,,,
dl_193,8,West_exit,8,5
dl_193,14,West_exit,14,9
dl_193,15,East_exit,15,11
dl_193,16,West_exit,16,10
dl_193,17,West_exit,17,11
dl_193,12,East_exit,12,9
dl_193,9,East_exit,9,7
dl_193,10,West_exit,10,6
dl_193,6,East_exit,6,5
dl_193,3,West_exit,3,2
dl_193,4,East_exit,4,3
dl_193,2,East_exit,2,2
dl_194,7,,,
dl_194,9,East_exit,9,7
dl_194,11,West_exit,11,7
dl_194,14,West_exit,14,9
dl_194,15,East_exit,15,11
dl_194,16,West_exit,16,10
dl_194,17,West_exit,17,11
dl_194,12,East_exit,12,9
dl_194,8,East_exit,8,6
dl_195,9,,,
dl_195,6,East_exit,6,5
dl_195,7,West_exit,7,4
dl_195,5,East_exit,5,4
dl_195,9,East_exit,9,7
dl_195,14,West_exit,14,9
dl_195,15,East_exit,15,11
dl_195,16,West_exit,16,10
dl_195,17,West_exit,17,11
dl_195,12,East_exit,12,9
dl_195,11,West_exit,11,7
dl_196,11,,,
dl_196,3,West_exit,3,2
dl_196,4,East_exit,4,3
dl_196,2,East_exit,2,2
dl_196,9,East_exit,9,7
dl_196,11,West_exit,11,7
dl_196,14,West_exit,14,9
dl_196,15,East_exit,15,11
dl_196,16,West_exit,16,10
dl_196,17,West_exit,17,11
dl_196,12,East_exit,12,9
dl_196,6,East_exit,6,5
dl_196,7,West_exit,7,4
dl_197,9,,,
dl_197,6,East_exit,6,5
dl_197,8,West_exit,8,5
dl_197,5,East_exit,5,4
dl_197,9,East_exit,9,7
dl_197,14,West_exit,14,9
dl_197,15,East_exit,15,11
dl_197,16,West_exit,16,10
dl_197,17,West_exit,17,11
dl_197,12,East_exit,12,9
dl_197,11,West_exit,11,7
dl_198,11,,,
dl_198,6,East_exit,6,5
dl_198,8,West_exit,8,5
dl_198,9,East_exit,9,7
dl_198,14,West_exit,14,9
dl_198,15,East_exit,15,11
dl_198,16,West_exit,16,10
dl_198,17,West_exit,17,11
dl_198,12,East_exit,12,9
dl_198,11,West_exit,11,7
dl_198,3,West_exit,3,2
dl_198,4,East_exit,4,3
dl_198,2,East_exit,2,2
dl_199,13,,,
dl_199,3,West_exit,3,2
dl_199,4,East_exit,4,3
dl_199,2,East_exit,2,2
dl_199,6,East_exit,6,5
dl_199,7,West_exit,7,4
dl_199,9,East_exit,9,7
dl_199,10,West_exit,10,6
dl_199,12,East_exit,12,9
dl_199,13,West_exit,13,8
dl_199,18,East_exit,18,13
dl_199,19,West_exit,19,12
dl_199,20,West_exit,20,13
dl_199,15,East_exit,15,11
dl_199,16,West_exit,16,10
dl_200,13,,,
dl_200,8,West_exit,8,5
dl_200,9,East_exit,9,7
dl_200,10,West_exit,10,6
dl_200,6,East_exit,6,5
dl_200,3,West_exit,3,2
dl_200,4,East_exit,4,3
dl_200,2,East_exit,2,2
dl_200,12,East_exit,12,9
dl_200,13,West_exit,13,8
dl_200,18,East_exit,18,13
dl_200,19,West_exit,19,12
dl_200,20,West_exit,20,13
dl_200,15,East_exit,15,11
dl_200,16,West_exit,16,10
dl_201,9,,,
dl_201,11,West_exit,11,7
dl_201,12,East_exit,12,9
dl_201,13,West_exit,13,8
dl_201,9,East_exit,9,7
dl_201,8,East_exit,8,6
dl_201,18,East_exit,18,13
dl_201,19,West_exit,19,12
dl_201,20,West_exit,20,13
dl_201,15,East_exit,15,11
dl_201,16,West_exit,16,10
dl_202,11,,,
dl_202,11,West_exit,11,7
dl_202,12,East_exit,12,9
dl_202,13,West_exit,13,8
dl_202,5,East_exit,5,4
dl_202,9,East_exit,9,7
dl_202,6,East_exit,6,5
dl_202,7,West_exit,7,4
dl_202,18,East_exit,18,13
dl_202,19,West_exit,19,12
dl_202,20,West_exit,20,13
dl_202,15,East_exit,15,11
dl_202,16,West_exit,16,10
dl_203,13,,,
dl_203,3,West_exit,3,2
dl_203,4,East_exit,4,3
dl_203,2,East_exit,2,2
dl_203,11,West_exit,11,7
dl_203,12,East_exit,12,9
dl_203,13,West_exit,13,8
dl_203,9,East_exit,9,7
dl_203,18,East_exit,18,13
dl_203,19,West_exit,19,12
dl_203,20,West_exit,20,13
dl_203,15,East_exit,15,11
dl_203,16,West_exit,16,10
dl_203,6,East_exit,6,5
dl_203,7,West_exit,7,4
dl_204,11,,,
dl_204,6,East_exit,6,5
dl_204,8,West_exit,8,5
dl_204,11,West_exit,11,7
dl_204,12,East_exit,12,9
dl_204,13,West_exit,13,8
dl_204,9,East_exit,9,7
dl_204,5,East_exit,5,4
dl_204,18,East_exit,18,13
dl_204,19,West_exit,19,12
dl_204,20,West_exit,20,13
dl_204,15,East_exit,15,11
dl_204,16,West_exit,16,10
dl_205,13,,,
dl_205,11,West_exit,11,7
dl_205,12,East_exit,12,9
dl_205,13,West_exit,13,8
dl_205,9,East_exit,9,7
dl_205,8,West_exit,8,5
dl_205,6,East_exit,6,5
dl_205,3,West_exit,3,2
dl_205,4,East_exit,4,3
dl_205,2,East_exit,2,2
dl_205,18,East_exit,18,13
dl_205,19,West_exit,19,12
dl_205,20,West_exit,20,13
dl_205,15,East_exit,15,11
dl_205,16,West_exit,16,10
dl_206,7,,,
dl_206,14,West_exit,14,9
dl_206,18,East_exit,18,13
dl_206,19,West_exit,19,12
dl_206,20,West_exit,20,13
dl_206,12,East_exit,12,9
dl_206,11,East_exit,11,8
dl_206,15,East_exit,15,11
dl_206,16,West_exit,16,10
dl_207,9,,,
dl_207,8,East_exit,8,6
dl_207,14,West_exit,14,9
dl_207,18,East_exit,18,13
dl_207,19,West_exit,19,12
dl_207,20,West_exit,20,13
dl_207,12,East_exit,12,9
dl_207,15,East_exit,15,11
dl_207,16,West_exit,16,10
dl_207,9,East_exit,9,7
dl_207,10,West_exit,10,6
dl_208,11,,,
dl_208,6,East_exit,6,5
dl_208,7,West_exit,7,4
dl_208,5,East_exit,5,4
dl_208,14,West_exit,14,9
dl_208,18,East_exit,18,13
dl_208,19,West_exit,19,12
dl_208,20,West_exit,20,13
dl_208,15,East_exit,15,11
dl_208,16,West_exit,16,10
dl_208,12,East_exit,12,9
dl_208,9,East_exit,9,7
dl_208,10,West_exit,10,6
dl_209,13,,,
dl_209,3,West_exit,3,2
dl_209,4,East_exit,4,3
dl_209,2,East_exit,2,2
dl_209,6,East_exit,6,5
dl_209,7,West_exit,7,4
dl_209,14,West_exit,14,9
dl_209,18,East_exit,18,13
dl_209,19,West_exit,19,12
dl_209,20,West_exit,20,13
dl_209,12,East_exit,12,9
dl_209,15,East_exit,15,11
dl_209,16,West_exit,16,10
dl_209,9,East_exit,9,7
dl_209,10,West_exit,10,6
dl_210,11,,,
dl_210,8,West_exit,8,5
dl_210,14,West_exit,14,9
dl_210,18,East_exit,18,13
dl_210,19,West_exit,19,12
dl_210,20,West_exit,20,13
dl_210,12,East_exit,12,9
dl_210,15,East_exit,15,11
dl_210,16,West_exit,16,10
dl_210,6,East_exit,6,5
dl_210,5,East_exit,5,4
dl_210,9,East_exit,9,7
dl_210,10,West_exit,10,6
dl_211,13,,,
dl_211,8,West_exit,8,5
dl_211,14,West_exit,14,9
dl_211,18,East_exit,18,13
dl_211,19,West_exit,19,12
dl_211,20,West_exit,20,13
dl_211,12,East_exit,12,9
dl_211,15,East_exit,15,11
dl_211,16,West_exit,16,10
dl_211,9,East_exit,9,7
dl_211,10,West_exit,10,6
dl_211,6,East_exit,6,5
dl_211,3,West_exit,3,2
dl_211,4,East_exit,4,3
dl_211,2,East_exit,2,2
dl_212,9,,,
dl_212,14,West_exit,14,9
dl_212,18,East_exit,18,13
dl_212,19,West_exit,19,12
dl_212,20,West_exit,20,13
dl_212,12,East_exit,12,9
dl_212,11,West_exit,11,7
dl_212,9,East_exit,9,7
dl_212,8,East_exit,8,6
dl_212,15,East_exit,15,11
dl_212,16,West_exit,16,10
dl_213,11,,,
dl_213,14,West_exit,14,9
dl_213,18,East_exit,18,13
dl_213,19,West_exit,19,12
dl_213,20,West_exit,20,13
dl_213,6,East_exit,6,5
dl_213,7,West_exit,7,4
dl_213,5,East_exit,5,4
dl_213,11,West_exit,11,7
dl_213,9,East_exit,9,7
dl_213,15,East_exit,15,11
dl_213,16,West_exit,16,10
dl_213,12,East_exit,12,9
dl_214,13,,,
dl_214,3,West_exit,3,2
dl_214,4,East_exit,4,3
dl_214,2,East_exit,2,2
dl_214,14,West_exit,14,9
dl_214,18,East_exit,18,13
dl_214,19,West_exit,19,12
dl_214,20,West_exit,20,13
dl_214,12,East_exit,12,9
dl_214,11,West_exit,11,7
dl_214,9,East_exit,9,7
dl_214,15,East_exit,15,11
dl_214,16,West_exit,16,10
dl_214,6,East_exit,6,5
dl_214,7,West_exit,7,4
dl_215,11,,,
dl_215,6,East_exit,6,5
dl_215,8,West_exit,8,5
dl_215,14,West_exit,14,9
dl_215,18,East_exit,18,13
dl_215,19,West_exit,19,12
dl_215,20,West_exit,20,13
dl_215,11,West_exit,11,7
dl_215,9,East_exit,9,7
dl_215,12,East_exit,12,9
dl_215,15,East_exit,15,11
dl_215,16,West_exit,16,10
dl_215,5,East_exit,5,4
dl_216,13,,,
dl_216,14,West_exit,14,9
dl_216,18,East_exit,18,13
dl_216,19,West_exit,19,12
dl_216,20,West_exit,20,13
dl_216,11,West_exit,11,7
dl_216,9,East_exit,9,7
dl_216,8,West_exit,8,5
dl_216,12,East_exit,12,9
dl_216,15,East_exit,15,11
dl_216,16,West_exit,16,10
dl_216,6,East_exit,6,5
dl_216,3,West_exit,3,2
dl_216,4,East_exit,4,3
dl_216,2,East_exit,2,2
dl_217,17,,,
dl_217,5,West_exit,5,3
dl_217,4,East_exit,4,3
dl_217,6,East_exit,6,5
dl_217,7,West_exit,7,4
dl_217,8,West_exit,8,5
dl_217,2,East_exit,2,2
dl_217,9,East_exit,9,7
dl_217,10,West_exit,10,6
dl_217,11,West_exit,11,7
dl_217,12,East_exit,12,9
dl_217,13,West_exit,13,8
dl_217,14,West_exit,14,9
dl_217,15,East_exit,15,11
dl_217,16,West_exit,16,10
dl_217,17,West_exit,17,11
dl_217,18,East_exit,18,13
dl_217,19,West_exit,19,12
dl_217,20,West_exit,20,13
dl_218,14,,,
dl_218,14,West_exit,14,9
dl_218,15,East_exit,15,11
dl_218,16,West_exit,16,10
dl_218,17,West_exit,17,11
dl_218,11,West_exit,11,7
dl_218,12,East_exit,12,9
dl_218,13,West_exit,13,8
dl_218,8,West_exit,8,5
dl_218,9,East_exit,9,7
dl_218,10,West_exit,10,6
dl_218,5,West_exit,5,3
dl_218,6,East_exit,6,5
dl_218,7,West_exit,7,4
dl_218,4,East_exit,4,3
dl_218,2,East_exit,2,2
dl_219,16,,,
dl_219,14,West_exit,14,9
dl_219,18,East_exit,18,13
dl_219,19,West_exit,19,12
dl_219,20,West_exit,20,13
dl_219,5,West_exit,5,3
dl_219,4,East_exit,4,3
dl_219,6,East_exit,6,5
dl_219,7,West_exit,7,4
dl_219,8,West_exit,8,5
dl_219,2,East_exit,2,2
dl_219,9,East_exit,9,7
dl_219,10,West_exit,10,6
dl_219,11,West_exit,11,7
dl_219,12,East_exit,12,9
dl_219,13,West_exit,13,8
dl_219,15,East_exit,15,11
dl_219,16,West_exit,16,10
dl_220,4,,,
dl_220,18,East_exit,18,13
dl_220,19,West_exit,19,12
dl_220,17,East_exit,17,12
dl_220,21,West_exit,21,14
dl_220,22,West_exit,22,14
dl_221,11,,,
dl_221,5,West_exit,5,3
dl_221,4,East_exit,4,3
dl_221,6,East_exit,6,5
dl_221,7,West_exit,7,4
dl_221,8,West_exit,8,5
dl_221,2,East_exit,2,2
dl_221,9,East_exit,9,7
dl_221,10,West_exit,10,6
dl_221,11,West_exit,11,7
dl_221,12,East_exit,12,9
dl_221,13,West_exit,13,8
dl_221,14,West_exit,14,9
dl_222,16,,,
dl_222,11,West_exit,11,7
dl_222,15,East_exit,15,11
dl_222,16,West_exit,16,10
dl_222,17,West_exit,17,11
dl_222,18,East_exit,18,13
dl_222,19,West_exit,19,12
dl_222,20,West_exit,20,13
dl_222,8,West_exit,8,5
dl_222,9,East_exit,9,7
dl_222,10,West_exit,10,6
dl_222,5,West_exit,5,3
dl_222,6,East_exit,6,5
dl_222,7,West_exit,7,4
dl_222,4,East_exit,4,3
dl_222,2,East_exit,2,2
dl_222,12,East_exit,12,9
dl_222,13,West_exit,13,8
dl_223,13,,,
dl_223,11,West_exit,11,7
dl_223,15,East_exit,15,11
dl_223,16,West_exit,16,10
dl_223,17,West_exit,17,11
dl_223,5,West_exit,5,3
dl_223,4,East_exit,4,3
dl_223,6,East_exit,6,5
dl_223,7,West_exit,7,4
dl_223,8,West_exit,8,5
dl_223,2,East_exit,2,2
dl_223,9,East_exit,9,7
dl_223,10,West_exit,10,6
dl_223,12,East_exit,12,9
dl_223,13,West_exit,13,8
dl_224,15,,,
dl_224,5,West_exit,5,3
dl_224,4,East_exit,4,3
dl_224,6,East_exit,6,5
dl_224,7,West_exit,7,4
dl_224,8,West_exit,8,5
dl_224,2,East_exit,2,2
dl_224,9,East_exit,9,7
dl_224,10,West_exit,10,6
dl_224,11,West_exit,11,7
dl_224,12,East_exit,12,9
dl_224,13,West_exit,13,8
dl_224,15,East_exit,15,11
dl_224,16,West_exit,16,10
dl_224,18,East_exit,18,13
dl_224,19,West_exit,19,12
dl_224,20,West_exit,20,13
dl_225,6,,,
dl_225,15,East_exit,15,11
dl_225,16,West_exit,16,10
dl_225,14,East_exit,14,10
dl_225,18,East_exit,18,13
dl_225,19,West_exit,19,12
dl_225,21,West_exit,21,14
dl_225,22,West_exit,22,14
dl_226,8,,,
dl_226,8,West_exit,8,5
dl_226,9,East_exit,9,7
dl_226,10,West_exit,10,6
dl_226,11,West_exit,11,7
dl_226,5,West_exit,5,3
dl_226,6,East_exit,6,5
dl_226,7,West_exit,7,4
dl_226,4,East_exit,4,3
dl_226,2,East_exit,2,2
dl_227,16,,,
dl_227,8,West_exit,8,5
dl_227,12,East_exit,12,9
dl_227,13,West_exit,13,8
dl_227,14,West_exit,14,9
dl_227,15,East_exit,15,11
dl_227,16,West_exit,16,10
dl_227,17,West_exit,17,11
dl_227,18,East_exit,18,13
dl_227,19,West_exit,19,12
dl_227,20,West_exit,20,13
dl_227,5,West_exit,5,3
dl_227,4,East_exit,4,3
dl_227,6,East_exit,6,5
dl_227,7,West_exit,7,4
dl_227,2,East_exit,2,2
dl_227,9,East_exit,9,7
dl_227,10,West_exit,10,6
dl_228,13,,,
dl_228,8,West_exit,8,5
dl_228,14,West_exit,14,9
dl_228,15,East_exit,15,11
dl_228,16,West_exit,16,10
dl_228,17,West_exit,17,11
dl_228,12,East_exit,12,9
dl_228,13,West_exit,13,8
dl_228,9,East_exit,9,7
dl_228,10,West_exit,10,6
dl_228,5,West_exit,5,3
dl_228,6,East_exit,6,5
dl_228,7,West_exit,7,4
dl_228,4,East_exit,4,3
dl_228,2,East_exit,2,2
dl_229,15,,,
dl_229,14,West_exit,14,9
dl_229,18,East_exit,18,13
dl_229,19,West_exit,19,12
dl_229,20,West_exit,20,13
dl_229,8,West_exit,8,5
dl_229,15,East_exit,15,11
dl_229,16,West_exit,16,10
dl_229,12,East_exit,12,9
dl_229,13,West_exit,13,8
dl_229,9,East_exit,9,7
dl_229,10,West_exit,10,6
dl_229,5,West_exit,5,3
dl_229,6,East_exit,6,5
dl_229,7,West_exit,7,4
dl_229,4,East_exit,4,3
dl_229,2,East_exit,2,2
dl_230,10,,,
dl_230,8,West_exit,8,5
dl_230,12,East_exit,12,9
dl_230,13,West_exit,13,8
dl_230,14,West_exit,14,9
dl_230,5,West_exit,5,3
dl_230,4,East_exit,4,3
dl_230,6,East_exit,6,5
dl_230,7,West_exit,7,4
dl_230,2,East_exit,2,2
dl_230,9,East_exit,9,7
dl_230,10,West_exit,10,6
dl_231,15,,,
dl_231,17,West_exit,17,11
dl_231,18,East_exit,18,13
dl_231,19,West_exit,19,12
dl_231,20,West_exit,20,13
dl_231,8,West_exit,8,5
dl_231,9,East_exit,9,7
dl_231,10,West_exit,10,6
dl_231,5,West_exit,5,3
dl_231,6,East_exit,6,5
dl_231,7,West_exit,7,4
dl_231,4,East_exit,4,3
dl_231,2,East_exit,2,2
dl_231,12,East_exit,12,9
dl_231,13,West_exit,13,8
dl_231,15,East_exit,15,11
dl_231,16,West_exit,16,10
dl_232,12,,,
dl_232,8,West_exit,8,5
dl_232,12,East_exit,12,9
dl_232,13,West_exit,13,8
dl_232,5,West_exit,5,3
dl_232,4,East_exit,4,3
dl_232,6,East_exit,6,5
dl_232,7,West_exit,7,4
dl_232,2,East_exit,2,2
dl_232,9,East_exit,9,7
dl_232,10,West_exit,10,6
dl_232,15,East_exit,15,11
dl_232,16,West_exit,16,10
dl_232,17,West_exit,17,11
dl_233,16,,,
dl_233,8,West_exit,8,5
dl_233,9,East_exit,9,7
dl_233,10,West_exit,10,6
dl_233,5,West_exit,5,3
dl_233,6,East_exit,6,5
dl_233,7,West_exit,7,4
dl_233,4,East_exit,4,3
dl_233,2,East_exit,2,2
dl_233,12,East_exit,12,9
dl_233,13,West_exit,13,8
dl_233,20,West_exit,20,13
dl_233,18,East_exit,18,13
dl_233,19,West_exit,19,12
dl_233,21,West_exit,21,14
dl_233,22,West_exit,22,14
dl_233,15,East_exit,15,11
dl_233,16,West_exit,16,10
dl_234,14,,,
dl_234,8,West_exit,8,5
dl_234,9,East_exit,9,7
dl_234,10,West_exit,10,6
dl_234,5,West_exit,5,3
dl_234,6,East_exit,6,5
dl_234,7,West_exit,7,4
dl_234,4,East_exit,4,3
dl_234,2,East_exit,2,2
dl_234,12,East_exit,12,9
dl_234,13,West_exit,13,8
dl_234,18,East_exit,18,13
dl_234,19,West_exit,19,12
dl_234,20,West_exit,20,13
dl_234,15,East_exit,15,11
dl_234,16,West_exit,16,10
dl_235,16,,,
dl_235,5,West_exit,5,3
dl_235,4,East_exit,4,3
dl_235,6,East_exit,6,5
dl_235,7,West_exit,7,4
dl_235,8,West_exit,8,5
dl_235,2,East_exit,2,2
dl_235,11,West_exit,11,7
dl_235,12,East_exit,12,9
dl_235,13,West_exit,13,8
dl_235,14,West_exit,14,9
dl_235,9,East_exit,9,7
dl_235,15,East_exit,15,11
dl_235,16,West_exit,16,10
dl_235,17,West_exit,17,11
dl_235,18,East_exit,18,13
dl_235,19,West_exit,19,12
dl_235,20,West_exit,20,13
dl_236,13,,,
dl_236,14,West_exit,14,9
dl_236,15,East_exit,15,11
dl_236,16,West_exit,16,10
dl_236,17,West_exit,17,11
dl_236,11,West_exit,11,7
dl_236,12,East_exit,12,9
dl_236,13,West_exit,13,8
dl_236,9,East_exit,9,7
dl_236,8,West_exit,8,5
dl_236,5,West_exit,5,3
dl_236,6,East_exit,6,5
dl_236,7,West_exit,7,4
dl_236,4,East_exit,4,3
dl_236,2,East_exit,2,2
dl_237,17,,,
dl_237,14,West_exit,14,9
dl_237,20,West_exit,20,13
dl_237,18,East_exit,18,13
dl_237,19,West_exit,19,12
dl_237,21,West_exit,21,14
dl_237,22,West_exit,22,14
dl_237,5,West_exit,5,3
dl_237,4,East_exit,4,3
dl_237,6,East_exit,6,5
dl_237,7,West_exit,7,4
dl_237,8,West_exit,8,5
dl_237,2,East_exit,2,2
dl_237,11,West_exit,11,7
dl_237,12,East_exit,12,9
dl_237,13,West_exit,13,8
dl_237,9,East_exit,9,7
dl_237,15,East_exit,15,11
dl_237,16,West_exit,16,10
dl_238,15,,,
dl_238,14,West_exit,14,9
dl_238,18,East_exit,18,13
dl_238,19,West_exit,19,12
dl_238,20,West_exit,20,13
dl_238,5,West_exit,5,3
dl_238,4,East_exit,4,3
dl_238,6,East_exit,6,5
dl_238,7,West_exit,7,4
dl_238,8,West_exit,8,5
dl_238,2,East_exit,2,2
dl_238,11,West_exit,11,7
dl_238,12,East_exit,12,9
dl_238,13,West_exit,13,8
dl_238,9,East_exit,9,7
dl_238,15,East_exit,15,11
dl_238,16,West_exit,16,10
dl_239,10,,,
dl_239,5,West_exit,5,3
dl_239,4,East_exit,4,3
dl_239,6,East_exit,6,5
dl_239,7,West_exit,7,4
dl_239,8,West_exit,8,5
dl_239,2,East_exit,2,2
dl_239,11,West_exit,11,7
dl_239,12,East_exit,12,9
dl_239,13,West_exit,13,8
dl_239,14,West_exit,14,9
dl_239,9,East_exit,9,7
dl_240,17,,,
dl_240,11,West_exit,11,7
dl_240,20,West_exit,20,13
dl_240,15,East_exit,15,11
dl_240,16,West_exit,16,10
dl_240,17,West_exit,17,11
dl_240,18,East_exit,18,13
dl_240,19,West_exit,19,12
dl_240,21,West_exit,21,14
dl_240,22,West_exit,22,14
dl_240,9,East_exit,9,7
dl_240,8,West_exit,8,5
dl_240,5,West_exit,5,3
dl_240,6,East_exit,6,5
dl_240,7,West_exit,7,4
dl_240,4,East_exit,4,3
dl_240,2,East_exit,2,2
dl_240,12,East_exit,12,9
dl_240,13,West_exit,13,8
dl_241,15,,,
dl_241,11,West_exit,11,7
dl_241,15,East_exit,15,11
dl_241,16,West_exit,16,10
dl_241,17,West_exit,17,11
dl_241,18,East_exit,18,13
dl_241,19,West_exit,19,12
dl_241,20,West_exit,20,13
dl_241,9,East_exit,9,7
dl_241,8,West_exit,8,5
dl_241,5,West_exit,5,3
dl_241,6,East_exit,6,5
dl_241,7,West_exit,7,4
dl_241,4,East_exit,4,3
dl_241,2,East_exit,2,2
dl_241,12,East_exit,12,9
dl_241,13,West_exit,13,8
dl_242,12,,,
dl_242,15,East_exit,15,11
dl_242,16,West_exit,16,10
dl_242,17,West_exit,17,11
dl_242,5,West_exit,5,3
dl_242,4,East_exit,4,3
dl_242,6,East_exit,6,5
dl_242,7,West_exit,7,4
dl_242,8,West_exit,8,5
dl_242,2,East_exit,2,2
dl_242,11,West_exit,11,7
dl_242,12,East_exit,12,9
dl_242,13,West_exit,13,8
dl_242,9,East_exit,9,7
dl_243,16,,,
dl_243,11,West_exit,11,7
dl_243,15,East_exit,15,11
dl_243,16,West_exit,16,10
dl_243,18,East_exit,18,13
dl_243,19,West_exit,19,12
dl_243,20,West_exit,20,13
dl_243,21,West_exit,21,14
dl_243,22,West_exit,22,14
dl_243,9,East_exit,9,7
dl_243,8,West_exit,8,5
dl_243,5,West_exit,5,3
dl_243,6,East_exit,6,5
dl_243,7,West_exit,7,4
dl_243,4,East_exit,4,3
dl_243,2,East_exit,2,2
dl_243,12,East_exit,12,9
dl_243,13,West_exit,13,8
dl_244,14,,,
dl_244,11,West_exit,11,7
dl_244,15,East_exit,15,11
dl_244,16,West_exit,16,10
dl_244,18,East_exit,18,13
dl_244,19,West_exit,19,12
dl_244,20,West_exit,20,13
dl_244,9,East_exit,9,7
dl_244,8,West_exit,8,5
dl_244,5,West_exit,5,3
dl_244,6,East_exit,6,5
dl_244,7,West_exit,7,4
dl_244,4,East_exit,4,3
dl_244,2,East_exit,2,2
dl_244,12,East_exit,12,9
dl_244,13,West_exit,13,8
dl_245,15,,,
dl_245,8,West_exit,8,5
dl_245,14,West_exit,14,9
dl_245,15,East_exit,15,11
dl_245,16,West_exit,16,10
dl_245,17,West_exit,17,11
dl_245,12,East_exit,12,9
dl_245,18,East_exit,18,13
dl_245,19,West_exit,19,12
dl_245,20,West_exit,20,13
dl_245,5,West_exit,5,3
dl_245,4,East_exit,4,3
dl_245,6,East_exit,6,5
dl_245,7,West_exit,7,4
dl_245,2,East_exit,2,2
dl_245,9,East_exit,9,7
dl_245,10,West_exit,10,6
dl_246,12,,,
dl_246,8,West_exit,8,5
dl_246,14,West_exit,14,9
dl_246,15,East_exit,15,11
dl_246,16,West_exit,16,10
dl_246,17,West_exit,17,11
dl_246,12,East_exit,12,9
dl_246,5,West_exit,5,3
dl_246,4,East_exit,4,3
dl_246,6,East_exit,6,5
dl_246,7,West_exit,7,4
dl_246,2,East_exit,2,2
dl_246,9,East_exit,9,7
dl_246,10,West_exit,10,6
dl_247,16,,,
dl_247,8,West_exit,8,5
dl_247,14,West_exit,14,9
dl_247,20,West_exit,20,13
dl_247,18,East_exit,18,13
dl_247,19,West_exit,19,12
dl_247,21,West_exit,21,14
dl_247,22,West_exit,22,14
dl_247,12,East_exit,12,9
dl_247,15,East_exit,15,11
dl_247,16,West_exit,16,10
dl_247,9,East_exit,9,7
dl_247,10,West_exit,10,6
dl_247,5,West_exit,5,3
dl_247,6,East_exit,6,5
dl_247,7,West_exit,7,4
dl_247,4,East_exit,4,3
dl_247,2,East_exit,2,2
dl_248,14,,,
dl_248,8,West_exit,8,5
dl_248,14,West_exit,14,9
dl_248,18,East_exit,18,13
dl_248,19,West_exit,19,12
dl_248,20,West_exit,20,13
dl_248,12,East_exit,12,9
dl_248,15,East_exit,15,11
dl_248,16,West_exit,16,10
dl_248,9,East_exit,9,7
dl_248,10,West_exit,10,6
dl_248,5,West_exit,5,3
dl_248,6,East_exit,6,5
dl_248,7,West_exit,7,4
dl_248,4,East_exit,4,3
dl_248,2,East_exit,2,2
dl_249,17,,,
dl_249,20,West_exit,20,13
dl_249,5,West_exit,5,3
dl_249,4,East_exit,4,3
dl_249,6,East_exit,6,5
dl_249,7,West_exit,7,4
dl_249,8,West_exit,8,5
dl_249,2,East_exit,2,2
dl_249,9,East_exit,9,7
dl_249,11,West_exit,11,7
dl_249,14,West_exit,14,9
dl_249,15,East_exit,15,11
dl_249,16,West_exit,16,10
dl_249,17,West_exit,17,11
dl_249,12,East_exit,12,9
dl_249,18,East_exit,18,13
dl_249,19,West_exit,19,12
dl_249,21,West_exit,21,14
dl_249,22,West_exit,22,14
dl_250,15,,,
dl_250,5,West_exit,5,3
dl_250,4,East_exit,4,3
dl_250,6,East_exit,6,5
dl_250,7,West_exit,7,4
dl_250,8,West_exit,8,5
dl_250,2,East_exit,2,2
dl_250,9,East_exit,9,7
dl_250,11,West_exit,11,7
dl_250,14,West_exit,14,9
dl_250,15,East_exit,15,11
dl_250,16,West_exit,16,10
dl_250,17,West_exit,17,11
dl_250,12,East_exit,12,9
dl_250,18,East_exit,18,13
dl_250,19,West_exit,19,12
dl_250,20,West_exit,20,13
dl_251,12,,,
dl_251,14,West_exit,14,9
dl_251,15,East_exit,15,11
dl_251,16,West_exit,16,10
dl_251,17,West_exit,17,11
dl_251,12,East_exit,12,9
dl_251,5,West_exit,5,3
dl_251,4,East_exit,4,3
dl_251,6,East_exit,6,5
dl_251,7,West_exit,7,4
dl_251,8,West_exit,8,5
dl_251,2,East_exit,2,2
dl_251,11,West_exit,11,7
dl_251,9,East_exit,9,7
dl_252,16,,,
dl_252,14,West_exit,14,9
dl_252,20,West_exit,20,13
dl_252,18,East_exit,18,13
dl_252,19,West_exit,19,12
dl_252,21,West_exit,21,14
dl_252,22,West_exit,22,14
dl_252,5,West_exit,5,3
dl_252,4,East_exit,4,3
dl_252,6,East_exit,6,5
dl_252,7,West_exit,7,4
dl_252,8,West_exit,8,5
dl_252,2,East_exit,2,2
dl_252,12,East_exit,12,9
dl_252,11,West_exit,11,7
dl_252,9,East_exit,9,7
dl_252,15,East_exit,15,11
dl_252,16,West_exit,16,10
dl_253,14,,,
dl_253,14,West_exit,14,9
dl_253,18,East_exit,18,13
dl_253,19,West_exit,19,12
dl_253,20,West_exit,20,13
dl_253,5,West_exit,5,3
dl_253,4,East_exit,4,3
dl_253,6,East_exit,6,5
dl_253,7,West_exit,7,4
dl_253,8,West_exit,8,5
dl_253,2,East_exit,2,2
dl_253,12,East_exit,12,9
dl_253,11,West_exit,11,7
dl_253,9,East_exit,9,7
dl_253,15,East_exit,15,11
dl_253,16,West_exit,16,10
dl_254,8,,,
dl_254,12,East_exit,12,9
dl_254,13,West_exit,13,8
dl_254,11,East_exit,11,8
dl_254,18,East_exit,18,13
dl_254,19,West_exit,19,12
dl_254,15,East_exit,15,11
dl_254,16,West_exit,16,10
dl_254,21,West_exit,21,14
dl_254,22,West_exit,22,14
dl_255,5,,,
dl_255,5,West_exit,5,3
dl_255,6,East_exit,6,5
dl_255,7,West_exit,7,4
dl_255,8,West_exit,8,5
dl_255,4,East_exit,4,3
dl_255,2,East_exit,2,2
dl_256,18,,,
dl_256,20,West_exit,20,13
dl_256,5,West_exit,5,3
dl_256,9,East_exit,9,7
dl_256,10,West_exit,10,6
dl_256,11,West_exit,11,7
dl_256,12,East_exit,12,9
dl_256,13,West_exit,13,8
dl_256,14,West_exit,14,9
dl_256,15,East_exit,15,11
dl_256,16,West_exit,16,10
dl_256,17,West_exit,17,11
dl_256,18,East_exit,18,13
dl_256,19,West_exit,19,12
dl_256,4,East_exit,4,3
dl_256,2,East_exit,2,2
dl_256,6,East_exit,6,5
dl_256,7,West_exit,7,4
dl_256,21,West_exit,21,14
dl_256,22,West_exit,22,14
dl_257,16,,,
dl_257,5,West_exit,5,3
dl_257,9,East_exit,9,7
dl_257,10,West_exit,10,6
dl_257,11,West_exit,11,7
dl_257,12,East_exit,12,9
dl_257,13,West_exit,13,8
dl_257,14,West_exit,14,9
dl_257,15,East_exit,15,11
dl_257,16,West_exit,16,10
dl_257,17,West_exit,17,11
dl_257,18,East_exit,18,13
dl_257,19,West_exit,19,12
dl_257,20,West_exit,20,13
dl_257,4,East_exit,4,3
dl_257,2,East_exit,2,2
dl_257,6,East_exit,6,5
dl_257,7,West_exit,7,4
dl_258,13,,,
dl_258,5,West_exit,5,3
dl_258,9,East_exit,9,7
dl_258,10,West_exit,10,6
dl_258,11,West_exit,11,7
dl_258,12,East_exit,12,9
dl_258,13,West_exit,13,8
dl_258,14,West_exit,14,9
dl_258,15,East_exit,15,11
dl_258,16,West_exit,16,10
dl_258,17,West_exit,17,11
dl_258,6,East_exit,6,5
dl_258,7,West_exit,7,4
dl_258,4,East_exit,4,3
dl_258,2,East_exit,2,2
dl_259,17,,,
dl_259,5,West_exit,5,3
dl_259,14,West_exit,14,9
dl_259,18,East_exit,18,13
dl_259,19,West_exit,19,12
dl_259,20,West_exit,20,13
dl_259,21,West_exit,21,14
dl_259,22,West_exit,22,14
dl_259,9,East_exit,9,7
dl_259,10,West_exit,10,6
dl_259,11,West_exit,11,7
dl_259,12,East_exit,12,9
dl_259,13,West_exit,13,8
dl_259,15,East_exit,15,11
dl_259,16,West_exit,16,10
dl_259,4,East_exit,4,3
dl_259,6,East_exit,6,5
dl_259,7,West_exit,7,4
dl_259,2,East_exit,2,2
dl_260,15,,,
dl_260,5,West_exit,5,3
dl_260,14,West_exit,14,9
dl_260,18,East_exit,18,13
dl_260,19,West_exit,19,12
dl_260,20,West_exit,20,13
dl_260,9,East_exit,9,7
dl_260,10,West_exit,10,6
dl_260,11,West_exit,11,7
dl_260,12,East_exit,12,9
dl_260,13,West_exit,13,8
dl_260,15,East_exit,15,11
dl_260,16,West_exit,16,10
dl_260,4,East_exit,4,3
dl_260,6,East_exit,6,5
dl_260,7,West_exit,7,4
dl_260,2,East_exit,2,2
dl_261,10,,,
dl_261,5,West_exit,5,3
dl_261,11,West_exit,11,7
dl_261,12,East_exit,12,9
dl_261,13,West_exit,13,8
dl_261,14,West_exit,14,9
dl_261,9,East_exit,9,7
dl_261,10,West_exit,10,6
dl_261,4,East_exit,4,3
dl_261,6,East_exit,6,5
dl_261,7,West_exit,7,4
dl_261,2,East_exit,2,2
dl_262,17,,,
dl_262,5,West_exit,5,3
dl_262,11,West_exit,11,7
dl_262,15,East_exit,15,11
dl_262,16,West_exit,16,10
dl_262,17,West_exit,17,11
dl_262,18,East_exit,18,13
dl_262,19,West_exit,19,12
dl_262,20,West_exit,20,13
dl_262,21,West_exit,21,14
dl_262,22,West_exit,22,14
dl_262,9,East_exit,9,7
dl_262,10,West_exit,10,6
dl_262,12,East_exit,12,9
dl_262,13,West_exit,13,8
dl_262,6,East_exit,6,5
dl_262,7,West_exit,7,4
dl_262,4,East_exit,4,3
dl_262,2,East_exit,2,2
dl_263,15,,,
dl_263,5,West_exit,5,3
dl_263,11,West_exit,11,7
dl_263,15,East_exit,15,11
dl_263,16,West_exit,16,10
dl_263,17,West_exit,17,11
dl_263,18,East_exit,18,13
dl_263,19,West_exit,19,12
dl_263,20,West_exit,20,13
dl_263,9,East_exit,9,7
dl_263,10,West_exit,10,6
dl_263,12,East_exit,12,9
dl_263,13,West_exit,13,8
dl_263,6,East_exit,6,5
dl_263,7,West_exit,7,4
dl_263,4,East_exit,4,3
dl_263,2,East_exit,2,2
dl_264,12,,,
dl_264,9,East_exit,9,7
dl_264,10,West_exit,10,6
dl_264,11,West_exit,11,7
dl_264,15,East_exit,15,11
dl_264,16,West_exit,16,10
dl_264,17,West_exit,17,11
dl_264,12,East_exit,12,9
dl_264,13,West_exit,13,8
dl_264,5,West_exit,5,3
dl_264,4,East_exit,4,3
dl_264,6,East_exit,6,5
dl_264,7,West_exit,7,4
dl_264,2,East_exit,2,2
dl_265,16,,,
dl_265,5,West_exit,5,3
dl_265,11,West_exit,11,7
dl_265,15,East_exit,15,11
dl_265,16,West_exit,16,10
dl_265,18,East_exit,18,13
dl_265,19,West_exit,19,12
dl_265,20,West_exit,20,13
dl_265,21,West_exit,21,14
dl_265,22,West_exit,22,14
dl_265,9,East_exit,9,7
dl_265,10,West_exit,10,6
dl_265,12,East_exit,12,9
dl_265,13,West_exit,13,8
dl_265,4,East_exit,4,3
dl_265,2,East_exit,2,2
dl_265,6,East_exit,6,5
dl_265,7,West_exit,7,4
dl_266,14,,,
dl_266,5,West_exit,5,3
dl_266,11,West_exit,11,7
dl_266,15,East_exit,15,11
dl_266,16,West_exit,16,10
dl_266,18,East_exit,18,13
dl_266,19,West_exit,19,12
dl_266,20,West_exit,20,13
dl_266,9,East_exit,9,7
dl_266,10,West_exit,10,6
dl_266,12,East_exit,12,9
dl_266,13,West_exit,13,8
dl_266,4,East_exit,4,3
dl_266,2,East_exit,2,2
dl_266,6,East_exit,6,5
dl_266,7,West_exit,7,4
dl_267,17,,,
dl_267,20,West_exit,20,13
dl_267,5,West_exit,5,3
dl_267,9,East_exit,9,7
dl_267,10,West_exit,10,6
dl_267,11,West_exit,11,7
dl_267,14,West_exit,14,9
dl_267,15,East_exit,15,11
dl_267,16,West_exit,16,10
dl_267,17,West_exit,17,11
dl_267,12,East_exit,12,9
dl_267,18,East_exit,18,13
dl_267,19,West_exit,19,12
dl_267,4,East_exit,4,3
dl_267,6,East_exit,6,5
dl_267,7,West_exit,7,4
dl_267,2,East_exit,2,2
dl_267,21,West_exit,21,14
dl_267,22,West_exit,22,14
dl_268,15,,,
dl_268,5,West_exit,5,3
dl_268,9,East_exit,9,7
dl_268,10,West_exit,10,6
dl_268,11,West_exit,11,7
dl_268,14,West_exit,14,9
dl_268,15,East_exit,15,11
dl_268,16,West_exit,16,10
dl_268,17,West_exit,17,11
dl_268,12,East_exit,12,9
dl_268,18,East_exit,18,13
dl_268,19,West_exit,19,12
dl_268,20,West_exit,20,13
dl_268,4,East_exit,4,3
dl_268,6,East_exit,6,5
dl_268,7,West_exit,7,4
dl_268,2,East_exit,2,2
dl_269,12,,,
dl_269,5,West_exit,5,3
dl_269,9,East_exit,9,7
dl_269,10,West_exit,10,6
dl_269,11,West_exit,11,7
dl_269,14,West_exit,14,9
dl_269,15,East_exit,15,11
dl_269,16,West_exit,16,10
dl_269,17,West_exit,17,11
dl_269,12,East_exit,12,9
dl_269,4,East_exit,4,3
dl_269,6,East_exit,6,5
dl_269,7,West_exit,7,4
dl_269,2,East_exit,2,2
dl_270,16,,,
dl_270,5,West_exit,5,3
dl_270,9,East_exit,9,7
dl_270,10,West_exit,10,6
dl_270,11,West_exit,11,7
dl_270,14,West_exit,14,9
dl_270,18,East_exit,18,13
dl_270,19,West_exit,19,12
dl_270,20,West_exit,20,13
dl_270,12,East_exit,12,9
dl_270,15,East_exit,15,11
dl_270,16,West_exit,16,10
dl_270,21,West_exit,21,14
dl_270,22,West_exit,22,14
dl_270,4,East_exit,4,3
dl_270,2,East_exit,2,2
dl_270,6,East_exit,6,5
dl_270,7,West_exit,7,4
dl_271,14,,,
dl_271,5,West_exit,5,3
dl_271,9,East_exit,9,7
dl_271,10,West_exit,10,6
dl_271,11,West_exit,11,7
dl_271,14,West_exit,14,9
dl_271,18,East_exit,18,13
dl_271,19,West_exit,19,12
dl_271,20,West_exit,20,13
dl_271,12,East_exit,12,9
dl_271,15,East_exit,15,11
dl_271,16,West_exit,16,10
dl_271,4,East_exit,4,3
dl_271,2,East_exit,2,2
dl_271,6,East_exit,6,5
dl_271,7,West_exit,7,4
dl_272,7,,,
dl_272,5,West_exit,5,3
dl_272,9,East_exit,9,7
dl_272,10,West_exit,10,6
dl_272,11,West_exit,11,7
dl_272,6,East_exit,6,5
dl_272,7,West_exit,7,4
dl_272,4,East_exit,4,3
dl_272,2,East_exit,2,2
dl_273,17,,,
dl_273,5,West_exit,5,3
dl_273,6,East_exit,6,5
dl_273,7,West_exit,7,4
dl_273,4,East_exit,4,3
dl_273,2,East_exit,2,2
dl_273,20,West_exit,20,13
dl_273,12,East_exit,12,9
dl_273,13,West_exit,13,8
dl_273,14,West_exit,14,9
dl_273,15,East_exit,15,11
dl_273,16,West_exit,16,10
dl_273,17,West_exit,17,11
dl_273,18,East_exit,18,13
dl_273,19,West_exit,19,12
dl_273,21,West_exit,21,14
dl_273,22,West_exit,22,14
dl_273,9,East_exit,9,7
dl_273,10,West_exit,10,6
dl_274,15,,,
dl_274,5,West_exit,5,3
dl_274,6,East_exit,6,5
dl_274,7,West_exit,7,4
dl_274,4,East_exit,4,3
dl_274,2,East_exit,2,2
dl_274,12,East_exit,12,9
dl_274,13,West_exit,13,8
dl_274,14,West_exit,14,9
dl_274,15,East_exit,15,11
dl_274,16,West_exit,16,10
dl_274,17,West_exit,17,11
dl_274,18,East_exit,18,13
dl_274,19,West_exit,19,12
dl_274,20,West_exit,20,13
dl_274,9,East_exit,9,7
dl_274,10,West_exit,10,6
dl_275,12,,,
dl_275,5,West_exit,5,3
dl_275,14,West_exit,14,9
dl_275,15,East_exit,15,11
dl_275,16,West_exit,16,10
dl_275,17,West_exit,17,11
dl_275,12,East_exit,12,9
dl_275,13,West_exit,13,8
dl_275,9,East_exit,9,7
dl_275,10,West_exit,10,6
dl_275,4,East_exit,4,3
dl_275,6,East_exit,6,5
dl_275,7,West_exit,7,4
dl_275,2,East_exit,2,2
dl_276,16,,,
dl_276,5,West_exit,5,3
dl_276,12,East_exit,12,9
dl_276,13,West_exit,13,8
dl_276,14,West_exit,14,9
dl_276,9,East_exit,9,7
dl_276,10,West_exit,10,6
dl_276,18,East_exit,18,13
dl_276,19,West_exit,19,12
dl_276,20,West_exit,20,13
dl_276,15,East_exit,15,11
dl_276,16,West_exit,16,10
dl_276,6,East_exit,6,5
dl_276,7,West_exit,7,4
dl_276,4,East_exit,4,3
dl_276,2,East_exit,2,2
dl_276,21,West_exit,21,14
dl_276,22,West_exit,22,14
dl_277,14,,,
dl_277,5,West_exit,5,3
dl_277,12,East_exit,12,9
dl_277,13,West_exit,13,8
dl_277,14,West_exit,14,9
dl_277,9,East_exit,9,7
dl_277,10,West_exit,10,6
dl_277,18,East_exit,18,13
dl_277,19,West_exit,19,12
dl_277,20,West_exit,20,13
dl_277,15,East_exit,15,11
dl_277,16,West_exit,16,10
dl_277,6,East_exit,6,5
dl_277,7,West_exit,7,4
dl_277,4,East_exit,4,3
dl_277,2,East_exit,2,2
dl_278,9,,,
dl_278,5,West_exit,5,3
dl_278,12,East_exit,12,9
dl_278,13,West_exit,13,8
dl_278,14,West_exit,14,9
dl_278,9,East_exit,9,7
dl_278,10,West_exit,10,6
dl_278,6,East_exit,6,5
dl_278,7,West_exit,7,4
dl_278,4,East_exit,4,3
dl_278,2,East_exit,2,2
dl_279,16,,,
dl_279,5,West_exit,5,3
dl_279,6,East_exit,6,5
dl_279,7,West_exit,7,4
dl_279,4,East_exit,4,3
dl_279,2,East_exit,2,2
dl_279,9,East_exit,9,7
dl_279,10,West_exit,10,6
dl_279,20,West_exit,20,13
dl_279,15,East_exit,15,11
dl_279,16,West_exit,16,10
dl_279,17,West_exit,17,11
dl_279,18,East_exit,18,13
dl_279,19,West_exit,19,12
dl_279,21,West_exit,21,14
dl_279,22,West_exit,22,14
dl_279,12,East_exit,12,9
dl_279,13,West_exit,13,8
dl_280,14,,,
dl_280,5,West_exit,5,3
dl_280,6,East_exit,6,5
dl_280,7,West_exit,7,4
dl_280,4,East_exit,4,3
dl_280,2,East_exit,2,2
dl_280,9,East_exit,9,7
dl_280,10,West_exit,10,6
dl_280,15,East_exit,15,11
dl_280,16,West_exit,16,10
dl_280,17,West_exit,17,11
dl_280,18,East_exit,18,13
dl_280,19,West_exit,19,12
dl_280,20,West_exit,20,13
dl_280,12,East_exit,12,9
dl_280,13,West_exit,13,8
dl_281,15,,,
dl_281,5,West_exit,5,3
dl_281,6,East_exit,6,5
dl_281,7,West_exit,7,4
dl_281,4,East_exit,4,3
dl_281,2,East_exit,2,2
dl_281,9,East_exit,9,7
dl_281,10,West_exit,10,6
dl_281,15,East_exit,15,11
dl_281,16,West_exit,16,10
dl_281,17,West_exit,17,11
dl_281,18,East_exit,18,13
dl_281,19,West_exit,19,12
dl_281,12,East_exit,12,9
dl_281,13,West_exit,13,8
dl_281,21,West_exit,21,14
dl_281,22,West_exit,22,14
dl_282,13,,,
dl_282,5,West_exit,5,3
dl_282,6,East_exit,6,5
dl_282,7,West_exit,7,4
dl_282,4,East_exit,4,3
dl_282,2,East_exit,2,2
dl_282,9,East_exit,9,7
dl_282,10,West_exit,10,6
dl_282,17,West_exit,17,11
dl_282,15,East_exit,15,11
dl_282,16,West_exit,16,10
dl_282,18,West_exit,18,12
dl_282,19,West_exit,19,12
dl_282,12,East_exit,12,9
dl_282,13,West_exit,13,8
dl_283,11,,,
dl_283,5,West_exit,5,3
dl_283,6,East_exit,6,5
dl_283,7,West_exit,7,4
dl_283,4,East_exit,4,3
dl_283,2,East_exit,2,2
dl_283,9,East_exit,9,7
dl_283,10,West_exit,10,6
dl_283,15,East_exit,15,11
dl_283,16,West_exit,16,10
dl_283,17,West_exit,17,11
dl_283,12,East_exit,12,9
dl_283,13,West_exit,13,8
dl_284,18,,,
dl_284,20,West_exit,20,13
dl_284,5,West_exit,5,3
dl_284,4,East_exit,4,3
dl_284,2,East_exit,2,2
dl_284,8,West_exit,8,5
dl_284,9,East_exit,9,7
dl_284,10,West_exit,10,6
dl_284,11,West_exit,11,7
dl_284,6,East_exit,6,5
dl_284,12,East_exit,12,9
dl_284,13,West_exit,13,8
dl_284,14,West_exit,14,9
dl_284,15,East_exit,15,11
dl_284,16,West_exit,16,10
dl_284,17,West_exit,17,11
dl_284,18,East_exit,18,13
dl_284,19,West_exit,19,12
dl_284,21,West_exit,21,14
dl_284,22,West_exit,22,14
dl_285,16,,,
dl_285,5,West_exit,5,3
dl_285,4,East_exit,4,3
dl_285,2,East_exit,2,2
dl_285,8,West_exit,8,5
dl_285,9,East_exit,9,7
dl_285,10,West_exit,10,6
dl_285,11,West_exit,11,7
dl_285,6,East_exit,6,5
dl_285,12,East_exit,12,9
dl_285,13,West_exit,13,8
dl_285,14,West_exit,14,9
dl_285,15,East_exit,15,11
dl_285,16,West_exit,16,10
dl_285,17,West_exit,17,11
dl_285,18,East_exit,18,13
dl_285,19,West_exit,19,12
dl_285,20,West_exit,20,13
dl_286,13,,,
dl_286,14,West_exit,14,9
dl_286,15,East_exit,15,11
dl_286,16,West_exit,16,10
dl_286,17,West_exit,17,11
dl_286,11,West_exit,11,7
dl_286,12,East_exit,12,9
dl_286,13,West_exit,13,8
dl_286,8,West_exit,8,5
dl_286,9,East_exit,9,7
dl_286,10,West_exit,10,6
dl_286,6,East_exit,6,5
dl_286,5,West_exit,5,3
dl_286,4,East_exit,4,3
dl_286,2,East_exit,2,2
dl_287,17,,,
dl_287,14,West_exit,14,9
dl_287,20,West_exit,20,13
dl_287,18,East_exit,18,13
dl_287,19,West_exit,19,12
dl_287,21,West_exit,21,14
dl_287,22,West_exit,22,14
dl_287,5,West_exit,5,3
dl_287,4,East_exit,4,3
dl_287,2,East_exit,2,2
dl_287,11,West_exit,11,7
dl_287,12,East_exit,12,9
dl_287,13,West_exit,13,8
dl_287,8,West_exit,8,5
dl_287,9,East_exit,9,7
dl_287,10,West_exit,10,6
dl_287,6,East_exit,6,5
dl_287,15,East_exit,15,11
dl_287,16,West_exit,16,10
dl_288,15,,,
dl_288,14,West_exit,14,9
dl_288,18,East_exit,18,13
dl_288,19,West_exit,19,12
dl_288,20,West_exit,20,13
dl_288,5,West_exit,5,3
dl_288,4,East_exit,4,3
dl_288,2,East_exit,2,2
dl_288,11,West_exit,11,7
dl_288,12,East_exit,12,9
dl_288,13,West_exit,13,8
dl_288,8,West_exit,8,5
dl_288,9,East_exit,9,7
dl_288,10,West_exit,10,6
dl_288,6,East_exit,6,5
dl_288,15,East_exit,15,11
dl_288,16,West_exit,16,10
dl_289,10,,,
dl_289,5,West_exit,5,3
dl_289,4,East_exit,4,3
dl_289,2,East_exit,2,2
dl_289,11,West_exit,11,7
dl_289,12,East_exit,12,9
dl_289,13,West_exit,13,8
dl_289,14,West_exit,14,9
dl_289,8,West_exit,8,5
dl_289,9,East_exit,9,7
dl_289,10,West_exit,10,6
dl_289,6,East_exit,6,5
dl_290,17,,,
dl_290,11,West_exit,11,7
dl_290,15,East_exit,15,11
dl_290,16,West_exit,16,10
dl_290,17,West_exit,17,11
dl_290,18,East_exit,18,13
dl_290,19,West_exit,19,12
dl_290,20,West_exit,20,13
dl_290,21,West_exit,21,14
dl_290,22,West_exit,22,14
dl_290,8,West_exit,8,5
dl_290,6,East_exit,6,5
dl_290,5,West_exit,5,3
dl_290,9,East_exit,9,7
dl_290,10,West_exit,10,6
dl_290,12,East_exit,12,9
dl_290,13,West_exit,13,8
dl_290,4,East_exit,4,3
dl_290,2,East_exit,2,2
dl_291,15,,,
dl_291,11,West_exit,11,7
dl_291,15,East_exit,15,11
dl_291,16,West_exit,16,10
dl_291,17,West_exit,17,11
dl_291,18,East_exit,18,13
dl_291,19,West_exit,19,12
dl_291,20,West_exit,20,13
dl_291,8,West_exit,8,5
dl_291,6,East_exit,6,5
dl_291,5,West_exit,5,3
dl_291,9,East_exit,9,7
dl_291,10,West_exit,10,6
dl_291,12,East_exit,12,9
dl_291,13,West_exit,13,8
dl_291,4,East_exit,4,3
dl_291,2,East_exit,2,2
dl_292,16,,,
dl_292,11,West_exit,11,7
dl_292,15,East_exit,15,11
dl_292,16,West_exit,16,10
dl_292,17,West_exit,17,11
dl_292,18,East_exit,18,13
dl_292,19,West_exit,19,12
dl_292,8,West_exit,8,5
dl_292,6,East_exit,6,5
dl_292,5,West_exit,5,3
dl_292,9,East_exit,9,7
dl_292,10,West_exit,10,6
dl_292,12,East_exit,12,9
dl_292,13,West_exit,13,8
dl_292,4,East_exit,4,3
dl_292,2,East_exit,2,2
dl_292,21,West_exit,21,14
dl_292,22,West_exit,22,14
dl_293,12,,,
dl_293,11,West_exit,11,7
dl_293,15,East_exit,15,11
dl_293,16,West_exit,16,10
dl_293,17,West_exit,17,11
dl_293,5,West_exit,5,3
dl_293,4,East_exit,4,3
dl_293,2,East_exit,2,2
dl_293,8,West_exit,8,5
dl_293,9,East_exit,9,7
dl_293,10,West_exit,10,6
dl_293,6,East_exit,6,5
dl_293,12,East_exit,12,9
dl_293,13,West_exit,13,8
dl_294,16,,,
dl_294,11,West_exit,11,7
dl_294,5,West_exit,5,3
dl_294,4,East_exit,4,3
dl_294,2,East_exit,2,2
dl_294,12,East_exit,12,9
dl_294,13,West_exit,13,8
dl_294,8,West_exit,8,5
dl_294,9,East_exit,9,7
dl_294,10,West_exit,10,6
dl_294,6,East_exit,6,5
dl_294,20,West_exit,20,13
dl_294,18,East_exit,18,13
dl_294,19,West_exit,19,12
dl_294,21,West_exit,21,14
dl_294,22,West_exit,22,14
dl_294,15,East_exit,15,11
dl_294,16,West_exit,16,10
dl_295,14,,,
dl_295,11,West_exit,11,7
dl_295,5,West_exit,5,3
dl_295,4,East_exit,4,3
dl_295,2,East_exit,2,2
dl_295,12,East_exit,12,9
dl_295,13,West_exit,13,8
dl_295,8,West_exit,8,5
dl_295,9,East_exit,9,7
dl_295,10,West_exit,10,6
dl_295,6,East_exit,6,5
dl_295,18,East_exit,18,13
dl_295,19,West_exit,19,12
dl_295,20,West_exit,20,13
dl_295,15,East_exit,15,11
dl_295,16,West_exit,16,10
dl_296,17,,,
dl_296,20,West_exit,20,13
dl_296,5,West_exit,5,3
dl_296,4,East_exit,4,3
dl_296,2,East_exit,2,2
dl_296,8,West_exit,8,5
dl_296,9,East_exit,9,7
dl_296,10,West_exit,10,6
dl_296,11,West_exit,11,7
dl_296,6,East_exit,6,5
dl_296,14,West_exit,14,9
dl_296,15,East_exit,15,11
dl_296,16,West_exit,16,10
dl_296,17,West_exit,17,11
dl_296,12,East_exit,12,9
dl_296,18,East_exit,18,13
dl_296,19,West_exit,19,12
dl_296,21,West_exit,21,14
dl_296,22,West_exit,22,14
dl_297,15,,,
dl_297,5,West_exit,5,3
dl_297,4,East_exit,4,3
dl_297,2,East_exit,2,2
dl_297,8,West_exit,8,5
dl_297,9,East_exit,9,7
dl_297,10,West_exit,10,6
dl_297,11,West_exit,11,7
dl_297,6,East_exit,6,5
dl_297,14,West_exit,14,9
dl_297,15,East_exit,15,11
dl_297,16,West_exit,16,10
dl_297,17,West_exit,17,11
dl_297,12,East_exit,12,9
dl_297,18,East_exit,18,13
dl_297,19,West_exit,19,12
dl_297,20,West_exit,20,13
dl_298,12,,,
dl_298,14,West_exit,14,9
dl_298,15,East_exit,15,11
dl_298,16,West_exit,16,10
dl_298,17,West_exit,17,11
dl_298,12,East_exit,12,9
dl_298,11,West_exit,11,7
dl_298,8,West_exit,8,5
dl_298,6,East_exit,6,5
dl_298,5,West_exit,5,3
dl_298,9,East_exit,9,7
dl_298,10,West_exit,10,6
dl_298,4,East_exit,4,3
dl_298,2,East_exit,2,2
dl_299,16,,,
dl_299,14,West_exit,14,9
dl_299,20,West_exit,20,13
dl_299,18,East_exit,18,13
dl_299,19,West_exit,19,12
dl_299,21,West_exit,21,14
dl_299,22,West_exit,22,14
dl_299,5,West_exit,5,3
dl_299,4,East_exit,4,3
dl_299,2,East_exit,2,2
dl_299,8,West_exit,8,5
dl_299,9,East_exit,9,7
dl_299,10,West_exit,10,6
dl_299,11,West_exit,11,7
dl_299,6,East_exit,6,5
dl_299,12,East_exit,12,9
dl_299,15,East_exit,15,11
dl_299,16,West_exit,16,10
dl_300,14,,,
dl_300,14,West_exit,14,9
dl_300,18,East_exit,18,13
dl_300,19,West_exit,19,12
dl_300,20,West_exit,20,13
dl_300,5,West_exit,5,3
dl_300,4,East_exit,4,3
dl_300,2,East_exit,2,2
dl_300,8,West_exit,8,5
dl_300,9,East_exit,9,7
dl_300,10,West_exit,10,6
dl_300,11,West_exit,11,7
dl_300,6,East_exit,6,5
dl_300,12,East_exit,12,9
dl_300,15,East_exit,15,11
dl_300,16,West_exit,16,10
dl_301,7,,,
dl_301,5,West_exit,5,3
dl_301,4,East_exit,4,3
dl_301,2,East_exit,2,2
dl_301,8,West_exit,8,5
dl_301,9,East_exit,9,7
dl_301,10,West_exit,10,6
dl_301,11,West_exit,11,7
dl_301,6,East_exit,6,5
dl_302,17,,,
dl_302,8,West_exit,8,5
dl_302,12,East_exit,12,9
dl_302,13,West_exit,13,8
dl_302,14,West_exit,14,9
dl_302,15,East_exit,15,11
dl_302,16,West_exit,16,10
dl_302,17,West_exit,17,11
dl_302,18,East_exit,18,13
dl_302,19,West_exit,19,12
dl_302,20,West_exit,20,13
dl_302,21,West_exit,21,14
dl_302,22,West_exit,22,14
dl_302,6,East_exit,6,5
dl_302,5,West_exit,5,3
dl_302,4,East_exit,4,3
dl_302,2,East_exit,2,2
dl_302,9,East_exit,9,7
dl_302,10,West_exit,10,6
dl_303,15,,,
dl_303,8,West_exit,8,5
dl_303,12,East_exit,12,9
dl_303,13,West_exit,13,8
dl_303,14,West_exit,14,9
dl_303,15,East_exit,15,11
dl_303,16,West_exit,16,10
dl_303,17,West_exit,17,11
dl_303,18,East_exit,18,13
dl_303,19,West_exit,19,12
dl_303,20,West_exit,20,13
dl_303,6,East_exit,6,5
dl_303,5,West_exit,5,3
dl_303,4,East_exit,4,3
dl_303,2,East_exit,2,2
dl_303,9,East_exit,9,7
dl_303,10,West_exit,10,6
dl_304,16,,,
dl_304,8,West_exit,8,5
dl_304,12,East_exit,12,9
dl_304,13,West_exit,13,8
dl_304,14,West_exit,14,9
dl_304,15,East_exit,15,11
dl_304,16,West_exit,16,10
dl_304,17,West_exit,17,11
dl_304,18,East_exit,18,13
dl_304,19,West_exit,19,12
dl_304,6,East_exit,6,5
dl_304,5,West_exit,5,3
dl_304,4,East_exit,4,3
dl_304,2,East_exit,2,2
dl_304,9,East_exit,9,7
dl_304,10,West_exit,10,6
dl_304,21,West_exit,21,14
dl_304,22,West_exit,22,14
dl_305,12,,,
dl_305,8,West_exit,8,5
dl_305,12,East_exit,12,9
dl_305,13,West_exit,13,8
dl_305,14,West_exit,14,9
dl_305,15,East_exit,15,11
dl_305,16,West_exit,16,10
dl_305,17,West_exit,17,11
dl_305,6,East_exit,6,5
dl_305,5,West_exit,5,3
dl_305,9,East_exit,9,7
dl_305,10,West_exit,10,6
dl_305,4,East_exit,4,3
dl_305,2,East_exit,2,2
dl_306,16,,,
dl_306,8,West_exit,8,5
dl_306,14,West_exit,14,9
dl_306,18,East_exit,18,13
dl_306,19,West_exit,19,12
dl_306,20,West_exit,20,13
dl_306,21,West_exit,21,14
dl_306,22,West_exit,22,14
dl_306,12,East_exit,12,9
dl_306,13,West_exit,13,8
dl_306,15,East_exit,15,11
dl_306,16,West_exit,16,10
dl_306,5,West_exit,5,3
dl_306,4,East_exit,4,3
dl_306,2,East_exit,2,2
dl_306,9,East_exit,9,7
dl_306,10,West_exit,10,6
dl_306,6,East_exit,6,5
dl_307,14,,,
dl_307,8,West_exit,8,5
dl_307,14,West_exit,14,9
dl_307,18,East_exit,18,13
dl_307,19,West_exit,19,12
dl_307,20,West_exit,20,13
dl_307,12,East_exit,12,9
dl_307,13,West_exit,13,8
dl_307,15,East_exit,15,11
dl_307,16,West_exit,16,10
dl_307,5,West_exit,5,3
dl_307,4,East_exit,4,3
dl_307,2,East_exit,2,2
dl_307,9,East_exit,9,7
dl_307,10,West_exit,10,6
dl_307,6,East_exit,6,5
dl_308,9,,,
dl_308,12,East_exit,12,9
dl_308,13,West_exit,13,8
dl_308,14,West_exit,14,9
dl_308,5,West_exit,5,3
dl_308,4,East_exit,4,3
dl_308,2,East_exit,2,2
dl_308,8,West_exit,8,5
dl_308,9,East_exit,9,7
dl_308,10,West_exit,10,6
dl_308,6,East_exit,6,5
dl_309,16,,,
dl_309,8,West_exit,8,5
dl_309,12,East_exit,12,9
dl_309,13,West_exit,13,8
dl_309,15,East_exit,15,11
dl_309,16,West_exit,16,10
dl_309,17,West_exit,17,11
dl_309,18,East_exit,18,13
dl_309,19,West_exit,19,12
dl_309,20,West_exit,20,13
dl_309,21,West_exit,21,14
dl_309,22,West_exit,22,14
dl_309,6,East_exit,6,5
dl_309,5,West_exit,5,3
dl_309,4,East_exit,4,3
dl_309,2,East_exit,2,2
dl_309,9,East_exit,9,7
dl_309,10,West_exit,10,6
dl_310,14,,,
dl_310,8,West_exit,8,5
dl_310,12,East_exit,12,9
dl_310,13,West_exit,13,8
dl_310,15,East_exit,15,11
dl_310,16,West_exit,16,10
dl_310,17,West_exit,17,11
dl_310,18,East_exit,18,13
dl_310,19,West_exit,19,12
dl_310,20,West_exit,20,13
dl_310,6,East_exit,6,5
dl_310,5,West_exit,5,3
dl_310,4,East_exit,4,3
dl_310,2,East_exit,2,2
dl_310,9,East_exit,9,7
dl_310,10,West_exit,10,6
dl_311,15,,,
dl_311,8,West_exit,8,5
dl_311,12,East_exit,12,9
dl_311,13,West_exit,13,8
dl_311,15,East_exit,15,11
dl_311,16,West_exit,16,10
dl_311,17,West_exit,17,11
dl_311,18,East_exit,18,13
dl_311,19,West_exit,19,12
dl_311,6,East_exit,6,5
dl_311,5,West_exit,5,3
dl_311,4,East_exit,4,3
dl_311,2,East_exit,2,2
dl_311,9,East_exit,9,7
dl_311,10,West_exit,10,6
dl_311,21,West_exit,21,14
dl_311,22,West_exit,22,14
dl_312,13,,,
dl_312,8,West_exit,8,5
dl_312,12,East_exit,12,9
dl_312,13,West_exit,13,8
dl_312,15,East_exit,15,11
dl_312,16,West_exit,16,10
dl_312,17,West_exit,17,11
dl_312,18,West_exit,18,12
dl_312,19,West_exit,19,12
dl_312,6,East_exit,6,5
dl_312,5,West_exit,5,3
dl_312,4,East_exit,4,3
dl_312,2,East_exit,2,2
dl_312,9,East_exit,9,7
dl_312,10,West_exit,10,6
dl_313,11,,,
dl_313,8,West_exit,8,5
dl_313,12,East_exit,12,9
dl_313,13,West_exit,13,8
dl_313,15,East_exit,15,11
dl_313,16,West_exit,16,10
dl_313,17,West_exit,17,11
dl_313,6,East_exit,6,5
dl_313,5,West_exit,5,3
dl_313,4,East_exit,4,3
dl_313,2,East_exit,2,2
dl_313,9,East_exit,9,7
dl_313,10,West_exit,10,6
dl_314,17,,,
dl_314,20,West_exit,20,13
dl_314,5,West_exit,5,3
dl_314,11,West_exit,11,7
dl_314,12,East_exit,12,9
dl_314,13,West_exit,13,8
dl_314,14,West_exit,14,9
dl_314,9,East_exit,9,7
dl_314,15,East_exit,15,11
dl_314,16,West_exit,16,10
dl_314,17,West_exit,17,11
dl_314,18,East_exit,18,13
dl_314,19,West_exit,19,12
dl_314,4,East_exit,4,3
dl_314,2,East_exit,2,2
dl_314,6,East_exit,6,5
dl_314,7,West_exit,7,4
dl_314,21,West_exit,21,14
dl_314,22,West_exit,22,14
dl_315,15,,,
dl_315,5,West_exit,5,3
dl_315,11,West_exit,11,7
dl_315,12,East_exit,12,9
dl_315,13,West_exit,13,8
dl_315,14,West_exit,14,9
dl_315,9,East_exit,9,7
dl_315,15,East_exit,15,11
dl_315,16,West_exit,16,10
dl_315,17,West_exit,17,11
dl_315,18,East_exit,18,13
dl_315,19,West_exit,19,12
dl_315,20,West_exit,20,13
dl_315,4,East_exit,4,3
dl_315,2,East_exit,2,2
dl_315,6,East_exit,6,5
dl_315,7,West_exit,7,4
dl_316,12,,,
dl_316,5,West_exit,5,3
dl_316,11,West_exit,11,7
dl_316,12,East_exit,12,9
dl_316,13,West_exit,13,8
dl_316,14,West_exit,14,9
dl_316,9,East_exit,9,7
dl_316,15,East_exit,15,11
dl_316,16,West_exit,16,10
dl_316,17,West_exit,17,11
dl_316,4,East_exit,4,3
dl_316,6,East_exit,6,5
dl_316,7,West_exit,7,4
dl_316,2,East_exit,2,2
dl_317,16,,,
dl_317,5,West_exit,5,3
dl_317,11,West_exit,11,7
dl_317,12,East_exit,12,9
dl_317,13,West_exit,13,8
dl_317,14,West_exit,14,9
dl_317,9,East_exit,9,7
dl_317,18,East_exit,18,13
dl_317,19,West_exit,19,12
dl_317,20,West_exit,20,13
dl_317,15,East_exit,15,11
dl_317,16,West_exit,16,10
dl_317,21,West_exit,21,14
dl_317,22,West_exit,22,14
dl_317,6,East_exit,6,5
dl_317,7,West_exit,7,4
dl_317,4,East_exit,4,3
dl_317,2,East_exit,2,2
dl_318,14,,,
dl_318,5,West_exit,5,3
dl_318,11,West_exit,11,7
dl_318,12,East_exit,12,9
dl_318,13,West_exit,13,8
dl_318,14,West_exit,14,9
dl_318,9,East_exit,9,7
dl_318,18,East_exit,18,13
dl_318,19,West_exit,19,12
dl_318,20,West_exit,20,13
dl_318,15,East_exit,15,11
dl_318,16,West_exit,16,10
dl_318,6,East_exit,6,5
dl_318,7,West_exit,7,4
dl_318,4,East_exit,4,3
dl_318,2,East_exit,2,2
dl_319,9,,,
dl_319,5,West_exit,5,3
dl_319,11,West_exit,11,7
dl_319,12,East_exit,12,9
dl_319,13,West_exit,13,8
dl_319,14,West_exit,14,9
dl_319,9,East_exit,9,7
dl_319,6,East_exit,6,5
dl_319,7,West_exit,7,4
dl_319,4,East_exit,4,3
dl_319,2,East_exit,2,2
dl_320,16,,,
dl_320,5,West_exit,5,3
dl_320,11,West_exit,11,7
dl_320,20,West_exit,20,13
dl_320,15,East_exit,15,11
dl_320,16,West_exit,16,10
dl_320,17,West_exit,17,11
dl_320,18,East_exit,18,13
dl_320,19,West_exit,19,12
dl_320,21,West_exit,21,14
dl_320,22,West_exit,22,14
dl_320,9,East_exit,9,7
dl_320,12,East_exit,12,9
dl_320,13,West_exit,13,8
dl_320,6,East_exit,6,5
dl_320,7,West_exit,7,4
dl_320,4,East_exit,4,3
dl_320,2,East_exit,2,2
dl_321,14,,,
dl_321,5,West_exit,5,3
dl_321,11,West_exit,11,7
dl_321,15,East_exit,15,11
dl_321,16,West_exit,16,10
dl_321,17,West_exit,17,11
dl_321,18,East_exit,18,13
dl_321,19,West_exit,19,12
dl_321,20,West_exit,20,13
dl_321,9,East_exit,9,7
dl_321,12,East_exit,12,9
dl_321,13,West_exit,13,8
dl_321,6,East_exit,6,5
dl_321,7,West_exit,7,4
dl_321,4,East_exit,4,3
dl_321,2,East_exit,2,2
dl_322,15,,,
dl_322,5,West_exit,5,3
dl_322,11,West_exit,11,7
dl_322,15,East_exit,15,11
dl_322,16,West_exit,16,10
dl_322,17,West_exit,17,11
dl_322,18,East_exit,18,13
dl_322,19,West_exit,19,12
dl_322,9,East_exit,9,7
dl_322,12,East_exit,12,9
dl_322,13,West_exit,13,8
dl_322,6,East_exit,6,5
dl_322,7,West_exit,7,4
dl_322,4,East_exit,4,3
dl_322,2,East_exit,2,2
dl_322,21,West_exit,21,14
dl_322,22,West_exit,22,14
dl_323,13,,,
dl_323,5,West_exit,5,3
dl_323,11,West_exit,11,7
dl_323,15,East_exit,15,11
dl_323,16,West_exit,16,10
dl_323,17,West_exit,17,11
dl_323,18,West_exit,18,12
dl_323,19,West_exit,19,12
dl_323,9,East_exit,9,7
dl_323,12,East_exit,12,9
dl_323,13,West_exit,13,8
dl_323,6,East_exit,6,5
dl_323,7,West_exit,7,4
dl_323,4,East_exit,4,3
dl_323,2,East_exit,2,2
dl_324,11,,,
dl_324,5,West_exit,5,3
dl_324,11,West_exit,11,7
dl_324,15,East_exit,15,11
dl_324,16,West_exit,16,10
dl_324,17,West_exit,17,11
dl_324,9,East_exit,9,7
dl_324,12,East_exit,12,9
dl_324,13,West_exit,13,8
dl_324,6,East_exit,6,5
dl_324,7,West_exit,7,4
dl_324,4,East_exit,4,3
dl_324,2,East_exit,2,2
dl_325,17,,,
dl_325,20,West_exit,20,13
dl_325,5,West_exit,5,3
dl_325,4,East_exit,4,3
dl_325,2,East_exit,2,2
dl_325,6,East_exit,6,5
dl_325,8,West_exit,8,5
dl_325,11,West_exit,11,7
dl_325,12,East_exit,12,9
dl_325,13,West_exit,13,8
dl_325,14,West_exit,14,9
dl_325,9,East_exit,9,7
dl_325,15,East_exit,15,11
dl_325,16,West_exit,16,10
dl_325,17,West_exit,17,11
dl_325,18,East_exit,18,13
dl_325,19,West_exit,19,12
dl_325,21,West_exit,21,14
dl_325,22,West_exit,22,14
dl_326,15,,,
dl_326,5,West_exit,5,3
dl_326,4,East_exit,4,3
dl_326,2,East_exit,2,2
dl_326,6,East_exit,6,5
dl_326,8,West_exit,8,5
dl_326,11,West_exit,11,7
dl_326,12,East_exit,12,9
dl_326,13,West_exit,13,8
dl_326,14,West_exit,14,9
dl_326,9,East_exit,9,7
dl_326,15,East_exit,15,11
dl_326,16,West_exit,16,10
dl_326,17,West_exit,17,11
dl_326,18,East_exit,18,13
dl_326,19,West_exit,19,12
dl_326,20,West_exit,20,13
dl_327,16,,,
dl_327,5,West_exit,5,3
dl_327,4,East_exit,4,3
dl_327,2,East_exit,2,2
dl_327,6,East_exit,6,5
dl_327,8,West_exit,8,5
dl_327,11,West_exit,11,7
dl_327,12,East_exit,12,9
dl_327,13,West_exit,13,8
dl_327,14,West_exit,14,9
dl_327,9,East_exit,9,7
dl_327,15,East_exit,15,11
dl_327,16,West_exit,16,10
dl_327,17,West_exit,17,11
dl_327,18,East_exit,18,13
dl_327,19,West_exit,19,12
dl_327,21,West_exit,21,14
dl_327,22,West_exit,22,14
dl_328,12,,,
dl_328,14,West_exit,14,9
dl_328,15,East_exit,15,11
dl_328,16,West_exit,16,10
dl_328,17,West_exit,17,11
dl_328,11,West_exit,11,7
dl_328,12,East_exit,12,9
dl_328,13,West_exit,13,8
dl_328,9,East_exit,9,7
dl_328,8,West_exit,8,5
dl_328,6,East_exit,6,5
dl_328,5,West_exit,5,3
dl_328,4,East_exit,4,3
dl_328,2,East_exit,2,2
dl_329,16,,,
dl_329,14,West_exit,14,9
dl_329,20,West_exit,20,13
dl_329,18,East_exit,18,13
dl_329,19,West_exit,19,12
dl_329,21,West_exit,21,14
dl_329,22,West_exit,22,14
dl_329,5,West_exit,5,3
dl_329,4,East_exit,4,3
dl_329,2,East_exit,2,2
dl_329,11,West_exit,11,7
dl_329,12,East_exit,12,9
dl_329,13,West_exit,13,8
dl_329,9,East_exit,9,7
dl_329,8,West_exit,8,5
dl_329,6,East_exit,6,5
dl_329,15,East_exit,15,11
dl_329,16,West_exit,16,10
dl_330,14,,,
dl_330,14,West_exit,14,9
dl_330,18,East_exit,18,13
dl_330,19,West_exit,19,12
dl_330,20,West_exit,20,13
dl_330,5,West_exit,5,3
dl_330,4,East_exit,4,3
dl_330,2,East_exit,2,2
dl_330,11,West_exit,11,7
dl_330,12,East_exit,12,9
dl_330,13,West_exit,13,8
dl_330,9,East_exit,9,7
dl_330,8,West_exit,8,5
dl_330,6,East_exit,6,5
dl_330,15,East_exit,15,11
dl_330,16,West_exit,16,10
dl_331,9,,,
dl_331,8,West_exit,8,5
dl_331,6,East_exit,6,5
dl_331,5,West_exit,5,3
dl_331,11,West_exit,11,7
dl_331,12,East_exit,12,9
dl_331,13,West_exit,13,8
dl_331,14,West_exit,14,9
dl_331,9,East_exit,9,7
dl_331,4,East_exit,4,3
dl_331,2,East_exit,2,2
dl_332,16,,,
dl_332,11,West_exit,11,7
dl_332,20,West_exit,20,13
dl_332,15,East_exit,15,11
dl_332,16,West_exit,16,10
dl_332,17,West_exit,17,11
dl_332,18,East_exit,18,13
dl_332,19,West_exit,19,12
dl_332,21,West_exit,21,14
dl_332,22,West_exit,22,14
dl_332,9,East_exit,9,7
dl_332,8,West_exit,8,5
dl_332,12,East_exit,12,9
dl_332,13,West_exit,13,8
dl_332,6,East_exit,6,5
dl_332,5,West_exit,5,3
dl_332,4,East_exit,4,3
dl_332,2,East_exit,2,2
dl_333,14,,,
dl_333,11,West_exit,11,7
dl_333,15,East_exit,15,11
dl_333,16,West_exit,16,10
dl_333,17,West_exit,17,11
dl_333,18,East_exit,18,13
dl_333,19,West_exit,19,12
dl_333,20,West_exit,20,13
dl_333,9,East_exit,9,7
dl_333,8,West_exit,8,5
dl_333,12,East_exit,12,9
dl_333,13,West_exit,13,8
dl_333,6,East_exit,6,5
dl_333,5,West_exit,5,3
dl_333,4,East_exit,4,3
dl_333,2,East_exit,2,2
dl_334,15,,,
dl_334,11,West_exit,11,7
dl_334,15,East_exit,15,11
dl_334,16,West_exit,16,10
dl_334,17,West_exit,17,11
dl_334,18,East_exit,18,13
dl_334,19,West_exit,19,12
dl_334,9,East_exit,9,7
dl_334,8,West_exit,8,5
dl_334,12,East_exit,12,9
dl_334,13,West_exit,13,8
dl_334,6,East_exit,6,5
dl_334,5,West_exit,5,3
dl_334,4,East_exit,4,3
dl_334,2,East_exit,2,2
dl_334,21,West_exit,21,14
dl_334,22,West_exit,22,14
dl_335,13,,,
dl_335,11,West_exit,11,7
dl_335,17,West_exit,17,11
dl_335,15,East_exit,15,11
dl_335,16,West_exit,16,10
dl_335,18,West_exit,18,12
dl_335,19,West_exit,19,12
dl_335,9,East_exit,9,7
dl_335,8,West_exit,8,5
dl_335,12,East_exit,12,9
dl_335,13,West_exit,13,8
dl_335,6,East_exit,6,5
dl_335,5,West_exit,5,3
dl_335,4,East_exit,4,3
dl_335,2,East_exit,2,2
dl_336,11,,,
dl_336,11,West_exit,11,7
dl_336,15,East_exit,15,11
dl_336,16,West_exit,16,10
dl_336,17,West_exit,17,11
dl_336,9,East_exit,9,7
dl_336,8,West_exit,8,5
dl_336,12,East_exit,12,9
dl_336,13,West_exit,13,8
dl_336,6,East_exit,6,5
dl_336,5,West_exit,5,3
dl_336,4,East_exit,4,3
dl_336,2,East_exit,2,2
dl_337,16,,,
dl_337,20,West_exit,20,13
dl_337,5,West_exit,5,3
dl_337,6,East_exit,6,5
dl_337,7,West_exit,7,4
dl_337,4,East_exit,4,3
dl_337,2,East_exit,2,2
dl_337,14,West_exit,14,9
dl_337,15,East_exit,15,11
dl_337,16,West_exit,16,10
dl_337,17,West_exit,17,11
dl_337,12,East_exit,12,9
dl_337,18,East_exit,18,13
dl_337,19,West_exit,19,12
dl_337,9,East_exit,9,7
dl_337,10,West_exit,10,6
dl_337,21,West_exit,21,14
dl_337,22,West_exit,22,14
dl_338,14,,,
dl_338,5,West_exit,5,3
dl_338,6,East_exit,6,5
dl_338,7,West_exit,7,4
dl_338,4,East_exit,4,3
dl_338,2,East_exit,2,2
dl_338,14,West_exit,14,9
dl_338,15,East_exit,15,11
dl_338,16,West_exit,16,10
dl_338,17,West_exit,17,11
dl_338,12,East_exit,12,9
dl_338,18,East_exit,18,13
dl_338,19,West_exit,19,12
dl_338,20,West_exit,20,13
dl_338,9,East_exit,9,7
dl_338,10,West_exit,10,6
dl_339,11,,,
dl_339,5,West_exit,5,3
dl_339,6,East_exit,6,5
dl_339,7,West_exit,7,4
dl_339,4,East_exit,4,3
dl_339,2,East_exit,2,2
dl_339,14,West_exit,14,9
dl_339,15,East_exit,15,11
dl_339,16,West_exit,16,10
dl_339,17,West_exit,17,11
dl_339,12,East_exit,12,9
dl_339,9,East_exit,9,7
dl_339,10,West_exit,10,6
dl_340,16,,,
dl_340,20,West_exit,20,13
dl_340,8,West_exit,8,5
dl_340,14,West_exit,14,9
dl_340,15,East_exit,15,11
dl_340,16,West_exit,16,10
dl_340,17,West_exit,17,11
dl_340,12,East_exit,12,9
dl_340,18,East_exit,18,13
dl_340,19,West_exit,19,12
dl_340,5,West_exit,5,3
dl_340,4,East_exit,4,3
dl_340,2,East_exit,2,2
dl_340,9,East_exit,9,7
dl_340,10,West_exit,10,6
dl_340,6,East_exit,6,5
dl_340,21,West_exit,21,14
dl_340,22,West_exit,22,14
dl_341,14,,,
dl_341,8,West_exit,8,5
dl_341,14,West_exit,14,9
dl_341,15,East_exit,15,11
dl_341,16,West_exit,16,10
dl_341,17,West_exit,17,11
dl_341,12,East_exit,12,9
dl_341,18,East_exit,18,13
dl_341,19,West_exit,19,12
dl_341,20,West_exit,20,13
dl_341,5,West_exit,5,3
dl_341,4,East_exit,4,3
dl_341,2,East_exit,2,2
dl_341,9,East_exit,9,7
dl_341,10,West_exit,10,6
dl_341,6,East_exit,6,5
dl_342,11,,,
dl_342,8,West_exit,8,5
dl_342,14,West_exit,14,9
dl_342,15,East_exit,15,11
dl_342,16,West_exit,16,10
dl_342,17,West_exit,17,11
dl_342,12,East_exit,12,9
dl_342,6,East_exit,6,5
dl_342,5,West_exit,5,3
dl_342,4,East_exit,4,3
dl_342,2,East_exit,2,2
dl_342,9,East_exit,9,7
dl_342,10,West_exit,10,6
dl_343,16,,,
dl_343,20,West_exit,20,13
dl_343,5,West_exit,5,3
dl_343,9,East_exit,9,7
dl_343,11,West_exit,11,7
dl_343,14,West_exit,14,9
dl_343,15,East_exit,15,11
dl_343,16,West_exit,16,10
dl_343,17,West_exit,17,11
dl_343,12,East_exit,12,9
dl_343,18,East_exit,18,13
dl_343,19,West_exit,19,12
dl_343,6,East_exit,6,5
dl_343,7,West_exit,7,4
dl_343,4,East_exit,4,3
dl_343,2,East_exit,2,2
dl_343,21,West_exit,21,14
dl_343,22,West_exit,22,14
dl_344,14,,,
dl_344,5,West_exit,5,3
dl_344,9,East_exit,9,7
dl_344,11,West_exit,11,7
dl_344,14,West_exit,14,9
dl_344,15,East_exit,15,11
dl_344,16,West_exit,16,10
dl_344,17,West_exit,17,11
dl_344,12,East_exit,12,9
dl_344,18,East_exit,18,13
dl_344,19,West_exit,19,12
dl_344,20,West_exit,20,13
dl_344,6,East_exit,6,5
dl_344,7,West_exit,7,4
dl_344,4,East_exit,4,3
dl_344,2,East_exit,2,2
dl_345,11,,,
dl_345,5,West_exit,5,3
dl_345,14,West_exit,14,9
dl_345,15,East_exit,15,11
dl_345,16,West_exit,16,10
dl_345,17,West_exit,17,11
dl_345,12,East_exit,12,9
dl_345,11,West_exit,11,7
dl_345,9,East_exit,9,7
dl_345,6,East_exit,6,5
dl_345,7,West_exit,7,4
dl_345,4,East_exit,4,3
dl_345,2,East_exit,2,2
dl_346,16,,,
dl_346,20,West_exit,20,13
dl_346,5,West_exit,5,3
dl_346,4,East_exit,4,3
dl_346,2,East_exit,2,2
dl_346,6,East_exit,6,5
dl_346,8,West_exit,8,5
dl_346,9,East_exit,9,7
dl_346,14,West_exit,14,9
dl_346,15,East_exit,15,11
dl_346,16,West_exit,16,10
dl_346,17,West_exit,17,11
dl_346,12,East_exit,12,9
dl_346,11,West_exit,11,7
dl_346,18,East_exit,18,13
dl_346,19,West_exit,19,12
dl_346,21,West_exit,21,14
dl_346,22,West_exit,22,14
dl_347,14,,,
dl_347,5,West_exit,5,3
dl_347,4,East_exit,4,3
dl_347,2,East_exit,2,2
dl_347,6,East_exit,6,5
dl_347,8,West_exit,8,5
dl_347,9,East_exit,9,7
dl_347,14,West_exit,14,9
dl_347,15,East_exit,15,11
dl_347,16,West_exit,16,10
dl_347,17,West_exit,17,11
dl_347,12,East_exit,12,9
dl_347,11,West_exit,11,7
dl_347,18,East_exit,18,13
dl_347,19,West_exit,19,12
dl_347,20,West_exit,20,13
dl_348,11,,,
dl_348,14,West_exit,14,9
dl_348,15,East_exit,15,11
dl_348,16,West_exit,16,10
dl_348,17,West_exit,17,11
dl_348,11,West_exit,11,7
dl_348,9,East_exit,9,7
dl_348,8,West_exit,8,5
dl_348,12,East_exit,12,9
dl_348,6,East_exit,6,5
dl_348,5,West_exit,5,3
dl_348,4,East_exit,4,3
dl_348,2,East_exit,2,2
dl_349,15,,,
dl_349,5,West_exit,5,3
dl_349,6,East_exit,6,5
dl_349,7,West_exit,7,4
dl_349,4,East_exit,4,3
dl_349,2,East_exit,2,2
dl_349,9,East_exit,9,7
dl_349,10,West_exit,10,6
dl_349,12,East_exit,12,9
dl_349,13,West_exit,13,8
dl_349,20,West_exit,20,13
dl_349,18,East_exit,18,13
dl_349,19,West_exit,19,12
dl_349,21,West_exit,21,14
dl_349,22,West_exit,22,14
dl_349,15,East_exit,15,11
dl_349,16,West_exit,16,10
dl_350,13,,,
dl_350,5,West_exit,5,3
dl_350,6,East_exit,6,5
dl_350,7,West_exit,7,4
dl_350,4,East_exit,4,3
dl_350,2,East_exit,2,2
dl_350,9,East_exit,9,7
dl_350,10,West_exit,10,6
dl_350,12,East_exit,12,9
dl_350,13,West_exit,13,8
dl_350,18,East_exit,18,13
dl_350,19,West_exit,19,12
dl_350,20,West_exit,20,13
dl_350,15,East_exit,15,11
dl_350,16,West_exit,16,10
dl_351,15,,,
dl_351,8,West_exit,8,5
dl_351,5,West_exit,5,3
dl_351,4,East_exit,4,3
dl_351,2,East_exit,2,2
dl_351,9,East_exit,9,7
dl_351,10,West_exit,10,6
dl_351,6,East_exit,6,5
dl_351,12,East_exit,12,9
dl_351,13,West_exit,13,8
dl_351,20,West_exit,20,13
dl_351,18,East_exit,18,13
dl_351,19,West_exit,19,12
dl_351,21,West_exit,21,14
dl_351,22,West_exit,22,14
dl_351,15,East_exit,15,11
dl_351,16,West_exit,16,10
dl_352,13,,,
dl_352,8,West_exit,8,5
dl_352,5,West_exit,5,3
dl_352,4,East_exit,4,3
dl_352,2,East_exit,2,2
dl_352,9,East_exit,9,7
dl_352,10,West_exit,10,6
dl_352,6,East_exit,6,5
dl_352,12,East_exit,12,9
dl_352,13,West_exit,13,8
dl_352,18,East_exit,18,13
dl_352,19,West_exit,19,12
dl_352,20,West_exit,20,13
dl_352,15,East_exit,15,11
dl_352,16,West_exit,16,10
dl_353,15,,,
dl_353,5,West_exit,5,3
dl_353,11,West_exit,11,7
dl_353,12,East_exit,12,9
dl_353,13,West_exit,13,8
dl_353,9,East_exit,9,7
dl_353,6,East_exit,6,5
dl_353,7,West_exit,7,4
dl_353,4,East_exit,4,3
dl_353,2,East_exit,2,2
dl_353,20,West_exit,20,13
dl_353,18,East_exit,18,13
dl_353,19,West_exit,19,12
dl_353,21,West_exit,21,14
dl_353,22,West_exit,22,14
dl_353,15,East_exit,15,11
dl_353,16,West_exit,16,10
dl_354,13,,,
dl_354,5,West_exit,5,3
dl_354,11,West_exit,11,7
dl_354,12,East_exit,12,9
dl_354,13,West_exit,13,8
dl_354,9,East_exit,9,7
dl_354,6,East_exit,6,5
dl_354,7,West_exit,7,4
dl_354,4,East_exit,4,3
dl_354,2,East_exit,2,2
dl_354,18,East_exit,18,13
dl_354,19,West_exit,19,12
dl_354,20,West_exit,20,13
dl_354,15,East_exit,15,11
dl_354,16,West_exit,16,10
dl_355,15,,,
dl_355,11,West_exit,11,7
dl_355,8,West_exit,8,5
dl_355,6,East_exit,6,5
dl_355,5,West_exit,5,3
dl_355,12,East_exit,12,9
dl_355,13,West_exit,13,8
dl_355,9,East_exit,9,7
dl_355,4,East_exit,4,3
dl_355,2,East_exit,2,2
dl_355,20,West_exit,20,13
dl_355,18,East_exit,18,13
dl_355,19,West_exit,19,12
dl_355,21,West_exit,21,14
dl_355,22,West_exit,22,14
dl_355,15,East_exit,15,11
dl_355,16,West_exit,16,10
dl_356,13,,,
dl_356,11,West_exit,11,7
dl_356,8,West_exit,8,5
dl_356,6,East_exit,6,5
dl_356,5,West_exit,5,3
dl_356,12,East_exit,12,9
dl_356,13,West_exit,13,8
dl_356,9,East_exit,9,7
dl_356,4,East_exit,4,3
dl_356,2,East_exit,2,2
dl_356,18,East_exit,18,13
dl_356,19,West_exit,19,12
dl_356,20,West_exit,20,13
dl_356,15,East_exit,15,11
dl_356,16,West_exit,16,10
dl_357,15,,,
dl_357,5,West_exit,5,3
dl_357,6,East_exit,6,5
dl_357,7,West_exit,7,4
dl_357,4,East_exit,4,3
dl_357,2,East_exit,2,2
dl_357,14,West_exit,14,9
dl_357,20,West_exit,20,13
dl_357,18,East_exit,18,13
dl_357,19,West_exit,19,12
dl_357,21,West_exit,21,14
dl_357,22,West_exit,22,14
dl_357,12,East_exit,12,9
dl_357,15,East_exit,15,11
dl_357,16,West_exit,16,10
dl_357,9,East_exit,9,7
dl_357,10,West_exit,10,6
dl_358,13,,,
dl_358,5,West_exit,5,3
dl_358,6,East_exit,6,5
dl_358,7,West_exit,7,4
dl_358,4,East_exit,4,3
dl_358,2,East_exit,2,2
dl_358,14,West_exit,14,9
dl_358,18,East_exit,18,13
dl_358,19,West_exit,19,12
dl_358,20,West_exit,20,13
dl_358,12,East_exit,12,9
dl_358,15,East_exit,15,11
dl_358,16,West_exit,16,10
dl_358,9,East_exit,9,7
dl_358,10,West_exit,10,6
dl_359,15,,,
dl_359,8,West_exit,8,5
dl_359,14,West_exit,14,9
dl_359,20,West_exit,20,13
dl_359,18,East_exit,18,13
dl_359,19,West_exit,19,12
dl_359,21,West_exit,21,14
dl_359,22,West_exit,22,14
dl_359,12,East_exit,12,9
dl_359,15,East_exit,15,11
dl_359,16,West_exit,16,10
dl_359,5,West_exit,5,3
dl_359,4,East_exit,4,3
dl_359,2,East_exit,2,2
dl_359,9,East_exit,9,7
dl_359,10,West_exit,10,6
dl_359,6,East_exit,6,5
dl_360,13,,,
dl_360,8,West_exit,8,5
dl_360,14,West_exit,14,9
dl_360,18,East_exit,18,13
dl_360,19,West_exit,19,12
dl_360,20,West_exit,20,13
dl_360,12,East_exit,12,9
dl_360,15,East_exit,15,11
dl_360,16,West_exit,16,10
dl_360,5,West_exit,5,3
dl_360,4,East_exit,4,3
dl_360,2,East_exit,2,2
dl_360,9,East_exit,9,7
dl_360,10,West_exit,10,6
dl_360,6,East_exit,6,5
dl_361,15,,,
dl_361,5,West_exit,5,3
dl_361,14,West_exit,14,9
dl_361,20,West_exit,20,13
dl_361,18,East_exit,18,13
dl_361,19,West_exit,19,12
dl_361,21,West_exit,21,14
dl_361,22,West_exit,22,14
dl_361,12,East_exit,12,9
dl_361,11,West_exit,11,7
dl_361,9,East_exit,9,7
dl_361,15,East_exit,15,11
dl_361,16,West_exit,16,10
dl_361,6,East_exit,6,5
dl_361,7,West_exit,7,4
dl_361,4,East_exit,4,3
dl_361,2,East_exit,2,2
dl_362,13,,,
dl_362,5,West_exit,5,3
dl_362,14,West_exit,14,9
dl_362,18,East_exit,18,13
dl_362,19,West_exit,19,12
dl_362,20,West_exit,20,13
dl_362,12,East_exit,12,9
dl_362,11,West_exit,11,7
dl_362,9,East_exit,9,7
dl_362,15,East_exit,15,11
dl_362,16,West_exit,16,10
dl_362,6,East_exit,6,5
dl_362,7,West_exit,7,4
dl_362,4,East_exit,4,3
dl_362,2,East_exit,2,2
dl_363,15,,,
dl_363,14,West_exit,14,9
dl_363,20,West_exit,20,13
dl_363,18,East_exit,18,13
dl_363,19,West_exit,19,12
dl_363,21,West_exit,21,14
dl_363,22,West_exit,22,14
dl_363,5,West_exit,5,3
dl_363,4,East_exit,4,3
dl_363,2,East_exit,2,2
dl_363,11,West_exit,11,7
dl_363,9,East_exit,9,7
dl_363,8,West_exit,8,5
dl_363,12,East_exit,12,9
dl_363,15,East_exit,15,11
dl_363,16,West_exit,16,10
dl_363,6,East_exit,6,5
dl_364,13,,,
dl_364,14,West_exit,14,9
dl_364,18,East_exit,18,13
dl_364,19,West_exit,19,12
dl_364,20,West_exit,20,13
dl_364,5,West_exit,5,3
dl_364,4,East_exit,4,3
dl_364,2,East_exit,2,2
dl_364,11,West_exit,11,7
dl_364,9,East_exit,9,7
dl_364,8,West_exit,8,5
dl_364,12,East_exit,12,9
dl_364,15,East_exit,15,11
dl_364,16,West_exit,16,10
dl_364,6,East_exit,6,5
dl_365,10,,,
dl_365,8,East_exit,8,6
dl_365,9,East_exit,9,7
dl_365,10,West_exit,10,6
dl_365,12,East_exit,12,9
dl_365,13,West_exit,13,8
dl_365,18,East_exit,18,13
dl_365,19,West_exit,19,12
dl_365,15,East_exit,15,11
dl_365,16,West_exit,16,10
dl_365,21,West_exit,21,14
dl_365,22,West_exit,22,14
dl_366,12,,,
dl_366,6,East_exit,6,5
dl_366,7,West_exit,7,4
dl_366,5,East_exit,5,4
dl_366,12,East_exit,12,9
dl_366,13,West_exit,13,8
dl_366,9,East_exit,9,7
dl_366,10,West_exit,10,6
dl_366,15,East_exit,15,11
dl_366,16,West_exit,16,10
dl_366,18,East_exit,18,13
dl_366,19,West_exit,19,12
dl_366,21,West_exit,21,14
dl_366,22,West_exit,22,14
dl_367,14,,,
dl_367,3,West_exit,3,2
dl_367,4,East_exit,4,3
dl_367,2,East_exit,2,2
dl_367,6,East_exit,6,5
dl_367,7,West_exit,7,4
dl_367,9,East_exit,9,7
dl_367,10,West_exit,10,6
dl_367,12,East_exit,12,9
dl_367,13,West_exit,13,8
dl_367,18,East_exit,18,13
dl_367,19,West_exit,19,12
dl_367,15,East_exit,15,11
dl_367,16,West_exit,16,10
dl_367,21,West_exit,21,14
dl_367,22,West_exit,22,14
dl_368,12,,,
dl_368,8,West_exit,8,5
dl_368,9,East_exit,9,7
dl_368,10,West_exit,10,6
dl_368,6,East_exit,6,5
dl_368,5,East_exit,5,4
dl_368,12,East_exit,12,9
dl_368,13,West_exit,13,8
dl_368,18,East_exit,18,13
dl_368,19,West_exit,19,12
dl_368,15,East_exit,15,11
dl_368,16,West_exit,16,10
dl_368,21,West_exit,21,14
dl_368,22,West_exit,22,14
dl_369,14,,,
dl_369,8,West_exit,8,5
dl_369,9,East_exit,9,7
dl_369,10,West_exit,10,6
dl_369,6,East_exit,6,5
dl_369,3,West_exit,3,2
dl_369,4,East_exit,4,3
dl_369,2,East_exit,2,2
dl_369,12,East_exit,12,9
dl_369,13,West_exit,13,8
dl_369,18,East_exit,18,13
dl_369,19,West_exit,19,12
dl_369,15,East_exit,15,11
dl_369,16,West_exit,16,10
dl_369,21,West_exit,21,14
dl_369,22,West_exit,22,14
dl_370,10,,,
dl_370,11,West_exit,11,7
dl_370,12,East_exit,12,9
dl_370,13,West_exit,13,8
dl_370,9,East_exit,9,7
dl_370,8,East_exit,8,6
dl_370,18,East_exit,18,13
dl_370,19,West_exit,19,12
dl_370,15,East_exit,15,11
dl_370,16,West_exit,16,10
dl_370,21,West_exit,21,14
dl_370,22,West_exit,22,14
dl_371,12,,,
dl_371,11,West_exit,11,7
dl_371,12,East_exit,12,9
dl_371,13,West_exit,13,8
dl_371,5,East_exit,5,4
dl_371,9,East_exit,9,7
dl_371,6,East_exit,6,5
dl_371,7,West_exit,7,4
dl_371,18,East_exit,18,13
dl_371,19,West_exit,19,12
dl_371,15,East_exit,15,11
dl_371,16,West_exit,16,10
dl_371,21,West_exit,21,14
dl_371,22,West_exit,22,14
dl_372,14,,,
dl_372,3,West_exit,3,2
dl_372,4,East_exit,4,3
dl_372,2,East_exit,2,2
dl_372,11,West_exit,11,7
dl_372,12,East_exit,12,9
dl_372,13,West_exit,13,8
dl_372,9,East_exit,9,7
dl_372,18,East_exit,18,13
dl_372,19,West_exit,19,12
dl_372,15,East_exit,15,11
dl_372,16,West_exit,16,10
dl_372,6,East_exit,6,5
dl_372,7,West_exit,7,4
dl_372,21,West_exit,21,14
dl_372,22,West_exit,22,14
dl_373,12,,,
dl_373,6,East_exit,6,5
dl_373,8,West_exit,8,5
dl_373,11,West_exit,11,7
dl_373,12,East_exit,12,9
dl_373,13,West_exit,13,8
dl_373,9,East_exit,9,7
dl_373,5,East_exit,5,4
dl_373,18,East_exit,18,13
dl_373,19,West_exit,19,12
dl_373,15,East_exit,15,11
dl_373,16,West_exit,16,10
dl_373,21,West_exit,21,14
dl_373,22,West_exit,22,14
dl_374,14,,,
dl_374,11,West_exit,11,7
dl_374,12,East_exit,12,9
dl_374,13,West_exit,13,8
dl_374,9,East_exit,9,7
dl_374,8,West_exit,8,5
dl_374,6,East_exit,6,5
dl_374,3,West_exit,3,2
dl_374,4,East_exit,4,3
dl_374,2,East_exit,2,2
dl_374,18,East_exit,18,13
dl_374,19,West_exit,19,12
dl_374,15,East_exit,15,11
dl_374,16,West_exit,16,10
dl_374,21,West_exit,21,14
dl_374,22,West_exit,22,14
dl_375,8,,,
dl_375,14,West_exit,14,9
dl_375,18,East_exit,18,13
dl_375,19,West_exit,19,12
dl_375,12,East_exit,12,9
dl_375,11,East_exit,11,8
dl_375,15,East_exit,15,11
dl_375,16,West_exit,16,10
dl_375,21,West_exit,21,14
dl_375,22,West_exit,22,14
dl_376,10,,,
dl_376,14,West_exit,14,9
dl_376,8,East_exit,8,6
dl_376,18,East_exit,18,13
dl_376,19,West_exit,19,12
dl_376,12,East_exit,12,9
dl_376,15,East_exit,15,11
dl_376,16,West_exit,16,10
dl_376,9,East_exit,9,7
dl_376,10,West_exit,10,6
dl_376,21,West_exit,21,14
dl_376,22,West_exit,22,14
dl_377,12,,,
dl_377,6,East_exit,6,5
dl_377,7,West_exit,7,4
dl_377,5,East_exit,5,4
dl_377,14,West_exit,14,9
dl_377,18,East_exit,18,13
dl_377,19,West_exit,19,12
dl_377,15,East_exit,15,11
dl_377,16,West_exit,16,10
dl_377,12,East_exit,12,9
dl_377,9,East_exit,9,7
dl_377,10,West_exit,10,6
dl_377,21,West_exit,21,14
dl_377,22,West_exit,22,14
dl_378,14,,,
dl_378,3,West_exit,3,2
dl_378,4,East_exit,4,3
dl_378,2,East_exit,2,2
dl_378,6,East_exit,6,5
dl_378,7,West_exit,7,4
dl_378,14,West_exit,14,9
dl_378,18,East_exit,18,13
dl_378,19,West_exit,19,12
dl_378,12,East_exit,12,9
dl_378,15,East_exit,15,11
dl_378,16,West_exit,16,10
dl_378,9,East_exit,9,7
dl_378,10,West_exit,10,6
dl_378,21,West_exit,21,14
dl_378,22,West_exit,22,14
dl_379,12,,,
dl_379,8,West_exit,8,5
dl_379,14,West_exit,14,9
dl_379,18,East_exit,18,13
dl_379,19,West_exit,19,12
dl_379,12,East_exit,12,9
dl_379,15,East_exit,15,11
dl_379,16,West_exit,16,10
dl_379,6,East_exit,6,5
dl_379,5,East_exit,5,4
dl_379,9,East_exit,9,7
dl_379,10,West_exit,10,6
dl_379,21,West_exit,21,14
dl_379,22,West_exit,22,14
dl_380,14,,,
dl_380,8,West_exit,8,5
dl_380,14,West_exit,14,9
dl_380,18,East_exit,18,13
dl_380,19,West_exit,19,12
dl_380,12,East_exit,12,9
dl_380,15,East_exit,15,11
dl_380,16,West_exit,16,10
dl_380,9,East_exit,9,7
dl_380,10,West_exit,10,6
dl_380,6,East_exit,6,5
dl_380,3,West_exit,3,2
dl_380,4,East_exit,4,3
dl_380,2,East_exit,2,2
dl_380,21,West_exit,21,14
dl_380,22,West_exit,22,14
dl_381,10,,,
dl_381,14,West_exit,14,9
dl_381,18,East_exit,18,13
dl_381,19,West_exit,19,12
dl_381,12,East_exit,12,9
dl_381,11,West_exit,11,7
dl_381,9,East_exit,9,7
dl_381,8,East_exit,8,6
dl_381,15,East_exit,15,11
dl_381,16,West_exit,16,10
dl_381,21,West_exit,21,14
dl_381,22,West_exit,22,14
dl_382,12,,,
dl_382,14,West_exit,14,9
dl_382,18,East_exit,18,13
dl_382,19,West_exit,19,12
dl_382,6,East_exit,6,5
dl_382,7,West_exit,7,4
dl_382,5,East_exit,5,4
dl_382,11,West_exit,11,7
dl_382,9,East_exit,9,7
dl_382,15,East_exit,15,11
dl_382,16,West_exit,16,10
dl_382,12,East_exit,12,9
dl_382,21,West_exit,21,14
dl_382,22,West_exit,22,14
dl_383,14,,,
dl_383,3,West_exit,3,2
dl_383,4,East_exit,4,3
dl_383,2,East_exit,2,2
dl_383,14,West_exit,14,9
dl_383,18,East_exit,18,13
dl_383,19,West_exit,19,12
dl_383,12,East_exit,12,9
dl_383,11,West_exit,11,7
dl_383,9,East_exit,9,7
dl_383,15,East_exit,15,11
dl_383,16,West_exit,16,10
dl_383,6,East_exit,6,5
dl_383,7,West_exit,7,4
dl_383,21,West_exit,21,14
dl_383,22,West_exit,22,14
dl_384,12,,,
dl_384,14,West_exit,14,9
dl_384,6,East_exit,6,5
dl_384,8,West_exit,8,5
dl_384,18,East_exit,18,13
dl_384,19,West_exit,19,12
dl_384,11,West_exit,11,7
dl_384,9,East_exit,9,7
dl_384,12,East_exit,12,9
dl_384,15,East_exit,15,11
dl_384,16,West_exit,16,10
dl_384,5,East_exit,5,4
dl_384,21,West_exit,21,14
dl_384,22,West_exit,22,14
dl_385,14,,,
dl_385,14,West_exit,14,9
dl_385,18,East_exit,18,13
dl_385,19,West_exit,19,12
dl_385,11,West_exit,11,7
dl_385,9,East_exit,9,7
dl_385,8,West_exit,8,5
dl_385,12,East_exit,12,9
dl_385,15,East_exit,15,11
dl_385,16,West_exit,16,10
dl_385,6,East_exit,6,5
dl_385,3,West_exit,3,2
dl_385,4,East_exit,4,3
dl_385,2,East_exit,2,2
dl_385,21,West_exit,21,14
dl_385,22,West_exit,22,14
dl_386,14,,,
dl_386,5,West_exit,5,3
dl_386,6,East_exit,6,5
dl_386,7,West_exit,7,4
dl_386,4,East_exit,4,3
dl_386,2,East_exit,2,2
dl_386,9,East_exit,9,7
dl_386,10,West_exit,10,6
dl_386,12,East_exit,12,9
dl_386,13,West_exit,13,8
dl_386,18,East_exit,18,13
dl_386,19,West_exit,19,12
dl_386,15,East_exit,15,11
dl_386,16,West_exit,16,10
dl_386,21,West_exit,21,14
dl_386,22,West_exit,22,14
dl_387,14,,,
dl_387,8,West_exit,8,5
dl_387,5,West_exit,5,3
dl_387,4,East_exit,4,3
dl_387,2,East_exit,2,2
dl_387,9,East_exit,9,7
dl_387,10,West_exit,10,6
dl_387,6,East_exit,6,5
dl_387,12,East_exit,12,9
dl_387,13,West_exit,13,8
dl_387,18,East_exit,18,13
dl_387,19,West_exit,19,12
dl_387,15,East_exit,15,11
dl_387,16,West_exit,16,10
dl_387,21,West_exit,21,14
dl_387,22,West_exit,22,14
dl_388,14,,,
dl_388,5,West_exit,5,3
dl_388,11,West_exit,11,7
dl_388,12,East_exit,12,9
dl_388,13,West_exit,13,8
dl_388,9,East_exit,9,7
dl_388,6,East_exit,6,5
dl_388,7,West_exit,7,4
dl_388,4,East_exit,4,3
dl_388,2,East_exit,2,2
dl_388,18,East_exit,18,13
dl_388,19,West_exit,19,12
dl_388,15,East_exit,15,11
dl_388,16,West_exit,16,10
dl_388,21,West_exit,21,14
dl_388,22,West_exit,22,14
dl_389,14,,,
dl_389,11,West_exit,11,7
dl_389,8,West_exit,8,5
dl_389,6,East_exit,6,5
dl_389,5,West_exit,5,3
dl_389,12,East_exit,12,9
dl_389,13,West_exit,13,8
dl_389,9,East_exit,9,7
dl_389,4,East_exit,4,3
dl_389,2,East_exit,2,2
dl_389,18,East_exit,18,13
dl_389,19,West_exit,19,12
dl_389,15,East_exit,15,11
dl_389,16,West_exit,16,10
dl_389,21,West_exit,21,14
dl_389,22,West_exit,22,14
dl_390,14,,,
dl_390,5,West_exit,5,3
dl_390,6,East_exit,6,5
dl_390,7,West_exit,7,4
dl_390,4,East_exit,4,3
dl_390,2,East_exit,2,2
dl_390,14,West_exit,14,9
dl_390,18,East_exit,18,13
dl_390,19,West_exit,19,12
dl_390,12,East_exit,12,9
dl_390,15,East_exit,15,11
dl_390,16,West_exit,16,10
dl_390,9,East_exit,9,7
dl_390,10,West_exit,10,6
dl_390,21,West_exit,21,14
dl_390,22,West_exit,22,14
dl_391,14,,,
dl_391,8,West_exit,8,5
dl_391,14,West_exit,14,9
dl_391,18,East_exit,18,13
dl_391,19,West_exit,19,12
dl_391,12,East_exit,12,9
dl_391,15,East_exit,15,11
dl_391,16,West_exit,16,10
dl_391,5,West_exit,5,3
dl_391,4,East_exit,4,3
dl_391,2,East_exit,2,2
dl_391,9,East_exit,9,7
dl_391,10,West_exit,10,6
dl_391,6,East_exit,6,5
dl_391,21,West_exit,21,14
dl_391,22,West_exit,22,14
dl_392,14,,,
dl_392,5,West_exit,5,3
dl_392,14,West_exit,14,9
dl_392,18,East_exit,18,13
dl_392,19,West_exit,19,12
dl_392,12,East_exit,12,9
dl_392,11,West_exit,11,7
dl_392,9,East_exit,9,7
dl_392,15,East_exit,15,11
dl_392,16,West_exit,16,10
dl_392,6,East_exit,6,5
dl_392,7,West_exit,7,4
dl_392,4,East_exit,4,3
dl_392,2,East_exit,2,2
dl_392,21,West_exit,21,14
dl_392,22,West_exit,22,14
dl_393,14,,,
dl_393,14,West_exit,14,9
dl_393,18,East_exit,18,13
dl_393,19,West_exit,19,12
dl_393,5,West_exit,5,3
dl_393,4,East_exit,4,3
dl_393,2,East_exit,2,2
dl_393,11,West_exit,11,7
dl_393,9,East_exit,9,7
dl_393,8,West_exit,8,5
dl_393,12,East_exit,12,9
dl_393,15,East_exit,15,11
dl_393,16,West_exit,16,10
dl_393,6,East_exit,6,5
dl_393,21,West_exit,21,14
dl_393,22,West_exit,22,14
dl_394,5,,,
dl_394,15,East_exit,15,11
dl_394,17,West_exit,17,11
dl_394,14,East_exit,14,10
dl_394,18,East_exit,18,13
dl_394,19,West_exit,19,12
dl_394,20,West_exit,20,13
dl_395,7,,,
dl_395,12,East_exit,12,9
dl_395,13,West_exit,13,8
dl_395,11,East_exit,11,8
dl_395,15,East_exit,15,11
dl_395,17,West_exit,17,11
dl_395,18,East_exit,18,13
dl_395,19,West_exit,19,12
dl_395,20,West_exit,20,13
dl_396,9,,,
dl_396,8,East_exit,8,6
dl_396,9,East_exit,9,7
dl_396,10,West_exit,10,6
dl_396,15,East_exit,15,11
dl_396,17,West_exit,17,11
dl_396,18,East_exit,18,13
dl_396,19,West_exit,19,12
dl_396,20,West_exit,20,13
dl_396,12,East_exit,12,9
dl_396,13,West_exit,13,8
dl_397,11,,,
dl_397,6,East_exit,6,5
dl_397,7,West_exit,7,4
dl_397,5,East_exit,5,4
dl_397,9,East_exit,9,7
dl_397,10,West_exit,10,6
dl_397,15,East_exit,15,11
dl_397,17,West_exit,17,11
dl_397,18,East_exit,18,13
dl_397,19,West_exit,19,12
dl_397,20,West_exit,20,13
dl_397,12,East_exit,12,9
dl_397,13,West_exit,13,8
dl_398,13,,,
dl_398,3,West_exit,3,2
dl_398,4,East_exit,4,3
dl_398,2,East_exit,2,2
dl_398,6,East_exit,6,5
dl_398,7,West_exit,7,4
dl_398,9,East_exit,9,7
dl_398,10,West_exit,10,6
dl_398,15,East_exit,15,11
dl_398,17,West_exit,17,11
dl_398,18,East_exit,18,13
dl_398,19,West_exit,19,12
dl_398,20,West_exit,20,13
dl_398,12,East_exit,12,9
dl_398,13,West_exit,13,8
dl_399,11,,,
dl_399,8,West_exit,8,5
dl_399,9,East_exit,9,7
dl_399,10,West_exit,10,6
dl_399,6,East_exit,6,5
dl_399,5,East_exit,5,4
dl_399,15,East_exit,15,11
dl_399,17,West_exit,17,11
dl_399,18,East_exit,18,13
dl_399,19,West_exit,19,12
dl_399,20,West_exit,20,13
dl_399,12,East_exit,12,9
dl_399,13,West_exit,13,8
dl_400,13,,,
dl_400,8,West_exit,8,5
dl_400,9,East_exit,9,7
dl_400,10,West_exit,10,6
dl_400,6,East_exit,6,5
dl_400,3,West_exit,3,2
dl_400,4,East_exit,4,3
dl_400,2,East_exit,2,2
dl_400,15,East_exit,15,11
dl_400,17,West_exit,17,11
dl_400,18,East_exit,18,13
dl_400,19,West_exit,19,12
dl_400,20,West_exit,20,13
dl_400,12,East_exit,12,9
dl_400,13,West_exit,13,8
dl_401,9,,,
dl_401,11,West_exit,11,7
dl_401,15,East_exit,15,11
dl_401,17,West_exit,17,11
dl_401,18,East_exit,18,13
dl_401,19,West_exit,19,12
dl_401,20,West_exit,20,13
dl_401,9,East_exit,9,7
dl_401,8,East_exit,8,6
dl_401,12,East_exit,12,9
dl_401,13,West_exit,13,8
dl_402,11,,,
dl_402,6,East_exit,6,5
dl_402,7,West_exit,7,4
dl_402,5,East_exit,5,4
dl_402,11,West_exit,11,7
dl_402,15,East_exit,15,11
dl_402,17,West_exit,17,11
dl_402,18,East_exit,18,13
dl_402,19,West_exit,19,12
dl_402,20,West_exit,20,13
dl_402,9,East_exit,9,7
dl_402,12,East_exit,12,9
dl_402,13,West_exit,13,8
dl_403,13,,,
dl_403,11,West_exit,11,7
dl_403,15,East_exit,15,11
dl_403,17,West_exit,17,11
dl_403,18,East_exit,18,13
dl_403,19,West_exit,19,12
dl_403,20,West_exit,20,13
dl_403,3,West_exit,3,2
dl_403,4,East_exit,4,3
dl_403,2,East_exit,2,2
dl_403,9,East_exit,9,7
dl_403,6,East_exit,6,5
dl_403,7,West_exit,7,4
dl_403,12,East_exit,12,9
dl_403,13,West_exit,13,8
dl_404,11,,,
dl_404,11,West_exit,11,7
dl_404,15,East_exit,15,11
dl_404,17,West_exit,17,11
dl_404,18,East_exit,18,13
dl_404,19,West_exit,19,12
dl_404,20,West_exit,20,13
dl_404,9,East_exit,9,7
dl_404,8,West_exit,8,5
dl_404,6,East_exit,6,5
dl_404,5,East_exit,5,4
dl_404,12,East_exit,12,9
dl_404,13,West_exit,13,8
dl_405,13,,,
dl_405,11,West_exit,11,7
dl_405,15,East_exit,15,11
dl_405,17,West_exit,17,11
dl_405,18,East_exit,18,13
dl_405,19,West_exit,19,12
dl_405,20,West_exit,20,13
dl_405,9,East_exit,9,7
dl_405,8,West_exit,8,5
dl_405,6,East_exit,6,5
dl_405,12,East_exit,12,9
dl_405,13,West_exit,13,8
dl_405,3,West_exit,3,2
dl_405,4,East_exit,4,3
dl_405,2,East_exit,2,2
dl_406,15,,,
dl_406,20,West_exit,20,13
dl_406,5,West_exit,5,3
dl_406,6,East_exit,6,5
dl_406,7,West_exit,7,4
dl_406,4,East_exit,4,3
dl_406,2,East_exit,2,2
dl_406,9,East_exit,9,7
dl_406,10,West_exit,10,6
dl_406,15,East_exit,15,11
dl_406,17,West_exit,17,11
dl_406,18,East_exit,18,13
dl_406,19,West_exit,19,12
dl_406,12,East_exit,12,9
dl_406,13,West_exit,13,8
dl_406,21,West_exit,21,14
dl_406,22,West_exit,22,14
dl_407,13,,,
dl_407,5,West_exit,5,3
dl_407,6,East_exit,6,5
dl_407,7,West_exit,7,4
dl_407,4,East_exit,4,3
dl_407,2,East_exit,2,2
dl_407,9,East_exit,9,7
dl_407,10,West_exit,10,6
dl_407,15,East_exit,15,11
dl_407,17,West_exit,17,11
dl_407,18,East_exit,18,13
dl_407,19,West_exit,19,12
dl_407,20,West_exit,20,13
dl_407,12,East_exit,12,9
dl_407,13,West_exit,13,8
dl_408,15,,,
dl_408,20,West_exit,20,13
dl_408,8,West_exit,8,5
dl_408,5,West_exit,5,3
dl_408,4,East_exit,4,3
dl_408,2,East_exit,2,2
dl_408,9,East_exit,9,7
dl_408,10,West_exit,10,6
dl_408,6,East_exit,6,5
dl_408,15,East_exit,15,11
dl_408,17,West_exit,17,11
dl_408,18,East_exit,18,13
dl_408,19,West_exit,19,12
dl_408,12,East_exit,12,9
dl_408,13,West_exit,13,8
dl_408,21,West_exit,21,14
dl_408,22,West_exit,22,14
dl_409,13,,,
dl_409,8,West_exit,8,5
dl_409,5,West_exit,5,3
dl_409,4,East_exit,4,3
dl_409,2,East_exit,2,2
dl_409,9,East_exit,9,7
dl_409,10,West_exit,10,6
dl_409,6,East_exit,6,5
dl_409,15,East_exit,15,11
dl_409,17,West_exit,17,11
dl_409,18,East_exit,18,13
dl_409,19,West_exit,19,12
dl_409,20,West_exit,20,13
dl_409,12,East_exit,12,9
dl_409,13,West_exit,13,8
dl_410,15,,,
dl_410,20,West_exit,20,13
dl_410,5,West_exit,5,3
dl_410,11,West_exit,11,7
dl_410,15,East_exit,15,11
dl_410,17,West_exit,17,11
dl_410,18,East_exit,18,13
dl_410,19,West_exit,19,12
dl_410,9,East_exit,9,7
dl_410,12,East_exit,12,9
dl_410,13,West_exit,13,8
dl_410,6,East_exit,6,5
dl_410,7,West_exit,7,4
dl_410,4,East_exit,4,3
dl_410,2,East_exit,2,2
dl_410,21,West_exit,21,14
dl_410,22,West_exit,22,14
dl_411,13,,,
dl_411,5,West_exit,5,3
dl_411,11,West_exit,11,7
dl_411,15,East_exit,15,11
dl_411,17,West_exit,17,11
dl_411,18,East_exit,18,13
dl_411,19,West_exit,19,12
dl_411,20,West_exit,20,13
dl_411,9,East_exit,9,7
dl_411,12,East_exit,12,9
dl_411,13,West_exit,13,8
dl_411,6,East_exit,6,5
dl_411,7,West_exit,7,4
dl_411,4,East_exit,4,3
dl_411,2,East_exit,2,2
dl_412,15,,,
dl_412,20,West_exit,20,13
dl_412,11,West_exit,11,7
dl_412,15,East_exit,15,11
dl_412,17,West_exit,17,11
dl_412,18,East_exit,18,13
dl_412,19,West_exit,19,12
dl_412,5,West_exit,5,3
dl_412,4,East_exit,4,3
dl_412,2,East_exit,2,2
dl_412,9,East_exit,9,7
dl_412,8,West_exit,8,5
dl_412,6,East_exit,6,5
dl_412,12,East_exit,12,9
dl_412,13,West_exit,13,8
dl_412,21,West_exit,21,14
dl_412,22,West_exit,22,14
dl_413,13,,,
dl_413,11,West_exit,11,7
dl_413,15,East_exit,15,11
dl_413,17,West_exit,17,11
dl_413,18,East_exit,18,13
dl_413,19,West_exit,19,12
dl_413,20,West_exit,20,13
dl_413,5,West_exit,5,3
dl_413,4,East_exit,4,3
dl_413,2,East_exit,2,2
dl_413,9,East_exit,9,7
dl_413,8,West_exit,8,5
dl_413,6,East_exit,6,5
dl_413,12,East_exit,12,9
dl_413,13,West_exit,13,8
dl_414,7,,,
dl_414,12,East_exit,12,9
dl_414,14,West_exit,14,9
dl_414,11,East_exit,11,8
dl_414,15,East_exit,15,11
dl_414,17,West_exit,17,11
dl_414,18,East_exit,18,13
dl_414,19,West_exit,19,12
dl_414,20,West_exit,20,13
dl_415,9,,,
dl_415,8,East_exit,8,6
dl_415,12,East_exit,12,9
dl_415,9,East_exit,9,7
dl_415,10,West_exit,10,6
dl_415,15,East_exit,15,11
dl_415,17,West_exit,17,11
dl_415,18,East_exit,18,13
dl_415,19,West_exit,19,12
dl_415,20,West_exit,20,13
dl_415,14,West_exit,14,9
dl_416,11,,,
dl_416,6,East_exit,6,5
dl_416,7,West_exit,7,4
dl_416,5,East_exit,5,4
dl_416,12,East_exit,12,9
dl_416,14,West_exit,14,9
dl_416,15,East_exit,15,11
dl_416,17,West_exit,17,11
dl_416,18,East_exit,18,13
dl_416,19,West_exit,19,12
dl_416,20,West_exit,20,13
dl_416,9,East_exit,9,7
dl_416,10,West_exit,10,6
dl_417,13,,,
dl_417,3,West_exit,3,2
dl_417,4,East_exit,4,3
dl_417,2,East_exit,2,2
dl_417,6,East_exit,6,5
dl_417,7,West_exit,7,4
dl_417,12,East_exit,12,9
dl_417,14,West_exit,14,9
dl_417,15,East_exit,15,11
dl_417,17,West_exit,17,11
dl_417,18,East_exit,18,13
dl_417,19,West_exit,19,12
dl_417,20,West_exit,20,13
dl_417,9,East_exit,9,7
dl_417,10,West_exit,10,6
dl_418,11,,,
dl_418,8,West_exit,8,5
dl_418,12,East_exit,12,9
dl_418,14,West_exit,14,9
dl_418,15,East_exit,15,11
dl_418,17,West_exit,17,11
dl_418,18,East_exit,18,13
dl_418,19,West_exit,19,12
dl_418,20,West_exit,20,13
dl_418,9,East_exit,9,7
dl_418,10,West_exit,10,6
dl_418,6,East_exit,6,5
dl_418,5,East_exit,5,4
dl_419,13,,,
dl_419,8,West_exit,8,5
dl_419,12,East_exit,12,9
dl_419,14,West_exit,14,9
dl_419,15,East_exit,15,11
dl_419,17,West_exit,17,11
dl_419,18,East_exit,18,13
dl_419,19,West_exit,19,12
dl_419,20,West_exit,20,13
dl_419,9,East_exit,9,7
dl_419,10,West_exit,10,6
dl_419,6,East_exit,6,5
dl_419,3,West_exit,3,2
dl_419,4,East_exit,4,3
dl_419,2,East_exit,2,2
dl_420,9,,,
dl_420,9,East_exit,9,7
dl_420,11,West_exit,11,7
dl_420,8,East_exit,8,6
dl_420,12,East_exit,12,9
dl_420,15,East_exit,15,11
dl_420,17,West_exit,17,11
dl_420,18,East_exit,18,13
dl_420,19,West_exit,19,12
dl_420,20,West_exit,20,13
dl_420,14,West_exit,14,9
dl_421,11,,,
dl_421,6,East_exit,6,5
dl_421,7,West_exit,7,4
dl_421,5,East_exit,5,4
dl_421,9,East_exit,9,7
dl_421,12,East_exit,12,9
dl_421,14,West_exit,14,9
dl_421,15,East_exit,15,11
dl_421,17,West_exit,17,11
dl_421,18,East_exit,18,13
dl_421,19,West_exit,19,12
dl_421,20,West_exit,20,13
dl_421,11,West_exit,11,7
dl_422,13,,,
dl_422,12,East_exit,12,9
dl_422,11,West_exit,11,7
dl_422,15,East_exit,15,11
dl_422,17,West_exit,17,11
dl_422,18,East_exit,18,13
dl_422,19,West_exit,19,12
dl_422,20,West_exit,20,13
dl_422,3,West_exit,3,2
dl_422,4,East_exit,4,3
dl_422,2,East_exit,2,2
dl_422,9,East_exit,9,7
dl_422,6,East_exit,6,5
dl_422,7,West_exit,7,4
dl_422,14,West_exit,14,9
dl_423,11,,,
dl_423,12,East_exit,12,9
dl_423,11,West_exit,11,7
dl_423,15,East_exit,15,11
dl_423,17,West_exit,17,11
dl_423,18,East_exit,18,13
dl_423,19,West_exit,19,12
dl_423,20,West_exit,20,13
dl_423,9,East_exit,9,7
dl_423,8,West_exit,8,5
dl_423,6,East_exit,6,5
dl_423,5,East_exit,5,4
dl_423,14,West_exit,14,9
dl_424,13,,,
dl_424,12,East_exit,12,9
dl_424,11,West_exit,11,7
dl_424,15,East_exit,15,11
dl_424,17,West_exit,17,11
dl_424,18,East_exit,18,13
dl_424,19,West_exit,19,12
dl_424,20,West_exit,20,13
dl_424,9,East_exit,9,7
dl_424,8,West_exit,8,5
dl_424,6,East_exit,6,5
dl_424,14,West_exit,14,9
dl_424,3,West_exit,3,2
dl_424,4,East_exit,4,3
dl_424,2,East_exit,2,2
dl_425,15,,,
dl_425,20,West_exit,20,13
dl_425,5,West_exit,5,3
dl_425,6,East_exit,6,5
dl_425,7,West_exit,7,4
dl_425,4,East_exit,4,3
dl_425,2,East_exit,2,2
dl_425,12,East_exit,12,9
dl_425,14,West_exit,14,9
dl_425,15,East_exit,15,11
dl_425,17,West_exit,17,11
dl_425,18,East_exit,18,13
dl_425,19,West_exit,19,12
dl_425,9,East_exit,9,7
dl_425,10,West_exit,10,6
dl_425,21,West_exit,21,14
dl_425,22,West_exit,22,14
dl_426,13,,,
dl_426,5,West_exit,5,3
dl_426,6,East_exit,6,5
dl_426,7,West_exit,7,4
dl_426,4,East_exit,4,3
dl_426,2,East_exit,2,2
dl_426,12,East_exit,12,9
dl_426,14,West_exit,14,9
dl_426,15,East_exit,15,11
dl_426,17,West_exit,17,11
dl_426,18,East_exit,18,13
dl_426,19,West_exit,19,12
dl_426,20,West_exit,20,13
dl_426,9,East_exit,9,7
dl_426,10,West_exit,10,6
dl_427,15,,,
dl_427,20,West_exit,20,13
dl_427,8,West_exit,8,5
dl_427,12,East_exit,12,9
dl_427,14,West_exit,14,9
dl_427,15,East_exit,15,11
dl_427,17,West_exit,17,11
dl_427,18,East_exit,18,13
dl_427,19,West_exit,19,12
dl_427,5,West_exit,5,3
dl_427,4,East_exit,4,3
dl_427,2,East_exit,2,2
dl_427,9,East_exit,9,7
dl_427,10,West_exit,10,6
dl_427,6,East_exit,6,5
dl_427,21,West_exit,21,14
dl_427,22,West_exit,22,14
dl_428,13,,,
dl_428,8,West_exit,8,5
dl_428,12,East_exit,12,9
dl_428,14,West_exit,14,9
dl_428,15,East_exit,15,11
dl_428,17,West_exit,17,11
dl_428,18,East_exit,18,13
dl_428,19,West_exit,19,12
dl_428,20,West_exit,20,13
dl_428,5,West_exit,5,3
dl_428,4,East_exit,4,3
dl_428,2,East_exit,2,2
dl_428,9,East_exit,9,7
dl_428,10,West_exit,10,6
dl_428,6,East_exit,6,5
dl_429,15,,,
dl_429,20,West_exit,20,13
dl_429,5,West_exit,5,3
dl_429,9,East_exit,9,7
dl_429,11,West_exit,11,7
dl_429,12,East_exit,12,9
dl_429,15,East_exit,15,11
dl_429,17,West_exit,17,11
dl_429,18,East_exit,18,13
dl_429,19,West_exit,19,12
dl_429,14,West_exit,14,9
dl_429,6,East_exit,6,5
dl_429,7,West_exit,7,4
dl_429,4,East_exit,4,3
dl_429,2,East_exit,2,2
dl_429,21,West_exit,21,14
dl_429,22,West_exit,22,14
dl_430,13,,,
dl_430,5,West_exit,5,3
dl_430,9,East_exit,9,7
dl_430,11,West_exit,11,7
dl_430,12,East_exit,12,9
dl_430,15,East_exit,15,11
dl_430,17,West_exit,17,11
dl_430,18,East_exit,18,13
dl_430,19,West_exit,19,12
dl_430,20,West_exit,20,13
dl_430,14,West_exit,14,9
dl_430,6,East_exit,6,5
dl_430,7,West_exit,7,4
dl_430,4,East_exit,4,3
dl_430,2,East_exit,2,2
dl_431,15,,,
dl_431,20,West_exit,20,13
dl_431,5,West_exit,5,3
dl_431,4,East_exit,4,3
dl_431,2,East_exit,2,2
dl_431,12,East_exit,12,9
dl_431,11,West_exit,11,7
dl_431,15,East_exit,15,11
dl_431,17,West_exit,17,11
dl_431,18,East_exit,18,13
dl_431,19,West_exit,19,12
dl_431,9,East_exit,9,7
dl_431,8,West_exit,8,5
dl_431,6,East_exit,6,5
dl_431,14,West_exit,14,9
dl_431,21,West_exit,21,14
dl_431,22,West_exit,22,14
dl_432,13,,,
dl_432,5,West_exit,5,3
dl_432,4,East_exit,4,3
dl_432,2,East_exit,2,2
dl_432,12,East_exit,12,9
dl_432,11,West_exit,11,7
dl_432,15,East_exit,15,11
dl_432,17,West_exit,17,11
dl_432,18,East_exit,18,13
dl_432,19,West_exit,19,12
dl_432,20,West_exit,20,13
dl_432,9,East_exit,9,7
dl_432,8,West_exit,8,5
dl_432,6,East_exit,6,5
dl_432,14,West_exit,14,9
dl_433,6,,,
dl_433,15,East_exit,15,11
dl_433,17,West_exit,17,11
dl_433,14,East_exit,14,10
dl_433,18,East_exit,18,13
dl_433,19,West_exit,19,12
dl_433,21,West_exit,21,14
dl_433,22,West_exit,22,14
dl_434,8,,,
dl_434,12,East_exit,12,9
dl_434,13,West_exit,13,8
dl_434,11,East_exit,11,8
dl_434,15,East_exit,15,11
dl_434,17,West_exit,17,11
dl_434,18,East_exit,18,13
dl_434,19,West_exit,19,12
dl_434,21,West_exit,21,14
dl_434,22,West_exit,22,14
dl_435,10,,,
dl_435,8,East_exit,8,6
dl_435,9,East_exit,9,7
dl_435,10,West_exit,10,6
dl_435,15,East_exit,15,11
dl_435,17,West_exit,17,11
dl_435,18,East_exit,18,13
dl_435,19,West_exit,19,12
dl_435,12,East_exit,12,9
dl_435,13,West_exit,13,8
dl_435,21,West_exit,21,14
dl_435,22,West_exit,22,14
dl_436,12,,,
dl_436,17,West_exit,17,11
dl_436,6,East_exit,6,5
dl_436,7,West_exit,7,4
dl_436,5,East_exit,5,4
dl_436,9,East_exit,9,7
dl_436,10,West_exit,10,6
dl_436,15,East_exit,15,11
dl_436,18,East_exit,18,13
dl_436,19,West_exit,19,12
dl_436,12,East_exit,12,9
dl_436,13,West_exit,13,8
dl_436,21,West_exit,21,14
dl_436,22,West_exit,22,14
dl_437,14,,,
dl_437,3,West_exit,3,2
dl_437,4,East_exit,4,3
dl_437,2,East_exit,2,2
dl_437,9,East_exit,9,7
dl_437,10,West_exit,10,6
dl_437,6,East_exit,6,5
dl_437,7,West_exit,7,4
dl_437,15,East_exit,15,11
dl_437,17,West_exit,17,11
dl_437,18,East_exit,18,13
dl_437,19,West_exit,19,12
dl_437,12,East_exit,12,9
dl_437,13,West_exit,13,8
dl_437,21,West_exit,21,14
dl_437,22,West_exit,22,14
dl_438,12,,,
dl_438,8,West_exit,8,5
dl_438,9,East_exit,9,7
dl_438,10,West_exit,10,6
dl_438,6,East_exit,6,5
dl_438,5,East_exit,5,4
dl_438,15,East_exit,15,11
dl_438,17,West_exit,17,11
dl_438,18,East_exit,18,13
dl_438,19,West_exit,19,12
dl_438,12,East_exit,12,9
dl_438,13,West_exit,13,8
dl_438,21,West_exit,21,14
dl_438,22,West_exit,22,14
dl_439,14,,,
dl_439,8,West_exit,8,5
dl_439,9,East_exit,9,7
dl_439,10,West_exit,10,6
dl_439,6,East_exit,6,5
dl_439,3,West_exit,3,2
dl_439,4,East_exit,4,3
dl_439,2,East_exit,2,2
dl_439,15,East_exit,15,11
dl_439,17,West_exit,17,11
dl_439,18,East_exit,18,13
dl_439,19,West_exit,19,12
dl_439,12,East_exit,12,9
dl_439,13,West_exit,13,8
dl_439,21,West_exit,21,14
dl_439,22,West_exit,22,14
dl_440,10,,,
dl_440,11,West_exit,11,7
dl_440,15,East_exit,15,11
dl_440,17,West_exit,17,11
dl_440,18,East_exit,18,13
dl_440,19,West_exit,19,12
dl_440,9,East_exit,9,7
dl_440,8,East_exit,8,6
dl_440,12,East_exit,12,9
dl_440,13,West_exit,13,8
dl_440,21,West_exit,21,14
dl_440,22,West_exit,22,14
dl_441,12,,,
dl_441,11,West_exit,11,7
dl_441,6,East_exit,6,5
dl_441,7,West_exit,7,4
dl_441,5,East_exit,5,4
dl_441,15,East_exit,15,11
dl_441,17,West_exit,17,11
dl_441,18,East_exit,18,13
dl_441,19,West_exit,19,12
dl_441,9,East_exit,9,7
dl_441,12,East_exit,12,9
dl_441,13,West_exit,13,8
dl_441,21,West_exit,21,14
dl_441,22,West_exit,22,14
dl_442,14,,,
dl_442,11,West_exit,11,7
dl_442,3,West_exit,3,2
dl_442,4,East_exit,4,3
dl_442,2,East_exit,2,2
dl_442,15,East_exit,15,11
dl_442,17,West_exit,17,11
dl_442,18,East_exit,18,13
dl_442,19,West_exit,19,12
dl_442,9,East_exit,9,7
dl_442,6,East_exit,6,5
dl_442,7,West_exit,7,4
dl_442,12,East_exit,12,9
dl_442,13,West_exit,13,8
dl_442,21,West_exit,21,14
dl_442,22,West_exit,22,14
dl_443,12,,,
dl_443,11,West_exit,11,7
dl_443,15,East_exit,15,11
dl_443,17,West_exit,17,11
dl_443,18,East_exit,18,13
dl_443,19,West_exit,19,12
dl_443,9,East_exit,9,7
dl_443,8,West_exit,8,5
dl_443,6,East_exit,6,5
dl_443,5,East_exit,5,4
dl_443,12,East_exit,12,9
dl_443,13,West_exit,13,8
dl_443,21,West_exit,21,14
dl_443,22,West_exit,22,14
dl_444,14,,,
dl_444,11,West_exit,11,7
dl_444,15,East_exit,15,11
dl_444,17,West_exit,17,11
dl_444,18,East_exit,18,13
dl_444,19,West_exit,19,12
dl_444,9,East_exit,9,7
dl_444,8,West_exit,8,5
dl_444,6,East_exit,6,5
dl_444,12,East_exit,12,9
dl_444,13,West_exit,13,8
dl_444,3,West_exit,3,2
dl_444,4,East_exit,4,3
dl_444,2,East_exit,2,2
dl_444,21,West_exit,21,14
dl_444,22,West_exit,22,14
dl_445,14,,,
dl_445,5,West_exit,5,3
dl_445,6,East_exit,6,5
dl_445,7,West_exit,7,4
dl_445,4,East_exit,4,3
dl_445,2,East_exit,2,2
dl_445,9,East_exit,9,7
dl_445,10,West_exit,10,6
dl_445,15,East_exit,15,11
dl_445,17,West_exit,17,11
dl_445,18,East_exit,18,13
dl_445,19,West_exit,19,12
dl_445,12,East_exit,12,9
dl_445,13,West_exit,13,8
dl_445,21,West_exit,21,14
dl_445,22,West_exit,22,14
dl_446,14,,,
dl_446,8,West_exit,8,5
dl_446,5,West_exit,5,3
dl_446,4,East_exit,4,3
dl_446,2,East_exit,2,2
dl_446,9,East_exit,9,7
dl_446,10,West_exit,10,6
dl_446,6,East_exit,6,5
dl_446,15,East_exit,15,11
dl_446,17,West_exit,17,11
dl_446,18,East_exit,18,13
dl_446,19,West_exit,19,12
dl_446,12,East_exit,12,9
dl_446,13,West_exit,13,8
dl_446,21,West_exit,21,14
dl_446,22,West_exit,22,14
dl_447,14,,,
dl_447,5,West_exit,5,3
dl_447,11,West_exit,11,7
dl_447,15,East_exit,15,11
dl_447,17,West_exit,17,11
dl_447,18,East_exit,18,13
dl_447,19,West_exit,19,12
dl_447,9,East_exit,9,7
dl_447,12,East_exit,12,9
dl_447,13,West_exit,13,8
dl_447,6,East_exit,6,5
dl_447,7,West_exit,7,4
dl_447,4,East_exit,4,3
dl_447,2,East_exit,2,2
dl_447,21,West_exit,21,14
dl_447,22,West_exit,22,14
dl_448,14,,,
dl_448,11,West_exit,11,7
dl_448,15,East_exit,15,11
dl_448,17,West_exit,17,11
dl_448,18,East_exit,18,13
dl_448,19,West_exit,19,12
dl_448,5,West_exit,5,3
dl_448,4,East_exit,4,3
dl_448,2,East_exit,2,2
dl_448,9,East_exit,9,7
dl_448,8,West_exit,8,5
dl_448,6,East_exit,6,5
dl_448,12,East_exit,12,9
dl_448,13,West_exit,13,8
dl_448,21,West_exit,21,14
dl_448,22,West_exit,22,14
dl_449,8,,,
dl_449,12,East_exit,12,9
dl_449,14,West_exit,14,9
dl_449,11,East_exit,11,8
dl_449,15,East_exit,15,11
dl_449,17,West_exit,17,11
dl_449,18,East_exit,18,13
dl_449,19,West_exit,19,12
dl_449,21,West_exit,21,14
dl_449,22,West_exit,22,14
dl_450,10,,,
dl_450,8,East_exit,8,6
dl_450,12,East_exit,12,9
dl_450,9,East_exit,9,7
dl_450,10,West_exit,10,6
dl_450,15,East_exit,15,11
dl_450,17,West_exit,17,11
dl_450,18,East_exit,18,13
dl_450,19,West_exit,19,12
dl_450,14,West_exit,14,9
dl_450,21,West_exit,21,14
dl_450,22,West_exit,22,14
dl_451,12,,,
dl_451,6,East_exit,6,5
dl_451,7,West_exit,7,4
dl_451,5,East_exit,5,4
dl_451,12,East_exit,12,9
dl_451,14,West_exit,14,9
dl_451,15,East_exit,15,11
dl_451,17,West_exit,17,11
dl_451,18,East_exit,18,13
dl_451,19,West_exit,19,12
dl_451,9,East_exit,9,7
dl_451,10,West_exit,10,6
dl_451,21,West_exit,21,14
dl_451,22,West_exit,22,14
dl_452,14,,,
dl_452,3,West_exit,3,2
dl_452,4,East_exit,4,3
dl_452,2,East_exit,2,2
dl_452,6,East_exit,6,5
dl_452,7,West_exit,7,4
dl_452,12,East_exit,12,9
dl_452,14,West_exit,14,9
dl_452,15,East_exit,15,11
dl_452,17,West_exit,17,11
dl_452,18,East_exit,18,13
dl_452,19,West_exit,19,12
dl_452,9,East_exit,9,7
dl_452,10,West_exit,10,6
dl_452,21,West_exit,21,14
dl_452,22,West_exit,22,14
dl_453,12,,,
dl_453,8,West_exit,8,5
dl_453,12,East_exit,12,9
dl_453,14,West_exit,14,9
dl_453,15,East_exit,15,11
dl_453,17,West_exit,17,11
dl_453,18,East_exit,18,13
dl_453,19,West_exit,19,12
dl_453,9,East_exit,9,7
dl_453,10,West_exit,10,6
dl_453,6,East_exit,6,5
dl_453,5,East_exit,5,4
dl_453,21,West_exit,21,14
dl_453,22,West_exit,22,14
dl_454,14,,,
dl_454,8,West_exit,8,5
dl_454,12,East_exit,12,9
dl_454,14,West_exit,14,9
dl_454,15,East_exit,15,11
dl_454,17,West_exit,17,11
dl_454,18,East_exit,18,13
dl_454,19,West_exit,19,12
dl_454,9,East_exit,9,7
dl_454,10,West_exit,10,6
dl_454,6,East_exit,6,5
dl_454,3,West_exit,3,2
dl_454,4,East_exit,4,3
dl_454,2,East_exit,2,2
dl_454,21,West_exit,21,14
dl_454,22,West_exit,22,14
dl_455,10,,,
dl_455,9,East_exit,9,7
dl_455,11,West_exit,11,7
dl_455,8,East_exit,8,6
dl_455,12,East_exit,12,9
dl_455,15,East_exit,15,11
dl_455,17,West_exit,17,11
dl_455,18,East_exit,18,13
dl_455,19,West_exit,19,12
dl_455,14,West_exit,14,9
dl_455,21,West_exit,21,14
dl_455,22,West_exit,22,14
dl_456,12,,,
dl_456,6,East_exit,6,5
dl_456,7,West_exit,7,4
dl_456,5,East_exit,5,4
dl_456,9,East_exit,9,7
dl_456,12,East_exit,12,9
dl_456,14,West_exit,14,9
dl_456,15,East_exit,15,11
dl_456,17,West_exit,17,11
dl_456,18,East_exit,18,13
dl_456,19,West_exit,19,12
dl_456,11,West_exit,11,7
dl_456,21,West_exit,21,14
dl_456,22,West_exit,22,14
dl_457,14,,,
dl_457,12,East_exit,12,9
dl_457,11,West_exit,11,7
dl_457,15,East_exit,15,11
dl_457,17,West_exit,17,11
dl_457,18,East_exit,18,13
dl_457,19,West_exit,19,12
dl_457,3,West_exit,3,2
dl_457,4,East_exit,4,3
dl_457,2,East_exit,2,2
dl_457,9,East_exit,9,7
dl_457,6,East_exit,6,5
dl_457,7,West_exit,7,4
dl_457,14,West_exit,14,9
dl_457,21,West_exit,21,14
dl_457,22,West_exit,22,14
dl_458,12,,,
dl_458,12,East_exit,12,9
dl_458,11,West_exit,11,7
dl_458,15,East_exit,15,11
dl_458,17,West_exit,17,11
dl_458,18,East_exit,18,13
dl_458,19,West_exit,19,12
dl_458,9,East_exit,9,7
dl_458,8,West_exit,8,5
dl_458,6,East_exit,6,5
dl_458,5,East_exit,5,4
dl_458,14,West_exit,14,9
dl_458,21,West_exit,21,14
dl_458,22,West_exit,22,14
dl_459,14,,,
dl_459,12,East_exit,12,9
dl_459,11,West_exit,11,7
dl_459,15,East_exit,15,11
dl_459,17,West_exit,17,11
dl_459,18,East_exit,18,13
dl_459,19,West_exit,19,12
dl_459,9,East_exit,9,7
dl_459,8,West_exit,8,5
dl_459,6,East_exit,6,5
dl_459,14,West_exit,14,9
dl_459,3,West_exit,3,2
dl_459,4,East_exit,4,3
dl_459,2,East_exit,2,2
dl_459,21,West_exit,21,14
dl_459,22,West_exit,22,14
dl_460,14,,,
dl_460,5,West_exit,5,3
dl_460,6,East_exit,6,5
dl_460,7,West_exit,7,4
dl_460,4,East_exit,4,3
dl_460,2,East_exit,2,2
dl_460,12,East_exit,12,9
dl_460,14,West_exit,14,9
dl_460,15,East_exit,15,11
dl_460,17,West_exit,17,11
dl_460,18,East_exit,18,13
dl_460,19,West_exit,19,12
dl_460,9,East_exit,9,7
dl_460,10,West_exit,10,6
dl_460,21,West_exit,21,14
dl_460,22,West_exit,22,14
dl_461,14,,,
dl_461,8,West_exit,8,5
dl_461,12,East_exit,12,9
dl_461,14,West_exit,14,9
dl_461,15,East_exit,15,11
dl_461,17,West_exit,17,11
dl_461,18,East_exit,18,13
dl_461,19,West_exit,19,12
dl_461,5,West_exit,5,3
dl_461,4,East_exit,4,3
dl_461,2,East_exit,2,2
dl_461,9,East_exit,9,7
dl_461,10,West_exit,10,6
dl_461,6,East_exit,6,5
dl_461,21,West_exit,21,14
dl_461,22,West_exit,22,14
dl_462,14,,,
dl_462,5,West_exit,5,3
dl_462,9,East_exit,9,7
dl_462,11,West_exit,11,7
dl_462,12,East_exit,12,9
dl_462,15,East_exit,15,11
dl_462,17,West_exit,17,11
dl_462,18,East_exit,18,13
dl_462,19,West_exit,19,12
dl_462,14,West_exit,14,9
dl_462,6,East_exit,6,5
dl_462,7,West_exit,7,4
dl_462,4,East_exit,4,3
dl_462,2,East_exit,2,2
dl_462,21,West_exit,21,14
dl_462,22,West_exit,22,14
dl_463,14,,,
dl_463,5,West_exit,5,3
dl_463,4,East_exit,4,3
dl_463,2,East_exit,2,2
dl_463,12,East_exit,12,9
dl_463,11,West_exit,11,7
dl_463,15,East_exit,15,11
dl_463,17,West_exit,17,11
dl_463,18,East_exit,18,13
dl_463,19,West_exit,19,12
dl_463,9,East_exit,9,7
dl_463,8,West_exit,8,5
dl_463,6,East_exit,6,5
dl_463,14,West_exit,14,9
dl_463,21,West_exit,21,14
dl_463,22,West_exit,22,14
dl_464,10,,,
dl_464,5,East_exit,5,4
dl_464,9,West_exit,9,6
dl_464,10,East_exit,10,7
dl_464,8,East_exit,8,6
dl_464,6,West_exit,6,4
dl_464,7,East_exit,7,5
dl_464,3,East_exit,3,3
dl_464,4,East_exit,4,3
dl_464,12,East_exit,12,9
dl_464,13,West_exit,13,8
dl_464,14,West_exit,14,9
dl_465,8,,,
dl_465,9,West_exit,9,6
dl_465,10,East_exit,10,7
dl_465,8,East_exit,8,6
dl_465,6,West_exit,6,4
dl_465,7,East_exit,7,5
dl_465,5,East_exit,5,4
dl_465,12,East_exit,12,9
dl_465,13,West_exit,13,8
dl_465,14,West_exit,14,9
dl_466,9,,,
dl_466,9,West_exit,9,6
dl_466,10,East_exit,10,7
dl_466,8,East_exit,8,6
dl_466,6,West_exit,6,4
dl_466,7,East_exit,7,5
dl_466,12,East_exit,12,9
dl_466,13,West_exit,13,8
dl_466,14,West_exit,14,9
dl_466,3,East_exit,3,3
dl_466,4,East_exit,4,3
dl_467,5,,,
dl_467,9,West_exit,9,6
dl_467,10,East_exit,10,7
dl_467,8,East_exit,8,6
dl_467,12,East_exit,12,9
dl_467,13,West_exit,13,8
dl_467,14,West_exit,14,9
dl_468,9,,,
dl_468,9,West_exit,9,6
dl_468,10,East_exit,10,7
dl_468,6,West_exit,6,4
dl_468,7,East_exit,7,5
dl_468,5,East_exit,5,4
dl_468,3,East_exit,3,3
dl_468,4,East_exit,4,3
dl_468,12,East_exit,12,9
dl_468,13,West_exit,13,8
dl_468,14,West_exit,14,9
dl_469,7,,,
dl_469,9,West_exit,9,6
dl_469,10,East_exit,10,7
dl_469,6,West_exit,6,4
dl_469,7,East_exit,7,5
dl_469,5,East_exit,5,4
dl_469,12,East_exit,12,9
dl_469,13,West_exit,13,8
dl_469,14,West_exit,14,9
dl_470,8,,,
dl_470,9,West_exit,9,6
dl_470,10,East_exit,10,7
dl_470,6,West_exit,6,4
dl_470,7,East_exit,7,5
dl_470,12,East_exit,12,9
dl_470,13,West_exit,13,8
dl_470,14,West_exit,14,9
dl_470,3,East_exit,3,3
dl_470,4,East_exit,4,3
dl_471,7,,,
dl_471,6,West_exit,6,4
dl_471,7,East_exit,7,5
dl_471,3,West_exit,3,2
dl_471,4,East_exit,4,3
dl_471,2,East_exit,2,2
dl_471,9,East_exit,9,7
dl_471,10,West_exit,10,6
dl_471,11,West_exit,11,7
dl_472,5,,,
dl_472,21,East_exit,21,15
dl_472,22,West_exit,22,14
dl_472,20,East_exit,20,14
dl_472,24,East_exit,24,17
dl_472,25,West_exit,25,16
dl_472,26,West_exit,26,17
dl_473,5,,,
dl_473,24,East_exit,24,17
dl_473,25,West_exit,25,16
dl_473,23,East_exit,23,16
dl_473,27,East_exit,27,19
dl_473,28,West_exit,28,18
dl_473,29,West_exit,29,19
dl_474,7,,,
dl_474,21,East_exit,21,15
dl_474,22,West_exit,22,14
dl_474,20,East_exit,20,14
dl_474,27,East_exit,27,19
dl_474,28,West_exit,28,18
dl_474,29,West_exit,29,19
dl_474,24,East_exit,24,17
dl_474,25,West_exit,25,16
dl_475,19,,,
dl_475,5,East_exit,5,4
dl_475,14,East_exit,14,10
dl_475,11,East_exit,11,8
dl_475,12,West_exit,12,8
dl_475,13,East_exit,13,9
dl_475,8,East_exit,8,6
dl_475,9,West_exit,9,6
dl_475,10,East_exit,10,7
dl_475,6,West_exit,6,4
dl_475,7,East_exit,7,5
dl_475,17,East_exit,17,12
dl_475,15,West_exit,15,10
dl_475,16,East_exit,16,11
dl_475,21,East_exit,21,15
dl_475,22,West_exit,22,14
dl_475,23,West_exit,23,15
dl_475,18,West_exit,18,12
dl_475,19,East_exit,19,13
dl_475,3,East_exit,3,3
dl_475,4,East_exit,4,3
dl_476,17,,,
dl_476,8,East_exit,8,6
dl_476,6,West_exit,6,4
dl_476,7,East_exit,7,5
dl_476,5,East_exit,5,4
dl_476,14,East_exit,14,10
dl_476,11,East_exit,11,8
dl_476,12,West_exit,12,8
dl_476,13,East_exit,13,9
dl_476,9,West_exit,9,6
dl_476,10,East_exit,10,7
dl_476,17,East_exit,17,12
dl_476,15,West_exit,15,10
dl_476,16,East_exit,16,11
dl_476,21,East_exit,21,15
dl_476,22,West_exit,22,14
dl_476,23,West_exit,23,15
dl_476,18,West_exit,18,12
dl_476,19,East_exit,19,13
dl_477,18,,,
dl_477,8,East_exit,8,6
dl_477,6,West_exit,6,4
dl_477,7,East_exit,7,5
dl_477,14,East_exit,14,10
dl_477,11,East_exit,11,8
dl_477,12,West_exit,12,8
dl_477,13,East_exit,13,9
dl_477,9,West_exit,9,6
dl_477,10,East_exit,10,7
dl_477,17,East_exit,17,12
dl_477,15,West_exit,15,10
dl_477,16,East_exit,16,11
dl_477,21,East_exit,21,15
dl_477,22,West_exit,22,14
dl_477,23,West_exit,23,15
dl_477,18,West_exit,18,12
dl_477,19,East_exit,19,13
dl_477,3,East_exit,3,3
dl_477,4,East_exit,4,3
dl_478,5,,,
dl_478,18,West_exit,18,12
dl_478,19,East_exit,19,13
dl_478,17,East_exit,17,12
dl_478,21,East_exit,21,15
dl_478,22,West_exit,22,14
dl_478,23,West_exit,23,15
dl_479,18,,,
dl_479,5,East_exit,5,4
dl_479,14,East_exit,14,10
dl_479,11,East_exit,11,8
dl_479,12,West_exit,12,8
dl_479,13,East_exit,13,9
dl_479,8,East_exit,8,6
dl_479,9,West_exit,9,6
dl_479,10,East_exit,10,7
dl_479,6,West_exit,6,4
dl_479,7,East_exit,7,5
dl_479,21,East_exit,21,15
dl_479,22,West_exit,22,14
dl_479,23,West_exit,23,15
dl_479,18,West_exit,18,12
dl_479,19,East_exit,19,13
dl_479,15,West_exit,15,10
dl_479,16,East_exit,16,11
dl_479,3,East_exit,3,3
dl_479,4,East_exit,4,3
dl_480,16,,,
dl_480,8,East_exit,8,6
dl_480,6,West_exit,6,4
dl_480,7,East_exit,7,5
dl_480,5,East_exit,5,4
dl_480,14,East_exit,14,10
dl_480,11,East_exit,11,8
dl_480,12,West_exit,12,8
dl_480,13,East_exit,13,9
dl_480,9,West_exit,9,6
dl_480,10,East_exit,10,7
dl_480,21,East_exit,21,15
dl_480,22,West_exit,22,14
dl_480,23,West_exit,23,15
dl_480,18,West_exit,18,12
dl_480,19,East_exit,19,13
dl_480,15,West_exit,15,10
dl_480,16,East_exit,16,11
dl_481,17,,,
dl_481,21,East_exit,21,15
dl_481,22,West_exit,22,14
dl_481,23,West_exit,23,15
dl_481,18,West_exit,18,12
dl_481,19,East_exit,19,13
dl_481,15,West_exit,15,10
dl_481,16,East_exit,16,11
dl_481,14,East_exit,14,10
dl_481,8,East_exit,8,6
dl_481,6,West_exit,6,4
dl_481,7,East_exit,7,5
dl_481,12,West_exit,12,8
dl_481,13,East_exit,13,9
dl_481,11,East_exit,11,8
dl_481,9,West_exit,9,6
dl_481,10,East_exit,10,7
dl_481,3,East_exit,3,3
dl_481,4,East_exit,4,3
dl_482,17,,,
dl_482,5,East_exit,5,4
dl_482,14,East_exit,14,10
dl_482,11,East_exit,11,8
dl_482,12,West_exit,12,8
dl_482,13,East_exit,13,9
dl_482,8,East_exit,8,6
dl_482,9,West_exit,9,6
dl_482,10,East_exit,10,7
dl_482,21,East_exit,21,15
dl_482,22,West_exit,22,14
dl_482,23,West_exit,23,15
dl_482,18,West_exit,18,12
dl_482,19,East_exit,19,13
dl_482,15,West_exit,15,10
dl_482,16,East_exit,16,11
dl_482,6,West_exit,6,4
dl_482,3,East_exit,3,3
dl_482,4,East_exit,4,3
dl_483,13,,,
dl_483,11,East_exit,11,8
dl_483,9,West_exit,9,6
dl_483,10,East_exit,10,7
dl_483,8,East_exit,8,6
dl_483,14,East_exit,14,10
dl_483,12,West_exit,12,8
dl_483,13,East_exit,13,9
dl_483,21,East_exit,21,15
dl_483,22,West_exit,22,14
dl_483,23,West_exit,23,15
dl_483,18,West_exit,18,12
dl_483,19,East_exit,19,13
dl_483,15,West_exit,15,10
dl_483,16,East_exit,16,11
dl_484,17,,,
dl_484,11,East_exit,11,8
dl_484,5,East_exit,5,4
dl_484,6,West_exit,6,4
dl_484,7,East_exit,7,5
dl_484,3,East_exit,3,3
dl_484,4,East_exit,4,3
dl_484,14,East_exit,14,10
dl_484,12,West_exit,12,8
dl_484,13,East_exit,13,9
dl_484,9,West_exit,9,6
dl_484,10,East_exit,10,7
dl_484,21,East_exit,21,15
dl_484,22,West_exit,22,14
dl_484,23,West_exit,23,15
dl_484,18,West_exit,18,12
dl_484,19,East_exit,19,13
dl_484,15,West_exit,15,10
dl_484,16,East_exit,16,11
dl_485,15,,,
dl_485,11,East_exit,11,8
dl_485,9,West_exit,9,6
dl_485,10,East_exit,10,7
dl_485,14,East_exit,14,10
dl_485,12,West_exit,12,8
dl_485,13,East_exit,13,9
dl_485,21,East_exit,21,15
dl_485,22,West_exit,22,14
dl_485,23,West_exit,23,15
dl_485,18,West_exit,18,12
dl_485,19,East_exit,19,13
dl_485,15,West_exit,15,10
dl_485,16,East_exit,16,11
dl_485,6,West_exit,6,4
dl_485,7,East_exit,7,5
dl_485,5,East_exit,5,4
dl_486,16,,,
dl_486,11,East_exit,11,8
dl_486,9,West_exit,9,6
dl_486,10,East_exit,10,7
dl_486,14,East_exit,14,10
dl_486,12,West_exit,12,8
dl_486,13,East_exit,13,9
dl_486,21,East_exit,21,15
dl_486,22,West_exit,22,14
dl_486,23,West_exit,23,15
dl_486,18,West_exit,18,12
dl_486,19,East_exit,19,13
dl_486,15,West_exit,15,10
dl_486,16,East_exit,16,11
dl_486,6,West_exit,6,4
dl_486,7,East_exit,7,5
dl_486,3,East_exit,3,3
dl_486,4,East_exit,4,3
dl_487,10,,,
dl_487,14,East_exit,14,10
dl_487,12,West_exit,12,8
dl_487,13,East_exit,13,9
dl_487,11,East_exit,11,8
dl_487,21,East_exit,21,15
dl_487,22,West_exit,22,14
dl_487,23,West_exit,23,15
dl_487,18,West_exit,18,12
dl_487,19,East_exit,19,13
dl_487,15,West_exit,15,10
dl_487,16,East_exit,16,11
dl_488,17,,,
dl_488,14,East_exit,14,10
dl_488,5,East_exit,5,4
dl_488,9,West_exit,9,6
dl_488,10,East_exit,10,7
dl_488,8,East_exit,8,6
dl_488,6,West_exit,6,4
dl_488,7,East_exit,7,5
dl_488,3,East_exit,3,3
dl_488,4,East_exit,4,3
dl_488,12,West_exit,12,8
dl_488,13,East_exit,13,9
dl_488,21,East_exit,21,15
dl_488,22,West_exit,22,14
dl_488,23,West_exit,23,15
dl_488,18,West_exit,18,12
dl_488,19,East_exit,19,13
dl_488,15,West_exit,15,10
dl_488,16,East_exit,16,11
dl_489,15,,,
dl_489,14,East_exit,14,10
dl_489,8,East_exit,8,6
dl_489,6,West_exit,6,4
dl_489,7,East_exit,7,5
dl_489,5,East_exit,5,4
dl_489,9,West_exit,9,6
dl_489,10,East_exit,10,7
dl_489,12,West_exit,12,8
dl_489,13,East_exit,13,9
dl_489,21,East_exit,21,15
dl_489,22,West_exit,22,14
dl_489,23,West_exit,23,15
dl_489,18,West_exit,18,12
dl_489,19,East_exit,19,13
dl_489,15,West_exit,15,10
dl_489,16,East_exit,16,11
dl_490,16,,,
dl_490,14,East_exit,14,10
dl_490,8,East_exit,8,6
dl_490,6,West_exit,6,4
dl_490,7,East_exit,7,5
dl_490,9,West_exit,9,6
dl_490,10,East_exit,10,7
dl_490,12,West_exit,12,8
dl_490,13,East_exit,13,9
dl_490,21,East_exit,21,15
dl_490,22,West_exit,22,14
dl_490,23,West_exit,23,15
dl_490,18,West_exit,18,12
dl_490,19,East_exit,19,13
dl_490,15,West_exit,15,10
dl_490,16,East_exit,16,11
dl_490,3,East_exit,3,3
dl_490,4,East_exit,4,3
dl_491,16,,,
dl_491,5,East_exit,5,4
dl_491,21,East_exit,21,15
dl_491,22,West_exit,22,14
dl_491,23,West_exit,23,15
dl_491,18,West_exit,18,12
dl_491,19,East_exit,19,13
dl_491,15,West_exit,15,10
dl_491,16,East_exit,16,11
dl_491,14,East_exit,14,10
dl_491,12,West_exit,12,8
dl_491,13,East_exit,13,9
dl_491,9,West_exit,9,6
dl_491,10,East_exit,10,7
dl_491,8,East_exit,8,6
dl_491,6,West_exit,6,4
dl_491,3,East_exit,3,3
dl_491,4,East_exit,4,3
dl_492,12,,,
dl_492,18,West_exit,18,12
dl_492,19,East_exit,19,13
dl_492,15,West_exit,15,10
dl_492,16,East_exit,16,11
dl_492,14,East_exit,14,10
dl_492,12,West_exit,12,8
dl_492,13,East_exit,13,9
dl_492,9,West_exit,9,6
dl_492,10,East_exit,10,7
dl_492,8,East_exit,8,6
dl_492,21,East_exit,21,15
dl_492,22,West_exit,22,14
dl_492,23,West_exit,23,15
dl_493,16,,,
dl_493,14,East_exit,14,10
dl_493,12,West_exit,12,8
dl_493,13,East_exit,13,9
dl_493,21,East_exit,21,15
dl_493,22,West_exit,22,14
dl_493,23,West_exit,23,15
dl_493,18,West_exit,18,12
dl_493,19,East_exit,19,13
dl_493,15,West_exit,15,10
dl_493,16,East_exit,16,11
dl_493,5,East_exit,5,4
dl_493,6,West_exit,6,4
dl_493,7,East_exit,7,5
dl_493,3,East_exit,3,3
dl_493,4,East_exit,4,3
dl_493,9,West_exit,9,6
dl_493,10,East_exit,10,7
dl_494,14,,,
dl_494,14,East_exit,14,10
dl_494,12,West_exit,12,8
dl_494,13,East_exit,13,9
dl_494,21,East_exit,21,15
dl_494,22,West_exit,22,14
dl_494,23,West_exit,23,15
dl_494,18,West_exit,18,12
dl_494,19,East_exit,19,13
dl_494,15,West_exit,15,10
dl_494,16,East_exit,16,11
dl_494,9,West_exit,9,6
dl_494,10,East_exit,10,7
dl_494,6,West_exit,6,4
dl_494,7,East_exit,7,5
dl_494,5,East_exit,5,4
dl_495,15,,,
dl_495,18,West_exit,18,12
dl_495,19,East_exit,19,13
dl_495,15,West_exit,15,10
dl_495,16,East_exit,16,11
dl_495,14,East_exit,14,10
dl_495,12,West_exit,12,8
dl_495,13,East_exit,13,9
dl_495,9,West_exit,9,6
dl_495,10,East_exit,10,7
dl_495,21,East_exit,21,15
dl_495,22,West_exit,22,14
dl_495,23,West_exit,23,15
dl_495,6,West_exit,6,4
dl_495,7,East_exit,7,5
dl_495,3,East_exit,3,3
dl_495,4,East_exit,4,3
dl_496,7,,,
dl_496,21,East_exit,21,15
dl_496,22,West_exit,22,14
dl_496,23,West_exit,23,15
dl_496,18,West_exit,18,12
dl_496,19,East_exit,19,13
dl_496,15,West_exit,15,10
dl_496,16,East_exit,16,11
dl_496,14,East_exit,14,10
dl_497,17,,,
dl_497,5,East_exit,5,4
dl_497,8,East_exit,8,6
dl_497,6,West_exit,6,4
dl_497,7,East_exit,7,5
dl_497,11,East_exit,11,8
dl_497,9,West_exit,9,6
dl_497,10,East_exit,10,7
dl_497,18,West_exit,18,12
dl_497,19,East_exit,19,13
dl_497,21,East_exit,21,15
dl_497,22,West_exit,22,14
dl_497,23,West_exit,23,15
dl_497,15,West_exit,15,10
dl_497,16,East_exit,16,11
dl_497,12,West_exit,12,8
dl_497,13,East_exit,13,9
dl_497,3,East_exit,3,3
dl_497,4,East_exit,4,3
dl_498,15,,,
dl_498,8,East_exit,8,6
dl_498,6,West_exit,6,4
dl_498,7,East_exit,7,5
dl_498,5,East_exit,5,4
dl_498,11,East_exit,11,8
dl_498,9,West_exit,9,6
dl_498,10,East_exit,10,7
dl_498,18,West_exit,18,12
dl_498,19,East_exit,19,13
dl_498,21,East_exit,21,15
dl_498,22,West_exit,22,14
dl_498,23,West_exit,23,15
dl_498,15,West_exit,15,10
dl_498,16,East_exit,16,11
dl_498,12,West_exit,12,8
dl_498,13,East_exit,13,9
dl_499,16,,,
dl_499,18,West_exit,18,12
dl_499,19,East_exit,19,13
dl_499,21,East_exit,21,15
dl_499,22,West_exit,22,14
dl_499,23,West_exit,23,15
dl_499,8,East_exit,8,6
dl_499,6,West_exit,6,4
dl_499,7,East_exit,7,5
dl_499,11,East_exit,11,8
dl_499,9,West_exit,9,6
dl_499,10,East_exit,10,7
dl_499,15,West_exit,15,10
dl_499,16,East_exit,16,11
dl_499,12,West_exit,12,8
dl_499,13,East_exit,13,9
dl_499,3,East_exit,3,3
dl_499,4,East_exit,4,3
dl_500,16,,,
dl_500,5,East_exit,5,4
dl_500,11,East_exit,11,8
dl_500,9,West_exit,9,6
dl_500,10,East_exit,10,7
dl_500,8,East_exit,8,6
dl_500,12,West_exit,12,8
dl_500,13,East_exit,13,9
dl_500,6,West_exit,6,4
dl_500,3,East_exit,3,3
dl_500,4,East_exit,4,3
dl_500,21,East_exit,21,15
dl_500,22,West_exit,22,14
dl_500,23,West_exit,23,15
dl_500,18,West_exit,18,12
dl_500,19,East_exit,19,13
dl_500,15,West_exit,15,10
dl_500,16,East_exit,16,11
dl_501,12,,,
dl_501,11,East_exit,11,8
dl_501,9,West_exit,9,6
dl_501,10,East_exit,10,7
dl_501,8,East_exit,8,6
dl_501,18,West_exit,18,12
dl_501,19,East_exit,19,13
dl_501,21,East_exit,21,15
dl_501,22,West_exit,22,14
dl_501,23,West_exit,23,15
dl_501,15,West_exit,15,10
dl_501,16,East_exit,16,11
dl_501,12,West_exit,12,8
dl_501,13,East_exit,13,9
dl_502,16,,,
dl_502,18,West_exit,18,12
dl_502,19,East_exit,19,13
dl_502,21,East_exit,21,15
dl_502,22,West_exit,22,14
dl_502,23,West_exit,23,15
dl_502,11,East_exit,11,8
dl_502,5,East_exit,5,4
dl_502,6,West_exit,6,4
dl_502,7,East_exit,7,5
dl_502,3,East_exit,3,3
dl_502,4,East_exit,4,3
dl_502,12,West_exit,12,8
dl_502,13,East_exit,13,9
dl_502,9,West_exit,9,6
dl_502,10,East_exit,10,7
dl_502,15,West_exit,15,10
dl_502,16,East_exit,16,11
dl_503,14,,,
dl_503,11,East_exit,11,8
dl_503,9,West_exit,9,6
dl_503,10,East_exit,10,7
dl_503,18,West_exit,18,12
dl_503,19,East_exit,19,13
dl_503,21,East_exit,21,15
dl_503,22,West_exit,22,14
dl_503,23,West_exit,23,15
dl_503,15,West_exit,15,10
dl_503,16,East_exit,16,11
dl_503,12,West_exit,12,8
dl_503,13,East_exit,13,9
dl_503,6,West_exit,6,4
dl_503,7,East_exit,7,5
dl_503,5,East_exit,5,4
dl_504,15,,,
dl_504,11,East_exit,11,8
dl_504,9,West_exit,9,6
dl_504,10,East_exit,10,7
dl_504,18,West_exit,18,12
dl_504,19,East_exit,19,13
dl_504,21,East_exit,21,15
dl_504,22,West_exit,22,14
dl_504,23,West_exit,23,15
dl_504,15,West_exit,15,10
dl_504,16,East_exit,16,11
dl_504,12,West_exit,12,8
dl_504,13,East_exit,13,9
dl_504,6,West_exit,6,4
dl_504,7,East_exit,7,5
dl_504,3,East_exit,3,3
dl_504,4,East_exit,4,3
dl_505,16,,,
dl_505,5,East_exit,5,4
dl_505,18,West_exit,18,12
dl_505,19,East_exit,19,13
dl_505,21,East_exit,21,15
dl_505,22,West_exit,22,14
dl_505,23,West_exit,23,15
dl_505,15,West_exit,15,10
dl_505,16,East_exit,16,11
dl_505,12,West_exit,12,8
dl_505,13,East_exit,13,9
dl_505,11,East_exit,11,8
dl_505,9,West_exit,9,6
dl_505,8,East_exit,8,6
dl_505,6,West_exit,6,4
dl_505,7,East_exit,7,5
dl_505,3,East_exit,3,3
dl_505,4,East_exit,4,3
dl_506,9,,,
dl_506,21,East_exit,21,15
dl_506,22,West_exit,22,14
dl_506,23,West_exit,23,15
dl_506,18,West_exit,18,12
dl_506,19,East_exit,19,13
dl_506,12,West_exit,12,8
dl_506,13,East_exit,13,9
dl_506,11,East_exit,11,8
dl_506,15,West_exit,15,10
dl_506,16,East_exit,16,11
dl_507,16,,,
dl_507,21,East_exit,21,15
dl_507,22,West_exit,22,14
dl_507,23,West_exit,23,15
dl_507,18,West_exit,18,12
dl_507,19,East_exit,19,13
dl_507,15,West_exit,15,10
dl_507,16,East_exit,16,11
dl_507,5,East_exit,5,4
dl_507,8,East_exit,8,6
dl_507,6,West_exit,6,4
dl_507,7,East_exit,7,5
dl_507,9,West_exit,9,6
dl_507,10,East_exit,10,7
dl_507,3,East_exit,3,3
dl_507,4,East_exit,4,3
dl_507,12,West_exit,12,8
dl_507,13,East_exit,13,9
dl_508,14,,,
dl_508,21,East_exit,21,15
dl_508,22,West_exit,22,14
dl_508,23,West_exit,23,15
dl_508,18,West_exit,18,12
dl_508,19,East_exit,19,13
dl_508,15,West_exit,15,10
dl_508,16,East_exit,16,11
dl_508,8,East_exit,8,6
dl_508,6,West_exit,6,4
dl_508,7,East_exit,7,5
dl_508,5,East_exit,5,4
dl_508,9,West_exit,9,6
dl_508,10,East_exit,10,7
dl_508,12,West_exit,12,8
dl_508,13,East_exit,13,9
dl_509,15,,,
dl_509,8,East_exit,8,6
dl_509,21,East_exit,21,15
dl_509,22,West_exit,22,14
dl_509,23,West_exit,23,15
dl_509,18,West_exit,18,12
dl_509,19,East_exit,19,13
dl_509,15,West_exit,15,10
dl_509,16,East_exit,16,11
dl_509,6,West_exit,6,4
dl_509,7,East_exit,7,5
dl_509,9,West_exit,9,6
dl_509,10,East_exit,10,7
dl_509,12,West_exit,12,8
dl_509,13,East_exit,13,9
dl_509,3,East_exit,3,3
dl_509,4,East_exit,4,3
dl_510,15,,,
dl_510,18,West_exit,18,12
dl_510,19,East_exit,19,13
dl_510,21,East_exit,21,15
dl_510,22,West_exit,22,14
dl_510,23,West_exit,23,15
dl_510,15,West_exit,15,10
dl_510,16,East_exit,16,11
dl_510,5,East_exit,5,4
dl_510,9,West_exit,9,6
dl_510,10,East_exit,10,7
dl_510,8,East_exit,8,6
dl_510,6,West_exit,6,4
dl_510,3,East_exit,3,3
dl_510,4,East_exit,4,3
dl_510,12,West_exit,12,8
dl_510,13,East_exit,13,9
dl_511,11,,,
dl_511,18,West_exit,18,12
dl_511,19,East_exit,19,13
dl_511,21,East_exit,21,15
dl_511,22,West_exit,22,14
dl_511,23,West_exit,23,15
dl_511,15,West_exit,15,10
dl_511,16,East_exit,16,11
dl_511,9,West_exit,9,6
dl_511,10,East_exit,10,7
dl_511,8,East_exit,8,6
dl_511,12,West_exit,12,8
dl_511,13,East_exit,13,9
dl_512,15,,,
dl_512,21,East_exit,21,15
dl_512,22,West_exit,22,14
dl_512,23,West_exit,23,15
dl_512,18,West_exit,18,12
dl_512,19,East_exit,19,13
dl_512,15,West_exit,15,10
dl_512,16,East_exit,16,11
dl_512,5,East_exit,5,4
dl_512,12,West_exit,12,8
dl_512,13,East_exit,13,9
dl_512,9,West_exit,9,6
dl_512,10,East_exit,10,7
dl_512,6,West_exit,6,4
dl_512,7,East_exit,7,5
dl_512,3,East_exit,3,3
dl_512,4,East_exit,4,3
dl_513,13,,,
dl_513,21,East_exit,21,15
dl_513,22,West_exit,22,14
dl_513,23,West_exit,23,15
dl_513,18,West_exit,18,12
dl_513,19,East_exit,19,13
dl_513,12,West_exit,12,8
dl_513,13,East_exit,13,9
dl_513,15,West_exit,15,10
dl_513,16,East_exit,16,11
dl_513,9,West_exit,9,6
dl_513,10,East_exit,10,7
dl_513,6,West_exit,6,4
dl_513,7,East_exit,7,5
dl_513,5,East_exit,5,4
dl_514,14,,,
dl_514,18,West_exit,18,12
dl_514,19,East_exit,19,13
dl_514,21,East_exit,21,15
dl_514,22,West_exit,22,14
dl_514,23,West_exit,23,15
dl_514,15,West_exit,15,10
dl_514,16,East_exit,16,11
dl_514,9,West_exit,9,6
dl_514,10,East_exit,10,7
dl_514,12,West_exit,12,8
dl_514,13,East_exit,13,9
dl_514,6,West_exit,6,4
dl_514,7,East_exit,7,5
dl_514,3,East_exit,3,3
dl_514,4,East_exit,4,3
dl_515,21,,,
dl_515,5,East_exit,5,4
dl_515,18,West_exit,18,12
dl_515,19,East_exit,19,13
dl_515,17,East_exit,17,12
dl_515,15,West_exit,15,10
dl_515,16,East_exit,16,11
dl_515,14,East_exit,14,10
dl_515,8,East_exit,8,6
dl_515,6,West_exit,6,4
dl_515,7,East_exit,7,5
dl_515,12,West_exit,12,8
dl_515,13,East_exit,13,9
dl_515,11,East_exit,11,8
dl_515,9,West_exit,9,6
dl_515,10,East_exit,10,7
dl_515,3,East_exit,3,3
dl_515,4,East_exit,4,3
dl_515,21,East_exit,21,15
dl_515,22,West_exit,22,14
dl_515,24,East_exit,24,17
dl_515,25,West_exit,25,16
dl_515,26,West_exit,26,17
dl_516,19,,,
dl_516,18,West_exit,18,12
dl_516,19,East_exit,19,13
dl_516,17,East_exit,17,12
dl_516,15,West_exit,15,10
dl_516,16,East_exit,16,11
dl_516,14,East_exit,14,10
dl_516,8,East_exit,8,6
dl_516,6,West_exit,6,4
dl_516,7,East_exit,7,5
dl_516,5,East_exit,5,4
dl_516,12,West_exit,12,8
dl_516,13,East_exit,13,9
dl_516,11,East_exit,11,8
dl_516,9,West_exit,9,6
dl_516,10,East_exit,10,7
dl_516,21,East_exit,21,15
dl_516,22,West_exit,22,14
dl_516,24,East_exit,24,17
dl_516,25,West_exit,25,16
dl_516,26,West_exit,26,17
dl_517,20,,,
dl_517,18,West_exit,18,12
dl_517,19,East_exit,19,13
dl_517,17,East_exit,17,12
dl_517,15,West_exit,15,10
dl_517,16,East_exit,16,11
dl_517,14,East_exit,14,10
dl_517,8,East_exit,8,6
dl_517,6,West_exit,6,4
dl_517,7,East_exit,7,5
dl_517,12,West_exit,12,8
dl_517,13,East_exit,13,9
dl_517,11,East_exit,11,8
dl_517,9,West_exit,9,6
dl_517,10,East_exit,10,7
dl_517,21,East_exit,21,15
dl_517,22,West_exit,22,14
dl_517,24,East_exit,24,17
dl_517,25,West_exit,25,16
dl_517,26,West_exit,26,17
dl_517,3,East_exit,3,3
dl_517,4,East_exit,4,3
dl_518,20,,,
dl_518,5,East_exit,5,4
dl_518,6,West_exit,6,4
dl_518,18,West_exit,18,12
dl_518,19,East_exit,19,13
dl_518,17,East_exit,17,12
dl_518,15,West_exit,15,10
dl_518,16,East_exit,16,11
dl_518,14,East_exit,14,10
dl_518,8,East_exit,8,6
dl_518,12,West_exit,12,8
dl_518,13,East_exit,13,9
dl_518,11,East_exit,11,8
dl_518,9,West_exit,9,6
dl_518,10,East_exit,10,7
dl_518,21,East_exit,21,15
dl_518,22,West_exit,22,14
dl_518,24,East_exit,24,17
dl_518,25,West_exit,25,16
dl_518,26,West_exit,26,17
dl_518,3,East_exit,3,3
dl_518,4,East_exit,4,3
dl_519,16,,,
dl_519,18,West_exit,18,12
dl_519,19,East_exit,19,13
dl_519,17,East_exit,17,12
dl_519,15,West_exit,15,10
dl_519,16,East_exit,16,11
dl_519,14,East_exit,14,10
dl_519,12,West_exit,12,8
dl_519,13,East_exit,13,9
dl_519,11,East_exit,11,8
dl_519,9,West_exit,9,6
dl_519,10,East_exit,10,7
dl_519,8,East_exit,8,6
dl_519,21,East_exit,21,15
dl_519,22,West_exit,22,14
dl_519,24,East_exit,24,17
dl_519,25,West_exit,25,16
dl_519,26,West_exit,26,17
dl_520,20,,,
dl_520,5,East_exit,5,4
dl_520,11,East_exit,11,8
dl_520,14,East_exit,14,10
dl_520,12,West_exit,12,8
dl_520,13,East_exit,13,9
dl_520,17,East_exit,17,12
dl_520,15,West_exit,15,10
dl_520,16,East_exit,16,11
dl_520,18,West_exit,18,12
dl_520,19,East_exit,19,13
dl_520,9,West_exit,9,6
dl_520,10,East_exit,10,7
dl_520,6,West_exit,6,4
dl_520,7,East_exit,7,5
dl_520,3,East_exit,3,3
dl_520,4,East_exit,4,3
dl_520,21,East_exit,21,15
dl_520,22,West_exit,22,14
dl_520,24,East_exit,24,17
dl_520,25,West_exit,25,16
dl_520,26,West_exit,26,17
dl_521,18,,,
dl_521,11,East_exit,11,8
dl_521,14,East_exit,14,10
dl_521,12,West_exit,12,8
dl_521,13,East_exit,13,9
dl_521,17,East_exit,17,12
dl_521,15,West_exit,15,10
dl_521,16,East_exit,16,11
dl_521,18,West_exit,18,12
dl_521,19,East_exit,19,13
dl_521,9,West_exit,9,6
dl_521,10,East_exit,10,7
dl_521,6,West_exit,6,4
dl_521,7,East_exit,7,5
dl_521,5,East_exit,5,4
dl_521,21,East_exit,21,15
dl_521,22,West_exit,22,14
dl_521,24,East_exit,24,17
dl_521,25,West_exit,25,16
dl_521,26,West_exit,26,17
dl_522,19,,,
dl_522,11,East_exit,11,8
dl_522,14,East_exit,14,10
dl_522,12,West_exit,12,8
dl_522,13,East_exit,13,9
dl_522,17,East_exit,17,12
dl_522,15,West_exit,15,10
dl_522,16,East_exit,16,11
dl_522,18,West_exit,18,12
dl_522,19,East_exit,19,13
dl_522,9,West_exit,9,6
dl_522,10,East_exit,10,7
dl_522,6,West_exit,6,4
dl_522,7,East_exit,7,5
dl_522,21,East_exit,21,15
dl_522,22,West_exit,22,14
dl_522,24,East_exit,24,17
dl_522,25,West_exit,25,16
dl_522,26,West_exit,26,17
dl_522,3,East_exit,3,3
dl_522,4,East_exit,4,3
dl_523,13,,,
dl_523,18,West_exit,18,12
dl_523,19,East_exit,19,13
dl_523,17,East_exit,17,12
dl_523,15,West_exit,15,10
dl_523,16,East_exit,16,11
dl_523,14,East_exit,14,10
dl_523,12,West_exit,12,8
dl_523,13,East_exit,13,9
dl_523,11,East_exit,11,8
dl_523,21,East_exit,21,15
dl_523,22,West_exit,22,14
dl_523,24,East_exit,24,17
dl_523,25,West_exit,25,16
dl_523,26,West_exit,26,17
dl_524,20,,,
dl_524,14,East_exit,14,10
dl_524,9,West_exit,9,6
dl_524,10,East_exit,10,7
dl_524,8,East_exit,8,6
dl_524,6,West_exit,6,4
dl_524,7,East_exit,7,5
dl_524,5,East_exit,5,4
dl_524,3,East_exit,3,3
dl_524,4,East_exit,4,3
dl_524,17,East_exit,17,12
dl_524,15,West_exit,15,10
dl_524,16,East_exit,16,11
dl_524,18,West_exit,18,12
dl_524,19,East_exit,19,13
dl_524,12,West_exit,12,8
dl_524,13,East_exit,13,9
dl_524,21,East_exit,21,15
dl_524,22,West_exit,22,14
dl_524,24,East_exit,24,17
dl_524,25,West_exit,25,16
dl_524,26,West_exit,26,17
dl_525,18,,,
dl_525,14,East_exit,14,10
dl_525,9,West_exit,9,6
dl_525,10,East_exit,10,7
dl_525,8,East_exit,8,6
dl_525,6,West_exit,6,4
dl_525,7,East_exit,7,5
dl_525,5,East_exit,5,4
dl_525,17,East_exit,17,12
dl_525,15,West_exit,15,10
dl_525,16,East_exit,16,11
dl_525,18,West_exit,18,12
dl_525,19,East_exit,19,13
dl_525,12,West_exit,12,8
dl_525,13,East_exit,13,9
dl_525,21,East_exit,21,15
dl_525,22,West_exit,22,14
dl_525,24,East_exit,24,17
dl_525,25,West_exit,25,16
dl_525,26,West_exit,26,17
dl_526,19,,,
dl_526,14,East_exit,14,10
dl_526,9,West_exit,9,6
dl_526,10,East_exit,10,7
dl_526,8,East_exit,8,6
dl_526,6,West_exit,6,4
dl_526,7,East_exit,7,5
dl_526,17,East_exit,17,12
dl_526,15,West_exit,15,10
dl_526,16,East_exit,16,11
dl_526,18,West_exit,18,12
dl_526,19,East_exit,19,13
dl_526,12,West_exit,12,8
dl_526,13,East_exit,13,9
dl_526,21,East_exit,21,15
dl_526,22,West_exit,22,14
dl_526,24,East_exit,24,17
dl_526,25,West_exit,25,16
dl_526,26,West_exit,26,17
dl_526,3,East_exit,3,3
dl_526,4,East_exit,4,3
dl_527,19,,,
dl_527,5,East_exit,5,4
dl_527,14,East_exit,14,10
dl_527,6,West_exit,6,4
dl_527,9,West_exit,9,6
dl_527,10,East_exit,10,7
dl_527,8,East_exit,8,6
dl_527,17,East_exit,17,12
dl_527,15,West_exit,15,10
dl_527,16,East_exit,16,11
dl_527,18,West_exit,18,12
dl_527,19,East_exit,19,13
dl_527,12,West_exit,12,8
dl_527,13,East_exit,13,9
dl_527,21,East_exit,21,15
dl_527,22,West_exit,22,14
dl_527,24,East_exit,24,17
dl_527,25,West_exit,25,16
dl_527,26,West_exit,26,17
dl_527,3,East_exit,3,3
dl_527,4,East_exit,4,3
dl_528,15,,,
dl_528,18,West_exit,18,12
dl_528,19,East_exit,19,13
dl_528,17,East_exit,17,12
dl_528,15,West_exit,15,10
dl_528,16,East_exit,16,11
dl_528,14,East_exit,14,10
dl_528,12,West_exit,12,8
dl_528,13,East_exit,13,9
dl_528,21,East_exit,21,15
dl_528,22,West_exit,22,14
dl_528,24,East_exit,24,17
dl_528,25,West_exit,25,16
dl_528,26,West_exit,26,17
dl_528,9,West_exit,9,6
dl_528,10,East_exit,10,7
dl_528,8,East_exit,8,6
dl_529,19,,,
dl_529,5,East_exit,5,4
dl_529,14,East_exit,14,10
dl_529,18,West_exit,18,12
dl_529,19,East_exit,19,13
dl_529,17,East_exit,17,12
dl_529,15,West_exit,15,10
dl_529,16,East_exit,16,11
dl_529,12,West_exit,12,8
dl_529,13,East_exit,13,9
dl_529,21,East_exit,21,15
dl_529,22,West_exit,22,14
dl_529,24,East_exit,24,17
dl_529,25,West_exit,25,16
dl_529,26,West_exit,26,17
dl_529,9,West_exit,9,6
dl_529,10,East_exit,10,7
dl_529,6,West_exit,6,4
dl_529,7,East_exit,7,5
dl_529,3,East_exit,3,3
dl_529,4,East_exit,4,3
dl_530,17,,,
dl_530,14,East_exit,14,10
dl_530,18,West_exit,18,12
dl_530,19,East_exit,19,13
dl_530,17,East_exit,17,12
dl_530,15,West_exit,15,10
dl_530,16,East_exit,16,11
dl_530,12,West_exit,12,8
dl_530,13,East_exit,13,9
dl_530,21,East_exit,21,15
dl_530,22,West_exit,22,14
dl_530,24,East_exit,24,17
dl_530,25,West_exit,25,16
dl_530,26,West_exit,26,17
dl_530,9,West_exit,9,6
dl_530,10,East_exit,10,7
dl_530,6,West_exit,6,4
dl_530,7,East_exit,7,5
dl_530,5,East_exit,5,4
dl_531,18,,,
dl_531,14,East_exit,14,10
dl_531,18,West_exit,18,12
dl_531,19,East_exit,19,13
dl_531,17,East_exit,17,12
dl_531,15,West_exit,15,10
dl_531,16,East_exit,16,11
dl_531,12,West_exit,12,8
dl_531,13,East_exit,13,9
dl_531,21,East_exit,21,15
dl_531,22,West_exit,22,14
dl_531,24,East_exit,24,17
dl_531,25,West_exit,25,16
dl_531,26,West_exit,26,17
dl_531,9,West_exit,9,6
dl_531,10,East_exit,10,7
dl_531,6,West_exit,6,4
dl_531,7,East_exit,7,5
dl_531,3,East_exit,3,3
dl_531,4,East_exit,4,3
dl_532,10,,,
dl_532,18,West_exit,18,12
dl_532,19,East_exit,19,13
dl_532,17,East_exit,17,12
dl_532,15,West_exit,15,10
dl_532,16,East_exit,16,11
dl_532,14,East_exit,14,10
dl_532,21,East_exit,21,15
dl_532,22,West_exit,22,14
dl_532,24,East_exit,24,17
dl_532,25,West_exit,25,16
dl_532,26,West_exit,26,17
dl_533,20,,,
dl_533,17,East_exit,17,12
dl_533,12,West_exit,12,8
dl_533,13,East_exit,13,9
dl_533,11,East_exit,11,8
dl_533,9,West_exit,9,6
dl_533,10,East_exit,10,7
dl_533,8,East_exit,8,6
dl_533,5,East_exit,5,4
dl_533,6,West_exit,6,4
dl_533,7,East_exit,7,5
dl_533,3,East_exit,3,3
dl_533,4,East_exit,4,3
dl_533,18,West_exit,18,12
dl_533,19,East_exit,19,13
dl_533,15,West_exit,15,10
dl_533,16,East_exit,16,11
dl_533,21,East_exit,21,15
dl_533,22,West_exit,22,14
dl_533,24,East_exit,24,17
dl_533,25,West_exit,25,16
dl_533,26,West_exit,26,17
dl_534,18,,,
dl_534,17,East_exit,17,12
dl_534,12,West_exit,12,8
dl_534,13,East_exit,13,9
dl_534,11,East_exit,11,8
dl_534,9,West_exit,9,6
dl_534,10,East_exit,10,7
dl_534,8,East_exit,8,6
dl_534,6,West_exit,6,4
dl_534,7,East_exit,7,5
dl_534,5,East_exit,5,4
dl_534,18,West_exit,18,12
dl_534,19,East_exit,19,13
dl_534,15,West_exit,15,10
dl_534,16,East_exit,16,11
dl_534,21,East_exit,21,15
dl_534,22,West_exit,22,14
dl_534,24,East_exit,24,17
dl_534,25,West_exit,25,16
dl_534,26,West_exit,26,17
dl_535,19,,,
dl_535,17,East_exit,17,12
dl_535,12,West_exit,12,8
dl_535,13,East_exit,13,9
dl_535,11,East_exit,11,8
dl_535,9,West_exit,9,6
dl_535,10,East_exit,10,7
dl_535,8,East_exit,8,6
dl_535,6,West_exit,6,4
dl_535,7,East_exit,7,5
dl_535,18,West_exit,18,12
dl_535,19,East_exit,19,13
dl_535,15,West_exit,15,10
dl_535,16,East_exit,16,11
dl_535,21,East_exit,21,15
dl_535,22,West_exit,22,14
dl_535,24,East_exit,24,17
dl_535,25,West_exit,25,16
dl_535,26,West_exit,26,17
dl_535,3,East_exit,3,3
dl_535,4,East_exit,4,3
dl_536,19,,,
dl_536,17,East_exit,17,12
dl_536,5,East_exit,5,4
dl_536,12,West_exit,12,8
dl_536,13,East_exit,13,9
dl_536,11,East_exit,11,8
dl_536,9,West_exit,9,6
dl_536,10,East_exit,10,7
dl_536,8,East_exit,8,6
dl_536,6,West_exit,6,4
dl_536,3,East_exit,3,3
dl_536,4,East_exit,4,3
dl_536,18,West_exit,18,12
dl_536,19,East_exit,19,13
dl_536,15,West_exit,15,10
dl_536,16,East_exit,16,11
dl_536,21,East_exit,21,15
dl_536,22,West_exit,22,14
dl_536,24,East_exit,24,17
dl_536,25,West_exit,25,16
dl_536,26,West_exit,26,17
dl_537,15,,,
dl_537,17,East_exit,17,12
dl_537,12,West_exit,12,8
dl_537,13,East_exit,13,9
dl_537,11,East_exit,11,8
dl_537,9,West_exit,9,6
dl_537,10,East_exit,10,7
dl_537,8,East_exit,8,6
dl_537,18,West_exit,18,12
dl_537,19,East_exit,19,13
dl_537,15,West_exit,15,10
dl_537,16,East_exit,16,11
dl_537,21,East_exit,21,15
dl_537,22,West_exit,22,14
dl_537,24,East_exit,24,17
dl_537,25,West_exit,25,16
dl_537,26,West_exit,26,17
dl_538,19,,,
dl_538,17,East_exit,17,12
dl_538,5,East_exit,5,4
dl_538,11,East_exit,11,8
dl_538,12,West_exit,12,8
dl_538,13,East_exit,13,9
dl_538,9,West_exit,9,6
dl_538,10,East_exit,10,7
dl_538,6,West_exit,6,4
dl_538,7,East_exit,7,5
dl_538,3,East_exit,3,3
dl_538,4,East_exit,4,3
dl_538,18,West_exit,18,12
dl_538,19,East_exit,19,13
dl_538,15,West_exit,15,10
dl_538,16,East_exit,16,11
dl_538,21,East_exit,21,15
dl_538,22,West_exit,22,14
dl_538,24,East_exit,24,17
dl_538,25,West_exit,25,16
dl_538,26,West_exit,26,17
dl_539,17,,,
dl_539,11,East_exit,11,8
dl_539,17,East_exit,17,12
dl_539,18,West_exit,18,12
dl_539,19,East_exit,19,13
dl_539,15,West_exit,15,10
dl_539,16,East_exit,16,11
dl_539,21,East_exit,21,15
dl_539,22,West_exit,22,14
dl_539,24,East_exit,24,17
dl_539,25,West_exit,25,16
dl_539,26,West_exit,26,17
dl_539,12,West_exit,12,8
dl_539,13,East_exit,13,9
dl_539,9,West_exit,9,6
dl_539,10,East_exit,10,7
dl_539,6,West_exit,6,4
dl_539,7,East_exit,7,5
dl_539,5,East_exit,5,4
dl_540,18,,,
dl_540,11,East_exit,11,8
dl_540,17,East_exit,17,12
dl_540,18,West_exit,18,12
dl_540,19,East_exit,19,13
dl_540,15,West_exit,15,10
dl_540,16,East_exit,16,11
dl_540,21,East_exit,21,15
dl_540,22,West_exit,22,14
dl_540,24,East_exit,24,17
dl_540,25,West_exit,25,16
dl_540,26,West_exit,26,17
dl_540,12,West_exit,12,8
dl_540,13,East_exit,13,9
dl_540,9,West_exit,9,6
dl_540,10,East_exit,10,7
dl_540,6,West_exit,6,4
dl_540,7,East_exit,7,5
dl_540,3,East_exit,3,3
dl_540,4,East_exit,4,3
dl_541,19,,,
dl_541,5,East_exit,5,4
dl_541,8,East_exit,8,6
dl_541,6,West_exit,6,4
dl_541,7,East_exit,7,5
dl_541,17,East_exit,17,12
dl_541,18,West_exit,18,12
dl_541,19,East_exit,19,13
dl_541,15,West_exit,15,10
dl_541,16,East_exit,16,11
dl_541,21,East_exit,21,15
dl_541,22,West_exit,22,14
dl_541,24,East_exit,24,17
dl_541,25,West_exit,25,16
dl_541,26,West_exit,26,17
dl_541,12,West_exit,12,8
dl_541,13,East_exit,13,9
dl_541,11,East_exit,11,8
dl_541,9,West_exit,9,6
dl_541,3,East_exit,3,3
dl_541,4,East_exit,4,3
dl_542,12,,,
dl_542,18,West_exit,18,12
dl_542,19,East_exit,19,13
dl_542,17,East_exit,17,12
dl_542,15,West_exit,15,10
dl_542,16,East_exit,16,11
dl_542,21,East_exit,21,15
dl_542,22,West_exit,22,14
dl_542,24,East_exit,24,17
dl_542,25,West_exit,25,16
dl_542,26,West_exit,26,17
dl_542,12,West_exit,12,8
dl_542,13,East_exit,13,9
dl_542,11,East_exit,11,8
dl_543,19,,,
dl_543,17,East_exit,17,12
dl_543,18,West_exit,18,12
dl_543,19,East_exit,19,13
dl_543,15,West_exit,15,10
dl_543,16,East_exit,16,11
dl_543,21,East_exit,21,15
dl_543,22,West_exit,22,14
dl_543,24,East_exit,24,17
dl_543,25,West_exit,25,16
dl_543,26,West_exit,26,17
dl_543,5,East_exit,5,4
dl_543,9,West_exit,9,6
dl_543,10,East_exit,10,7
dl_543,8,East_exit,8,6
dl_543,6,West_exit,6,4
dl_543,7,East_exit,7,5
dl_543,3,East_exit,3,3
dl_543,4,East_exit,4,3
dl_543,12,West_exit,12,8
dl_543,13,East_exit,13,9
dl_544,17,,,
dl_544,17,East_exit,17,12
dl_544,18,West_exit,18,12
dl_544,19,East_exit,19,13
dl_544,15,West_exit,15,10
dl_544,16,East_exit,16,11
dl_544,21,East_exit,21,15
dl_544,22,West_exit,22,14
dl_544,24,East_exit,24,17
dl_544,25,West_exit,25,16
dl_544,26,West_exit,26,17
dl_544,8,East_exit,8,6
dl_544,6,West_exit,6,4
dl_544,7,East_exit,7,5
dl_544,5,East_exit,5,4
dl_544,9,West_exit,9,6
dl_544,10,East_exit,10,7
dl_544,12,West_exit,12,8
dl_544,13,East_exit,13,9
dl_545,18,,,
dl_545,17,East_exit,17,12
dl_545,18,West_exit,18,12
dl_545,19,East_exit,19,13
dl_545,15,West_exit,15,10
dl_545,16,East_exit,16,11
dl_545,21,East_exit,21,15
dl_545,22,West_exit,22,14
dl_545,24,East_exit,24,17
dl_545,25,West_exit,25,16
dl_545,26,West_exit,26,17
dl_545,8,East_exit,8,6
dl_545,6,West_exit,6,4
dl_545,7,East_exit,7,5
dl_545,9,West_exit,9,6
dl_545,10,East_exit,10,7
dl_545,12,West_exit,12,8
dl_545,13,East_exit,13,9
dl_545,3,East_exit,3,3
dl_545,4,East_exit,4,3
dl_546,18,,,
dl_546,5,East_exit,5,4
dl_546,18,West_exit,18,12
dl_546,19,East_exit,19,13
dl_546,17,East_exit,17,12
dl_546,15,West_exit,15,10
dl_546,16,East_exit,16,11
dl_546,21,East_exit,21,15
dl_546,22,West_exit,22,14
dl_546,24,East_exit,24,17
dl_546,25,West_exit,25,16
dl_546,26,West_exit,26,17
dl_546,6,West_exit,6,4
dl_546,8,East_exit,8,6
dl_546,9,West_exit,9,6
dl_546,10,East_exit,10,7
dl_546,12,West_exit,12,8
dl_546,13,East_exit,13,9
dl_546,3,East_exit,3,3
dl_546,4,East_exit,4,3
dl_547,14,,,
dl_547,18,West_exit,18,12
dl_547,19,East_exit,19,13
dl_547,17,East_exit,17,12
dl_547,15,West_exit,15,10
dl_547,16,East_exit,16,11
dl_547,21,East_exit,21,15
dl_547,22,West_exit,22,14
dl_547,24,East_exit,24,17
dl_547,25,West_exit,25,16
dl_547,26,West_exit,26,17
dl_547,12,West_exit,12,8
dl_547,13,East_exit,13,9
dl_547,9,West_exit,9,6
dl_547,10,East_exit,10,7
dl_547,8,East_exit,8,6
dl_548,18,,,
dl_548,5,East_exit,5,4
dl_548,18,West_exit,18,12
dl_548,19,East_exit,19,13
dl_548,17,East_exit,17,12
dl_548,15,West_exit,15,10
dl_548,16,East_exit,16,11
dl_548,21,East_exit,21,15
dl_548,22,West_exit,22,14
dl_548,24,East_exit,24,17
dl_548,25,West_exit,25,16
dl_548,26,West_exit,26,17
dl_548,12,West_exit,12,8
dl_548,13,East_exit,13,9
dl_548,9,West_exit,9,6
dl_548,10,East_exit,10,7
dl_548,6,West_exit,6,4
dl_548,7,East_exit,7,5
dl_548,3,East_exit,3,3
dl_548,4,East_exit,4,3
dl_549,16,,,
dl_549,18,West_exit,18,12
dl_549,19,East_exit,19,13
dl_549,17,East_exit,17,12
dl_549,15,West_exit,15,10
dl_549,16,East_exit,16,11
dl_549,21,East_exit,21,15
dl_549,22,West_exit,22,14
dl_549,24,East_exit,24,17
dl_549,25,West_exit,25,16
dl_549,26,West_exit,26,17
dl_549,12,West_exit,12,8
dl_549,13,East_exit,13,9
dl_549,9,West_exit,9,6
dl_549,10,East_exit,10,7
dl_549,6,West_exit,6,4
dl_549,7,East_exit,7,5
dl_549,5,East_exit,5,4
dl_550,17,,,
dl_550,18,West_exit,18,12
dl_550,19,East_exit,19,13
dl_550,17,East_exit,17,12
dl_550,15,West_exit,15,10
dl_550,16,East_exit,16,11
dl_550,21,East_exit,21,15
dl_550,22,West_exit,22,14
dl_550,24,East_exit,24,17
dl_550,25,West_exit,25,16
dl_550,26,West_exit,26,17
dl_550,12,West_exit,12,8
dl_550,13,East_exit,13,9
dl_550,9,West_exit,9,6
dl_550,10,East_exit,10,7
dl_550,6,West_exit,6,4
dl_550,7,East_exit,7,5
dl_550,3,East_exit,3,3
dl_550,4,East_exit,4,3
dl_551,6,,,
dl_551,18,East_exit,18,13
dl_551,19,West_exit,19,12
dl_551,17,East_exit,17,12
dl_551,21,East_exit,21,15
dl_551,22,West_exit,22,14
dl_551,24,West_exit,24,16
dl_551,25,West_exit,25,16
dl_552,5,,,
dl_552,21,West_exit,21,14
dl_552,22,East_exit,22,15
dl_552,23,West_exit,23,15
dl_552,18,East_exit,18,13
dl_552,19,West_exit,19,12
dl_552,17,East_exit,17,12
dl_553,7,,,
dl_553,15,East_exit,15,11
dl_553,16,West_exit,16,10
dl_553,14,East_exit,14,10
dl_553,21,West_exit,21,14
dl_553,22,East_exit,22,15
dl_553,23,West_exit,23,15
dl_553,18,East_exit,18,13
dl_553,19,West_exit,19,12
dl_554,4,,,
dl_554,21,West_exit,21,14
dl_554,22,East_exit,22,15
dl_554,20,East_exit,20,14
dl_554,24,West_exit,24,16
dl_554,25,West_exit,25,16
dl_555,6,,,
dl_555,18,East_exit,18,13
dl_555,19,West_exit,19,12
dl_555,17,East_exit,17,12
dl_555,21,West_exit,21,14
dl_555,22,East_exit,22,15
dl_555,24,West_exit,24,16
dl_555,25,West_exit,25,16
dl_556,8,,,
dl_556,15,East_exit,15,11
dl_556,16,West_exit,16,10
dl_556,14,East_exit,14,10
dl_556,21,West_exit,21,14
dl_556,22,East_exit,22,15
dl_556,18,East_exit,18,13
dl_556,19,West_exit,19,12
dl_556,24,West_exit,24,16
dl_556,25,West_exit,25,16
dl_557,5,,,
dl_557,12,East_exit,12,9
dl_557,13,West_exit,13,8
dl_557,11,East_exit,11,8
dl_557,15,West_exit,15,10
dl_557,16,East_exit,16,11
dl_557,17,West_exit,17,11
dl_558,5,,,
dl_558,18,West_exit,18,12
dl_558,19,East_exit,19,13
dl_558,20,West_exit,20,13
dl_558,15,East_exit,15,11
dl_558,16,West_exit,16,10
dl_558,14,East_exit,14,10
dl_559,4,,,
dl_559,18,West_exit,18,12
dl_559,19,East_exit,19,13
dl_559,17,East_exit,17,12
dl_559,21,West_exit,21,14
dl_559,22,West_exit,22,14
dl_560,6,,,
dl_560,18,West_exit,18,12
dl_560,19,East_exit,19,13
dl_560,15,East_exit,15,11
dl_560,16,West_exit,16,10
dl_560,14,East_exit,14,10
dl_560,21,West_exit,21,14
dl_560,22,West_exit,22,14
dl_561,7,,,
dl_561,15,East_exit,15,11
dl_561,16,West_exit,16,10
dl_561,14,East_exit,14,10
dl_561,18,East_exit,18,13
dl_561,19,West_exit,19,12
dl_561,21,East_exit,21,15
dl_561,22,West_exit,22,14
dl_561,23,West_exit,23,15
dl_562,9,,,
dl_562,12,East_exit,12,9
dl_562,13,West_exit,13,8
dl_562,11,East_exit,11,8
dl_562,15,East_exit,15,11
dl_562,16,West_exit,16,10
dl_562,18,East_exit,18,13
dl_562,19,West_exit,19,12
dl_562,21,East_exit,21,15
dl_562,22,West_exit,22,14
dl_562,23,West_exit,23,15
dl_563,11,,,
dl_563,8,East_exit,8,6
dl_563,12,East_exit,12,9
dl_563,13,West_exit,13,8
dl_563,9,East_exit,9,7
dl_563,10,West_exit,10,6
dl_563,15,East_exit,15,11
dl_563,16,West_exit,16,10
dl_563,18,East_exit,18,13
dl_563,19,West_exit,19,12
dl_563,21,East_exit,21,15
dl_563,22,West_exit,22,14
dl_563,23,West_exit,23,15
dl_564,13,,,
dl_564,6,East_exit,6,5
dl_564,7,West_exit,7,4
dl_564,5,East_exit,5,4
dl_564,12,East_exit,12,9
dl_564,13,West_exit,13,8
dl_564,9,East_exit,9,7
dl_564,10,West_exit,10,6
dl_564,15,East_exit,15,11
dl_564,16,West_exit,16,10
dl_564,18,East_exit,18,13
dl_564,19,West_exit,19,12
dl_564,21,East_exit,21,15
dl_564,22,West_exit,22,14
dl_564,23,West_exit,23,15
dl_565,15,,,
dl_565,3,West_exit,3,2
dl_565,4,East_exit,4,3
dl_565,2,East_exit,2,2
dl_565,6,East_exit,6,5
dl_565,7,West_exit,7,4
dl_565,9,East_exit,9,7
dl_565,10,West_exit,10,6
dl_565,15,East_exit,15,11
dl_565,16,West_exit,16,10
dl_565,12,East_exit,12,9
dl_565,13,West_exit,13,8
dl_565,18,East_exit,18,13
dl_565,19,West_exit,19,12
dl_565,21,East_exit,21,15
dl_565,22,West_exit,22,14
dl_565,23,West_exit,23,15
dl_566,13,,,
dl_566,8,West_exit,8,5
dl_566,9,East_exit,9,7
dl_566,10,West_exit,10,6
dl_566,6,East_exit,6,5
dl_566,5,East_exit,5,4
dl_566,15,East_exit,15,11
dl_566,16,West_exit,16,10
dl_566,12,East_exit,12,9
dl_566,13,West_exit,13,8
dl_566,18,East_exit,18,13
dl_566,19,West_exit,19,12
dl_566,21,East_exit,21,15
dl_566,22,West_exit,22,14
dl_566,23,West_exit,23,15
dl_567,15,,,
dl_567,8,West_exit,8,5
dl_567,12,East_exit,12,9
dl_567,13,West_exit,13,8
dl_567,15,East_exit,15,11
dl_567,16,West_exit,16,10
dl_567,9,East_exit,9,7
dl_567,10,West_exit,10,6
dl_567,6,East_exit,6,5
dl_567,3,West_exit,3,2
dl_567,4,East_exit,4,3
dl_567,2,East_exit,2,2
dl_567,18,East_exit,18,13
dl_567,19,West_exit,19,12
dl_567,21,East_exit,21,15
dl_567,22,West_exit,22,14
dl_567,23,West_exit,23,15
dl_568,11,,,
dl_568,11,West_exit,11,7
dl_568,12,East_exit,12,9
dl_568,13,West_exit,13,8
dl_568,9,East_exit,9,7
dl_568,8,East_exit,8,6
dl_568,15,East_exit,15,11
dl_568,16,West_exit,16,10
dl_568,18,East_exit,18,13
dl_568,19,West_exit,19,12
dl_568,21,East_exit,21,15
dl_568,22,West_exit,22,14
dl_568,23,West_exit,23,15
dl_569,13,,,
dl_569,11,West_exit,11,7
dl_569,12,East_exit,12,9
dl_569,13,West_exit,13,8
dl_569,5,East_exit,5,4
dl_569,9,East_exit,9,7
dl_569,6,East_exit,6,5
dl_569,7,West_exit,7,4
dl_569,15,East_exit,15,11
dl_569,16,West_exit,16,10
dl_569,18,East_exit,18,13
dl_569,19,West_exit,19,12
dl_569,21,East_exit,21,15
dl_569,22,West_exit,22,14
dl_569,23,West_exit,23,15
dl_570,15,,,
dl_570,3,West_exit,3,2
dl_570,4,East_exit,4,3
dl_570,2,East_exit,2,2
dl_570,11,West_exit,11,7
dl_570,12,East_exit,12,9
dl_570,13,West_exit,13,8
dl_570,9,East_exit,9,7
dl_570,6,East_exit,6,5
dl_570,7,West_exit,7,4
dl_570,15,East_exit,15,11
dl_570,16,West_exit,16,10
dl_570,18,East_exit,18,13
dl_570,19,West_exit,19,12
dl_570,21,East_exit,21,15
dl_570,22,West_exit,22,14
dl_570,23,West_exit,23,15
dl_571,13,,,
dl_571,6,East_exit,6,5
dl_571,8,West_exit,8,5
dl_571,11,West_exit,11,7
dl_571,12,East_exit,12,9
dl_571,13,West_exit,13,8
dl_571,9,East_exit,9,7
dl_571,5,East_exit,5,4
dl_571,15,East_exit,15,11
dl_571,16,West_exit,16,10
dl_571,18,East_exit,18,13
dl_571,19,West_exit,19,12
dl_571,21,East_exit,21,15
dl_571,22,West_exit,22,14
dl_571,23,West_exit,23,15
dl_572,15,,,
dl_572,11,West_exit,11,7
dl_572,12,East_exit,12,9
dl_572,13,West_exit,13,8
dl_572,9,East_exit,9,7
dl_572,8,West_exit,8,5
dl_572,6,East_exit,6,5
dl_572,3,West_exit,3,2
dl_572,4,East_exit,4,3
dl_572,2,East_exit,2,2
dl_572,15,East_exit,15,11
dl_572,16,West_exit,16,10
dl_572,18,East_exit,18,13
dl_572,19,West_exit,19,12
dl_572,21,East_exit,21,15
dl_572,22,West_exit,22,14
dl_572,23,West_exit,23,15
dl_573,15,,,
dl_573,5,West_exit,5,3
dl_573,6,East_exit,6,5
dl_573,7,West_exit,7,4
dl_573,4,East_exit,4,3
dl_573,2,East_exit,2,2
dl_573,9,East_exit,9,7
dl_573,10,West_exit,10,6
dl_573,15,East_exit,15,11
dl_573,16,West_exit,16,10
dl_573,12,East_exit,12,9
dl_573,13,West_exit,13,8
dl_573,18,East_exit,18,13
dl_573,19,West_exit,19,12
dl_573,21,East_exit,21,15
dl_573,22,West_exit,22,14
dl_573,23,West_exit,23,15
dl_574,15,,,
dl_574,8,West_exit,8,5
dl_574,12,East_exit,12,9
dl_574,13,West_exit,13,8
dl_574,15,East_exit,15,11
dl_574,16,West_exit,16,10
dl_574,6,East_exit,6,5
dl_574,5,West_exit,5,3
dl_574,4,East_exit,4,3
dl_574,2,East_exit,2,2
dl_574,9,East_exit,9,7
dl_574,10,West_exit,10,6
dl_574,18,East_exit,18,13
dl_574,19,West_exit,19,12
dl_574,21,East_exit,21,15
dl_574,22,West_exit,22,14
dl_574,23,West_exit,23,15
dl_575,15,,,
dl_575,5,West_exit,5,3
dl_575,11,West_exit,11,7
dl_575,12,East_exit,12,9
dl_575,13,West_exit,13,8
dl_575,9,East_exit,9,7
dl_575,6,East_exit,6,5
dl_575,7,West_exit,7,4
dl_575,4,East_exit,4,3
dl_575,2,East_exit,2,2
dl_575,15,East_exit,15,11
dl_575,16,West_exit,16,10
dl_575,18,East_exit,18,13
dl_575,19,West_exit,19,12
dl_575,21,East_exit,21,15
dl_575,22,West_exit,22,14
dl_575,23,West_exit,23,15
dl_576,15,,,
dl_576,8,West_exit,8,5
dl_576,6,East_exit,6,5
dl_576,5,West_exit,5,3
dl_576,11,West_exit,11,7
dl_576,12,East_exit,12,9
dl_576,13,West_exit,13,8
dl_576,9,East_exit,9,7
dl_576,4,East_exit,4,3
dl_576,2,East_exit,2,2
dl_576,15,East_exit,15,11
dl_576,16,West_exit,16,10
dl_576,18,East_exit,18,13
dl_576,19,West_exit,19,12
dl_576,21,East_exit,21,15
dl_576,22,West_exit,22,14
dl_576,23,West_exit,23,15
dl_577,9,,,
dl_577,14,West_exit,14,9
dl_577,15,East_exit,15,11
dl_577,16,West_exit,16,10
dl_577,12,East_exit,12,9
dl_577,11,East_exit,11,8
dl_577,18,East_exit,18,13
dl_577,19,West_exit,19,12
dl_577,21,East_exit,21,15
dl_577,22,West_exit,22,14
dl_577,23,West_exit,23,15
dl_578,11,,,
dl_578,8,East_exit,8,6
dl_578,14,West_exit,14,9
dl_578,15,East_exit,15,11
dl_578,16,West_exit,16,10
dl_578,12,East_exit,12,9
dl_578,9,East_exit,9,7
dl_578,10,West_exit,10,6
dl_578,18,East_exit,18,13
dl_578,19,West_exit,19,12
dl_578,21,East_exit,21,15
dl_578,22,West_exit,22,14
dl_578,23,West_exit,23,15
dl_579,13,,,
dl_579,6,East_exit,6,5
dl_579,7,West_exit,7,4
dl_579,5,East_exit,5,4
dl_579,14,West_exit,14,9
dl_579,15,East_exit,15,11
dl_579,16,West_exit,16,10
dl_579,12,East_exit,12,9
dl_579,9,East_exit,9,7
dl_579,10,West_exit,10,6
dl_579,21,East_exit,21,15
dl_579,22,West_exit,22,14
dl_579,23,West_exit,23,15
dl_579,18,East_exit,18,13
dl_579,19,West_exit,19,12
dl_580,15,,,
dl_580,14,West_exit,14,9
dl_580,3,West_exit,3,2
dl_580,4,East_exit,4,3
dl_580,2,East_exit,2,2
dl_580,6,East_exit,6,5
dl_580,7,West_exit,7,4
dl_580,15,East_exit,15,11
dl_580,16,West_exit,16,10
dl_580,12,East_exit,12,9
dl_580,9,East_exit,9,7
dl_580,10,West_exit,10,6
dl_580,18,East_exit,18,13
dl_580,19,West_exit,19,12
dl_580,21,East_exit,21,15
dl_580,22,West_exit,22,14
dl_580,23,West_exit,23,15
dl_581,13,,,
dl_581,14,West_exit,14,9
dl_581,15,East_exit,15,11
dl_581,16,West_exit,16,10
dl_581,12,East_exit,12,9
dl_581,8,West_exit,8,5
dl_581,9,East_exit,9,7
dl_581,10,West_exit,10,6
dl_581,6,East_exit,6,5
dl_581,5,East_exit,5,4
dl_581,18,East_exit,18,13
dl_581,19,West_exit,19,12
dl_581,21,East_exit,21,15
dl_581,22,West_exit,22,14
dl_581,23,West_exit,23,15
dl_582,15,,,
dl_582,8,West_exit,8,5
dl_582,14,West_exit,14,9
dl_582,15,East_exit,15,11
dl_582,16,West_exit,16,10
dl_582,12,East_exit,12,9
dl_582,18,East_exit,18,13
dl_582,19,West_exit,19,12
dl_582,21,East_exit,21,15
dl_582,22,West_exit,22,14
dl_582,23,West_exit,23,15
dl_582,9,East_exit,9,7
dl_582,10,West_exit,10,6
dl_582,6,East_exit,6,5
dl_582,3,West_exit,3,2
dl_582,4,East_exit,4,3
dl_582,2,East_exit,2,2
dl_583,11,,,
dl_583,9,East_exit,9,7
dl_583,11,West_exit,11,7
dl_583,14,West_exit,14,9
dl_583,15,East_exit,15,11
dl_583,16,West_exit,16,10
dl_583,12,East_exit,12,9
dl_583,8,East_exit,8,6
dl_583,18,East_exit,18,13
dl_583,19,West_exit,19,12
dl_583,21,East_exit,21,15
dl_583,22,West_exit,22,14
dl_583,23,West_exit,23,15
dl_584,13,,,
dl_584,6,East_exit,6,5
dl_584,7,West_exit,7,4
dl_584,5,East_exit,5,4
dl_584,9,East_exit,9,7
dl_584,14,West_exit,14,9
dl_584,15,East_exit,15,11
dl_584,16,West_exit,16,10
dl_584,12,East_exit,12,9
dl_584,11,West_exit,11,7
dl_584,18,East_exit,18,13
dl_584,19,West_exit,19,12
dl_584,21,East_exit,21,15
dl_584,22,West_exit,22,14
dl_584,23,West_exit,23,15
dl_585,15,,,
dl_585,3,West_exit,3,2
dl_585,4,East_exit,4,3
dl_585,2,East_exit,2,2
dl_585,9,East_exit,9,7
dl_585,11,West_exit,11,7
dl_585,14,West_exit,14,9
dl_585,15,East_exit,15,11
dl_585,16,West_exit,16,10
dl_585,12,East_exit,12,9
dl_585,6,East_exit,6,5
dl_585,7,West_exit,7,4
dl_585,18,East_exit,18,13
dl_585,19,West_exit,19,12
dl_585,21,East_exit,21,15
dl_585,22,West_exit,22,14
dl_585,23,West_exit,23,15
dl_586,13,,,
dl_586,6,East_exit,6,5
dl_586,8,West_exit,8,5
dl_586,5,East_exit,5,4
dl_586,9,East_exit,9,7
dl_586,14,West_exit,14,9
dl_586,15,East_exit,15,11
dl_586,16,West_exit,16,10
dl_586,12,East_exit,12,9
dl_586,11,West_exit,11,7
dl_586,18,East_exit,18,13
dl_586,19,West_exit,19,12
dl_586,21,East_exit,21,15
dl_586,22,West_exit,22,14
dl_586,23,West_exit,23,15
dl_587,15,,,
dl_587,6,East_exit,6,5
dl_587,8,West_exit,8,5
dl_587,9,East_exit,9,7
dl_587,14,West_exit,14,9
dl_587,15,East_exit,15,11
dl_587,16,West_exit,16,10
dl_587,12,East_exit,12,9
dl_587,11,West_exit,11,7
dl_587,3,West_exit,3,2
dl_587,4,East_exit,4,3
dl_587,2,East_exit,2,2
dl_587,18,East_exit,18,13
dl_587,19,West_exit,19,12
dl_587,21,East_exit,21,15
dl_587,22,West_exit,22,14
dl_587,23,West_exit,23,15
dl_588,15,,,
dl_588,14,West_exit,14,9
dl_588,15,East_exit,15,11
dl_588,16,West_exit,16,10
dl_588,12,East_exit,12,9
dl_588,18,East_exit,18,13
dl_588,19,West_exit,19,12
dl_588,21,East_exit,21,15
dl_588,22,West_exit,22,14
dl_588,23,West_exit,23,15
dl_588,5,West_exit,5,3
dl_588,6,East_exit,6,5
dl_588,7,West_exit,7,4
dl_588,4,East_exit,4,3
dl_588,2,East_exit,2,2
dl_588,9,East_exit,9,7
dl_588,10,West_exit,10,6
dl_589,15,,,
dl_589,14,West_exit,14,9
dl_589,15,East_exit,15,11
dl_589,16,West_exit,16,10
dl_589,12,East_exit,12,9
dl_589,18,East_exit,18,13
dl_589,19,West_exit,19,12
dl_589,21,East_exit,21,15
dl_589,22,West_exit,22,14
dl_589,23,West_exit,23,15
dl_589,5,West_exit,5,3
dl_589,4,East_exit,4,3
dl_589,2,East_exit,2,2
dl_589,8,West_exit,8,5
dl_589,9,East_exit,9,7
dl_589,10,West_exit,10,6
dl_589,6,East_exit,6,5
dl_590,15,,,
dl_590,14,West_exit,14,9
dl_590,5,West_exit,5,3
dl_590,15,East_exit,15,11
dl_590,16,West_exit,16,10
dl_590,12,East_exit,12,9
dl_590,11,West_exit,11,7
dl_590,9,East_exit,9,7
dl_590,6,East_exit,6,5
dl_590,7,West_exit,7,4
dl_590,4,East_exit,4,3
dl_590,2,East_exit,2,2
dl_590,18,East_exit,18,13
dl_590,19,West_exit,19,12
dl_590,21,East_exit,21,15
dl_590,22,West_exit,22,14
dl_590,23,West_exit,23,15
dl_591,15,,,
dl_591,14,West_exit,14,9
dl_591,15,East_exit,15,11
dl_591,16,West_exit,16,10
dl_591,11,West_exit,11,7
dl_591,9,East_exit,9,7
dl_591,8,West_exit,8,5
dl_591,12,East_exit,12,9
dl_591,6,East_exit,6,5
dl_591,5,West_exit,5,3
dl_591,4,East_exit,4,3
dl_591,2,East_exit,2,2
dl_591,18,East_exit,18,13
dl_591,19,West_exit,19,12
dl_591,21,East_exit,21,15
dl_591,22,West_exit,22,14
dl_591,23,West_exit,23,15
dl_592,7,,,
dl_592,18,East_exit,18,13
dl_592,19,West_exit,19,12
dl_592,17,East_exit,17,12
dl_592,24,East_exit,24,17
dl_592,25,West_exit,25,16
dl_592,26,West_exit,26,17
dl_592,21,East_exit,21,15
dl_592,22,West_exit,22,14
dl_593,9,,,
dl_593,15,East_exit,15,11
dl_593,16,West_exit,16,10
dl_593,14,East_exit,14,10
dl_593,18,East_exit,18,13
dl_593,19,West_exit,19,12
dl_593,24,East_exit,24,17
dl_593,25,West_exit,25,16
dl_593,26,West_exit,26,17
dl_593,21,East_exit,21,15
dl_593,22,West_exit,22,14
dl_594,11,,,
dl_594,12,East_exit,12,9
dl_594,13,West_exit,13,8
dl_594,11,East_exit,11,8
dl_594,15,East_exit,15,11
dl_594,16,West_exit,16,10
dl_594,18,East_exit,18,13
dl_594,19,West_exit,19,12
dl_594,24,East_exit,24,17
dl_594,25,West_exit,25,16
dl_594,26,West_exit,26,17
dl_594,21,East_exit,21,15
dl_594,22,West_exit,22,14
dl_595,13,,,
dl_595,8,East_exit,8,6
dl_595,12,East_exit,12,9
dl_595,13,West_exit,13,8
dl_595,9,East_exit,9,7
dl_595,10,West_exit,10,6
dl_595,15,East_exit,15,11
dl_595,16,West_exit,16,10
dl_595,18,East_exit,18,13
dl_595,19,West_exit,19,12
dl_595,24,East_exit,24,17
dl_595,25,West_exit,25,16
dl_595,26,West_exit,26,17
dl_595,21,East_exit,21,15
dl_595,22,West_exit,22,14
dl_596,15,,,
dl_596,6,East_exit,6,5
dl_596,7,West_exit,7,4
dl_596,5,East_exit,5,4
dl_596,9,East_exit,9,7
dl_596,10,West_exit,10,6
dl_596,12,East_exit,12,9
dl_596,13,West_exit,13,8
dl_596,18,East_exit,18,13
dl_596,19,West_exit,19,12
dl_596,15,East_exit,15,11
dl_596,16,West_exit,16,10
dl_596,24,East_exit,24,17
dl_596,25,West_exit,25,16
dl_596,26,West_exit,26,17
dl_596,21,East_exit,21,15
dl_596,22,West_exit,22,14
dl_597,17,,,
dl_597,3,West_exit,3,2
dl_597,4,East_exit,4,3
dl_597,2,East_exit,2,2
dl_597,6,East_exit,6,5
dl_597,7,West_exit,7,4
dl_597,9,East_exit,9,7
dl_597,10,West_exit,10,6
dl_597,15,East_exit,15,11
dl_597,16,West_exit,16,10
dl_597,12,East_exit,12,9
dl_597,13,West_exit,13,8
dl_597,18,East_exit,18,13
dl_597,19,West_exit,19,12
dl_597,24,East_exit,24,17
dl_597,25,West_exit,25,16
dl_597,26,West_exit,26,17
dl_597,21,East_exit,21,15
dl_597,22,West_exit,22,14
dl_598,15,,,
dl_598,8,West_exit,8,5
dl_598,12,East_exit,12,9
dl_598,13,West_exit,13,8
dl_598,6,East_exit,6,5
dl_598,5,East_exit,5,4
dl_598,9,East_exit,9,7
dl_598,10,West_exit,10,6
dl_598,15,East_exit,15,11
dl_598,16,West_exit,16,10
dl_598,18,East_exit,18,13
dl_598,19,West_exit,19,12
dl_598,24,East_exit,24,17
dl_598,25,West_exit,25,16
dl_598,26,West_exit,26,17
dl_598,21,East_exit,21,15
dl_598,22,West_exit,22,14
dl_599,17,,,
dl_599,8,West_exit,8,5
dl_599,12,East_exit,12,9
dl_599,13,West_exit,13,8
dl_599,15,East_exit,15,11
dl_599,16,West_exit,16,10
dl_599,9,East_exit,9,7
dl_599,10,West_exit,10,6
dl_599,6,East_exit,6,5
dl_599,3,West_exit,3,2
dl_599,4,East_exit,4,3
dl_599,2,East_exit,2,2
dl_599,18,East_exit,18,13
dl_599,19,West_exit,19,12
dl_599,24,East_exit,24,17
dl_599,25,West_exit,25,16
dl_599,26,West_exit,26,17
dl_599,21,East_exit,21,15
dl_599,22,West_exit,22,14
dl_600,13,,,
dl_600,11,West_exit,11,7
dl_600,12,East_exit,12,9
dl_600,13,West_exit,13,8
dl_600,9,East_exit,9,7
dl_600,8,East_exit,8,6
dl_600,15,East_exit,15,11
dl_600,16,West_exit,16,10
dl_600,18,East_exit,18,13
dl_600,19,West_exit,19,12
dl_600,24,East_exit,24,17
dl_600,25,West_exit,25,16
dl_600,26,West_exit,26,17
dl_600,21,East_exit,21,15
dl_600,22,West_exit,22,14
dl_601,15,,,
dl_601,11,West_exit,11,7
dl_601,12,East_exit,12,9
dl_601,13,West_exit,13,8
dl_601,5,East_exit,5,4
dl_601,9,East_exit,9,7
dl_601,6,East_exit,6,5
dl_601,7,West_exit,7,4
dl_601,15,East_exit,15,11
dl_601,16,West_exit,16,10
dl_601,18,East_exit,18,13
dl_601,19,West_exit,19,12
dl_601,24,East_exit,24,17
dl_601,25,West_exit,25,16
dl_601,26,West_exit,26,17
dl_601,21,East_exit,21,15
dl_601,22,West_exit,22,14
dl_602,17,,,
dl_602,3,West_exit,3,2
dl_602,4,East_exit,4,3
dl_602,2,East_exit,2,2
dl_602,11,West_exit,11,7
dl_602,12,East_exit,12,9
dl_602,13,West_exit,13,8
dl_602,9,East_exit,9,7
dl_602,6,East_exit,6,5
dl_602,7,West_exit,7,4
dl_602,15,East_exit,15,11
dl_602,16,West_exit,16,10
dl_602,18,East_exit,18,13
dl_602,19,West_exit,19,12
dl_602,24,East_exit,24,17
dl_602,25,West_exit,25,16
dl_602,26,West_exit,26,17
dl_602,21,East_exit,21,15
dl_602,22,West_exit,22,14
dl_603,15,,,
dl_603,6,East_exit,6,5
dl_603,8,West_exit,8,5
dl_603,11,West_exit,11,7
dl_603,12,East_exit,12,9
dl_603,13,West_exit,13,8
dl_603,9,East_exit,9,7
dl_603,5,East_exit,5,4
dl_603,15,East_exit,15,11
dl_603,16,West_exit,16,10
dl_603,18,East_exit,18,13
dl_603,19,West_exit,19,12
dl_603,24,East_exit,24,17
dl_603,25,West_exit,25,16
dl_603,26,West_exit,26,17
dl_603,21,East_exit,21,15
dl_603,22,West_exit,22,14
dl_604,17,,,
dl_604,11,West_exit,11,7
dl_604,12,East_exit,12,9
dl_604,13,West_exit,13,8
dl_604,9,East_exit,9,7
dl_604,8,West_exit,8,5
dl_604,6,East_exit,6,5
dl_604,3,West_exit,3,2
dl_604,4,East_exit,4,3
dl_604,2,East_exit,2,2
dl_604,15,East_exit,15,11
dl_604,16,West_exit,16,10
dl_604,18,East_exit,18,13
dl_604,19,West_exit,19,12
dl_604,24,East_exit,24,17
dl_604,25,West_exit,25,16
dl_604,26,West_exit,26,17
dl_604,21,East_exit,21,15
dl_604,22,West_exit,22,14
dl_605,17,,,
dl_605,5,West_exit,5,3
dl_605,6,East_exit,6,5
dl_605,7,West_exit,7,4
dl_605,4,East_exit,4,3
dl_605,2,East_exit,2,2
dl_605,9,East_exit,9,7
dl_605,10,West_exit,10,6
dl_605,15,East_exit,15,11
dl_605,16,West_exit,16,10
dl_605,12,East_exit,12,9
dl_605,13,West_exit,13,8
dl_605,18,East_exit,18,13
dl_605,19,West_exit,19,12
dl_605,24,East_exit,24,17
dl_605,25,West_exit,25,16
dl_605,26,West_exit,26,17
dl_605,21,East_exit,21,15
dl_605,22,West_exit,22,14
dl_606,17,,,
dl_606,8,West_exit,8,5
dl_606,12,East_exit,12,9
dl_606,13,West_exit,13,8
dl_606,15,East_exit,15,11
dl_606,16,West_exit,16,10
dl_606,6,East_exit,6,5
dl_606,5,West_exit,5,3
dl_606,4,East_exit,4,3
dl_606,2,East_exit,2,2
dl_606,9,East_exit,9,7
dl_606,10,West_exit,10,6
dl_606,18,East_exit,18,13
dl_606,19,West_exit,19,12
dl_606,24,East_exit,24,17
dl_606,25,West_exit,25,16
dl_606,26,West_exit,26,17
dl_606,21,East_exit,21,15
dl_606,22,West_exit,22,14
dl_607,17,,,
dl_607,5,West_exit,5,3
dl_607,11,West_exit,11,7
dl_607,12,East_exit,12,9
dl_607,13,West_exit,13,8
dl_607,9,East_exit,9,7
dl_607,6,East_exit,6,5
dl_607,7,West_exit,7,4
dl_607,4,East_exit,4,3
dl_607,2,East_exit,2,2
dl_607,15,East_exit,15,11
dl_607,16,West_exit,16,10
dl_607,18,East_exit,18,13
dl_607,19,West_exit,19,12
dl_607,24,East_exit,24,17
dl_607,25,West_exit,25,16
dl_607,26,West_exit,26,17
dl_607,21,East_exit,21,15
dl_607,22,West_exit,22,14
dl_608,17,,,
dl_608,8,West_exit,8,5
dl_608,6,East_exit,6,5
dl_608,5,West_exit,5,3
dl_608,11,West_exit,11,7
dl_608,12,East_exit,12,9
dl_608,13,West_exit,13,8
dl_608,9,East_exit,9,7
dl_608,4,East_exit,4,3
dl_608,2,East_exit,2,2
dl_608,15,East_exit,15,11
dl_608,16,West_exit,16,10
dl_608,18,East_exit,18,13
dl_608,19,West_exit,19,12
dl_608,24,East_exit,24,17
dl_608,25,West_exit,25,16
dl_608,26,West_exit,26,17
dl_608,21,East_exit,21,15
dl_608,22,West_exit,22,14
dl_609,11,,,
dl_609,14,West_exit,14,9
dl_609,15,East_exit,15,11
dl_609,16,West_exit,16,10
dl_609,12,East_exit,12,9
dl_609,11,East_exit,11,8
dl_609,18,East_exit,18,13
dl_609,19,West_exit,19,12
dl_609,24,East_exit,24,17
dl_609,25,West_exit,25,16
dl_609,26,West_exit,26,17
dl_609,21,East_exit,21,15
dl_609,22,West_exit,22,14
dl_610,13,,,
dl_610,14,West_exit,14,9
dl_610,15,East_exit,15,11
dl_610,16,West_exit,16,10
dl_610,12,East_exit,12,9
dl_610,8,East_exit,8,6
dl_610,9,East_exit,9,7
dl_610,10,West_exit,10,6
dl_610,18,East_exit,18,13
dl_610,19,West_exit,19,12
dl_610,24,East_exit,24,17
dl_610,25,West_exit,25,16
dl_610,26,West_exit,26,17
dl_610,21,East_exit,21,15
dl_610,22,West_exit,22,14
dl_611,15,,,
dl_611,6,East_exit,6,5
dl_611,7,West_exit,7,4
dl_611,5,East_exit,5,4
dl_611,14,West_exit,14,9
dl_611,15,East_exit,15,11
dl_611,16,West_exit,16,10
dl_611,12,East_exit,12,9
dl_611,9,East_exit,9,7
dl_611,10,West_exit,10,6
dl_611,18,East_exit,18,13
dl_611,19,West_exit,19,12
dl_611,21,East_exit,21,15
dl_611,22,West_exit,22,14
dl_611,24,East_exit,24,17
dl_611,25,West_exit,25,16
dl_611,26,West_exit,26,17
dl_612,17,,,
dl_612,3,West_exit,3,2
dl_612,4,East_exit,4,3
dl_612,2,East_exit,2,2
dl_612,6,East_exit,6,5
dl_612,7,West_exit,7,4
dl_612,14,West_exit,14,9
dl_612,15,East_exit,15,11
dl_612,16,West_exit,16,10
dl_612,12,East_exit,12,9
dl_612,18,East_exit,18,13
dl_612,19,West_exit,19,12
dl_612,24,East_exit,24,17
dl_612,25,West_exit,25,16
dl_612,26,West_exit,26,17
dl_612,21,East_exit,21,15
dl_612,22,West_exit,22,14
dl_612,9,East_exit,9,7
dl_612,10,West_exit,10,6
dl_613,15,,,
dl_613,8,West_exit,8,5
dl_613,14,West_exit,14,9
dl_613,15,East_exit,15,11
dl_613,16,West_exit,16,10
dl_613,12,East_exit,12,9
dl_613,18,East_exit,18,13
dl_613,19,West_exit,19,12
dl_613,24,East_exit,24,17
dl_613,25,West_exit,25,16
dl_613,26,West_exit,26,17
dl_613,21,East_exit,21,15
dl_613,22,West_exit,22,14
dl_613,9,East_exit,9,7
dl_613,10,West_exit,10,6
dl_613,6,East_exit,6,5
dl_613,5,East_exit,5,4
dl_614,17,,,
dl_614,8,West_exit,8,5
dl_614,14,West_exit,14,9
dl_614,15,East_exit,15,11
dl_614,16,West_exit,16,10
dl_614,12,East_exit,12,9
dl_614,18,East_exit,18,13
dl_614,19,West_exit,19,12
dl_614,24,East_exit,24,17
dl_614,25,West_exit,25,16
dl_614,26,West_exit,26,17
dl_614,21,East_exit,21,15
dl_614,22,West_exit,22,14
dl_614,9,East_exit,9,7
dl_614,10,West_exit,10,6
dl_614,6,East_exit,6,5
dl_614,3,West_exit,3,2
dl_614,4,East_exit,4,3
dl_614,2,East_exit,2,2
dl_615,13,,,
dl_615,14,West_exit,14,9
dl_615,9,East_exit,9,7
dl_615,11,West_exit,11,7
dl_615,15,East_exit,15,11
dl_615,16,West_exit,16,10
dl_615,12,East_exit,12,9
dl_615,8,East_exit,8,6
dl_615,18,East_exit,18,13
dl_615,19,West_exit,19,12
dl_615,24,East_exit,24,17
dl_615,25,West_exit,25,16
dl_615,26,West_exit,26,17
dl_615,21,East_exit,21,15
dl_615,22,West_exit,22,14
dl_616,15,,,
dl_616,14,West_exit,14,9
dl_616,6,East_exit,6,5
dl_616,7,West_exit,7,4
dl_616,5,East_exit,5,4
dl_616,9,East_exit,9,7
dl_616,15,East_exit,15,11
dl_616,16,West_exit,16,10
dl_616,12,East_exit,12,9
dl_616,11,West_exit,11,7
dl_616,18,East_exit,18,13
dl_616,19,West_exit,19,12
dl_616,24,East_exit,24,17
dl_616,25,West_exit,25,16
dl_616,26,West_exit,26,17
dl_616,21,East_exit,21,15
dl_616,22,West_exit,22,14
dl_617,17,,,
dl_617,3,West_exit,3,2
dl_617,4,East_exit,4,3
dl_617,2,East_exit,2,2
dl_617,14,West_exit,14,9
dl_617,9,East_exit,9,7
dl_617,11,West_exit,11,7
dl_617,15,East_exit,15,11
dl_617,16,West_exit,16,10
dl_617,12,East_exit,12,9
dl_617,6,East_exit,6,5
dl_617,7,West_exit,7,4
dl_617,18,East_exit,18,13
dl_617,19,West_exit,19,12
dl_617,24,East_exit,24,17
dl_617,25,West_exit,25,16
dl_617,26,West_exit,26,17
dl_617,21,East_exit,21,15
dl_617,22,West_exit,22,14
dl_618,15,,,
dl_618,14,West_exit,14,9
dl_618,6,East_exit,6,5
dl_618,8,West_exit,8,5
dl_618,5,East_exit,5,4
dl_618,9,East_exit,9,7
dl_618,15,East_exit,15,11
dl_618,16,West_exit,16,10
dl_618,12,East_exit,12,9
dl_618,11,West_exit,11,7
dl_618,18,East_exit,18,13
dl_618,19,West_exit,19,12
dl_618,24,East_exit,24,17
dl_618,25,West_exit,25,16
dl_618,26,West_exit,26,17
dl_618,21,East_exit,21,15
dl_618,22,West_exit,22,14
dl_619,17,,,
dl_619,14,West_exit,14,9
dl_619,6,East_exit,6,5
dl_619,8,West_exit,8,5
dl_619,9,East_exit,9,7
dl_619,15,East_exit,15,11
dl_619,16,West_exit,16,10
dl_619,12,East_exit,12,9
dl_619,11,West_exit,11,7
dl_619,3,West_exit,3,2
dl_619,4,East_exit,4,3
dl_619,2,East_exit,2,2
dl_619,18,East_exit,18,13
dl_619,19,West_exit,19,12
dl_619,24,East_exit,24,17
dl_619,25,West_exit,25,16
dl_619,26,West_exit,26,17
dl_619,21,East_exit,21,15
dl_619,22,West_exit,22,14
dl_620,17,,,
dl_620,5,West_exit,5,3
dl_620,6,East_exit,6,5
dl_620,7,West_exit,7,4
dl_620,4,East_exit,4,3
dl_620,2,East_exit,2,2
dl_620,14,West_exit,14,9
dl_620,15,East_exit,15,11
dl_620,16,West_exit,16,10
dl_620,12,East_exit,12,9
dl_620,18,East_exit,18,13
dl_620,19,West_exit,19,12
dl_620,24,East_exit,24,17
dl_620,25,West_exit,25,16
dl_620,26,West_exit,26,17
dl_620,21,East_exit,21,15
dl_620,22,West_exit,22,14
dl_620,9,East_exit,9,7
dl_620,10,West_exit,10,6
dl_621,17,,,
dl_621,8,West_exit,8,5
dl_621,14,West_exit,14,9
dl_621,15,East_exit,15,11
dl_621,16,West_exit,16,10
dl_621,12,East_exit,12,9
dl_621,18,East_exit,18,13
dl_621,19,West_exit,19,12
dl_621,24,East_exit,24,17
dl_621,25,West_exit,25,16
dl_621,26,West_exit,26,17
dl_621,21,East_exit,21,15
dl_621,22,West_exit,22,14
dl_621,6,East_exit,6,5
dl_621,5,West_exit,5,3
dl_621,4,East_exit,4,3
dl_621,2,East_exit,2,2
dl_621,9,East_exit,9,7
dl_621,10,West_exit,10,6
dl_622,17,,,
dl_622,5,West_exit,5,3
dl_622,14,West_exit,14,9
dl_622,15,East_exit,15,11
dl_622,16,West_exit,16,10
dl_622,12,East_exit,12,9
dl_622,11,West_exit,11,7
dl_622,9,East_exit,9,7
dl_622,6,East_exit,6,5
dl_622,7,West_exit,7,4
dl_622,4,East_exit,4,3
dl_622,2,East_exit,2,2
dl_622,18,East_exit,18,13
dl_622,19,West_exit,19,12
dl_622,24,East_exit,24,17
dl_622,25,West_exit,25,16
dl_622,26,West_exit,26,17
dl_622,21,East_exit,21,15
dl_622,22,West_exit,22,14
dl_623,17,,,
dl_623,14,West_exit,14,9
dl_623,15,East_exit,15,11
dl_623,16,West_exit,16,10
dl_623,11,West_exit,11,7
dl_623,9,East_exit,9,7
dl_623,8,West_exit,8,5
dl_623,12,East_exit,12,9
dl_623,6,East_exit,6,5
dl_623,5,West_exit,5,3
dl_623,4,East_exit,4,3
dl_623,2,East_exit,2,2
dl_623,18,East_exit,18,13
dl_623,19,West_exit,19,12
dl_623,24,East_exit,24,17
dl_623,25,West_exit,25,16
dl_623,26,West_exit,26,17
dl_623,21,East_exit,21,15
dl_623,22,West_exit,22,14
dl_624,6,,,
dl_624,21,West_exit,21,14
dl_624,22,East_exit,22,15
dl_624,23,West_exit,23,15
dl_624,24,West_exit,24,16
dl_624,25,West_exit,25,16
dl_624,18,East_exit,18,13
dl_624,19,East_exit,19,13
dl_625,4,,,
dl_625,21,West_exit,21,14
dl_625,22,East_exit,22,15
dl_625,23,West_exit,23,15
dl_625,18,East_exit,18,13
dl_625,19,East_exit,19,13
dl_626,12,,,
dl_626,24,West_exit,24,16
dl_626,25,East_exit,25,17
dl_626,26,West_exit,26,17
dl_626,21,West_exit,21,14
dl_626,22,East_exit,22,15
dl_626,15,West_exit,15,10
dl_626,16,East_exit,16,11
dl_626,14,East_exit,14,10
dl_626,12,West_exit,12,8
dl_626,13,East_exit,13,9
dl_626,11,East_exit,11,8
dl_626,18,West_exit,18,12
dl_626,19,East_exit,19,13
dl_627,9,,,
dl_627,24,West_exit,24,16
dl_627,25,East_exit,25,17
dl_627,26,West_exit,26,17
dl_627,21,West_exit,21,14
dl_627,22,East_exit,22,15
dl_627,18,West_exit,18,12
dl_627,19,East_exit,19,13
dl_627,15,West_exit,15,10
dl_627,16,East_exit,16,11
dl_627,14,East_exit,14,10
dl_628,11,,,
dl_628,24,West_exit,24,16
dl_628,25,East_exit,25,17
dl_628,26,West_exit,26,17
dl_628,21,West_exit,21,14
dl_628,22,East_exit,22,15
dl_628,18,West_exit,18,12
dl_628,19,East_exit,19,13
dl_628,12,West_exit,12,8
dl_628,13,East_exit,13,9
dl_628,11,East_exit,11,8
dl_628,15,West_exit,15,10
dl_628,16,East_exit,16,11
dl_629,6,,,
dl_629,12,West_exit,12,8
dl_629,13,East_exit,13,9
dl_629,14,West_exit,14,9
dl_629,9,West_exit,9,6
dl_629,10,East_exit,10,7
dl_629,6,East_exit,6,5
dl_629,7,East_exit,7,5
dl_630,8,,,
dl_630,15,West_exit,15,10
dl_630,16,East_exit,16,11
dl_630,17,West_exit,17,11
dl_630,12,West_exit,12,8
dl_630,13,East_exit,13,9
dl_630,9,West_exit,9,6
dl_630,10,East_exit,10,7
dl_630,6,East_exit,6,5
dl_630,7,East_exit,7,5
dl_631,4,,,
dl_631,8,East_exit,8,6
dl_631,9,East_exit,9,7
dl_631,10,West_exit,10,6
dl_631,12,West_exit,12,8
dl_631,13,West_exit,13,8
dl_632,6,,,
dl_632,6,East_exit,6,5
dl_632,7,West_exit,7,4
dl_632,5,East_exit,5,4
dl_632,9,East_exit,9,7
dl_632,10,West_exit,10,6
dl_632,12,West_exit,12,8
dl_632,13,West_exit,13,8
dl_633,8,,,
dl_633,3,East_exit,3,3
dl_633,4,West_exit,4,2
dl_633,2,East_exit,2,2
dl_633,9,East_exit,9,7
dl_633,10,West_exit,10,6
dl_633,6,East_exit,6,5
dl_633,7,West_exit,7,4
dl_633,12,West_exit,12,8
dl_633,13,West_exit,13,8
dl_634,4,,,
dl_634,24,East_exit,24,17
dl_634,25,West_exit,25,16
dl_634,23,East_exit,23,16
dl_634,27,West_exit,27,18
dl_634,28,West_exit,28,18
dl_635,6,,,
dl_635,21,East_exit,21,15
dl_635,22,West_exit,22,14
dl_635,20,East_exit,20,14
dl_635,24,East_exit,24,17
dl_635,25,West_exit,25,16
dl_635,27,West_exit,27,18
dl_635,28,West_exit,28,18
dl_636,8,,,
dl_636,18,East_exit,18,13
dl_636,19,West_exit,19,12
dl_636,17,East_exit,17,12
dl_636,24,East_exit,24,17
dl_636,25,West_exit,25,16
dl_636,21,East_exit,21,15
dl_636,22,West_exit,22,14
dl_636,27,West_exit,27,18
dl_636,28,West_exit,28,18
dl_637,4,,,
dl_637,15,West_exit,15,10
dl_637,16,East_exit,16,11
dl_637,17,West_exit,17,11
dl_637,12,East_exit,12,9
dl_637,13,East_exit,13,9
dl_638,6,,,
dl_638,18,West_exit,18,12
dl_638,19,East_exit,19,13
dl_638,20,West_exit,20,13
dl_638,15,West_exit,15,10
dl_638,16,East_exit,16,11
dl_638,12,East_exit,12,9
dl_638,13,East_exit,13,9
dl_639,5,,,
dl_639,21,West_exit,21,14
dl_639,22,East_exit,22,15
dl_639,20,East_exit,20,14
dl_639,24,East_exit,24,17
dl_639,25,West_exit,25,16
dl_639,26,West_exit,26,17
dl_640,10,,,
dl_640,21,West_exit,21,14
dl_640,22,East_exit,22,15
dl_640,18,West_exit,18,12
dl_640,19,East_exit,19,13
dl_640,17,East_exit,17,12
dl_640,15,West_exit,15,10
dl_640,16,East_exit,16,11
dl_640,14,East_exit,14,10
dl_640,24,East_exit,24,17
dl_640,25,West_exit,25,16
dl_640,26,West_exit,26,17
dl_641,12,,,
dl_641,17,East_exit,17,12
dl_641,21,West_exit,21,14
dl_641,22,East_exit,22,15
dl_641,18,West_exit,18,12
dl_641,19,East_exit,19,13
dl_641,15,West_exit,15,10
dl_641,16,East_exit,16,11
dl_641,24,East_exit,24,17
dl_641,25,West_exit,25,16
dl_641,26,West_exit,26,17
dl_641,12,West_exit,12,8
dl_641,13,East_exit,13,9
dl_641,11,East_exit,11,8
dl_642,7,,,
dl_642,21,West_exit,21,14
dl_642,22,East_exit,22,15
dl_642,18,West_exit,18,12
dl_642,19,East_exit,19,13
dl_642,17,East_exit,17,12
dl_642,24,East_exit,24,17
dl_642,25,West_exit,25,16
dl_642,26,West_exit,26,17
dl_643,12,,,
dl_643,14,East_exit,14,10
dl_643,12,West_exit,12,8
dl_643,13,East_exit,13,9
dl_643,11,East_exit,11,8
dl_643,21,West_exit,21,14
dl_643,22,East_exit,22,15
dl_643,24,East_exit,24,17
dl_643,25,West_exit,25,16
dl_643,26,West_exit,26,17
dl_643,18,West_exit,18,12
dl_643,19,East_exit,19,13
dl_643,15,West_exit,15,10
dl_643,16,East_exit,16,11
dl_644,16,,,
dl_644,8,East_exit,8,6
dl_644,14,East_exit,14,10
dl_644,12,West_exit,12,8
dl_644,13,East_exit,13,9
dl_644,21,West_exit,21,14
dl_644,22,East_exit,22,15
dl_644,24,East_exit,24,17
dl_644,25,West_exit,25,16
dl_644,26,West_exit,26,17
dl_644,18,West_exit,18,12
dl_644,19,East_exit,19,13
dl_644,15,West_exit,15,10
dl_644,16,East_exit,16,11
dl_644,9,West_exit,9,6
dl_644,10,East_exit,10,7
dl_644,6,East_exit,6,5
dl_644,7,East_exit,7,5
dl_645,14,,,
dl_645,14,East_exit,14,10
dl_645,12,West_exit,12,8
dl_645,13,East_exit,13,9
dl_645,21,West_exit,21,14
dl_645,22,East_exit,22,15
dl_645,24,East_exit,24,17
dl_645,25,West_exit,25,16
dl_645,26,West_exit,26,17
dl_645,18,West_exit,18,12
dl_645,19,East_exit,19,13
dl_645,15,West_exit,15,10
dl_645,16,East_exit,16,11
dl_645,9,West_exit,9,6
dl_645,10,East_exit,10,7
dl_645,8,East_exit,8,6
dl_646,9,,,
dl_646,21,West_exit,21,14
dl_646,22,East_exit,22,15
dl_646,15,West_exit,15,10
dl_646,16,East_exit,16,11
dl_646,14,East_exit,14,10
dl_646,18,West_exit,18,12
dl_646,19,East_exit,19,13
dl_646,24,East_exit,24,17
dl_646,25,West_exit,25,16
dl_646,26,West_exit,26,17
dl_647,11,,,
dl_647,21,West_exit,21,14
dl_647,22,East_exit,22,15
dl_647,24,East_exit,24,17
dl_647,25,West_exit,25,16
dl_647,26,West_exit,26,17
dl_647,18,West_exit,18,12
dl_647,19,East_exit,19,13
dl_647,15,West_exit,15,10
dl_647,16,East_exit,16,11
dl_647,12,West_exit,12,8
dl_647,13,East_exit,13,9
dl_647,11,East_exit,11,8
dl_648,5,,,
dl_648,21,West_exit,21,14
dl_648,20,East_exit,20,14
dl_648,18,West_exit,18,12
dl_648,19,East_exit,19,13
dl_648,17,East_exit,17,12
dl_648,23,West_exit,23,15
dl_649,7,,,
dl_649,15,West_exit,15,10
dl_649,16,East_exit,16,11
dl_649,14,East_exit,14,10
dl_649,21,West_exit,21,14
dl_649,20,East_exit,20,14
dl_649,18,West_exit,18,12
dl_649,19,East_exit,19,13
dl_649,23,West_exit,23,15
dl_650,7,,,
dl_650,24,East_exit,24,17
dl_650,25,West_exit,25,16
dl_650,26,West_exit,26,17
dl_650,20,East_exit,20,14
dl_650,18,West_exit,18,12
dl_650,19,East_exit,19,13
dl_650,17,East_exit,17,12
dl_650,21,West_exit,21,14
dl_651,9,,,
dl_651,15,West_exit,15,10
dl_651,16,East_exit,16,11
dl_651,14,East_exit,14,10
dl_651,21,West_exit,21,14
dl_651,20,East_exit,20,14
dl_651,18,West_exit,18,12
dl_651,19,East_exit,19,13
dl_651,24,East_exit,24,17
dl_651,25,West_exit,25,16
dl_651,26,West_exit,26,17
dl_652,9,,,
dl_652,20,East_exit,20,14
dl_652,15,West_exit,15,10
dl_652,16,East_exit,16,11
dl_652,12,West_exit,12,8
dl_652,13,East_exit,13,9
dl_652,11,East_exit,11,8
dl_652,21,West_exit,21,14
dl_652,23,West_exit,23,15
dl_652,18,West_exit,18,12
dl_652,19,East_exit,19,13
dl_653,11,,,
dl_653,20,East_exit,20,14
dl_653,15,West_exit,15,10
dl_653,16,East_exit,16,11
dl_653,12,West_exit,12,8
dl_653,13,East_exit,13,9
dl_653,11,East_exit,11,8
dl_653,21,West_exit,21,14
dl_653,24,East_exit,24,17
dl_653,25,West_exit,25,16
dl_653,26,West_exit,26,17
dl_653,18,West_exit,18,12
dl_653,19,East_exit,19,13
dl_654,5,,,
dl_654,18,West_exit,18,12
dl_654,17,East_exit,17,12
dl_654,20,West_exit,20,13
dl_654,15,West_exit,15,10
dl_654,16,East_exit,16,11
dl_654,14,East_exit,14,10
dl_655,7,,,
dl_655,21,West_exit,21,14
dl_655,22,East_exit,22,15
dl_655,23,West_exit,23,15
dl_655,18,West_exit,18,12
dl_655,17,East_exit,17,12
dl_655,15,West_exit,15,10
dl_655,16,East_exit,16,11
dl_655,14,East_exit,14,10
dl_656,9,,,
dl_656,17,East_exit,17,12
dl_656,15,West_exit,15,10
dl_656,16,East_exit,16,11
dl_656,14,East_exit,14,10
dl_656,24,East_exit,24,17
dl_656,25,West_exit,25,16
dl_656,26,West_exit,26,17
dl_656,18,West_exit,18,12
dl_656,21,West_exit,21,14
dl_656,22,East_exit,22,15
dl_657,7,,,
dl_657,17,East_exit,17,12
dl_657,12,West_exit,12,8
dl_657,13,East_exit,13,9
dl_657,11,East_exit,11,8
dl_657,18,West_exit,18,12
dl_657,20,West_exit,20,13
dl_657,15,West_exit,15,10
dl_657,16,East_exit,16,11
dl_658,9,,,
dl_658,17,East_exit,17,12
dl_658,12,West_exit,12,8
dl_658,13,East_exit,13,9
dl_658,11,East_exit,11,8
dl_658,21,West_exit,21,14
dl_658,22,East_exit,22,15
dl_658,23,West_exit,23,15
dl_658,18,West_exit,18,12
dl_658,15,West_exit,15,10
dl_658,16,East_exit,16,11
dl_659,11,,,
dl_659,24,East_exit,24,17
dl_659,25,West_exit,25,16
dl_659,26,West_exit,26,17
dl_659,17,East_exit,17,12
dl_659,12,West_exit,12,8
dl_659,13,East_exit,13,9
dl_659,11,East_exit,11,8
dl_659,15,West_exit,15,10
dl_659,16,East_exit,16,11
dl_659,18,West_exit,18,12
dl_659,21,West_exit,21,14
dl_659,22,East_exit,22,15
dl_660,7,,,
dl_660,21,West_exit,21,14
dl_660,20,East_exit,20,14
dl_660,23,West_exit,23,15
dl_660,18,West_exit,18,12
dl_660,17,East_exit,17,12
dl_660,15,West_exit,15,10
dl_660,16,East_exit,16,11
dl_660,14,East_exit,14,10
dl_661,9,,,
dl_661,21,West_exit,21,14
dl_661,20,East_exit,20,14
dl_661,18,West_exit,18,12
dl_661,17,East_exit,17,12
dl_661,15,West_exit,15,10
dl_661,16,East_exit,16,11
dl_661,14,East_exit,14,10
dl_661,24,East_exit,24,17
dl_661,25,West_exit,25,16
dl_661,26,West_exit,26,17
dl_662,9,,,
dl_662,21,West_exit,21,14
dl_662,20,East_exit,20,14
dl_662,17,East_exit,17,12
dl_662,12,West_exit,12,8
dl_662,13,East_exit,13,9
dl_662,11,East_exit,11,8
dl_662,18,West_exit,18,12
dl_662,15,West_exit,15,10
dl_662,16,East_exit,16,11
dl_662,23,West_exit,23,15
dl_663,11,,,
dl_663,17,East_exit,17,12
dl_663,12,West_exit,12,8
dl_663,13,East_exit,13,9
dl_663,11,East_exit,11,8
dl_663,18,West_exit,18,12
dl_663,20,East_exit,20,14
dl_663,15,West_exit,15,10
dl_663,16,East_exit,16,11
dl_663,21,West_exit,21,14
dl_663,24,East_exit,24,17
dl_663,25,West_exit,25,16
dl_663,26,West_exit,26,17
dl_664,13,,,
dl_664,8,East_exit,8,6
dl_664,21,West_exit,21,14
dl_664,22,East_exit,22,15
dl_664,23,West_exit,23,15
dl_664,15,West_exit,15,10
dl_664,16,East_exit,16,11
dl_664,18,West_exit,18,12
dl_664,19,East_exit,19,13
dl_664,12,West_exit,12,8
dl_664,13,East_exit,13,9
dl_664,9,West_exit,9,6
dl_664,10,East_exit,10,7
dl_664,6,East_exit,6,5
dl_664,7,East_exit,7,5
dl_665,11,,,
dl_665,21,West_exit,21,14
dl_665,22,East_exit,22,15
dl_665,23,West_exit,23,15
dl_665,15,West_exit,15,10
dl_665,16,East_exit,16,11
dl_665,18,West_exit,18,12
dl_665,19,East_exit,19,13
dl_665,12,West_exit,12,8
dl_665,13,East_exit,13,9
dl_665,9,West_exit,9,6
dl_665,10,East_exit,10,7
dl_665,8,East_exit,8,6
dl_666,15,,,
dl_666,21,West_exit,21,14
dl_666,22,East_exit,22,15
dl_666,24,East_exit,24,17
dl_666,25,West_exit,25,16
dl_666,26,West_exit,26,17
dl_666,18,West_exit,18,12
dl_666,19,East_exit,19,13
dl_666,15,West_exit,15,10
dl_666,16,East_exit,16,11
dl_666,8,East_exit,8,6
dl_666,9,West_exit,9,6
dl_666,10,East_exit,10,7
dl_666,6,East_exit,6,5
dl_666,7,East_exit,7,5
dl_666,12,West_exit,12,8
dl_666,13,East_exit,13,9
dl_667,13,,,
dl_667,21,West_exit,21,14
dl_667,22,East_exit,22,15
dl_667,15,West_exit,15,10
dl_667,16,East_exit,16,11
dl_667,18,West_exit,18,12
dl_667,19,East_exit,19,13
dl_667,24,East_exit,24,17
dl_667,25,West_exit,25,16
dl_667,26,West_exit,26,17
dl_667,12,West_exit,12,8
dl_667,13,East_exit,13,9
dl_667,9,West_exit,9,6
dl_667,10,East_exit,10,7
dl_667,8,East_exit,8,6
dl_668,13,,,
dl_668,20,East_exit,20,14
dl_668,15,West_exit,15,10
dl_668,16,East_exit,16,11
dl_668,12,West_exit,12,8
dl_668,13,East_exit,13,9
dl_668,9,West_exit,9,6
dl_668,10,East_exit,10,7
dl_668,8,East_exit,8,6
dl_668,6,East_exit,6,5
dl_668,7,East_exit,7,5
dl_668,21,West_exit,21,14
dl_668,18,West_exit,18,12
dl_668,19,East_exit,19,13
dl_668,23,West_exit,23,15
dl_669,11,,,
dl_669,20,East_exit,20,14
dl_669,15,West_exit,15,10
dl_669,16,East_exit,16,11
dl_669,12,West_exit,12,8
dl_669,13,East_exit,13,9
dl_669,9,West_exit,9,6
dl_669,10,East_exit,10,7
dl_669,8,East_exit,8,6
dl_669,21,West_exit,21,14
dl_669,18,West_exit,18,12
dl_669,19,East_exit,19,13
dl_669,23,West_exit,23,15
dl_670,15,,,
dl_670,20,East_exit,20,14
dl_670,15,West_exit,15,10
dl_670,16,East_exit,16,11
dl_670,12,West_exit,12,8
dl_670,13,East_exit,13,9
dl_670,9,West_exit,9,6
dl_670,10,East_exit,10,7
dl_670,8,East_exit,8,6
dl_670,6,East_exit,6,5
dl_670,7,East_exit,7,5
dl_670,24,East_exit,24,17
dl_670,25,West_exit,25,16
dl_670,26,West_exit,26,17
dl_670,18,West_exit,18,12
dl_670,19,East_exit,19,13
dl_670,21,West_exit,21,14
dl_671,13,,,
dl_671,20,East_exit,20,14
dl_671,15,West_exit,15,10
dl_671,16,East_exit,16,11
dl_671,12,West_exit,12,8
dl_671,13,East_exit,13,9
dl_671,9,West_exit,9,6
dl_671,10,East_exit,10,7
dl_671,8,East_exit,8,6
dl_671,21,West_exit,21,14
dl_671,18,West_exit,18,12
dl_671,19,East_exit,19,13
dl_671,24,East_exit,24,17
dl_671,25,West_exit,25,16
dl_671,26,West_exit,26,17
dl_672,10,,,
dl_672,18,West_exit,18,12
dl_672,19,East_exit,19,13
dl_672,20,West_exit,20,13
dl_672,15,West_exit,15,10
dl_672,16,East_exit,16,11
dl_672,12,West_exit,12,8
dl_672,13,East_exit,13,9
dl_672,9,West_exit,9,6
dl_672,10,East_exit,10,7
dl_672,6,East_exit,6,5
dl_672,7,East_exit,7,5
dl_673,12,,,
dl_673,21,West_exit,21,14
dl_673,22,East_exit,22,15
dl_673,23,West_exit,23,15
dl_673,18,West_exit,18,12
dl_673,19,East_exit,19,13
dl_673,15,West_exit,15,10
dl_673,16,East_exit,16,11
dl_673,12,West_exit,12,8
dl_673,13,East_exit,13,9
dl_673,9,West_exit,9,6
dl_673,10,East_exit,10,7
dl_673,6,East_exit,6,5
dl_673,7,East_exit,7,5
dl_674,14,,,
dl_674,21,West_exit,21,14
dl_674,22,East_exit,22,15
dl_674,15,West_exit,15,10
dl_674,16,East_exit,16,11
dl_674,18,West_exit,18,12
dl_674,19,East_exit,19,13
dl_674,24,East_exit,24,17
dl_674,25,West_exit,25,16
dl_674,26,West_exit,26,17
dl_674,12,West_exit,12,8
dl_674,13,East_exit,13,9
dl_674,9,West_exit,9,6
dl_674,10,East_exit,10,7
dl_674,6,East_exit,6,5
dl_674,7,East_exit,7,5
dl_675,12,,,
dl_675,20,East_exit,20,14
dl_675,15,West_exit,15,10
dl_675,16,East_exit,16,11
dl_675,12,West_exit,12,8
dl_675,13,East_exit,13,9
dl_675,9,West_exit,9,6
dl_675,10,East_exit,10,7
dl_675,21,West_exit,21,14
dl_675,18,West_exit,18,12
dl_675,19,East_exit,19,13
dl_675,23,West_exit,23,15
dl_675,6,East_exit,6,5
dl_675,7,East_exit,7,5
dl_676,14,,,
dl_676,20,East_exit,20,14
dl_676,15,West_exit,15,10
dl_676,16,East_exit,16,11
dl_676,12,West_exit,12,8
dl_676,13,East_exit,13,9
dl_676,9,West_exit,9,6
dl_676,10,East_exit,10,7
dl_676,21,West_exit,21,14
dl_676,18,West_exit,18,12
dl_676,19,East_exit,19,13
dl_676,24,East_exit,24,17
dl_676,25,West_exit,25,16
dl_676,26,West_exit,26,17
dl_676,6,East_exit,6,5
dl_676,7,East_exit,7,5
dl_677,11,,,
dl_677,17,East_exit,17,12
dl_677,18,West_exit,18,12
dl_677,20,West_exit,20,13
dl_677,15,West_exit,15,10
dl_677,16,East_exit,16,11
dl_677,8,East_exit,8,6
dl_677,9,West_exit,9,6
dl_677,10,East_exit,10,7
dl_677,6,East_exit,6,5
dl_677,7,East_exit,7,5
dl_677,12,West_exit,12,8
dl_677,13,East_exit,13,9
dl_678,9,,,
dl_678,17,East_exit,17,12
dl_678,18,West_exit,18,12
dl_678,20,West_exit,20,13
dl_678,15,West_exit,15,10
dl_678,16,East_exit,16,11
dl_678,9,West_exit,9,6
dl_678,10,East_exit,10,7
dl_678,8,East_exit,8,6
dl_678,12,West_exit,12,8
dl_678,13,East_exit,13,9
dl_679,13,,,
dl_679,17,East_exit,17,12
dl_679,21,West_exit,21,14
dl_679,22,East_exit,22,15
dl_679,23,West_exit,23,15
dl_679,18,West_exit,18,12
dl_679,15,West_exit,15,10
dl_679,16,East_exit,16,11
dl_679,8,East_exit,8,6
dl_679,9,West_exit,9,6
dl_679,10,East_exit,10,7
dl_679,6,East_exit,6,5
dl_679,7,East_exit,7,5
dl_679,12,West_exit,12,8
dl_679,13,East_exit,13,9
dl_680,11,,,
dl_680,17,East_exit,17,12
dl_680,21,West_exit,21,14
dl_680,22,East_exit,22,15
dl_680,23,West_exit,23,15
dl_680,18,West_exit,18,12
dl_680,15,West_exit,15,10
dl_680,16,East_exit,16,11
dl_680,9,West_exit,9,6
dl_680,10,East_exit,10,7
dl_680,8,East_exit,8,6
dl_680,12,West_exit,12,8
dl_680,13,East_exit,13,9
dl_681,15,,,
dl_681,8,East_exit,8,6
dl_681,24,East_exit,24,17
dl_681,25,West_exit,25,16
dl_681,26,West_exit,26,17
dl_681,17,East_exit,17,12
dl_681,15,West_exit,15,10
dl_681,16,East_exit,16,11
dl_681,18,West_exit,18,12
dl_681,21,West_exit,21,14
dl_681,22,East_exit,22,15
dl_681,12,West_exit,12,8
dl_681,13,East_exit,13,9
dl_681,9,West_exit,9,6
dl_681,10,East_exit,10,7
dl_681,6,East_exit,6,5
dl_681,7,East_exit,7,5
dl_682,13,,,
dl_682,24,East_exit,24,17
dl_682,25,West_exit,25,16
dl_682,26,West_exit,26,17
dl_682,17,East_exit,17,12
dl_682,15,West_exit,15,10
dl_682,16,East_exit,16,11
dl_682,18,West_exit,18,12
dl_682,21,West_exit,21,14
dl_682,22,East_exit,22,15
dl_682,12,West_exit,12,8
dl_682,13,East_exit,13,9
dl_682,9,West_exit,9,6
dl_682,10,East_exit,10,7
dl_682,8,East_exit,8,6
dl_683,13,,,
dl_683,17,East_exit,17,12
dl_683,21,West_exit,21,14
dl_683,20,East_exit,20,14
dl_683,23,West_exit,23,15
dl_683,18,West_exit,18,12
dl_683,15,West_exit,15,10
dl_683,16,East_exit,16,11
dl_683,8,East_exit,8,6
dl_683,9,West_exit,9,6
dl_683,10,East_exit,10,7
dl_683,6,East_exit,6,5
dl_683,7,East_exit,7,5
dl_683,12,West_exit,12,8
dl_683,13,East_exit,13,9
dl_684,11,,,
dl_684,17,East_exit,17,12
dl_684,21,West_exit,21,14
dl_684,20,East_exit,20,14
dl_684,23,West_exit,23,15
dl_684,18,West_exit,18,12
dl_684,15,West_exit,15,10
dl_684,16,East_exit,16,11
dl_684,9,West_exit,9,6
dl_684,10,East_exit,10,7
dl_684,8,East_exit,8,6
dl_684,12,West_exit,12,8
dl_684,13,East_exit,13,9
dl_685,15,,,
dl_685,17,East_exit,17,12
dl_685,21,West_exit,21,14
dl_685,20,East_exit,20,14
dl_685,18,West_exit,18,12
dl_685,15,West_exit,15,10
dl_685,16,East_exit,16,11
dl_685,24,East_exit,24,17
dl_685,25,West_exit,25,16
dl_685,26,West_exit,26,17
dl_685,8,East_exit,8,6
dl_685,9,West_exit,9,6
dl_685,10,East_exit,10,7
dl_685,6,East_exit,6,5
dl_685,7,East_exit,7,5
dl_685,12,West_exit,12,8
dl_685,13,East_exit,13,9
dl_686,13,,,
dl_686,17,East_exit,17,12
dl_686,21,West_exit,21,14
dl_686,20,East_exit,20,14
dl_686,18,West_exit,18,12
dl_686,15,West_exit,15,10
dl_686,16,East_exit,16,11
dl_686,24,East_exit,24,17
dl_686,25,West_exit,25,16
dl_686,26,West_exit,26,17
dl_686,9,West_exit,9,6
dl_686,10,East_exit,10,7
dl_686,8,East_exit,8,6
dl_686,12,West_exit,12,8
dl_686,13,East_exit,13,9
dl_687,10,,,
dl_687,17,East_exit,17,12
dl_687,18,West_exit,18,12
dl_687,20,West_exit,20,13
dl_687,15,West_exit,15,10
dl_687,16,East_exit,16,11
dl_687,9,West_exit,9,6
dl_687,10,East_exit,10,7
dl_687,12,West_exit,12,8
dl_687,13,East_exit,13,9
dl_687,6,East_exit,6,5
dl_687,7,East_exit,7,5
dl_688,12,,,
dl_688,17,East_exit,17,12
dl_688,21,West_exit,21,14
dl_688,22,East_exit,22,15
dl_688,23,West_exit,23,15
dl_688,18,West_exit,18,12
dl_688,15,West_exit,15,10
dl_688,16,East_exit,16,11
dl_688,9,West_exit,9,6
dl_688,10,East_exit,10,7
dl_688,12,West_exit,12,8
dl_688,13,East_exit,13,9
dl_688,6,East_exit,6,5
dl_688,7,East_exit,7,5
dl_689,14,,,
dl_689,24,East_exit,24,17
dl_689,25,West_exit,25,16
dl_689,26,West_exit,26,17
dl_689,17,East_exit,17,12
dl_689,12,West_exit,12,8
dl_689,13,East_exit,13,9
dl_689,15,West_exit,15,10
dl_689,16,East_exit,16,11
dl_689,18,West_exit,18,12
dl_689,21,West_exit,21,14
dl_689,22,East_exit,22,15
dl_689,9,West_exit,9,6
dl_689,10,East_exit,10,7
dl_689,6,East_exit,6,5
dl_689,7,East_exit,7,5
dl_690,12,,,
dl_690,17,East_exit,17,12
dl_690,21,West_exit,21,14
dl_690,20,East_exit,20,14
dl_690,23,West_exit,23,15
dl_690,18,West_exit,18,12
dl_690,15,West_exit,15,10
dl_690,16,East_exit,16,11
dl_690,9,West_exit,9,6
dl_690,10,East_exit,10,7
dl_690,12,West_exit,12,8
dl_690,13,East_exit,13,9
dl_690,6,East_exit,6,5
dl_690,7,East_exit,7,5
dl_691,14,,,
dl_691,17,East_exit,17,12
dl_691,21,West_exit,21,14
dl_691,20,East_exit,20,14
dl_691,18,West_exit,18,12
dl_691,15,West_exit,15,10
dl_691,16,East_exit,16,11
dl_691,24,East_exit,24,17
dl_691,25,West_exit,25,16
dl_691,26,West_exit,26,17
dl_691,9,West_exit,9,6
dl_691,10,East_exit,10,7
dl_691,12,West_exit,12,8
dl_691,13,East_exit,13,9
dl_691,6,East_exit,6,5
dl_691,7,East_exit,7,5
dl_692,5,,,
dl_692,24,West_exit,24,16
dl_692,25,East_exit,25,17
dl_692,26,West_exit,26,17
dl_692,20,East_exit,20,14
dl_692,21,East_exit,21,15
dl_692,22,West_exit,22,14
dl_693,9,,,
dl_693,26,West_exit,26,17
dl_693,18,West_exit,18,12
dl_693,19,East_exit,19,13
dl_693,17,East_exit,17,12
dl_693,21,East_exit,21,15
dl_693,22,West_exit,22,14
dl_693,24,East_exit,24,17
dl_693,25,West_exit,25,16
dl_693,27,West_exit,27,18
dl_693,28,West_exit,28,18
dl_694,7,,,
dl_694,18,West_exit,18,12
dl_694,19,East_exit,19,13
dl_694,17,East_exit,17,12
dl_694,21,East_exit,21,15
dl_694,22,West_exit,22,14
dl_694,24,East_exit,24,17
dl_694,25,West_exit,25,16
dl_694,26,West_exit,26,17
dl_695,14,,,
dl_695,21,East_exit,21,15
dl_695,22,West_exit,22,14
dl_695,24,East_exit,24,17
dl_695,25,West_exit,25,16
dl_695,26,West_exit,26,17
dl_695,27,West_exit,27,18
dl_695,28,West_exit,28,18
dl_695,15,West_exit,15,10
dl_695,16,East_exit,16,11
dl_695,14,East_exit,14,10
dl_695,12,West_exit,12,8
dl_695,13,East_exit,13,9
dl_695,11,East_exit,11,8
dl_695,18,West_exit,18,12
dl_695,19,East_exit,19,13
dl_696,12,,,
dl_696,18,West_exit,18,12
dl_696,19,East_exit,19,13
dl_696,15,West_exit,15,10
dl_696,16,East_exit,16,11
dl_696,14,East_exit,14,10
dl_696,12,West_exit,12,8
dl_696,13,East_exit,13,9
dl_696,11,East_exit,11,8
dl_696,21,East_exit,21,15
dl_696,22,West_exit,22,14
dl_696,24,East_exit,24,17
dl_696,25,West_exit,25,16
dl_696,26,West_exit,26,17
dl_697,18,,,
dl_697,26,West_exit,26,17
dl_697,14,East_exit,14,10
dl_697,8,East_exit,8,6
dl_697,9,West_exit,9,6
dl_697,10,East_exit,10,7
dl_697,6,East_exit,6,5
dl_697,7,East_exit,7,5
dl_697,18,West_exit,18,12
dl_697,19,East_exit,19,13
dl_697,15,West_exit,15,10
dl_697,16,East_exit,16,11
dl_697,12,West_exit,12,8
dl_697,13,East_exit,13,9
dl_697,21,East_exit,21,15
dl_697,22,West_exit,22,14
dl_697,24,East_exit,24,17
dl_697,25,West_exit,25,16
dl_697,27,West_exit,27,18
dl_697,28,West_exit,28,18
dl_698,16,,,
dl_698,18,West_exit,18,12
dl_698,19,East_exit,19,13
dl_698,15,West_exit,15,10
dl_698,16,East_exit,16,11
dl_698,14,East_exit,14,10
dl_698,12,West_exit,12,8
dl_698,13,East_exit,13,9
dl_698,9,West_exit,9,6
dl_698,10,East_exit,10,7
dl_698,8,East_exit,8,6
dl_698,6,East_exit,6,5
dl_698,7,East_exit,7,5
dl_698,21,East_exit,21,15
dl_698,22,West_exit,22,14
dl_698,24,East_exit,24,17
dl_698,25,West_exit,25,16
dl_698,26,West_exit,26,17
dl_699,16,,,
dl_699,26,West_exit,26,17
dl_699,14,East_exit,14,10
dl_699,9,West_exit,9,6
dl_699,10,East_exit,10,7
dl_699,8,East_exit,8,6
dl_699,18,West_exit,18,12
dl_699,19,East_exit,19,13
dl_699,15,West_exit,15,10
dl_699,16,East_exit,16,11
dl_699,12,West_exit,12,8
dl_699,13,East_exit,13,9
dl_699,21,East_exit,21,15
dl_699,22,West_exit,22,14
dl_699,24,East_exit,24,17
dl_699,25,West_exit,25,16
dl_699,27,West_exit,27,18
dl_699,28,West_exit,28,18
dl_700,14,,,
dl_700,18,West_exit,18,12
dl_700,19,East_exit,19,13
dl_700,15,West_exit,15,10
dl_700,16,East_exit,16,11
dl_700,14,East_exit,14,10
dl_700,12,West_exit,12,8
dl_700,13,East_exit,13,9
dl_700,9,West_exit,9,6
dl_700,10,East_exit,10,7
dl_700,8,East_exit,8,6
dl_700,21,East_exit,21,15
dl_700,22,West_exit,22,14
dl_700,24,East_exit,24,17
dl_700,25,West_exit,25,16
dl_700,26,West_exit,26,17
dl_701,20,,,
dl_701,5,East_exit,5,4
dl_701,14,East_exit,14,10
dl_701,21,East_exit,21,15
dl_701,22,West_exit,22,14
dl_701,24,East_exit,24,17
dl_701,25,West_exit,25,16
dl_701,26,West_exit,26,17
dl_701,27,West_exit,27,18
dl_701,28,West_exit,28,18
dl_701,18,West_exit,18,12
dl_701,19,East_exit,19,13
dl_701,15,West_exit,15,10
dl_701,16,East_exit,16,11
dl_701,12,West_exit,12,8
dl_701,13,East_exit,13,9
dl_701,9,West_exit,9,6
dl_701,10,East_exit,10,7
dl_701,6,West_exit,6,4
dl_701,7,East_exit,7,5
dl_701,3,East_exit,3,3
dl_701,4,East_exit,4,3
dl_702,18,,,
dl_702,5,East_exit,5,4
dl_702,18,West_exit,18,12
dl_702,19,East_exit,19,13
dl_702,15,West_exit,15,10
dl_702,16,East_exit,16,11
dl_702,14,East_exit,14,10
dl_702,12,West_exit,12,8
dl_702,13,East_exit,13,9
dl_702,9,West_exit,9,6
dl_702,10,East_exit,10,7
dl_702,6,West_exit,6,4
dl_702,7,East_exit,7,5
dl_702,3,East_exit,3,3
dl_702,4,East_exit,4,3
dl_702,21,East_exit,21,15
dl_702,22,West_exit,22,14
dl_702,24,East_exit,24,17
dl_702,25,West_exit,25,16
dl_702,26,West_exit,26,17
dl_703,18,,,
dl_703,14,East_exit,14,10
dl_703,21,East_exit,21,15
dl_703,22,West_exit,22,14
dl_703,24,East_exit,24,17
dl_703,25,West_exit,25,16
dl_703,26,West_exit,26,17
dl_703,27,West_exit,27,18
dl_703,28,West_exit,28,18
dl_703,18,West_exit,18,12
dl_703,19,East_exit,19,13
dl_703,15,West_exit,15,10
dl_703,16,East_exit,16,11
dl_703,12,West_exit,12,8
dl_703,13,East_exit,13,9
dl_703,9,West_exit,9,6
dl_703,10,East_exit,10,7
dl_703,6,West_exit,6,4
dl_703,7,East_exit,7,5
dl_703,5,East_exit,5,4
dl_704,16,,,
dl_704,18,West_exit,18,12
dl_704,19,East_exit,19,13
dl_704,15,West_exit,15,10
dl_704,16,East_exit,16,11
dl_704,14,East_exit,14,10
dl_704,12,West_exit,12,8
dl_704,13,East_exit,13,9
dl_704,9,West_exit,9,6
dl_704,10,East_exit,10,7
dl_704,6,West_exit,6,4
dl_704,7,East_exit,7,5
dl_704,5,East_exit,5,4
dl_704,21,East_exit,21,15
dl_704,22,West_exit,22,14
dl_704,24,East_exit,24,17
dl_704,25,West_exit,25,16
dl_704,26,West_exit,26,17
dl_705,19,,,
dl_705,14,East_exit,14,10
dl_705,21,East_exit,21,15
dl_705,22,West_exit,22,14
dl_705,24,East_exit,24,17
dl_705,25,West_exit,25,16
dl_705,26,West_exit,26,17
dl_705,27,West_exit,27,18
dl_705,28,West_exit,28,18
dl_705,18,West_exit,18,12
dl_705,19,East_exit,19,13
dl_705,15,West_exit,15,10
dl_705,16,East_exit,16,11
dl_705,12,West_exit,12,8
dl_705,13,East_exit,13,9
dl_705,9,West_exit,9,6
dl_705,10,East_exit,10,7
dl_705,6,West_exit,6,4
dl_705,7,East_exit,7,5
dl_705,3,East_exit,3,3
dl_705,4,East_exit,4,3
dl_706,17,,,
dl_706,18,West_exit,18,12
dl_706,19,East_exit,19,13
dl_706,15,West_exit,15,10
dl_706,16,East_exit,16,11
dl_706,14,East_exit,14,10
dl_706,12,West_exit,12,8
dl_706,13,East_exit,13,9
dl_706,9,West_exit,9,6
dl_706,10,East_exit,10,7
dl_706,6,West_exit,6,4
dl_706,7,East_exit,7,5
dl_706,21,East_exit,21,15
dl_706,22,West_exit,22,14
dl_706,24,East_exit,24,17
dl_706,25,West_exit,25,16
dl_706,26,West_exit,26,17
dl_706,3,East_exit,3,3
dl_706,4,East_exit,4,3
dl_707,13,,,
dl_707,21,East_exit,21,15
dl_707,22,West_exit,22,14
dl_707,24,East_exit,24,17
dl_707,25,West_exit,25,16
dl_707,26,West_exit,26,17
dl_707,27,West_exit,27,18
dl_707,28,West_exit,28,18
dl_707,14,East_exit,14,10
dl_707,15,West_exit,15,10
dl_707,16,East_exit,16,11
dl_707,12,East_exit,12,9
dl_707,13,East_exit,13,9
dl_707,18,West_exit,18,12
dl_707,19,East_exit,19,13
dl_708,11,,,
dl_708,18,West_exit,18,12
dl_708,19,East_exit,19,13
dl_708,15,West_exit,15,10
dl_708,16,East_exit,16,11
dl_708,14,East_exit,14,10
dl_708,12,East_exit,12,9
dl_708,13,East_exit,13,9
dl_708,21,East_exit,21,15
dl_708,22,West_exit,22,14
dl_708,24,East_exit,24,17
dl_708,25,West_exit,25,16
dl_708,26,West_exit,26,17
dl_709,11,,,
dl_709,21,East_exit,21,15
dl_709,22,West_exit,22,14
dl_709,24,East_exit,24,17
dl_709,25,West_exit,25,16
dl_709,26,West_exit,26,17
dl_709,27,West_exit,27,18
dl_709,28,West_exit,28,18
dl_709,15,West_exit,15,10
dl_709,16,East_exit,16,11
dl_709,14,East_exit,14,10
dl_709,18,West_exit,18,12
dl_709,19,East_exit,19,13
dl_710,9,,,
dl_710,18,West_exit,18,12
dl_710,19,East_exit,19,13
dl_710,15,West_exit,15,10
dl_710,16,East_exit,16,11
dl_710,14,East_exit,14,10
dl_710,21,East_exit,21,15
dl_710,22,West_exit,22,14
dl_710,24,East_exit,24,17
dl_710,25,West_exit,25,16
dl_710,26,West_exit,26,17
dl_711,10,,,
dl_711,26,West_exit,26,17
dl_711,20,East_exit,20,14
dl_711,23,East_exit,23,16
dl_711,25,West_exit,25,16
dl_711,21,East_exit,21,15
dl_711,22,West_exit,22,14
dl_711,27,West_exit,27,18
dl_711,28,West_exit,28,18
dl_711,18,West_exit,18,12
dl_711,19,East_exit,19,13
dl_711,17,East_exit,17,12
dl_712,5,,,
dl_712,23,East_exit,23,16
dl_712,25,West_exit,25,16
dl_712,21,East_exit,21,15
dl_712,22,West_exit,22,14
dl_712,20,East_exit,20,14
dl_712,26,West_exit,26,17
dl_713,14,,,
dl_713,26,West_exit,26,17
dl_713,14,East_exit,14,10
dl_713,18,West_exit,18,12
dl_713,19,East_exit,19,13
dl_713,17,East_exit,17,12
dl_713,15,West_exit,15,10
dl_713,16,East_exit,16,11
dl_713,12,East_exit,12,9
dl_713,13,East_exit,13,9
dl_713,23,East_exit,23,16
dl_713,25,West_exit,25,16
dl_713,21,East_exit,21,15
dl_713,22,West_exit,22,14
dl_713,27,West_exit,27,18
dl_713,28,West_exit,28,18
dl_714,12,,,
dl_714,14,East_exit,14,10
dl_714,18,West_exit,18,12
dl_714,19,East_exit,19,13
dl_714,17,East_exit,17,12
dl_714,15,West_exit,15,10
dl_714,16,East_exit,16,11
dl_714,12,East_exit,12,9
dl_714,13,East_exit,13,9
dl_714,23,East_exit,23,16
dl_714,25,West_exit,25,16
dl_714,26,West_exit,26,17
dl_714,21,East_exit,21,15
dl_714,22,West_exit,22,14
dl_715,12,,,
dl_715,26,West_exit,26,17
dl_715,18,West_exit,18,12
dl_715,19,East_exit,19,13
dl_715,17,East_exit,17,12
dl_715,15,West_exit,15,10
dl_715,16,East_exit,16,11
dl_715,14,East_exit,14,10
dl_715,23,East_exit,23,16
dl_715,25,West_exit,25,16
dl_715,21,East_exit,21,15
dl_715,22,West_exit,22,14
dl_715,27,West_exit,27,18
dl_715,28,West_exit,28,18
dl_716,10,,,
dl_716,18,West_exit,18,12
dl_716,19,East_exit,19,13
dl_716,17,East_exit,17,12
dl_716,15,West_exit,15,10
dl_716,16,East_exit,16,11
dl_716,14,East_exit,14,10
dl_716,23,East_exit,23,16
dl_716,25,West_exit,25,16
dl_716,26,West_exit,26,17
dl_716,21,East_exit,21,15
dl_716,22,West_exit,22,14
dl_717,14,,,
dl_717,26,West_exit,26,17
dl_717,17,East_exit,17,12
dl_717,12,West_exit,12,8
dl_717,13,East_exit,13,9
dl_717,11,East_exit,11,8
dl_717,18,West_exit,18,12
dl_717,19,East_exit,19,13
dl_717,15,West_exit,15,10
dl_717,16,East_exit,16,11
dl_717,23,East_exit,23,16
dl_717,25,West_exit,25,16
dl_717,21,East_exit,21,15
dl_717,22,West_exit,22,14
dl_717,27,West_exit,27,18
dl_717,28,West_exit,28,18
dl_718,12,,,
dl_718,18,West_exit,18,12
dl_718,19,East_exit,19,13
dl_718,17,East_exit,17,12
dl_718,15,West_exit,15,10
dl_718,16,East_exit,16,11
dl_718,12,West_exit,12,8
dl_718,13,East_exit,13,9
dl_718,11,East_exit,11,8
dl_718,23,East_exit,23,16
dl_718,25,West_exit,25,16
dl_718,26,West_exit,26,17
dl_718,21,East_exit,21,15
dl_718,22,West_exit,22,14
dl_719,18,,,
dl_719,26,West_exit,26,17
dl_719,17,East_exit,17,12
dl_719,18,West_exit,18,12
dl_719,19,East_exit,19,13
dl_719,15,West_exit,15,10
dl_719,16,East_exit,16,11
dl_719,23,East_exit,23,16
dl_719,25,West_exit,25,16
dl_719,21,East_exit,21,15
dl_719,22,West_exit,22,14
dl_719,27,West_exit,27,18
dl_719,28,West_exit,28,18
dl_719,8,East_exit,8,6
dl_719,9,West_exit,9,6
dl_719,10,East_exit,10,7
dl_719,6,East_exit,6,5
dl_719,7,East_exit,7,5
dl_719,12,West_exit,12,8
dl_719,13,East_exit,13,9
dl_720,16,,,
dl_720,18,West_exit,18,12
dl_720,19,East_exit,19,13
dl_720,17,East_exit,17,12
dl_720,15,West_exit,15,10
dl_720,16,East_exit,16,11
dl_720,12,West_exit,12,8
dl_720,13,East_exit,13,9
dl_720,9,West_exit,9,6
dl_720,10,East_exit,10,7
dl_720,8,East_exit,8,6
dl_720,6,East_exit,6,5
dl_720,7,East_exit,7,5
dl_720,23,East_exit,23,16
dl_720,25,West_exit,25,16
dl_720,26,West_exit,26,17
dl_720,21,East_exit,21,15
dl_720,22,West_exit,22,14
dl_721,16,,,
dl_721,26,West_exit,26,17
dl_721,17,East_exit,17,12
dl_721,18,West_exit,18,12
dl_721,19,East_exit,19,13
dl_721,15,West_exit,15,10
dl_721,16,East_exit,16,11
dl_721,23,East_exit,23,16
dl_721,25,West_exit,25,16
dl_721,21,East_exit,21,15
dl_721,22,West_exit,22,14
dl_721,27,West_exit,27,18
dl_721,28,West_exit,28,18
dl_721,9,West_exit,9,6
dl_721,10,East_exit,10,7
dl_721,8,East_exit,8,6
dl_721,12,West_exit,12,8
dl_721,13,East_exit,13,9
dl_722,14,,,
dl_722,18,West_exit,18,12
dl_722,19,East_exit,19,13
dl_722,17,East_exit,17,12
dl_722,15,West_exit,15,10
dl_722,16,East_exit,16,11
dl_722,12,West_exit,12,8
dl_722,13,East_exit,13,9
dl_722,9,West_exit,9,6
dl_722,10,East_exit,10,7
dl_722,8,East_exit,8,6
dl_722,23,East_exit,23,16
dl_722,25,West_exit,25,16
dl_722,26,West_exit,26,17
dl_722,21,East_exit,21,15
dl_722,22,West_exit,22,14
dl_723,20,,,
dl_723,5,East_exit,5,4
dl_723,26,West_exit,26,17
dl_723,17,East_exit,17,12
dl_723,18,West_exit,18,12
dl_723,19,East_exit,19,13
dl_723,15,West_exit,15,10
dl_723,16,East_exit,16,11
dl_723,23,East_exit,23,16
dl_723,25,West_exit,25,16
dl_723,21,East_exit,21,15
dl_723,22,West_exit,22,14
dl_723,27,West_exit,27,18
dl_723,28,West_exit,28,18
dl_723,12,West_exit,12,8
dl_723,13,East_exit,13,9
dl_723,9,West_exit,9,6
dl_723,10,East_exit,10,7
dl_723,6,West_exit,6,4
dl_723,7,East_exit,7,5
dl_723,3,East_exit,3,3
dl_723,4,East_exit,4,3
dl_724,18,,,
dl_724,5,East_exit,5,4
dl_724,18,West_exit,18,12
dl_724,19,East_exit,19,13
dl_724,17,East_exit,17,12
dl_724,15,West_exit,15,10
dl_724,16,East_exit,16,11
dl_724,12,West_exit,12,8
dl_724,13,East_exit,13,9
dl_724,9,West_exit,9,6
dl_724,10,East_exit,10,7
dl_724,6,West_exit,6,4
dl_724,7,East_exit,7,5
dl_724,3,East_exit,3,3
dl_724,4,East_exit,4,3
dl_724,23,East_exit,23,16
dl_724,25,West_exit,25,16
dl_724,26,West_exit,26,17
dl_724,21,East_exit,21,15
dl_724,22,West_exit,22,14
dl_725,18,,,
dl_725,26,West_exit,26,17
dl_725,17,East_exit,17,12
dl_725,18,West_exit,18,12
dl_725,19,East_exit,19,13
dl_725,15,West_exit,15,10
dl_725,16,East_exit,16,11
dl_725,23,East_exit,23,16
dl_725,25,West_exit,25,16
dl_725,21,East_exit,21,15
dl_725,22,West_exit,22,14
dl_725,27,West_exit,27,18
dl_725,28,West_exit,28,18
dl_725,12,West_exit,12,8
dl_725,13,East_exit,13,9
dl_725,9,West_exit,9,6
dl_725,10,East_exit,10,7
dl_725,6,West_exit,6,4
dl_725,7,East_exit,7,5
dl_725,5,East_exit,5,4
dl_726,16,,,
dl_726,18,West_exit,18,12
dl_726,19,East_exit,19,13
dl_726,17,East_exit,17,12
dl_726,15,West_exit,15,10
dl_726,16,East_exit,16,11
dl_726,12,West_exit,12,8
dl_726,13,East_exit,13,9
dl_726,9,West_exit,9,6
dl_726,10,East_exit,10,7
dl_726,6,West_exit,6,4
dl_726,7,East_exit,7,5
dl_726,5,East_exit,5,4
dl_726,23,East_exit,23,16
dl_726,25,West_exit,25,16
dl_726,26,West_exit,26,17
dl_726,21,East_exit,21,15
dl_726,22,West_exit,22,14
dl_727,19,,,
dl_727,26,West_exit,26,17
dl_727,17,East_exit,17,12
dl_727,18,West_exit,18,12
dl_727,19,East_exit,19,13
dl_727,15,West_exit,15,10
dl_727,16,East_exit,16,11
dl_727,23,East_exit,23,16
dl_727,25,West_exit,25,16
dl_727,21,East_exit,21,15
dl_727,22,West_exit,22,14
dl_727,27,West_exit,27,18
dl_727,28,West_exit,28,18
dl_727,12,West_exit,12,8
dl_727,13,East_exit,13,9
dl_727,9,West_exit,9,6
dl_727,10,East_exit,10,7
dl_727,6,West_exit,6,4
dl_727,7,East_exit,7,5
dl_727,3,East_exit,3,3
dl_727,4,East_exit,4,3
dl_728,17,,,
dl_728,18,West_exit,18,12
dl_728,19,East_exit,19,13
dl_728,17,East_exit,17,12
dl_728,15,West_exit,15,10
dl_728,16,East_exit,16,11
dl_728,12,West_exit,12,8
dl_728,13,East_exit,13,9
dl_728,9,West_exit,9,6
dl_728,10,East_exit,10,7
dl_728,6,West_exit,6,4
dl_728,7,East_exit,7,5
dl_728,23,East_exit,23,16
dl_728,25,West_exit,25,16
dl_728,26,West_exit,26,17
dl_728,21,East_exit,21,15
dl_728,22,West_exit,22,14
dl_728,3,East_exit,3,3
dl_728,4,East_exit,4,3
dl_729,7,,,
dl_729,18,West_exit,18,12
dl_729,19,East_exit,19,13
dl_729,17,East_exit,17,12
dl_729,23,East_exit,23,16
dl_729,25,West_exit,25,16
dl_729,21,East_exit,21,15
dl_729,22,West_exit,22,14
dl_729,26,West_exit,26,17
dl_730,14,,,
dl_730,26,West_exit,26,17
dl_730,18,West_exit,18,12
dl_730,19,East_exit,19,13
dl_730,15,West_exit,15,10
dl_730,16,East_exit,16,11
dl_730,14,East_exit,14,10
dl_730,12,West_exit,12,8
dl_730,13,East_exit,13,9
dl_730,11,East_exit,11,8
dl_730,23,East_exit,23,16
dl_730,25,West_exit,25,16
dl_730,21,East_exit,21,15
dl_730,22,West_exit,22,14
dl_730,27,West_exit,27,18
dl_730,28,West_exit,28,18
dl_731,12,,,
dl_731,18,West_exit,18,12
dl_731,19,East_exit,19,13
dl_731,15,West_exit,15,10
dl_731,16,East_exit,16,11
dl_731,14,East_exit,14,10
dl_731,12,West_exit,12,8
dl_731,13,East_exit,13,9
dl_731,11,East_exit,11,8
dl_731,23,East_exit,23,16
dl_731,25,West_exit,25,16
dl_731,26,West_exit,26,17
dl_731,21,East_exit,21,15
dl_731,22,West_exit,22,14
dl_732,18,,,
dl_732,26,West_exit,26,17
dl_732,18,West_exit,18,12
dl_732,19,East_exit,19,13
dl_732,15,West_exit,15,10
dl_732,16,East_exit,16,11
dl_732,14,East_exit,14,10
dl_732,12,West_exit,12,8
dl_732,13,East_exit,13,9
dl_732,9,West_exit,9,6
dl_732,10,East_exit,10,7
dl_732,8,East_exit,8,6
dl_732,6,East_exit,6,5
dl_732,7,East_exit,7,5
dl_732,23,East_exit,23,16
dl_732,25,West_exit,25,16
dl_732,21,East_exit,21,15
dl_732,22,West_exit,22,14
dl_732,27,West_exit,27,18
dl_732,28,West_exit,28,18
dl_733,16,,,
dl_733,18,West_exit,18,12
dl_733,19,East_exit,19,13
dl_733,15,West_exit,15,10
dl_733,16,East_exit,16,11
dl_733,14,East_exit,14,10
dl_733,12,West_exit,12,8
dl_733,13,East_exit,13,9
dl_733,9,West_exit,9,6
dl_733,10,East_exit,10,7
dl_733,8,East_exit,8,6
dl_733,6,East_exit,6,5
dl_733,7,East_exit,7,5
dl_733,23,East_exit,23,16
dl_733,25,West_exit,25,16
dl_733,26,West_exit,26,17
dl_733,21,East_exit,21,15
dl_733,22,West_exit,22,14
dl_734,16,,,
dl_734,26,West_exit,26,17
dl_734,18,West_exit,18,12
dl_734,19,East_exit,19,13
dl_734,15,West_exit,15,10
dl_734,16,East_exit,16,11
dl_734,14,East_exit,14,10
dl_734,12,West_exit,12,8
dl_734,13,East_exit,13,9
dl_734,9,West_exit,9,6
dl_734,10,East_exit,10,7
dl_734,8,East_exit,8,6
dl_734,23,East_exit,23,16
dl_734,25,West_exit,25,16
dl_734,21,East_exit,21,15
dl_734,22,West_exit,22,14
dl_734,27,West_exit,27,18
dl_734,28,West_exit,28,18
dl_735,14,,,
dl_735,18,West_exit,18,12
dl_735,19,East_exit,19,13
dl_735,15,West_exit,15,10
dl_735,16,East_exit,16,11
dl_735,14,East_exit,14,10
dl_735,12,West_exit,12,8
dl_735,13,East_exit,13,9
dl_735,9,West_exit,9,6
dl_735,10,East_exit,10,7
dl_735,8,East_exit,8,6
dl_735,23,East_exit,23,16
dl_735,25,West_exit,25,16
dl_735,26,West_exit,26,17
dl_735,21,East_exit,21,15
dl_735,22,West_exit,22,14
dl_736,20,,,
dl_736,26,West_exit,26,17
dl_736,5,East_exit,5,4
dl_736,14,East_exit,14,10
dl_736,18,West_exit,18,12
dl_736,19,East_exit,19,13
dl_736,15,West_exit,15,10
dl_736,16,East_exit,16,11
dl_736,12,West_exit,12,8
dl_736,13,East_exit,13,9
dl_736,9,West_exit,9,6
dl_736,10,East_exit,10,7
dl_736,6,West_exit,6,4
dl_736,7,East_exit,7,5
dl_736,3,East_exit,3,3
dl_736,4,East_exit,4,3
dl_736,23,East_exit,23,16
dl_736,25,West_exit,25,16
dl_736,21,East_exit,21,15
dl_736,22,West_exit,22,14
dl_736,27,West_exit,27,18
dl_736,28,West_exit,28,18
dl_737,18,,,
dl_737,5,East_exit,5,4
dl_737,18,West_exit,18,12
dl_737,19,East_exit,19,13
dl_737,15,West_exit,15,10
dl_737,16,East_exit,16,11
dl_737,14,East_exit,14,10
dl_737,12,West_exit,12,8
dl_737,13,East_exit,13,9
dl_737,9,West_exit,9,6
dl_737,10,East_exit,10,7
dl_737,6,West_exit,6,4
dl_737,7,East_exit,7,5
dl_737,3,East_exit,3,3
dl_737,4,East_exit,4,3
dl_737,23,East_exit,23,16
dl_737,25,West_exit,25,16
dl_737,26,West_exit,26,17
dl_737,21,East_exit,21,15
dl_737,22,West_exit,22,14
dl_738,18,,,
dl_738,26,West_exit,26,17
dl_738,14,East_exit,14,10
dl_738,18,West_exit,18,12
dl_738,19,East_exit,19,13
dl_738,15,West_exit,15,10
dl_738,16,East_exit,16,11
dl_738,12,West_exit,12,8
dl_738,13,East_exit,13,9
dl_738,9,West_exit,9,6
dl_738,10,East_exit,10,7
dl_738,6,West_exit,6,4
dl_738,7,East_exit,7,5
dl_738,5,East_exit,5,4
dl_738,23,East_exit,23,16
dl_738,25,West_exit,25,16
dl_738,21,East_exit,21,15
dl_738,22,West_exit,22,14
dl_738,27,West_exit,27,18
dl_738,28,West_exit,28,18
dl_739,16,,,
dl_739,18,West_exit,18,12
dl_739,19,East_exit,19,13
dl_739,15,West_exit,15,10
dl_739,16,East_exit,16,11
dl_739,14,East_exit,14,10
dl_739,12,West_exit,12,8
dl_739,13,East_exit,13,9
dl_739,9,West_exit,9,6
dl_739,10,East_exit,10,7
dl_739,6,West_exit,6,4
dl_739,7,East_exit,7,5
dl_739,5,East_exit,5,4
dl_739,23,East_exit,23,16
dl_739,25,West_exit,25,16
dl_739,26,West_exit,26,17
dl_739,21,East_exit,21,15
dl_739,22,West_exit,22,14
dl_740,19,,,
dl_740,26,West_exit,26,17
dl_740,14,East_exit,14,10
dl_740,18,West_exit,18,12
dl_740,19,East_exit,19,13
dl_740,15,West_exit,15,10
dl_740,16,East_exit,16,11
dl_740,12,West_exit,12,8
dl_740,13,East_exit,13,9
dl_740,9,West_exit,9,6
dl_740,10,East_exit,10,7
dl_740,6,West_exit,6,4
dl_740,7,East_exit,7,5
dl_740,23,East_exit,23,16
dl_740,25,West_exit,25,16
dl_740,21,East_exit,21,15
dl_740,22,West_exit,22,14
dl_740,27,West_exit,27,18
dl_740,28,West_exit,28,18
dl_740,3,East_exit,3,3
dl_740,4,East_exit,4,3
dl_741,17,,,
dl_741,18,West_exit,18,12
dl_741,19,East_exit,19,13
dl_741,15,West_exit,15,10
dl_741,16,East_exit,16,11
dl_741,14,East_exit,14,10
dl_741,12,West_exit,12,8
dl_741,13,East_exit,13,9
dl_741,9,West_exit,9,6
dl_741,10,East_exit,10,7
dl_741,6,West_exit,6,4
dl_741,7,East_exit,7,5
dl_741,23,East_exit,23,16
dl_741,25,West_exit,25,16
dl_741,26,West_exit,26,17
dl_741,21,East_exit,21,15
dl_741,22,West_exit,22,14
dl_741,3,East_exit,3,3
dl_741,4,East_exit,4,3
dl_742,13,,,
dl_742,26,West_exit,26,17
dl_742,18,West_exit,18,12
dl_742,19,East_exit,19,13
dl_742,15,West_exit,15,10
dl_742,16,East_exit,16,11
dl_742,14,East_exit,14,10
dl_742,12,East_exit,12,9
dl_742,13,East_exit,13,9
dl_742,23,East_exit,23,16
dl_742,25,West_exit,25,16
dl_742,21,East_exit,21,15
dl_742,22,West_exit,22,14
dl_742,27,West_exit,27,18
dl_742,28,West_exit,28,18
dl_743,11,,,
dl_743,18,West_exit,18,12
dl_743,19,East_exit,19,13
dl_743,15,West_exit,15,10
dl_743,16,East_exit,16,11
dl_743,14,East_exit,14,10
dl_743,12,East_exit,12,9
dl_743,13,East_exit,13,9
dl_743,23,East_exit,23,16
dl_743,25,West_exit,25,16
dl_743,26,West_exit,26,17
dl_743,21,East_exit,21,15
dl_743,22,West_exit,22,14
dl_744,9,,,
dl_744,23,East_exit,23,16
dl_744,25,West_exit,25,16
dl_744,21,East_exit,21,15
dl_744,22,West_exit,22,14
dl_744,26,West_exit,26,17
dl_744,18,West_exit,18,12
dl_744,19,East_exit,19,13
dl_744,15,West_exit,15,10
dl_744,16,East_exit,16,11
dl_744,14,East_exit,14,10
dl_745,18,,,
dl_745,26,West_exit,26,17
dl_745,18,West_exit,18,12
dl_745,19,East_exit,19,13
dl_745,15,West_exit,15,10
dl_745,16,East_exit,16,11
dl_745,12,West_exit,12,8
dl_745,13,East_exit,13,9
dl_745,11,East_exit,11,8
dl_745,9,West_exit,9,6
dl_745,10,East_exit,10,7
dl_745,8,East_exit,8,6
dl_745,6,East_exit,6,5
dl_745,7,East_exit,7,5
dl_745,21,East_exit,21,15
dl_745,22,West_exit,22,14
dl_745,24,East_exit,24,17
dl_745,25,West_exit,25,16
dl_745,27,West_exit,27,18
dl_745,28,West_exit,28,18
dl_746,16,,,
dl_746,18,West_exit,18,12
dl_746,19,East_exit,19,13
dl_746,15,West_exit,15,10
dl_746,16,East_exit,16,11
dl_746,12,West_exit,12,8
dl_746,13,East_exit,13,9
dl_746,11,East_exit,11,8
dl_746,9,West_exit,9,6
dl_746,10,East_exit,10,7
dl_746,8,East_exit,8,6
dl_746,6,East_exit,6,5
dl_746,7,East_exit,7,5
dl_746,21,East_exit,21,15
dl_746,22,West_exit,22,14
dl_746,24,East_exit,24,17
dl_746,25,West_exit,25,16
dl_746,26,West_exit,26,17
dl_747,16,,,
dl_747,26,West_exit,26,17
dl_747,18,West_exit,18,12
dl_747,19,East_exit,19,13
dl_747,15,West_exit,15,10
dl_747,16,East_exit,16,11
dl_747,12,West_exit,12,8
dl_747,13,East_exit,13,9
dl_747,11,East_exit,11,8
dl_747,9,West_exit,9,6
dl_747,10,East_exit,10,7
dl_747,8,East_exit,8,6
dl_747,21,East_exit,21,15
dl_747,22,West_exit,22,14
dl_747,24,East_exit,24,17
dl_747,25,West_exit,25,16
dl_747,27,West_exit,27,18
dl_747,28,West_exit,28,18
dl_748,14,,,
dl_748,18,West_exit,18,12
dl_748,19,East_exit,19,13
dl_748,15,West_exit,15,10
dl_748,16,East_exit,16,11
dl_748,12,West_exit,12,8
dl_748,13,East_exit,13,9
dl_748,11,East_exit,11,8
dl_748,9,West_exit,9,6
dl_748,10,East_exit,10,7
dl_748,8,East_exit,8,6
dl_748,21,East_exit,21,15
dl_748,22,West_exit,22,14
dl_748,24,East_exit,24,17
dl_748,25,West_exit,25,16
dl_748,26,West_exit,26,17
dl_749,20,,,
dl_749,26,West_exit,26,17
dl_749,18,West_exit,18,12
dl_749,19,East_exit,19,13
dl_749,21,East_exit,21,15
dl_749,22,West_exit,22,14
dl_749,24,East_exit,24,17
dl_749,25,West_exit,25,16
dl_749,27,West_exit,27,18
dl_749,28,West_exit,28,18
dl_749,12,West_exit,12,8
dl_749,13,East_exit,13,9
dl_749,11,East_exit,11,8
dl_749,5,East_exit,5,4
dl_749,9,West_exit,9,6
dl_749,10,East_exit,10,7
dl_749,6,West_exit,6,4
dl_749,7,East_exit,7,5
dl_749,3,East_exit,3,3
dl_749,4,East_exit,4,3
dl_749,15,West_exit,15,10
dl_749,16,East_exit,16,11
dl_750,18,,,
dl_750,18,West_exit,18,12
dl_750,19,East_exit,19,13
dl_750,21,East_exit,21,15
dl_750,22,West_exit,22,14
dl_750,24,East_exit,24,17
dl_750,25,West_exit,25,16
dl_750,26,West_exit,26,17
dl_750,12,West_exit,12,8
dl_750,13,East_exit,13,9
dl_750,11,East_exit,11,8
dl_750,5,East_exit,5,4
dl_750,9,West_exit,9,6
dl_750,10,East_exit,10,7
dl_750,6,West_exit,6,4
dl_750,7,East_exit,7,5
dl_750,3,East_exit,3,3
dl_750,4,East_exit,4,3
dl_750,15,West_exit,15,10
dl_750,16,East_exit,16,11
dl_751,18,,,
dl_751,21,East_exit,21,15
dl_751,22,West_exit,22,14
dl_751,24,East_exit,24,17
dl_751,25,West_exit,25,16
dl_751,26,West_exit,26,17
dl_751,27,West_exit,27,18
dl_751,28,West_exit,28,18
dl_751,18,West_exit,18,12
dl_751,19,East_exit,19,13
dl_751,11,East_exit,11,8
dl_751,12,West_exit,12,8
dl_751,13,East_exit,13,9
dl_751,9,West_exit,9,6
dl_751,10,East_exit,10,7
dl_751,6,West_exit,6,4
dl_751,7,East_exit,7,5
dl_751,5,East_exit,5,4
dl_751,15,West_exit,15,10
dl_751,16,East_exit,16,11
dl_752,16,,,
dl_752,18,West_exit,18,12
dl_752,19,East_exit,19,13
dl_752,21,East_exit,21,15
dl_752,22,West_exit,22,14
dl_752,24,East_exit,24,17
dl_752,25,West_exit,25,16
dl_752,26,West_exit,26,17
dl_752,15,West_exit,15,10
dl_752,16,East_exit,16,11
dl_752,12,West_exit,12,8
dl_752,13,East_exit,13,9
dl_752,11,East_exit,11,8
dl_752,9,West_exit,9,6
dl_752,10,East_exit,10,7
dl_752,6,West_exit,6,4
dl_752,7,East_exit,7,5
dl_752,5,East_exit,5,4
dl_753,19,,,
dl_753,21,East_exit,21,15
dl_753,22,West_exit,22,14
dl_753,24,East_exit,24,17
dl_753,25,West_exit,25,16
dl_753,26,West_exit,26,17
dl_753,27,West_exit,27,18
dl_753,28,West_exit,28,18
dl_753,18,West_exit,18,12
dl_753,19,East_exit,19,13
dl_753,11,East_exit,11,8
dl_753,12,West_exit,12,8
dl_753,13,East_exit,13,9
dl_753,9,West_exit,9,6
dl_753,10,East_exit,10,7
dl_753,6,West_exit,6,4
dl_753,7,East_exit,7,5
dl_753,15,West_exit,15,10
dl_753,16,East_exit,16,11
dl_753,3,East_exit,3,3
dl_753,4,East_exit,4,3
dl_754,17,,,
dl_754,18,West_exit,18,12
dl_754,19,East_exit,19,13
dl_754,21,East_exit,21,15
dl_754,22,West_exit,22,14
dl_754,24,East_exit,24,17
dl_754,25,West_exit,25,16
dl_754,26,West_exit,26,17
dl_754,15,West_exit,15,10
dl_754,16,East_exit,16,11
dl_754,12,West_exit,12,8
dl_754,13,East_exit,13,9
dl_754,11,East_exit,11,8
dl_754,9,West_exit,9,6
dl_754,10,East_exit,10,7
dl_754,6,West_exit,6,4
dl_754,7,East_exit,7,5
dl_754,3,East_exit,3,3
dl_754,4,East_exit,4,3
dl_755,13,,,
dl_755,26,West_exit,26,17
dl_755,21,East_exit,21,15
dl_755,22,West_exit,22,14
dl_755,24,East_exit,24,17
dl_755,25,West_exit,25,16
dl_755,27,West_exit,27,18
dl_755,28,West_exit,28,18
dl_755,18,West_exit,18,12
dl_755,19,East_exit,19,13
dl_755,12,West_exit,12,8
dl_755,13,East_exit,13,9
dl_755,11,East_exit,11,8
dl_755,15,West_exit,15,10
dl_755,16,East_exit,16,11
dl_756,11,,,
dl_756,18,West_exit,18,12
dl_756,19,East_exit,19,13
dl_756,15,West_exit,15,10
dl_756,16,East_exit,16,11
dl_756,12,West_exit,12,8
dl_756,13,East_exit,13,9
dl_756,11,East_exit,11,8
dl_756,21,East_exit,21,15
dl_756,22,West_exit,22,14
dl_756,24,East_exit,24,17
dl_756,25,West_exit,25,16
dl_756,26,West_exit,26,17
dl_757,18,,,
dl_757,26,West_exit,26,17
dl_757,18,West_exit,18,12
dl_757,19,East_exit,19,13
dl_757,15,West_exit,15,10
dl_757,16,East_exit,16,11
dl_757,12,West_exit,12,8
dl_757,13,East_exit,13,9
dl_757,11,East_exit,11,8
dl_757,9,West_exit,9,6
dl_757,10,East_exit,10,7
dl_757,8,East_exit,8,6
dl_757,6,East_exit,6,5
dl_757,7,East_exit,7,5
dl_757,23,East_exit,23,16
dl_757,25,West_exit,25,16
dl_757,21,East_exit,21,15
dl_757,22,West_exit,22,14
dl_757,27,West_exit,27,18
dl_757,28,West_exit,28,18
dl_758,16,,,
dl_758,18,West_exit,18,12
dl_758,19,East_exit,19,13
dl_758,15,West_exit,15,10
dl_758,16,East_exit,16,11
dl_758,12,West_exit,12,8
dl_758,13,East_exit,13,9
dl_758,11,East_exit,11,8
dl_758,9,West_exit,9,6
dl_758,10,East_exit,10,7
dl_758,8,East_exit,8,6
dl_758,6,East_exit,6,5
dl_758,7,East_exit,7,5
dl_758,23,East_exit,23,16
dl_758,25,West_exit,25,16
dl_758,21,East_exit,21,15
dl_758,22,West_exit,22,14
dl_758,26,West_exit,26,17
dl_759,16,,,
dl_759,26,West_exit,26,17
dl_759,18,West_exit,18,12
dl_759,19,East_exit,19,13
dl_759,15,West_exit,15,10
dl_759,16,East_exit,16,11
dl_759,12,West_exit,12,8
dl_759,13,East_exit,13,9
dl_759,11,East_exit,11,8
dl_759,9,West_exit,9,6
dl_759,10,East_exit,10,7
dl_759,8,East_exit,8,6
dl_759,23,East_exit,23,16
dl_759,25,West_exit,25,16
dl_759,21,East_exit,21,15
dl_759,22,West_exit,22,14
dl_759,27,West_exit,27,18
dl_759,28,West_exit,28,18
dl_760,14,,,
dl_760,18,West_exit,18,12
dl_760,19,East_exit,19,13
dl_760,15,West_exit,15,10
dl_760,16,East_exit,16,11
dl_760,12,West_exit,12,8
dl_760,13,East_exit,13,9
dl_760,11,East_exit,11,8
dl_760,9,West_exit,9,6
dl_760,10,East_exit,10,7
dl_760,8,East_exit,8,6
dl_760,23,East_exit,23,16
dl_760,25,West_exit,25,16
dl_760,21,East_exit,21,15
dl_760,22,West_exit,22,14
dl_760,26,West_exit,26,17
dl_761,20,,,
dl_761,26,West_exit,26,17
dl_761,18,West_exit,18,12
dl_761,19,East_exit,19,13
dl_761,23,East_exit,23,16
dl_761,25,West_exit,25,16
dl_761,21,East_exit,21,15
dl_761,22,West_exit,22,14
dl_761,12,West_exit,12,8
dl_761,13,East_exit,13,9
dl_761,11,East_exit,11,8
dl_761,5,East_exit,5,4
dl_761,9,West_exit,9,6
dl_761,10,East_exit,10,7
dl_761,6,West_exit,6,4
dl_761,7,East_exit,7,5
dl_761,3,East_exit,3,3
dl_761,4,East_exit,4,3
dl_761,15,West_exit,15,10
dl_761,16,East_exit,16,11
dl_761,27,West_exit,27,18
dl_761,28,West_exit,28,18
dl_762,18,,,
dl_762,18,West_exit,18,12
dl_762,19,East_exit,19,13
dl_762,23,East_exit,23,16
dl_762,25,West_exit,25,16
dl_762,21,East_exit,21,15
dl_762,22,West_exit,22,14
dl_762,26,West_exit,26,17
dl_762,12,West_exit,12,8
dl_762,13,East_exit,13,9
dl_762,11,East_exit,11,8
dl_762,5,East_exit,5,4
dl_762,9,West_exit,9,6
dl_762,10,East_exit,10,7
dl_762,6,West_exit,6,4
dl_762,7,East_exit,7,5
dl_762,3,East_exit,3,3
dl_762,4,East_exit,4,3
dl_762,15,West_exit,15,10
dl_762,16,East_exit,16,11
dl_763,18,,,
dl_763,26,West_exit,26,17
dl_763,11,East_exit,11,8
dl_763,18,West_exit,18,12
dl_763,19,East_exit,19,13
dl_763,23,East_exit,23,16
dl_763,25,West_exit,25,16
dl_763,21,East_exit,21,15
dl_763,22,West_exit,22,14
dl_763,15,West_exit,15,10
dl_763,16,East_exit,16,11
dl_763,12,West_exit,12,8
dl_763,13,East_exit,13,9
dl_763,9,West_exit,9,6
dl_763,10,East_exit,10,7
dl_763,6,West_exit,6,4
dl_763,7,East_exit,7,5
dl_763,5,East_exit,5,4
dl_763,27,West_exit,27,18
dl_763,28,West_exit,28,18
dl_764,16,,,
dl_764,11,East_exit,11,8
dl_764,18,West_exit,18,12
dl_764,19,East_exit,19,13
dl_764,23,East_exit,23,16
dl_764,25,West_exit,25,16
dl_764,21,East_exit,21,15
dl_764,22,West_exit,22,14
dl_764,26,West_exit,26,17
dl_764,15,West_exit,15,10
dl_764,16,East_exit,16,11
dl_764,12,West_exit,12,8
dl_764,13,East_exit,13,9
dl_764,9,West_exit,9,6
dl_764,10,East_exit,10,7
dl_764,6,West_exit,6,4
dl_764,7,East_exit,7,5
dl_764,5,East_exit,5,4
dl_765,19,,,
dl_765,26,West_exit,26,17
dl_765,11,East_exit,11,8
dl_765,18,West_exit,18,12
dl_765,19,East_exit,19,13
dl_765,23,East_exit,23,16
dl_765,25,West_exit,25,16
dl_765,21,East_exit,21,15
dl_765,22,West_exit,22,14
dl_765,15,West_exit,15,10
dl_765,16,East_exit,16,11
dl_765,12,West_exit,12,8
dl_765,13,East_exit,13,9
dl_765,9,West_exit,9,6
dl_765,10,East_exit,10,7
dl_765,6,West_exit,6,4
dl_765,7,East_exit,7,5
dl_765,27,West_exit,27,18
dl_765,28,West_exit,28,18
dl_765,3,East_exit,3,3
dl_765,4,East_exit,4,3
dl_766,17,,,
dl_766,11,East_exit,11,8
dl_766,18,West_exit,18,12
dl_766,19,East_exit,19,13
dl_766,23,East_exit,23,16
dl_766,25,West_exit,25,16
dl_766,21,East_exit,21,15
dl_766,22,West_exit,22,14
dl_766,26,West_exit,26,17
dl_766,15,West_exit,15,10
dl_766,16,East_exit,16,11
dl_766,12,West_exit,12,8
dl_766,13,East_exit,13,9
dl_766,9,West_exit,9,6
dl_766,10,East_exit,10,7
dl_766,6,West_exit,6,4
dl_766,7,East_exit,7,5
dl_766,3,East_exit,3,3
dl_766,4,East_exit,4,3
dl_767,11,,,
dl_767,18,West_exit,18,12
dl_767,19,East_exit,19,13
dl_767,23,East_exit,23,16
dl_767,25,West_exit,25,16
dl_767,21,East_exit,21,15
dl_767,22,West_exit,22,14
dl_767,26,West_exit,26,17
dl_767,15,West_exit,15,10
dl_767,16,East_exit,16,11
dl_767,12,West_exit,12,8
dl_767,13,East_exit,13,9
dl_767,11,East_exit,11,8
dl_768,17,,,
dl_768,26,West_exit,26,17
dl_768,18,West_exit,18,12
dl_768,19,East_exit,19,13
dl_768,21,East_exit,21,15
dl_768,22,West_exit,22,14
dl_768,24,East_exit,24,17
dl_768,25,West_exit,25,16
dl_768,27,West_exit,27,18
dl_768,28,West_exit,28,18
dl_768,15,West_exit,15,10
dl_768,16,East_exit,16,11
dl_768,12,West_exit,12,8
dl_768,13,East_exit,13,9
dl_768,9,West_exit,9,6
dl_768,10,East_exit,10,7
dl_768,8,East_exit,8,6
dl_768,6,East_exit,6,5
dl_768,7,East_exit,7,5
dl_769,15,,,
dl_769,18,West_exit,18,12
dl_769,19,East_exit,19,13
dl_769,21,East_exit,21,15
dl_769,22,West_exit,22,14
dl_769,24,East_exit,24,17
dl_769,25,West_exit,25,16
dl_769,26,West_exit,26,17
dl_769,15,West_exit,15,10
dl_769,16,East_exit,16,11
dl_769,12,West_exit,12,8
dl_769,13,East_exit,13,9
dl_769,9,West_exit,9,6
dl_769,10,East_exit,10,7
dl_769,8,East_exit,8,6
dl_769,6,East_exit,6,5
dl_769,7,East_exit,7,5
dl_770,15,,,
dl_770,26,West_exit,26,17
dl_770,18,West_exit,18,12
dl_770,19,East_exit,19,13
dl_770,21,East_exit,21,15
dl_770,22,West_exit,22,14
dl_770,24,East_exit,24,17
dl_770,25,West_exit,25,16
dl_770,27,West_exit,27,18
dl_770,28,West_exit,28,18
dl_770,15,West_exit,15,10
dl_770,16,East_exit,16,11
dl_770,12,West_exit,12,8
dl_770,13,East_exit,13,9
dl_770,9,West_exit,9,6
dl_770,10,East_exit,10,7
dl_770,8,East_exit,8,6
dl_771,13,,,
dl_771,18,West_exit,18,12
dl_771,19,East_exit,19,13
dl_771,21,East_exit,21,15
dl_771,22,West_exit,22,14
dl_771,24,East_exit,24,17
dl_771,25,West_exit,25,16
dl_771,26,West_exit,26,17
dl_771,15,West_exit,15,10
dl_771,16,East_exit,16,11
dl_771,12,West_exit,12,8
dl_771,13,East_exit,13,9
dl_771,9,West_exit,9,6
dl_771,10,East_exit,10,7
dl_771,8,East_exit,8,6
dl_772,17,,,
dl_772,26,West_exit,26,17
dl_772,18,West_exit,18,12
dl_772,19,East_exit,19,13
dl_772,23,East_exit,23,16
dl_772,25,West_exit,25,16
dl_772,21,East_exit,21,15
dl_772,22,West_exit,22,14
dl_772,15,West_exit,15,10
dl_772,16,East_exit,16,11
dl_772,12,West_exit,12,8
dl_772,13,East_exit,13,9
dl_772,9,West_exit,9,6
dl_772,10,East_exit,10,7
dl_772,8,East_exit,8,6
dl_772,6,East_exit,6,5
dl_772,7,East_exit,7,5
dl_772,27,West_exit,27,18
dl_772,28,West_exit,28,18
dl_773,15,,,
dl_773,18,West_exit,18,12
dl_773,19,East_exit,19,13
dl_773,23,East_exit,23,16
dl_773,25,West_exit,25,16
dl_773,21,East_exit,21,15
dl_773,22,West_exit,22,14
dl_773,26,West_exit,26,17
dl_773,15,West_exit,15,10
dl_773,16,East_exit,16,11
dl_773,12,West_exit,12,8
dl_773,13,East_exit,13,9
dl_773,9,West_exit,9,6
dl_773,10,East_exit,10,7
dl_773,8,East_exit,8,6
dl_773,6,East_exit,6,5
dl_773,7,East_exit,7,5
dl_774,13,,,
dl_774,23,East_exit,23,16
dl_774,25,West_exit,25,16
dl_774,21,East_exit,21,15
dl_774,22,West_exit,22,14
dl_774,26,West_exit,26,17
dl_774,18,West_exit,18,12
dl_774,19,East_exit,19,13
dl_774,15,West_exit,15,10
dl_774,16,East_exit,16,11
dl_774,12,West_exit,12,8
dl_774,13,East_exit,13,9
dl_774,9,West_exit,9,6
dl_774,10,East_exit,10,7
dl_774,8,East_exit,8,6
dl_775,19,,,
dl_775,5,East_exit,5,4
dl_775,26,West_exit,26,17
dl_775,18,West_exit,18,12
dl_775,19,East_exit,19,13
dl_775,21,East_exit,21,15
dl_775,22,West_exit,22,14
dl_775,24,East_exit,24,17
dl_775,25,West_exit,25,16
dl_775,27,West_exit,27,18
dl_775,28,West_exit,28,18
dl_775,15,West_exit,15,10
dl_775,16,East_exit,16,11
dl_775,12,West_exit,12,8
dl_775,13,East_exit,13,9
dl_775,9,West_exit,9,6
dl_775,10,East_exit,10,7
dl_775,6,West_exit,6,4
dl_775,7,East_exit,7,5
dl_775,3,East_exit,3,3
dl_775,4,East_exit,4,3
dl_776,17,,,
dl_776,5,East_exit,5,4
dl_776,18,West_exit,18,12
dl_776,19,East_exit,19,13
dl_776,15,West_exit,15,10
dl_776,16,East_exit,16,11
dl_776,21,East_exit,21,15
dl_776,22,West_exit,22,14
dl_776,24,East_exit,24,17
dl_776,25,West_exit,25,16
dl_776,26,West_exit,26,17
dl_776,12,West_exit,12,8
dl_776,13,East_exit,13,9
dl_776,9,West_exit,9,6
dl_776,10,East_exit,10,7
dl_776,6,West_exit,6,4
dl_776,7,East_exit,7,5
dl_776,3,East_exit,3,3
dl_776,4,East_exit,4,3
dl_777,17,,,
dl_777,26,West_exit,26,17
dl_777,18,West_exit,18,12
dl_777,19,East_exit,19,13
dl_777,21,East_exit,21,15
dl_777,22,West_exit,22,14
dl_777,24,East_exit,24,17
dl_777,25,West_exit,25,16
dl_777,27,West_exit,27,18
dl_777,28,West_exit,28,18
dl_777,15,West_exit,15,10
dl_777,16,East_exit,16,11
dl_777,12,West_exit,12,8
dl_777,13,East_exit,13,9
dl_777,9,West_exit,9,6
dl_777,10,East_exit,10,7
dl_777,6,West_exit,6,4
dl_777,7,East_exit,7,5
dl_777,5,East_exit,5,4
dl_778,15,,,
dl_778,18,West_exit,18,12
dl_778,19,East_exit,19,13
dl_778,15,West_exit,15,10
dl_778,16,East_exit,16,11
dl_778,21,East_exit,21,15
dl_778,22,West_exit,22,14
dl_778,24,East_exit,24,17
dl_778,25,West_exit,25,16
dl_778,26,West_exit,26,17
dl_778,12,West_exit,12,8
dl_778,13,East_exit,13,9
dl_778,9,West_exit,9,6
dl_778,10,East_exit,10,7
dl_778,6,West_exit,6,4
dl_778,7,East_exit,7,5
dl_778,5,East_exit,5,4
dl_779,19,,,
dl_779,26,West_exit,26,17
dl_779,5,East_exit,5,4
dl_779,23,East_exit,23,16
dl_779,25,West_exit,25,16
dl_779,21,East_exit,21,15
dl_779,22,West_exit,22,14
dl_779,18,West_exit,18,12
dl_779,19,East_exit,19,13
dl_779,15,West_exit,15,10
dl_779,16,East_exit,16,11
dl_779,12,West_exit,12,8
dl_779,13,East_exit,13,9
dl_779,9,West_exit,9,6
dl_779,10,East_exit,10,7
dl_779,6,West_exit,6,4
dl_779,7,East_exit,7,5
dl_779,3,East_exit,3,3
dl_779,4,East_exit,4,3
dl_779,27,West_exit,27,18
dl_779,28,West_exit,28,18
dl_780,17,,,
dl_780,5,East_exit,5,4
dl_780,23,East_exit,23,16
dl_780,25,West_exit,25,16
dl_780,21,East_exit,21,15
dl_780,22,West_exit,22,14
dl_780,26,West_exit,26,17
dl_780,18,West_exit,18,12
dl_780,19,East_exit,19,13
dl_780,15,West_exit,15,10
dl_780,16,East_exit,16,11
dl_780,12,West_exit,12,8
dl_780,13,East_exit,13,9
dl_780,9,West_exit,9,6
dl_780,10,East_exit,10,7
dl_780,6,West_exit,6,4
dl_780,7,East_exit,7,5
dl_780,3,East_exit,3,3
dl_780,4,East_exit,4,3
dl_781,15,,,
dl_781,18,West_exit,18,12
dl_781,19,East_exit,19,13
dl_781,23,East_exit,23,16
dl_781,25,West_exit,25,16
dl_781,21,East_exit,21,15
dl_781,22,West_exit,22,14
dl_781,26,West_exit,26,17
dl_781,15,West_exit,15,10
dl_781,16,East_exit,16,11
dl_781,12,West_exit,12,8
dl_781,13,East_exit,13,9
dl_781,9,West_exit,9,6
dl_781,10,East_exit,10,7
dl_781,6,West_exit,6,4
dl_781,7,East_exit,7,5
dl_781,5,East_exit,5,4
dl_782,18,,,
dl_782,26,West_exit,26,17
dl_782,18,West_exit,18,12
dl_782,19,East_exit,19,13
dl_782,21,East_exit,21,15
dl_782,22,West_exit,22,14
dl_782,24,East_exit,24,17
dl_782,25,West_exit,25,16
dl_782,27,West_exit,27,18
dl_782,28,West_exit,28,18
dl_782,15,West_exit,15,10
dl_782,16,East_exit,16,11
dl_782,12,West_exit,12,8
dl_782,13,East_exit,13,9
dl_782,9,West_exit,9,6
dl_782,10,East_exit,10,7
dl_782,6,West_exit,6,4
dl_782,7,East_exit,7,5
dl_782,3,East_exit,3,3
dl_782,4,East_exit,4,3
dl_783,16,,,
dl_783,18,West_exit,18,12
dl_783,19,East_exit,19,13
dl_783,15,West_exit,15,10
dl_783,16,East_exit,16,11
dl_783,21,East_exit,21,15
dl_783,22,West_exit,22,14
dl_783,24,East_exit,24,17
dl_783,25,West_exit,25,16
dl_783,26,West_exit,26,17
dl_783,12,West_exit,12,8
dl_783,13,East_exit,13,9
dl_783,9,West_exit,9,6
dl_783,10,East_exit,10,7
dl_783,6,West_exit,6,4
dl_783,7,East_exit,7,5
dl_783,3,East_exit,3,3
dl_783,4,East_exit,4,3
dl_784,16,,,
dl_784,18,West_exit,18,12
dl_784,19,East_exit,19,13
dl_784,23,East_exit,23,16
dl_784,25,West_exit,25,16
dl_784,21,East_exit,21,15
dl_784,22,West_exit,22,14
dl_784,26,West_exit,26,17
dl_784,15,West_exit,15,10
dl_784,16,East_exit,16,11
dl_784,12,West_exit,12,8
dl_784,13,East_exit,13,9
dl_784,9,West_exit,9,6
dl_784,10,East_exit,10,7
dl_784,6,West_exit,6,4
dl_784,7,East_exit,7,5
dl_784,3,East_exit,3,3
dl_784,4,East_exit,4,3
dl_785,9,,,
dl_785,18,East_exit,18,13
dl_785,19,West_exit,19,12
dl_785,17,East_exit,17,12
dl_785,21,East_exit,21,15
dl_785,22,West_exit,22,14
dl_785,27,East_exit,27,19
dl_785,28,West_exit,28,18
dl_785,29,West_exit,29,19
dl_785,24,East_exit,24,17
dl_785,25,West_exit,25,16
dl_786,5,,,
dl_786,24,East_exit,24,17
dl_786,25,West_exit,25,16
dl_786,23,East_exit,23,16
dl_786,27,West_exit,27,18
dl_786,28,East_exit,28,19
dl_786,29,West_exit,29,19
dl_787,7,,,
dl_787,21,East_exit,21,15
dl_787,22,West_exit,22,14
dl_787,20,East_exit,20,14
dl_787,27,West_exit,27,18
dl_787,28,East_exit,28,19
dl_787,29,West_exit,29,19
dl_787,24,East_exit,24,17
dl_787,25,West_exit,25,16
dl_788,9,,,
dl_788,18,East_exit,18,13
dl_788,19,West_exit,19,12
dl_788,17,East_exit,17,12
dl_788,21,East_exit,21,15
dl_788,22,West_exit,22,14
dl_788,27,West_exit,27,18
dl_788,28,East_exit,28,19
dl_788,29,West_exit,29,19
dl_788,24,East_exit,24,17
dl_788,25,West_exit,25,16
dl_789,10,,,
dl_789,15,East_exit,15,11
dl_789,16,West_exit,16,10
dl_789,14,East_exit,14,10
dl_789,18,East_exit,18,13
dl_789,19,West_exit,19,12
dl_789,24,East_exit,24,17
dl_789,25,West_exit,25,16
dl_789,21,East_exit,21,15
dl_789,22,West_exit,22,14
dl_789,27,West_exit,27,18
dl_789,28,West_exit,28,18
dl_790,12,,,
dl_790,12,East_exit,12,9
dl_790,13,West_exit,13,8
dl_790,11,East_exit,11,8
dl_790,15,East_exit,15,11
dl_790,16,West_exit,16,10
dl_790,18,East_exit,18,13
dl_790,19,West_exit,19,12
dl_790,24,East_exit,24,17
dl_790,25,West_exit,25,16
dl_790,21,East_exit,21,15
dl_790,22,West_exit,22,14
dl_790,27,West_exit,27,18
dl_790,28,West_exit,28,18
dl_791,5,,,
dl_791,26,East_exit,26,18
dl_791,30,East_exit,30,21
dl_791,31,West_exit,31,20
dl_791,32,West_exit,32,21
dl_791,27,East_exit,27,19
dl_791,28,West_exit,28,18
dl_792,7,,,
dl_792,24,East_exit,24,17
dl_792,25,West_exit,25,16
dl_792,23,East_exit,23,16
dl_792,30,East_exit,30,21
dl_792,31,West_exit,31,20
dl_792,32,West_exit,32,21
dl_792,27,East_exit,27,19
dl_792,28,West_exit,28,18
dl_793,9,,,
dl_793,21,East_exit,21,15
dl_793,22,West_exit,22,14
dl_793,20,East_exit,20,14
dl_793,24,East_exit,24,17
dl_793,25,West_exit,25,16
dl_793,30,East_exit,30,21
dl_793,31,West_exit,31,20
dl_793,32,West_exit,32,21
dl_793,27,East_exit,27,19
dl_793,28,West_exit,28,18
dl_794,11,,,
dl_794,18,East_exit,18,13
dl_794,19,West_exit,19,12
dl_794,17,East_exit,17,12
dl_794,21,East_exit,21,15
dl_794,22,West_exit,22,14
dl_794,24,East_exit,24,17
dl_794,25,West_exit,25,16
dl_794,30,East_exit,30,21
dl_794,31,West_exit,31,20
dl_794,32,West_exit,32,21
dl_794,27,East_exit,27,19
dl_794,28,West_exit,28,18
dl_795,5,,,
dl_795,21,East_exit,21,15
dl_795,23,West_exit,23,15
dl_795,20,East_exit,20,14
dl_795,24,East_exit,24,17
dl_795,25,West_exit,25,16
dl_795,26,West_exit,26,17
dl_796,7,,,
dl_796,23,West_exit,23,15
dl_796,27,East_exit,27,19
dl_796,28,West_exit,28,18
dl_796,29,West_exit,29,19
dl_796,21,East_exit,21,15
dl_796,20,East_exit,20,14
dl_796,24,East_exit,24,17
dl_796,25,West_exit,25,16
dl_797,7,,,
dl_797,18,East_exit,18,13
dl_797,19,West_exit,19,12
dl_797,17,East_exit,17,12
dl_797,21,East_exit,21,15
dl_797,23,West_exit,23,15
dl_797,24,East_exit,24,17
dl_797,25,West_exit,25,16
dl_797,26,West_exit,26,17
dl_798,9,,,
dl_798,23,West_exit,23,15
dl_798,27,East_exit,27,19
dl_798,28,West_exit,28,18
dl_798,29,West_exit,29,19
dl_798,18,East_exit,18,13
dl_798,19,West_exit,19,12
dl_798,17,East_exit,17,12
dl_798,21,East_exit,21,15
dl_798,24,East_exit,24,17
dl_798,25,West_exit,25,16
dl_799,9,,,
dl_799,23,West_exit,23,15
dl_799,21,East_exit,21,15
dl_799,20,East_exit,20,14
dl_799,24,East_exit,24,17
dl_799,25,West_exit,25,16
dl_799,30,East_exit,30,21
dl_799,31,West_exit,31,20
dl_799,32,West_exit,32,21
dl_799,27,East_exit,27,19
dl_799,28,West_exit,28,18
dl_800,11,,,
dl_800,23,West_exit,23,15
dl_800,18,East_exit,18,13
dl_800,19,West_exit,19,12
dl_800,17,East_exit,17,12
dl_800,21,East_exit,21,15
dl_800,24,East_exit,24,17
dl_800,25,West_exit,25,16
dl_800,30,East_exit,30,21
dl_800,31,West_exit,31,20
dl_800,32,West_exit,32,21
dl_800,27,East_exit,27,19
dl_800,28,West_exit,28,18
dl_801,7,,,
dl_801,18,West_exit,18,12
dl_801,19,East_exit,19,13
dl_801,17,East_exit,17,12
dl_801,24,West_exit,24,16
dl_801,25,East_exit,25,17
dl_801,26,West_exit,26,17
dl_801,21,East_exit,21,15
dl_801,22,West_exit,22,14
dl_802,5,,,
dl_802,15,West_exit,15,10
dl_802,16,East_exit,16,11
dl_802,14,East_exit,14,10
dl_802,18,East_exit,18,13
dl_802,19,West_exit,19,12
dl_802,20,West_exit,20,13
dl_803,9,,,
dl_803,23,West_exit,23,15
dl_803,15,West_exit,15,10
dl_803,16,East_exit,16,11
dl_803,14,East_exit,14,10
dl_803,18,East_exit,18,13
dl_803,19,West_exit,19,12
dl_803,21,East_exit,21,15
dl_803,22,West_exit,22,14
dl_803,24,West_exit,24,16
dl_803,25,West_exit,25,16
dl_804,7,,,
dl_804,15,West_exit,15,10
dl_804,16,East_exit,16,11
dl_804,14,East_exit,14,10
dl_804,18,East_exit,18,13
dl_804,19,West_exit,19,12
dl_804,21,East_exit,21,15
dl_804,22,West_exit,22,14
dl_804,23,West_exit,23,15
dl_805,11,,,
dl_805,15,West_exit,15,10
dl_805,16,East_exit,16,11
dl_805,14,East_exit,14,10
dl_805,18,East_exit,18,13
dl_805,19,West_exit,19,12
dl_805,26,West_exit,26,17
dl_805,24,East_exit,24,17
dl_805,25,West_exit,25,16
dl_805,27,West_exit,27,18
dl_805,28,West_exit,28,18
dl_805,21,East_exit,21,15
dl_805,22,West_exit,22,14
dl_806,9,,,
dl_806,15,West_exit,15,10
dl_806,16,East_exit,16,11
dl_806,14,East_exit,14,10
dl_806,18,East_exit,18,13
dl_806,19,West_exit,19,12
dl_806,21,East_exit,21,15
dl_806,22,West_exit,22,14
dl_806,24,East_exit,24,17
dl_806,25,West_exit,25,16
dl_806,26,West_exit,26,17
dl_807,11,,,
dl_807,15,West_exit,15,10
dl_807,16,East_exit,16,11
dl_807,14,East_exit,14,10
dl_807,18,East_exit,18,13
dl_807,19,West_exit,19,12
dl_807,21,East_exit,21,15
dl_807,22,West_exit,22,14
dl_807,24,East_exit,24,17
dl_807,25,West_exit,25,16
dl_807,27,East_exit,27,19
dl_807,28,West_exit,28,18
dl_807,29,West_exit,29,19
dl_808,9,,,
dl_808,15,West_exit,15,10
dl_808,16,East_exit,16,11
dl_808,14,East_exit,14,10
dl_808,21,East_exit,21,15
dl_808,23,West_exit,23,15
dl_808,24,East_exit,24,17
dl_808,25,West_exit,25,16
dl_808,26,West_exit,26,17
dl_808,18,East_exit,18,13
dl_808,19,West_exit,19,12
dl_809,11,,,
dl_809,15,West_exit,15,10
dl_809,16,East_exit,16,11
dl_809,14,East_exit,14,10
dl_809,23,West_exit,23,15
dl_809,27,East_exit,27,19
dl_809,28,West_exit,28,18
dl_809,29,West_exit,29,19
dl_809,21,East_exit,21,15
dl_809,24,East_exit,24,17
dl_809,25,West_exit,25,16
dl_809,18,East_exit,18,13
dl_809,19,West_exit,19,12
dl_810,5,,,
dl_810,18,East_exit,18,13
dl_810,20,West_exit,20,13
dl_810,17,East_exit,17,12
dl_810,21,East_exit,21,15
dl_810,22,West_exit,22,14
dl_810,23,West_exit,23,15
dl_811,9,,,
dl_811,26,West_exit,26,17
dl_811,20,West_exit,20,13
dl_811,18,East_exit,18,13
dl_811,17,East_exit,17,12
dl_811,24,East_exit,24,17
dl_811,25,West_exit,25,16
dl_811,21,East_exit,21,15
dl_811,22,West_exit,22,14
dl_811,27,West_exit,27,18
dl_811,28,West_exit,28,18
dl_812,7,,,
dl_812,20,West_exit,20,13
dl_812,18,East_exit,18,13
dl_812,17,East_exit,17,12
dl_812,24,East_exit,24,17
dl_812,25,West_exit,25,16
dl_812,26,West_exit,26,17
dl_812,21,East_exit,21,15
dl_812,22,West_exit,22,14
dl_813,9,,,
dl_813,20,West_exit,20,13
dl_813,18,East_exit,18,13
dl_813,17,East_exit,17,12
dl_813,21,East_exit,21,15
dl_813,22,West_exit,22,14
dl_813,27,East_exit,27,19
dl_813,28,West_exit,28,18
dl_813,29,West_exit,29,19
dl_813,24,East_exit,24,17
dl_813,25,West_exit,25,16
dl_814,7,,,
dl_814,18,East_exit,18,13
dl_814,20,West_exit,20,13
dl_814,21,East_exit,21,15
dl_814,22,West_exit,22,14
dl_814,23,West_exit,23,15
dl_814,15,West_exit,15,10
dl_814,16,East_exit,16,11
dl_814,14,East_exit,14,10
dl_815,11,,,
dl_815,26,West_exit,26,17
dl_815,20,West_exit,20,13
dl_815,18,East_exit,18,13
dl_815,24,East_exit,24,17
dl_815,25,West_exit,25,16
dl_815,21,East_exit,21,15
dl_815,22,West_exit,22,14
dl_815,27,West_exit,27,18
dl_815,28,West_exit,28,18
dl_815,15,West_exit,15,10
dl_815,16,East_exit,16,11
dl_815,14,East_exit,14,10
dl_816,9,,,
dl_816,20,West_exit,20,13
dl_816,18,East_exit,18,13
dl_816,24,East_exit,24,17
dl_816,25,West_exit,25,16
dl_816,26,West_exit,26,17
dl_816,21,East_exit,21,15
dl_816,22,West_exit,22,14
dl_816,15,West_exit,15,10
dl_816,16,East_exit,16,11
dl_816,14,East_exit,14,10
dl_817,11,,,
dl_817,20,West_exit,20,13
dl_817,18,East_exit,18,13
dl_817,21,East_exit,21,15
dl_817,22,West_exit,22,14
dl_817,15,West_exit,15,10
dl_817,16,East_exit,16,11
dl_817,14,East_exit,14,10
dl_817,27,East_exit,27,19
dl_817,28,West_exit,28,18
dl_817,29,West_exit,29,19
dl_817,24,East_exit,24,17
dl_817,25,West_exit,25,16
dl_818,7,,,
dl_818,18,East_exit,18,13
dl_818,20,West_exit,20,13
dl_818,17,East_exit,17,12
dl_818,21,East_exit,21,15
dl_818,23,West_exit,23,15
dl_818,24,East_exit,24,17
dl_818,25,West_exit,25,16
dl_818,26,West_exit,26,17
dl_819,9,,,
dl_819,23,West_exit,23,15
dl_819,27,East_exit,27,19
dl_819,28,West_exit,28,18
dl_819,29,West_exit,29,19
dl_819,18,East_exit,18,13
dl_819,20,West_exit,20,13
dl_819,21,East_exit,21,15
dl_819,17,East_exit,17,12
dl_819,24,East_exit,24,17
dl_819,25,West_exit,25,16
dl_820,9,,,
dl_820,18,East_exit,18,13
dl_820,20,West_exit,20,13
dl_820,21,East_exit,21,15
dl_820,23,West_exit,23,15
dl_820,24,East_exit,24,17
dl_820,25,West_exit,25,16
dl_820,26,West_exit,26,17
dl_820,15,West_exit,15,10
dl_820,16,East_exit,16,11
dl_820,14,East_exit,14,10
dl_821,11,,,
dl_821,23,West_exit,23,15
dl_821,27,East_exit,27,19
dl_821,28,West_exit,28,18
dl_821,29,West_exit,29,19
dl_821,21,East_exit,21,15
dl_821,20,West_exit,20,13
dl_821,18,East_exit,18,13
dl_821,15,West_exit,15,10
dl_821,16,East_exit,16,11
dl_821,14,East_exit,14,10
dl_821,24,East_exit,24,17
dl_821,25,West_exit,25,16
dl_822,13,,,
dl_822,15,West_exit,15,10
dl_822,16,East_exit,16,11
dl_822,14,East_exit,14,10
dl_822,18,East_exit,18,13
dl_822,19,West_exit,19,12
dl_822,21,East_exit,21,15
dl_822,22,West_exit,22,14
dl_822,24,East_exit,24,17
dl_822,25,West_exit,25,16
dl_822,30,East_exit,30,21
dl_822,31,West_exit,31,20
dl_822,32,West_exit,32,21
dl_822,27,East_exit,27,19
dl_822,28,West_exit,28,18
dl_823,13,,,
dl_823,15,West_exit,15,10
dl_823,16,East_exit,16,11
dl_823,14,East_exit,14,10
dl_823,23,West_exit,23,15
dl_823,21,East_exit,21,15
dl_823,24,East_exit,24,17
dl_823,25,West_exit,25,16
dl_823,18,East_exit,18,13
dl_823,19,West_exit,19,12
dl_823,30,East_exit,30,21
dl_823,31,West_exit,31,20
dl_823,32,West_exit,32,21
dl_823,27,East_exit,27,19
dl_823,28,West_exit,28,18
dl_824,11,,,
dl_824,20,West_exit,20,13
dl_824,18,East_exit,18,13
dl_824,17,East_exit,17,12
dl_824,21,East_exit,21,15
dl_824,22,West_exit,22,14
dl_824,24,East_exit,24,17
dl_824,25,West_exit,25,16
dl_824,30,East_exit,30,21
dl_824,31,West_exit,31,20
dl_824,32,West_exit,32,21
dl_824,27,East_exit,27,19
dl_824,28,West_exit,28,18
dl_825,13,,,
dl_825,20,West_exit,20,13
dl_825,18,East_exit,18,13
dl_825,21,East_exit,21,15
dl_825,22,West_exit,22,14
dl_825,15,West_exit,15,10
dl_825,16,East_exit,16,11
dl_825,14,East_exit,14,10
dl_825,24,East_exit,24,17
dl_825,25,West_exit,25,16
dl_825,30,East_exit,30,21
dl_825,31,West_exit,31,20
dl_825,32,West_exit,32,21
dl_825,27,East_exit,27,19
dl_825,28,West_exit,28,18
dl_826,11,,,
dl_826,23,West_exit,23,15
dl_826,18,East_exit,18,13
dl_826,20,West_exit,20,13
dl_826,17,East_exit,17,12
dl_826,21,East_exit,21,15
dl_826,24,East_exit,24,17
dl_826,25,West_exit,25,16
dl_826,30,East_exit,30,21
dl_826,31,West_exit,31,20
dl_826,32,West_exit,32,21
dl_826,27,East_exit,27,19
dl_826,28,West_exit,28,18
dl_827,13,,,
dl_827,23,West_exit,23,15
dl_827,18,East_exit,18,13
dl_827,20,West_exit,20,13
dl_827,21,East_exit,21,15
dl_827,24,East_exit,24,17
dl_827,25,West_exit,25,16
dl_827,15,West_exit,15,10
dl_827,16,East_exit,16,11
dl_827,14,East_exit,14,10
dl_827,30,East_exit,30,21
dl_827,31,West_exit,31,20
dl_827,32,West_exit,32,21
dl_827,27,East_exit,27,19
dl_827,28,West_exit,28,18
dl_828,5,,,
dl_828,24,East_exit,24,17
dl_828,26,West_exit,26,17
dl_828,23,East_exit,23,16
dl_828,27,East_exit,27,19
dl_828,28,West_exit,28,18
dl_828,29,West_exit,29,19
dl_829,7,,,
dl_829,21,East_exit,21,15
dl_829,22,West_exit,22,14
dl_829,20,East_exit,20,14
dl_829,24,East_exit,24,17
dl_829,26,West_exit,26,17
dl_829,27,East_exit,27,19
dl_829,28,West_exit,28,18
dl_829,29,West_exit,29,19
dl_830,9,,,
dl_830,18,East_exit,18,13
dl_830,19,West_exit,19,12
dl_830,17,East_exit,17,12
dl_830,24,East_exit,24,17
dl_830,26,West_exit,26,17
dl_830,27,East_exit,27,19
dl_830,28,West_exit,28,18
dl_830,29,West_exit,29,19
dl_830,21,East_exit,21,15
dl_830,22,West_exit,22,14
dl_831,11,,,
dl_831,26,West_exit,26,17
dl_831,27,East_exit,27,19
dl_831,28,West_exit,28,18
dl_831,29,West_exit,29,19
dl_831,15,West_exit,15,10
dl_831,16,East_exit,16,11
dl_831,14,East_exit,14,10
dl_831,18,East_exit,18,13
dl_831,19,West_exit,19,12
dl_831,24,East_exit,24,17
dl_831,21,East_exit,21,15
dl_831,22,West_exit,22,14
dl_832,7,,,
dl_832,21,East_exit,21,15
dl_832,23,West_exit,23,15
dl_832,20,East_exit,20,14
dl_832,24,East_exit,24,17
dl_832,26,West_exit,26,17
dl_832,27,East_exit,27,19
dl_832,28,West_exit,28,18
dl_832,29,West_exit,29,19
dl_833,9,,,
dl_833,18,East_exit,18,13
dl_833,19,West_exit,19,12
dl_833,17,East_exit,17,12
dl_833,21,East_exit,21,15
dl_833,23,West_exit,23,15
dl_833,24,East_exit,24,17
dl_833,26,West_exit,26,17
dl_833,27,East_exit,27,19
dl_833,28,West_exit,28,18
dl_833,29,West_exit,29,19
dl_834,11,,,
dl_834,15,West_exit,15,10
dl_834,16,East_exit,16,11
dl_834,14,East_exit,14,10
dl_834,26,West_exit,26,17
dl_834,27,East_exit,27,19
dl_834,28,West_exit,28,18
dl_834,29,West_exit,29,19
dl_834,24,East_exit,24,17
dl_834,23,West_exit,23,15
dl_834,21,East_exit,21,15
dl_834,18,East_exit,18,13
dl_834,19,West_exit,19,12
dl_835,9,,,
dl_835,20,West_exit,20,13
dl_835,24,East_exit,24,17
dl_835,26,West_exit,26,17
dl_835,27,East_exit,27,19
dl_835,28,West_exit,28,18
dl_835,29,West_exit,29,19
dl_835,18,East_exit,18,13
dl_835,17,East_exit,17,12
dl_835,21,East_exit,21,15
dl_835,22,West_exit,22,14
dl_836,11,,,
dl_836,20,West_exit,20,13
dl_836,24,East_exit,24,17
dl_836,26,West_exit,26,17
dl_836,27,East_exit,27,19
dl_836,28,West_exit,28,18
dl_836,29,West_exit,29,19
dl_836,18,East_exit,18,13
dl_836,21,East_exit,21,15
dl_836,22,West_exit,22,14
dl_836,15,West_exit,15,10
dl_836,16,East_exit,16,11
dl_836,14,East_exit,14,10
dl_837,9,,,
dl_837,18,East_exit,18,13
dl_837,20,West_exit,20,13
dl_837,17,East_exit,17,12
dl_837,21,East_exit,21,15
dl_837,23,West_exit,23,15
dl_837,24,East_exit,24,17
dl_837,26,West_exit,26,17
dl_837,27,East_exit,27,19
dl_837,28,West_exit,28,18
dl_837,29,West_exit,29,19
dl_838,11,,,
dl_838,18,East_exit,18,13
dl_838,20,West_exit,20,13
dl_838,21,East_exit,21,15
dl_838,23,West_exit,23,15
dl_838,24,East_exit,24,17
dl_838,26,West_exit,26,17
dl_838,27,East_exit,27,19
dl_838,28,West_exit,28,18
dl_838,29,West_exit,29,19
dl_838,15,West_exit,15,10
dl_838,16,East_exit,16,11
dl_838,14,East_exit,14,10
dl_839,7,,,
dl_839,26,West_exit,26,17
dl_839,30,East_exit,30,21
dl_839,31,West_exit,31,20
dl_839,32,West_exit,32,21
dl_839,24,East_exit,24,17
dl_839,23,East_exit,23,16
dl_839,27,East_exit,27,19
dl_839,28,West_exit,28,18
dl_840,9,,,
dl_840,26,West_exit,26,17
dl_840,30,East_exit,30,21
dl_840,31,West_exit,31,20
dl_840,32,West_exit,32,21
dl_840,21,East_exit,21,15
dl_840,22,West_exit,22,14
dl_840,20,East_exit,20,14
dl_840,24,East_exit,24,17
dl_840,27,East_exit,27,19
dl_840,28,West_exit,28,18
dl_841,11,,,
dl_841,18,East_exit,18,13
dl_841,19,West_exit,19,12
dl_841,17,East_exit,17,12
dl_841,26,West_exit,26,17
dl_841,30,East_exit,30,21
dl_841,31,West_exit,31,20
dl_841,32,West_exit,32,21
dl_841,24,East_exit,24,17
dl_841,27,East_exit,27,19
dl_841,28,West_exit,28,18
dl_841,21,East_exit,21,15
dl_841,22,West_exit,22,14
dl_842,13,,,
dl_842,15,West_exit,15,10
dl_842,16,East_exit,16,11
dl_842,14,East_exit,14,10
dl_842,18,East_exit,18,13
dl_842,19,West_exit,19,12
dl_842,26,West_exit,26,17
dl_842,30,East_exit,30,21
dl_842,31,West_exit,31,20
dl_842,32,West_exit,32,21
dl_842,27,East_exit,27,19
dl_842,28,West_exit,28,18
dl_842,24,East_exit,24,17
dl_842,21,East_exit,21,15
dl_842,22,West_exit,22,14
dl_843,9,,,
dl_843,26,West_exit,26,17
dl_843,30,East_exit,30,21
dl_843,31,West_exit,31,20
dl_843,32,West_exit,32,21
dl_843,21,East_exit,21,15
dl_843,23,West_exit,23,15
dl_843,24,East_exit,24,17
dl_843,20,East_exit,20,14
dl_843,27,East_exit,27,19
dl_843,28,West_exit,28,18
dl_844,11,,,
dl_844,26,West_exit,26,17
dl_844,30,East_exit,30,21
dl_844,31,West_exit,31,20
dl_844,32,West_exit,32,21
dl_844,18,East_exit,18,13
dl_844,19,West_exit,19,12
dl_844,17,East_exit,17,12
dl_844,23,West_exit,23,15
dl_844,21,East_exit,21,15
dl_844,24,East_exit,24,17
dl_844,27,East_exit,27,19
dl_844,28,West_exit,28,18
dl_845,13,,,
dl_845,15,West_exit,15,10
dl_845,16,East_exit,16,11
dl_845,14,East_exit,14,10
dl_845,26,West_exit,26,17
dl_845,30,East_exit,30,21
dl_845,31,West_exit,31,20
dl_845,32,West_exit,32,21
dl_845,27,East_exit,27,19
dl_845,28,West_exit,28,18
dl_845,24,East_exit,24,17
dl_845,23,West_exit,23,15
dl_845,21,East_exit,21,15
dl_845,18,East_exit,18,13
dl_845,19,West_exit,19,12
dl_846,11,,,
dl_846,20,West_exit,20,13
dl_846,26,West_exit,26,17
dl_846,30,East_exit,30,21
dl_846,31,West_exit,31,20
dl_846,32,West_exit,32,21
dl_846,24,East_exit,24,17
dl_846,27,East_exit,27,19
dl_846,28,West_exit,28,18
dl_846,18,East_exit,18,13
dl_846,17,East_exit,17,12
dl_846,21,East_exit,21,15
dl_846,22,West_exit,22,14
dl_847,13,,,
dl_847,20,West_exit,20,13
dl_847,26,West_exit,26,17
dl_847,30,East_exit,30,21
dl_847,31,West_exit,31,20
dl_847,32,West_exit,32,21
dl_847,24,East_exit,24,17
dl_847,27,East_exit,27,19
dl_847,28,West_exit,28,18
dl_847,18,East_exit,18,13
dl_847,21,East_exit,21,15
dl_847,22,West_exit,22,14
dl_847,15,West_exit,15,10
dl_847,16,East_exit,16,11
dl_847,14,East_exit,14,10
dl_848,11,,,
dl_848,18,East_exit,18,13
dl_848,20,West_exit,20,13
dl_848,26,West_exit,26,17
dl_848,30,East_exit,30,21
dl_848,31,West_exit,31,20
dl_848,32,West_exit,32,21
dl_848,23,West_exit,23,15
dl_848,21,East_exit,21,15
dl_848,24,East_exit,24,17
dl_848,27,East_exit,27,19
dl_848,28,West_exit,28,18
dl_848,17,East_exit,17,12
dl_849,13,,,
dl_849,26,West_exit,26,17
dl_849,30,East_exit,30,21
dl_849,31,West_exit,31,20
dl_849,32,West_exit,32,21
dl_849,23,West_exit,23,15
dl_849,21,East_exit,21,15
dl_849,20,West_exit,20,13
dl_849,24,East_exit,24,17
dl_849,27,East_exit,27,19
dl_849,28,West_exit,28,18
dl_849,18,East_exit,18,13
dl_849,15,West_exit,15,10
dl_849,16,East_exit,16,11
dl_849,14,East_exit,14,10
dl_850,5,,,
dl_850,17,West_exit,17,11
dl_850,16,East_exit,16,11
dl_850,14,East_exit,14,10
dl_850,18,East_exit,18,13
dl_850,19,West_exit,19,12
dl_850,20,West_exit,20,13
dl_851,9,,,
dl_851,17,West_exit,17,11
dl_851,23,West_exit,23,15
dl_851,21,East_exit,21,15
dl_851,22,West_exit,22,14
dl_851,24,West_exit,24,16
dl_851,25,West_exit,25,16
dl_851,16,East_exit,16,11
dl_851,14,East_exit,14,10
dl_851,18,East_exit,18,13
dl_851,19,West_exit,19,12
dl_852,7,,,
dl_852,17,West_exit,17,11
dl_852,21,East_exit,21,15
dl_852,22,West_exit,22,14
dl_852,23,West_exit,23,15
dl_852,16,East_exit,16,11
dl_852,14,East_exit,14,10
dl_852,18,East_exit,18,13
dl_852,19,West_exit,19,12
dl_853,11,,,
dl_853,26,West_exit,26,17
dl_853,17,West_exit,17,11
dl_853,16,East_exit,16,11
dl_853,14,East_exit,14,10
dl_853,18,East_exit,18,13
dl_853,19,West_exit,19,12
dl_853,21,East_exit,21,15
dl_853,22,West_exit,22,14
dl_853,24,East_exit,24,17
dl_853,25,West_exit,25,16
dl_853,27,West_exit,27,18
dl_853,28,West_exit,28,18
dl_854,9,,,
dl_854,17,West_exit,17,11
dl_854,16,East_exit,16,11
dl_854,14,East_exit,14,10
dl_854,18,East_exit,18,13
dl_854,19,West_exit,19,12
dl_854,21,East_exit,21,15
dl_854,22,West_exit,22,14
dl_854,24,East_exit,24,17
dl_854,25,West_exit,25,16
dl_854,26,West_exit,26,17
dl_855,11,,,
dl_855,17,West_exit,17,11
dl_855,16,East_exit,16,11
dl_855,14,East_exit,14,10
dl_855,18,East_exit,18,13
dl_855,19,West_exit,19,12
dl_855,21,East_exit,21,15
dl_855,22,West_exit,22,14
dl_855,27,East_exit,27,19
dl_855,28,West_exit,28,18
dl_855,29,West_exit,29,19
dl_855,24,East_exit,24,17
dl_855,25,West_exit,25,16
dl_856,9,,,
dl_856,17,West_exit,17,11
dl_856,21,East_exit,21,15
dl_856,23,West_exit,23,15
dl_856,24,East_exit,24,17
dl_856,25,West_exit,25,16
dl_856,26,West_exit,26,17
dl_856,16,East_exit,16,11
dl_856,14,East_exit,14,10
dl_856,18,East_exit,18,13
dl_856,19,West_exit,19,12
dl_857,11,,,
dl_857,17,West_exit,17,11
dl_857,23,West_exit,23,15
dl_857,27,East_exit,27,19
dl_857,28,West_exit,28,18
dl_857,29,West_exit,29,19
dl_857,21,East_exit,21,15
dl_857,24,East_exit,24,17
dl_857,25,West_exit,25,16
dl_857,16,East_exit,16,11
dl_857,14,East_exit,14,10
dl_857,18,East_exit,18,13
dl_857,19,West_exit,19,12
dl_858,7,,,
dl_858,17,West_exit,17,11
dl_858,16,East_exit,16,11
dl_858,14,East_exit,14,10
dl_858,18,East_exit,18,13
dl_858,20,West_exit,20,13
dl_858,21,East_exit,21,15
dl_858,22,West_exit,22,14
dl_858,23,West_exit,23,15
dl_859,11,,,
dl_859,26,West_exit,26,17
dl_859,20,West_exit,20,13
dl_859,18,East_exit,18,13
dl_859,17,West_exit,17,11
dl_859,16,East_exit,16,11
dl_859,14,East_exit,14,10
dl_859,21,East_exit,21,15
dl_859,22,West_exit,22,14
dl_859,24,East_exit,24,17
dl_859,25,West_exit,25,16
dl_859,27,West_exit,27,18
dl_859,28,West_exit,28,18
dl_860,9,,,
dl_860,20,West_exit,20,13
dl_860,18,East_exit,18,13
dl_860,17,West_exit,17,11
dl_860,16,East_exit,16,11
dl_860,14,East_exit,14,10
dl_860,21,East_exit,21,15
dl_860,22,West_exit,22,14
dl_860,24,East_exit,24,17
dl_860,25,West_exit,25,16
dl_860,26,West_exit,26,17
dl_861,11,,,
dl_861,20,West_exit,20,13
dl_861,17,West_exit,17,11
dl_861,16,East_exit,16,11
dl_861,14,East_exit,14,10
dl_861,18,East_exit,18,13
dl_861,21,East_exit,21,15
dl_861,22,West_exit,22,14
dl_861,27,East_exit,27,19
dl_861,28,West_exit,28,18
dl_861,29,West_exit,29,19
dl_861,24,East_exit,24,17
dl_861,25,West_exit,25,16
dl_862,9,,,
dl_862,17,West_exit,17,11
dl_862,16,East_exit,16,11
dl_862,14,East_exit,14,10
dl_862,18,East_exit,18,13
dl_862,20,West_exit,20,13
dl_862,21,East_exit,21,15
dl_862,23,West_exit,23,15
dl_862,24,East_exit,24,17
dl_862,25,West_exit,25,16
dl_862,26,West_exit,26,17
dl_863,11,,,
dl_863,23,West_exit,23,15
dl_863,27,East_exit,27,19
dl_863,28,West_exit,28,18
dl_863,29,West_exit,29,19
dl_863,20,West_exit,20,13
dl_863,18,East_exit,18,13
dl_863,17,West_exit,17,11
dl_863,21,East_exit,21,15
dl_863,24,East_exit,24,17
dl_863,25,West_exit,25,16
dl_863,16,East_exit,16,11
dl_863,14,East_exit,14,10
dl_864,13,,,
dl_864,17,West_exit,17,11
dl_864,21,East_exit,21,15
dl_864,22,West_exit,22,14
dl_864,16,East_exit,16,11
dl_864,14,East_exit,14,10
dl_864,18,East_exit,18,13
dl_864,19,West_exit,19,12
dl_864,24,East_exit,24,17
dl_864,25,West_exit,25,16
dl_864,30,East_exit,30,21
dl_864,31,West_exit,31,20
dl_864,32,West_exit,32,21
dl_864,27,East_exit,27,19
dl_864,28,West_exit,28,18
dl_865,13,,,
dl_865,17,West_exit,17,11
dl_865,23,West_exit,23,15
dl_865,21,East_exit,21,15
dl_865,24,East_exit,24,17
dl_865,25,West_exit,25,16
dl_865,16,East_exit,16,11
dl_865,14,East_exit,14,10
dl_865,18,East_exit,18,13
dl_865,19,West_exit,19,12
dl_865,30,East_exit,30,21
dl_865,31,West_exit,31,20
dl_865,32,West_exit,32,21
dl_865,27,East_exit,27,19
dl_865,28,West_exit,28,18
dl_866,13,,,
dl_866,17,West_exit,17,11
dl_866,16,East_exit,16,11
dl_866,14,East_exit,14,10
dl_866,18,East_exit,18,13
dl_866,20,West_exit,20,13
dl_866,21,East_exit,21,15
dl_866,22,West_exit,22,14
dl_866,24,East_exit,24,17
dl_866,25,West_exit,25,16
dl_866,30,East_exit,30,21
dl_866,31,West_exit,31,20
dl_866,32,West_exit,32,21
dl_866,27,East_exit,27,19
dl_866,28,West_exit,28,18
dl_867,13,,,
dl_867,23,West_exit,23,15
dl_867,17,West_exit,17,11
dl_867,16,East_exit,16,11
dl_867,14,East_exit,14,10
dl_867,18,East_exit,18,13
dl_867,20,West_exit,20,13
dl_867,21,East_exit,21,15
dl_867,24,East_exit,24,17
dl_867,25,West_exit,25,16
dl_867,30,East_exit,30,21
dl_867,31,West_exit,31,20
dl_867,32,West_exit,32,21
dl_867,27,East_exit,27,19
dl_867,28,West_exit,28,18
dl_868,11,,,
dl_868,17,West_exit,17,11
dl_868,16,East_exit,16,11
dl_868,14,East_exit,14,10
dl_868,18,East_exit,18,13
dl_868,19,West_exit,19,12
dl_868,24,East_exit,24,17
dl_868,26,West_exit,26,17
dl_868,27,East_exit,27,19
dl_868,28,West_exit,28,18
dl_868,29,West_exit,29,19
dl_868,21,East_exit,21,15
dl_868,22,West_exit,22,14
dl_869,11,,,
dl_869,17,West_exit,17,11
dl_869,21,East_exit,21,15
dl_869,23,West_exit,23,15
dl_869,24,East_exit,24,17
dl_869,26,West_exit,26,17
dl_869,27,East_exit,27,19
dl_869,28,West_exit,28,18
dl_869,29,West_exit,29,19
dl_869,16,East_exit,16,11
dl_869,14,East_exit,14,10
dl_869,18,East_exit,18,13
dl_869,19,West_exit,19,12
dl_870,11,,,
dl_870,20,West_exit,20,13
dl_870,24,East_exit,24,17
dl_870,26,West_exit,26,17
dl_870,27,East_exit,27,19
dl_870,28,West_exit,28,18
dl_870,29,West_exit,29,19
dl_870,17,West_exit,17,11
dl_870,16,East_exit,16,11
dl_870,14,East_exit,14,10
dl_870,18,East_exit,18,13
dl_870,21,East_exit,21,15
dl_870,22,West_exit,22,14
dl_871,11,,,
dl_871,17,West_exit,17,11
dl_871,16,East_exit,16,11
dl_871,14,East_exit,14,10
dl_871,18,East_exit,18,13
dl_871,20,West_exit,20,13
dl_871,21,East_exit,21,15
dl_871,23,West_exit,23,15
dl_871,24,East_exit,24,17
dl_871,26,West_exit,26,17
dl_871,27,East_exit,27,19
dl_871,28,West_exit,28,18
dl_871,29,West_exit,29,19
dl_872,13,,,
dl_872,17,West_exit,17,11
dl_872,16,East_exit,16,11
dl_872,14,East_exit,14,10
dl_872,18,East_exit,18,13
dl_872,19,West_exit,19,12
dl_872,26,West_exit,26,17
dl_872,30,East_exit,30,21
dl_872,31,West_exit,31,20
dl_872,32,West_exit,32,21
dl_872,24,East_exit,24,17
dl_872,27,East_exit,27,19
dl_872,28,West_exit,28,18
dl_872,21,East_exit,21,15
dl_872,22,West_exit,22,14
dl_873,13,,,
dl_873,17,West_exit,17,11
dl_873,26,West_exit,26,17
dl_873,30,East_exit,30,21
dl_873,31,West_exit,31,20
dl_873,32,West_exit,32,21
dl_873,21,East_exit,21,15
dl_873,23,West_exit,23,15
dl_873,24,East_exit,24,17
dl_873,27,East_exit,27,19
dl_873,28,West_exit,28,18
dl_873,16,East_exit,16,11
dl_873,14,East_exit,14,10
dl_873,18,East_exit,18,13
dl_873,19,West_exit,19,12
dl_874,13,,,
dl_874,20,West_exit,20,13
dl_874,26,West_exit,26,17
dl_874,30,East_exit,30,21
dl_874,31,West_exit,31,20
dl_874,32,West_exit,32,21
dl_874,24,East_exit,24,17
dl_874,27,East_exit,27,19
dl_874,28,West_exit,28,18
dl_874,17,West_exit,17,11
dl_874,16,East_exit,16,11
dl_874,14,East_exit,14,10
dl_874,18,East_exit,18,13
dl_874,21,East_exit,21,15
dl_874,22,West_exit,22,14
dl_875,13,,,
dl_875,26,West_exit,26,17
dl_875,30,East_exit,30,21
dl_875,31,West_exit,31,20
dl_875,32,West_exit,32,21
dl_875,20,West_exit,20,13
dl_875,18,East_exit,18,13
dl_875,17,West_exit,17,11
dl_875,21,East_exit,21,15
dl_875,23,West_exit,23,15
dl_875,24,East_exit,24,17
dl_875,27,East_exit,27,19
dl_875,28,West_exit,28,18
dl_875,16,East_exit,16,11
dl_875,14,East_exit,14,10
dl_876,8,,,
dl_876,15,East_exit,15,11
dl_876,16,West_exit,16,10
dl_876,14,East_exit,14,10
dl_876,18,East_exit,18,13
dl_876,19,West_exit,19,12
dl_876,21,East_exit,21,15
dl_876,22,West_exit,22,14
dl_876,24,West_exit,24,16
dl_876,25,West_exit,25,16
dl_877,9,,,
dl_877,18,West_exit,18,12
dl_877,19,East_exit,19,13
dl_877,17,East_exit,17,12
dl_877,21,East_exit,21,15
dl_877,22,West_exit,22,14
dl_877,27,East_exit,27,19
dl_877,28,West_exit,28,18
dl_877,29,West_exit,29,19
dl_877,24,East_exit,24,17
dl_877,25,West_exit,25,16
dl_878,11,,,
dl_878,27,West_exit,27,18
dl_878,28,East_exit,28,19
dl_878,29,West_exit,29,19
dl_878,15,East_exit,15,11
dl_878,16,West_exit,16,10
dl_878,14,East_exit,14,10
dl_878,18,East_exit,18,13
dl_878,19,West_exit,19,12
dl_878,21,East_exit,21,15
dl_878,22,West_exit,22,14
dl_878,24,East_exit,24,17
dl_878,25,West_exit,25,16
dl_879,7,,,
dl_879,23,West_exit,23,15
dl_879,27,West_exit,27,18
dl_879,28,East_exit,28,19
dl_879,29,West_exit,29,19
dl_879,21,East_exit,21,15
dl_879,20,East_exit,20,14
dl_879,24,East_exit,24,17
dl_879,25,West_exit,25,16
dl_880,9,,,
dl_880,23,West_exit,23,15
dl_880,27,West_exit,27,18
dl_880,28,East_exit,28,19
dl_880,29,West_exit,29,19
dl_880,18,East_exit,18,13
dl_880,19,West_exit,19,12
dl_880,17,East_exit,17,12
dl_880,21,East_exit,21,15
dl_880,24,East_exit,24,17
dl_880,25,West_exit,25,16
dl_881,9,,,
dl_881,15,East_exit,15,11
dl_881,16,West_exit,16,10
dl_881,14,East_exit,14,10
dl_881,21,East_exit,21,15
dl_881,23,West_exit,23,15
dl_881,24,East_exit,24,17
dl_881,25,West_exit,25,16
dl_881,26,West_exit,26,17
dl_881,18,East_exit,18,13
dl_881,19,West_exit,19,12
dl_882,11,,,
dl_882,15,East_exit,15,11
dl_882,16,West_exit,16,10
dl_882,14,East_exit,14,10
dl_882,23,West_exit,23,15
dl_882,27,West_exit,27,18
dl_882,28,East_exit,28,19
dl_882,29,West_exit,29,19
dl_882,21,East_exit,21,15
dl_882,24,East_exit,24,17
dl_882,25,West_exit,25,16
dl_882,18,East_exit,18,13
dl_882,19,West_exit,19,12
dl_883,9,,,
dl_883,20,West_exit,20,13
dl_883,18,East_exit,18,13
dl_883,17,East_exit,17,12
dl_883,21,East_exit,21,15
dl_883,22,West_exit,22,14
dl_883,27,West_exit,27,18
dl_883,28,East_exit,28,19
dl_883,29,West_exit,29,19
dl_883,24,East_exit,24,17
dl_883,25,West_exit,25,16
dl_884,7,,,
dl_884,15,East_exit,15,11
dl_884,16,West_exit,16,10
dl_884,14,East_exit,14,10
dl_884,18,East_exit,18,13
dl_884,20,West_exit,20,13
dl_884,21,East_exit,21,15
dl_884,22,West_exit,22,14
dl_884,23,West_exit,23,15
dl_885,11,,,
dl_885,20,West_exit,20,13
dl_885,26,West_exit,26,17
dl_885,24,East_exit,24,17
dl_885,25,West_exit,25,16
dl_885,27,West_exit,27,18
dl_885,28,West_exit,28,18
dl_885,18,East_exit,18,13
dl_885,15,East_exit,15,11
dl_885,16,West_exit,16,10
dl_885,14,East_exit,14,10
dl_885,21,East_exit,21,15
dl_885,22,West_exit,22,14
dl_886,9,,,
dl_886,20,West_exit,20,13
dl_886,24,East_exit,24,17
dl_886,25,West_exit,25,16
dl_886,26,West_exit,26,17
dl_886,15,East_exit,15,11
dl_886,16,West_exit,16,10
dl_886,14,East_exit,14,10
dl_886,18,East_exit,18,13
dl_886,21,East_exit,21,15
dl_886,22,West_exit,22,14
dl_887,11,,,
dl_887,20,West_exit,20,13
dl_887,24,East_exit,24,17
dl_887,25,West_exit,25,16
dl_887,27,West_exit,27,18
dl_887,28,East_exit,28,19
dl_887,29,West_exit,29,19
dl_887,15,East_exit,15,11
dl_887,16,West_exit,16,10
dl_887,14,East_exit,14,10
dl_887,18,East_exit,18,13
dl_887,21,East_exit,21,15
dl_887,22,West_exit,22,14
dl_888,9,,,
dl_888,23,West_exit,23,15
dl_888,27,West_exit,27,18
dl_888,28,East_exit,28,19
dl_888,29,West_exit,29,19
dl_888,18,East_exit,18,13
dl_888,20,West_exit,20,13
dl_888,21,East_exit,21,15
dl_888,17,East_exit,17,12
dl_888,24,East_exit,24,17
dl_888,25,West_exit,25,16
dl_889,9,,,
dl_889,15,East_exit,15,11
dl_889,16,West_exit,16,10
dl_889,14,East_exit,14,10
dl_889,18,East_exit,18,13
dl_889,20,West_exit,20,13
dl_889,21,East_exit,21,15
dl_889,23,West_exit,23,15
dl_889,24,East_exit,24,17
dl_889,25,West_exit,25,16
dl_889,26,West_exit,26,17
dl_890,11,,,
dl_890,23,West_exit,23,15
dl_890,27,West_exit,27,18
dl_890,28,East_exit,28,19
dl_890,29,West_exit,29,19
dl_890,15,East_exit,15,11
dl_890,16,West_exit,16,10
dl_890,14,East_exit,14,10
dl_890,18,East_exit,18,13
dl_890,20,West_exit,20,13
dl_890,21,East_exit,21,15
dl_890,24,East_exit,24,17
dl_890,25,West_exit,25,16
dl_891,4,,,
dl_891,27,West_exit,27,18
dl_891,28,East_exit,28,19
dl_891,26,East_exit,26,18
dl_891,30,West_exit,30,20
dl_891,31,West_exit,31,20
dl_892,6,,,
dl_892,24,East_exit,24,17
dl_892,25,West_exit,25,16
dl_892,23,East_exit,23,16
dl_892,27,West_exit,27,18
dl_892,28,East_exit,28,19
dl_892,30,West_exit,30,20
dl_892,31,West_exit,31,20
dl_893,8,,,
dl_893,21,East_exit,21,15
dl_893,22,West_exit,22,14
dl_893,20,East_exit,20,14
dl_893,27,West_exit,27,18
dl_893,28,East_exit,28,19
dl_893,24,East_exit,24,17
dl_893,25,West_exit,25,16
dl_893,30,West_exit,30,20
dl_893,31,West_exit,31,20
dl_894,10,,,
dl_894,18,East_exit,18,13
dl_894,19,West_exit,19,12
dl_894,17,East_exit,17,12
dl_894,21,East_exit,21,15
dl_894,22,West_exit,22,14
dl_894,27,West_exit,27,18
dl_894,28,East_exit,28,19
dl_894,24,East_exit,24,17
dl_894,25,West_exit,25,16
dl_894,30,West_exit,30,20
dl_894,31,West_exit,31,20
dl_895,12,,,
dl_895,27,West_exit,27,18
dl_895,28,East_exit,28,19
dl_895,15,East_exit,15,11
dl_895,16,West_exit,16,10
dl_895,14,East_exit,14,10
dl_895,18,East_exit,18,13
dl_895,19,West_exit,19,12
dl_895,21,East_exit,21,15
dl_895,22,West_exit,22,14
dl_895,24,East_exit,24,17
dl_895,25,West_exit,25,16
dl_895,30,West_exit,30,20
dl_895,31,West_exit,31,20
dl_896,8,,,
dl_896,23,West_exit,23,15
dl_896,27,West_exit,27,18
dl_896,28,East_exit,28,19
dl_896,21,East_exit,21,15
dl_896,20,East_exit,20,14
dl_896,24,East_exit,24,17
dl_896,25,West_exit,25,16
dl_896,30,West_exit,30,20
dl_896,31,West_exit,31,20
dl_897,10,,,
dl_897,23,West_exit,23,15
dl_897,27,West_exit,27,18
dl_897,28,East_exit,28,19
dl_897,18,East_exit,18,13
dl_897,19,West_exit,19,12
dl_897,17,East_exit,17,12
dl_897,21,East_exit,21,15
dl_897,24,East_exit,24,17
dl_897,25,West_exit,25,16
dl_897,30,West_exit,30,20
dl_897,31,West_exit,31,20
dl_898,12,,,
dl_898,15,East_exit,15,11
dl_898,16,West_exit,16,10
dl_898,14,East_exit,14,10
dl_898,23,West_exit,23,15
dl_898,27,West_exit,27,18
dl_898,28,East_exit,28,19
dl_898,21,East_exit,21,15
dl_898,24,East_exit,24,17
dl_898,25,West_exit,25,16
dl_898,18,East_exit,18,13
dl_898,19,West_exit,19,12
dl_898,30,West_exit,30,20
dl_898,31,West_exit,31,20
dl_899,10,,,
dl_899,20,West_exit,20,13
dl_899,18,East_exit,18,13
dl_899,17,East_exit,17,12
dl_899,21,East_exit,21,15
dl_899,22,West_exit,22,14
dl_899,27,West_exit,27,18
dl_899,28,East_exit,28,19
dl_899,24,East_exit,24,17
dl_899,25,West_exit,25,16
dl_899,30,West_exit,30,20
dl_899,31,West_exit,31,20
dl_900,12,,,
dl_900,20,West_exit,20,13
dl_900,24,East_exit,24,17
dl_900,25,West_exit,25,16
dl_900,27,West_exit,27,18
dl_900,28,East_exit,28,19
dl_900,15,East_exit,15,11
dl_900,16,West_exit,16,10
dl_900,14,East_exit,14,10
dl_900,18,East_exit,18,13
dl_900,21,East_exit,21,15
dl_900,22,West_exit,22,14
dl_900,30,West_exit,30,20
dl_900,31,West_exit,31,20
dl_901,10,,,
dl_901,23,West_exit,23,15
dl_901,27,West_exit,27,18
dl_901,28,East_exit,28,19
dl_901,18,East_exit,18,13
dl_901,20,West_exit,20,13
dl_901,21,East_exit,21,15
dl_901,17,East_exit,17,12
dl_901,24,East_exit,24,17
dl_901,25,West_exit,25,16
dl_901,30,West_exit,30,20
dl_901,31,West_exit,31,20
dl_902,12,,,
dl_902,23,West_exit,23,15
dl_902,27,West_exit,27,18
dl_902,28,East_exit,28,19
dl_902,15,East_exit,15,11
dl_902,16,West_exit,16,10
dl_902,14,East_exit,14,10
dl_902,18,East_exit,18,13
dl_902,20,West_exit,20,13
dl_902,21,East_exit,21,15
dl_902,24,East_exit,24,17
dl_902,25,West_exit,25,16
dl_902,30,West_exit,30,20
dl_902,31,West_exit,31,20
dl_903,7,,,
dl_903,9,East_exit,9,7
dl_903,10,West_exit,10,6
dl_903,11,West_exit,11,7
dl_903,3,East_exit,3,3
dl_903,4,West_exit,4,2
dl_903,2,East_exit,2,2
dl_903,6,West_exit,6,4
dl_903,7,East_exit,7,5
dl_904,4,,,
dl_904,14,East_exit,14,10
dl_904,15,West_exit,15,10
dl_904,17,West_exit,17,11
dl_904,12,East_exit,12,9
dl_904,13,East_exit,13,9
dl_905,6,,,
dl_905,18,West_exit,18,12
dl_905,19,East_exit,19,13
dl_905,20,West_exit,20,13
dl_905,14,East_exit,14,10
dl_905,15,West_exit,15,10
dl_905,12,East_exit,12,9
dl_905,13,East_exit,13,9
dl_906,4,,,
dl_906,12,West_exit,12,8
dl_906,13,East_exit,13,9
dl_906,14,West_exit,14,9
dl_906,9,East_exit,9,7
dl_906,10,East_exit,10,7
dl_907,6,,,
dl_907,15,West_exit,15,10
dl_907,16,East_exit,16,11
dl_907,17,West_exit,17,11
dl_907,12,West_exit,12,8
dl_907,13,East_exit,13,9
dl_907,9,East_exit,9,7
dl_907,10,East_exit,10,7
dl_908,7,,,
dl_908,18,West_exit,18,12
dl_908,19,East_exit,19,13
dl_908,15,East_exit,15,11
dl_908,16,West_exit,16,10
dl_908,14,East_exit,14,10
dl_908,21,East_exit,21,15
dl_908,22,West_exit,22,14
dl_908,23,West_exit,23,15
dl_909,6,,,
dl_909,18,West_exit,18,12
dl_909,19,East_exit,19,13
dl_909,17,East_exit,17,12
dl_909,21,East_exit,21,15
dl_909,22,West_exit,22,14
dl_909,24,West_exit,24,16
dl_909,25,West_exit,25,16
dl_910,8,,,
dl_910,18,West_exit,18,12
dl_910,19,East_exit,19,13
dl_910,15,East_exit,15,11
dl_910,16,West_exit,16,10
dl_910,14,East_exit,14,10
dl_910,21,East_exit,21,15
dl_910,22,West_exit,22,14
dl_910,24,West_exit,24,16
dl_910,25,West_exit,25,16
dl_911,11,,,
dl_911,15,East_exit,15,11
dl_911,16,West_exit,16,10
dl_911,14,East_exit,14,10
dl_911,18,East_exit,18,13
dl_911,19,West_exit,19,12
dl_911,21,East_exit,21,15
dl_911,22,West_exit,22,14
dl_911,27,East_exit,27,19
dl_911,28,West_exit,28,18
dl_911,29,West_exit,29,19
dl_911,24,East_exit,24,17
dl_911,25,West_exit,25,16
dl_912,11,,,
dl_912,15,East_exit,15,11
dl_912,16,West_exit,16,10
dl_912,14,East_exit,14,10
dl_912,23,West_exit,23,15
dl_912,27,East_exit,27,19
dl_912,28,West_exit,28,18
dl_912,29,West_exit,29,19
dl_912,21,East_exit,21,15
dl_912,24,East_exit,24,17
dl_912,25,West_exit,25,16
dl_912,18,East_exit,18,13
dl_912,19,West_exit,19,12
dl_913,11,,,
dl_913,20,West_exit,20,13
dl_913,15,East_exit,15,11
dl_913,16,West_exit,16,10
dl_913,14,East_exit,14,10
dl_913,18,East_exit,18,13
dl_913,21,East_exit,21,15
dl_913,22,West_exit,22,14
dl_913,27,East_exit,27,19
dl_913,28,West_exit,28,18
dl_913,29,West_exit,29,19
dl_913,24,East_exit,24,17
dl_913,25,West_exit,25,16
dl_914,11,,,
dl_914,23,West_exit,23,15
dl_914,27,East_exit,27,19
dl_914,28,West_exit,28,18
dl_914,29,West_exit,29,19
dl_914,15,East_exit,15,11
dl_914,16,West_exit,16,10
dl_914,14,East_exit,14,10
dl_914,20,West_exit,20,13
dl_914,18,East_exit,18,13
dl_914,21,East_exit,21,15
dl_914,24,East_exit,24,17
dl_914,25,West_exit,25,16
dl_915,6,,,
dl_915,26,West_exit,26,17
dl_915,24,West_exit,24,16
dl_915,25,East_exit,25,17
dl_915,21,West_exit,21,14
dl_915,22,East_exit,22,15
dl_915,18,East_exit,18,13
dl_915,19,East_exit,19,13
dl_916,5,,,
dl_916,12,West_exit,12,8
dl_916,13,East_exit,13,9
dl_916,14,West_exit,14,9
dl_916,8,East_exit,8,6
dl_916,9,East_exit,9,7
dl_916,10,West_exit,10,6
dl_917,9,,,
dl_917,5,East_exit,5,4
dl_917,6,West_exit,6,4
dl_917,7,East_exit,7,5
dl_917,3,East_exit,3,3
dl_917,4,East_exit,4,3
dl_917,12,West_exit,12,8
dl_917,13,East_exit,13,9
dl_917,14,West_exit,14,9
dl_917,9,East_exit,9,7
dl_917,10,West_exit,10,6
dl_918,7,,,
dl_918,6,West_exit,6,4
dl_918,7,East_exit,7,5
dl_918,5,East_exit,5,4
dl_918,12,West_exit,12,8
dl_918,13,East_exit,13,9
dl_918,14,West_exit,14,9
dl_918,9,East_exit,9,7
dl_918,10,West_exit,10,6
dl_919,8,,,
dl_919,6,West_exit,6,4
dl_919,7,East_exit,7,5
dl_919,12,West_exit,12,8
dl_919,13,East_exit,13,9
dl_919,14,West_exit,14,9
dl_919,9,East_exit,9,7
dl_919,10,West_exit,10,6
dl_919,3,East_exit,3,3
dl_919,4,East_exit,4,3
dl_920,7,,,
dl_920,15,East_exit,15,11
dl_920,16,West_exit,16,10
dl_920,14,East_exit,14,10
dl_920,21,West_exit,21,14
dl_920,22,East_exit,22,15
dl_920,23,West_exit,23,15
dl_920,18,West_exit,18,12
dl_920,19,East_exit,19,13
dl_921,13,,,
dl_921,5,East_exit,5,4
dl_921,8,East_exit,8,6
dl_921,6,West_exit,6,4
dl_921,7,East_exit,7,5
dl_921,11,East_exit,11,8
dl_921,9,East_exit,9,7
dl_921,10,West_exit,10,6
dl_921,15,East_exit,15,11
dl_921,16,West_exit,16,10
dl_921,17,West_exit,17,11
dl_921,12,West_exit,12,8
dl_921,13,East_exit,13,9
dl_921,3,East_exit,3,3
dl_921,4,East_exit,4,3
dl_922,5,,,
dl_922,15,East_exit,15,11
dl_922,16,West_exit,16,10
dl_922,17,West_exit,17,11
dl_922,12,West_exit,12,8
dl_922,13,East_exit,13,9
dl_922,11,East_exit,11,8
dl_923,17,,,
dl_923,5,East_exit,5,4
dl_923,12,West_exit,12,8
dl_923,13,East_exit,13,9
dl_923,11,East_exit,11,8
dl_923,8,East_exit,8,6
dl_923,9,East_exit,9,7
dl_923,10,West_exit,10,6
dl_923,6,West_exit,6,4
dl_923,7,East_exit,7,5
dl_923,3,East_exit,3,3
dl_923,4,East_exit,4,3
dl_923,20,West_exit,20,13
dl_923,18,West_exit,18,12
dl_923,19,East_exit,19,13
dl_923,21,West_exit,21,14
dl_923,22,West_exit,22,14
dl_923,15,East_exit,15,11
dl_923,16,West_exit,16,10
dl_924,15,,,
dl_924,5,East_exit,5,4
dl_924,12,West_exit,12,8
dl_924,13,East_exit,13,9
dl_924,11,East_exit,11,8
dl_924,8,East_exit,8,6
dl_924,9,East_exit,9,7
dl_924,10,West_exit,10,6
dl_924,6,West_exit,6,4
dl_924,7,East_exit,7,5
dl_924,3,East_exit,3,3
dl_924,4,East_exit,4,3
dl_924,18,West_exit,18,12
dl_924,19,East_exit,19,13
dl_924,20,West_exit,20,13
dl_924,15,East_exit,15,11
dl_924,16,West_exit,16,10
dl_925,9,,,
dl_925,20,West_exit,20,13
dl_925,18,West_exit,18,12
dl_925,19,East_exit,19,13
dl_925,21,West_exit,21,14
dl_925,22,West_exit,22,14
dl_925,15,East_exit,15,11
dl_925,16,West_exit,16,10
dl_925,12,West_exit,12,8
dl_925,13,East_exit,13,9
dl_925,11,East_exit,11,8
dl_926,7,,,
dl_926,18,West_exit,18,12
dl_926,19,East_exit,19,13
dl_926,20,West_exit,20,13
dl_926,15,East_exit,15,11
dl_926,16,West_exit,16,10
dl_926,12,West_exit,12,8
dl_926,13,East_exit,13,9
dl_926,11,East_exit,11,8
dl_927,17,,,
dl_927,21,West_exit,21,14
dl_927,22,East_exit,22,15
dl_927,23,West_exit,23,15
dl_927,5,East_exit,5,4
dl_927,12,West_exit,12,8
dl_927,13,East_exit,13,9
dl_927,11,East_exit,11,8
dl_927,8,East_exit,8,6
dl_927,9,East_exit,9,7
dl_927,10,West_exit,10,6
dl_927,6,West_exit,6,4
dl_927,7,East_exit,7,5
dl_927,3,East_exit,3,3
dl_927,4,East_exit,4,3
dl_927,15,East_exit,15,11
dl_927,16,West_exit,16,10
dl_927,18,West_exit,18,12
dl_927,19,East_exit,19,13
dl_928,9,,,
dl_928,15,East_exit,15,11
dl_928,16,West_exit,16,10
dl_928,21,West_exit,21,14
dl_928,22,East_exit,22,15
dl_928,23,West_exit,23,15
dl_928,18,West_exit,18,12
dl_928,19,East_exit,19,13
dl_928,12,West_exit,12,8
dl_928,13,East_exit,13,9
dl_928,11,East_exit,11,8
dl_929,12,,,
dl_929,5,East_exit,5,4
dl_929,8,East_exit,8,6
dl_929,6,West_exit,6,4
dl_929,7,East_exit,7,5
dl_929,15,East_exit,15,11
dl_929,16,West_exit,16,10
dl_929,17,West_exit,17,11
dl_929,12,West_exit,12,8
dl_929,13,East_exit,13,9
dl_929,9,East_exit,9,7
dl_929,10,West_exit,10,6
dl_929,3,East_exit,3,3
dl_929,4,East_exit,4,3
dl_930,10,,,
dl_930,8,East_exit,8,6
dl_930,6,West_exit,6,4
dl_930,7,East_exit,7,5
dl_930,5,East_exit,5,4
dl_930,15,East_exit,15,11
dl_930,16,West_exit,16,10
dl_930,17,West_exit,17,11
dl_930,12,West_exit,12,8
dl_930,13,East_exit,13,9
dl_930,9,East_exit,9,7
dl_930,10,West_exit,10,6
dl_931,11,,,
dl_931,8,East_exit,8,6
dl_931,6,West_exit,6,4
dl_931,7,East_exit,7,5
dl_931,15,East_exit,15,11
dl_931,16,West_exit,16,10
dl_931,17,West_exit,17,11
dl_931,12,West_exit,12,8
dl_931,13,East_exit,13,9
dl_931,9,East_exit,9,7
dl_931,10,West_exit,10,6
dl_931,3,East_exit,3,3
dl_931,4,East_exit,4,3
dl_932,7,,,
dl_932,8,East_exit,8,6
dl_932,15,East_exit,15,11
dl_932,16,West_exit,16,10
dl_932,17,West_exit,17,11
dl_932,12,West_exit,12,8
dl_932,13,East_exit,13,9
dl_932,9,East_exit,9,7
dl_932,10,West_exit,10,6
dl_933,16,,,
dl_933,18,West_exit,18,12
dl_933,19,East_exit,19,13
dl_933,20,West_exit,20,13
dl_933,15,East_exit,15,11
dl_933,16,West_exit,16,10
dl_933,21,West_exit,21,14
dl_933,22,West_exit,22,14
dl_933,5,East_exit,5,4
dl_933,8,East_exit,8,6
dl_933,9,East_exit,9,7
dl_933,10,West_exit,10,6
dl_933,6,West_exit,6,4
dl_933,7,East_exit,7,5
dl_933,3,East_exit,3,3
dl_933,4,East_exit,4,3
dl_933,12,West_exit,12,8
dl_933,13,East_exit,13,9
dl_934,14,,,
dl_934,18,West_exit,18,12
dl_934,19,East_exit,19,13
dl_934,20,West_exit,20,13
dl_934,15,East_exit,15,11
dl_934,16,West_exit,16,10
dl_934,5,East_exit,5,4
dl_934,8,East_exit,8,6
dl_934,9,East_exit,9,7
dl_934,10,West_exit,10,6
dl_934,6,West_exit,6,4
dl_934,7,East_exit,7,5
dl_934,3,East_exit,3,3
dl_934,4,East_exit,4,3
dl_934,12,West_exit,12,8
dl_934,13,East_exit,13,9
dl_935,14,,,
dl_935,18,West_exit,18,12
dl_935,19,East_exit,19,13
dl_935,20,West_exit,20,13
dl_935,15,East_exit,15,11
dl_935,16,West_exit,16,10
dl_935,21,West_exit,21,14
dl_935,22,West_exit,22,14
dl_935,8,East_exit,8,6
dl_935,9,East_exit,9,7
dl_935,10,West_exit,10,6
dl_935,6,West_exit,6,4
dl_935,7,East_exit,7,5
dl_935,5,East_exit,5,4
dl_935,12,West_exit,12,8
dl_935,13,East_exit,13,9
dl_936,12,,,
dl_936,18,West_exit,18,12
dl_936,19,East_exit,19,13
dl_936,20,West_exit,20,13
dl_936,15,East_exit,15,11
dl_936,16,West_exit,16,10
dl_936,8,East_exit,8,6
dl_936,9,East_exit,9,7
dl_936,10,West_exit,10,6
dl_936,6,West_exit,6,4
dl_936,7,East_exit,7,5
dl_936,5,East_exit,5,4
dl_936,12,West_exit,12,8
dl_936,13,East_exit,13,9
dl_937,15,,,
dl_937,18,West_exit,18,12
dl_937,19,East_exit,19,13
dl_937,20,West_exit,20,13
dl_937,15,East_exit,15,11
dl_937,16,West_exit,16,10
dl_937,21,West_exit,21,14
dl_937,22,West_exit,22,14
dl_937,8,East_exit,8,6
dl_937,9,East_exit,9,7
dl_937,10,West_exit,10,6
dl_937,6,West_exit,6,4
dl_937,7,East_exit,7,5
dl_937,12,West_exit,12,8
dl_937,13,East_exit,13,9
dl_937,3,East_exit,3,3
dl_937,4,East_exit,4,3
dl_938,13,,,
dl_938,18,West_exit,18,12
dl_938,19,East_exit,19,13
dl_938,20,West_exit,20,13
dl_938,15,East_exit,15,11
dl_938,16,West_exit,16,10
dl_938,8,East_exit,8,6
dl_938,9,East_exit,9,7
dl_938,10,West_exit,10,6
dl_938,6,West_exit,6,4
dl_938,7,East_exit,7,5
dl_938,12,West_exit,12,8
dl_938,13,East_exit,13,9
dl_938,3,East_exit,3,3
dl_938,4,East_exit,4,3
dl_939,11,,,
dl_939,18,West_exit,18,12
dl_939,19,East_exit,19,13
dl_939,20,West_exit,20,13
dl_939,15,East_exit,15,11
dl_939,16,West_exit,16,10
dl_939,21,West_exit,21,14
dl_939,22,West_exit,22,14
dl_939,8,East_exit,8,6
dl_939,9,East_exit,9,7
dl_939,10,West_exit,10,6
dl_939,12,West_exit,12,8
dl_939,13,East_exit,13,9
dl_940,9,,,
dl_940,18,West_exit,18,12
dl_940,19,East_exit,19,13
dl_940,20,West_exit,20,13
dl_940,15,East_exit,15,11
dl_940,16,West_exit,16,10
dl_940,8,East_exit,8,6
dl_940,9,East_exit,9,7
dl_940,10,West_exit,10,6
dl_940,12,West_exit,12,8
dl_940,13,East_exit,13,9
dl_941,16,,,
dl_941,15,East_exit,15,11
dl_941,16,West_exit,16,10
dl_941,21,West_exit,21,14
dl_941,22,East_exit,22,15
dl_941,23,West_exit,23,15
dl_941,18,West_exit,18,12
dl_941,19,East_exit,19,13
dl_941,5,East_exit,5,4
dl_941,8,East_exit,8,6
dl_941,9,East_exit,9,7
dl_941,10,West_exit,10,6
dl_941,6,West_exit,6,4
dl_941,7,East_exit,7,5
dl_941,3,East_exit,3,3
dl_941,4,East_exit,4,3
dl_941,12,West_exit,12,8
dl_941,13,East_exit,13,9
dl_942,14,,,
dl_942,15,East_exit,15,11
dl_942,16,West_exit,16,10
dl_942,21,West_exit,21,14
dl_942,22,East_exit,22,15
dl_942,23,West_exit,23,15
dl_942,18,West_exit,18,12
dl_942,19,East_exit,19,13
dl_942,8,East_exit,8,6
dl_942,6,West_exit,6,4
dl_942,7,East_exit,7,5
dl_942,5,East_exit,5,4
dl_942,9,East_exit,9,7
dl_942,10,West_exit,10,6
dl_942,12,West_exit,12,8
dl_942,13,East_exit,13,9
dl_943,15,,,
dl_943,15,East_exit,15,11
dl_943,16,West_exit,16,10
dl_943,21,West_exit,21,14
dl_943,22,East_exit,22,15
dl_943,23,West_exit,23,15
dl_943,18,West_exit,18,12
dl_943,19,East_exit,19,13
dl_943,8,East_exit,8,6
dl_943,6,West_exit,6,4
dl_943,7,East_exit,7,5
dl_943,9,East_exit,9,7
dl_943,10,West_exit,10,6
dl_943,12,West_exit,12,8
dl_943,13,East_exit,13,9
dl_943,3,East_exit,3,3
dl_943,4,East_exit,4,3
dl_944,11,,,
dl_944,15,East_exit,15,11
dl_944,16,West_exit,16,10
dl_944,21,West_exit,21,14
dl_944,22,East_exit,22,15
dl_944,23,West_exit,23,15
dl_944,18,West_exit,18,12
dl_944,19,East_exit,19,13
dl_944,8,East_exit,8,6
dl_944,9,East_exit,9,7
dl_944,10,West_exit,10,6
dl_944,12,West_exit,12,8
dl_944,13,East_exit,13,9
dl_945,13,,,
dl_945,14,East_exit,14,10
dl_945,18,West_exit,18,12
dl_945,19,East_exit,19,13
dl_945,15,West_exit,15,10
dl_945,16,East_exit,16,11
dl_945,12,East_exit,12,9
dl_945,13,East_exit,13,9
dl_945,21,East_exit,21,15
dl_945,22,West_exit,22,14
dl_945,27,East_exit,27,19
dl_945,28,West_exit,28,18
dl_945,29,West_exit,29,19
dl_945,24,East_exit,24,17
dl_945,25,West_exit,25,16
dl_946,11,,,
dl_946,18,West_exit,18,12
dl_946,19,East_exit,19,13
dl_946,15,West_exit,15,10
dl_946,16,East_exit,16,11
dl_946,14,East_exit,14,10
dl_946,21,East_exit,21,15
dl_946,22,West_exit,22,14
dl_946,27,East_exit,27,19
dl_946,28,West_exit,28,18
dl_946,29,West_exit,29,19
dl_946,24,East_exit,24,17
dl_946,25,West_exit,25,16
dl_947,15,,,
dl_947,21,East_exit,21,15
dl_947,22,West_exit,22,14
dl_947,18,West_exit,18,12
dl_947,19,East_exit,19,13
dl_947,12,West_exit,12,8
dl_947,13,East_exit,13,9
dl_947,11,East_exit,11,8
dl_947,15,West_exit,15,10
dl_947,16,East_exit,16,11
dl_947,24,East_exit,24,17
dl_947,25,West_exit,25,16
dl_947,27,East_exit,27,19
dl_947,28,West_exit,28,18
dl_947,29,West_exit,29,19
dl_947,9,East_exit,9,7
dl_947,10,East_exit,10,7
dl_948,13,,,
dl_948,21,East_exit,21,15
dl_948,22,West_exit,22,14
dl_948,18,West_exit,18,12
dl_948,19,East_exit,19,13
dl_948,12,West_exit,12,8
dl_948,13,East_exit,13,9
dl_948,11,East_exit,11,8
dl_948,15,West_exit,15,10
dl_948,16,East_exit,16,11
dl_948,24,East_exit,24,17
dl_948,25,West_exit,25,16
dl_948,27,East_exit,27,19
dl_948,28,West_exit,28,18
dl_948,29,West_exit,29,19
dl_949,7,,,
dl_949,21,East_exit,21,15
dl_949,23,West_exit,23,15
dl_949,24,East_exit,24,17
dl_949,25,West_exit,25,16
dl_949,26,West_exit,26,17
dl_949,18,West_exit,18,12
dl_949,19,East_exit,19,13
dl_949,17,East_exit,17,12
dl_950,9,,,
dl_950,23,West_exit,23,15
dl_950,27,East_exit,27,19
dl_950,28,West_exit,28,18
dl_950,29,West_exit,29,19
dl_950,21,East_exit,21,15
dl_950,24,East_exit,24,17
dl_950,25,West_exit,25,16
dl_950,18,West_exit,18,12
dl_950,19,East_exit,19,13
dl_950,17,East_exit,17,12
dl_951,13,,,
dl_951,21,East_exit,21,15
dl_951,23,West_exit,23,15
dl_951,24,East_exit,24,17
dl_951,25,West_exit,25,16
dl_951,26,West_exit,26,17
dl_951,14,East_exit,14,10
dl_951,15,West_exit,15,10
dl_951,16,East_exit,16,11
dl_951,12,East_exit,12,9
dl_951,13,East_exit,13,9
dl_951,18,West_exit,18,12
dl_951,19,East_exit,19,13
dl_951,27,West_exit,27,18
dl_951,28,West_exit,28,18
dl_952,11,,,
dl_952,14,East_exit,14,10
dl_952,21,East_exit,21,15
dl_952,23,West_exit,23,15
dl_952,24,East_exit,24,17
dl_952,25,West_exit,25,16
dl_952,26,West_exit,26,17
dl_952,18,West_exit,18,12
dl_952,19,East_exit,19,13
dl_952,15,West_exit,15,10
dl_952,16,East_exit,16,11
dl_952,12,East_exit,12,9
dl_952,13,East_exit,13,9
dl_953,9,,,
dl_953,15,West_exit,15,10
dl_953,16,East_exit,16,11
dl_953,14,East_exit,14,10
dl_953,21,East_exit,21,15
dl_953,23,West_exit,23,15
dl_953,24,East_exit,24,17
dl_953,25,West_exit,25,16
dl_953,26,West_exit,26,17
dl_953,18,West_exit,18,12
dl_953,19,East_exit,19,13
dl_954,13,,,
dl_954,23,West_exit,23,15
dl_954,27,East_exit,27,19
dl_954,28,West_exit,28,18
dl_954,29,West_exit,29,19
dl_954,21,East_exit,21,15
dl_954,24,East_exit,24,17
dl_954,25,West_exit,25,16
dl_954,14,East_exit,14,10
dl_954,15,West_exit,15,10
dl_954,16,East_exit,16,11
dl_954,12,East_exit,12,9
dl_954,13,East_exit,13,9
dl_954,18,West_exit,18,12
dl_954,19,East_exit,19,13
dl_955,11,,,
dl_955,23,West_exit,23,15
dl_955,27,East_exit,27,19
dl_955,28,West_exit,28,18
dl_955,29,West_exit,29,19
dl_955,21,East_exit,21,15
dl_955,24,East_exit,24,17
dl_955,25,West_exit,25,16
dl_955,15,West_exit,15,10
dl_955,16,East_exit,16,11
dl_955,14,East_exit,14,10
dl_955,18,West_exit,18,12
dl_955,19,East_exit,19,13
dl_956,13,,,
dl_956,11,East_exit,11,8
dl_956,21,East_exit,21,15
dl_956,23,West_exit,23,15
dl_956,24,East_exit,24,17
dl_956,25,West_exit,25,16
dl_956,26,West_exit,26,17
dl_956,18,West_exit,18,12
dl_956,19,East_exit,19,13
dl_956,15,West_exit,15,10
dl_956,16,East_exit,16,11
dl_956,12,West_exit,12,8
dl_956,13,East_exit,13,9
dl_956,9,East_exit,9,7
dl_956,10,East_exit,10,7
dl_957,11,,,
dl_957,21,East_exit,21,15
dl_957,23,West_exit,23,15
dl_957,24,East_exit,24,17
dl_957,25,West_exit,25,16
dl_957,26,West_exit,26,17
dl_957,18,West_exit,18,12
dl_957,19,East_exit,19,13
dl_957,15,West_exit,15,10
dl_957,16,East_exit,16,11
dl_957,12,West_exit,12,8
dl_957,13,East_exit,13,9
dl_957,11,East_exit,11,8
dl_958,15,,,
dl_958,23,West_exit,23,15
dl_958,27,East_exit,27,19
dl_958,28,West_exit,28,18
dl_958,29,West_exit,29,19
dl_958,21,East_exit,21,15
dl_958,24,East_exit,24,17
dl_958,25,West_exit,25,16
dl_958,11,East_exit,11,8
dl_958,18,West_exit,18,12
dl_958,19,East_exit,19,13
dl_958,15,West_exit,15,10
dl_958,16,East_exit,16,11
dl_958,12,West_exit,12,8
dl_958,13,East_exit,13,9
dl_958,9,East_exit,9,7
dl_958,10,East_exit,10,7
dl_959,13,,,
dl_959,23,West_exit,23,15
dl_959,27,East_exit,27,19
dl_959,28,West_exit,28,18
dl_959,29,West_exit,29,19
dl_959,21,East_exit,21,15
dl_959,24,East_exit,24,17
dl_959,25,West_exit,25,16
dl_959,18,West_exit,18,12
dl_959,19,East_exit,19,13
dl_959,15,West_exit,15,10
dl_959,16,East_exit,16,11
dl_959,12,West_exit,12,8
dl_959,13,East_exit,13,9
dl_959,11,East_exit,11,8
dl_960,11,,,
dl_960,18,West_exit,18,12
dl_960,19,East_exit,19,13
dl_960,17,East_exit,17,12
dl_960,21,East_exit,21,15
dl_960,22,West_exit,22,14
dl_960,24,East_exit,24,17
dl_960,25,West_exit,25,16
dl_960,30,East_exit,30,21
dl_960,31,West_exit,31,20
dl_960,32,West_exit,32,21
dl_960,27,East_exit,27,19
dl_960,28,West_exit,28,18
dl_961,15,,,
dl_961,21,East_exit,21,15
dl_961,22,West_exit,22,14
dl_961,18,West_exit,18,12
dl_961,19,East_exit,19,13
dl_961,15,West_exit,15,10
dl_961,16,East_exit,16,11
dl_961,14,East_exit,14,10
dl_961,12,East_exit,12,9
dl_961,13,East_exit,13,9
dl_961,24,East_exit,24,17
dl_961,25,West_exit,25,16
dl_961,30,East_exit,30,21
dl_961,31,West_exit,31,20
dl_961,32,West_exit,32,21
dl_961,27,East_exit,27,19
dl_961,28,West_exit,28,18
dl_962,13,,,
dl_962,21,East_exit,21,15
dl_962,22,West_exit,22,14
dl_962,18,West_exit,18,12
dl_962,19,East_exit,19,13
dl_962,15,West_exit,15,10
dl_962,16,East_exit,16,11
dl_962,14,East_exit,14,10
dl_962,24,East_exit,24,17
dl_962,25,West_exit,25,16
dl_962,30,East_exit,30,21
dl_962,31,West_exit,31,20
dl_962,32,West_exit,32,21
dl_962,27,East_exit,27,19
dl_962,28,West_exit,28,18
dl_963,17,,,
dl_963,11,East_exit,11,8
dl_963,18,West_exit,18,12
dl_963,19,East_exit,19,13
dl_963,21,East_exit,21,15
dl_963,22,West_exit,22,14
dl_963,24,East_exit,24,17
dl_963,25,West_exit,25,16
dl_963,30,East_exit,30,21
dl_963,31,West_exit,31,20
dl_963,32,West_exit,32,21
dl_963,27,East_exit,27,19
dl_963,28,West_exit,28,18
dl_963,12,West_exit,12,8
dl_963,13,East_exit,13,9
dl_963,15,West_exit,15,10
dl_963,16,East_exit,16,11
dl_963,9,East_exit,9,7
dl_963,10,East_exit,10,7
dl_964,15,,,
dl_964,18,West_exit,18,12
dl_964,19,East_exit,19,13
dl_964,21,East_exit,21,15
dl_964,22,West_exit,22,14
dl_964,24,East_exit,24,17
dl_964,25,West_exit,25,16
dl_964,30,East_exit,30,21
dl_964,31,West_exit,31,20
dl_964,32,West_exit,32,21
dl_964,27,East_exit,27,19
dl_964,28,West_exit,28,18
dl_964,12,West_exit,12,8
dl_964,13,East_exit,13,9
dl_964,11,East_exit,11,8
dl_964,15,West_exit,15,10
dl_964,16,East_exit,16,11
dl_965,11,,,
dl_965,23,West_exit,23,15
dl_965,21,East_exit,21,15
dl_965,24,East_exit,24,17
dl_965,25,West_exit,25,16
dl_965,18,West_exit,18,12
dl_965,19,East_exit,19,13
dl_965,17,East_exit,17,12
dl_965,30,East_exit,30,21
dl_965,31,West_exit,31,20
dl_965,32,West_exit,32,21
dl_965,27,East_exit,27,19
dl_965,28,West_exit,28,18
dl_966,15,,,
dl_966,14,East_exit,14,10
dl_966,23,West_exit,23,15
dl_966,21,East_exit,21,15
dl_966,24,East_exit,24,17
dl_966,25,West_exit,25,16
dl_966,30,East_exit,30,21
dl_966,31,West_exit,31,20
dl_966,32,West_exit,32,21
dl_966,27,East_exit,27,19
dl_966,28,West_exit,28,18
dl_966,18,West_exit,18,12
dl_966,19,East_exit,19,13
dl_966,15,West_exit,15,10
dl_966,16,East_exit,16,11
dl_966,12,East_exit,12,9
dl_966,13,East_exit,13,9
dl_967,13,,,
dl_967,23,West_exit,23,15
dl_967,21,East_exit,21,15
dl_967,24,East_exit,24,17
dl_967,25,West_exit,25,16
dl_967,30,East_exit,30,21
dl_967,31,West_exit,31,20
dl_967,32,West_exit,32,21
dl_967,27,East_exit,27,19
dl_967,28,West_exit,28,18
dl_967,15,West_exit,15,10
dl_967,16,East_exit,16,11
dl_967,14,East_exit,14,10
dl_967,18,West_exit,18,12
dl_967,19,East_exit,19,13
dl_968,17,,,
dl_968,23,West_exit,23,15
dl_968,21,East_exit,21,15
dl_968,24,East_exit,24,17
dl_968,25,West_exit,25,16
dl_968,30,East_exit,30,21
dl_968,31,West_exit,31,20
dl_968,32,West_exit,32,21
dl_968,27,East_exit,27,19
dl_968,28,West_exit,28,18
dl_968,18,West_exit,18,12
dl_968,19,East_exit,19,13
dl_968,11,East_exit,11,8
dl_968,12,West_exit,12,8
dl_968,13,East_exit,13,9
dl_968,9,East_exit,9,7
dl_968,10,East_exit,10,7
dl_968,15,West_exit,15,10
dl_968,16,East_exit,16,11
dl_969,15,,,
dl_969,23,West_exit,23,15
dl_969,21,East_exit,21,15
dl_969,24,East_exit,24,17
dl_969,25,West_exit,25,16
dl_969,18,West_exit,18,12
dl_969,19,East_exit,19,13
dl_969,30,East_exit,30,21
dl_969,31,West_exit,31,20
dl_969,32,West_exit,32,21
dl_969,27,East_exit,27,19
dl_969,28,West_exit,28,18
dl_969,15,West_exit,15,10
dl_969,16,East_exit,16,11
dl_969,12,West_exit,12,8
dl_969,13,East_exit,13,9
dl_969,11,East_exit,11,8
dl_970,9,,,
dl_970,18,West_exit,18,12
dl_970,19,East_exit,19,13
dl_970,17,East_exit,17,12
dl_970,24,East_exit,24,17
dl_970,26,West_exit,26,17
dl_970,27,East_exit,27,19
dl_970,28,West_exit,28,18
dl_970,29,West_exit,29,19
dl_970,21,East_exit,21,15
dl_970,22,West_exit,22,14
dl_971,13,,,
dl_971,18,West_exit,18,12
dl_971,19,East_exit,19,13
dl_971,15,West_exit,15,10
dl_971,16,East_exit,16,11
dl_971,14,East_exit,14,10
dl_971,12,East_exit,12,9
dl_971,13,East_exit,13,9
dl_971,24,East_exit,24,17
dl_971,26,West_exit,26,17
dl_971,27,East_exit,27,19
dl_971,28,West_exit,28,18
dl_971,29,West_exit,29,19
dl_971,21,East_exit,21,15
dl_971,22,West_exit,22,14
dl_972,11,,,
dl_972,18,West_exit,18,12
dl_972,19,East_exit,19,13
dl_972,15,West_exit,15,10
dl_972,16,East_exit,16,11
dl_972,14,East_exit,14,10
dl_972,24,East_exit,24,17
dl_972,26,West_exit,26,17
dl_972,27,East_exit,27,19
dl_972,28,West_exit,28,18
dl_972,29,West_exit,29,19
dl_972,21,East_exit,21,15
dl_972,22,West_exit,22,14
dl_973,15,,,
dl_973,26,West_exit,26,17
dl_973,27,East_exit,27,19
dl_973,28,West_exit,28,18
dl_973,29,West_exit,29,19
dl_973,18,West_exit,18,12
dl_973,19,East_exit,19,13
dl_973,15,West_exit,15,10
dl_973,16,East_exit,16,11
dl_973,12,West_exit,12,8
dl_973,13,East_exit,13,9
dl_973,11,East_exit,11,8
dl_973,24,East_exit,24,17
dl_973,21,East_exit,21,15
dl_973,22,West_exit,22,14
dl_973,9,East_exit,9,7
dl_973,10,East_exit,10,7
dl_974,13,,,
dl_974,26,West_exit,26,17
dl_974,27,East_exit,27,19
dl_974,28,West_exit,28,18
dl_974,29,West_exit,29,19
dl_974,18,West_exit,18,12
dl_974,19,East_exit,19,13
dl_974,15,West_exit,15,10
dl_974,16,East_exit,16,11
dl_974,12,West_exit,12,8
dl_974,13,East_exit,13,9
dl_974,11,East_exit,11,8
dl_974,24,East_exit,24,17
dl_974,21,East_exit,21,15
dl_974,22,West_exit,22,14
dl_975,9,,,
dl_975,21,East_exit,21,15
dl_975,23,West_exit,23,15
dl_975,24,East_exit,24,17
dl_975,26,West_exit,26,17
dl_975,27,East_exit,27,19
dl_975,28,West_exit,28,18
dl_975,29,West_exit,29,19
dl_975,18,West_exit,18,12
dl_975,19,East_exit,19,13
dl_975,17,East_exit,17,12
dl_976,13,,,
dl_976,14,East_exit,14,10
dl_976,21,East_exit,21,15
dl_976,23,West_exit,23,15
dl_976,24,East_exit,24,17
dl_976,26,West_exit,26,17
dl_976,27,East_exit,27,19
dl_976,28,West_exit,28,18
dl_976,29,West_exit,29,19
dl_976,18,West_exit,18,12
dl_976,19,East_exit,19,13
dl_976,15,West_exit,15,10
dl_976,16,East_exit,16,11
dl_976,12,East_exit,12,9
dl_976,13,East_exit,13,9
dl_977,11,,,
dl_977,21,East_exit,21,15
dl_977,23,West_exit,23,15
dl_977,24,East_exit,24,17
dl_977,26,West_exit,26,17
dl_977,27,East_exit,27,19
dl_977,28,West_exit,28,18
dl_977,29,West_exit,29,19
dl_977,18,West_exit,18,12
dl_977,19,East_exit,19,13
dl_977,15,West_exit,15,10
dl_977,16,East_exit,16,11
dl_977,14,East_exit,14,10
dl_978,15,,,
dl_978,21,East_exit,21,15
dl_978,23,West_exit,23,15
dl_978,24,East_exit,24,17
dl_978,26,West_exit,26,17
dl_978,27,East_exit,27,19
dl_978,28,West_exit,28,18
dl_978,29,West_exit,29,19
dl_978,18,West_exit,18,12
dl_978,19,East_exit,19,13
dl_978,11,East_exit,11,8
dl_978,12,West_exit,12,8
dl_978,13,East_exit,13,9
dl_978,9,East_exit,9,7
dl_978,10,East_exit,10,7
dl_978,15,West_exit,15,10
dl_978,16,East_exit,16,11
dl_979,13,,,
dl_979,21,East_exit,21,15
dl_979,23,West_exit,23,15
dl_979,24,East_exit,24,17
dl_979,26,West_exit,26,17
dl_979,27,East_exit,27,19
dl_979,28,West_exit,28,18
dl_979,29,West_exit,29,19
dl_979,18,West_exit,18,12
dl_979,19,East_exit,19,13
dl_979,12,West_exit,12,8
dl_979,13,East_exit,13,9
dl_979,11,East_exit,11,8
dl_979,15,West_exit,15,10
dl_979,16,East_exit,16,11
dl_980,11,,,
dl_980,18,West_exit,18,12
dl_980,19,East_exit,19,13
dl_980,17,East_exit,17,12
dl_980,26,West_exit,26,17
dl_980,30,East_exit,30,21
dl_980,31,West_exit,31,20
dl_980,32,West_exit,32,21
dl_980,24,East_exit,24,17
dl_980,27,East_exit,27,19
dl_980,28,West_exit,28,18
dl_980,21,East_exit,21,15
dl_980,22,West_exit,22,14
dl_981,15,,,
dl_981,14,East_exit,14,10
dl_981,18,West_exit,18,12
dl_981,19,East_exit,19,13
dl_981,15,West_exit,15,10
dl_981,16,East_exit,16,11
dl_981,12,East_exit,12,9
dl_981,13,East_exit,13,9
dl_981,26,West_exit,26,17
dl_981,30,East_exit,30,21
dl_981,31,West_exit,31,20
dl_981,32,West_exit,32,21
dl_981,24,East_exit,24,17
dl_981,27,East_exit,27,19
dl_981,28,West_exit,28,18
dl_981,21,East_exit,21,15
dl_981,22,West_exit,22,14
dl_982,13,,,
dl_982,18,West_exit,18,12
dl_982,19,East_exit,19,13
dl_982,15,West_exit,15,10
dl_982,16,East_exit,16,11
dl_982,14,East_exit,14,10
dl_982,26,West_exit,26,17
dl_982,30,East_exit,30,21
dl_982,31,West_exit,31,20
dl_982,32,West_exit,32,21
dl_982,24,East_exit,24,17
dl_982,27,East_exit,27,19
dl_982,28,West_exit,28,18
dl_982,21,East_exit,21,15
dl_982,22,West_exit,22,14
dl_983,17,,,
dl_983,18,West_exit,18,12
dl_983,19,East_exit,19,13
dl_983,15,West_exit,15,10
dl_983,16,East_exit,16,11
dl_983,12,West_exit,12,8
dl_983,13,East_exit,13,9
dl_983,11,East_exit,11,8
dl_983,26,West_exit,26,17
dl_983,30,East_exit,30,21
dl_983,31,West_exit,31,20
dl_983,32,West_exit,32,21
dl_983,24,East_exit,24,17
dl_983,27,East_exit,27,19
dl_983,28,West_exit,28,18
dl_983,21,East_exit,21,15
dl_983,22,West_exit,22,14
dl_983,9,East_exit,9,7
dl_983,10,East_exit,10,7
dl_984,15,,,
dl_984,18,West_exit,18,12
dl_984,19,East_exit,19,13
dl_984,26,West_exit,26,17
dl_984,30,East_exit,30,21
dl_984,31,West_exit,31,20
dl_984,32,West_exit,32,21
dl_984,24,East_exit,24,17
dl_984,27,East_exit,27,19
dl_984,28,West_exit,28,18
dl_984,21,East_exit,21,15
dl_984,22,West_exit,22,14
dl_984,15,West_exit,15,10
dl_984,16,East_exit,16,11
dl_984,12,West_exit,12,8
dl_984,13,East_exit,13,9
dl_984,11,East_exit,11,8
dl_985,11,,,
dl_985,26,West_exit,26,17
dl_985,30,East_exit,30,21
dl_985,31,West_exit,31,20
dl_985,32,West_exit,32,21
dl_985,24,East_exit,24,17
dl_985,23,West_exit,23,15
dl_985,21,East_exit,21,15
dl_985,18,West_exit,18,12
dl_985,19,East_exit,19,13
dl_985,17,East_exit,17,12
dl_985,27,East_exit,27,19
dl_985,28,West_exit,28,18
dl_986,15,,,
dl_986,26,West_exit,26,17
dl_986,30,East_exit,30,21
dl_986,31,West_exit,31,20
dl_986,32,West_exit,32,21
dl_986,21,East_exit,21,15
dl_986,23,West_exit,23,15
dl_986,24,East_exit,24,17
dl_986,27,East_exit,27,19
dl_986,28,West_exit,28,18
dl_986,14,East_exit,14,10
dl_986,15,West_exit,15,10
dl_986,16,East_exit,16,11
dl_986,12,East_exit,12,9
dl_986,13,East_exit,13,9
dl_986,18,West_exit,18,12
dl_986,19,East_exit,19,13
dl_987,13,,,
dl_987,26,West_exit,26,17
dl_987,30,East_exit,30,21
dl_987,31,West_exit,31,20
dl_987,32,West_exit,32,21
dl_987,21,East_exit,21,15
dl_987,23,West_exit,23,15
dl_987,24,East_exit,24,17
dl_987,27,East_exit,27,19
dl_987,28,West_exit,28,18
dl_987,15,West_exit,15,10
dl_987,16,East_exit,16,11
dl_987,14,East_exit,14,10
dl_987,18,West_exit,18,12
dl_987,19,East_exit,19,13
dl_988,17,,,
dl_988,26,West_exit,26,17
dl_988,30,East_exit,30,21
dl_988,31,West_exit,31,20
dl_988,32,West_exit,32,21
dl_988,24,East_exit,24,17
dl_988,23,West_exit,23,15
dl_988,21,East_exit,21,15
dl_988,18,West_exit,18,12
dl_988,19,East_exit,19,13
dl_988,27,East_exit,27,19
dl_988,28,West_exit,28,18
dl_988,11,East_exit,11,8
dl_988,12,West_exit,12,8
dl_988,13,East_exit,13,9
dl_988,9,East_exit,9,7
dl_988,10,East_exit,10,7
dl_988,15,West_exit,15,10
dl_988,16,East_exit,16,11
dl_989,15,,,
dl_989,26,West_exit,26,17
dl_989,30,East_exit,30,21
dl_989,31,West_exit,31,20
dl_989,32,West_exit,32,21
dl_989,24,East_exit,24,17
dl_989,23,West_exit,23,15
dl_989,21,East_exit,21,15
dl_989,18,West_exit,18,12
dl_989,19,East_exit,19,13
dl_989,27,East_exit,27,19
dl_989,28,West_exit,28,18
dl_989,15,West_exit,15,10
dl_989,16,East_exit,16,11
dl_989,12,West_exit,12,8
dl_989,13,East_exit,13,9
dl_989,11,East_exit,11,8
dl_990,5,,,
dl_990,20,West_exit,20,13
dl_990,19,East_exit,19,13
dl_990,17,East_exit,17,12
dl_990,21,East_exit,21,15
dl_990,22,West_exit,22,14
dl_990,23,West_exit,23,15
dl_991,9,,,
dl_991,26,West_exit,26,17
dl_991,20,West_exit,20,13
dl_991,19,East_exit,19,13
dl_991,17,East_exit,17,12
dl_991,21,East_exit,21,15
dl_991,22,West_exit,22,14
dl_991,24,East_exit,24,17
dl_991,25,West_exit,25,16
dl_991,27,West_exit,27,18
dl_991,28,West_exit,28,18
dl_992,7,,,
dl_992,20,West_exit,20,13
dl_992,19,East_exit,19,13
dl_992,17,East_exit,17,12
dl_992,21,East_exit,21,15
dl_992,22,West_exit,22,14
dl_992,24,East_exit,24,17
dl_992,25,West_exit,25,16
dl_992,26,West_exit,26,17
dl_993,9,,,
dl_993,20,West_exit,20,13
dl_993,19,East_exit,19,13
dl_993,17,East_exit,17,12
dl_993,21,East_exit,21,15
dl_993,22,West_exit,22,14
dl_993,27,East_exit,27,19
dl_993,28,West_exit,28,18
dl_993,29,West_exit,29,19
dl_993,24,East_exit,24,17
dl_993,25,West_exit,25,16
dl_994,9,,,
dl_994,14,East_exit,14,10
dl_994,20,West_exit,20,13
dl_994,19,East_exit,19,13
dl_994,21,East_exit,21,15
dl_994,22,West_exit,22,14
dl_994,23,West_exit,23,15
dl_994,15,West_exit,15,10
dl_994,16,East_exit,16,11
dl_994,12,East_exit,12,9
dl_994,13,East_exit,13,9
dl_995,7,,,
dl_995,20,West_exit,20,13
dl_995,19,East_exit,19,13
dl_995,21,East_exit,21,15
dl_995,22,West_exit,22,14
dl_995,23,West_exit,23,15
dl_995,15,West_exit,15,10
dl_995,16,East_exit,16,11
dl_995,14,East_exit,14,10
dl_996,13,,,
dl_996,26,West_exit,26,17
dl_996,20,West_exit,20,13
dl_996,14,East_exit,14,10
dl_996,15,West_exit,15,10
dl_996,16,East_exit,16,11
dl_996,12,East_exit,12,9
dl_996,13,East_exit,13,9
dl_996,19,East_exit,19,13
dl_996,21,East_exit,21,15
dl_996,22,West_exit,22,14
dl_996,24,East_exit,24,17
dl_996,25,West_exit,25,16
dl_996,27,West_exit,27,18
dl_996,28,West_exit,28,18
dl_997,11,,,
dl_997,20,West_exit,20,13
dl_997,14,East_exit,14,10
dl_997,15,West_exit,15,10
dl_997,16,East_exit,16,11
dl_997,12,East_exit,12,9
dl_997,13,East_exit,13,9
dl_997,19,East_exit,19,13
dl_997,21,East_exit,21,15
dl_997,22,West_exit,22,14
dl_997,24,East_exit,24,17
dl_997,25,West_exit,25,16
dl_997,26,West_exit,26,17
dl_998,11,,,
dl_998,26,West_exit,26,17
dl_998,20,West_exit,20,13
dl_998,19,East_exit,19,13
dl_998,21,East_exit,21,15
dl_998,22,West_exit,22,14
dl_998,24,East_exit,24,17
dl_998,25,West_exit,25,16
dl_998,27,West_exit,27,18
dl_998,28,West_exit,28,18
dl_998,15,West_exit,15,10
dl_998,16,East_exit,16,11
dl_998,14,East_exit,14,10
dl_999,9,,,
dl_999,20,West_exit,20,13
dl_999,19,East_exit,19,13
dl_999,21,East_exit,21,15
dl_999,22,West_exit,22,14
dl_999,24,East_exit,24,17
dl_999,25,West_exit,25,16
dl_999,26,West_exit,26,17
dl_999,15,West_exit,15,10
dl_999,16,East_exit,16,11
dl_999,14,East_exit,14,10
dl_1000,13,,,
dl_1000,14,East_exit,14,10
dl_1000,20,West_exit,20,13
dl_1000,19,East_exit,19,13
dl_1000,21,East_exit,21,15
dl_1000,22,West_exit,22,14
dl_1000,15,West_exit,15,10
dl_1000,16,East_exit,16,11
dl_1000,12,East_exit,12,9
dl_1000,13,East_exit,13,9
dl_1000,27,East_exit,27,19
dl_1000,28,West_exit,28,18
dl_1000,29,West_exit,29,19
dl_1000,24,East_exit,24,17
dl_1000,25,West_exit,25,16
dl_1001,11,,,
dl_1001,20,West_exit,20,13
dl_1001,19,East_exit,19,13
dl_1001,21,East_exit,21,15
dl_1001,22,West_exit,22,14
dl_1001,15,West_exit,15,10
dl_1001,16,East_exit,16,11
dl_1001,14,East_exit,14,10
dl_1001,27,East_exit,27,19
dl_1001,28,West_exit,28,18
dl_1001,29,West_exit,29,19
dl_1001,24,East_exit,24,17
dl_1001,25,West_exit,25,16
dl_1002,11,,,
dl_1002,20,West_exit,20,13
dl_1002,21,East_exit,21,15
dl_1002,22,West_exit,22,14
dl_1002,23,West_exit,23,15
dl_1002,19,East_exit,19,13
dl_1002,11,East_exit,11,8
dl_1002,12,West_exit,12,8
dl_1002,13,East_exit,13,9
dl_1002,9,East_exit,9,7
dl_1002,10,East_exit,10,7
dl_1002,15,West_exit,15,10
dl_1002,16,East_exit,16,11
dl_1003,9,,,
dl_1003,20,West_exit,20,13
dl_1003,21,East_exit,21,15
dl_1003,22,West_exit,22,14
dl_1003,23,West_exit,23,15
dl_1003,19,East_exit,19,13
dl_1003,12,West_exit,12,8
dl_1003,13,East_exit,13,9
dl_1003,11,East_exit,11,8
dl_1003,15,West_exit,15,10
dl_1003,16,East_exit,16,11
dl_1004,15,,,
dl_1004,20,West_exit,20,13
dl_1004,26,West_exit,26,17
dl_1004,24,East_exit,24,17
dl_1004,25,West_exit,25,16
dl_1004,27,West_exit,27,18
dl_1004,28,West_exit,28,18
dl_1004,19,East_exit,19,13
dl_1004,21,East_exit,21,15
dl_1004,22,West_exit,22,14
dl_1004,11,East_exit,11,8
dl_1004,12,West_exit,12,8
dl_1004,13,East_exit,13,9
dl_1004,9,East_exit,9,7
dl_1004,10,East_exit,10,7
dl_1004,15,West_exit,15,10
dl_1004,16,East_exit,16,11
dl_1005,13,,,
dl_1005,20,West_exit,20,13
dl_1005,21,East_exit,21,15
dl_1005,22,West_exit,22,14
dl_1005,19,East_exit,19,13
dl_1005,11,East_exit,11,8
dl_1005,12,West_exit,12,8
dl_1005,13,East_exit,13,9
dl_1005,9,East_exit,9,7
dl_1005,10,East_exit,10,7
dl_1005,15,West_exit,15,10
dl_1005,16,East_exit,16,11
dl_1005,24,East_exit,24,17
dl_1005,25,West_exit,25,16
dl_1005,26,West_exit,26,17
dl_1006,13,,,
dl_1006,20,West_exit,20,13
dl_1006,26,West_exit,26,17
dl_1006,24,East_exit,24,17
dl_1006,25,West_exit,25,16
dl_1006,27,West_exit,27,18
dl_1006,28,West_exit,28,18
dl_1006,19,East_exit,19,13
dl_1006,21,East_exit,21,15
dl_1006,22,West_exit,22,14
dl_1006,12,West_exit,12,8
dl_1006,13,East_exit,13,9
dl_1006,11,East_exit,11,8
dl_1006,15,West_exit,15,10
dl_1006,16,East_exit,16,11
dl_1007,11,,,
dl_1007,20,West_exit,20,13
dl_1007,21,East_exit,21,15
dl_1007,22,West_exit,22,14
dl_1007,19,East_exit,19,13
dl_1007,12,West_exit,12,8
dl_1007,13,East_exit,13,9
dl_1007,11,East_exit,11,8
dl_1007,15,West_exit,15,10
dl_1007,16,East_exit,16,11
dl_1007,24,East_exit,24,17
dl_1007,25,West_exit,25,16
dl_1007,26,West_exit,26,17
dl_1008,15,,,
dl_1008,20,West_exit,20,13
dl_1008,21,East_exit,21,15
dl_1008,22,West_exit,22,14
dl_1008,19,East_exit,19,13
dl_1008,11,East_exit,11,8
dl_1008,12,West_exit,12,8
dl_1008,13,East_exit,13,9
dl_1008,9,East_exit,9,7
dl_1008,10,East_exit,10,7
dl_1008,15,West_exit,15,10
dl_1008,16,East_exit,16,11
dl_1008,24,East_exit,24,17
dl_1008,25,West_exit,25,16
dl_1008,27,East_exit,27,19
dl_1008,28,West_exit,28,18
dl_1008,29,West_exit,29,19
dl_1009,13,,,
dl_1009,20,West_exit,20,13
dl_1009,21,East_exit,21,15
dl_1009,22,West_exit,22,14
dl_1009,19,East_exit,19,13
dl_1009,12,West_exit,12,8
dl_1009,13,East_exit,13,9
dl_1009,11,East_exit,11,8
dl_1009,15,West_exit,15,10
dl_1009,16,East_exit,16,11
dl_1009,24,East_exit,24,17
dl_1009,25,West_exit,25,16
dl_1009,27,East_exit,27,19
dl_1009,28,West_exit,28,18
dl_1009,29,West_exit,29,19
dl_1010,7,,,
dl_1010,20,West_exit,20,13
dl_1010,19,East_exit,19,13
dl_1010,17,East_exit,17,12
dl_1010,21,East_exit,21,15
dl_1010,23,West_exit,23,15
dl_1010,24,East_exit,24,17
dl_1010,25,West_exit,25,16
dl_1010,26,West_exit,26,17
dl_1011,9,,,
dl_1011,23,West_exit,23,15
dl_1011,27,East_exit,27,19
dl_1011,28,West_exit,28,18
dl_1011,29,West_exit,29,19
dl_1011,21,East_exit,21,15
dl_1011,20,West_exit,20,13
dl_1011,19,East_exit,19,13
dl_1011,17,East_exit,17,12
dl_1011,24,East_exit,24,17
dl_1011,25,West_exit,25,16
dl_1012,13,,,
dl_1012,26,West_exit,26,17
dl_1012,14,East_exit,14,10
dl_1012,20,West_exit,20,13
dl_1012,19,East_exit,19,13
dl_1012,21,East_exit,21,15
dl_1012,23,West_exit,23,15
dl_1012,24,East_exit,24,17
dl_1012,25,West_exit,25,16
dl_1012,15,West_exit,15,10
dl_1012,16,East_exit,16,11
dl_1012,12,East_exit,12,9
dl_1012,13,East_exit,13,9
dl_1012,27,West_exit,27,18
dl_1012,28,West_exit,28,18
dl_1013,11,,,
dl_1013,14,East_exit,14,10
dl_1013,23,West_exit,23,15
dl_1013,24,East_exit,24,17
dl_1013,25,West_exit,25,16
dl_1013,26,West_exit,26,17
dl_1013,20,West_exit,20,13
dl_1013,19,East_exit,19,13
dl_1013,21,East_exit,21,15
dl_1013,15,West_exit,15,10
dl_1013,16,East_exit,16,11
dl_1013,12,East_exit,12,9
dl_1013,13,East_exit,13,9
dl_1014,9,,,
dl_1014,20,West_exit,20,13
dl_1014,19,East_exit,19,13
dl_1014,21,East_exit,21,15
dl_1014,23,West_exit,23,15
dl_1014,24,East_exit,24,17
dl_1014,25,West_exit,25,16
dl_1014,26,West_exit,26,17
dl_1014,15,West_exit,15,10
dl_1014,16,East_exit,16,11
dl_1014,14,East_exit,14,10
dl_1015,13,,,
dl_1015,23,West_exit,23,15
dl_1015,27,East_exit,27,19
dl_1015,28,West_exit,28,18
dl_1015,29,West_exit,29,19
dl_1015,20,West_exit,20,13
dl_1015,14,East_exit,14,10
dl_1015,15,West_exit,15,10
dl_1015,16,East_exit,16,11
dl_1015,12,East_exit,12,9
dl_1015,13,East_exit,13,9
dl_1015,19,East_exit,19,13
dl_1015,21,East_exit,21,15
dl_1015,24,East_exit,24,17
dl_1015,25,West_exit,25,16
dl_1016,11,,,
dl_1016,23,West_exit,23,15
dl_1016,27,East_exit,27,19
dl_1016,28,West_exit,28,18
dl_1016,29,West_exit,29,19
dl_1016,20,West_exit,20,13
dl_1016,21,East_exit,21,15
dl_1016,19,East_exit,19,13
dl_1016,15,West_exit,15,10
dl_1016,16,East_exit,16,11
dl_1016,14,East_exit,14,10
dl_1016,24,East_exit,24,17
dl_1016,25,West_exit,25,16
dl_1017,15,,,
dl_1017,26,West_exit,26,17
dl_1017,23,West_exit,23,15
dl_1017,24,East_exit,24,17
dl_1017,25,West_exit,25,16
dl_1017,21,East_exit,21,15
dl_1017,20,West_exit,20,13
dl_1017,27,West_exit,27,18
dl_1017,28,West_exit,28,18
dl_1017,19,East_exit,19,13
dl_1017,11,East_exit,11,8
dl_1017,12,West_exit,12,8
dl_1017,13,East_exit,13,9
dl_1017,9,East_exit,9,7
dl_1017,10,East_exit,10,7
dl_1017,15,West_exit,15,10
dl_1017,16,East_exit,16,11
dl_1018,13,,,
dl_1018,23,West_exit,23,15
dl_1018,24,East_exit,24,17
dl_1018,25,West_exit,25,16
dl_1018,26,West_exit,26,17
dl_1018,21,East_exit,21,15
dl_1018,20,West_exit,20,13
dl_1018,19,East_exit,19,13
dl_1018,11,East_exit,11,8
dl_1018,12,West_exit,12,8
dl_1018,13,East_exit,13,9
dl_1018,9,East_exit,9,7
dl_1018,10,East_exit,10,7
dl_1018,15,West_exit,15,10
dl_1018,16,East_exit,16,11
dl_1019,11,,,
dl_1019,20,West_exit,20,13
dl_1019,19,East_exit,19,13
dl_1019,21,East_exit,21,15
dl_1019,23,West_exit,23,15
dl_1019,24,East_exit,24,17
dl_1019,25,West_exit,25,16
dl_1019,26,West_exit,26,17
dl_1019,15,West_exit,15,10
dl_1019,16,East_exit,16,11
dl_1019,12,West_exit,12,8
dl_1019,13,East_exit,13,9
dl_1019,11,East_exit,11,8
dl_1020,15,,,
dl_1020,20,West_exit,20,13
dl_1020,23,West_exit,23,15
dl_1020,27,East_exit,27,19
dl_1020,28,West_exit,28,18
dl_1020,29,West_exit,29,19
dl_1020,24,East_exit,24,17
dl_1020,25,West_exit,25,16
dl_1020,21,East_exit,21,15
dl_1020,19,East_exit,19,13
dl_1020,11,East_exit,11,8
dl_1020,12,West_exit,12,8
dl_1020,13,East_exit,13,9
dl_1020,9,East_exit,9,7
dl_1020,10,East_exit,10,7
dl_1020,15,West_exit,15,10
dl_1020,16,East_exit,16,11
dl_1021,13,,,
dl_1021,23,West_exit,23,15
dl_1021,27,East_exit,27,19
dl_1021,28,West_exit,28,18
dl_1021,29,West_exit,29,19
dl_1021,20,West_exit,20,13
dl_1021,19,East_exit,19,13
dl_1021,21,East_exit,21,15
dl_1021,24,East_exit,24,17
dl_1021,25,West_exit,25,16
dl_1021,15,West_exit,15,10
dl_1021,16,East_exit,16,11
dl_1021,12,West_exit,12,8
dl_1021,13,East_exit,13,9
dl_1021,11,East_exit,11,8
dl_1022,11,,,
dl_1022,20,West_exit,20,13
dl_1022,19,East_exit,19,13
dl_1022,17,East_exit,17,12
dl_1022,21,East_exit,21,15
dl_1022,22,West_exit,22,14
dl_1022,24,East_exit,24,17
dl_1022,25,West_exit,25,16
dl_1022,30,East_exit,30,21
dl_1022,31,West_exit,31,20
dl_1022,32,West_exit,32,21
dl_1022,27,East_exit,27,19
dl_1022,28,West_exit,28,18
dl_1023,15,,,
dl_1023,14,East_exit,14,10
dl_1023,20,West_exit,20,13
dl_1023,19,East_exit,19,13
dl_1023,21,East_exit,21,15
dl_1023,22,West_exit,22,14
dl_1023,15,West_exit,15,10
dl_1023,16,East_exit,16,11
dl_1023,12,East_exit,12,9
dl_1023,13,East_exit,13,9
dl_1023,24,East_exit,24,17
dl_1023,25,West_exit,25,16
dl_1023,30,East_exit,30,21
dl_1023,31,West_exit,31,20
dl_1023,32,West_exit,32,21
dl_1023,27,East_exit,27,19
dl_1023,28,West_exit,28,18
dl_1024,13,,,
dl_1024,20,West_exit,20,13
dl_1024,19,East_exit,19,13
dl_1024,21,East_exit,21,15
dl_1024,22,West_exit,22,14
dl_1024,15,West_exit,15,10
dl_1024,16,East_exit,16,11
dl_1024,14,East_exit,14,10
dl_1024,24,East_exit,24,17
dl_1024,25,West_exit,25,16
dl_1024,30,East_exit,30,21
dl_1024,31,West_exit,31,20
dl_1024,32,West_exit,32,21
dl_1024,27,East_exit,27,19
dl_1024,28,West_exit,28,18
dl_1025,17,,,
dl_1025,20,West_exit,20,13
dl_1025,21,East_exit,21,15
dl_1025,22,West_exit,22,14
dl_1025,19,East_exit,19,13
dl_1025,11,East_exit,11,8
dl_1025,12,West_exit,12,8
dl_1025,13,East_exit,13,9
dl_1025,9,East_exit,9,7
dl_1025,10,East_exit,10,7
dl_1025,15,West_exit,15,10
dl_1025,16,East_exit,16,11
dl_1025,24,East_exit,24,17
dl_1025,25,West_exit,25,16
dl_1025,30,East_exit,30,21
dl_1025,31,West_exit,31,20
dl_1025,32,West_exit,32,21
dl_1025,27,East_exit,27,19
dl_1025,28,West_exit,28,18
dl_1026,15,,,
dl_1026,20,West_exit,20,13
dl_1026,21,East_exit,21,15
dl_1026,22,West_exit,22,14
dl_1026,19,East_exit,19,13
dl_1026,12,West_exit,12,8
dl_1026,13,East_exit,13,9
dl_1026,11,East_exit,11,8
dl_1026,15,West_exit,15,10
dl_1026,16,East_exit,16,11
dl_1026,24,East_exit,24,17
dl_1026,25,West_exit,25,16
dl_1026,30,East_exit,30,21
dl_1026,31,West_exit,31,20
dl_1026,32,West_exit,32,21
dl_1026,27,East_exit,27,19
dl_1026,28,West_exit,28,18
dl_1027,11,,,
dl_1027,23,West_exit,23,15
dl_1027,20,West_exit,20,13
dl_1027,19,East_exit,19,13
dl_1027,17,East_exit,17,12
dl_1027,21,East_exit,21,15
dl_1027,24,East_exit,24,17
dl_1027,25,West_exit,25,16
dl_1027,30,East_exit,30,21
dl_1027,31,West_exit,31,20
dl_1027,32,West_exit,32,21
dl_1027,27,East_exit,27,19
dl_1027,28,West_exit,28,18
dl_1028,15,,,
dl_1028,23,West_exit,23,15
dl_1028,14,East_exit,14,10
dl_1028,24,East_exit,24,17
dl_1028,25,West_exit,25,16
dl_1028,20,West_exit,20,13
dl_1028,19,East_exit,19,13
dl_1028,21,East_exit,21,15
dl_1028,15,West_exit,15,10
dl_1028,16,East_exit,16,11
dl_1028,12,East_exit,12,9
dl_1028,13,East_exit,13,9
dl_1028,30,East_exit,30,21
dl_1028,31,West_exit,31,20
dl_1028,32,West_exit,32,21
dl_1028,27,East_exit,27,19
dl_1028,28,West_exit,28,18
dl_1029,13,,,
dl_1029,23,West_exit,23,15
dl_1029,20,West_exit,20,13
dl_1029,19,East_exit,19,13
dl_1029,21,East_exit,21,15
dl_1029,24,East_exit,24,17
dl_1029,25,West_exit,25,16
dl_1029,15,West_exit,15,10
dl_1029,16,East_exit,16,11
dl_1029,14,East_exit,14,10
dl_1029,30,East_exit,30,21
dl_1029,31,West_exit,31,20
dl_1029,32,West_exit,32,21
dl_1029,27,East_exit,27,19
dl_1029,28,West_exit,28,18
dl_1030,17,,,
dl_1030,23,West_exit,23,15
dl_1030,24,East_exit,24,17
dl_1030,25,West_exit,25,16
dl_1030,21,East_exit,21,15
dl_1030,20,West_exit,20,13
dl_1030,19,East_exit,19,13
dl_1030,11,East_exit,11,8
dl_1030,12,West_exit,12,8
dl_1030,13,East_exit,13,9
dl_1030,9,East_exit,9,7
dl_1030,10,East_exit,10,7
dl_1030,15,West_exit,15,10
dl_1030,16,East_exit,16,11
dl_1030,30,East_exit,30,21
dl_1030,31,West_exit,31,20
dl_1030,32,West_exit,32,21
dl_1030,27,East_exit,27,19
dl_1030,28,West_exit,28,18
dl_1031,15,,,
dl_1031,23,West_exit,23,15
dl_1031,20,West_exit,20,13
dl_1031,19,East_exit,19,13
dl_1031,21,East_exit,21,15
dl_1031,24,East_exit,24,17
dl_1031,25,West_exit,25,16
dl_1031,30,East_exit,30,21
dl_1031,31,West_exit,31,20
dl_1031,32,West_exit,32,21
dl_1031,27,East_exit,27,19
dl_1031,28,West_exit,28,18
dl_1031,15,West_exit,15,10
dl_1031,16,East_exit,16,11
dl_1031,12,West_exit,12,8
dl_1031,13,East_exit,13,9
dl_1031,11,East_exit,11,8
dl_1032,9,,,
dl_1032,20,West_exit,20,13
dl_1032,24,East_exit,24,17
dl_1032,26,West_exit,26,17
dl_1032,27,East_exit,27,19
dl_1032,28,West_exit,28,18
dl_1032,29,West_exit,29,19
dl_1032,19,East_exit,19,13
dl_1032,17,East_exit,17,12
dl_1032,21,East_exit,21,15
dl_1032,22,West_exit,22,14
dl_1033,13,,,
dl_1033,20,West_exit,20,13
dl_1033,24,East_exit,24,17
dl_1033,26,West_exit,26,17
dl_1033,27,East_exit,27,19
dl_1033,28,West_exit,28,18
dl_1033,29,West_exit,29,19
dl_1033,14,East_exit,14,10
dl_1033,15,West_exit,15,10
dl_1033,16,East_exit,16,11
dl_1033,12,East_exit,12,9
dl_1033,13,East_exit,13,9
dl_1033,19,East_exit,19,13
dl_1033,21,East_exit,21,15
dl_1033,22,West_exit,22,14
dl_1034,11,,,
dl_1034,20,West_exit,20,13
dl_1034,24,East_exit,24,17
dl_1034,26,West_exit,26,17
dl_1034,27,East_exit,27,19
dl_1034,28,West_exit,28,18
dl_1034,29,West_exit,29,19
dl_1034,19,East_exit,19,13
dl_1034,21,East_exit,21,15
dl_1034,22,West_exit,22,14
dl_1034,15,West_exit,15,10
dl_1034,16,East_exit,16,11
dl_1034,14,East_exit,14,10
dl_1035,15,,,
dl_1035,20,West_exit,20,13
dl_1035,26,West_exit,26,17
dl_1035,27,East_exit,27,19
dl_1035,28,West_exit,28,18
dl_1035,29,West_exit,29,19
dl_1035,24,East_exit,24,17
dl_1035,21,East_exit,21,15
dl_1035,22,West_exit,22,14
dl_1035,19,East_exit,19,13
dl_1035,11,East_exit,11,8
dl_1035,12,West_exit,12,8
dl_1035,13,East_exit,13,9
dl_1035,9,East_exit,9,7
dl_1035,10,East_exit,10,7
dl_1035,15,West_exit,15,10
dl_1035,16,East_exit,16,11
dl_1036,13,,,
dl_1036,20,West_exit,20,13
dl_1036,26,West_exit,26,17
dl_1036,27,East_exit,27,19
dl_1036,28,West_exit,28,18
dl_1036,29,West_exit,29,19
dl_1036,24,East_exit,24,17
dl_1036,21,East_exit,21,15
dl_1036,22,West_exit,22,14
dl_1036,19,East_exit,19,13
dl_1036,12,West_exit,12,8
dl_1036,13,East_exit,13,9
dl_1036,11,East_exit,11,8
dl_1036,15,West_exit,15,10
dl_1036,16,East_exit,16,11
dl_1037,9,,,
dl_1037,20,West_exit,20,13
dl_1037,19,East_exit,19,13
dl_1037,17,East_exit,17,12
dl_1037,21,East_exit,21,15
dl_1037,23,West_exit,23,15
dl_1037,24,East_exit,24,17
dl_1037,26,West_exit,26,17
dl_1037,27,East_exit,27,19
dl_1037,28,West_exit,28,18
dl_1037,29,West_exit,29,19
dl_1038,13,,,
dl_1038,14,East_exit,14,10
dl_1038,20,West_exit,20,13
dl_1038,19,East_exit,19,13
dl_1038,21,East_exit,21,15
dl_1038,23,West_exit,23,15
dl_1038,24,East_exit,24,17
dl_1038,26,West_exit,26,17
dl_1038,27,East_exit,27,19
dl_1038,28,West_exit,28,18
dl_1038,29,West_exit,29,19
dl_1038,15,West_exit,15,10
dl_1038,16,East_exit,16,11
dl_1038,12,East_exit,12,9
dl_1038,13,East_exit,13,9
dl_1039,11,,,
dl_1039,20,West_exit,20,13
dl_1039,19,East_exit,19,13
dl_1039,21,East_exit,21,15
dl_1039,23,West_exit,23,15
dl_1039,24,East_exit,24,17
dl_1039,26,West_exit,26,17
dl_1039,27,East_exit,27,19
dl_1039,28,West_exit,28,18
dl_1039,29,West_exit,29,19
dl_1039,15,West_exit,15,10
dl_1039,16,East_exit,16,11
dl_1039,14,East_exit,14,10
dl_1040,15,,,
dl_1040,26,West_exit,26,17
dl_1040,27,East_exit,27,19
dl_1040,28,West_exit,28,18
dl_1040,29,West_exit,29,19
dl_1040,24,East_exit,24,17
dl_1040,20,West_exit,20,13
dl_1040,23,West_exit,23,15
dl_1040,21,East_exit,21,15
dl_1040,19,East_exit,19,13
dl_1040,11,East_exit,11,8
dl_1040,12,West_exit,12,8
dl_1040,13,East_exit,13,9
dl_1040,9,East_exit,9,7
dl_1040,10,East_exit,10,7
dl_1040,15,West_exit,15,10
dl_1040,16,East_exit,16,11
dl_1041,13,,,
dl_1041,26,West_exit,26,17
dl_1041,27,East_exit,27,19
dl_1041,28,West_exit,28,18
dl_1041,29,West_exit,29,19
dl_1041,24,East_exit,24,17
dl_1041,23,West_exit,23,15
dl_1041,20,West_exit,20,13
dl_1041,19,East_exit,19,13
dl_1041,21,East_exit,21,15
dl_1041,15,West_exit,15,10
dl_1041,16,East_exit,16,11
dl_1041,12,West_exit,12,8
dl_1041,13,East_exit,13,9
dl_1041,11,East_exit,11,8
dl_1042,11,,,
dl_1042,20,West_exit,20,13
dl_1042,26,West_exit,26,17
dl_1042,30,East_exit,30,21
dl_1042,31,West_exit,31,20
dl_1042,32,West_exit,32,21
dl_1042,24,East_exit,24,17
dl_1042,27,East_exit,27,19
dl_1042,28,West_exit,28,18
dl_1042,19,East_exit,19,13
dl_1042,17,East_exit,17,12
dl_1042,21,East_exit,21,15
dl_1042,22,West_exit,22,14
dl_1043,15,,,
dl_1043,14,East_exit,14,10
dl_1043,20,West_exit,20,13
dl_1043,26,West_exit,26,17
dl_1043,30,East_exit,30,21
dl_1043,31,West_exit,31,20
dl_1043,32,West_exit,32,21
dl_1043,24,East_exit,24,17
dl_1043,27,East_exit,27,19
dl_1043,28,West_exit,28,18
dl_1043,19,East_exit,19,13
dl_1043,21,East_exit,21,15
dl_1043,22,West_exit,22,14
dl_1043,15,West_exit,15,10
dl_1043,16,East_exit,16,11
dl_1043,12,East_exit,12,9
dl_1043,13,East_exit,13,9
dl_1044,13,,,
dl_1044,20,West_exit,20,13
dl_1044,26,West_exit,26,17
dl_1044,30,East_exit,30,21
dl_1044,31,West_exit,31,20
dl_1044,32,West_exit,32,21
dl_1044,24,East_exit,24,17
dl_1044,27,East_exit,27,19
dl_1044,28,West_exit,28,18
dl_1044,19,East_exit,19,13
dl_1044,21,East_exit,21,15
dl_1044,22,West_exit,22,14
dl_1044,15,West_exit,15,10
dl_1044,16,East_exit,16,11
dl_1044,14,East_exit,14,10
dl_1045,17,,,
dl_1045,20,West_exit,20,13
dl_1045,26,West_exit,26,17
dl_1045,30,East_exit,30,21
dl_1045,31,West_exit,31,20
dl_1045,32,West_exit,32,21
dl_1045,24,East_exit,24,17
dl_1045,27,East_exit,27,19
dl_1045,28,West_exit,28,18
dl_1045,19,East_exit,19,13
dl_1045,21,East_exit,21,15
dl_1045,22,West_exit,22,14
dl_1045,11,East_exit,11,8
dl_1045,12,West_exit,12,8
dl_1045,13,East_exit,13,9
dl_1045,9,East_exit,9,7
dl_1045,10,East_exit,10,7
dl_1045,15,West_exit,15,10
dl_1045,16,East_exit,16,11
dl_1046,15,,,
dl_1046,20,West_exit,20,13
dl_1046,26,West_exit,26,17
dl_1046,30,East_exit,30,21
dl_1046,31,West_exit,31,20
dl_1046,32,West_exit,32,21
dl_1046,24,East_exit,24,17
dl_1046,27,East_exit,27,19
dl_1046,28,West_exit,28,18
dl_1046,19,East_exit,19,13
dl_1046,21,East_exit,21,15
dl_1046,22,West_exit,22,14
dl_1046,12,West_exit,12,8
dl_1046,13,East_exit,13,9
dl_1046,11,East_exit,11,8
dl_1046,15,West_exit,15,10
dl_1046,16,East_exit,16,11
dl_1047,11,,,
dl_1047,26,West_exit,26,17
dl_1047,30,East_exit,30,21
dl_1047,31,West_exit,31,20
dl_1047,32,West_exit,32,21
dl_1047,23,West_exit,23,15
dl_1047,21,East_exit,21,15
dl_1047,20,West_exit,20,13
dl_1047,24,East_exit,24,17
dl_1047,27,East_exit,27,19
dl_1047,28,West_exit,28,18
dl_1047,19,East_exit,19,13
dl_1047,17,East_exit,17,12
dl_1048,15,,,
dl_1048,26,West_exit,26,17
dl_1048,30,East_exit,30,21
dl_1048,31,West_exit,31,20
dl_1048,32,West_exit,32,21
dl_1048,20,West_exit,20,13
dl_1048,14,East_exit,14,10
dl_1048,15,West_exit,15,10
dl_1048,16,East_exit,16,11
dl_1048,12,East_exit,12,9
dl_1048,13,East_exit,13,9
dl_1048,19,East_exit,19,13
dl_1048,21,East_exit,21,15
dl_1048,23,West_exit,23,15
dl_1048,24,East_exit,24,17
dl_1048,27,East_exit,27,19
dl_1048,28,West_exit,28,18
dl_1049,13,,,
dl_1049,20,West_exit,20,13
dl_1049,26,West_exit,26,17
dl_1049,30,East_exit,30,21
dl_1049,31,West_exit,31,20
dl_1049,32,West_exit,32,21
dl_1049,23,West_exit,23,15
dl_1049,21,East_exit,21,15
dl_1049,24,East_exit,24,17
dl_1049,27,East_exit,27,19
dl_1049,28,West_exit,28,18
dl_1049,19,East_exit,19,13
dl_1049,15,West_exit,15,10
dl_1049,16,East_exit,16,11
dl_1049,14,East_exit,14,10
dl_1050,17,,,
dl_1050,11,East_exit,11,8
dl_1050,26,West_exit,26,17
dl_1050,30,East_exit,30,21
dl_1050,31,West_exit,31,20
dl_1050,32,West_exit,32,21
dl_1050,23,West_exit,23,15
dl_1050,21,East_exit,21,15
dl_1050,20,West_exit,20,13
dl_1050,24,East_exit,24,17
dl_1050,27,East_exit,27,19
dl_1050,28,West_exit,28,18
dl_1050,19,East_exit,19,13
dl_1050,15,West_exit,15,10
dl_1050,16,East_exit,16,11
dl_1050,12,West_exit,12,8
dl_1050,13,East_exit,13,9
dl_1050,9,East_exit,9,7
dl_1050,10,East_exit,10,7
dl_1051,15,,,
dl_1051,26,West_exit,26,17
dl_1051,30,East_exit,30,21
dl_1051,31,West_exit,31,20
dl_1051,32,West_exit,32,21
dl_1051,23,West_exit,23,15
dl_1051,21,East_exit,21,15
dl_1051,20,West_exit,20,13
dl_1051,24,East_exit,24,17
dl_1051,27,East_exit,27,19
dl_1051,28,West_exit,28,18
dl_1051,19,East_exit,19,13
dl_1051,15,West_exit,15,10
dl_1051,16,East_exit,16,11
dl_1051,12,West_exit,12,8
dl_1051,13,East_exit,13,9
dl_1051,11,East_exit,11,8
dl_1052,12,,,
dl_1052,5,West_exit,5,3
dl_1052,6,East_exit,6,5
dl_1052,7,West_exit,7,4
dl_1052,4,East_exit,4,3
dl_1052,2,East_exit,2,2
dl_1052,9,East_exit,9,7
dl_1052,10,West_exit,10,6
dl_1052,15,East_exit,15,11
dl_1052,16,West_exit,16,10
dl_1052,12,East_exit,12,9
dl_1052,13,West_exit,13,8
dl_1052,18,West_exit,18,12
dl_1052,19,West_exit,19,12
dl_1053,12,,,
dl_1053,8,West_exit,8,5
dl_1053,12,East_exit,12,9
dl_1053,13,West_exit,13,8
dl_1053,15,East_exit,15,11
dl_1053,16,West_exit,16,10
dl_1053,6,East_exit,6,5
dl_1053,5,West_exit,5,3
dl_1053,4,East_exit,4,3
dl_1053,2,East_exit,2,2
dl_1053,9,East_exit,9,7
dl_1053,10,West_exit,10,6
dl_1053,18,West_exit,18,12
dl_1053,19,West_exit,19,12
