constraint_id,segment_id/occupancy_limit,terminal,front_signal_segment_id,front_signal_head_node_id
dl_0,3,,,
dl_0,6,West_exit,6,4
dl_0,7,East_exit,7,5
dl_0,8,West_exit,8,5
dl_0,5,East_exit,5,4
dl_1,2,,,
dl_1,17,West_exit,17,11
dl_1,15,East_exit,15,11
dl_1,16,East_exit,16,11
dl_2,2,,,
dl_2,14,East_exit,14,10
dl_2,15,West_exit,15,10
dl_2,16,West_exit,16,10
dl_3,2,,,
dl_3,17,East_exit,17,12
dl_3,18,West_exit,18,12
dl_3,19,West_exit,19,12
dl_4,3,,,
dl_4,6,East_exit,6,5
dl_4,7,West_exit,7,4
dl_4,5,East_exit,5,4
dl_4,8,West_exit,8,5
dl_5,2,,,
dl_5,20,East_exit,20,14
dl_5,21,West_exit,21,14
dl_5,22,West_exit,22,14
dl_6,3,,,
dl_6,18,East_exit,18,13
dl_6,19,West_exit,19,12
dl_6,17,East_exit,17,12
dl_6,20,West_exit,20,13
dl_7,3,,,
dl_7,15,East_exit,15,11
dl_7,16,West_exit,16,10
dl_7,14,East_exit,14,10
dl_7,17,West_exit,17,11
dl_8,4,,,
dl_8,18,East_exit,18,13
dl_8,19,West_exit,19,12
dl_8,17,East_exit,17,12
dl_8,21,West_exit,21,14
dl_8,22,West_exit,22,14
dl_9,3,,,
dl_9,12,East_exit,12,9
dl_9,13,West_exit,13,8
dl_9,11,East_exit,11,8
dl_9,14,West_exit,14,9
dl_10,3,,,
dl_10,9,East_exit,9,7
dl_10,10,West_exit,10,6
dl_10,8,East_exit,8,6
dl_10,11,West_exit,11,7
dl_11,3,,,
dl_11,3,East_exit,3,3
dl_11,4,West_exit,4,2
dl_11,2,East_exit,2,2
dl_11,5,West_exit,5,3
dl_12,5,,,
dl_12,3,East_exit,3,3
dl_12,4,West_exit,4,2
dl_12,2,East_exit,2,2
dl_12,6,East_exit,6,5
dl_12,7,West_exit,7,4
dl_12,8,West_exit,8,5
dl_13,5,,,
dl_13,6,East_exit,6,5
dl_13,7,West_exit,7,4
dl_13,5,East_exit,5,4
dl_13,9,East_exit,9,7
dl_13,10,West_exit,10,6
dl_13,11,West_exit,11,7
dl_14,7,,,
dl_14,3,East_exit,3,3
dl_14,4,West_exit,4,2
dl_14,2,East_exit,2,2
dl_14,9,East_exit,9,7
dl_14,10,West_exit,10,6
dl_14,11,West_exit,11,7
dl_14,6,East_exit,6,5
dl_14,7,West_exit,7,4
dl_15,5,,,
dl_15,9,East_exit,9,7
dl_15,10,West_exit,10,6
dl_15,8,East_exit,8,6
dl_15,12,East_exit,12,9
dl_15,13,West_exit,13,8
dl_15,14,West_exit,14,9
dl_16,7,,,
dl_16,6,East_exit,6,5
dl_16,7,West_exit,7,4
dl_16,5,East_exit,5,4
dl_16,12,East_exit,12,9
dl_16,13,West_exit,13,8
dl_16,14,West_exit,14,9
dl_16,9,East_exit,9,7
dl_16,10,West_exit,10,6
dl_17,9,,,
dl_17,3,East_exit,3,3
dl_17,4,West_exit,4,2
dl_17,2,East_exit,2,2
dl_17,6,East_exit,6,5
dl_17,7,West_exit,7,4
dl_17,12,East_exit,12,9
dl_17,13,West_exit,13,8
dl_17,14,West_exit,14,9
dl_17,9,East_exit,9,7
dl_17,10,West_exit,10,6
dl_18,3,,,
dl_18,3,West_exit,3,2
dl_18,4,East_exit,4,3
dl_18,5,West_exit,5,3
dl_18,2,East_exit,2,2
dl_19,3,,,
dl_19,9,West_exit,9,6
dl_19,10,East_exit,10,7
dl_19,11,West_exit,11,7
dl_19,8,East_exit,8,6
dl_20,3,,,
dl_20,12,West_exit,12,8
dl_20,13,East_exit,13,9
dl_20,14,West_exit,14,9
dl_20,11,East_exit,11,8
dl_21,3,,,
dl_21,15,West_exit,15,10
dl_21,16,East_exit,16,11
dl_21,17,West_exit,17,11
dl_21,14,East_exit,14,10
dl_22,3,,,
dl_22,18,West_exit,18,12
dl_22,19,East_exit,19,13
dl_22,20,West_exit,20,13
dl_22,17,East_exit,17,12
dl_23,3,,,
dl_23,21,West_exit,21,14
dl_23,22,East_exit,22,15
dl_23,23,West_exit,23,15
dl_23,20,East_exit,20,14
dl_24,3,,,
dl_24,24,West_exit,24,16
dl_24,25,East_exit,25,17
dl_24,26,West_exit,26,17
dl_24,23,East_exit,23,16
dl_25,3,,,
dl_25,27,West_exit,27,18
dl_25,28,East_exit,28,19
dl_25,29,West_exit,29,19
dl_25,26,East_exit,26,18
dl_26,2,,,
dl_26,14,West_exit,14,9
dl_26,12,East_exit,12,9
dl_26,13,East_exit,13,9
dl_27,3,,,
dl_27,30,West_exit,30,20
dl_27,31,East_exit,31,21
dl_27,32,West_exit,32,21
dl_27,29,East_exit,29,20
dl_28,5,,,
dl_28,9,West_exit,9,6
dl_28,10,East_exit,10,7
dl_28,11,West_exit,11,7
dl_28,6,West_exit,6,4
dl_28,7,East_exit,7,5
dl_28,5,East_exit,5,4
dl_29,5,,,
dl_29,6,West_exit,6,4
dl_29,7,East_exit,7,5
dl_29,8,West_exit,8,5
dl_29,3,West_exit,3,2
dl_29,4,East_exit,4,3
dl_29,2,East_exit,2,2
dl_30,7,,,
dl_30,9,West_exit,9,6
dl_30,10,East_exit,10,7
dl_30,11,West_exit,11,7
dl_30,6,West_exit,6,4
dl_30,7,East_exit,7,5
dl_30,3,West_exit,3,2
dl_30,4,East_exit,4,3
dl_30,2,East_exit,2,2
dl_31,2,,,
dl_31,29,West_exit,29,19
dl_31,27,East_exit,27,19
dl_31,28,East_exit,28,19
dl_32,2,,,
dl_32,20,West_exit,20,13
dl_32,18,East_exit,18,13
dl_32,19,East_exit,19,13
dl_33,2,,,
dl_33,23,East_exit,23,16
dl_33,24,West_exit,24,16
dl_33,25,West_exit,25,16
dl_34,2,,,
dl_34,5,West_exit,5,3
dl_34,3,East_exit,3,3
dl_34,4,East_exit,4,3
dl_35,3,,,
dl_35,30,East_exit,30,21
dl_35,31,West_exit,31,20
dl_35,32,West_exit,32,21
dl_35,29,East_exit,29,20
dl_36,2,,,
dl_36,23,West_exit,23,15
dl_36,21,East_exit,21,15
dl_36,22,East_exit,22,15
dl_37,2,,,
dl_37,32,West_exit,32,21
dl_37,30,East_exit,30,21
dl_37,31,East_exit,31,21
dl_38,2,,,
dl_38,26,East_exit,26,18
dl_38,27,West_exit,27,18
dl_38,28,West_exit,28,18
dl_39,2,,,
dl_39,11,East_exit,11,8
dl_39,12,West_exit,12,8
dl_39,13,West_exit,13,8
dl_40,3,,,
dl_40,21,East_exit,21,15
dl_40,22,West_exit,22,14
dl_40,20,East_exit,20,14
dl_40,23,West_exit,23,15
dl_41,5,,,
dl_41,18,East_exit,18,13
dl_41,19,West_exit,19,12
dl_41,17,East_exit,17,12
dl_41,21,East_exit,21,15
dl_41,22,West_exit,22,14
dl_41,23,West_exit,23,15
dl_42,5,,,
dl_42,14,East_exit,14,10
dl_42,15,East_exit,15,11
dl_42,16,West_exit,16,10
dl_42,18,East_exit,18,13
dl_42,19,West_exit,19,12
dl_42,20,West_exit,20,13
dl_43,7,,,
dl_43,14,East_exit,14,10
dl_43,15,East_exit,15,11
dl_43,16,West_exit,16,10
dl_43,21,East_exit,21,15
dl_43,22,West_exit,22,14
dl_43,23,West_exit,23,15
dl_43,18,East_exit,18,13
dl_43,19,West_exit,19,12
dl_44,4,,,
dl_44,21,East_exit,21,15
dl_44,22,West_exit,22,14
dl_44,20,East_exit,20,14
dl_44,24,West_exit,24,16
dl_44,25,West_exit,25,16
dl_45,6,,,
dl_45,18,East_exit,18,13
dl_45,19,West_exit,19,12
dl_45,17,East_exit,17,12
dl_45,21,East_exit,21,15
dl_45,22,West_exit,22,14
dl_45,24,West_exit,24,16
dl_45,25,West_exit,25,16
dl_46,8,,,
dl_46,14,East_exit,14,10
dl_46,15,East_exit,15,11
dl_46,16,West_exit,16,10
dl_46,21,East_exit,21,15
dl_46,22,West_exit,22,14
dl_46,18,East_exit,18,13
dl_46,19,West_exit,19,12
dl_46,24,West_exit,24,16
dl_46,25,West_exit,25,16
dl_47,5,,,
dl_47,24,West_exit,24,16
dl_47,25,East_exit,25,17
dl_47,26,West_exit,26,17
dl_47,21,East_exit,21,15
dl_47,22,West_exit,22,14
dl_47,20,East_exit,20,14
dl_48,7,,,
dl_48,18,East_exit,18,13
dl_48,19,West_exit,19,12
dl_48,17,East_exit,17,12
dl_48,24,West_exit,24,16
dl_48,25,East_exit,25,17
dl_48,26,West_exit,26,17
dl_48,21,East_exit,21,15
dl_48,22,West_exit,22,14
dl_49,4,,,
dl_49,24,West_exit,24,16
dl_49,25,East_exit,25,17
dl_49,23,East_exit,23,16
dl_49,27,West_exit,27,18
dl_49,28,West_exit,28,18
dl_50,6,,,
dl_50,21,East_exit,21,15
dl_50,22,West_exit,22,14
dl_50,20,East_exit,20,14
dl_50,24,West_exit,24,16
dl_50,25,East_exit,25,17
dl_50,27,West_exit,27,18
dl_50,28,West_exit,28,18
dl_51,8,,,
dl_51,18,East_exit,18,13
dl_51,19,West_exit,19,12
dl_51,17,East_exit,17,12
dl_51,24,West_exit,24,16
dl_51,25,East_exit,25,17
dl_51,21,East_exit,21,15
dl_51,22,West_exit,22,14
dl_51,27,West_exit,27,18
dl_51,28,West_exit,28,18
dl_52,11,,,
dl_52,15,East_exit,15,11
dl_52,16,West_exit,16,10
dl_52,14,East_exit,14,10
dl_52,18,East_exit,18,13
dl_52,19,West_exit,19,12
dl_52,26,West_exit,26,17
dl_52,24,West_exit,24,16
dl_52,25,East_exit,25,17
dl_52,27,West_exit,27,18
dl_52,28,West_exit,28,18
dl_52,21,East_exit,21,15
dl_52,22,West_exit,22,14
dl_53,9,,,
dl_53,15,East_exit,15,11
dl_53,16,West_exit,16,10
dl_53,14,East_exit,14,10
dl_53,18,East_exit,18,13
dl_53,19,West_exit,19,12
dl_53,24,West_exit,24,16
dl_53,25,East_exit,25,17
dl_53,26,West_exit,26,17
dl_53,21,East_exit,21,15
dl_53,22,West_exit,22,14
dl_54,10,,,
dl_54,15,East_exit,15,11
dl_54,16,West_exit,16,10
dl_54,14,East_exit,14,10
dl_54,18,East_exit,18,13
dl_54,19,West_exit,19,12
dl_54,24,West_exit,24,16
dl_54,25,East_exit,25,17
dl_54,21,East_exit,21,15
dl_54,22,West_exit,22,14
dl_54,27,West_exit,27,18
dl_54,28,West_exit,28,18
dl_55,5,,,
dl_55,21,East_exit,21,15
dl_55,23,West_exit,23,15
dl_55,26,West_exit,26,17
dl_55,24,West_exit,24,16
dl_55,25,East_exit,25,17
dl_55,20,East_exit,20,14
dl_56,7,,,
dl_56,18,East_exit,18,13
dl_56,19,West_exit,19,12
dl_56,17,East_exit,17,12
dl_56,26,West_exit,26,17
dl_56,21,East_exit,21,15
dl_56,23,West_exit,23,15
dl_56,24,West_exit,24,16
dl_56,25,East_exit,25,17
dl_57,6,,,
dl_57,21,East_exit,21,15
dl_57,23,West_exit,23,15
dl_57,24,West_exit,24,16
dl_57,25,East_exit,25,17
dl_57,20,East_exit,20,14
dl_57,27,West_exit,27,18
dl_57,28,West_exit,28,18
dl_58,8,,,
dl_58,18,East_exit,18,13
dl_58,19,West_exit,19,12
dl_58,17,East_exit,17,12
dl_58,21,East_exit,21,15
dl_58,23,West_exit,23,15
dl_58,24,West_exit,24,16
dl_58,25,East_exit,25,17
dl_58,27,West_exit,27,18
dl_58,28,West_exit,28,18
dl_59,11,,,
dl_59,26,West_exit,26,17
dl_59,23,West_exit,23,15
dl_59,24,West_exit,24,16
dl_59,25,East_exit,25,17
dl_59,15,East_exit,15,11
dl_59,16,West_exit,16,10
dl_59,14,East_exit,14,10
dl_59,21,East_exit,21,15
dl_59,18,East_exit,18,13
dl_59,19,West_exit,19,12
dl_59,27,West_exit,27,18
dl_59,28,West_exit,28,18
dl_60,9,,,
dl_60,24,West_exit,24,16
dl_60,25,East_exit,25,17
dl_60,26,West_exit,26,17
dl_60,23,West_exit,23,15
dl_60,15,East_exit,15,11
dl_60,16,West_exit,16,10
dl_60,14,East_exit,14,10
dl_60,21,East_exit,21,15
dl_60,18,East_exit,18,13
dl_60,19,West_exit,19,12
dl_61,10,,,
dl_61,24,West_exit,24,16
dl_61,25,East_exit,25,17
dl_61,23,West_exit,23,15
dl_61,15,East_exit,15,11
dl_61,16,West_exit,16,10
dl_61,14,East_exit,14,10
dl_61,21,East_exit,21,15
dl_61,18,East_exit,18,13
dl_61,19,West_exit,19,12
dl_61,27,West_exit,27,18
dl_61,28,West_exit,28,18
dl_62,2,,,
dl_62,26,West_exit,26,17
dl_62,24,East_exit,24,17
dl_62,25,East_exit,25,17
dl_63,4,,,
dl_63,26,West_exit,26,17
dl_63,25,East_exit,25,17
dl_63,23,East_exit,23,16
dl_63,27,West_exit,27,18
dl_63,28,West_exit,28,18
dl_64,6,,,
dl_64,26,West_exit,26,17
dl_64,21,East_exit,21,15
dl_64,22,West_exit,22,14
dl_64,20,East_exit,20,14
dl_64,25,East_exit,25,17
dl_64,27,West_exit,27,18
dl_64,28,West_exit,28,18
dl_65,8,,,
dl_65,18,East_exit,18,13
dl_65,19,West_exit,19,12
dl_65,17,East_exit,17,12
dl_65,26,West_exit,26,17
dl_65,25,East_exit,25,17
dl_65,27,West_exit,27,18
dl_65,28,West_exit,28,18
dl_65,21,East_exit,21,15
dl_65,22,West_exit,22,14
dl_66,6,,,
dl_66,26,West_exit,26,17
dl_66,21,East_exit,21,15
dl_66,23,West_exit,23,15
dl_66,25,East_exit,25,17
dl_66,20,East_exit,20,14
dl_66,27,West_exit,27,18
dl_66,28,West_exit,28,18
dl_67,8,,,
dl_67,26,West_exit,26,17
dl_67,18,East_exit,18,13
dl_67,19,West_exit,19,12
dl_67,17,East_exit,17,12
dl_67,23,West_exit,23,15
dl_67,21,East_exit,21,15
dl_67,25,East_exit,25,17
dl_67,27,West_exit,27,18
dl_67,28,West_exit,28,18
dl_68,10,,,
dl_68,15,East_exit,15,11
dl_68,16,West_exit,16,10
dl_68,14,East_exit,14,10
dl_68,18,East_exit,18,13
dl_68,19,West_exit,19,12
dl_68,26,West_exit,26,17
dl_68,25,East_exit,25,17
dl_68,27,West_exit,27,18
dl_68,28,West_exit,28,18
dl_68,21,East_exit,21,15
dl_68,22,West_exit,22,14
dl_69,10,,,
dl_69,15,East_exit,15,11
dl_69,16,West_exit,16,10
dl_69,14,East_exit,14,10
dl_69,26,West_exit,26,17
dl_69,21,East_exit,21,15
dl_69,23,West_exit,23,15
dl_69,25,East_exit,25,17
dl_69,27,West_exit,27,18
dl_69,28,West_exit,28,18
dl_69,18,East_exit,18,13
dl_69,19,West_exit,19,12
dl_70,2,,,
dl_70,8,East_exit,8,6
dl_70,9,West_exit,9,6
dl_70,10,West_exit,10,6
dl_71,2,,,
dl_71,8,West_exit,8,5
dl_71,6,East_exit,6,5
dl_71,7,East_exit,7,5
dl_72,2,,,
dl_72,11,West_exit,11,7
dl_72,9,East_exit,9,7
dl_72,10,East_exit,10,7
dl_73,4,,,
dl_73,6,West_exit,6,4
dl_73,7,East_exit,7,5
dl_73,8,West_exit,8,5
dl_73,3,East_exit,3,3
dl_73,4,East_exit,4,3
dl_74,2,,,
dl_74,29,East_exit,29,20
dl_74,30,West_exit,30,20
dl_74,31,West_exit,31,20
dl_75,6,,,
dl_75,9,West_exit,9,6
dl_75,10,East_exit,10,7
dl_75,11,West_exit,11,7
dl_75,6,West_exit,6,4
dl_75,7,East_exit,7,5
dl_75,3,East_exit,3,3
dl_75,4,East_exit,4,3
dl_76,5,,,
dl_76,21,West_exit,21,14
dl_76,22,East_exit,22,15
dl_76,23,West_exit,23,15
dl_76,18,West_exit,18,12
dl_76,19,East_exit,19,13
dl_76,17,East_exit,17,12
dl_77,5,,,
dl_77,18,West_exit,18,12
dl_77,19,East_exit,19,13
dl_77,20,West_exit,20,13
dl_77,15,West_exit,15,10
dl_77,16,East_exit,16,11
dl_77,14,East_exit,14,10
dl_78,7,,,
dl_78,21,West_exit,21,14
dl_78,22,East_exit,22,15
dl_78,23,West_exit,23,15
dl_78,15,West_exit,15,10
dl_78,16,East_exit,16,11
dl_78,14,East_exit,14,10
dl_78,18,West_exit,18,12
dl_78,19,East_exit,19,13
dl_79,4,,,
dl_79,9,West_exit,9,6
dl_79,10,East_exit,10,7
dl_79,11,West_exit,11,7
dl_79,6,East_exit,6,5
dl_79,7,East_exit,7,5
dl_80,3,,,
dl_80,27,East_exit,27,19
dl_80,28,West_exit,28,18
dl_80,26,East_exit,26,18
dl_80,29,West_exit,29,19
dl_81,3,,,
dl_81,24,East_exit,24,17
dl_81,25,West_exit,25,16
dl_81,23,East_exit,23,16
dl_81,26,West_exit,26,17
dl_82,5,,,
dl_82,21,East_exit,21,15
dl_82,22,West_exit,22,14
dl_82,20,East_exit,20,14
dl_82,24,East_exit,24,17
dl_82,25,West_exit,25,16
dl_82,26,West_exit,26,17
dl_83,7,,,
dl_83,18,East_exit,18,13
dl_83,19,West_exit,19,12
dl_83,17,East_exit,17,12
dl_83,21,East_exit,21,15
dl_83,22,West_exit,22,14
dl_83,24,East_exit,24,17
dl_83,25,West_exit,25,16
dl_83,26,West_exit,26,17
dl_84,5,,,
dl_84,24,East_exit,24,17
dl_84,25,West_exit,25,16
dl_84,23,East_exit,23,16
dl_84,27,East_exit,27,19
dl_84,28,West_exit,28,18
dl_84,29,West_exit,29,19
dl_85,7,,,
dl_85,21,East_exit,21,15
dl_85,22,West_exit,22,14
dl_85,20,East_exit,20,14
dl_85,27,East_exit,27,19
dl_85,28,West_exit,28,18
dl_85,29,West_exit,29,19
dl_85,24,East_exit,24,17
dl_85,25,West_exit,25,16
dl_86,9,,,
dl_86,18,East_exit,18,13
dl_86,19,West_exit,19,12
dl_86,17,East_exit,17,12
dl_86,21,East_exit,21,15
dl_86,22,West_exit,22,14
dl_86,27,East_exit,27,19
dl_86,28,West_exit,28,18
dl_86,29,West_exit,29,19
dl_86,24,East_exit,24,17
dl_86,25,West_exit,25,16
dl_87,7,,,
dl_87,26,West_exit,26,17
dl_87,24,West_exit,24,16
dl_87,25,East_exit,25,17
dl_87,21,West_exit,21,14
dl_87,22,East_exit,22,15
dl_87,20,East_exit,20,14
dl_87,27,West_exit,27,18
dl_87,28,West_exit,28,18
dl_88,5,,,
dl_88,24,West_exit,24,16
dl_88,25,East_exit,25,17
dl_88,26,West_exit,26,17
dl_88,21,West_exit,21,14
dl_88,22,East_exit,22,15
dl_88,20,East_exit,20,14
dl_89,5,,,
dl_89,3,East_exit,3,3
dl_89,4,West_exit,4,2
dl_89,2,East_exit,2,2
dl_89,6,West_exit,6,4
dl_89,7,East_exit,7,5
dl_89,8,West_exit,8,5
dl_90,7,,,
dl_90,9,West_exit,9,6
dl_90,10,East_exit,10,7
dl_90,11,West_exit,11,7
dl_90,3,East_exit,3,3
dl_90,4,West_exit,4,2
dl_90,2,East_exit,2,2
dl_90,6,West_exit,6,4
dl_90,7,East_exit,7,5
dl_91,5,,,
dl_91,6,East_exit,6,5
dl_91,7,West_exit,7,4
dl_91,8,West_exit,8,5
dl_91,3,West_exit,3,2
dl_91,4,East_exit,4,3
dl_91,2,East_exit,2,2
dl_92,10,,,
dl_92,6,East_exit,6,5
dl_92,7,West_exit,7,4
dl_92,9,East_exit,9,7
dl_92,10,West_exit,10,6
dl_92,11,West_exit,11,7
dl_92,12,East_exit,12,9
dl_92,13,West_exit,13,8
dl_92,14,West_exit,14,9
dl_92,3,West_exit,3,2
dl_92,4,East_exit,4,3
dl_92,2,East_exit,2,2
dl_93,7,,,
dl_93,6,East_exit,6,5
dl_93,7,West_exit,7,4
dl_93,9,East_exit,9,7
dl_93,10,West_exit,10,6
dl_93,11,West_exit,11,7
dl_93,3,West_exit,3,2
dl_93,4,East_exit,4,3
dl_93,2,East_exit,2,2
dl_94,9,,,
dl_94,6,East_exit,6,5
dl_94,7,West_exit,7,4
dl_94,12,East_exit,12,9
dl_94,13,West_exit,13,8
dl_94,14,West_exit,14,9
dl_94,9,East_exit,9,7
dl_94,10,West_exit,10,6
dl_94,3,West_exit,3,2
dl_94,4,East_exit,4,3
dl_94,2,East_exit,2,2
dl_95,5,,,
dl_95,11,East_exit,11,8
dl_95,12,East_exit,12,9
dl_95,13,West_exit,13,8
dl_95,15,East_exit,15,11
dl_95,16,West_exit,16,10
dl_95,17,West_exit,17,11
dl_96,7,,,
dl_96,9,East_exit,9,7
dl_96,10,West_exit,10,6
dl_96,8,East_exit,8,6
dl_96,12,East_exit,12,9
dl_96,13,West_exit,13,8
dl_96,15,East_exit,15,11
dl_96,16,West_exit,16,10
dl_96,17,West_exit,17,11
dl_97,9,,,
dl_97,6,East_exit,6,5
dl_97,7,West_exit,7,4
dl_97,5,East_exit,5,4
dl_97,9,East_exit,9,7
dl_97,10,West_exit,10,6
dl_97,12,East_exit,12,9
dl_97,13,West_exit,13,8
dl_97,15,East_exit,15,11
dl_97,16,West_exit,16,10
dl_97,17,West_exit,17,11
dl_98,11,,,
dl_98,6,East_exit,6,5
dl_98,7,West_exit,7,4
dl_98,9,East_exit,9,7
dl_98,10,West_exit,10,6
dl_98,3,West_exit,3,2
dl_98,4,East_exit,4,3
dl_98,2,East_exit,2,2
dl_98,12,East_exit,12,9
dl_98,13,West_exit,13,8
dl_98,15,East_exit,15,11
dl_98,16,West_exit,16,10
dl_98,17,West_exit,17,11
dl_99,5,,,
dl_99,8,West_exit,8,5
dl_99,9,East_exit,9,7
dl_99,10,West_exit,10,6
dl_99,11,West_exit,11,7
dl_99,6,East_exit,6,5
dl_99,5,East_exit,5,4
dl_100,10,,,
dl_100,8,West_exit,8,5
dl_100,12,East_exit,12,9
dl_100,13,West_exit,13,8
dl_100,14,West_exit,14,9
dl_100,15,East_exit,15,11
dl_100,16,West_exit,16,10
dl_100,17,West_exit,17,11
dl_100,6,East_exit,6,5
dl_100,5,East_exit,5,4
dl_100,9,East_exit,9,7
dl_100,10,West_exit,10,6
dl_101,7,,,
dl_101,8,West_exit,8,5
dl_101,12,East_exit,12,9
dl_101,13,West_exit,13,8
dl_101,14,West_exit,14,9
dl_101,9,East_exit,9,7
dl_101,10,West_exit,10,6
dl_101,6,East_exit,6,5
dl_101,5,East_exit,5,4
dl_102,9,,,
dl_102,8,West_exit,8,5
dl_102,9,East_exit,9,7
dl_102,10,West_exit,10,6
dl_102,6,East_exit,6,5
dl_102,5,East_exit,5,4
dl_102,12,East_exit,12,9
dl_102,13,West_exit,13,8
dl_102,15,East_exit,15,11
dl_102,16,West_exit,16,10
dl_102,17,West_exit,17,11
dl_103,10,,,
dl_103,8,West_exit,8,5
dl_103,9,East_exit,9,7
dl_103,10,West_exit,10,6
dl_103,11,West_exit,11,7
dl_103,6,East_exit,6,5
dl_103,12,East_exit,12,9
dl_103,13,West_exit,13,8
dl_103,14,West_exit,14,9
dl_103,3,West_exit,3,2
dl_103,4,East_exit,4,3
dl_103,2,East_exit,2,2
dl_104,12,,,
dl_104,11,West_exit,11,7
dl_104,15,East_exit,15,11
dl_104,16,West_exit,16,10
dl_104,17,West_exit,17,11
dl_104,8,West_exit,8,5
dl_104,9,East_exit,9,7
dl_104,10,West_exit,10,6
dl_104,6,East_exit,6,5
dl_104,12,East_exit,12,9
dl_104,13,West_exit,13,8
dl_104,3,West_exit,3,2
dl_104,4,East_exit,4,3
dl_104,2,East_exit,2,2
dl_105,7,,,
dl_105,8,West_exit,8,5
dl_105,9,East_exit,9,7
dl_105,10,West_exit,10,6
dl_105,11,West_exit,11,7
dl_105,6,East_exit,6,5
dl_105,3,West_exit,3,2
dl_105,4,East_exit,4,3
dl_105,2,East_exit,2,2
dl_106,12,,,
dl_106,8,West_exit,8,5
dl_106,12,East_exit,12,9
dl_106,13,West_exit,13,8
dl_106,14,West_exit,14,9
dl_106,15,East_exit,15,11
dl_106,16,West_exit,16,10
dl_106,17,West_exit,17,11
dl_106,6,East_exit,6,5
dl_106,9,East_exit,9,7
dl_106,10,West_exit,10,6
dl_106,3,West_exit,3,2
dl_106,4,East_exit,4,3
dl_106,2,East_exit,2,2
dl_107,9,,,
dl_107,8,West_exit,8,5
dl_107,12,East_exit,12,9
dl_107,13,West_exit,13,8
dl_107,14,West_exit,14,9
dl_107,9,East_exit,9,7
dl_107,10,West_exit,10,6
dl_107,6,East_exit,6,5
dl_107,3,West_exit,3,2
dl_107,4,East_exit,4,3
dl_107,2,East_exit,2,2
dl_108,11,,,
dl_108,3,West_exit,3,2
dl_108,4,East_exit,4,3
dl_108,2,East_exit,2,2
dl_108,8,West_exit,8,5
dl_108,9,East_exit,9,7
dl_108,10,West_exit,10,6
dl_108,6,East_exit,6,5
dl_108,12,East_exit,12,9
dl_108,13,West_exit,13,8
dl_108,15,East_exit,15,11
dl_108,16,West_exit,16,10
dl_108,17,West_exit,17,11
dl_109,5,,,
dl_109,11,West_exit,11,7
dl_109,12,East_exit,12,9
dl_109,13,West_exit,13,8
dl_109,14,West_exit,14,9
dl_109,9,East_exit,9,7
dl_109,8,East_exit,8,6
dl_110,7,,,
dl_110,11,West_exit,11,7
dl_110,12,East_exit,12,9
dl_110,13,West_exit,13,8
dl_110,14,West_exit,14,9
dl_110,5,East_exit,5,4
dl_110,9,East_exit,9,7
dl_110,6,East_exit,6,5
dl_110,7,West_exit,7,4
dl_111,7,,,
dl_111,11,West_exit,11,7
dl_111,12,East_exit,12,9
dl_111,13,West_exit,13,8
dl_111,9,East_exit,9,7
dl_111,8,East_exit,8,6
dl_111,15,East_exit,15,11
dl_111,16,West_exit,16,10
dl_111,17,West_exit,17,11
dl_112,9,,,
dl_112,11,West_exit,11,7
dl_112,12,East_exit,12,9
dl_112,13,West_exit,13,8
dl_112,5,East_exit,5,4
dl_112,9,East_exit,9,7
dl_112,6,East_exit,6,5
dl_112,7,West_exit,7,4
dl_112,15,East_exit,15,11
dl_112,16,West_exit,16,10
dl_112,17,West_exit,17,11
dl_113,12,,,
dl_113,11,West_exit,11,7
dl_113,12,East_exit,12,9
dl_113,13,West_exit,13,8
dl_113,14,West_exit,14,9
dl_113,9,East_exit,9,7
dl_113,6,East_exit,6,5
dl_113,7,West_exit,7,4
dl_113,15,East_exit,15,11
dl_113,16,West_exit,16,10
dl_113,17,West_exit,17,11
dl_113,3,West_exit,3,2
dl_113,4,East_exit,4,3
dl_113,2,East_exit,2,2
dl_114,9,,,
dl_114,11,West_exit,11,7
dl_114,12,East_exit,12,9
dl_114,13,West_exit,13,8
dl_114,14,West_exit,14,9
dl_114,9,East_exit,9,7
dl_114,6,East_exit,6,5
dl_114,7,West_exit,7,4
dl_114,3,West_exit,3,2
dl_114,4,East_exit,4,3
dl_114,2,East_exit,2,2
dl_115,11,,,
dl_115,3,West_exit,3,2
dl_115,4,East_exit,4,3
dl_115,2,East_exit,2,2
dl_115,11,West_exit,11,7
dl_115,12,East_exit,12,9
dl_115,13,West_exit,13,8
dl_115,9,East_exit,9,7
dl_115,6,East_exit,6,5
dl_115,7,West_exit,7,4
dl_115,15,East_exit,15,11
dl_115,16,West_exit,16,10
dl_115,17,West_exit,17,11
dl_116,10,,,
dl_116,6,East_exit,6,5
dl_116,8,West_exit,8,5
dl_116,11,West_exit,11,7
dl_116,12,East_exit,12,9
dl_116,13,West_exit,13,8
dl_116,14,West_exit,14,9
dl_116,5,East_exit,5,4
dl_116,9,East_exit,9,7
dl_116,15,East_exit,15,11
dl_116,16,West_exit,16,10
dl_116,17,West_exit,17,11
dl_117,7,,,
dl_117,6,East_exit,6,5
dl_117,8,West_exit,8,5
dl_117,11,West_exit,11,7
dl_117,12,East_exit,12,9
dl_117,13,West_exit,13,8
dl_117,14,West_exit,14,9
dl_117,9,East_exit,9,7
dl_117,5,East_exit,5,4
dl_118,9,,,
dl_118,6,East_exit,6,5
dl_118,8,West_exit,8,5
dl_118,11,West_exit,11,7
dl_118,12,East_exit,12,9
dl_118,13,West_exit,13,8
dl_118,9,East_exit,9,7
dl_118,5,East_exit,5,4
dl_118,15,East_exit,15,11
dl_118,16,West_exit,16,10
dl_118,17,West_exit,17,11
dl_119,12,,,
dl_119,6,East_exit,6,5
dl_119,8,West_exit,8,5
dl_119,11,West_exit,11,7
dl_119,12,East_exit,12,9
dl_119,13,West_exit,13,8
dl_119,14,West_exit,14,9
dl_119,9,East_exit,9,7
dl_119,15,East_exit,15,11
dl_119,16,West_exit,16,10
dl_119,17,West_exit,17,11
dl_119,3,West_exit,3,2
dl_119,4,East_exit,4,3
dl_119,2,East_exit,2,2
dl_120,9,,,
dl_120,6,East_exit,6,5
dl_120,8,West_exit,8,5
dl_120,11,West_exit,11,7
dl_120,12,East_exit,12,9
dl_120,13,West_exit,13,8
dl_120,14,West_exit,14,9
dl_120,9,East_exit,9,7
dl_120,3,West_exit,3,2
dl_120,4,East_exit,4,3
dl_120,2,East_exit,2,2
dl_121,11,,,
dl_121,6,East_exit,6,5
dl_121,8,West_exit,8,5
dl_121,11,West_exit,11,7
dl_121,12,East_exit,12,9
dl_121,13,West_exit,13,8
dl_121,9,East_exit,9,7
dl_121,3,West_exit,3,2
dl_121,4,East_exit,4,3
dl_121,2,East_exit,2,2
dl_121,15,East_exit,15,11
dl_121,16,West_exit,16,10
dl_121,17,West_exit,17,11
dl_122,7,,,
dl_122,12,East_exit,12,9
dl_122,13,West_exit,13,8
dl_122,11,East_exit,11,8
dl_122,15,East_exit,15,11
dl_122,16,West_exit,16,10
dl_122,18,East_exit,18,13
dl_122,19,West_exit,19,12
dl_122,20,West_exit,20,13
dl_123,9,,,
dl_123,9,East_exit,9,7
dl_123,10,West_exit,10,6
dl_123,8,East_exit,8,6
dl_123,12,East_exit,12,9
dl_123,13,West_exit,13,8
dl_123,15,East_exit,15,11
dl_123,16,West_exit,16,10
dl_123,18,East_exit,18,13
dl_123,19,West_exit,19,12
dl_123,20,West_exit,20,13
dl_124,11,,,
dl_124,6,East_exit,6,5
dl_124,7,West_exit,7,4
dl_124,5,East_exit,5,4
dl_124,12,East_exit,12,9
dl_124,13,West_exit,13,8
dl_124,9,East_exit,9,7
dl_124,10,West_exit,10,6
dl_124,15,East_exit,15,11
dl_124,16,West_exit,16,10
dl_124,18,East_exit,18,13
dl_124,19,West_exit,19,12
dl_124,20,West_exit,20,13
dl_125,13,,,
dl_125,6,East_exit,6,5
dl_125,7,West_exit,7,4
dl_125,12,East_exit,12,9
dl_125,13,West_exit,13,8
dl_125,9,East_exit,9,7
dl_125,10,West_exit,10,6
dl_125,3,West_exit,3,2
dl_125,4,East_exit,4,3
dl_125,2,East_exit,2,2
dl_125,15,East_exit,15,11
dl_125,16,West_exit,16,10
dl_125,18,East_exit,18,13
dl_125,19,West_exit,19,12
dl_125,20,West_exit,20,13
dl_126,11,,,
dl_126,8,West_exit,8,5
dl_126,12,East_exit,12,9
dl_126,13,West_exit,13,8
dl_126,9,East_exit,9,7
dl_126,10,West_exit,10,6
dl_126,6,East_exit,6,5
dl_126,5,East_exit,5,4
dl_126,15,East_exit,15,11
dl_126,16,West_exit,16,10
dl_126,18,East_exit,18,13
dl_126,19,West_exit,19,12
dl_126,20,West_exit,20,13
dl_127,13,,,
dl_127,8,West_exit,8,5
dl_127,12,East_exit,12,9
dl_127,13,West_exit,13,8
dl_127,9,East_exit,9,7
dl_127,10,West_exit,10,6
dl_127,6,East_exit,6,5
dl_127,3,West_exit,3,2
dl_127,4,East_exit,4,3
dl_127,2,East_exit,2,2
dl_127,15,East_exit,15,11
dl_127,16,West_exit,16,10
dl_127,18,East_exit,18,13
dl_127,19,West_exit,19,12
dl_127,20,West_exit,20,13
dl_128,9,,,
dl_128,11,West_exit,11,7
dl_128,12,East_exit,12,9
dl_128,13,West_exit,13,8
dl_128,9,East_exit,9,7
dl_128,8,East_exit,8,6
dl_128,15,East_exit,15,11
dl_128,16,West_exit,16,10
dl_128,18,East_exit,18,13
dl_128,19,West_exit,19,12
dl_128,20,West_exit,20,13
dl_129,11,,,
dl_129,11,West_exit,11,7
dl_129,12,East_exit,12,9
dl_129,13,West_exit,13,8
dl_129,5,East_exit,5,4
dl_129,9,East_exit,9,7
dl_129,6,East_exit,6,5
dl_129,7,West_exit,7,4
dl_129,15,East_exit,15,11
dl_129,16,West_exit,16,10
dl_129,18,East_exit,18,13
dl_129,19,West_exit,19,12
dl_129,20,West_exit,20,13
dl_130,13,,,
dl_130,11,West_exit,11,7
dl_130,12,East_exit,12,9
dl_130,13,West_exit,13,8
dl_130,9,East_exit,9,7
dl_130,6,East_exit,6,5
dl_130,7,West_exit,7,4
dl_130,3,West_exit,3,2
dl_130,4,East_exit,4,3
dl_130,2,East_exit,2,2
dl_130,15,East_exit,15,11
dl_130,16,West_exit,16,10
dl_130,18,East_exit,18,13
dl_130,19,West_exit,19,12
dl_130,20,West_exit,20,13
dl_131,11,,,
dl_131,6,East_exit,6,5
dl_131,8,West_exit,8,5
dl_131,11,West_exit,11,7
dl_131,12,East_exit,12,9
dl_131,13,West_exit,13,8
dl_131,9,East_exit,9,7
dl_131,5,East_exit,5,4
dl_131,15,East_exit,15,11
dl_131,16,West_exit,16,10
dl_131,18,East_exit,18,13
dl_131,19,West_exit,19,12
dl_131,20,West_exit,20,13
dl_132,13,,,
dl_132,6,East_exit,6,5
dl_132,8,West_exit,8,5
dl_132,11,West_exit,11,7
dl_132,12,East_exit,12,9
dl_132,13,West_exit,13,8
dl_132,9,East_exit,9,7
dl_132,3,West_exit,3,2
dl_132,4,East_exit,4,3
dl_132,2,East_exit,2,2
dl_132,15,East_exit,15,11
dl_132,16,West_exit,16,10
dl_132,18,East_exit,18,13
dl_132,19,West_exit,19,12
dl_132,20,West_exit,20,13
dl_133,5,,,
dl_133,12,East_exit,12,9
dl_133,14,West_exit,14,9
dl_133,11,East_exit,11,8
dl_133,15,East_exit,15,11
dl_133,16,West_exit,16,10
dl_133,17,West_exit,17,11
dl_134,7,,,
dl_134,9,East_exit,9,7
dl_134,10,West_exit,10,6
dl_134,8,East_exit,8,6
dl_134,12,East_exit,12,9
dl_134,14,West_exit,14,9
dl_134,15,East_exit,15,11
dl_134,16,West_exit,16,10
dl_134,17,West_exit,17,11
dl_135,9,,,
dl_135,6,East_exit,6,5
dl_135,7,West_exit,7,4
dl_135,5,East_exit,5,4
dl_135,12,East_exit,12,9
dl_135,14,West_exit,14,9
dl_135,15,East_exit,15,11
dl_135,16,West_exit,16,10
dl_135,17,West_exit,17,11
dl_135,9,East_exit,9,7
dl_135,10,West_exit,10,6
dl_136,11,,,
dl_136,6,East_exit,6,5
dl_136,7,West_exit,7,4
dl_136,12,East_exit,12,9
dl_136,14,West_exit,14,9
dl_136,15,East_exit,15,11
dl_136,16,West_exit,16,10
dl_136,17,West_exit,17,11
dl_136,9,East_exit,9,7
dl_136,10,West_exit,10,6
dl_136,3,West_exit,3,2
dl_136,4,East_exit,4,3
dl_136,2,East_exit,2,2
dl_137,7,,,
dl_137,12,East_exit,12,9
dl_137,14,West_exit,14,9
dl_137,11,East_exit,11,8
dl_137,15,East_exit,15,11
dl_137,16,West_exit,16,10
dl_137,18,East_exit,18,13
dl_137,19,West_exit,19,12
dl_137,20,West_exit,20,13
dl_138,9,,,
dl_138,9,East_exit,9,7
dl_138,10,West_exit,10,6
dl_138,8,East_exit,8,6
dl_138,12,East_exit,12,9
dl_138,14,West_exit,14,9
dl_138,15,East_exit,15,11
dl_138,16,West_exit,16,10
dl_138,18,East_exit,18,13
dl_138,19,West_exit,19,12
dl_138,20,West_exit,20,13
dl_139,11,,,
dl_139,6,East_exit,6,5
dl_139,7,West_exit,7,4
dl_139,5,East_exit,5,4
dl_139,12,East_exit,12,9
dl_139,14,West_exit,14,9
dl_139,15,East_exit,15,11
dl_139,16,West_exit,16,10
dl_139,9,East_exit,9,7
dl_139,10,West_exit,10,6
dl_139,18,East_exit,18,13
dl_139,19,West_exit,19,12
dl_139,20,West_exit,20,13
dl_140,13,,,
dl_140,14,West_exit,14,9
dl_140,6,East_exit,6,5
dl_140,7,West_exit,7,4
dl_140,12,East_exit,12,9
dl_140,15,East_exit,15,11
dl_140,16,West_exit,16,10
dl_140,9,East_exit,9,7
dl_140,10,West_exit,10,6
dl_140,3,West_exit,3,2
dl_140,4,East_exit,4,3
dl_140,2,East_exit,2,2
dl_140,18,East_exit,18,13
dl_140,19,West_exit,19,12
dl_140,20,West_exit,20,13
dl_141,9,,,
dl_141,8,West_exit,8,5
dl_141,12,East_exit,12,9
dl_141,14,West_exit,14,9
dl_141,15,East_exit,15,11
dl_141,16,West_exit,16,10
dl_141,17,West_exit,17,11
dl_141,6,East_exit,6,5
dl_141,5,East_exit,5,4
dl_141,9,East_exit,9,7
dl_141,10,West_exit,10,6
dl_142,11,,,
dl_142,8,West_exit,8,5
dl_142,12,East_exit,12,9
dl_142,14,West_exit,14,9
dl_142,15,East_exit,15,11
dl_142,16,West_exit,16,10
dl_142,17,West_exit,17,11
dl_142,6,East_exit,6,5
dl_142,9,East_exit,9,7
dl_142,10,West_exit,10,6
dl_142,3,West_exit,3,2
dl_142,4,East_exit,4,3
dl_142,2,East_exit,2,2
dl_143,11,,,
dl_143,14,West_exit,14,9
dl_143,8,West_exit,8,5
dl_143,12,East_exit,12,9
dl_143,15,East_exit,15,11
dl_143,16,West_exit,16,10
dl_143,6,East_exit,6,5
dl_143,5,East_exit,5,4
dl_143,9,East_exit,9,7
dl_143,10,West_exit,10,6
dl_143,18,East_exit,18,13
dl_143,19,West_exit,19,12
dl_143,20,West_exit,20,13
dl_144,13,,,
dl_144,3,West_exit,3,2
dl_144,4,East_exit,4,3
dl_144,2,East_exit,2,2
dl_144,8,West_exit,8,5
dl_144,12,East_exit,12,9
dl_144,14,West_exit,14,9
dl_144,15,East_exit,15,11
dl_144,16,West_exit,16,10
dl_144,18,East_exit,18,13
dl_144,19,West_exit,19,12
dl_144,20,West_exit,20,13
dl_144,6,East_exit,6,5
dl_144,9,East_exit,9,7
dl_144,10,West_exit,10,6
dl_145,7,,,
dl_145,9,East_exit,9,7
dl_145,11,West_exit,11,7
dl_145,8,East_exit,8,6
dl_145,12,East_exit,12,9
dl_145,14,West_exit,14,9
dl_145,15,East_exit,15,11
dl_145,16,West_exit,16,10
dl_145,17,West_exit,17,11
dl_146,9,,,
dl_146,6,East_exit,6,5
dl_146,7,West_exit,7,4
dl_146,5,East_exit,5,4
dl_146,9,East_exit,9,7
dl_146,11,West_exit,11,7
dl_146,12,East_exit,12,9
dl_146,14,West_exit,14,9
dl_146,15,East_exit,15,11
dl_146,16,West_exit,16,10
dl_146,17,West_exit,17,11
dl_147,11,,,
dl_147,3,West_exit,3,2
dl_147,4,East_exit,4,3
dl_147,2,East_exit,2,2
dl_147,9,East_exit,9,7
dl_147,6,East_exit,6,5
dl_147,7,West_exit,7,4
dl_147,12,East_exit,12,9
dl_147,14,West_exit,14,9
dl_147,15,East_exit,15,11
dl_147,16,West_exit,16,10
dl_147,17,West_exit,17,11
dl_147,11,West_exit,11,7
dl_148,9,,,
dl_148,9,East_exit,9,7
dl_148,11,West_exit,11,7
dl_148,8,East_exit,8,6
dl_148,12,East_exit,12,9
dl_148,14,West_exit,14,9
dl_148,15,East_exit,15,11
dl_148,16,West_exit,16,10
dl_148,18,East_exit,18,13
dl_148,19,West_exit,19,12
dl_148,20,West_exit,20,13
dl_149,11,,,
dl_149,6,East_exit,6,5
dl_149,7,West_exit,7,4
dl_149,5,East_exit,5,4
dl_149,9,East_exit,9,7
dl_149,11,West_exit,11,7
dl_149,12,East_exit,12,9
dl_149,14,West_exit,14,9
dl_149,15,East_exit,15,11
dl_149,16,West_exit,16,10
dl_149,18,East_exit,18,13
dl_149,19,West_exit,19,12
dl_149,20,West_exit,20,13
dl_150,13,,,
dl_150,3,West_exit,3,2
dl_150,4,East_exit,4,3
dl_150,2,East_exit,2,2
dl_150,6,East_exit,6,5
dl_150,7,West_exit,7,4
dl_150,9,East_exit,9,7
dl_150,11,West_exit,11,7
dl_150,12,East_exit,12,9
dl_150,14,West_exit,14,9
dl_150,15,East_exit,15,11
dl_150,16,West_exit,16,10
dl_150,18,East_exit,18,13
dl_150,19,West_exit,19,12
dl_150,20,West_exit,20,13
dl_151,9,,,
dl_151,9,East_exit,9,7
dl_151,8,West_exit,8,5
dl_151,12,East_exit,12,9
dl_151,14,West_exit,14,9
dl_151,15,East_exit,15,11
dl_151,16,West_exit,16,10
dl_151,17,West_exit,17,11
dl_151,6,East_exit,6,5
dl_151,5,East_exit,5,4
dl_151,11,West_exit,11,7
dl_152,11,,,
dl_152,9,East_exit,9,7
dl_152,8,West_exit,8,5
dl_152,12,East_exit,12,9
dl_152,14,West_exit,14,9
dl_152,15,East_exit,15,11
dl_152,16,West_exit,16,10
dl_152,17,West_exit,17,11
dl_152,6,East_exit,6,5
dl_152,3,West_exit,3,2
dl_152,4,East_exit,4,3
dl_152,2,East_exit,2,2
dl_152,11,West_exit,11,7
dl_153,11,,,
dl_153,9,East_exit,9,7
dl_153,8,West_exit,8,5
dl_153,12,East_exit,12,9
dl_153,14,West_exit,14,9
dl_153,15,East_exit,15,11
dl_153,16,West_exit,16,10
dl_153,6,East_exit,6,5
dl_153,5,East_exit,5,4
dl_153,11,West_exit,11,7
dl_153,18,East_exit,18,13
dl_153,19,West_exit,19,12
dl_153,20,West_exit,20,13
dl_154,13,,,
dl_154,9,East_exit,9,7
dl_154,8,West_exit,8,5
dl_154,12,East_exit,12,9
dl_154,14,West_exit,14,9
dl_154,15,East_exit,15,11
dl_154,16,West_exit,16,10
dl_154,6,East_exit,6,5
dl_154,3,West_exit,3,2
dl_154,4,East_exit,4,3
dl_154,2,East_exit,2,2
dl_154,11,West_exit,11,7
dl_154,18,East_exit,18,13
dl_154,19,West_exit,19,12
dl_154,20,West_exit,20,13
dl_155,5,,,
dl_155,5,West_exit,5,3
dl_155,6,East_exit,6,5
dl_155,7,West_exit,7,4
dl_155,8,West_exit,8,5
dl_155,4,East_exit,4,3
dl_155,2,East_exit,2,2
dl_156,7,,,
dl_156,5,West_exit,5,3
dl_156,6,East_exit,6,5
dl_156,7,West_exit,7,4
dl_156,4,East_exit,4,3
dl_156,2,East_exit,2,2
dl_156,9,East_exit,9,7
dl_156,10,West_exit,10,6
dl_156,11,West_exit,11,7
dl_157,9,,,
dl_157,5,West_exit,5,3
dl_157,6,East_exit,6,5
dl_157,7,West_exit,7,4
dl_157,4,East_exit,4,3
dl_157,2,East_exit,2,2
dl_157,12,East_exit,12,9
dl_157,13,West_exit,13,8
dl_157,14,West_exit,14,9
dl_157,9,East_exit,9,7
dl_157,10,West_exit,10,6
dl_158,11,,,
dl_158,5,West_exit,5,3
dl_158,6,East_exit,6,5
dl_158,7,West_exit,7,4
dl_158,4,East_exit,4,3
dl_158,2,East_exit,2,2
dl_158,9,East_exit,9,7
dl_158,10,West_exit,10,6
dl_158,15,East_exit,15,11
dl_158,16,West_exit,16,10
dl_158,17,West_exit,17,11
dl_158,12,East_exit,12,9
dl_158,13,West_exit,13,8
dl_159,13,,,
dl_159,5,West_exit,5,3
dl_159,6,East_exit,6,5
dl_159,7,West_exit,7,4
dl_159,4,East_exit,4,3
dl_159,2,East_exit,2,2
dl_159,9,East_exit,9,7
dl_159,10,West_exit,10,6
dl_159,12,East_exit,12,9
dl_159,13,West_exit,13,8
dl_159,15,East_exit,15,11
dl_159,16,West_exit,16,10
dl_159,18,East_exit,18,13
dl_159,19,West_exit,19,12
dl_159,20,West_exit,20,13
dl_160,7,,,
dl_160,8,West_exit,8,5
dl_160,9,East_exit,9,7
dl_160,10,West_exit,10,6
dl_160,11,West_exit,11,7
dl_160,6,East_exit,6,5
dl_160,5,West_exit,5,3
dl_160,4,East_exit,4,3
dl_160,2,East_exit,2,2
dl_161,9,,,
dl_161,8,West_exit,8,5
dl_161,12,East_exit,12,9
dl_161,13,West_exit,13,8
dl_161,14,West_exit,14,9
dl_161,5,West_exit,5,3
dl_161,4,East_exit,4,3
dl_161,2,East_exit,2,2
dl_161,9,East_exit,9,7
dl_161,10,West_exit,10,6
dl_161,6,East_exit,6,5
dl_162,11,,,
dl_162,8,West_exit,8,5
dl_162,9,East_exit,9,7
dl_162,10,West_exit,10,6
dl_162,6,East_exit,6,5
dl_162,5,West_exit,5,3
dl_162,4,East_exit,4,3
dl_162,2,East_exit,2,2
dl_162,15,East_exit,15,11
dl_162,16,West_exit,16,10
dl_162,17,West_exit,17,11
dl_162,12,East_exit,12,9
dl_162,13,West_exit,13,8
dl_163,13,,,
dl_163,8,West_exit,8,5
dl_163,12,East_exit,12,9
dl_163,13,West_exit,13,8
dl_163,5,West_exit,5,3
dl_163,4,East_exit,4,3
dl_163,2,East_exit,2,2
dl_163,9,East_exit,9,7
dl_163,10,West_exit,10,6
dl_163,6,East_exit,6,5
dl_163,15,East_exit,15,11
dl_163,16,West_exit,16,10
dl_163,18,East_exit,18,13
dl_163,19,West_exit,19,12
dl_163,20,West_exit,20,13
dl_164,9,,,
dl_164,5,West_exit,5,3
dl_164,11,West_exit,11,7
dl_164,12,East_exit,12,9
dl_164,13,West_exit,13,8
dl_164,14,West_exit,14,9
dl_164,9,East_exit,9,7
dl_164,4,East_exit,4,3
dl_164,2,East_exit,2,2
dl_164,6,East_exit,6,5
dl_164,7,West_exit,7,4
dl_165,11,,,
dl_165,5,West_exit,5,3
dl_165,11,West_exit,11,7
dl_165,15,East_exit,15,11
dl_165,16,West_exit,16,10
dl_165,17,West_exit,17,11
dl_165,12,East_exit,12,9
dl_165,13,West_exit,13,8
dl_165,9,East_exit,9,7
dl_165,6,East_exit,6,5
dl_165,7,West_exit,7,4
dl_165,4,East_exit,4,3
dl_165,2,East_exit,2,2
dl_166,13,,,
dl_166,11,West_exit,11,7
dl_166,5,West_exit,5,3
dl_166,12,East_exit,12,9
dl_166,13,West_exit,13,8
dl_166,9,East_exit,9,7
dl_166,4,East_exit,4,3
dl_166,2,East_exit,2,2
dl_166,6,East_exit,6,5
dl_166,7,West_exit,7,4
dl_166,15,East_exit,15,11
dl_166,16,West_exit,16,10
dl_166,18,East_exit,18,13
dl_166,19,West_exit,19,12
dl_166,20,West_exit,20,13
dl_167,9,,,
dl_167,5,West_exit,5,3
dl_167,4,East_exit,4,3
dl_167,2,East_exit,2,2
dl_167,6,East_exit,6,5
dl_167,8,West_exit,8,5
dl_167,11,West_exit,11,7
dl_167,12,East_exit,12,9
dl_167,13,West_exit,13,8
dl_167,14,West_exit,14,9
dl_167,9,East_exit,9,7
dl_168,11,,,
dl_168,11,West_exit,11,7
dl_168,15,East_exit,15,11
dl_168,16,West_exit,16,10
dl_168,17,West_exit,17,11
dl_168,9,East_exit,9,7
dl_168,8,West_exit,8,5
dl_168,6,East_exit,6,5
dl_168,5,West_exit,5,3
dl_168,4,East_exit,4,3
dl_168,2,East_exit,2,2
dl_168,12,East_exit,12,9
dl_168,13,West_exit,13,8
dl_169,13,,,
dl_169,5,West_exit,5,3
dl_169,4,East_exit,4,3
dl_169,2,East_exit,2,2
dl_169,6,East_exit,6,5
dl_169,8,West_exit,8,5
dl_169,11,West_exit,11,7
dl_169,12,East_exit,12,9
dl_169,13,West_exit,13,8
dl_169,9,East_exit,9,7
dl_169,15,East_exit,15,11
dl_169,16,West_exit,16,10
dl_169,18,East_exit,18,13
dl_169,19,West_exit,19,12
dl_169,20,West_exit,20,13
dl_170,11,,,
dl_170,5,West_exit,5,3
dl_170,6,East_exit,6,5
dl_170,7,West_exit,7,4
dl_170,4,East_exit,4,3
dl_170,2,East_exit,2,2
dl_170,12,East_exit,12,9
dl_170,14,West_exit,14,9
dl_170,15,East_exit,15,11
dl_170,16,West_exit,16,10
dl_170,17,West_exit,17,11
dl_170,9,East_exit,9,7
dl_170,10,West_exit,10,6
dl_171,13,,,
dl_171,5,West_exit,5,3
dl_171,6,East_exit,6,5
dl_171,7,West_exit,7,4
dl_171,4,East_exit,4,3
dl_171,2,East_exit,2,2
dl_171,14,West_exit,14,9
dl_171,12,East_exit,12,9
dl_171,15,East_exit,15,11
dl_171,16,West_exit,16,10
dl_171,9,East_exit,9,7
dl_171,10,West_exit,10,6
dl_171,18,East_exit,18,13
dl_171,19,West_exit,19,12
dl_171,20,West_exit,20,13
dl_172,11,,,
dl_172,8,West_exit,8,5
dl_172,12,East_exit,12,9
dl_172,14,West_exit,14,9
dl_172,15,East_exit,15,11
dl_172,16,West_exit,16,10
dl_172,17,West_exit,17,11
dl_172,5,West_exit,5,3
dl_172,4,East_exit,4,3
dl_172,2,East_exit,2,2
dl_172,6,East_exit,6,5
dl_172,9,East_exit,9,7
dl_172,10,West_exit,10,6
dl_173,13,,,
dl_173,14,West_exit,14,9
dl_173,8,West_exit,8,5
dl_173,12,East_exit,12,9
dl_173,15,East_exit,15,11
dl_173,16,West_exit,16,10
dl_173,5,West_exit,5,3
dl_173,4,East_exit,4,3
dl_173,2,East_exit,2,2
dl_173,6,East_exit,6,5
dl_173,9,East_exit,9,7
dl_173,10,West_exit,10,6
dl_173,18,East_exit,18,13
dl_173,19,West_exit,19,12
dl_173,20,West_exit,20,13
dl_174,11,,,
dl_174,5,West_exit,5,3
dl_174,9,East_exit,9,7
dl_174,11,West_exit,11,7
dl_174,12,East_exit,12,9
dl_174,14,West_exit,14,9
dl_174,15,East_exit,15,11
dl_174,16,West_exit,16,10
dl_174,17,West_exit,17,11
dl_174,6,East_exit,6,5
dl_174,7,West_exit,7,4
dl_174,4,East_exit,4,3
dl_174,2,East_exit,2,2
dl_175,13,,,
dl_175,5,West_exit,5,3
dl_175,9,East_exit,9,7
dl_175,11,West_exit,11,7
dl_175,12,East_exit,12,9
dl_175,14,West_exit,14,9
dl_175,15,East_exit,15,11
dl_175,16,West_exit,16,10
dl_175,6,East_exit,6,5
dl_175,7,West_exit,7,4
dl_175,4,East_exit,4,3
dl_175,2,East_exit,2,2
dl_175,18,East_exit,18,13
dl_175,19,West_exit,19,12
dl_175,20,West_exit,20,13
dl_176,11,,,
dl_176,5,West_exit,5,3
dl_176,4,East_exit,4,3
dl_176,2,East_exit,2,2
dl_176,9,East_exit,9,7
dl_176,8,West_exit,8,5
dl_176,12,East_exit,12,9
dl_176,14,West_exit,14,9
dl_176,15,East_exit,15,11
dl_176,16,West_exit,16,10
dl_176,17,West_exit,17,11
dl_176,6,East_exit,6,5
dl_176,11,West_exit,11,7
dl_177,13,,,
dl_177,5,West_exit,5,3
dl_177,4,East_exit,4,3
dl_177,2,East_exit,2,2
dl_177,9,East_exit,9,7
dl_177,8,West_exit,8,5
dl_177,12,East_exit,12,9
dl_177,14,West_exit,14,9
dl_177,15,East_exit,15,11
dl_177,16,West_exit,16,10
dl_177,6,East_exit,6,5
dl_177,11,West_exit,11,7
dl_177,18,East_exit,18,13
dl_177,19,West_exit,19,12
dl_177,20,West_exit,20,13
dl_178,11,,,
dl_178,12,East_exit,12,9
dl_178,13,West_exit,13,8
dl_178,11,East_exit,11,8
dl_178,15,East_exit,15,11
dl_178,16,West_exit,16,10
dl_178,23,West_exit,23,15
dl_178,21,East_exit,21,15
dl_178,22,West_exit,22,14
dl_178,24,West_exit,24,16
dl_178,25,West_exit,25,16
dl_178,18,East_exit,18,13
dl_178,19,West_exit,19,12
dl_179,9,,,
dl_179,12,East_exit,12,9
dl_179,13,West_exit,13,8
dl_179,11,East_exit,11,8
dl_179,15,East_exit,15,11
dl_179,16,West_exit,16,10
dl_179,21,East_exit,21,15
dl_179,22,West_exit,22,14
dl_179,23,West_exit,23,15
dl_179,18,East_exit,18,13
dl_179,19,West_exit,19,12
dl_180,13,,,
dl_180,9,East_exit,9,7
dl_180,10,West_exit,10,6
dl_180,8,East_exit,8,6
dl_180,12,East_exit,12,9
dl_180,13,West_exit,13,8
dl_180,15,East_exit,15,11
dl_180,16,West_exit,16,10
dl_180,23,West_exit,23,15
dl_180,21,East_exit,21,15
dl_180,22,West_exit,22,14
dl_180,24,West_exit,24,16
dl_180,25,West_exit,25,16
dl_180,18,East_exit,18,13
dl_180,19,West_exit,19,12
dl_181,11,,,
dl_181,9,East_exit,9,7
dl_181,10,West_exit,10,6
dl_181,8,East_exit,8,6
dl_181,12,East_exit,12,9
dl_181,13,West_exit,13,8
dl_181,15,East_exit,15,11
dl_181,16,West_exit,16,10
dl_181,21,East_exit,21,15
dl_181,22,West_exit,22,14
dl_181,23,West_exit,23,15
dl_181,18,East_exit,18,13
dl_181,19,West_exit,19,12
dl_182,15,,,
dl_182,6,East_exit,6,5
dl_182,7,West_exit,7,4
dl_182,5,East_exit,5,4
dl_182,12,East_exit,12,9
dl_182,13,West_exit,13,8
dl_182,9,East_exit,9,7
dl_182,10,West_exit,10,6
dl_182,15,East_exit,15,11
dl_182,16,West_exit,16,10
dl_182,23,West_exit,23,15
dl_182,21,East_exit,21,15
dl_182,22,West_exit,22,14
dl_182,24,West_exit,24,16
dl_182,25,West_exit,25,16
dl_182,18,East_exit,18,13
dl_182,19,West_exit,19,12
dl_183,13,,,
dl_183,6,East_exit,6,5
dl_183,7,West_exit,7,4
dl_183,5,East_exit,5,4
dl_183,12,East_exit,12,9
dl_183,13,West_exit,13,8
dl_183,9,East_exit,9,7
dl_183,10,West_exit,10,6
dl_183,15,East_exit,15,11
dl_183,16,West_exit,16,10
dl_183,21,East_exit,21,15
dl_183,22,West_exit,22,14
dl_183,23,West_exit,23,15
dl_183,18,East_exit,18,13
dl_183,19,West_exit,19,12
dl_184,17,,,
dl_184,6,East_exit,6,5
dl_184,7,West_exit,7,4
dl_184,12,East_exit,12,9
dl_184,13,West_exit,13,8
dl_184,9,East_exit,9,7
dl_184,10,West_exit,10,6
dl_184,3,West_exit,3,2
dl_184,4,East_exit,4,3
dl_184,2,East_exit,2,2
dl_184,15,East_exit,15,11
dl_184,16,West_exit,16,10
dl_184,23,West_exit,23,15
dl_184,21,East_exit,21,15
dl_184,22,West_exit,22,14
dl_184,24,West_exit,24,16
dl_184,25,West_exit,25,16
dl_184,18,East_exit,18,13
dl_184,19,West_exit,19,12
dl_185,15,,,
dl_185,6,East_exit,6,5
dl_185,7,West_exit,7,4
dl_185,12,East_exit,12,9
dl_185,13,West_exit,13,8
dl_185,9,East_exit,9,7
dl_185,10,West_exit,10,6
dl_185,3,West_exit,3,2
dl_185,4,East_exit,4,3
dl_185,2,East_exit,2,2
dl_185,15,East_exit,15,11
dl_185,16,West_exit,16,10
dl_185,21,East_exit,21,15
dl_185,22,West_exit,22,14
dl_185,23,West_exit,23,15
dl_185,18,East_exit,18,13
dl_185,19,West_exit,19,12
dl_186,15,,,
dl_186,8,West_exit,8,5
dl_186,12,East_exit,12,9
dl_186,13,West_exit,13,8
dl_186,9,East_exit,9,7
dl_186,10,West_exit,10,6
dl_186,6,East_exit,6,5
dl_186,5,East_exit,5,4
dl_186,15,East_exit,15,11
dl_186,16,West_exit,16,10
dl_186,23,West_exit,23,15
dl_186,21,East_exit,21,15
dl_186,22,West_exit,22,14
dl_186,24,West_exit,24,16
dl_186,25,West_exit,25,16
dl_186,18,East_exit,18,13
dl_186,19,West_exit,19,12
dl_187,13,,,
dl_187,8,West_exit,8,5
dl_187,12,East_exit,12,9
dl_187,13,West_exit,13,8
dl_187,9,East_exit,9,7
dl_187,10,West_exit,10,6
dl_187,6,East_exit,6,5
dl_187,5,East_exit,5,4
dl_187,15,East_exit,15,11
dl_187,16,West_exit,16,10
dl_187,21,East_exit,21,15
dl_187,22,West_exit,22,14
dl_187,23,West_exit,23,15
dl_187,18,East_exit,18,13
dl_187,19,West_exit,19,12
dl_188,17,,,
dl_188,8,West_exit,8,5
dl_188,12,East_exit,12,9
dl_188,13,West_exit,13,8
dl_188,9,East_exit,9,7
dl_188,10,West_exit,10,6
dl_188,6,East_exit,6,5
dl_188,3,West_exit,3,2
dl_188,4,East_exit,4,3
dl_188,2,East_exit,2,2
dl_188,15,East_exit,15,11
dl_188,16,West_exit,16,10
dl_188,23,West_exit,23,15
dl_188,21,East_exit,21,15
dl_188,22,West_exit,22,14
dl_188,24,West_exit,24,16
dl_188,25,West_exit,25,16
dl_188,18,East_exit,18,13
dl_188,19,West_exit,19,12
dl_189,15,,,
dl_189,8,West_exit,8,5
dl_189,12,East_exit,12,9
dl_189,13,West_exit,13,8
dl_189,9,East_exit,9,7
dl_189,10,West_exit,10,6
dl_189,6,East_exit,6,5
dl_189,3,West_exit,3,2
dl_189,4,East_exit,4,3
dl_189,2,East_exit,2,2
dl_189,15,East_exit,15,11
dl_189,16,West_exit,16,10
dl_189,21,East_exit,21,15
dl_189,22,West_exit,22,14
dl_189,23,West_exit,23,15
dl_189,18,East_exit,18,13
dl_189,19,West_exit,19,12
dl_190,13,,,
dl_190,11,West_exit,11,7
dl_190,12,East_exit,12,9
dl_190,13,West_exit,13,8
dl_190,9,East_exit,9,7
dl_190,8,East_exit,8,6
dl_190,15,East_exit,15,11
dl_190,16,West_exit,16,10
dl_190,23,West_exit,23,15
dl_190,21,East_exit,21,15
dl_190,22,West_exit,22,14
dl_190,24,West_exit,24,16
dl_190,25,West_exit,25,16
dl_190,18,East_exit,18,13
dl_190,19,West_exit,19,12
dl_191,11,,,
dl_191,11,West_exit,11,7
dl_191,12,East_exit,12,9
dl_191,13,West_exit,13,8
dl_191,9,East_exit,9,7
dl_191,8,East_exit,8,6
dl_191,15,East_exit,15,11
dl_191,16,West_exit,16,10
dl_191,21,East_exit,21,15
dl_191,22,West_exit,22,14
dl_191,23,West_exit,23,15
dl_191,18,East_exit,18,13
dl_191,19,West_exit,19,12
dl_192,15,,,
dl_192,11,West_exit,11,7
dl_192,12,East_exit,12,9
dl_192,13,West_exit,13,8
dl_192,5,East_exit,5,4
dl_192,9,East_exit,9,7
dl_192,6,East_exit,6,5
dl_192,7,West_exit,7,4
dl_192,15,East_exit,15,11
dl_192,16,West_exit,16,10
dl_192,23,West_exit,23,15
dl_192,21,East_exit,21,15
dl_192,22,West_exit,22,14
dl_192,24,West_exit,24,16
dl_192,25,West_exit,25,16
dl_192,18,East_exit,18,13
dl_192,19,West_exit,19,12
dl_193,13,,,
dl_193,11,West_exit,11,7
dl_193,12,East_exit,12,9
dl_193,13,West_exit,13,8
dl_193,5,East_exit,5,4
dl_193,9,East_exit,9,7
dl_193,6,East_exit,6,5
dl_193,7,West_exit,7,4
dl_193,15,East_exit,15,11
dl_193,16,West_exit,16,10
dl_193,21,East_exit,21,15
dl_193,22,West_exit,22,14
dl_193,23,West_exit,23,15
dl_193,18,East_exit,18,13
dl_193,19,West_exit,19,12
dl_194,17,,,
dl_194,11,West_exit,11,7
dl_194,12,East_exit,12,9
dl_194,13,West_exit,13,8
dl_194,9,East_exit,9,7
dl_194,6,East_exit,6,5
dl_194,7,West_exit,7,4
dl_194,3,West_exit,3,2
dl_194,4,East_exit,4,3
dl_194,2,East_exit,2,2
dl_194,15,East_exit,15,11
dl_194,16,West_exit,16,10
dl_194,23,West_exit,23,15
dl_194,21,East_exit,21,15
dl_194,22,West_exit,22,14
dl_194,24,West_exit,24,16
dl_194,25,West_exit,25,16
dl_194,18,East_exit,18,13
dl_194,19,West_exit,19,12
dl_195,15,,,
dl_195,11,West_exit,11,7
dl_195,12,East_exit,12,9
dl_195,13,West_exit,13,8
dl_195,9,East_exit,9,7
dl_195,6,East_exit,6,5
dl_195,7,West_exit,7,4
dl_195,3,West_exit,3,2
dl_195,4,East_exit,4,3
dl_195,2,East_exit,2,2
dl_195,15,East_exit,15,11
dl_195,16,West_exit,16,10
dl_195,21,East_exit,21,15
dl_195,22,West_exit,22,14
dl_195,23,West_exit,23,15
dl_195,18,East_exit,18,13
dl_195,19,West_exit,19,12
dl_196,15,,,
dl_196,6,East_exit,6,5
dl_196,8,West_exit,8,5
dl_196,11,West_exit,11,7
dl_196,12,East_exit,12,9
dl_196,13,West_exit,13,8
dl_196,9,East_exit,9,7
dl_196,5,East_exit,5,4
dl_196,15,East_exit,15,11
dl_196,16,West_exit,16,10
dl_196,23,West_exit,23,15
dl_196,21,East_exit,21,15
dl_196,22,West_exit,22,14
dl_196,24,West_exit,24,16
dl_196,25,West_exit,25,16
dl_196,18,East_exit,18,13
dl_196,19,West_exit,19,12
dl_197,13,,,
dl_197,6,East_exit,6,5
dl_197,8,West_exit,8,5
dl_197,11,West_exit,11,7
dl_197,12,East_exit,12,9
dl_197,13,West_exit,13,8
dl_197,9,East_exit,9,7
dl_197,5,East_exit,5,4
dl_197,15,East_exit,15,11
dl_197,16,West_exit,16,10
dl_197,21,East_exit,21,15
dl_197,22,West_exit,22,14
dl_197,23,West_exit,23,15
dl_197,18,East_exit,18,13
dl_197,19,West_exit,19,12
dl_198,17,,,
dl_198,6,East_exit,6,5
dl_198,8,West_exit,8,5
dl_198,11,West_exit,11,7
dl_198,12,East_exit,12,9
dl_198,13,West_exit,13,8
dl_198,9,East_exit,9,7
dl_198,3,West_exit,3,2
dl_198,4,East_exit,4,3
dl_198,2,East_exit,2,2
dl_198,15,East_exit,15,11
dl_198,16,West_exit,16,10
dl_198,23,West_exit,23,15
dl_198,21,East_exit,21,15
dl_198,22,West_exit,22,14
dl_198,24,West_exit,24,16
dl_198,25,West_exit,25,16
dl_198,18,East_exit,18,13
dl_198,19,West_exit,19,12
dl_199,15,,,
dl_199,6,East_exit,6,5
dl_199,8,West_exit,8,5
dl_199,11,West_exit,11,7
dl_199,12,East_exit,12,9
dl_199,13,West_exit,13,8
dl_199,9,East_exit,9,7
dl_199,3,West_exit,3,2
dl_199,4,East_exit,4,3
dl_199,2,East_exit,2,2
dl_199,15,East_exit,15,11
dl_199,16,West_exit,16,10
dl_199,21,East_exit,21,15
dl_199,22,West_exit,22,14
dl_199,23,West_exit,23,15
dl_199,18,East_exit,18,13
dl_199,19,West_exit,19,12
dl_200,11,,,
dl_200,14,West_exit,14,9
dl_200,12,East_exit,12,9
dl_200,11,East_exit,11,8
dl_200,15,East_exit,15,11
dl_200,16,West_exit,16,10
dl_200,23,West_exit,23,15
dl_200,21,East_exit,21,15
dl_200,22,West_exit,22,14
dl_200,24,West_exit,24,16
dl_200,25,West_exit,25,16
dl_200,18,East_exit,18,13
dl_200,19,West_exit,19,12
dl_201,9,,,
dl_201,14,West_exit,14,9
dl_201,12,East_exit,12,9
dl_201,11,East_exit,11,8
dl_201,15,East_exit,15,11
dl_201,16,West_exit,16,10
dl_201,21,East_exit,21,15
dl_201,22,West_exit,22,14
dl_201,23,West_exit,23,15
dl_201,18,East_exit,18,13
dl_201,19,West_exit,19,12
dl_202,13,,,
dl_202,14,West_exit,14,9
dl_202,9,East_exit,9,7
dl_202,10,West_exit,10,6
dl_202,8,East_exit,8,6
dl_202,12,East_exit,12,9
dl_202,15,East_exit,15,11
dl_202,16,West_exit,16,10
dl_202,23,West_exit,23,15
dl_202,21,East_exit,21,15
dl_202,22,West_exit,22,14
dl_202,24,West_exit,24,16
dl_202,25,West_exit,25,16
dl_202,18,East_exit,18,13
dl_202,19,West_exit,19,12
dl_203,11,,,
dl_203,14,West_exit,14,9
dl_203,9,East_exit,9,7
dl_203,10,West_exit,10,6
dl_203,8,East_exit,8,6
dl_203,12,East_exit,12,9
dl_203,15,East_exit,15,11
dl_203,16,West_exit,16,10
dl_203,21,East_exit,21,15
dl_203,22,West_exit,22,14
dl_203,23,West_exit,23,15
dl_203,18,East_exit,18,13
dl_203,19,West_exit,19,12
dl_204,15,,,
dl_204,6,East_exit,6,5
dl_204,7,West_exit,7,4
dl_204,5,East_exit,5,4
dl_204,14,West_exit,14,9
dl_204,12,East_exit,12,9
dl_204,15,East_exit,15,11
dl_204,16,West_exit,16,10
dl_204,9,East_exit,9,7
dl_204,10,West_exit,10,6
dl_204,23,West_exit,23,15
dl_204,21,East_exit,21,15
dl_204,22,West_exit,22,14
dl_204,24,West_exit,24,16
dl_204,25,West_exit,25,16
dl_204,18,East_exit,18,13
dl_204,19,West_exit,19,12
dl_205,13,,,
dl_205,6,East_exit,6,5
dl_205,7,West_exit,7,4
dl_205,5,East_exit,5,4
dl_205,14,West_exit,14,9
dl_205,12,East_exit,12,9
dl_205,15,East_exit,15,11
dl_205,16,West_exit,16,10
dl_205,9,East_exit,9,7
dl_205,10,West_exit,10,6
dl_205,21,East_exit,21,15
dl_205,22,West_exit,22,14
dl_205,23,West_exit,23,15
dl_205,18,East_exit,18,13
dl_205,19,West_exit,19,12
dl_206,17,,,
dl_206,6,East_exit,6,5
dl_206,7,West_exit,7,4
dl_206,3,West_exit,3,2
dl_206,4,East_exit,4,3
dl_206,2,East_exit,2,2
dl_206,14,West_exit,14,9
dl_206,12,East_exit,12,9
dl_206,15,East_exit,15,11
dl_206,16,West_exit,16,10
dl_206,9,East_exit,9,7
dl_206,10,West_exit,10,6
dl_206,23,West_exit,23,15
dl_206,21,East_exit,21,15
dl_206,22,West_exit,22,14
dl_206,24,West_exit,24,16
dl_206,25,West_exit,25,16
dl_206,18,East_exit,18,13
dl_206,19,West_exit,19,12
dl_207,15,,,
dl_207,6,East_exit,6,5
dl_207,7,West_exit,7,4
dl_207,3,West_exit,3,2
dl_207,4,East_exit,4,3
dl_207,2,East_exit,2,2
dl_207,14,West_exit,14,9
dl_207,12,East_exit,12,9
dl_207,15,East_exit,15,11
dl_207,16,West_exit,16,10
dl_207,9,East_exit,9,7
dl_207,10,West_exit,10,6
dl_207,21,East_exit,21,15
dl_207,22,West_exit,22,14
dl_207,23,West_exit,23,15
dl_207,18,East_exit,18,13
dl_207,19,West_exit,19,12
dl_208,15,,,
dl_208,8,West_exit,8,5
dl_208,14,West_exit,14,9
dl_208,12,East_exit,12,9
dl_208,15,East_exit,15,11
dl_208,16,West_exit,16,10
dl_208,23,West_exit,23,15
dl_208,21,East_exit,21,15
dl_208,22,West_exit,22,14
dl_208,24,West_exit,24,16
dl_208,25,West_exit,25,16
dl_208,18,East_exit,18,13
dl_208,19,West_exit,19,12
dl_208,6,East_exit,6,5
dl_208,5,East_exit,5,4
dl_208,9,East_exit,9,7
dl_208,10,West_exit,10,6
dl_209,13,,,
dl_209,8,West_exit,8,5
dl_209,14,West_exit,14,9
dl_209,12,East_exit,12,9
dl_209,15,East_exit,15,11
dl_209,16,West_exit,16,10
dl_209,21,East_exit,21,15
dl_209,22,West_exit,22,14
dl_209,23,West_exit,23,15
dl_209,18,East_exit,18,13
dl_209,19,West_exit,19,12
dl_209,6,East_exit,6,5
dl_209,5,East_exit,5,4
dl_209,9,East_exit,9,7
dl_209,10,West_exit,10,6
dl_210,17,,,
dl_210,8,West_exit,8,5
dl_210,14,West_exit,14,9
dl_210,12,East_exit,12,9
dl_210,15,East_exit,15,11
dl_210,16,West_exit,16,10
dl_210,6,East_exit,6,5
dl_210,9,East_exit,9,7
dl_210,10,West_exit,10,6
dl_210,3,West_exit,3,2
dl_210,4,East_exit,4,3
dl_210,2,East_exit,2,2
dl_210,23,West_exit,23,15
dl_210,21,East_exit,21,15
dl_210,22,West_exit,22,14
dl_210,24,West_exit,24,16
dl_210,25,West_exit,25,16
dl_210,18,East_exit,18,13
dl_210,19,West_exit,19,12
dl_211,15,,,
dl_211,8,West_exit,8,5
dl_211,14,West_exit,14,9
dl_211,12,East_exit,12,9
dl_211,15,East_exit,15,11
dl_211,16,West_exit,16,10
dl_211,6,East_exit,6,5
dl_211,9,East_exit,9,7
dl_211,10,West_exit,10,6
dl_211,3,West_exit,3,2
dl_211,4,East_exit,4,3
dl_211,2,East_exit,2,2
dl_211,21,East_exit,21,15
dl_211,22,West_exit,22,14
dl_211,23,West_exit,23,15
dl_211,18,East_exit,18,13
dl_211,19,West_exit,19,12
dl_212,13,,,
dl_212,14,West_exit,14,9
dl_212,9,East_exit,9,7
dl_212,11,West_exit,11,7
dl_212,8,East_exit,8,6
dl_212,12,East_exit,12,9
dl_212,15,East_exit,15,11
dl_212,16,West_exit,16,10
dl_212,23,West_exit,23,15
dl_212,21,East_exit,21,15
dl_212,22,West_exit,22,14
dl_212,24,West_exit,24,16
dl_212,25,West_exit,25,16
dl_212,18,East_exit,18,13
dl_212,19,West_exit,19,12
dl_213,11,,,
dl_213,14,West_exit,14,9
dl_213,9,East_exit,9,7
dl_213,11,West_exit,11,7
dl_213,8,East_exit,8,6
dl_213,12,East_exit,12,9
dl_213,15,East_exit,15,11
dl_213,16,West_exit,16,10
dl_213,21,East_exit,21,15
dl_213,22,West_exit,22,14
dl_213,23,West_exit,23,15
dl_213,18,East_exit,18,13
dl_213,19,West_exit,19,12
dl_214,15,,,
dl_214,14,West_exit,14,9
dl_214,6,East_exit,6,5
dl_214,7,West_exit,7,4
dl_214,5,East_exit,5,4
dl_214,9,East_exit,9,7
dl_214,11,West_exit,11,7
dl_214,12,East_exit,12,9
dl_214,15,East_exit,15,11
dl_214,16,West_exit,16,10
dl_214,23,West_exit,23,15
dl_214,21,East_exit,21,15
dl_214,22,West_exit,22,14
dl_214,24,West_exit,24,16
dl_214,25,West_exit,25,16
dl_214,18,East_exit,18,13
dl_214,19,West_exit,19,12
dl_215,13,,,
dl_215,14,West_exit,14,9
dl_215,6,East_exit,6,5
dl_215,7,West_exit,7,4
dl_215,5,East_exit,5,4
dl_215,9,East_exit,9,7
dl_215,11,West_exit,11,7
dl_215,12,East_exit,12,9
dl_215,15,East_exit,15,11
dl_215,16,West_exit,16,10
dl_215,21,East_exit,21,15
dl_215,22,West_exit,22,14
dl_215,23,West_exit,23,15
dl_215,18,East_exit,18,13
dl_215,19,West_exit,19,12
dl_216,17,,,
dl_216,14,West_exit,14,9
dl_216,3,West_exit,3,2
dl_216,4,East_exit,4,3
dl_216,2,East_exit,2,2
dl_216,9,East_exit,9,7
dl_216,6,East_exit,6,5
dl_216,7,West_exit,7,4
dl_216,12,East_exit,12,9
dl_216,15,East_exit,15,11
dl_216,16,West_exit,16,10
dl_216,11,West_exit,11,7
dl_216,23,West_exit,23,15
dl_216,21,East_exit,21,15
dl_216,22,West_exit,22,14
dl_216,24,West_exit,24,16
dl_216,25,West_exit,25,16
dl_216,18,East_exit,18,13
dl_216,19,West_exit,19,12
dl_217,15,,,
dl_217,14,West_exit,14,9
dl_217,3,West_exit,3,2
dl_217,4,East_exit,4,3
dl_217,2,East_exit,2,2
dl_217,9,East_exit,9,7
dl_217,6,East_exit,6,5
dl_217,7,West_exit,7,4
dl_217,12,East_exit,12,9
dl_217,15,East_exit,15,11
dl_217,16,West_exit,16,10
dl_217,11,West_exit,11,7
dl_217,21,East_exit,21,15
dl_217,22,West_exit,22,14
dl_217,23,West_exit,23,15
dl_217,18,East_exit,18,13
dl_217,19,West_exit,19,12
dl_218,15,,,
dl_218,14,West_exit,14,9
dl_218,9,East_exit,9,7
dl_218,8,West_exit,8,5
dl_218,12,East_exit,12,9
dl_218,15,East_exit,15,11
dl_218,16,West_exit,16,10
dl_218,6,East_exit,6,5
dl_218,5,East_exit,5,4
dl_218,11,West_exit,11,7
dl_218,23,West_exit,23,15
dl_218,21,East_exit,21,15
dl_218,22,West_exit,22,14
dl_218,24,West_exit,24,16
dl_218,25,West_exit,25,16
dl_218,18,East_exit,18,13
dl_218,19,West_exit,19,12
dl_219,13,,,
dl_219,14,West_exit,14,9
dl_219,9,East_exit,9,7
dl_219,8,West_exit,8,5
dl_219,12,East_exit,12,9
dl_219,15,East_exit,15,11
dl_219,16,West_exit,16,10
dl_219,6,East_exit,6,5
dl_219,5,East_exit,5,4
dl_219,11,West_exit,11,7
dl_219,21,East_exit,21,15
dl_219,22,West_exit,22,14
dl_219,23,West_exit,23,15
dl_219,18,East_exit,18,13
dl_219,19,West_exit,19,12
dl_220,17,,,
dl_220,14,West_exit,14,9
dl_220,9,East_exit,9,7
dl_220,8,West_exit,8,5
dl_220,12,East_exit,12,9
dl_220,15,East_exit,15,11
dl_220,16,West_exit,16,10
dl_220,6,East_exit,6,5
dl_220,3,West_exit,3,2
dl_220,4,East_exit,4,3
dl_220,2,East_exit,2,2
dl_220,11,West_exit,11,7
dl_220,23,West_exit,23,15
dl_220,21,East_exit,21,15
dl_220,22,West_exit,22,14
dl_220,24,West_exit,24,16
dl_220,25,West_exit,25,16
dl_220,18,East_exit,18,13
dl_220,19,West_exit,19,12
dl_221,15,,,
dl_221,14,West_exit,14,9
dl_221,9,East_exit,9,7
dl_221,8,West_exit,8,5
dl_221,12,East_exit,12,9
dl_221,15,East_exit,15,11
dl_221,16,West_exit,16,10
dl_221,6,East_exit,6,5
dl_221,3,West_exit,3,2
dl_221,4,East_exit,4,3
dl_221,2,East_exit,2,2
dl_221,11,West_exit,11,7
dl_221,21,East_exit,21,15
dl_221,22,West_exit,22,14
dl_221,23,West_exit,23,15
dl_221,18,East_exit,18,13
dl_221,19,West_exit,19,12
dl_222,17,,,
dl_222,5,West_exit,5,3
dl_222,6,East_exit,6,5
dl_222,7,West_exit,7,4
dl_222,4,East_exit,4,3
dl_222,2,East_exit,2,2
dl_222,9,East_exit,9,7
dl_222,10,West_exit,10,6
dl_222,12,East_exit,12,9
dl_222,13,West_exit,13,8
dl_222,15,East_exit,15,11
dl_222,16,West_exit,16,10
dl_222,23,West_exit,23,15
dl_222,21,East_exit,21,15
dl_222,22,West_exit,22,14
dl_222,24,West_exit,24,16
dl_222,25,West_exit,25,16
dl_222,18,East_exit,18,13
dl_222,19,West_exit,19,12
dl_223,15,,,
dl_223,5,West_exit,5,3
dl_223,6,East_exit,6,5
dl_223,7,West_exit,7,4
dl_223,4,East_exit,4,3
dl_223,2,East_exit,2,2
dl_223,9,East_exit,9,7
dl_223,10,West_exit,10,6
dl_223,12,East_exit,12,9
dl_223,13,West_exit,13,8
dl_223,15,East_exit,15,11
dl_223,16,West_exit,16,10
dl_223,21,East_exit,21,15
dl_223,22,West_exit,22,14
dl_223,23,West_exit,23,15
dl_223,18,East_exit,18,13
dl_223,19,West_exit,19,12
dl_224,17,,,
dl_224,8,West_exit,8,5
dl_224,12,East_exit,12,9
dl_224,13,West_exit,13,8
dl_224,5,West_exit,5,3
dl_224,4,East_exit,4,3
dl_224,2,East_exit,2,2
dl_224,9,East_exit,9,7
dl_224,10,West_exit,10,6
dl_224,6,East_exit,6,5
dl_224,15,East_exit,15,11
dl_224,16,West_exit,16,10
dl_224,23,West_exit,23,15
dl_224,21,East_exit,21,15
dl_224,22,West_exit,22,14
dl_224,24,West_exit,24,16
dl_224,25,West_exit,25,16
dl_224,18,East_exit,18,13
dl_224,19,West_exit,19,12
dl_225,15,,,
dl_225,8,West_exit,8,5
dl_225,12,East_exit,12,9
dl_225,13,West_exit,13,8
dl_225,5,West_exit,5,3
dl_225,4,East_exit,4,3
dl_225,2,East_exit,2,2
dl_225,9,East_exit,9,7
dl_225,10,West_exit,10,6
dl_225,6,East_exit,6,5
dl_225,15,East_exit,15,11
dl_225,16,West_exit,16,10
dl_225,21,East_exit,21,15
dl_225,22,West_exit,22,14
dl_225,23,West_exit,23,15
dl_225,18,East_exit,18,13
dl_225,19,West_exit,19,12
dl_226,17,,,
dl_226,5,West_exit,5,3
dl_226,11,West_exit,11,7
dl_226,12,East_exit,12,9
dl_226,13,West_exit,13,8
dl_226,9,East_exit,9,7
dl_226,15,East_exit,15,11
dl_226,16,West_exit,16,10
dl_226,23,West_exit,23,15
dl_226,21,East_exit,21,15
dl_226,22,West_exit,22,14
dl_226,24,West_exit,24,16
dl_226,25,West_exit,25,16
dl_226,18,East_exit,18,13
dl_226,19,West_exit,19,12
dl_226,4,East_exit,4,3
dl_226,2,East_exit,2,2
dl_226,6,East_exit,6,5
dl_226,7,West_exit,7,4
dl_227,15,,,
dl_227,5,West_exit,5,3
dl_227,11,West_exit,11,7
dl_227,12,East_exit,12,9
dl_227,13,West_exit,13,8
dl_227,9,East_exit,9,7
dl_227,15,East_exit,15,11
dl_227,16,West_exit,16,10
dl_227,21,East_exit,21,15
dl_227,22,West_exit,22,14
dl_227,23,West_exit,23,15
dl_227,18,East_exit,18,13
dl_227,19,West_exit,19,12
dl_227,4,East_exit,4,3
dl_227,2,East_exit,2,2
dl_227,6,East_exit,6,5
dl_227,7,West_exit,7,4
dl_228,17,,,
dl_228,11,West_exit,11,7
dl_228,5,West_exit,5,3
dl_228,4,East_exit,4,3
dl_228,2,East_exit,2,2
dl_228,6,East_exit,6,5
dl_228,8,West_exit,8,5
dl_228,12,East_exit,12,9
dl_228,13,West_exit,13,8
dl_228,9,East_exit,9,7
dl_228,15,East_exit,15,11
dl_228,16,West_exit,16,10
dl_228,23,West_exit,23,15
dl_228,21,East_exit,21,15
dl_228,22,West_exit,22,14
dl_228,24,West_exit,24,16
dl_228,25,West_exit,25,16
dl_228,18,East_exit,18,13
dl_228,19,West_exit,19,12
dl_229,15,,,
dl_229,11,West_exit,11,7
dl_229,5,West_exit,5,3
dl_229,4,East_exit,4,3
dl_229,2,East_exit,2,2
dl_229,6,East_exit,6,5
dl_229,8,West_exit,8,5
dl_229,12,East_exit,12,9
dl_229,13,West_exit,13,8
dl_229,9,East_exit,9,7
dl_229,15,East_exit,15,11
dl_229,16,West_exit,16,10
dl_229,21,East_exit,21,15
dl_229,22,West_exit,22,14
dl_229,23,West_exit,23,15
dl_229,18,East_exit,18,13
dl_229,19,West_exit,19,12
dl_230,17,,,
dl_230,5,West_exit,5,3
dl_230,6,East_exit,6,5
dl_230,7,West_exit,7,4
dl_230,4,East_exit,4,3
dl_230,2,East_exit,2,2
dl_230,14,West_exit,14,9
dl_230,12,East_exit,12,9
dl_230,15,East_exit,15,11
dl_230,16,West_exit,16,10
dl_230,9,East_exit,9,7
dl_230,10,West_exit,10,6
dl_230,23,West_exit,23,15
dl_230,21,East_exit,21,15
dl_230,22,West_exit,22,14
dl_230,24,West_exit,24,16
dl_230,25,West_exit,25,16
dl_230,18,East_exit,18,13
dl_230,19,West_exit,19,12
dl_231,15,,,
dl_231,5,West_exit,5,3
dl_231,6,East_exit,6,5
dl_231,7,West_exit,7,4
dl_231,4,East_exit,4,3
dl_231,2,East_exit,2,2
dl_231,14,West_exit,14,9
dl_231,12,East_exit,12,9
dl_231,15,East_exit,15,11
dl_231,16,West_exit,16,10
dl_231,9,East_exit,9,7
dl_231,10,West_exit,10,6
dl_231,21,East_exit,21,15
dl_231,22,West_exit,22,14
dl_231,23,West_exit,23,15
dl_231,18,East_exit,18,13
dl_231,19,West_exit,19,12
dl_232,17,,,
dl_232,8,West_exit,8,5
dl_232,14,West_exit,14,9
dl_232,12,East_exit,12,9
dl_232,15,East_exit,15,11
dl_232,16,West_exit,16,10
dl_232,23,West_exit,23,15
dl_232,21,East_exit,21,15
dl_232,22,West_exit,22,14
dl_232,24,West_exit,24,16
dl_232,25,West_exit,25,16
dl_232,18,East_exit,18,13
dl_232,19,West_exit,19,12
dl_232,5,West_exit,5,3
dl_232,4,East_exit,4,3
dl_232,2,East_exit,2,2
dl_232,6,East_exit,6,5
dl_232,9,East_exit,9,7
dl_232,10,West_exit,10,6
dl_233,15,,,
dl_233,8,West_exit,8,5
dl_233,14,West_exit,14,9
dl_233,12,East_exit,12,9
dl_233,15,East_exit,15,11
dl_233,16,West_exit,16,10
dl_233,21,East_exit,21,15
dl_233,22,West_exit,22,14
dl_233,23,West_exit,23,15
dl_233,18,East_exit,18,13
dl_233,19,West_exit,19,12
dl_233,5,West_exit,5,3
dl_233,4,East_exit,4,3
dl_233,2,East_exit,2,2
dl_233,6,East_exit,6,5
dl_233,9,East_exit,9,7
dl_233,10,West_exit,10,6
dl_234,17,,,
dl_234,5,West_exit,5,3
dl_234,14,West_exit,14,9
dl_234,9,East_exit,9,7
dl_234,11,West_exit,11,7
dl_234,12,East_exit,12,9
dl_234,15,East_exit,15,11
dl_234,16,West_exit,16,10
dl_234,6,East_exit,6,5
dl_234,7,West_exit,7,4
dl_234,4,East_exit,4,3
dl_234,2,East_exit,2,2
dl_234,23,West_exit,23,15
dl_234,21,East_exit,21,15
dl_234,22,West_exit,22,14
dl_234,24,West_exit,24,16
dl_234,25,West_exit,25,16
dl_234,18,East_exit,18,13
dl_234,19,West_exit,19,12
dl_235,15,,,
dl_235,5,West_exit,5,3
dl_235,14,West_exit,14,9
dl_235,9,East_exit,9,7
dl_235,11,West_exit,11,7
dl_235,12,East_exit,12,9
dl_235,15,East_exit,15,11
dl_235,16,West_exit,16,10
dl_235,6,East_exit,6,5
dl_235,7,West_exit,7,4
dl_235,4,East_exit,4,3
dl_235,2,East_exit,2,2
dl_235,21,East_exit,21,15
dl_235,22,West_exit,22,14
dl_235,23,West_exit,23,15
dl_235,18,East_exit,18,13
dl_235,19,West_exit,19,12
dl_236,17,,,
dl_236,14,West_exit,14,9
dl_236,5,West_exit,5,3
dl_236,4,East_exit,4,3
dl_236,2,East_exit,2,2
dl_236,9,East_exit,9,7
dl_236,8,West_exit,8,5
dl_236,12,East_exit,12,9
dl_236,15,East_exit,15,11
dl_236,16,West_exit,16,10
dl_236,6,East_exit,6,5
dl_236,11,West_exit,11,7
dl_236,23,West_exit,23,15
dl_236,21,East_exit,21,15
dl_236,22,West_exit,22,14
dl_236,24,West_exit,24,16
dl_236,25,West_exit,25,16
dl_236,18,East_exit,18,13
dl_236,19,West_exit,19,12
dl_237,15,,,
dl_237,14,West_exit,14,9
dl_237,5,West_exit,5,3
dl_237,4,East_exit,4,3
dl_237,2,East_exit,2,2
dl_237,9,East_exit,9,7
dl_237,8,West_exit,8,5
dl_237,12,East_exit,12,9
dl_237,15,East_exit,15,11
dl_237,16,West_exit,16,10
dl_237,6,East_exit,6,5
dl_237,11,West_exit,11,7
dl_237,21,East_exit,21,15
dl_237,22,West_exit,22,14
dl_237,23,West_exit,23,15
dl_237,18,East_exit,18,13
dl_237,19,West_exit,19,12
dl_238,5,,,
dl_238,15,East_exit,15,11
dl_238,17,West_exit,17,11
dl_238,14,East_exit,14,10
dl_238,18,East_exit,18,13
dl_238,19,West_exit,19,12
dl_238,20,West_exit,20,13
dl_239,7,,,
dl_239,12,East_exit,12,9
dl_239,13,West_exit,13,8
dl_239,11,East_exit,11,8
dl_239,15,East_exit,15,11
dl_239,17,West_exit,17,11
dl_239,18,East_exit,18,13
dl_239,19,West_exit,19,12
dl_239,20,West_exit,20,13
dl_240,9,,,
dl_240,9,East_exit,9,7
dl_240,10,West_exit,10,6
dl_240,8,East_exit,8,6
dl_240,15,East_exit,15,11
dl_240,17,West_exit,17,11
dl_240,18,East_exit,18,13
dl_240,19,West_exit,19,12
dl_240,20,West_exit,20,13
dl_240,12,East_exit,12,9
dl_240,13,West_exit,13,8
dl_241,11,,,
dl_241,6,East_exit,6,5
dl_241,7,West_exit,7,4
dl_241,5,East_exit,5,4
dl_241,9,East_exit,9,7
dl_241,10,West_exit,10,6
dl_241,15,East_exit,15,11
dl_241,17,West_exit,17,11
dl_241,18,East_exit,18,13
dl_241,19,West_exit,19,12
dl_241,20,West_exit,20,13
dl_241,12,East_exit,12,9
dl_241,13,West_exit,13,8
dl_242,13,,,
dl_242,6,East_exit,6,5
dl_242,7,West_exit,7,4
dl_242,3,West_exit,3,2
dl_242,4,East_exit,4,3
dl_242,2,East_exit,2,2
dl_242,9,East_exit,9,7
dl_242,10,West_exit,10,6
dl_242,15,East_exit,15,11
dl_242,17,West_exit,17,11
dl_242,18,East_exit,18,13
dl_242,19,West_exit,19,12
dl_242,20,West_exit,20,13
dl_242,12,East_exit,12,9
dl_242,13,West_exit,13,8
dl_243,11,,,
dl_243,8,West_exit,8,5
dl_243,9,East_exit,9,7
dl_243,10,West_exit,10,6
dl_243,6,East_exit,6,5
dl_243,5,East_exit,5,4
dl_243,15,East_exit,15,11
dl_243,17,West_exit,17,11
dl_243,18,East_exit,18,13
dl_243,19,West_exit,19,12
dl_243,20,West_exit,20,13
dl_243,12,East_exit,12,9
dl_243,13,West_exit,13,8
dl_244,13,,,
dl_244,8,West_exit,8,5
dl_244,9,East_exit,9,7
dl_244,10,West_exit,10,6
dl_244,6,East_exit,6,5
dl_244,3,West_exit,3,2
dl_244,4,East_exit,4,3
dl_244,2,East_exit,2,2
dl_244,15,East_exit,15,11
dl_244,17,West_exit,17,11
dl_244,18,East_exit,18,13
dl_244,19,West_exit,19,12
dl_244,20,West_exit,20,13
dl_244,12,East_exit,12,9
dl_244,13,West_exit,13,8
dl_245,9,,,
dl_245,11,West_exit,11,7
dl_245,15,East_exit,15,11
dl_245,17,West_exit,17,11
dl_245,18,East_exit,18,13
dl_245,19,West_exit,19,12
dl_245,20,West_exit,20,13
dl_245,9,East_exit,9,7
dl_245,8,East_exit,8,6
dl_245,12,East_exit,12,9
dl_245,13,West_exit,13,8
dl_246,11,,,
dl_246,6,East_exit,6,5
dl_246,7,West_exit,7,4
dl_246,5,East_exit,5,4
dl_246,11,West_exit,11,7
dl_246,15,East_exit,15,11
dl_246,17,West_exit,17,11
dl_246,18,East_exit,18,13
dl_246,19,West_exit,19,12
dl_246,20,West_exit,20,13
dl_246,9,East_exit,9,7
dl_246,12,East_exit,12,9
dl_246,13,West_exit,13,8
dl_247,13,,,
dl_247,6,East_exit,6,5
dl_247,7,West_exit,7,4
dl_247,11,West_exit,11,7
dl_247,15,East_exit,15,11
dl_247,17,West_exit,17,11
dl_247,18,East_exit,18,13
dl_247,19,West_exit,19,12
dl_247,20,West_exit,20,13
dl_247,9,East_exit,9,7
dl_247,12,East_exit,12,9
dl_247,13,West_exit,13,8
dl_247,3,West_exit,3,2
dl_247,4,East_exit,4,3
dl_247,2,East_exit,2,2
dl_248,11,,,
dl_248,11,West_exit,11,7
dl_248,15,East_exit,15,11
dl_248,17,West_exit,17,11
dl_248,18,East_exit,18,13
dl_248,19,West_exit,19,12
dl_248,20,West_exit,20,13
dl_248,9,East_exit,9,7
dl_248,8,West_exit,8,5
dl_248,6,East_exit,6,5
dl_248,5,East_exit,5,4
dl_248,12,East_exit,12,9
dl_248,13,West_exit,13,8
dl_249,13,,,
dl_249,11,West_exit,11,7
dl_249,15,East_exit,15,11
dl_249,17,West_exit,17,11
dl_249,18,East_exit,18,13
dl_249,19,West_exit,19,12
dl_249,20,West_exit,20,13
dl_249,9,East_exit,9,7
dl_249,8,West_exit,8,5
dl_249,6,East_exit,6,5
dl_249,12,East_exit,12,9
dl_249,13,West_exit,13,8
dl_249,3,West_exit,3,2
dl_249,4,East_exit,4,3
dl_249,2,East_exit,2,2
dl_250,7,,,
dl_250,12,East_exit,12,9
dl_250,14,West_exit,14,9
dl_250,11,East_exit,11,8
dl_250,15,East_exit,15,11
dl_250,17,West_exit,17,11
dl_250,18,East_exit,18,13
dl_250,19,West_exit,19,12
dl_250,20,West_exit,20,13
dl_251,9,,,
dl_251,9,East_exit,9,7
dl_251,10,West_exit,10,6
dl_251,8,East_exit,8,6
dl_251,12,East_exit,12,9
dl_251,15,East_exit,15,11
dl_251,17,West_exit,17,11
dl_251,18,East_exit,18,13
dl_251,19,West_exit,19,12
dl_251,20,West_exit,20,13
dl_251,14,West_exit,14,9
dl_252,11,,,
dl_252,6,East_exit,6,5
dl_252,7,West_exit,7,4
dl_252,5,East_exit,5,4
dl_252,12,East_exit,12,9
dl_252,9,East_exit,9,7
dl_252,10,West_exit,10,6
dl_252,15,East_exit,15,11
dl_252,17,West_exit,17,11
dl_252,18,East_exit,18,13
dl_252,19,West_exit,19,12
dl_252,20,West_exit,20,13
dl_252,14,West_exit,14,9
dl_253,13,,,
dl_253,6,East_exit,6,5
dl_253,7,West_exit,7,4
dl_253,12,East_exit,12,9
dl_253,9,East_exit,9,7
dl_253,10,West_exit,10,6
dl_253,15,East_exit,15,11
dl_253,17,West_exit,17,11
dl_253,18,East_exit,18,13
dl_253,19,West_exit,19,12
dl_253,20,West_exit,20,13
dl_253,14,West_exit,14,9
dl_253,3,West_exit,3,2
dl_253,4,East_exit,4,3
dl_253,2,East_exit,2,2
dl_254,11,,,
dl_254,8,West_exit,8,5
dl_254,12,East_exit,12,9
dl_254,14,West_exit,14,9
dl_254,15,East_exit,15,11
dl_254,17,West_exit,17,11
dl_254,18,East_exit,18,13
dl_254,19,West_exit,19,12
dl_254,20,West_exit,20,13
dl_254,6,East_exit,6,5
dl_254,5,East_exit,5,4
dl_254,9,East_exit,9,7
dl_254,10,West_exit,10,6
dl_255,13,,,
dl_255,8,West_exit,8,5
dl_255,12,East_exit,12,9
dl_255,14,West_exit,14,9
dl_255,15,East_exit,15,11
dl_255,17,West_exit,17,11
dl_255,18,East_exit,18,13
dl_255,19,West_exit,19,12
dl_255,20,West_exit,20,13
dl_255,9,East_exit,9,7
dl_255,10,West_exit,10,6
dl_255,6,East_exit,6,5
dl_255,3,West_exit,3,2
dl_255,4,East_exit,4,3
dl_255,2,East_exit,2,2
dl_256,9,,,
dl_256,12,East_exit,12,9
dl_256,11,West_exit,11,7
dl_256,15,East_exit,15,11
dl_256,17,West_exit,17,11
dl_256,18,East_exit,18,13
dl_256,19,West_exit,19,12
dl_256,20,West_exit,20,13
dl_256,9,East_exit,9,7
dl_256,8,East_exit,8,6
dl_256,14,West_exit,14,9
dl_257,11,,,
dl_257,11,West_exit,11,7
dl_257,9,East_exit,9,7
dl_257,6,East_exit,6,5
dl_257,7,West_exit,7,4
dl_257,5,East_exit,5,4
dl_257,12,East_exit,12,9
dl_257,15,East_exit,15,11
dl_257,17,West_exit,17,11
dl_257,18,East_exit,18,13
dl_257,19,West_exit,19,12
dl_257,20,West_exit,20,13
dl_257,14,West_exit,14,9
dl_258,13,,,
dl_258,3,West_exit,3,2
dl_258,4,East_exit,4,3
dl_258,2,East_exit,2,2
dl_258,12,East_exit,12,9
dl_258,6,East_exit,6,5
dl_258,7,West_exit,7,4
dl_258,11,West_exit,11,7
dl_258,15,East_exit,15,11
dl_258,17,West_exit,17,11
dl_258,18,East_exit,18,13
dl_258,19,West_exit,19,12
dl_258,20,West_exit,20,13
dl_258,9,East_exit,9,7
dl_258,14,West_exit,14,9
dl_259,11,,,
dl_259,12,East_exit,12,9
dl_259,11,West_exit,11,7
dl_259,15,East_exit,15,11
dl_259,17,West_exit,17,11
dl_259,18,East_exit,18,13
dl_259,19,West_exit,19,12
dl_259,20,West_exit,20,13
dl_259,9,East_exit,9,7
dl_259,8,West_exit,8,5
dl_259,6,East_exit,6,5
dl_259,5,East_exit,5,4
dl_259,14,West_exit,14,9
dl_260,13,,,
dl_260,12,East_exit,12,9
dl_260,11,West_exit,11,7
dl_260,15,East_exit,15,11
dl_260,17,West_exit,17,11
dl_260,18,East_exit,18,13
dl_260,19,West_exit,19,12
dl_260,20,West_exit,20,13
dl_260,9,East_exit,9,7
dl_260,8,West_exit,8,5
dl_260,6,East_exit,6,5
dl_260,3,West_exit,3,2
dl_260,4,East_exit,4,3
dl_260,2,East_exit,2,2
dl_260,14,West_exit,14,9
dl_261,13,,,
dl_261,5,West_exit,5,3
dl_261,6,East_exit,6,5
dl_261,7,West_exit,7,4
dl_261,4,East_exit,4,3
dl_261,2,East_exit,2,2
dl_261,9,East_exit,9,7
dl_261,10,West_exit,10,6
dl_261,15,East_exit,15,11
dl_261,17,West_exit,17,11
dl_261,18,East_exit,18,13
dl_261,19,West_exit,19,12
dl_261,20,West_exit,20,13
dl_261,12,East_exit,12,9
dl_261,13,West_exit,13,8
dl_262,13,,,
dl_262,8,West_exit,8,5
dl_262,9,East_exit,9,7
dl_262,10,West_exit,10,6
dl_262,6,East_exit,6,5
dl_262,5,West_exit,5,3
dl_262,4,East_exit,4,3
dl_262,2,East_exit,2,2
dl_262,15,East_exit,15,11
dl_262,17,West_exit,17,11
dl_262,18,East_exit,18,13
dl_262,19,West_exit,19,12
dl_262,20,West_exit,20,13
dl_262,12,East_exit,12,9
dl_262,13,West_exit,13,8
dl_263,13,,,
dl_263,5,West_exit,5,3
dl_263,11,West_exit,11,7
dl_263,15,East_exit,15,11
dl_263,17,West_exit,17,11
dl_263,18,East_exit,18,13
dl_263,19,West_exit,19,12
dl_263,20,West_exit,20,13
dl_263,9,East_exit,9,7
dl_263,12,East_exit,12,9
dl_263,13,West_exit,13,8
dl_263,4,East_exit,4,3
dl_263,2,East_exit,2,2
dl_263,6,East_exit,6,5
dl_263,7,West_exit,7,4
dl_264,13,,,
dl_264,11,West_exit,11,7
dl_264,15,East_exit,15,11
dl_264,17,West_exit,17,11
dl_264,18,East_exit,18,13
dl_264,19,West_exit,19,12
dl_264,20,West_exit,20,13
dl_264,8,West_exit,8,5
dl_264,6,East_exit,6,5
dl_264,5,West_exit,5,3
dl_264,9,East_exit,9,7
dl_264,12,East_exit,12,9
dl_264,13,West_exit,13,8
dl_264,4,East_exit,4,3
dl_264,2,East_exit,2,2
dl_265,13,,,
dl_265,5,West_exit,5,3
dl_265,6,East_exit,6,5
dl_265,7,West_exit,7,4
dl_265,4,East_exit,4,3
dl_265,2,East_exit,2,2
dl_265,12,East_exit,12,9
dl_265,9,East_exit,9,7
dl_265,10,West_exit,10,6
dl_265,15,East_exit,15,11
dl_265,17,West_exit,17,11
dl_265,18,East_exit,18,13
dl_265,19,West_exit,19,12
dl_265,20,West_exit,20,13
dl_265,14,West_exit,14,9
dl_266,13,,,
dl_266,8,West_exit,8,5
dl_266,12,East_exit,12,9
dl_266,14,West_exit,14,9
dl_266,15,East_exit,15,11
dl_266,17,West_exit,17,11
dl_266,18,East_exit,18,13
dl_266,19,West_exit,19,12
dl_266,20,West_exit,20,13
dl_266,5,West_exit,5,3
dl_266,4,East_exit,4,3
dl_266,2,East_exit,2,2
dl_266,9,East_exit,9,7
dl_266,10,West_exit,10,6
dl_266,6,East_exit,6,5
dl_267,13,,,
dl_267,5,West_exit,5,3
dl_267,12,East_exit,12,9
dl_267,11,West_exit,11,7
dl_267,15,East_exit,15,11
dl_267,17,West_exit,17,11
dl_267,18,East_exit,18,13
dl_267,19,West_exit,19,12
dl_267,20,West_exit,20,13
dl_267,9,East_exit,9,7
dl_267,14,West_exit,14,9
dl_267,6,East_exit,6,5
dl_267,7,West_exit,7,4
dl_267,4,East_exit,4,3
dl_267,2,East_exit,2,2
dl_268,13,,,
dl_268,8,West_exit,8,5
dl_268,6,East_exit,6,5
dl_268,5,West_exit,5,3
dl_268,12,East_exit,12,9
dl_268,11,West_exit,11,7
dl_268,15,East_exit,15,11
dl_268,17,West_exit,17,11
dl_268,18,East_exit,18,13
dl_268,19,West_exit,19,12
dl_268,20,West_exit,20,13
dl_268,9,East_exit,9,7
dl_268,14,West_exit,14,9
dl_268,4,East_exit,4,3
dl_268,2,East_exit,2,2
dl_269,9,,,
dl_269,17,West_exit,17,11
dl_269,23,West_exit,23,15
dl_269,21,East_exit,21,15
dl_269,22,West_exit,22,14
dl_269,24,West_exit,24,16
dl_269,25,West_exit,25,16
dl_269,15,East_exit,15,11
dl_269,14,East_exit,14,10
dl_269,18,East_exit,18,13
dl_269,19,West_exit,19,12
dl_270,7,,,
dl_270,17,West_exit,17,11
dl_270,21,East_exit,21,15
dl_270,22,West_exit,22,14
dl_270,23,West_exit,23,15
dl_270,15,East_exit,15,11
dl_270,14,East_exit,14,10
dl_270,18,East_exit,18,13
dl_270,19,West_exit,19,12
dl_271,11,,,
dl_271,17,West_exit,17,11
dl_271,21,East_exit,21,15
dl_271,22,West_exit,22,14
dl_271,23,West_exit,23,15
dl_271,24,West_exit,24,16
dl_271,25,West_exit,25,16
dl_271,12,East_exit,12,9
dl_271,13,West_exit,13,8
dl_271,11,East_exit,11,8
dl_271,15,East_exit,15,11
dl_271,18,East_exit,18,13
dl_271,19,West_exit,19,12
dl_272,9,,,
dl_272,17,West_exit,17,11
dl_272,21,East_exit,21,15
dl_272,22,West_exit,22,14
dl_272,23,West_exit,23,15
dl_272,12,East_exit,12,9
dl_272,13,West_exit,13,8
dl_272,11,East_exit,11,8
dl_272,15,East_exit,15,11
dl_272,18,East_exit,18,13
dl_272,19,West_exit,19,12
dl_273,13,,,
dl_273,9,East_exit,9,7
dl_273,10,West_exit,10,6
dl_273,8,East_exit,8,6
dl_273,17,West_exit,17,11
dl_273,21,East_exit,21,15
dl_273,22,West_exit,22,14
dl_273,23,West_exit,23,15
dl_273,24,West_exit,24,16
dl_273,25,West_exit,25,16
dl_273,15,East_exit,15,11
dl_273,18,East_exit,18,13
dl_273,19,West_exit,19,12
dl_273,12,East_exit,12,9
dl_273,13,West_exit,13,8
dl_274,11,,,
dl_274,9,East_exit,9,7
dl_274,10,West_exit,10,6
dl_274,8,East_exit,8,6
dl_274,17,West_exit,17,11
dl_274,21,East_exit,21,15
dl_274,22,West_exit,22,14
dl_274,23,West_exit,23,15
dl_274,15,East_exit,15,11
dl_274,18,East_exit,18,13
dl_274,19,West_exit,19,12
dl_274,12,East_exit,12,9
dl_274,13,West_exit,13,8
dl_275,15,,,
dl_275,6,East_exit,6,5
dl_275,7,West_exit,7,4
dl_275,5,East_exit,5,4
dl_275,9,East_exit,9,7
dl_275,10,West_exit,10,6
dl_275,17,West_exit,17,11
dl_275,21,East_exit,21,15
dl_275,22,West_exit,22,14
dl_275,23,West_exit,23,15
dl_275,24,West_exit,24,16
dl_275,25,West_exit,25,16
dl_275,15,East_exit,15,11
dl_275,18,East_exit,18,13
dl_275,19,West_exit,19,12
dl_275,12,East_exit,12,9
dl_275,13,West_exit,13,8
dl_276,13,,,
dl_276,6,East_exit,6,5
dl_276,7,West_exit,7,4
dl_276,5,East_exit,5,4
dl_276,9,East_exit,9,7
dl_276,10,West_exit,10,6
dl_276,17,West_exit,17,11
dl_276,21,East_exit,21,15
dl_276,22,West_exit,22,14
dl_276,23,West_exit,23,15
dl_276,15,East_exit,15,11
dl_276,18,East_exit,18,13
dl_276,19,West_exit,19,12
dl_276,12,East_exit,12,9
dl_276,13,West_exit,13,8
dl_277,17,,,
dl_277,6,East_exit,6,5
dl_277,7,West_exit,7,4
dl_277,9,East_exit,9,7
dl_277,10,West_exit,10,6
dl_277,3,West_exit,3,2
dl_277,4,East_exit,4,3
dl_277,2,East_exit,2,2
dl_277,17,West_exit,17,11
dl_277,23,West_exit,23,15
dl_277,21,East_exit,21,15
dl_277,22,West_exit,22,14
dl_277,24,West_exit,24,16
dl_277,25,West_exit,25,16
dl_277,15,East_exit,15,11
dl_277,18,East_exit,18,13
dl_277,19,West_exit,19,12
dl_277,12,East_exit,12,9
dl_277,13,West_exit,13,8
dl_278,15,,,
dl_278,6,East_exit,6,5
dl_278,7,West_exit,7,4
dl_278,9,East_exit,9,7
dl_278,10,West_exit,10,6
dl_278,3,West_exit,3,2
dl_278,4,East_exit,4,3
dl_278,2,East_exit,2,2
dl_278,17,West_exit,17,11
dl_278,21,East_exit,21,15
dl_278,22,West_exit,22,14
dl_278,23,West_exit,23,15
dl_278,15,East_exit,15,11
dl_278,18,East_exit,18,13
dl_278,19,West_exit,19,12
dl_278,12,East_exit,12,9
dl_278,13,West_exit,13,8
dl_279,15,,,
dl_279,8,West_exit,8,5
dl_279,9,East_exit,9,7
dl_279,10,West_exit,10,6
dl_279,6,East_exit,6,5
dl_279,5,East_exit,5,4
dl_279,17,West_exit,17,11
dl_279,21,East_exit,21,15
dl_279,22,West_exit,22,14
dl_279,23,West_exit,23,15
dl_279,24,West_exit,24,16
dl_279,25,West_exit,25,16
dl_279,15,East_exit,15,11
dl_279,18,East_exit,18,13
dl_279,19,West_exit,19,12
dl_279,12,East_exit,12,9
dl_279,13,West_exit,13,8
dl_280,13,,,
dl_280,8,West_exit,8,5
dl_280,9,East_exit,9,7
dl_280,10,West_exit,10,6
dl_280,6,East_exit,6,5
dl_280,5,East_exit,5,4
dl_280,17,West_exit,17,11
dl_280,21,East_exit,21,15
dl_280,22,West_exit,22,14
dl_280,23,West_exit,23,15
dl_280,15,East_exit,15,11
dl_280,18,East_exit,18,13
dl_280,19,West_exit,19,12
dl_280,12,East_exit,12,9
dl_280,13,West_exit,13,8
dl_281,17,,,
dl_281,8,West_exit,8,5
dl_281,9,East_exit,9,7
dl_281,10,West_exit,10,6
dl_281,6,East_exit,6,5
dl_281,17,West_exit,17,11
dl_281,21,East_exit,21,15
dl_281,22,West_exit,22,14
dl_281,23,West_exit,23,15
dl_281,24,West_exit,24,16
dl_281,25,West_exit,25,16
dl_281,15,East_exit,15,11
dl_281,18,East_exit,18,13
dl_281,19,West_exit,19,12
dl_281,12,East_exit,12,9
dl_281,13,West_exit,13,8
dl_281,3,West_exit,3,2
dl_281,4,East_exit,4,3
dl_281,2,East_exit,2,2
dl_282,15,,,
dl_282,8,West_exit,8,5
dl_282,9,East_exit,9,7
dl_282,10,West_exit,10,6
dl_282,6,East_exit,6,5
dl_282,17,West_exit,17,11
dl_282,21,East_exit,21,15
dl_282,22,West_exit,22,14
dl_282,23,West_exit,23,15
dl_282,15,East_exit,15,11
dl_282,18,East_exit,18,13
dl_282,19,West_exit,19,12
dl_282,12,East_exit,12,9
dl_282,13,West_exit,13,8
dl_282,3,West_exit,3,2
dl_282,4,East_exit,4,3
dl_282,2,East_exit,2,2
dl_283,13,,,
dl_283,11,West_exit,11,7
dl_283,17,West_exit,17,11
dl_283,21,East_exit,21,15
dl_283,22,West_exit,22,14
dl_283,23,West_exit,23,15
dl_283,24,West_exit,24,16
dl_283,25,West_exit,25,16
dl_283,15,East_exit,15,11
dl_283,18,East_exit,18,13
dl_283,19,West_exit,19,12
dl_283,12,East_exit,12,9
dl_283,13,West_exit,13,8
dl_283,9,East_exit,9,7
dl_283,8,East_exit,8,6
dl_284,11,,,
dl_284,11,West_exit,11,7
dl_284,17,West_exit,17,11
dl_284,21,East_exit,21,15
dl_284,22,West_exit,22,14
dl_284,23,West_exit,23,15
dl_284,15,East_exit,15,11
dl_284,18,East_exit,18,13
dl_284,19,West_exit,19,12
dl_284,12,East_exit,12,9
dl_284,13,West_exit,13,8
dl_284,9,East_exit,9,7
dl_284,8,East_exit,8,6
dl_285,15,,,
dl_285,11,West_exit,11,7
dl_285,17,West_exit,17,11
dl_285,21,East_exit,21,15
dl_285,22,West_exit,22,14
dl_285,23,West_exit,23,15
dl_285,24,West_exit,24,16
dl_285,25,West_exit,25,16
dl_285,15,East_exit,15,11
dl_285,18,East_exit,18,13
dl_285,19,West_exit,19,12
dl_285,12,East_exit,12,9
dl_285,13,West_exit,13,8
dl_285,5,East_exit,5,4
dl_285,9,East_exit,9,7
dl_285,6,East_exit,6,5
dl_285,7,West_exit,7,4
dl_286,13,,,
dl_286,11,West_exit,11,7
dl_286,17,West_exit,17,11
dl_286,21,East_exit,21,15
dl_286,22,West_exit,22,14
dl_286,23,West_exit,23,15
dl_286,15,East_exit,15,11
dl_286,18,East_exit,18,13
dl_286,19,West_exit,19,12
dl_286,12,East_exit,12,9
dl_286,13,West_exit,13,8
dl_286,5,East_exit,5,4
dl_286,9,East_exit,9,7
dl_286,6,East_exit,6,5
dl_286,7,West_exit,7,4
dl_287,17,,,
dl_287,11,West_exit,11,7
dl_287,17,West_exit,17,11
dl_287,21,East_exit,21,15
dl_287,22,West_exit,22,14
dl_287,23,West_exit,23,15
dl_287,24,West_exit,24,16
dl_287,25,West_exit,25,16
dl_287,15,East_exit,15,11
dl_287,18,East_exit,18,13
dl_287,19,West_exit,19,12
dl_287,12,East_exit,12,9
dl_287,13,West_exit,13,8
dl_287,9,East_exit,9,7
dl_287,6,East_exit,6,5
dl_287,7,West_exit,7,4
dl_287,3,West_exit,3,2
dl_287,4,East_exit,4,3
dl_287,2,East_exit,2,2
dl_288,15,,,
dl_288,11,West_exit,11,7
dl_288,17,West_exit,17,11
dl_288,21,East_exit,21,15
dl_288,22,West_exit,22,14
dl_288,23,West_exit,23,15
dl_288,15,East_exit,15,11
dl_288,18,East_exit,18,13
dl_288,19,West_exit,19,12
dl_288,12,East_exit,12,9
dl_288,13,West_exit,13,8
dl_288,9,East_exit,9,7
dl_288,6,East_exit,6,5
dl_288,7,West_exit,7,4
dl_288,3,West_exit,3,2
dl_288,4,East_exit,4,3
dl_288,2,East_exit,2,2
dl_289,15,,,
dl_289,6,East_exit,6,5
dl_289,8,West_exit,8,5
dl_289,11,West_exit,11,7
dl_289,17,West_exit,17,11
dl_289,21,East_exit,21,15
dl_289,22,West_exit,22,14
dl_289,23,West_exit,23,15
dl_289,24,West_exit,24,16
dl_289,25,West_exit,25,16
dl_289,15,East_exit,15,11
dl_289,18,East_exit,18,13
dl_289,19,West_exit,19,12
dl_289,12,East_exit,12,9
dl_289,13,West_exit,13,8
dl_289,9,East_exit,9,7
dl_289,5,East_exit,5,4
dl_290,13,,,
dl_290,6,East_exit,6,5
dl_290,8,West_exit,8,5
dl_290,11,West_exit,11,7
dl_290,17,West_exit,17,11
dl_290,21,East_exit,21,15
dl_290,22,West_exit,22,14
dl_290,23,West_exit,23,15
dl_290,15,East_exit,15,11
dl_290,18,East_exit,18,13
dl_290,19,West_exit,19,12
dl_290,12,East_exit,12,9
dl_290,13,West_exit,13,8
dl_290,9,East_exit,9,7
dl_290,5,East_exit,5,4
dl_291,17,,,
dl_291,6,East_exit,6,5
dl_291,8,West_exit,8,5
dl_291,11,West_exit,11,7
dl_291,17,West_exit,17,11
dl_291,21,East_exit,21,15
dl_291,22,West_exit,22,14
dl_291,23,West_exit,23,15
dl_291,24,West_exit,24,16
dl_291,25,West_exit,25,16
dl_291,15,East_exit,15,11
dl_291,18,East_exit,18,13
dl_291,19,West_exit,19,12
dl_291,12,East_exit,12,9
dl_291,13,West_exit,13,8
dl_291,9,East_exit,9,7
dl_291,3,West_exit,3,2
dl_291,4,East_exit,4,3
dl_291,2,East_exit,2,2
dl_292,15,,,
dl_292,6,East_exit,6,5
dl_292,8,West_exit,8,5
dl_292,11,West_exit,11,7
dl_292,17,West_exit,17,11
dl_292,21,East_exit,21,15
dl_292,22,West_exit,22,14
dl_292,23,West_exit,23,15
dl_292,15,East_exit,15,11
dl_292,18,East_exit,18,13
dl_292,19,West_exit,19,12
dl_292,12,East_exit,12,9
dl_292,13,West_exit,13,8
dl_292,9,East_exit,9,7
dl_292,3,West_exit,3,2
dl_292,4,East_exit,4,3
dl_292,2,East_exit,2,2
dl_293,11,,,
dl_293,17,West_exit,17,11
dl_293,21,East_exit,21,15
dl_293,22,West_exit,22,14
dl_293,23,West_exit,23,15
dl_293,24,West_exit,24,16
dl_293,25,West_exit,25,16
dl_293,12,East_exit,12,9
dl_293,14,West_exit,14,9
dl_293,15,East_exit,15,11
dl_293,11,East_exit,11,8
dl_293,18,East_exit,18,13
dl_293,19,West_exit,19,12
dl_294,9,,,
dl_294,17,West_exit,17,11
dl_294,21,East_exit,21,15
dl_294,22,West_exit,22,14
dl_294,23,West_exit,23,15
dl_294,12,East_exit,12,9
dl_294,14,West_exit,14,9
dl_294,15,East_exit,15,11
dl_294,11,East_exit,11,8
dl_294,18,East_exit,18,13
dl_294,19,West_exit,19,12
dl_295,13,,,
dl_295,17,West_exit,17,11
dl_295,21,East_exit,21,15
dl_295,22,West_exit,22,14
dl_295,23,West_exit,23,15
dl_295,24,West_exit,24,16
dl_295,25,West_exit,25,16
dl_295,9,East_exit,9,7
dl_295,10,West_exit,10,6
dl_295,8,East_exit,8,6
dl_295,14,West_exit,14,9
dl_295,12,East_exit,12,9
dl_295,15,East_exit,15,11
dl_295,18,East_exit,18,13
dl_295,19,West_exit,19,12
dl_296,11,,,
dl_296,17,West_exit,17,11
dl_296,21,East_exit,21,15
dl_296,22,West_exit,22,14
dl_296,23,West_exit,23,15
dl_296,9,East_exit,9,7
dl_296,10,West_exit,10,6
dl_296,8,East_exit,8,6
dl_296,14,West_exit,14,9
dl_296,12,East_exit,12,9
dl_296,15,East_exit,15,11
dl_296,18,East_exit,18,13
dl_296,19,West_exit,19,12
dl_297,15,,,
dl_297,6,East_exit,6,5
dl_297,7,West_exit,7,4
dl_297,5,East_exit,5,4
dl_297,17,West_exit,17,11
dl_297,21,East_exit,21,15
dl_297,22,West_exit,22,14
dl_297,23,West_exit,23,15
dl_297,24,West_exit,24,16
dl_297,25,West_exit,25,16
dl_297,12,East_exit,12,9
dl_297,14,West_exit,14,9
dl_297,15,East_exit,15,11
dl_297,18,East_exit,18,13
dl_297,19,West_exit,19,12
dl_297,9,East_exit,9,7
dl_297,10,West_exit,10,6
dl_298,13,,,
dl_298,6,East_exit,6,5
dl_298,7,West_exit,7,4
dl_298,5,East_exit,5,4
dl_298,17,West_exit,17,11
dl_298,21,East_exit,21,15
dl_298,22,West_exit,22,14
dl_298,23,West_exit,23,15
dl_298,12,East_exit,12,9
dl_298,14,West_exit,14,9
dl_298,15,East_exit,15,11
dl_298,18,East_exit,18,13
dl_298,19,West_exit,19,12
dl_298,9,East_exit,9,7
dl_298,10,West_exit,10,6
dl_299,17,,,
dl_299,6,East_exit,6,5
dl_299,7,West_exit,7,4
dl_299,3,West_exit,3,2
dl_299,4,East_exit,4,3
dl_299,2,East_exit,2,2
dl_299,17,West_exit,17,11
dl_299,21,East_exit,21,15
dl_299,22,West_exit,22,14
dl_299,23,West_exit,23,15
dl_299,24,West_exit,24,16
dl_299,25,West_exit,25,16
dl_299,12,East_exit,12,9
dl_299,14,West_exit,14,9
dl_299,15,East_exit,15,11
dl_299,18,East_exit,18,13
dl_299,19,West_exit,19,12
dl_299,9,East_exit,9,7
dl_299,10,West_exit,10,6
dl_300,15,,,
dl_300,6,East_exit,6,5
dl_300,7,West_exit,7,4
dl_300,3,West_exit,3,2
dl_300,4,East_exit,4,3
dl_300,2,East_exit,2,2
dl_300,17,West_exit,17,11
dl_300,21,East_exit,21,15
dl_300,22,West_exit,22,14
dl_300,23,West_exit,23,15
dl_300,12,East_exit,12,9
dl_300,14,West_exit,14,9
dl_300,15,East_exit,15,11
dl_300,18,East_exit,18,13
dl_300,19,West_exit,19,12
dl_300,9,East_exit,9,7
dl_300,10,West_exit,10,6
dl_301,15,,,
dl_301,8,West_exit,8,5
dl_301,17,West_exit,17,11
dl_301,21,East_exit,21,15
dl_301,22,West_exit,22,14
dl_301,23,West_exit,23,15
dl_301,24,West_exit,24,16
dl_301,25,West_exit,25,16
dl_301,12,East_exit,12,9
dl_301,14,West_exit,14,9
dl_301,15,East_exit,15,11
dl_301,18,East_exit,18,13
dl_301,19,West_exit,19,12
dl_301,9,East_exit,9,7
dl_301,10,West_exit,10,6
dl_301,6,East_exit,6,5
dl_301,5,East_exit,5,4
dl_302,13,,,
dl_302,8,West_exit,8,5
dl_302,17,West_exit,17,11
dl_302,21,East_exit,21,15
dl_302,22,West_exit,22,14
dl_302,23,West_exit,23,15
dl_302,12,East_exit,12,9
dl_302,14,West_exit,14,9
dl_302,15,East_exit,15,11
dl_302,18,East_exit,18,13
dl_302,19,West_exit,19,12
dl_302,9,East_exit,9,7
dl_302,10,West_exit,10,6
dl_302,6,East_exit,6,5
dl_302,5,East_exit,5,4
dl_303,17,,,
dl_303,8,West_exit,8,5
dl_303,17,West_exit,17,11
dl_303,21,East_exit,21,15
dl_303,22,West_exit,22,14
dl_303,23,West_exit,23,15
dl_303,24,West_exit,24,16
dl_303,25,West_exit,25,16
dl_303,12,East_exit,12,9
dl_303,14,West_exit,14,9
dl_303,15,East_exit,15,11
dl_303,18,East_exit,18,13
dl_303,19,West_exit,19,12
dl_303,9,East_exit,9,7
dl_303,10,West_exit,10,6
dl_303,6,East_exit,6,5
dl_303,3,West_exit,3,2
dl_303,4,East_exit,4,3
dl_303,2,East_exit,2,2
dl_304,15,,,
dl_304,8,West_exit,8,5
dl_304,17,West_exit,17,11
dl_304,21,East_exit,21,15
dl_304,22,West_exit,22,14
dl_304,23,West_exit,23,15
dl_304,12,East_exit,12,9
dl_304,14,West_exit,14,9
dl_304,15,East_exit,15,11
dl_304,18,East_exit,18,13
dl_304,19,West_exit,19,12
dl_304,9,East_exit,9,7
dl_304,10,West_exit,10,6
dl_304,6,East_exit,6,5
dl_304,3,West_exit,3,2
dl_304,4,East_exit,4,3
dl_304,2,East_exit,2,2
dl_305,13,,,
dl_305,17,West_exit,17,11
dl_305,21,East_exit,21,15
dl_305,22,West_exit,22,14
dl_305,23,West_exit,23,15
dl_305,24,West_exit,24,16
dl_305,25,West_exit,25,16
dl_305,9,East_exit,9,7
dl_305,11,West_exit,11,7
dl_305,15,East_exit,15,11
dl_305,14,West_exit,14,9
dl_305,8,East_exit,8,6
dl_305,12,East_exit,12,9
dl_305,18,East_exit,18,13
dl_305,19,West_exit,19,12
dl_306,11,,,
dl_306,17,West_exit,17,11
dl_306,21,East_exit,21,15
dl_306,22,West_exit,22,14
dl_306,23,West_exit,23,15
dl_306,9,East_exit,9,7
dl_306,11,West_exit,11,7
dl_306,15,East_exit,15,11
dl_306,14,West_exit,14,9
dl_306,8,East_exit,8,6
dl_306,12,East_exit,12,9
dl_306,18,East_exit,18,13
dl_306,19,West_exit,19,12
dl_307,15,,,
dl_307,5,East_exit,5,4
dl_307,6,East_exit,6,5
dl_307,7,West_exit,7,4
dl_307,17,West_exit,17,11
dl_307,21,East_exit,21,15
dl_307,22,West_exit,22,14
dl_307,23,West_exit,23,15
dl_307,24,West_exit,24,16
dl_307,25,West_exit,25,16
dl_307,14,West_exit,14,9
dl_307,12,East_exit,12,9
dl_307,11,West_exit,11,7
dl_307,15,East_exit,15,11
dl_307,18,East_exit,18,13
dl_307,19,West_exit,19,12
dl_307,9,East_exit,9,7
dl_308,13,,,
dl_308,5,East_exit,5,4
dl_308,6,East_exit,6,5
dl_308,7,West_exit,7,4
dl_308,17,West_exit,17,11
dl_308,21,East_exit,21,15
dl_308,22,West_exit,22,14
dl_308,23,West_exit,23,15
dl_308,14,West_exit,14,9
dl_308,12,East_exit,12,9
dl_308,11,West_exit,11,7
dl_308,15,East_exit,15,11
dl_308,18,East_exit,18,13
dl_308,19,West_exit,19,12
dl_308,9,East_exit,9,7
dl_309,17,,,
dl_309,17,West_exit,17,11
dl_309,21,East_exit,21,15
dl_309,22,West_exit,22,14
dl_309,23,West_exit,23,15
dl_309,24,West_exit,24,16
dl_309,25,West_exit,25,16
dl_309,3,West_exit,3,2
dl_309,4,East_exit,4,3
dl_309,2,East_exit,2,2
dl_309,11,West_exit,11,7
dl_309,9,East_exit,9,7
dl_309,6,East_exit,6,5
dl_309,7,West_exit,7,4
dl_309,12,East_exit,12,9
dl_309,14,West_exit,14,9
dl_309,15,East_exit,15,11
dl_309,18,East_exit,18,13
dl_309,19,West_exit,19,12
dl_310,15,,,
dl_310,17,West_exit,17,11
dl_310,21,East_exit,21,15
dl_310,22,West_exit,22,14
dl_310,23,West_exit,23,15
dl_310,3,West_exit,3,2
dl_310,4,East_exit,4,3
dl_310,2,East_exit,2,2
dl_310,11,West_exit,11,7
dl_310,9,East_exit,9,7
dl_310,6,East_exit,6,5
dl_310,7,West_exit,7,4
dl_310,12,East_exit,12,9
dl_310,14,West_exit,14,9
dl_310,15,East_exit,15,11
dl_310,18,East_exit,18,13
dl_310,19,West_exit,19,12
dl_311,15,,,
dl_311,17,West_exit,17,11
dl_311,21,East_exit,21,15
dl_311,22,West_exit,22,14
dl_311,23,West_exit,23,15
dl_311,24,West_exit,24,16
dl_311,25,West_exit,25,16
dl_311,9,East_exit,9,7
dl_311,8,West_exit,8,5
dl_311,12,East_exit,12,9
dl_311,14,West_exit,14,9
dl_311,15,East_exit,15,11
dl_311,18,East_exit,18,13
dl_311,19,West_exit,19,12
dl_311,6,East_exit,6,5
dl_311,5,East_exit,5,4
dl_311,11,West_exit,11,7
dl_312,13,,,
dl_312,17,West_exit,17,11
dl_312,21,East_exit,21,15
dl_312,22,West_exit,22,14
dl_312,23,West_exit,23,15
dl_312,9,East_exit,9,7
dl_312,8,West_exit,8,5
dl_312,12,East_exit,12,9
dl_312,14,West_exit,14,9
dl_312,15,East_exit,15,11
dl_312,18,East_exit,18,13
dl_312,19,West_exit,19,12
dl_312,6,East_exit,6,5
dl_312,5,East_exit,5,4
dl_312,11,West_exit,11,7
dl_313,17,,,
dl_313,17,West_exit,17,11
dl_313,21,East_exit,21,15
dl_313,22,West_exit,22,14
dl_313,23,West_exit,23,15
dl_313,24,West_exit,24,16
dl_313,25,West_exit,25,16
dl_313,9,East_exit,9,7
dl_313,8,West_exit,8,5
dl_313,12,East_exit,12,9
dl_313,14,West_exit,14,9
dl_313,15,East_exit,15,11
dl_313,18,East_exit,18,13
dl_313,19,West_exit,19,12
dl_313,6,East_exit,6,5
dl_313,11,West_exit,11,7
dl_313,3,West_exit,3,2
dl_313,4,East_exit,4,3
dl_313,2,East_exit,2,2
dl_314,15,,,
dl_314,17,West_exit,17,11
dl_314,21,East_exit,21,15
dl_314,22,West_exit,22,14
dl_314,23,West_exit,23,15
dl_314,9,East_exit,9,7
dl_314,8,West_exit,8,5
dl_314,12,East_exit,12,9
dl_314,14,West_exit,14,9
dl_314,15,East_exit,15,11
dl_314,18,East_exit,18,13
dl_314,19,West_exit,19,12
dl_314,6,East_exit,6,5
dl_314,11,West_exit,11,7
dl_314,3,West_exit,3,2
dl_314,4,East_exit,4,3
dl_314,2,East_exit,2,2
dl_315,17,,,
dl_315,5,West_exit,5,3
dl_315,6,East_exit,6,5
dl_315,7,West_exit,7,4
dl_315,4,East_exit,4,3
dl_315,2,East_exit,2,2
dl_315,9,East_exit,9,7
dl_315,10,West_exit,10,6
dl_315,17,West_exit,17,11
dl_315,21,East_exit,21,15
dl_315,22,West_exit,22,14
dl_315,23,West_exit,23,15
dl_315,24,West_exit,24,16
dl_315,25,West_exit,25,16
dl_315,15,East_exit,15,11
dl_315,18,East_exit,18,13
dl_315,19,West_exit,19,12
dl_315,12,East_exit,12,9
dl_315,13,West_exit,13,8
dl_316,15,,,
dl_316,5,West_exit,5,3
dl_316,6,East_exit,6,5
dl_316,7,West_exit,7,4
dl_316,4,East_exit,4,3
dl_316,2,East_exit,2,2
dl_316,9,East_exit,9,7
dl_316,10,West_exit,10,6
dl_316,17,West_exit,17,11
dl_316,21,East_exit,21,15
dl_316,22,West_exit,22,14
dl_316,23,West_exit,23,15
dl_316,15,East_exit,15,11
dl_316,18,East_exit,18,13
dl_316,19,West_exit,19,12
dl_316,12,East_exit,12,9
dl_316,13,West_exit,13,8
dl_317,17,,,
dl_317,8,West_exit,8,5
dl_317,9,East_exit,9,7
dl_317,10,West_exit,10,6
dl_317,6,East_exit,6,5
dl_317,5,West_exit,5,3
dl_317,4,East_exit,4,3
dl_317,2,East_exit,2,2
dl_317,17,West_exit,17,11
dl_317,21,East_exit,21,15
dl_317,22,West_exit,22,14
dl_317,23,West_exit,23,15
dl_317,24,West_exit,24,16
dl_317,25,West_exit,25,16
dl_317,15,East_exit,15,11
dl_317,18,East_exit,18,13
dl_317,19,West_exit,19,12
dl_317,12,East_exit,12,9
dl_317,13,West_exit,13,8
dl_318,15,,,
dl_318,8,West_exit,8,5
dl_318,9,East_exit,9,7
dl_318,10,West_exit,10,6
dl_318,6,East_exit,6,5
dl_318,5,West_exit,5,3
dl_318,4,East_exit,4,3
dl_318,2,East_exit,2,2
dl_318,17,West_exit,17,11
dl_318,21,East_exit,21,15
dl_318,22,West_exit,22,14
dl_318,23,West_exit,23,15
dl_318,15,East_exit,15,11
dl_318,18,East_exit,18,13
dl_318,19,West_exit,19,12
dl_318,12,East_exit,12,9
dl_318,13,West_exit,13,8
dl_319,17,,,
dl_319,5,West_exit,5,3
dl_319,11,West_exit,11,7
dl_319,17,West_exit,17,11
dl_319,21,East_exit,21,15
dl_319,22,West_exit,22,14
dl_319,23,West_exit,23,15
dl_319,24,West_exit,24,16
dl_319,25,West_exit,25,16
dl_319,15,East_exit,15,11
dl_319,18,East_exit,18,13
dl_319,19,West_exit,19,12
dl_319,12,East_exit,12,9
dl_319,13,West_exit,13,8
dl_319,9,East_exit,9,7
dl_319,4,East_exit,4,3
dl_319,2,East_exit,2,2
dl_319,6,East_exit,6,5
dl_319,7,West_exit,7,4
dl_320,15,,,
dl_320,5,West_exit,5,3
dl_320,11,West_exit,11,7
dl_320,17,West_exit,17,11
dl_320,21,East_exit,21,15
dl_320,22,West_exit,22,14
dl_320,23,West_exit,23,15
dl_320,15,East_exit,15,11
dl_320,18,East_exit,18,13
dl_320,19,West_exit,19,12
dl_320,12,East_exit,12,9
dl_320,13,West_exit,13,8
dl_320,9,East_exit,9,7
dl_320,4,East_exit,4,3
dl_320,2,East_exit,2,2
dl_320,6,East_exit,6,5
dl_320,7,West_exit,7,4
dl_321,17,,,
dl_321,11,West_exit,11,7
dl_321,17,West_exit,17,11
dl_321,21,East_exit,21,15
dl_321,22,West_exit,22,14
dl_321,23,West_exit,23,15
dl_321,24,West_exit,24,16
dl_321,25,West_exit,25,16
dl_321,15,East_exit,15,11
dl_321,18,East_exit,18,13
dl_321,19,West_exit,19,12
dl_321,5,West_exit,5,3
dl_321,4,East_exit,4,3
dl_321,2,East_exit,2,2
dl_321,6,East_exit,6,5
dl_321,8,West_exit,8,5
dl_321,12,East_exit,12,9
dl_321,13,West_exit,13,8
dl_321,9,East_exit,9,7
dl_322,15,,,
dl_322,11,West_exit,11,7
dl_322,17,West_exit,17,11
dl_322,21,East_exit,21,15
dl_322,22,West_exit,22,14
dl_322,23,West_exit,23,15
dl_322,15,East_exit,15,11
dl_322,18,East_exit,18,13
dl_322,19,West_exit,19,12
dl_322,5,West_exit,5,3
dl_322,4,East_exit,4,3
dl_322,2,East_exit,2,2
dl_322,6,East_exit,6,5
dl_322,8,West_exit,8,5
dl_322,12,East_exit,12,9
dl_322,13,West_exit,13,8
dl_322,9,East_exit,9,7
dl_323,17,,,
dl_323,5,West_exit,5,3
dl_323,6,East_exit,6,5
dl_323,7,West_exit,7,4
dl_323,4,East_exit,4,3
dl_323,2,East_exit,2,2
dl_323,17,West_exit,17,11
dl_323,21,East_exit,21,15
dl_323,22,West_exit,22,14
dl_323,23,West_exit,23,15
dl_323,24,West_exit,24,16
dl_323,25,West_exit,25,16
dl_323,12,East_exit,12,9
dl_323,14,West_exit,14,9
dl_323,15,East_exit,15,11
dl_323,18,East_exit,18,13
dl_323,19,West_exit,19,12
dl_323,9,East_exit,9,7
dl_323,10,West_exit,10,6
dl_324,15,,,
dl_324,5,West_exit,5,3
dl_324,6,East_exit,6,5
dl_324,7,West_exit,7,4
dl_324,4,East_exit,4,3
dl_324,2,East_exit,2,2
dl_324,17,West_exit,17,11
dl_324,21,East_exit,21,15
dl_324,22,West_exit,22,14
dl_324,23,West_exit,23,15
dl_324,12,East_exit,12,9
dl_324,14,West_exit,14,9
dl_324,15,East_exit,15,11
dl_324,18,East_exit,18,13
dl_324,19,West_exit,19,12
dl_324,9,East_exit,9,7
dl_324,10,West_exit,10,6
dl_325,17,,,
dl_325,8,West_exit,8,5
dl_325,17,West_exit,17,11
dl_325,21,East_exit,21,15
dl_325,22,West_exit,22,14
dl_325,23,West_exit,23,15
dl_325,24,West_exit,24,16
dl_325,25,West_exit,25,16
dl_325,12,East_exit,12,9
dl_325,14,West_exit,14,9
dl_325,15,East_exit,15,11
dl_325,18,East_exit,18,13
dl_325,19,West_exit,19,12
dl_325,9,East_exit,9,7
dl_325,10,West_exit,10,6
dl_325,6,East_exit,6,5
dl_325,5,West_exit,5,3
dl_325,4,East_exit,4,3
dl_325,2,East_exit,2,2
dl_326,15,,,
dl_326,8,West_exit,8,5
dl_326,17,West_exit,17,11
dl_326,21,East_exit,21,15
dl_326,22,West_exit,22,14
dl_326,23,West_exit,23,15
dl_326,12,East_exit,12,9
dl_326,14,West_exit,14,9
dl_326,15,East_exit,15,11
dl_326,18,East_exit,18,13
dl_326,19,West_exit,19,12
dl_326,9,East_exit,9,7
dl_326,10,West_exit,10,6
dl_326,6,East_exit,6,5
dl_326,5,West_exit,5,3
dl_326,4,East_exit,4,3
dl_326,2,East_exit,2,2
dl_327,17,,,
dl_327,5,West_exit,5,3
dl_327,17,West_exit,17,11
dl_327,21,East_exit,21,15
dl_327,22,West_exit,22,14
dl_327,23,West_exit,23,15
dl_327,24,West_exit,24,16
dl_327,25,West_exit,25,16
dl_327,9,East_exit,9,7
dl_327,11,West_exit,11,7
dl_327,15,East_exit,15,11
dl_327,14,West_exit,14,9
dl_327,12,East_exit,12,9
dl_327,18,East_exit,18,13
dl_327,19,West_exit,19,12
dl_327,6,East_exit,6,5
dl_327,7,West_exit,7,4
dl_327,4,East_exit,4,3
dl_327,2,East_exit,2,2
dl_328,15,,,
dl_328,5,West_exit,5,3
dl_328,17,West_exit,17,11
dl_328,21,East_exit,21,15
dl_328,22,West_exit,22,14
dl_328,23,West_exit,23,15
dl_328,9,East_exit,9,7
dl_328,11,West_exit,11,7
dl_328,15,East_exit,15,11
dl_328,14,West_exit,14,9
dl_328,12,East_exit,12,9
dl_328,18,East_exit,18,13
dl_328,19,West_exit,19,12
dl_328,6,East_exit,6,5
dl_328,7,West_exit,7,4
dl_328,4,East_exit,4,3
dl_328,2,East_exit,2,2
dl_329,17,,,
dl_329,17,West_exit,17,11
dl_329,21,East_exit,21,15
dl_329,22,West_exit,22,14
dl_329,23,West_exit,23,15
dl_329,24,West_exit,24,16
dl_329,25,West_exit,25,16
dl_329,11,West_exit,11,7
dl_329,9,East_exit,9,7
dl_329,8,West_exit,8,5
dl_329,12,East_exit,12,9
dl_329,14,West_exit,14,9
dl_329,15,East_exit,15,11
dl_329,18,East_exit,18,13
dl_329,19,West_exit,19,12
dl_329,6,East_exit,6,5
dl_329,5,West_exit,5,3
dl_329,4,East_exit,4,3
dl_329,2,East_exit,2,2
dl_330,15,,,
dl_330,17,West_exit,17,11
dl_330,21,East_exit,21,15
dl_330,22,West_exit,22,14
dl_330,23,West_exit,23,15
dl_330,11,West_exit,11,7
dl_330,9,East_exit,9,7
dl_330,8,West_exit,8,5
dl_330,12,East_exit,12,9
dl_330,14,West_exit,14,9
dl_330,15,East_exit,15,11
dl_330,18,East_exit,18,13
dl_330,19,West_exit,19,12
dl_330,6,East_exit,6,5
dl_330,5,West_exit,5,3
dl_330,4,East_exit,4,3
dl_330,2,East_exit,2,2
dl_331,10,,,
dl_331,12,East_exit,12,9
dl_331,13,West_exit,13,8
dl_331,11,East_exit,11,8
dl_331,15,East_exit,15,11
dl_331,16,West_exit,16,10
dl_331,21,East_exit,21,15
dl_331,22,West_exit,22,14
dl_331,18,East_exit,18,13
dl_331,19,West_exit,19,12
dl_331,24,West_exit,24,16
dl_331,25,West_exit,25,16
dl_332,12,,,
dl_332,9,East_exit,9,7
dl_332,10,West_exit,10,6
dl_332,8,East_exit,8,6
dl_332,12,East_exit,12,9
dl_332,13,West_exit,13,8
dl_332,15,East_exit,15,11
dl_332,16,West_exit,16,10
dl_332,21,East_exit,21,15
dl_332,22,West_exit,22,14
dl_332,18,East_exit,18,13
dl_332,19,West_exit,19,12
dl_332,24,West_exit,24,16
dl_332,25,West_exit,25,16
dl_333,14,,,
dl_333,6,East_exit,6,5
dl_333,7,West_exit,7,4
dl_333,5,East_exit,5,4
dl_333,12,East_exit,12,9
dl_333,13,West_exit,13,8
dl_333,9,East_exit,9,7
dl_333,10,West_exit,10,6
dl_333,15,East_exit,15,11
dl_333,16,West_exit,16,10
dl_333,21,East_exit,21,15
dl_333,22,West_exit,22,14
dl_333,18,East_exit,18,13
dl_333,19,West_exit,19,12
dl_333,24,West_exit,24,16
dl_333,25,West_exit,25,16
dl_334,16,,,
dl_334,6,East_exit,6,5
dl_334,7,West_exit,7,4
dl_334,12,East_exit,12,9
dl_334,13,West_exit,13,8
dl_334,9,East_exit,9,7
dl_334,10,West_exit,10,6
dl_334,3,West_exit,3,2
dl_334,4,East_exit,4,3
dl_334,2,East_exit,2,2
dl_334,15,East_exit,15,11
dl_334,16,West_exit,16,10
dl_334,21,East_exit,21,15
dl_334,22,West_exit,22,14
dl_334,18,East_exit,18,13
dl_334,19,West_exit,19,12
dl_334,24,West_exit,24,16
dl_334,25,West_exit,25,16
dl_335,14,,,
dl_335,8,West_exit,8,5
dl_335,12,East_exit,12,9
dl_335,13,West_exit,13,8
dl_335,9,East_exit,9,7
dl_335,10,West_exit,10,6
dl_335,6,East_exit,6,5
dl_335,5,East_exit,5,4
dl_335,15,East_exit,15,11
dl_335,16,West_exit,16,10
dl_335,21,East_exit,21,15
dl_335,22,West_exit,22,14
dl_335,18,East_exit,18,13
dl_335,19,West_exit,19,12
dl_335,24,West_exit,24,16
dl_335,25,West_exit,25,16
dl_336,16,,,
dl_336,8,West_exit,8,5
dl_336,12,East_exit,12,9
dl_336,13,West_exit,13,8
dl_336,9,East_exit,9,7
dl_336,10,West_exit,10,6
dl_336,6,East_exit,6,5
dl_336,3,West_exit,3,2
dl_336,4,East_exit,4,3
dl_336,2,East_exit,2,2
dl_336,15,East_exit,15,11
dl_336,16,West_exit,16,10
dl_336,21,East_exit,21,15
dl_336,22,West_exit,22,14
dl_336,18,East_exit,18,13
dl_336,19,West_exit,19,12
dl_336,24,West_exit,24,16
dl_336,25,West_exit,25,16
dl_337,12,,,
dl_337,11,West_exit,11,7
dl_337,12,East_exit,12,9
dl_337,13,West_exit,13,8
dl_337,9,East_exit,9,7
dl_337,8,East_exit,8,6
dl_337,15,East_exit,15,11
dl_337,16,West_exit,16,10
dl_337,21,East_exit,21,15
dl_337,22,West_exit,22,14
dl_337,18,East_exit,18,13
dl_337,19,West_exit,19,12
dl_337,24,West_exit,24,16
dl_337,25,West_exit,25,16
dl_338,14,,,
dl_338,11,West_exit,11,7
dl_338,12,East_exit,12,9
dl_338,13,West_exit,13,8
dl_338,5,East_exit,5,4
dl_338,9,East_exit,9,7
dl_338,6,East_exit,6,5
dl_338,7,West_exit,7,4
dl_338,15,East_exit,15,11
dl_338,16,West_exit,16,10
dl_338,21,East_exit,21,15
dl_338,22,West_exit,22,14
dl_338,18,East_exit,18,13
dl_338,19,West_exit,19,12
dl_338,24,West_exit,24,16
dl_338,25,West_exit,25,16
dl_339,16,,,
dl_339,11,West_exit,11,7
dl_339,12,East_exit,12,9
dl_339,13,West_exit,13,8
dl_339,9,East_exit,9,7
dl_339,6,East_exit,6,5
dl_339,7,West_exit,7,4
dl_339,3,West_exit,3,2
dl_339,4,East_exit,4,3
dl_339,2,East_exit,2,2
dl_339,15,East_exit,15,11
dl_339,16,West_exit,16,10
dl_339,21,East_exit,21,15
dl_339,22,West_exit,22,14
dl_339,18,East_exit,18,13
dl_339,19,West_exit,19,12
dl_339,24,West_exit,24,16
dl_339,25,West_exit,25,16
dl_340,14,,,
dl_340,6,East_exit,6,5
dl_340,8,West_exit,8,5
dl_340,11,West_exit,11,7
dl_340,12,East_exit,12,9
dl_340,13,West_exit,13,8
dl_340,9,East_exit,9,7
dl_340,5,East_exit,5,4
dl_340,15,East_exit,15,11
dl_340,16,West_exit,16,10
dl_340,21,East_exit,21,15
dl_340,22,West_exit,22,14
dl_340,18,East_exit,18,13
dl_340,19,West_exit,19,12
dl_340,24,West_exit,24,16
dl_340,25,West_exit,25,16
dl_341,16,,,
dl_341,6,East_exit,6,5
dl_341,8,West_exit,8,5
dl_341,11,West_exit,11,7
dl_341,12,East_exit,12,9
dl_341,13,West_exit,13,8
dl_341,9,East_exit,9,7
dl_341,3,West_exit,3,2
dl_341,4,East_exit,4,3
dl_341,2,East_exit,2,2
dl_341,15,East_exit,15,11
dl_341,16,West_exit,16,10
dl_341,21,East_exit,21,15
dl_341,22,West_exit,22,14
dl_341,18,East_exit,18,13
dl_341,19,West_exit,19,12
dl_341,24,West_exit,24,16
dl_341,25,West_exit,25,16
dl_342,10,,,
dl_342,14,West_exit,14,9
dl_342,12,East_exit,12,9
dl_342,11,East_exit,11,8
dl_342,15,East_exit,15,11
dl_342,16,West_exit,16,10
dl_342,21,East_exit,21,15
dl_342,22,West_exit,22,14
dl_342,18,East_exit,18,13
dl_342,19,West_exit,19,12
dl_342,24,West_exit,24,16
dl_342,25,West_exit,25,16
dl_343,12,,,
dl_343,14,West_exit,14,9
dl_343,9,East_exit,9,7
dl_343,10,West_exit,10,6
dl_343,8,East_exit,8,6
dl_343,12,East_exit,12,9
dl_343,15,East_exit,15,11
dl_343,16,West_exit,16,10
dl_343,21,East_exit,21,15
dl_343,22,West_exit,22,14
dl_343,18,East_exit,18,13
dl_343,19,West_exit,19,12
dl_343,24,West_exit,24,16
dl_343,25,West_exit,25,16
dl_344,14,,,
dl_344,6,East_exit,6,5
dl_344,7,West_exit,7,4
dl_344,5,East_exit,5,4
dl_344,14,West_exit,14,9
dl_344,12,East_exit,12,9
dl_344,15,East_exit,15,11
dl_344,16,West_exit,16,10
dl_344,9,East_exit,9,7
dl_344,10,West_exit,10,6
dl_344,21,East_exit,21,15
dl_344,22,West_exit,22,14
dl_344,18,East_exit,18,13
dl_344,19,West_exit,19,12
dl_344,24,West_exit,24,16
dl_344,25,West_exit,25,16
dl_345,16,,,
dl_345,6,East_exit,6,5
dl_345,7,West_exit,7,4
dl_345,3,West_exit,3,2
dl_345,4,East_exit,4,3
dl_345,2,East_exit,2,2
dl_345,14,West_exit,14,9
dl_345,12,East_exit,12,9
dl_345,15,East_exit,15,11
dl_345,16,West_exit,16,10
dl_345,9,East_exit,9,7
dl_345,10,West_exit,10,6
dl_345,21,East_exit,21,15
dl_345,22,West_exit,22,14
dl_345,18,East_exit,18,13
dl_345,19,West_exit,19,12
dl_345,24,West_exit,24,16
dl_345,25,West_exit,25,16
dl_346,14,,,
dl_346,8,West_exit,8,5
dl_346,14,West_exit,14,9
dl_346,12,East_exit,12,9
dl_346,15,East_exit,15,11
dl_346,16,West_exit,16,10
dl_346,21,East_exit,21,15
dl_346,22,West_exit,22,14
dl_346,18,East_exit,18,13
dl_346,19,West_exit,19,12
dl_346,6,East_exit,6,5
dl_346,5,East_exit,5,4
dl_346,9,East_exit,9,7
dl_346,10,West_exit,10,6
dl_346,24,West_exit,24,16
dl_346,25,West_exit,25,16
dl_347,16,,,
dl_347,8,West_exit,8,5
dl_347,14,West_exit,14,9
dl_347,12,East_exit,12,9
dl_347,15,East_exit,15,11
dl_347,16,West_exit,16,10
dl_347,6,East_exit,6,5
dl_347,9,East_exit,9,7
dl_347,10,West_exit,10,6
dl_347,3,West_exit,3,2
dl_347,4,East_exit,4,3
dl_347,2,East_exit,2,2
dl_347,21,East_exit,21,15
dl_347,22,West_exit,22,14
dl_347,18,East_exit,18,13
dl_347,19,West_exit,19,12
dl_347,24,West_exit,24,16
dl_347,25,West_exit,25,16
dl_348,12,,,
dl_348,14,West_exit,14,9
dl_348,9,East_exit,9,7
dl_348,11,West_exit,11,7
dl_348,8,East_exit,8,6
dl_348,12,East_exit,12,9
dl_348,15,East_exit,15,11
dl_348,16,West_exit,16,10
dl_348,21,East_exit,21,15
dl_348,22,West_exit,22,14
dl_348,18,East_exit,18,13
dl_348,19,West_exit,19,12
dl_348,24,West_exit,24,16
dl_348,25,West_exit,25,16
dl_349,14,,,
dl_349,14,West_exit,14,9
dl_349,6,East_exit,6,5
dl_349,7,West_exit,7,4
dl_349,5,East_exit,5,4
dl_349,9,East_exit,9,7
dl_349,11,West_exit,11,7
dl_349,12,East_exit,12,9
dl_349,15,East_exit,15,11
dl_349,16,West_exit,16,10
dl_349,21,East_exit,21,15
dl_349,22,West_exit,22,14
dl_349,18,East_exit,18,13
dl_349,19,West_exit,19,12
dl_349,24,West_exit,24,16
dl_349,25,West_exit,25,16
dl_350,16,,,
dl_350,14,West_exit,14,9
dl_350,3,West_exit,3,2
dl_350,4,East_exit,4,3
dl_350,2,East_exit,2,2
dl_350,9,East_exit,9,7
dl_350,6,East_exit,6,5
dl_350,7,West_exit,7,4
dl_350,12,East_exit,12,9
dl_350,15,East_exit,15,11
dl_350,16,West_exit,16,10
dl_350,11,West_exit,11,7
dl_350,21,East_exit,21,15
dl_350,22,West_exit,22,14
dl_350,18,East_exit,18,13
dl_350,19,West_exit,19,12
dl_350,24,West_exit,24,16
dl_350,25,West_exit,25,16
dl_351,14,,,
dl_351,14,West_exit,14,9
dl_351,9,East_exit,9,7
dl_351,8,West_exit,8,5
dl_351,12,East_exit,12,9
dl_351,15,East_exit,15,11
dl_351,16,West_exit,16,10
dl_351,6,East_exit,6,5
dl_351,5,East_exit,5,4
dl_351,11,West_exit,11,7
dl_351,21,East_exit,21,15
dl_351,22,West_exit,22,14
dl_351,18,East_exit,18,13
dl_351,19,West_exit,19,12
dl_351,24,West_exit,24,16
dl_351,25,West_exit,25,16
dl_352,16,,,
dl_352,14,West_exit,14,9
dl_352,9,East_exit,9,7
dl_352,8,West_exit,8,5
dl_352,12,East_exit,12,9
dl_352,15,East_exit,15,11
dl_352,16,West_exit,16,10
dl_352,6,East_exit,6,5
dl_352,3,West_exit,3,2
dl_352,4,East_exit,4,3
dl_352,2,East_exit,2,2
dl_352,11,West_exit,11,7
dl_352,21,East_exit,21,15
dl_352,22,West_exit,22,14
dl_352,18,East_exit,18,13
dl_352,19,West_exit,19,12
dl_352,24,West_exit,24,16
dl_352,25,West_exit,25,16
dl_353,16,,,
dl_353,5,West_exit,5,3
dl_353,6,East_exit,6,5
dl_353,7,West_exit,7,4
dl_353,4,East_exit,4,3
dl_353,2,East_exit,2,2
dl_353,9,East_exit,9,7
dl_353,10,West_exit,10,6
dl_353,12,East_exit,12,9
dl_353,13,West_exit,13,8
dl_353,15,East_exit,15,11
dl_353,16,West_exit,16,10
dl_353,21,East_exit,21,15
dl_353,22,West_exit,22,14
dl_353,18,East_exit,18,13
dl_353,19,West_exit,19,12
dl_353,24,West_exit,24,16
dl_353,25,West_exit,25,16
dl_354,16,,,
dl_354,8,West_exit,8,5
dl_354,12,East_exit,12,9
dl_354,13,West_exit,13,8
dl_354,5,West_exit,5,3
dl_354,4,East_exit,4,3
dl_354,2,East_exit,2,2
dl_354,9,East_exit,9,7
dl_354,10,West_exit,10,6
dl_354,6,East_exit,6,5
dl_354,15,East_exit,15,11
dl_354,16,West_exit,16,10
dl_354,21,East_exit,21,15
dl_354,22,West_exit,22,14
dl_354,18,East_exit,18,13
dl_354,19,West_exit,19,12
dl_354,24,West_exit,24,16
dl_354,25,West_exit,25,16
dl_355,16,,,
dl_355,5,West_exit,5,3
dl_355,11,West_exit,11,7
dl_355,12,East_exit,12,9
dl_355,13,West_exit,13,8
dl_355,9,East_exit,9,7
dl_355,15,East_exit,15,11
dl_355,16,West_exit,16,10
dl_355,21,East_exit,21,15
dl_355,22,West_exit,22,14
dl_355,18,East_exit,18,13
dl_355,19,West_exit,19,12
dl_355,4,East_exit,4,3
dl_355,2,East_exit,2,2
dl_355,6,East_exit,6,5
dl_355,7,West_exit,7,4
dl_355,24,West_exit,24,16
dl_355,25,West_exit,25,16
dl_356,16,,,
dl_356,11,West_exit,11,7
dl_356,5,West_exit,5,3
dl_356,4,East_exit,4,3
dl_356,2,East_exit,2,2
dl_356,6,East_exit,6,5
dl_356,8,West_exit,8,5
dl_356,12,East_exit,12,9
dl_356,13,West_exit,13,8
dl_356,9,East_exit,9,7
dl_356,15,East_exit,15,11
dl_356,16,West_exit,16,10
dl_356,21,East_exit,21,15
dl_356,22,West_exit,22,14
dl_356,18,East_exit,18,13
dl_356,19,West_exit,19,12
dl_356,24,West_exit,24,16
dl_356,25,West_exit,25,16
dl_357,16,,,
dl_357,5,West_exit,5,3
dl_357,6,East_exit,6,5
dl_357,7,West_exit,7,4
dl_357,4,East_exit,4,3
dl_357,2,East_exit,2,2
dl_357,14,West_exit,14,9
dl_357,12,East_exit,12,9
dl_357,15,East_exit,15,11
dl_357,16,West_exit,16,10
dl_357,9,East_exit,9,7
dl_357,10,West_exit,10,6
dl_357,21,East_exit,21,15
dl_357,22,West_exit,22,14
dl_357,18,East_exit,18,13
dl_357,19,West_exit,19,12
dl_357,24,West_exit,24,16
dl_357,25,West_exit,25,16
dl_358,16,,,
dl_358,8,West_exit,8,5
dl_358,14,West_exit,14,9
dl_358,12,East_exit,12,9
dl_358,15,East_exit,15,11
dl_358,16,West_exit,16,10
dl_358,21,East_exit,21,15
dl_358,22,West_exit,22,14
dl_358,18,East_exit,18,13
dl_358,19,West_exit,19,12
dl_358,5,West_exit,5,3
dl_358,4,East_exit,4,3
dl_358,2,East_exit,2,2
dl_358,6,East_exit,6,5
dl_358,9,East_exit,9,7
dl_358,10,West_exit,10,6
dl_358,24,West_exit,24,16
dl_358,25,West_exit,25,16
dl_359,16,,,
dl_359,5,West_exit,5,3
dl_359,14,West_exit,14,9
dl_359,9,East_exit,9,7
dl_359,11,West_exit,11,7
dl_359,12,East_exit,12,9
dl_359,15,East_exit,15,11
dl_359,16,West_exit,16,10
dl_359,6,East_exit,6,5
dl_359,7,West_exit,7,4
dl_359,4,East_exit,4,3
dl_359,2,East_exit,2,2
dl_359,21,East_exit,21,15
dl_359,22,West_exit,22,14
dl_359,18,East_exit,18,13
dl_359,19,West_exit,19,12
dl_359,24,West_exit,24,16
dl_359,25,West_exit,25,16
dl_360,16,,,
dl_360,14,West_exit,14,9
dl_360,5,West_exit,5,3
dl_360,4,East_exit,4,3
dl_360,2,East_exit,2,2
dl_360,9,East_exit,9,7
dl_360,8,West_exit,8,5
dl_360,12,East_exit,12,9
dl_360,15,East_exit,15,11
dl_360,16,West_exit,16,10
dl_360,6,East_exit,6,5
dl_360,11,West_exit,11,7
dl_360,21,East_exit,21,15
dl_360,22,West_exit,22,14
dl_360,18,East_exit,18,13
dl_360,19,West_exit,19,12
dl_360,24,West_exit,24,16
dl_360,25,West_exit,25,16
dl_361,8,,,
dl_361,17,West_exit,17,11
dl_361,21,East_exit,21,15
dl_361,22,West_exit,22,14
dl_361,15,East_exit,15,11
dl_361,14,East_exit,14,10
dl_361,18,East_exit,18,13
dl_361,19,West_exit,19,12
dl_361,24,West_exit,24,16
dl_361,25,West_exit,25,16
dl_362,10,,,
dl_362,17,West_exit,17,11
dl_362,21,East_exit,21,15
dl_362,22,West_exit,22,14
dl_362,12,East_exit,12,9
dl_362,13,West_exit,13,8
dl_362,11,East_exit,11,8
dl_362,15,East_exit,15,11
dl_362,18,East_exit,18,13
dl_362,19,West_exit,19,12
dl_362,24,West_exit,24,16
dl_362,25,West_exit,25,16
dl_363,12,,,
dl_363,9,East_exit,9,7
dl_363,10,West_exit,10,6
dl_363,8,East_exit,8,6
dl_363,17,West_exit,17,11
dl_363,21,East_exit,21,15
dl_363,22,West_exit,22,14
dl_363,15,East_exit,15,11
dl_363,18,East_exit,18,13
dl_363,19,West_exit,19,12
dl_363,12,East_exit,12,9
dl_363,13,West_exit,13,8
dl_363,24,West_exit,24,16
dl_363,25,West_exit,25,16
dl_364,14,,,
dl_364,6,East_exit,6,5
dl_364,7,West_exit,7,4
dl_364,5,East_exit,5,4
dl_364,9,East_exit,9,7
dl_364,10,West_exit,10,6
dl_364,17,West_exit,17,11
dl_364,21,East_exit,21,15
dl_364,22,West_exit,22,14
dl_364,15,East_exit,15,11
dl_364,18,East_exit,18,13
dl_364,19,West_exit,19,12
dl_364,12,East_exit,12,9
dl_364,13,West_exit,13,8
dl_364,24,West_exit,24,16
dl_364,25,West_exit,25,16
dl_365,16,,,
dl_365,6,East_exit,6,5
dl_365,7,West_exit,7,4
dl_365,9,East_exit,9,7
dl_365,10,West_exit,10,6
dl_365,3,West_exit,3,2
dl_365,4,East_exit,4,3
dl_365,2,East_exit,2,2
dl_365,17,West_exit,17,11
dl_365,21,East_exit,21,15
dl_365,22,West_exit,22,14
dl_365,15,East_exit,15,11
dl_365,18,East_exit,18,13
dl_365,19,West_exit,19,12
dl_365,24,West_exit,24,16
dl_365,25,West_exit,25,16
dl_365,12,East_exit,12,9
dl_365,13,West_exit,13,8
dl_366,14,,,
dl_366,8,West_exit,8,5
dl_366,9,East_exit,9,7
dl_366,10,West_exit,10,6
dl_366,6,East_exit,6,5
dl_366,5,East_exit,5,4
dl_366,17,West_exit,17,11
dl_366,21,East_exit,21,15
dl_366,22,West_exit,22,14
dl_366,15,East_exit,15,11
dl_366,18,East_exit,18,13
dl_366,19,West_exit,19,12
dl_366,12,East_exit,12,9
dl_366,13,West_exit,13,8
dl_366,24,West_exit,24,16
dl_366,25,West_exit,25,16
dl_367,16,,,
dl_367,8,West_exit,8,5
dl_367,9,East_exit,9,7
dl_367,10,West_exit,10,6
dl_367,6,East_exit,6,5
dl_367,3,West_exit,3,2
dl_367,4,East_exit,4,3
dl_367,2,East_exit,2,2
dl_367,17,West_exit,17,11
dl_367,21,East_exit,21,15
dl_367,22,West_exit,22,14
dl_367,15,East_exit,15,11
dl_367,18,East_exit,18,13
dl_367,19,West_exit,19,12
dl_367,12,East_exit,12,9
dl_367,13,West_exit,13,8
dl_367,24,West_exit,24,16
dl_367,25,West_exit,25,16
dl_368,12,,,
dl_368,11,West_exit,11,7
dl_368,17,West_exit,17,11
dl_368,21,East_exit,21,15
dl_368,22,West_exit,22,14
dl_368,15,East_exit,15,11
dl_368,18,East_exit,18,13
dl_368,19,West_exit,19,12
dl_368,12,East_exit,12,9
dl_368,13,West_exit,13,8
dl_368,9,East_exit,9,7
dl_368,8,East_exit,8,6
dl_368,24,West_exit,24,16
dl_368,25,West_exit,25,16
dl_369,14,,,
dl_369,11,West_exit,11,7
dl_369,17,West_exit,17,11
dl_369,21,East_exit,21,15
dl_369,22,West_exit,22,14
dl_369,15,East_exit,15,11
dl_369,18,East_exit,18,13
dl_369,19,West_exit,19,12
dl_369,12,East_exit,12,9
dl_369,13,West_exit,13,8
dl_369,5,East_exit,5,4
dl_369,9,East_exit,9,7
dl_369,6,East_exit,6,5
dl_369,7,West_exit,7,4
dl_369,24,West_exit,24,16
dl_369,25,West_exit,25,16
dl_370,16,,,
dl_370,11,West_exit,11,7
dl_370,17,West_exit,17,11
dl_370,21,East_exit,21,15
dl_370,22,West_exit,22,14
dl_370,15,East_exit,15,11
dl_370,18,East_exit,18,13
dl_370,19,West_exit,19,12
dl_370,12,East_exit,12,9
dl_370,13,West_exit,13,8
dl_370,9,East_exit,9,7
dl_370,6,East_exit,6,5
dl_370,7,West_exit,7,4
dl_370,3,West_exit,3,2
dl_370,4,East_exit,4,3
dl_370,2,East_exit,2,2
dl_370,24,West_exit,24,16
dl_370,25,West_exit,25,16
dl_371,14,,,
dl_371,11,West_exit,11,7
dl_371,17,West_exit,17,11
dl_371,6,East_exit,6,5
dl_371,8,West_exit,8,5
dl_371,21,East_exit,21,15
dl_371,22,West_exit,22,14
dl_371,15,East_exit,15,11
dl_371,18,East_exit,18,13
dl_371,19,West_exit,19,12
dl_371,12,East_exit,12,9
dl_371,13,West_exit,13,8
dl_371,9,East_exit,9,7
dl_371,5,East_exit,5,4
dl_371,24,West_exit,24,16
dl_371,25,West_exit,25,16
dl_372,16,,,
dl_372,11,West_exit,11,7
dl_372,17,West_exit,17,11
dl_372,6,East_exit,6,5
dl_372,8,West_exit,8,5
dl_372,21,East_exit,21,15
dl_372,22,West_exit,22,14
dl_372,15,East_exit,15,11
dl_372,18,East_exit,18,13
dl_372,19,West_exit,19,12
dl_372,12,East_exit,12,9
dl_372,13,West_exit,13,8
dl_372,9,East_exit,9,7
dl_372,3,West_exit,3,2
dl_372,4,East_exit,4,3
dl_372,2,East_exit,2,2
dl_372,24,West_exit,24,16
dl_372,25,West_exit,25,16
dl_373,10,,,
dl_373,17,West_exit,17,11
dl_373,21,East_exit,21,15
dl_373,22,West_exit,22,14
dl_373,12,East_exit,12,9
dl_373,14,West_exit,14,9
dl_373,15,East_exit,15,11
dl_373,11,East_exit,11,8
dl_373,18,East_exit,18,13
dl_373,19,West_exit,19,12
dl_373,24,West_exit,24,16
dl_373,25,West_exit,25,16
dl_374,12,,,
dl_374,17,West_exit,17,11
dl_374,21,East_exit,21,15
dl_374,22,West_exit,22,14
dl_374,9,East_exit,9,7
dl_374,10,West_exit,10,6
dl_374,8,East_exit,8,6
dl_374,14,West_exit,14,9
dl_374,12,East_exit,12,9
dl_374,15,East_exit,15,11
dl_374,18,East_exit,18,13
dl_374,19,West_exit,19,12
dl_374,24,West_exit,24,16
dl_374,25,West_exit,25,16
dl_375,14,,,
dl_375,17,West_exit,17,11
dl_375,6,East_exit,6,5
dl_375,7,West_exit,7,4
dl_375,5,East_exit,5,4
dl_375,21,East_exit,21,15
dl_375,22,West_exit,22,14
dl_375,12,East_exit,12,9
dl_375,14,West_exit,14,9
dl_375,15,East_exit,15,11
dl_375,18,East_exit,18,13
dl_375,19,West_exit,19,12
dl_375,9,East_exit,9,7
dl_375,10,West_exit,10,6
dl_375,24,West_exit,24,16
dl_375,25,West_exit,25,16
dl_376,16,,,
dl_376,6,East_exit,6,5
dl_376,7,West_exit,7,4
dl_376,3,West_exit,3,2
dl_376,4,East_exit,4,3
dl_376,2,East_exit,2,2
dl_376,17,West_exit,17,11
dl_376,21,East_exit,21,15
dl_376,22,West_exit,22,14
dl_376,12,East_exit,12,9
dl_376,14,West_exit,14,9
dl_376,15,East_exit,15,11
dl_376,18,East_exit,18,13
dl_376,19,West_exit,19,12
dl_376,9,East_exit,9,7
dl_376,10,West_exit,10,6
dl_376,24,West_exit,24,16
dl_376,25,West_exit,25,16
dl_377,14,,,
dl_377,6,East_exit,6,5
dl_377,8,West_exit,8,5
dl_377,17,West_exit,17,11
dl_377,21,East_exit,21,15
dl_377,22,West_exit,22,14
dl_377,12,East_exit,12,9
dl_377,14,West_exit,14,9
dl_377,15,East_exit,15,11
dl_377,18,East_exit,18,13
dl_377,19,West_exit,19,12
dl_377,9,East_exit,9,7
dl_377,10,West_exit,10,6
dl_377,5,East_exit,5,4
dl_377,24,West_exit,24,16
dl_377,25,West_exit,25,16
dl_378,16,,,
dl_378,8,West_exit,8,5
dl_378,17,West_exit,17,11
dl_378,21,East_exit,21,15
dl_378,22,West_exit,22,14
dl_378,12,East_exit,12,9
dl_378,14,West_exit,14,9
dl_378,15,East_exit,15,11
dl_378,18,East_exit,18,13
dl_378,19,West_exit,19,12
dl_378,9,East_exit,9,7
dl_378,10,West_exit,10,6
dl_378,6,East_exit,6,5
dl_378,3,West_exit,3,2
dl_378,4,East_exit,4,3
dl_378,2,East_exit,2,2
dl_378,24,West_exit,24,16
dl_378,25,West_exit,25,16
dl_379,12,,,
dl_379,17,West_exit,17,11
dl_379,9,East_exit,9,7
dl_379,11,West_exit,11,7
dl_379,21,East_exit,21,15
dl_379,22,West_exit,22,14
dl_379,15,East_exit,15,11
dl_379,14,West_exit,14,9
dl_379,8,East_exit,8,6
dl_379,12,East_exit,12,9
dl_379,18,East_exit,18,13
dl_379,19,West_exit,19,12
dl_379,24,West_exit,24,16
dl_379,25,West_exit,25,16
dl_380,14,,,
dl_380,17,West_exit,17,11
dl_380,5,East_exit,5,4
dl_380,6,East_exit,6,5
dl_380,7,West_exit,7,4
dl_380,21,East_exit,21,15
dl_380,22,West_exit,22,14
dl_380,14,West_exit,14,9
dl_380,12,East_exit,12,9
dl_380,11,West_exit,11,7
dl_380,15,East_exit,15,11
dl_380,18,East_exit,18,13
dl_380,19,West_exit,19,12
dl_380,9,East_exit,9,7
dl_380,24,West_exit,24,16
dl_380,25,West_exit,25,16
dl_381,16,,,
dl_381,17,West_exit,17,11
dl_381,21,East_exit,21,15
dl_381,22,West_exit,22,14
dl_381,3,West_exit,3,2
dl_381,4,East_exit,4,3
dl_381,2,East_exit,2,2
dl_381,11,West_exit,11,7
dl_381,9,East_exit,9,7
dl_381,6,East_exit,6,5
dl_381,7,West_exit,7,4
dl_381,12,East_exit,12,9
dl_381,14,West_exit,14,9
dl_381,15,East_exit,15,11
dl_381,18,East_exit,18,13
dl_381,19,West_exit,19,12
dl_381,24,West_exit,24,16
dl_381,25,West_exit,25,16
dl_382,14,,,
dl_382,17,West_exit,17,11
dl_382,21,East_exit,21,15
dl_382,22,West_exit,22,14
dl_382,9,East_exit,9,7
dl_382,8,West_exit,8,5
dl_382,12,East_exit,12,9
dl_382,14,West_exit,14,9
dl_382,15,East_exit,15,11
dl_382,18,East_exit,18,13
dl_382,19,West_exit,19,12
dl_382,6,East_exit,6,5
dl_382,5,East_exit,5,4
dl_382,11,West_exit,11,7
dl_382,24,West_exit,24,16
dl_382,25,West_exit,25,16
dl_383,16,,,
dl_383,17,West_exit,17,11
dl_383,21,East_exit,21,15
dl_383,22,West_exit,22,14
dl_383,9,East_exit,9,7
dl_383,8,West_exit,8,5
dl_383,12,East_exit,12,9
dl_383,14,West_exit,14,9
dl_383,15,East_exit,15,11
dl_383,18,East_exit,18,13
dl_383,19,West_exit,19,12
dl_383,6,East_exit,6,5
dl_383,11,West_exit,11,7
dl_383,24,West_exit,24,16
dl_383,25,West_exit,25,16
dl_383,3,West_exit,3,2
dl_383,4,East_exit,4,3
dl_383,2,East_exit,2,2
dl_384,16,,,
dl_384,5,West_exit,5,3
dl_384,6,East_exit,6,5
dl_384,7,West_exit,7,4
dl_384,4,East_exit,4,3
dl_384,2,East_exit,2,2
dl_384,9,East_exit,9,7
dl_384,10,West_exit,10,6
dl_384,17,West_exit,17,11
dl_384,21,East_exit,21,15
dl_384,22,West_exit,22,14
dl_384,15,East_exit,15,11
dl_384,18,East_exit,18,13
dl_384,19,West_exit,19,12
dl_384,12,East_exit,12,9
dl_384,13,West_exit,13,8
dl_384,24,West_exit,24,16
dl_384,25,West_exit,25,16
dl_385,16,,,
dl_385,8,West_exit,8,5
dl_385,9,East_exit,9,7
dl_385,10,West_exit,10,6
dl_385,6,East_exit,6,5
dl_385,5,West_exit,5,3
dl_385,4,East_exit,4,3
dl_385,2,East_exit,2,2
dl_385,17,West_exit,17,11
dl_385,21,East_exit,21,15
dl_385,22,West_exit,22,14
dl_385,15,East_exit,15,11
dl_385,18,East_exit,18,13
dl_385,19,West_exit,19,12
dl_385,12,East_exit,12,9
dl_385,13,West_exit,13,8
dl_385,24,West_exit,24,16
dl_385,25,West_exit,25,16
dl_386,16,,,
dl_386,5,West_exit,5,3
dl_386,11,West_exit,11,7
dl_386,17,West_exit,17,11
dl_386,21,East_exit,21,15
dl_386,22,West_exit,22,14
dl_386,15,East_exit,15,11
dl_386,18,East_exit,18,13
dl_386,19,West_exit,19,12
dl_386,12,East_exit,12,9
dl_386,13,West_exit,13,8
dl_386,9,East_exit,9,7
dl_386,4,East_exit,4,3
dl_386,2,East_exit,2,2
dl_386,6,East_exit,6,5
dl_386,7,West_exit,7,4
dl_386,24,West_exit,24,16
dl_386,25,West_exit,25,16
dl_387,16,,,
dl_387,11,West_exit,11,7
dl_387,17,West_exit,17,11
dl_387,21,East_exit,21,15
dl_387,22,West_exit,22,14
dl_387,15,East_exit,15,11
dl_387,18,East_exit,18,13
dl_387,19,West_exit,19,12
dl_387,5,West_exit,5,3
dl_387,4,East_exit,4,3
dl_387,2,East_exit,2,2
dl_387,6,East_exit,6,5
dl_387,8,West_exit,8,5
dl_387,12,East_exit,12,9
dl_387,13,West_exit,13,8
dl_387,9,East_exit,9,7
dl_387,24,West_exit,24,16
dl_387,25,West_exit,25,16
dl_388,16,,,
dl_388,17,West_exit,17,11
dl_388,5,West_exit,5,3
dl_388,6,East_exit,6,5
dl_388,7,West_exit,7,4
dl_388,4,East_exit,4,3
dl_388,2,East_exit,2,2
dl_388,21,East_exit,21,15
dl_388,22,West_exit,22,14
dl_388,12,East_exit,12,9
dl_388,14,West_exit,14,9
dl_388,15,East_exit,15,11
dl_388,18,East_exit,18,13
dl_388,19,West_exit,19,12
dl_388,9,East_exit,9,7
dl_388,10,West_exit,10,6
dl_388,24,West_exit,24,16
dl_388,25,West_exit,25,16
dl_389,16,,,
dl_389,5,West_exit,5,3
dl_389,4,East_exit,4,3
dl_389,2,East_exit,2,2
dl_389,8,West_exit,8,5
dl_389,17,West_exit,17,11
dl_389,21,East_exit,21,15
dl_389,22,West_exit,22,14
dl_389,12,East_exit,12,9
dl_389,14,West_exit,14,9
dl_389,15,East_exit,15,11
dl_389,18,East_exit,18,13
dl_389,19,West_exit,19,12
dl_389,9,East_exit,9,7
dl_389,10,West_exit,10,6
dl_389,6,East_exit,6,5
dl_389,24,West_exit,24,16
dl_389,25,West_exit,25,16
dl_390,16,,,
dl_390,5,West_exit,5,3
dl_390,17,West_exit,17,11
dl_390,21,East_exit,21,15
dl_390,22,West_exit,22,14
dl_390,9,East_exit,9,7
dl_390,11,West_exit,11,7
dl_390,15,East_exit,15,11
dl_390,14,West_exit,14,9
dl_390,12,East_exit,12,9
dl_390,18,East_exit,18,13
dl_390,19,West_exit,19,12
dl_390,6,East_exit,6,5
dl_390,7,West_exit,7,4
dl_390,4,East_exit,4,3
dl_390,2,East_exit,2,2
dl_390,24,West_exit,24,16
dl_390,25,West_exit,25,16
dl_391,16,,,
dl_391,17,West_exit,17,11
dl_391,21,East_exit,21,15
dl_391,22,West_exit,22,14
dl_391,11,West_exit,11,7
dl_391,9,East_exit,9,7
dl_391,8,West_exit,8,5
dl_391,12,East_exit,12,9
dl_391,14,West_exit,14,9
dl_391,15,East_exit,15,11
dl_391,18,East_exit,18,13
dl_391,19,West_exit,19,12
dl_391,6,East_exit,6,5
dl_391,5,West_exit,5,3
dl_391,4,East_exit,4,3
dl_391,2,East_exit,2,2
dl_391,24,West_exit,24,16
dl_391,25,West_exit,25,16
dl_392,5,,,
dl_392,12,West_exit,12,8
dl_392,13,East_exit,13,9
dl_392,14,West_exit,14,9
dl_392,9,West_exit,9,6
dl_392,10,East_exit,10,7
dl_392,8,East_exit,8,6
dl_393,9,,,
dl_393,5,East_exit,5,4
dl_393,12,West_exit,12,8
dl_393,13,East_exit,13,9
dl_393,14,West_exit,14,9
dl_393,9,West_exit,9,6
dl_393,10,East_exit,10,7
dl_393,6,West_exit,6,4
dl_393,7,East_exit,7,5
dl_393,3,East_exit,3,3
dl_393,4,East_exit,4,3
dl_394,7,,,
dl_394,12,West_exit,12,8
dl_394,13,East_exit,13,9
dl_394,14,West_exit,14,9
dl_394,9,West_exit,9,6
dl_394,10,East_exit,10,7
dl_394,6,West_exit,6,4
dl_394,7,East_exit,7,5
dl_394,5,East_exit,5,4
dl_395,8,,,
dl_395,12,West_exit,12,8
dl_395,13,East_exit,13,9
dl_395,14,West_exit,14,9
dl_395,9,West_exit,9,6
dl_395,10,East_exit,10,7
dl_395,6,West_exit,6,4
dl_395,7,East_exit,7,5
dl_395,3,East_exit,3,3
dl_395,4,East_exit,4,3
dl_396,5,,,
dl_396,6,West_exit,6,4
dl_396,7,East_exit,7,5
dl_396,5,East_exit,5,4
dl_396,9,East_exit,9,7
dl_396,10,West_exit,10,6
dl_396,11,West_exit,11,7
dl_397,7,,,
dl_397,9,East_exit,9,7
dl_397,10,West_exit,10,6
dl_397,11,West_exit,11,7
dl_397,6,West_exit,6,4
dl_397,7,East_exit,7,5
dl_397,3,West_exit,3,2
dl_397,4,East_exit,4,3
dl_397,2,East_exit,2,2
dl_398,6,,,
dl_398,26,West_exit,26,17
dl_398,24,West_exit,24,16
dl_398,25,East_exit,25,17
dl_398,27,West_exit,27,18
dl_398,28,West_exit,28,18
dl_398,21,East_exit,21,15
dl_398,22,East_exit,22,15
dl_399,4,,,
dl_399,24,West_exit,24,16
dl_399,25,East_exit,25,17
dl_399,26,West_exit,26,17
dl_399,21,East_exit,21,15
dl_399,22,East_exit,22,15
dl_400,5,,,
dl_400,24,East_exit,24,17
dl_400,25,West_exit,25,16
dl_400,26,West_exit,26,17
dl_400,21,West_exit,21,14
dl_400,22,East_exit,22,15
dl_400,20,East_exit,20,14
dl_401,10,,,
dl_401,24,East_exit,24,17
dl_401,25,West_exit,25,16
dl_401,26,West_exit,26,17
dl_401,18,West_exit,18,12
dl_401,19,East_exit,19,13
dl_401,17,East_exit,17,12
dl_401,15,West_exit,15,10
dl_401,16,East_exit,16,11
dl_401,14,East_exit,14,10
dl_401,21,West_exit,21,14
dl_401,22,East_exit,22,15
dl_402,7,,,
dl_402,24,East_exit,24,17
dl_402,25,West_exit,25,16
dl_402,26,West_exit,26,17
dl_402,21,West_exit,21,14
dl_402,22,East_exit,22,15
dl_402,18,West_exit,18,12
dl_402,19,East_exit,19,13
dl_402,17,East_exit,17,12
dl_403,2,,,
dl_403,5,East_exit,5,4
dl_403,6,West_exit,6,4
dl_403,7,West_exit,7,4
dl_404,4,,,
dl_404,21,West_exit,21,14
dl_404,22,East_exit,22,15
dl_404,23,West_exit,23,15
dl_404,18,East_exit,18,13
dl_404,19,East_exit,19,13
dl_405,4,,,
dl_405,24,East_exit,24,17
dl_405,25,West_exit,25,16
dl_405,23,East_exit,23,16
dl_405,27,West_exit,27,18
dl_405,28,West_exit,28,18
dl_406,6,,,
dl_406,21,East_exit,21,15
dl_406,22,West_exit,22,14
dl_406,20,East_exit,20,14
dl_406,24,East_exit,24,17
dl_406,25,West_exit,25,16
dl_406,27,West_exit,27,18
dl_406,28,West_exit,28,18
dl_407,5,,,
dl_407,18,West_exit,18,12
dl_407,19,East_exit,19,13
dl_407,17,East_exit,17,12
dl_407,21,East_exit,21,15
dl_407,22,West_exit,22,14
dl_407,23,West_exit,23,15
dl_408,9,,,
dl_408,18,West_exit,18,12
dl_408,19,East_exit,19,13
dl_408,17,East_exit,17,12
dl_408,26,West_exit,26,17
dl_408,24,East_exit,24,17
dl_408,25,West_exit,25,16
dl_408,27,West_exit,27,18
dl_408,28,West_exit,28,18
dl_408,21,East_exit,21,15
dl_408,22,West_exit,22,14
dl_409,7,,,
dl_409,18,West_exit,18,12
dl_409,19,East_exit,19,13
dl_409,17,East_exit,17,12
dl_409,24,East_exit,24,17
dl_409,25,West_exit,25,16
dl_409,26,West_exit,26,17
dl_409,21,East_exit,21,15
dl_409,22,West_exit,22,14
dl_410,8,,,
dl_410,18,West_exit,18,12
dl_410,19,East_exit,19,13
dl_410,17,East_exit,17,12
dl_410,24,East_exit,24,17
dl_410,25,West_exit,25,16
dl_410,21,East_exit,21,15
dl_410,22,West_exit,22,14
dl_410,27,West_exit,27,18
dl_410,28,West_exit,28,18
dl_411,5,,,
dl_411,21,East_exit,21,15
dl_411,23,West_exit,23,15
dl_411,20,East_exit,20,14
dl_411,24,East_exit,24,17
dl_411,25,West_exit,25,16
dl_411,26,West_exit,26,17
dl_412,6,,,
dl_412,21,East_exit,21,15
dl_412,23,West_exit,23,15
dl_412,20,East_exit,20,14
dl_412,24,East_exit,24,17
dl_412,25,West_exit,25,16
dl_412,27,West_exit,27,18
dl_412,28,West_exit,28,18
dl_413,9,,,
dl_413,26,West_exit,26,17
dl_413,21,East_exit,21,15
dl_413,23,West_exit,23,15
dl_413,24,East_exit,24,17
dl_413,25,West_exit,25,16
dl_413,27,West_exit,27,18
dl_413,28,West_exit,28,18
dl_413,18,West_exit,18,12
dl_413,19,East_exit,19,13
dl_413,17,East_exit,17,12
dl_414,7,,,
dl_414,21,East_exit,21,15
dl_414,23,West_exit,23,15
dl_414,24,East_exit,24,17
dl_414,25,West_exit,25,16
dl_414,26,West_exit,26,17
dl_414,18,West_exit,18,12
dl_414,19,East_exit,19,13
dl_414,17,East_exit,17,12
dl_415,8,,,
dl_415,21,East_exit,21,15
dl_415,23,West_exit,23,15
dl_415,24,East_exit,24,17
dl_415,25,West_exit,25,16
dl_415,18,West_exit,18,12
dl_415,19,East_exit,19,13
dl_415,17,East_exit,17,12
dl_415,27,West_exit,27,18
dl_415,28,West_exit,28,18
dl_416,5,,,
dl_416,24,East_exit,24,17
dl_416,25,West_exit,25,16
dl_416,23,East_exit,23,16
dl_416,27,West_exit,27,18
dl_416,28,East_exit,28,19
dl_416,29,West_exit,29,19
dl_417,7,,,
dl_417,21,East_exit,21,15
dl_417,22,West_exit,22,14
dl_417,20,East_exit,20,14
dl_417,27,West_exit,27,18
dl_417,28,East_exit,28,19
dl_417,29,West_exit,29,19
dl_417,24,East_exit,24,17
dl_417,25,West_exit,25,16
dl_418,4,,,
dl_418,27,West_exit,27,18
dl_418,28,East_exit,28,19
dl_418,26,East_exit,26,18
dl_418,30,West_exit,30,20
dl_418,31,West_exit,31,20
dl_419,6,,,
dl_419,24,East_exit,24,17
dl_419,25,West_exit,25,16
dl_419,23,East_exit,23,16
dl_419,27,West_exit,27,18
dl_419,28,East_exit,28,19
dl_419,30,West_exit,30,20
dl_419,31,West_exit,31,20
dl_420,8,,,
dl_420,21,East_exit,21,15
dl_420,22,West_exit,22,14
dl_420,20,East_exit,20,14
dl_420,27,West_exit,27,18
dl_420,28,East_exit,28,19
dl_420,24,East_exit,24,17
dl_420,25,West_exit,25,16
dl_420,30,West_exit,30,20
dl_420,31,West_exit,31,20
dl_421,9,,,
dl_421,23,West_exit,23,15
dl_421,29,West_exit,29,19
dl_421,27,West_exit,27,18
dl_421,28,East_exit,28,19
dl_421,30,West_exit,30,20
dl_421,31,West_exit,31,20
dl_421,21,East_exit,21,15
dl_421,20,East_exit,20,14
dl_421,24,East_exit,24,17
dl_421,25,West_exit,25,16
dl_422,7,,,
dl_422,23,West_exit,23,15
dl_422,27,West_exit,27,18
dl_422,28,East_exit,28,19
dl_422,29,West_exit,29,19
dl_422,21,East_exit,21,15
dl_422,20,East_exit,20,14
dl_422,24,East_exit,24,17
dl_422,25,West_exit,25,16
dl_423,8,,,
dl_423,23,West_exit,23,15
dl_423,27,West_exit,27,18
dl_423,28,East_exit,28,19
dl_423,21,East_exit,21,15
dl_423,20,East_exit,20,14
dl_423,24,East_exit,24,17
dl_423,25,West_exit,25,16
dl_423,30,West_exit,30,20
dl_423,31,West_exit,31,20
dl_424,11,,,
dl_424,29,West_exit,29,19
dl_424,27,West_exit,27,18
dl_424,28,East_exit,28,19
dl_424,18,West_exit,18,12
dl_424,19,East_exit,19,13
dl_424,17,East_exit,17,12
dl_424,21,East_exit,21,15
dl_424,22,West_exit,22,14
dl_424,24,East_exit,24,17
dl_424,25,West_exit,25,16
dl_424,30,West_exit,30,20
dl_424,31,West_exit,31,20
dl_425,9,,,
dl_425,27,West_exit,27,18
dl_425,28,East_exit,28,19
dl_425,29,West_exit,29,19
dl_425,18,West_exit,18,12
dl_425,19,East_exit,19,13
dl_425,17,East_exit,17,12
dl_425,21,East_exit,21,15
dl_425,22,West_exit,22,14
dl_425,24,East_exit,24,17
dl_425,25,West_exit,25,16
dl_426,10,,,
dl_426,27,West_exit,27,18
dl_426,28,East_exit,28,19
dl_426,18,West_exit,18,12
dl_426,19,East_exit,19,13
dl_426,17,East_exit,17,12
dl_426,21,East_exit,21,15
dl_426,22,West_exit,22,14
dl_426,24,East_exit,24,17
dl_426,25,West_exit,25,16
dl_426,30,West_exit,30,20
dl_426,31,West_exit,31,20
dl_427,5,,,
dl_427,30,East_exit,30,21
dl_427,31,West_exit,31,20
dl_427,32,West_exit,32,21
dl_427,27,West_exit,27,18
dl_427,28,East_exit,28,19
dl_427,26,East_exit,26,18
dl_428,7,,,
dl_428,30,East_exit,30,21
dl_428,31,West_exit,31,20
dl_428,32,West_exit,32,21
dl_428,24,East_exit,24,17
dl_428,25,West_exit,25,16
dl_428,23,East_exit,23,16
dl_428,27,West_exit,27,18
dl_428,28,East_exit,28,19
dl_429,9,,,
dl_429,30,East_exit,30,21
dl_429,31,West_exit,31,20
dl_429,32,West_exit,32,21
dl_429,21,East_exit,21,15
dl_429,22,West_exit,22,14
dl_429,20,East_exit,20,14
dl_429,24,East_exit,24,17
dl_429,25,West_exit,25,16
dl_429,27,West_exit,27,18
dl_429,28,East_exit,28,19
dl_430,11,,,
dl_430,18,West_exit,18,12
dl_430,19,East_exit,19,13
dl_430,17,East_exit,17,12
dl_430,21,East_exit,21,15
dl_430,22,West_exit,22,14
dl_430,30,East_exit,30,21
dl_430,31,West_exit,31,20
dl_430,32,West_exit,32,21
dl_430,27,West_exit,27,18
dl_430,28,East_exit,28,19
dl_430,24,East_exit,24,17
dl_430,25,West_exit,25,16
dl_431,11,,,
dl_431,18,West_exit,18,12
dl_431,19,East_exit,19,13
dl_431,17,East_exit,17,12
dl_431,23,West_exit,23,15
dl_431,29,West_exit,29,19
dl_431,27,West_exit,27,18
dl_431,28,East_exit,28,19
dl_431,30,West_exit,30,20
dl_431,31,West_exit,31,20
dl_431,21,East_exit,21,15
dl_431,24,East_exit,24,17
dl_431,25,West_exit,25,16
dl_432,9,,,
dl_432,18,West_exit,18,12
dl_432,19,East_exit,19,13
dl_432,17,East_exit,17,12
dl_432,23,West_exit,23,15
dl_432,27,West_exit,27,18
dl_432,28,East_exit,28,19
dl_432,29,West_exit,29,19
dl_432,21,East_exit,21,15
dl_432,24,East_exit,24,17
dl_432,25,West_exit,25,16
dl_433,9,,,
dl_433,30,East_exit,30,21
dl_433,31,West_exit,31,20
dl_433,32,West_exit,32,21
dl_433,23,West_exit,23,15
dl_433,21,East_exit,21,15
dl_433,20,East_exit,20,14
dl_433,24,East_exit,24,17
dl_433,25,West_exit,25,16
dl_433,27,West_exit,27,18
dl_433,28,East_exit,28,19
dl_434,11,,,
dl_434,23,West_exit,23,15
dl_434,30,East_exit,30,21
dl_434,31,West_exit,31,20
dl_434,32,West_exit,32,21
dl_434,27,West_exit,27,18
dl_434,28,East_exit,28,19
dl_434,21,East_exit,21,15
dl_434,24,East_exit,24,17
dl_434,25,West_exit,25,16
dl_434,18,West_exit,18,12
dl_434,19,East_exit,19,13
dl_434,17,East_exit,17,12
dl_435,9,,,
dl_435,26,West_exit,26,17
dl_435,24,West_exit,24,16
dl_435,25,East_exit,25,17
dl_435,27,West_exit,27,18
dl_435,28,West_exit,28,18
dl_435,18,West_exit,18,12
dl_435,19,East_exit,19,13
dl_435,17,East_exit,17,12
dl_435,21,East_exit,21,15
dl_435,22,West_exit,22,14
dl_436,7,,,
dl_436,24,West_exit,24,16
dl_436,25,East_exit,25,17
dl_436,26,West_exit,26,17
dl_436,18,West_exit,18,12
dl_436,19,East_exit,19,13
dl_436,17,East_exit,17,12
dl_436,21,East_exit,21,15
dl_436,22,West_exit,22,14
dl_437,9,,,
dl_437,12,West_exit,12,8
dl_437,13,East_exit,13,9
dl_437,14,West_exit,14,9
dl_437,9,West_exit,9,6
dl_437,10,East_exit,10,7
dl_437,6,West_exit,6,4
dl_437,7,East_exit,7,5
dl_437,3,West_exit,3,2
dl_437,4,East_exit,4,3
dl_437,2,East_exit,2,2
dl_438,11,,,
dl_438,26,West_exit,26,17
dl_438,14,East_exit,14,10
dl_438,15,East_exit,15,11
dl_438,16,West_exit,16,10
dl_438,18,East_exit,18,13
dl_438,19,West_exit,19,12
dl_438,21,East_exit,21,15
dl_438,22,West_exit,22,14
dl_438,24,East_exit,24,17
dl_438,25,West_exit,25,16
dl_438,27,West_exit,27,18
dl_438,28,West_exit,28,18
dl_439,9,,,
dl_439,14,East_exit,14,10
dl_439,15,East_exit,15,11
dl_439,16,West_exit,16,10
dl_439,18,East_exit,18,13
dl_439,19,West_exit,19,12
dl_439,21,East_exit,21,15
dl_439,22,West_exit,22,14
dl_439,24,East_exit,24,17
dl_439,25,West_exit,25,16
dl_439,26,West_exit,26,17
dl_440,13,,,
dl_440,26,West_exit,26,17
dl_440,12,East_exit,12,9
dl_440,13,West_exit,13,8
dl_440,11,East_exit,11,8
dl_440,15,East_exit,15,11
dl_440,16,West_exit,16,10
dl_440,18,East_exit,18,13
dl_440,19,West_exit,19,12
dl_440,21,East_exit,21,15
dl_440,22,West_exit,22,14
dl_440,24,East_exit,24,17
dl_440,25,West_exit,25,16
dl_440,27,West_exit,27,18
dl_440,28,West_exit,28,18
dl_441,11,,,
dl_441,12,East_exit,12,9
dl_441,13,West_exit,13,8
dl_441,11,East_exit,11,8
dl_441,15,East_exit,15,11
dl_441,16,West_exit,16,10
dl_441,18,East_exit,18,13
dl_441,19,West_exit,19,12
dl_441,21,East_exit,21,15
dl_441,22,West_exit,22,14
dl_441,24,East_exit,24,17
dl_441,25,West_exit,25,16
dl_441,26,West_exit,26,17
dl_442,11,,,
dl_442,15,East_exit,15,11
dl_442,16,West_exit,16,10
dl_442,14,East_exit,14,10
dl_442,18,East_exit,18,13
dl_442,19,West_exit,19,12
dl_442,21,East_exit,21,15
dl_442,22,West_exit,22,14
dl_442,27,East_exit,27,19
dl_442,28,West_exit,28,18
dl_442,29,West_exit,29,19
dl_442,24,East_exit,24,17
dl_442,25,West_exit,25,16
dl_443,13,,,
dl_443,11,East_exit,11,8
dl_443,12,East_exit,12,9
dl_443,13,West_exit,13,8
dl_443,15,East_exit,15,11
dl_443,16,West_exit,16,10
dl_443,18,East_exit,18,13
dl_443,19,West_exit,19,12
dl_443,21,East_exit,21,15
dl_443,22,West_exit,22,14
dl_443,27,East_exit,27,19
dl_443,28,West_exit,28,18
dl_443,29,West_exit,29,19
dl_443,24,East_exit,24,17
dl_443,25,West_exit,25,16
dl_444,4,,,
dl_444,6,East_exit,6,5
dl_444,7,West_exit,7,4
dl_444,5,East_exit,5,4
dl_444,9,West_exit,9,6
dl_444,10,West_exit,10,6
dl_445,6,,,
dl_445,3,East_exit,3,3
dl_445,4,West_exit,4,2
dl_445,2,East_exit,2,2
dl_445,6,East_exit,6,5
dl_445,7,West_exit,7,4
dl_445,9,West_exit,9,6
dl_445,10,West_exit,10,6
dl_446,4,,,
dl_446,5,East_exit,5,4
dl_446,6,West_exit,6,4
dl_446,8,West_exit,8,5
dl_446,3,East_exit,3,3
dl_446,4,East_exit,4,3
dl_447,6,,,
dl_447,5,East_exit,5,4
dl_447,9,West_exit,9,6
dl_447,10,East_exit,10,7
dl_447,11,West_exit,11,7
dl_447,6,West_exit,6,4
dl_447,3,East_exit,3,3
dl_447,4,East_exit,4,3
dl_448,6,,,
dl_448,21,East_exit,21,15
dl_448,22,West_exit,22,14
dl_448,23,West_exit,23,15
dl_448,24,West_exit,24,16
dl_448,25,West_exit,25,16
dl_448,18,East_exit,18,13
dl_448,19,East_exit,19,13
dl_449,4,,,
dl_449,21,East_exit,21,15
dl_449,22,West_exit,22,14
dl_449,23,West_exit,23,15
dl_449,18,East_exit,18,13
dl_449,19,East_exit,19,13
dl_450,8,,,
dl_450,24,West_exit,24,16
dl_450,25,East_exit,25,17
dl_450,26,West_exit,26,17
dl_450,21,East_exit,21,15
dl_450,22,West_exit,22,14
dl_450,27,West_exit,27,18
dl_450,28,West_exit,28,18
dl_450,18,East_exit,18,13
dl_450,19,East_exit,19,13
dl_451,6,,,
dl_451,24,West_exit,24,16
dl_451,25,East_exit,25,17
dl_451,26,West_exit,26,17
dl_451,21,East_exit,21,15
dl_451,22,West_exit,22,14
dl_451,18,East_exit,18,13
dl_451,19,East_exit,19,13
dl_452,13,,,
dl_452,15,West_exit,15,10
dl_452,16,East_exit,16,11
dl_452,17,West_exit,17,11
dl_452,5,East_exit,5,4
dl_452,8,East_exit,8,6
dl_452,6,West_exit,6,4
dl_452,7,East_exit,7,5
dl_452,12,West_exit,12,8
dl_452,13,East_exit,13,9
dl_452,11,East_exit,11,8
dl_452,9,West_exit,9,6
dl_452,10,East_exit,10,7
dl_452,3,East_exit,3,3
dl_452,4,East_exit,4,3
dl_453,5,,,
dl_453,15,West_exit,15,10
dl_453,16,East_exit,16,11
dl_453,17,West_exit,17,11
dl_453,12,West_exit,12,8
dl_453,13,East_exit,13,9
dl_453,11,East_exit,11,8
dl_454,15,,,
dl_454,18,West_exit,18,12
dl_454,19,East_exit,19,13
dl_454,20,West_exit,20,13
dl_454,5,East_exit,5,4
dl_454,8,East_exit,8,6
dl_454,6,West_exit,6,4
dl_454,7,East_exit,7,5
dl_454,12,West_exit,12,8
dl_454,13,East_exit,13,9
dl_454,11,East_exit,11,8
dl_454,9,West_exit,9,6
dl_454,10,East_exit,10,7
dl_454,3,East_exit,3,3
dl_454,4,East_exit,4,3
dl_454,15,West_exit,15,10
dl_454,16,East_exit,16,11
dl_455,7,,,
dl_455,18,West_exit,18,12
dl_455,19,East_exit,19,13
dl_455,20,West_exit,20,13
dl_455,12,West_exit,12,8
dl_455,13,East_exit,13,9
dl_455,11,East_exit,11,8
dl_455,15,West_exit,15,10
dl_455,16,East_exit,16,11
dl_456,17,,,
dl_456,21,West_exit,21,14
dl_456,22,East_exit,22,15
dl_456,23,West_exit,23,15
dl_456,18,West_exit,18,12
dl_456,19,East_exit,19,13
dl_456,5,East_exit,5,4
dl_456,8,East_exit,8,6
dl_456,6,West_exit,6,4
dl_456,7,East_exit,7,5
dl_456,12,West_exit,12,8
dl_456,13,East_exit,13,9
dl_456,11,East_exit,11,8
dl_456,9,West_exit,9,6
dl_456,10,East_exit,10,7
dl_456,3,East_exit,3,3
dl_456,4,East_exit,4,3
dl_456,15,West_exit,15,10
dl_456,16,East_exit,16,11
dl_457,9,,,
dl_457,21,West_exit,21,14
dl_457,22,East_exit,22,15
dl_457,23,West_exit,23,15
dl_457,18,West_exit,18,12
dl_457,19,East_exit,19,13
dl_457,12,West_exit,12,8
dl_457,13,East_exit,13,9
dl_457,11,East_exit,11,8
dl_457,15,West_exit,15,10
dl_457,16,East_exit,16,11
dl_458,6,,,
dl_458,6,West_exit,6,4
dl_458,7,East_exit,7,5
dl_458,9,East_exit,9,7
dl_458,10,West_exit,10,6
dl_458,11,West_exit,11,7
dl_458,3,East_exit,3,3
dl_458,4,East_exit,4,3
dl_459,5,,,
dl_459,12,West_exit,12,8
dl_459,13,East_exit,13,9
dl_459,14,West_exit,14,9
dl_459,8,East_exit,8,6
dl_459,9,East_exit,9,7
dl_459,10,West_exit,10,6
dl_460,9,,,
dl_460,5,East_exit,5,4
dl_460,6,West_exit,6,4
dl_460,7,East_exit,7,5
dl_460,3,East_exit,3,3
dl_460,4,East_exit,4,3
dl_460,12,West_exit,12,8
dl_460,13,East_exit,13,9
dl_460,14,West_exit,14,9
dl_460,9,East_exit,9,7
dl_460,10,West_exit,10,6
dl_461,7,,,
dl_461,6,West_exit,6,4
dl_461,7,East_exit,7,5
dl_461,5,East_exit,5,4
dl_461,12,West_exit,12,8
dl_461,13,East_exit,13,9
dl_461,14,West_exit,14,9
dl_461,9,East_exit,9,7
dl_461,10,West_exit,10,6
dl_462,8,,,
dl_462,6,West_exit,6,4
dl_462,7,East_exit,7,5
dl_462,12,West_exit,12,8
dl_462,13,East_exit,13,9
dl_462,14,West_exit,14,9
dl_462,9,East_exit,9,7
dl_462,10,West_exit,10,6
dl_462,3,East_exit,3,3
dl_462,4,East_exit,4,3
dl_463,6,,,
dl_463,5,East_exit,5,4
dl_463,6,West_exit,6,4
dl_463,3,East_exit,3,3
dl_463,4,East_exit,4,3
dl_463,9,East_exit,9,7
dl_463,10,West_exit,10,6
dl_463,11,West_exit,11,7
dl_464,8,,,
dl_464,5,East_exit,5,4
dl_464,6,West_exit,6,4
dl_464,3,East_exit,3,3
dl_464,4,East_exit,4,3
dl_464,12,West_exit,12,8
dl_464,13,East_exit,13,9
dl_464,14,West_exit,14,9
dl_464,9,East_exit,9,7
dl_464,10,West_exit,10,6
dl_465,4,,,
dl_465,15,East_exit,15,11
dl_465,16,West_exit,16,10
dl_465,14,East_exit,14,10
dl_465,18,West_exit,18,12
dl_465,19,West_exit,19,12
dl_466,6,,,
dl_466,11,East_exit,11,8
dl_466,12,East_exit,12,9
dl_466,13,West_exit,13,8
dl_466,15,East_exit,15,11
dl_466,16,West_exit,16,10
dl_466,18,West_exit,18,12
dl_466,19,West_exit,19,12
dl_467,8,,,
dl_467,9,East_exit,9,7
dl_467,10,West_exit,10,6
dl_467,8,East_exit,8,6
dl_467,12,East_exit,12,9
dl_467,13,West_exit,13,8
dl_467,15,East_exit,15,11
dl_467,16,West_exit,16,10
dl_467,18,West_exit,18,12
dl_467,19,West_exit,19,12
dl_468,10,,,
dl_468,6,East_exit,6,5
dl_468,7,West_exit,7,4
dl_468,5,East_exit,5,4
dl_468,9,East_exit,9,7
dl_468,10,West_exit,10,6
dl_468,12,East_exit,12,9
dl_468,13,West_exit,13,8
dl_468,15,East_exit,15,11
dl_468,16,West_exit,16,10
dl_468,18,West_exit,18,12
dl_468,19,West_exit,19,12
dl_469,12,,,
dl_469,6,East_exit,6,5
dl_469,7,West_exit,7,4
dl_469,9,East_exit,9,7
dl_469,10,West_exit,10,6
dl_469,3,West_exit,3,2
dl_469,4,East_exit,4,3
dl_469,2,East_exit,2,2
dl_469,12,East_exit,12,9
dl_469,13,West_exit,13,8
dl_469,15,East_exit,15,11
dl_469,16,West_exit,16,10
dl_469,18,West_exit,18,12
dl_469,19,West_exit,19,12
dl_470,10,,,
dl_470,8,West_exit,8,5
dl_470,9,East_exit,9,7
dl_470,10,West_exit,10,6
dl_470,6,East_exit,6,5
dl_470,5,East_exit,5,4
dl_470,12,East_exit,12,9
dl_470,13,West_exit,13,8
dl_470,15,East_exit,15,11
dl_470,16,West_exit,16,10
dl_470,18,West_exit,18,12
dl_470,19,West_exit,19,12
dl_471,12,,,
dl_471,3,West_exit,3,2
dl_471,4,East_exit,4,3
dl_471,2,East_exit,2,2
dl_471,8,West_exit,8,5
dl_471,9,East_exit,9,7
dl_471,10,West_exit,10,6
dl_471,6,East_exit,6,5
dl_471,12,East_exit,12,9
dl_471,13,West_exit,13,8
dl_471,15,East_exit,15,11
dl_471,16,West_exit,16,10
dl_471,18,West_exit,18,12
dl_471,19,West_exit,19,12
dl_472,8,,,
dl_472,11,West_exit,11,7
dl_472,12,East_exit,12,9
dl_472,13,West_exit,13,8
dl_472,9,East_exit,9,7
dl_472,8,East_exit,8,6
dl_472,15,East_exit,15,11
dl_472,16,West_exit,16,10
dl_472,18,West_exit,18,12
dl_472,19,West_exit,19,12
dl_473,10,,,
dl_473,11,West_exit,11,7
dl_473,12,East_exit,12,9
dl_473,13,West_exit,13,8
dl_473,5,East_exit,5,4
dl_473,9,East_exit,9,7
dl_473,6,East_exit,6,5
dl_473,7,West_exit,7,4
dl_473,15,East_exit,15,11
dl_473,16,West_exit,16,10
dl_473,18,West_exit,18,12
dl_473,19,West_exit,19,12
dl_474,12,,,
dl_474,3,West_exit,3,2
dl_474,4,East_exit,4,3
dl_474,2,East_exit,2,2
dl_474,11,West_exit,11,7
dl_474,12,East_exit,12,9
dl_474,13,West_exit,13,8
dl_474,9,East_exit,9,7
dl_474,6,East_exit,6,5
dl_474,7,West_exit,7,4
dl_474,15,East_exit,15,11
dl_474,16,West_exit,16,10
dl_474,18,West_exit,18,12
dl_474,19,West_exit,19,12
dl_475,10,,,
dl_475,6,East_exit,6,5
dl_475,8,West_exit,8,5
dl_475,11,West_exit,11,7
dl_475,12,East_exit,12,9
dl_475,13,West_exit,13,8
dl_475,9,East_exit,9,7
dl_475,5,East_exit,5,4
dl_475,15,East_exit,15,11
dl_475,16,West_exit,16,10
dl_475,18,West_exit,18,12
dl_475,19,West_exit,19,12
dl_476,12,,,
dl_476,6,East_exit,6,5
dl_476,8,West_exit,8,5
dl_476,11,West_exit,11,7
dl_476,12,East_exit,12,9
dl_476,13,West_exit,13,8
dl_476,9,East_exit,9,7
dl_476,3,West_exit,3,2
dl_476,4,East_exit,4,3
dl_476,2,East_exit,2,2
dl_476,15,East_exit,15,11
dl_476,16,West_exit,16,10
dl_476,18,West_exit,18,12
dl_476,19,West_exit,19,12
dl_477,6,,,
dl_477,14,East_exit,14,10
dl_477,15,East_exit,15,11
dl_477,16,West_exit,16,10
dl_477,18,East_exit,18,13
dl_477,19,West_exit,19,12
dl_477,21,West_exit,21,14
dl_477,22,West_exit,22,14
dl_478,8,,,
dl_478,12,East_exit,12,9
dl_478,13,West_exit,13,8
dl_478,11,East_exit,11,8
dl_478,15,East_exit,15,11
dl_478,16,West_exit,16,10
dl_478,18,East_exit,18,13
dl_478,19,West_exit,19,12
dl_478,21,West_exit,21,14
dl_478,22,West_exit,22,14
dl_479,10,,,
dl_479,9,East_exit,9,7
dl_479,10,West_exit,10,6
dl_479,8,East_exit,8,6
dl_479,12,East_exit,12,9
dl_479,13,West_exit,13,8
dl_479,15,East_exit,15,11
dl_479,16,West_exit,16,10
dl_479,18,East_exit,18,13
dl_479,19,West_exit,19,12
dl_479,21,West_exit,21,14
dl_479,22,West_exit,22,14
dl_480,12,,,
dl_480,6,East_exit,6,5
dl_480,7,West_exit,7,4
dl_480,5,East_exit,5,4
dl_480,12,East_exit,12,9
dl_480,13,West_exit,13,8
dl_480,9,East_exit,9,7
dl_480,10,West_exit,10,6
dl_480,15,East_exit,15,11
dl_480,16,West_exit,16,10
dl_480,18,East_exit,18,13
dl_480,19,West_exit,19,12
dl_480,21,West_exit,21,14
dl_480,22,West_exit,22,14
dl_481,14,,,
dl_481,6,East_exit,6,5
dl_481,7,West_exit,7,4
dl_481,12,East_exit,12,9
dl_481,13,West_exit,13,8
dl_481,9,East_exit,9,7
dl_481,10,West_exit,10,6
dl_481,3,West_exit,3,2
dl_481,4,East_exit,4,3
dl_481,2,East_exit,2,2
dl_481,15,East_exit,15,11
dl_481,16,West_exit,16,10
dl_481,18,East_exit,18,13
dl_481,19,West_exit,19,12
dl_481,21,West_exit,21,14
dl_481,22,West_exit,22,14
dl_482,12,,,
dl_482,8,West_exit,8,5
dl_482,12,East_exit,12,9
dl_482,13,West_exit,13,8
dl_482,9,East_exit,9,7
dl_482,10,West_exit,10,6
dl_482,6,East_exit,6,5
dl_482,5,East_exit,5,4
dl_482,15,East_exit,15,11
dl_482,16,West_exit,16,10
dl_482,18,East_exit,18,13
dl_482,19,West_exit,19,12
dl_482,21,West_exit,21,14
dl_482,22,West_exit,22,14
dl_483,14,,,
dl_483,8,West_exit,8,5
dl_483,12,East_exit,12,9
dl_483,13,West_exit,13,8
dl_483,9,East_exit,9,7
dl_483,10,West_exit,10,6
dl_483,6,East_exit,6,5
dl_483,3,West_exit,3,2
dl_483,4,East_exit,4,3
dl_483,2,East_exit,2,2
dl_483,15,East_exit,15,11
dl_483,16,West_exit,16,10
dl_483,18,East_exit,18,13
dl_483,19,West_exit,19,12
dl_483,21,West_exit,21,14
dl_483,22,West_exit,22,14
dl_484,10,,,
dl_484,11,West_exit,11,7
dl_484,12,East_exit,12,9
dl_484,13,West_exit,13,8
dl_484,9,East_exit,9,7
dl_484,8,East_exit,8,6
dl_484,15,East_exit,15,11
dl_484,16,West_exit,16,10
dl_484,18,East_exit,18,13
dl_484,19,West_exit,19,12
dl_484,21,West_exit,21,14
dl_484,22,West_exit,22,14
dl_485,12,,,
dl_485,11,West_exit,11,7
dl_485,12,East_exit,12,9
dl_485,13,West_exit,13,8
dl_485,5,East_exit,5,4
dl_485,9,East_exit,9,7
dl_485,6,East_exit,6,5
dl_485,7,West_exit,7,4
dl_485,15,East_exit,15,11
dl_485,16,West_exit,16,10
dl_485,18,East_exit,18,13
dl_485,19,West_exit,19,12
dl_485,21,West_exit,21,14
dl_485,22,West_exit,22,14
dl_486,14,,,
dl_486,11,West_exit,11,7
dl_486,12,East_exit,12,9
dl_486,13,West_exit,13,8
dl_486,9,East_exit,9,7
dl_486,6,East_exit,6,5
dl_486,7,West_exit,7,4
dl_486,3,West_exit,3,2
dl_486,4,East_exit,4,3
dl_486,2,East_exit,2,2
dl_486,15,East_exit,15,11
dl_486,16,West_exit,16,10
dl_486,18,East_exit,18,13
dl_486,19,West_exit,19,12
dl_486,21,West_exit,21,14
dl_486,22,West_exit,22,14
dl_487,12,,,
dl_487,6,East_exit,6,5
dl_487,8,West_exit,8,5
dl_487,11,West_exit,11,7
dl_487,12,East_exit,12,9
dl_487,13,West_exit,13,8
dl_487,9,East_exit,9,7
dl_487,5,East_exit,5,4
dl_487,15,East_exit,15,11
dl_487,16,West_exit,16,10
dl_487,18,East_exit,18,13
dl_487,19,West_exit,19,12
dl_487,21,West_exit,21,14
dl_487,22,West_exit,22,14
dl_488,14,,,
dl_488,6,East_exit,6,5
dl_488,8,West_exit,8,5
dl_488,11,West_exit,11,7
dl_488,12,East_exit,12,9
dl_488,13,West_exit,13,8
dl_488,9,East_exit,9,7
dl_488,3,West_exit,3,2
dl_488,4,East_exit,4,3
dl_488,2,East_exit,2,2
dl_488,15,East_exit,15,11
dl_488,16,West_exit,16,10
dl_488,18,East_exit,18,13
dl_488,19,West_exit,19,12
dl_488,21,West_exit,21,14
dl_488,22,West_exit,22,14
dl_489,8,,,
dl_489,12,East_exit,12,9
dl_489,14,West_exit,14,9
dl_489,11,East_exit,11,8
dl_489,15,East_exit,15,11
dl_489,16,West_exit,16,10
dl_489,18,East_exit,18,13
dl_489,19,West_exit,19,12
dl_489,21,West_exit,21,14
dl_489,22,West_exit,22,14
dl_490,10,,,
dl_490,9,East_exit,9,7
dl_490,10,West_exit,10,6
dl_490,8,East_exit,8,6
dl_490,12,East_exit,12,9
dl_490,14,West_exit,14,9
dl_490,15,East_exit,15,11
dl_490,16,West_exit,16,10
dl_490,18,East_exit,18,13
dl_490,19,West_exit,19,12
dl_490,21,West_exit,21,14
dl_490,22,West_exit,22,14
dl_491,12,,,
dl_491,6,East_exit,6,5
dl_491,7,West_exit,7,4
dl_491,5,East_exit,5,4
dl_491,12,East_exit,12,9
dl_491,14,West_exit,14,9
dl_491,15,East_exit,15,11
dl_491,16,West_exit,16,10
dl_491,9,East_exit,9,7
dl_491,10,West_exit,10,6
dl_491,18,East_exit,18,13
dl_491,19,West_exit,19,12
dl_491,21,West_exit,21,14
dl_491,22,West_exit,22,14
dl_492,14,,,
dl_492,14,West_exit,14,9
dl_492,6,East_exit,6,5
dl_492,7,West_exit,7,4
dl_492,12,East_exit,12,9
dl_492,15,East_exit,15,11
dl_492,16,West_exit,16,10
dl_492,9,East_exit,9,7
dl_492,10,West_exit,10,6
dl_492,3,West_exit,3,2
dl_492,4,East_exit,4,3
dl_492,2,East_exit,2,2
dl_492,18,East_exit,18,13
dl_492,19,West_exit,19,12
dl_492,21,West_exit,21,14
dl_492,22,West_exit,22,14
dl_493,12,,,
dl_493,8,West_exit,8,5
dl_493,14,West_exit,14,9
dl_493,12,East_exit,12,9
dl_493,15,East_exit,15,11
dl_493,16,West_exit,16,10
dl_493,6,East_exit,6,5
dl_493,5,East_exit,5,4
dl_493,9,East_exit,9,7
dl_493,10,West_exit,10,6
dl_493,18,East_exit,18,13
dl_493,19,West_exit,19,12
dl_493,21,West_exit,21,14
dl_493,22,West_exit,22,14
dl_494,14,,,
dl_494,3,West_exit,3,2
dl_494,4,East_exit,4,3
dl_494,2,East_exit,2,2
dl_494,8,West_exit,8,5
dl_494,12,East_exit,12,9
dl_494,14,West_exit,14,9
dl_494,15,East_exit,15,11
dl_494,16,West_exit,16,10
dl_494,18,East_exit,18,13
dl_494,19,West_exit,19,12
dl_494,6,East_exit,6,5
dl_494,9,East_exit,9,7
dl_494,10,West_exit,10,6
dl_494,21,West_exit,21,14
dl_494,22,West_exit,22,14
dl_495,10,,,
dl_495,9,East_exit,9,7
dl_495,11,West_exit,11,7
dl_495,8,East_exit,8,6
dl_495,12,East_exit,12,9
dl_495,14,West_exit,14,9
dl_495,15,East_exit,15,11
dl_495,16,West_exit,16,10
dl_495,18,East_exit,18,13
dl_495,19,West_exit,19,12
dl_495,21,West_exit,21,14
dl_495,22,West_exit,22,14
dl_496,12,,,
dl_496,6,East_exit,6,5
dl_496,7,West_exit,7,4
dl_496,5,East_exit,5,4
dl_496,9,East_exit,9,7
dl_496,11,West_exit,11,7
dl_496,12,East_exit,12,9
dl_496,14,West_exit,14,9
dl_496,15,East_exit,15,11
dl_496,16,West_exit,16,10
dl_496,18,East_exit,18,13
dl_496,19,West_exit,19,12
dl_496,21,West_exit,21,14
dl_496,22,West_exit,22,14
dl_497,14,,,
dl_497,3,West_exit,3,2
dl_497,4,East_exit,4,3
dl_497,2,East_exit,2,2
dl_497,6,East_exit,6,5
dl_497,7,West_exit,7,4
dl_497,9,East_exit,9,7
dl_497,11,West_exit,11,7
dl_497,12,East_exit,12,9
dl_497,14,West_exit,14,9
dl_497,15,East_exit,15,11
dl_497,16,West_exit,16,10
dl_497,18,East_exit,18,13
dl_497,19,West_exit,19,12
dl_497,21,West_exit,21,14
dl_497,22,West_exit,22,14
dl_498,12,,,
dl_498,9,East_exit,9,7
dl_498,8,West_exit,8,5
dl_498,12,East_exit,12,9
dl_498,14,West_exit,14,9
dl_498,15,East_exit,15,11
dl_498,16,West_exit,16,10
dl_498,6,East_exit,6,5
dl_498,5,East_exit,5,4
dl_498,11,West_exit,11,7
dl_498,18,East_exit,18,13
dl_498,19,West_exit,19,12
dl_498,21,West_exit,21,14
dl_498,22,West_exit,22,14
dl_499,14,,,
dl_499,9,East_exit,9,7
dl_499,8,West_exit,8,5
dl_499,12,East_exit,12,9
dl_499,14,West_exit,14,9
dl_499,15,East_exit,15,11
dl_499,16,West_exit,16,10
dl_499,6,East_exit,6,5
dl_499,3,West_exit,3,2
dl_499,4,East_exit,4,3
dl_499,2,East_exit,2,2
dl_499,11,West_exit,11,7
dl_499,18,East_exit,18,13
dl_499,19,West_exit,19,12
dl_499,21,West_exit,21,14
dl_499,22,West_exit,22,14
dl_500,14,,,
dl_500,5,West_exit,5,3
dl_500,6,East_exit,6,5
dl_500,7,West_exit,7,4
dl_500,4,East_exit,4,3
dl_500,2,East_exit,2,2
dl_500,9,East_exit,9,7
dl_500,10,West_exit,10,6
dl_500,12,East_exit,12,9
dl_500,13,West_exit,13,8
dl_500,15,East_exit,15,11
dl_500,16,West_exit,16,10
dl_500,18,East_exit,18,13
dl_500,19,West_exit,19,12
dl_500,21,West_exit,21,14
dl_500,22,West_exit,22,14
dl_501,14,,,
dl_501,8,West_exit,8,5
dl_501,12,East_exit,12,9
dl_501,13,West_exit,13,8
dl_501,5,West_exit,5,3
dl_501,4,East_exit,4,3
dl_501,2,East_exit,2,2
dl_501,9,East_exit,9,7
dl_501,10,West_exit,10,6
dl_501,6,East_exit,6,5
dl_501,15,East_exit,15,11
dl_501,16,West_exit,16,10
dl_501,18,East_exit,18,13
dl_501,19,West_exit,19,12
dl_501,21,West_exit,21,14
dl_501,22,West_exit,22,14
dl_502,14,,,
dl_502,5,West_exit,5,3
dl_502,11,West_exit,11,7
dl_502,12,East_exit,12,9
dl_502,13,West_exit,13,8
dl_502,9,East_exit,9,7
dl_502,4,East_exit,4,3
dl_502,2,East_exit,2,2
dl_502,6,East_exit,6,5
dl_502,7,West_exit,7,4
dl_502,15,East_exit,15,11
dl_502,16,West_exit,16,10
dl_502,18,East_exit,18,13
dl_502,19,West_exit,19,12
dl_502,21,West_exit,21,14
dl_502,22,West_exit,22,14
dl_503,14,,,
dl_503,5,West_exit,5,3
dl_503,4,East_exit,4,3
dl_503,2,East_exit,2,2
dl_503,6,East_exit,6,5
dl_503,8,West_exit,8,5
dl_503,11,West_exit,11,7
dl_503,12,East_exit,12,9
dl_503,13,West_exit,13,8
dl_503,9,East_exit,9,7
dl_503,15,East_exit,15,11
dl_503,16,West_exit,16,10
dl_503,18,East_exit,18,13
dl_503,19,West_exit,19,12
dl_503,21,West_exit,21,14
dl_503,22,West_exit,22,14
dl_504,14,,,
dl_504,5,West_exit,5,3
dl_504,6,East_exit,6,5
dl_504,7,West_exit,7,4
dl_504,4,East_exit,4,3
dl_504,2,East_exit,2,2
dl_504,14,West_exit,14,9
dl_504,12,East_exit,12,9
dl_504,15,East_exit,15,11
dl_504,16,West_exit,16,10
dl_504,9,East_exit,9,7
dl_504,10,West_exit,10,6
dl_504,18,East_exit,18,13
dl_504,19,West_exit,19,12
dl_504,21,West_exit,21,14
dl_504,22,West_exit,22,14
dl_505,14,,,
dl_505,8,West_exit,8,5
dl_505,14,West_exit,14,9
dl_505,12,East_exit,12,9
dl_505,15,East_exit,15,11
dl_505,16,West_exit,16,10
dl_505,5,West_exit,5,3
dl_505,4,East_exit,4,3
dl_505,2,East_exit,2,2
dl_505,6,East_exit,6,5
dl_505,9,East_exit,9,7
dl_505,10,West_exit,10,6
dl_505,18,East_exit,18,13
dl_505,19,West_exit,19,12
dl_505,21,West_exit,21,14
dl_505,22,West_exit,22,14
dl_506,14,,,
dl_506,5,West_exit,5,3
dl_506,9,East_exit,9,7
dl_506,11,West_exit,11,7
dl_506,12,East_exit,12,9
dl_506,14,West_exit,14,9
dl_506,15,East_exit,15,11
dl_506,16,West_exit,16,10
dl_506,6,East_exit,6,5
dl_506,7,West_exit,7,4
dl_506,4,East_exit,4,3
dl_506,2,East_exit,2,2
dl_506,18,East_exit,18,13
dl_506,19,West_exit,19,12
dl_506,21,West_exit,21,14
dl_506,22,West_exit,22,14
dl_507,14,,,
dl_507,5,West_exit,5,3
dl_507,4,East_exit,4,3
dl_507,2,East_exit,2,2
dl_507,9,East_exit,9,7
dl_507,8,West_exit,8,5
dl_507,12,East_exit,12,9
dl_507,14,West_exit,14,9
dl_507,15,East_exit,15,11
dl_507,16,West_exit,16,10
dl_507,6,East_exit,6,5
dl_507,11,West_exit,11,7
dl_507,18,East_exit,18,13
dl_507,19,West_exit,19,12
dl_507,21,West_exit,21,14
dl_507,22,West_exit,22,14
dl_508,6,,,
dl_508,15,East_exit,15,11
dl_508,17,West_exit,17,11
dl_508,14,East_exit,14,10
dl_508,18,East_exit,18,13
dl_508,19,West_exit,19,12
dl_508,21,West_exit,21,14
dl_508,22,West_exit,22,14
dl_509,8,,,
dl_509,12,East_exit,12,9
dl_509,13,West_exit,13,8
dl_509,11,East_exit,11,8
dl_509,15,East_exit,15,11
dl_509,17,West_exit,17,11
dl_509,18,East_exit,18,13
dl_509,19,West_exit,19,12
dl_509,21,West_exit,21,14
dl_509,22,West_exit,22,14
dl_510,10,,,
dl_510,9,East_exit,9,7
dl_510,10,West_exit,10,6
dl_510,8,East_exit,8,6
dl_510,15,East_exit,15,11
dl_510,17,West_exit,17,11
dl_510,18,East_exit,18,13
dl_510,19,West_exit,19,12
dl_510,12,East_exit,12,9
dl_510,13,West_exit,13,8
dl_510,21,West_exit,21,14
dl_510,22,West_exit,22,14
dl_511,12,,,
dl_511,6,East_exit,6,5
dl_511,7,West_exit,7,4
dl_511,5,East_exit,5,4
dl_511,9,East_exit,9,7
dl_511,10,West_exit,10,6
dl_511,15,East_exit,15,11
dl_511,17,West_exit,17,11
dl_511,18,East_exit,18,13
dl_511,19,West_exit,19,12
dl_511,12,East_exit,12,9
dl_511,13,West_exit,13,8
dl_511,21,West_exit,21,14
dl_511,22,West_exit,22,14
dl_512,14,,,
dl_512,6,East_exit,6,5
dl_512,7,West_exit,7,4
dl_512,3,West_exit,3,2
dl_512,4,East_exit,4,3
dl_512,2,East_exit,2,2
dl_512,9,East_exit,9,7
dl_512,10,West_exit,10,6
dl_512,15,East_exit,15,11
dl_512,17,West_exit,17,11
dl_512,18,East_exit,18,13
dl_512,19,West_exit,19,12
dl_512,12,East_exit,12,9
dl_512,13,West_exit,13,8
dl_512,21,West_exit,21,14
dl_512,22,West_exit,22,14
dl_513,12,,,
dl_513,8,West_exit,8,5
dl_513,9,East_exit,9,7
dl_513,10,West_exit,10,6
dl_513,6,East_exit,6,5
dl_513,5,East_exit,5,4
dl_513,15,East_exit,15,11
dl_513,17,West_exit,17,11
dl_513,18,East_exit,18,13
dl_513,19,West_exit,19,12
dl_513,12,East_exit,12,9
dl_513,13,West_exit,13,8
dl_513,21,West_exit,21,14
dl_513,22,West_exit,22,14
dl_514,14,,,
dl_514,8,West_exit,8,5
dl_514,9,East_exit,9,7
dl_514,10,West_exit,10,6
dl_514,6,East_exit,6,5
dl_514,3,West_exit,3,2
dl_514,4,East_exit,4,3
dl_514,2,East_exit,2,2
dl_514,15,East_exit,15,11
dl_514,17,West_exit,17,11
dl_514,18,East_exit,18,13
dl_514,19,West_exit,19,12
dl_514,12,East_exit,12,9
dl_514,13,West_exit,13,8
dl_514,21,West_exit,21,14
dl_514,22,West_exit,22,14
dl_515,10,,,
dl_515,11,West_exit,11,7
dl_515,15,East_exit,15,11
dl_515,17,West_exit,17,11
dl_515,18,East_exit,18,13
dl_515,19,West_exit,19,12
dl_515,9,East_exit,9,7
dl_515,8,East_exit,8,6
dl_515,12,East_exit,12,9
dl_515,13,West_exit,13,8
dl_515,21,West_exit,21,14
dl_515,22,West_exit,22,14
dl_516,12,,,
dl_516,11,West_exit,11,7
dl_516,6,East_exit,6,5
dl_516,7,West_exit,7,4
dl_516,5,East_exit,5,4
dl_516,15,East_exit,15,11
dl_516,17,West_exit,17,11
dl_516,18,East_exit,18,13
dl_516,19,West_exit,19,12
dl_516,9,East_exit,9,7
dl_516,12,East_exit,12,9
dl_516,13,West_exit,13,8
dl_516,21,West_exit,21,14
dl_516,22,West_exit,22,14
dl_517,14,,,
dl_517,11,West_exit,11,7
dl_517,6,East_exit,6,5
dl_517,7,West_exit,7,4
dl_517,15,East_exit,15,11
dl_517,17,West_exit,17,11
dl_517,18,East_exit,18,13
dl_517,19,West_exit,19,12
dl_517,9,East_exit,9,7
dl_517,12,East_exit,12,9
dl_517,13,West_exit,13,8
dl_517,3,West_exit,3,2
dl_517,4,East_exit,4,3
dl_517,2,East_exit,2,2
dl_517,21,West_exit,21,14
dl_517,22,West_exit,22,14
dl_518,12,,,
dl_518,11,West_exit,11,7
dl_518,15,East_exit,15,11
dl_518,17,West_exit,17,11
dl_518,18,East_exit,18,13
dl_518,19,West_exit,19,12
dl_518,9,East_exit,9,7
dl_518,8,West_exit,8,5
dl_518,6,East_exit,6,5
dl_518,5,East_exit,5,4
dl_518,12,East_exit,12,9
dl_518,13,West_exit,13,8
dl_518,21,West_exit,21,14
dl_518,22,West_exit,22,14
dl_519,14,,,
dl_519,11,West_exit,11,7
dl_519,15,East_exit,15,11
dl_519,17,West_exit,17,11
dl_519,18,East_exit,18,13
dl_519,19,West_exit,19,12
dl_519,9,East_exit,9,7
dl_519,8,West_exit,8,5
dl_519,6,East_exit,6,5
dl_519,12,East_exit,12,9
dl_519,13,West_exit,13,8
dl_519,21,West_exit,21,14
dl_519,22,West_exit,22,14
dl_519,3,West_exit,3,2
dl_519,4,East_exit,4,3
dl_519,2,East_exit,2,2
dl_520,14,,,
dl_520,5,West_exit,5,3
dl_520,6,East_exit,6,5
dl_520,7,West_exit,7,4
dl_520,4,East_exit,4,3
dl_520,2,East_exit,2,2
dl_520,9,East_exit,9,7
dl_520,10,West_exit,10,6
dl_520,15,East_exit,15,11
dl_520,17,West_exit,17,11
dl_520,18,East_exit,18,13
dl_520,19,West_exit,19,12
dl_520,12,East_exit,12,9
dl_520,13,West_exit,13,8
dl_520,21,West_exit,21,14
dl_520,22,West_exit,22,14
dl_521,14,,,
dl_521,8,West_exit,8,5
dl_521,9,East_exit,9,7
dl_521,10,West_exit,10,6
dl_521,6,East_exit,6,5
dl_521,5,West_exit,5,3
dl_521,4,East_exit,4,3
dl_521,2,East_exit,2,2
dl_521,15,East_exit,15,11
dl_521,17,West_exit,17,11
dl_521,18,East_exit,18,13
dl_521,19,West_exit,19,12
dl_521,12,East_exit,12,9
dl_521,13,West_exit,13,8
dl_521,21,West_exit,21,14
dl_521,22,West_exit,22,14
dl_522,14,,,
dl_522,5,West_exit,5,3
dl_522,11,West_exit,11,7
dl_522,15,East_exit,15,11
dl_522,17,West_exit,17,11
dl_522,18,East_exit,18,13
dl_522,19,West_exit,19,12
dl_522,9,East_exit,9,7
dl_522,12,East_exit,12,9
dl_522,13,West_exit,13,8
dl_522,4,East_exit,4,3
dl_522,2,East_exit,2,2
dl_522,6,East_exit,6,5
dl_522,7,West_exit,7,4
dl_522,21,West_exit,21,14
dl_522,22,West_exit,22,14
dl_523,14,,,
dl_523,11,West_exit,11,7
dl_523,15,East_exit,15,11
dl_523,17,West_exit,17,11
dl_523,18,East_exit,18,13
dl_523,19,West_exit,19,12
dl_523,8,West_exit,8,5
dl_523,6,East_exit,6,5
dl_523,5,West_exit,5,3
dl_523,9,East_exit,9,7
dl_523,12,East_exit,12,9
dl_523,13,West_exit,13,8
dl_523,4,East_exit,4,3
dl_523,2,East_exit,2,2
dl_523,21,West_exit,21,14
dl_523,22,West_exit,22,14
dl_524,8,,,
dl_524,12,East_exit,12,9
dl_524,14,West_exit,14,9
dl_524,11,East_exit,11,8
dl_524,15,East_exit,15,11
dl_524,17,West_exit,17,11
dl_524,18,East_exit,18,13
dl_524,19,West_exit,19,12
dl_524,21,West_exit,21,14
dl_524,22,West_exit,22,14
dl_525,10,,,
dl_525,9,East_exit,9,7
dl_525,10,West_exit,10,6
dl_525,8,East_exit,8,6
dl_525,12,East_exit,12,9
dl_525,15,East_exit,15,11
dl_525,17,West_exit,17,11
dl_525,18,East_exit,18,13
dl_525,19,West_exit,19,12
dl_525,14,West_exit,14,9
dl_525,21,West_exit,21,14
dl_525,22,West_exit,22,14
dl_526,12,,,
dl_526,6,East_exit,6,5
dl_526,7,West_exit,7,4
dl_526,5,East_exit,5,4
dl_526,12,East_exit,12,9
dl_526,9,East_exit,9,7
dl_526,10,West_exit,10,6
dl_526,15,East_exit,15,11
dl_526,17,West_exit,17,11
dl_526,18,East_exit,18,13
dl_526,19,West_exit,19,12
dl_526,14,West_exit,14,9
dl_526,21,West_exit,21,14
dl_526,22,West_exit,22,14
dl_527,14,,,
dl_527,6,East_exit,6,5
dl_527,7,West_exit,7,4
dl_527,12,East_exit,12,9
dl_527,9,East_exit,9,7
dl_527,10,West_exit,10,6
dl_527,15,East_exit,15,11
dl_527,17,West_exit,17,11
dl_527,18,East_exit,18,13
dl_527,19,West_exit,19,12
dl_527,14,West_exit,14,9
dl_527,3,West_exit,3,2
dl_527,4,East_exit,4,3
dl_527,2,East_exit,2,2
dl_527,21,West_exit,21,14
dl_527,22,West_exit,22,14
dl_528,12,,,
dl_528,8,West_exit,8,5
dl_528,12,East_exit,12,9
dl_528,14,West_exit,14,9
dl_528,15,East_exit,15,11
dl_528,17,West_exit,17,11
dl_528,18,East_exit,18,13
dl_528,19,West_exit,19,12
dl_528,6,East_exit,6,5
dl_528,5,East_exit,5,4
dl_528,9,East_exit,9,7
dl_528,10,West_exit,10,6
dl_528,21,West_exit,21,14
dl_528,22,West_exit,22,14
dl_529,14,,,
dl_529,8,West_exit,8,5
dl_529,12,East_exit,12,9
dl_529,14,West_exit,14,9
dl_529,15,East_exit,15,11
dl_529,17,West_exit,17,11
dl_529,18,East_exit,18,13
dl_529,19,West_exit,19,12
dl_529,9,East_exit,9,7
dl_529,10,West_exit,10,6
dl_529,6,East_exit,6,5
dl_529,3,West_exit,3,2
dl_529,4,East_exit,4,3
dl_529,2,East_exit,2,2
dl_529,21,West_exit,21,14
dl_529,22,West_exit,22,14
dl_530,10,,,
dl_530,12,East_exit,12,9
dl_530,11,West_exit,11,7
dl_530,15,East_exit,15,11
dl_530,17,West_exit,17,11
dl_530,18,East_exit,18,13
dl_530,19,West_exit,19,12
dl_530,9,East_exit,9,7
dl_530,8,East_exit,8,6
dl_530,14,West_exit,14,9
dl_530,21,West_exit,21,14
dl_530,22,West_exit,22,14
dl_531,12,,,
dl_531,11,West_exit,11,7
dl_531,9,East_exit,9,7
dl_531,6,East_exit,6,5
dl_531,7,West_exit,7,4
dl_531,5,East_exit,5,4
dl_531,12,East_exit,12,9
dl_531,15,East_exit,15,11
dl_531,17,West_exit,17,11
dl_531,18,East_exit,18,13
dl_531,19,West_exit,19,12
dl_531,14,West_exit,14,9
dl_531,21,West_exit,21,14
dl_531,22,West_exit,22,14
dl_532,14,,,
dl_532,3,West_exit,3,2
dl_532,4,East_exit,4,3
dl_532,2,East_exit,2,2
dl_532,12,East_exit,12,9
dl_532,6,East_exit,6,5
dl_532,7,West_exit,7,4
dl_532,11,West_exit,11,7
dl_532,15,East_exit,15,11
dl_532,17,West_exit,17,11
dl_532,18,East_exit,18,13
dl_532,19,West_exit,19,12
dl_532,9,East_exit,9,7
dl_532,14,West_exit,14,9
dl_532,21,West_exit,21,14
dl_532,22,West_exit,22,14
dl_533,12,,,
dl_533,12,East_exit,12,9
dl_533,11,West_exit,11,7
dl_533,15,East_exit,15,11
dl_533,17,West_exit,17,11
dl_533,18,East_exit,18,13
dl_533,19,West_exit,19,12
dl_533,9,East_exit,9,7
dl_533,8,West_exit,8,5
dl_533,6,East_exit,6,5
dl_533,5,East_exit,5,4
dl_533,14,West_exit,14,9
dl_533,21,West_exit,21,14
dl_533,22,West_exit,22,14
dl_534,14,,,
dl_534,12,East_exit,12,9
dl_534,11,West_exit,11,7
dl_534,15,East_exit,15,11
dl_534,17,West_exit,17,11
dl_534,18,East_exit,18,13
dl_534,19,West_exit,19,12
dl_534,9,East_exit,9,7
dl_534,8,West_exit,8,5
dl_534,6,East_exit,6,5
dl_534,3,West_exit,3,2
dl_534,4,East_exit,4,3
dl_534,2,East_exit,2,2
dl_534,14,West_exit,14,9
dl_534,21,West_exit,21,14
dl_534,22,West_exit,22,14
dl_535,14,,,
dl_535,5,West_exit,5,3
dl_535,6,East_exit,6,5
dl_535,7,West_exit,7,4
dl_535,4,East_exit,4,3
dl_535,2,East_exit,2,2
dl_535,12,East_exit,12,9
dl_535,9,East_exit,9,7
dl_535,10,West_exit,10,6
dl_535,15,East_exit,15,11
dl_535,17,West_exit,17,11
dl_535,18,East_exit,18,13
dl_535,19,West_exit,19,12
dl_535,14,West_exit,14,9
dl_535,21,West_exit,21,14
dl_535,22,West_exit,22,14
dl_536,14,,,
dl_536,8,West_exit,8,5
dl_536,12,East_exit,12,9
dl_536,14,West_exit,14,9
dl_536,15,East_exit,15,11
dl_536,17,West_exit,17,11
dl_536,18,East_exit,18,13
dl_536,19,West_exit,19,12
dl_536,5,West_exit,5,3
dl_536,4,East_exit,4,3
dl_536,2,East_exit,2,2
dl_536,9,East_exit,9,7
dl_536,10,West_exit,10,6
dl_536,6,East_exit,6,5
dl_536,21,West_exit,21,14
dl_536,22,West_exit,22,14
dl_537,14,,,
dl_537,5,West_exit,5,3
dl_537,12,East_exit,12,9
dl_537,11,West_exit,11,7
dl_537,15,East_exit,15,11
dl_537,17,West_exit,17,11
dl_537,18,East_exit,18,13
dl_537,19,West_exit,19,12
dl_537,9,East_exit,9,7
dl_537,14,West_exit,14,9
dl_537,6,East_exit,6,5
dl_537,7,West_exit,7,4
dl_537,4,East_exit,4,3
dl_537,2,East_exit,2,2
dl_537,21,West_exit,21,14
dl_537,22,West_exit,22,14
dl_538,14,,,
dl_538,8,West_exit,8,5
dl_538,6,East_exit,6,5
dl_538,5,West_exit,5,3
dl_538,12,East_exit,12,9
dl_538,11,West_exit,11,7
dl_538,15,East_exit,15,11
dl_538,17,West_exit,17,11
dl_538,18,East_exit,18,13
dl_538,19,West_exit,19,12
dl_538,9,East_exit,9,7
dl_538,14,West_exit,14,9
dl_538,4,East_exit,4,3
dl_538,2,East_exit,2,2
dl_538,21,West_exit,21,14
dl_538,22,West_exit,22,14
dl_539,4,,,
dl_539,12,West_exit,12,8
dl_539,13,East_exit,13,9
dl_539,14,West_exit,14,9
dl_539,9,East_exit,9,7
dl_539,10,East_exit,10,7
dl_540,6,,,
dl_540,15,West_exit,15,10
dl_540,16,East_exit,16,11
dl_540,17,West_exit,17,11
dl_540,12,West_exit,12,8
dl_540,13,East_exit,13,9
dl_540,9,East_exit,9,7
dl_540,10,East_exit,10,7
dl_541,12,,,
dl_541,15,West_exit,15,10
dl_541,16,East_exit,16,11
dl_541,17,West_exit,17,11
dl_541,5,East_exit,5,4
dl_541,8,East_exit,8,6
dl_541,6,West_exit,6,4
dl_541,7,East_exit,7,5
dl_541,9,West_exit,9,6
dl_541,10,East_exit,10,7
dl_541,3,East_exit,3,3
dl_541,4,East_exit,4,3
dl_541,12,West_exit,12,8
dl_541,13,East_exit,13,9
dl_542,10,,,
dl_542,15,West_exit,15,10
dl_542,16,East_exit,16,11
dl_542,17,West_exit,17,11
dl_542,8,East_exit,8,6
dl_542,6,West_exit,6,4
dl_542,7,East_exit,7,5
dl_542,5,East_exit,5,4
dl_542,9,West_exit,9,6
dl_542,10,East_exit,10,7
dl_542,12,West_exit,12,8
dl_542,13,East_exit,13,9
dl_543,11,,,
dl_543,15,West_exit,15,10
dl_543,16,East_exit,16,11
dl_543,17,West_exit,17,11
dl_543,8,East_exit,8,6
dl_543,6,West_exit,6,4
dl_543,7,East_exit,7,5
dl_543,9,West_exit,9,6
dl_543,10,East_exit,10,7
dl_543,12,West_exit,12,8
dl_543,13,East_exit,13,9
dl_543,3,East_exit,3,3
dl_543,4,East_exit,4,3
dl_544,7,,,
dl_544,15,West_exit,15,10
dl_544,16,East_exit,16,11
dl_544,17,West_exit,17,11
dl_544,12,West_exit,12,8
dl_544,13,East_exit,13,9
dl_544,9,West_exit,9,6
dl_544,10,East_exit,10,7
dl_544,8,East_exit,8,6
dl_545,11,,,
dl_545,5,East_exit,5,4
dl_545,15,West_exit,15,10
dl_545,16,East_exit,16,11
dl_545,17,West_exit,17,11
dl_545,12,West_exit,12,8
dl_545,13,East_exit,13,9
dl_545,9,West_exit,9,6
dl_545,10,East_exit,10,7
dl_545,6,West_exit,6,4
dl_545,7,East_exit,7,5
dl_545,3,East_exit,3,3
dl_545,4,East_exit,4,3
dl_546,9,,,
dl_546,15,West_exit,15,10
dl_546,16,East_exit,16,11
dl_546,17,West_exit,17,11
dl_546,12,West_exit,12,8
dl_546,13,East_exit,13,9
dl_546,9,West_exit,9,6
dl_546,10,East_exit,10,7
dl_546,6,West_exit,6,4
dl_546,7,East_exit,7,5
dl_546,5,East_exit,5,4
dl_547,10,,,
dl_547,15,West_exit,15,10
dl_547,16,East_exit,16,11
dl_547,17,West_exit,17,11
dl_547,12,West_exit,12,8
dl_547,13,East_exit,13,9
dl_547,9,West_exit,9,6
dl_547,10,East_exit,10,7
dl_547,6,West_exit,6,4
dl_547,7,East_exit,7,5
dl_547,3,East_exit,3,3
dl_547,4,East_exit,4,3
dl_548,8,,,
dl_548,26,West_exit,26,17
dl_548,24,West_exit,24,16
dl_548,25,East_exit,25,17
dl_548,21,West_exit,21,14
dl_548,22,East_exit,22,15
dl_548,27,West_exit,27,18
dl_548,28,West_exit,28,18
dl_548,18,East_exit,18,13
dl_548,19,East_exit,19,13
dl_549,6,,,
dl_549,24,West_exit,24,16
dl_549,25,East_exit,25,17
dl_549,26,West_exit,26,17
dl_549,21,West_exit,21,14
dl_549,22,East_exit,22,15
dl_549,18,East_exit,18,13
dl_549,19,East_exit,19,13
dl_550,5,,,
dl_550,29,West_exit,29,19
dl_550,27,West_exit,27,18
dl_550,28,East_exit,28,19
dl_550,24,West_exit,24,16
dl_550,25,East_exit,25,17
dl_550,23,East_exit,23,16
dl_551,9,,,
dl_551,20,East_exit,20,14
dl_551,27,West_exit,27,18
dl_551,28,East_exit,28,19
dl_551,29,West_exit,29,19
dl_551,24,West_exit,24,16
dl_551,25,East_exit,25,17
dl_551,21,West_exit,21,14
dl_551,22,East_exit,22,15
dl_551,18,East_exit,18,13
dl_551,19,East_exit,19,13
dl_552,7,,,
dl_552,27,West_exit,27,18
dl_552,28,East_exit,28,19
dl_552,29,West_exit,29,19
dl_552,24,West_exit,24,16
dl_552,25,East_exit,25,17
dl_552,21,West_exit,21,14
dl_552,22,East_exit,22,15
dl_552,20,East_exit,20,14
dl_553,9,,,
dl_553,12,West_exit,12,8
dl_553,13,East_exit,13,9
dl_553,14,West_exit,14,9
dl_553,9,West_exit,9,6
dl_553,10,East_exit,10,7
dl_553,3,East_exit,3,3
dl_553,4,West_exit,4,2
dl_553,2,East_exit,2,2
dl_553,6,West_exit,6,4
dl_553,7,East_exit,7,5
dl_554,9,,,
dl_554,5,East_exit,5,4
dl_554,6,West_exit,6,4
dl_554,7,East_exit,7,5
dl_554,3,East_exit,3,3
dl_554,4,East_exit,4,3
dl_554,12,East_exit,12,9
dl_554,13,West_exit,13,8
dl_554,14,West_exit,14,9
dl_554,9,East_exit,9,7
dl_554,10,West_exit,10,6
dl_555,7,,,
dl_555,6,West_exit,6,4
dl_555,7,East_exit,7,5
dl_555,5,East_exit,5,4
dl_555,12,East_exit,12,9
dl_555,13,West_exit,13,8
dl_555,14,West_exit,14,9
dl_555,9,East_exit,9,7
dl_555,10,West_exit,10,6
dl_556,9,,,
dl_556,9,East_exit,9,7
dl_556,10,West_exit,10,6
dl_556,12,East_exit,12,9
dl_556,13,West_exit,13,8
dl_556,14,West_exit,14,9
dl_556,6,West_exit,6,4
dl_556,7,East_exit,7,5
dl_556,3,West_exit,3,2
dl_556,4,East_exit,4,3
dl_556,2,East_exit,2,2
dl_557,13,,,
dl_557,5,East_exit,5,4
dl_557,6,West_exit,6,4
dl_557,7,East_exit,7,5
dl_557,3,East_exit,3,3
dl_557,4,East_exit,4,3
dl_557,9,East_exit,9,7
dl_557,10,West_exit,10,6
dl_557,17,West_exit,17,11
dl_557,15,East_exit,15,11
dl_557,16,West_exit,16,10
dl_557,18,West_exit,18,12
dl_557,19,West_exit,19,12
dl_557,12,East_exit,12,9
dl_557,13,West_exit,13,8
dl_558,11,,,
dl_558,6,West_exit,6,4
dl_558,7,East_exit,7,5
dl_558,5,East_exit,5,4
dl_558,9,East_exit,9,7
dl_558,10,West_exit,10,6
dl_558,17,West_exit,17,11
dl_558,15,East_exit,15,11
dl_558,16,West_exit,16,10
dl_558,18,West_exit,18,12
dl_558,19,West_exit,19,12
dl_558,12,East_exit,12,9
dl_558,13,West_exit,13,8
dl_559,11,,,
dl_559,5,East_exit,5,4
dl_559,6,West_exit,6,4
dl_559,7,East_exit,7,5
dl_559,3,East_exit,3,3
dl_559,4,East_exit,4,3
dl_559,9,East_exit,9,7
dl_559,10,West_exit,10,6
dl_559,15,East_exit,15,11
dl_559,16,West_exit,16,10
dl_559,17,West_exit,17,11
dl_559,12,East_exit,12,9
dl_559,13,West_exit,13,8
dl_560,9,,,
dl_560,6,West_exit,6,4
dl_560,7,East_exit,7,5
dl_560,5,East_exit,5,4
dl_560,9,East_exit,9,7
dl_560,10,West_exit,10,6
dl_560,15,East_exit,15,11
dl_560,16,West_exit,16,10
dl_560,17,West_exit,17,11
dl_560,12,East_exit,12,9
dl_560,13,West_exit,13,8
dl_561,13,,,
dl_561,9,East_exit,9,7
dl_561,10,West_exit,10,6
dl_561,12,East_exit,12,9
dl_561,13,West_exit,13,8
dl_561,15,East_exit,15,11
dl_561,16,West_exit,16,10
dl_561,17,West_exit,17,11
dl_561,18,West_exit,18,12
dl_561,19,West_exit,19,12
dl_561,6,West_exit,6,4
dl_561,7,East_exit,7,5
dl_561,3,West_exit,3,2
dl_561,4,East_exit,4,3
dl_561,2,East_exit,2,2
dl_562,11,,,
dl_562,9,East_exit,9,7
dl_562,10,West_exit,10,6
dl_562,12,East_exit,12,9
dl_562,13,West_exit,13,8
dl_562,15,East_exit,15,11
dl_562,16,West_exit,16,10
dl_562,17,West_exit,17,11
dl_562,6,West_exit,6,4
dl_562,7,East_exit,7,5
dl_562,3,West_exit,3,2
dl_562,4,East_exit,4,3
dl_562,2,East_exit,2,2
dl_563,9,,,
dl_563,26,West_exit,26,17
dl_563,24,West_exit,24,16
dl_563,25,East_exit,25,17
dl_563,27,West_exit,27,18
dl_563,28,West_exit,28,18
dl_563,18,West_exit,18,12
dl_563,19,East_exit,19,13
dl_563,17,East_exit,17,12
dl_563,21,West_exit,21,14
dl_563,22,East_exit,22,15
dl_564,7,,,
dl_564,24,West_exit,24,16
dl_564,25,East_exit,25,17
dl_564,26,West_exit,26,17
dl_564,18,West_exit,18,12
dl_564,19,East_exit,19,13
dl_564,17,East_exit,17,12
dl_564,21,West_exit,21,14
dl_564,22,East_exit,22,15
dl_565,10,,,
dl_565,18,West_exit,18,12
dl_565,19,East_exit,19,13
dl_565,15,West_exit,15,10
dl_565,16,East_exit,16,11
dl_565,14,East_exit,14,10
dl_565,12,West_exit,12,8
dl_565,13,East_exit,13,9
dl_565,11,East_exit,11,8
dl_565,21,East_exit,21,15
dl_565,22,West_exit,22,14
dl_565,23,West_exit,23,15
dl_566,7,,,
dl_566,18,West_exit,18,12
dl_566,19,East_exit,19,13
dl_566,15,West_exit,15,10
dl_566,16,East_exit,16,11
dl_566,14,East_exit,14,10
dl_566,21,East_exit,21,15
dl_566,22,West_exit,22,14
dl_566,23,West_exit,23,15
dl_567,12,,,
dl_567,11,East_exit,11,8
dl_567,9,West_exit,9,6
dl_567,10,East_exit,10,7
dl_567,8,East_exit,8,6
dl_567,18,West_exit,18,12
dl_567,19,East_exit,19,13
dl_567,21,East_exit,21,15
dl_567,22,West_exit,22,14
dl_567,23,West_exit,23,15
dl_567,15,West_exit,15,10
dl_567,16,East_exit,16,11
dl_567,12,West_exit,12,8
dl_567,13,East_exit,13,9
dl_568,9,,,
dl_568,18,West_exit,18,12
dl_568,19,East_exit,19,13
dl_568,21,East_exit,21,15
dl_568,22,West_exit,22,14
dl_568,23,West_exit,23,15
dl_568,15,West_exit,15,10
dl_568,16,East_exit,16,11
dl_568,12,West_exit,12,8
dl_568,13,East_exit,13,9
dl_568,11,East_exit,11,8
dl_569,9,,,
dl_569,18,West_exit,18,12
dl_569,19,East_exit,19,13
dl_569,20,West_exit,20,13
dl_569,15,West_exit,15,10
dl_569,16,East_exit,16,11
dl_569,12,West_exit,12,8
dl_569,13,East_exit,13,9
dl_569,9,West_exit,9,6
dl_569,10,East_exit,10,7
dl_569,8,East_exit,8,6
dl_570,11,,,
dl_570,18,West_exit,18,12
dl_570,19,East_exit,19,13
dl_570,21,East_exit,21,15
dl_570,22,West_exit,22,14
dl_570,23,West_exit,23,15
dl_570,15,West_exit,15,10
dl_570,16,East_exit,16,11
dl_570,12,West_exit,12,8
dl_570,13,East_exit,13,9
dl_570,9,West_exit,9,6
dl_570,10,East_exit,10,7
dl_570,8,East_exit,8,6
dl_571,6,,,
dl_571,12,West_exit,12,8
dl_571,13,East_exit,13,9
dl_571,14,West_exit,14,9
dl_571,9,West_exit,9,6
dl_571,10,East_exit,10,7
dl_571,6,East_exit,6,5
dl_571,7,East_exit,7,5
dl_572,8,,,
dl_572,15,West_exit,15,10
dl_572,16,East_exit,16,11
dl_572,17,West_exit,17,11
dl_572,12,West_exit,12,8
dl_572,13,East_exit,13,9
dl_572,9,West_exit,9,6
dl_572,10,East_exit,10,7
dl_572,6,East_exit,6,5
dl_572,7,East_exit,7,5
dl_573,10,,,
dl_573,18,West_exit,18,12
dl_573,19,East_exit,19,13
dl_573,20,West_exit,20,13
dl_573,15,West_exit,15,10
dl_573,16,East_exit,16,11
dl_573,12,West_exit,12,8
dl_573,13,East_exit,13,9
dl_573,9,West_exit,9,6
dl_573,10,East_exit,10,7
dl_573,6,East_exit,6,5
dl_573,7,East_exit,7,5
dl_574,12,,,
dl_574,18,West_exit,18,12
dl_574,19,East_exit,19,13
dl_574,21,East_exit,21,15
dl_574,22,West_exit,22,14
dl_574,23,West_exit,23,15
dl_574,15,West_exit,15,10
dl_574,16,East_exit,16,11
dl_574,12,West_exit,12,8
dl_574,13,East_exit,13,9
dl_574,9,West_exit,9,6
dl_574,10,East_exit,10,7
dl_574,6,East_exit,6,5
dl_574,7,East_exit,7,5
dl_575,8,,,
dl_575,8,West_exit,8,5
dl_575,5,West_exit,5,3
dl_575,4,East_exit,4,3
dl_575,6,West_exit,6,4
dl_575,7,East_exit,7,5
dl_575,9,East_exit,9,7
dl_575,10,West_exit,10,6
dl_575,11,West_exit,11,7
dl_575,2,East_exit,2,2
dl_576,18,,,
dl_576,8,West_exit,8,5
dl_576,20,West_exit,20,13
dl_576,12,East_exit,12,9
dl_576,13,West_exit,13,8
dl_576,14,West_exit,14,9
dl_576,15,East_exit,15,11
dl_576,16,West_exit,16,10
dl_576,17,West_exit,17,11
dl_576,18,East_exit,18,13
dl_576,19,West_exit,19,12
dl_576,21,West_exit,21,14
dl_576,22,West_exit,22,14
dl_576,5,West_exit,5,3
dl_576,4,East_exit,4,3
dl_576,6,West_exit,6,4
dl_576,7,East_exit,7,5
dl_576,2,East_exit,2,2
dl_576,9,East_exit,9,7
dl_576,10,West_exit,10,6
dl_577,16,,,
dl_577,8,West_exit,8,5
dl_577,12,East_exit,12,9
dl_577,13,West_exit,13,8
dl_577,14,West_exit,14,9
dl_577,15,East_exit,15,11
dl_577,16,West_exit,16,10
dl_577,17,West_exit,17,11
dl_577,18,East_exit,18,13
dl_577,19,West_exit,19,12
dl_577,20,West_exit,20,13
dl_577,5,West_exit,5,3
dl_577,4,East_exit,4,3
dl_577,6,West_exit,6,4
dl_577,7,East_exit,7,5
dl_577,2,East_exit,2,2
dl_577,9,East_exit,9,7
dl_577,10,West_exit,10,6
dl_578,20,,,
dl_578,17,West_exit,17,11
dl_578,23,West_exit,23,15
dl_578,14,West_exit,14,9
dl_578,15,East_exit,15,11
dl_578,16,West_exit,16,10
dl_578,8,West_exit,8,5
dl_578,5,West_exit,5,3
dl_578,4,East_exit,4,3
dl_578,6,West_exit,6,4
dl_578,7,East_exit,7,5
dl_578,9,East_exit,9,7
dl_578,10,West_exit,10,6
dl_578,2,East_exit,2,2
dl_578,12,East_exit,12,9
dl_578,13,West_exit,13,8
dl_578,21,East_exit,21,15
dl_578,22,West_exit,22,14
dl_578,24,West_exit,24,16
dl_578,25,West_exit,25,16
dl_578,18,East_exit,18,13
dl_578,19,West_exit,19,12
dl_579,18,,,
dl_579,17,West_exit,17,11
dl_579,14,West_exit,14,9
dl_579,15,East_exit,15,11
dl_579,16,West_exit,16,10
dl_579,8,West_exit,8,5
dl_579,5,West_exit,5,3
dl_579,4,East_exit,4,3
dl_579,6,West_exit,6,4
dl_579,7,East_exit,7,5
dl_579,9,East_exit,9,7
dl_579,10,West_exit,10,6
dl_579,2,East_exit,2,2
dl_579,12,East_exit,12,9
dl_579,13,West_exit,13,8
dl_579,21,East_exit,21,15
dl_579,22,West_exit,22,14
dl_579,23,West_exit,23,15
dl_579,18,East_exit,18,13
dl_579,19,West_exit,19,12
dl_580,22,,,
dl_580,8,West_exit,8,5
dl_580,17,West_exit,17,11
dl_580,12,East_exit,12,9
dl_580,13,West_exit,13,8
dl_580,14,West_exit,14,9
dl_580,15,East_exit,15,11
dl_580,16,West_exit,16,10
dl_580,18,East_exit,18,13
dl_580,19,West_exit,19,12
dl_580,5,West_exit,5,3
dl_580,4,East_exit,4,3
dl_580,6,West_exit,6,4
dl_580,7,East_exit,7,5
dl_580,2,East_exit,2,2
dl_580,9,East_exit,9,7
dl_580,10,West_exit,10,6
dl_580,26,West_exit,26,17
dl_580,24,East_exit,24,17
dl_580,25,West_exit,25,16
dl_580,27,West_exit,27,18
dl_580,28,West_exit,28,18
dl_580,21,East_exit,21,15
dl_580,22,West_exit,22,14
dl_581,13,,,
dl_581,14,West_exit,14,9
dl_581,15,East_exit,15,11
dl_581,16,West_exit,16,10
dl_581,17,West_exit,17,11
dl_581,8,West_exit,8,5
dl_581,5,West_exit,5,3
dl_581,4,East_exit,4,3
dl_581,6,West_exit,6,4
dl_581,7,East_exit,7,5
dl_581,9,East_exit,9,7
dl_581,10,West_exit,10,6
dl_581,2,East_exit,2,2
dl_581,12,East_exit,12,9
dl_581,13,West_exit,13,8
dl_582,13,,,
dl_582,23,West_exit,23,15
dl_582,20,West_exit,20,13
dl_582,21,East_exit,21,15
dl_582,22,West_exit,22,14
dl_582,14,West_exit,14,9
dl_582,15,East_exit,15,11
dl_582,16,West_exit,16,10
dl_582,9,East_exit,9,7
dl_582,12,East_exit,12,9
dl_582,13,West_exit,13,8
dl_582,18,East_exit,18,13
dl_582,19,West_exit,19,12
dl_582,24,West_exit,24,16
dl_582,25,West_exit,25,16
dl_583,11,,,
dl_583,20,West_exit,20,13
dl_583,21,East_exit,21,15
dl_583,22,West_exit,22,14
dl_583,23,West_exit,23,15
dl_583,14,West_exit,14,9
dl_583,15,East_exit,15,11
dl_583,16,West_exit,16,10
dl_583,9,East_exit,9,7
dl_583,12,East_exit,12,9
dl_583,13,West_exit,13,8
dl_583,18,East_exit,18,13
dl_583,19,West_exit,19,12
dl_584,15,,,
dl_584,26,West_exit,26,17
dl_584,20,West_exit,20,13
dl_584,21,East_exit,21,15
dl_584,22,West_exit,22,14
dl_584,14,West_exit,14,9
dl_584,15,East_exit,15,11
dl_584,16,West_exit,16,10
dl_584,9,East_exit,9,7
dl_584,12,East_exit,12,9
dl_584,13,West_exit,13,8
dl_584,18,East_exit,18,13
dl_584,19,West_exit,19,12
dl_584,24,East_exit,24,17
dl_584,25,West_exit,25,16
dl_584,27,West_exit,27,18
dl_584,28,West_exit,28,18
dl_585,13,,,
dl_585,20,West_exit,20,13
dl_585,21,East_exit,21,15
dl_585,22,West_exit,22,14
dl_585,14,West_exit,14,9
dl_585,15,East_exit,15,11
dl_585,16,West_exit,16,10
dl_585,9,East_exit,9,7
dl_585,12,East_exit,12,9
dl_585,13,West_exit,13,8
dl_585,18,East_exit,18,13
dl_585,19,West_exit,19,12
dl_585,24,East_exit,24,17
dl_585,25,West_exit,25,16
dl_585,26,West_exit,26,17
dl_586,8,,,
dl_586,14,West_exit,14,9
dl_586,15,East_exit,15,11
dl_586,16,West_exit,16,10
dl_586,9,East_exit,9,7
dl_586,12,East_exit,12,9
dl_586,13,West_exit,13,8
dl_586,18,East_exit,18,13
dl_586,19,West_exit,19,12
dl_586,20,West_exit,20,13
dl_587,15,,,
dl_587,26,West_exit,26,17
dl_587,23,West_exit,23,15
dl_587,24,East_exit,24,17
dl_587,25,West_exit,25,16
dl_587,14,West_exit,14,9
dl_587,15,East_exit,15,11
dl_587,16,West_exit,16,10
dl_587,9,East_exit,9,7
dl_587,12,East_exit,12,9
dl_587,13,West_exit,13,8
dl_587,18,East_exit,18,13
dl_587,19,West_exit,19,12
dl_587,21,East_exit,21,15
dl_587,22,West_exit,22,14
dl_587,27,West_exit,27,18
dl_587,28,West_exit,28,18
dl_588,13,,,
dl_588,23,West_exit,23,15
dl_588,24,East_exit,24,17
dl_588,25,West_exit,25,16
dl_588,26,West_exit,26,17
dl_588,14,West_exit,14,9
dl_588,15,East_exit,15,11
dl_588,16,West_exit,16,10
dl_588,9,East_exit,9,7
dl_588,12,East_exit,12,9
dl_588,13,West_exit,13,8
dl_588,18,East_exit,18,13
dl_588,19,West_exit,19,12
dl_588,21,East_exit,21,15
dl_588,22,West_exit,22,14
dl_589,14,,,
dl_589,23,West_exit,23,15
dl_589,24,East_exit,24,17
dl_589,25,West_exit,25,16
dl_589,14,West_exit,14,9
dl_589,15,East_exit,15,11
dl_589,16,West_exit,16,10
dl_589,9,East_exit,9,7
dl_589,12,East_exit,12,9
dl_589,13,West_exit,13,8
dl_589,18,East_exit,18,13
dl_589,19,West_exit,19,12
dl_589,21,East_exit,21,15
dl_589,22,West_exit,22,14
dl_589,27,West_exit,27,18
dl_589,28,West_exit,28,18
dl_590,12,,,
dl_590,14,West_exit,14,9
dl_590,15,East_exit,15,11
dl_590,16,West_exit,16,10
dl_590,9,East_exit,9,7
dl_590,12,East_exit,12,9
dl_590,13,West_exit,13,8
dl_590,23,West_exit,23,15
dl_590,21,East_exit,21,15
dl_590,22,West_exit,22,14
dl_590,24,West_exit,24,16
dl_590,25,West_exit,25,16
dl_590,18,East_exit,18,13
dl_590,19,West_exit,19,12
dl_591,10,,,
dl_591,14,West_exit,14,9
dl_591,15,East_exit,15,11
dl_591,16,West_exit,16,10
dl_591,9,East_exit,9,7
dl_591,12,East_exit,12,9
dl_591,13,West_exit,13,8
dl_591,18,East_exit,18,13
dl_591,19,West_exit,19,12
dl_591,21,East_exit,21,15
dl_591,22,West_exit,22,14
dl_591,23,West_exit,23,15
dl_592,14,,,
dl_592,14,West_exit,14,9
dl_592,15,East_exit,15,11
dl_592,16,West_exit,16,10
dl_592,9,East_exit,9,7
dl_592,12,East_exit,12,9
dl_592,13,West_exit,13,8
dl_592,18,East_exit,18,13
dl_592,19,West_exit,19,12
dl_592,26,West_exit,26,17
dl_592,24,East_exit,24,17
dl_592,25,West_exit,25,16
dl_592,27,West_exit,27,18
dl_592,28,West_exit,28,18
dl_592,21,East_exit,21,15
dl_592,22,West_exit,22,14
dl_593,5,,,
dl_593,8,West_exit,8,5
dl_593,5,West_exit,5,3
dl_593,4,East_exit,4,3
dl_593,6,West_exit,6,4
dl_593,7,East_exit,7,5
dl_593,2,East_exit,2,2
dl_594,13,,,
dl_594,14,West_exit,14,9
dl_594,15,East_exit,15,11
dl_594,16,West_exit,16,10
dl_594,17,West_exit,17,11
dl_594,9,East_exit,9,7
dl_594,10,West_exit,10,6
dl_594,11,West_exit,11,7
dl_594,12,East_exit,12,9
dl_594,13,West_exit,13,8
dl_594,5,West_exit,5,3
dl_594,4,East_exit,4,3
dl_594,6,West_exit,6,4
dl_594,7,East_exit,7,5
dl_594,2,East_exit,2,2
dl_595,10,,,
dl_595,9,East_exit,9,7
dl_595,10,West_exit,10,6
dl_595,11,West_exit,11,7
dl_595,12,East_exit,12,9
dl_595,13,West_exit,13,8
dl_595,14,West_exit,14,9
dl_595,5,West_exit,5,3
dl_595,4,East_exit,4,3
dl_595,6,West_exit,6,4
dl_595,7,East_exit,7,5
dl_595,2,East_exit,2,2
dl_596,20,,,
dl_596,11,West_exit,11,7
dl_596,23,West_exit,23,15
dl_596,20,West_exit,20,13
dl_596,21,East_exit,21,15
dl_596,22,West_exit,22,14
dl_596,15,East_exit,15,11
dl_596,16,West_exit,16,10
dl_596,17,West_exit,17,11
dl_596,18,East_exit,18,13
dl_596,19,West_exit,19,12
dl_596,24,West_exit,24,16
dl_596,25,West_exit,25,16
dl_596,9,East_exit,9,7
dl_596,10,West_exit,10,6
dl_596,12,East_exit,12,9
dl_596,13,West_exit,13,8
dl_596,5,West_exit,5,3
dl_596,4,East_exit,4,3
dl_596,6,West_exit,6,4
dl_596,7,East_exit,7,5
dl_596,2,East_exit,2,2
dl_597,18,,,
dl_597,11,West_exit,11,7
dl_597,20,West_exit,20,13
dl_597,21,East_exit,21,15
dl_597,22,West_exit,22,14
dl_597,23,West_exit,23,15
dl_597,15,East_exit,15,11
dl_597,16,West_exit,16,10
dl_597,17,West_exit,17,11
dl_597,18,East_exit,18,13
dl_597,19,West_exit,19,12
dl_597,9,East_exit,9,7
dl_597,10,West_exit,10,6
dl_597,12,East_exit,12,9
dl_597,13,West_exit,13,8
dl_597,5,West_exit,5,3
dl_597,4,East_exit,4,3
dl_597,6,West_exit,6,4
dl_597,7,East_exit,7,5
dl_597,2,East_exit,2,2
dl_598,22,,,
dl_598,20,West_exit,20,13
dl_598,26,West_exit,26,17
dl_598,24,East_exit,24,17
dl_598,25,West_exit,25,16
dl_598,27,West_exit,27,18
dl_598,28,West_exit,28,18
dl_598,17,West_exit,17,11
dl_598,18,East_exit,18,13
dl_598,19,West_exit,19,12
dl_598,11,West_exit,11,7
dl_598,9,East_exit,9,7
dl_598,10,West_exit,10,6
dl_598,12,East_exit,12,9
dl_598,13,West_exit,13,8
dl_598,5,West_exit,5,3
dl_598,4,East_exit,4,3
dl_598,6,West_exit,6,4
dl_598,7,East_exit,7,5
dl_598,2,East_exit,2,2
dl_598,15,East_exit,15,11
dl_598,16,West_exit,16,10
dl_598,21,East_exit,21,15
dl_598,22,West_exit,22,14
dl_599,15,,,
dl_599,11,West_exit,11,7
dl_599,15,East_exit,15,11
dl_599,16,West_exit,16,10
dl_599,17,West_exit,17,11
dl_599,18,East_exit,18,13
dl_599,19,West_exit,19,12
dl_599,20,West_exit,20,13
dl_599,9,East_exit,9,7
dl_599,10,West_exit,10,6
dl_599,12,East_exit,12,9
dl_599,13,West_exit,13,8
dl_599,5,West_exit,5,3
dl_599,4,East_exit,4,3
dl_599,6,West_exit,6,4
dl_599,7,East_exit,7,5
dl_599,2,East_exit,2,2
dl_600,22,,,
dl_600,17,West_exit,17,11
dl_600,26,West_exit,26,17
dl_600,21,East_exit,21,15
dl_600,22,West_exit,22,14
dl_600,23,West_exit,23,15
dl_600,24,East_exit,24,17
dl_600,25,West_exit,25,16
dl_600,27,West_exit,27,18
dl_600,28,West_exit,28,18
dl_600,11,West_exit,11,7
dl_600,9,East_exit,9,7
dl_600,10,West_exit,10,6
dl_600,12,East_exit,12,9
dl_600,13,West_exit,13,8
dl_600,5,West_exit,5,3
dl_600,4,East_exit,4,3
dl_600,6,West_exit,6,4
dl_600,7,East_exit,7,5
dl_600,2,East_exit,2,2
dl_600,15,East_exit,15,11
dl_600,16,West_exit,16,10
dl_600,18,East_exit,18,13
dl_600,19,West_exit,19,12
dl_601,20,,,
dl_601,17,West_exit,17,11
dl_601,21,East_exit,21,15
dl_601,22,West_exit,22,14
dl_601,23,West_exit,23,15
dl_601,24,East_exit,24,17
dl_601,25,West_exit,25,16
dl_601,26,West_exit,26,17
dl_601,11,West_exit,11,7
dl_601,9,East_exit,9,7
dl_601,10,West_exit,10,6
dl_601,12,East_exit,12,9
dl_601,13,West_exit,13,8
dl_601,5,West_exit,5,3
dl_601,4,East_exit,4,3
dl_601,6,West_exit,6,4
dl_601,7,East_exit,7,5
dl_601,2,East_exit,2,2
dl_601,15,East_exit,15,11
dl_601,16,West_exit,16,10
dl_601,18,East_exit,18,13
dl_601,19,West_exit,19,12
dl_602,21,,,
dl_602,17,West_exit,17,11
dl_602,11,West_exit,11,7
dl_602,21,East_exit,21,15
dl_602,22,West_exit,22,14
dl_602,23,West_exit,23,15
dl_602,24,East_exit,24,17
dl_602,25,West_exit,25,16
dl_602,9,East_exit,9,7
dl_602,10,West_exit,10,6
dl_602,12,East_exit,12,9
dl_602,13,West_exit,13,8
dl_602,5,West_exit,5,3
dl_602,4,East_exit,4,3
dl_602,6,West_exit,6,4
dl_602,7,East_exit,7,5
dl_602,2,East_exit,2,2
dl_602,15,East_exit,15,11
dl_602,16,West_exit,16,10
dl_602,18,East_exit,18,13
dl_602,19,West_exit,19,12
dl_602,27,West_exit,27,18
dl_602,28,West_exit,28,18
dl_603,19,,,
dl_603,23,West_exit,23,15
dl_603,17,West_exit,17,11
dl_603,11,West_exit,11,7
dl_603,9,East_exit,9,7
dl_603,10,West_exit,10,6
dl_603,12,East_exit,12,9
dl_603,13,West_exit,13,8
dl_603,5,West_exit,5,3
dl_603,4,East_exit,4,3
dl_603,6,West_exit,6,4
dl_603,7,East_exit,7,5
dl_603,2,East_exit,2,2
dl_603,15,East_exit,15,11
dl_603,16,West_exit,16,10
dl_603,21,East_exit,21,15
dl_603,22,West_exit,22,14
dl_603,18,East_exit,18,13
dl_603,19,West_exit,19,12
dl_603,24,West_exit,24,16
dl_603,25,West_exit,25,16
dl_604,17,,,
dl_604,17,West_exit,17,11
dl_604,11,West_exit,11,7
dl_604,9,East_exit,9,7
dl_604,10,West_exit,10,6
dl_604,12,East_exit,12,9
dl_604,13,West_exit,13,8
dl_604,5,West_exit,5,3
dl_604,4,East_exit,4,3
dl_604,6,West_exit,6,4
dl_604,7,East_exit,7,5
dl_604,2,East_exit,2,2
dl_604,15,East_exit,15,11
dl_604,16,West_exit,16,10
dl_604,21,East_exit,21,15
dl_604,22,West_exit,22,14
dl_604,23,West_exit,23,15
dl_604,18,East_exit,18,13
dl_604,19,West_exit,19,12
dl_605,21,,,
dl_605,11,West_exit,11,7
dl_605,17,West_exit,17,11
dl_605,15,East_exit,15,11
dl_605,16,West_exit,16,10
dl_605,18,East_exit,18,13
dl_605,19,West_exit,19,12
dl_605,9,East_exit,9,7
dl_605,10,West_exit,10,6
dl_605,12,East_exit,12,9
dl_605,13,West_exit,13,8
dl_605,5,West_exit,5,3
dl_605,4,East_exit,4,3
dl_605,6,West_exit,6,4
dl_605,7,East_exit,7,5
dl_605,2,East_exit,2,2
dl_605,26,West_exit,26,17
dl_605,24,East_exit,24,17
dl_605,25,West_exit,25,16
dl_605,27,West_exit,27,18
dl_605,28,West_exit,28,18
dl_605,21,East_exit,21,15
dl_605,22,West_exit,22,14
dl_606,12,,,
dl_606,9,East_exit,9,7
dl_606,10,West_exit,10,6
dl_606,11,West_exit,11,7
dl_606,12,East_exit,12,9
dl_606,13,West_exit,13,8
dl_606,5,West_exit,5,3
dl_606,4,East_exit,4,3
dl_606,6,West_exit,6,4
dl_606,7,East_exit,7,5
dl_606,2,East_exit,2,2
dl_606,15,East_exit,15,11
dl_606,16,West_exit,16,10
dl_606,17,West_exit,17,11
dl_607,20,,,
dl_607,11,West_exit,11,7
dl_607,9,East_exit,9,7
dl_607,10,West_exit,10,6
dl_607,12,East_exit,12,9
dl_607,13,West_exit,13,8
dl_607,5,West_exit,5,3
dl_607,4,East_exit,4,3
dl_607,6,West_exit,6,4
dl_607,7,East_exit,7,5
dl_607,2,East_exit,2,2
dl_607,18,East_exit,18,13
dl_607,19,West_exit,19,12
dl_607,20,West_exit,20,13
dl_607,21,East_exit,21,15
dl_607,22,West_exit,22,14
dl_607,23,West_exit,23,15
dl_607,24,East_exit,24,17
dl_607,25,West_exit,25,16
dl_607,26,West_exit,26,17
dl_607,15,East_exit,15,11
dl_607,16,West_exit,16,10
dl_608,17,,,
dl_608,20,West_exit,20,13
dl_608,21,East_exit,21,15
dl_608,22,West_exit,22,14
dl_608,23,West_exit,23,15
dl_608,9,East_exit,9,7
dl_608,10,West_exit,10,6
dl_608,11,West_exit,11,7
dl_608,12,East_exit,12,9
dl_608,13,West_exit,13,8
dl_608,5,West_exit,5,3
dl_608,4,East_exit,4,3
dl_608,6,West_exit,6,4
dl_608,7,East_exit,7,5
dl_608,2,East_exit,2,2
dl_608,15,East_exit,15,11
dl_608,16,West_exit,16,10
dl_608,18,East_exit,18,13
dl_608,19,West_exit,19,12
dl_609,21,,,
dl_609,11,West_exit,11,7
dl_609,9,East_exit,9,7
dl_609,10,West_exit,10,6
dl_609,12,East_exit,12,9
dl_609,13,West_exit,13,8
dl_609,5,West_exit,5,3
dl_609,4,East_exit,4,3
dl_609,6,West_exit,6,4
dl_609,7,East_exit,7,5
dl_609,2,East_exit,2,2
dl_609,20,West_exit,20,13
dl_609,26,West_exit,26,17
dl_609,24,East_exit,24,17
dl_609,25,West_exit,25,16
dl_609,27,West_exit,27,18
dl_609,28,West_exit,28,18
dl_609,18,East_exit,18,13
dl_609,19,West_exit,19,12
dl_609,21,East_exit,21,15
dl_609,22,West_exit,22,14
dl_609,15,East_exit,15,11
dl_609,16,West_exit,16,10
dl_610,19,,,
dl_610,11,West_exit,11,7
dl_610,9,East_exit,9,7
dl_610,10,West_exit,10,6
dl_610,12,East_exit,12,9
dl_610,13,West_exit,13,8
dl_610,5,West_exit,5,3
dl_610,4,East_exit,4,3
dl_610,6,West_exit,6,4
dl_610,7,East_exit,7,5
dl_610,2,East_exit,2,2
dl_610,20,West_exit,20,13
dl_610,24,East_exit,24,17
dl_610,25,West_exit,25,16
dl_610,26,West_exit,26,17
dl_610,18,East_exit,18,13
dl_610,19,West_exit,19,12
dl_610,21,East_exit,21,15
dl_610,22,West_exit,22,14
dl_610,15,East_exit,15,11
dl_610,16,West_exit,16,10
dl_611,14,,,
dl_611,9,East_exit,9,7
dl_611,10,West_exit,10,6
dl_611,11,West_exit,11,7
dl_611,12,East_exit,12,9
dl_611,13,West_exit,13,8
dl_611,5,West_exit,5,3
dl_611,4,East_exit,4,3
dl_611,6,West_exit,6,4
dl_611,7,East_exit,7,5
dl_611,2,East_exit,2,2
dl_611,15,East_exit,15,11
dl_611,16,West_exit,16,10
dl_611,18,East_exit,18,13
dl_611,19,West_exit,19,12
dl_611,20,West_exit,20,13
dl_612,21,,,
dl_612,9,East_exit,9,7
dl_612,10,West_exit,10,6
dl_612,11,West_exit,11,7
dl_612,12,East_exit,12,9
dl_612,13,West_exit,13,8
dl_612,5,West_exit,5,3
dl_612,4,East_exit,4,3
dl_612,6,West_exit,6,4
dl_612,7,East_exit,7,5
dl_612,2,East_exit,2,2
dl_612,15,East_exit,15,11
dl_612,16,West_exit,16,10
dl_612,26,West_exit,26,17
dl_612,21,East_exit,21,15
dl_612,22,West_exit,22,14
dl_612,23,West_exit,23,15
dl_612,24,East_exit,24,17
dl_612,25,West_exit,25,16
dl_612,27,West_exit,27,18
dl_612,28,West_exit,28,18
dl_612,18,East_exit,18,13
dl_612,19,West_exit,19,12
dl_613,19,,,
dl_613,9,East_exit,9,7
dl_613,10,West_exit,10,6
dl_613,11,West_exit,11,7
dl_613,12,East_exit,12,9
dl_613,13,West_exit,13,8
dl_613,5,West_exit,5,3
dl_613,4,East_exit,4,3
dl_613,6,West_exit,6,4
dl_613,7,East_exit,7,5
dl_613,2,East_exit,2,2
dl_613,15,East_exit,15,11
dl_613,16,West_exit,16,10
dl_613,21,East_exit,21,15
dl_613,22,West_exit,22,14
dl_613,23,West_exit,23,15
dl_613,24,East_exit,24,17
dl_613,25,West_exit,25,16
dl_613,26,West_exit,26,17
dl_613,18,East_exit,18,13
dl_613,19,West_exit,19,12
dl_614,20,,,
dl_614,9,East_exit,9,7
dl_614,10,West_exit,10,6
dl_614,11,West_exit,11,7
dl_614,12,East_exit,12,9
dl_614,13,West_exit,13,8
dl_614,5,West_exit,5,3
dl_614,4,East_exit,4,3
dl_614,6,West_exit,6,4
dl_614,7,East_exit,7,5
dl_614,2,East_exit,2,2
dl_614,15,East_exit,15,11
dl_614,16,West_exit,16,10
dl_614,21,East_exit,21,15
dl_614,22,West_exit,22,14
dl_614,23,West_exit,23,15
dl_614,24,East_exit,24,17
dl_614,25,West_exit,25,16
dl_614,18,East_exit,18,13
dl_614,19,West_exit,19,12
dl_614,27,West_exit,27,18
dl_614,28,West_exit,28,18
dl_615,18,,,
dl_615,23,West_exit,23,15
dl_615,9,East_exit,9,7
dl_615,10,West_exit,10,6
dl_615,11,West_exit,11,7
dl_615,12,East_exit,12,9
dl_615,13,West_exit,13,8
dl_615,5,West_exit,5,3
dl_615,4,East_exit,4,3
dl_615,6,West_exit,6,4
dl_615,7,East_exit,7,5
dl_615,2,East_exit,2,2
dl_615,15,East_exit,15,11
dl_615,16,West_exit,16,10
dl_615,18,East_exit,18,13
dl_615,19,West_exit,19,12
dl_615,21,East_exit,21,15
dl_615,22,West_exit,22,14
dl_615,24,West_exit,24,16
dl_615,25,West_exit,25,16
dl_616,16,,,
dl_616,9,East_exit,9,7
dl_616,10,West_exit,10,6
dl_616,11,West_exit,11,7
dl_616,12,East_exit,12,9
dl_616,13,West_exit,13,8
dl_616,5,West_exit,5,3
dl_616,4,East_exit,4,3
dl_616,6,West_exit,6,4
dl_616,7,East_exit,7,5
dl_616,2,East_exit,2,2
dl_616,15,East_exit,15,11
dl_616,16,West_exit,16,10
dl_616,18,East_exit,18,13
dl_616,19,West_exit,19,12
dl_616,21,East_exit,21,15
dl_616,22,West_exit,22,14
dl_616,23,West_exit,23,15
dl_617,7,,,
dl_617,9,East_exit,9,7
dl_617,10,West_exit,10,6
dl_617,11,West_exit,11,7
dl_617,5,West_exit,5,3
dl_617,4,East_exit,4,3
dl_617,6,West_exit,6,4
dl_617,7,East_exit,7,5
dl_617,2,East_exit,2,2
dl_618,12,,,
dl_618,14,West_exit,14,9
dl_618,15,East_exit,15,11
dl_618,16,West_exit,16,10
dl_618,17,West_exit,17,11
dl_618,5,West_exit,5,3
dl_618,4,East_exit,4,3
dl_618,2,East_exit,2,2
dl_618,9,East_exit,9,7
dl_618,10,West_exit,10,6
dl_618,12,East_exit,12,9
dl_618,13,West_exit,13,8
dl_618,6,West_exit,6,4
dl_618,7,East_exit,7,5
dl_619,9,,,
dl_619,5,West_exit,5,3
dl_619,4,East_exit,4,3
dl_619,2,East_exit,2,2
dl_619,9,East_exit,9,7
dl_619,10,West_exit,10,6
dl_619,12,East_exit,12,9
dl_619,13,West_exit,13,8
dl_619,14,West_exit,14,9
dl_619,6,West_exit,6,4
dl_619,7,East_exit,7,5
dl_620,22,,,
dl_620,9,East_exit,9,7
dl_620,10,West_exit,10,6
dl_620,12,East_exit,12,9
dl_620,13,West_exit,13,8
dl_620,15,East_exit,15,11
dl_620,16,West_exit,16,10
dl_620,17,West_exit,17,11
dl_620,18,East_exit,18,13
dl_620,19,West_exit,19,12
dl_620,20,West_exit,20,13
dl_620,21,East_exit,21,15
dl_620,22,West_exit,22,14
dl_620,23,West_exit,23,15
dl_620,5,West_exit,5,3
dl_620,4,East_exit,4,3
dl_620,6,West_exit,6,4
dl_620,7,East_exit,7,5
dl_620,2,East_exit,2,2
dl_620,26,West_exit,26,17
dl_620,24,East_exit,24,17
dl_620,25,West_exit,25,16
dl_620,27,West_exit,27,18
dl_620,28,West_exit,28,18
dl_621,20,,,
dl_621,9,East_exit,9,7
dl_621,10,West_exit,10,6
dl_621,12,East_exit,12,9
dl_621,13,West_exit,13,8
dl_621,15,East_exit,15,11
dl_621,16,West_exit,16,10
dl_621,17,West_exit,17,11
dl_621,18,East_exit,18,13
dl_621,19,West_exit,19,12
dl_621,20,West_exit,20,13
dl_621,21,East_exit,21,15
dl_621,22,West_exit,22,14
dl_621,23,West_exit,23,15
dl_621,5,West_exit,5,3
dl_621,4,East_exit,4,3
dl_621,6,West_exit,6,4
dl_621,7,East_exit,7,5
dl_621,2,East_exit,2,2
dl_621,24,East_exit,24,17
dl_621,25,West_exit,25,16
dl_621,26,West_exit,26,17
dl_622,17,,,
dl_622,20,West_exit,20,13
dl_622,21,East_exit,21,15
dl_622,22,West_exit,22,14
dl_622,23,West_exit,23,15
dl_622,17,West_exit,17,11
dl_622,18,East_exit,18,13
dl_622,19,West_exit,19,12
dl_622,9,East_exit,9,7
dl_622,10,West_exit,10,6
dl_622,5,West_exit,5,3
dl_622,4,East_exit,4,3
dl_622,6,West_exit,6,4
dl_622,7,East_exit,7,5
dl_622,2,East_exit,2,2
dl_622,12,East_exit,12,9
dl_622,13,West_exit,13,8
dl_622,15,East_exit,15,11
dl_622,16,West_exit,16,10
dl_623,21,,,
dl_623,9,East_exit,9,7
dl_623,10,West_exit,10,6
dl_623,12,East_exit,12,9
dl_623,13,West_exit,13,8
dl_623,15,East_exit,15,11
dl_623,16,West_exit,16,10
dl_623,17,West_exit,17,11
dl_623,18,East_exit,18,13
dl_623,19,West_exit,19,12
dl_623,20,West_exit,20,13
dl_623,5,West_exit,5,3
dl_623,4,East_exit,4,3
dl_623,6,West_exit,6,4
dl_623,7,East_exit,7,5
dl_623,2,East_exit,2,2
dl_623,26,West_exit,26,17
dl_623,24,East_exit,24,17
dl_623,25,West_exit,25,16
dl_623,27,West_exit,27,18
dl_623,28,West_exit,28,18
dl_623,21,East_exit,21,15
dl_623,22,West_exit,22,14
dl_624,19,,,
dl_624,9,East_exit,9,7
dl_624,10,West_exit,10,6
dl_624,12,East_exit,12,9
dl_624,13,West_exit,13,8
dl_624,15,East_exit,15,11
dl_624,16,West_exit,16,10
dl_624,17,West_exit,17,11
dl_624,18,East_exit,18,13
dl_624,19,West_exit,19,12
dl_624,20,West_exit,20,13
dl_624,5,West_exit,5,3
dl_624,4,East_exit,4,3
dl_624,6,West_exit,6,4
dl_624,7,East_exit,7,5
dl_624,2,East_exit,2,2
dl_624,24,East_exit,24,17
dl_624,25,West_exit,25,16
dl_624,26,West_exit,26,17
dl_624,21,East_exit,21,15
dl_624,22,West_exit,22,14
dl_625,14,,,
dl_625,17,West_exit,17,11
dl_625,18,East_exit,18,13
dl_625,19,West_exit,19,12
dl_625,20,West_exit,20,13
dl_625,9,East_exit,9,7
dl_625,10,West_exit,10,6
dl_625,5,West_exit,5,3
dl_625,4,East_exit,4,3
dl_625,6,West_exit,6,4
dl_625,7,East_exit,7,5
dl_625,2,East_exit,2,2
dl_625,12,East_exit,12,9
dl_625,13,West_exit,13,8
dl_625,15,East_exit,15,11
dl_625,16,West_exit,16,10
dl_626,21,,,
dl_626,9,East_exit,9,7
dl_626,10,West_exit,10,6
dl_626,12,East_exit,12,9
dl_626,13,West_exit,13,8
dl_626,15,East_exit,15,11
dl_626,16,West_exit,16,10
dl_626,17,West_exit,17,11
dl_626,21,East_exit,21,15
dl_626,22,West_exit,22,14
dl_626,23,West_exit,23,15
dl_626,18,East_exit,18,13
dl_626,19,West_exit,19,12
dl_626,5,West_exit,5,3
dl_626,4,East_exit,4,3
dl_626,6,West_exit,6,4
dl_626,7,East_exit,7,5
dl_626,2,East_exit,2,2
dl_626,26,West_exit,26,17
dl_626,24,East_exit,24,17
dl_626,25,West_exit,25,16
dl_626,27,West_exit,27,18
dl_626,28,West_exit,28,18
dl_627,19,,,
dl_627,9,East_exit,9,7
dl_627,10,West_exit,10,6
dl_627,12,East_exit,12,9
dl_627,13,West_exit,13,8
dl_627,15,East_exit,15,11
dl_627,16,West_exit,16,10
dl_627,17,West_exit,17,11
dl_627,21,East_exit,21,15
dl_627,22,West_exit,22,14
dl_627,23,West_exit,23,15
dl_627,18,East_exit,18,13
dl_627,19,West_exit,19,12
dl_627,5,West_exit,5,3
dl_627,4,East_exit,4,3
dl_627,6,West_exit,6,4
dl_627,7,East_exit,7,5
dl_627,2,East_exit,2,2
dl_627,24,East_exit,24,17
dl_627,25,West_exit,25,16
dl_627,26,West_exit,26,17
dl_628,20,,,
dl_628,17,West_exit,17,11
dl_628,9,East_exit,9,7
dl_628,10,West_exit,10,6
dl_628,12,East_exit,12,9
dl_628,13,West_exit,13,8
dl_628,15,East_exit,15,11
dl_628,16,West_exit,16,10
dl_628,21,East_exit,21,15
dl_628,22,West_exit,22,14
dl_628,23,West_exit,23,15
dl_628,18,East_exit,18,13
dl_628,19,West_exit,19,12
dl_628,5,West_exit,5,3
dl_628,4,East_exit,4,3
dl_628,6,West_exit,6,4
dl_628,7,East_exit,7,5
dl_628,2,East_exit,2,2
dl_628,24,East_exit,24,17
dl_628,25,West_exit,25,16
dl_628,27,West_exit,27,18
dl_628,28,West_exit,28,18
dl_629,18,,,
dl_629,9,East_exit,9,7
dl_629,10,West_exit,10,6
dl_629,12,East_exit,12,9
dl_629,13,West_exit,13,8
dl_629,15,East_exit,15,11
dl_629,16,West_exit,16,10
dl_629,17,West_exit,17,11
dl_629,23,West_exit,23,15
dl_629,21,East_exit,21,15
dl_629,22,West_exit,22,14
dl_629,24,West_exit,24,16
dl_629,25,West_exit,25,16
dl_629,18,East_exit,18,13
dl_629,19,West_exit,19,12
dl_629,5,West_exit,5,3
dl_629,4,East_exit,4,3
dl_629,6,West_exit,6,4
dl_629,7,East_exit,7,5
dl_629,2,East_exit,2,2
dl_630,16,,,
dl_630,9,East_exit,9,7
dl_630,10,West_exit,10,6
dl_630,12,East_exit,12,9
dl_630,13,West_exit,13,8
dl_630,15,East_exit,15,11
dl_630,16,West_exit,16,10
dl_630,17,West_exit,17,11
dl_630,21,East_exit,21,15
dl_630,22,West_exit,22,14
dl_630,23,West_exit,23,15
dl_630,18,East_exit,18,13
dl_630,19,West_exit,19,12
dl_630,5,West_exit,5,3
dl_630,4,East_exit,4,3
dl_630,6,West_exit,6,4
dl_630,7,East_exit,7,5
dl_630,2,East_exit,2,2
dl_631,20,,,
dl_631,17,West_exit,17,11
dl_631,18,East_exit,18,13
dl_631,19,West_exit,19,12
dl_631,9,East_exit,9,7
dl_631,10,West_exit,10,6
dl_631,5,West_exit,5,3
dl_631,4,East_exit,4,3
dl_631,6,West_exit,6,4
dl_631,7,East_exit,7,5
dl_631,2,East_exit,2,2
dl_631,12,East_exit,12,9
dl_631,13,West_exit,13,8
dl_631,15,East_exit,15,11
dl_631,16,West_exit,16,10
dl_631,26,West_exit,26,17
dl_631,24,East_exit,24,17
dl_631,25,West_exit,25,16
dl_631,27,West_exit,27,18
dl_631,28,West_exit,28,18
dl_631,21,East_exit,21,15
dl_631,22,West_exit,22,14
dl_632,18,,,
dl_632,17,West_exit,17,11
dl_632,18,East_exit,18,13
dl_632,19,West_exit,19,12
dl_632,9,East_exit,9,7
dl_632,10,West_exit,10,6
dl_632,5,West_exit,5,3
dl_632,4,East_exit,4,3
dl_632,6,West_exit,6,4
dl_632,7,East_exit,7,5
dl_632,2,East_exit,2,2
dl_632,12,East_exit,12,9
dl_632,13,West_exit,13,8
dl_632,15,East_exit,15,11
dl_632,16,West_exit,16,10
dl_632,24,East_exit,24,17
dl_632,25,West_exit,25,16
dl_632,26,West_exit,26,17
dl_632,21,East_exit,21,15
dl_632,22,West_exit,22,14
dl_633,11,,,
dl_633,9,East_exit,9,7
dl_633,10,West_exit,10,6
dl_633,12,East_exit,12,9
dl_633,13,West_exit,13,8
dl_633,15,East_exit,15,11
dl_633,16,West_exit,16,10
dl_633,17,West_exit,17,11
dl_633,5,West_exit,5,3
dl_633,4,East_exit,4,3
dl_633,6,West_exit,6,4
dl_633,7,East_exit,7,5
dl_633,2,East_exit,2,2
dl_634,15,,,
dl_634,17,West_exit,17,11
dl_634,5,East_exit,5,4
dl_634,8,West_exit,8,5
dl_634,7,East_exit,7,5
dl_634,9,East_exit,9,7
dl_634,10,West_exit,10,6
dl_634,11,West_exit,11,7
dl_634,3,East_exit,3,3
dl_634,4,East_exit,4,3
dl_634,12,East_exit,12,9
dl_634,13,West_exit,13,8
dl_634,14,West_exit,14,9
dl_634,15,East_exit,15,11
dl_634,16,West_exit,16,10
dl_634,18,West_exit,18,12
dl_634,19,West_exit,19,12
dl_635,13,,,
dl_635,5,East_exit,5,4
dl_635,8,West_exit,8,5
dl_635,7,East_exit,7,5
dl_635,9,East_exit,9,7
dl_635,10,West_exit,10,6
dl_635,11,West_exit,11,7
dl_635,3,East_exit,3,3
dl_635,4,East_exit,4,3
dl_635,12,East_exit,12,9
dl_635,13,West_exit,13,8
dl_635,14,West_exit,14,9
dl_635,15,East_exit,15,11
dl_635,16,West_exit,16,10
dl_635,17,West_exit,17,11
dl_636,5,,,
dl_636,8,West_exit,8,5
dl_636,7,East_exit,7,5
dl_636,5,East_exit,5,4
dl_636,9,East_exit,9,7
dl_636,10,West_exit,10,6
dl_636,11,West_exit,11,7
dl_637,7,,,
dl_637,8,West_exit,8,5
dl_637,7,East_exit,7,5
dl_637,9,East_exit,9,7
dl_637,10,West_exit,10,6
dl_637,11,West_exit,11,7
dl_637,3,West_exit,3,2
dl_637,4,East_exit,4,3
dl_637,2,East_exit,2,2
dl_638,12,,,
dl_638,14,West_exit,14,9
dl_638,15,East_exit,15,11
dl_638,16,West_exit,16,10
dl_638,17,West_exit,17,11
dl_638,12,East_exit,12,9
dl_638,13,West_exit,13,8
dl_638,8,West_exit,8,5
dl_638,7,East_exit,7,5
dl_638,5,East_exit,5,4
dl_638,9,East_exit,9,7
dl_638,10,West_exit,10,6
dl_638,3,East_exit,3,3
dl_638,4,East_exit,4,3
dl_639,10,,,
dl_639,14,West_exit,14,9
dl_639,15,East_exit,15,11
dl_639,16,West_exit,16,10
dl_639,17,West_exit,17,11
dl_639,12,East_exit,12,9
dl_639,13,West_exit,13,8
dl_639,8,West_exit,8,5
dl_639,7,East_exit,7,5
dl_639,5,East_exit,5,4
dl_639,9,East_exit,9,7
dl_639,10,West_exit,10,6
dl_640,7,,,
dl_640,8,West_exit,8,5
dl_640,7,East_exit,7,5
dl_640,5,East_exit,5,4
dl_640,12,East_exit,12,9
dl_640,13,West_exit,13,8
dl_640,14,West_exit,14,9
dl_640,9,East_exit,9,7
dl_640,10,West_exit,10,6
dl_641,12,,,
dl_641,14,West_exit,14,9
dl_641,15,East_exit,15,11
dl_641,16,West_exit,16,10
dl_641,17,West_exit,17,11
dl_641,12,East_exit,12,9
dl_641,13,West_exit,13,8
dl_641,8,West_exit,8,5
dl_641,7,East_exit,7,5
dl_641,9,East_exit,9,7
dl_641,10,West_exit,10,6
dl_641,3,West_exit,3,2
dl_641,4,East_exit,4,3
dl_641,2,East_exit,2,2
dl_642,9,,,
dl_642,12,East_exit,12,9
dl_642,13,West_exit,13,8
dl_642,14,West_exit,14,9
dl_642,8,West_exit,8,5
dl_642,7,East_exit,7,5
dl_642,9,East_exit,9,7
dl_642,10,West_exit,10,6
dl_642,3,West_exit,3,2
dl_642,4,East_exit,4,3
dl_642,2,East_exit,2,2
dl_643,13,,,
dl_643,8,West_exit,8,5
dl_643,5,West_exit,5,3
dl_643,4,East_exit,4,3
dl_643,2,East_exit,2,2
dl_643,7,East_exit,7,5
dl_643,9,East_exit,9,7
dl_643,10,West_exit,10,6
dl_643,11,West_exit,11,7
dl_643,14,West_exit,14,9
dl_643,15,East_exit,15,11
dl_643,16,West_exit,16,10
dl_643,17,West_exit,17,11
dl_643,12,East_exit,12,9
dl_643,13,West_exit,13,8
dl_644,10,,,
dl_644,8,West_exit,8,5
dl_644,5,West_exit,5,3
dl_644,4,East_exit,4,3
dl_644,2,East_exit,2,2
dl_644,7,East_exit,7,5
dl_644,9,East_exit,9,7
dl_644,10,West_exit,10,6
dl_644,11,West_exit,11,7
dl_644,12,East_exit,12,9
dl_644,13,West_exit,13,8
dl_644,14,West_exit,14,9
dl_645,17,,,
dl_645,11,West_exit,11,7
dl_645,20,West_exit,20,13
dl_645,15,East_exit,15,11
dl_645,16,West_exit,16,10
dl_645,17,West_exit,17,11
dl_645,18,East_exit,18,13
dl_645,19,West_exit,19,12
dl_645,21,West_exit,21,14
dl_645,22,West_exit,22,14
dl_645,8,West_exit,8,5
dl_645,9,East_exit,9,7
dl_645,10,West_exit,10,6
dl_645,5,West_exit,5,3
dl_645,4,East_exit,4,3
dl_645,2,East_exit,2,2
dl_645,7,East_exit,7,5
dl_645,12,East_exit,12,9
dl_645,13,West_exit,13,8
dl_646,15,,,
dl_646,11,West_exit,11,7
dl_646,15,East_exit,15,11
dl_646,16,West_exit,16,10
dl_646,17,West_exit,17,11
dl_646,18,East_exit,18,13
dl_646,19,West_exit,19,12
dl_646,20,West_exit,20,13
dl_646,8,West_exit,8,5
dl_646,9,East_exit,9,7
dl_646,10,West_exit,10,6
dl_646,5,West_exit,5,3
dl_646,4,East_exit,4,3
dl_646,2,East_exit,2,2
dl_646,7,East_exit,7,5
dl_646,12,East_exit,12,9
dl_646,13,West_exit,13,8
dl_647,19,,,
dl_647,11,West_exit,11,7
dl_647,23,West_exit,23,15
dl_647,17,West_exit,17,11
dl_647,15,East_exit,15,11
dl_647,16,West_exit,16,10
dl_647,21,East_exit,21,15
dl_647,22,West_exit,22,14
dl_647,18,East_exit,18,13
dl_647,19,West_exit,19,12
dl_647,24,West_exit,24,16
dl_647,25,West_exit,25,16
dl_647,8,West_exit,8,5
dl_647,5,West_exit,5,3
dl_647,4,East_exit,4,3
dl_647,2,East_exit,2,2
dl_647,7,East_exit,7,5
dl_647,9,East_exit,9,7
dl_647,10,West_exit,10,6
dl_647,12,East_exit,12,9
dl_647,13,West_exit,13,8
dl_648,17,,,
dl_648,11,West_exit,11,7
dl_648,17,West_exit,17,11
dl_648,15,East_exit,15,11
dl_648,16,West_exit,16,10
dl_648,21,East_exit,21,15
dl_648,22,West_exit,22,14
dl_648,23,West_exit,23,15
dl_648,18,East_exit,18,13
dl_648,19,West_exit,19,12
dl_648,8,West_exit,8,5
dl_648,5,West_exit,5,3
dl_648,4,East_exit,4,3
dl_648,2,East_exit,2,2
dl_648,7,East_exit,7,5
dl_648,9,East_exit,9,7
dl_648,10,West_exit,10,6
dl_648,12,East_exit,12,9
dl_648,13,West_exit,13,8
dl_649,21,,,
dl_649,11,West_exit,11,7
dl_649,17,West_exit,17,11
dl_649,15,East_exit,15,11
dl_649,16,West_exit,16,10
dl_649,18,East_exit,18,13
dl_649,19,West_exit,19,12
dl_649,8,West_exit,8,5
dl_649,9,East_exit,9,7
dl_649,10,West_exit,10,6
dl_649,5,West_exit,5,3
dl_649,4,East_exit,4,3
dl_649,2,East_exit,2,2
dl_649,7,East_exit,7,5
dl_649,12,East_exit,12,9
dl_649,13,West_exit,13,8
dl_649,26,West_exit,26,17
dl_649,24,East_exit,24,17
dl_649,25,West_exit,25,16
dl_649,27,West_exit,27,18
dl_649,28,West_exit,28,18
dl_649,21,East_exit,21,15
dl_649,22,West_exit,22,14
dl_650,19,,,
dl_650,17,West_exit,17,11
dl_650,11,West_exit,11,7
dl_650,15,East_exit,15,11
dl_650,16,West_exit,16,10
dl_650,18,East_exit,18,13
dl_650,19,West_exit,19,12
dl_650,8,West_exit,8,5
dl_650,9,East_exit,9,7
dl_650,10,West_exit,10,6
dl_650,5,West_exit,5,3
dl_650,4,East_exit,4,3
dl_650,2,East_exit,2,2
dl_650,7,East_exit,7,5
dl_650,12,East_exit,12,9
dl_650,13,West_exit,13,8
dl_650,24,East_exit,24,17
dl_650,25,West_exit,25,16
dl_650,26,West_exit,26,17
dl_650,21,East_exit,21,15
dl_650,22,West_exit,22,14
dl_651,12,,,
dl_651,11,West_exit,11,7
dl_651,15,East_exit,15,11
dl_651,16,West_exit,16,10
dl_651,17,West_exit,17,11
dl_651,8,West_exit,8,5
dl_651,9,East_exit,9,7
dl_651,10,West_exit,10,6
dl_651,5,West_exit,5,3
dl_651,4,East_exit,4,3
dl_651,2,East_exit,2,2
dl_651,7,East_exit,7,5
dl_651,12,East_exit,12,9
dl_651,13,West_exit,13,8
dl_652,19,,,
dl_652,11,West_exit,11,7
dl_652,8,West_exit,8,5
dl_652,5,West_exit,5,3
dl_652,4,East_exit,4,3
dl_652,2,East_exit,2,2
dl_652,7,East_exit,7,5
dl_652,9,East_exit,9,7
dl_652,10,West_exit,10,6
dl_652,12,East_exit,12,9
dl_652,13,West_exit,13,8
dl_652,23,West_exit,23,15
dl_652,18,East_exit,18,13
dl_652,19,West_exit,19,12
dl_652,20,West_exit,20,13
dl_652,21,East_exit,21,15
dl_652,22,West_exit,22,14
dl_652,24,West_exit,24,16
dl_652,25,West_exit,25,16
dl_652,15,East_exit,15,11
dl_652,16,West_exit,16,10
dl_653,17,,,
dl_653,11,West_exit,11,7
dl_653,8,West_exit,8,5
dl_653,5,West_exit,5,3
dl_653,4,East_exit,4,3
dl_653,2,East_exit,2,2
dl_653,7,East_exit,7,5
dl_653,9,East_exit,9,7
dl_653,10,West_exit,10,6
dl_653,12,East_exit,12,9
dl_653,13,West_exit,13,8
dl_653,18,East_exit,18,13
dl_653,19,West_exit,19,12
dl_653,20,West_exit,20,13
dl_653,21,East_exit,21,15
dl_653,22,West_exit,22,14
dl_653,23,West_exit,23,15
dl_653,15,East_exit,15,11
dl_653,16,West_exit,16,10
dl_654,21,,,
dl_654,20,West_exit,20,13
dl_654,26,West_exit,26,17
dl_654,24,East_exit,24,17
dl_654,25,West_exit,25,16
dl_654,27,West_exit,27,18
dl_654,28,West_exit,28,18
dl_654,11,West_exit,11,7
dl_654,8,West_exit,8,5
dl_654,5,West_exit,5,3
dl_654,4,East_exit,4,3
dl_654,2,East_exit,2,2
dl_654,7,East_exit,7,5
dl_654,9,East_exit,9,7
dl_654,10,West_exit,10,6
dl_654,12,East_exit,12,9
dl_654,13,West_exit,13,8
dl_654,15,East_exit,15,11
dl_654,16,West_exit,16,10
dl_654,18,East_exit,18,13
dl_654,19,West_exit,19,12
dl_654,21,East_exit,21,15
dl_654,22,West_exit,22,14
dl_655,19,,,
dl_655,20,West_exit,20,13
dl_655,24,East_exit,24,17
dl_655,25,West_exit,25,16
dl_655,26,West_exit,26,17
dl_655,11,West_exit,11,7
dl_655,8,West_exit,8,5
dl_655,5,West_exit,5,3
dl_655,4,East_exit,4,3
dl_655,2,East_exit,2,2
dl_655,7,East_exit,7,5
dl_655,9,East_exit,9,7
dl_655,10,West_exit,10,6
dl_655,12,East_exit,12,9
dl_655,13,West_exit,13,8
dl_655,15,East_exit,15,11
dl_655,16,West_exit,16,10
dl_655,18,East_exit,18,13
dl_655,19,West_exit,19,12
dl_655,21,East_exit,21,15
dl_655,22,West_exit,22,14
dl_656,7,,,
dl_656,8,West_exit,8,5
dl_656,5,West_exit,5,3
dl_656,4,East_exit,4,3
dl_656,2,East_exit,2,2
dl_656,7,East_exit,7,5
dl_656,9,East_exit,9,7
dl_656,10,West_exit,10,6
dl_656,11,West_exit,11,7
dl_657,19,,,
dl_657,8,West_exit,8,5
dl_657,17,West_exit,17,11
dl_657,14,West_exit,14,9
dl_657,15,East_exit,15,11
dl_657,16,West_exit,16,10
dl_657,9,East_exit,9,7
dl_657,12,East_exit,12,9
dl_657,13,West_exit,13,8
dl_657,18,East_exit,18,13
dl_657,19,West_exit,19,12
dl_657,24,East_exit,24,17
dl_657,25,West_exit,25,16
dl_657,26,West_exit,26,17
dl_657,21,East_exit,21,15
dl_657,22,West_exit,22,14
dl_657,5,West_exit,5,3
dl_657,4,East_exit,4,3
dl_657,2,East_exit,2,2
dl_657,7,East_exit,7,5
dl_657,10,West_exit,10,6
dl_658,12,,,
dl_658,8,West_exit,8,5
dl_658,14,West_exit,14,9
dl_658,15,East_exit,15,11
dl_658,16,West_exit,16,10
dl_658,17,West_exit,17,11
dl_658,12,East_exit,12,9
dl_658,13,West_exit,13,8
dl_658,5,West_exit,5,3
dl_658,4,East_exit,4,3
dl_658,2,East_exit,2,2
dl_658,7,East_exit,7,5
dl_658,9,East_exit,9,7
dl_658,10,West_exit,10,6
dl_659,9,,,
dl_659,12,East_exit,12,9
dl_659,13,West_exit,13,8
dl_659,14,West_exit,14,9
dl_659,8,West_exit,8,5
dl_659,5,West_exit,5,3
dl_659,4,East_exit,4,3
dl_659,2,East_exit,2,2
dl_659,7,East_exit,7,5
dl_659,9,East_exit,9,7
dl_659,10,West_exit,10,6
dl_660,17,,,
dl_660,23,West_exit,23,15
dl_660,20,West_exit,20,13
dl_660,21,East_exit,21,15
dl_660,22,West_exit,22,14
dl_660,17,West_exit,17,11
dl_660,18,East_exit,18,13
dl_660,19,West_exit,19,12
dl_660,8,West_exit,8,5
dl_660,7,East_exit,7,5
dl_660,5,East_exit,5,4
dl_660,9,East_exit,9,7
dl_660,10,West_exit,10,6
dl_660,12,East_exit,12,9
dl_660,13,West_exit,13,8
dl_660,15,East_exit,15,11
dl_660,16,West_exit,16,10
dl_660,24,West_exit,24,16
dl_660,25,West_exit,25,16
dl_661,15,,,
dl_661,20,West_exit,20,13
dl_661,21,East_exit,21,15
dl_661,22,West_exit,22,14
dl_661,23,West_exit,23,15
dl_661,17,West_exit,17,11
dl_661,18,East_exit,18,13
dl_661,19,West_exit,19,12
dl_661,8,West_exit,8,5
dl_661,7,East_exit,7,5
dl_661,5,East_exit,5,4
dl_661,9,East_exit,9,7
dl_661,10,West_exit,10,6
dl_661,12,East_exit,12,9
dl_661,13,West_exit,13,8
dl_661,15,East_exit,15,11
dl_661,16,West_exit,16,10
dl_662,19,,,
dl_662,20,West_exit,20,13
dl_662,26,West_exit,26,17
dl_662,24,East_exit,24,17
dl_662,25,West_exit,25,16
dl_662,27,West_exit,27,18
dl_662,28,West_exit,28,18
dl_662,21,East_exit,21,15
dl_662,22,West_exit,22,14
dl_662,17,West_exit,17,11
dl_662,18,East_exit,18,13
dl_662,19,West_exit,19,12
dl_662,8,West_exit,8,5
dl_662,7,East_exit,7,5
dl_662,5,East_exit,5,4
dl_662,9,East_exit,9,7
dl_662,10,West_exit,10,6
dl_662,12,East_exit,12,9
dl_662,13,West_exit,13,8
dl_662,15,East_exit,15,11
dl_662,16,West_exit,16,10
dl_663,17,,,
dl_663,20,West_exit,20,13
dl_663,21,East_exit,21,15
dl_663,22,West_exit,22,14
dl_663,17,West_exit,17,11
dl_663,18,East_exit,18,13
dl_663,19,West_exit,19,12
dl_663,8,West_exit,8,5
dl_663,7,East_exit,7,5
dl_663,5,East_exit,5,4
dl_663,9,East_exit,9,7
dl_663,10,West_exit,10,6
dl_663,12,East_exit,12,9
dl_663,13,West_exit,13,8
dl_663,15,East_exit,15,11
dl_663,16,West_exit,16,10
dl_663,24,East_exit,24,17
dl_663,25,West_exit,25,16
dl_663,26,West_exit,26,17
dl_664,12,,,
dl_664,17,West_exit,17,11
dl_664,18,East_exit,18,13
dl_664,19,West_exit,19,12
dl_664,20,West_exit,20,13
dl_664,8,West_exit,8,5
dl_664,7,East_exit,7,5
dl_664,5,East_exit,5,4
dl_664,9,East_exit,9,7
dl_664,10,West_exit,10,6
dl_664,12,East_exit,12,9
dl_664,13,West_exit,13,8
dl_664,15,East_exit,15,11
dl_664,16,West_exit,16,10
dl_665,19,,,
dl_665,17,West_exit,17,11
dl_665,26,West_exit,26,17
dl_665,23,West_exit,23,15
dl_665,24,East_exit,24,17
dl_665,25,West_exit,25,16
dl_665,21,East_exit,21,15
dl_665,22,West_exit,22,14
dl_665,27,West_exit,27,18
dl_665,28,West_exit,28,18
dl_665,18,East_exit,18,13
dl_665,19,West_exit,19,12
dl_665,8,West_exit,8,5
dl_665,7,East_exit,7,5
dl_665,5,East_exit,5,4
dl_665,9,East_exit,9,7
dl_665,10,West_exit,10,6
dl_665,12,East_exit,12,9
dl_665,13,West_exit,13,8
dl_665,15,East_exit,15,11
dl_665,16,West_exit,16,10
dl_666,17,,,
dl_666,17,West_exit,17,11
dl_666,23,West_exit,23,15
dl_666,24,East_exit,24,17
dl_666,25,West_exit,25,16
dl_666,26,West_exit,26,17
dl_666,21,East_exit,21,15
dl_666,22,West_exit,22,14
dl_666,18,East_exit,18,13
dl_666,19,West_exit,19,12
dl_666,8,West_exit,8,5
dl_666,7,East_exit,7,5
dl_666,5,East_exit,5,4
dl_666,9,East_exit,9,7
dl_666,10,West_exit,10,6
dl_666,12,East_exit,12,9
dl_666,13,West_exit,13,8
dl_666,15,East_exit,15,11
dl_666,16,West_exit,16,10
dl_667,18,,,
dl_667,17,West_exit,17,11
dl_667,23,West_exit,23,15
dl_667,24,East_exit,24,17
dl_667,25,West_exit,25,16
dl_667,21,East_exit,21,15
dl_667,22,West_exit,22,14
dl_667,18,East_exit,18,13
dl_667,19,West_exit,19,12
dl_667,8,West_exit,8,5
dl_667,7,East_exit,7,5
dl_667,5,East_exit,5,4
dl_667,9,East_exit,9,7
dl_667,10,West_exit,10,6
dl_667,12,East_exit,12,9
dl_667,13,West_exit,13,8
dl_667,15,East_exit,15,11
dl_667,16,West_exit,16,10
dl_667,27,West_exit,27,18
dl_667,28,West_exit,28,18
dl_668,16,,,
dl_668,17,West_exit,17,11
dl_668,23,West_exit,23,15
dl_668,21,East_exit,21,15
dl_668,22,West_exit,22,14
dl_668,24,West_exit,24,16
dl_668,25,West_exit,25,16
dl_668,18,East_exit,18,13
dl_668,19,West_exit,19,12
dl_668,8,West_exit,8,5
dl_668,7,East_exit,7,5
dl_668,5,East_exit,5,4
dl_668,9,East_exit,9,7
dl_668,10,West_exit,10,6
dl_668,12,East_exit,12,9
dl_668,13,West_exit,13,8
dl_668,15,East_exit,15,11
dl_668,16,West_exit,16,10
dl_669,14,,,
dl_669,17,West_exit,17,11
dl_669,21,East_exit,21,15
dl_669,22,West_exit,22,14
dl_669,23,West_exit,23,15
dl_669,18,East_exit,18,13
dl_669,19,West_exit,19,12
dl_669,8,West_exit,8,5
dl_669,7,East_exit,7,5
dl_669,5,East_exit,5,4
dl_669,9,East_exit,9,7
dl_669,10,West_exit,10,6
dl_669,12,East_exit,12,9
dl_669,13,West_exit,13,8
dl_669,15,East_exit,15,11
dl_669,16,West_exit,16,10
dl_670,18,,,
dl_670,17,West_exit,17,11
dl_670,21,East_exit,21,15
dl_670,22,West_exit,22,14
dl_670,24,East_exit,24,17
dl_670,25,West_exit,25,16
dl_670,26,West_exit,26,17
dl_670,27,West_exit,27,18
dl_670,28,West_exit,28,18
dl_670,18,East_exit,18,13
dl_670,19,West_exit,19,12
dl_670,8,West_exit,8,5
dl_670,7,East_exit,7,5
dl_670,5,East_exit,5,4
dl_670,9,East_exit,9,7
dl_670,10,West_exit,10,6
dl_670,12,East_exit,12,9
dl_670,13,West_exit,13,8
dl_670,15,East_exit,15,11
dl_670,16,West_exit,16,10
dl_671,16,,,
dl_671,17,West_exit,17,11
dl_671,18,East_exit,18,13
dl_671,19,West_exit,19,12
dl_671,8,West_exit,8,5
dl_671,7,East_exit,7,5
dl_671,5,East_exit,5,4
dl_671,9,East_exit,9,7
dl_671,10,West_exit,10,6
dl_671,12,East_exit,12,9
dl_671,13,West_exit,13,8
dl_671,15,East_exit,15,11
dl_671,16,West_exit,16,10
dl_671,21,East_exit,21,15
dl_671,22,West_exit,22,14
dl_671,24,East_exit,24,17
dl_671,25,West_exit,25,16
dl_671,26,West_exit,26,17
dl_672,9,,,
dl_672,8,West_exit,8,5
dl_672,7,East_exit,7,5
dl_672,5,East_exit,5,4
dl_672,9,East_exit,9,7
dl_672,10,West_exit,10,6
dl_672,12,East_exit,12,9
dl_672,13,West_exit,13,8
dl_672,15,East_exit,15,11
dl_672,16,West_exit,16,10
dl_672,17,West_exit,17,11
dl_673,19,,,
dl_673,8,West_exit,8,5
dl_673,12,East_exit,12,9
dl_673,13,West_exit,13,8
dl_673,15,East_exit,15,11
dl_673,16,West_exit,16,10
dl_673,17,West_exit,17,11
dl_673,18,East_exit,18,13
dl_673,19,West_exit,19,12
dl_673,20,West_exit,20,13
dl_673,23,West_exit,23,15
dl_673,21,East_exit,21,15
dl_673,22,West_exit,22,14
dl_673,24,West_exit,24,16
dl_673,25,West_exit,25,16
dl_673,7,East_exit,7,5
dl_673,9,East_exit,9,7
dl_673,10,West_exit,10,6
dl_673,3,West_exit,3,2
dl_673,4,East_exit,4,3
dl_673,2,East_exit,2,2
dl_674,17,,,
dl_674,8,West_exit,8,5
dl_674,12,East_exit,12,9
dl_674,13,West_exit,13,8
dl_674,15,East_exit,15,11
dl_674,16,West_exit,16,10
dl_674,17,West_exit,17,11
dl_674,18,East_exit,18,13
dl_674,19,West_exit,19,12
dl_674,20,West_exit,20,13
dl_674,21,East_exit,21,15
dl_674,22,West_exit,22,14
dl_674,23,West_exit,23,15
dl_674,7,East_exit,7,5
dl_674,9,East_exit,9,7
dl_674,10,West_exit,10,6
dl_674,3,West_exit,3,2
dl_674,4,East_exit,4,3
dl_674,2,East_exit,2,2
dl_675,21,,,
dl_675,8,West_exit,8,5
dl_675,12,East_exit,12,9
dl_675,13,West_exit,13,8
dl_675,15,East_exit,15,11
dl_675,16,West_exit,16,10
dl_675,17,West_exit,17,11
dl_675,18,East_exit,18,13
dl_675,19,West_exit,19,12
dl_675,20,West_exit,20,13
dl_675,26,West_exit,26,17
dl_675,21,East_exit,21,15
dl_675,22,West_exit,22,14
dl_675,24,East_exit,24,17
dl_675,25,West_exit,25,16
dl_675,27,West_exit,27,18
dl_675,28,West_exit,28,18
dl_675,7,East_exit,7,5
dl_675,9,East_exit,9,7
dl_675,10,West_exit,10,6
dl_675,3,West_exit,3,2
dl_675,4,East_exit,4,3
dl_675,2,East_exit,2,2
dl_676,19,,,
dl_676,8,West_exit,8,5
dl_676,12,East_exit,12,9
dl_676,13,West_exit,13,8
dl_676,15,East_exit,15,11
dl_676,16,West_exit,16,10
dl_676,17,West_exit,17,11
dl_676,18,East_exit,18,13
dl_676,19,West_exit,19,12
dl_676,20,West_exit,20,13
dl_676,21,East_exit,21,15
dl_676,22,West_exit,22,14
dl_676,24,East_exit,24,17
dl_676,25,West_exit,25,16
dl_676,26,West_exit,26,17
dl_676,7,East_exit,7,5
dl_676,9,East_exit,9,7
dl_676,10,West_exit,10,6
dl_676,3,West_exit,3,2
dl_676,4,East_exit,4,3
dl_676,2,East_exit,2,2
dl_677,14,,,
dl_677,8,West_exit,8,5
dl_677,12,East_exit,12,9
dl_677,13,West_exit,13,8
dl_677,15,East_exit,15,11
dl_677,16,West_exit,16,10
dl_677,17,West_exit,17,11
dl_677,18,East_exit,18,13
dl_677,19,West_exit,19,12
dl_677,20,West_exit,20,13
dl_677,7,East_exit,7,5
dl_677,9,East_exit,9,7
dl_677,10,West_exit,10,6
dl_677,3,West_exit,3,2
dl_677,4,East_exit,4,3
dl_677,2,East_exit,2,2
dl_678,21,,,
dl_678,8,West_exit,8,5
dl_678,12,East_exit,12,9
dl_678,13,West_exit,13,8
dl_678,15,East_exit,15,11
dl_678,16,West_exit,16,10
dl_678,17,West_exit,17,11
dl_678,21,East_exit,21,15
dl_678,22,West_exit,22,14
dl_678,23,West_exit,23,15
dl_678,18,East_exit,18,13
dl_678,19,West_exit,19,12
dl_678,26,West_exit,26,17
dl_678,24,East_exit,24,17
dl_678,25,West_exit,25,16
dl_678,27,West_exit,27,18
dl_678,28,West_exit,28,18
dl_678,7,East_exit,7,5
dl_678,9,East_exit,9,7
dl_678,10,West_exit,10,6
dl_678,3,West_exit,3,2
dl_678,4,East_exit,4,3
dl_678,2,East_exit,2,2
dl_679,19,,,
dl_679,8,West_exit,8,5
dl_679,12,East_exit,12,9
dl_679,13,West_exit,13,8
dl_679,15,East_exit,15,11
dl_679,16,West_exit,16,10
dl_679,17,West_exit,17,11
dl_679,21,East_exit,21,15
dl_679,22,West_exit,22,14
dl_679,23,West_exit,23,15
dl_679,18,East_exit,18,13
dl_679,19,West_exit,19,12
dl_679,24,East_exit,24,17
dl_679,25,West_exit,25,16
dl_679,26,West_exit,26,17
dl_679,7,East_exit,7,5
dl_679,9,East_exit,9,7
dl_679,10,West_exit,10,6
dl_679,3,West_exit,3,2
dl_679,4,East_exit,4,3
dl_679,2,East_exit,2,2
dl_680,20,,,
dl_680,8,West_exit,8,5
dl_680,17,West_exit,17,11
dl_680,12,East_exit,12,9
dl_680,13,West_exit,13,8
dl_680,15,East_exit,15,11
dl_680,16,West_exit,16,10
dl_680,21,East_exit,21,15
dl_680,22,West_exit,22,14
dl_680,23,West_exit,23,15
dl_680,18,East_exit,18,13
dl_680,19,West_exit,19,12
dl_680,24,East_exit,24,17
dl_680,25,West_exit,25,16
dl_680,7,East_exit,7,5
dl_680,9,East_exit,9,7
dl_680,10,West_exit,10,6
dl_680,3,West_exit,3,2
dl_680,4,East_exit,4,3
dl_680,2,East_exit,2,2
dl_680,27,West_exit,27,18
dl_680,28,West_exit,28,18
dl_681,18,,,
dl_681,8,West_exit,8,5
dl_681,12,East_exit,12,9
dl_681,13,West_exit,13,8
dl_681,15,East_exit,15,11
dl_681,16,West_exit,16,10
dl_681,17,West_exit,17,11
dl_681,23,West_exit,23,15
dl_681,21,East_exit,21,15
dl_681,22,West_exit,22,14
dl_681,24,West_exit,24,16
dl_681,25,West_exit,25,16
dl_681,18,East_exit,18,13
dl_681,19,West_exit,19,12
dl_681,7,East_exit,7,5
dl_681,9,East_exit,9,7
dl_681,10,West_exit,10,6
dl_681,3,West_exit,3,2
dl_681,4,East_exit,4,3
dl_681,2,East_exit,2,2
dl_682,16,,,
dl_682,8,West_exit,8,5
dl_682,12,East_exit,12,9
dl_682,13,West_exit,13,8
dl_682,15,East_exit,15,11
dl_682,16,West_exit,16,10
dl_682,17,West_exit,17,11
dl_682,21,East_exit,21,15
dl_682,22,West_exit,22,14
dl_682,23,West_exit,23,15
dl_682,18,East_exit,18,13
dl_682,19,West_exit,19,12
dl_682,7,East_exit,7,5
dl_682,9,East_exit,9,7
dl_682,10,West_exit,10,6
dl_682,3,West_exit,3,2
dl_682,4,East_exit,4,3
dl_682,2,East_exit,2,2
dl_683,20,,,
dl_683,8,West_exit,8,5
dl_683,17,West_exit,17,11
dl_683,12,East_exit,12,9
dl_683,13,West_exit,13,8
dl_683,15,East_exit,15,11
dl_683,16,West_exit,16,10
dl_683,26,West_exit,26,17
dl_683,18,East_exit,18,13
dl_683,19,West_exit,19,12
dl_683,21,East_exit,21,15
dl_683,22,West_exit,22,14
dl_683,24,East_exit,24,17
dl_683,25,West_exit,25,16
dl_683,27,West_exit,27,18
dl_683,28,West_exit,28,18
dl_683,7,East_exit,7,5
dl_683,9,East_exit,9,7
dl_683,10,West_exit,10,6
dl_683,3,West_exit,3,2
dl_683,4,East_exit,4,3
dl_683,2,East_exit,2,2
dl_684,18,,,
dl_684,8,West_exit,8,5
dl_684,17,West_exit,17,11
dl_684,12,East_exit,12,9
dl_684,13,West_exit,13,8
dl_684,15,East_exit,15,11
dl_684,16,West_exit,16,10
dl_684,18,East_exit,18,13
dl_684,19,West_exit,19,12
dl_684,21,East_exit,21,15
dl_684,22,West_exit,22,14
dl_684,24,East_exit,24,17
dl_684,25,West_exit,25,16
dl_684,26,West_exit,26,17
dl_684,7,East_exit,7,5
dl_684,9,East_exit,9,7
dl_684,10,West_exit,10,6
dl_684,3,West_exit,3,2
dl_684,4,East_exit,4,3
dl_684,2,East_exit,2,2
dl_685,11,,,
dl_685,8,West_exit,8,5
dl_685,7,East_exit,7,5
dl_685,9,East_exit,9,7
dl_685,10,West_exit,10,6
dl_685,3,West_exit,3,2
dl_685,4,East_exit,4,3
dl_685,2,East_exit,2,2
dl_685,12,East_exit,12,9
dl_685,13,West_exit,13,8
dl_685,15,East_exit,15,11
dl_685,16,West_exit,16,10
dl_685,17,West_exit,17,11
dl_686,19,,,
dl_686,8,West_exit,8,5
dl_686,12,East_exit,12,9
dl_686,13,West_exit,13,8
dl_686,15,East_exit,15,11
dl_686,16,West_exit,16,10
dl_686,17,West_exit,17,11
dl_686,18,East_exit,18,13
dl_686,19,West_exit,19,12
dl_686,20,West_exit,20,13
dl_686,23,West_exit,23,15
dl_686,21,East_exit,21,15
dl_686,22,West_exit,22,14
dl_686,24,West_exit,24,16
dl_686,25,West_exit,25,16
dl_686,5,West_exit,5,3
dl_686,4,East_exit,4,3
dl_686,2,East_exit,2,2
dl_686,7,East_exit,7,5
dl_686,9,East_exit,9,7
dl_686,10,West_exit,10,6
dl_687,17,,,
dl_687,8,West_exit,8,5
dl_687,12,East_exit,12,9
dl_687,13,West_exit,13,8
dl_687,15,East_exit,15,11
dl_687,16,West_exit,16,10
dl_687,17,West_exit,17,11
dl_687,18,East_exit,18,13
dl_687,19,West_exit,19,12
dl_687,20,West_exit,20,13
dl_687,21,East_exit,21,15
dl_687,22,West_exit,22,14
dl_687,23,West_exit,23,15
dl_687,5,West_exit,5,3
dl_687,4,East_exit,4,3
dl_687,2,East_exit,2,2
dl_687,7,East_exit,7,5
dl_687,9,East_exit,9,7
dl_687,10,West_exit,10,6
dl_688,21,,,
dl_688,8,West_exit,8,5
dl_688,20,West_exit,20,13
dl_688,26,West_exit,26,17
dl_688,24,East_exit,24,17
dl_688,25,West_exit,25,16
dl_688,27,West_exit,27,18
dl_688,28,West_exit,28,18
dl_688,17,West_exit,17,11
dl_688,18,East_exit,18,13
dl_688,19,West_exit,19,12
dl_688,12,East_exit,12,9
dl_688,13,West_exit,13,8
dl_688,15,East_exit,15,11
dl_688,16,West_exit,16,10
dl_688,21,East_exit,21,15
dl_688,22,West_exit,22,14
dl_688,5,West_exit,5,3
dl_688,4,East_exit,4,3
dl_688,2,East_exit,2,2
dl_688,7,East_exit,7,5
dl_688,9,East_exit,9,7
dl_688,10,West_exit,10,6
dl_689,19,,,
dl_689,8,West_exit,8,5
dl_689,20,West_exit,20,13
dl_689,24,East_exit,24,17
dl_689,25,West_exit,25,16
dl_689,26,West_exit,26,17
dl_689,17,West_exit,17,11
dl_689,18,East_exit,18,13
dl_689,19,West_exit,19,12
dl_689,12,East_exit,12,9
dl_689,13,West_exit,13,8
dl_689,15,East_exit,15,11
dl_689,16,West_exit,16,10
dl_689,21,East_exit,21,15
dl_689,22,West_exit,22,14
dl_689,5,West_exit,5,3
dl_689,4,East_exit,4,3
dl_689,2,East_exit,2,2
dl_689,7,East_exit,7,5
dl_689,9,East_exit,9,7
dl_689,10,West_exit,10,6
dl_690,14,,,
dl_690,8,West_exit,8,5
dl_690,17,West_exit,17,11
dl_690,18,East_exit,18,13
dl_690,19,West_exit,19,12
dl_690,20,West_exit,20,13
dl_690,12,East_exit,12,9
dl_690,13,West_exit,13,8
dl_690,15,East_exit,15,11
dl_690,16,West_exit,16,10
dl_690,5,West_exit,5,3
dl_690,4,East_exit,4,3
dl_690,2,East_exit,2,2
dl_690,7,East_exit,7,5
dl_690,9,East_exit,9,7
dl_690,10,West_exit,10,6
dl_691,21,,,
dl_691,8,West_exit,8,5
dl_691,17,West_exit,17,11
dl_691,26,West_exit,26,17
dl_691,21,East_exit,21,15
dl_691,22,West_exit,22,14
dl_691,23,West_exit,23,15
dl_691,24,East_exit,24,17
dl_691,25,West_exit,25,16
dl_691,27,West_exit,27,18
dl_691,28,West_exit,28,18
dl_691,12,East_exit,12,9
dl_691,13,West_exit,13,8
dl_691,15,East_exit,15,11
dl_691,16,West_exit,16,10
dl_691,18,East_exit,18,13
dl_691,19,West_exit,19,12
dl_691,5,West_exit,5,3
dl_691,4,East_exit,4,3
dl_691,2,East_exit,2,2
dl_691,7,East_exit,7,5
dl_691,9,East_exit,9,7
dl_691,10,West_exit,10,6
dl_692,19,,,
dl_692,8,West_exit,8,5
dl_692,17,West_exit,17,11
dl_692,21,East_exit,21,15
dl_692,22,West_exit,22,14
dl_692,23,West_exit,23,15
dl_692,24,East_exit,24,17
dl_692,25,West_exit,25,16
dl_692,26,West_exit,26,17
dl_692,12,East_exit,12,9
dl_692,13,West_exit,13,8
dl_692,15,East_exit,15,11
dl_692,16,West_exit,16,10
dl_692,18,East_exit,18,13
dl_692,19,West_exit,19,12
dl_692,5,West_exit,5,3
dl_692,4,East_exit,4,3
dl_692,2,East_exit,2,2
dl_692,7,East_exit,7,5
dl_692,9,East_exit,9,7
dl_692,10,West_exit,10,6
dl_693,20,,,
dl_693,8,West_exit,8,5
dl_693,17,West_exit,17,11
dl_693,12,East_exit,12,9
dl_693,13,West_exit,13,8
dl_693,15,East_exit,15,11
dl_693,16,West_exit,16,10
dl_693,21,East_exit,21,15
dl_693,22,West_exit,22,14
dl_693,23,West_exit,23,15
dl_693,18,East_exit,18,13
dl_693,19,West_exit,19,12
dl_693,5,West_exit,5,3
dl_693,4,East_exit,4,3
dl_693,2,East_exit,2,2
dl_693,7,East_exit,7,5
dl_693,9,East_exit,9,7
dl_693,10,West_exit,10,6
dl_693,24,East_exit,24,17
dl_693,25,West_exit,25,16
dl_693,27,West_exit,27,18
dl_693,28,West_exit,28,18
dl_694,18,,,
dl_694,8,West_exit,8,5
dl_694,17,West_exit,17,11
dl_694,23,West_exit,23,15
dl_694,12,East_exit,12,9
dl_694,13,West_exit,13,8
dl_694,15,East_exit,15,11
dl_694,16,West_exit,16,10
dl_694,21,East_exit,21,15
dl_694,22,West_exit,22,14
dl_694,24,West_exit,24,16
dl_694,25,West_exit,25,16
dl_694,18,East_exit,18,13
dl_694,19,West_exit,19,12
dl_694,5,West_exit,5,3
dl_694,4,East_exit,4,3
dl_694,2,East_exit,2,2
dl_694,7,East_exit,7,5
dl_694,9,East_exit,9,7
dl_694,10,West_exit,10,6
dl_695,16,,,
dl_695,8,West_exit,8,5
dl_695,17,West_exit,17,11
dl_695,12,East_exit,12,9
dl_695,13,West_exit,13,8
dl_695,15,East_exit,15,11
dl_695,16,West_exit,16,10
dl_695,21,East_exit,21,15
dl_695,22,West_exit,22,14
dl_695,23,West_exit,23,15
dl_695,18,East_exit,18,13
dl_695,19,West_exit,19,12
dl_695,5,West_exit,5,3
dl_695,4,East_exit,4,3
dl_695,2,East_exit,2,2
dl_695,7,East_exit,7,5
dl_695,9,East_exit,9,7
dl_695,10,West_exit,10,6
dl_696,20,,,
dl_696,8,West_exit,8,5
dl_696,12,East_exit,12,9
dl_696,13,West_exit,13,8
dl_696,15,East_exit,15,11
dl_696,16,West_exit,16,10
dl_696,17,West_exit,17,11
dl_696,26,West_exit,26,17
dl_696,18,East_exit,18,13
dl_696,19,West_exit,19,12
dl_696,21,East_exit,21,15
dl_696,22,West_exit,22,14
dl_696,24,East_exit,24,17
dl_696,25,West_exit,25,16
dl_696,27,West_exit,27,18
dl_696,28,West_exit,28,18
dl_696,5,West_exit,5,3
dl_696,4,East_exit,4,3
dl_696,2,East_exit,2,2
dl_696,7,East_exit,7,5
dl_696,9,East_exit,9,7
dl_696,10,West_exit,10,6
dl_697,18,,,
dl_697,8,West_exit,8,5
dl_697,12,East_exit,12,9
dl_697,13,West_exit,13,8
dl_697,15,East_exit,15,11
dl_697,16,West_exit,16,10
dl_697,17,West_exit,17,11
dl_697,18,East_exit,18,13
dl_697,19,West_exit,19,12
dl_697,21,East_exit,21,15
dl_697,22,West_exit,22,14
dl_697,24,East_exit,24,17
dl_697,25,West_exit,25,16
dl_697,26,West_exit,26,17
dl_697,5,West_exit,5,3
dl_697,4,East_exit,4,3
dl_697,2,East_exit,2,2
dl_697,7,East_exit,7,5
dl_697,9,East_exit,9,7
dl_697,10,West_exit,10,6
dl_698,11,,,
dl_698,8,West_exit,8,5
dl_698,5,West_exit,5,3
dl_698,4,East_exit,4,3
dl_698,2,East_exit,2,2
dl_698,7,East_exit,7,5
dl_698,9,East_exit,9,7
dl_698,10,West_exit,10,6
dl_698,12,East_exit,12,9
dl_698,13,West_exit,13,8
dl_698,15,East_exit,15,11
dl_698,16,West_exit,16,10
dl_698,17,West_exit,17,11
dl_699,15,,,
dl_699,6,West_exit,6,4
dl_699,7,East_exit,7,5
dl_699,5,East_exit,5,4
dl_699,3,East_exit,3,3
dl_699,4,East_exit,4,3
dl_699,9,East_exit,9,7
dl_699,10,West_exit,10,6
dl_699,12,East_exit,12,9
dl_699,13,West_exit,13,8
dl_699,20,West_exit,20,13
dl_699,18,East_exit,18,13
dl_699,19,West_exit,19,12
dl_699,21,West_exit,21,14
dl_699,22,West_exit,22,14
dl_699,15,East_exit,15,11
dl_699,16,West_exit,16,10
dl_700,13,,,
dl_700,6,West_exit,6,4
dl_700,7,East_exit,7,5
dl_700,5,East_exit,5,4
dl_700,3,East_exit,3,3
dl_700,4,East_exit,4,3
dl_700,9,East_exit,9,7
dl_700,10,West_exit,10,6
dl_700,12,East_exit,12,9
dl_700,13,West_exit,13,8
dl_700,18,East_exit,18,13
dl_700,19,West_exit,19,12
dl_700,20,West_exit,20,13
dl_700,15,East_exit,15,11
dl_700,16,West_exit,16,10
dl_701,13,,,
dl_701,6,West_exit,6,4
dl_701,7,East_exit,7,5
dl_701,5,East_exit,5,4
dl_701,9,East_exit,9,7
dl_701,10,West_exit,10,6
dl_701,12,East_exit,12,9
dl_701,13,West_exit,13,8
dl_701,20,West_exit,20,13
dl_701,18,East_exit,18,13
dl_701,19,West_exit,19,12
dl_701,21,West_exit,21,14
dl_701,22,West_exit,22,14
dl_701,15,East_exit,15,11
dl_701,16,West_exit,16,10
dl_702,11,,,
dl_702,6,West_exit,6,4
dl_702,7,East_exit,7,5
dl_702,5,East_exit,5,4
dl_702,9,East_exit,9,7
dl_702,10,West_exit,10,6
dl_702,12,East_exit,12,9
dl_702,13,West_exit,13,8
dl_702,18,East_exit,18,13
dl_702,19,West_exit,19,12
dl_702,20,West_exit,20,13
dl_702,15,East_exit,15,11
dl_702,16,West_exit,16,10
dl_703,15,,,
dl_703,9,East_exit,9,7
dl_703,10,West_exit,10,6
dl_703,6,West_exit,6,4
dl_703,7,East_exit,7,5
dl_703,3,West_exit,3,2
dl_703,4,East_exit,4,3
dl_703,2,East_exit,2,2
dl_703,12,East_exit,12,9
dl_703,13,West_exit,13,8
dl_703,15,East_exit,15,11
dl_703,16,West_exit,16,10
dl_703,18,East_exit,18,13
dl_703,19,West_exit,19,12
dl_703,20,West_exit,20,13
dl_703,21,West_exit,21,14
dl_703,22,West_exit,22,14
dl_704,13,,,
dl_704,9,East_exit,9,7
dl_704,10,West_exit,10,6
dl_704,6,West_exit,6,4
dl_704,7,East_exit,7,5
dl_704,3,West_exit,3,2
dl_704,4,East_exit,4,3
dl_704,2,East_exit,2,2
dl_704,12,East_exit,12,9
dl_704,13,West_exit,13,8
dl_704,15,East_exit,15,11
dl_704,16,West_exit,16,10
dl_704,18,East_exit,18,13
dl_704,19,West_exit,19,12
dl_704,20,West_exit,20,13
dl_705,15,,,
dl_705,8,West_exit,8,5
dl_705,7,East_exit,7,5
dl_705,5,East_exit,5,4
dl_705,9,East_exit,9,7
dl_705,10,West_exit,10,6
dl_705,12,East_exit,12,9
dl_705,13,West_exit,13,8
dl_705,20,West_exit,20,13
dl_705,18,East_exit,18,13
dl_705,19,West_exit,19,12
dl_705,21,West_exit,21,14
dl_705,22,West_exit,22,14
dl_705,15,East_exit,15,11
dl_705,16,West_exit,16,10
dl_705,3,East_exit,3,3
dl_705,4,East_exit,4,3
dl_706,11,,,
dl_706,8,West_exit,8,5
dl_706,7,East_exit,7,5
dl_706,5,East_exit,5,4
dl_706,12,East_exit,12,9
dl_706,13,West_exit,13,8
dl_706,9,East_exit,9,7
dl_706,10,West_exit,10,6
dl_706,15,East_exit,15,11
dl_706,16,West_exit,16,10
dl_706,18,East_exit,18,13
dl_706,19,West_exit,19,12
dl_706,20,West_exit,20,13
dl_707,15,,,
dl_707,8,West_exit,8,5
dl_707,12,East_exit,12,9
dl_707,13,West_exit,13,8
dl_707,15,East_exit,15,11
dl_707,16,West_exit,16,10
dl_707,18,East_exit,18,13
dl_707,19,West_exit,19,12
dl_707,20,West_exit,20,13
dl_707,21,West_exit,21,14
dl_707,22,West_exit,22,14
dl_707,7,East_exit,7,5
dl_707,9,East_exit,9,7
dl_707,10,West_exit,10,6
dl_707,3,West_exit,3,2
dl_707,4,East_exit,4,3
dl_707,2,East_exit,2,2
dl_708,13,,,
dl_708,8,West_exit,8,5
dl_708,12,East_exit,12,9
dl_708,13,West_exit,13,8
dl_708,15,East_exit,15,11
dl_708,16,West_exit,16,10
dl_708,18,East_exit,18,13
dl_708,19,West_exit,19,12
dl_708,20,West_exit,20,13
dl_708,7,East_exit,7,5
dl_708,9,East_exit,9,7
dl_708,10,West_exit,10,6
dl_708,3,West_exit,3,2
dl_708,4,East_exit,4,3
dl_708,2,East_exit,2,2
dl_709,17,,,
dl_709,23,West_exit,23,15
dl_709,6,West_exit,6,4
dl_709,7,East_exit,7,5
dl_709,5,East_exit,5,4
dl_709,9,East_exit,9,7
dl_709,10,West_exit,10,6
dl_709,3,East_exit,3,3
dl_709,4,East_exit,4,3
dl_709,12,East_exit,12,9
dl_709,13,West_exit,13,8
dl_709,15,East_exit,15,11
dl_709,16,West_exit,16,10
dl_709,18,East_exit,18,13
dl_709,19,West_exit,19,12
dl_709,21,East_exit,21,15
dl_709,22,West_exit,22,14
dl_709,24,West_exit,24,16
dl_709,25,West_exit,25,16
dl_710,15,,,
dl_710,23,West_exit,23,15
dl_710,6,West_exit,6,4
dl_710,7,East_exit,7,5
dl_710,5,East_exit,5,4
dl_710,9,East_exit,9,7
dl_710,10,West_exit,10,6
dl_710,12,East_exit,12,9
dl_710,13,West_exit,13,8
dl_710,15,East_exit,15,11
dl_710,16,West_exit,16,10
dl_710,18,East_exit,18,13
dl_710,19,West_exit,19,12
dl_710,21,East_exit,21,15
dl_710,22,West_exit,22,14
dl_710,24,West_exit,24,16
dl_710,25,West_exit,25,16
dl_711,15,,,
dl_711,6,West_exit,6,4
dl_711,7,East_exit,7,5
dl_711,5,East_exit,5,4
dl_711,9,East_exit,9,7
dl_711,10,West_exit,10,6
dl_711,3,East_exit,3,3
dl_711,4,East_exit,4,3
dl_711,12,East_exit,12,9
dl_711,13,West_exit,13,8
dl_711,15,East_exit,15,11
dl_711,16,West_exit,16,10
dl_711,18,East_exit,18,13
dl_711,19,West_exit,19,12
dl_711,21,East_exit,21,15
dl_711,22,West_exit,22,14
dl_711,23,West_exit,23,15
dl_712,13,,,
dl_712,6,West_exit,6,4
dl_712,7,East_exit,7,5
dl_712,5,East_exit,5,4
dl_712,9,East_exit,9,7
dl_712,10,West_exit,10,6
dl_712,12,East_exit,12,9
dl_712,13,West_exit,13,8
dl_712,15,East_exit,15,11
dl_712,16,West_exit,16,10
dl_712,18,East_exit,18,13
dl_712,19,West_exit,19,12
dl_712,21,East_exit,21,15
dl_712,22,West_exit,22,14
dl_712,23,West_exit,23,15
dl_713,17,,,
dl_713,23,West_exit,23,15
dl_713,9,East_exit,9,7
dl_713,10,West_exit,10,6
dl_713,12,East_exit,12,9
dl_713,13,West_exit,13,8
dl_713,6,West_exit,6,4
dl_713,7,East_exit,7,5
dl_713,3,West_exit,3,2
dl_713,4,East_exit,4,3
dl_713,2,East_exit,2,2
dl_713,15,East_exit,15,11
dl_713,16,West_exit,16,10
dl_713,21,East_exit,21,15
dl_713,22,West_exit,22,14
dl_713,24,West_exit,24,16
dl_713,25,West_exit,25,16
dl_713,18,East_exit,18,13
dl_713,19,West_exit,19,12
dl_714,15,,,
dl_714,9,East_exit,9,7
dl_714,10,West_exit,10,6
dl_714,12,East_exit,12,9
dl_714,13,West_exit,13,8
dl_714,6,West_exit,6,4
dl_714,7,East_exit,7,5
dl_714,3,West_exit,3,2
dl_714,4,East_exit,4,3
dl_714,2,East_exit,2,2
dl_714,15,East_exit,15,11
dl_714,16,West_exit,16,10
dl_714,21,East_exit,21,15
dl_714,22,West_exit,22,14
dl_714,23,West_exit,23,15
dl_714,18,East_exit,18,13
dl_714,19,West_exit,19,12
dl_715,17,,,
dl_715,5,East_exit,5,4
dl_715,23,West_exit,23,15
dl_715,8,West_exit,8,5
dl_715,7,East_exit,7,5
dl_715,12,East_exit,12,9
dl_715,13,West_exit,13,8
dl_715,9,East_exit,9,7
dl_715,10,West_exit,10,6
dl_715,15,East_exit,15,11
dl_715,16,West_exit,16,10
dl_715,18,East_exit,18,13
dl_715,19,West_exit,19,12
dl_715,21,East_exit,21,15
dl_715,22,West_exit,22,14
dl_715,24,West_exit,24,16
dl_715,25,West_exit,25,16
dl_715,3,East_exit,3,3
dl_715,4,East_exit,4,3
dl_716,15,,,
dl_716,23,West_exit,23,15
dl_716,8,West_exit,8,5
dl_716,7,East_exit,7,5
dl_716,5,East_exit,5,4
dl_716,12,East_exit,12,9
dl_716,13,West_exit,13,8
dl_716,9,East_exit,9,7
dl_716,10,West_exit,10,6
dl_716,15,East_exit,15,11
dl_716,16,West_exit,16,10
dl_716,18,East_exit,18,13
dl_716,19,West_exit,19,12
dl_716,21,East_exit,21,15
dl_716,22,West_exit,22,14
dl_716,24,West_exit,24,16
dl_716,25,West_exit,25,16
dl_717,13,,,
dl_717,8,West_exit,8,5
dl_717,7,East_exit,7,5
dl_717,5,East_exit,5,4
dl_717,9,East_exit,9,7
dl_717,10,West_exit,10,6
dl_717,12,East_exit,12,9
dl_717,13,West_exit,13,8
dl_717,15,East_exit,15,11
dl_717,16,West_exit,16,10
dl_717,18,East_exit,18,13
dl_717,19,West_exit,19,12
dl_717,21,East_exit,21,15
dl_717,22,West_exit,22,14
dl_717,23,West_exit,23,15
dl_718,17,,,
dl_718,23,West_exit,23,15
dl_718,12,East_exit,12,9
dl_718,13,West_exit,13,8
dl_718,8,West_exit,8,5
dl_718,7,East_exit,7,5
dl_718,9,East_exit,9,7
dl_718,10,West_exit,10,6
dl_718,3,West_exit,3,2
dl_718,4,East_exit,4,3
dl_718,2,East_exit,2,2
dl_718,15,East_exit,15,11
dl_718,16,West_exit,16,10
dl_718,21,East_exit,21,15
dl_718,22,West_exit,22,14
dl_718,24,West_exit,24,16
dl_718,25,West_exit,25,16
dl_718,18,East_exit,18,13
dl_718,19,West_exit,19,12
dl_719,15,,,
dl_719,12,East_exit,12,9
dl_719,13,West_exit,13,8
dl_719,8,West_exit,8,5
dl_719,7,East_exit,7,5
dl_719,9,East_exit,9,7
dl_719,10,West_exit,10,6
dl_719,3,West_exit,3,2
dl_719,4,East_exit,4,3
dl_719,2,East_exit,2,2
dl_719,15,East_exit,15,11
dl_719,16,West_exit,16,10
dl_719,18,East_exit,18,13
dl_719,19,West_exit,19,12
dl_719,21,East_exit,21,15
dl_719,22,West_exit,22,14
dl_719,23,West_exit,23,15
dl_720,15,,,
dl_720,9,East_exit,9,7
dl_720,10,West_exit,10,6
dl_720,8,East_exit,8,6
dl_720,12,East_exit,12,9
dl_720,13,West_exit,13,8
dl_720,15,East_exit,15,11
dl_720,16,West_exit,16,10
dl_720,18,East_exit,18,13
dl_720,19,West_exit,19,12
dl_720,26,West_exit,26,17
dl_720,24,East_exit,24,17
dl_720,25,West_exit,25,16
dl_720,27,West_exit,27,18
dl_720,28,West_exit,28,18
dl_720,21,East_exit,21,15
dl_720,22,West_exit,22,14
dl_721,13,,,
dl_721,9,East_exit,9,7
dl_721,10,West_exit,10,6
dl_721,8,East_exit,8,6
dl_721,12,East_exit,12,9
dl_721,13,West_exit,13,8
dl_721,15,East_exit,15,11
dl_721,16,West_exit,16,10
dl_721,18,East_exit,18,13
dl_721,19,West_exit,19,12
dl_721,24,East_exit,24,17
dl_721,25,West_exit,25,16
dl_721,26,West_exit,26,17
dl_721,21,East_exit,21,15
dl_721,22,West_exit,22,14
dl_722,19,,,
dl_722,5,East_exit,5,4
dl_722,6,West_exit,6,4
dl_722,7,East_exit,7,5
dl_722,3,East_exit,3,3
dl_722,4,East_exit,4,3
dl_722,12,East_exit,12,9
dl_722,13,West_exit,13,8
dl_722,9,East_exit,9,7
dl_722,10,West_exit,10,6
dl_722,15,East_exit,15,11
dl_722,16,West_exit,16,10
dl_722,18,East_exit,18,13
dl_722,19,West_exit,19,12
dl_722,26,West_exit,26,17
dl_722,24,East_exit,24,17
dl_722,25,West_exit,25,16
dl_722,27,West_exit,27,18
dl_722,28,West_exit,28,18
dl_722,21,East_exit,21,15
dl_722,22,West_exit,22,14
dl_723,17,,,
dl_723,6,West_exit,6,4
dl_723,7,East_exit,7,5
dl_723,5,East_exit,5,4
dl_723,12,East_exit,12,9
dl_723,13,West_exit,13,8
dl_723,9,East_exit,9,7
dl_723,10,West_exit,10,6
dl_723,15,East_exit,15,11
dl_723,16,West_exit,16,10
dl_723,18,East_exit,18,13
dl_723,19,West_exit,19,12
dl_723,26,West_exit,26,17
dl_723,24,East_exit,24,17
dl_723,25,West_exit,25,16
dl_723,27,West_exit,27,18
dl_723,28,West_exit,28,18
dl_723,21,East_exit,21,15
dl_723,22,West_exit,22,14
dl_724,17,,,
dl_724,5,East_exit,5,4
dl_724,6,West_exit,6,4
dl_724,7,East_exit,7,5
dl_724,3,East_exit,3,3
dl_724,4,East_exit,4,3
dl_724,12,East_exit,12,9
dl_724,13,West_exit,13,8
dl_724,9,East_exit,9,7
dl_724,10,West_exit,10,6
dl_724,15,East_exit,15,11
dl_724,16,West_exit,16,10
dl_724,18,East_exit,18,13
dl_724,19,West_exit,19,12
dl_724,24,East_exit,24,17
dl_724,25,West_exit,25,16
dl_724,26,West_exit,26,17
dl_724,21,East_exit,21,15
dl_724,22,West_exit,22,14
dl_725,15,,,
dl_725,6,West_exit,6,4
dl_725,7,East_exit,7,5
dl_725,5,East_exit,5,4
dl_725,12,East_exit,12,9
dl_725,13,West_exit,13,8
dl_725,9,East_exit,9,7
dl_725,10,West_exit,10,6
dl_725,15,East_exit,15,11
dl_725,16,West_exit,16,10
dl_725,18,East_exit,18,13
dl_725,19,West_exit,19,12
dl_725,24,East_exit,24,17
dl_725,25,West_exit,25,16
dl_725,26,West_exit,26,17
dl_725,21,East_exit,21,15
dl_725,22,West_exit,22,14
dl_726,19,,,
dl_726,9,East_exit,9,7
dl_726,10,West_exit,10,6
dl_726,12,East_exit,12,9
dl_726,13,West_exit,13,8
dl_726,15,East_exit,15,11
dl_726,16,West_exit,16,10
dl_726,6,West_exit,6,4
dl_726,7,East_exit,7,5
dl_726,3,West_exit,3,2
dl_726,4,East_exit,4,3
dl_726,2,East_exit,2,2
dl_726,18,East_exit,18,13
dl_726,19,West_exit,19,12
dl_726,26,West_exit,26,17
dl_726,24,East_exit,24,17
dl_726,25,West_exit,25,16
dl_726,27,West_exit,27,18
dl_726,28,West_exit,28,18
dl_726,21,East_exit,21,15
dl_726,22,West_exit,22,14
dl_727,17,,,
dl_727,9,East_exit,9,7
dl_727,10,West_exit,10,6
dl_727,12,East_exit,12,9
dl_727,13,West_exit,13,8
dl_727,15,East_exit,15,11
dl_727,16,West_exit,16,10
dl_727,6,West_exit,6,4
dl_727,7,East_exit,7,5
dl_727,3,West_exit,3,2
dl_727,4,East_exit,4,3
dl_727,2,East_exit,2,2
dl_727,18,East_exit,18,13
dl_727,19,West_exit,19,12
dl_727,24,East_exit,24,17
dl_727,25,West_exit,25,16
dl_727,26,West_exit,26,17
dl_727,21,East_exit,21,15
dl_727,22,West_exit,22,14
dl_728,19,,,
dl_728,8,West_exit,8,5
dl_728,7,East_exit,7,5
dl_728,5,East_exit,5,4
dl_728,9,East_exit,9,7
dl_728,10,West_exit,10,6
dl_728,12,East_exit,12,9
dl_728,13,West_exit,13,8
dl_728,15,East_exit,15,11
dl_728,16,West_exit,16,10
dl_728,26,West_exit,26,17
dl_728,18,East_exit,18,13
dl_728,19,West_exit,19,12
dl_728,21,East_exit,21,15
dl_728,22,West_exit,22,14
dl_728,24,East_exit,24,17
dl_728,25,West_exit,25,16
dl_728,27,West_exit,27,18
dl_728,28,West_exit,28,18
dl_728,3,East_exit,3,3
dl_728,4,East_exit,4,3
dl_729,17,,,
dl_729,8,West_exit,8,5
dl_729,7,East_exit,7,5
dl_729,5,East_exit,5,4
dl_729,9,East_exit,9,7
dl_729,10,West_exit,10,6
dl_729,12,East_exit,12,9
dl_729,13,West_exit,13,8
dl_729,15,East_exit,15,11
dl_729,16,West_exit,16,10
dl_729,26,West_exit,26,17
dl_729,18,East_exit,18,13
dl_729,19,West_exit,19,12
dl_729,21,East_exit,21,15
dl_729,22,West_exit,22,14
dl_729,24,East_exit,24,17
dl_729,25,West_exit,25,16
dl_729,27,West_exit,27,18
dl_729,28,West_exit,28,18
dl_730,15,,,
dl_730,8,West_exit,8,5
dl_730,7,East_exit,7,5
dl_730,5,East_exit,5,4
dl_730,12,East_exit,12,9
dl_730,13,West_exit,13,8
dl_730,9,East_exit,9,7
dl_730,10,West_exit,10,6
dl_730,15,East_exit,15,11
dl_730,16,West_exit,16,10
dl_730,18,East_exit,18,13
dl_730,19,West_exit,19,12
dl_730,21,East_exit,21,15
dl_730,22,West_exit,22,14
dl_730,24,East_exit,24,17
dl_730,25,West_exit,25,16
dl_730,26,West_exit,26,17
dl_731,19,,,
dl_731,8,West_exit,8,5
dl_731,7,East_exit,7,5
dl_731,9,East_exit,9,7
dl_731,10,West_exit,10,6
dl_731,3,West_exit,3,2
dl_731,4,East_exit,4,3
dl_731,2,East_exit,2,2
dl_731,12,East_exit,12,9
dl_731,13,West_exit,13,8
dl_731,15,East_exit,15,11
dl_731,16,West_exit,16,10
dl_731,26,West_exit,26,17
dl_731,18,East_exit,18,13
dl_731,19,West_exit,19,12
dl_731,21,East_exit,21,15
dl_731,22,West_exit,22,14
dl_731,24,East_exit,24,17
dl_731,25,West_exit,25,16
dl_731,27,West_exit,27,18
dl_731,28,West_exit,28,18
dl_732,17,,,
dl_732,8,West_exit,8,5
dl_732,7,East_exit,7,5
dl_732,9,East_exit,9,7
dl_732,10,West_exit,10,6
dl_732,3,West_exit,3,2
dl_732,4,East_exit,4,3
dl_732,2,East_exit,2,2
dl_732,12,East_exit,12,9
dl_732,13,West_exit,13,8
dl_732,15,East_exit,15,11
dl_732,16,West_exit,16,10
dl_732,18,East_exit,18,13
dl_732,19,West_exit,19,12
dl_732,21,East_exit,21,15
dl_732,22,West_exit,22,14
dl_732,24,East_exit,24,17
dl_732,25,West_exit,25,16
dl_732,26,West_exit,26,17
dl_733,7,,,
dl_733,11,West_exit,11,7
dl_733,12,East_exit,12,9
dl_733,13,West_exit,13,8
dl_733,14,West_exit,14,9
dl_733,9,East_exit,9,7
dl_733,5,East_exit,5,4
dl_733,6,West_exit,6,4
dl_733,7,East_exit,7,5
dl_734,9,,,
dl_734,11,West_exit,11,7
dl_734,12,East_exit,12,9
dl_734,13,West_exit,13,8
dl_734,14,West_exit,14,9
dl_734,9,East_exit,9,7
dl_734,6,West_exit,6,4
dl_734,7,East_exit,7,5
dl_734,3,West_exit,3,2
dl_734,4,East_exit,4,3
dl_734,2,East_exit,2,2
dl_735,13,,,
dl_735,5,East_exit,5,4
dl_735,11,West_exit,11,7
dl_735,17,West_exit,17,11
dl_735,15,East_exit,15,11
dl_735,16,West_exit,16,10
dl_735,18,West_exit,18,12
dl_735,19,West_exit,19,12
dl_735,12,East_exit,12,9
dl_735,13,West_exit,13,8
dl_735,9,East_exit,9,7
dl_735,6,West_exit,6,4
dl_735,7,East_exit,7,5
dl_735,3,East_exit,3,3
dl_735,4,East_exit,4,3
dl_736,11,,,
dl_736,11,West_exit,11,7
dl_736,17,West_exit,17,11
dl_736,15,East_exit,15,11
dl_736,16,West_exit,16,10
dl_736,18,West_exit,18,12
dl_736,19,West_exit,19,12
dl_736,12,East_exit,12,9
dl_736,13,West_exit,13,8
dl_736,9,East_exit,9,7
dl_736,6,West_exit,6,4
dl_736,7,East_exit,7,5
dl_736,5,East_exit,5,4
dl_737,9,,,
dl_737,11,West_exit,11,7
dl_737,15,East_exit,15,11
dl_737,16,West_exit,16,10
dl_737,17,West_exit,17,11
dl_737,12,East_exit,12,9
dl_737,13,West_exit,13,8
dl_737,9,East_exit,9,7
dl_737,5,East_exit,5,4
dl_737,6,West_exit,6,4
dl_737,7,East_exit,7,5
dl_738,13,,,
dl_738,11,West_exit,11,7
dl_738,12,East_exit,12,9
dl_738,13,West_exit,13,8
dl_738,9,East_exit,9,7
dl_738,15,East_exit,15,11
dl_738,16,West_exit,16,10
dl_738,17,West_exit,17,11
dl_738,18,West_exit,18,12
dl_738,19,West_exit,19,12
dl_738,6,West_exit,6,4
dl_738,7,East_exit,7,5
dl_738,3,West_exit,3,2
dl_738,4,East_exit,4,3
dl_738,2,East_exit,2,2
dl_739,11,,,
dl_739,11,West_exit,11,7
dl_739,12,East_exit,12,9
dl_739,13,West_exit,13,8
dl_739,9,East_exit,9,7
dl_739,15,East_exit,15,11
dl_739,16,West_exit,16,10
dl_739,17,West_exit,17,11
dl_739,6,West_exit,6,4
dl_739,7,East_exit,7,5
dl_739,3,West_exit,3,2
dl_739,4,East_exit,4,3
dl_739,2,East_exit,2,2
dl_740,7,,,
dl_740,8,West_exit,8,5
dl_740,7,East_exit,7,5
dl_740,5,East_exit,5,4
dl_740,11,West_exit,11,7
dl_740,12,East_exit,12,9
dl_740,13,West_exit,13,8
dl_740,14,West_exit,14,9
dl_740,9,East_exit,9,7
dl_741,9,,,
dl_741,8,West_exit,8,5
dl_741,7,East_exit,7,5
dl_741,11,West_exit,11,7
dl_741,12,East_exit,12,9
dl_741,13,West_exit,13,8
dl_741,14,West_exit,14,9
dl_741,9,East_exit,9,7
dl_741,3,West_exit,3,2
dl_741,4,East_exit,4,3
dl_741,2,East_exit,2,2
dl_742,11,,,
dl_742,17,West_exit,17,11
dl_742,11,West_exit,11,7
dl_742,8,West_exit,8,5
dl_742,7,East_exit,7,5
dl_742,5,East_exit,5,4
dl_742,12,East_exit,12,9
dl_742,13,West_exit,13,8
dl_742,9,East_exit,9,7
dl_742,15,East_exit,15,11
dl_742,16,West_exit,16,10
dl_742,18,West_exit,18,12
dl_742,19,West_exit,19,12
dl_743,9,,,
dl_743,11,West_exit,11,7
dl_743,15,East_exit,15,11
dl_743,16,West_exit,16,10
dl_743,17,West_exit,17,11
dl_743,9,East_exit,9,7
dl_743,8,West_exit,8,5
dl_743,7,East_exit,7,5
dl_743,5,East_exit,5,4
dl_743,12,East_exit,12,9
dl_743,13,West_exit,13,8
dl_744,13,,,
dl_744,11,West_exit,11,7
dl_744,17,West_exit,17,11
dl_744,15,East_exit,15,11
dl_744,16,West_exit,16,10
dl_744,18,West_exit,18,12
dl_744,19,West_exit,19,12
dl_744,8,West_exit,8,5
dl_744,9,East_exit,9,7
dl_744,7,East_exit,7,5
dl_744,3,West_exit,3,2
dl_744,4,East_exit,4,3
dl_744,2,East_exit,2,2
dl_744,12,East_exit,12,9
dl_744,13,West_exit,13,8
dl_745,11,,,
dl_745,11,West_exit,11,7
dl_745,15,East_exit,15,11
dl_745,16,West_exit,16,10
dl_745,17,West_exit,17,11
dl_745,8,West_exit,8,5
dl_745,9,East_exit,9,7
dl_745,7,East_exit,7,5
dl_745,3,West_exit,3,2
dl_745,4,East_exit,4,3
dl_745,2,East_exit,2,2
dl_745,12,East_exit,12,9
dl_745,13,West_exit,13,8
dl_746,15,,,
dl_746,5,East_exit,5,4
dl_746,11,West_exit,11,7
dl_746,12,East_exit,12,9
dl_746,13,West_exit,13,8
dl_746,9,East_exit,9,7
dl_746,6,West_exit,6,4
dl_746,7,East_exit,7,5
dl_746,20,West_exit,20,13
dl_746,18,East_exit,18,13
dl_746,19,West_exit,19,12
dl_746,21,West_exit,21,14
dl_746,22,West_exit,22,14
dl_746,15,East_exit,15,11
dl_746,16,West_exit,16,10
dl_746,3,East_exit,3,3
dl_746,4,East_exit,4,3
dl_747,11,,,
dl_747,11,West_exit,11,7
dl_747,12,East_exit,12,9
dl_747,13,West_exit,13,8
dl_747,9,East_exit,9,7
dl_747,5,East_exit,5,4
dl_747,6,West_exit,6,4
dl_747,7,East_exit,7,5
dl_747,15,East_exit,15,11
dl_747,16,West_exit,16,10
dl_747,18,East_exit,18,13
dl_747,19,West_exit,19,12
dl_747,20,West_exit,20,13
dl_748,15,,,
dl_748,11,West_exit,11,7
dl_748,12,East_exit,12,9
dl_748,13,West_exit,13,8
dl_748,9,East_exit,9,7
dl_748,15,East_exit,15,11
dl_748,16,West_exit,16,10
dl_748,18,East_exit,18,13
dl_748,19,West_exit,19,12
dl_748,20,West_exit,20,13
dl_748,21,West_exit,21,14
dl_748,22,West_exit,22,14
dl_748,6,West_exit,6,4
dl_748,7,East_exit,7,5
dl_748,3,West_exit,3,2
dl_748,4,East_exit,4,3
dl_748,2,East_exit,2,2
dl_749,13,,,
dl_749,11,West_exit,11,7
dl_749,12,East_exit,12,9
dl_749,13,West_exit,13,8
dl_749,9,East_exit,9,7
dl_749,15,East_exit,15,11
dl_749,16,West_exit,16,10
dl_749,18,East_exit,18,13
dl_749,19,West_exit,19,12
dl_749,20,West_exit,20,13
dl_749,6,West_exit,6,4
dl_749,7,East_exit,7,5
dl_749,3,West_exit,3,2
dl_749,4,East_exit,4,3
dl_749,2,East_exit,2,2
dl_750,15,,,
dl_750,5,East_exit,5,4
dl_750,11,West_exit,11,7
dl_750,8,West_exit,8,5
dl_750,7,East_exit,7,5
dl_750,12,East_exit,12,9
dl_750,13,West_exit,13,8
dl_750,9,East_exit,9,7
dl_750,20,West_exit,20,13
dl_750,18,East_exit,18,13
dl_750,19,West_exit,19,12
dl_750,21,West_exit,21,14
dl_750,22,West_exit,22,14
dl_750,15,East_exit,15,11
dl_750,16,West_exit,16,10
dl_750,3,East_exit,3,3
dl_750,4,East_exit,4,3
dl_751,11,,,
dl_751,11,West_exit,11,7
dl_751,8,West_exit,8,5
dl_751,7,East_exit,7,5
dl_751,5,East_exit,5,4
dl_751,12,East_exit,12,9
dl_751,13,West_exit,13,8
dl_751,9,East_exit,9,7
dl_751,18,East_exit,18,13
dl_751,19,West_exit,19,12
dl_751,20,West_exit,20,13
dl_751,15,East_exit,15,11
dl_751,16,West_exit,16,10
dl_752,15,,,
dl_752,11,West_exit,11,7
dl_752,8,West_exit,8,5
dl_752,7,East_exit,7,5
dl_752,12,East_exit,12,9
dl_752,13,West_exit,13,8
dl_752,9,East_exit,9,7
dl_752,3,West_exit,3,2
dl_752,4,East_exit,4,3
dl_752,2,East_exit,2,2
dl_752,20,West_exit,20,13
dl_752,18,East_exit,18,13
dl_752,19,West_exit,19,12
dl_752,21,West_exit,21,14
dl_752,22,West_exit,22,14
dl_752,15,East_exit,15,11
dl_752,16,West_exit,16,10
dl_753,13,,,
dl_753,11,West_exit,11,7
dl_753,8,West_exit,8,5
dl_753,7,East_exit,7,5
dl_753,12,East_exit,12,9
dl_753,13,West_exit,13,8
dl_753,9,East_exit,9,7
dl_753,3,West_exit,3,2
dl_753,4,East_exit,4,3
dl_753,2,East_exit,2,2
dl_753,18,East_exit,18,13
dl_753,19,West_exit,19,12
dl_753,20,West_exit,20,13
dl_753,15,East_exit,15,11
dl_753,16,West_exit,16,10
dl_754,17,,,
dl_754,5,East_exit,5,4
dl_754,23,West_exit,23,15
dl_754,11,West_exit,11,7
dl_754,12,East_exit,12,9
dl_754,13,West_exit,13,8
dl_754,9,East_exit,9,7
dl_754,6,West_exit,6,4
dl_754,7,East_exit,7,5
dl_754,15,East_exit,15,11
dl_754,16,West_exit,16,10
dl_754,18,East_exit,18,13
dl_754,19,West_exit,19,12
dl_754,21,East_exit,21,15
dl_754,22,West_exit,22,14
dl_754,24,West_exit,24,16
dl_754,25,West_exit,25,16
dl_754,3,East_exit,3,3
dl_754,4,East_exit,4,3
dl_755,15,,,
dl_755,23,West_exit,23,15
dl_755,11,West_exit,11,7
dl_755,12,East_exit,12,9
dl_755,13,West_exit,13,8
dl_755,9,East_exit,9,7
dl_755,5,East_exit,5,4
dl_755,6,West_exit,6,4
dl_755,7,East_exit,7,5
dl_755,15,East_exit,15,11
dl_755,16,West_exit,16,10
dl_755,18,East_exit,18,13
dl_755,19,West_exit,19,12
dl_755,21,East_exit,21,15
dl_755,22,West_exit,22,14
dl_755,24,West_exit,24,16
dl_755,25,West_exit,25,16
dl_756,13,,,
dl_756,11,West_exit,11,7
dl_756,15,East_exit,15,11
dl_756,16,West_exit,16,10
dl_756,12,East_exit,12,9
dl_756,13,West_exit,13,8
dl_756,9,East_exit,9,7
dl_756,5,East_exit,5,4
dl_756,6,West_exit,6,4
dl_756,7,East_exit,7,5
dl_756,18,East_exit,18,13
dl_756,19,West_exit,19,12
dl_756,21,East_exit,21,15
dl_756,22,West_exit,22,14
dl_756,23,West_exit,23,15
dl_757,17,,,
dl_757,23,West_exit,23,15
dl_757,11,West_exit,11,7
dl_757,12,East_exit,12,9
dl_757,13,West_exit,13,8
dl_757,9,East_exit,9,7
dl_757,15,East_exit,15,11
dl_757,16,West_exit,16,10
dl_757,21,East_exit,21,15
dl_757,22,West_exit,22,14
dl_757,24,West_exit,24,16
dl_757,25,West_exit,25,16
dl_757,18,East_exit,18,13
dl_757,19,West_exit,19,12
dl_757,6,West_exit,6,4
dl_757,7,East_exit,7,5
dl_757,3,West_exit,3,2
dl_757,4,East_exit,4,3
dl_757,2,East_exit,2,2
dl_758,15,,,
dl_758,11,West_exit,11,7
dl_758,12,East_exit,12,9
dl_758,13,West_exit,13,8
dl_758,9,East_exit,9,7
dl_758,15,East_exit,15,11
dl_758,16,West_exit,16,10
dl_758,21,East_exit,21,15
dl_758,22,West_exit,22,14
dl_758,23,West_exit,23,15
dl_758,18,East_exit,18,13
dl_758,19,West_exit,19,12
dl_758,6,West_exit,6,4
dl_758,7,East_exit,7,5
dl_758,3,West_exit,3,2
dl_758,4,East_exit,4,3
dl_758,2,East_exit,2,2
dl_759,17,,,
dl_759,5,East_exit,5,4
dl_759,23,West_exit,23,15
dl_759,11,West_exit,11,7
dl_759,8,West_exit,8,5
dl_759,7,East_exit,7,5
dl_759,12,East_exit,12,9
dl_759,13,West_exit,13,8
dl_759,9,East_exit,9,7
dl_759,15,East_exit,15,11
dl_759,16,West_exit,16,10
dl_759,18,East_exit,18,13
dl_759,19,West_exit,19,12
dl_759,21,East_exit,21,15
dl_759,22,West_exit,22,14
dl_759,24,West_exit,24,16
dl_759,25,West_exit,25,16
dl_759,3,East_exit,3,3
dl_759,4,East_exit,4,3
dl_760,15,,,
dl_760,23,West_exit,23,15
dl_760,11,West_exit,11,7
dl_760,8,West_exit,8,5
dl_760,7,East_exit,7,5
dl_760,5,East_exit,5,4
dl_760,12,East_exit,12,9
dl_760,13,West_exit,13,8
dl_760,9,East_exit,9,7
dl_760,15,East_exit,15,11
dl_760,16,West_exit,16,10
dl_760,18,East_exit,18,13
dl_760,19,West_exit,19,12
dl_760,21,East_exit,21,15
dl_760,22,West_exit,22,14
dl_760,24,West_exit,24,16
dl_760,25,West_exit,25,16
dl_761,13,,,
dl_761,11,West_exit,11,7
dl_761,15,East_exit,15,11
dl_761,16,West_exit,16,10
dl_761,21,East_exit,21,15
dl_761,22,West_exit,22,14
dl_761,23,West_exit,23,15
dl_761,18,East_exit,18,13
dl_761,19,West_exit,19,12
dl_761,8,West_exit,8,5
dl_761,7,East_exit,7,5
dl_761,5,East_exit,5,4
dl_761,12,East_exit,12,9
dl_761,13,West_exit,13,8
dl_761,9,East_exit,9,7
dl_762,17,,,
dl_762,23,West_exit,23,15
dl_762,11,West_exit,11,7
dl_762,8,West_exit,8,5
dl_762,7,East_exit,7,5
dl_762,12,East_exit,12,9
dl_762,13,West_exit,13,8
dl_762,9,East_exit,9,7
dl_762,15,East_exit,15,11
dl_762,16,West_exit,16,10
dl_762,18,East_exit,18,13
dl_762,19,West_exit,19,12
dl_762,21,East_exit,21,15
dl_762,22,West_exit,22,14
dl_762,24,West_exit,24,16
dl_762,25,West_exit,25,16
dl_762,3,West_exit,3,2
dl_762,4,East_exit,4,3
dl_762,2,East_exit,2,2
dl_763,15,,,
dl_763,11,West_exit,11,7
dl_763,8,West_exit,8,5
dl_763,15,East_exit,15,11
dl_763,16,West_exit,16,10
dl_763,21,East_exit,21,15
dl_763,22,West_exit,22,14
dl_763,23,West_exit,23,15
dl_763,18,East_exit,18,13
dl_763,19,West_exit,19,12
dl_763,7,East_exit,7,5
dl_763,12,East_exit,12,9
dl_763,13,West_exit,13,8
dl_763,9,East_exit,9,7
dl_763,3,West_exit,3,2
dl_763,4,East_exit,4,3
dl_763,2,East_exit,2,2
dl_764,15,,,
dl_764,11,West_exit,11,7
dl_764,12,East_exit,12,9
dl_764,13,West_exit,13,8
dl_764,9,East_exit,9,7
dl_764,8,East_exit,8,6
dl_764,15,East_exit,15,11
dl_764,16,West_exit,16,10
dl_764,18,East_exit,18,13
dl_764,19,West_exit,19,12
dl_764,26,West_exit,26,17
dl_764,24,East_exit,24,17
dl_764,25,West_exit,25,16
dl_764,27,West_exit,27,18
dl_764,28,West_exit,28,18
dl_764,21,East_exit,21,15
dl_764,22,West_exit,22,14
dl_765,13,,,
dl_765,11,West_exit,11,7
dl_765,12,East_exit,12,9
dl_765,13,West_exit,13,8
dl_765,9,East_exit,9,7
dl_765,8,East_exit,8,6
dl_765,15,East_exit,15,11
dl_765,16,West_exit,16,10
dl_765,18,East_exit,18,13
dl_765,19,West_exit,19,12
dl_765,24,East_exit,24,17
dl_765,25,West_exit,25,16
dl_765,26,West_exit,26,17
dl_765,21,East_exit,21,15
dl_765,22,West_exit,22,14
dl_766,19,,,
dl_766,5,East_exit,5,4
dl_766,11,West_exit,11,7
dl_766,15,East_exit,15,11
dl_766,16,West_exit,16,10
dl_766,12,East_exit,12,9
dl_766,13,West_exit,13,8
dl_766,9,East_exit,9,7
dl_766,6,West_exit,6,4
dl_766,7,East_exit,7,5
dl_766,18,East_exit,18,13
dl_766,19,West_exit,19,12
dl_766,26,West_exit,26,17
dl_766,24,East_exit,24,17
dl_766,25,West_exit,25,16
dl_766,27,West_exit,27,18
dl_766,28,West_exit,28,18
dl_766,21,East_exit,21,15
dl_766,22,West_exit,22,14
dl_766,3,East_exit,3,3
dl_766,4,East_exit,4,3
dl_767,17,,,
dl_767,11,West_exit,11,7
dl_767,15,East_exit,15,11
dl_767,16,West_exit,16,10
dl_767,12,East_exit,12,9
dl_767,13,West_exit,13,8
dl_767,9,East_exit,9,7
dl_767,5,East_exit,5,4
dl_767,6,West_exit,6,4
dl_767,7,East_exit,7,5
dl_767,18,East_exit,18,13
dl_767,19,West_exit,19,12
dl_767,26,West_exit,26,17
dl_767,24,East_exit,24,17
dl_767,25,West_exit,25,16
dl_767,27,West_exit,27,18
dl_767,28,West_exit,28,18
dl_767,21,East_exit,21,15
dl_767,22,West_exit,22,14
dl_768,15,,,
dl_768,11,West_exit,11,7
dl_768,12,East_exit,12,9
dl_768,13,West_exit,13,8
dl_768,9,East_exit,9,7
dl_768,5,East_exit,5,4
dl_768,6,West_exit,6,4
dl_768,7,East_exit,7,5
dl_768,15,East_exit,15,11
dl_768,16,West_exit,16,10
dl_768,18,East_exit,18,13
dl_768,19,West_exit,19,12
dl_768,21,East_exit,21,15
dl_768,22,West_exit,22,14
dl_768,24,East_exit,24,17
dl_768,25,West_exit,25,16
dl_768,26,West_exit,26,17
dl_769,19,,,
dl_769,11,West_exit,11,7
dl_769,12,East_exit,12,9
dl_769,13,West_exit,13,8
dl_769,9,East_exit,9,7
dl_769,15,East_exit,15,11
dl_769,16,West_exit,16,10
dl_769,6,West_exit,6,4
dl_769,7,East_exit,7,5
dl_769,3,West_exit,3,2
dl_769,4,East_exit,4,3
dl_769,2,East_exit,2,2
dl_769,18,East_exit,18,13
dl_769,19,West_exit,19,12
dl_769,26,West_exit,26,17
dl_769,24,East_exit,24,17
dl_769,25,West_exit,25,16
dl_769,27,West_exit,27,18
dl_769,28,West_exit,28,18
dl_769,21,East_exit,21,15
dl_769,22,West_exit,22,14
dl_770,17,,,
dl_770,11,West_exit,11,7
dl_770,12,East_exit,12,9
dl_770,13,West_exit,13,8
dl_770,9,East_exit,9,7
dl_770,15,East_exit,15,11
dl_770,16,West_exit,16,10
dl_770,6,West_exit,6,4
dl_770,7,East_exit,7,5
dl_770,3,West_exit,3,2
dl_770,4,East_exit,4,3
dl_770,2,East_exit,2,2
dl_770,18,East_exit,18,13
dl_770,19,West_exit,19,12
dl_770,24,East_exit,24,17
dl_770,25,West_exit,25,16
dl_770,26,West_exit,26,17
dl_770,21,East_exit,21,15
dl_770,22,West_exit,22,14
dl_771,19,,,
dl_771,5,East_exit,5,4
dl_771,11,West_exit,11,7
dl_771,15,East_exit,15,11
dl_771,16,West_exit,16,10
dl_771,9,East_exit,9,7
dl_771,8,West_exit,8,5
dl_771,7,East_exit,7,5
dl_771,12,East_exit,12,9
dl_771,13,West_exit,13,8
dl_771,26,West_exit,26,17
dl_771,18,East_exit,18,13
dl_771,19,West_exit,19,12
dl_771,21,East_exit,21,15
dl_771,22,West_exit,22,14
dl_771,24,East_exit,24,17
dl_771,25,West_exit,25,16
dl_771,27,West_exit,27,18
dl_771,28,West_exit,28,18
dl_771,3,East_exit,3,3
dl_771,4,East_exit,4,3
dl_772,17,,,
dl_772,11,West_exit,11,7
dl_772,15,East_exit,15,11
dl_772,16,West_exit,16,10
dl_772,9,East_exit,9,7
dl_772,8,West_exit,8,5
dl_772,7,East_exit,7,5
dl_772,5,East_exit,5,4
dl_772,12,East_exit,12,9
dl_772,13,West_exit,13,8
dl_772,26,West_exit,26,17
dl_772,18,East_exit,18,13
dl_772,19,West_exit,19,12
dl_772,21,East_exit,21,15
dl_772,22,West_exit,22,14
dl_772,24,East_exit,24,17
dl_772,25,West_exit,25,16
dl_772,27,West_exit,27,18
dl_772,28,West_exit,28,18
dl_773,15,,,
dl_773,8,West_exit,8,5
dl_773,7,East_exit,7,5
dl_773,5,East_exit,5,4
dl_773,11,West_exit,11,7
dl_773,12,East_exit,12,9
dl_773,13,West_exit,13,8
dl_773,9,East_exit,9,7
dl_773,15,East_exit,15,11
dl_773,16,West_exit,16,10
dl_773,18,East_exit,18,13
dl_773,19,West_exit,19,12
dl_773,24,East_exit,24,17
dl_773,25,West_exit,25,16
dl_773,26,West_exit,26,17
dl_773,21,East_exit,21,15
dl_773,22,West_exit,22,14
dl_774,19,,,
dl_774,11,West_exit,11,7
dl_774,15,East_exit,15,11
dl_774,16,West_exit,16,10
dl_774,8,West_exit,8,5
dl_774,9,East_exit,9,7
dl_774,7,East_exit,7,5
dl_774,3,West_exit,3,2
dl_774,4,East_exit,4,3
dl_774,2,East_exit,2,2
dl_774,12,East_exit,12,9
dl_774,13,West_exit,13,8
dl_774,26,West_exit,26,17
dl_774,18,East_exit,18,13
dl_774,19,West_exit,19,12
dl_774,21,East_exit,21,15
dl_774,22,West_exit,22,14
dl_774,24,East_exit,24,17
dl_774,25,West_exit,25,16
dl_774,27,West_exit,27,18
dl_774,28,West_exit,28,18
dl_775,17,,,
dl_775,8,West_exit,8,5
dl_775,7,East_exit,7,5
dl_775,11,West_exit,11,7
dl_775,12,East_exit,12,9
dl_775,13,West_exit,13,8
dl_775,9,East_exit,9,7
dl_775,3,West_exit,3,2
dl_775,4,East_exit,4,3
dl_775,2,East_exit,2,2
dl_775,15,East_exit,15,11
dl_775,16,West_exit,16,10
dl_775,18,East_exit,18,13
dl_775,19,West_exit,19,12
dl_775,24,East_exit,24,17
dl_775,25,West_exit,25,16
dl_775,26,West_exit,26,17
dl_775,21,East_exit,21,15
dl_775,22,West_exit,22,14
dl_776,12,,,
dl_776,5,West_exit,5,3
dl_776,6,East_exit,6,5
dl_776,7,West_exit,7,4
dl_776,4,East_exit,4,3
dl_776,2,East_exit,2,2
dl_776,9,East_exit,9,7
dl_776,10,West_exit,10,6
dl_776,15,East_exit,15,11
dl_776,16,West_exit,16,10
dl_776,12,East_exit,12,9
dl_776,13,West_exit,13,8
dl_776,18,West_exit,18,12
dl_776,19,West_exit,19,12
dl_777,12,,,
dl_777,8,West_exit,8,5
dl_777,9,East_exit,9,7
dl_777,10,West_exit,10,6
dl_777,6,East_exit,6,5
dl_777,5,West_exit,5,3
dl_777,4,East_exit,4,3
dl_777,2,East_exit,2,2
dl_777,15,East_exit,15,11
dl_777,16,West_exit,16,10
dl_777,12,East_exit,12,9
dl_777,13,West_exit,13,8
dl_777,18,West_exit,18,12
dl_777,19,West_exit,19,12
dl_778,12,,,
dl_778,5,West_exit,5,3
dl_778,11,West_exit,11,7
dl_778,15,East_exit,15,11
dl_778,16,West_exit,16,10
dl_778,12,East_exit,12,9
dl_778,13,West_exit,13,8
dl_778,9,East_exit,9,7
dl_778,6,East_exit,6,5
dl_778,7,West_exit,7,4
dl_778,4,East_exit,4,3
dl_778,2,East_exit,2,2
dl_778,18,West_exit,18,12
dl_778,19,West_exit,19,12
dl_779,12,,,
dl_779,11,West_exit,11,7
dl_779,15,East_exit,15,11
dl_779,16,West_exit,16,10
dl_779,9,East_exit,9,7
dl_779,8,West_exit,8,5
dl_779,6,East_exit,6,5
dl_779,5,West_exit,5,3
dl_779,4,East_exit,4,3
dl_779,2,East_exit,2,2
dl_779,12,East_exit,12,9
dl_779,13,West_exit,13,8
dl_779,18,West_exit,18,12
dl_779,19,West_exit,19,12
dl_780,6,,,
dl_780,12,East_exit,12,9
dl_780,14,West_exit,14,9
dl_780,11,East_exit,11,8
dl_780,15,East_exit,15,11
dl_780,16,West_exit,16,10
dl_780,18,West_exit,18,12
dl_780,19,West_exit,19,12
dl_781,8,,,
dl_781,9,East_exit,9,7
dl_781,10,West_exit,10,6
dl_781,8,East_exit,8,6
dl_781,12,East_exit,12,9
dl_781,14,West_exit,14,9
dl_781,15,East_exit,15,11
dl_781,16,West_exit,16,10
dl_781,18,West_exit,18,12
dl_781,19,West_exit,19,12
dl_782,10,,,
dl_782,6,East_exit,6,5
dl_782,7,West_exit,7,4
dl_782,5,East_exit,5,4
dl_782,12,East_exit,12,9
dl_782,14,West_exit,14,9
dl_782,15,East_exit,15,11
dl_782,16,West_exit,16,10
dl_782,9,East_exit,9,7
dl_782,10,West_exit,10,6
dl_782,18,West_exit,18,12
dl_782,19,West_exit,19,12
dl_783,12,,,
dl_783,6,East_exit,6,5
dl_783,7,West_exit,7,4
dl_783,12,East_exit,12,9
dl_783,14,West_exit,14,9
dl_783,15,East_exit,15,11
dl_783,16,West_exit,16,10
dl_783,9,East_exit,9,7
dl_783,10,West_exit,10,6
dl_783,3,West_exit,3,2
dl_783,4,East_exit,4,3
dl_783,2,East_exit,2,2
dl_783,18,West_exit,18,12
dl_783,19,West_exit,19,12
dl_784,10,,,
dl_784,8,West_exit,8,5
dl_784,12,East_exit,12,9
dl_784,14,West_exit,14,9
dl_784,15,East_exit,15,11
dl_784,16,West_exit,16,10
dl_784,6,East_exit,6,5
dl_784,5,East_exit,5,4
dl_784,9,East_exit,9,7
dl_784,10,West_exit,10,6
dl_784,18,West_exit,18,12
dl_784,19,West_exit,19,12
dl_785,12,,,
dl_785,8,West_exit,8,5
dl_785,12,East_exit,12,9
dl_785,14,West_exit,14,9
dl_785,15,East_exit,15,11
dl_785,16,West_exit,16,10
dl_785,6,East_exit,6,5
dl_785,9,East_exit,9,7
dl_785,10,West_exit,10,6
dl_785,3,West_exit,3,2
dl_785,4,East_exit,4,3
dl_785,2,East_exit,2,2
dl_785,18,West_exit,18,12
dl_785,19,West_exit,19,12
dl_786,8,,,
dl_786,9,East_exit,9,7
dl_786,11,West_exit,11,7
dl_786,8,East_exit,8,6
dl_786,12,East_exit,12,9
dl_786,14,West_exit,14,9
dl_786,15,East_exit,15,11
dl_786,16,West_exit,16,10
dl_786,18,West_exit,18,12
dl_786,19,West_exit,19,12
dl_787,10,,,
dl_787,6,East_exit,6,5
dl_787,7,West_exit,7,4
dl_787,5,East_exit,5,4
dl_787,9,East_exit,9,7
dl_787,11,West_exit,11,7
dl_787,12,East_exit,12,9
dl_787,14,West_exit,14,9
dl_787,15,East_exit,15,11
dl_787,16,West_exit,16,10
dl_787,18,West_exit,18,12
dl_787,19,West_exit,19,12
dl_788,12,,,
dl_788,3,West_exit,3,2
dl_788,4,East_exit,4,3
dl_788,2,East_exit,2,2
dl_788,9,East_exit,9,7
dl_788,6,East_exit,6,5
dl_788,7,West_exit,7,4
dl_788,12,East_exit,12,9
dl_788,14,West_exit,14,9
dl_788,15,East_exit,15,11
dl_788,16,West_exit,16,10
dl_788,11,West_exit,11,7
dl_788,18,West_exit,18,12
dl_788,19,West_exit,19,12
dl_789,10,,,
dl_789,9,East_exit,9,7
dl_789,8,West_exit,8,5
dl_789,12,East_exit,12,9
dl_789,14,West_exit,14,9
dl_789,15,East_exit,15,11
dl_789,16,West_exit,16,10
dl_789,6,East_exit,6,5
dl_789,5,East_exit,5,4
dl_789,11,West_exit,11,7
dl_789,18,West_exit,18,12
dl_789,19,West_exit,19,12
dl_790,12,,,
dl_790,9,East_exit,9,7
dl_790,8,West_exit,8,5
dl_790,12,East_exit,12,9
dl_790,14,West_exit,14,9
dl_790,15,East_exit,15,11
dl_790,16,West_exit,16,10
dl_790,6,East_exit,6,5
dl_790,3,West_exit,3,2
dl_790,4,East_exit,4,3
dl_790,2,East_exit,2,2
dl_790,11,West_exit,11,7
dl_790,18,West_exit,18,12
dl_790,19,West_exit,19,12
dl_791,12,,,
dl_791,5,West_exit,5,3
dl_791,6,East_exit,6,5
dl_791,7,West_exit,7,4
dl_791,4,East_exit,4,3
dl_791,2,East_exit,2,2
dl_791,12,East_exit,12,9
dl_791,14,West_exit,14,9
dl_791,15,East_exit,15,11
dl_791,16,West_exit,16,10
dl_791,9,East_exit,9,7
dl_791,10,West_exit,10,6
dl_791,18,West_exit,18,12
dl_791,19,West_exit,19,12
dl_792,12,,,
dl_792,8,West_exit,8,5
dl_792,12,East_exit,12,9
dl_792,14,West_exit,14,9
dl_792,15,East_exit,15,11
dl_792,16,West_exit,16,10
dl_792,5,West_exit,5,3
dl_792,4,East_exit,4,3
dl_792,2,East_exit,2,2
dl_792,6,East_exit,6,5
dl_792,9,East_exit,9,7
dl_792,10,West_exit,10,6
dl_792,18,West_exit,18,12
dl_792,19,West_exit,19,12
dl_793,12,,,
dl_793,5,West_exit,5,3
dl_793,9,East_exit,9,7
dl_793,11,West_exit,11,7
dl_793,12,East_exit,12,9
dl_793,14,West_exit,14,9
dl_793,15,East_exit,15,11
dl_793,16,West_exit,16,10
dl_793,6,East_exit,6,5
dl_793,7,West_exit,7,4
dl_793,4,East_exit,4,3
dl_793,2,East_exit,2,2
dl_793,18,West_exit,18,12
dl_793,19,West_exit,19,12
dl_794,12,,,
dl_794,5,West_exit,5,3
dl_794,4,East_exit,4,3
dl_794,2,East_exit,2,2
dl_794,9,East_exit,9,7
dl_794,8,West_exit,8,5
dl_794,12,East_exit,12,9
dl_794,14,West_exit,14,9
dl_794,15,East_exit,15,11
dl_794,16,West_exit,16,10
dl_794,6,East_exit,6,5
dl_794,11,West_exit,11,7
dl_794,18,West_exit,18,12
dl_794,19,West_exit,19,12
dl_795,5,,,
dl_795,15,East_exit,15,11
dl_795,16,West_exit,16,10
dl_795,14,East_exit,14,10
dl_795,18,West_exit,18,12
dl_795,19,East_exit,19,13
dl_795,20,West_exit,20,13
dl_796,7,,,
dl_796,11,East_exit,11,8
dl_796,12,East_exit,12,9
dl_796,13,West_exit,13,8
dl_796,18,West_exit,18,12
dl_796,19,East_exit,19,13
dl_796,20,West_exit,20,13
dl_796,15,East_exit,15,11
dl_796,16,West_exit,16,10
dl_797,9,,,
dl_797,9,East_exit,9,7
dl_797,10,West_exit,10,6
dl_797,8,East_exit,8,6
dl_797,12,East_exit,12,9
dl_797,13,West_exit,13,8
dl_797,18,West_exit,18,12
dl_797,19,East_exit,19,13
dl_797,20,West_exit,20,13
dl_797,15,East_exit,15,11
dl_797,16,West_exit,16,10
dl_798,11,,,
dl_798,6,East_exit,6,5
dl_798,7,West_exit,7,4
dl_798,5,East_exit,5,4
dl_798,9,East_exit,9,7
dl_798,10,West_exit,10,6
dl_798,12,East_exit,12,9
dl_798,13,West_exit,13,8
dl_798,18,West_exit,18,12
dl_798,19,East_exit,19,13
dl_798,20,West_exit,20,13
dl_798,15,East_exit,15,11
dl_798,16,West_exit,16,10
dl_799,13,,,
dl_799,6,East_exit,6,5
dl_799,7,West_exit,7,4
dl_799,9,East_exit,9,7
dl_799,10,West_exit,10,6
dl_799,3,West_exit,3,2
dl_799,4,East_exit,4,3
dl_799,2,East_exit,2,2
dl_799,12,East_exit,12,9
dl_799,13,West_exit,13,8
dl_799,18,West_exit,18,12
dl_799,19,East_exit,19,13
dl_799,20,West_exit,20,13
dl_799,15,East_exit,15,11
dl_799,16,West_exit,16,10
dl_800,11,,,
dl_800,8,West_exit,8,5
dl_800,9,East_exit,9,7
dl_800,10,West_exit,10,6
dl_800,6,East_exit,6,5
dl_800,5,East_exit,5,4
dl_800,12,East_exit,12,9
dl_800,13,West_exit,13,8
dl_800,18,West_exit,18,12
dl_800,19,East_exit,19,13
dl_800,20,West_exit,20,13
dl_800,15,East_exit,15,11
dl_800,16,West_exit,16,10
dl_801,13,,,
dl_801,8,West_exit,8,5
dl_801,9,East_exit,9,7
dl_801,10,West_exit,10,6
dl_801,6,East_exit,6,5
dl_801,3,West_exit,3,2
dl_801,4,East_exit,4,3
dl_801,2,East_exit,2,2
dl_801,12,East_exit,12,9
dl_801,13,West_exit,13,8
dl_801,18,West_exit,18,12
dl_801,19,East_exit,19,13
dl_801,20,West_exit,20,13
dl_801,15,East_exit,15,11
dl_801,16,West_exit,16,10
dl_802,9,,,
dl_802,11,West_exit,11,7
dl_802,12,East_exit,12,9
dl_802,13,West_exit,13,8
dl_802,9,East_exit,9,7
dl_802,8,East_exit,8,6
dl_802,18,West_exit,18,12
dl_802,19,East_exit,19,13
dl_802,20,West_exit,20,13
dl_802,15,East_exit,15,11
dl_802,16,West_exit,16,10
dl_803,11,,,
dl_803,5,East_exit,5,4
dl_803,6,East_exit,6,5
dl_803,7,West_exit,7,4
dl_803,11,West_exit,11,7
dl_803,12,East_exit,12,9
dl_803,13,West_exit,13,8
dl_803,9,East_exit,9,7
dl_803,18,West_exit,18,12
dl_803,19,East_exit,19,13
dl_803,20,West_exit,20,13
dl_803,15,East_exit,15,11
dl_803,16,West_exit,16,10
dl_804,13,,,
dl_804,11,West_exit,11,7
dl_804,12,East_exit,12,9
dl_804,13,West_exit,13,8
dl_804,9,East_exit,9,7
dl_804,6,East_exit,6,5
dl_804,7,West_exit,7,4
dl_804,3,West_exit,3,2
dl_804,4,East_exit,4,3
dl_804,2,East_exit,2,2
dl_804,18,West_exit,18,12
dl_804,19,East_exit,19,13
dl_804,20,West_exit,20,13
dl_804,15,East_exit,15,11
dl_804,16,West_exit,16,10
dl_805,11,,,
dl_805,11,West_exit,11,7
dl_805,6,East_exit,6,5
dl_805,8,West_exit,8,5
dl_805,12,East_exit,12,9
dl_805,13,West_exit,13,8
dl_805,9,East_exit,9,7
dl_805,5,East_exit,5,4
dl_805,18,West_exit,18,12
dl_805,19,East_exit,19,13
dl_805,20,West_exit,20,13
dl_805,15,East_exit,15,11
dl_805,16,West_exit,16,10
dl_806,13,,,
dl_806,11,West_exit,11,7
dl_806,6,East_exit,6,5
dl_806,8,West_exit,8,5
dl_806,12,East_exit,12,9
dl_806,13,West_exit,13,8
dl_806,9,East_exit,9,7
dl_806,3,West_exit,3,2
dl_806,4,East_exit,4,3
dl_806,2,East_exit,2,2
dl_806,18,West_exit,18,12
dl_806,19,East_exit,19,13
dl_806,20,West_exit,20,13
dl_806,15,East_exit,15,11
dl_806,16,West_exit,16,10
dl_807,7,,,
dl_807,14,West_exit,14,9
dl_807,18,West_exit,18,12
dl_807,19,East_exit,19,13
dl_807,20,West_exit,20,13
dl_807,12,East_exit,12,9
dl_807,11,East_exit,11,8
dl_807,15,East_exit,15,11
dl_807,16,West_exit,16,10
dl_808,9,,,
dl_808,14,West_exit,14,9
dl_808,18,West_exit,18,12
dl_808,19,East_exit,19,13
dl_808,20,West_exit,20,13
dl_808,9,East_exit,9,7
dl_808,10,West_exit,10,6
dl_808,8,East_exit,8,6
dl_808,12,East_exit,12,9
dl_808,15,East_exit,15,11
dl_808,16,West_exit,16,10
dl_809,11,,,
dl_809,6,East_exit,6,5
dl_809,7,West_exit,7,4
dl_809,5,East_exit,5,4
dl_809,14,West_exit,14,9
dl_809,18,West_exit,18,12
dl_809,19,East_exit,19,13
dl_809,20,West_exit,20,13
dl_809,12,East_exit,12,9
dl_809,15,East_exit,15,11
dl_809,16,West_exit,16,10
dl_809,9,East_exit,9,7
dl_809,10,West_exit,10,6
dl_810,13,,,
dl_810,6,East_exit,6,5
dl_810,7,West_exit,7,4
dl_810,3,West_exit,3,2
dl_810,4,East_exit,4,3
dl_810,2,East_exit,2,2
dl_810,14,West_exit,14,9
dl_810,18,West_exit,18,12
dl_810,19,East_exit,19,13
dl_810,20,West_exit,20,13
dl_810,12,East_exit,12,9
dl_810,15,East_exit,15,11
dl_810,16,West_exit,16,10
dl_810,9,East_exit,9,7
dl_810,10,West_exit,10,6
dl_811,11,,,
dl_811,8,West_exit,8,5
dl_811,14,West_exit,14,9
dl_811,18,West_exit,18,12
dl_811,19,East_exit,19,13
dl_811,20,West_exit,20,13
dl_811,12,East_exit,12,9
dl_811,15,East_exit,15,11
dl_811,16,West_exit,16,10
dl_811,9,East_exit,9,7
dl_811,10,West_exit,10,6
dl_811,6,East_exit,6,5
dl_811,5,East_exit,5,4
dl_812,13,,,
dl_812,8,West_exit,8,5
dl_812,14,West_exit,14,9
dl_812,18,West_exit,18,12
dl_812,19,East_exit,19,13
dl_812,20,West_exit,20,13
dl_812,12,East_exit,12,9
dl_812,15,East_exit,15,11
dl_812,16,West_exit,16,10
dl_812,9,East_exit,9,7
dl_812,10,West_exit,10,6
dl_812,6,East_exit,6,5
dl_812,3,West_exit,3,2
dl_812,4,East_exit,4,3
dl_812,2,East_exit,2,2
dl_813,9,,,
dl_813,14,West_exit,14,9
dl_813,18,West_exit,18,12
dl_813,19,East_exit,19,13
dl_813,20,West_exit,20,13
dl_813,9,East_exit,9,7
dl_813,11,West_exit,11,7
dl_813,12,East_exit,12,9
dl_813,8,East_exit,8,6
dl_813,15,East_exit,15,11
dl_813,16,West_exit,16,10
dl_814,11,,,
dl_814,14,West_exit,14,9
dl_814,18,West_exit,18,12
dl_814,19,East_exit,19,13
dl_814,20,West_exit,20,13
dl_814,11,West_exit,11,7
dl_814,9,East_exit,9,7
dl_814,6,East_exit,6,5
dl_814,7,West_exit,7,4
dl_814,5,East_exit,5,4
dl_814,12,East_exit,12,9
dl_814,15,East_exit,15,11
dl_814,16,West_exit,16,10
dl_815,13,,,
dl_815,3,West_exit,3,2
dl_815,4,East_exit,4,3
dl_815,2,East_exit,2,2
dl_815,14,West_exit,14,9
dl_815,18,West_exit,18,12
dl_815,19,East_exit,19,13
dl_815,20,West_exit,20,13
dl_815,9,East_exit,9,7
dl_815,11,West_exit,11,7
dl_815,12,East_exit,12,9
dl_815,15,East_exit,15,11
dl_815,16,West_exit,16,10
dl_815,6,East_exit,6,5
dl_815,7,West_exit,7,4
dl_816,11,,,
dl_816,14,West_exit,14,9
dl_816,18,West_exit,18,12
dl_816,19,East_exit,19,13
dl_816,20,West_exit,20,13
dl_816,6,East_exit,6,5
dl_816,8,West_exit,8,5
dl_816,12,East_exit,12,9
dl_816,11,West_exit,11,7
dl_816,9,East_exit,9,7
dl_816,5,East_exit,5,4
dl_816,15,East_exit,15,11
dl_816,16,West_exit,16,10
dl_817,13,,,
dl_817,14,West_exit,14,9
dl_817,18,West_exit,18,12
dl_817,19,East_exit,19,13
dl_817,20,West_exit,20,13
dl_817,12,East_exit,12,9
dl_817,11,West_exit,11,7
dl_817,6,East_exit,6,5
dl_817,8,West_exit,8,5
dl_817,9,East_exit,9,7
dl_817,3,West_exit,3,2
dl_817,4,East_exit,4,3
dl_817,2,East_exit,2,2
dl_817,15,East_exit,15,11
dl_817,16,West_exit,16,10
dl_818,13,,,
dl_818,5,West_exit,5,3
dl_818,6,East_exit,6,5
dl_818,7,West_exit,7,4
dl_818,4,East_exit,4,3
dl_818,2,East_exit,2,2
dl_818,9,East_exit,9,7
dl_818,10,West_exit,10,6
dl_818,12,East_exit,12,9
dl_818,13,West_exit,13,8
dl_818,18,West_exit,18,12
dl_818,19,East_exit,19,13
dl_818,20,West_exit,20,13
dl_818,15,East_exit,15,11
dl_818,16,West_exit,16,10
dl_819,13,,,
dl_819,8,West_exit,8,5
dl_819,9,East_exit,9,7
dl_819,10,West_exit,10,6
dl_819,6,East_exit,6,5
dl_819,5,West_exit,5,3
dl_819,4,East_exit,4,3
dl_819,2,East_exit,2,2
dl_819,12,East_exit,12,9
dl_819,13,West_exit,13,8
dl_819,18,West_exit,18,12
dl_819,19,East_exit,19,13
dl_819,20,West_exit,20,13
dl_819,15,East_exit,15,11
dl_819,16,West_exit,16,10
dl_820,13,,,
dl_820,5,West_exit,5,3
dl_820,11,West_exit,11,7
dl_820,12,East_exit,12,9
dl_820,13,West_exit,13,8
dl_820,9,East_exit,9,7
dl_820,4,East_exit,4,3
dl_820,2,East_exit,2,2
dl_820,6,East_exit,6,5
dl_820,7,West_exit,7,4
dl_820,18,West_exit,18,12
dl_820,19,East_exit,19,13
dl_820,20,West_exit,20,13
dl_820,15,East_exit,15,11
dl_820,16,West_exit,16,10
dl_821,13,,,
dl_821,11,West_exit,11,7
dl_821,5,West_exit,5,3
dl_821,4,East_exit,4,3
dl_821,2,East_exit,2,2
dl_821,6,East_exit,6,5
dl_821,8,West_exit,8,5
dl_821,12,East_exit,12,9
dl_821,13,West_exit,13,8
dl_821,9,East_exit,9,7
dl_821,18,West_exit,18,12
dl_821,19,East_exit,19,13
dl_821,20,West_exit,20,13
dl_821,15,East_exit,15,11
dl_821,16,West_exit,16,10
dl_822,13,,,
dl_822,5,West_exit,5,3
dl_822,6,East_exit,6,5
dl_822,7,West_exit,7,4
dl_822,4,East_exit,4,3
dl_822,2,East_exit,2,2
dl_822,14,West_exit,14,9
dl_822,18,West_exit,18,12
dl_822,19,East_exit,19,13
dl_822,20,West_exit,20,13
dl_822,12,East_exit,12,9
dl_822,15,East_exit,15,11
dl_822,16,West_exit,16,10
dl_822,9,East_exit,9,7
dl_822,10,West_exit,10,6
dl_823,13,,,
dl_823,8,West_exit,8,5
dl_823,14,West_exit,14,9
dl_823,18,West_exit,18,12
dl_823,19,East_exit,19,13
dl_823,20,West_exit,20,13
dl_823,12,East_exit,12,9
dl_823,15,East_exit,15,11
dl_823,16,West_exit,16,10
dl_823,9,East_exit,9,7
dl_823,10,West_exit,10,6
dl_823,6,East_exit,6,5
dl_823,5,West_exit,5,3
dl_823,4,East_exit,4,3
dl_823,2,East_exit,2,2
dl_824,13,,,
dl_824,5,West_exit,5,3
dl_824,14,West_exit,14,9
dl_824,18,West_exit,18,12
dl_824,19,East_exit,19,13
dl_824,20,West_exit,20,13
dl_824,9,East_exit,9,7
dl_824,11,West_exit,11,7
dl_824,12,East_exit,12,9
dl_824,15,East_exit,15,11
dl_824,16,West_exit,16,10
dl_824,6,East_exit,6,5
dl_824,7,West_exit,7,4
dl_824,4,East_exit,4,3
dl_824,2,East_exit,2,2
dl_825,13,,,
dl_825,14,West_exit,14,9
dl_825,18,West_exit,18,12
dl_825,19,East_exit,19,13
dl_825,20,West_exit,20,13
dl_825,8,West_exit,8,5
dl_825,6,East_exit,6,5
dl_825,5,West_exit,5,3
dl_825,9,East_exit,9,7
dl_825,11,West_exit,11,7
dl_825,12,East_exit,12,9
dl_825,15,East_exit,15,11
dl_825,16,West_exit,16,10
dl_825,4,East_exit,4,3
dl_825,2,East_exit,2,2
dl_826,4,,,
dl_826,18,West_exit,18,12
dl_826,19,East_exit,19,13
dl_826,17,East_exit,17,12
dl_826,21,West_exit,21,14
dl_826,22,West_exit,22,14
dl_827,6,,,
dl_827,15,East_exit,15,11
dl_827,16,West_exit,16,10
dl_827,14,East_exit,14,10
dl_827,18,West_exit,18,12
dl_827,19,East_exit,19,13
dl_827,21,West_exit,21,14
dl_827,22,West_exit,22,14
dl_828,8,,,
dl_828,11,East_exit,11,8
dl_828,12,East_exit,12,9
dl_828,13,West_exit,13,8
dl_828,18,West_exit,18,12
dl_828,19,East_exit,19,13
dl_828,15,East_exit,15,11
dl_828,16,West_exit,16,10
dl_828,21,West_exit,21,14
dl_828,22,West_exit,22,14
dl_829,10,,,
dl_829,9,East_exit,9,7
dl_829,10,West_exit,10,6
dl_829,8,East_exit,8,6
dl_829,12,East_exit,12,9
dl_829,13,West_exit,13,8
dl_829,18,West_exit,18,12
dl_829,19,East_exit,19,13
dl_829,15,East_exit,15,11
dl_829,16,West_exit,16,10
dl_829,21,West_exit,21,14
dl_829,22,West_exit,22,14
dl_830,12,,,
dl_830,6,East_exit,6,5
dl_830,7,West_exit,7,4
dl_830,5,East_exit,5,4
dl_830,9,East_exit,9,7
dl_830,10,West_exit,10,6
dl_830,12,East_exit,12,9
dl_830,13,West_exit,13,8
dl_830,18,West_exit,18,12
dl_830,19,East_exit,19,13
dl_830,15,East_exit,15,11
dl_830,16,West_exit,16,10
dl_830,21,West_exit,21,14
dl_830,22,West_exit,22,14
dl_831,14,,,
dl_831,6,East_exit,6,5
dl_831,7,West_exit,7,4
dl_831,9,East_exit,9,7
dl_831,10,West_exit,10,6
dl_831,3,West_exit,3,2
dl_831,4,East_exit,4,3
dl_831,2,East_exit,2,2
dl_831,12,East_exit,12,9
dl_831,13,West_exit,13,8
dl_831,18,West_exit,18,12
dl_831,19,East_exit,19,13
dl_831,15,East_exit,15,11
dl_831,16,West_exit,16,10
dl_831,21,West_exit,21,14
dl_831,22,West_exit,22,14
dl_832,12,,,
dl_832,8,West_exit,8,5
dl_832,9,East_exit,9,7
dl_832,10,West_exit,10,6
dl_832,6,East_exit,6,5
dl_832,5,East_exit,5,4
dl_832,12,East_exit,12,9
dl_832,13,West_exit,13,8
dl_832,18,West_exit,18,12
dl_832,19,East_exit,19,13
dl_832,15,East_exit,15,11
dl_832,16,West_exit,16,10
dl_832,21,West_exit,21,14
dl_832,22,West_exit,22,14
dl_833,14,,,
dl_833,8,West_exit,8,5
dl_833,9,East_exit,9,7
dl_833,10,West_exit,10,6
dl_833,6,East_exit,6,5
dl_833,3,West_exit,3,2
dl_833,4,East_exit,4,3
dl_833,2,East_exit,2,2
dl_833,12,East_exit,12,9
dl_833,13,West_exit,13,8
dl_833,18,West_exit,18,12
dl_833,19,East_exit,19,13
dl_833,15,East_exit,15,11
dl_833,16,West_exit,16,10
dl_833,21,West_exit,21,14
dl_833,22,West_exit,22,14
dl_834,10,,,
dl_834,11,West_exit,11,7
dl_834,12,East_exit,12,9
dl_834,13,West_exit,13,8
dl_834,9,East_exit,9,7
dl_834,8,East_exit,8,6
dl_834,18,West_exit,18,12
dl_834,19,East_exit,19,13
dl_834,15,East_exit,15,11
dl_834,16,West_exit,16,10
dl_834,21,West_exit,21,14
dl_834,22,West_exit,22,14
dl_835,12,,,
dl_835,5,East_exit,5,4
dl_835,6,East_exit,6,5
dl_835,7,West_exit,7,4
dl_835,11,West_exit,11,7
dl_835,12,East_exit,12,9
dl_835,13,West_exit,13,8
dl_835,9,East_exit,9,7
dl_835,18,West_exit,18,12
dl_835,19,East_exit,19,13
dl_835,15,East_exit,15,11
dl_835,16,West_exit,16,10
dl_835,21,West_exit,21,14
dl_835,22,West_exit,22,14
dl_836,14,,,
dl_836,11,West_exit,11,7
dl_836,12,East_exit,12,9
dl_836,13,West_exit,13,8
dl_836,9,East_exit,9,7
dl_836,6,East_exit,6,5
dl_836,7,West_exit,7,4
dl_836,3,West_exit,3,2
dl_836,4,East_exit,4,3
dl_836,2,East_exit,2,2
dl_836,18,West_exit,18,12
dl_836,19,East_exit,19,13
dl_836,15,East_exit,15,11
dl_836,16,West_exit,16,10
dl_836,21,West_exit,21,14
dl_836,22,West_exit,22,14
dl_837,12,,,
dl_837,11,West_exit,11,7
dl_837,6,East_exit,6,5
dl_837,8,West_exit,8,5
dl_837,12,East_exit,12,9
dl_837,13,West_exit,13,8
dl_837,9,East_exit,9,7
dl_837,5,East_exit,5,4
dl_837,18,West_exit,18,12
dl_837,19,East_exit,19,13
dl_837,15,East_exit,15,11
dl_837,16,West_exit,16,10
dl_837,21,West_exit,21,14
dl_837,22,West_exit,22,14
dl_838,14,,,
dl_838,11,West_exit,11,7
dl_838,6,East_exit,6,5
dl_838,8,West_exit,8,5
dl_838,12,East_exit,12,9
dl_838,13,West_exit,13,8
dl_838,9,East_exit,9,7
dl_838,3,West_exit,3,2
dl_838,4,East_exit,4,3
dl_838,2,East_exit,2,2
dl_838,18,West_exit,18,12
dl_838,19,East_exit,19,13
dl_838,15,East_exit,15,11
dl_838,16,West_exit,16,10
dl_838,21,West_exit,21,14
dl_838,22,West_exit,22,14
dl_839,8,,,
dl_839,14,West_exit,14,9
dl_839,18,West_exit,18,12
dl_839,19,East_exit,19,13
dl_839,12,East_exit,12,9
dl_839,11,East_exit,11,8
dl_839,15,East_exit,15,11
dl_839,16,West_exit,16,10
dl_839,21,West_exit,21,14
dl_839,22,West_exit,22,14
dl_840,10,,,
dl_840,14,West_exit,14,9
dl_840,18,West_exit,18,12
dl_840,19,East_exit,19,13
dl_840,9,East_exit,9,7
dl_840,10,West_exit,10,6
dl_840,8,East_exit,8,6
dl_840,12,East_exit,12,9
dl_840,15,East_exit,15,11
dl_840,16,West_exit,16,10
dl_840,21,West_exit,21,14
dl_840,22,West_exit,22,14
dl_841,12,,,
dl_841,6,East_exit,6,5
dl_841,7,West_exit,7,4
dl_841,5,East_exit,5,4
dl_841,14,West_exit,14,9
dl_841,18,West_exit,18,12
dl_841,19,East_exit,19,13
dl_841,12,East_exit,12,9
dl_841,15,East_exit,15,11
dl_841,16,West_exit,16,10
dl_841,9,East_exit,9,7
dl_841,10,West_exit,10,6
dl_841,21,West_exit,21,14
dl_841,22,West_exit,22,14
dl_842,14,,,
dl_842,6,East_exit,6,5
dl_842,7,West_exit,7,4
dl_842,3,West_exit,3,2
dl_842,4,East_exit,4,3
dl_842,2,East_exit,2,2
dl_842,14,West_exit,14,9
dl_842,18,West_exit,18,12
dl_842,19,East_exit,19,13
dl_842,12,East_exit,12,9
dl_842,15,East_exit,15,11
dl_842,16,West_exit,16,10
dl_842,21,West_exit,21,14
dl_842,22,West_exit,22,14
dl_842,9,East_exit,9,7
dl_842,10,West_exit,10,6
dl_843,12,,,
dl_843,8,West_exit,8,5
dl_843,14,West_exit,14,9
dl_843,18,West_exit,18,12
dl_843,19,East_exit,19,13
dl_843,12,East_exit,12,9
dl_843,15,East_exit,15,11
dl_843,16,West_exit,16,10
dl_843,9,East_exit,9,7
dl_843,10,West_exit,10,6
dl_843,6,East_exit,6,5
dl_843,5,East_exit,5,4
dl_843,21,West_exit,21,14
dl_843,22,West_exit,22,14
dl_844,14,,,
dl_844,8,West_exit,8,5
dl_844,14,West_exit,14,9
dl_844,18,West_exit,18,12
dl_844,19,East_exit,19,13
dl_844,12,East_exit,12,9
dl_844,15,East_exit,15,11
dl_844,16,West_exit,16,10
dl_844,9,East_exit,9,7
dl_844,10,West_exit,10,6
dl_844,6,East_exit,6,5
dl_844,3,West_exit,3,2
dl_844,4,East_exit,4,3
dl_844,2,East_exit,2,2
dl_844,21,West_exit,21,14
dl_844,22,West_exit,22,14
dl_845,10,,,
dl_845,14,West_exit,14,9
dl_845,18,West_exit,18,12
dl_845,19,East_exit,19,13
dl_845,9,East_exit,9,7
dl_845,11,West_exit,11,7
dl_845,12,East_exit,12,9
dl_845,8,East_exit,8,6
dl_845,15,East_exit,15,11
dl_845,16,West_exit,16,10
dl_845,21,West_exit,21,14
dl_845,22,West_exit,22,14
dl_846,12,,,
dl_846,14,West_exit,14,9
dl_846,18,West_exit,18,12
dl_846,19,East_exit,19,13
dl_846,11,West_exit,11,7
dl_846,9,East_exit,9,7
dl_846,6,East_exit,6,5
dl_846,7,West_exit,7,4
dl_846,5,East_exit,5,4
dl_846,12,East_exit,12,9
dl_846,15,East_exit,15,11
dl_846,16,West_exit,16,10
dl_846,21,West_exit,21,14
dl_846,22,West_exit,22,14
dl_847,14,,,
dl_847,14,West_exit,14,9
dl_847,3,West_exit,3,2
dl_847,4,East_exit,4,3
dl_847,2,East_exit,2,2
dl_847,18,West_exit,18,12
dl_847,19,East_exit,19,13
dl_847,9,East_exit,9,7
dl_847,11,West_exit,11,7
dl_847,12,East_exit,12,9
dl_847,15,East_exit,15,11
dl_847,16,West_exit,16,10
dl_847,6,East_exit,6,5
dl_847,7,West_exit,7,4
dl_847,21,West_exit,21,14
dl_847,22,West_exit,22,14
dl_848,12,,,
dl_848,14,West_exit,14,9
dl_848,6,East_exit,6,5
dl_848,8,West_exit,8,5
dl_848,18,West_exit,18,12
dl_848,19,East_exit,19,13
dl_848,12,East_exit,12,9
dl_848,11,West_exit,11,7
dl_848,9,East_exit,9,7
dl_848,5,East_exit,5,4
dl_848,15,East_exit,15,11
dl_848,16,West_exit,16,10
dl_848,21,West_exit,21,14
dl_848,22,West_exit,22,14
dl_849,14,,,
dl_849,14,West_exit,14,9
dl_849,18,West_exit,18,12
dl_849,19,East_exit,19,13
dl_849,12,East_exit,12,9
dl_849,11,West_exit,11,7
dl_849,6,East_exit,6,5
dl_849,8,West_exit,8,5
dl_849,9,East_exit,9,7
dl_849,3,West_exit,3,2
dl_849,4,East_exit,4,3
dl_849,2,East_exit,2,2
dl_849,15,East_exit,15,11
dl_849,16,West_exit,16,10
dl_849,21,West_exit,21,14
dl_849,22,West_exit,22,14
dl_850,14,,,
dl_850,5,West_exit,5,3
dl_850,6,East_exit,6,5
dl_850,7,West_exit,7,4
dl_850,4,East_exit,4,3
dl_850,2,East_exit,2,2
dl_850,9,East_exit,9,7
dl_850,10,West_exit,10,6
dl_850,12,East_exit,12,9
dl_850,13,West_exit,13,8
dl_850,18,West_exit,18,12
dl_850,19,East_exit,19,13
dl_850,15,East_exit,15,11
dl_850,16,West_exit,16,10
dl_850,21,West_exit,21,14
dl_850,22,West_exit,22,14
dl_851,14,,,
dl_851,8,West_exit,8,5
dl_851,9,East_exit,9,7
dl_851,10,West_exit,10,6
dl_851,6,East_exit,6,5
dl_851,5,West_exit,5,3
dl_851,4,East_exit,4,3
dl_851,2,East_exit,2,2
dl_851,12,East_exit,12,9
dl_851,13,West_exit,13,8
dl_851,18,West_exit,18,12
dl_851,19,East_exit,19,13
dl_851,15,East_exit,15,11
dl_851,16,West_exit,16,10
dl_851,21,West_exit,21,14
dl_851,22,West_exit,22,14
dl_852,14,,,
dl_852,5,West_exit,5,3
dl_852,11,West_exit,11,7
dl_852,12,East_exit,12,9
dl_852,13,West_exit,13,8
dl_852,9,East_exit,9,7
dl_852,4,East_exit,4,3
dl_852,2,East_exit,2,2
dl_852,6,East_exit,6,5
dl_852,7,West_exit,7,4
dl_852,18,West_exit,18,12
dl_852,19,East_exit,19,13
dl_852,15,East_exit,15,11
dl_852,16,West_exit,16,10
dl_852,21,West_exit,21,14
dl_852,22,West_exit,22,14
dl_853,14,,,
dl_853,11,West_exit,11,7
dl_853,5,West_exit,5,3
dl_853,4,East_exit,4,3
dl_853,2,East_exit,2,2
dl_853,6,East_exit,6,5
dl_853,8,West_exit,8,5
dl_853,12,East_exit,12,9
dl_853,13,West_exit,13,8
dl_853,9,East_exit,9,7
dl_853,18,West_exit,18,12
dl_853,19,East_exit,19,13
dl_853,15,East_exit,15,11
dl_853,16,West_exit,16,10
dl_853,21,West_exit,21,14
dl_853,22,West_exit,22,14
dl_854,14,,,
dl_854,5,West_exit,5,3
dl_854,6,East_exit,6,5
dl_854,7,West_exit,7,4
dl_854,4,East_exit,4,3
dl_854,2,East_exit,2,2
dl_854,14,West_exit,14,9
dl_854,18,West_exit,18,12
dl_854,19,East_exit,19,13
dl_854,12,East_exit,12,9
dl_854,15,East_exit,15,11
dl_854,16,West_exit,16,10
dl_854,9,East_exit,9,7
dl_854,10,West_exit,10,6
dl_854,21,West_exit,21,14
dl_854,22,West_exit,22,14
dl_855,14,,,
dl_855,8,West_exit,8,5
dl_855,14,West_exit,14,9
dl_855,18,West_exit,18,12
dl_855,19,East_exit,19,13
dl_855,12,East_exit,12,9
dl_855,15,East_exit,15,11
dl_855,16,West_exit,16,10
dl_855,9,East_exit,9,7
dl_855,10,West_exit,10,6
dl_855,6,East_exit,6,5
dl_855,5,West_exit,5,3
dl_855,4,East_exit,4,3
dl_855,2,East_exit,2,2
dl_855,21,West_exit,21,14
dl_855,22,West_exit,22,14
dl_856,14,,,
dl_856,5,West_exit,5,3
dl_856,14,West_exit,14,9
dl_856,18,West_exit,18,12
dl_856,19,East_exit,19,13
dl_856,9,East_exit,9,7
dl_856,11,West_exit,11,7
dl_856,12,East_exit,12,9
dl_856,15,East_exit,15,11
dl_856,16,West_exit,16,10
dl_856,6,East_exit,6,5
dl_856,7,West_exit,7,4
dl_856,4,East_exit,4,3
dl_856,2,East_exit,2,2
dl_856,21,West_exit,21,14
dl_856,22,West_exit,22,14
dl_857,14,,,
dl_857,14,West_exit,14,9
dl_857,18,West_exit,18,12
dl_857,19,East_exit,19,13
dl_857,8,West_exit,8,5
dl_857,6,East_exit,6,5
dl_857,5,West_exit,5,3
dl_857,9,East_exit,9,7
dl_857,11,West_exit,11,7
dl_857,12,East_exit,12,9
dl_857,15,East_exit,15,11
dl_857,16,West_exit,16,10
dl_857,4,East_exit,4,3
dl_857,2,East_exit,2,2
dl_857,21,West_exit,21,14
dl_857,22,West_exit,22,14
dl_858,5,,,
dl_858,20,West_exit,20,13
dl_858,15,East_exit,15,11
dl_858,17,West_exit,17,11
dl_858,14,East_exit,14,10
dl_858,18,West_exit,18,12
dl_858,19,East_exit,19,13
dl_859,7,,,
dl_859,11,East_exit,11,8
dl_859,20,West_exit,20,13
dl_859,15,East_exit,15,11
dl_859,17,West_exit,17,11
dl_859,18,West_exit,18,12
dl_859,19,East_exit,19,13
dl_859,12,East_exit,12,9
dl_859,13,West_exit,13,8
dl_860,9,,,
dl_860,9,East_exit,9,7
dl_860,10,West_exit,10,6
dl_860,8,East_exit,8,6
dl_860,20,West_exit,20,13
dl_860,15,East_exit,15,11
dl_860,17,West_exit,17,11
dl_860,18,West_exit,18,12
dl_860,19,East_exit,19,13
dl_860,12,East_exit,12,9
dl_860,13,West_exit,13,8
dl_861,11,,,
dl_861,6,East_exit,6,5
dl_861,7,West_exit,7,4
dl_861,5,East_exit,5,4
dl_861,9,East_exit,9,7
dl_861,10,West_exit,10,6
dl_861,20,West_exit,20,13
dl_861,15,East_exit,15,11
dl_861,17,West_exit,17,11
dl_861,18,West_exit,18,12
dl_861,19,East_exit,19,13
dl_861,12,East_exit,12,9
dl_861,13,West_exit,13,8
dl_862,13,,,
dl_862,6,East_exit,6,5
dl_862,7,West_exit,7,4
dl_862,3,West_exit,3,2
dl_862,4,East_exit,4,3
dl_862,2,East_exit,2,2
dl_862,9,East_exit,9,7
dl_862,10,West_exit,10,6
dl_862,20,West_exit,20,13
dl_862,15,East_exit,15,11
dl_862,17,West_exit,17,11
dl_862,18,West_exit,18,12
dl_862,19,East_exit,19,13
dl_862,12,East_exit,12,9
dl_862,13,West_exit,13,8
dl_863,11,,,
dl_863,8,West_exit,8,5
dl_863,9,East_exit,9,7
dl_863,10,West_exit,10,6
dl_863,6,East_exit,6,5
dl_863,5,East_exit,5,4
dl_863,20,West_exit,20,13
dl_863,15,East_exit,15,11
dl_863,17,West_exit,17,11
dl_863,18,West_exit,18,12
dl_863,19,East_exit,19,13
dl_863,12,East_exit,12,9
dl_863,13,West_exit,13,8
dl_864,13,,,
dl_864,8,West_exit,8,5
dl_864,9,East_exit,9,7
dl_864,10,West_exit,10,6
dl_864,6,East_exit,6,5
dl_864,3,West_exit,3,2
dl_864,4,East_exit,4,3
dl_864,2,East_exit,2,2
dl_864,20,West_exit,20,13
dl_864,15,East_exit,15,11
dl_864,17,West_exit,17,11
dl_864,18,West_exit,18,12
dl_864,19,East_exit,19,13
dl_864,12,East_exit,12,9
dl_864,13,West_exit,13,8
dl_865,9,,,
dl_865,11,West_exit,11,7
dl_865,20,West_exit,20,13
dl_865,15,East_exit,15,11
dl_865,17,West_exit,17,11
dl_865,18,West_exit,18,12
dl_865,19,East_exit,19,13
dl_865,9,East_exit,9,7
dl_865,8,East_exit,8,6
dl_865,12,East_exit,12,9
dl_865,13,West_exit,13,8
dl_866,11,,,
dl_866,11,West_exit,11,7
dl_866,20,West_exit,20,13
dl_866,15,East_exit,15,11
dl_866,17,West_exit,17,11
dl_866,18,West_exit,18,12
dl_866,19,East_exit,19,13
dl_866,5,East_exit,5,4
dl_866,9,East_exit,9,7
dl_866,6,East_exit,6,5
dl_866,7,West_exit,7,4
dl_866,12,East_exit,12,9
dl_866,13,West_exit,13,8
dl_867,13,,,
dl_867,11,West_exit,11,7
dl_867,20,West_exit,20,13
dl_867,15,East_exit,15,11
dl_867,17,West_exit,17,11
dl_867,18,West_exit,18,12
dl_867,19,East_exit,19,13
dl_867,9,East_exit,9,7
dl_867,6,East_exit,6,5
dl_867,7,West_exit,7,4
dl_867,12,East_exit,12,9
dl_867,13,West_exit,13,8
dl_867,3,West_exit,3,2
dl_867,4,East_exit,4,3
dl_867,2,East_exit,2,2
dl_868,11,,,
dl_868,11,West_exit,11,7
dl_868,20,West_exit,20,13
dl_868,15,East_exit,15,11
dl_868,17,West_exit,17,11
dl_868,18,West_exit,18,12
dl_868,19,East_exit,19,13
dl_868,6,East_exit,6,5
dl_868,8,West_exit,8,5
dl_868,5,East_exit,5,4
dl_868,9,East_exit,9,7
dl_868,12,East_exit,12,9
dl_868,13,West_exit,13,8
dl_869,13,,,
dl_869,11,West_exit,11,7
dl_869,20,West_exit,20,13
dl_869,15,East_exit,15,11
dl_869,17,West_exit,17,11
dl_869,18,West_exit,18,12
dl_869,19,East_exit,19,13
dl_869,6,East_exit,6,5
dl_869,8,West_exit,8,5
dl_869,9,East_exit,9,7
dl_869,12,East_exit,12,9
dl_869,13,West_exit,13,8
dl_869,3,West_exit,3,2
dl_869,4,East_exit,4,3
dl_869,2,East_exit,2,2
dl_870,13,,,
dl_870,5,West_exit,5,3
dl_870,6,East_exit,6,5
dl_870,7,West_exit,7,4
dl_870,4,East_exit,4,3
dl_870,2,East_exit,2,2
dl_870,9,East_exit,9,7
dl_870,10,West_exit,10,6
dl_870,20,West_exit,20,13
dl_870,15,East_exit,15,11
dl_870,17,West_exit,17,11
dl_870,18,West_exit,18,12
dl_870,19,East_exit,19,13
dl_870,12,East_exit,12,9
dl_870,13,West_exit,13,8
dl_871,13,,,
dl_871,8,West_exit,8,5
dl_871,9,East_exit,9,7
dl_871,10,West_exit,10,6
dl_871,6,East_exit,6,5
dl_871,5,West_exit,5,3
dl_871,4,East_exit,4,3
dl_871,2,East_exit,2,2
dl_871,20,West_exit,20,13
dl_871,15,East_exit,15,11
dl_871,17,West_exit,17,11
dl_871,18,West_exit,18,12
dl_871,19,East_exit,19,13
dl_871,12,East_exit,12,9
dl_871,13,West_exit,13,8
dl_872,13,,,
dl_872,5,West_exit,5,3
dl_872,11,West_exit,11,7
dl_872,20,West_exit,20,13
dl_872,15,East_exit,15,11
dl_872,17,West_exit,17,11
dl_872,18,West_exit,18,12
dl_872,19,East_exit,19,13
dl_872,9,East_exit,9,7
dl_872,12,East_exit,12,9
dl_872,13,West_exit,13,8
dl_872,6,East_exit,6,5
dl_872,7,West_exit,7,4
dl_872,4,East_exit,4,3
dl_872,2,East_exit,2,2
dl_873,13,,,
dl_873,11,West_exit,11,7
dl_873,20,West_exit,20,13
dl_873,15,East_exit,15,11
dl_873,17,West_exit,17,11
dl_873,18,West_exit,18,12
dl_873,19,East_exit,19,13
dl_873,5,West_exit,5,3
dl_873,4,East_exit,4,3
dl_873,2,East_exit,2,2
dl_873,6,East_exit,6,5
dl_873,8,West_exit,8,5
dl_873,9,East_exit,9,7
dl_873,12,East_exit,12,9
dl_873,13,West_exit,13,8
dl_874,7,,,
dl_874,20,West_exit,20,13
dl_874,12,East_exit,12,9
dl_874,14,West_exit,14,9
dl_874,11,East_exit,11,8
dl_874,15,East_exit,15,11
dl_874,17,West_exit,17,11
dl_874,18,West_exit,18,12
dl_874,19,East_exit,19,13
dl_875,9,,,
dl_875,9,East_exit,9,7
dl_875,10,West_exit,10,6
dl_875,8,East_exit,8,6
dl_875,20,West_exit,20,13
dl_875,12,East_exit,12,9
dl_875,14,West_exit,14,9
dl_875,15,East_exit,15,11
dl_875,17,West_exit,17,11
dl_875,18,West_exit,18,12
dl_875,19,East_exit,19,13
dl_876,11,,,
dl_876,20,West_exit,20,13
dl_876,6,East_exit,6,5
dl_876,7,West_exit,7,4
dl_876,5,East_exit,5,4
dl_876,12,East_exit,12,9
dl_876,9,East_exit,9,7
dl_876,10,West_exit,10,6
dl_876,15,East_exit,15,11
dl_876,17,West_exit,17,11
dl_876,18,West_exit,18,12
dl_876,19,East_exit,19,13
dl_876,14,West_exit,14,9
dl_877,13,,,
dl_877,20,West_exit,20,13
dl_877,6,East_exit,6,5
dl_877,7,West_exit,7,4
dl_877,3,West_exit,3,2
dl_877,4,East_exit,4,3
dl_877,2,East_exit,2,2
dl_877,12,East_exit,12,9
dl_877,9,East_exit,9,7
dl_877,10,West_exit,10,6
dl_877,15,East_exit,15,11
dl_877,17,West_exit,17,11
dl_877,18,West_exit,18,12
dl_877,19,East_exit,19,13
dl_877,14,West_exit,14,9
dl_878,11,,,
dl_878,8,West_exit,8,5
dl_878,20,West_exit,20,13
dl_878,12,East_exit,12,9
dl_878,14,West_exit,14,9
dl_878,15,East_exit,15,11
dl_878,17,West_exit,17,11
dl_878,18,West_exit,18,12
dl_878,19,East_exit,19,13
dl_878,9,East_exit,9,7
dl_878,10,West_exit,10,6
dl_878,6,East_exit,6,5
dl_878,5,East_exit,5,4
dl_879,13,,,
dl_879,8,West_exit,8,5
dl_879,20,West_exit,20,13
dl_879,12,East_exit,12,9
dl_879,14,West_exit,14,9
dl_879,15,East_exit,15,11
dl_879,17,West_exit,17,11
dl_879,18,West_exit,18,12
dl_879,19,East_exit,19,13
dl_879,9,East_exit,9,7
dl_879,10,West_exit,10,6
dl_879,6,East_exit,6,5
dl_879,3,West_exit,3,2
dl_879,4,East_exit,4,3
dl_879,2,East_exit,2,2
dl_880,9,,,
dl_880,20,West_exit,20,13
dl_880,9,East_exit,9,7
dl_880,11,West_exit,11,7
dl_880,8,East_exit,8,6
dl_880,12,East_exit,12,9
dl_880,14,West_exit,14,9
dl_880,15,East_exit,15,11
dl_880,17,West_exit,17,11
dl_880,18,West_exit,18,12
dl_880,19,East_exit,19,13
dl_881,11,,,
dl_881,6,East_exit,6,5
dl_881,7,West_exit,7,4
dl_881,5,East_exit,5,4
dl_881,20,West_exit,20,13
dl_881,9,East_exit,9,7
dl_881,11,West_exit,11,7
dl_881,12,East_exit,12,9
dl_881,14,West_exit,14,9
dl_881,15,East_exit,15,11
dl_881,17,West_exit,17,11
dl_881,18,West_exit,18,12
dl_881,19,East_exit,19,13
dl_882,13,,,
dl_882,20,West_exit,20,13
dl_882,12,East_exit,12,9
dl_882,11,West_exit,11,7
dl_882,15,East_exit,15,11
dl_882,17,West_exit,17,11
dl_882,18,West_exit,18,12
dl_882,19,East_exit,19,13
dl_882,9,East_exit,9,7
dl_882,6,East_exit,6,5
dl_882,7,West_exit,7,4
dl_882,3,West_exit,3,2
dl_882,4,East_exit,4,3
dl_882,2,East_exit,2,2
dl_882,14,West_exit,14,9
dl_883,11,,,
dl_883,20,West_exit,20,13
dl_883,6,East_exit,6,5
dl_883,8,West_exit,8,5
dl_883,5,East_exit,5,4
dl_883,9,East_exit,9,7
dl_883,11,West_exit,11,7
dl_883,12,East_exit,12,9
dl_883,14,West_exit,14,9
dl_883,15,East_exit,15,11
dl_883,17,West_exit,17,11
dl_883,18,West_exit,18,12
dl_883,19,East_exit,19,13
dl_884,13,,,
dl_884,20,West_exit,20,13
dl_884,6,East_exit,6,5
dl_884,8,West_exit,8,5
dl_884,9,East_exit,9,7
dl_884,11,West_exit,11,7
dl_884,12,East_exit,12,9
dl_884,14,West_exit,14,9
dl_884,15,East_exit,15,11
dl_884,17,West_exit,17,11
dl_884,18,West_exit,18,12
dl_884,19,East_exit,19,13
dl_884,3,West_exit,3,2
dl_884,4,East_exit,4,3
dl_884,2,East_exit,2,2
dl_885,13,,,
dl_885,20,West_exit,20,13
dl_885,5,West_exit,5,3
dl_885,6,East_exit,6,5
dl_885,7,West_exit,7,4
dl_885,4,East_exit,4,3
dl_885,2,East_exit,2,2
dl_885,12,East_exit,12,9
dl_885,9,East_exit,9,7
dl_885,10,West_exit,10,6
dl_885,15,East_exit,15,11
dl_885,17,West_exit,17,11
dl_885,18,West_exit,18,12
dl_885,19,East_exit,19,13
dl_885,14,West_exit,14,9
dl_886,13,,,
dl_886,8,West_exit,8,5
dl_886,20,West_exit,20,13
dl_886,12,East_exit,12,9
dl_886,14,West_exit,14,9
dl_886,15,East_exit,15,11
dl_886,17,West_exit,17,11
dl_886,18,West_exit,18,12
dl_886,19,East_exit,19,13
dl_886,9,East_exit,9,7
dl_886,10,West_exit,10,6
dl_886,6,East_exit,6,5
dl_886,5,West_exit,5,3
dl_886,4,East_exit,4,3
dl_886,2,East_exit,2,2
dl_887,13,,,
dl_887,5,West_exit,5,3
dl_887,20,West_exit,20,13
dl_887,9,East_exit,9,7
dl_887,11,West_exit,11,7
dl_887,12,East_exit,12,9
dl_887,14,West_exit,14,9
dl_887,15,East_exit,15,11
dl_887,17,West_exit,17,11
dl_887,18,West_exit,18,12
dl_887,19,East_exit,19,13
dl_887,6,East_exit,6,5
dl_887,7,West_exit,7,4
dl_887,4,East_exit,4,3
dl_887,2,East_exit,2,2
dl_888,13,,,
dl_888,20,West_exit,20,13
dl_888,5,West_exit,5,3
dl_888,4,East_exit,4,3
dl_888,2,East_exit,2,2
dl_888,6,East_exit,6,5
dl_888,8,West_exit,8,5
dl_888,9,East_exit,9,7
dl_888,11,West_exit,11,7
dl_888,12,East_exit,12,9
dl_888,14,West_exit,14,9
dl_888,15,East_exit,15,11
dl_888,17,West_exit,17,11
dl_888,18,West_exit,18,12
dl_888,19,East_exit,19,13
dl_889,6,,,
dl_889,15,East_exit,15,11
dl_889,17,West_exit,17,11
dl_889,14,East_exit,14,10
dl_889,18,West_exit,18,12
dl_889,19,East_exit,19,13
dl_889,21,West_exit,21,14
dl_889,22,West_exit,22,14
dl_890,8,,,
dl_890,11,East_exit,11,8
dl_890,15,East_exit,15,11
dl_890,17,West_exit,17,11
dl_890,18,West_exit,18,12
dl_890,19,East_exit,19,13
dl_890,12,East_exit,12,9
dl_890,13,West_exit,13,8
dl_890,21,West_exit,21,14
dl_890,22,West_exit,22,14
dl_891,10,,,
dl_891,9,East_exit,9,7
dl_891,10,West_exit,10,6
dl_891,8,East_exit,8,6
dl_891,15,East_exit,15,11
dl_891,17,West_exit,17,11
dl_891,18,West_exit,18,12
dl_891,19,East_exit,19,13
dl_891,12,East_exit,12,9
dl_891,13,West_exit,13,8
dl_891,21,West_exit,21,14
dl_891,22,West_exit,22,14
dl_892,12,,,
dl_892,6,East_exit,6,5
dl_892,7,West_exit,7,4
dl_892,5,East_exit,5,4
dl_892,9,East_exit,9,7
dl_892,10,West_exit,10,6
dl_892,15,East_exit,15,11
dl_892,17,West_exit,17,11
dl_892,18,West_exit,18,12
dl_892,19,East_exit,19,13
dl_892,12,East_exit,12,9
dl_892,13,West_exit,13,8
dl_892,21,West_exit,21,14
dl_892,22,West_exit,22,14
dl_893,14,,,
dl_893,6,East_exit,6,5
dl_893,7,West_exit,7,4
dl_893,9,East_exit,9,7
dl_893,10,West_exit,10,6
dl_893,3,West_exit,3,2
dl_893,4,East_exit,4,3
dl_893,2,East_exit,2,2
dl_893,15,East_exit,15,11
dl_893,17,West_exit,17,11
dl_893,18,West_exit,18,12
dl_893,19,East_exit,19,13
dl_893,12,East_exit,12,9
dl_893,13,West_exit,13,8
dl_893,21,West_exit,21,14
dl_893,22,West_exit,22,14
dl_894,12,,,
dl_894,8,West_exit,8,5
dl_894,9,East_exit,9,7
dl_894,10,West_exit,10,6
dl_894,6,East_exit,6,5
dl_894,5,East_exit,5,4
dl_894,15,East_exit,15,11
dl_894,17,West_exit,17,11
dl_894,18,West_exit,18,12
dl_894,19,East_exit,19,13
dl_894,12,East_exit,12,9
dl_894,13,West_exit,13,8
dl_894,21,West_exit,21,14
dl_894,22,West_exit,22,14
dl_895,14,,,
dl_895,8,West_exit,8,5
dl_895,9,East_exit,9,7
dl_895,10,West_exit,10,6
dl_895,6,East_exit,6,5
dl_895,3,West_exit,3,2
dl_895,4,East_exit,4,3
dl_895,2,East_exit,2,2
dl_895,15,East_exit,15,11
dl_895,17,West_exit,17,11
dl_895,18,West_exit,18,12
dl_895,19,East_exit,19,13
dl_895,12,East_exit,12,9
dl_895,13,West_exit,13,8
dl_895,21,West_exit,21,14
dl_895,22,West_exit,22,14
dl_896,10,,,
dl_896,11,West_exit,11,7
dl_896,15,East_exit,15,11
dl_896,17,West_exit,17,11
dl_896,18,West_exit,18,12
dl_896,19,East_exit,19,13
dl_896,9,East_exit,9,7
dl_896,8,East_exit,8,6
dl_896,12,East_exit,12,9
dl_896,13,West_exit,13,8
dl_896,21,West_exit,21,14
dl_896,22,West_exit,22,14
dl_897,12,,,
dl_897,11,West_exit,11,7
dl_897,15,East_exit,15,11
dl_897,17,West_exit,17,11
dl_897,18,West_exit,18,12
dl_897,19,East_exit,19,13
dl_897,5,East_exit,5,4
dl_897,9,East_exit,9,7
dl_897,6,East_exit,6,5
dl_897,7,West_exit,7,4
dl_897,12,East_exit,12,9
dl_897,13,West_exit,13,8
dl_897,21,West_exit,21,14
dl_897,22,West_exit,22,14
dl_898,14,,,
dl_898,11,West_exit,11,7
dl_898,15,East_exit,15,11
dl_898,17,West_exit,17,11
dl_898,18,West_exit,18,12
dl_898,19,East_exit,19,13
dl_898,9,East_exit,9,7
dl_898,6,East_exit,6,5
dl_898,7,West_exit,7,4
dl_898,12,East_exit,12,9
dl_898,13,West_exit,13,8
dl_898,21,West_exit,21,14
dl_898,22,West_exit,22,14
dl_898,3,West_exit,3,2
dl_898,4,East_exit,4,3
dl_898,2,East_exit,2,2
dl_899,12,,,
dl_899,11,West_exit,11,7
dl_899,6,East_exit,6,5
dl_899,8,West_exit,8,5
dl_899,15,East_exit,15,11
dl_899,17,West_exit,17,11
dl_899,18,West_exit,18,12
dl_899,19,East_exit,19,13
dl_899,5,East_exit,5,4
dl_899,9,East_exit,9,7
dl_899,12,East_exit,12,9
dl_899,13,West_exit,13,8
dl_899,21,West_exit,21,14
dl_899,22,West_exit,22,14
dl_900,14,,,
dl_900,11,West_exit,11,7
dl_900,6,East_exit,6,5
dl_900,8,West_exit,8,5
dl_900,15,East_exit,15,11
dl_900,17,West_exit,17,11
dl_900,18,West_exit,18,12
dl_900,19,East_exit,19,13
dl_900,9,East_exit,9,7
dl_900,12,East_exit,12,9
dl_900,13,West_exit,13,8
dl_900,21,West_exit,21,14
dl_900,22,West_exit,22,14
dl_900,3,West_exit,3,2
dl_900,4,East_exit,4,3
dl_900,2,East_exit,2,2
dl_901,14,,,
dl_901,5,West_exit,5,3
dl_901,6,East_exit,6,5
dl_901,7,West_exit,7,4
dl_901,4,East_exit,4,3
dl_901,2,East_exit,2,2
dl_901,9,East_exit,9,7
dl_901,10,West_exit,10,6
dl_901,15,East_exit,15,11
dl_901,17,West_exit,17,11
dl_901,18,West_exit,18,12
dl_901,19,East_exit,19,13
dl_901,12,East_exit,12,9
dl_901,13,West_exit,13,8
dl_901,21,West_exit,21,14
dl_901,22,West_exit,22,14
dl_902,14,,,
dl_902,8,West_exit,8,5
dl_902,9,East_exit,9,7
dl_902,10,West_exit,10,6
dl_902,6,East_exit,6,5
dl_902,5,West_exit,5,3
dl_902,4,East_exit,4,3
dl_902,2,East_exit,2,2
dl_902,15,East_exit,15,11
dl_902,17,West_exit,17,11
dl_902,18,West_exit,18,12
dl_902,19,East_exit,19,13
dl_902,12,East_exit,12,9
dl_902,13,West_exit,13,8
dl_902,21,West_exit,21,14
dl_902,22,West_exit,22,14
dl_903,14,,,
dl_903,5,West_exit,5,3
dl_903,11,West_exit,11,7
dl_903,15,East_exit,15,11
dl_903,17,West_exit,17,11
dl_903,18,West_exit,18,12
dl_903,19,East_exit,19,13
dl_903,9,East_exit,9,7
dl_903,12,East_exit,12,9
dl_903,13,West_exit,13,8
dl_903,6,East_exit,6,5
dl_903,7,West_exit,7,4
dl_903,4,East_exit,4,3
dl_903,2,East_exit,2,2
dl_903,21,West_exit,21,14
dl_903,22,West_exit,22,14
dl_904,14,,,
dl_904,11,West_exit,11,7
dl_904,15,East_exit,15,11
dl_904,17,West_exit,17,11
dl_904,18,West_exit,18,12
dl_904,19,East_exit,19,13
dl_904,5,West_exit,5,3
dl_904,4,East_exit,4,3
dl_904,2,East_exit,2,2
dl_904,6,East_exit,6,5
dl_904,8,West_exit,8,5
dl_904,9,East_exit,9,7
dl_904,12,East_exit,12,9
dl_904,13,West_exit,13,8
dl_904,21,West_exit,21,14
dl_904,22,West_exit,22,14
dl_905,8,,,
dl_905,12,East_exit,12,9
dl_905,14,West_exit,14,9
dl_905,11,East_exit,11,8
dl_905,15,East_exit,15,11
dl_905,17,West_exit,17,11
dl_905,18,West_exit,18,12
dl_905,19,East_exit,19,13
dl_905,21,West_exit,21,14
dl_905,22,West_exit,22,14
dl_906,10,,,
dl_906,9,East_exit,9,7
dl_906,10,West_exit,10,6
dl_906,8,East_exit,8,6
dl_906,12,East_exit,12,9
dl_906,14,West_exit,14,9
dl_906,15,East_exit,15,11
dl_906,17,West_exit,17,11
dl_906,18,West_exit,18,12
dl_906,19,East_exit,19,13
dl_906,21,West_exit,21,14
dl_906,22,West_exit,22,14
dl_907,12,,,
dl_907,6,East_exit,6,5
dl_907,7,West_exit,7,4
dl_907,5,East_exit,5,4
dl_907,12,East_exit,12,9
dl_907,9,East_exit,9,7
dl_907,10,West_exit,10,6
dl_907,15,East_exit,15,11
dl_907,17,West_exit,17,11
dl_907,18,West_exit,18,12
dl_907,19,East_exit,19,13
dl_907,14,West_exit,14,9
dl_907,21,West_exit,21,14
dl_907,22,West_exit,22,14
dl_908,14,,,
dl_908,6,East_exit,6,5
dl_908,7,West_exit,7,4
dl_908,3,West_exit,3,2
dl_908,4,East_exit,4,3
dl_908,2,East_exit,2,2
dl_908,12,East_exit,12,9
dl_908,9,East_exit,9,7
dl_908,10,West_exit,10,6
dl_908,15,East_exit,15,11
dl_908,17,West_exit,17,11
dl_908,18,West_exit,18,12
dl_908,19,East_exit,19,13
dl_908,14,West_exit,14,9
dl_908,21,West_exit,21,14
dl_908,22,West_exit,22,14
dl_909,12,,,
dl_909,8,West_exit,8,5
dl_909,12,East_exit,12,9
dl_909,14,West_exit,14,9
dl_909,15,East_exit,15,11
dl_909,17,West_exit,17,11
dl_909,18,West_exit,18,12
dl_909,19,East_exit,19,13
dl_909,9,East_exit,9,7
dl_909,10,West_exit,10,6
dl_909,6,East_exit,6,5
dl_909,5,East_exit,5,4
dl_909,21,West_exit,21,14
dl_909,22,West_exit,22,14
dl_910,14,,,
dl_910,8,West_exit,8,5
dl_910,12,East_exit,12,9
dl_910,14,West_exit,14,9
dl_910,15,East_exit,15,11
dl_910,17,West_exit,17,11
dl_910,18,West_exit,18,12
dl_910,19,East_exit,19,13
dl_910,9,East_exit,9,7
dl_910,10,West_exit,10,6
dl_910,6,East_exit,6,5
dl_910,3,West_exit,3,2
dl_910,4,East_exit,4,3
dl_910,2,East_exit,2,2
dl_910,21,West_exit,21,14
dl_910,22,West_exit,22,14
dl_911,10,,,
dl_911,9,East_exit,9,7
dl_911,11,West_exit,11,7
dl_911,8,East_exit,8,6
dl_911,12,East_exit,12,9
dl_911,14,West_exit,14,9
dl_911,15,East_exit,15,11
dl_911,17,West_exit,17,11
dl_911,18,West_exit,18,12
dl_911,19,East_exit,19,13
dl_911,21,West_exit,21,14
dl_911,22,West_exit,22,14
dl_912,12,,,
dl_912,6,East_exit,6,5
dl_912,7,West_exit,7,4
dl_912,5,East_exit,5,4
dl_912,9,East_exit,9,7
dl_912,11,West_exit,11,7
dl_912,12,East_exit,12,9
dl_912,14,West_exit,14,9
dl_912,15,East_exit,15,11
dl_912,17,West_exit,17,11
dl_912,18,West_exit,18,12
dl_912,19,East_exit,19,13
dl_912,21,West_exit,21,14
dl_912,22,West_exit,22,14
dl_913,14,,,
dl_913,12,East_exit,12,9
dl_913,11,West_exit,11,7
dl_913,15,East_exit,15,11
dl_913,17,West_exit,17,11
dl_913,18,West_exit,18,12
dl_913,19,East_exit,19,13
dl_913,9,East_exit,9,7
dl_913,6,East_exit,6,5
dl_913,7,West_exit,7,4
dl_913,3,West_exit,3,2
dl_913,4,East_exit,4,3
dl_913,2,East_exit,2,2
dl_913,14,West_exit,14,9
dl_913,21,West_exit,21,14
dl_913,22,West_exit,22,14
dl_914,12,,,
dl_914,6,East_exit,6,5
dl_914,8,West_exit,8,5
dl_914,5,East_exit,5,4
dl_914,9,East_exit,9,7
dl_914,11,West_exit,11,7
dl_914,12,East_exit,12,9
dl_914,14,West_exit,14,9
dl_914,15,East_exit,15,11
dl_914,17,West_exit,17,11
dl_914,18,West_exit,18,12
dl_914,19,East_exit,19,13
dl_914,21,West_exit,21,14
dl_914,22,West_exit,22,14
dl_915,14,,,
dl_915,6,East_exit,6,5
dl_915,8,West_exit,8,5
dl_915,9,East_exit,9,7
dl_915,11,West_exit,11,7
dl_915,12,East_exit,12,9
dl_915,14,West_exit,14,9
dl_915,15,East_exit,15,11
dl_915,17,West_exit,17,11
dl_915,18,West_exit,18,12
dl_915,19,East_exit,19,13
dl_915,3,West_exit,3,2
dl_915,4,East_exit,4,3
dl_915,2,East_exit,2,2
dl_915,21,West_exit,21,14
dl_915,22,West_exit,22,14
dl_916,14,,,
dl_916,5,West_exit,5,3
dl_916,6,East_exit,6,5
dl_916,7,West_exit,7,4
dl_916,4,East_exit,4,3
dl_916,2,East_exit,2,2
dl_916,12,East_exit,12,9
dl_916,9,East_exit,9,7
dl_916,10,West_exit,10,6
dl_916,15,East_exit,15,11
dl_916,17,West_exit,17,11
dl_916,18,West_exit,18,12
dl_916,19,East_exit,19,13
dl_916,14,West_exit,14,9
dl_916,21,West_exit,21,14
dl_916,22,West_exit,22,14
dl_917,14,,,
dl_917,8,West_exit,8,5
dl_917,12,East_exit,12,9
dl_917,14,West_exit,14,9
dl_917,15,East_exit,15,11
dl_917,17,West_exit,17,11
dl_917,18,West_exit,18,12
dl_917,19,East_exit,19,13
dl_917,9,East_exit,9,7
dl_917,10,West_exit,10,6
dl_917,6,East_exit,6,5
dl_917,5,West_exit,5,3
dl_917,4,East_exit,4,3
dl_917,2,East_exit,2,2
dl_917,21,West_exit,21,14
dl_917,22,West_exit,22,14
dl_918,14,,,
dl_918,5,West_exit,5,3
dl_918,9,East_exit,9,7
dl_918,11,West_exit,11,7
dl_918,12,East_exit,12,9
dl_918,14,West_exit,14,9
dl_918,15,East_exit,15,11
dl_918,17,West_exit,17,11
dl_918,18,West_exit,18,12
dl_918,19,East_exit,19,13
dl_918,6,East_exit,6,5
dl_918,7,West_exit,7,4
dl_918,4,East_exit,4,3
dl_918,2,East_exit,2,2
dl_918,21,West_exit,21,14
dl_918,22,West_exit,22,14
dl_919,14,,,
dl_919,5,West_exit,5,3
dl_919,4,East_exit,4,3
dl_919,2,East_exit,2,2
dl_919,6,East_exit,6,5
dl_919,8,West_exit,8,5
dl_919,9,East_exit,9,7
dl_919,11,West_exit,11,7
dl_919,12,East_exit,12,9
dl_919,14,West_exit,14,9
dl_919,15,East_exit,15,11
dl_919,17,West_exit,17,11
dl_919,18,West_exit,18,12
dl_919,19,East_exit,19,13
dl_919,21,West_exit,21,14
dl_919,22,West_exit,22,14
dl_920,8,,,
dl_920,18,East_exit,18,13
dl_920,19,West_exit,19,12
dl_920,17,East_exit,17,12
dl_920,21,East_exit,21,15
dl_920,22,West_exit,22,14
dl_920,24,East_exit,24,17
dl_920,25,West_exit,25,16
dl_920,27,West_exit,27,18
dl_920,28,West_exit,28,18
dl_921,9,,,
dl_921,18,East_exit,18,13
dl_921,19,West_exit,19,12
dl_921,17,East_exit,17,12
dl_921,26,West_exit,26,17
dl_921,21,East_exit,21,15
dl_921,23,West_exit,23,15
dl_921,24,East_exit,24,17
dl_921,25,West_exit,25,16
dl_921,27,West_exit,27,18
dl_921,28,West_exit,28,18
dl_922,7,,,
dl_922,18,East_exit,18,13
dl_922,19,West_exit,19,12
dl_922,17,East_exit,17,12
dl_922,21,East_exit,21,15
dl_922,23,West_exit,23,15
dl_922,24,East_exit,24,17
dl_922,25,West_exit,25,16
dl_922,26,West_exit,26,17
dl_923,8,,,
dl_923,18,East_exit,18,13
dl_923,19,West_exit,19,12
dl_923,17,East_exit,17,12
dl_923,21,East_exit,21,15
dl_923,23,West_exit,23,15
dl_923,24,East_exit,24,17
dl_923,25,West_exit,25,16
dl_923,27,West_exit,27,18
dl_923,28,West_exit,28,18
dl_924,9,,,
dl_924,18,West_exit,18,12
dl_924,19,East_exit,19,13
dl_924,17,East_exit,17,12
dl_924,21,East_exit,21,15
dl_924,22,West_exit,22,14
dl_924,27,East_exit,27,19
dl_924,28,West_exit,28,18
dl_924,29,West_exit,29,19
dl_924,24,East_exit,24,17
dl_924,25,West_exit,25,16
dl_925,8,,,
dl_925,5,East_exit,5,4
dl_925,12,West_exit,12,8
dl_925,13,East_exit,13,9
dl_925,14,West_exit,14,9
dl_925,9,West_exit,9,6
dl_925,10,East_exit,10,7
dl_925,6,West_exit,6,4
dl_925,3,East_exit,3,3
dl_925,4,East_exit,4,3
dl_926,7,,,
dl_926,5,East_exit,5,4
dl_926,8,East_exit,8,6
dl_926,6,West_exit,6,4
dl_926,7,East_exit,7,5
dl_926,9,West_exit,9,6
dl_926,11,West_exit,11,7
dl_926,3,East_exit,3,3
dl_926,4,East_exit,4,3
dl_927,5,,,
dl_927,8,East_exit,8,6
dl_927,6,West_exit,6,4
dl_927,7,East_exit,7,5
dl_927,5,East_exit,5,4
dl_927,9,West_exit,9,6
dl_927,11,West_exit,11,7
dl_928,6,,,
dl_928,8,East_exit,8,6
dl_928,6,West_exit,6,4
dl_928,7,East_exit,7,5
dl_928,9,West_exit,9,6
dl_928,11,West_exit,11,7
dl_928,3,East_exit,3,3
dl_928,4,East_exit,4,3
dl_929,9,,,
dl_929,12,West_exit,12,8
dl_929,13,East_exit,13,9
dl_929,14,West_exit,14,9
dl_929,5,East_exit,5,4
dl_929,8,East_exit,8,6
dl_929,6,West_exit,6,4
dl_929,7,East_exit,7,5
dl_929,9,West_exit,9,6
dl_929,3,East_exit,3,3
dl_929,4,East_exit,4,3
dl_930,7,,,
dl_930,12,West_exit,12,8
dl_930,13,East_exit,13,9
dl_930,14,West_exit,14,9
dl_930,8,East_exit,8,6
dl_930,6,West_exit,6,4
dl_930,7,East_exit,7,5
dl_930,5,East_exit,5,4
dl_930,9,West_exit,9,6
dl_931,8,,,
dl_931,12,West_exit,12,8
dl_931,13,East_exit,13,9
dl_931,14,West_exit,14,9
dl_931,8,East_exit,8,6
dl_931,6,West_exit,6,4
dl_931,7,East_exit,7,5
dl_931,9,West_exit,9,6
dl_931,3,East_exit,3,3
dl_931,4,East_exit,4,3
dl_932,6,,,
dl_932,5,East_exit,5,4
dl_932,9,West_exit,9,6
dl_932,8,East_exit,8,6
dl_932,6,West_exit,6,4
dl_932,11,West_exit,11,7
dl_932,3,East_exit,3,3
dl_932,4,East_exit,4,3
dl_933,8,,,
dl_933,12,West_exit,12,8
dl_933,13,East_exit,13,9
dl_933,14,West_exit,14,9
dl_933,5,East_exit,5,4
dl_933,9,West_exit,9,6
dl_933,8,East_exit,8,6
dl_933,6,West_exit,6,4
dl_933,3,East_exit,3,3
dl_933,4,East_exit,4,3
dl_934,6,,,
dl_934,18,West_exit,18,12
dl_934,19,East_exit,19,13
dl_934,20,West_exit,20,13
dl_934,21,West_exit,21,14
dl_934,22,West_exit,22,14
dl_934,15,East_exit,15,11
dl_934,16,East_exit,16,11
dl_935,4,,,
dl_935,18,West_exit,18,12
dl_935,19,East_exit,19,13
dl_935,20,West_exit,20,13
dl_935,15,East_exit,15,11
dl_935,16,East_exit,16,11
dl_936,5,,,
dl_936,12,East_exit,12,9
dl_936,13,West_exit,13,8
dl_936,11,East_exit,11,8
dl_936,17,West_exit,17,11
dl_936,15,West_exit,15,10
dl_936,16,East_exit,16,11
dl_937,7,,,
dl_937,9,East_exit,9,7
dl_937,10,West_exit,10,6
dl_937,8,East_exit,8,6
dl_937,17,West_exit,17,11
dl_937,15,West_exit,15,10
dl_937,16,East_exit,16,11
dl_937,12,East_exit,12,9
dl_937,13,West_exit,13,8
dl_938,9,,,
dl_938,6,East_exit,6,5
dl_938,7,West_exit,7,4
dl_938,5,East_exit,5,4
dl_938,9,East_exit,9,7
dl_938,10,West_exit,10,6
dl_938,17,West_exit,17,11
dl_938,15,West_exit,15,10
dl_938,16,East_exit,16,11
dl_938,12,East_exit,12,9
dl_938,13,West_exit,13,8
dl_939,11,,,
dl_939,6,East_exit,6,5
dl_939,7,West_exit,7,4
dl_939,3,West_exit,3,2
dl_939,4,East_exit,4,3
dl_939,2,East_exit,2,2
dl_939,9,East_exit,9,7
dl_939,10,West_exit,10,6
dl_939,17,West_exit,17,11
dl_939,15,West_exit,15,10
dl_939,16,East_exit,16,11
dl_939,12,East_exit,12,9
dl_939,13,West_exit,13,8
dl_940,9,,,
dl_940,8,West_exit,8,5
dl_940,9,East_exit,9,7
dl_940,10,West_exit,10,6
dl_940,6,East_exit,6,5
dl_940,5,East_exit,5,4
dl_940,17,West_exit,17,11
dl_940,15,West_exit,15,10
dl_940,16,East_exit,16,11
dl_940,12,East_exit,12,9
dl_940,13,West_exit,13,8
dl_941,11,,,
dl_941,8,West_exit,8,5
dl_941,9,East_exit,9,7
dl_941,10,West_exit,10,6
dl_941,6,East_exit,6,5
dl_941,3,West_exit,3,2
dl_941,4,East_exit,4,3
dl_941,2,East_exit,2,2
dl_941,17,West_exit,17,11
dl_941,15,West_exit,15,10
dl_941,16,East_exit,16,11
dl_941,12,East_exit,12,9
dl_941,13,West_exit,13,8
dl_942,7,,,
dl_942,11,West_exit,11,7
dl_942,15,West_exit,15,10
dl_942,16,East_exit,16,11
dl_942,17,West_exit,17,11
dl_942,9,East_exit,9,7
dl_942,8,East_exit,8,6
dl_942,12,East_exit,12,9
dl_942,13,West_exit,13,8
dl_943,9,,,
dl_943,6,East_exit,6,5
dl_943,7,West_exit,7,4
dl_943,5,East_exit,5,4
dl_943,11,West_exit,11,7
dl_943,15,West_exit,15,10
dl_943,16,East_exit,16,11
dl_943,17,West_exit,17,11
dl_943,9,East_exit,9,7
dl_943,12,East_exit,12,9
dl_943,13,West_exit,13,8
dl_944,11,,,
dl_944,6,East_exit,6,5
dl_944,7,West_exit,7,4
dl_944,11,West_exit,11,7
dl_944,15,West_exit,15,10
dl_944,16,East_exit,16,11
dl_944,17,West_exit,17,11
dl_944,9,East_exit,9,7
dl_944,12,East_exit,12,9
dl_944,13,West_exit,13,8
dl_944,3,West_exit,3,2
dl_944,4,East_exit,4,3
dl_944,2,East_exit,2,2
dl_945,9,,,
dl_945,11,West_exit,11,7
dl_945,15,West_exit,15,10
dl_945,16,East_exit,16,11
dl_945,17,West_exit,17,11
dl_945,9,East_exit,9,7
dl_945,8,West_exit,8,5
dl_945,6,East_exit,6,5
dl_945,5,East_exit,5,4
dl_945,12,East_exit,12,9
dl_945,13,West_exit,13,8
dl_946,11,,,
dl_946,11,West_exit,11,7
dl_946,15,West_exit,15,10
dl_946,16,East_exit,16,11
dl_946,17,West_exit,17,11
dl_946,9,East_exit,9,7
dl_946,8,West_exit,8,5
dl_946,6,East_exit,6,5
dl_946,12,East_exit,12,9
dl_946,13,West_exit,13,8
dl_946,3,West_exit,3,2
dl_946,4,East_exit,4,3
dl_946,2,East_exit,2,2
dl_947,5,,,
dl_947,17,West_exit,17,11
dl_947,12,East_exit,12,9
dl_947,14,West_exit,14,9
dl_947,11,East_exit,11,8
dl_947,15,West_exit,15,10
dl_947,16,East_exit,16,11
dl_948,7,,,
dl_948,9,East_exit,9,7
dl_948,10,West_exit,10,6
dl_948,8,East_exit,8,6
dl_948,17,West_exit,17,11
dl_948,12,East_exit,12,9
dl_948,14,West_exit,14,9
dl_948,15,West_exit,15,10
dl_948,16,East_exit,16,11
dl_949,9,,,
dl_949,6,East_exit,6,5
dl_949,7,West_exit,7,4
dl_949,5,East_exit,5,4
dl_949,17,West_exit,17,11
dl_949,12,East_exit,12,9
dl_949,14,West_exit,14,9
dl_949,15,West_exit,15,10
dl_949,16,East_exit,16,11
dl_949,9,East_exit,9,7
dl_949,10,West_exit,10,6
dl_950,11,,,
dl_950,6,East_exit,6,5
dl_950,7,West_exit,7,4
dl_950,17,West_exit,17,11
dl_950,12,East_exit,12,9
dl_950,14,West_exit,14,9
dl_950,15,West_exit,15,10
dl_950,16,East_exit,16,11
dl_950,9,East_exit,9,7
dl_950,10,West_exit,10,6
dl_950,3,West_exit,3,2
dl_950,4,East_exit,4,3
dl_950,2,East_exit,2,2
dl_951,9,,,
dl_951,8,West_exit,8,5
dl_951,17,West_exit,17,11
dl_951,12,East_exit,12,9
dl_951,14,West_exit,14,9
dl_951,15,West_exit,15,10
dl_951,16,East_exit,16,11
dl_951,6,East_exit,6,5
dl_951,5,East_exit,5,4
dl_951,9,East_exit,9,7
dl_951,10,West_exit,10,6
dl_952,11,,,
dl_952,8,West_exit,8,5
dl_952,17,West_exit,17,11
dl_952,12,East_exit,12,9
dl_952,14,West_exit,14,9
dl_952,15,West_exit,15,10
dl_952,16,East_exit,16,11
dl_952,6,East_exit,6,5
dl_952,9,East_exit,9,7
dl_952,10,West_exit,10,6
dl_952,3,West_exit,3,2
dl_952,4,East_exit,4,3
dl_952,2,East_exit,2,2
dl_953,7,,,
dl_953,17,West_exit,17,11
dl_953,9,East_exit,9,7
dl_953,11,West_exit,11,7
dl_953,8,East_exit,8,6
dl_953,12,East_exit,12,9
dl_953,14,West_exit,14,9
dl_953,15,West_exit,15,10
dl_953,16,East_exit,16,11
dl_954,9,,,
dl_954,17,West_exit,17,11
dl_954,6,East_exit,6,5
dl_954,7,West_exit,7,4
dl_954,5,East_exit,5,4
dl_954,9,East_exit,9,7
dl_954,12,East_exit,12,9
dl_954,14,West_exit,14,9
dl_954,15,West_exit,15,10
dl_954,16,East_exit,16,11
dl_954,11,West_exit,11,7
dl_955,11,,,
dl_955,17,West_exit,17,11
dl_955,6,East_exit,6,5
dl_955,7,West_exit,7,4
dl_955,9,East_exit,9,7
dl_955,12,East_exit,12,9
dl_955,14,West_exit,14,9
dl_955,15,West_exit,15,10
dl_955,16,East_exit,16,11
dl_955,11,West_exit,11,7
dl_955,3,West_exit,3,2
dl_955,4,East_exit,4,3
dl_955,2,East_exit,2,2
dl_956,9,,,
dl_956,17,West_exit,17,11
dl_956,6,East_exit,6,5
dl_956,8,West_exit,8,5
dl_956,5,East_exit,5,4
dl_956,9,East_exit,9,7
dl_956,12,East_exit,12,9
dl_956,14,West_exit,14,9
dl_956,15,West_exit,15,10
dl_956,16,East_exit,16,11
dl_956,11,West_exit,11,7
dl_957,11,,,
dl_957,17,West_exit,17,11
dl_957,6,East_exit,6,5
dl_957,8,West_exit,8,5
dl_957,9,East_exit,9,7
dl_957,12,East_exit,12,9
dl_957,14,West_exit,14,9
dl_957,15,West_exit,15,10
dl_957,16,East_exit,16,11
dl_957,11,West_exit,11,7
dl_957,3,West_exit,3,2
dl_957,4,East_exit,4,3
dl_957,2,East_exit,2,2
dl_958,11,,,
dl_958,5,West_exit,5,3
dl_958,6,East_exit,6,5
dl_958,7,West_exit,7,4
dl_958,4,East_exit,4,3
dl_958,2,East_exit,2,2
dl_958,9,East_exit,9,7
dl_958,10,West_exit,10,6
dl_958,17,West_exit,17,11
dl_958,15,West_exit,15,10
dl_958,16,East_exit,16,11
dl_958,12,East_exit,12,9
dl_958,13,West_exit,13,8
dl_959,11,,,
dl_959,8,West_exit,8,5
dl_959,9,East_exit,9,7
dl_959,10,West_exit,10,6
dl_959,6,East_exit,6,5
dl_959,5,West_exit,5,3
dl_959,4,East_exit,4,3
dl_959,2,East_exit,2,2
dl_959,17,West_exit,17,11
dl_959,15,West_exit,15,10
dl_959,16,East_exit,16,11
dl_959,12,East_exit,12,9
dl_959,13,West_exit,13,8
dl_960,11,,,
dl_960,11,West_exit,11,7
dl_960,15,West_exit,15,10
dl_960,16,East_exit,16,11
dl_960,17,West_exit,17,11
dl_960,5,West_exit,5,3
dl_960,9,East_exit,9,7
dl_960,6,East_exit,6,5
dl_960,7,West_exit,7,4
dl_960,4,East_exit,4,3
dl_960,2,East_exit,2,2
dl_960,12,East_exit,12,9
dl_960,13,West_exit,13,8
dl_961,11,,,
dl_961,11,West_exit,11,7
dl_961,15,West_exit,15,10
dl_961,16,East_exit,16,11
dl_961,17,West_exit,17,11
dl_961,8,West_exit,8,5
dl_961,6,East_exit,6,5
dl_961,5,West_exit,5,3
dl_961,9,East_exit,9,7
dl_961,4,East_exit,4,3
dl_961,2,East_exit,2,2
dl_961,12,East_exit,12,9
dl_961,13,West_exit,13,8
dl_962,11,,,
dl_962,5,West_exit,5,3
dl_962,6,East_exit,6,5
dl_962,7,West_exit,7,4
dl_962,4,East_exit,4,3
dl_962,2,East_exit,2,2
dl_962,17,West_exit,17,11
dl_962,12,East_exit,12,9
dl_962,14,West_exit,14,9
dl_962,15,West_exit,15,10
dl_962,16,East_exit,16,11
dl_962,9,East_exit,9,7
dl_962,10,West_exit,10,6
dl_963,11,,,
dl_963,8,West_exit,8,5
dl_963,17,West_exit,17,11
dl_963,12,East_exit,12,9
dl_963,14,West_exit,14,9
dl_963,15,West_exit,15,10
dl_963,16,East_exit,16,11
dl_963,5,West_exit,5,3
dl_963,4,East_exit,4,3
dl_963,2,East_exit,2,2
dl_963,6,East_exit,6,5
dl_963,9,East_exit,9,7
dl_963,10,West_exit,10,6
dl_964,11,,,
dl_964,5,West_exit,5,3
dl_964,17,West_exit,17,11
dl_964,9,East_exit,9,7
dl_964,11,West_exit,11,7
dl_964,12,East_exit,12,9
dl_964,14,West_exit,14,9
dl_964,15,West_exit,15,10
dl_964,16,East_exit,16,11
dl_964,4,East_exit,4,3
dl_964,2,East_exit,2,2
dl_964,6,East_exit,6,5
dl_964,7,West_exit,7,4
dl_965,11,,,
dl_965,17,West_exit,17,11
dl_965,5,West_exit,5,3
dl_965,4,East_exit,4,3
dl_965,2,East_exit,2,2
dl_965,6,East_exit,6,5
dl_965,8,West_exit,8,5
dl_965,9,East_exit,9,7
dl_965,12,East_exit,12,9
dl_965,14,West_exit,14,9
dl_965,15,West_exit,15,10
dl_965,16,East_exit,16,11
dl_965,11,West_exit,11,7
dl_966,5,,,
dl_966,15,West_exit,15,10
dl_966,16,East_exit,16,11
dl_966,14,East_exit,14,10
dl_966,18,East_exit,18,13
dl_966,19,West_exit,19,12
dl_966,20,West_exit,20,13
dl_967,7,,,
dl_967,12,East_exit,12,9
dl_967,13,West_exit,13,8
dl_967,11,East_exit,11,8
dl_967,15,West_exit,15,10
dl_967,16,East_exit,16,11
dl_967,18,East_exit,18,13
dl_967,19,West_exit,19,12
dl_967,20,West_exit,20,13
dl_968,9,,,
dl_968,9,East_exit,9,7
dl_968,10,West_exit,10,6
dl_968,8,East_exit,8,6
dl_968,12,East_exit,12,9
dl_968,13,West_exit,13,8
dl_968,15,West_exit,15,10
dl_968,16,East_exit,16,11
dl_968,18,East_exit,18,13
dl_968,19,West_exit,19,12
dl_968,20,West_exit,20,13
dl_969,11,,,
dl_969,6,East_exit,6,5
dl_969,7,West_exit,7,4
dl_969,5,East_exit,5,4
dl_969,9,East_exit,9,7
dl_969,10,West_exit,10,6
dl_969,12,East_exit,12,9
dl_969,13,West_exit,13,8
dl_969,15,West_exit,15,10
dl_969,16,East_exit,16,11
dl_969,18,East_exit,18,13
dl_969,19,West_exit,19,12
dl_969,20,West_exit,20,13
dl_970,13,,,
dl_970,6,East_exit,6,5
dl_970,7,West_exit,7,4
dl_970,9,East_exit,9,7
dl_970,10,West_exit,10,6
dl_970,3,West_exit,3,2
dl_970,4,East_exit,4,3
dl_970,2,East_exit,2,2
dl_970,12,East_exit,12,9
dl_970,13,West_exit,13,8
dl_970,15,West_exit,15,10
dl_970,16,East_exit,16,11
dl_970,18,East_exit,18,13
dl_970,19,West_exit,19,12
dl_970,20,West_exit,20,13
dl_971,11,,,
dl_971,8,West_exit,8,5
dl_971,9,East_exit,9,7
dl_971,10,West_exit,10,6
dl_971,6,East_exit,6,5
dl_971,5,East_exit,5,4
dl_971,12,East_exit,12,9
dl_971,13,West_exit,13,8
dl_971,15,West_exit,15,10
dl_971,16,East_exit,16,11
dl_971,18,East_exit,18,13
dl_971,19,West_exit,19,12
dl_971,20,West_exit,20,13
dl_972,13,,,
dl_972,8,West_exit,8,5
dl_972,9,East_exit,9,7
dl_972,10,West_exit,10,6
dl_972,6,East_exit,6,5
dl_972,12,East_exit,12,9
dl_972,13,West_exit,13,8
dl_972,15,West_exit,15,10
dl_972,16,East_exit,16,11
dl_972,18,East_exit,18,13
dl_972,19,West_exit,19,12
dl_972,20,West_exit,20,13
dl_972,3,West_exit,3,2
dl_972,4,East_exit,4,3
dl_972,2,East_exit,2,2
dl_973,9,,,
dl_973,11,West_exit,11,7
dl_973,12,East_exit,12,9
dl_973,13,West_exit,13,8
dl_973,9,East_exit,9,7
dl_973,8,East_exit,8,6
dl_973,15,West_exit,15,10
dl_973,16,East_exit,16,11
dl_973,18,East_exit,18,13
dl_973,19,West_exit,19,12
dl_973,20,West_exit,20,13
dl_974,11,,,
dl_974,11,West_exit,11,7
dl_974,12,East_exit,12,9
dl_974,13,West_exit,13,8
dl_974,5,East_exit,5,4
dl_974,9,East_exit,9,7
dl_974,6,East_exit,6,5
dl_974,7,West_exit,7,4
dl_974,15,West_exit,15,10
dl_974,16,East_exit,16,11
dl_974,18,East_exit,18,13
dl_974,19,West_exit,19,12
dl_974,20,West_exit,20,13
dl_975,13,,,
dl_975,11,West_exit,11,7
dl_975,12,East_exit,12,9
dl_975,13,West_exit,13,8
dl_975,9,East_exit,9,7
dl_975,6,East_exit,6,5
dl_975,7,West_exit,7,4
dl_975,3,West_exit,3,2
dl_975,4,East_exit,4,3
dl_975,2,East_exit,2,2
dl_975,15,West_exit,15,10
dl_975,16,East_exit,16,11
dl_975,18,East_exit,18,13
dl_975,19,West_exit,19,12
dl_975,20,West_exit,20,13
dl_976,11,,,
dl_976,6,East_exit,6,5
dl_976,8,West_exit,8,5
dl_976,11,West_exit,11,7
dl_976,12,East_exit,12,9
dl_976,13,West_exit,13,8
dl_976,9,East_exit,9,7
dl_976,5,East_exit,5,4
dl_976,15,West_exit,15,10
dl_976,16,East_exit,16,11
dl_976,18,East_exit,18,13
dl_976,19,West_exit,19,12
dl_976,20,West_exit,20,13
dl_977,13,,,
dl_977,6,East_exit,6,5
dl_977,8,West_exit,8,5
dl_977,11,West_exit,11,7
dl_977,12,East_exit,12,9
dl_977,13,West_exit,13,8
dl_977,9,East_exit,9,7
dl_977,15,West_exit,15,10
dl_977,16,East_exit,16,11
dl_977,18,East_exit,18,13
dl_977,19,West_exit,19,12
dl_977,20,West_exit,20,13
dl_977,3,West_exit,3,2
dl_977,4,East_exit,4,3
dl_977,2,East_exit,2,2
dl_978,7,,,
dl_978,14,West_exit,14,9
dl_978,12,East_exit,12,9
dl_978,11,East_exit,11,8
dl_978,15,West_exit,15,10
dl_978,16,East_exit,16,11
dl_978,18,East_exit,18,13
dl_978,19,West_exit,19,12
dl_978,20,West_exit,20,13
dl_979,9,,,
dl_979,14,West_exit,14,9
dl_979,9,East_exit,9,7
dl_979,10,West_exit,10,6
dl_979,8,East_exit,8,6
dl_979,12,East_exit,12,9
dl_979,15,West_exit,15,10
dl_979,16,East_exit,16,11
dl_979,18,East_exit,18,13
dl_979,19,West_exit,19,12
dl_979,20,West_exit,20,13
dl_980,11,,,
dl_980,6,East_exit,6,5
dl_980,7,West_exit,7,4
dl_980,5,East_exit,5,4
dl_980,18,East_exit,18,13
dl_980,19,West_exit,19,12
dl_980,20,West_exit,20,13
dl_980,14,West_exit,14,9
dl_980,12,East_exit,12,9
dl_980,15,West_exit,15,10
dl_980,16,East_exit,16,11
dl_980,9,East_exit,9,7
dl_980,10,West_exit,10,6
dl_981,13,,,
dl_981,18,East_exit,18,13
dl_981,19,West_exit,19,12
dl_981,20,West_exit,20,13
dl_981,14,West_exit,14,9
dl_981,6,East_exit,6,5
dl_981,7,West_exit,7,4
dl_981,12,East_exit,12,9
dl_981,15,West_exit,15,10
dl_981,16,East_exit,16,11
dl_981,9,East_exit,9,7
dl_981,10,West_exit,10,6
dl_981,3,West_exit,3,2
dl_981,4,East_exit,4,3
dl_981,2,East_exit,2,2
dl_982,11,,,
dl_982,8,West_exit,8,5
dl_982,18,East_exit,18,13
dl_982,19,West_exit,19,12
dl_982,20,West_exit,20,13
dl_982,14,West_exit,14,9
dl_982,12,East_exit,12,9
dl_982,15,West_exit,15,10
dl_982,16,East_exit,16,11
dl_982,9,East_exit,9,7
dl_982,10,West_exit,10,6
dl_982,6,East_exit,6,5
dl_982,5,East_exit,5,4
dl_983,13,,,
dl_983,8,West_exit,8,5
dl_983,18,East_exit,18,13
dl_983,19,West_exit,19,12
dl_983,20,West_exit,20,13
dl_983,14,West_exit,14,9
dl_983,12,East_exit,12,9
dl_983,15,West_exit,15,10
dl_983,16,East_exit,16,11
dl_983,9,East_exit,9,7
dl_983,10,West_exit,10,6
dl_983,6,East_exit,6,5
dl_983,3,West_exit,3,2
dl_983,4,East_exit,4,3
dl_983,2,East_exit,2,2
dl_984,9,,,
dl_984,14,West_exit,14,9
dl_984,9,East_exit,9,7
dl_984,11,West_exit,11,7
dl_984,12,East_exit,12,9
dl_984,8,East_exit,8,6
dl_984,15,West_exit,15,10
dl_984,16,East_exit,16,11
dl_984,18,East_exit,18,13
dl_984,19,West_exit,19,12
dl_984,20,West_exit,20,13
dl_985,11,,,
dl_985,14,West_exit,14,9
dl_985,6,East_exit,6,5
dl_985,7,West_exit,7,4
dl_985,5,East_exit,5,4
dl_985,11,West_exit,11,7
dl_985,9,East_exit,9,7
dl_985,18,East_exit,18,13
dl_985,19,West_exit,19,12
dl_985,20,West_exit,20,13
dl_985,12,East_exit,12,9
dl_985,15,West_exit,15,10
dl_985,16,East_exit,16,11
dl_986,13,,,
dl_986,14,West_exit,14,9
dl_986,6,East_exit,6,5
dl_986,7,West_exit,7,4
dl_986,11,West_exit,11,7
dl_986,9,East_exit,9,7
dl_986,18,East_exit,18,13
dl_986,19,West_exit,19,12
dl_986,20,West_exit,20,13
dl_986,12,East_exit,12,9
dl_986,15,West_exit,15,10
dl_986,16,East_exit,16,11
dl_986,3,West_exit,3,2
dl_986,4,East_exit,4,3
dl_986,2,East_exit,2,2
dl_987,11,,,
dl_987,6,East_exit,6,5
dl_987,8,West_exit,8,5
dl_987,18,East_exit,18,13
dl_987,19,West_exit,19,12
dl_987,20,West_exit,20,13
dl_987,14,West_exit,14,9
dl_987,11,West_exit,11,7
dl_987,9,East_exit,9,7
dl_987,12,East_exit,12,9
dl_987,15,West_exit,15,10
dl_987,16,East_exit,16,11
dl_987,5,East_exit,5,4
dl_988,13,,,
dl_988,18,East_exit,18,13
dl_988,19,West_exit,19,12
dl_988,20,West_exit,20,13
dl_988,14,West_exit,14,9
dl_988,6,East_exit,6,5
dl_988,8,West_exit,8,5
dl_988,9,East_exit,9,7
dl_988,12,East_exit,12,9
dl_988,15,West_exit,15,10
dl_988,16,East_exit,16,11
dl_988,11,West_exit,11,7
dl_988,3,West_exit,3,2
dl_988,4,East_exit,4,3
dl_988,2,East_exit,2,2
dl_989,13,,,
dl_989,5,West_exit,5,3
dl_989,6,East_exit,6,5
dl_989,7,West_exit,7,4
dl_989,4,East_exit,4,3
dl_989,2,East_exit,2,2
dl_989,9,East_exit,9,7
dl_989,10,West_exit,10,6
dl_989,12,East_exit,12,9
dl_989,13,West_exit,13,8
dl_989,15,West_exit,15,10
dl_989,16,East_exit,16,11
dl_989,18,East_exit,18,13
dl_989,19,West_exit,19,12
dl_989,20,West_exit,20,13
dl_990,13,,,
dl_990,8,West_exit,8,5
dl_990,9,East_exit,9,7
dl_990,10,West_exit,10,6
dl_990,6,East_exit,6,5
dl_990,5,West_exit,5,3
dl_990,4,East_exit,4,3
dl_990,2,East_exit,2,2
dl_990,12,East_exit,12,9
dl_990,13,West_exit,13,8
dl_990,15,West_exit,15,10
dl_990,16,East_exit,16,11
dl_990,18,East_exit,18,13
dl_990,19,West_exit,19,12
dl_990,20,West_exit,20,13
dl_991,13,,,
dl_991,5,West_exit,5,3
dl_991,18,East_exit,18,13
dl_991,19,West_exit,19,12
dl_991,20,West_exit,20,13
dl_991,11,West_exit,11,7
dl_991,12,East_exit,12,9
dl_991,13,West_exit,13,8
dl_991,9,East_exit,9,7
dl_991,15,West_exit,15,10
dl_991,16,East_exit,16,11
dl_991,4,East_exit,4,3
dl_991,2,East_exit,2,2
dl_991,6,East_exit,6,5
dl_991,7,West_exit,7,4
dl_992,13,,,
dl_992,11,West_exit,11,7
dl_992,5,West_exit,5,3
dl_992,4,East_exit,4,3
dl_992,2,East_exit,2,2
dl_992,6,East_exit,6,5
dl_992,8,West_exit,8,5
dl_992,12,East_exit,12,9
dl_992,13,West_exit,13,8
dl_992,9,East_exit,9,7
dl_992,15,West_exit,15,10
dl_992,16,East_exit,16,11
dl_992,18,East_exit,18,13
dl_992,19,West_exit,19,12
dl_992,20,West_exit,20,13
dl_993,13,,,
dl_993,18,East_exit,18,13
dl_993,19,West_exit,19,12
dl_993,20,West_exit,20,13
dl_993,14,West_exit,14,9
dl_993,12,East_exit,12,9
dl_993,15,West_exit,15,10
dl_993,16,East_exit,16,11
dl_993,5,West_exit,5,3
dl_993,6,East_exit,6,5
dl_993,7,West_exit,7,4
dl_993,4,East_exit,4,3
dl_993,2,East_exit,2,2
dl_993,9,East_exit,9,7
dl_993,10,West_exit,10,6
dl_994,13,,,
dl_994,5,West_exit,5,3
dl_994,4,East_exit,4,3
dl_994,2,East_exit,2,2
dl_994,8,West_exit,8,5
dl_994,18,East_exit,18,13
dl_994,19,West_exit,19,12
dl_994,20,West_exit,20,13
dl_994,14,West_exit,14,9
dl_994,12,East_exit,12,9
dl_994,15,West_exit,15,10
dl_994,16,East_exit,16,11
dl_994,9,East_exit,9,7
dl_994,10,West_exit,10,6
dl_994,6,East_exit,6,5
dl_995,13,,,
dl_995,18,East_exit,18,13
dl_995,19,West_exit,19,12
dl_995,20,West_exit,20,13
dl_995,14,West_exit,14,9
dl_995,5,West_exit,5,3
dl_995,9,East_exit,9,7
dl_995,11,West_exit,11,7
dl_995,12,East_exit,12,9
dl_995,15,West_exit,15,10
dl_995,16,East_exit,16,11
dl_995,4,East_exit,4,3
dl_995,2,East_exit,2,2
dl_995,6,East_exit,6,5
dl_995,7,West_exit,7,4
dl_996,13,,,
dl_996,14,West_exit,14,9
dl_996,8,West_exit,8,5
dl_996,6,East_exit,6,5
dl_996,18,East_exit,18,13
dl_996,19,West_exit,19,12
dl_996,20,West_exit,20,13
dl_996,5,West_exit,5,3
dl_996,9,East_exit,9,7
dl_996,11,West_exit,11,7
dl_996,12,East_exit,12,9
dl_996,15,West_exit,15,10
dl_996,16,East_exit,16,11
dl_996,4,East_exit,4,3
dl_996,2,East_exit,2,2
dl_997,9,,,
dl_997,15,West_exit,15,10
dl_997,16,East_exit,16,11
dl_997,14,East_exit,14,10
dl_997,23,West_exit,23,15
dl_997,21,East_exit,21,15
dl_997,22,West_exit,22,14
dl_997,24,West_exit,24,16
dl_997,25,West_exit,25,16
dl_997,18,East_exit,18,13
dl_997,19,West_exit,19,12
dl_998,7,,,
dl_998,15,West_exit,15,10
dl_998,16,East_exit,16,11
dl_998,14,East_exit,14,10
dl_998,21,East_exit,21,15
dl_998,22,West_exit,22,14
dl_998,23,West_exit,23,15
dl_998,18,East_exit,18,13
dl_998,19,West_exit,19,12
dl_999,11,,,
dl_999,12,East_exit,12,9
dl_999,13,West_exit,13,8
dl_999,11,East_exit,11,8
dl_999,15,West_exit,15,10
dl_999,16,East_exit,16,11
dl_999,23,West_exit,23,15
dl_999,21,East_exit,21,15
dl_999,22,West_exit,22,14
dl_999,24,West_exit,24,16
dl_999,25,West_exit,25,16
dl_999,18,East_exit,18,13
dl_999,19,West_exit,19,12
dl_1000,9,,,
dl_1000,12,East_exit,12,9
dl_1000,13,West_exit,13,8
dl_1000,11,East_exit,11,8
dl_1000,15,West_exit,15,10
dl_1000,16,East_exit,16,11
dl_1000,21,East_exit,21,15
dl_1000,22,West_exit,22,14
dl_1000,23,West_exit,23,15
dl_1000,18,East_exit,18,13
dl_1000,19,West_exit,19,12
dl_1001,13,,,
dl_1001,9,East_exit,9,7
dl_1001,10,West_exit,10,6
dl_1001,8,East_exit,8,6
dl_1001,15,West_exit,15,10
dl_1001,16,East_exit,16,11
dl_1001,12,East_exit,12,9
dl_1001,13,West_exit,13,8
dl_1001,23,West_exit,23,15
dl_1001,21,East_exit,21,15
dl_1001,22,West_exit,22,14
dl_1001,24,West_exit,24,16
dl_1001,25,West_exit,25,16
dl_1001,18,East_exit,18,13
dl_1001,19,West_exit,19,12
dl_1002,15,,,
dl_1002,6,East_exit,6,5
dl_1002,7,West_exit,7,4
dl_1002,5,East_exit,5,4
dl_1002,9,East_exit,9,7
dl_1002,10,West_exit,10,6
dl_1002,15,West_exit,15,10
dl_1002,16,East_exit,16,11
dl_1002,12,East_exit,12,9
dl_1002,13,West_exit,13,8
dl_1002,23,West_exit,23,15
dl_1002,21,East_exit,21,15
dl_1002,22,West_exit,22,14
dl_1002,24,West_exit,24,16
dl_1002,25,West_exit,25,16
dl_1002,18,East_exit,18,13
dl_1002,19,West_exit,19,12
dl_1003,11,,,
dl_1003,9,East_exit,9,7
dl_1003,10,West_exit,10,6
dl_1003,8,East_exit,8,6
dl_1003,15,West_exit,15,10
dl_1003,16,East_exit,16,11
dl_1003,12,East_exit,12,9
dl_1003,13,West_exit,13,8
dl_1003,21,East_exit,21,15
dl_1003,22,West_exit,22,14
dl_1003,23,West_exit,23,15
dl_1003,18,East_exit,18,13
dl_1003,19,West_exit,19,12
dl_1004,13,,,
dl_1004,6,East_exit,6,5
dl_1004,7,West_exit,7,4
dl_1004,5,East_exit,5,4
dl_1004,9,East_exit,9,7
dl_1004,10,West_exit,10,6
dl_1004,15,West_exit,15,10
dl_1004,16,East_exit,16,11
dl_1004,12,East_exit,12,9
dl_1004,13,West_exit,13,8
dl_1004,21,East_exit,21,15
dl_1004,22,West_exit,22,14
dl_1004,23,West_exit,23,15
dl_1004,18,East_exit,18,13
dl_1004,19,West_exit,19,12
dl_1005,17,,,
dl_1005,6,East_exit,6,5
dl_1005,7,West_exit,7,4
dl_1005,9,East_exit,9,7
dl_1005,10,West_exit,10,6
dl_1005,3,West_exit,3,2
dl_1005,4,East_exit,4,3
dl_1005,2,East_exit,2,2
dl_1005,15,West_exit,15,10
dl_1005,16,East_exit,16,11
dl_1005,12,East_exit,12,9
dl_1005,13,West_exit,13,8
dl_1005,23,West_exit,23,15
dl_1005,21,East_exit,21,15
dl_1005,22,West_exit,22,14
dl_1005,24,West_exit,24,16
dl_1005,25,West_exit,25,16
dl_1005,18,East_exit,18,13
dl_1005,19,West_exit,19,12
dl_1006,15,,,
dl_1006,6,East_exit,6,5
dl_1006,7,West_exit,7,4
dl_1006,9,East_exit,9,7
dl_1006,10,West_exit,10,6
dl_1006,3,West_exit,3,2
dl_1006,4,East_exit,4,3
dl_1006,2,East_exit,2,2
dl_1006,15,West_exit,15,10
dl_1006,16,East_exit,16,11
dl_1006,12,East_exit,12,9
dl_1006,13,West_exit,13,8
dl_1006,21,East_exit,21,15
dl_1006,22,West_exit,22,14
dl_1006,23,West_exit,23,15
dl_1006,18,East_exit,18,13
dl_1006,19,West_exit,19,12
dl_1007,15,,,
dl_1007,8,West_exit,8,5
dl_1007,9,East_exit,9,7
dl_1007,10,West_exit,10,6
dl_1007,6,East_exit,6,5
dl_1007,5,East_exit,5,4
dl_1007,15,West_exit,15,10
dl_1007,16,East_exit,16,11
dl_1007,12,East_exit,12,9
dl_1007,13,West_exit,13,8
dl_1007,23,West_exit,23,15
dl_1007,21,East_exit,21,15
dl_1007,22,West_exit,22,14
dl_1007,24,West_exit,24,16
dl_1007,25,West_exit,25,16
dl_1007,18,East_exit,18,13
dl_1007,19,West_exit,19,12
dl_1008,13,,,
dl_1008,8,West_exit,8,5
dl_1008,9,East_exit,9,7
dl_1008,10,West_exit,10,6
dl_1008,6,East_exit,6,5
dl_1008,5,East_exit,5,4
dl_1008,15,West_exit,15,10
dl_1008,16,East_exit,16,11
dl_1008,12,East_exit,12,9
dl_1008,13,West_exit,13,8
dl_1008,21,East_exit,21,15
dl_1008,22,West_exit,22,14
dl_1008,23,West_exit,23,15
dl_1008,18,East_exit,18,13
dl_1008,19,West_exit,19,12
dl_1009,17,,,
dl_1009,8,West_exit,8,5
dl_1009,9,East_exit,9,7
dl_1009,10,West_exit,10,6
dl_1009,6,East_exit,6,5
dl_1009,3,West_exit,3,2
dl_1009,4,East_exit,4,3
dl_1009,2,East_exit,2,2
dl_1009,15,West_exit,15,10
dl_1009,16,East_exit,16,11
dl_1009,12,East_exit,12,9
dl_1009,13,West_exit,13,8
dl_1009,23,West_exit,23,15
dl_1009,21,East_exit,21,15
dl_1009,22,West_exit,22,14
dl_1009,24,West_exit,24,16
dl_1009,25,West_exit,25,16
dl_1009,18,East_exit,18,13
dl_1009,19,West_exit,19,12
dl_1010,15,,,
dl_1010,8,West_exit,8,5
dl_1010,9,East_exit,9,7
dl_1010,10,West_exit,10,6
dl_1010,6,East_exit,6,5
dl_1010,3,West_exit,3,2
dl_1010,4,East_exit,4,3
dl_1010,2,East_exit,2,2
dl_1010,15,West_exit,15,10
dl_1010,16,East_exit,16,11
dl_1010,12,East_exit,12,9
dl_1010,13,West_exit,13,8
dl_1010,21,East_exit,21,15
dl_1010,22,West_exit,22,14
dl_1010,23,West_exit,23,15
dl_1010,18,East_exit,18,13
dl_1010,19,West_exit,19,12
dl_1011,13,,,
dl_1011,11,West_exit,11,7
dl_1011,15,West_exit,15,10
dl_1011,16,East_exit,16,11
dl_1011,9,East_exit,9,7
dl_1011,8,East_exit,8,6
dl_1011,12,East_exit,12,9
dl_1011,13,West_exit,13,8
dl_1011,23,West_exit,23,15
dl_1011,21,East_exit,21,15
dl_1011,22,West_exit,22,14
dl_1011,24,West_exit,24,16
dl_1011,25,West_exit,25,16
dl_1011,18,East_exit,18,13
dl_1011,19,West_exit,19,12
dl_1012,15,,,
dl_1012,11,West_exit,11,7
dl_1012,6,East_exit,6,5
dl_1012,7,West_exit,7,4
dl_1012,5,East_exit,5,4
dl_1012,15,West_exit,15,10
dl_1012,16,East_exit,16,11
dl_1012,9,East_exit,9,7
dl_1012,12,East_exit,12,9
dl_1012,13,West_exit,13,8
dl_1012,23,West_exit,23,15
dl_1012,21,East_exit,21,15
dl_1012,22,West_exit,22,14
dl_1012,24,West_exit,24,16
dl_1012,25,West_exit,25,16
dl_1012,18,East_exit,18,13
dl_1012,19,West_exit,19,12
dl_1013,11,,,
dl_1013,11,West_exit,11,7
dl_1013,15,West_exit,15,10
dl_1013,16,East_exit,16,11
dl_1013,9,East_exit,9,7
dl_1013,8,East_exit,8,6
dl_1013,12,East_exit,12,9
dl_1013,13,West_exit,13,8
dl_1013,21,East_exit,21,15
dl_1013,22,West_exit,22,14
dl_1013,23,West_exit,23,15
dl_1013,18,East_exit,18,13
dl_1013,19,West_exit,19,12
dl_1014,13,,,
dl_1014,11,West_exit,11,7
dl_1014,6,East_exit,6,5
dl_1014,7,West_exit,7,4
dl_1014,5,East_exit,5,4
dl_1014,15,West_exit,15,10
dl_1014,16,East_exit,16,11
dl_1014,9,East_exit,9,7
dl_1014,12,East_exit,12,9
dl_1014,13,West_exit,13,8
dl_1014,21,East_exit,21,15
dl_1014,22,West_exit,22,14
dl_1014,23,West_exit,23,15
dl_1014,18,East_exit,18,13
dl_1014,19,West_exit,19,12
dl_1015,17,,,
dl_1015,11,West_exit,11,7
dl_1015,6,East_exit,6,5
dl_1015,7,West_exit,7,4
dl_1015,15,West_exit,15,10
dl_1015,16,East_exit,16,11
dl_1015,9,East_exit,9,7
dl_1015,12,East_exit,12,9
dl_1015,13,West_exit,13,8
dl_1015,23,West_exit,23,15
dl_1015,21,East_exit,21,15
dl_1015,22,West_exit,22,14
dl_1015,24,West_exit,24,16
dl_1015,25,West_exit,25,16
dl_1015,18,East_exit,18,13
dl_1015,19,West_exit,19,12
dl_1015,3,West_exit,3,2
dl_1015,4,East_exit,4,3
dl_1015,2,East_exit,2,2
dl_1016,15,,,
dl_1016,11,West_exit,11,7
dl_1016,6,East_exit,6,5
dl_1016,7,West_exit,7,4
dl_1016,15,West_exit,15,10
dl_1016,16,East_exit,16,11
dl_1016,9,East_exit,9,7
dl_1016,12,East_exit,12,9
dl_1016,13,West_exit,13,8
dl_1016,21,East_exit,21,15
dl_1016,22,West_exit,22,14
dl_1016,23,West_exit,23,15
dl_1016,18,East_exit,18,13
dl_1016,19,West_exit,19,12
dl_1016,3,West_exit,3,2
dl_1016,4,East_exit,4,3
dl_1016,2,East_exit,2,2
dl_1017,15,,,
dl_1017,11,West_exit,11,7
dl_1017,15,West_exit,15,10
dl_1017,16,East_exit,16,11
dl_1017,9,East_exit,9,7
dl_1017,8,West_exit,8,5
dl_1017,6,East_exit,6,5
dl_1017,5,East_exit,5,4
dl_1017,12,East_exit,12,9
dl_1017,13,West_exit,13,8
dl_1017,23,West_exit,23,15
dl_1017,21,East_exit,21,15
dl_1017,22,West_exit,22,14
dl_1017,24,West_exit,24,16
dl_1017,25,West_exit,25,16
dl_1017,18,East_exit,18,13
dl_1017,19,West_exit,19,12
dl_1018,13,,,
dl_1018,11,West_exit,11,7
dl_1018,15,West_exit,15,10
dl_1018,16,East_exit,16,11
dl_1018,9,East_exit,9,7
dl_1018,8,West_exit,8,5
dl_1018,6,East_exit,6,5
dl_1018,5,East_exit,5,4
dl_1018,12,East_exit,12,9
dl_1018,13,West_exit,13,8
dl_1018,21,East_exit,21,15
dl_1018,22,West_exit,22,14
dl_1018,23,West_exit,23,15
dl_1018,18,East_exit,18,13
dl_1018,19,West_exit,19,12
dl_1019,17,,,
dl_1019,11,West_exit,11,7
dl_1019,15,West_exit,15,10
dl_1019,16,East_exit,16,11
dl_1019,9,East_exit,9,7
dl_1019,8,West_exit,8,5
dl_1019,6,East_exit,6,5
dl_1019,12,East_exit,12,9
dl_1019,13,West_exit,13,8
dl_1019,3,West_exit,3,2
dl_1019,4,East_exit,4,3
dl_1019,2,East_exit,2,2
dl_1019,23,West_exit,23,15
dl_1019,21,East_exit,21,15
dl_1019,22,West_exit,22,14
dl_1019,24,West_exit,24,16
dl_1019,25,West_exit,25,16
dl_1019,18,East_exit,18,13
dl_1019,19,West_exit,19,12
dl_1020,15,,,
dl_1020,11,West_exit,11,7
dl_1020,15,West_exit,15,10
dl_1020,16,East_exit,16,11
dl_1020,9,East_exit,9,7
dl_1020,8,West_exit,8,5
dl_1020,6,East_exit,6,5
dl_1020,12,East_exit,12,9
dl_1020,13,West_exit,13,8
dl_1020,3,West_exit,3,2
dl_1020,4,East_exit,4,3
dl_1020,2,East_exit,2,2
dl_1020,21,East_exit,21,15
dl_1020,22,West_exit,22,14
dl_1020,23,West_exit,23,15
dl_1020,18,East_exit,18,13
dl_1020,19,West_exit,19,12
dl_1021,11,,,
dl_1021,12,East_exit,12,9
dl_1021,14,West_exit,14,9
dl_1021,11,East_exit,11,8
dl_1021,15,West_exit,15,10
dl_1021,16,East_exit,16,11
dl_1021,23,West_exit,23,15
dl_1021,21,East_exit,21,15
dl_1021,22,West_exit,22,14
dl_1021,24,West_exit,24,16
dl_1021,25,West_exit,25,16
dl_1021,18,East_exit,18,13
dl_1021,19,West_exit,19,12
dl_1022,9,,,
dl_1022,12,East_exit,12,9
dl_1022,14,West_exit,14,9
dl_1022,11,East_exit,11,8
dl_1022,15,West_exit,15,10
dl_1022,16,East_exit,16,11
dl_1022,21,East_exit,21,15
dl_1022,22,West_exit,22,14
dl_1022,23,West_exit,23,15
dl_1022,18,East_exit,18,13
dl_1022,19,West_exit,19,12
dl_1023,13,,,
dl_1023,9,East_exit,9,7
dl_1023,10,West_exit,10,6
dl_1023,8,East_exit,8,6
dl_1023,12,East_exit,12,9
dl_1023,14,West_exit,14,9
dl_1023,15,West_exit,15,10
dl_1023,16,East_exit,16,11
dl_1023,23,West_exit,23,15
dl_1023,21,East_exit,21,15
dl_1023,22,West_exit,22,14
dl_1023,24,West_exit,24,16
dl_1023,25,West_exit,25,16
dl_1023,18,East_exit,18,13
dl_1023,19,West_exit,19,12
dl_1024,15,,,
dl_1024,6,East_exit,6,5
dl_1024,7,West_exit,7,4
dl_1024,5,East_exit,5,4
dl_1024,12,East_exit,12,9
dl_1024,14,West_exit,14,9
dl_1024,15,West_exit,15,10
dl_1024,16,East_exit,16,11
dl_1024,9,East_exit,9,7
dl_1024,10,West_exit,10,6
dl_1024,23,West_exit,23,15
dl_1024,21,East_exit,21,15
dl_1024,22,West_exit,22,14
dl_1024,24,West_exit,24,16
dl_1024,25,West_exit,25,16
dl_1024,18,East_exit,18,13
dl_1024,19,West_exit,19,12
dl_1025,11,,,
dl_1025,9,East_exit,9,7
dl_1025,10,West_exit,10,6
dl_1025,8,East_exit,8,6
dl_1025,12,East_exit,12,9
dl_1025,14,West_exit,14,9
dl_1025,15,West_exit,15,10
dl_1025,16,East_exit,16,11
dl_1025,21,East_exit,21,15
dl_1025,22,West_exit,22,14
dl_1025,23,West_exit,23,15
dl_1025,18,East_exit,18,13
dl_1025,19,West_exit,19,12
dl_1026,13,,,
dl_1026,6,East_exit,6,5
dl_1026,7,West_exit,7,4
dl_1026,5,East_exit,5,4
dl_1026,12,East_exit,12,9
dl_1026,14,West_exit,14,9
dl_1026,15,West_exit,15,10
dl_1026,16,East_exit,16,11
dl_1026,9,East_exit,9,7
dl_1026,10,West_exit,10,6
dl_1026,21,East_exit,21,15
dl_1026,22,West_exit,22,14
dl_1026,23,West_exit,23,15
dl_1026,18,East_exit,18,13
dl_1026,19,West_exit,19,12
dl_1027,17,,,
dl_1027,6,East_exit,6,5
dl_1027,7,West_exit,7,4
dl_1027,3,West_exit,3,2
dl_1027,4,East_exit,4,3
dl_1027,2,East_exit,2,2
dl_1027,18,East_exit,18,13
dl_1027,19,West_exit,19,12
dl_1027,21,East_exit,21,15
dl_1027,22,West_exit,22,14
dl_1027,23,West_exit,23,15
dl_1027,24,West_exit,24,16
dl_1027,25,West_exit,25,16
dl_1027,14,West_exit,14,9
dl_1027,12,East_exit,12,9
dl_1027,15,West_exit,15,10
dl_1027,16,East_exit,16,11
dl_1027,9,East_exit,9,7
dl_1027,10,West_exit,10,6
dl_1028,15,,,
dl_1028,6,East_exit,6,5
dl_1028,7,West_exit,7,4
dl_1028,3,West_exit,3,2
dl_1028,4,East_exit,4,3
dl_1028,2,East_exit,2,2
dl_1028,18,East_exit,18,13
dl_1028,19,West_exit,19,12
dl_1028,21,East_exit,21,15
dl_1028,22,West_exit,22,14
dl_1028,23,West_exit,23,15
dl_1028,14,West_exit,14,9
dl_1028,12,East_exit,12,9
dl_1028,15,West_exit,15,10
dl_1028,16,East_exit,16,11
dl_1028,9,East_exit,9,7
dl_1028,10,West_exit,10,6
dl_1029,15,,,
dl_1029,8,West_exit,8,5
dl_1029,12,East_exit,12,9
dl_1029,14,West_exit,14,9
dl_1029,15,West_exit,15,10
dl_1029,16,East_exit,16,11
dl_1029,6,East_exit,6,5
dl_1029,5,East_exit,5,4
dl_1029,9,East_exit,9,7
dl_1029,10,West_exit,10,6
dl_1029,23,West_exit,23,15
dl_1029,21,East_exit,21,15
dl_1029,22,West_exit,22,14
dl_1029,24,West_exit,24,16
dl_1029,25,West_exit,25,16
dl_1029,18,East_exit,18,13
dl_1029,19,West_exit,19,12
dl_1030,13,,,
dl_1030,8,West_exit,8,5
dl_1030,12,East_exit,12,9
dl_1030,14,West_exit,14,9
dl_1030,15,West_exit,15,10
dl_1030,16,East_exit,16,11
dl_1030,6,East_exit,6,5
dl_1030,5,East_exit,5,4
dl_1030,9,East_exit,9,7
dl_1030,10,West_exit,10,6
dl_1030,21,East_exit,21,15
dl_1030,22,West_exit,22,14
dl_1030,23,West_exit,23,15
dl_1030,18,East_exit,18,13
dl_1030,19,West_exit,19,12
dl_1031,17,,,
dl_1031,8,West_exit,8,5
dl_1031,12,East_exit,12,9
dl_1031,14,West_exit,14,9
dl_1031,15,West_exit,15,10
dl_1031,16,East_exit,16,11
dl_1031,6,East_exit,6,5
dl_1031,9,East_exit,9,7
dl_1031,10,West_exit,10,6
dl_1031,3,West_exit,3,2
dl_1031,4,East_exit,4,3
dl_1031,2,East_exit,2,2
dl_1031,23,West_exit,23,15
dl_1031,21,East_exit,21,15
dl_1031,22,West_exit,22,14
dl_1031,24,West_exit,24,16
dl_1031,25,West_exit,25,16
dl_1031,18,East_exit,18,13
dl_1031,19,West_exit,19,12
dl_1032,15,,,
dl_1032,8,West_exit,8,5
dl_1032,12,East_exit,12,9
dl_1032,14,West_exit,14,9
dl_1032,15,West_exit,15,10
dl_1032,16,East_exit,16,11
dl_1032,6,East_exit,6,5
dl_1032,9,East_exit,9,7
dl_1032,10,West_exit,10,6
dl_1032,3,West_exit,3,2
dl_1032,4,East_exit,4,3
dl_1032,2,East_exit,2,2
dl_1032,21,East_exit,21,15
dl_1032,22,West_exit,22,14
dl_1032,23,West_exit,23,15
dl_1032,18,East_exit,18,13
dl_1032,19,West_exit,19,12
dl_1033,13,,,
dl_1033,9,East_exit,9,7
dl_1033,11,West_exit,11,7
dl_1033,8,East_exit,8,6
dl_1033,12,East_exit,12,9
dl_1033,14,West_exit,14,9
dl_1033,15,West_exit,15,10
dl_1033,16,East_exit,16,11
dl_1033,23,West_exit,23,15
dl_1033,21,East_exit,21,15
dl_1033,22,West_exit,22,14
dl_1033,24,West_exit,24,16
dl_1033,25,West_exit,25,16
dl_1033,18,East_exit,18,13
dl_1033,19,West_exit,19,12
dl_1034,15,,,
dl_1034,6,East_exit,6,5
dl_1034,7,West_exit,7,4
dl_1034,5,East_exit,5,4
dl_1034,9,East_exit,9,7
dl_1034,12,East_exit,12,9
dl_1034,14,West_exit,14,9
dl_1034,15,West_exit,15,10
dl_1034,16,East_exit,16,11
dl_1034,11,West_exit,11,7
dl_1034,23,West_exit,23,15
dl_1034,21,East_exit,21,15
dl_1034,22,West_exit,22,14
dl_1034,24,West_exit,24,16
dl_1034,25,West_exit,25,16
dl_1034,18,East_exit,18,13
dl_1034,19,West_exit,19,12
dl_1035,11,,,
dl_1035,9,East_exit,9,7
dl_1035,11,West_exit,11,7
dl_1035,8,East_exit,8,6
dl_1035,12,East_exit,12,9
dl_1035,14,West_exit,14,9
dl_1035,15,West_exit,15,10
dl_1035,16,East_exit,16,11
dl_1035,21,East_exit,21,15
dl_1035,22,West_exit,22,14
dl_1035,23,West_exit,23,15
dl_1035,18,East_exit,18,13
dl_1035,19,West_exit,19,12
dl_1036,13,,,
dl_1036,6,East_exit,6,5
dl_1036,7,West_exit,7,4
dl_1036,5,East_exit,5,4
dl_1036,9,East_exit,9,7
dl_1036,12,East_exit,12,9
dl_1036,14,West_exit,14,9
dl_1036,15,West_exit,15,10
dl_1036,16,East_exit,16,11
dl_1036,11,West_exit,11,7
dl_1036,21,East_exit,21,15
dl_1036,22,West_exit,22,14
dl_1036,23,West_exit,23,15
dl_1036,18,East_exit,18,13
dl_1036,19,West_exit,19,12
dl_1037,17,,,
dl_1037,6,East_exit,6,5
dl_1037,7,West_exit,7,4
dl_1037,9,East_exit,9,7
dl_1037,12,East_exit,12,9
dl_1037,14,West_exit,14,9
dl_1037,15,West_exit,15,10
dl_1037,16,East_exit,16,11
dl_1037,11,West_exit,11,7
dl_1037,23,West_exit,23,15
dl_1037,21,East_exit,21,15
dl_1037,22,West_exit,22,14
dl_1037,24,West_exit,24,16
dl_1037,25,West_exit,25,16
dl_1037,18,East_exit,18,13
dl_1037,19,West_exit,19,12
dl_1037,3,West_exit,3,2
dl_1037,4,East_exit,4,3
dl_1037,2,East_exit,2,2
dl_1038,15,,,
dl_1038,6,East_exit,6,5
dl_1038,7,West_exit,7,4
dl_1038,9,East_exit,9,7
dl_1038,12,East_exit,12,9
dl_1038,14,West_exit,14,9
dl_1038,15,West_exit,15,10
dl_1038,16,East_exit,16,11
dl_1038,11,West_exit,11,7
dl_1038,21,East_exit,21,15
dl_1038,22,West_exit,22,14
dl_1038,23,West_exit,23,15
dl_1038,18,East_exit,18,13
dl_1038,19,West_exit,19,12
dl_1038,3,West_exit,3,2
dl_1038,4,East_exit,4,3
dl_1038,2,East_exit,2,2
dl_1039,15,,,
dl_1039,6,East_exit,6,5
dl_1039,8,West_exit,8,5
dl_1039,5,East_exit,5,4
dl_1039,9,East_exit,9,7
dl_1039,12,East_exit,12,9
dl_1039,14,West_exit,14,9
dl_1039,15,West_exit,15,10
dl_1039,16,East_exit,16,11
dl_1039,11,West_exit,11,7
dl_1039,23,West_exit,23,15
dl_1039,21,East_exit,21,15
dl_1039,22,West_exit,22,14
dl_1039,24,West_exit,24,16
dl_1039,25,West_exit,25,16
dl_1039,18,East_exit,18,13
dl_1039,19,West_exit,19,12
dl_1040,13,,,
dl_1040,6,East_exit,6,5
dl_1040,8,West_exit,8,5
dl_1040,5,East_exit,5,4
dl_1040,9,East_exit,9,7
dl_1040,12,East_exit,12,9
dl_1040,14,West_exit,14,9
dl_1040,15,West_exit,15,10
dl_1040,16,East_exit,16,11
dl_1040,11,West_exit,11,7
dl_1040,21,East_exit,21,15
dl_1040,22,West_exit,22,14
dl_1040,23,West_exit,23,15
dl_1040,18,East_exit,18,13
dl_1040,19,West_exit,19,12
dl_1041,17,,,
dl_1041,6,East_exit,6,5
dl_1041,8,West_exit,8,5
dl_1041,9,East_exit,9,7
dl_1041,12,East_exit,12,9
dl_1041,14,West_exit,14,9
dl_1041,15,West_exit,15,10
dl_1041,16,East_exit,16,11
dl_1041,11,West_exit,11,7
dl_1041,23,West_exit,23,15
dl_1041,21,East_exit,21,15
dl_1041,22,West_exit,22,14
dl_1041,24,West_exit,24,16
dl_1041,25,West_exit,25,16
dl_1041,18,East_exit,18,13
dl_1041,19,West_exit,19,12
dl_1041,3,West_exit,3,2
dl_1041,4,East_exit,4,3
dl_1041,2,East_exit,2,2
dl_1042,15,,,
dl_1042,6,East_exit,6,5
dl_1042,8,West_exit,8,5
dl_1042,9,East_exit,9,7
dl_1042,12,East_exit,12,9
dl_1042,14,West_exit,14,9
dl_1042,15,West_exit,15,10
dl_1042,16,East_exit,16,11
dl_1042,11,West_exit,11,7
dl_1042,21,East_exit,21,15
dl_1042,22,West_exit,22,14
dl_1042,23,West_exit,23,15
dl_1042,18,East_exit,18,13
dl_1042,19,West_exit,19,12
dl_1042,3,West_exit,3,2
dl_1042,4,East_exit,4,3
dl_1042,2,East_exit,2,2
dl_1043,17,,,
dl_1043,5,West_exit,5,3
dl_1043,6,East_exit,6,5
dl_1043,7,West_exit,7,4
dl_1043,4,East_exit,4,3
dl_1043,2,East_exit,2,2
dl_1043,9,East_exit,9,7
dl_1043,10,West_exit,10,6
dl_1043,15,West_exit,15,10
dl_1043,16,East_exit,16,11
dl_1043,12,East_exit,12,9
dl_1043,13,West_exit,13,8
dl_1043,23,West_exit,23,15
dl_1043,21,East_exit,21,15
dl_1043,22,West_exit,22,14
dl_1043,24,West_exit,24,16
dl_1043,25,West_exit,25,16
dl_1043,18,East_exit,18,13
dl_1043,19,West_exit,19,12
dl_1044,15,,,
dl_1044,5,West_exit,5,3
dl_1044,6,East_exit,6,5
dl_1044,7,West_exit,7,4
dl_1044,4,East_exit,4,3
dl_1044,2,East_exit,2,2
dl_1044,9,East_exit,9,7
dl_1044,10,West_exit,10,6
dl_1044,15,West_exit,15,10
dl_1044,16,East_exit,16,11
dl_1044,12,East_exit,12,9
dl_1044,13,West_exit,13,8
dl_1044,21,East_exit,21,15
dl_1044,22,West_exit,22,14
dl_1044,23,West_exit,23,15
dl_1044,18,East_exit,18,13
dl_1044,19,West_exit,19,12
dl_1045,17,,,
dl_1045,8,West_exit,8,5
dl_1045,9,East_exit,9,7
dl_1045,10,West_exit,10,6
dl_1045,6,East_exit,6,5
dl_1045,5,West_exit,5,3
dl_1045,4,East_exit,4,3
dl_1045,2,East_exit,2,2
dl_1045,15,West_exit,15,10
dl_1045,16,East_exit,16,11
dl_1045,12,East_exit,12,9
dl_1045,13,West_exit,13,8
dl_1045,23,West_exit,23,15
dl_1045,21,East_exit,21,15
dl_1045,22,West_exit,22,14
dl_1045,24,West_exit,24,16
dl_1045,25,West_exit,25,16
dl_1045,18,East_exit,18,13
dl_1045,19,West_exit,19,12
dl_1046,15,,,
dl_1046,8,West_exit,8,5
dl_1046,9,East_exit,9,7
dl_1046,10,West_exit,10,6
dl_1046,6,East_exit,6,5
dl_1046,5,West_exit,5,3
dl_1046,4,East_exit,4,3
dl_1046,2,East_exit,2,2
dl_1046,15,West_exit,15,10
dl_1046,16,East_exit,16,11
dl_1046,12,East_exit,12,9
dl_1046,13,West_exit,13,8
dl_1046,21,East_exit,21,15
dl_1046,22,West_exit,22,14
dl_1046,23,West_exit,23,15
dl_1046,18,East_exit,18,13
dl_1046,19,West_exit,19,12
dl_1047,17,,,
dl_1047,11,West_exit,11,7
dl_1047,5,West_exit,5,3
dl_1047,15,West_exit,15,10
dl_1047,16,East_exit,16,11
dl_1047,9,East_exit,9,7
dl_1047,6,East_exit,6,5
dl_1047,7,West_exit,7,4
dl_1047,4,East_exit,4,3
dl_1047,2,East_exit,2,2
dl_1047,12,East_exit,12,9
dl_1047,13,West_exit,13,8
dl_1047,23,West_exit,23,15
dl_1047,21,East_exit,21,15
dl_1047,22,West_exit,22,14
dl_1047,24,West_exit,24,16
dl_1047,25,West_exit,25,16
dl_1047,18,East_exit,18,13
dl_1047,19,West_exit,19,12
dl_1048,15,,,
dl_1048,11,West_exit,11,7
dl_1048,5,West_exit,5,3
dl_1048,15,West_exit,15,10
dl_1048,16,East_exit,16,11
dl_1048,9,East_exit,9,7
dl_1048,6,East_exit,6,5
dl_1048,7,West_exit,7,4
dl_1048,4,East_exit,4,3
dl_1048,2,East_exit,2,2
dl_1048,12,East_exit,12,9
dl_1048,13,West_exit,13,8
dl_1048,21,East_exit,21,15
dl_1048,22,West_exit,22,14
dl_1048,23,West_exit,23,15
dl_1048,18,East_exit,18,13
dl_1048,19,West_exit,19,12
dl_1049,17,,,
dl_1049,11,West_exit,11,7
dl_1049,15,West_exit,15,10
dl_1049,16,East_exit,16,11
dl_1049,8,West_exit,8,5
dl_1049,6,East_exit,6,5
dl_1049,5,West_exit,5,3
dl_1049,9,East_exit,9,7
dl_1049,4,East_exit,4,3
dl_1049,2,East_exit,2,2
dl_1049,12,East_exit,12,9
dl_1049,13,West_exit,13,8
dl_1049,23,West_exit,23,15
dl_1049,21,East_exit,21,15
dl_1049,22,West_exit,22,14
dl_1049,24,West_exit,24,16
dl_1049,25,West_exit,25,16
dl_1049,18,East_exit,18,13
dl_1049,19,West_exit,19,12
dl_1050,15,,,
dl_1050,11,West_exit,11,7
dl_1050,15,West_exit,15,10
dl_1050,16,East_exit,16,11
dl_1050,8,West_exit,8,5
dl_1050,6,East_exit,6,5
dl_1050,5,West_exit,5,3
dl_1050,9,East_exit,9,7
dl_1050,4,East_exit,4,3
dl_1050,2,East_exit,2,2
dl_1050,12,East_exit,12,9
dl_1050,13,West_exit,13,8
dl_1050,21,East_exit,21,15
dl_1050,22,West_exit,22,14
dl_1050,23,West_exit,23,15
dl_1050,18,East_exit,18,13
dl_1050,19,West_exit,19,12
dl_1051,17,,,
dl_1051,18,East_exit,18,13
dl_1051,19,West_exit,19,12
dl_1051,21,East_exit,21,15
dl_1051,22,West_exit,22,14
dl_1051,23,West_exit,23,15
dl_1051,24,West_exit,24,16
dl_1051,25,West_exit,25,16
dl_1051,14,West_exit,14,9
dl_1051,5,West_exit,5,3
dl_1051,6,East_exit,6,5
dl_1051,7,West_exit,7,4
dl_1051,4,East_exit,4,3
dl_1051,2,East_exit,2,2
dl_1051,12,East_exit,12,9
dl_1051,9,East_exit,9,7
dl_1051,10,West_exit,10,6
dl_1051,15,West_exit,15,10
dl_1051,16,East_exit,16,11
dl_1052,15,,,
dl_1052,18,East_exit,18,13
dl_1052,19,West_exit,19,12
dl_1052,21,East_exit,21,15
dl_1052,22,West_exit,22,14
dl_1052,23,West_exit,23,15
dl_1052,14,West_exit,14,9
dl_1052,5,West_exit,5,3
dl_1052,6,East_exit,6,5
dl_1052,7,West_exit,7,4
dl_1052,4,East_exit,4,3
dl_1052,2,East_exit,2,2
dl_1052,12,East_exit,12,9
dl_1052,9,East_exit,9,7
dl_1052,10,West_exit,10,6
dl_1052,15,West_exit,15,10
dl_1052,16,East_exit,16,11
dl_1053,17,,,
dl_1053,8,West_exit,8,5
dl_1053,18,East_exit,18,13
dl_1053,19,West_exit,19,12
dl_1053,21,East_exit,21,15
dl_1053,22,West_exit,22,14
dl_1053,23,West_exit,23,15
dl_1053,24,West_exit,24,16
dl_1053,25,West_exit,25,16
dl_1053,14,West_exit,14,9
dl_1053,12,East_exit,12,9
dl_1053,15,West_exit,15,10
dl_1053,16,East_exit,16,11
dl_1053,9,East_exit,9,7
dl_1053,10,West_exit,10,6
dl_1053,6,East_exit,6,5
dl_1053,5,West_exit,5,3
dl_1053,4,East_exit,4,3
dl_1053,2,East_exit,2,2
dl_1054,15,,,
dl_1054,8,West_exit,8,5
dl_1054,18,East_exit,18,13
dl_1054,19,West_exit,19,12
dl_1054,21,East_exit,21,15
dl_1054,22,West_exit,22,14
dl_1054,23,West_exit,23,15
dl_1054,14,West_exit,14,9
dl_1054,12,East_exit,12,9
dl_1054,15,West_exit,15,10
dl_1054,16,East_exit,16,11
dl_1054,9,East_exit,9,7
dl_1054,10,West_exit,10,6
dl_1054,6,East_exit,6,5
dl_1054,5,West_exit,5,3
dl_1054,4,East_exit,4,3
dl_1054,2,East_exit,2,2
dl_1055,17,,,
dl_1055,5,West_exit,5,3
dl_1055,18,East_exit,18,13
dl_1055,19,West_exit,19,12
dl_1055,21,East_exit,21,15
dl_1055,22,West_exit,22,14
dl_1055,23,West_exit,23,15
dl_1055,24,West_exit,24,16
dl_1055,25,West_exit,25,16
dl_1055,14,West_exit,14,9
dl_1055,12,East_exit,12,9
dl_1055,11,West_exit,11,7
dl_1055,15,West_exit,15,10
dl_1055,16,East_exit,16,11
dl_1055,9,East_exit,9,7
dl_1055,6,East_exit,6,5
dl_1055,7,West_exit,7,4
dl_1055,4,East_exit,4,3
dl_1055,2,East_exit,2,2
dl_1056,15,,,
dl_1056,5,West_exit,5,3
dl_1056,18,East_exit,18,13
dl_1056,19,West_exit,19,12
dl_1056,21,East_exit,21,15
dl_1056,22,West_exit,22,14
dl_1056,23,West_exit,23,15
dl_1056,14,West_exit,14,9
dl_1056,12,East_exit,12,9
dl_1056,11,West_exit,11,7
dl_1056,15,West_exit,15,10
dl_1056,16,East_exit,16,11
dl_1056,9,East_exit,9,7
dl_1056,6,East_exit,6,5
dl_1056,7,West_exit,7,4
dl_1056,4,East_exit,4,3
dl_1056,2,East_exit,2,2
dl_1057,17,,,
dl_1057,5,West_exit,5,3
dl_1057,4,East_exit,4,3
dl_1057,2,East_exit,2,2
dl_1057,6,East_exit,6,5
dl_1057,8,West_exit,8,5
dl_1057,9,East_exit,9,7
dl_1057,12,East_exit,12,9
dl_1057,14,West_exit,14,9
dl_1057,15,West_exit,15,10
dl_1057,16,East_exit,16,11
dl_1057,11,West_exit,11,7
dl_1057,23,West_exit,23,15
dl_1057,21,East_exit,21,15
dl_1057,22,West_exit,22,14
dl_1057,24,West_exit,24,16
dl_1057,25,West_exit,25,16
dl_1057,18,East_exit,18,13
dl_1057,19,West_exit,19,12
dl_1058,15,,,
dl_1058,5,West_exit,5,3
dl_1058,4,East_exit,4,3
dl_1058,2,East_exit,2,2
dl_1058,6,East_exit,6,5
dl_1058,8,West_exit,8,5
dl_1058,9,East_exit,9,7
dl_1058,12,East_exit,12,9
dl_1058,14,West_exit,14,9
dl_1058,15,West_exit,15,10
dl_1058,16,East_exit,16,11
dl_1058,11,West_exit,11,7
dl_1058,21,East_exit,21,15
dl_1058,22,West_exit,22,14
dl_1058,23,West_exit,23,15
dl_1058,18,East_exit,18,13
dl_1058,19,West_exit,19,12
dl_1059,5,,,
dl_1059,17,West_exit,17,11
dl_1059,18,East_exit,18,13
dl_1059,19,West_exit,19,12
dl_1059,20,West_exit,20,13
dl_1059,16,East_exit,16,11
dl_1059,14,East_exit,14,10
dl_1060,7,,,
dl_1060,17,West_exit,17,11
dl_1060,18,East_exit,18,13
dl_1060,19,West_exit,19,12
dl_1060,20,West_exit,20,13
dl_1060,11,East_exit,11,8
dl_1060,12,East_exit,12,9
dl_1060,13,West_exit,13,8
dl_1060,16,East_exit,16,11
dl_1061,9,,,
dl_1061,9,East_exit,9,7
dl_1061,10,West_exit,10,6
dl_1061,8,East_exit,8,6
dl_1061,17,West_exit,17,11
dl_1061,18,East_exit,18,13
dl_1061,19,West_exit,19,12
dl_1061,20,West_exit,20,13
dl_1061,16,East_exit,16,11
dl_1061,12,East_exit,12,9
dl_1061,13,West_exit,13,8
dl_1062,11,,,
dl_1062,6,East_exit,6,5
dl_1062,7,West_exit,7,4
dl_1062,5,East_exit,5,4
dl_1062,9,East_exit,9,7
dl_1062,10,West_exit,10,6
dl_1062,17,West_exit,17,11
dl_1062,18,East_exit,18,13
dl_1062,19,West_exit,19,12
dl_1062,20,West_exit,20,13
dl_1062,16,East_exit,16,11
dl_1062,12,East_exit,12,9
dl_1062,13,West_exit,13,8
dl_1063,13,,,
dl_1063,6,East_exit,6,5
dl_1063,7,West_exit,7,4
dl_1063,9,East_exit,9,7
dl_1063,10,West_exit,10,6
dl_1063,3,West_exit,3,2
dl_1063,4,East_exit,4,3
dl_1063,2,East_exit,2,2
dl_1063,17,West_exit,17,11
dl_1063,18,East_exit,18,13
dl_1063,19,West_exit,19,12
dl_1063,20,West_exit,20,13
dl_1063,16,East_exit,16,11
dl_1063,12,East_exit,12,9
dl_1063,13,West_exit,13,8
dl_1064,11,,,
dl_1064,8,West_exit,8,5
dl_1064,9,East_exit,9,7
dl_1064,10,West_exit,10,6
dl_1064,6,East_exit,6,5
dl_1064,5,East_exit,5,4
dl_1064,17,West_exit,17,11
dl_1064,18,East_exit,18,13
dl_1064,19,West_exit,19,12
dl_1064,20,West_exit,20,13
dl_1064,16,East_exit,16,11
dl_1064,12,East_exit,12,9
dl_1064,13,West_exit,13,8
dl_1065,13,,,
dl_1065,3,West_exit,3,2
dl_1065,4,East_exit,4,3
dl_1065,2,East_exit,2,2
dl_1065,8,West_exit,8,5
dl_1065,9,East_exit,9,7
dl_1065,10,West_exit,10,6
dl_1065,6,East_exit,6,5
dl_1065,17,West_exit,17,11
dl_1065,18,East_exit,18,13
dl_1065,19,West_exit,19,12
dl_1065,20,West_exit,20,13
dl_1065,16,East_exit,16,11
dl_1065,12,East_exit,12,9
dl_1065,13,West_exit,13,8
dl_1066,9,,,
dl_1066,17,West_exit,17,11
dl_1066,18,East_exit,18,13
dl_1066,19,West_exit,19,12
dl_1066,20,West_exit,20,13
dl_1066,16,East_exit,16,11
dl_1066,11,West_exit,11,7
dl_1066,12,East_exit,12,9
dl_1066,13,West_exit,13,8
dl_1066,9,East_exit,9,7
dl_1066,8,East_exit,8,6
dl_1067,11,,,
dl_1067,11,West_exit,11,7
dl_1067,17,West_exit,17,11
dl_1067,18,East_exit,18,13
dl_1067,19,West_exit,19,12
dl_1067,20,West_exit,20,13
dl_1067,16,East_exit,16,11
dl_1067,5,East_exit,5,4
dl_1067,9,East_exit,9,7
dl_1067,6,East_exit,6,5
dl_1067,7,West_exit,7,4
dl_1067,12,East_exit,12,9
dl_1067,13,West_exit,13,8
dl_1068,13,,,
dl_1068,3,West_exit,3,2
dl_1068,4,East_exit,4,3
dl_1068,2,East_exit,2,2
dl_1068,11,West_exit,11,7
dl_1068,17,West_exit,17,11
dl_1068,18,East_exit,18,13
dl_1068,19,West_exit,19,12
dl_1068,20,West_exit,20,13
dl_1068,16,East_exit,16,11
dl_1068,12,East_exit,12,9
dl_1068,13,West_exit,13,8
dl_1068,9,East_exit,9,7
dl_1068,6,East_exit,6,5
dl_1068,7,West_exit,7,4
dl_1069,11,,,
dl_1069,6,East_exit,6,5
dl_1069,8,West_exit,8,5
dl_1069,17,West_exit,17,11
dl_1069,18,East_exit,18,13
dl_1069,19,West_exit,19,12
dl_1069,20,West_exit,20,13
dl_1069,16,East_exit,16,11
dl_1069,11,West_exit,11,7
dl_1069,12,East_exit,12,9
dl_1069,13,West_exit,13,8
dl_1069,9,East_exit,9,7
dl_1069,5,East_exit,5,4
dl_1070,13,,,
dl_1070,17,West_exit,17,11
dl_1070,18,East_exit,18,13
dl_1070,19,West_exit,19,12
dl_1070,20,West_exit,20,13
dl_1070,16,East_exit,16,11
dl_1070,6,East_exit,6,5
dl_1070,8,West_exit,8,5
dl_1070,11,West_exit,11,7
dl_1070,12,East_exit,12,9
dl_1070,13,West_exit,13,8
dl_1070,9,East_exit,9,7
dl_1070,3,West_exit,3,2
dl_1070,4,East_exit,4,3
dl_1070,2,East_exit,2,2
dl_1071,13,,,
dl_1071,5,West_exit,5,3
dl_1071,6,East_exit,6,5
dl_1071,7,West_exit,7,4
dl_1071,4,East_exit,4,3
dl_1071,2,East_exit,2,2
dl_1071,9,East_exit,9,7
dl_1071,10,West_exit,10,6
dl_1071,17,West_exit,17,11
dl_1071,18,East_exit,18,13
dl_1071,19,West_exit,19,12
dl_1071,20,West_exit,20,13
dl_1071,16,East_exit,16,11
dl_1071,12,East_exit,12,9
dl_1071,13,West_exit,13,8
dl_1072,13,,,
dl_1072,8,West_exit,8,5
dl_1072,9,East_exit,9,7
dl_1072,10,West_exit,10,6
dl_1072,6,East_exit,6,5
dl_1072,5,West_exit,5,3
dl_1072,4,East_exit,4,3
dl_1072,2,East_exit,2,2
dl_1072,17,West_exit,17,11
dl_1072,18,East_exit,18,13
dl_1072,19,West_exit,19,12
dl_1072,20,West_exit,20,13
dl_1072,16,East_exit,16,11
dl_1072,12,East_exit,12,9
dl_1072,13,West_exit,13,8
dl_1073,13,,,
dl_1073,11,West_exit,11,7
dl_1073,17,West_exit,17,11
dl_1073,18,East_exit,18,13
dl_1073,19,West_exit,19,12
dl_1073,20,West_exit,20,13
dl_1073,16,East_exit,16,11
dl_1073,5,West_exit,5,3
dl_1073,12,East_exit,12,9
dl_1073,13,West_exit,13,8
dl_1073,9,East_exit,9,7
dl_1073,4,East_exit,4,3
dl_1073,2,East_exit,2,2
dl_1073,6,East_exit,6,5
dl_1073,7,West_exit,7,4
dl_1074,13,,,
dl_1074,17,West_exit,17,11
dl_1074,18,East_exit,18,13
dl_1074,19,West_exit,19,12
dl_1074,20,West_exit,20,13
dl_1074,16,East_exit,16,11
dl_1074,5,West_exit,5,3
dl_1074,4,East_exit,4,3
dl_1074,2,East_exit,2,2
dl_1074,6,East_exit,6,5
dl_1074,8,West_exit,8,5
dl_1074,11,West_exit,11,7
dl_1074,12,East_exit,12,9
dl_1074,13,West_exit,13,8
dl_1074,9,East_exit,9,7
dl_1075,7,,,
dl_1075,12,East_exit,12,9
dl_1075,14,West_exit,14,9
dl_1075,17,West_exit,17,11
dl_1075,18,East_exit,18,13
dl_1075,19,West_exit,19,12
dl_1075,20,West_exit,20,13
dl_1075,11,East_exit,11,8
dl_1075,16,East_exit,16,11
dl_1076,9,,,
dl_1076,17,West_exit,17,11
dl_1076,18,East_exit,18,13
dl_1076,19,West_exit,19,12
dl_1076,20,West_exit,20,13
dl_1076,14,West_exit,14,9
dl_1076,16,East_exit,16,11
dl_1076,9,East_exit,9,7
dl_1076,10,West_exit,10,6
dl_1076,8,East_exit,8,6
dl_1076,12,East_exit,12,9
dl_1077,11,,,
dl_1077,6,East_exit,6,5
dl_1077,7,West_exit,7,4
dl_1077,5,East_exit,5,4
dl_1077,17,West_exit,17,11
dl_1077,18,East_exit,18,13
dl_1077,19,West_exit,19,12
dl_1077,20,West_exit,20,13
dl_1077,12,East_exit,12,9
dl_1077,14,West_exit,14,9
dl_1077,16,East_exit,16,11
dl_1077,9,East_exit,9,7
dl_1077,10,West_exit,10,6
dl_1078,13,,,
dl_1078,6,East_exit,6,5
dl_1078,7,West_exit,7,4
dl_1078,3,West_exit,3,2
dl_1078,4,East_exit,4,3
dl_1078,2,East_exit,2,2
dl_1078,17,West_exit,17,11
dl_1078,18,East_exit,18,13
dl_1078,19,West_exit,19,12
dl_1078,20,West_exit,20,13
dl_1078,12,East_exit,12,9
dl_1078,14,West_exit,14,9
dl_1078,16,East_exit,16,11
dl_1078,9,East_exit,9,7
dl_1078,10,West_exit,10,6
dl_1079,11,,,
dl_1079,17,West_exit,17,11
dl_1079,18,East_exit,18,13
dl_1079,19,West_exit,19,12
dl_1079,20,West_exit,20,13
dl_1079,12,East_exit,12,9
dl_1079,14,West_exit,14,9
dl_1079,16,East_exit,16,11
dl_1079,8,West_exit,8,5
dl_1079,9,East_exit,9,7
dl_1079,10,West_exit,10,6
dl_1079,6,East_exit,6,5
dl_1079,5,East_exit,5,4
dl_1080,13,,,
dl_1080,17,West_exit,17,11
dl_1080,18,East_exit,18,13
dl_1080,19,West_exit,19,12
dl_1080,20,West_exit,20,13
dl_1080,12,East_exit,12,9
dl_1080,14,West_exit,14,9
dl_1080,16,East_exit,16,11
dl_1080,3,West_exit,3,2
dl_1080,4,East_exit,4,3
dl_1080,2,East_exit,2,2
dl_1080,8,West_exit,8,5
dl_1080,9,East_exit,9,7
dl_1080,10,West_exit,10,6
dl_1080,6,East_exit,6,5
dl_1081,9,,,
dl_1081,17,West_exit,17,11
dl_1081,18,East_exit,18,13
dl_1081,19,West_exit,19,12
dl_1081,20,West_exit,20,13
dl_1081,14,West_exit,14,9
dl_1081,12,East_exit,12,9
dl_1081,16,East_exit,16,11
dl_1081,11,West_exit,11,7
dl_1081,9,East_exit,9,7
dl_1081,8,East_exit,8,6
dl_1082,11,,,
dl_1082,17,West_exit,17,11
dl_1082,18,East_exit,18,13
dl_1082,19,West_exit,19,12
dl_1082,20,West_exit,20,13
dl_1082,5,East_exit,5,4
dl_1082,11,West_exit,11,7
dl_1082,9,East_exit,9,7
dl_1082,6,East_exit,6,5
dl_1082,7,West_exit,7,4
dl_1082,12,East_exit,12,9
dl_1082,14,West_exit,14,9
dl_1082,16,East_exit,16,11
dl_1083,13,,,
dl_1083,17,West_exit,17,11
dl_1083,18,East_exit,18,13
dl_1083,19,West_exit,19,12
dl_1083,20,West_exit,20,13
dl_1083,14,West_exit,14,9
dl_1083,12,East_exit,12,9
dl_1083,16,East_exit,16,11
dl_1083,11,West_exit,11,7
dl_1083,9,East_exit,9,7
dl_1083,6,East_exit,6,5
dl_1083,7,West_exit,7,4
dl_1083,3,West_exit,3,2
dl_1083,4,East_exit,4,3
dl_1083,2,East_exit,2,2
dl_1084,11,,,
dl_1084,11,West_exit,11,7
dl_1084,9,East_exit,9,7
dl_1084,17,West_exit,17,11
dl_1084,18,East_exit,18,13
dl_1084,19,West_exit,19,12
dl_1084,20,West_exit,20,13
dl_1084,12,East_exit,12,9
dl_1084,14,West_exit,14,9
dl_1084,16,East_exit,16,11
dl_1084,8,West_exit,8,5
dl_1084,6,East_exit,6,5
dl_1084,5,East_exit,5,4
dl_1085,13,,,
dl_1085,3,West_exit,3,2
dl_1085,4,East_exit,4,3
dl_1085,2,East_exit,2,2
dl_1085,6,East_exit,6,5
dl_1085,17,West_exit,17,11
dl_1085,18,East_exit,18,13
dl_1085,19,West_exit,19,12
dl_1085,20,West_exit,20,13
dl_1085,14,West_exit,14,9
dl_1085,12,East_exit,12,9
dl_1085,16,East_exit,16,11
dl_1085,11,West_exit,11,7
dl_1085,9,East_exit,9,7
dl_1085,8,West_exit,8,5
dl_1086,13,,,
dl_1086,5,West_exit,5,3
dl_1086,6,East_exit,6,5
dl_1086,7,West_exit,7,4
dl_1086,4,East_exit,4,3
dl_1086,2,East_exit,2,2
dl_1086,17,West_exit,17,11
dl_1086,18,East_exit,18,13
dl_1086,19,West_exit,19,12
dl_1086,20,West_exit,20,13
dl_1086,12,East_exit,12,9
dl_1086,14,West_exit,14,9
dl_1086,16,East_exit,16,11
dl_1086,9,East_exit,9,7
dl_1086,10,West_exit,10,6
dl_1087,13,,,
dl_1087,17,West_exit,17,11
dl_1087,18,East_exit,18,13
dl_1087,19,West_exit,19,12
dl_1087,20,West_exit,20,13
dl_1087,12,East_exit,12,9
dl_1087,14,West_exit,14,9
dl_1087,16,East_exit,16,11
dl_1087,8,West_exit,8,5
dl_1087,9,East_exit,9,7
dl_1087,10,West_exit,10,6
dl_1087,6,East_exit,6,5
dl_1087,5,West_exit,5,3
dl_1087,4,East_exit,4,3
dl_1087,2,East_exit,2,2
dl_1088,13,,,
dl_1088,17,West_exit,17,11
dl_1088,18,East_exit,18,13
dl_1088,19,West_exit,19,12
dl_1088,20,West_exit,20,13
dl_1088,14,West_exit,14,9
dl_1088,12,East_exit,12,9
dl_1088,16,East_exit,16,11
dl_1088,11,West_exit,11,7
dl_1088,9,East_exit,9,7
dl_1088,5,West_exit,5,3
dl_1088,6,East_exit,6,5
dl_1088,7,West_exit,7,4
dl_1088,4,East_exit,4,3
dl_1088,2,East_exit,2,2
dl_1089,13,,,
dl_1089,6,East_exit,6,5
dl_1089,17,West_exit,17,11
dl_1089,18,East_exit,18,13
dl_1089,19,West_exit,19,12
dl_1089,20,West_exit,20,13
dl_1089,14,West_exit,14,9
dl_1089,12,East_exit,12,9
dl_1089,16,East_exit,16,11
dl_1089,11,West_exit,11,7
dl_1089,9,East_exit,9,7
dl_1089,5,West_exit,5,3
dl_1089,4,East_exit,4,3
dl_1089,2,East_exit,2,2
dl_1089,8,West_exit,8,5
dl_1090,9,,,
dl_1090,17,West_exit,17,11
dl_1090,21,East_exit,21,15
dl_1090,22,West_exit,22,14
dl_1090,23,West_exit,23,15
dl_1090,24,West_exit,24,16
dl_1090,25,West_exit,25,16
dl_1090,16,East_exit,16,11
dl_1090,14,East_exit,14,10
dl_1090,18,East_exit,18,13
dl_1090,19,West_exit,19,12
dl_1091,7,,,
dl_1091,17,West_exit,17,11
dl_1091,21,East_exit,21,15
dl_1091,22,West_exit,22,14
dl_1091,23,West_exit,23,15
dl_1091,16,East_exit,16,11
dl_1091,14,East_exit,14,10
dl_1091,18,East_exit,18,13
dl_1091,19,West_exit,19,12
dl_1092,11,,,
dl_1092,12,East_exit,12,9
dl_1092,13,West_exit,13,8
dl_1092,11,East_exit,11,8
dl_1092,17,West_exit,17,11
dl_1092,21,East_exit,21,15
dl_1092,22,West_exit,22,14
dl_1092,23,West_exit,23,15
dl_1092,24,West_exit,24,16
dl_1092,25,West_exit,25,16
dl_1092,16,East_exit,16,11
dl_1092,18,East_exit,18,13
dl_1092,19,West_exit,19,12
dl_1093,9,,,
dl_1093,12,East_exit,12,9
dl_1093,13,West_exit,13,8
dl_1093,11,East_exit,11,8
dl_1093,17,West_exit,17,11
dl_1093,21,East_exit,21,15
dl_1093,22,West_exit,22,14
dl_1093,23,West_exit,23,15
dl_1093,16,East_exit,16,11
dl_1093,18,East_exit,18,13
dl_1093,19,West_exit,19,12
dl_1094,13,,,
dl_1094,17,West_exit,17,11
dl_1094,21,East_exit,21,15
dl_1094,22,West_exit,22,14
dl_1094,23,West_exit,23,15
dl_1094,24,West_exit,24,16
dl_1094,25,West_exit,25,16
dl_1094,9,East_exit,9,7
dl_1094,10,West_exit,10,6
dl_1094,8,East_exit,8,6
dl_1094,12,East_exit,12,9
dl_1094,13,West_exit,13,8
dl_1094,16,East_exit,16,11
dl_1094,18,East_exit,18,13
dl_1094,19,West_exit,19,12
dl_1095,15,,,
dl_1095,6,East_exit,6,5
dl_1095,7,West_exit,7,4
dl_1095,5,East_exit,5,4
dl_1095,12,East_exit,12,9
dl_1095,13,West_exit,13,8
dl_1095,17,West_exit,17,11
dl_1095,21,East_exit,21,15
dl_1095,22,West_exit,22,14
dl_1095,23,West_exit,23,15
dl_1095,24,West_exit,24,16
dl_1095,25,West_exit,25,16
dl_1095,16,East_exit,16,11
dl_1095,18,East_exit,18,13
dl_1095,19,West_exit,19,12
dl_1095,9,East_exit,9,7
dl_1095,10,West_exit,10,6
dl_1096,11,,,
dl_1096,17,West_exit,17,11
dl_1096,21,East_exit,21,15
dl_1096,22,West_exit,22,14
dl_1096,23,West_exit,23,15
dl_1096,9,East_exit,9,7
dl_1096,10,West_exit,10,6
dl_1096,8,East_exit,8,6
dl_1096,12,East_exit,12,9
dl_1096,13,West_exit,13,8
dl_1096,16,East_exit,16,11
dl_1096,18,East_exit,18,13
dl_1096,19,West_exit,19,12
dl_1097,13,,,
dl_1097,6,East_exit,6,5
dl_1097,7,West_exit,7,4
dl_1097,5,East_exit,5,4
dl_1097,12,East_exit,12,9
dl_1097,13,West_exit,13,8
dl_1097,17,West_exit,17,11
dl_1097,21,East_exit,21,15
dl_1097,22,West_exit,22,14
dl_1097,23,West_exit,23,15
dl_1097,16,East_exit,16,11
dl_1097,18,East_exit,18,13
dl_1097,19,West_exit,19,12
dl_1097,9,East_exit,9,7
dl_1097,10,West_exit,10,6
dl_1098,17,,,
dl_1098,6,East_exit,6,5
dl_1098,7,West_exit,7,4
dl_1098,3,West_exit,3,2
dl_1098,4,East_exit,4,3
dl_1098,2,East_exit,2,2
dl_1098,12,East_exit,12,9
dl_1098,13,West_exit,13,8
dl_1098,17,West_exit,17,11
dl_1098,21,East_exit,21,15
dl_1098,22,West_exit,22,14
dl_1098,23,West_exit,23,15
dl_1098,24,West_exit,24,16
dl_1098,25,West_exit,25,16
dl_1098,16,East_exit,16,11
dl_1098,18,East_exit,18,13
dl_1098,19,West_exit,19,12
dl_1098,9,East_exit,9,7
dl_1098,10,West_exit,10,6
dl_1099,15,,,
dl_1099,6,East_exit,6,5
dl_1099,7,West_exit,7,4
dl_1099,3,West_exit,3,2
dl_1099,4,East_exit,4,3
dl_1099,2,East_exit,2,2
dl_1099,12,East_exit,12,9
dl_1099,13,West_exit,13,8
dl_1099,17,West_exit,17,11
dl_1099,21,East_exit,21,15
dl_1099,22,West_exit,22,14
dl_1099,23,West_exit,23,15
dl_1099,16,East_exit,16,11
dl_1099,18,East_exit,18,13
dl_1099,19,West_exit,19,12
dl_1099,9,East_exit,9,7
dl_1099,10,West_exit,10,6
dl_1100,15,,,
dl_1100,8,West_exit,8,5
dl_1100,17,West_exit,17,11
dl_1100,21,East_exit,21,15
dl_1100,22,West_exit,22,14
dl_1100,23,West_exit,23,15
dl_1100,24,West_exit,24,16
dl_1100,25,West_exit,25,16
dl_1100,12,East_exit,12,9
dl_1100,13,West_exit,13,8
dl_1100,16,East_exit,16,11
dl_1100,18,East_exit,18,13
dl_1100,19,West_exit,19,12
dl_1100,9,East_exit,9,7
dl_1100,10,West_exit,10,6
dl_1100,6,East_exit,6,5
dl_1100,5,East_exit,5,4
dl_1101,13,,,
dl_1101,8,West_exit,8,5
dl_1101,17,West_exit,17,11
dl_1101,21,East_exit,21,15
dl_1101,22,West_exit,22,14
dl_1101,23,West_exit,23,15
dl_1101,12,East_exit,12,9
dl_1101,13,West_exit,13,8
dl_1101,16,East_exit,16,11
dl_1101,18,East_exit,18,13
dl_1101,19,West_exit,19,12
dl_1101,9,East_exit,9,7
dl_1101,10,West_exit,10,6
dl_1101,6,East_exit,6,5
dl_1101,5,East_exit,5,4
dl_1102,17,,,
dl_1102,8,West_exit,8,5
dl_1102,17,West_exit,17,11
dl_1102,21,East_exit,21,15
dl_1102,22,West_exit,22,14
dl_1102,23,West_exit,23,15
dl_1102,24,West_exit,24,16
dl_1102,25,West_exit,25,16
dl_1102,12,East_exit,12,9
dl_1102,13,West_exit,13,8
dl_1102,16,East_exit,16,11
dl_1102,18,East_exit,18,13
dl_1102,19,West_exit,19,12
dl_1102,9,East_exit,9,7
dl_1102,10,West_exit,10,6
dl_1102,6,East_exit,6,5
dl_1102,3,West_exit,3,2
dl_1102,4,East_exit,4,3
dl_1102,2,East_exit,2,2
dl_1103,15,,,
dl_1103,8,West_exit,8,5
dl_1103,17,West_exit,17,11
dl_1103,21,East_exit,21,15
dl_1103,22,West_exit,22,14
dl_1103,23,West_exit,23,15
dl_1103,12,East_exit,12,9
dl_1103,13,West_exit,13,8
dl_1103,16,East_exit,16,11
dl_1103,18,East_exit,18,13
dl_1103,19,West_exit,19,12
dl_1103,9,East_exit,9,7
dl_1103,10,West_exit,10,6
dl_1103,6,East_exit,6,5
dl_1103,3,West_exit,3,2
dl_1103,4,East_exit,4,3
dl_1103,2,East_exit,2,2
dl_1104,13,,,
dl_1104,11,West_exit,11,7
dl_1104,17,West_exit,17,11
dl_1104,21,East_exit,21,15
dl_1104,22,West_exit,22,14
dl_1104,23,West_exit,23,15
dl_1104,24,West_exit,24,16
dl_1104,25,West_exit,25,16
dl_1104,16,East_exit,16,11
dl_1104,18,East_exit,18,13
dl_1104,19,West_exit,19,12
dl_1104,9,East_exit,9,7
dl_1104,8,East_exit,8,6
dl_1104,12,East_exit,12,9
dl_1104,13,West_exit,13,8
dl_1105,15,,,
dl_1105,5,East_exit,5,4
dl_1105,6,East_exit,6,5
dl_1105,7,West_exit,7,4
dl_1105,11,West_exit,11,7
dl_1105,17,West_exit,17,11
dl_1105,21,East_exit,21,15
dl_1105,22,West_exit,22,14
dl_1105,23,West_exit,23,15
dl_1105,24,West_exit,24,16
dl_1105,25,West_exit,25,16
dl_1105,16,East_exit,16,11
dl_1105,18,East_exit,18,13
dl_1105,19,West_exit,19,12
dl_1105,12,East_exit,12,9
dl_1105,13,West_exit,13,8
dl_1105,9,East_exit,9,7
dl_1106,11,,,
dl_1106,11,West_exit,11,7
dl_1106,17,West_exit,17,11
dl_1106,21,East_exit,21,15
dl_1106,22,West_exit,22,14
dl_1106,23,West_exit,23,15
dl_1106,16,East_exit,16,11
dl_1106,18,East_exit,18,13
dl_1106,19,West_exit,19,12
dl_1106,9,East_exit,9,7
dl_1106,8,East_exit,8,6
dl_1106,12,East_exit,12,9
dl_1106,13,West_exit,13,8
dl_1107,13,,,
dl_1107,5,East_exit,5,4
dl_1107,6,East_exit,6,5
dl_1107,7,West_exit,7,4
dl_1107,11,West_exit,11,7
dl_1107,17,West_exit,17,11
dl_1107,21,East_exit,21,15
dl_1107,22,West_exit,22,14
dl_1107,23,West_exit,23,15
dl_1107,16,East_exit,16,11
dl_1107,18,East_exit,18,13
dl_1107,19,West_exit,19,12
dl_1107,12,East_exit,12,9
dl_1107,13,West_exit,13,8
dl_1107,9,East_exit,9,7
dl_1108,17,,,
dl_1108,17,West_exit,17,11
dl_1108,21,East_exit,21,15
dl_1108,22,West_exit,22,14
dl_1108,23,West_exit,23,15
dl_1108,24,West_exit,24,16
dl_1108,25,West_exit,25,16
dl_1108,11,West_exit,11,7
dl_1108,12,East_exit,12,9
dl_1108,13,West_exit,13,8
dl_1108,9,East_exit,9,7
dl_1108,6,East_exit,6,5
dl_1108,7,West_exit,7,4
dl_1108,3,West_exit,3,2
dl_1108,4,East_exit,4,3
dl_1108,2,East_exit,2,2
dl_1108,16,East_exit,16,11
dl_1108,18,East_exit,18,13
dl_1108,19,West_exit,19,12
dl_1109,15,,,
dl_1109,17,West_exit,17,11
dl_1109,21,East_exit,21,15
dl_1109,22,West_exit,22,14
dl_1109,23,West_exit,23,15
dl_1109,11,West_exit,11,7
dl_1109,12,East_exit,12,9
dl_1109,13,West_exit,13,8
dl_1109,9,East_exit,9,7
dl_1109,6,East_exit,6,5
dl_1109,7,West_exit,7,4
dl_1109,3,West_exit,3,2
dl_1109,4,East_exit,4,3
dl_1109,2,East_exit,2,2
dl_1109,16,East_exit,16,11
dl_1109,18,East_exit,18,13
dl_1109,19,West_exit,19,12
dl_1110,15,,,
dl_1110,11,West_exit,11,7
dl_1110,17,West_exit,17,11
dl_1110,21,East_exit,21,15
dl_1110,22,West_exit,22,14
dl_1110,23,West_exit,23,15
dl_1110,24,West_exit,24,16
dl_1110,25,West_exit,25,16
dl_1110,16,East_exit,16,11
dl_1110,18,East_exit,18,13
dl_1110,19,West_exit,19,12
dl_1110,6,East_exit,6,5
dl_1110,8,West_exit,8,5
dl_1110,12,East_exit,12,9
dl_1110,13,West_exit,13,8
dl_1110,9,East_exit,9,7
dl_1110,5,East_exit,5,4
dl_1111,13,,,
dl_1111,11,West_exit,11,7
dl_1111,17,West_exit,17,11
dl_1111,21,East_exit,21,15
dl_1111,22,West_exit,22,14
dl_1111,23,West_exit,23,15
dl_1111,16,East_exit,16,11
dl_1111,18,East_exit,18,13
dl_1111,19,West_exit,19,12
dl_1111,6,East_exit,6,5
dl_1111,8,West_exit,8,5
dl_1111,12,East_exit,12,9
dl_1111,13,West_exit,13,8
dl_1111,9,East_exit,9,7
dl_1111,5,East_exit,5,4
dl_1112,17,,,
dl_1112,11,West_exit,11,7
dl_1112,17,West_exit,17,11
dl_1112,21,East_exit,21,15
dl_1112,22,West_exit,22,14
dl_1112,23,West_exit,23,15
dl_1112,24,West_exit,24,16
dl_1112,25,West_exit,25,16
dl_1112,16,East_exit,16,11
dl_1112,18,East_exit,18,13
dl_1112,19,West_exit,19,12
dl_1112,6,East_exit,6,5
dl_1112,8,West_exit,8,5
dl_1112,12,East_exit,12,9
dl_1112,13,West_exit,13,8
dl_1112,9,East_exit,9,7
dl_1112,3,West_exit,3,2
dl_1112,4,East_exit,4,3
dl_1112,2,East_exit,2,2
dl_1113,15,,,
dl_1113,11,West_exit,11,7
dl_1113,17,West_exit,17,11
dl_1113,21,East_exit,21,15
dl_1113,22,West_exit,22,14
dl_1113,23,West_exit,23,15
dl_1113,16,East_exit,16,11
dl_1113,18,East_exit,18,13
dl_1113,19,West_exit,19,12
dl_1113,6,East_exit,6,5
dl_1113,8,West_exit,8,5
dl_1113,12,East_exit,12,9
dl_1113,13,West_exit,13,8
dl_1113,9,East_exit,9,7
dl_1113,3,West_exit,3,2
dl_1113,4,East_exit,4,3
dl_1113,2,East_exit,2,2
dl_1114,17,,,
dl_1114,5,West_exit,5,3
dl_1114,6,East_exit,6,5
dl_1114,7,West_exit,7,4
dl_1114,4,East_exit,4,3
dl_1114,2,East_exit,2,2
dl_1114,12,East_exit,12,9
dl_1114,13,West_exit,13,8
dl_1114,17,West_exit,17,11
dl_1114,21,East_exit,21,15
dl_1114,22,West_exit,22,14
dl_1114,23,West_exit,23,15
dl_1114,24,West_exit,24,16
dl_1114,25,West_exit,25,16
dl_1114,16,East_exit,16,11
dl_1114,18,East_exit,18,13
dl_1114,19,West_exit,19,12
dl_1114,9,East_exit,9,7
dl_1114,10,West_exit,10,6
dl_1115,15,,,
dl_1115,5,West_exit,5,3
dl_1115,6,East_exit,6,5
dl_1115,7,West_exit,7,4
dl_1115,4,East_exit,4,3
dl_1115,2,East_exit,2,2
dl_1115,12,East_exit,12,9
dl_1115,13,West_exit,13,8
dl_1115,17,West_exit,17,11
dl_1115,21,East_exit,21,15
dl_1115,22,West_exit,22,14
dl_1115,23,West_exit,23,15
dl_1115,16,East_exit,16,11
dl_1115,18,East_exit,18,13
dl_1115,19,West_exit,19,12
dl_1115,9,East_exit,9,7
dl_1115,10,West_exit,10,6
dl_1116,17,,,
dl_1116,8,West_exit,8,5
dl_1116,12,East_exit,12,9
dl_1116,13,West_exit,13,8
dl_1116,17,West_exit,17,11
dl_1116,21,East_exit,21,15
dl_1116,22,West_exit,22,14
dl_1116,23,West_exit,23,15
dl_1116,24,West_exit,24,16
dl_1116,25,West_exit,25,16
dl_1116,16,East_exit,16,11
dl_1116,18,East_exit,18,13
dl_1116,19,West_exit,19,12
dl_1116,9,East_exit,9,7
dl_1116,10,West_exit,10,6
dl_1116,6,East_exit,6,5
dl_1116,5,West_exit,5,3
dl_1116,4,East_exit,4,3
dl_1116,2,East_exit,2,2
dl_1117,15,,,
dl_1117,8,West_exit,8,5
dl_1117,12,East_exit,12,9
dl_1117,13,West_exit,13,8
dl_1117,17,West_exit,17,11
dl_1117,21,East_exit,21,15
dl_1117,22,West_exit,22,14
dl_1117,23,West_exit,23,15
dl_1117,16,East_exit,16,11
dl_1117,18,East_exit,18,13
dl_1117,19,West_exit,19,12
dl_1117,9,East_exit,9,7
dl_1117,10,West_exit,10,6
dl_1117,6,East_exit,6,5
dl_1117,5,West_exit,5,3
dl_1117,4,East_exit,4,3
dl_1117,2,East_exit,2,2
dl_1118,17,,,
dl_1118,5,West_exit,5,3
dl_1118,11,West_exit,11,7
dl_1118,17,West_exit,17,11
dl_1118,21,East_exit,21,15
dl_1118,22,West_exit,22,14
dl_1118,23,West_exit,23,15
dl_1118,24,West_exit,24,16
dl_1118,25,West_exit,25,16
dl_1118,16,East_exit,16,11
dl_1118,18,East_exit,18,13
dl_1118,19,West_exit,19,12
dl_1118,9,East_exit,9,7
dl_1118,12,East_exit,12,9
dl_1118,13,West_exit,13,8
dl_1118,4,East_exit,4,3
dl_1118,2,East_exit,2,2
dl_1118,6,East_exit,6,5
dl_1118,7,West_exit,7,4
dl_1119,15,,,
dl_1119,5,West_exit,5,3
dl_1119,11,West_exit,11,7
dl_1119,17,West_exit,17,11
dl_1119,21,East_exit,21,15
dl_1119,22,West_exit,22,14
dl_1119,23,West_exit,23,15
dl_1119,16,East_exit,16,11
dl_1119,18,East_exit,18,13
dl_1119,19,West_exit,19,12
dl_1119,9,East_exit,9,7
dl_1119,12,East_exit,12,9
dl_1119,13,West_exit,13,8
dl_1119,4,East_exit,4,3
dl_1119,2,East_exit,2,2
dl_1119,6,East_exit,6,5
dl_1119,7,West_exit,7,4
dl_1120,17,,,
dl_1120,11,West_exit,11,7
dl_1120,17,West_exit,17,11
dl_1120,21,East_exit,21,15
dl_1120,22,West_exit,22,14
dl_1120,23,West_exit,23,15
dl_1120,24,West_exit,24,16
dl_1120,25,West_exit,25,16
dl_1120,16,East_exit,16,11
dl_1120,18,East_exit,18,13
dl_1120,19,West_exit,19,12
dl_1120,8,West_exit,8,5
dl_1120,6,East_exit,6,5
dl_1120,5,West_exit,5,3
dl_1120,9,East_exit,9,7
dl_1120,12,East_exit,12,9
dl_1120,13,West_exit,13,8
dl_1120,4,East_exit,4,3
dl_1120,2,East_exit,2,2
dl_1121,15,,,
dl_1121,11,West_exit,11,7
dl_1121,17,West_exit,17,11
dl_1121,21,East_exit,21,15
dl_1121,22,West_exit,22,14
dl_1121,23,West_exit,23,15
dl_1121,16,East_exit,16,11
dl_1121,18,East_exit,18,13
dl_1121,19,West_exit,19,12
dl_1121,8,West_exit,8,5
dl_1121,6,East_exit,6,5
dl_1121,5,West_exit,5,3
dl_1121,9,East_exit,9,7
dl_1121,12,East_exit,12,9
dl_1121,13,West_exit,13,8
dl_1121,4,East_exit,4,3
dl_1121,2,East_exit,2,2
dl_1122,11,,,
dl_1122,17,West_exit,17,11
dl_1122,21,East_exit,21,15
dl_1122,22,West_exit,22,14
dl_1122,23,West_exit,23,15
dl_1122,24,West_exit,24,16
dl_1122,25,West_exit,25,16
dl_1122,14,West_exit,14,9
dl_1122,16,East_exit,16,11
dl_1122,12,East_exit,12,9
dl_1122,11,East_exit,11,8
dl_1122,18,East_exit,18,13
dl_1122,19,West_exit,19,12
dl_1123,9,,,
dl_1123,17,West_exit,17,11
dl_1123,21,East_exit,21,15
dl_1123,22,West_exit,22,14
dl_1123,23,West_exit,23,15
dl_1123,14,West_exit,14,9
dl_1123,16,East_exit,16,11
dl_1123,12,East_exit,12,9
dl_1123,11,East_exit,11,8
dl_1123,18,East_exit,18,13
dl_1123,19,West_exit,19,12
dl_1124,13,,,
dl_1124,9,East_exit,9,7
dl_1124,10,West_exit,10,6
dl_1124,8,East_exit,8,6
dl_1124,17,West_exit,17,11
dl_1124,21,East_exit,21,15
dl_1124,22,West_exit,22,14
dl_1124,23,West_exit,23,15
dl_1124,24,West_exit,24,16
dl_1124,25,West_exit,25,16
dl_1124,14,West_exit,14,9
dl_1124,16,East_exit,16,11
dl_1124,12,East_exit,12,9
dl_1124,18,East_exit,18,13
dl_1124,19,West_exit,19,12
dl_1125,15,,,
dl_1125,6,East_exit,6,5
dl_1125,7,West_exit,7,4
dl_1125,5,East_exit,5,4
dl_1125,17,West_exit,17,11
dl_1125,21,East_exit,21,15
dl_1125,22,West_exit,22,14
dl_1125,23,West_exit,23,15
dl_1125,24,West_exit,24,16
dl_1125,25,West_exit,25,16
dl_1125,14,West_exit,14,9
dl_1125,12,East_exit,12,9
dl_1125,16,East_exit,16,11
dl_1125,18,East_exit,18,13
dl_1125,19,West_exit,19,12
dl_1125,9,East_exit,9,7
dl_1125,10,West_exit,10,6
dl_1126,11,,,
dl_1126,9,East_exit,9,7
dl_1126,10,West_exit,10,6
dl_1126,8,East_exit,8,6
dl_1126,17,West_exit,17,11
dl_1126,21,East_exit,21,15
dl_1126,22,West_exit,22,14
dl_1126,23,West_exit,23,15
dl_1126,14,West_exit,14,9
dl_1126,16,East_exit,16,11
dl_1126,12,East_exit,12,9
dl_1126,18,East_exit,18,13
dl_1126,19,West_exit,19,12
dl_1127,13,,,
dl_1127,6,East_exit,6,5
dl_1127,7,West_exit,7,4
dl_1127,5,East_exit,5,4
dl_1127,17,West_exit,17,11
dl_1127,21,East_exit,21,15
dl_1127,22,West_exit,22,14
dl_1127,23,West_exit,23,15
dl_1127,14,West_exit,14,9
dl_1127,12,East_exit,12,9
dl_1127,16,East_exit,16,11
dl_1127,18,East_exit,18,13
dl_1127,19,West_exit,19,12
dl_1127,9,East_exit,9,7
dl_1127,10,West_exit,10,6
dl_1128,17,,,
dl_1128,6,East_exit,6,5
dl_1128,7,West_exit,7,4
dl_1128,3,West_exit,3,2
dl_1128,4,East_exit,4,3
dl_1128,2,East_exit,2,2
dl_1128,17,West_exit,17,11
dl_1128,21,East_exit,21,15
dl_1128,22,West_exit,22,14
dl_1128,23,West_exit,23,15
dl_1128,24,West_exit,24,16
dl_1128,25,West_exit,25,16
dl_1128,14,West_exit,14,9
dl_1128,12,East_exit,12,9
dl_1128,16,East_exit,16,11
dl_1128,18,East_exit,18,13
dl_1128,19,West_exit,19,12
dl_1128,9,East_exit,9,7
dl_1128,10,West_exit,10,6
dl_1129,15,,,
dl_1129,6,East_exit,6,5
dl_1129,7,West_exit,7,4
dl_1129,3,West_exit,3,2
dl_1129,4,East_exit,4,3
dl_1129,2,East_exit,2,2
dl_1129,17,West_exit,17,11
dl_1129,21,East_exit,21,15
dl_1129,22,West_exit,22,14
dl_1129,23,West_exit,23,15
dl_1129,14,West_exit,14,9
dl_1129,12,East_exit,12,9
dl_1129,16,East_exit,16,11
dl_1129,18,East_exit,18,13
dl_1129,19,West_exit,19,12
dl_1129,9,East_exit,9,7
dl_1129,10,West_exit,10,6
dl_1130,15,,,
dl_1130,8,West_exit,8,5
dl_1130,17,West_exit,17,11
dl_1130,21,East_exit,21,15
dl_1130,22,West_exit,22,14
dl_1130,23,West_exit,23,15
dl_1130,24,West_exit,24,16
dl_1130,25,West_exit,25,16
dl_1130,14,West_exit,14,9
dl_1130,16,East_exit,16,11
dl_1130,12,East_exit,12,9
dl_1130,18,East_exit,18,13
dl_1130,19,West_exit,19,12
dl_1130,6,East_exit,6,5
dl_1130,5,East_exit,5,4
dl_1130,9,East_exit,9,7
dl_1130,10,West_exit,10,6
dl_1131,13,,,
dl_1131,8,West_exit,8,5
dl_1131,17,West_exit,17,11
dl_1131,21,East_exit,21,15
dl_1131,22,West_exit,22,14
dl_1131,23,West_exit,23,15
dl_1131,14,West_exit,14,9
dl_1131,16,East_exit,16,11
dl_1131,12,East_exit,12,9
dl_1131,18,East_exit,18,13
dl_1131,19,West_exit,19,12
dl_1131,6,East_exit,6,5
dl_1131,5,East_exit,5,4
dl_1131,9,East_exit,9,7
dl_1131,10,West_exit,10,6
dl_1132,17,,,
dl_1132,8,West_exit,8,5
dl_1132,17,West_exit,17,11
dl_1132,21,East_exit,21,15
dl_1132,22,West_exit,22,14
dl_1132,23,West_exit,23,15
dl_1132,24,West_exit,24,16
dl_1132,25,West_exit,25,16
dl_1132,14,West_exit,14,9
dl_1132,16,East_exit,16,11
dl_1132,12,East_exit,12,9
dl_1132,18,East_exit,18,13
dl_1132,19,West_exit,19,12
dl_1132,6,East_exit,6,5
dl_1132,9,East_exit,9,7
dl_1132,10,West_exit,10,6
dl_1132,3,West_exit,3,2
dl_1132,4,East_exit,4,3
dl_1132,2,East_exit,2,2
dl_1133,15,,,
dl_1133,8,West_exit,8,5
dl_1133,17,West_exit,17,11
dl_1133,21,East_exit,21,15
dl_1133,22,West_exit,22,14
dl_1133,23,West_exit,23,15
dl_1133,14,West_exit,14,9
dl_1133,16,East_exit,16,11
dl_1133,12,East_exit,12,9
dl_1133,18,East_exit,18,13
dl_1133,19,West_exit,19,12
dl_1133,6,East_exit,6,5
dl_1133,9,East_exit,9,7
dl_1133,10,West_exit,10,6
dl_1133,3,West_exit,3,2
dl_1133,4,East_exit,4,3
dl_1133,2,East_exit,2,2
dl_1134,13,,,
dl_1134,17,West_exit,17,11
dl_1134,21,East_exit,21,15
dl_1134,22,West_exit,22,14
dl_1134,23,West_exit,23,15
dl_1134,24,West_exit,24,16
dl_1134,25,West_exit,25,16
dl_1134,9,East_exit,9,7
dl_1134,11,West_exit,11,7
dl_1134,8,East_exit,8,6
dl_1134,14,West_exit,14,9
dl_1134,16,East_exit,16,11
dl_1134,12,East_exit,12,9
dl_1134,18,East_exit,18,13
dl_1134,19,West_exit,19,12
dl_1135,15,,,
dl_1135,17,West_exit,17,11
dl_1135,21,East_exit,21,15
dl_1135,22,West_exit,22,14
dl_1135,23,West_exit,23,15
dl_1135,24,West_exit,24,16
dl_1135,25,West_exit,25,16
dl_1135,5,East_exit,5,4
dl_1135,9,East_exit,9,7
dl_1135,6,East_exit,6,5
dl_1135,7,West_exit,7,4
dl_1135,14,West_exit,14,9
dl_1135,12,East_exit,12,9
dl_1135,16,East_exit,16,11
dl_1135,18,East_exit,18,13
dl_1135,19,West_exit,19,12
dl_1135,11,West_exit,11,7
dl_1136,11,,,
dl_1136,17,West_exit,17,11
dl_1136,21,East_exit,21,15
dl_1136,22,West_exit,22,14
dl_1136,23,West_exit,23,15
dl_1136,9,East_exit,9,7
dl_1136,11,West_exit,11,7
dl_1136,8,East_exit,8,6
dl_1136,14,West_exit,14,9
dl_1136,16,East_exit,16,11
dl_1136,12,East_exit,12,9
dl_1136,18,East_exit,18,13
dl_1136,19,West_exit,19,12
dl_1137,13,,,
dl_1137,17,West_exit,17,11
dl_1137,21,East_exit,21,15
dl_1137,22,West_exit,22,14
dl_1137,23,West_exit,23,15
dl_1137,5,East_exit,5,4
dl_1137,9,East_exit,9,7
dl_1137,6,East_exit,6,5
dl_1137,7,West_exit,7,4
dl_1137,14,West_exit,14,9
dl_1137,12,East_exit,12,9
dl_1137,16,East_exit,16,11
dl_1137,18,East_exit,18,13
dl_1137,19,West_exit,19,12
dl_1137,11,West_exit,11,7
dl_1138,17,,,
dl_1138,17,West_exit,17,11
dl_1138,21,East_exit,21,15
dl_1138,22,West_exit,22,14
dl_1138,23,West_exit,23,15
dl_1138,24,West_exit,24,16
dl_1138,25,West_exit,25,16
dl_1138,9,East_exit,9,7
dl_1138,6,East_exit,6,5
dl_1138,7,West_exit,7,4
dl_1138,14,West_exit,14,9
dl_1138,12,East_exit,12,9
dl_1138,16,East_exit,16,11
dl_1138,18,East_exit,18,13
dl_1138,19,West_exit,19,12
dl_1138,11,West_exit,11,7
dl_1138,3,West_exit,3,2
dl_1138,4,East_exit,4,3
dl_1138,2,East_exit,2,2
dl_1139,15,,,
dl_1139,17,West_exit,17,11
dl_1139,21,East_exit,21,15
dl_1139,22,West_exit,22,14
dl_1139,23,West_exit,23,15
dl_1139,9,East_exit,9,7
dl_1139,6,East_exit,6,5
dl_1139,7,West_exit,7,4
dl_1139,14,West_exit,14,9
dl_1139,12,East_exit,12,9
dl_1139,16,East_exit,16,11
dl_1139,18,East_exit,18,13
dl_1139,19,West_exit,19,12
dl_1139,11,West_exit,11,7
dl_1139,3,West_exit,3,2
dl_1139,4,East_exit,4,3
dl_1139,2,East_exit,2,2
dl_1140,15,,,
dl_1140,6,East_exit,6,5
dl_1140,8,West_exit,8,5
dl_1140,17,West_exit,17,11
dl_1140,21,East_exit,21,15
dl_1140,22,West_exit,22,14
dl_1140,23,West_exit,23,15
dl_1140,24,West_exit,24,16
dl_1140,25,West_exit,25,16
dl_1140,14,West_exit,14,9
dl_1140,12,East_exit,12,9
dl_1140,11,West_exit,11,7
dl_1140,16,East_exit,16,11
dl_1140,18,East_exit,18,13
dl_1140,19,West_exit,19,12
dl_1140,9,East_exit,9,7
dl_1140,5,East_exit,5,4
dl_1141,13,,,
dl_1141,6,East_exit,6,5
dl_1141,8,West_exit,8,5
dl_1141,17,West_exit,17,11
dl_1141,21,East_exit,21,15
dl_1141,22,West_exit,22,14
dl_1141,23,West_exit,23,15
dl_1141,14,West_exit,14,9
dl_1141,12,East_exit,12,9
dl_1141,11,West_exit,11,7
dl_1141,16,East_exit,16,11
dl_1141,18,East_exit,18,13
dl_1141,19,West_exit,19,12
dl_1141,9,East_exit,9,7
dl_1141,5,East_exit,5,4
dl_1142,17,,,
dl_1142,17,West_exit,17,11
dl_1142,21,East_exit,21,15
dl_1142,22,West_exit,22,14
dl_1142,23,West_exit,23,15
dl_1142,24,West_exit,24,16
dl_1142,25,West_exit,25,16
dl_1142,11,West_exit,11,7
dl_1142,9,East_exit,9,7
dl_1142,8,West_exit,8,5
dl_1142,14,West_exit,14,9
dl_1142,16,East_exit,16,11
dl_1142,12,East_exit,12,9
dl_1142,18,East_exit,18,13
dl_1142,19,West_exit,19,12
dl_1142,6,East_exit,6,5
dl_1142,3,West_exit,3,2
dl_1142,4,East_exit,4,3
dl_1142,2,East_exit,2,2
dl_1143,15,,,
dl_1143,17,West_exit,17,11
dl_1143,21,East_exit,21,15
dl_1143,22,West_exit,22,14
dl_1143,23,West_exit,23,15
dl_1143,11,West_exit,11,7
dl_1143,9,East_exit,9,7
dl_1143,8,West_exit,8,5
dl_1143,14,West_exit,14,9
dl_1143,16,East_exit,16,11
dl_1143,12,East_exit,12,9
dl_1143,18,East_exit,18,13
dl_1143,19,West_exit,19,12
dl_1143,6,East_exit,6,5
dl_1143,3,West_exit,3,2
dl_1143,4,East_exit,4,3
dl_1143,2,East_exit,2,2
dl_1144,17,,,
dl_1144,5,West_exit,5,3
dl_1144,6,East_exit,6,5
dl_1144,7,West_exit,7,4
dl_1144,4,East_exit,4,3
dl_1144,2,East_exit,2,2
dl_1144,17,West_exit,17,11
dl_1144,21,East_exit,21,15
dl_1144,22,West_exit,22,14
dl_1144,23,West_exit,23,15
dl_1144,24,West_exit,24,16
dl_1144,25,West_exit,25,16
dl_1144,14,West_exit,14,9
dl_1144,12,East_exit,12,9
dl_1144,16,East_exit,16,11
dl_1144,18,East_exit,18,13
dl_1144,19,West_exit,19,12
dl_1144,9,East_exit,9,7
dl_1144,10,West_exit,10,6
dl_1145,15,,,
dl_1145,5,West_exit,5,3
dl_1145,6,East_exit,6,5
dl_1145,7,West_exit,7,4
dl_1145,4,East_exit,4,3
dl_1145,2,East_exit,2,2
dl_1145,17,West_exit,17,11
dl_1145,21,East_exit,21,15
dl_1145,22,West_exit,22,14
dl_1145,23,West_exit,23,15
dl_1145,14,West_exit,14,9
dl_1145,12,East_exit,12,9
dl_1145,16,East_exit,16,11
dl_1145,18,East_exit,18,13
dl_1145,19,West_exit,19,12
dl_1145,9,East_exit,9,7
dl_1145,10,West_exit,10,6
dl_1146,17,,,
dl_1146,8,West_exit,8,5
dl_1146,17,West_exit,17,11
dl_1146,21,East_exit,21,15
dl_1146,22,West_exit,22,14
dl_1146,23,West_exit,23,15
dl_1146,24,West_exit,24,16
dl_1146,25,West_exit,25,16
dl_1146,14,West_exit,14,9
dl_1146,16,East_exit,16,11
dl_1146,12,East_exit,12,9
dl_1146,18,East_exit,18,13
dl_1146,19,West_exit,19,12
dl_1146,5,West_exit,5,3
dl_1146,4,East_exit,4,3
dl_1146,2,East_exit,2,2
dl_1146,6,East_exit,6,5
dl_1146,9,East_exit,9,7
dl_1146,10,West_exit,10,6
dl_1147,15,,,
dl_1147,8,West_exit,8,5
dl_1147,17,West_exit,17,11
dl_1147,21,East_exit,21,15
dl_1147,22,West_exit,22,14
dl_1147,23,West_exit,23,15
dl_1147,14,West_exit,14,9
dl_1147,16,East_exit,16,11
dl_1147,12,East_exit,12,9
dl_1147,18,East_exit,18,13
dl_1147,19,West_exit,19,12
dl_1147,5,West_exit,5,3
dl_1147,4,East_exit,4,3
dl_1147,2,East_exit,2,2
dl_1147,6,East_exit,6,5
dl_1147,9,East_exit,9,7
dl_1147,10,West_exit,10,6
dl_1148,17,,,
dl_1148,5,West_exit,5,3
dl_1148,17,West_exit,17,11
dl_1148,21,East_exit,21,15
dl_1148,22,West_exit,22,14
dl_1148,23,West_exit,23,15
dl_1148,24,West_exit,24,16
dl_1148,25,West_exit,25,16
dl_1148,9,East_exit,9,7
dl_1148,11,West_exit,11,7
dl_1148,14,West_exit,14,9
dl_1148,16,East_exit,16,11
dl_1148,12,East_exit,12,9
dl_1148,18,East_exit,18,13
dl_1148,19,West_exit,19,12
dl_1148,6,East_exit,6,5
dl_1148,7,West_exit,7,4
dl_1148,4,East_exit,4,3
dl_1148,2,East_exit,2,2
dl_1149,15,,,
dl_1149,5,West_exit,5,3
dl_1149,17,West_exit,17,11
dl_1149,21,East_exit,21,15
dl_1149,22,West_exit,22,14
dl_1149,23,West_exit,23,15
dl_1149,9,East_exit,9,7
dl_1149,11,West_exit,11,7
dl_1149,14,West_exit,14,9
dl_1149,16,East_exit,16,11
dl_1149,12,East_exit,12,9
dl_1149,18,East_exit,18,13
dl_1149,19,West_exit,19,12
dl_1149,6,East_exit,6,5
dl_1149,7,West_exit,7,4
dl_1149,4,East_exit,4,3
dl_1149,2,East_exit,2,2
dl_1150,17,,,
dl_1150,17,West_exit,17,11
dl_1150,21,East_exit,21,15
dl_1150,22,West_exit,22,14
dl_1150,23,West_exit,23,15
dl_1150,24,West_exit,24,16
dl_1150,25,West_exit,25,16
dl_1150,11,West_exit,11,7
dl_1150,9,East_exit,9,7
dl_1150,8,West_exit,8,5
dl_1150,14,West_exit,14,9
dl_1150,16,East_exit,16,11
dl_1150,12,East_exit,12,9
dl_1150,18,East_exit,18,13
dl_1150,19,West_exit,19,12
dl_1150,5,West_exit,5,3
dl_1150,4,East_exit,4,3
dl_1150,2,East_exit,2,2
dl_1150,6,East_exit,6,5
dl_1151,15,,,
dl_1151,17,West_exit,17,11
dl_1151,21,East_exit,21,15
dl_1151,22,West_exit,22,14
dl_1151,23,West_exit,23,15
dl_1151,11,West_exit,11,7
dl_1151,9,East_exit,9,7
dl_1151,8,West_exit,8,5
dl_1151,14,West_exit,14,9
dl_1151,16,East_exit,16,11
dl_1151,12,East_exit,12,9
dl_1151,18,East_exit,18,13
dl_1151,19,West_exit,19,12
dl_1151,5,West_exit,5,3
dl_1151,4,East_exit,4,3
dl_1151,2,East_exit,2,2
dl_1151,6,East_exit,6,5
dl_1152,8,,,
dl_1152,15,West_exit,15,10
dl_1152,16,East_exit,16,11
dl_1152,14,East_exit,14,10
dl_1152,21,East_exit,21,15
dl_1152,22,West_exit,22,14
dl_1152,18,East_exit,18,13
dl_1152,19,West_exit,19,12
dl_1152,24,West_exit,24,16
dl_1152,25,West_exit,25,16
dl_1153,10,,,
dl_1153,12,East_exit,12,9
dl_1153,13,West_exit,13,8
dl_1153,11,East_exit,11,8
dl_1153,15,West_exit,15,10
dl_1153,16,East_exit,16,11
dl_1153,21,East_exit,21,15
dl_1153,22,West_exit,22,14
dl_1153,18,East_exit,18,13
dl_1153,19,West_exit,19,12
dl_1153,24,West_exit,24,16
dl_1153,25,West_exit,25,16
dl_1154,12,,,
dl_1154,9,East_exit,9,7
dl_1154,10,West_exit,10,6
dl_1154,8,East_exit,8,6
dl_1154,15,West_exit,15,10
dl_1154,16,East_exit,16,11
dl_1154,12,East_exit,12,9
dl_1154,13,West_exit,13,8
dl_1154,21,East_exit,21,15
dl_1154,22,West_exit,22,14
dl_1154,18,East_exit,18,13
dl_1154,19,West_exit,19,12
dl_1154,24,West_exit,24,16
dl_1154,25,West_exit,25,16
dl_1155,14,,,
dl_1155,6,East_exit,6,5
dl_1155,7,West_exit,7,4
dl_1155,5,East_exit,5,4
dl_1155,9,East_exit,9,7
dl_1155,10,West_exit,10,6
dl_1155,15,West_exit,15,10
dl_1155,16,East_exit,16,11
dl_1155,12,East_exit,12,9
dl_1155,13,West_exit,13,8
dl_1155,21,East_exit,21,15
dl_1155,22,West_exit,22,14
dl_1155,18,East_exit,18,13
dl_1155,19,West_exit,19,12
dl_1155,24,West_exit,24,16
dl_1155,25,West_exit,25,16
dl_1156,16,,,
dl_1156,6,East_exit,6,5
dl_1156,7,West_exit,7,4
dl_1156,9,East_exit,9,7
dl_1156,10,West_exit,10,6
dl_1156,3,West_exit,3,2
dl_1156,4,East_exit,4,3
dl_1156,2,East_exit,2,2
dl_1156,15,West_exit,15,10
dl_1156,16,East_exit,16,11
dl_1156,12,East_exit,12,9
dl_1156,13,West_exit,13,8
dl_1156,21,East_exit,21,15
dl_1156,22,West_exit,22,14
dl_1156,18,East_exit,18,13
dl_1156,19,West_exit,19,12
dl_1156,24,West_exit,24,16
dl_1156,25,West_exit,25,16
dl_1157,14,,,
dl_1157,8,West_exit,8,5
dl_1157,9,East_exit,9,7
dl_1157,10,West_exit,10,6
dl_1157,6,East_exit,6,5
dl_1157,5,East_exit,5,4
dl_1157,15,West_exit,15,10
dl_1157,16,East_exit,16,11
dl_1157,12,East_exit,12,9
dl_1157,13,West_exit,13,8
dl_1157,21,East_exit,21,15
dl_1157,22,West_exit,22,14
dl_1157,18,East_exit,18,13
dl_1157,19,West_exit,19,12
dl_1157,24,West_exit,24,16
dl_1157,25,West_exit,25,16
dl_1158,16,,,
dl_1158,8,West_exit,8,5
dl_1158,9,East_exit,9,7
dl_1158,10,West_exit,10,6
dl_1158,6,East_exit,6,5
dl_1158,3,West_exit,3,2
dl_1158,4,East_exit,4,3
dl_1158,2,East_exit,2,2
dl_1158,15,West_exit,15,10
dl_1158,16,East_exit,16,11
dl_1158,12,East_exit,12,9
dl_1158,13,West_exit,13,8
dl_1158,21,East_exit,21,15
dl_1158,22,West_exit,22,14
dl_1158,18,East_exit,18,13
dl_1158,19,West_exit,19,12
dl_1158,24,West_exit,24,16
dl_1158,25,West_exit,25,16
dl_1159,12,,,
dl_1159,11,West_exit,11,7
dl_1159,15,West_exit,15,10
dl_1159,16,East_exit,16,11
dl_1159,9,East_exit,9,7
dl_1159,8,East_exit,8,6
dl_1159,12,East_exit,12,9
dl_1159,13,West_exit,13,8
dl_1159,21,East_exit,21,15
dl_1159,22,West_exit,22,14
dl_1159,18,East_exit,18,13
dl_1159,19,West_exit,19,12
dl_1159,24,West_exit,24,16
dl_1159,25,West_exit,25,16
dl_1160,14,,,
dl_1160,11,West_exit,11,7
dl_1160,6,East_exit,6,5
dl_1160,7,West_exit,7,4
dl_1160,5,East_exit,5,4
dl_1160,15,West_exit,15,10
dl_1160,16,East_exit,16,11
dl_1160,9,East_exit,9,7
dl_1160,12,East_exit,12,9
dl_1160,13,West_exit,13,8
dl_1160,21,East_exit,21,15
dl_1160,22,West_exit,22,14
dl_1160,18,East_exit,18,13
dl_1160,19,West_exit,19,12
dl_1160,24,West_exit,24,16
dl_1160,25,West_exit,25,16
dl_1161,16,,,
dl_1161,11,West_exit,11,7
dl_1161,6,East_exit,6,5
dl_1161,7,West_exit,7,4
dl_1161,15,West_exit,15,10
dl_1161,16,East_exit,16,11
dl_1161,9,East_exit,9,7
dl_1161,12,East_exit,12,9
dl_1161,13,West_exit,13,8
dl_1161,21,East_exit,21,15
dl_1161,22,West_exit,22,14
dl_1161,18,East_exit,18,13
dl_1161,19,West_exit,19,12
dl_1161,3,West_exit,3,2
dl_1161,4,East_exit,4,3
dl_1161,2,East_exit,2,2
dl_1161,24,West_exit,24,16
dl_1161,25,West_exit,25,16
dl_1162,14,,,
dl_1162,11,West_exit,11,7
dl_1162,15,West_exit,15,10
dl_1162,16,East_exit,16,11
dl_1162,9,East_exit,9,7
dl_1162,8,West_exit,8,5
dl_1162,6,East_exit,6,5
dl_1162,5,East_exit,5,4
dl_1162,12,East_exit,12,9
dl_1162,13,West_exit,13,8
dl_1162,21,East_exit,21,15
dl_1162,22,West_exit,22,14
dl_1162,18,East_exit,18,13
dl_1162,19,West_exit,19,12
dl_1162,24,West_exit,24,16
dl_1162,25,West_exit,25,16
dl_1163,16,,,
dl_1163,11,West_exit,11,7
dl_1163,15,West_exit,15,10
dl_1163,16,East_exit,16,11
dl_1163,9,East_exit,9,7
dl_1163,8,West_exit,8,5
dl_1163,6,East_exit,6,5
dl_1163,12,East_exit,12,9
dl_1163,13,West_exit,13,8
dl_1163,3,West_exit,3,2
dl_1163,4,East_exit,4,3
dl_1163,2,East_exit,2,2
dl_1163,21,East_exit,21,15
dl_1163,22,West_exit,22,14
dl_1163,18,East_exit,18,13
dl_1163,19,West_exit,19,12
dl_1163,24,West_exit,24,16
dl_1163,25,West_exit,25,16
dl_1164,16,,,
dl_1164,5,West_exit,5,3
dl_1164,6,East_exit,6,5
dl_1164,7,West_exit,7,4
dl_1164,4,East_exit,4,3
dl_1164,2,East_exit,2,2
dl_1164,9,East_exit,9,7
dl_1164,10,West_exit,10,6
dl_1164,15,West_exit,15,10
dl_1164,16,East_exit,16,11
dl_1164,12,East_exit,12,9
dl_1164,13,West_exit,13,8
dl_1164,21,East_exit,21,15
dl_1164,22,West_exit,22,14
dl_1164,18,East_exit,18,13
dl_1164,19,West_exit,19,12
dl_1164,24,West_exit,24,16
dl_1164,25,West_exit,25,16
dl_1165,16,,,
dl_1165,8,West_exit,8,5
dl_1165,9,East_exit,9,7
dl_1165,10,West_exit,10,6
dl_1165,6,East_exit,6,5
dl_1165,5,West_exit,5,3
dl_1165,4,East_exit,4,3
dl_1165,2,East_exit,2,2
dl_1165,15,West_exit,15,10
dl_1165,16,East_exit,16,11
dl_1165,12,East_exit,12,9
dl_1165,13,West_exit,13,8
dl_1165,21,East_exit,21,15
dl_1165,22,West_exit,22,14
dl_1165,18,East_exit,18,13
dl_1165,19,West_exit,19,12
dl_1165,24,West_exit,24,16
dl_1165,25,West_exit,25,16
dl_1166,16,,,
dl_1166,11,West_exit,11,7
dl_1166,5,West_exit,5,3
dl_1166,15,West_exit,15,10
dl_1166,16,East_exit,16,11
dl_1166,9,East_exit,9,7
dl_1166,6,East_exit,6,5
dl_1166,7,West_exit,7,4
dl_1166,4,East_exit,4,3
dl_1166,2,East_exit,2,2
dl_1166,12,East_exit,12,9
dl_1166,13,West_exit,13,8
dl_1166,21,East_exit,21,15
dl_1166,22,West_exit,22,14
dl_1166,18,East_exit,18,13
dl_1166,19,West_exit,19,12
dl_1166,24,West_exit,24,16
dl_1166,25,West_exit,25,16
dl_1167,16,,,
dl_1167,11,West_exit,11,7
dl_1167,15,West_exit,15,10
dl_1167,16,East_exit,16,11
dl_1167,8,West_exit,8,5
dl_1167,6,East_exit,6,5
dl_1167,5,West_exit,5,3
dl_1167,9,East_exit,9,7
dl_1167,4,East_exit,4,3
dl_1167,2,East_exit,2,2
dl_1167,12,East_exit,12,9
dl_1167,13,West_exit,13,8
dl_1167,21,East_exit,21,15
dl_1167,22,West_exit,22,14
dl_1167,18,East_exit,18,13
dl_1167,19,West_exit,19,12
dl_1167,24,West_exit,24,16
dl_1167,25,West_exit,25,16
dl_1168,10,,,
dl_1168,12,East_exit,12,9
dl_1168,14,West_exit,14,9
dl_1168,11,East_exit,11,8
dl_1168,15,West_exit,15,10
dl_1168,16,East_exit,16,11
dl_1168,21,East_exit,21,15
dl_1168,22,West_exit,22,14
dl_1168,18,East_exit,18,13
dl_1168,19,West_exit,19,12
dl_1168,24,West_exit,24,16
dl_1168,25,West_exit,25,16
dl_1169,12,,,
dl_1169,9,East_exit,9,7
dl_1169,10,West_exit,10,6
dl_1169,8,East_exit,8,6
dl_1169,12,East_exit,12,9
dl_1169,14,West_exit,14,9
dl_1169,15,West_exit,15,10
dl_1169,16,East_exit,16,11
dl_1169,21,East_exit,21,15
dl_1169,22,West_exit,22,14
dl_1169,18,East_exit,18,13
dl_1169,19,West_exit,19,12
dl_1169,24,West_exit,24,16
dl_1169,25,West_exit,25,16
dl_1170,14,,,
dl_1170,6,East_exit,6,5
dl_1170,7,West_exit,7,4
dl_1170,5,East_exit,5,4
dl_1170,12,East_exit,12,9
dl_1170,14,West_exit,14,9
dl_1170,15,West_exit,15,10
dl_1170,16,East_exit,16,11
dl_1170,9,East_exit,9,7
dl_1170,10,West_exit,10,6
dl_1170,21,East_exit,21,15
dl_1170,22,West_exit,22,14
dl_1170,18,East_exit,18,13
dl_1170,19,West_exit,19,12
dl_1170,24,West_exit,24,16
dl_1170,25,West_exit,25,16
dl_1171,16,,,
dl_1171,6,East_exit,6,5
dl_1171,7,West_exit,7,4
dl_1171,3,West_exit,3,2
dl_1171,4,East_exit,4,3
dl_1171,2,East_exit,2,2
dl_1171,18,East_exit,18,13
dl_1171,19,West_exit,19,12
dl_1171,21,East_exit,21,15
dl_1171,22,West_exit,22,14
dl_1171,14,West_exit,14,9
dl_1171,12,East_exit,12,9
dl_1171,15,West_exit,15,10
dl_1171,16,East_exit,16,11
dl_1171,9,East_exit,9,7
dl_1171,10,West_exit,10,6
dl_1171,24,West_exit,24,16
dl_1171,25,West_exit,25,16
dl_1172,14,,,
dl_1172,8,West_exit,8,5
dl_1172,12,East_exit,12,9
dl_1172,14,West_exit,14,9
dl_1172,15,West_exit,15,10
dl_1172,16,East_exit,16,11
dl_1172,6,East_exit,6,5
dl_1172,5,East_exit,5,4
dl_1172,9,East_exit,9,7
dl_1172,10,West_exit,10,6
dl_1172,21,East_exit,21,15
dl_1172,22,West_exit,22,14
dl_1172,18,East_exit,18,13
dl_1172,19,West_exit,19,12
dl_1172,24,West_exit,24,16
dl_1172,25,West_exit,25,16
dl_1173,16,,,
dl_1173,8,West_exit,8,5
dl_1173,12,East_exit,12,9
dl_1173,14,West_exit,14,9
dl_1173,15,West_exit,15,10
dl_1173,16,East_exit,16,11
dl_1173,6,East_exit,6,5
dl_1173,9,East_exit,9,7
dl_1173,10,West_exit,10,6
dl_1173,3,West_exit,3,2
dl_1173,4,East_exit,4,3
dl_1173,2,East_exit,2,2
dl_1173,21,East_exit,21,15
dl_1173,22,West_exit,22,14
dl_1173,18,East_exit,18,13
dl_1173,19,West_exit,19,12
dl_1173,24,West_exit,24,16
dl_1173,25,West_exit,25,16
dl_1174,12,,,
dl_1174,9,East_exit,9,7
dl_1174,11,West_exit,11,7
dl_1174,8,East_exit,8,6
dl_1174,12,East_exit,12,9
dl_1174,14,West_exit,14,9
dl_1174,15,West_exit,15,10
dl_1174,16,East_exit,16,11
dl_1174,21,East_exit,21,15
dl_1174,22,West_exit,22,14
dl_1174,18,East_exit,18,13
dl_1174,19,West_exit,19,12
dl_1174,24,West_exit,24,16
dl_1174,25,West_exit,25,16
dl_1175,14,,,
dl_1175,6,East_exit,6,5
dl_1175,7,West_exit,7,4
dl_1175,5,East_exit,5,4
dl_1175,9,East_exit,9,7
dl_1175,12,East_exit,12,9
dl_1175,14,West_exit,14,9
dl_1175,15,West_exit,15,10
dl_1175,16,East_exit,16,11
dl_1175,11,West_exit,11,7
dl_1175,21,East_exit,21,15
dl_1175,22,West_exit,22,14
dl_1175,18,East_exit,18,13
dl_1175,19,West_exit,19,12
dl_1175,24,West_exit,24,16
dl_1175,25,West_exit,25,16
dl_1176,16,,,
dl_1176,6,East_exit,6,5
dl_1176,7,West_exit,7,4
dl_1176,9,East_exit,9,7
dl_1176,12,East_exit,12,9
dl_1176,14,West_exit,14,9
dl_1176,15,West_exit,15,10
dl_1176,16,East_exit,16,11
dl_1176,11,West_exit,11,7
dl_1176,21,East_exit,21,15
dl_1176,22,West_exit,22,14
dl_1176,18,East_exit,18,13
dl_1176,19,West_exit,19,12
dl_1176,3,West_exit,3,2
dl_1176,4,East_exit,4,3
dl_1176,2,East_exit,2,2
dl_1176,24,West_exit,24,16
dl_1176,25,West_exit,25,16
dl_1177,14,,,
dl_1177,6,East_exit,6,5
dl_1177,8,West_exit,8,5
dl_1177,5,East_exit,5,4
dl_1177,9,East_exit,9,7
dl_1177,12,East_exit,12,9
dl_1177,14,West_exit,14,9
dl_1177,15,West_exit,15,10
dl_1177,16,East_exit,16,11
dl_1177,11,West_exit,11,7
dl_1177,21,East_exit,21,15
dl_1177,22,West_exit,22,14
dl_1177,18,East_exit,18,13
dl_1177,19,West_exit,19,12
dl_1177,24,West_exit,24,16
dl_1177,25,West_exit,25,16
dl_1178,16,,,
dl_1178,6,East_exit,6,5
dl_1178,8,West_exit,8,5
dl_1178,9,East_exit,9,7
dl_1178,12,East_exit,12,9
dl_1178,14,West_exit,14,9
dl_1178,15,West_exit,15,10
dl_1178,16,East_exit,16,11
dl_1178,11,West_exit,11,7
dl_1178,21,East_exit,21,15
dl_1178,22,West_exit,22,14
dl_1178,18,East_exit,18,13
dl_1178,19,West_exit,19,12
dl_1178,3,West_exit,3,2
dl_1178,4,East_exit,4,3
dl_1178,2,East_exit,2,2
dl_1178,24,West_exit,24,16
dl_1178,25,West_exit,25,16
dl_1179,16,,,
dl_1179,18,East_exit,18,13
dl_1179,19,West_exit,19,12
dl_1179,21,East_exit,21,15
dl_1179,22,West_exit,22,14
dl_1179,14,West_exit,14,9
dl_1179,5,West_exit,5,3
dl_1179,6,East_exit,6,5
dl_1179,7,West_exit,7,4
dl_1179,4,East_exit,4,3
dl_1179,2,East_exit,2,2
dl_1179,12,East_exit,12,9
dl_1179,9,East_exit,9,7
dl_1179,10,West_exit,10,6
dl_1179,15,West_exit,15,10
dl_1179,16,East_exit,16,11
dl_1179,24,West_exit,24,16
dl_1179,25,West_exit,25,16
dl_1180,16,,,
dl_1180,8,West_exit,8,5
dl_1180,18,East_exit,18,13
dl_1180,19,West_exit,19,12
dl_1180,21,East_exit,21,15
dl_1180,22,West_exit,22,14
dl_1180,14,West_exit,14,9
dl_1180,12,East_exit,12,9
dl_1180,15,West_exit,15,10
dl_1180,16,East_exit,16,11
dl_1180,9,East_exit,9,7
dl_1180,10,West_exit,10,6
dl_1180,6,East_exit,6,5
dl_1180,5,West_exit,5,3
dl_1180,4,East_exit,4,3
dl_1180,2,East_exit,2,2
dl_1180,24,West_exit,24,16
dl_1180,25,West_exit,25,16
dl_1181,16,,,
dl_1181,5,West_exit,5,3
dl_1181,18,East_exit,18,13
dl_1181,19,West_exit,19,12
dl_1181,21,East_exit,21,15
dl_1181,22,West_exit,22,14
dl_1181,14,West_exit,14,9
dl_1181,12,East_exit,12,9
dl_1181,11,West_exit,11,7
dl_1181,15,West_exit,15,10
dl_1181,16,East_exit,16,11
dl_1181,9,East_exit,9,7
dl_1181,6,East_exit,6,5
dl_1181,7,West_exit,7,4
dl_1181,4,East_exit,4,3
dl_1181,2,East_exit,2,2
dl_1181,24,West_exit,24,16
dl_1181,25,West_exit,25,16
dl_1182,16,,,
dl_1182,5,West_exit,5,3
dl_1182,4,East_exit,4,3
dl_1182,2,East_exit,2,2
dl_1182,6,East_exit,6,5
dl_1182,8,West_exit,8,5
dl_1182,9,East_exit,9,7
dl_1182,12,East_exit,12,9
dl_1182,14,West_exit,14,9
dl_1182,15,West_exit,15,10
dl_1182,16,East_exit,16,11
dl_1182,11,West_exit,11,7
dl_1182,21,East_exit,21,15
dl_1182,22,West_exit,22,14
dl_1182,18,East_exit,18,13
dl_1182,19,West_exit,19,12
dl_1182,24,West_exit,24,16
dl_1182,25,West_exit,25,16
dl_1183,8,,,
dl_1183,17,West_exit,17,11
dl_1183,21,East_exit,21,15
dl_1183,22,West_exit,22,14
dl_1183,16,East_exit,16,11
dl_1183,14,East_exit,14,10
dl_1183,18,East_exit,18,13
dl_1183,19,West_exit,19,12
dl_1183,24,West_exit,24,16
dl_1183,25,West_exit,25,16
dl_1184,10,,,
dl_1184,17,West_exit,17,11
dl_1184,12,East_exit,12,9
dl_1184,13,West_exit,13,8
dl_1184,11,East_exit,11,8
dl_1184,21,East_exit,21,15
dl_1184,22,West_exit,22,14
dl_1184,16,East_exit,16,11
dl_1184,18,East_exit,18,13
dl_1184,19,West_exit,19,12
dl_1184,24,West_exit,24,16
dl_1184,25,West_exit,25,16
dl_1185,12,,,
dl_1185,17,West_exit,17,11
dl_1185,9,East_exit,9,7
dl_1185,10,West_exit,10,6
dl_1185,8,East_exit,8,6
dl_1185,21,East_exit,21,15
dl_1185,22,West_exit,22,14
dl_1185,12,East_exit,12,9
dl_1185,13,West_exit,13,8
dl_1185,16,East_exit,16,11
dl_1185,18,East_exit,18,13
dl_1185,19,West_exit,19,12
dl_1185,24,West_exit,24,16
dl_1185,25,West_exit,25,16
dl_1186,14,,,
dl_1186,17,West_exit,17,11
dl_1186,6,East_exit,6,5
dl_1186,7,West_exit,7,4
dl_1186,5,East_exit,5,4
dl_1186,12,East_exit,12,9
dl_1186,13,West_exit,13,8
dl_1186,21,East_exit,21,15
dl_1186,22,West_exit,22,14
dl_1186,16,East_exit,16,11
dl_1186,18,East_exit,18,13
dl_1186,19,West_exit,19,12
dl_1186,9,East_exit,9,7
dl_1186,10,West_exit,10,6
dl_1186,24,West_exit,24,16
dl_1186,25,West_exit,25,16
dl_1187,16,,,
dl_1187,17,West_exit,17,11
dl_1187,6,East_exit,6,5
dl_1187,7,West_exit,7,4
dl_1187,3,West_exit,3,2
dl_1187,4,East_exit,4,3
dl_1187,2,East_exit,2,2
dl_1187,12,East_exit,12,9
dl_1187,13,West_exit,13,8
dl_1187,21,East_exit,21,15
dl_1187,22,West_exit,22,14
dl_1187,16,East_exit,16,11
dl_1187,18,East_exit,18,13
dl_1187,19,West_exit,19,12
dl_1187,9,East_exit,9,7
dl_1187,10,West_exit,10,6
dl_1187,24,West_exit,24,16
dl_1187,25,West_exit,25,16
dl_1188,14,,,
dl_1188,17,West_exit,17,11
dl_1188,8,West_exit,8,5
dl_1188,21,East_exit,21,15
dl_1188,22,West_exit,22,14
dl_1188,12,East_exit,12,9
dl_1188,13,West_exit,13,8
dl_1188,16,East_exit,16,11
dl_1188,18,East_exit,18,13
dl_1188,19,West_exit,19,12
dl_1188,9,East_exit,9,7
dl_1188,10,West_exit,10,6
dl_1188,6,East_exit,6,5
dl_1188,5,East_exit,5,4
dl_1188,24,West_exit,24,16
dl_1188,25,West_exit,25,16
dl_1189,16,,,
dl_1189,8,West_exit,8,5
dl_1189,17,West_exit,17,11
dl_1189,21,East_exit,21,15
dl_1189,22,West_exit,22,14
dl_1189,12,East_exit,12,9
dl_1189,13,West_exit,13,8
dl_1189,16,East_exit,16,11
dl_1189,18,East_exit,18,13
dl_1189,19,West_exit,19,12
dl_1189,9,East_exit,9,7
dl_1189,10,West_exit,10,6
dl_1189,6,East_exit,6,5
dl_1189,3,West_exit,3,2
dl_1189,4,East_exit,4,3
dl_1189,2,East_exit,2,2
dl_1189,24,West_exit,24,16
dl_1189,25,West_exit,25,16
dl_1190,12,,,
dl_1190,11,West_exit,11,7
dl_1190,9,East_exit,9,7
dl_1190,17,West_exit,17,11
dl_1190,21,East_exit,21,15
dl_1190,22,West_exit,22,14
dl_1190,16,East_exit,16,11
dl_1190,18,East_exit,18,13
dl_1190,19,West_exit,19,12
dl_1190,8,East_exit,8,6
dl_1190,12,East_exit,12,9
dl_1190,13,West_exit,13,8
dl_1190,24,West_exit,24,16
dl_1190,25,West_exit,25,16
dl_1191,14,,,
dl_1191,11,West_exit,11,7
dl_1191,17,West_exit,17,11
dl_1191,5,East_exit,5,4
dl_1191,6,East_exit,6,5
dl_1191,7,West_exit,7,4
dl_1191,21,East_exit,21,15
dl_1191,22,West_exit,22,14
dl_1191,16,East_exit,16,11
dl_1191,18,East_exit,18,13
dl_1191,19,West_exit,19,12
dl_1191,12,East_exit,12,9
dl_1191,13,West_exit,13,8
dl_1191,9,East_exit,9,7
dl_1191,24,West_exit,24,16
dl_1191,25,West_exit,25,16
dl_1192,16,,,
dl_1192,11,West_exit,11,7
dl_1192,17,West_exit,17,11
dl_1192,21,East_exit,21,15
dl_1192,22,West_exit,22,14
dl_1192,16,East_exit,16,11
dl_1192,18,East_exit,18,13
dl_1192,19,West_exit,19,12
dl_1192,24,West_exit,24,16
dl_1192,25,West_exit,25,16
dl_1192,12,East_exit,12,9
dl_1192,13,West_exit,13,8
dl_1192,9,East_exit,9,7
dl_1192,6,East_exit,6,5
dl_1192,7,West_exit,7,4
dl_1192,3,West_exit,3,2
dl_1192,4,East_exit,4,3
dl_1192,2,East_exit,2,2
dl_1193,14,,,
dl_1193,11,West_exit,11,7
dl_1193,17,West_exit,17,11
dl_1193,21,East_exit,21,15
dl_1193,22,West_exit,22,14
dl_1193,16,East_exit,16,11
dl_1193,18,East_exit,18,13
dl_1193,19,West_exit,19,12
dl_1193,24,West_exit,24,16
dl_1193,25,West_exit,25,16
dl_1193,6,East_exit,6,5
dl_1193,8,West_exit,8,5
dl_1193,12,East_exit,12,9
dl_1193,13,West_exit,13,8
dl_1193,9,East_exit,9,7
dl_1193,5,East_exit,5,4
dl_1194,16,,,
dl_1194,11,West_exit,11,7
dl_1194,17,West_exit,17,11
dl_1194,21,East_exit,21,15
dl_1194,22,West_exit,22,14
dl_1194,16,East_exit,16,11
dl_1194,18,East_exit,18,13
dl_1194,19,West_exit,19,12
dl_1194,24,West_exit,24,16
dl_1194,25,West_exit,25,16
dl_1194,6,East_exit,6,5
dl_1194,8,West_exit,8,5
dl_1194,12,East_exit,12,9
dl_1194,13,West_exit,13,8
dl_1194,9,East_exit,9,7
dl_1194,3,West_exit,3,2
dl_1194,4,East_exit,4,3
dl_1194,2,East_exit,2,2
dl_1195,16,,,
dl_1195,17,West_exit,17,11
dl_1195,5,West_exit,5,3
dl_1195,6,East_exit,6,5
dl_1195,7,West_exit,7,4
dl_1195,4,East_exit,4,3
dl_1195,2,East_exit,2,2
dl_1195,9,East_exit,9,7
dl_1195,10,West_exit,10,6
dl_1195,12,East_exit,12,9
dl_1195,13,West_exit,13,8
dl_1195,21,East_exit,21,15
dl_1195,22,West_exit,22,14
dl_1195,16,East_exit,16,11
dl_1195,18,East_exit,18,13
dl_1195,19,West_exit,19,12
dl_1195,24,West_exit,24,16
dl_1195,25,West_exit,25,16
dl_1196,16,,,
dl_1196,17,West_exit,17,11
dl_1196,8,West_exit,8,5
dl_1196,12,East_exit,12,9
dl_1196,13,West_exit,13,8
dl_1196,21,East_exit,21,15
dl_1196,22,West_exit,22,14
dl_1196,16,East_exit,16,11
dl_1196,18,East_exit,18,13
dl_1196,19,West_exit,19,12
dl_1196,9,East_exit,9,7
dl_1196,10,West_exit,10,6
dl_1196,6,East_exit,6,5
dl_1196,5,West_exit,5,3
dl_1196,4,East_exit,4,3
dl_1196,2,East_exit,2,2
dl_1196,24,West_exit,24,16
dl_1196,25,West_exit,25,16
dl_1197,16,,,
dl_1197,5,West_exit,5,3
dl_1197,11,West_exit,11,7
dl_1197,9,East_exit,9,7
dl_1197,17,West_exit,17,11
dl_1197,21,East_exit,21,15
dl_1197,22,West_exit,22,14
dl_1197,16,East_exit,16,11
dl_1197,18,East_exit,18,13
dl_1197,19,West_exit,19,12
dl_1197,12,East_exit,12,9
dl_1197,13,West_exit,13,8
dl_1197,24,West_exit,24,16
dl_1197,25,West_exit,25,16
dl_1197,4,East_exit,4,3
dl_1197,2,East_exit,2,2
dl_1197,6,East_exit,6,5
dl_1197,7,West_exit,7,4
dl_1198,16,,,
dl_1198,11,West_exit,11,7
dl_1198,17,West_exit,17,11
dl_1198,21,East_exit,21,15
dl_1198,22,West_exit,22,14
dl_1198,16,East_exit,16,11
dl_1198,18,East_exit,18,13
dl_1198,19,West_exit,19,12
dl_1198,24,West_exit,24,16
dl_1198,25,West_exit,25,16
dl_1198,8,West_exit,8,5
dl_1198,6,East_exit,6,5
dl_1198,5,West_exit,5,3
dl_1198,9,East_exit,9,7
dl_1198,12,East_exit,12,9
dl_1198,13,West_exit,13,8
dl_1198,4,East_exit,4,3
dl_1198,2,East_exit,2,2
dl_1199,10,,,
dl_1199,17,West_exit,17,11
dl_1199,21,East_exit,21,15
dl_1199,22,West_exit,22,14
dl_1199,14,West_exit,14,9
dl_1199,16,East_exit,16,11
dl_1199,12,East_exit,12,9
dl_1199,11,East_exit,11,8
dl_1199,18,East_exit,18,13
dl_1199,19,West_exit,19,12
dl_1199,24,West_exit,24,16
dl_1199,25,West_exit,25,16
dl_1200,12,,,
dl_1200,17,West_exit,17,11
dl_1200,9,East_exit,9,7
dl_1200,10,West_exit,10,6
dl_1200,8,East_exit,8,6
dl_1200,21,East_exit,21,15
dl_1200,22,West_exit,22,14
dl_1200,14,West_exit,14,9
dl_1200,16,East_exit,16,11
dl_1200,12,East_exit,12,9
dl_1200,18,East_exit,18,13
dl_1200,19,West_exit,19,12
dl_1200,24,West_exit,24,16
dl_1200,25,West_exit,25,16
dl_1201,14,,,
dl_1201,6,East_exit,6,5
dl_1201,7,West_exit,7,4
dl_1201,5,East_exit,5,4
dl_1201,17,West_exit,17,11
dl_1201,21,East_exit,21,15
dl_1201,22,West_exit,22,14
dl_1201,14,West_exit,14,9
dl_1201,16,East_exit,16,11
dl_1201,12,East_exit,12,9
dl_1201,18,East_exit,18,13
dl_1201,19,West_exit,19,12
dl_1201,24,West_exit,24,16
dl_1201,25,West_exit,25,16
dl_1201,9,East_exit,9,7
dl_1201,10,West_exit,10,6
dl_1202,16,,,
dl_1202,6,East_exit,6,5
dl_1202,7,West_exit,7,4
dl_1202,3,West_exit,3,2
dl_1202,4,East_exit,4,3
dl_1202,2,East_exit,2,2
dl_1202,17,West_exit,17,11
dl_1202,21,East_exit,21,15
dl_1202,22,West_exit,22,14
dl_1202,14,West_exit,14,9
dl_1202,16,East_exit,16,11
dl_1202,12,East_exit,12,9
dl_1202,18,East_exit,18,13
dl_1202,19,West_exit,19,12
dl_1202,24,West_exit,24,16
dl_1202,25,West_exit,25,16
dl_1202,9,East_exit,9,7
dl_1202,10,West_exit,10,6
dl_1203,14,,,
dl_1203,8,West_exit,8,5
dl_1203,17,West_exit,17,11
dl_1203,21,East_exit,21,15
dl_1203,22,West_exit,22,14
dl_1203,14,West_exit,14,9
dl_1203,16,East_exit,16,11
dl_1203,12,East_exit,12,9
dl_1203,18,East_exit,18,13
dl_1203,19,West_exit,19,12
dl_1203,24,West_exit,24,16
dl_1203,25,West_exit,25,16
dl_1203,6,East_exit,6,5
dl_1203,5,East_exit,5,4
dl_1203,9,East_exit,9,7
dl_1203,10,West_exit,10,6
dl_1204,16,,,
dl_1204,8,West_exit,8,5
dl_1204,17,West_exit,17,11
dl_1204,21,East_exit,21,15
dl_1204,22,West_exit,22,14
dl_1204,14,West_exit,14,9
dl_1204,16,East_exit,16,11
dl_1204,12,East_exit,12,9
dl_1204,18,East_exit,18,13
dl_1204,19,West_exit,19,12
dl_1204,24,West_exit,24,16
dl_1204,25,West_exit,25,16
dl_1204,6,East_exit,6,5
dl_1204,9,East_exit,9,7
dl_1204,10,West_exit,10,6
dl_1204,3,West_exit,3,2
dl_1204,4,East_exit,4,3
dl_1204,2,East_exit,2,2
dl_1205,12,,,
dl_1205,17,West_exit,17,11
dl_1205,21,East_exit,21,15
dl_1205,22,West_exit,22,14
dl_1205,9,East_exit,9,7
dl_1205,11,West_exit,11,7
dl_1205,8,East_exit,8,6
dl_1205,14,West_exit,14,9
dl_1205,16,East_exit,16,11
dl_1205,12,East_exit,12,9
dl_1205,18,East_exit,18,13
dl_1205,19,West_exit,19,12
dl_1205,24,West_exit,24,16
dl_1205,25,West_exit,25,16
dl_1206,14,,,
dl_1206,17,West_exit,17,11
dl_1206,5,East_exit,5,4
dl_1206,6,East_exit,6,5
dl_1206,7,West_exit,7,4
dl_1206,21,East_exit,21,15
dl_1206,22,West_exit,22,14
dl_1206,9,East_exit,9,7
dl_1206,14,West_exit,14,9
dl_1206,12,East_exit,12,9
dl_1206,16,East_exit,16,11
dl_1206,18,East_exit,18,13
dl_1206,19,West_exit,19,12
dl_1206,11,West_exit,11,7
dl_1206,24,West_exit,24,16
dl_1206,25,West_exit,25,16
dl_1207,16,,,
dl_1207,17,West_exit,17,11
dl_1207,6,East_exit,6,5
dl_1207,7,West_exit,7,4
dl_1207,21,East_exit,21,15
dl_1207,22,West_exit,22,14
dl_1207,9,East_exit,9,7
dl_1207,14,West_exit,14,9
dl_1207,12,East_exit,12,9
dl_1207,16,East_exit,16,11
dl_1207,18,East_exit,18,13
dl_1207,19,West_exit,19,12
dl_1207,11,West_exit,11,7
dl_1207,24,West_exit,24,16
dl_1207,25,West_exit,25,16
dl_1207,3,West_exit,3,2
dl_1207,4,East_exit,4,3
dl_1207,2,East_exit,2,2
dl_1208,14,,,
dl_1208,6,East_exit,6,5
dl_1208,8,West_exit,8,5
dl_1208,17,West_exit,17,11
dl_1208,21,East_exit,21,15
dl_1208,22,West_exit,22,14
dl_1208,14,West_exit,14,9
dl_1208,12,East_exit,12,9
dl_1208,11,West_exit,11,7
dl_1208,16,East_exit,16,11
dl_1208,18,East_exit,18,13
dl_1208,19,West_exit,19,12
dl_1208,9,East_exit,9,7
dl_1208,5,East_exit,5,4
dl_1208,24,West_exit,24,16
dl_1208,25,West_exit,25,16
dl_1209,16,,,
dl_1209,17,West_exit,17,11
dl_1209,21,East_exit,21,15
dl_1209,22,West_exit,22,14
dl_1209,11,West_exit,11,7
dl_1209,9,East_exit,9,7
dl_1209,8,West_exit,8,5
dl_1209,14,West_exit,14,9
dl_1209,16,East_exit,16,11
dl_1209,12,East_exit,12,9
dl_1209,18,East_exit,18,13
dl_1209,19,West_exit,19,12
dl_1209,6,East_exit,6,5
dl_1209,3,West_exit,3,2
dl_1209,4,East_exit,4,3
dl_1209,2,East_exit,2,2
dl_1209,24,West_exit,24,16
dl_1209,25,West_exit,25,16
dl_1210,16,,,
dl_1210,5,West_exit,5,3
dl_1210,6,East_exit,6,5
dl_1210,7,West_exit,7,4
dl_1210,4,East_exit,4,3
dl_1210,2,East_exit,2,2
dl_1210,17,West_exit,17,11
dl_1210,21,East_exit,21,15
dl_1210,22,West_exit,22,14
dl_1210,14,West_exit,14,9
dl_1210,12,East_exit,12,9
dl_1210,16,East_exit,16,11
dl_1210,18,East_exit,18,13
dl_1210,19,West_exit,19,12
dl_1210,9,East_exit,9,7
dl_1210,10,West_exit,10,6
dl_1210,24,West_exit,24,16
dl_1210,25,West_exit,25,16
dl_1211,16,,,
dl_1211,8,West_exit,8,5
dl_1211,17,West_exit,17,11
dl_1211,21,East_exit,21,15
dl_1211,22,West_exit,22,14
dl_1211,14,West_exit,14,9
dl_1211,16,East_exit,16,11
dl_1211,12,East_exit,12,9
dl_1211,18,East_exit,18,13
dl_1211,19,West_exit,19,12
dl_1211,24,West_exit,24,16
dl_1211,25,West_exit,25,16
dl_1211,5,West_exit,5,3
dl_1211,4,East_exit,4,3
dl_1211,2,East_exit,2,2
dl_1211,6,East_exit,6,5
dl_1211,9,East_exit,9,7
dl_1211,10,West_exit,10,6
dl_1212,16,,,
dl_1212,5,West_exit,5,3
dl_1212,17,West_exit,17,11
dl_1212,21,East_exit,21,15
dl_1212,22,West_exit,22,14
dl_1212,9,East_exit,9,7
dl_1212,11,West_exit,11,7
dl_1212,14,West_exit,14,9
dl_1212,16,East_exit,16,11
dl_1212,12,East_exit,12,9
dl_1212,18,East_exit,18,13
dl_1212,19,West_exit,19,12
dl_1212,6,East_exit,6,5
dl_1212,7,West_exit,7,4
dl_1212,4,East_exit,4,3
dl_1212,2,East_exit,2,2
dl_1212,24,West_exit,24,16
dl_1212,25,West_exit,25,16
dl_1213,16,,,
dl_1213,17,West_exit,17,11
dl_1213,21,East_exit,21,15
dl_1213,22,West_exit,22,14
dl_1213,11,West_exit,11,7
dl_1213,9,East_exit,9,7
dl_1213,8,West_exit,8,5
dl_1213,14,West_exit,14,9
dl_1213,16,East_exit,16,11
dl_1213,12,East_exit,12,9
dl_1213,18,East_exit,18,13
dl_1213,19,West_exit,19,12
dl_1213,5,West_exit,5,3
dl_1213,4,East_exit,4,3
dl_1213,2,East_exit,2,2
dl_1213,6,East_exit,6,5
dl_1213,24,West_exit,24,16
dl_1213,25,West_exit,25,16
dl_1214,10,,,
dl_1214,9,East_exit,9,7
dl_1214,10,West_exit,10,6
dl_1214,11,West_exit,11,7
dl_1214,12,East_exit,12,9
dl_1214,13,West_exit,13,8
dl_1214,14,West_exit,14,9
dl_1214,3,East_exit,3,3
dl_1214,4,West_exit,4,2
dl_1214,2,East_exit,2,2
dl_1214,6,West_exit,6,4
dl_1214,7,East_exit,7,5
dl_1215,14,,,
dl_1215,17,West_exit,17,11
dl_1215,11,West_exit,11,7
dl_1215,9,East_exit,9,7
dl_1215,10,West_exit,10,6
dl_1215,12,East_exit,12,9
dl_1215,13,West_exit,13,8
dl_1215,15,East_exit,15,11
dl_1215,16,West_exit,16,10
dl_1215,18,West_exit,18,12
dl_1215,19,West_exit,19,12
dl_1215,3,East_exit,3,3
dl_1215,4,West_exit,4,2
dl_1215,2,East_exit,2,2
dl_1215,6,West_exit,6,4
dl_1215,7,East_exit,7,5
dl_1216,12,,,
dl_1216,11,West_exit,11,7
dl_1216,9,East_exit,9,7
dl_1216,10,West_exit,10,6
dl_1216,12,East_exit,12,9
dl_1216,13,West_exit,13,8
dl_1216,15,East_exit,15,11
dl_1216,16,West_exit,16,10
dl_1216,17,West_exit,17,11
dl_1216,3,East_exit,3,3
dl_1216,4,West_exit,4,2
dl_1216,2,East_exit,2,2
dl_1216,6,West_exit,6,4
dl_1216,7,East_exit,7,5
dl_1217,16,,,
dl_1217,11,West_exit,11,7
dl_1217,9,East_exit,9,7
dl_1217,10,West_exit,10,6
dl_1217,12,East_exit,12,9
dl_1217,13,West_exit,13,8
dl_1217,3,East_exit,3,3
dl_1217,4,West_exit,4,2
dl_1217,2,East_exit,2,2
dl_1217,6,West_exit,6,4
dl_1217,7,East_exit,7,5
dl_1217,20,West_exit,20,13
dl_1217,18,East_exit,18,13
dl_1217,19,West_exit,19,12
dl_1217,21,West_exit,21,14
dl_1217,22,West_exit,22,14
dl_1217,15,East_exit,15,11
dl_1217,16,West_exit,16,10
dl_1218,14,,,
dl_1218,11,West_exit,11,7
dl_1218,9,East_exit,9,7
dl_1218,10,West_exit,10,6
dl_1218,12,East_exit,12,9
dl_1218,13,West_exit,13,8
dl_1218,3,East_exit,3,3
dl_1218,4,West_exit,4,2
dl_1218,2,East_exit,2,2
dl_1218,6,West_exit,6,4
dl_1218,7,East_exit,7,5
dl_1218,18,East_exit,18,13
dl_1218,19,West_exit,19,12
dl_1218,20,West_exit,20,13
dl_1218,15,East_exit,15,11
dl_1218,16,West_exit,16,10
dl_1219,15,,,
dl_1219,11,West_exit,11,7
dl_1219,9,East_exit,9,7
dl_1219,10,West_exit,10,6
dl_1219,12,East_exit,12,9
dl_1219,13,West_exit,13,8
dl_1219,3,East_exit,3,3
dl_1219,4,West_exit,4,2
dl_1219,2,East_exit,2,2
dl_1219,6,West_exit,6,4
dl_1219,7,East_exit,7,5
dl_1219,18,East_exit,18,13
dl_1219,19,West_exit,19,12
dl_1219,15,East_exit,15,11
dl_1219,16,West_exit,16,10
dl_1219,21,West_exit,21,14
dl_1219,22,West_exit,22,14
dl_1220,7,,,
dl_1220,9,East_exit,9,7
dl_1220,10,West_exit,10,6
dl_1220,11,West_exit,11,7
dl_1220,3,East_exit,3,3
dl_1220,4,West_exit,4,2
dl_1220,2,East_exit,2,2
dl_1220,6,West_exit,6,4
dl_1220,7,East_exit,7,5
dl_1221,14,,,
dl_1221,26,West_exit,26,17
dl_1221,24,West_exit,24,16
dl_1221,25,East_exit,25,17
dl_1221,27,West_exit,27,18
dl_1221,28,West_exit,28,18
dl_1221,21,West_exit,21,14
dl_1221,22,East_exit,22,15
dl_1221,15,West_exit,15,10
dl_1221,16,East_exit,16,11
dl_1221,14,East_exit,14,10
dl_1221,12,West_exit,12,8
dl_1221,13,East_exit,13,9
dl_1221,11,East_exit,11,8
dl_1221,18,West_exit,18,12
dl_1221,19,East_exit,19,13
dl_1222,12,,,
dl_1222,24,West_exit,24,16
dl_1222,25,East_exit,25,17
dl_1222,26,West_exit,26,17
dl_1222,21,West_exit,21,14
dl_1222,22,East_exit,22,15
dl_1222,15,West_exit,15,10
dl_1222,16,East_exit,16,11
dl_1222,14,East_exit,14,10
dl_1222,12,West_exit,12,8
dl_1222,13,East_exit,13,9
dl_1222,11,East_exit,11,8
dl_1222,18,West_exit,18,12
dl_1222,19,East_exit,19,13
dl_1223,11,,,
dl_1223,24,West_exit,24,16
dl_1223,25,East_exit,25,17
dl_1223,26,West_exit,26,17
dl_1223,27,West_exit,27,18
dl_1223,28,West_exit,28,18
dl_1223,21,West_exit,21,14
dl_1223,22,East_exit,22,15
dl_1223,18,West_exit,18,12
dl_1223,19,East_exit,19,13
dl_1223,15,West_exit,15,10
dl_1223,16,East_exit,16,11
dl_1223,14,East_exit,14,10
dl_1224,9,,,
dl_1224,24,West_exit,24,16
dl_1224,25,East_exit,25,17
dl_1224,26,West_exit,26,17
dl_1224,21,West_exit,21,14
dl_1224,22,East_exit,22,15
dl_1224,18,West_exit,18,12
dl_1224,19,East_exit,19,13
dl_1224,15,West_exit,15,10
dl_1224,16,East_exit,16,11
dl_1224,14,East_exit,14,10
dl_1225,4,,,
dl_1225,9,East_exit,9,7
dl_1225,10,West_exit,10,6
dl_1225,11,West_exit,11,7
dl_1225,6,East_exit,6,5
dl_1225,7,East_exit,7,5
dl_1226,18,,,
dl_1226,24,West_exit,24,16
dl_1226,25,East_exit,25,17
dl_1226,26,West_exit,26,17
dl_1226,27,West_exit,27,18
dl_1226,28,West_exit,28,18
dl_1226,21,West_exit,21,14
dl_1226,22,East_exit,22,15
dl_1226,18,West_exit,18,12
dl_1226,19,East_exit,19,13
dl_1226,8,East_exit,8,6
dl_1226,12,West_exit,12,8
dl_1226,13,East_exit,13,9
dl_1226,11,East_exit,11,8
dl_1226,9,West_exit,9,6
dl_1226,10,East_exit,10,7
dl_1226,6,East_exit,6,5
dl_1226,7,East_exit,7,5
dl_1226,15,West_exit,15,10
dl_1226,16,East_exit,16,11
dl_1227,16,,,
dl_1227,24,West_exit,24,16
dl_1227,25,East_exit,25,17
dl_1227,26,West_exit,26,17
dl_1227,21,West_exit,21,14
dl_1227,22,East_exit,22,15
dl_1227,18,West_exit,18,12
dl_1227,19,East_exit,19,13
dl_1227,8,East_exit,8,6
dl_1227,12,West_exit,12,8
dl_1227,13,East_exit,13,9
dl_1227,11,East_exit,11,8
dl_1227,9,West_exit,9,6
dl_1227,10,East_exit,10,7
dl_1227,6,East_exit,6,5
dl_1227,7,East_exit,7,5
dl_1227,15,West_exit,15,10
dl_1227,16,East_exit,16,11
dl_1228,16,,,
dl_1228,24,West_exit,24,16
dl_1228,25,East_exit,25,17
dl_1228,26,West_exit,26,17
dl_1228,27,West_exit,27,18
dl_1228,28,West_exit,28,18
dl_1228,21,West_exit,21,14
dl_1228,22,East_exit,22,15
dl_1228,18,West_exit,18,12
dl_1228,19,East_exit,19,13
dl_1228,12,West_exit,12,8
dl_1228,13,East_exit,13,9
dl_1228,11,East_exit,11,8
dl_1228,9,West_exit,9,6
dl_1228,10,East_exit,10,7
dl_1228,8,East_exit,8,6
dl_1228,15,West_exit,15,10
dl_1228,16,East_exit,16,11
dl_1229,14,,,
dl_1229,24,West_exit,24,16
dl_1229,25,East_exit,25,17
dl_1229,26,West_exit,26,17
dl_1229,21,West_exit,21,14
dl_1229,22,East_exit,22,15
dl_1229,18,West_exit,18,12
dl_1229,19,East_exit,19,13
dl_1229,12,West_exit,12,8
dl_1229,13,East_exit,13,9
dl_1229,11,East_exit,11,8
dl_1229,9,West_exit,9,6
dl_1229,10,East_exit,10,7
dl_1229,8,East_exit,8,6
dl_1229,15,West_exit,15,10
dl_1229,16,East_exit,16,11
dl_1230,17,,,
dl_1230,24,West_exit,24,16
dl_1230,25,East_exit,25,17
dl_1230,26,West_exit,26,17
dl_1230,27,West_exit,27,18
dl_1230,28,West_exit,28,18
dl_1230,21,West_exit,21,14
dl_1230,22,East_exit,22,15
dl_1230,18,West_exit,18,12
dl_1230,19,East_exit,19,13
dl_1230,12,West_exit,12,8
dl_1230,13,East_exit,13,9
dl_1230,11,East_exit,11,8
dl_1230,9,West_exit,9,6
dl_1230,10,East_exit,10,7
dl_1230,15,West_exit,15,10
dl_1230,16,East_exit,16,11
dl_1230,6,East_exit,6,5
dl_1230,7,East_exit,7,5
dl_1231,15,,,
dl_1231,24,West_exit,24,16
dl_1231,25,East_exit,25,17
dl_1231,26,West_exit,26,17
dl_1231,21,West_exit,21,14
dl_1231,22,East_exit,22,15
dl_1231,18,West_exit,18,12
dl_1231,19,East_exit,19,13
dl_1231,12,West_exit,12,8
dl_1231,13,East_exit,13,9
dl_1231,11,East_exit,11,8
dl_1231,9,West_exit,9,6
dl_1231,10,East_exit,10,7
dl_1231,15,West_exit,15,10
dl_1231,16,East_exit,16,11
dl_1231,6,East_exit,6,5
dl_1231,7,East_exit,7,5
dl_1232,13,,,
dl_1232,26,West_exit,26,17
dl_1232,24,West_exit,24,16
dl_1232,25,East_exit,25,17
dl_1232,27,West_exit,27,18
dl_1232,28,West_exit,28,18
dl_1232,18,West_exit,18,12
dl_1232,19,East_exit,19,13
dl_1232,21,West_exit,21,14
dl_1232,22,East_exit,22,15
dl_1232,15,West_exit,15,10
dl_1232,16,East_exit,16,11
dl_1232,12,West_exit,12,8
dl_1232,13,East_exit,13,9
dl_1232,11,East_exit,11,8
dl_1233,11,,,
dl_1233,24,West_exit,24,16
dl_1233,25,East_exit,25,17
dl_1233,26,West_exit,26,17
dl_1233,18,West_exit,18,12
dl_1233,19,East_exit,19,13
dl_1233,21,West_exit,21,14
dl_1233,22,East_exit,22,15
dl_1233,15,West_exit,15,10
dl_1233,16,East_exit,16,11
dl_1233,12,West_exit,12,8
dl_1233,13,East_exit,13,9
dl_1233,11,East_exit,11,8
dl_1234,20,,,
dl_1234,8,East_exit,8,6
dl_1234,11,East_exit,11,8
dl_1234,9,West_exit,9,6
dl_1234,10,East_exit,10,7
dl_1234,14,East_exit,14,10
dl_1234,12,West_exit,12,8
dl_1234,13,East_exit,13,9
dl_1234,17,East_exit,17,12
dl_1234,15,West_exit,15,10
dl_1234,16,East_exit,16,11
dl_1234,29,West_exit,29,19
dl_1234,27,West_exit,27,18
dl_1234,28,East_exit,28,19
dl_1234,24,West_exit,24,16
dl_1234,25,East_exit,25,17
dl_1234,21,West_exit,21,14
dl_1234,22,East_exit,22,15
dl_1234,18,West_exit,18,12
dl_1234,19,East_exit,19,13
dl_1234,6,East_exit,6,5
dl_1234,7,East_exit,7,5
dl_1235,18,,,
dl_1235,11,East_exit,11,8
dl_1235,9,West_exit,9,6
dl_1235,10,East_exit,10,7
dl_1235,8,East_exit,8,6
dl_1235,14,East_exit,14,10
dl_1235,12,West_exit,12,8
dl_1235,13,East_exit,13,9
dl_1235,17,East_exit,17,12
dl_1235,15,West_exit,15,10
dl_1235,16,East_exit,16,11
dl_1235,29,West_exit,29,19
dl_1235,27,West_exit,27,18
dl_1235,28,East_exit,28,19
dl_1235,24,West_exit,24,16
dl_1235,25,East_exit,25,17
dl_1235,21,West_exit,21,14
dl_1235,22,East_exit,22,15
dl_1235,18,West_exit,18,12
dl_1235,19,East_exit,19,13
dl_1236,19,,,
dl_1236,11,East_exit,11,8
dl_1236,9,West_exit,9,6
dl_1236,10,East_exit,10,7
dl_1236,14,East_exit,14,10
dl_1236,12,West_exit,12,8
dl_1236,13,East_exit,13,9
dl_1236,17,East_exit,17,12
dl_1236,15,West_exit,15,10
dl_1236,16,East_exit,16,11
dl_1236,29,West_exit,29,19
dl_1236,27,West_exit,27,18
dl_1236,28,East_exit,28,19
dl_1236,24,West_exit,24,16
dl_1236,25,East_exit,25,17
dl_1236,21,West_exit,21,14
dl_1236,22,East_exit,22,15
dl_1236,18,West_exit,18,12
dl_1236,19,East_exit,19,13
dl_1236,6,East_exit,6,5
dl_1236,7,East_exit,7,5
dl_1237,15,,,
dl_1237,14,East_exit,14,10
dl_1237,12,West_exit,12,8
dl_1237,13,East_exit,13,9
dl_1237,11,East_exit,11,8
dl_1237,17,East_exit,17,12
dl_1237,15,West_exit,15,10
dl_1237,16,East_exit,16,11
dl_1237,29,West_exit,29,19
dl_1237,27,West_exit,27,18
dl_1237,28,East_exit,28,19
dl_1237,24,West_exit,24,16
dl_1237,25,East_exit,25,17
dl_1237,21,West_exit,21,14
dl_1237,22,East_exit,22,15
dl_1237,18,West_exit,18,12
dl_1237,19,East_exit,19,13
dl_1238,19,,,
dl_1238,8,East_exit,8,6
dl_1238,14,East_exit,14,10
dl_1238,12,West_exit,12,8
dl_1238,13,East_exit,13,9
dl_1238,17,East_exit,17,12
dl_1238,15,West_exit,15,10
dl_1238,16,East_exit,16,11
dl_1238,29,West_exit,29,19
dl_1238,27,West_exit,27,18
dl_1238,28,East_exit,28,19
dl_1238,24,West_exit,24,16
dl_1238,25,East_exit,25,17
dl_1238,21,West_exit,21,14
dl_1238,22,East_exit,22,15
dl_1238,18,West_exit,18,12
dl_1238,19,East_exit,19,13
dl_1238,9,West_exit,9,6
dl_1238,10,East_exit,10,7
dl_1238,6,East_exit,6,5
dl_1238,7,East_exit,7,5
dl_1239,12,,,
dl_1239,27,West_exit,27,18
dl_1239,28,East_exit,28,19
dl_1239,29,West_exit,29,19
dl_1239,24,West_exit,24,16
dl_1239,25,East_exit,25,17
dl_1239,18,West_exit,18,12
dl_1239,19,East_exit,19,13
dl_1239,17,East_exit,17,12
dl_1239,15,West_exit,15,10
dl_1239,16,East_exit,16,11
dl_1239,14,East_exit,14,10
dl_1239,21,West_exit,21,14
dl_1239,22,East_exit,22,15
dl_1240,19,,,
dl_1240,29,West_exit,29,19
dl_1240,27,West_exit,27,18
dl_1240,28,East_exit,28,19
dl_1240,24,West_exit,24,16
dl_1240,25,East_exit,25,17
dl_1240,8,East_exit,8,6
dl_1240,11,East_exit,11,8
dl_1240,9,West_exit,9,6
dl_1240,10,East_exit,10,7
dl_1240,12,West_exit,12,8
dl_1240,13,East_exit,13,9
dl_1240,6,East_exit,6,5
dl_1240,7,East_exit,7,5
dl_1240,18,West_exit,18,12
dl_1240,19,East_exit,19,13
dl_1240,17,East_exit,17,12
dl_1240,15,West_exit,15,10
dl_1240,16,East_exit,16,11
dl_1240,21,West_exit,21,14
dl_1240,22,East_exit,22,15
dl_1241,17,,,
dl_1241,29,West_exit,29,19
dl_1241,27,West_exit,27,18
dl_1241,28,East_exit,28,19
dl_1241,24,West_exit,24,16
dl_1241,25,East_exit,25,17
dl_1241,11,East_exit,11,8
dl_1241,9,West_exit,9,6
dl_1241,10,East_exit,10,7
dl_1241,8,East_exit,8,6
dl_1241,12,West_exit,12,8
dl_1241,13,East_exit,13,9
dl_1241,18,West_exit,18,12
dl_1241,19,East_exit,19,13
dl_1241,17,East_exit,17,12
dl_1241,15,West_exit,15,10
dl_1241,16,East_exit,16,11
dl_1241,21,West_exit,21,14
dl_1241,22,East_exit,22,15
dl_1242,18,,,
dl_1242,29,West_exit,29,19
dl_1242,27,West_exit,27,18
dl_1242,28,East_exit,28,19
dl_1242,24,West_exit,24,16
dl_1242,25,East_exit,25,17
dl_1242,11,East_exit,11,8
dl_1242,9,West_exit,9,6
dl_1242,10,East_exit,10,7
dl_1242,12,West_exit,12,8
dl_1242,13,East_exit,13,9
dl_1242,18,West_exit,18,12
dl_1242,19,East_exit,19,13
dl_1242,17,East_exit,17,12
dl_1242,15,West_exit,15,10
dl_1242,16,East_exit,16,11
dl_1242,21,West_exit,21,14
dl_1242,22,East_exit,22,15
dl_1242,6,East_exit,6,5
dl_1242,7,East_exit,7,5
dl_1243,14,,,
dl_1243,17,East_exit,17,12
dl_1243,12,West_exit,12,8
dl_1243,13,East_exit,13,9
dl_1243,11,East_exit,11,8
dl_1243,27,West_exit,27,18
dl_1243,28,East_exit,28,19
dl_1243,29,West_exit,29,19
dl_1243,24,West_exit,24,16
dl_1243,25,East_exit,25,17
dl_1243,18,West_exit,18,12
dl_1243,19,East_exit,19,13
dl_1243,15,West_exit,15,10
dl_1243,16,East_exit,16,11
dl_1243,21,West_exit,21,14
dl_1243,22,East_exit,22,15
dl_1244,18,,,
dl_1244,29,West_exit,29,19
dl_1244,27,West_exit,27,18
dl_1244,28,East_exit,28,19
dl_1244,24,West_exit,24,16
dl_1244,25,East_exit,25,17
dl_1244,17,East_exit,17,12
dl_1244,18,West_exit,18,12
dl_1244,19,East_exit,19,13
dl_1244,15,West_exit,15,10
dl_1244,16,East_exit,16,11
dl_1244,21,West_exit,21,14
dl_1244,22,East_exit,22,15
dl_1244,8,East_exit,8,6
dl_1244,9,West_exit,9,6
dl_1244,10,East_exit,10,7
dl_1244,6,East_exit,6,5
dl_1244,7,East_exit,7,5
dl_1244,12,West_exit,12,8
dl_1244,13,East_exit,13,9
dl_1245,9,,,
dl_1245,27,West_exit,27,18
dl_1245,28,East_exit,28,19
dl_1245,29,West_exit,29,19
dl_1245,24,West_exit,24,16
dl_1245,25,East_exit,25,17
dl_1245,21,West_exit,21,14
dl_1245,22,East_exit,22,15
dl_1245,18,West_exit,18,12
dl_1245,19,East_exit,19,13
dl_1245,17,East_exit,17,12
dl_1246,5,,,
dl_1246,9,West_exit,9,6
dl_1246,10,East_exit,10,7
dl_1246,11,West_exit,11,7
dl_1246,6,East_exit,6,5
dl_1246,7,West_exit,7,4
dl_1246,5,East_exit,5,4
dl_1247,5,,,
dl_1247,9,West_exit,9,6
dl_1247,10,East_exit,10,7
dl_1247,8,East_exit,8,6
dl_1247,12,East_exit,12,9
dl_1247,13,West_exit,13,8
dl_1247,14,West_exit,14,9
dl_1248,7,,,
dl_1248,6,East_exit,6,5
dl_1248,7,West_exit,7,4
dl_1248,5,East_exit,5,4
dl_1248,12,East_exit,12,9
dl_1248,13,West_exit,13,8
dl_1248,14,West_exit,14,9
dl_1248,9,West_exit,9,6
dl_1248,10,East_exit,10,7
dl_1249,7,,,
dl_1249,3,West_exit,3,2
dl_1249,4,East_exit,4,3
dl_1249,2,East_exit,2,2
dl_1249,9,West_exit,9,6
dl_1249,10,East_exit,10,7
dl_1249,11,West_exit,11,7
dl_1249,6,East_exit,6,5
dl_1249,7,West_exit,7,4
dl_1250,9,,,
dl_1250,3,West_exit,3,2
dl_1250,4,East_exit,4,3
dl_1250,2,East_exit,2,2
dl_1250,9,West_exit,9,6
dl_1250,10,East_exit,10,7
dl_1250,6,East_exit,6,5
dl_1250,7,West_exit,7,4
dl_1250,12,East_exit,12,9
dl_1250,13,West_exit,13,8
dl_1250,14,West_exit,14,9
dl_1251,5,,,
dl_1251,6,East_exit,6,5
dl_1251,8,West_exit,8,5
dl_1251,9,West_exit,9,6
dl_1251,10,East_exit,10,7
dl_1251,11,West_exit,11,7
dl_1251,5,East_exit,5,4
dl_1252,7,,,
dl_1252,12,East_exit,12,9
dl_1252,13,West_exit,13,8
dl_1252,14,West_exit,14,9
dl_1252,8,West_exit,8,5
dl_1252,6,East_exit,6,5
dl_1252,5,East_exit,5,4
dl_1252,9,West_exit,9,6
dl_1252,10,East_exit,10,7
dl_1253,7,,,
dl_1253,9,West_exit,9,6
dl_1253,10,East_exit,10,7
dl_1253,11,West_exit,11,7
dl_1253,8,West_exit,8,5
dl_1253,3,West_exit,3,2
dl_1253,4,East_exit,4,3
dl_1253,2,East_exit,2,2
dl_1253,6,East_exit,6,5
dl_1254,9,,,
dl_1254,12,East_exit,12,9
dl_1254,13,West_exit,13,8
dl_1254,14,West_exit,14,9
dl_1254,3,West_exit,3,2
dl_1254,4,East_exit,4,3
dl_1254,2,East_exit,2,2
dl_1254,8,West_exit,8,5
dl_1254,6,East_exit,6,5
dl_1254,9,West_exit,9,6
dl_1254,10,East_exit,10,7
dl_1255,9,,,
dl_1255,17,West_exit,17,11
dl_1255,9,West_exit,9,6
dl_1255,10,East_exit,10,7
dl_1255,8,East_exit,8,6
dl_1255,12,East_exit,12,9
dl_1255,13,West_exit,13,8
dl_1255,15,East_exit,15,11
dl_1255,16,West_exit,16,10
dl_1255,18,West_exit,18,12
dl_1255,19,West_exit,19,12
dl_1256,7,,,
dl_1256,9,West_exit,9,6
dl_1256,10,East_exit,10,7
dl_1256,8,East_exit,8,6
dl_1256,12,East_exit,12,9
dl_1256,13,West_exit,13,8
dl_1256,15,East_exit,15,11
dl_1256,16,West_exit,16,10
dl_1256,17,West_exit,17,11
dl_1257,11,,,
dl_1257,9,West_exit,9,6
dl_1257,10,East_exit,10,7
dl_1257,6,East_exit,6,5
dl_1257,7,West_exit,7,4
dl_1257,5,East_exit,5,4
dl_1257,17,West_exit,17,11
dl_1257,15,East_exit,15,11
dl_1257,16,West_exit,16,10
dl_1257,18,West_exit,18,12
dl_1257,19,West_exit,19,12
dl_1257,12,East_exit,12,9
dl_1257,13,West_exit,13,8
dl_1258,9,,,
dl_1258,9,West_exit,9,6
dl_1258,10,East_exit,10,7
dl_1258,6,East_exit,6,5
dl_1258,7,West_exit,7,4
dl_1258,5,East_exit,5,4
dl_1258,15,East_exit,15,11
dl_1258,16,West_exit,16,10
dl_1258,17,West_exit,17,11
dl_1258,12,East_exit,12,9
dl_1258,13,West_exit,13,8
dl_1259,13,,,
dl_1259,3,West_exit,3,2
dl_1259,4,East_exit,4,3
dl_1259,2,East_exit,2,2
dl_1259,9,West_exit,9,6
dl_1259,10,East_exit,10,7
dl_1259,6,East_exit,6,5
dl_1259,7,West_exit,7,4
dl_1259,17,West_exit,17,11
dl_1259,15,East_exit,15,11
dl_1259,16,West_exit,16,10
dl_1259,18,West_exit,18,12
dl_1259,19,West_exit,19,12
dl_1259,12,East_exit,12,9
dl_1259,13,West_exit,13,8
dl_1260,11,,,
dl_1260,3,West_exit,3,2
dl_1260,4,East_exit,4,3
dl_1260,2,East_exit,2,2
dl_1260,9,West_exit,9,6
dl_1260,10,East_exit,10,7
dl_1260,6,East_exit,6,5
dl_1260,7,West_exit,7,4
dl_1260,15,East_exit,15,11
dl_1260,16,West_exit,16,10
dl_1260,17,West_exit,17,11
dl_1260,12,East_exit,12,9
dl_1260,13,West_exit,13,8
dl_1261,11,,,
dl_1261,6,East_exit,6,5
dl_1261,8,West_exit,8,5
dl_1261,12,East_exit,12,9
dl_1261,13,West_exit,13,8
dl_1261,15,East_exit,15,11
dl_1261,16,West_exit,16,10
dl_1261,17,West_exit,17,11
dl_1261,18,West_exit,18,12
dl_1261,19,West_exit,19,12
dl_1261,9,West_exit,9,6
dl_1261,10,East_exit,10,7
dl_1261,5,East_exit,5,4
dl_1262,9,,,
dl_1262,6,East_exit,6,5
dl_1262,8,West_exit,8,5
dl_1262,12,East_exit,12,9
dl_1262,13,West_exit,13,8
dl_1262,15,East_exit,15,11
dl_1262,16,West_exit,16,10
dl_1262,17,West_exit,17,11
dl_1262,9,West_exit,9,6
dl_1262,10,East_exit,10,7
dl_1262,5,East_exit,5,4
dl_1263,13,,,
dl_1263,12,East_exit,12,9
dl_1263,13,West_exit,13,8
dl_1263,15,East_exit,15,11
dl_1263,16,West_exit,16,10
dl_1263,17,West_exit,17,11
dl_1263,18,West_exit,18,12
dl_1263,19,West_exit,19,12
dl_1263,6,East_exit,6,5
dl_1263,8,West_exit,8,5
dl_1263,9,West_exit,9,6
dl_1263,10,East_exit,10,7
dl_1263,3,West_exit,3,2
dl_1263,4,East_exit,4,3
dl_1263,2,East_exit,2,2
dl_1264,11,,,
dl_1264,12,East_exit,12,9
dl_1264,13,West_exit,13,8
dl_1264,15,East_exit,15,11
dl_1264,16,West_exit,16,10
dl_1264,17,West_exit,17,11
dl_1264,6,East_exit,6,5
dl_1264,8,West_exit,8,5
dl_1264,9,West_exit,9,6
dl_1264,10,East_exit,10,7
dl_1264,3,West_exit,3,2
dl_1264,4,East_exit,4,3
dl_1264,2,East_exit,2,2
dl_1265,5,,,
dl_1265,11,West_exit,11,7
dl_1265,10,East_exit,10,7
dl_1265,8,East_exit,8,6
dl_1265,12,East_exit,12,9
dl_1265,13,West_exit,13,8
dl_1265,14,West_exit,14,9
dl_1266,7,,,
dl_1266,6,East_exit,6,5
dl_1266,7,West_exit,7,4
dl_1266,5,East_exit,5,4
dl_1266,11,West_exit,11,7
dl_1266,10,East_exit,10,7
dl_1266,12,East_exit,12,9
dl_1266,13,West_exit,13,8
dl_1266,14,West_exit,14,9
dl_1267,9,,,
dl_1267,11,West_exit,11,7
dl_1267,12,East_exit,12,9
dl_1267,13,West_exit,13,8
dl_1267,14,West_exit,14,9
dl_1267,3,West_exit,3,2
dl_1267,4,East_exit,4,3
dl_1267,2,East_exit,2,2
dl_1267,6,East_exit,6,5
dl_1267,7,West_exit,7,4
dl_1267,10,East_exit,10,7
dl_1268,7,,,
dl_1268,11,West_exit,11,7
dl_1268,6,East_exit,6,5
dl_1268,8,West_exit,8,5
dl_1268,5,East_exit,5,4
dl_1268,10,East_exit,10,7
dl_1268,12,East_exit,12,9
dl_1268,13,West_exit,13,8
dl_1268,14,West_exit,14,9
dl_1269,9,,,
dl_1269,11,West_exit,11,7
dl_1269,3,West_exit,3,2
dl_1269,4,East_exit,4,3
dl_1269,2,East_exit,2,2
dl_1269,12,East_exit,12,9
dl_1269,13,West_exit,13,8
dl_1269,14,West_exit,14,9
dl_1269,8,West_exit,8,5
dl_1269,6,East_exit,6,5
dl_1269,10,East_exit,10,7
dl_1270,9,,,
dl_1270,11,West_exit,11,7
dl_1270,17,West_exit,17,11
dl_1270,15,East_exit,15,11
dl_1270,16,West_exit,16,10
dl_1270,18,West_exit,18,12
dl_1270,19,West_exit,19,12
dl_1270,10,East_exit,10,7
dl_1270,8,East_exit,8,6
dl_1270,12,East_exit,12,9
dl_1270,13,West_exit,13,8
dl_1271,7,,,
dl_1271,11,West_exit,11,7
dl_1271,15,East_exit,15,11
dl_1271,16,West_exit,16,10
dl_1271,17,West_exit,17,11
dl_1271,10,East_exit,10,7
dl_1271,8,East_exit,8,6
dl_1271,12,East_exit,12,9
dl_1271,13,West_exit,13,8
dl_1272,11,,,
dl_1272,11,West_exit,11,7
dl_1272,15,East_exit,15,11
dl_1272,16,West_exit,16,10
dl_1272,17,West_exit,17,11
dl_1272,18,West_exit,18,12
dl_1272,19,West_exit,19,12
dl_1272,6,East_exit,6,5
dl_1272,7,West_exit,7,4
dl_1272,5,East_exit,5,4
dl_1272,10,East_exit,10,7
dl_1272,12,East_exit,12,9
dl_1272,13,West_exit,13,8
dl_1273,9,,,
dl_1273,11,West_exit,11,7
dl_1273,15,East_exit,15,11
dl_1273,16,West_exit,16,10
dl_1273,17,West_exit,17,11
dl_1273,6,East_exit,6,5
dl_1273,7,West_exit,7,4
dl_1273,5,East_exit,5,4
dl_1273,10,East_exit,10,7
dl_1273,12,East_exit,12,9
dl_1273,13,West_exit,13,8
dl_1274,13,,,
dl_1274,11,West_exit,11,7
dl_1274,15,East_exit,15,11
dl_1274,16,West_exit,16,10
dl_1274,17,West_exit,17,11
dl_1274,18,West_exit,18,12
dl_1274,19,West_exit,19,12
dl_1274,6,East_exit,6,5
dl_1274,7,West_exit,7,4
dl_1274,10,East_exit,10,7
dl_1274,12,East_exit,12,9
dl_1274,13,West_exit,13,8
dl_1274,3,West_exit,3,2
dl_1274,4,East_exit,4,3
dl_1274,2,East_exit,2,2
dl_1275,11,,,
dl_1275,11,West_exit,11,7
dl_1275,15,East_exit,15,11
dl_1275,16,West_exit,16,10
dl_1275,17,West_exit,17,11
dl_1275,6,East_exit,6,5
dl_1275,7,West_exit,7,4
dl_1275,10,East_exit,10,7
dl_1275,12,East_exit,12,9
dl_1275,13,West_exit,13,8
dl_1275,3,West_exit,3,2
dl_1275,4,East_exit,4,3
dl_1275,2,East_exit,2,2
dl_1276,11,,,
dl_1276,11,West_exit,11,7
dl_1276,15,East_exit,15,11
dl_1276,16,West_exit,16,10
dl_1276,17,West_exit,17,11
dl_1276,18,West_exit,18,12
dl_1276,19,West_exit,19,12
dl_1276,6,East_exit,6,5
dl_1276,8,West_exit,8,5
dl_1276,5,East_exit,5,4
dl_1276,10,East_exit,10,7
dl_1276,12,East_exit,12,9
dl_1276,13,West_exit,13,8
dl_1277,9,,,
dl_1277,11,West_exit,11,7
dl_1277,15,East_exit,15,11
dl_1277,16,West_exit,16,10
dl_1277,17,West_exit,17,11
dl_1277,6,East_exit,6,5
dl_1277,8,West_exit,8,5
dl_1277,5,East_exit,5,4
dl_1277,10,East_exit,10,7
dl_1277,12,East_exit,12,9
dl_1277,13,West_exit,13,8
dl_1278,13,,,
dl_1278,11,West_exit,11,7
dl_1278,15,East_exit,15,11
dl_1278,16,West_exit,16,10
dl_1278,17,West_exit,17,11
dl_1278,18,West_exit,18,12
dl_1278,19,West_exit,19,12
dl_1278,6,East_exit,6,5
dl_1278,8,West_exit,8,5
dl_1278,10,East_exit,10,7
dl_1278,12,East_exit,12,9
dl_1278,13,West_exit,13,8
dl_1278,3,West_exit,3,2
dl_1278,4,East_exit,4,3
dl_1278,2,East_exit,2,2
dl_1279,11,,,
dl_1279,11,West_exit,11,7
dl_1279,15,East_exit,15,11
dl_1279,16,West_exit,16,10
dl_1279,17,West_exit,17,11
dl_1279,6,East_exit,6,5
dl_1279,8,West_exit,8,5
dl_1279,10,East_exit,10,7
dl_1279,12,East_exit,12,9
dl_1279,13,West_exit,13,8
dl_1279,3,West_exit,3,2
dl_1279,4,East_exit,4,3
dl_1279,2,East_exit,2,2
dl_1280,11,,,
dl_1280,20,West_exit,20,13
dl_1280,9,West_exit,9,6
dl_1280,10,East_exit,10,7
dl_1280,8,East_exit,8,6
dl_1280,12,East_exit,12,9
dl_1280,13,West_exit,13,8
dl_1280,15,East_exit,15,11
dl_1280,16,West_exit,16,10
dl_1280,18,East_exit,18,13
dl_1280,19,West_exit,19,12
dl_1280,21,West_exit,21,14
dl_1280,22,West_exit,22,14
dl_1281,9,,,
dl_1281,9,West_exit,9,6
dl_1281,10,East_exit,10,7
dl_1281,8,East_exit,8,6
dl_1281,12,East_exit,12,9
dl_1281,13,West_exit,13,8
dl_1281,15,East_exit,15,11
dl_1281,16,West_exit,16,10
dl_1281,18,East_exit,18,13
dl_1281,19,West_exit,19,12
dl_1281,20,West_exit,20,13
dl_1282,13,,,
dl_1282,9,West_exit,9,6
dl_1282,10,East_exit,10,7
dl_1282,6,East_exit,6,5
dl_1282,7,West_exit,7,4
dl_1282,5,East_exit,5,4
dl_1282,12,East_exit,12,9
dl_1282,13,West_exit,13,8
dl_1282,20,West_exit,20,13
dl_1282,18,East_exit,18,13
dl_1282,19,West_exit,19,12
dl_1282,21,West_exit,21,14
dl_1282,22,West_exit,22,14
dl_1282,15,East_exit,15,11
dl_1282,16,West_exit,16,10
dl_1283,11,,,
dl_1283,9,West_exit,9,6
dl_1283,10,East_exit,10,7
dl_1283,6,East_exit,6,5
dl_1283,7,West_exit,7,4
dl_1283,5,East_exit,5,4
dl_1283,12,East_exit,12,9
dl_1283,13,West_exit,13,8
dl_1283,18,East_exit,18,13
dl_1283,19,West_exit,19,12
dl_1283,20,West_exit,20,13
dl_1283,15,East_exit,15,11
dl_1283,16,West_exit,16,10
dl_1284,15,,,
dl_1284,3,West_exit,3,2
dl_1284,4,East_exit,4,3
dl_1284,2,East_exit,2,2
dl_1284,9,West_exit,9,6
dl_1284,10,East_exit,10,7
dl_1284,6,East_exit,6,5
dl_1284,7,West_exit,7,4
dl_1284,12,East_exit,12,9
dl_1284,13,West_exit,13,8
dl_1284,20,West_exit,20,13
dl_1284,18,East_exit,18,13
dl_1284,19,West_exit,19,12
dl_1284,21,West_exit,21,14
dl_1284,22,West_exit,22,14
dl_1284,15,East_exit,15,11
dl_1284,16,West_exit,16,10
dl_1285,13,,,
dl_1285,3,West_exit,3,2
dl_1285,4,East_exit,4,3
dl_1285,2,East_exit,2,2
dl_1285,9,West_exit,9,6
dl_1285,10,East_exit,10,7
dl_1285,6,East_exit,6,5
dl_1285,7,West_exit,7,4
dl_1285,12,East_exit,12,9
dl_1285,13,West_exit,13,8
dl_1285,18,East_exit,18,13
dl_1285,19,West_exit,19,12
dl_1285,20,West_exit,20,13
dl_1285,15,East_exit,15,11
dl_1285,16,West_exit,16,10
dl_1286,13,,,
dl_1286,6,East_exit,6,5
dl_1286,8,West_exit,8,5
dl_1286,9,West_exit,9,6
dl_1286,10,East_exit,10,7
dl_1286,5,East_exit,5,4
dl_1286,12,East_exit,12,9
dl_1286,13,West_exit,13,8
dl_1286,20,West_exit,20,13
dl_1286,18,East_exit,18,13
dl_1286,19,West_exit,19,12
dl_1286,21,West_exit,21,14
dl_1286,22,West_exit,22,14
dl_1286,15,East_exit,15,11
dl_1286,16,West_exit,16,10
dl_1287,11,,,
dl_1287,6,East_exit,6,5
dl_1287,8,West_exit,8,5
dl_1287,9,West_exit,9,6
dl_1287,10,East_exit,10,7
dl_1287,5,East_exit,5,4
dl_1287,12,East_exit,12,9
dl_1287,13,West_exit,13,8
dl_1287,18,East_exit,18,13
dl_1287,19,West_exit,19,12
dl_1287,20,West_exit,20,13
dl_1287,15,East_exit,15,11
dl_1287,16,West_exit,16,10
dl_1288,15,,,
dl_1288,12,East_exit,12,9
dl_1288,13,West_exit,13,8
dl_1288,15,East_exit,15,11
dl_1288,16,West_exit,16,10
dl_1288,18,East_exit,18,13
dl_1288,19,West_exit,19,12
dl_1288,20,West_exit,20,13
dl_1288,21,West_exit,21,14
dl_1288,22,West_exit,22,14
dl_1288,6,East_exit,6,5
dl_1288,8,West_exit,8,5
dl_1288,9,West_exit,9,6
dl_1288,10,East_exit,10,7
dl_1288,3,West_exit,3,2
dl_1288,4,East_exit,4,3
dl_1288,2,East_exit,2,2
dl_1289,13,,,
dl_1289,12,East_exit,12,9
dl_1289,13,West_exit,13,8
dl_1289,15,East_exit,15,11
dl_1289,16,West_exit,16,10
dl_1289,18,East_exit,18,13
dl_1289,19,West_exit,19,12
dl_1289,20,West_exit,20,13
dl_1289,6,East_exit,6,5
dl_1289,8,West_exit,8,5
dl_1289,9,West_exit,9,6
dl_1289,10,East_exit,10,7
dl_1289,3,West_exit,3,2
dl_1289,4,East_exit,4,3
dl_1289,2,East_exit,2,2
dl_1290,11,,,
dl_1290,11,West_exit,11,7
dl_1290,10,East_exit,10,7
dl_1290,8,East_exit,8,6
dl_1290,12,East_exit,12,9
dl_1290,13,West_exit,13,8
dl_1290,20,West_exit,20,13
dl_1290,18,East_exit,18,13
dl_1290,19,West_exit,19,12
dl_1290,21,West_exit,21,14
dl_1290,22,West_exit,22,14
dl_1290,15,East_exit,15,11
dl_1290,16,West_exit,16,10
dl_1291,9,,,
dl_1291,11,West_exit,11,7
dl_1291,10,East_exit,10,7
dl_1291,8,East_exit,8,6
dl_1291,12,East_exit,12,9
dl_1291,13,West_exit,13,8
dl_1291,18,East_exit,18,13
dl_1291,19,West_exit,19,12
dl_1291,20,West_exit,20,13
dl_1291,15,East_exit,15,11
dl_1291,16,West_exit,16,10
dl_1292,13,,,
dl_1292,11,West_exit,11,7
dl_1292,6,East_exit,6,5
dl_1292,7,West_exit,7,4
dl_1292,5,East_exit,5,4
dl_1292,10,East_exit,10,7
dl_1292,12,East_exit,12,9
dl_1292,13,West_exit,13,8
dl_1292,20,West_exit,20,13
dl_1292,18,East_exit,18,13
dl_1292,19,West_exit,19,12
dl_1292,21,West_exit,21,14
dl_1292,22,West_exit,22,14
dl_1292,15,East_exit,15,11
dl_1292,16,West_exit,16,10
dl_1293,11,,,
dl_1293,11,West_exit,11,7
dl_1293,6,East_exit,6,5
dl_1293,7,West_exit,7,4
dl_1293,5,East_exit,5,4
dl_1293,10,East_exit,10,7
dl_1293,12,East_exit,12,9
dl_1293,13,West_exit,13,8
dl_1293,18,East_exit,18,13
dl_1293,19,West_exit,19,12
dl_1293,20,West_exit,20,13
dl_1293,15,East_exit,15,11
dl_1293,16,West_exit,16,10
dl_1294,15,,,
dl_1294,3,West_exit,3,2
dl_1294,4,East_exit,4,3
dl_1294,2,East_exit,2,2
dl_1294,11,West_exit,11,7
dl_1294,6,East_exit,6,5
dl_1294,7,West_exit,7,4
dl_1294,10,East_exit,10,7
dl_1294,12,East_exit,12,9
dl_1294,13,West_exit,13,8
dl_1294,20,West_exit,20,13
dl_1294,18,East_exit,18,13
dl_1294,19,West_exit,19,12
dl_1294,21,West_exit,21,14
dl_1294,22,West_exit,22,14
dl_1294,15,East_exit,15,11
dl_1294,16,West_exit,16,10
dl_1295,13,,,
dl_1295,3,West_exit,3,2
dl_1295,4,East_exit,4,3
dl_1295,2,East_exit,2,2
dl_1295,11,West_exit,11,7
dl_1295,6,East_exit,6,5
dl_1295,7,West_exit,7,4
dl_1295,10,East_exit,10,7
dl_1295,12,East_exit,12,9
dl_1295,13,West_exit,13,8
dl_1295,18,East_exit,18,13
dl_1295,19,West_exit,19,12
dl_1295,20,West_exit,20,13
dl_1295,15,East_exit,15,11
dl_1295,16,West_exit,16,10
dl_1296,13,,,
dl_1296,11,West_exit,11,7
dl_1296,6,East_exit,6,5
dl_1296,8,West_exit,8,5
dl_1296,5,East_exit,5,4
dl_1296,10,East_exit,10,7
dl_1296,12,East_exit,12,9
dl_1296,13,West_exit,13,8
dl_1296,20,West_exit,20,13
dl_1296,18,East_exit,18,13
dl_1296,19,West_exit,19,12
dl_1296,21,West_exit,21,14
dl_1296,22,West_exit,22,14
dl_1296,15,East_exit,15,11
dl_1296,16,West_exit,16,10
dl_1297,11,,,
dl_1297,11,West_exit,11,7
dl_1297,6,East_exit,6,5
dl_1297,8,West_exit,8,5
dl_1297,5,East_exit,5,4
dl_1297,10,East_exit,10,7
dl_1297,12,East_exit,12,9
dl_1297,13,West_exit,13,8
dl_1297,18,East_exit,18,13
dl_1297,19,West_exit,19,12
dl_1297,20,West_exit,20,13
dl_1297,15,East_exit,15,11
dl_1297,16,West_exit,16,10
dl_1298,15,,,
dl_1298,11,West_exit,11,7
dl_1298,3,West_exit,3,2
dl_1298,4,East_exit,4,3
dl_1298,2,East_exit,2,2
dl_1298,12,East_exit,12,9
dl_1298,13,West_exit,13,8
dl_1298,8,West_exit,8,5
dl_1298,6,East_exit,6,5
dl_1298,10,East_exit,10,7
dl_1298,20,West_exit,20,13
dl_1298,18,East_exit,18,13
dl_1298,19,West_exit,19,12
dl_1298,21,West_exit,21,14
dl_1298,22,West_exit,22,14
dl_1298,15,East_exit,15,11
dl_1298,16,West_exit,16,10
dl_1299,13,,,
dl_1299,11,West_exit,11,7
dl_1299,3,West_exit,3,2
dl_1299,4,East_exit,4,3
dl_1299,2,East_exit,2,2
dl_1299,12,East_exit,12,9
dl_1299,13,West_exit,13,8
dl_1299,8,West_exit,8,5
dl_1299,6,East_exit,6,5
dl_1299,10,East_exit,10,7
dl_1299,18,East_exit,18,13
dl_1299,19,West_exit,19,12
dl_1299,20,West_exit,20,13
dl_1299,15,East_exit,15,11
dl_1299,16,West_exit,16,10
dl_1300,7,,,
dl_1300,9,East_exit,9,7
dl_1300,10,West_exit,10,6
dl_1300,8,East_exit,8,6
dl_1300,15,West_exit,15,10
dl_1300,16,East_exit,16,11
dl_1300,17,West_exit,17,11
dl_1300,12,West_exit,12,8
dl_1300,13,East_exit,13,9
dl_1301,6,,,
dl_1301,8,West_exit,8,5
dl_1301,6,East_exit,6,5
dl_1301,7,West_exit,7,4
dl_1301,9,West_exit,9,6
dl_1301,10,West_exit,10,6
dl_1301,3,East_exit,3,3
dl_1301,4,East_exit,4,3
dl_1302,4,,,
dl_1302,6,East_exit,6,5
dl_1302,7,West_exit,7,4
dl_1302,8,West_exit,8,5
dl_1302,3,East_exit,3,3
dl_1302,4,East_exit,4,3
dl_1303,6,,,
dl_1303,9,West_exit,9,6
dl_1303,10,East_exit,10,7
dl_1303,11,West_exit,11,7
dl_1303,6,East_exit,6,5
dl_1303,7,West_exit,7,4
dl_1303,3,East_exit,3,3
dl_1303,4,East_exit,4,3
dl_1304,9,,,
dl_1304,5,East_exit,5,4
dl_1304,6,East_exit,6,5
dl_1304,7,West_exit,7,4
dl_1304,12,West_exit,12,8
dl_1304,13,East_exit,13,9
dl_1304,14,West_exit,14,9
dl_1304,9,West_exit,9,6
dl_1304,10,East_exit,10,7
dl_1304,3,East_exit,3,3
dl_1304,4,East_exit,4,3
dl_1305,7,,,
dl_1305,6,East_exit,6,5
dl_1305,7,West_exit,7,4
dl_1305,5,East_exit,5,4
dl_1305,12,West_exit,12,8
dl_1305,13,East_exit,13,9
dl_1305,14,West_exit,14,9
dl_1305,9,West_exit,9,6
dl_1305,10,East_exit,10,7
dl_1306,8,,,
dl_1306,6,East_exit,6,5
dl_1306,7,West_exit,7,4
dl_1306,12,West_exit,12,8
dl_1306,13,East_exit,13,9
dl_1306,14,West_exit,14,9
dl_1306,9,West_exit,9,6
dl_1306,10,East_exit,10,7
dl_1306,3,East_exit,3,3
dl_1306,4,East_exit,4,3
dl_1307,5,,,
dl_1307,5,East_exit,5,4
dl_1307,9,West_exit,9,6
dl_1307,8,East_exit,8,6
dl_1307,6,East_exit,6,5
dl_1307,7,West_exit,7,4
dl_1307,11,West_exit,11,7
dl_1308,6,,,
dl_1308,9,West_exit,9,6
dl_1308,8,East_exit,8,6
dl_1308,6,East_exit,6,5
dl_1308,7,West_exit,7,4
dl_1308,11,West_exit,11,7
dl_1308,3,East_exit,3,3
dl_1308,4,East_exit,4,3
dl_1309,9,,,
dl_1309,5,East_exit,5,4
dl_1309,12,West_exit,12,8
dl_1309,13,East_exit,13,9
dl_1309,14,West_exit,14,9
dl_1309,8,East_exit,8,6
dl_1309,9,West_exit,9,6
dl_1309,6,East_exit,6,5
dl_1309,7,West_exit,7,4
dl_1309,3,East_exit,3,3
dl_1309,4,East_exit,4,3
dl_1310,7,,,
dl_1310,12,West_exit,12,8
dl_1310,13,East_exit,13,9
dl_1310,14,West_exit,14,9
dl_1310,5,East_exit,5,4
dl_1310,8,East_exit,8,6
dl_1310,9,West_exit,9,6
dl_1310,6,East_exit,6,5
dl_1310,7,West_exit,7,4
dl_1311,8,,,
dl_1311,12,West_exit,12,8
dl_1311,13,East_exit,13,9
dl_1311,14,West_exit,14,9
dl_1311,8,East_exit,8,6
dl_1311,9,West_exit,9,6
dl_1311,6,East_exit,6,5
dl_1311,7,West_exit,7,4
dl_1311,3,East_exit,3,3
dl_1311,4,East_exit,4,3
dl_1312,4,,,
dl_1312,5,East_exit,5,4
dl_1312,7,West_exit,7,4
dl_1312,8,West_exit,8,5
dl_1312,3,East_exit,3,3
dl_1312,4,East_exit,4,3
dl_1313,6,,,
dl_1313,5,East_exit,5,4
dl_1313,9,West_exit,9,6
dl_1313,10,East_exit,10,7
dl_1313,11,West_exit,11,7
dl_1313,7,West_exit,7,4
dl_1313,3,East_exit,3,3
dl_1313,4,East_exit,4,3
dl_1314,8,,,
dl_1314,12,West_exit,12,8
dl_1314,13,East_exit,13,9
dl_1314,14,West_exit,14,9
dl_1314,5,East_exit,5,4
dl_1314,7,West_exit,7,4
dl_1314,3,East_exit,3,3
dl_1314,4,East_exit,4,3
dl_1314,9,West_exit,9,6
dl_1314,10,East_exit,10,7
dl_1315,6,,,
dl_1315,5,East_exit,5,4
dl_1315,9,West_exit,9,6
dl_1315,8,East_exit,8,6
dl_1315,7,West_exit,7,4
dl_1315,11,West_exit,11,7
dl_1315,3,East_exit,3,3
dl_1315,4,East_exit,4,3
dl_1316,8,,,
dl_1316,5,East_exit,5,4
dl_1316,12,West_exit,12,8
dl_1316,13,East_exit,13,9
dl_1316,14,West_exit,14,9
dl_1316,8,East_exit,8,6
dl_1316,9,West_exit,9,6
dl_1316,7,West_exit,7,4
dl_1316,3,East_exit,3,3
dl_1316,4,East_exit,4,3
dl_1317,13,,,
dl_1317,18,West_exit,18,12
dl_1317,19,East_exit,19,13
dl_1317,20,West_exit,20,13
dl_1317,15,West_exit,15,10
dl_1317,16,East_exit,16,11
dl_1317,12,West_exit,12,8
dl_1317,13,East_exit,13,9
dl_1317,5,East_exit,5,4
dl_1317,6,West_exit,6,4
dl_1317,7,East_exit,7,5
dl_1317,3,East_exit,3,3
dl_1317,4,East_exit,4,3
dl_1317,9,West_exit,9,6
dl_1317,10,East_exit,10,7
dl_1318,11,,,
dl_1318,18,West_exit,18,12
dl_1318,19,East_exit,19,13
dl_1318,20,West_exit,20,13
dl_1318,12,West_exit,12,8
dl_1318,13,East_exit,13,9
dl_1318,15,West_exit,15,10
dl_1318,16,East_exit,16,11
dl_1318,9,West_exit,9,6
dl_1318,10,East_exit,10,7
dl_1318,6,West_exit,6,4
dl_1318,7,East_exit,7,5
dl_1318,5,East_exit,5,4
dl_1319,15,,,
dl_1319,18,West_exit,18,12
dl_1319,19,East_exit,19,13
dl_1319,15,West_exit,15,10
dl_1319,16,East_exit,16,11
dl_1319,21,East_exit,21,15
dl_1319,22,West_exit,22,14
dl_1319,23,West_exit,23,15
dl_1319,12,West_exit,12,8
dl_1319,13,East_exit,13,9
dl_1319,5,East_exit,5,4
dl_1319,6,West_exit,6,4
dl_1319,7,East_exit,7,5
dl_1319,3,East_exit,3,3
dl_1319,4,East_exit,4,3
dl_1319,9,West_exit,9,6
dl_1319,10,East_exit,10,7
dl_1320,13,,,
dl_1320,18,West_exit,18,12
dl_1320,19,East_exit,19,13
dl_1320,21,East_exit,21,15
dl_1320,22,West_exit,22,14
dl_1320,23,West_exit,23,15
dl_1320,15,West_exit,15,10
dl_1320,16,East_exit,16,11
dl_1320,12,West_exit,12,8
dl_1320,13,East_exit,13,9
dl_1320,9,West_exit,9,6
dl_1320,10,East_exit,10,7
dl_1320,6,West_exit,6,4
dl_1320,7,East_exit,7,5
dl_1320,5,East_exit,5,4
dl_1321,12,,,
dl_1321,18,West_exit,18,12
dl_1321,19,East_exit,19,13
dl_1321,20,West_exit,20,13
dl_1321,15,West_exit,15,10
dl_1321,16,East_exit,16,11
dl_1321,12,West_exit,12,8
dl_1321,13,East_exit,13,9
dl_1321,9,West_exit,9,6
dl_1321,10,East_exit,10,7
dl_1321,6,West_exit,6,4
dl_1321,7,East_exit,7,5
dl_1321,3,East_exit,3,3
dl_1321,4,East_exit,4,3
dl_1322,14,,,
dl_1322,18,West_exit,18,12
dl_1322,19,East_exit,19,13
dl_1322,21,East_exit,21,15
dl_1322,22,West_exit,22,14
dl_1322,23,West_exit,23,15
dl_1322,15,West_exit,15,10
dl_1322,16,East_exit,16,11
dl_1322,12,West_exit,12,8
dl_1322,13,East_exit,13,9
dl_1322,9,West_exit,9,6
dl_1322,10,East_exit,10,7
dl_1322,6,West_exit,6,4
dl_1322,7,East_exit,7,5
dl_1322,3,East_exit,3,3
dl_1322,4,East_exit,4,3
dl_1323,5,,,
dl_1323,14,East_exit,14,10
dl_1323,12,West_exit,12,8
dl_1323,13,East_exit,13,9
dl_1323,11,East_exit,11,8
dl_1323,15,West_exit,15,10
dl_1323,17,West_exit,17,11
dl_1324,12,,,
dl_1324,14,East_exit,14,10
dl_1324,9,West_exit,9,6
dl_1324,10,East_exit,10,7
dl_1324,8,East_exit,8,6
dl_1324,6,West_exit,6,4
dl_1324,7,East_exit,7,5
dl_1324,5,East_exit,5,4
dl_1324,3,East_exit,3,3
dl_1324,4,East_exit,4,3
dl_1324,15,West_exit,15,10
dl_1324,17,West_exit,17,11
dl_1324,12,West_exit,12,8
dl_1324,13,East_exit,13,9
dl_1325,10,,,
dl_1325,14,East_exit,14,10
dl_1325,9,West_exit,9,6
dl_1325,10,East_exit,10,7
dl_1325,8,East_exit,8,6
dl_1325,6,West_exit,6,4
dl_1325,7,East_exit,7,5
dl_1325,5,East_exit,5,4
dl_1325,15,West_exit,15,10
dl_1325,17,West_exit,17,11
dl_1325,12,West_exit,12,8
dl_1325,13,East_exit,13,9
dl_1326,11,,,
dl_1326,14,East_exit,14,10
dl_1326,9,West_exit,9,6
dl_1326,10,East_exit,10,7
dl_1326,8,East_exit,8,6
dl_1326,6,West_exit,6,4
dl_1326,7,East_exit,7,5
dl_1326,15,West_exit,15,10
dl_1326,17,West_exit,17,11
dl_1326,12,West_exit,12,8
dl_1326,13,East_exit,13,9
dl_1326,3,East_exit,3,3
dl_1326,4,East_exit,4,3
dl_1327,11,,,
dl_1327,5,East_exit,5,4
dl_1327,14,East_exit,14,10
dl_1327,6,West_exit,6,4
dl_1327,9,West_exit,9,6
dl_1327,10,East_exit,10,7
dl_1327,8,East_exit,8,6
dl_1327,15,West_exit,15,10
dl_1327,17,West_exit,17,11
dl_1327,12,West_exit,12,8
dl_1327,13,East_exit,13,9
dl_1327,3,East_exit,3,3
dl_1327,4,East_exit,4,3
dl_1328,9,,,
dl_1328,14,East_exit,14,10
dl_1328,8,East_exit,8,6
dl_1328,9,West_exit,9,6
dl_1328,10,East_exit,10,7
dl_1328,6,East_exit,6,5
dl_1328,7,East_exit,7,5
dl_1328,15,West_exit,15,10
dl_1328,17,West_exit,17,11
dl_1328,12,West_exit,12,8
dl_1328,13,East_exit,13,9
dl_1329,7,,,
dl_1329,14,East_exit,14,10
dl_1329,9,West_exit,9,6
dl_1329,10,East_exit,10,7
dl_1329,8,East_exit,8,6
dl_1329,15,West_exit,15,10
dl_1329,17,West_exit,17,11
dl_1329,12,West_exit,12,8
dl_1329,13,East_exit,13,9
dl_1330,11,,,
dl_1330,5,East_exit,5,4
dl_1330,14,East_exit,14,10
dl_1330,12,West_exit,12,8
dl_1330,13,East_exit,13,9
dl_1330,15,West_exit,15,10
dl_1330,17,West_exit,17,11
dl_1330,9,West_exit,9,6
dl_1330,10,East_exit,10,7
dl_1330,6,West_exit,6,4
dl_1330,7,East_exit,7,5
dl_1330,3,East_exit,3,3
dl_1330,4,East_exit,4,3
dl_1331,9,,,
dl_1331,14,East_exit,14,10
dl_1331,12,West_exit,12,8
dl_1331,13,East_exit,13,9
dl_1331,15,West_exit,15,10
dl_1331,17,West_exit,17,11
dl_1331,9,West_exit,9,6
dl_1331,10,East_exit,10,7
dl_1331,6,West_exit,6,4
dl_1331,7,East_exit,7,5
dl_1331,5,East_exit,5,4
dl_1332,10,,,
dl_1332,14,East_exit,14,10
dl_1332,12,West_exit,12,8
dl_1332,13,East_exit,13,9
dl_1332,15,West_exit,15,10
dl_1332,17,West_exit,17,11
dl_1332,9,West_exit,9,6
dl_1332,10,East_exit,10,7
dl_1332,6,West_exit,6,4
dl_1332,7,East_exit,7,5
dl_1332,3,East_exit,3,3
dl_1332,4,East_exit,4,3
dl_1333,12,,,
dl_1333,18,West_exit,18,12
dl_1333,19,East_exit,19,13
dl_1333,20,West_exit,20,13
dl_1333,8,East_exit,8,6
dl_1333,14,East_exit,14,10
dl_1333,12,West_exit,12,8
dl_1333,13,East_exit,13,9
dl_1333,11,East_exit,11,8
dl_1333,15,West_exit,15,10
dl_1333,9,West_exit,9,6
dl_1333,10,East_exit,10,7
dl_1333,6,East_exit,6,5
dl_1333,7,East_exit,7,5
dl_1334,10,,,
dl_1334,18,West_exit,18,12
dl_1334,19,East_exit,19,13
dl_1334,20,West_exit,20,13
dl_1334,14,East_exit,14,10
dl_1334,12,West_exit,12,8
dl_1334,13,East_exit,13,9
dl_1334,11,East_exit,11,8
dl_1334,15,West_exit,15,10
dl_1334,9,West_exit,9,6
dl_1334,10,East_exit,10,7
dl_1334,8,East_exit,8,6
dl_1335,14,,,
dl_1335,11,East_exit,11,8
dl_1335,5,East_exit,5,4
dl_1335,14,East_exit,14,10
dl_1335,12,West_exit,12,8
dl_1335,13,East_exit,13,9
dl_1335,18,West_exit,18,12
dl_1335,19,East_exit,19,13
dl_1335,20,West_exit,20,13
dl_1335,15,West_exit,15,10
dl_1335,6,West_exit,6,4
dl_1335,7,East_exit,7,5
dl_1335,3,East_exit,3,3
dl_1335,4,East_exit,4,3
dl_1335,9,West_exit,9,6
dl_1335,10,East_exit,10,7
dl_1336,12,,,
dl_1336,11,East_exit,11,8
dl_1336,14,East_exit,14,10
dl_1336,12,West_exit,12,8
dl_1336,13,East_exit,13,9
dl_1336,18,West_exit,18,12
dl_1336,19,East_exit,19,13
dl_1336,20,West_exit,20,13
dl_1336,15,West_exit,15,10
dl_1336,9,West_exit,9,6
dl_1336,10,East_exit,10,7
dl_1336,6,West_exit,6,4
dl_1336,7,East_exit,7,5
dl_1336,5,East_exit,5,4
dl_1337,13,,,
dl_1337,11,East_exit,11,8
dl_1337,14,East_exit,14,10
dl_1337,12,West_exit,12,8
dl_1337,13,East_exit,13,9
dl_1337,18,West_exit,18,12
dl_1337,19,East_exit,19,13
dl_1337,20,West_exit,20,13
dl_1337,15,West_exit,15,10
dl_1337,9,West_exit,9,6
dl_1337,10,East_exit,10,7
dl_1337,6,West_exit,6,4
dl_1337,7,East_exit,7,5
dl_1337,3,East_exit,3,3
dl_1337,4,East_exit,4,3
dl_1338,7,,,
dl_1338,18,West_exit,18,12
dl_1338,19,East_exit,19,13
dl_1338,20,West_exit,20,13
dl_1338,14,East_exit,14,10
dl_1338,12,West_exit,12,8
dl_1338,13,East_exit,13,9
dl_1338,11,East_exit,11,8
dl_1338,15,West_exit,15,10
dl_1339,14,,,
dl_1339,14,East_exit,14,10
dl_1339,5,East_exit,5,4
dl_1339,8,East_exit,8,6
dl_1339,6,West_exit,6,4
dl_1339,7,East_exit,7,5
dl_1339,9,West_exit,9,6
dl_1339,10,East_exit,10,7
dl_1339,3,East_exit,3,3
dl_1339,4,East_exit,4,3
dl_1339,18,West_exit,18,12
dl_1339,19,East_exit,19,13
dl_1339,20,West_exit,20,13
dl_1339,15,West_exit,15,10
dl_1339,12,West_exit,12,8
dl_1339,13,East_exit,13,9
dl_1340,12,,,
dl_1340,14,East_exit,14,10
dl_1340,8,East_exit,8,6
dl_1340,6,West_exit,6,4
dl_1340,7,East_exit,7,5
dl_1340,5,East_exit,5,4
dl_1340,9,West_exit,9,6
dl_1340,10,East_exit,10,7
dl_1340,18,West_exit,18,12
dl_1340,19,East_exit,19,13
dl_1340,20,West_exit,20,13
dl_1340,15,West_exit,15,10
dl_1340,12,West_exit,12,8
dl_1340,13,East_exit,13,9
dl_1341,13,,,
dl_1341,14,East_exit,14,10
dl_1341,8,East_exit,8,6
dl_1341,6,West_exit,6,4
dl_1341,7,East_exit,7,5
dl_1341,9,West_exit,9,6
dl_1341,10,East_exit,10,7
dl_1341,18,West_exit,18,12
dl_1341,19,East_exit,19,13
dl_1341,20,West_exit,20,13
dl_1341,15,West_exit,15,10
dl_1341,12,West_exit,12,8
dl_1341,13,East_exit,13,9
dl_1341,3,East_exit,3,3
dl_1341,4,East_exit,4,3
dl_1342,13,,,
dl_1342,14,East_exit,14,10
dl_1342,5,East_exit,5,4
dl_1342,9,West_exit,9,6
dl_1342,10,East_exit,10,7
dl_1342,8,East_exit,8,6
dl_1342,6,West_exit,6,4
dl_1342,3,East_exit,3,3
dl_1342,4,East_exit,4,3
dl_1342,18,West_exit,18,12
dl_1342,19,East_exit,19,13
dl_1342,20,West_exit,20,13
dl_1342,15,West_exit,15,10
dl_1342,12,West_exit,12,8
dl_1342,13,East_exit,13,9
dl_1343,11,,,
dl_1343,14,East_exit,14,10
dl_1343,8,East_exit,8,6
dl_1343,9,West_exit,9,6
dl_1343,10,East_exit,10,7
dl_1343,6,East_exit,6,5
dl_1343,7,East_exit,7,5
dl_1343,18,West_exit,18,12
dl_1343,19,East_exit,19,13
dl_1343,20,West_exit,20,13
dl_1343,15,West_exit,15,10
dl_1343,12,West_exit,12,8
dl_1343,13,East_exit,13,9
dl_1344,9,,,
dl_1344,14,East_exit,14,10
dl_1344,9,West_exit,9,6
dl_1344,10,East_exit,10,7
dl_1344,8,East_exit,8,6
dl_1344,18,West_exit,18,12
dl_1344,19,East_exit,19,13
dl_1344,20,West_exit,20,13
dl_1344,15,West_exit,15,10
dl_1344,12,West_exit,12,8
dl_1344,13,East_exit,13,9
dl_1345,13,,,
dl_1345,5,East_exit,5,4
dl_1345,14,East_exit,14,10
dl_1345,18,West_exit,18,12
dl_1345,19,East_exit,19,13
dl_1345,20,West_exit,20,13
dl_1345,12,West_exit,12,8
dl_1345,13,East_exit,13,9
dl_1345,15,West_exit,15,10
dl_1345,9,West_exit,9,6
dl_1345,10,East_exit,10,7
dl_1345,6,West_exit,6,4
dl_1345,7,East_exit,7,5
dl_1345,3,East_exit,3,3
dl_1345,4,East_exit,4,3
dl_1346,11,,,
dl_1346,14,East_exit,14,10
dl_1346,18,West_exit,18,12
dl_1346,19,East_exit,19,13
dl_1346,20,West_exit,20,13
dl_1346,12,West_exit,12,8
dl_1346,13,East_exit,13,9
dl_1346,15,West_exit,15,10
dl_1346,9,West_exit,9,6
dl_1346,10,East_exit,10,7
dl_1346,6,West_exit,6,4
dl_1346,7,East_exit,7,5
dl_1346,5,East_exit,5,4
dl_1347,12,,,
dl_1347,14,East_exit,14,10
dl_1347,18,West_exit,18,12
dl_1347,19,East_exit,19,13
dl_1347,20,West_exit,20,13
dl_1347,12,West_exit,12,8
dl_1347,13,East_exit,13,9
dl_1347,15,West_exit,15,10
dl_1347,9,West_exit,9,6
dl_1347,10,East_exit,10,7
dl_1347,6,West_exit,6,4
dl_1347,7,East_exit,7,5
dl_1347,3,East_exit,3,3
dl_1347,4,East_exit,4,3
dl_1348,14,,,
dl_1348,8,East_exit,8,6
dl_1348,21,East_exit,21,15
dl_1348,22,West_exit,22,14
dl_1348,23,West_exit,23,15
dl_1348,11,East_exit,11,8
dl_1348,9,West_exit,9,6
dl_1348,10,East_exit,10,7
dl_1348,14,East_exit,14,10
dl_1348,12,West_exit,12,8
dl_1348,13,East_exit,13,9
dl_1348,15,West_exit,15,10
dl_1348,18,West_exit,18,12
dl_1348,19,East_exit,19,13
dl_1348,6,East_exit,6,5
dl_1348,7,East_exit,7,5
dl_1349,12,,,
dl_1349,21,East_exit,21,15
dl_1349,22,West_exit,22,14
dl_1349,23,West_exit,23,15
dl_1349,11,East_exit,11,8
dl_1349,9,West_exit,9,6
dl_1349,10,East_exit,10,7
dl_1349,8,East_exit,8,6
dl_1349,14,East_exit,14,10
dl_1349,12,West_exit,12,8
dl_1349,13,East_exit,13,9
dl_1349,15,West_exit,15,10
dl_1349,18,West_exit,18,12
dl_1349,19,East_exit,19,13
dl_1350,16,,,
dl_1350,21,East_exit,21,15
dl_1350,22,West_exit,22,14
dl_1350,23,West_exit,23,15
dl_1350,11,East_exit,11,8
dl_1350,5,East_exit,5,4
dl_1350,6,West_exit,6,4
dl_1350,7,East_exit,7,5
dl_1350,3,East_exit,3,3
dl_1350,4,East_exit,4,3
dl_1350,9,West_exit,9,6
dl_1350,10,East_exit,10,7
dl_1350,14,East_exit,14,10
dl_1350,12,West_exit,12,8
dl_1350,13,East_exit,13,9
dl_1350,15,West_exit,15,10
dl_1350,18,West_exit,18,12
dl_1350,19,East_exit,19,13
dl_1351,14,,,
dl_1351,21,East_exit,21,15
dl_1351,22,West_exit,22,14
dl_1351,23,West_exit,23,15
dl_1351,11,East_exit,11,8
dl_1351,9,West_exit,9,6
dl_1351,10,East_exit,10,7
dl_1351,14,East_exit,14,10
dl_1351,12,West_exit,12,8
dl_1351,13,East_exit,13,9
dl_1351,15,West_exit,15,10
dl_1351,18,West_exit,18,12
dl_1351,19,East_exit,19,13
dl_1351,6,West_exit,6,4
dl_1351,7,East_exit,7,5
dl_1351,5,East_exit,5,4
dl_1352,15,,,
dl_1352,21,East_exit,21,15
dl_1352,22,West_exit,22,14
dl_1352,23,West_exit,23,15
dl_1352,11,East_exit,11,8
dl_1352,9,West_exit,9,6
dl_1352,10,East_exit,10,7
dl_1352,14,East_exit,14,10
dl_1352,12,West_exit,12,8
dl_1352,13,East_exit,13,9
dl_1352,15,West_exit,15,10
dl_1352,18,West_exit,18,12
dl_1352,19,East_exit,19,13
dl_1352,6,West_exit,6,4
dl_1352,7,East_exit,7,5
dl_1352,3,East_exit,3,3
dl_1352,4,East_exit,4,3
dl_1353,9,,,
dl_1353,18,West_exit,18,12
dl_1353,19,East_exit,19,13
dl_1353,14,East_exit,14,10
dl_1353,12,West_exit,12,8
dl_1353,13,East_exit,13,9
dl_1353,11,East_exit,11,8
dl_1353,15,West_exit,15,10
dl_1353,21,East_exit,21,15
dl_1353,22,West_exit,22,14
dl_1353,23,West_exit,23,15
dl_1354,16,,,
dl_1354,14,East_exit,14,10
dl_1354,5,East_exit,5,4
dl_1354,8,East_exit,8,6
dl_1354,6,West_exit,6,4
dl_1354,7,East_exit,7,5
dl_1354,9,West_exit,9,6
dl_1354,10,East_exit,10,7
dl_1354,3,East_exit,3,3
dl_1354,4,East_exit,4,3
dl_1354,21,East_exit,21,15
dl_1354,22,West_exit,22,14
dl_1354,23,West_exit,23,15
dl_1354,18,West_exit,18,12
dl_1354,19,East_exit,19,13
dl_1354,12,West_exit,12,8
dl_1354,13,East_exit,13,9
dl_1354,15,West_exit,15,10
dl_1355,14,,,
dl_1355,14,East_exit,14,10
dl_1355,8,East_exit,8,6
dl_1355,6,West_exit,6,4
dl_1355,7,East_exit,7,5
dl_1355,5,East_exit,5,4
dl_1355,9,West_exit,9,6
dl_1355,10,East_exit,10,7
dl_1355,21,East_exit,21,15
dl_1355,22,West_exit,22,14
dl_1355,23,West_exit,23,15
dl_1355,18,West_exit,18,12
dl_1355,19,East_exit,19,13
dl_1355,12,West_exit,12,8
dl_1355,13,East_exit,13,9
dl_1355,15,West_exit,15,10
dl_1356,15,,,
dl_1356,14,East_exit,14,10
dl_1356,8,East_exit,8,6
dl_1356,6,West_exit,6,4
dl_1356,7,East_exit,7,5
dl_1356,9,West_exit,9,6
dl_1356,10,East_exit,10,7
dl_1356,21,East_exit,21,15
dl_1356,22,West_exit,22,14
dl_1356,23,West_exit,23,15
dl_1356,18,West_exit,18,12
dl_1356,19,East_exit,19,13
dl_1356,12,West_exit,12,8
dl_1356,13,East_exit,13,9
dl_1356,15,West_exit,15,10
dl_1356,3,East_exit,3,3
dl_1356,4,East_exit,4,3
dl_1357,15,,,
dl_1357,14,East_exit,14,10
dl_1357,5,East_exit,5,4
dl_1357,9,West_exit,9,6
dl_1357,10,East_exit,10,7
dl_1357,8,East_exit,8,6
dl_1357,6,West_exit,6,4
dl_1357,3,East_exit,3,3
dl_1357,4,East_exit,4,3
dl_1357,21,East_exit,21,15
dl_1357,22,West_exit,22,14
dl_1357,23,West_exit,23,15
dl_1357,18,West_exit,18,12
dl_1357,19,East_exit,19,13
dl_1357,12,West_exit,12,8
dl_1357,13,East_exit,13,9
dl_1357,15,West_exit,15,10
dl_1358,13,,,
dl_1358,14,East_exit,14,10
dl_1358,8,East_exit,8,6
dl_1358,9,West_exit,9,6
dl_1358,10,East_exit,10,7
dl_1358,6,East_exit,6,5
dl_1358,7,East_exit,7,5
dl_1358,21,East_exit,21,15
dl_1358,22,West_exit,22,14
dl_1358,23,West_exit,23,15
dl_1358,18,West_exit,18,12
dl_1358,19,East_exit,19,13
dl_1358,12,West_exit,12,8
dl_1358,13,East_exit,13,9
dl_1358,15,West_exit,15,10
dl_1359,11,,,
dl_1359,14,East_exit,14,10
dl_1359,9,West_exit,9,6
dl_1359,10,East_exit,10,7
dl_1359,8,East_exit,8,6
dl_1359,21,East_exit,21,15
dl_1359,22,West_exit,22,14
dl_1359,23,West_exit,23,15
dl_1359,18,West_exit,18,12
dl_1359,19,East_exit,19,13
dl_1359,12,West_exit,12,8
dl_1359,13,East_exit,13,9
dl_1359,15,West_exit,15,10
dl_1360,15,,,
dl_1360,14,East_exit,14,10
dl_1360,21,East_exit,21,15
dl_1360,22,West_exit,22,14
dl_1360,23,West_exit,23,15
dl_1360,18,West_exit,18,12
dl_1360,19,East_exit,19,13
dl_1360,12,West_exit,12,8
dl_1360,13,East_exit,13,9
dl_1360,15,West_exit,15,10
dl_1360,5,East_exit,5,4
dl_1360,6,West_exit,6,4
dl_1360,7,East_exit,7,5
dl_1360,3,East_exit,3,3
dl_1360,4,East_exit,4,3
dl_1360,9,West_exit,9,6
dl_1360,10,East_exit,10,7
dl_1361,13,,,
dl_1361,14,East_exit,14,10
dl_1361,21,East_exit,21,15
dl_1361,22,West_exit,22,14
dl_1361,23,West_exit,23,15
dl_1361,18,West_exit,18,12
dl_1361,19,East_exit,19,13
dl_1361,12,West_exit,12,8
dl_1361,13,East_exit,13,9
dl_1361,15,West_exit,15,10
dl_1361,9,West_exit,9,6
dl_1361,10,East_exit,10,7
dl_1361,6,West_exit,6,4
dl_1361,7,East_exit,7,5
dl_1361,5,East_exit,5,4
dl_1362,14,,,
dl_1362,14,East_exit,14,10
dl_1362,21,East_exit,21,15
dl_1362,22,West_exit,22,14
dl_1362,23,West_exit,23,15
dl_1362,18,West_exit,18,12
dl_1362,19,East_exit,19,13
dl_1362,12,West_exit,12,8
dl_1362,13,East_exit,13,9
dl_1362,15,West_exit,15,10
dl_1362,9,West_exit,9,6
dl_1362,10,East_exit,10,7
dl_1362,6,West_exit,6,4
dl_1362,7,East_exit,7,5
dl_1362,3,East_exit,3,3
dl_1362,4,East_exit,4,3
dl_1363,14,,,
dl_1363,14,East_exit,14,10
dl_1363,12,West_exit,12,8
dl_1363,13,East_exit,13,9
dl_1363,11,East_exit,11,8
dl_1363,18,West_exit,18,12
dl_1363,19,East_exit,19,13
dl_1363,15,West_exit,15,10
dl_1363,16,East_exit,16,11
dl_1363,26,West_exit,26,17
dl_1363,24,East_exit,24,17
dl_1363,25,West_exit,25,16
dl_1363,27,West_exit,27,18
dl_1363,28,West_exit,28,18
dl_1363,21,East_exit,21,15
dl_1363,22,West_exit,22,14
dl_1364,12,,,
dl_1364,14,East_exit,14,10
dl_1364,12,West_exit,12,8
dl_1364,13,East_exit,13,9
dl_1364,11,East_exit,11,8
dl_1364,18,West_exit,18,12
dl_1364,19,East_exit,19,13
dl_1364,15,West_exit,15,10
dl_1364,16,East_exit,16,11
dl_1364,21,East_exit,21,15
dl_1364,22,West_exit,22,14
dl_1364,24,East_exit,24,17
dl_1364,25,West_exit,25,16
dl_1364,26,West_exit,26,17
dl_1365,18,,,
dl_1365,26,West_exit,26,17
dl_1365,18,West_exit,18,12
dl_1365,19,East_exit,19,13
dl_1365,15,West_exit,15,10
dl_1365,16,East_exit,16,11
dl_1365,14,East_exit,14,10
dl_1365,12,West_exit,12,8
dl_1365,13,East_exit,13,9
dl_1365,9,West_exit,9,6
dl_1365,10,East_exit,10,7
dl_1365,8,East_exit,8,6
dl_1365,6,East_exit,6,5
dl_1365,7,East_exit,7,5
dl_1365,21,East_exit,21,15
dl_1365,22,West_exit,22,14
dl_1365,24,East_exit,24,17
dl_1365,25,West_exit,25,16
dl_1365,27,West_exit,27,18
dl_1365,28,West_exit,28,18
dl_1366,16,,,
dl_1366,26,West_exit,26,17
dl_1366,18,West_exit,18,12
dl_1366,19,East_exit,19,13
dl_1366,15,West_exit,15,10
dl_1366,16,East_exit,16,11
dl_1366,14,East_exit,14,10
dl_1366,12,West_exit,12,8
dl_1366,13,East_exit,13,9
dl_1366,9,West_exit,9,6
dl_1366,10,East_exit,10,7
dl_1366,8,East_exit,8,6
dl_1366,21,East_exit,21,15
dl_1366,22,West_exit,22,14
dl_1366,24,East_exit,24,17
dl_1366,25,West_exit,25,16
dl_1366,27,West_exit,27,18
dl_1366,28,West_exit,28,18
dl_1367,16,,,
dl_1367,18,West_exit,18,12
dl_1367,19,East_exit,19,13
dl_1367,15,West_exit,15,10
dl_1367,16,East_exit,16,11
dl_1367,14,East_exit,14,10
dl_1367,12,West_exit,12,8
dl_1367,13,East_exit,13,9
dl_1367,9,West_exit,9,6
dl_1367,10,East_exit,10,7
dl_1367,8,East_exit,8,6
dl_1367,6,East_exit,6,5
dl_1367,7,East_exit,7,5
dl_1367,21,East_exit,21,15
dl_1367,22,West_exit,22,14
dl_1367,24,East_exit,24,17
dl_1367,25,West_exit,25,16
dl_1367,26,West_exit,26,17
dl_1368,14,,,
dl_1368,18,West_exit,18,12
dl_1368,19,East_exit,19,13
dl_1368,15,West_exit,15,10
dl_1368,16,East_exit,16,11
dl_1368,14,East_exit,14,10
dl_1368,12,West_exit,12,8
dl_1368,13,East_exit,13,9
dl_1368,9,West_exit,9,6
dl_1368,10,East_exit,10,7
dl_1368,8,East_exit,8,6
dl_1368,21,East_exit,21,15
dl_1368,22,West_exit,22,14
dl_1368,24,East_exit,24,17
dl_1368,25,West_exit,25,16
dl_1368,26,West_exit,26,17
dl_1369,20,,,
dl_1369,5,East_exit,5,4
dl_1369,14,East_exit,14,10
dl_1369,12,West_exit,12,8
dl_1369,13,East_exit,13,9
dl_1369,18,West_exit,18,12
dl_1369,19,East_exit,19,13
dl_1369,15,West_exit,15,10
dl_1369,16,East_exit,16,11
dl_1369,26,West_exit,26,17
dl_1369,24,East_exit,24,17
dl_1369,25,West_exit,25,16
dl_1369,27,West_exit,27,18
dl_1369,28,West_exit,28,18
dl_1369,21,East_exit,21,15
dl_1369,22,West_exit,22,14
dl_1369,9,West_exit,9,6
dl_1369,10,East_exit,10,7
dl_1369,6,West_exit,6,4
dl_1369,7,East_exit,7,5
dl_1369,3,East_exit,3,3
dl_1369,4,East_exit,4,3
dl_1370,18,,,
dl_1370,14,East_exit,14,10
dl_1370,12,West_exit,12,8
dl_1370,13,East_exit,13,9
dl_1370,18,West_exit,18,12
dl_1370,19,East_exit,19,13
dl_1370,15,West_exit,15,10
dl_1370,16,East_exit,16,11
dl_1370,26,West_exit,26,17
dl_1370,24,East_exit,24,17
dl_1370,25,West_exit,25,16
dl_1370,27,West_exit,27,18
dl_1370,28,West_exit,28,18
dl_1370,21,East_exit,21,15
dl_1370,22,West_exit,22,14
dl_1370,9,West_exit,9,6
dl_1370,10,East_exit,10,7
dl_1370,6,West_exit,6,4
dl_1370,7,East_exit,7,5
dl_1370,5,East_exit,5,4
dl_1371,18,,,
dl_1371,5,East_exit,5,4
dl_1371,14,East_exit,14,10
dl_1371,12,West_exit,12,8
dl_1371,13,East_exit,13,9
dl_1371,18,West_exit,18,12
dl_1371,19,East_exit,19,13
dl_1371,15,West_exit,15,10
dl_1371,16,East_exit,16,11
dl_1371,21,East_exit,21,15
dl_1371,22,West_exit,22,14
dl_1371,24,East_exit,24,17
dl_1371,25,West_exit,25,16
dl_1371,26,West_exit,26,17
dl_1371,9,West_exit,9,6
dl_1371,10,East_exit,10,7
dl_1371,6,West_exit,6,4
dl_1371,7,East_exit,7,5
dl_1371,3,East_exit,3,3
dl_1371,4,East_exit,4,3
dl_1372,16,,,
dl_1372,14,East_exit,14,10
dl_1372,12,West_exit,12,8
dl_1372,13,East_exit,13,9
dl_1372,18,West_exit,18,12
dl_1372,19,East_exit,19,13
dl_1372,15,West_exit,15,10
dl_1372,16,East_exit,16,11
dl_1372,21,East_exit,21,15
dl_1372,22,West_exit,22,14
dl_1372,24,East_exit,24,17
dl_1372,25,West_exit,25,16
dl_1372,26,West_exit,26,17
dl_1372,9,West_exit,9,6
dl_1372,10,East_exit,10,7
dl_1372,6,West_exit,6,4
dl_1372,7,East_exit,7,5
dl_1372,5,East_exit,5,4
dl_1373,19,,,
dl_1373,14,East_exit,14,10
dl_1373,12,West_exit,12,8
dl_1373,13,East_exit,13,9
dl_1373,18,West_exit,18,12
dl_1373,19,East_exit,19,13
dl_1373,15,West_exit,15,10
dl_1373,16,East_exit,16,11
dl_1373,26,West_exit,26,17
dl_1373,24,East_exit,24,17
dl_1373,25,West_exit,25,16
dl_1373,27,West_exit,27,18
dl_1373,28,West_exit,28,18
dl_1373,21,East_exit,21,15
dl_1373,22,West_exit,22,14
dl_1373,9,West_exit,9,6
dl_1373,10,East_exit,10,7
dl_1373,6,West_exit,6,4
dl_1373,7,East_exit,7,5
dl_1373,3,East_exit,3,3
dl_1373,4,East_exit,4,3
dl_1374,17,,,
dl_1374,14,East_exit,14,10
dl_1374,12,West_exit,12,8
dl_1374,13,East_exit,13,9
dl_1374,18,West_exit,18,12
dl_1374,19,East_exit,19,13
dl_1374,15,West_exit,15,10
dl_1374,16,East_exit,16,11
dl_1374,21,East_exit,21,15
dl_1374,22,West_exit,22,14
dl_1374,24,East_exit,24,17
dl_1374,25,West_exit,25,16
dl_1374,26,West_exit,26,17
dl_1374,9,West_exit,9,6
dl_1374,10,East_exit,10,7
dl_1374,6,West_exit,6,4
dl_1374,7,East_exit,7,5
dl_1374,3,East_exit,3,3
dl_1374,4,East_exit,4,3
dl_1375,11,,,
dl_1375,26,West_exit,26,17
dl_1375,18,West_exit,18,12
dl_1375,19,East_exit,19,13
dl_1375,15,West_exit,15,10
dl_1375,16,East_exit,16,11
dl_1375,14,East_exit,14,10
dl_1375,21,East_exit,21,15
dl_1375,22,West_exit,22,14
dl_1375,24,East_exit,24,17
dl_1375,25,West_exit,25,16
dl_1375,27,West_exit,27,18
dl_1375,28,West_exit,28,18
dl_1376,9,,,
dl_1376,18,West_exit,18,12
dl_1376,19,East_exit,19,13
dl_1376,15,West_exit,15,10
dl_1376,16,East_exit,16,11
dl_1376,14,East_exit,14,10
dl_1376,21,East_exit,21,15
dl_1376,22,West_exit,22,14
dl_1376,24,East_exit,24,17
dl_1376,25,West_exit,25,16
dl_1376,26,West_exit,26,17
dl_1377,18,,,
dl_1377,18,West_exit,18,12
dl_1377,19,East_exit,19,13
dl_1377,12,West_exit,12,8
dl_1377,13,East_exit,13,9
dl_1377,11,East_exit,11,8
dl_1377,15,West_exit,15,10
dl_1377,16,East_exit,16,11
dl_1377,9,West_exit,9,6
dl_1377,10,East_exit,10,7
dl_1377,8,East_exit,8,6
dl_1377,6,East_exit,6,5
dl_1377,7,East_exit,7,5
dl_1377,26,West_exit,26,17
dl_1377,24,East_exit,24,17
dl_1377,25,West_exit,25,16
dl_1377,27,West_exit,27,18
dl_1377,28,West_exit,28,18
dl_1377,21,East_exit,21,15
dl_1377,22,West_exit,22,14
dl_1378,16,,,
dl_1378,18,West_exit,18,12
dl_1378,19,East_exit,19,13
dl_1378,12,West_exit,12,8
dl_1378,13,East_exit,13,9
dl_1378,11,East_exit,11,8
dl_1378,15,West_exit,15,10
dl_1378,16,East_exit,16,11
dl_1378,9,West_exit,9,6
dl_1378,10,East_exit,10,7
dl_1378,8,East_exit,8,6
dl_1378,26,West_exit,26,17
dl_1378,24,East_exit,24,17
dl_1378,25,West_exit,25,16
dl_1378,27,West_exit,27,18
dl_1378,28,West_exit,28,18
dl_1378,21,East_exit,21,15
dl_1378,22,West_exit,22,14
dl_1379,16,,,
dl_1379,18,West_exit,18,12
dl_1379,19,East_exit,19,13
dl_1379,12,West_exit,12,8
dl_1379,13,East_exit,13,9
dl_1379,11,East_exit,11,8
dl_1379,15,West_exit,15,10
dl_1379,16,East_exit,16,11
dl_1379,9,West_exit,9,6
dl_1379,10,East_exit,10,7
dl_1379,8,East_exit,8,6
dl_1379,6,East_exit,6,5
dl_1379,7,East_exit,7,5
dl_1379,21,East_exit,21,15
dl_1379,22,West_exit,22,14
dl_1379,24,East_exit,24,17
dl_1379,25,West_exit,25,16
dl_1379,26,West_exit,26,17
dl_1380,14,,,
dl_1380,18,West_exit,18,12
dl_1380,19,East_exit,19,13
dl_1380,12,West_exit,12,8
dl_1380,13,East_exit,13,9
dl_1380,11,East_exit,11,8
dl_1380,15,West_exit,15,10
dl_1380,16,East_exit,16,11
dl_1380,9,West_exit,9,6
dl_1380,10,East_exit,10,7
dl_1380,8,East_exit,8,6
dl_1380,21,East_exit,21,15
dl_1380,22,West_exit,22,14
dl_1380,24,East_exit,24,17
dl_1380,25,West_exit,25,16
dl_1380,26,West_exit,26,17
dl_1381,20,,,
dl_1381,11,East_exit,11,8
dl_1381,5,East_exit,5,4
dl_1381,18,West_exit,18,12
dl_1381,19,East_exit,19,13
dl_1381,26,West_exit,26,17
dl_1381,24,East_exit,24,17
dl_1381,25,West_exit,25,16
dl_1381,27,West_exit,27,18
dl_1381,28,West_exit,28,18
dl_1381,21,East_exit,21,15
dl_1381,22,West_exit,22,14
dl_1381,12,West_exit,12,8
dl_1381,13,East_exit,13,9
dl_1381,15,West_exit,15,10
dl_1381,16,East_exit,16,11
dl_1381,6,West_exit,6,4
dl_1381,7,East_exit,7,5
dl_1381,3,East_exit,3,3
dl_1381,4,East_exit,4,3
dl_1381,9,West_exit,9,6
dl_1381,10,East_exit,10,7
dl_1382,18,,,
dl_1382,11,East_exit,11,8
dl_1382,18,West_exit,18,12
dl_1382,19,East_exit,19,13
dl_1382,26,West_exit,26,17
dl_1382,24,East_exit,24,17
dl_1382,25,West_exit,25,16
dl_1382,27,West_exit,27,18
dl_1382,28,West_exit,28,18
dl_1382,21,East_exit,21,15
dl_1382,22,West_exit,22,14
dl_1382,12,West_exit,12,8
dl_1382,13,East_exit,13,9
dl_1382,15,West_exit,15,10
dl_1382,16,East_exit,16,11
dl_1382,9,West_exit,9,6
dl_1382,10,East_exit,10,7
dl_1382,6,West_exit,6,4
dl_1382,7,East_exit,7,5
dl_1382,5,East_exit,5,4
dl_1383,18,,,
dl_1383,11,East_exit,11,8
dl_1383,5,East_exit,5,4
dl_1383,18,West_exit,18,12
dl_1383,19,East_exit,19,13
dl_1383,24,East_exit,24,17
dl_1383,25,West_exit,25,16
dl_1383,26,West_exit,26,17
dl_1383,21,East_exit,21,15
dl_1383,22,West_exit,22,14
dl_1383,12,West_exit,12,8
dl_1383,13,East_exit,13,9
dl_1383,15,West_exit,15,10
dl_1383,16,East_exit,16,11
dl_1383,6,West_exit,6,4
dl_1383,7,East_exit,7,5
dl_1383,3,East_exit,3,3
dl_1383,4,East_exit,4,3
dl_1383,9,West_exit,9,6
dl_1383,10,East_exit,10,7
dl_1384,16,,,
dl_1384,11,East_exit,11,8
dl_1384,18,West_exit,18,12
dl_1384,19,East_exit,19,13
dl_1384,24,East_exit,24,17
dl_1384,25,West_exit,25,16
dl_1384,26,West_exit,26,17
dl_1384,21,East_exit,21,15
dl_1384,22,West_exit,22,14
dl_1384,12,West_exit,12,8
dl_1384,13,East_exit,13,9
dl_1384,15,West_exit,15,10
dl_1384,16,East_exit,16,11
dl_1384,9,West_exit,9,6
dl_1384,10,East_exit,10,7
dl_1384,6,West_exit,6,4
dl_1384,7,East_exit,7,5
dl_1384,5,East_exit,5,4
dl_1385,19,,,
dl_1385,11,East_exit,11,8
dl_1385,18,West_exit,18,12
dl_1385,19,East_exit,19,13
dl_1385,26,West_exit,26,17
dl_1385,24,East_exit,24,17
dl_1385,25,West_exit,25,16
dl_1385,27,West_exit,27,18
dl_1385,28,West_exit,28,18
dl_1385,21,East_exit,21,15
dl_1385,22,West_exit,22,14
dl_1385,12,West_exit,12,8
dl_1385,13,East_exit,13,9
dl_1385,15,West_exit,15,10
dl_1385,16,East_exit,16,11
dl_1385,9,West_exit,9,6
dl_1385,10,East_exit,10,7
dl_1385,6,West_exit,6,4
dl_1385,7,East_exit,7,5
dl_1385,3,East_exit,3,3
dl_1385,4,East_exit,4,3
dl_1386,17,,,
dl_1386,11,East_exit,11,8
dl_1386,18,West_exit,18,12
dl_1386,19,East_exit,19,13
dl_1386,24,East_exit,24,17
dl_1386,25,West_exit,25,16
dl_1386,26,West_exit,26,17
dl_1386,21,East_exit,21,15
dl_1386,22,West_exit,22,14
dl_1386,12,West_exit,12,8
dl_1386,13,East_exit,13,9
dl_1386,15,West_exit,15,10
dl_1386,16,East_exit,16,11
dl_1386,9,West_exit,9,6
dl_1386,10,East_exit,10,7
dl_1386,6,West_exit,6,4
dl_1386,7,East_exit,7,5
dl_1386,3,East_exit,3,3
dl_1386,4,East_exit,4,3
dl_1387,20,,,
dl_1387,18,West_exit,18,12
dl_1387,19,East_exit,19,13
dl_1387,12,West_exit,12,8
dl_1387,13,East_exit,13,9
dl_1387,11,East_exit,11,8
dl_1387,15,West_exit,15,10
dl_1387,16,East_exit,16,11
dl_1387,26,West_exit,26,17
dl_1387,24,East_exit,24,17
dl_1387,25,West_exit,25,16
dl_1387,27,West_exit,27,18
dl_1387,28,West_exit,28,18
dl_1387,21,East_exit,21,15
dl_1387,22,West_exit,22,14
dl_1387,5,East_exit,5,4
dl_1387,8,East_exit,8,6
dl_1387,6,West_exit,6,4
dl_1387,7,East_exit,7,5
dl_1387,9,West_exit,9,6
dl_1387,3,East_exit,3,3
dl_1387,4,East_exit,4,3
dl_1388,13,,,
dl_1388,18,West_exit,18,12
dl_1388,19,East_exit,19,13
dl_1388,26,West_exit,26,17
dl_1388,24,East_exit,24,17
dl_1388,25,West_exit,25,16
dl_1388,27,West_exit,27,18
dl_1388,28,West_exit,28,18
dl_1388,21,East_exit,21,15
dl_1388,22,West_exit,22,14
dl_1388,15,West_exit,15,10
dl_1388,16,East_exit,16,11
dl_1388,12,West_exit,12,8
dl_1388,13,East_exit,13,9
dl_1388,11,East_exit,11,8
dl_1389,18,,,
dl_1389,18,West_exit,18,12
dl_1389,19,East_exit,19,13
dl_1389,12,West_exit,12,8
dl_1389,13,East_exit,13,9
dl_1389,11,East_exit,11,8
dl_1389,15,West_exit,15,10
dl_1389,16,East_exit,16,11
dl_1389,21,East_exit,21,15
dl_1389,22,West_exit,22,14
dl_1389,24,East_exit,24,17
dl_1389,25,West_exit,25,16
dl_1389,26,West_exit,26,17
dl_1389,5,East_exit,5,4
dl_1389,8,East_exit,8,6
dl_1389,6,West_exit,6,4
dl_1389,7,East_exit,7,5
dl_1389,9,West_exit,9,6
dl_1389,3,East_exit,3,3
dl_1389,4,East_exit,4,3
dl_1390,11,,,
dl_1390,18,West_exit,18,12
dl_1390,19,East_exit,19,13
dl_1390,24,East_exit,24,17
dl_1390,25,West_exit,25,16
dl_1390,26,West_exit,26,17
dl_1390,21,East_exit,21,15
dl_1390,22,West_exit,22,14
dl_1390,15,West_exit,15,10
dl_1390,16,East_exit,16,11
dl_1390,12,West_exit,12,8
dl_1390,13,East_exit,13,9
dl_1390,11,East_exit,11,8
dl_1391,20,,,
dl_1391,18,West_exit,18,12
dl_1391,19,East_exit,19,13
dl_1391,26,West_exit,26,17
dl_1391,24,East_exit,24,17
dl_1391,25,West_exit,25,16
dl_1391,27,West_exit,27,18
dl_1391,28,West_exit,28,18
dl_1391,21,East_exit,21,15
dl_1391,22,West_exit,22,14
dl_1391,15,West_exit,15,10
dl_1391,16,East_exit,16,11
dl_1391,12,West_exit,12,8
dl_1391,13,East_exit,13,9
dl_1391,9,West_exit,9,6
dl_1391,10,East_exit,10,7
dl_1391,8,East_exit,8,6
dl_1391,5,East_exit,5,4
dl_1391,6,West_exit,6,4
dl_1391,7,East_exit,7,5
dl_1391,3,East_exit,3,3
dl_1391,4,East_exit,4,3
dl_1392,18,,,
dl_1392,18,West_exit,18,12
dl_1392,19,East_exit,19,13
dl_1392,26,West_exit,26,17
dl_1392,24,East_exit,24,17
dl_1392,25,West_exit,25,16
dl_1392,27,West_exit,27,18
dl_1392,28,West_exit,28,18
dl_1392,21,East_exit,21,15
dl_1392,22,West_exit,22,14
dl_1392,15,West_exit,15,10
dl_1392,16,East_exit,16,11
dl_1392,12,West_exit,12,8
dl_1392,13,East_exit,13,9
dl_1392,9,West_exit,9,6
dl_1392,10,East_exit,10,7
dl_1392,8,East_exit,8,6
dl_1392,6,West_exit,6,4
dl_1392,7,East_exit,7,5
dl_1392,5,East_exit,5,4
dl_1393,18,,,
dl_1393,18,West_exit,18,12
dl_1393,19,East_exit,19,13
dl_1393,24,East_exit,24,17
dl_1393,25,West_exit,25,16
dl_1393,26,West_exit,26,17
dl_1393,21,East_exit,21,15
dl_1393,22,West_exit,22,14
dl_1393,15,West_exit,15,10
dl_1393,16,East_exit,16,11
dl_1393,12,West_exit,12,8
dl_1393,13,East_exit,13,9
dl_1393,9,West_exit,9,6
dl_1393,10,East_exit,10,7
dl_1393,8,East_exit,8,6
dl_1393,5,East_exit,5,4
dl_1393,6,West_exit,6,4
dl_1393,7,East_exit,7,5
dl_1393,3,East_exit,3,3
dl_1393,4,East_exit,4,3
dl_1394,16,,,
dl_1394,18,West_exit,18,12
dl_1394,19,East_exit,19,13
dl_1394,24,East_exit,24,17
dl_1394,25,West_exit,25,16
dl_1394,26,West_exit,26,17
dl_1394,21,East_exit,21,15
dl_1394,22,West_exit,22,14
dl_1394,15,West_exit,15,10
dl_1394,16,East_exit,16,11
dl_1394,12,West_exit,12,8
dl_1394,13,East_exit,13,9
dl_1394,9,West_exit,9,6
dl_1394,10,East_exit,10,7
dl_1394,8,East_exit,8,6
dl_1394,6,West_exit,6,4
dl_1394,7,East_exit,7,5
dl_1394,5,East_exit,5,4
dl_1395,19,,,
dl_1395,18,West_exit,18,12
dl_1395,19,East_exit,19,13
dl_1395,26,West_exit,26,17
dl_1395,24,East_exit,24,17
dl_1395,25,West_exit,25,16
dl_1395,27,West_exit,27,18
dl_1395,28,West_exit,28,18
dl_1395,21,East_exit,21,15
dl_1395,22,West_exit,22,14
dl_1395,15,West_exit,15,10
dl_1395,16,East_exit,16,11
dl_1395,12,West_exit,12,8
dl_1395,13,East_exit,13,9
dl_1395,9,West_exit,9,6
dl_1395,10,East_exit,10,7
dl_1395,8,East_exit,8,6
dl_1395,6,West_exit,6,4
dl_1395,7,East_exit,7,5
dl_1395,3,East_exit,3,3
dl_1395,4,East_exit,4,3
dl_1396,17,,,
dl_1396,18,West_exit,18,12
dl_1396,19,East_exit,19,13
dl_1396,24,East_exit,24,17
dl_1396,25,West_exit,25,16
dl_1396,26,West_exit,26,17
dl_1396,21,East_exit,21,15
dl_1396,22,West_exit,22,14
dl_1396,15,West_exit,15,10
dl_1396,16,East_exit,16,11
dl_1396,12,West_exit,12,8
dl_1396,13,East_exit,13,9
dl_1396,9,West_exit,9,6
dl_1396,10,East_exit,10,7
dl_1396,8,East_exit,8,6
dl_1396,6,West_exit,6,4
dl_1396,7,East_exit,7,5
dl_1396,3,East_exit,3,3
dl_1396,4,East_exit,4,3
dl_1397,19,,,
dl_1397,5,East_exit,5,4
dl_1397,26,West_exit,26,17
dl_1397,18,West_exit,18,12
dl_1397,19,East_exit,19,13
dl_1397,15,West_exit,15,10
dl_1397,16,East_exit,16,11
dl_1397,21,East_exit,21,15
dl_1397,22,West_exit,22,14
dl_1397,24,East_exit,24,17
dl_1397,25,West_exit,25,16
dl_1397,27,West_exit,27,18
dl_1397,28,West_exit,28,18
dl_1397,12,West_exit,12,8
dl_1397,13,East_exit,13,9
dl_1397,9,West_exit,9,6
dl_1397,10,East_exit,10,7
dl_1397,8,East_exit,8,6
dl_1397,6,West_exit,6,4
dl_1397,3,East_exit,3,3
dl_1397,4,East_exit,4,3
dl_1398,17,,,
dl_1398,5,East_exit,5,4
dl_1398,18,West_exit,18,12
dl_1398,19,East_exit,19,13
dl_1398,15,West_exit,15,10
dl_1398,16,East_exit,16,11
dl_1398,21,East_exit,21,15
dl_1398,22,West_exit,22,14
dl_1398,24,East_exit,24,17
dl_1398,25,West_exit,25,16
dl_1398,26,West_exit,26,17
dl_1398,12,West_exit,12,8
dl_1398,13,East_exit,13,9
dl_1398,9,West_exit,9,6
dl_1398,10,East_exit,10,7
dl_1398,8,East_exit,8,6
dl_1398,6,West_exit,6,4
dl_1398,3,East_exit,3,3
dl_1398,4,East_exit,4,3
dl_1399,17,,,
dl_1399,18,West_exit,18,12
dl_1399,19,East_exit,19,13
dl_1399,26,West_exit,26,17
dl_1399,24,East_exit,24,17
dl_1399,25,West_exit,25,16
dl_1399,27,West_exit,27,18
dl_1399,28,West_exit,28,18
dl_1399,21,East_exit,21,15
dl_1399,22,West_exit,22,14
dl_1399,15,West_exit,15,10
dl_1399,16,East_exit,16,11
dl_1399,12,West_exit,12,8
dl_1399,13,East_exit,13,9
dl_1399,9,West_exit,9,6
dl_1399,10,East_exit,10,7
dl_1399,8,East_exit,8,6
dl_1399,6,East_exit,6,5
dl_1399,7,East_exit,7,5
dl_1400,15,,,
dl_1400,18,West_exit,18,12
dl_1400,19,East_exit,19,13
dl_1400,26,West_exit,26,17
dl_1400,24,East_exit,24,17
dl_1400,25,West_exit,25,16
dl_1400,27,West_exit,27,18
dl_1400,28,West_exit,28,18
dl_1400,21,East_exit,21,15
dl_1400,22,West_exit,22,14
dl_1400,15,West_exit,15,10
dl_1400,16,East_exit,16,11
dl_1400,12,West_exit,12,8
dl_1400,13,East_exit,13,9
dl_1400,9,West_exit,9,6
dl_1400,10,East_exit,10,7
dl_1400,8,East_exit,8,6
dl_1401,15,,,
dl_1401,18,West_exit,18,12
dl_1401,19,East_exit,19,13
dl_1401,24,East_exit,24,17
dl_1401,25,West_exit,25,16
dl_1401,26,West_exit,26,17
dl_1401,21,East_exit,21,15
dl_1401,22,West_exit,22,14
dl_1401,15,West_exit,15,10
dl_1401,16,East_exit,16,11
dl_1401,12,West_exit,12,8
dl_1401,13,East_exit,13,9
dl_1401,9,West_exit,9,6
dl_1401,10,East_exit,10,7
dl_1401,8,East_exit,8,6
dl_1401,6,East_exit,6,5
dl_1401,7,East_exit,7,5
dl_1402,13,,,
dl_1402,18,West_exit,18,12
dl_1402,19,East_exit,19,13
dl_1402,24,East_exit,24,17
dl_1402,25,West_exit,25,16
dl_1402,26,West_exit,26,17
dl_1402,21,East_exit,21,15
dl_1402,22,West_exit,22,14
dl_1402,15,West_exit,15,10
dl_1402,16,East_exit,16,11
dl_1402,12,West_exit,12,8
dl_1402,13,East_exit,13,9
dl_1402,9,West_exit,9,6
dl_1402,10,East_exit,10,7
dl_1402,8,East_exit,8,6
dl_1403,19,,,
dl_1403,5,East_exit,5,4
dl_1403,26,West_exit,26,17
dl_1403,18,West_exit,18,12
dl_1403,19,East_exit,19,13
dl_1403,15,West_exit,15,10
dl_1403,16,East_exit,16,11
dl_1403,21,East_exit,21,15
dl_1403,22,West_exit,22,14
dl_1403,24,East_exit,24,17
dl_1403,25,West_exit,25,16
dl_1403,27,West_exit,27,18
dl_1403,28,West_exit,28,18
dl_1403,12,West_exit,12,8
dl_1403,13,East_exit,13,9
dl_1403,6,West_exit,6,4
dl_1403,7,East_exit,7,5
dl_1403,3,East_exit,3,3
dl_1403,4,East_exit,4,3
dl_1403,9,West_exit,9,6
dl_1403,10,East_exit,10,7
dl_1404,17,,,
dl_1404,5,East_exit,5,4
dl_1404,18,West_exit,18,12
dl_1404,19,East_exit,19,13
dl_1404,15,West_exit,15,10
dl_1404,16,East_exit,16,11
dl_1404,21,East_exit,21,15
dl_1404,22,West_exit,22,14
dl_1404,24,East_exit,24,17
dl_1404,25,West_exit,25,16
dl_1404,26,West_exit,26,17
dl_1404,12,West_exit,12,8
dl_1404,13,East_exit,13,9
dl_1404,6,West_exit,6,4
dl_1404,7,East_exit,7,5
dl_1404,3,East_exit,3,3
dl_1404,4,East_exit,4,3
dl_1404,9,West_exit,9,6
dl_1404,10,East_exit,10,7
dl_1405,17,,,
dl_1405,26,West_exit,26,17
dl_1405,18,West_exit,18,12
dl_1405,19,East_exit,19,13
dl_1405,24,East_exit,24,17
dl_1405,25,West_exit,25,16
dl_1405,27,West_exit,27,18
dl_1405,28,West_exit,28,18
dl_1405,21,East_exit,21,15
dl_1405,22,West_exit,22,14
dl_1405,15,West_exit,15,10
dl_1405,16,East_exit,16,11
dl_1405,12,West_exit,12,8
dl_1405,13,East_exit,13,9
dl_1405,9,West_exit,9,6
dl_1405,10,East_exit,10,7
dl_1405,6,West_exit,6,4
dl_1405,7,East_exit,7,5
dl_1405,5,East_exit,5,4
dl_1406,15,,,
dl_1406,18,West_exit,18,12
dl_1406,19,East_exit,19,13
dl_1406,24,East_exit,24,17
dl_1406,25,West_exit,25,16
dl_1406,26,West_exit,26,17
dl_1406,21,East_exit,21,15
dl_1406,22,West_exit,22,14
dl_1406,15,West_exit,15,10
dl_1406,16,East_exit,16,11
dl_1406,12,West_exit,12,8
dl_1406,13,East_exit,13,9
dl_1406,9,West_exit,9,6
dl_1406,10,East_exit,10,7
dl_1406,6,West_exit,6,4
dl_1406,7,East_exit,7,5
dl_1406,5,East_exit,5,4
dl_1407,18,,,
dl_1407,26,West_exit,26,17
dl_1407,18,West_exit,18,12
dl_1407,19,East_exit,19,13
dl_1407,24,East_exit,24,17
dl_1407,25,West_exit,25,16
dl_1407,27,West_exit,27,18
dl_1407,28,West_exit,28,18
dl_1407,21,East_exit,21,15
dl_1407,22,West_exit,22,14
dl_1407,15,West_exit,15,10
dl_1407,16,East_exit,16,11
dl_1407,12,West_exit,12,8
dl_1407,13,East_exit,13,9
dl_1407,9,West_exit,9,6
dl_1407,10,East_exit,10,7
dl_1407,6,West_exit,6,4
dl_1407,7,East_exit,7,5
dl_1407,3,East_exit,3,3
dl_1407,4,East_exit,4,3
dl_1408,16,,,
dl_1408,18,West_exit,18,12
dl_1408,19,East_exit,19,13
dl_1408,24,East_exit,24,17
dl_1408,25,West_exit,25,16
dl_1408,26,West_exit,26,17
dl_1408,21,East_exit,21,15
dl_1408,22,West_exit,22,14
dl_1408,15,West_exit,15,10
dl_1408,16,East_exit,16,11
dl_1408,12,West_exit,12,8
dl_1408,13,East_exit,13,9
dl_1408,9,West_exit,9,6
dl_1408,10,East_exit,10,7
dl_1408,6,West_exit,6,4
dl_1408,7,East_exit,7,5
dl_1408,3,East_exit,3,3
dl_1408,4,East_exit,4,3
dl_1409,18,,,
dl_1409,26,West_exit,26,17
dl_1409,18,West_exit,18,12
dl_1409,19,East_exit,19,13
dl_1409,8,East_exit,8,6
dl_1409,14,East_exit,14,10
dl_1409,12,West_exit,12,8
dl_1409,13,East_exit,13,9
dl_1409,11,East_exit,11,8
dl_1409,15,West_exit,15,10
dl_1409,9,West_exit,9,6
dl_1409,10,East_exit,10,7
dl_1409,6,East_exit,6,5
dl_1409,7,East_exit,7,5
dl_1409,21,East_exit,21,15
dl_1409,22,West_exit,22,14
dl_1409,24,East_exit,24,17
dl_1409,25,West_exit,25,16
dl_1409,27,West_exit,27,18
dl_1409,28,West_exit,28,18
dl_1410,16,,,
dl_1410,26,West_exit,26,17
dl_1410,18,West_exit,18,12
dl_1410,19,East_exit,19,13
dl_1410,14,East_exit,14,10
dl_1410,12,West_exit,12,8
dl_1410,13,East_exit,13,9
dl_1410,11,East_exit,11,8
dl_1410,15,West_exit,15,10
dl_1410,9,West_exit,9,6
dl_1410,10,East_exit,10,7
dl_1410,8,East_exit,8,6
dl_1410,21,East_exit,21,15
dl_1410,22,West_exit,22,14
dl_1410,24,East_exit,24,17
dl_1410,25,West_exit,25,16
dl_1410,27,West_exit,27,18
dl_1410,28,West_exit,28,18
dl_1411,16,,,
dl_1411,18,West_exit,18,12
dl_1411,19,East_exit,19,13
dl_1411,8,East_exit,8,6
dl_1411,14,East_exit,14,10
dl_1411,12,West_exit,12,8
dl_1411,13,East_exit,13,9
dl_1411,11,East_exit,11,8
dl_1411,15,West_exit,15,10
dl_1411,9,West_exit,9,6
dl_1411,10,East_exit,10,7
dl_1411,6,East_exit,6,5
dl_1411,7,East_exit,7,5
dl_1411,21,East_exit,21,15
dl_1411,22,West_exit,22,14
dl_1411,24,East_exit,24,17
dl_1411,25,West_exit,25,16
dl_1411,26,West_exit,26,17
dl_1412,14,,,
dl_1412,18,West_exit,18,12
dl_1412,19,East_exit,19,13
dl_1412,14,East_exit,14,10
dl_1412,12,West_exit,12,8
dl_1412,13,East_exit,13,9
dl_1412,11,East_exit,11,8
dl_1412,15,West_exit,15,10
dl_1412,9,West_exit,9,6
dl_1412,10,East_exit,10,7
dl_1412,8,East_exit,8,6
dl_1412,21,East_exit,21,15
dl_1412,22,West_exit,22,14
dl_1412,24,East_exit,24,17
dl_1412,25,West_exit,25,16
dl_1412,26,West_exit,26,17
dl_1413,20,,,
dl_1413,21,East_exit,21,15
dl_1413,22,West_exit,22,14
dl_1413,24,East_exit,24,17
dl_1413,25,West_exit,25,16
dl_1413,26,West_exit,26,17
dl_1413,27,West_exit,27,18
dl_1413,28,West_exit,28,18
dl_1413,5,East_exit,5,4
dl_1413,11,East_exit,11,8
dl_1413,14,East_exit,14,10
dl_1413,12,West_exit,12,8
dl_1413,13,East_exit,13,9
dl_1413,15,West_exit,15,10
dl_1413,9,West_exit,9,6
dl_1413,10,East_exit,10,7
dl_1413,6,West_exit,6,4
dl_1413,7,East_exit,7,5
dl_1413,3,East_exit,3,3
dl_1413,4,East_exit,4,3
dl_1413,18,West_exit,18,12
dl_1413,19,East_exit,19,13
dl_1414,18,,,
dl_1414,21,East_exit,21,15
dl_1414,22,West_exit,22,14
dl_1414,24,East_exit,24,17
dl_1414,25,West_exit,25,16
dl_1414,26,West_exit,26,17
dl_1414,27,West_exit,27,18
dl_1414,28,West_exit,28,18
dl_1414,11,East_exit,11,8
dl_1414,14,East_exit,14,10
dl_1414,12,West_exit,12,8
dl_1414,13,East_exit,13,9
dl_1414,15,West_exit,15,10
dl_1414,9,West_exit,9,6
dl_1414,10,East_exit,10,7
dl_1414,6,West_exit,6,4
dl_1414,7,East_exit,7,5
dl_1414,5,East_exit,5,4
dl_1414,18,West_exit,18,12
dl_1414,19,East_exit,19,13
dl_1415,18,,,
dl_1415,11,East_exit,11,8
dl_1415,5,East_exit,5,4
dl_1415,14,East_exit,14,10
dl_1415,12,West_exit,12,8
dl_1415,13,East_exit,13,9
dl_1415,18,West_exit,18,12
dl_1415,19,East_exit,19,13
dl_1415,15,West_exit,15,10
dl_1415,6,West_exit,6,4
dl_1415,7,East_exit,7,5
dl_1415,3,East_exit,3,3
dl_1415,4,East_exit,4,3
dl_1415,9,West_exit,9,6
dl_1415,10,East_exit,10,7
dl_1415,21,East_exit,21,15
dl_1415,22,West_exit,22,14
dl_1415,24,East_exit,24,17
dl_1415,25,West_exit,25,16
dl_1415,26,West_exit,26,17
dl_1416,16,,,
dl_1416,11,East_exit,11,8
dl_1416,14,East_exit,14,10
dl_1416,12,West_exit,12,8
dl_1416,13,East_exit,13,9
dl_1416,18,West_exit,18,12
dl_1416,19,East_exit,19,13
dl_1416,15,West_exit,15,10
dl_1416,9,West_exit,9,6
dl_1416,10,East_exit,10,7
dl_1416,6,West_exit,6,4
dl_1416,7,East_exit,7,5
dl_1416,5,East_exit,5,4
dl_1416,21,East_exit,21,15
dl_1416,22,West_exit,22,14
dl_1416,24,East_exit,24,17
dl_1416,25,West_exit,25,16
dl_1416,26,West_exit,26,17
dl_1417,19,,,
dl_1417,21,East_exit,21,15
dl_1417,22,West_exit,22,14
dl_1417,24,East_exit,24,17
dl_1417,25,West_exit,25,16
dl_1417,26,West_exit,26,17
dl_1417,27,West_exit,27,18
dl_1417,28,West_exit,28,18
dl_1417,11,East_exit,11,8
dl_1417,14,East_exit,14,10
dl_1417,12,West_exit,12,8
dl_1417,13,East_exit,13,9
dl_1417,15,West_exit,15,10
dl_1417,9,West_exit,9,6
dl_1417,10,East_exit,10,7
dl_1417,6,West_exit,6,4
dl_1417,7,East_exit,7,5
dl_1417,18,West_exit,18,12
dl_1417,19,East_exit,19,13
dl_1417,3,East_exit,3,3
dl_1417,4,East_exit,4,3
dl_1418,17,,,
dl_1418,11,East_exit,11,8
dl_1418,14,East_exit,14,10
dl_1418,12,West_exit,12,8
dl_1418,13,East_exit,13,9
dl_1418,18,West_exit,18,12
dl_1418,19,East_exit,19,13
dl_1418,15,West_exit,15,10
dl_1418,9,West_exit,9,6
dl_1418,10,East_exit,10,7
dl_1418,6,West_exit,6,4
dl_1418,7,East_exit,7,5
dl_1418,21,East_exit,21,15
dl_1418,22,West_exit,22,14
dl_1418,24,East_exit,24,17
dl_1418,25,West_exit,25,16
dl_1418,26,West_exit,26,17
dl_1418,3,East_exit,3,3
dl_1418,4,East_exit,4,3
dl_1419,20,,,
dl_1419,5,East_exit,5,4
dl_1419,8,East_exit,8,6
dl_1419,6,West_exit,6,4
dl_1419,7,East_exit,7,5
dl_1419,26,West_exit,26,17
dl_1419,14,East_exit,14,10
dl_1419,12,West_exit,12,8
dl_1419,13,East_exit,13,9
dl_1419,11,East_exit,11,8
dl_1419,18,West_exit,18,12
dl_1419,19,East_exit,19,13
dl_1419,15,West_exit,15,10
dl_1419,21,East_exit,21,15
dl_1419,22,West_exit,22,14
dl_1419,24,East_exit,24,17
dl_1419,25,West_exit,25,16
dl_1419,27,West_exit,27,18
dl_1419,28,West_exit,28,18
dl_1419,9,West_exit,9,6
dl_1419,3,East_exit,3,3
dl_1419,4,East_exit,4,3
dl_1420,13,,,
dl_1420,26,West_exit,26,17
dl_1420,14,East_exit,14,10
dl_1420,12,West_exit,12,8
dl_1420,13,East_exit,13,9
dl_1420,11,East_exit,11,8
dl_1420,18,West_exit,18,12
dl_1420,19,East_exit,19,13
dl_1420,15,West_exit,15,10
dl_1420,21,East_exit,21,15
dl_1420,22,West_exit,22,14
dl_1420,24,East_exit,24,17
dl_1420,25,West_exit,25,16
dl_1420,27,West_exit,27,18
dl_1420,28,West_exit,28,18
dl_1421,11,,,
dl_1421,18,West_exit,18,12
dl_1421,19,East_exit,19,13
dl_1421,14,East_exit,14,10
dl_1421,12,West_exit,12,8
dl_1421,13,East_exit,13,9
dl_1421,11,East_exit,11,8
dl_1421,15,West_exit,15,10
dl_1421,21,East_exit,21,15
dl_1421,22,West_exit,22,14
dl_1421,24,East_exit,24,17
dl_1421,25,West_exit,25,16
dl_1421,26,West_exit,26,17
dl_1422,20,,,
dl_1422,14,East_exit,14,10
dl_1422,5,East_exit,5,4
dl_1422,8,East_exit,8,6
dl_1422,6,West_exit,6,4
dl_1422,7,East_exit,7,5
dl_1422,9,West_exit,9,6
dl_1422,10,East_exit,10,7
dl_1422,3,East_exit,3,3
dl_1422,4,East_exit,4,3
dl_1422,18,West_exit,18,12
dl_1422,19,East_exit,19,13
dl_1422,15,West_exit,15,10
dl_1422,12,West_exit,12,8
dl_1422,13,East_exit,13,9
dl_1422,26,West_exit,26,17
dl_1422,24,East_exit,24,17
dl_1422,25,West_exit,25,16
dl_1422,27,West_exit,27,18
dl_1422,28,West_exit,28,18
dl_1422,21,East_exit,21,15
dl_1422,22,West_exit,22,14
dl_1423,18,,,
dl_1423,14,East_exit,14,10
dl_1423,8,East_exit,8,6
dl_1423,6,West_exit,6,4
dl_1423,7,East_exit,7,5
dl_1423,5,East_exit,5,4
dl_1423,9,West_exit,9,6
dl_1423,10,East_exit,10,7
dl_1423,18,West_exit,18,12
dl_1423,19,East_exit,19,13
dl_1423,15,West_exit,15,10
dl_1423,12,West_exit,12,8
dl_1423,13,East_exit,13,9
dl_1423,26,West_exit,26,17
dl_1423,24,East_exit,24,17
dl_1423,25,West_exit,25,16
dl_1423,27,West_exit,27,18
dl_1423,28,West_exit,28,18
dl_1423,21,East_exit,21,15
dl_1423,22,West_exit,22,14
dl_1424,18,,,
dl_1424,14,East_exit,14,10
dl_1424,9,West_exit,9,6
dl_1424,10,East_exit,10,7
dl_1424,8,East_exit,8,6
dl_1424,6,West_exit,6,4
dl_1424,7,East_exit,7,5
dl_1424,5,East_exit,5,4
dl_1424,3,East_exit,3,3
dl_1424,4,East_exit,4,3
dl_1424,18,West_exit,18,12
dl_1424,19,East_exit,19,13
dl_1424,15,West_exit,15,10
dl_1424,12,West_exit,12,8
dl_1424,13,East_exit,13,9
dl_1424,21,East_exit,21,15
dl_1424,22,West_exit,22,14
dl_1424,24,East_exit,24,17
dl_1424,25,West_exit,25,16
dl_1424,26,West_exit,26,17
dl_1425,16,,,
dl_1425,14,East_exit,14,10
dl_1425,9,West_exit,9,6
dl_1425,10,East_exit,10,7
dl_1425,8,East_exit,8,6
dl_1425,6,West_exit,6,4
dl_1425,7,East_exit,7,5
dl_1425,5,East_exit,5,4
dl_1425,18,West_exit,18,12
dl_1425,19,East_exit,19,13
dl_1425,15,West_exit,15,10
dl_1425,12,West_exit,12,8
dl_1425,13,East_exit,13,9
dl_1425,21,East_exit,21,15
dl_1425,22,West_exit,22,14
dl_1425,24,East_exit,24,17
dl_1425,25,West_exit,25,16
dl_1425,26,West_exit,26,17
dl_1426,19,,,
dl_1426,14,East_exit,14,10
dl_1426,8,East_exit,8,6
dl_1426,6,West_exit,6,4
dl_1426,7,East_exit,7,5
dl_1426,9,West_exit,9,6
dl_1426,10,East_exit,10,7
dl_1426,18,West_exit,18,12
dl_1426,19,East_exit,19,13
dl_1426,15,West_exit,15,10
dl_1426,12,West_exit,12,8
dl_1426,13,East_exit,13,9
dl_1426,26,West_exit,26,17
dl_1426,24,East_exit,24,17
dl_1426,25,West_exit,25,16
dl_1426,27,West_exit,27,18
dl_1426,28,West_exit,28,18
dl_1426,21,East_exit,21,15
dl_1426,22,West_exit,22,14
dl_1426,3,East_exit,3,3
dl_1426,4,East_exit,4,3
dl_1427,17,,,
dl_1427,14,East_exit,14,10
dl_1427,8,East_exit,8,6
dl_1427,6,West_exit,6,4
dl_1427,7,East_exit,7,5
dl_1427,9,West_exit,9,6
dl_1427,10,East_exit,10,7
dl_1427,18,West_exit,18,12
dl_1427,19,East_exit,19,13
dl_1427,15,West_exit,15,10
dl_1427,12,West_exit,12,8
dl_1427,13,East_exit,13,9
dl_1427,3,East_exit,3,3
dl_1427,4,East_exit,4,3
dl_1427,21,East_exit,21,15
dl_1427,22,West_exit,22,14
dl_1427,24,East_exit,24,17
dl_1427,25,West_exit,25,16
dl_1427,26,West_exit,26,17
dl_1428,19,,,
dl_1428,14,East_exit,14,10
dl_1428,5,East_exit,5,4
dl_1428,9,West_exit,9,6
dl_1428,10,East_exit,10,7
dl_1428,8,East_exit,8,6
dl_1428,6,West_exit,6,4
dl_1428,3,East_exit,3,3
dl_1428,4,East_exit,4,3
dl_1428,18,West_exit,18,12
dl_1428,19,East_exit,19,13
dl_1428,15,West_exit,15,10
dl_1428,12,West_exit,12,8
dl_1428,13,East_exit,13,9
dl_1428,26,West_exit,26,17
dl_1428,24,East_exit,24,17
dl_1428,25,West_exit,25,16
dl_1428,27,West_exit,27,18
dl_1428,28,West_exit,28,18
dl_1428,21,East_exit,21,15
dl_1428,22,West_exit,22,14
dl_1429,17,,,
dl_1429,14,East_exit,14,10
dl_1429,9,West_exit,9,6
dl_1429,10,East_exit,10,7
dl_1429,8,East_exit,8,6
dl_1429,5,East_exit,5,4
dl_1429,6,West_exit,6,4
dl_1429,3,East_exit,3,3
dl_1429,4,East_exit,4,3
dl_1429,18,West_exit,18,12
dl_1429,19,East_exit,19,13
dl_1429,15,West_exit,15,10
dl_1429,12,West_exit,12,8
dl_1429,13,East_exit,13,9
dl_1429,21,East_exit,21,15
dl_1429,22,West_exit,22,14
dl_1429,24,East_exit,24,17
dl_1429,25,West_exit,25,16
dl_1429,26,West_exit,26,17
dl_1430,17,,,
dl_1430,14,East_exit,14,10
dl_1430,8,East_exit,8,6
dl_1430,9,West_exit,9,6
dl_1430,10,East_exit,10,7
dl_1430,6,East_exit,6,5
dl_1430,7,East_exit,7,5
dl_1430,18,West_exit,18,12
dl_1430,19,East_exit,19,13
dl_1430,15,West_exit,15,10
dl_1430,12,West_exit,12,8
dl_1430,13,East_exit,13,9
dl_1430,26,West_exit,26,17
dl_1430,24,East_exit,24,17
dl_1430,25,West_exit,25,16
dl_1430,27,West_exit,27,18
dl_1430,28,West_exit,28,18
dl_1430,21,East_exit,21,15
dl_1430,22,West_exit,22,14
dl_1431,15,,,
dl_1431,14,East_exit,14,10
dl_1431,9,West_exit,9,6
dl_1431,10,East_exit,10,7
dl_1431,8,East_exit,8,6
dl_1431,18,West_exit,18,12
dl_1431,19,East_exit,19,13
dl_1431,15,West_exit,15,10
dl_1431,12,West_exit,12,8
dl_1431,13,East_exit,13,9
dl_1431,26,West_exit,26,17
dl_1431,24,East_exit,24,17
dl_1431,25,West_exit,25,16
dl_1431,27,West_exit,27,18
dl_1431,28,West_exit,28,18
dl_1431,21,East_exit,21,15
dl_1431,22,West_exit,22,14
dl_1432,15,,,
dl_1432,14,East_exit,14,10
dl_1432,9,West_exit,9,6
dl_1432,10,East_exit,10,7
dl_1432,8,East_exit,8,6
dl_1432,6,East_exit,6,5
dl_1432,7,East_exit,7,5
dl_1432,18,West_exit,18,12
dl_1432,19,East_exit,19,13
dl_1432,15,West_exit,15,10
dl_1432,12,West_exit,12,8
dl_1432,13,East_exit,13,9
dl_1432,21,East_exit,21,15
dl_1432,22,West_exit,22,14
dl_1432,24,East_exit,24,17
dl_1432,25,West_exit,25,16
dl_1432,26,West_exit,26,17
dl_1433,13,,,
dl_1433,14,East_exit,14,10
dl_1433,9,West_exit,9,6
dl_1433,10,East_exit,10,7
dl_1433,8,East_exit,8,6
dl_1433,18,West_exit,18,12
dl_1433,19,East_exit,19,13
dl_1433,15,West_exit,15,10
dl_1433,12,West_exit,12,8
dl_1433,13,East_exit,13,9
dl_1433,21,East_exit,21,15
dl_1433,22,West_exit,22,14
dl_1433,24,East_exit,24,17
dl_1433,25,West_exit,25,16
dl_1433,26,West_exit,26,17
dl_1434,19,,,
dl_1434,5,East_exit,5,4
dl_1434,21,East_exit,21,15
dl_1434,22,West_exit,22,14
dl_1434,24,East_exit,24,17
dl_1434,25,West_exit,25,16
dl_1434,26,West_exit,26,17
dl_1434,27,West_exit,27,18
dl_1434,28,West_exit,28,18
dl_1434,14,East_exit,14,10
dl_1434,12,West_exit,12,8
dl_1434,13,East_exit,13,9
dl_1434,18,West_exit,18,12
dl_1434,19,East_exit,19,13
dl_1434,15,West_exit,15,10
dl_1434,9,West_exit,9,6
dl_1434,10,East_exit,10,7
dl_1434,6,West_exit,6,4
dl_1434,7,East_exit,7,5
dl_1434,3,East_exit,3,3
dl_1434,4,East_exit,4,3
dl_1435,17,,,
dl_1435,5,East_exit,5,4
dl_1435,14,East_exit,14,10
dl_1435,18,West_exit,18,12
dl_1435,19,East_exit,19,13
dl_1435,12,West_exit,12,8
dl_1435,13,East_exit,13,9
dl_1435,15,West_exit,15,10
dl_1435,9,West_exit,9,6
dl_1435,10,East_exit,10,7
dl_1435,6,West_exit,6,4
dl_1435,7,East_exit,7,5
dl_1435,3,East_exit,3,3
dl_1435,4,East_exit,4,3
dl_1435,21,East_exit,21,15
dl_1435,22,West_exit,22,14
dl_1435,24,East_exit,24,17
dl_1435,25,West_exit,25,16
dl_1435,26,West_exit,26,17
dl_1436,17,,,
dl_1436,21,East_exit,21,15
dl_1436,22,West_exit,22,14
dl_1436,24,East_exit,24,17
dl_1436,25,West_exit,25,16
dl_1436,26,West_exit,26,17
dl_1436,27,West_exit,27,18
dl_1436,28,West_exit,28,18
dl_1436,14,East_exit,14,10
dl_1436,12,West_exit,12,8
dl_1436,13,East_exit,13,9
dl_1436,18,West_exit,18,12
dl_1436,19,East_exit,19,13
dl_1436,15,West_exit,15,10
dl_1436,9,West_exit,9,6
dl_1436,10,East_exit,10,7
dl_1436,6,West_exit,6,4
dl_1436,7,East_exit,7,5
dl_1436,5,East_exit,5,4
dl_1437,15,,,
dl_1437,14,East_exit,14,10
dl_1437,18,West_exit,18,12
dl_1437,19,East_exit,19,13
dl_1437,12,West_exit,12,8
dl_1437,13,East_exit,13,9
dl_1437,15,West_exit,15,10
dl_1437,9,West_exit,9,6
dl_1437,10,East_exit,10,7
dl_1437,6,West_exit,6,4
dl_1437,7,East_exit,7,5
dl_1437,5,East_exit,5,4
dl_1437,21,East_exit,21,15
dl_1437,22,West_exit,22,14
dl_1437,24,East_exit,24,17
dl_1437,25,West_exit,25,16
dl_1437,26,West_exit,26,17
dl_1438,18,,,
dl_1438,21,East_exit,21,15
dl_1438,22,West_exit,22,14
dl_1438,24,East_exit,24,17
dl_1438,25,West_exit,25,16
dl_1438,26,West_exit,26,17
dl_1438,27,West_exit,27,18
dl_1438,28,West_exit,28,18
dl_1438,14,East_exit,14,10
dl_1438,12,West_exit,12,8
dl_1438,13,East_exit,13,9
dl_1438,18,West_exit,18,12
dl_1438,19,East_exit,19,13
dl_1438,15,West_exit,15,10
dl_1438,9,West_exit,9,6
dl_1438,10,East_exit,10,7
dl_1438,6,West_exit,6,4
dl_1438,7,East_exit,7,5
dl_1438,3,East_exit,3,3
dl_1438,4,East_exit,4,3
dl_1439,16,,,
dl_1439,14,East_exit,14,10
dl_1439,18,West_exit,18,12
dl_1439,19,East_exit,19,13
dl_1439,12,West_exit,12,8
dl_1439,13,East_exit,13,9
dl_1439,15,West_exit,15,10
dl_1439,9,West_exit,9,6
dl_1439,10,East_exit,10,7
dl_1439,6,West_exit,6,4
dl_1439,7,East_exit,7,5
dl_1439,21,East_exit,21,15
dl_1439,22,West_exit,22,14
dl_1439,24,East_exit,24,17
dl_1439,25,West_exit,25,16
dl_1439,26,West_exit,26,17
dl_1439,3,East_exit,3,3
dl_1439,4,East_exit,4,3
dl_1440,11,,,
dl_1440,15,West_exit,15,10
dl_1440,16,East_exit,16,11
dl_1440,17,West_exit,17,11
dl_1440,5,East_exit,5,4
dl_1440,8,East_exit,8,6
dl_1440,6,West_exit,6,4
dl_1440,7,East_exit,7,5
dl_1440,9,West_exit,9,6
dl_1440,3,East_exit,3,3
dl_1440,4,East_exit,4,3
dl_1440,12,West_exit,12,8
dl_1440,13,East_exit,13,9
dl_1441,9,,,
dl_1441,15,West_exit,15,10
dl_1441,16,East_exit,16,11
dl_1441,17,West_exit,17,11
dl_1441,8,East_exit,8,6
dl_1441,6,West_exit,6,4
dl_1441,7,East_exit,7,5
dl_1441,5,East_exit,5,4
dl_1441,9,West_exit,9,6
dl_1441,12,West_exit,12,8
dl_1441,13,East_exit,13,9
dl_1442,10,,,
dl_1442,15,West_exit,15,10
dl_1442,16,East_exit,16,11
dl_1442,17,West_exit,17,11
dl_1442,8,East_exit,8,6
dl_1442,6,West_exit,6,4
dl_1442,7,East_exit,7,5
dl_1442,9,West_exit,9,6
dl_1442,12,West_exit,12,8
dl_1442,13,East_exit,13,9
dl_1442,3,East_exit,3,3
dl_1442,4,East_exit,4,3
dl_1443,13,,,
dl_1443,5,East_exit,5,4
dl_1443,18,West_exit,18,12
dl_1443,19,East_exit,19,13
dl_1443,20,West_exit,20,13
dl_1443,15,West_exit,15,10
dl_1443,16,East_exit,16,11
dl_1443,8,East_exit,8,6
dl_1443,9,West_exit,9,6
dl_1443,12,West_exit,12,8
dl_1443,13,East_exit,13,9
dl_1443,6,West_exit,6,4
dl_1443,7,East_exit,7,5
dl_1443,3,East_exit,3,3
dl_1443,4,East_exit,4,3
dl_1444,11,,,
dl_1444,8,East_exit,8,6
dl_1444,6,West_exit,6,4
dl_1444,7,East_exit,7,5
dl_1444,5,East_exit,5,4
dl_1444,18,West_exit,18,12
dl_1444,19,East_exit,19,13
dl_1444,20,West_exit,20,13
dl_1444,15,West_exit,15,10
dl_1444,16,East_exit,16,11
dl_1444,9,West_exit,9,6
dl_1444,12,West_exit,12,8
dl_1444,13,East_exit,13,9
dl_1445,12,,,
dl_1445,18,West_exit,18,12
dl_1445,19,East_exit,19,13
dl_1445,20,West_exit,20,13
dl_1445,15,West_exit,15,10
dl_1445,16,East_exit,16,11
dl_1445,8,East_exit,8,6
dl_1445,6,West_exit,6,4
dl_1445,7,East_exit,7,5
dl_1445,9,West_exit,9,6
dl_1445,12,West_exit,12,8
dl_1445,13,East_exit,13,9
dl_1445,3,East_exit,3,3
dl_1445,4,East_exit,4,3
dl_1446,15,,,
dl_1446,18,West_exit,18,12
dl_1446,19,East_exit,19,13
dl_1446,21,East_exit,21,15
dl_1446,22,West_exit,22,14
dl_1446,23,West_exit,23,15
dl_1446,15,West_exit,15,10
dl_1446,16,East_exit,16,11
dl_1446,5,East_exit,5,4
dl_1446,8,East_exit,8,6
dl_1446,6,West_exit,6,4
dl_1446,7,East_exit,7,5
dl_1446,9,West_exit,9,6
dl_1446,3,East_exit,3,3
dl_1446,4,East_exit,4,3
dl_1446,12,West_exit,12,8
dl_1446,13,East_exit,13,9
dl_1447,13,,,
dl_1447,18,West_exit,18,12
dl_1447,19,East_exit,19,13
dl_1447,21,East_exit,21,15
dl_1447,22,West_exit,22,14
dl_1447,23,West_exit,23,15
dl_1447,15,West_exit,15,10
dl_1447,16,East_exit,16,11
dl_1447,8,East_exit,8,6
dl_1447,6,West_exit,6,4
dl_1447,7,East_exit,7,5
dl_1447,5,East_exit,5,4
dl_1447,9,West_exit,9,6
dl_1447,12,West_exit,12,8
dl_1447,13,East_exit,13,9
dl_1448,14,,,
dl_1448,18,West_exit,18,12
dl_1448,19,East_exit,19,13
dl_1448,21,East_exit,21,15
dl_1448,22,West_exit,22,14
dl_1448,23,West_exit,23,15
dl_1448,15,West_exit,15,10
dl_1448,16,East_exit,16,11
dl_1448,8,East_exit,8,6
dl_1448,6,West_exit,6,4
dl_1448,7,East_exit,7,5
dl_1448,9,West_exit,9,6
dl_1448,12,West_exit,12,8
dl_1448,13,East_exit,13,9
dl_1448,3,East_exit,3,3
dl_1448,4,East_exit,4,3
dl_1449,11,,,
dl_1449,14,East_exit,14,10
dl_1449,5,East_exit,5,4
dl_1449,8,East_exit,8,6
dl_1449,6,West_exit,6,4
dl_1449,7,East_exit,7,5
dl_1449,9,West_exit,9,6
dl_1449,3,East_exit,3,3
dl_1449,4,East_exit,4,3
dl_1449,15,West_exit,15,10
dl_1449,17,West_exit,17,11
dl_1449,12,West_exit,12,8
dl_1449,13,East_exit,13,9
dl_1450,9,,,
dl_1450,14,East_exit,14,10
dl_1450,8,East_exit,8,6
dl_1450,6,West_exit,6,4
dl_1450,7,East_exit,7,5
dl_1450,5,East_exit,5,4
dl_1450,9,West_exit,9,6
dl_1450,15,West_exit,15,10
dl_1450,17,West_exit,17,11
dl_1450,12,West_exit,12,8
dl_1450,13,East_exit,13,9
dl_1451,10,,,
dl_1451,14,East_exit,14,10
dl_1451,8,East_exit,8,6
dl_1451,6,West_exit,6,4
dl_1451,7,East_exit,7,5
dl_1451,9,West_exit,9,6
dl_1451,15,West_exit,15,10
dl_1451,17,West_exit,17,11
dl_1451,12,West_exit,12,8
dl_1451,13,East_exit,13,9
dl_1451,3,East_exit,3,3
dl_1451,4,East_exit,4,3
dl_1452,13,,,
dl_1452,18,West_exit,18,12
dl_1452,19,East_exit,19,13
dl_1452,20,West_exit,20,13
dl_1452,14,East_exit,14,10
dl_1452,5,East_exit,5,4
dl_1452,8,East_exit,8,6
dl_1452,6,West_exit,6,4
dl_1452,7,East_exit,7,5
dl_1452,9,West_exit,9,6
dl_1452,3,East_exit,3,3
dl_1452,4,East_exit,4,3
dl_1452,15,West_exit,15,10
dl_1452,12,West_exit,12,8
dl_1452,13,East_exit,13,9
dl_1453,11,,,
dl_1453,18,West_exit,18,12
dl_1453,19,East_exit,19,13
dl_1453,20,West_exit,20,13
dl_1453,14,East_exit,14,10
dl_1453,8,East_exit,8,6
dl_1453,6,West_exit,6,4
dl_1453,7,East_exit,7,5
dl_1453,5,East_exit,5,4
dl_1453,9,West_exit,9,6
dl_1453,15,West_exit,15,10
dl_1453,12,West_exit,12,8
dl_1453,13,East_exit,13,9
dl_1454,12,,,
dl_1454,14,East_exit,14,10
dl_1454,18,West_exit,18,12
dl_1454,19,East_exit,19,13
dl_1454,20,West_exit,20,13
dl_1454,8,East_exit,8,6
dl_1454,6,West_exit,6,4
dl_1454,7,East_exit,7,5
dl_1454,9,West_exit,9,6
dl_1454,15,West_exit,15,10
dl_1454,12,West_exit,12,8
dl_1454,13,East_exit,13,9
dl_1454,3,East_exit,3,3
dl_1454,4,East_exit,4,3
dl_1455,15,,,
dl_1455,14,East_exit,14,10
dl_1455,5,East_exit,5,4
dl_1455,8,East_exit,8,6
dl_1455,6,West_exit,6,4
dl_1455,7,East_exit,7,5
dl_1455,9,West_exit,9,6
dl_1455,3,East_exit,3,3
dl_1455,4,East_exit,4,3
dl_1455,21,East_exit,21,15
dl_1455,22,West_exit,22,14
dl_1455,23,West_exit,23,15
dl_1455,18,West_exit,18,12
dl_1455,19,East_exit,19,13
dl_1455,12,West_exit,12,8
dl_1455,13,East_exit,13,9
dl_1455,15,West_exit,15,10
dl_1456,13,,,
dl_1456,14,East_exit,14,10
dl_1456,8,East_exit,8,6
dl_1456,6,West_exit,6,4
dl_1456,7,East_exit,7,5
dl_1456,5,East_exit,5,4
dl_1456,9,West_exit,9,6
dl_1456,21,East_exit,21,15
dl_1456,22,West_exit,22,14
dl_1456,23,West_exit,23,15
dl_1456,18,West_exit,18,12
dl_1456,19,East_exit,19,13
dl_1456,12,West_exit,12,8
dl_1456,13,East_exit,13,9
dl_1456,15,West_exit,15,10
dl_1457,14,,,
dl_1457,14,East_exit,14,10
dl_1457,8,East_exit,8,6
dl_1457,6,West_exit,6,4
dl_1457,7,East_exit,7,5
dl_1457,9,West_exit,9,6
dl_1457,21,East_exit,21,15
dl_1457,22,West_exit,22,14
dl_1457,23,West_exit,23,15
dl_1457,18,West_exit,18,12
dl_1457,19,East_exit,19,13
dl_1457,12,West_exit,12,8
dl_1457,13,East_exit,13,9
dl_1457,15,West_exit,15,10
dl_1457,3,East_exit,3,3
dl_1457,4,East_exit,4,3
dl_1458,19,,,
dl_1458,18,West_exit,18,12
dl_1458,19,East_exit,19,13
dl_1458,26,West_exit,26,17
dl_1458,24,East_exit,24,17
dl_1458,25,West_exit,25,16
dl_1458,27,West_exit,27,18
dl_1458,28,West_exit,28,18
dl_1458,21,East_exit,21,15
dl_1458,22,West_exit,22,14
dl_1458,5,East_exit,5,4
dl_1458,15,West_exit,15,10
dl_1458,16,East_exit,16,11
dl_1458,8,East_exit,8,6
dl_1458,9,West_exit,9,6
dl_1458,12,West_exit,12,8
dl_1458,13,East_exit,13,9
dl_1458,6,West_exit,6,4
dl_1458,7,East_exit,7,5
dl_1458,3,East_exit,3,3
dl_1458,4,East_exit,4,3
dl_1459,17,,,
dl_1459,18,West_exit,18,12
dl_1459,19,East_exit,19,13
dl_1459,24,East_exit,24,17
dl_1459,25,West_exit,25,16
dl_1459,26,West_exit,26,17
dl_1459,21,East_exit,21,15
dl_1459,22,West_exit,22,14
dl_1459,5,East_exit,5,4
dl_1459,15,West_exit,15,10
dl_1459,16,East_exit,16,11
dl_1459,8,East_exit,8,6
dl_1459,9,West_exit,9,6
dl_1459,12,West_exit,12,8
dl_1459,13,East_exit,13,9
dl_1459,6,West_exit,6,4
dl_1459,7,East_exit,7,5
dl_1459,3,East_exit,3,3
dl_1459,4,East_exit,4,3
dl_1460,17,,,
dl_1460,18,West_exit,18,12
dl_1460,19,East_exit,19,13
dl_1460,26,West_exit,26,17
dl_1460,24,East_exit,24,17
dl_1460,25,West_exit,25,16
dl_1460,27,West_exit,27,18
dl_1460,28,West_exit,28,18
dl_1460,21,East_exit,21,15
dl_1460,22,West_exit,22,14
dl_1460,8,East_exit,8,6
dl_1460,6,West_exit,6,4
dl_1460,7,East_exit,7,5
dl_1460,5,East_exit,5,4
dl_1460,15,West_exit,15,10
dl_1460,16,East_exit,16,11
dl_1460,9,West_exit,9,6
dl_1460,12,West_exit,12,8
dl_1460,13,East_exit,13,9
dl_1461,15,,,
dl_1461,18,West_exit,18,12
dl_1461,19,East_exit,19,13
dl_1461,24,East_exit,24,17
dl_1461,25,West_exit,25,16
dl_1461,26,West_exit,26,17
dl_1461,21,East_exit,21,15
dl_1461,22,West_exit,22,14
dl_1461,8,East_exit,8,6
dl_1461,6,West_exit,6,4
dl_1461,7,East_exit,7,5
dl_1461,5,East_exit,5,4
dl_1461,15,West_exit,15,10
dl_1461,16,East_exit,16,11
dl_1461,9,West_exit,9,6
dl_1461,12,West_exit,12,8
dl_1461,13,East_exit,13,9
dl_1462,18,,,
dl_1462,18,West_exit,18,12
dl_1462,19,East_exit,19,13
dl_1462,26,West_exit,26,17
dl_1462,24,East_exit,24,17
dl_1462,25,West_exit,25,16
dl_1462,27,West_exit,27,18
dl_1462,28,West_exit,28,18
dl_1462,21,East_exit,21,15
dl_1462,22,West_exit,22,14
dl_1462,8,East_exit,8,6
dl_1462,6,West_exit,6,4
dl_1462,7,East_exit,7,5
dl_1462,15,West_exit,15,10
dl_1462,16,East_exit,16,11
dl_1462,9,West_exit,9,6
dl_1462,12,West_exit,12,8
dl_1462,13,East_exit,13,9
dl_1462,3,East_exit,3,3
dl_1462,4,East_exit,4,3
dl_1463,16,,,
dl_1463,18,West_exit,18,12
dl_1463,19,East_exit,19,13
dl_1463,24,East_exit,24,17
dl_1463,25,West_exit,25,16
dl_1463,26,West_exit,26,17
dl_1463,21,East_exit,21,15
dl_1463,22,West_exit,22,14
dl_1463,8,East_exit,8,6
dl_1463,6,West_exit,6,4
dl_1463,7,East_exit,7,5
dl_1463,15,West_exit,15,10
dl_1463,16,East_exit,16,11
dl_1463,9,West_exit,9,6
dl_1463,12,West_exit,12,8
dl_1463,13,East_exit,13,9
dl_1463,3,East_exit,3,3
dl_1463,4,East_exit,4,3
dl_1464,19,,,
dl_1464,26,West_exit,26,17
dl_1464,18,West_exit,18,12
dl_1464,19,East_exit,19,13
dl_1464,14,East_exit,14,10
dl_1464,5,East_exit,5,4
dl_1464,8,East_exit,8,6
dl_1464,6,West_exit,6,4
dl_1464,7,East_exit,7,5
dl_1464,9,West_exit,9,6
dl_1464,3,East_exit,3,3
dl_1464,4,East_exit,4,3
dl_1464,15,West_exit,15,10
dl_1464,12,West_exit,12,8
dl_1464,13,East_exit,13,9
dl_1464,21,East_exit,21,15
dl_1464,22,West_exit,22,14
dl_1464,24,East_exit,24,17
dl_1464,25,West_exit,25,16
dl_1464,27,West_exit,27,18
dl_1464,28,West_exit,28,18
dl_1465,17,,,
dl_1465,18,West_exit,18,12
dl_1465,19,East_exit,19,13
dl_1465,14,East_exit,14,10
dl_1465,5,East_exit,5,4
dl_1465,8,East_exit,8,6
dl_1465,6,West_exit,6,4
dl_1465,7,East_exit,7,5
dl_1465,9,West_exit,9,6
dl_1465,3,East_exit,3,3
dl_1465,4,East_exit,4,3
dl_1465,15,West_exit,15,10
dl_1465,12,West_exit,12,8
dl_1465,13,East_exit,13,9
dl_1465,21,East_exit,21,15
dl_1465,22,West_exit,22,14
dl_1465,24,East_exit,24,17
dl_1465,25,West_exit,25,16
dl_1465,26,West_exit,26,17
dl_1466,17,,,
dl_1466,26,West_exit,26,17
dl_1466,18,West_exit,18,12
dl_1466,19,East_exit,19,13
dl_1466,14,East_exit,14,10
dl_1466,8,East_exit,8,6
dl_1466,6,West_exit,6,4
dl_1466,7,East_exit,7,5
dl_1466,5,East_exit,5,4
dl_1466,9,West_exit,9,6
dl_1466,15,West_exit,15,10
dl_1466,12,West_exit,12,8
dl_1466,13,East_exit,13,9
dl_1466,21,East_exit,21,15
dl_1466,22,West_exit,22,14
dl_1466,24,East_exit,24,17
dl_1466,25,West_exit,25,16
dl_1466,27,West_exit,27,18
dl_1466,28,West_exit,28,18
dl_1467,15,,,
dl_1467,18,West_exit,18,12
dl_1467,19,East_exit,19,13
dl_1467,14,East_exit,14,10
dl_1467,8,East_exit,8,6
dl_1467,6,West_exit,6,4
dl_1467,7,East_exit,7,5
dl_1467,5,East_exit,5,4
dl_1467,9,West_exit,9,6
dl_1467,15,West_exit,15,10
dl_1467,12,West_exit,12,8
dl_1467,13,East_exit,13,9
dl_1467,21,East_exit,21,15
dl_1467,22,West_exit,22,14
dl_1467,24,East_exit,24,17
dl_1467,25,West_exit,25,16
dl_1467,26,West_exit,26,17
dl_1468,18,,,
dl_1468,26,West_exit,26,17
dl_1468,14,East_exit,14,10
dl_1468,18,West_exit,18,12
dl_1468,19,East_exit,19,13
dl_1468,8,East_exit,8,6
dl_1468,6,West_exit,6,4
dl_1468,7,East_exit,7,5
dl_1468,9,West_exit,9,6
dl_1468,15,West_exit,15,10
dl_1468,12,West_exit,12,8
dl_1468,13,East_exit,13,9
dl_1468,21,East_exit,21,15
dl_1468,22,West_exit,22,14
dl_1468,24,East_exit,24,17
dl_1468,25,West_exit,25,16
dl_1468,27,West_exit,27,18
dl_1468,28,West_exit,28,18
dl_1468,3,East_exit,3,3
dl_1468,4,East_exit,4,3
dl_1469,16,,,
dl_1469,14,East_exit,14,10
dl_1469,18,West_exit,18,12
dl_1469,19,East_exit,19,13
dl_1469,8,East_exit,8,6
dl_1469,6,West_exit,6,4
dl_1469,7,East_exit,7,5
dl_1469,9,West_exit,9,6
dl_1469,15,West_exit,15,10
dl_1469,12,West_exit,12,8
dl_1469,13,East_exit,13,9
dl_1469,21,East_exit,21,15
dl_1469,22,West_exit,22,14
dl_1469,24,East_exit,24,17
dl_1469,25,West_exit,25,16
dl_1469,26,West_exit,26,17
dl_1469,3,East_exit,3,3
dl_1469,4,East_exit,4,3
dl_1470,10,,,
dl_1470,5,East_exit,5,4
dl_1470,8,East_exit,8,6
dl_1470,6,West_exit,6,4
dl_1470,7,East_exit,7,5
dl_1470,12,West_exit,12,8
dl_1470,11,East_exit,11,8
dl_1470,14,West_exit,14,9
dl_1470,9,West_exit,9,6
dl_1470,10,East_exit,10,7
dl_1470,3,East_exit,3,3
dl_1470,4,East_exit,4,3
dl_1471,8,,,
dl_1471,8,East_exit,8,6
dl_1471,6,West_exit,6,4
dl_1471,7,East_exit,7,5
dl_1471,5,East_exit,5,4
dl_1471,12,West_exit,12,8
dl_1471,11,East_exit,11,8
dl_1471,14,West_exit,14,9
dl_1471,9,West_exit,9,6
dl_1471,10,East_exit,10,7
dl_1472,9,,,
dl_1472,8,East_exit,8,6
dl_1472,6,West_exit,6,4
dl_1472,7,East_exit,7,5
dl_1472,12,West_exit,12,8
dl_1472,11,East_exit,11,8
dl_1472,14,West_exit,14,9
dl_1472,9,West_exit,9,6
dl_1472,10,East_exit,10,7
dl_1472,3,East_exit,3,3
dl_1472,4,East_exit,4,3
dl_1473,9,,,
dl_1473,5,East_exit,5,4
dl_1473,6,West_exit,6,4
dl_1473,8,East_exit,8,6
dl_1473,12,West_exit,12,8
dl_1473,11,East_exit,11,8
dl_1473,14,West_exit,14,9
dl_1473,9,West_exit,9,6
dl_1473,10,East_exit,10,7
dl_1473,3,East_exit,3,3
dl_1473,4,East_exit,4,3
dl_1474,5,,,
dl_1474,12,West_exit,12,8
dl_1474,11,East_exit,11,8
dl_1474,14,West_exit,14,9
dl_1474,9,West_exit,9,6
dl_1474,10,East_exit,10,7
dl_1474,8,East_exit,8,6
dl_1475,12,,,
dl_1475,15,West_exit,15,10
dl_1475,16,East_exit,16,11
dl_1475,17,West_exit,17,11
dl_1475,5,East_exit,5,4
dl_1475,8,East_exit,8,6
dl_1475,6,West_exit,6,4
dl_1475,7,East_exit,7,5
dl_1475,12,West_exit,12,8
dl_1475,11,East_exit,11,8
dl_1475,9,West_exit,9,6
dl_1475,10,East_exit,10,7
dl_1475,3,East_exit,3,3
dl_1475,4,East_exit,4,3
dl_1476,10,,,
dl_1476,15,West_exit,15,10
dl_1476,16,East_exit,16,11
dl_1476,17,West_exit,17,11
dl_1476,8,East_exit,8,6
dl_1476,6,West_exit,6,4
dl_1476,7,East_exit,7,5
dl_1476,5,East_exit,5,4
dl_1476,12,West_exit,12,8
dl_1476,11,East_exit,11,8
dl_1476,9,West_exit,9,6
dl_1476,10,East_exit,10,7
dl_1477,11,,,
dl_1477,15,West_exit,15,10
dl_1477,16,East_exit,16,11
dl_1477,17,West_exit,17,11
dl_1477,8,East_exit,8,6
dl_1477,6,West_exit,6,4
dl_1477,7,East_exit,7,5
dl_1477,12,West_exit,12,8
dl_1477,11,East_exit,11,8
dl_1477,9,West_exit,9,6
dl_1477,10,East_exit,10,7
dl_1477,3,East_exit,3,3
dl_1477,4,East_exit,4,3
dl_1478,7,,,
dl_1478,15,West_exit,15,10
dl_1478,16,East_exit,16,11
dl_1478,17,West_exit,17,11
dl_1478,11,East_exit,11,8
dl_1478,12,West_exit,12,8
dl_1478,9,West_exit,9,6
dl_1478,10,East_exit,10,7
dl_1478,8,East_exit,8,6
dl_1479,9,,,
dl_1479,5,East_exit,5,4
dl_1479,11,East_exit,11,8
dl_1479,12,West_exit,12,8
dl_1479,14,West_exit,14,9
dl_1479,9,West_exit,9,6
dl_1479,10,East_exit,10,7
dl_1479,6,West_exit,6,4
dl_1479,7,East_exit,7,5
dl_1479,3,East_exit,3,3
dl_1479,4,East_exit,4,3
dl_1480,7,,,
dl_1480,11,East_exit,11,8
dl_1480,12,West_exit,12,8
dl_1480,14,West_exit,14,9
dl_1480,9,West_exit,9,6
dl_1480,10,East_exit,10,7
dl_1480,6,West_exit,6,4
dl_1480,7,East_exit,7,5
dl_1480,5,East_exit,5,4
dl_1481,11,,,
dl_1481,5,East_exit,5,4
dl_1481,11,East_exit,11,8
dl_1481,15,West_exit,15,10
dl_1481,16,East_exit,16,11
dl_1481,17,West_exit,17,11
dl_1481,12,West_exit,12,8
dl_1481,9,West_exit,9,6
dl_1481,10,East_exit,10,7
dl_1481,6,West_exit,6,4
dl_1481,7,East_exit,7,5
dl_1481,3,East_exit,3,3
dl_1481,4,East_exit,4,3
dl_1482,9,,,
dl_1482,11,East_exit,11,8
dl_1482,15,West_exit,15,10
dl_1482,16,East_exit,16,11
dl_1482,17,West_exit,17,11
dl_1482,12,West_exit,12,8
dl_1482,9,West_exit,9,6
dl_1482,10,East_exit,10,7
dl_1482,6,West_exit,6,4
dl_1482,7,East_exit,7,5
dl_1482,5,East_exit,5,4
dl_1483,8,,,
dl_1483,11,East_exit,11,8
dl_1483,12,West_exit,12,8
dl_1483,14,West_exit,14,9
dl_1483,9,West_exit,9,6
dl_1483,10,East_exit,10,7
dl_1483,6,West_exit,6,4
dl_1483,7,East_exit,7,5
dl_1483,3,East_exit,3,3
dl_1483,4,East_exit,4,3
dl_1484,10,,,
dl_1484,11,East_exit,11,8
dl_1484,15,West_exit,15,10
dl_1484,16,East_exit,16,11
dl_1484,17,West_exit,17,11
dl_1484,12,West_exit,12,8
dl_1484,9,West_exit,9,6
dl_1484,10,East_exit,10,7
dl_1484,6,West_exit,6,4
dl_1484,7,East_exit,7,5
dl_1484,3,East_exit,3,3
dl_1484,4,East_exit,4,3
dl_1485,14,,,
dl_1485,5,East_exit,5,4
dl_1485,18,West_exit,18,12
dl_1485,19,East_exit,19,13
dl_1485,20,West_exit,20,13
dl_1485,11,East_exit,11,8
dl_1485,12,West_exit,12,8
dl_1485,15,West_exit,15,10
dl_1485,16,East_exit,16,11
dl_1485,9,West_exit,9,6
dl_1485,10,East_exit,10,7
dl_1485,8,East_exit,8,6
dl_1485,6,West_exit,6,4
dl_1485,7,East_exit,7,5
dl_1485,3,East_exit,3,3
dl_1485,4,East_exit,4,3
dl_1486,12,,,
dl_1486,8,East_exit,8,6
dl_1486,6,West_exit,6,4
dl_1486,7,East_exit,7,5
dl_1486,5,East_exit,5,4
dl_1486,18,West_exit,18,12
dl_1486,19,East_exit,19,13
dl_1486,20,West_exit,20,13
dl_1486,11,East_exit,11,8
dl_1486,12,West_exit,12,8
dl_1486,15,West_exit,15,10
dl_1486,16,East_exit,16,11
dl_1486,9,West_exit,9,6
dl_1486,10,East_exit,10,7
dl_1487,13,,,
dl_1487,18,West_exit,18,12
dl_1487,19,East_exit,19,13
dl_1487,20,West_exit,20,13
dl_1487,8,East_exit,8,6
dl_1487,6,West_exit,6,4
dl_1487,7,East_exit,7,5
dl_1487,11,East_exit,11,8
dl_1487,12,West_exit,12,8
dl_1487,15,West_exit,15,10
dl_1487,16,East_exit,16,11
dl_1487,9,West_exit,9,6
dl_1487,10,East_exit,10,7
dl_1487,3,East_exit,3,3
dl_1487,4,East_exit,4,3
dl_1488,9,,,
dl_1488,18,West_exit,18,12
dl_1488,19,East_exit,19,13
dl_1488,20,West_exit,20,13
dl_1488,11,East_exit,11,8
dl_1488,12,West_exit,12,8
dl_1488,15,West_exit,15,10
dl_1488,16,East_exit,16,11
dl_1488,9,West_exit,9,6
dl_1488,10,East_exit,10,7
dl_1488,8,East_exit,8,6
dl_1489,13,,,
dl_1489,18,West_exit,18,12
dl_1489,19,East_exit,19,13
dl_1489,20,West_exit,20,13
dl_1489,11,East_exit,11,8
dl_1489,5,East_exit,5,4
dl_1489,6,West_exit,6,4
dl_1489,7,East_exit,7,5
dl_1489,3,East_exit,3,3
dl_1489,4,East_exit,4,3
dl_1489,12,West_exit,12,8
dl_1489,9,West_exit,9,6
dl_1489,10,East_exit,10,7
dl_1489,15,West_exit,15,10
dl_1489,16,East_exit,16,11
dl_1490,11,,,
dl_1490,11,East_exit,11,8
dl_1490,18,West_exit,18,12
dl_1490,19,East_exit,19,13
dl_1490,20,West_exit,20,13
dl_1490,12,West_exit,12,8
dl_1490,15,West_exit,15,10
dl_1490,16,East_exit,16,11
dl_1490,9,West_exit,9,6
dl_1490,10,East_exit,10,7
dl_1490,6,West_exit,6,4
dl_1490,7,East_exit,7,5
dl_1490,5,East_exit,5,4
dl_1491,12,,,
dl_1491,18,West_exit,18,12
dl_1491,19,East_exit,19,13
dl_1491,20,West_exit,20,13
dl_1491,11,East_exit,11,8
dl_1491,12,West_exit,12,8
dl_1491,15,West_exit,15,10
dl_1491,16,East_exit,16,11
dl_1491,9,West_exit,9,6
dl_1491,10,East_exit,10,7
dl_1491,6,West_exit,6,4
dl_1491,7,East_exit,7,5
dl_1491,3,East_exit,3,3
dl_1491,4,East_exit,4,3
dl_1492,16,,,
dl_1492,21,East_exit,21,15
dl_1492,22,West_exit,22,14
dl_1492,23,West_exit,23,15
dl_1492,18,West_exit,18,12
dl_1492,19,East_exit,19,13
dl_1492,5,East_exit,5,4
dl_1492,8,East_exit,8,6
dl_1492,6,West_exit,6,4
dl_1492,7,East_exit,7,5
dl_1492,12,West_exit,12,8
dl_1492,11,East_exit,11,8
dl_1492,9,West_exit,9,6
dl_1492,10,East_exit,10,7
dl_1492,3,East_exit,3,3
dl_1492,4,East_exit,4,3
dl_1492,15,West_exit,15,10
dl_1492,16,East_exit,16,11
dl_1493,14,,,
dl_1493,21,East_exit,21,15
dl_1493,22,West_exit,22,14
dl_1493,23,West_exit,23,15
dl_1493,18,West_exit,18,12
dl_1493,19,East_exit,19,13
dl_1493,8,East_exit,8,6
dl_1493,6,West_exit,6,4
dl_1493,7,East_exit,7,5
dl_1493,5,East_exit,5,4
dl_1493,12,West_exit,12,8
dl_1493,11,East_exit,11,8
dl_1493,9,West_exit,9,6
dl_1493,10,East_exit,10,7
dl_1493,15,West_exit,15,10
dl_1493,16,East_exit,16,11
dl_1494,15,,,
dl_1494,8,East_exit,8,6
dl_1494,21,East_exit,21,15
dl_1494,22,West_exit,22,14
dl_1494,23,West_exit,23,15
dl_1494,18,West_exit,18,12
dl_1494,19,East_exit,19,13
dl_1494,6,West_exit,6,4
dl_1494,7,East_exit,7,5
dl_1494,12,West_exit,12,8
dl_1494,11,East_exit,11,8
dl_1494,9,West_exit,9,6
dl_1494,10,East_exit,10,7
dl_1494,15,West_exit,15,10
dl_1494,16,East_exit,16,11
dl_1494,3,East_exit,3,3
dl_1494,4,East_exit,4,3
dl_1495,11,,,
dl_1495,18,West_exit,18,12
dl_1495,19,East_exit,19,13
dl_1495,21,East_exit,21,15
dl_1495,22,West_exit,22,14
dl_1495,23,West_exit,23,15
dl_1495,11,East_exit,11,8
dl_1495,12,West_exit,12,8
dl_1495,15,West_exit,15,10
dl_1495,16,East_exit,16,11
dl_1495,9,West_exit,9,6
dl_1495,10,East_exit,10,7
dl_1495,8,East_exit,8,6
dl_1496,15,,,
dl_1496,18,West_exit,18,12
dl_1496,19,East_exit,19,13
dl_1496,21,East_exit,21,15
dl_1496,22,West_exit,22,14
dl_1496,23,West_exit,23,15
dl_1496,11,East_exit,11,8
dl_1496,5,East_exit,5,4
dl_1496,6,West_exit,6,4
dl_1496,7,East_exit,7,5
dl_1496,3,East_exit,3,3
dl_1496,4,East_exit,4,3
dl_1496,12,West_exit,12,8
dl_1496,9,West_exit,9,6
dl_1496,10,East_exit,10,7
dl_1496,15,West_exit,15,10
dl_1496,16,East_exit,16,11
dl_1497,13,,,
dl_1497,11,East_exit,11,8
dl_1497,18,West_exit,18,12
dl_1497,19,East_exit,19,13
dl_1497,21,East_exit,21,15
dl_1497,22,West_exit,22,14
dl_1497,23,West_exit,23,15
dl_1497,12,West_exit,12,8
dl_1497,15,West_exit,15,10
dl_1497,16,East_exit,16,11
dl_1497,9,West_exit,9,6
dl_1497,10,East_exit,10,7
dl_1497,6,West_exit,6,4
dl_1497,7,East_exit,7,5
dl_1497,5,East_exit,5,4
dl_1498,14,,,
dl_1498,11,East_exit,11,8
dl_1498,18,West_exit,18,12
dl_1498,19,East_exit,19,13
dl_1498,21,East_exit,21,15
dl_1498,22,West_exit,22,14
dl_1498,23,West_exit,23,15
dl_1498,12,West_exit,12,8
dl_1498,15,West_exit,15,10
dl_1498,16,East_exit,16,11
dl_1498,9,West_exit,9,6
dl_1498,10,East_exit,10,7
dl_1498,6,West_exit,6,4
dl_1498,7,East_exit,7,5
dl_1498,3,East_exit,3,3
dl_1498,4,East_exit,4,3
dl_1499,12,,,
dl_1499,5,East_exit,5,4
dl_1499,8,East_exit,8,6
dl_1499,6,West_exit,6,4
dl_1499,7,East_exit,7,5
dl_1499,15,West_exit,15,10
dl_1499,14,East_exit,14,10
dl_1499,17,West_exit,17,11
dl_1499,12,West_exit,12,8
dl_1499,11,East_exit,11,8
dl_1499,9,West_exit,9,6
dl_1499,10,East_exit,10,7
dl_1499,3,East_exit,3,3
dl_1499,4,East_exit,4,3
dl_1500,10,,,
dl_1500,8,East_exit,8,6
dl_1500,6,West_exit,6,4
dl_1500,7,East_exit,7,5
dl_1500,5,East_exit,5,4
dl_1500,15,West_exit,15,10
dl_1500,14,East_exit,14,10
dl_1500,17,West_exit,17,11
dl_1500,12,West_exit,12,8
dl_1500,11,East_exit,11,8
dl_1500,9,West_exit,9,6
dl_1500,10,East_exit,10,7
dl_1501,11,,,
dl_1501,8,East_exit,8,6
dl_1501,6,West_exit,6,4
dl_1501,7,East_exit,7,5
dl_1501,15,West_exit,15,10
dl_1501,14,East_exit,14,10
dl_1501,17,West_exit,17,11
dl_1501,12,West_exit,12,8
dl_1501,11,East_exit,11,8
dl_1501,9,West_exit,9,6
dl_1501,10,East_exit,10,7
dl_1501,3,East_exit,3,3
dl_1501,4,East_exit,4,3
dl_1502,7,,,
dl_1502,15,West_exit,15,10
dl_1502,14,East_exit,14,10
dl_1502,17,West_exit,17,11
dl_1502,11,East_exit,11,8
dl_1502,12,West_exit,12,8
dl_1502,9,West_exit,9,6
dl_1502,10,East_exit,10,7
dl_1502,8,East_exit,8,6
dl_1503,11,,,
dl_1503,5,East_exit,5,4
dl_1503,11,East_exit,11,8
dl_1503,15,West_exit,15,10
dl_1503,14,East_exit,14,10
dl_1503,12,West_exit,12,8
dl_1503,17,West_exit,17,11
dl_1503,9,West_exit,9,6
dl_1503,10,East_exit,10,7
dl_1503,6,West_exit,6,4
dl_1503,7,East_exit,7,5
dl_1503,3,East_exit,3,3
dl_1503,4,East_exit,4,3
dl_1504,9,,,
dl_1504,11,East_exit,11,8
dl_1504,15,West_exit,15,10
dl_1504,14,East_exit,14,10
dl_1504,12,West_exit,12,8
dl_1504,17,West_exit,17,11
dl_1504,9,West_exit,9,6
dl_1504,10,East_exit,10,7
dl_1504,6,West_exit,6,4
dl_1504,7,East_exit,7,5
dl_1504,5,East_exit,5,4
dl_1505,10,,,
dl_1505,11,East_exit,11,8
dl_1505,15,West_exit,15,10
dl_1505,14,East_exit,14,10
dl_1505,12,West_exit,12,8
dl_1505,17,West_exit,17,11
dl_1505,9,West_exit,9,6
dl_1505,10,East_exit,10,7
dl_1505,6,West_exit,6,4
dl_1505,7,East_exit,7,5
dl_1505,3,East_exit,3,3
dl_1505,4,East_exit,4,3
dl_1506,14,,,
dl_1506,18,West_exit,18,12
dl_1506,19,East_exit,19,13
dl_1506,20,West_exit,20,13
dl_1506,5,East_exit,5,4
dl_1506,8,East_exit,8,6
dl_1506,6,West_exit,6,4
dl_1506,7,East_exit,7,5
dl_1506,15,West_exit,15,10
dl_1506,14,East_exit,14,10
dl_1506,12,West_exit,12,8
dl_1506,11,East_exit,11,8
dl_1506,9,West_exit,9,6
dl_1506,10,East_exit,10,7
dl_1506,3,East_exit,3,3
dl_1506,4,East_exit,4,3
dl_1507,12,,,
dl_1507,18,West_exit,18,12
dl_1507,19,East_exit,19,13
dl_1507,20,West_exit,20,13
dl_1507,8,East_exit,8,6
dl_1507,6,West_exit,6,4
dl_1507,7,East_exit,7,5
dl_1507,5,East_exit,5,4
dl_1507,15,West_exit,15,10
dl_1507,14,East_exit,14,10
dl_1507,12,West_exit,12,8
dl_1507,11,East_exit,11,8
dl_1507,9,West_exit,9,6
dl_1507,10,East_exit,10,7
dl_1508,13,,,
dl_1508,18,West_exit,18,12
dl_1508,19,East_exit,19,13
dl_1508,20,West_exit,20,13
dl_1508,8,East_exit,8,6
dl_1508,6,West_exit,6,4
dl_1508,7,East_exit,7,5
dl_1508,15,West_exit,15,10
dl_1508,14,East_exit,14,10
dl_1508,12,West_exit,12,8
dl_1508,11,East_exit,11,8
dl_1508,9,West_exit,9,6
dl_1508,10,East_exit,10,7
dl_1508,3,East_exit,3,3
dl_1508,4,East_exit,4,3
dl_1509,9,,,
dl_1509,11,East_exit,11,8
dl_1509,9,West_exit,9,6
dl_1509,10,East_exit,10,7
dl_1509,8,East_exit,8,6
dl_1509,12,West_exit,12,8
dl_1509,14,East_exit,14,10
dl_1509,18,West_exit,18,12
dl_1509,19,East_exit,19,13
dl_1509,20,West_exit,20,13
dl_1509,15,West_exit,15,10
dl_1510,13,,,
dl_1510,18,West_exit,18,12
dl_1510,19,East_exit,19,13
dl_1510,20,West_exit,20,13
dl_1510,5,East_exit,5,4
dl_1510,11,East_exit,11,8
dl_1510,15,West_exit,15,10
dl_1510,14,East_exit,14,10
dl_1510,12,West_exit,12,8
dl_1510,9,West_exit,9,6
dl_1510,10,East_exit,10,7
dl_1510,6,West_exit,6,4
dl_1510,7,East_exit,7,5
dl_1510,3,East_exit,3,3
dl_1510,4,East_exit,4,3
dl_1511,11,,,
dl_1511,18,West_exit,18,12
dl_1511,19,East_exit,19,13
dl_1511,20,West_exit,20,13
dl_1511,11,East_exit,11,8
dl_1511,15,West_exit,15,10
dl_1511,14,East_exit,14,10
dl_1511,12,West_exit,12,8
dl_1511,9,West_exit,9,6
dl_1511,10,East_exit,10,7
dl_1511,6,West_exit,6,4
dl_1511,7,East_exit,7,5
dl_1511,5,East_exit,5,4
dl_1512,12,,,
dl_1512,18,West_exit,18,12
dl_1512,19,East_exit,19,13
dl_1512,20,West_exit,20,13
dl_1512,11,East_exit,11,8
dl_1512,15,West_exit,15,10
dl_1512,14,East_exit,14,10
dl_1512,12,West_exit,12,8
dl_1512,9,West_exit,9,6
dl_1512,10,East_exit,10,7
dl_1512,6,West_exit,6,4
dl_1512,7,East_exit,7,5
dl_1512,3,East_exit,3,3
dl_1512,4,East_exit,4,3
dl_1513,16,,,
dl_1513,5,East_exit,5,4
dl_1513,21,East_exit,21,15
dl_1513,22,West_exit,22,14
dl_1513,23,West_exit,23,15
dl_1513,14,East_exit,14,10
dl_1513,15,West_exit,15,10
dl_1513,18,West_exit,18,12
dl_1513,19,East_exit,19,13
dl_1513,8,East_exit,8,6
dl_1513,6,West_exit,6,4
dl_1513,7,East_exit,7,5
dl_1513,12,West_exit,12,8
dl_1513,11,East_exit,11,8
dl_1513,9,West_exit,9,6
dl_1513,10,East_exit,10,7
dl_1513,3,East_exit,3,3
dl_1513,4,East_exit,4,3
dl_1514,14,,,
dl_1514,8,East_exit,8,6
dl_1514,6,West_exit,6,4
dl_1514,7,East_exit,7,5
dl_1514,5,East_exit,5,4
dl_1514,21,East_exit,21,15
dl_1514,22,West_exit,22,14
dl_1514,23,West_exit,23,15
dl_1514,14,East_exit,14,10
dl_1514,15,West_exit,15,10
dl_1514,18,West_exit,18,12
dl_1514,19,East_exit,19,13
dl_1514,12,West_exit,12,8
dl_1514,11,East_exit,11,8
dl_1514,9,West_exit,9,6
dl_1514,10,East_exit,10,7
dl_1515,15,,,
dl_1515,21,East_exit,21,15
dl_1515,22,West_exit,22,14
dl_1515,23,West_exit,23,15
dl_1515,8,East_exit,8,6
dl_1515,6,West_exit,6,4
dl_1515,7,East_exit,7,5
dl_1515,14,East_exit,14,10
dl_1515,15,West_exit,15,10
dl_1515,18,West_exit,18,12
dl_1515,19,East_exit,19,13
dl_1515,12,West_exit,12,8
dl_1515,11,East_exit,11,8
dl_1515,9,West_exit,9,6
dl_1515,10,East_exit,10,7
dl_1515,3,East_exit,3,3
dl_1515,4,East_exit,4,3
dl_1516,11,,,
dl_1516,21,East_exit,21,15
dl_1516,22,West_exit,22,14
dl_1516,23,West_exit,23,15
dl_1516,11,East_exit,11,8
dl_1516,9,West_exit,9,6
dl_1516,10,East_exit,10,7
dl_1516,8,East_exit,8,6
dl_1516,15,West_exit,15,10
dl_1516,14,East_exit,14,10
dl_1516,12,West_exit,12,8
dl_1516,18,West_exit,18,12
dl_1516,19,East_exit,19,13
dl_1517,15,,,
dl_1517,5,East_exit,5,4
dl_1517,6,West_exit,6,4
dl_1517,7,East_exit,7,5
dl_1517,3,East_exit,3,3
dl_1517,4,East_exit,4,3
dl_1517,21,East_exit,21,15
dl_1517,22,West_exit,22,14
dl_1517,23,West_exit,23,15
dl_1517,18,West_exit,18,12
dl_1517,19,East_exit,19,13
dl_1517,11,East_exit,11,8
dl_1517,15,West_exit,15,10
dl_1517,14,East_exit,14,10
dl_1517,12,West_exit,12,8
dl_1517,9,West_exit,9,6
dl_1517,10,East_exit,10,7
dl_1518,13,,,
dl_1518,21,East_exit,21,15
dl_1518,22,West_exit,22,14
dl_1518,23,West_exit,23,15
dl_1518,18,West_exit,18,12
dl_1518,19,East_exit,19,13
dl_1518,11,East_exit,11,8
dl_1518,15,West_exit,15,10
dl_1518,14,East_exit,14,10
dl_1518,12,West_exit,12,8
dl_1518,9,West_exit,9,6
dl_1518,10,East_exit,10,7
dl_1518,6,West_exit,6,4
dl_1518,7,East_exit,7,5
dl_1518,5,East_exit,5,4
dl_1519,14,,,
dl_1519,21,East_exit,21,15
dl_1519,22,West_exit,22,14
dl_1519,23,West_exit,23,15
dl_1519,11,East_exit,11,8
dl_1519,9,West_exit,9,6
dl_1519,10,East_exit,10,7
dl_1519,15,West_exit,15,10
dl_1519,14,East_exit,14,10
dl_1519,12,West_exit,12,8
dl_1519,18,West_exit,18,12
dl_1519,19,East_exit,19,13
dl_1519,6,West_exit,6,4
dl_1519,7,East_exit,7,5
dl_1519,3,East_exit,3,3
dl_1519,4,East_exit,4,3
dl_1520,20,,,
dl_1520,26,West_exit,26,17
dl_1520,5,East_exit,5,4
dl_1520,18,West_exit,18,12
dl_1520,19,East_exit,19,13
dl_1520,11,East_exit,11,8
dl_1520,12,West_exit,12,8
dl_1520,15,West_exit,15,10
dl_1520,16,East_exit,16,11
dl_1520,9,West_exit,9,6
dl_1520,10,East_exit,10,7
dl_1520,8,East_exit,8,6
dl_1520,6,West_exit,6,4
dl_1520,7,East_exit,7,5
dl_1520,3,East_exit,3,3
dl_1520,4,East_exit,4,3
dl_1520,21,East_exit,21,15
dl_1520,22,West_exit,22,14
dl_1520,24,East_exit,24,17
dl_1520,25,West_exit,25,16
dl_1520,27,West_exit,27,18
dl_1520,28,West_exit,28,18
dl_1521,18,,,
dl_1521,26,West_exit,26,17
dl_1521,8,East_exit,8,6
dl_1521,6,West_exit,6,4
dl_1521,7,East_exit,7,5
dl_1521,5,East_exit,5,4
dl_1521,18,West_exit,18,12
dl_1521,19,East_exit,19,13
dl_1521,11,East_exit,11,8
dl_1521,12,West_exit,12,8
dl_1521,15,West_exit,15,10
dl_1521,16,East_exit,16,11
dl_1521,9,West_exit,9,6
dl_1521,10,East_exit,10,7
dl_1521,21,East_exit,21,15
dl_1521,22,West_exit,22,14
dl_1521,24,East_exit,24,17
dl_1521,25,West_exit,25,16
dl_1521,27,West_exit,27,18
dl_1521,28,West_exit,28,18
dl_1522,18,,,
dl_1522,5,East_exit,5,4
dl_1522,18,West_exit,18,12
dl_1522,19,East_exit,19,13
dl_1522,11,East_exit,11,8
dl_1522,12,West_exit,12,8
dl_1522,15,West_exit,15,10
dl_1522,16,East_exit,16,11
dl_1522,9,West_exit,9,6
dl_1522,10,East_exit,10,7
dl_1522,8,East_exit,8,6
dl_1522,6,West_exit,6,4
dl_1522,7,East_exit,7,5
dl_1522,3,East_exit,3,3
dl_1522,4,East_exit,4,3
dl_1522,21,East_exit,21,15
dl_1522,22,West_exit,22,14
dl_1522,24,East_exit,24,17
dl_1522,25,West_exit,25,16
dl_1522,26,West_exit,26,17
dl_1523,16,,,
dl_1523,8,East_exit,8,6
dl_1523,6,West_exit,6,4
dl_1523,7,East_exit,7,5
dl_1523,5,East_exit,5,4
dl_1523,18,West_exit,18,12
dl_1523,19,East_exit,19,13
dl_1523,11,East_exit,11,8
dl_1523,12,West_exit,12,8
dl_1523,15,West_exit,15,10
dl_1523,16,East_exit,16,11
dl_1523,9,West_exit,9,6
dl_1523,10,East_exit,10,7
dl_1523,21,East_exit,21,15
dl_1523,22,West_exit,22,14
dl_1523,24,East_exit,24,17
dl_1523,25,West_exit,25,16
dl_1523,26,West_exit,26,17
dl_1524,19,,,
dl_1524,26,West_exit,26,17
dl_1524,8,East_exit,8,6
dl_1524,6,West_exit,6,4
dl_1524,7,East_exit,7,5
dl_1524,18,West_exit,18,12
dl_1524,19,East_exit,19,13
dl_1524,11,East_exit,11,8
dl_1524,12,West_exit,12,8
dl_1524,15,West_exit,15,10
dl_1524,16,East_exit,16,11
dl_1524,9,West_exit,9,6
dl_1524,10,East_exit,10,7
dl_1524,21,East_exit,21,15
dl_1524,22,West_exit,22,14
dl_1524,24,East_exit,24,17
dl_1524,25,West_exit,25,16
dl_1524,27,West_exit,27,18
dl_1524,28,West_exit,28,18
dl_1524,3,East_exit,3,3
dl_1524,4,East_exit,4,3
dl_1525,17,,,
dl_1525,8,East_exit,8,6
dl_1525,6,West_exit,6,4
dl_1525,7,East_exit,7,5
dl_1525,18,West_exit,18,12
dl_1525,19,East_exit,19,13
dl_1525,11,East_exit,11,8
dl_1525,12,West_exit,12,8
dl_1525,15,West_exit,15,10
dl_1525,16,East_exit,16,11
dl_1525,9,West_exit,9,6
dl_1525,10,East_exit,10,7
dl_1525,21,East_exit,21,15
dl_1525,22,West_exit,22,14
dl_1525,24,East_exit,24,17
dl_1525,25,West_exit,25,16
dl_1525,26,West_exit,26,17
dl_1525,3,East_exit,3,3
dl_1525,4,East_exit,4,3
dl_1526,19,,,
dl_1526,18,West_exit,18,12
dl_1526,19,East_exit,19,13
dl_1526,11,East_exit,11,8
dl_1526,12,West_exit,12,8
dl_1526,15,West_exit,15,10
dl_1526,16,East_exit,16,11
dl_1526,9,West_exit,9,6
dl_1526,10,East_exit,10,7
dl_1526,8,East_exit,8,6
dl_1526,26,West_exit,26,17
dl_1526,24,East_exit,24,17
dl_1526,25,West_exit,25,16
dl_1526,27,West_exit,27,18
dl_1526,28,West_exit,28,18
dl_1526,21,East_exit,21,15
dl_1526,22,West_exit,22,14
dl_1526,5,East_exit,5,4
dl_1526,6,West_exit,6,4
dl_1526,3,East_exit,3,3
dl_1526,4,East_exit,4,3
dl_1527,17,,,
dl_1527,18,West_exit,18,12
dl_1527,19,East_exit,19,13
dl_1527,11,East_exit,11,8
dl_1527,12,West_exit,12,8
dl_1527,15,West_exit,15,10
dl_1527,16,East_exit,16,11
dl_1527,9,West_exit,9,6
dl_1527,10,East_exit,10,7
dl_1527,8,East_exit,8,6
dl_1527,21,East_exit,21,15
dl_1527,22,West_exit,22,14
dl_1527,24,East_exit,24,17
dl_1527,25,West_exit,25,16
dl_1527,26,West_exit,26,17
dl_1527,5,East_exit,5,4
dl_1527,6,West_exit,6,4
dl_1527,3,East_exit,3,3
dl_1527,4,East_exit,4,3
dl_1528,17,,,
dl_1528,8,East_exit,8,6
dl_1528,26,West_exit,26,17
dl_1528,18,West_exit,18,12
dl_1528,19,East_exit,19,13
dl_1528,11,East_exit,11,8
dl_1528,12,West_exit,12,8
dl_1528,15,West_exit,15,10
dl_1528,16,East_exit,16,11
dl_1528,9,West_exit,9,6
dl_1528,10,East_exit,10,7
dl_1528,21,East_exit,21,15
dl_1528,22,West_exit,22,14
dl_1528,24,East_exit,24,17
dl_1528,25,West_exit,25,16
dl_1528,27,West_exit,27,18
dl_1528,28,West_exit,28,18
dl_1528,6,East_exit,6,5
dl_1528,7,East_exit,7,5
dl_1529,15,,,
dl_1529,26,West_exit,26,17
dl_1529,18,West_exit,18,12
dl_1529,19,East_exit,19,13
dl_1529,11,East_exit,11,8
dl_1529,12,West_exit,12,8
dl_1529,15,West_exit,15,10
dl_1529,16,East_exit,16,11
dl_1529,9,West_exit,9,6
dl_1529,10,East_exit,10,7
dl_1529,8,East_exit,8,6
dl_1529,21,East_exit,21,15
dl_1529,22,West_exit,22,14
dl_1529,24,East_exit,24,17
dl_1529,25,West_exit,25,16
dl_1529,27,West_exit,27,18
dl_1529,28,West_exit,28,18
dl_1530,13,,,
dl_1530,18,West_exit,18,12
dl_1530,19,East_exit,19,13
dl_1530,11,East_exit,11,8
dl_1530,12,West_exit,12,8
dl_1530,15,West_exit,15,10
dl_1530,16,East_exit,16,11
dl_1530,9,West_exit,9,6
dl_1530,10,East_exit,10,7
dl_1530,8,East_exit,8,6
dl_1530,21,East_exit,21,15
dl_1530,22,West_exit,22,14
dl_1530,24,East_exit,24,17
dl_1530,25,West_exit,25,16
dl_1530,26,West_exit,26,17
dl_1531,19,,,
dl_1531,18,West_exit,18,12
dl_1531,19,East_exit,19,13
dl_1531,26,West_exit,26,17
dl_1531,24,East_exit,24,17
dl_1531,25,West_exit,25,16
dl_1531,27,West_exit,27,18
dl_1531,28,West_exit,28,18
dl_1531,21,East_exit,21,15
dl_1531,22,West_exit,22,14
dl_1531,5,East_exit,5,4
dl_1531,11,East_exit,11,8
dl_1531,12,West_exit,12,8
dl_1531,9,West_exit,9,6
dl_1531,10,East_exit,10,7
dl_1531,6,West_exit,6,4
dl_1531,7,East_exit,7,5
dl_1531,3,East_exit,3,3
dl_1531,4,East_exit,4,3
dl_1531,15,West_exit,15,10
dl_1531,16,East_exit,16,11
dl_1532,17,,,
dl_1532,18,West_exit,18,12
dl_1532,19,East_exit,19,13
dl_1532,24,East_exit,24,17
dl_1532,25,West_exit,25,16
dl_1532,26,West_exit,26,17
dl_1532,21,East_exit,21,15
dl_1532,22,West_exit,22,14
dl_1532,5,East_exit,5,4
dl_1532,11,East_exit,11,8
dl_1532,12,West_exit,12,8
dl_1532,9,West_exit,9,6
dl_1532,10,East_exit,10,7
dl_1532,6,West_exit,6,4
dl_1532,7,East_exit,7,5
dl_1532,3,East_exit,3,3
dl_1532,4,East_exit,4,3
dl_1532,15,West_exit,15,10
dl_1532,16,East_exit,16,11
dl_1533,17,,,
dl_1533,11,East_exit,11,8
dl_1533,18,West_exit,18,12
dl_1533,19,East_exit,19,13
dl_1533,12,West_exit,12,8
dl_1533,15,West_exit,15,10
dl_1533,16,East_exit,16,11
dl_1533,9,West_exit,9,6
dl_1533,10,East_exit,10,7
dl_1533,6,West_exit,6,4
dl_1533,7,East_exit,7,5
dl_1533,5,East_exit,5,4
dl_1533,26,West_exit,26,17
dl_1533,24,East_exit,24,17
dl_1533,25,West_exit,25,16
dl_1533,27,West_exit,27,18
dl_1533,28,West_exit,28,18
dl_1533,21,East_exit,21,15
dl_1533,22,West_exit,22,14
dl_1534,15,,,
dl_1534,18,West_exit,18,12
dl_1534,19,East_exit,19,13
dl_1534,24,East_exit,24,17
dl_1534,25,West_exit,25,16
dl_1534,26,West_exit,26,17
dl_1534,21,East_exit,21,15
dl_1534,22,West_exit,22,14
dl_1534,11,East_exit,11,8
dl_1534,12,West_exit,12,8
dl_1534,9,West_exit,9,6
dl_1534,10,East_exit,10,7
dl_1534,6,West_exit,6,4
dl_1534,7,East_exit,7,5
dl_1534,5,East_exit,5,4
dl_1534,15,West_exit,15,10
dl_1534,16,East_exit,16,11
dl_1535,18,,,
dl_1535,11,East_exit,11,8
dl_1535,18,West_exit,18,12
dl_1535,19,East_exit,19,13
dl_1535,12,West_exit,12,8
dl_1535,15,West_exit,15,10
dl_1535,16,East_exit,16,11
dl_1535,9,West_exit,9,6
dl_1535,10,East_exit,10,7
dl_1535,6,West_exit,6,4
dl_1535,7,East_exit,7,5
dl_1535,26,West_exit,26,17
dl_1535,24,East_exit,24,17
dl_1535,25,West_exit,25,16
dl_1535,27,West_exit,27,18
dl_1535,28,West_exit,28,18
dl_1535,21,East_exit,21,15
dl_1535,22,West_exit,22,14
dl_1535,3,East_exit,3,3
dl_1535,4,East_exit,4,3
dl_1536,16,,,
dl_1536,18,West_exit,18,12
dl_1536,19,East_exit,19,13
dl_1536,24,East_exit,24,17
dl_1536,25,West_exit,25,16
dl_1536,26,West_exit,26,17
dl_1536,21,East_exit,21,15
dl_1536,22,West_exit,22,14
dl_1536,11,East_exit,11,8
dl_1536,12,West_exit,12,8
dl_1536,9,West_exit,9,6
dl_1536,10,East_exit,10,7
dl_1536,6,West_exit,6,4
dl_1536,7,East_exit,7,5
dl_1536,15,West_exit,15,10
dl_1536,16,East_exit,16,11
dl_1536,3,East_exit,3,3
dl_1536,4,East_exit,4,3
dl_1537,20,,,
dl_1537,21,East_exit,21,15
dl_1537,22,West_exit,22,14
dl_1537,24,East_exit,24,17
dl_1537,25,West_exit,25,16
dl_1537,26,West_exit,26,17
dl_1537,27,West_exit,27,18
dl_1537,28,West_exit,28,18
dl_1537,5,East_exit,5,4
dl_1537,8,East_exit,8,6
dl_1537,6,West_exit,6,4
dl_1537,7,East_exit,7,5
dl_1537,15,West_exit,15,10
dl_1537,14,East_exit,14,10
dl_1537,12,West_exit,12,8
dl_1537,11,East_exit,11,8
dl_1537,9,West_exit,9,6
dl_1537,10,East_exit,10,7
dl_1537,3,East_exit,3,3
dl_1537,4,East_exit,4,3
dl_1537,18,West_exit,18,12
dl_1537,19,East_exit,19,13
dl_1538,18,,,
dl_1538,21,East_exit,21,15
dl_1538,22,West_exit,22,14
dl_1538,24,East_exit,24,17
dl_1538,25,West_exit,25,16
dl_1538,26,West_exit,26,17
dl_1538,27,West_exit,27,18
dl_1538,28,West_exit,28,18
dl_1538,8,East_exit,8,6
dl_1538,6,West_exit,6,4
dl_1538,7,East_exit,7,5
dl_1538,5,East_exit,5,4
dl_1538,15,West_exit,15,10
dl_1538,14,East_exit,14,10
dl_1538,12,West_exit,12,8
dl_1538,11,East_exit,11,8
dl_1538,9,West_exit,9,6
dl_1538,10,East_exit,10,7
dl_1538,18,West_exit,18,12
dl_1538,19,East_exit,19,13
dl_1539,18,,,
dl_1539,18,West_exit,18,12
dl_1539,19,East_exit,19,13
dl_1539,5,East_exit,5,4
dl_1539,8,East_exit,8,6
dl_1539,6,West_exit,6,4
dl_1539,7,East_exit,7,5
dl_1539,15,West_exit,15,10
dl_1539,14,East_exit,14,10
dl_1539,12,West_exit,12,8
dl_1539,11,East_exit,11,8
dl_1539,9,West_exit,9,6
dl_1539,10,East_exit,10,7
dl_1539,3,East_exit,3,3
dl_1539,4,East_exit,4,3
dl_1539,21,East_exit,21,15
dl_1539,22,West_exit,22,14
dl_1539,24,East_exit,24,17
dl_1539,25,West_exit,25,16
dl_1539,26,West_exit,26,17
dl_1540,16,,,
dl_1540,18,West_exit,18,12
dl_1540,19,East_exit,19,13
dl_1540,8,East_exit,8,6
dl_1540,6,West_exit,6,4
dl_1540,7,East_exit,7,5
dl_1540,5,East_exit,5,4
dl_1540,15,West_exit,15,10
dl_1540,14,East_exit,14,10
dl_1540,12,West_exit,12,8
dl_1540,11,East_exit,11,8
dl_1540,9,West_exit,9,6
dl_1540,10,East_exit,10,7
dl_1540,21,East_exit,21,15
dl_1540,22,West_exit,22,14
dl_1540,24,East_exit,24,17
dl_1540,25,West_exit,25,16
dl_1540,26,West_exit,26,17
dl_1541,19,,,
dl_1541,21,East_exit,21,15
dl_1541,22,West_exit,22,14
dl_1541,24,East_exit,24,17
dl_1541,25,West_exit,25,16
dl_1541,26,West_exit,26,17
dl_1541,27,West_exit,27,18
dl_1541,28,West_exit,28,18
dl_1541,8,East_exit,8,6
dl_1541,6,West_exit,6,4
dl_1541,7,East_exit,7,5
dl_1541,15,West_exit,15,10
dl_1541,14,East_exit,14,10
dl_1541,12,West_exit,12,8
dl_1541,11,East_exit,11,8
dl_1541,9,West_exit,9,6
dl_1541,10,East_exit,10,7
dl_1541,18,West_exit,18,12
dl_1541,19,East_exit,19,13
dl_1541,3,East_exit,3,3
dl_1541,4,East_exit,4,3
dl_1542,17,,,
dl_1542,18,West_exit,18,12
dl_1542,19,East_exit,19,13
dl_1542,8,East_exit,8,6
dl_1542,6,West_exit,6,4
dl_1542,7,East_exit,7,5
dl_1542,15,West_exit,15,10
dl_1542,14,East_exit,14,10
dl_1542,12,West_exit,12,8
dl_1542,11,East_exit,11,8
dl_1542,9,West_exit,9,6
dl_1542,10,East_exit,10,7
dl_1542,3,East_exit,3,3
dl_1542,4,East_exit,4,3
dl_1542,21,East_exit,21,15
dl_1542,22,West_exit,22,14
dl_1542,24,East_exit,24,17
dl_1542,25,West_exit,25,16
dl_1542,26,West_exit,26,17
dl_1543,19,,,
dl_1543,5,East_exit,5,4
dl_1543,6,West_exit,6,4
dl_1543,21,East_exit,21,15
dl_1543,22,West_exit,22,14
dl_1543,24,East_exit,24,17
dl_1543,25,West_exit,25,16
dl_1543,26,West_exit,26,17
dl_1543,27,West_exit,27,18
dl_1543,28,West_exit,28,18
dl_1543,8,East_exit,8,6
dl_1543,15,West_exit,15,10
dl_1543,14,East_exit,14,10
dl_1543,12,West_exit,12,8
dl_1543,11,East_exit,11,8
dl_1543,9,West_exit,9,6
dl_1543,10,East_exit,10,7
dl_1543,18,West_exit,18,12
dl_1543,19,East_exit,19,13
dl_1543,3,East_exit,3,3
dl_1543,4,East_exit,4,3
dl_1544,17,,,
dl_1544,5,East_exit,5,4
dl_1544,6,West_exit,6,4
dl_1544,18,West_exit,18,12
dl_1544,19,East_exit,19,13
dl_1544,8,East_exit,8,6
dl_1544,15,West_exit,15,10
dl_1544,14,East_exit,14,10
dl_1544,12,West_exit,12,8
dl_1544,11,East_exit,11,8
dl_1544,9,West_exit,9,6
dl_1544,10,East_exit,10,7
dl_1544,3,East_exit,3,3
dl_1544,4,East_exit,4,3
dl_1544,21,East_exit,21,15
dl_1544,22,West_exit,22,14
dl_1544,24,East_exit,24,17
dl_1544,25,West_exit,25,16
dl_1544,26,West_exit,26,17
dl_1545,17,,,
dl_1545,8,East_exit,8,6
dl_1545,21,East_exit,21,15
dl_1545,22,West_exit,22,14
dl_1545,24,East_exit,24,17
dl_1545,25,West_exit,25,16
dl_1545,26,West_exit,26,17
dl_1545,27,West_exit,27,18
dl_1545,28,West_exit,28,18
dl_1545,15,West_exit,15,10
dl_1545,14,East_exit,14,10
dl_1545,11,East_exit,11,8
dl_1545,12,West_exit,12,8
dl_1545,9,West_exit,9,6
dl_1545,10,East_exit,10,7
dl_1545,18,West_exit,18,12
dl_1545,19,East_exit,19,13
dl_1545,6,East_exit,6,5
dl_1545,7,East_exit,7,5
dl_1546,15,,,
dl_1546,21,East_exit,21,15
dl_1546,22,West_exit,22,14
dl_1546,24,East_exit,24,17
dl_1546,25,West_exit,25,16
dl_1546,26,West_exit,26,17
dl_1546,27,West_exit,27,18
dl_1546,28,West_exit,28,18
dl_1546,15,West_exit,15,10
dl_1546,14,East_exit,14,10
dl_1546,11,East_exit,11,8
dl_1546,12,West_exit,12,8
dl_1546,9,West_exit,9,6
dl_1546,10,East_exit,10,7
dl_1546,8,East_exit,8,6
dl_1546,18,West_exit,18,12
dl_1546,19,East_exit,19,13
dl_1547,13,,,
dl_1547,11,East_exit,11,8
dl_1547,9,West_exit,9,6
dl_1547,10,East_exit,10,7
dl_1547,8,East_exit,8,6
dl_1547,12,West_exit,12,8
dl_1547,14,East_exit,14,10
dl_1547,18,West_exit,18,12
dl_1547,19,East_exit,19,13
dl_1547,15,West_exit,15,10
dl_1547,21,East_exit,21,15
dl_1547,22,West_exit,22,14
dl_1547,24,East_exit,24,17
dl_1547,25,West_exit,25,16
dl_1547,26,West_exit,26,17
dl_1548,19,,,
dl_1548,11,East_exit,11,8
dl_1548,21,East_exit,21,15
dl_1548,22,West_exit,22,14
dl_1548,24,East_exit,24,17
dl_1548,25,West_exit,25,16
dl_1548,26,West_exit,26,17
dl_1548,27,West_exit,27,18
dl_1548,28,West_exit,28,18
dl_1548,14,East_exit,14,10
dl_1548,15,West_exit,15,10
dl_1548,18,West_exit,18,12
dl_1548,19,East_exit,19,13
dl_1548,5,East_exit,5,4
dl_1548,12,West_exit,12,8
dl_1548,9,West_exit,9,6
dl_1548,10,East_exit,10,7
dl_1548,6,West_exit,6,4
dl_1548,7,East_exit,7,5
dl_1548,3,East_exit,3,3
dl_1548,4,East_exit,4,3
dl_1549,17,,,
dl_1549,11,East_exit,11,8
dl_1549,18,West_exit,18,12
dl_1549,19,East_exit,19,13
dl_1549,5,East_exit,5,4
dl_1549,15,West_exit,15,10
dl_1549,14,East_exit,14,10
dl_1549,12,West_exit,12,8
dl_1549,9,West_exit,9,6
dl_1549,10,East_exit,10,7
dl_1549,6,West_exit,6,4
dl_1549,7,East_exit,7,5
dl_1549,3,East_exit,3,3
dl_1549,4,East_exit,4,3
dl_1549,21,East_exit,21,15
dl_1549,22,West_exit,22,14
dl_1549,24,East_exit,24,17
dl_1549,25,West_exit,25,16
dl_1549,26,West_exit,26,17
dl_1550,17,,,
dl_1550,11,East_exit,11,8
dl_1550,21,East_exit,21,15
dl_1550,22,West_exit,22,14
dl_1550,24,East_exit,24,17
dl_1550,25,West_exit,25,16
dl_1550,26,West_exit,26,17
dl_1550,27,West_exit,27,18
dl_1550,28,West_exit,28,18
dl_1550,14,East_exit,14,10
dl_1550,15,West_exit,15,10
dl_1550,18,West_exit,18,12
dl_1550,19,East_exit,19,13
dl_1550,12,West_exit,12,8
dl_1550,9,West_exit,9,6
dl_1550,10,East_exit,10,7
dl_1550,6,West_exit,6,4
dl_1550,7,East_exit,7,5
dl_1550,5,East_exit,5,4
dl_1551,15,,,
dl_1551,18,West_exit,18,12
dl_1551,19,East_exit,19,13
dl_1551,11,East_exit,11,8
dl_1551,15,West_exit,15,10
dl_1551,14,East_exit,14,10
dl_1551,12,West_exit,12,8
dl_1551,9,West_exit,9,6
dl_1551,10,East_exit,10,7
dl_1551,6,West_exit,6,4
dl_1551,7,East_exit,7,5
dl_1551,5,East_exit,5,4
dl_1551,21,East_exit,21,15
dl_1551,22,West_exit,22,14
dl_1551,24,East_exit,24,17
dl_1551,25,West_exit,25,16
dl_1551,26,West_exit,26,17
dl_1552,18,,,
dl_1552,11,East_exit,11,8
dl_1552,21,East_exit,21,15
dl_1552,22,West_exit,22,14
dl_1552,24,East_exit,24,17
dl_1552,25,West_exit,25,16
dl_1552,26,West_exit,26,17
dl_1552,27,West_exit,27,18
dl_1552,28,West_exit,28,18
dl_1552,14,East_exit,14,10
dl_1552,15,West_exit,15,10
dl_1552,18,West_exit,18,12
dl_1552,19,East_exit,19,13
dl_1552,12,West_exit,12,8
dl_1552,9,West_exit,9,6
dl_1552,10,East_exit,10,7
dl_1552,6,West_exit,6,4
dl_1552,7,East_exit,7,5
dl_1552,3,East_exit,3,3
dl_1552,4,East_exit,4,3
dl_1553,16,,,
dl_1553,18,West_exit,18,12
dl_1553,19,East_exit,19,13
dl_1553,11,East_exit,11,8
dl_1553,15,West_exit,15,10
dl_1553,14,East_exit,14,10
dl_1553,12,West_exit,12,8
dl_1553,9,West_exit,9,6
dl_1553,10,East_exit,10,7
dl_1553,6,West_exit,6,4
dl_1553,7,East_exit,7,5
dl_1553,21,East_exit,21,15
dl_1553,22,West_exit,22,14
dl_1553,24,East_exit,24,17
dl_1553,25,West_exit,25,16
dl_1553,26,West_exit,26,17
dl_1553,3,East_exit,3,3
dl_1553,4,East_exit,4,3
dl_1554,9,,,
dl_1554,5,East_exit,5,4
dl_1554,12,West_exit,12,8
dl_1554,11,East_exit,11,8
dl_1554,14,West_exit,14,9
dl_1554,8,East_exit,8,6
dl_1554,6,West_exit,6,4
dl_1554,7,East_exit,7,5
dl_1554,9,West_exit,9,6
dl_1554,3,East_exit,3,3
dl_1554,4,East_exit,4,3
dl_1555,7,,,
dl_1555,8,East_exit,8,6
dl_1555,6,West_exit,6,4
dl_1555,7,East_exit,7,5
dl_1555,5,East_exit,5,4
dl_1555,12,West_exit,12,8
dl_1555,11,East_exit,11,8
dl_1555,14,West_exit,14,9
dl_1555,9,West_exit,9,6
dl_1556,11,,,
dl_1556,15,West_exit,15,10
dl_1556,16,East_exit,16,11
dl_1556,17,West_exit,17,11
dl_1556,5,East_exit,5,4
dl_1556,12,West_exit,12,8
dl_1556,11,East_exit,11,8
dl_1556,8,East_exit,8,6
dl_1556,6,West_exit,6,4
dl_1556,7,East_exit,7,5
dl_1556,9,West_exit,9,6
dl_1556,3,East_exit,3,3
dl_1556,4,East_exit,4,3
dl_1557,9,,,
dl_1557,15,West_exit,15,10
dl_1557,16,East_exit,16,11
dl_1557,17,West_exit,17,11
dl_1557,8,East_exit,8,6
dl_1557,6,West_exit,6,4
dl_1557,7,East_exit,7,5
dl_1557,5,East_exit,5,4
dl_1557,12,West_exit,12,8
dl_1557,11,East_exit,11,8
dl_1557,9,West_exit,9,6
dl_1558,8,,,
dl_1558,8,East_exit,8,6
dl_1558,6,West_exit,6,4
dl_1558,7,East_exit,7,5
dl_1558,12,West_exit,12,8
dl_1558,11,East_exit,11,8
dl_1558,14,West_exit,14,9
dl_1558,9,West_exit,9,6
dl_1558,3,East_exit,3,3
dl_1558,4,East_exit,4,3
dl_1559,10,,,
dl_1559,15,West_exit,15,10
dl_1559,16,East_exit,16,11
dl_1559,17,West_exit,17,11
dl_1559,8,East_exit,8,6
dl_1559,6,West_exit,6,4
dl_1559,7,East_exit,7,5
dl_1559,12,West_exit,12,8
dl_1559,11,East_exit,11,8
dl_1559,9,West_exit,9,6
dl_1559,3,East_exit,3,3
dl_1559,4,East_exit,4,3
dl_1560,13,,,
dl_1560,5,East_exit,5,4
dl_1560,18,West_exit,18,12
dl_1560,19,East_exit,19,13
dl_1560,20,West_exit,20,13
dl_1560,12,West_exit,12,8
dl_1560,15,West_exit,15,10
dl_1560,16,East_exit,16,11
dl_1560,8,East_exit,8,6
dl_1560,9,West_exit,9,6
dl_1560,6,West_exit,6,4
dl_1560,7,East_exit,7,5
dl_1560,3,East_exit,3,3
dl_1560,4,East_exit,4,3
dl_1560,11,East_exit,11,8
dl_1561,11,,,
dl_1561,18,West_exit,18,12
dl_1561,19,East_exit,19,13
dl_1561,20,West_exit,20,13
dl_1561,8,East_exit,8,6
dl_1561,6,West_exit,6,4
dl_1561,7,East_exit,7,5
dl_1561,5,East_exit,5,4
dl_1561,11,East_exit,11,8
dl_1561,12,West_exit,12,8
dl_1561,15,West_exit,15,10
dl_1561,16,East_exit,16,11
dl_1561,9,West_exit,9,6
dl_1562,12,,,
dl_1562,8,East_exit,8,6
dl_1562,18,West_exit,18,12
dl_1562,19,East_exit,19,13
dl_1562,20,West_exit,20,13
dl_1562,6,West_exit,6,4
dl_1562,7,East_exit,7,5
dl_1562,11,East_exit,11,8
dl_1562,12,West_exit,12,8
dl_1562,15,West_exit,15,10
dl_1562,16,East_exit,16,11
dl_1562,9,West_exit,9,6
dl_1562,3,East_exit,3,3
dl_1562,4,East_exit,4,3
dl_1563,15,,,
dl_1563,5,East_exit,5,4
dl_1563,18,West_exit,18,12
dl_1563,19,East_exit,19,13
dl_1563,21,East_exit,21,15
dl_1563,22,West_exit,22,14
dl_1563,23,West_exit,23,15
dl_1563,12,West_exit,12,8
dl_1563,15,West_exit,15,10
dl_1563,16,East_exit,16,11
dl_1563,8,East_exit,8,6
dl_1563,6,West_exit,6,4
dl_1563,7,East_exit,7,5
dl_1563,9,West_exit,9,6
dl_1563,3,East_exit,3,3
dl_1563,4,East_exit,4,3
dl_1563,11,East_exit,11,8
dl_1564,13,,,
dl_1564,8,East_exit,8,6
dl_1564,6,West_exit,6,4
dl_1564,7,East_exit,7,5
dl_1564,5,East_exit,5,4
dl_1564,18,West_exit,18,12
dl_1564,19,East_exit,19,13
dl_1564,21,East_exit,21,15
dl_1564,22,West_exit,22,14
dl_1564,23,West_exit,23,15
dl_1564,11,East_exit,11,8
dl_1564,12,West_exit,12,8
dl_1564,15,West_exit,15,10
dl_1564,16,East_exit,16,11
dl_1564,9,West_exit,9,6
dl_1565,14,,,
dl_1565,8,East_exit,8,6
dl_1565,6,West_exit,6,4
dl_1565,7,East_exit,7,5
dl_1565,18,West_exit,18,12
dl_1565,19,East_exit,19,13
dl_1565,21,East_exit,21,15
dl_1565,22,West_exit,22,14
dl_1565,23,West_exit,23,15
dl_1565,11,East_exit,11,8
dl_1565,12,West_exit,12,8
dl_1565,15,West_exit,15,10
dl_1565,16,East_exit,16,11
dl_1565,9,West_exit,9,6
dl_1565,3,East_exit,3,3
dl_1565,4,East_exit,4,3
dl_1566,11,,,
dl_1566,5,East_exit,5,4
dl_1566,15,West_exit,15,10
dl_1566,14,East_exit,14,10
dl_1566,17,West_exit,17,11
dl_1566,12,West_exit,12,8
dl_1566,11,East_exit,11,8
dl_1566,8,East_exit,8,6
dl_1566,6,West_exit,6,4
dl_1566,7,East_exit,7,5
dl_1566,9,West_exit,9,6
dl_1566,3,East_exit,3,3
dl_1566,4,East_exit,4,3
dl_1567,9,,,
dl_1567,8,East_exit,8,6
dl_1567,6,West_exit,6,4
dl_1567,7,East_exit,7,5
dl_1567,5,East_exit,5,4
dl_1567,15,West_exit,15,10
dl_1567,14,East_exit,14,10
dl_1567,17,West_exit,17,11
dl_1567,12,West_exit,12,8
dl_1567,11,East_exit,11,8
dl_1567,9,West_exit,9,6
dl_1568,10,,,
dl_1568,8,East_exit,8,6
dl_1568,6,West_exit,6,4
dl_1568,7,East_exit,7,5
dl_1568,15,West_exit,15,10
dl_1568,14,East_exit,14,10
dl_1568,17,West_exit,17,11
dl_1568,12,West_exit,12,8
dl_1568,11,East_exit,11,8
dl_1568,9,West_exit,9,6
dl_1568,3,East_exit,3,3
dl_1568,4,East_exit,4,3
dl_1569,13,,,
dl_1569,5,East_exit,5,4
dl_1569,12,West_exit,12,8
dl_1569,18,West_exit,18,12
dl_1569,19,East_exit,19,13
dl_1569,20,West_exit,20,13
dl_1569,14,East_exit,14,10
dl_1569,8,East_exit,8,6
dl_1569,6,West_exit,6,4
dl_1569,7,East_exit,7,5
dl_1569,9,West_exit,9,6
dl_1569,3,East_exit,3,3
dl_1569,4,East_exit,4,3
dl_1569,15,West_exit,15,10
dl_1569,11,East_exit,11,8
dl_1570,11,,,
dl_1570,11,East_exit,11,8
dl_1570,12,West_exit,12,8
dl_1570,18,West_exit,18,12
dl_1570,19,East_exit,19,13
dl_1570,20,West_exit,20,13
dl_1570,14,East_exit,14,10
dl_1570,8,East_exit,8,6
dl_1570,6,West_exit,6,4
dl_1570,7,East_exit,7,5
dl_1570,5,East_exit,5,4
dl_1570,9,West_exit,9,6
dl_1570,15,West_exit,15,10
dl_1571,12,,,
dl_1571,11,East_exit,11,8
dl_1571,12,West_exit,12,8
dl_1571,18,West_exit,18,12
dl_1571,19,East_exit,19,13
dl_1571,20,West_exit,20,13
dl_1571,14,East_exit,14,10
dl_1571,8,East_exit,8,6
dl_1571,6,West_exit,6,4
dl_1571,7,East_exit,7,5
dl_1571,9,West_exit,9,6
dl_1571,15,West_exit,15,10
dl_1571,3,East_exit,3,3
dl_1571,4,East_exit,4,3
dl_1572,15,,,
dl_1572,12,West_exit,12,8
dl_1572,14,East_exit,14,10
dl_1572,5,East_exit,5,4
dl_1572,8,East_exit,8,6
dl_1572,6,West_exit,6,4
dl_1572,7,East_exit,7,5
dl_1572,9,West_exit,9,6
dl_1572,3,East_exit,3,3
dl_1572,4,East_exit,4,3
dl_1572,21,East_exit,21,15
dl_1572,22,West_exit,22,14
dl_1572,23,West_exit,23,15
dl_1572,18,West_exit,18,12
dl_1572,19,East_exit,19,13
dl_1572,15,West_exit,15,10
dl_1572,11,East_exit,11,8
dl_1573,13,,,
dl_1573,21,East_exit,21,15
dl_1573,22,West_exit,22,14
dl_1573,23,West_exit,23,15
dl_1573,8,East_exit,8,6
dl_1573,6,West_exit,6,4
dl_1573,7,East_exit,7,5
dl_1573,5,East_exit,5,4
dl_1573,15,West_exit,15,10
dl_1573,14,East_exit,14,10
dl_1573,12,West_exit,12,8
dl_1573,11,East_exit,11,8
dl_1573,9,West_exit,9,6
dl_1573,18,West_exit,18,12
dl_1573,19,East_exit,19,13
dl_1574,14,,,
dl_1574,21,East_exit,21,15
dl_1574,22,West_exit,22,14
dl_1574,23,West_exit,23,15
dl_1574,8,East_exit,8,6
dl_1574,6,West_exit,6,4
dl_1574,7,East_exit,7,5
dl_1574,15,West_exit,15,10
dl_1574,14,East_exit,14,10
dl_1574,12,West_exit,12,8
dl_1574,11,East_exit,11,8
dl_1574,9,West_exit,9,6
dl_1574,18,West_exit,18,12
dl_1574,19,East_exit,19,13
dl_1574,3,East_exit,3,3
dl_1574,4,East_exit,4,3
dl_1575,19,,,
dl_1575,5,East_exit,5,4
dl_1575,26,West_exit,26,17
dl_1575,18,West_exit,18,12
dl_1575,19,East_exit,19,13
dl_1575,24,East_exit,24,17
dl_1575,25,West_exit,25,16
dl_1575,27,West_exit,27,18
dl_1575,28,West_exit,28,18
dl_1575,21,East_exit,21,15
dl_1575,22,West_exit,22,14
dl_1575,12,West_exit,12,8
dl_1575,15,West_exit,15,10
dl_1575,16,East_exit,16,11
dl_1575,8,East_exit,8,6
dl_1575,9,West_exit,9,6
dl_1575,6,West_exit,6,4
dl_1575,7,East_exit,7,5
dl_1575,3,East_exit,3,3
dl_1575,4,East_exit,4,3
dl_1575,11,East_exit,11,8
dl_1576,17,,,
dl_1576,5,East_exit,5,4
dl_1576,18,West_exit,18,12
dl_1576,19,East_exit,19,13
dl_1576,24,East_exit,24,17
dl_1576,25,West_exit,25,16
dl_1576,26,West_exit,26,17
dl_1576,21,East_exit,21,15
dl_1576,22,West_exit,22,14
dl_1576,12,West_exit,12,8
dl_1576,15,West_exit,15,10
dl_1576,16,East_exit,16,11
dl_1576,8,East_exit,8,6
dl_1576,9,West_exit,9,6
dl_1576,6,West_exit,6,4
dl_1576,7,East_exit,7,5
dl_1576,3,East_exit,3,3
dl_1576,4,East_exit,4,3
dl_1576,11,East_exit,11,8
dl_1577,17,,,
dl_1577,26,West_exit,26,17
dl_1577,18,West_exit,18,12
dl_1577,19,East_exit,19,13
dl_1577,8,East_exit,8,6
dl_1577,6,West_exit,6,4
dl_1577,7,East_exit,7,5
dl_1577,5,East_exit,5,4
dl_1577,11,East_exit,11,8
dl_1577,12,West_exit,12,8
dl_1577,15,West_exit,15,10
dl_1577,16,East_exit,16,11
dl_1577,9,West_exit,9,6
dl_1577,21,East_exit,21,15
dl_1577,22,West_exit,22,14
dl_1577,24,East_exit,24,17
dl_1577,25,West_exit,25,16
dl_1577,27,West_exit,27,18
dl_1577,28,West_exit,28,18
dl_1578,15,,,
dl_1578,18,West_exit,18,12
dl_1578,19,East_exit,19,13
dl_1578,24,East_exit,24,17
dl_1578,25,West_exit,25,16
dl_1578,26,West_exit,26,17
dl_1578,21,East_exit,21,15
dl_1578,22,West_exit,22,14
dl_1578,8,East_exit,8,6
dl_1578,6,West_exit,6,4
dl_1578,7,East_exit,7,5
dl_1578,5,East_exit,5,4
dl_1578,11,East_exit,11,8
dl_1578,12,West_exit,12,8
dl_1578,15,West_exit,15,10
dl_1578,16,East_exit,16,11
dl_1578,9,West_exit,9,6
dl_1579,18,,,
dl_1579,26,West_exit,26,17
dl_1579,18,West_exit,18,12
dl_1579,19,East_exit,19,13
dl_1579,8,East_exit,8,6
dl_1579,6,West_exit,6,4
dl_1579,7,East_exit,7,5
dl_1579,11,East_exit,11,8
dl_1579,12,West_exit,12,8
dl_1579,15,West_exit,15,10
dl_1579,16,East_exit,16,11
dl_1579,9,West_exit,9,6
dl_1579,21,East_exit,21,15
dl_1579,22,West_exit,22,14
dl_1579,24,East_exit,24,17
dl_1579,25,West_exit,25,16
dl_1579,27,West_exit,27,18
dl_1579,28,West_exit,28,18
dl_1579,3,East_exit,3,3
dl_1579,4,East_exit,4,3
dl_1580,16,,,
dl_1580,18,West_exit,18,12
dl_1580,19,East_exit,19,13
dl_1580,24,East_exit,24,17
dl_1580,25,West_exit,25,16
dl_1580,26,West_exit,26,17
dl_1580,21,East_exit,21,15
dl_1580,22,West_exit,22,14
dl_1580,8,East_exit,8,6
dl_1580,6,West_exit,6,4
dl_1580,7,East_exit,7,5
dl_1580,11,East_exit,11,8
dl_1580,12,West_exit,12,8
dl_1580,15,West_exit,15,10
dl_1580,16,East_exit,16,11
dl_1580,9,West_exit,9,6
dl_1580,3,East_exit,3,3
dl_1580,4,East_exit,4,3
dl_1581,19,,,
dl_1581,5,East_exit,5,4
dl_1581,12,West_exit,12,8
dl_1581,18,West_exit,18,12
dl_1581,19,East_exit,19,13
dl_1581,14,East_exit,14,10
dl_1581,8,East_exit,8,6
dl_1581,6,West_exit,6,4
dl_1581,7,East_exit,7,5
dl_1581,9,West_exit,9,6
dl_1581,3,East_exit,3,3
dl_1581,4,East_exit,4,3
dl_1581,15,West_exit,15,10
dl_1581,11,East_exit,11,8
dl_1581,26,West_exit,26,17
dl_1581,24,East_exit,24,17
dl_1581,25,West_exit,25,16
dl_1581,27,West_exit,27,18
dl_1581,28,West_exit,28,18
dl_1581,21,East_exit,21,15
dl_1581,22,West_exit,22,14
dl_1582,17,,,
dl_1582,5,East_exit,5,4
dl_1582,12,West_exit,12,8
dl_1582,18,West_exit,18,12
dl_1582,19,East_exit,19,13
dl_1582,14,East_exit,14,10
dl_1582,8,East_exit,8,6
dl_1582,6,West_exit,6,4
dl_1582,7,East_exit,7,5
dl_1582,9,West_exit,9,6
dl_1582,3,East_exit,3,3
dl_1582,4,East_exit,4,3
dl_1582,15,West_exit,15,10
dl_1582,11,East_exit,11,8
dl_1582,21,East_exit,21,15
dl_1582,22,West_exit,22,14
dl_1582,24,East_exit,24,17
dl_1582,25,West_exit,25,16
dl_1582,26,West_exit,26,17
dl_1583,17,,,
dl_1583,21,East_exit,21,15
dl_1583,22,West_exit,22,14
dl_1583,24,East_exit,24,17
dl_1583,25,West_exit,25,16
dl_1583,26,West_exit,26,17
dl_1583,27,West_exit,27,18
dl_1583,28,West_exit,28,18
dl_1583,15,West_exit,15,10
dl_1583,18,West_exit,18,12
dl_1583,19,East_exit,19,13
dl_1583,8,East_exit,8,6
dl_1583,6,West_exit,6,4
dl_1583,7,East_exit,7,5
dl_1583,5,East_exit,5,4
dl_1583,11,East_exit,11,8
dl_1583,12,West_exit,12,8
dl_1583,9,West_exit,9,6
dl_1583,14,East_exit,14,10
dl_1584,15,,,
dl_1584,11,East_exit,11,8
dl_1584,12,West_exit,12,8
dl_1584,18,West_exit,18,12
dl_1584,19,East_exit,19,13
dl_1584,14,East_exit,14,10
dl_1584,8,East_exit,8,6
dl_1584,6,West_exit,6,4
dl_1584,7,East_exit,7,5
dl_1584,5,East_exit,5,4
dl_1584,9,West_exit,9,6
dl_1584,15,West_exit,15,10
dl_1584,21,East_exit,21,15
dl_1584,22,West_exit,22,14
dl_1584,24,East_exit,24,17
dl_1584,25,West_exit,25,16
dl_1584,26,West_exit,26,17
dl_1585,18,,,
dl_1585,21,East_exit,21,15
dl_1585,22,West_exit,22,14
dl_1585,24,East_exit,24,17
dl_1585,25,West_exit,25,16
dl_1585,26,West_exit,26,17
dl_1585,27,West_exit,27,18
dl_1585,28,West_exit,28,18
dl_1585,15,West_exit,15,10
dl_1585,18,West_exit,18,12
dl_1585,19,East_exit,19,13
dl_1585,8,East_exit,8,6
dl_1585,6,West_exit,6,4
dl_1585,7,East_exit,7,5
dl_1585,11,East_exit,11,8
dl_1585,12,West_exit,12,8
dl_1585,9,West_exit,9,6
dl_1585,14,East_exit,14,10
dl_1585,3,East_exit,3,3
dl_1585,4,East_exit,4,3
dl_1586,16,,,
dl_1586,11,East_exit,11,8
dl_1586,12,West_exit,12,8
dl_1586,18,West_exit,18,12
dl_1586,19,East_exit,19,13
dl_1586,14,East_exit,14,10
dl_1586,8,East_exit,8,6
dl_1586,6,West_exit,6,4
dl_1586,7,East_exit,7,5
dl_1586,9,West_exit,9,6
dl_1586,15,West_exit,15,10
dl_1586,21,East_exit,21,15
dl_1586,22,West_exit,22,14
dl_1586,24,East_exit,24,17
dl_1586,25,West_exit,25,16
dl_1586,26,West_exit,26,17
dl_1586,3,East_exit,3,3
dl_1586,4,East_exit,4,3
dl_1587,10,,,
dl_1587,5,East_exit,5,4
dl_1587,15,West_exit,15,10
dl_1587,16,East_exit,16,11
dl_1587,17,West_exit,17,11
dl_1587,12,West_exit,12,8
dl_1587,13,East_exit,13,9
dl_1587,9,West_exit,9,6
dl_1587,10,East_exit,10,7
dl_1587,6,West_exit,6,4
dl_1587,3,East_exit,3,3
dl_1587,4,East_exit,4,3
dl_1588,12,,,
dl_1588,18,West_exit,18,12
dl_1588,19,East_exit,19,13
dl_1588,20,West_exit,20,13
dl_1588,15,West_exit,15,10
dl_1588,16,East_exit,16,11
dl_1588,12,West_exit,12,8
dl_1588,13,East_exit,13,9
dl_1588,5,East_exit,5,4
dl_1588,6,West_exit,6,4
dl_1588,3,East_exit,3,3
dl_1588,4,East_exit,4,3
dl_1588,9,West_exit,9,6
dl_1588,10,East_exit,10,7
dl_1589,14,,,
dl_1589,18,West_exit,18,12
dl_1589,19,East_exit,19,13
dl_1589,15,West_exit,15,10
dl_1589,16,East_exit,16,11
dl_1589,21,East_exit,21,15
dl_1589,22,West_exit,22,14
dl_1589,23,West_exit,23,15
dl_1589,12,West_exit,12,8
dl_1589,13,East_exit,13,9
dl_1589,5,East_exit,5,4
dl_1589,6,West_exit,6,4
dl_1589,3,East_exit,3,3
dl_1589,4,East_exit,4,3
dl_1589,9,West_exit,9,6
dl_1589,10,East_exit,10,7
dl_1590,10,,,
dl_1590,5,East_exit,5,4
dl_1590,14,East_exit,14,10
dl_1590,12,West_exit,12,8
dl_1590,13,East_exit,13,9
dl_1590,15,West_exit,15,10
dl_1590,17,West_exit,17,11
dl_1590,9,West_exit,9,6
dl_1590,10,East_exit,10,7
dl_1590,6,West_exit,6,4
dl_1590,3,East_exit,3,3
dl_1590,4,East_exit,4,3
dl_1591,12,,,
dl_1591,5,East_exit,5,4
dl_1591,14,East_exit,14,10
dl_1591,18,West_exit,18,12
dl_1591,19,East_exit,19,13
dl_1591,20,West_exit,20,13
dl_1591,12,West_exit,12,8
dl_1591,13,East_exit,13,9
dl_1591,15,West_exit,15,10
dl_1591,9,West_exit,9,6
dl_1591,10,East_exit,10,7
dl_1591,6,West_exit,6,4
dl_1591,3,East_exit,3,3
dl_1591,4,East_exit,4,3
dl_1592,14,,,
dl_1592,14,East_exit,14,10
dl_1592,21,East_exit,21,15
dl_1592,22,West_exit,22,14
dl_1592,23,West_exit,23,15
dl_1592,18,West_exit,18,12
dl_1592,19,East_exit,19,13
dl_1592,12,West_exit,12,8
dl_1592,13,East_exit,13,9
dl_1592,15,West_exit,15,10
dl_1592,5,East_exit,5,4
dl_1592,6,West_exit,6,4
dl_1592,3,East_exit,3,3
dl_1592,4,East_exit,4,3
dl_1592,9,West_exit,9,6
dl_1592,10,East_exit,10,7
dl_1593,18,,,
dl_1593,5,East_exit,5,4
dl_1593,26,West_exit,26,17
dl_1593,18,West_exit,18,12
dl_1593,19,East_exit,19,13
dl_1593,15,West_exit,15,10
dl_1593,16,East_exit,16,11
dl_1593,21,East_exit,21,15
dl_1593,22,West_exit,22,14
dl_1593,24,East_exit,24,17
dl_1593,25,West_exit,25,16
dl_1593,27,West_exit,27,18
dl_1593,28,West_exit,28,18
dl_1593,12,West_exit,12,8
dl_1593,13,East_exit,13,9
dl_1593,6,West_exit,6,4
dl_1593,3,East_exit,3,3
dl_1593,4,East_exit,4,3
dl_1593,9,West_exit,9,6
dl_1593,10,East_exit,10,7
dl_1594,16,,,
dl_1594,5,East_exit,5,4
dl_1594,18,West_exit,18,12
dl_1594,19,East_exit,19,13
dl_1594,15,West_exit,15,10
dl_1594,16,East_exit,16,11
dl_1594,21,East_exit,21,15
dl_1594,22,West_exit,22,14
dl_1594,24,East_exit,24,17
dl_1594,25,West_exit,25,16
dl_1594,26,West_exit,26,17
dl_1594,12,West_exit,12,8
dl_1594,13,East_exit,13,9
dl_1594,6,West_exit,6,4
dl_1594,3,East_exit,3,3
dl_1594,4,East_exit,4,3
dl_1594,9,West_exit,9,6
dl_1594,10,East_exit,10,7
dl_1595,18,,,
dl_1595,26,West_exit,26,17
dl_1595,5,East_exit,5,4
dl_1595,14,East_exit,14,10
dl_1595,18,West_exit,18,12
dl_1595,19,East_exit,19,13
dl_1595,12,West_exit,12,8
dl_1595,13,East_exit,13,9
dl_1595,15,West_exit,15,10
dl_1595,9,West_exit,9,6
dl_1595,10,East_exit,10,7
dl_1595,6,West_exit,6,4
dl_1595,3,East_exit,3,3
dl_1595,4,East_exit,4,3
dl_1595,21,East_exit,21,15
dl_1595,22,West_exit,22,14
dl_1595,24,East_exit,24,17
dl_1595,25,West_exit,25,16
dl_1595,27,West_exit,27,18
dl_1595,28,West_exit,28,18
dl_1596,16,,,
dl_1596,5,East_exit,5,4
dl_1596,14,East_exit,14,10
dl_1596,18,West_exit,18,12
dl_1596,19,East_exit,19,13
dl_1596,12,West_exit,12,8
dl_1596,13,East_exit,13,9
dl_1596,15,West_exit,15,10
dl_1596,9,West_exit,9,6
dl_1596,10,East_exit,10,7
dl_1596,6,West_exit,6,4
dl_1596,3,East_exit,3,3
dl_1596,4,East_exit,4,3
dl_1596,21,East_exit,21,15
dl_1596,22,West_exit,22,14
dl_1596,24,East_exit,24,17
dl_1596,25,West_exit,25,16
dl_1596,26,West_exit,26,17
dl_1597,10,,,
dl_1597,15,West_exit,15,10
dl_1597,16,East_exit,16,11
dl_1597,17,West_exit,17,11
dl_1597,5,East_exit,5,4
dl_1597,9,West_exit,9,6
dl_1597,8,East_exit,8,6
dl_1597,6,West_exit,6,4
dl_1597,3,East_exit,3,3
dl_1597,4,East_exit,4,3
dl_1597,12,West_exit,12,8
dl_1597,13,East_exit,13,9
dl_1598,12,,,
dl_1598,5,East_exit,5,4
dl_1598,18,West_exit,18,12
dl_1598,19,East_exit,19,13
dl_1598,20,West_exit,20,13
dl_1598,15,West_exit,15,10
dl_1598,16,East_exit,16,11
dl_1598,9,West_exit,9,6
dl_1598,12,West_exit,12,8
dl_1598,13,East_exit,13,9
dl_1598,6,West_exit,6,4
dl_1598,3,East_exit,3,3
dl_1598,4,East_exit,4,3
dl_1598,8,East_exit,8,6
dl_1599,14,,,
dl_1599,5,East_exit,5,4
dl_1599,18,West_exit,18,12
dl_1599,19,East_exit,19,13
dl_1599,15,West_exit,15,10
dl_1599,16,East_exit,16,11
dl_1599,21,East_exit,21,15
dl_1599,22,West_exit,22,14
dl_1599,23,West_exit,23,15
dl_1599,9,West_exit,9,6
dl_1599,12,West_exit,12,8
dl_1599,13,East_exit,13,9
dl_1599,6,West_exit,6,4
dl_1599,3,East_exit,3,3
dl_1599,4,East_exit,4,3
dl_1599,8,East_exit,8,6
dl_1600,10,,,
dl_1600,14,East_exit,14,10
dl_1600,5,East_exit,5,4
dl_1600,9,West_exit,9,6
dl_1600,8,East_exit,8,6
dl_1600,6,West_exit,6,4
dl_1600,3,East_exit,3,3
dl_1600,4,East_exit,4,3
dl_1600,15,West_exit,15,10
dl_1600,17,West_exit,17,11
dl_1600,12,West_exit,12,8
dl_1600,13,East_exit,13,9
dl_1601,12,,,
dl_1601,18,West_exit,18,12
dl_1601,19,East_exit,19,13
dl_1601,20,West_exit,20,13
dl_1601,14,East_exit,14,10
dl_1601,5,East_exit,5,4
dl_1601,9,West_exit,9,6
dl_1601,8,East_exit,8,6
dl_1601,6,West_exit,6,4
dl_1601,3,East_exit,3,3
dl_1601,4,East_exit,4,3
dl_1601,15,West_exit,15,10
dl_1601,12,West_exit,12,8
dl_1601,13,East_exit,13,9
dl_1602,14,,,
dl_1602,14,East_exit,14,10
dl_1602,5,East_exit,5,4
dl_1602,9,West_exit,9,6
dl_1602,8,East_exit,8,6
dl_1602,6,West_exit,6,4
dl_1602,3,East_exit,3,3
dl_1602,4,East_exit,4,3
dl_1602,21,East_exit,21,15
dl_1602,22,West_exit,22,14
dl_1602,23,West_exit,23,15
dl_1602,18,West_exit,18,12
dl_1602,19,East_exit,19,13
dl_1602,12,West_exit,12,8
dl_1602,13,East_exit,13,9
dl_1602,15,West_exit,15,10
dl_1603,18,,,
dl_1603,18,West_exit,18,12
dl_1603,19,East_exit,19,13
dl_1603,26,West_exit,26,17
dl_1603,24,East_exit,24,17
dl_1603,25,West_exit,25,16
dl_1603,27,West_exit,27,18
dl_1603,28,West_exit,28,18
dl_1603,21,East_exit,21,15
dl_1603,22,West_exit,22,14
dl_1603,5,East_exit,5,4
dl_1603,15,West_exit,15,10
dl_1603,16,East_exit,16,11
dl_1603,9,West_exit,9,6
dl_1603,12,West_exit,12,8
dl_1603,13,East_exit,13,9
dl_1603,6,West_exit,6,4
dl_1603,3,East_exit,3,3
dl_1603,4,East_exit,4,3
dl_1603,8,East_exit,8,6
dl_1604,16,,,
dl_1604,5,East_exit,5,4
dl_1604,18,West_exit,18,12
dl_1604,19,East_exit,19,13
dl_1604,15,West_exit,15,10
dl_1604,16,East_exit,16,11
dl_1604,9,West_exit,9,6
dl_1604,12,West_exit,12,8
dl_1604,13,East_exit,13,9
dl_1604,6,West_exit,6,4
dl_1604,3,East_exit,3,3
dl_1604,4,East_exit,4,3
dl_1604,8,East_exit,8,6
dl_1604,24,East_exit,24,17
dl_1604,25,West_exit,25,16
dl_1604,26,West_exit,26,17
dl_1604,21,East_exit,21,15
dl_1604,22,West_exit,22,14
dl_1605,18,,,
dl_1605,14,East_exit,14,10
dl_1605,5,East_exit,5,4
dl_1605,9,West_exit,9,6
dl_1605,8,East_exit,8,6
dl_1605,6,West_exit,6,4
dl_1605,3,East_exit,3,3
dl_1605,4,East_exit,4,3
dl_1605,18,West_exit,18,12
dl_1605,19,East_exit,19,13
dl_1605,15,West_exit,15,10
dl_1605,12,West_exit,12,8
dl_1605,13,East_exit,13,9
dl_1605,26,West_exit,26,17
dl_1605,24,East_exit,24,17
dl_1605,25,West_exit,25,16
dl_1605,27,West_exit,27,18
dl_1605,28,West_exit,28,18
dl_1605,21,East_exit,21,15
dl_1605,22,West_exit,22,14
dl_1606,16,,,
dl_1606,18,West_exit,18,12
dl_1606,19,East_exit,19,13
dl_1606,14,East_exit,14,10
dl_1606,5,East_exit,5,4
dl_1606,9,West_exit,9,6
dl_1606,8,East_exit,8,6
dl_1606,6,West_exit,6,4
dl_1606,3,East_exit,3,3
dl_1606,4,East_exit,4,3
dl_1606,15,West_exit,15,10
dl_1606,12,West_exit,12,8
dl_1606,13,East_exit,13,9
dl_1606,21,East_exit,21,15
dl_1606,22,West_exit,22,14
dl_1606,24,East_exit,24,17
dl_1606,25,West_exit,25,16
dl_1606,26,West_exit,26,17
dl_1607,8,,,
dl_1607,5,East_exit,5,4
dl_1607,11,East_exit,11,8
dl_1607,12,West_exit,12,8
dl_1607,14,West_exit,14,9
dl_1607,9,West_exit,9,6
dl_1607,10,East_exit,10,7
dl_1607,6,West_exit,6,4
dl_1607,3,East_exit,3,3
dl_1607,4,East_exit,4,3
dl_1608,10,,,
dl_1608,15,West_exit,15,10
dl_1608,16,East_exit,16,11
dl_1608,17,West_exit,17,11
dl_1608,5,East_exit,5,4
dl_1608,11,East_exit,11,8
dl_1608,12,West_exit,12,8
dl_1608,9,West_exit,9,6
dl_1608,10,East_exit,10,7
dl_1608,6,West_exit,6,4
dl_1608,3,East_exit,3,3
dl_1608,4,East_exit,4,3
dl_1609,12,,,
dl_1609,5,East_exit,5,4
dl_1609,6,West_exit,6,4
dl_1609,3,East_exit,3,3
dl_1609,4,East_exit,4,3
dl_1609,18,West_exit,18,12
dl_1609,19,East_exit,19,13
dl_1609,20,West_exit,20,13
dl_1609,11,East_exit,11,8
dl_1609,12,West_exit,12,8
dl_1609,15,West_exit,15,10
dl_1609,16,East_exit,16,11
dl_1609,9,West_exit,9,6
dl_1609,10,East_exit,10,7
dl_1610,14,,,
dl_1610,21,East_exit,21,15
dl_1610,22,West_exit,22,14
dl_1610,23,West_exit,23,15
dl_1610,18,West_exit,18,12
dl_1610,19,East_exit,19,13
dl_1610,11,East_exit,11,8
dl_1610,5,East_exit,5,4
dl_1610,6,West_exit,6,4
dl_1610,3,East_exit,3,3
dl_1610,4,East_exit,4,3
dl_1610,12,West_exit,12,8
dl_1610,9,West_exit,9,6
dl_1610,10,East_exit,10,7
dl_1610,15,West_exit,15,10
dl_1610,16,East_exit,16,11
dl_1611,10,,,
dl_1611,5,East_exit,5,4
dl_1611,11,East_exit,11,8
dl_1611,15,West_exit,15,10
dl_1611,14,East_exit,14,10
dl_1611,17,West_exit,17,11
dl_1611,12,West_exit,12,8
dl_1611,9,West_exit,9,6
dl_1611,10,East_exit,10,7
dl_1611,6,West_exit,6,4
dl_1611,3,East_exit,3,3
dl_1611,4,East_exit,4,3
dl_1612,12,,,
dl_1612,11,East_exit,11,8
dl_1612,18,West_exit,18,12
dl_1612,19,East_exit,19,13
dl_1612,20,West_exit,20,13
dl_1612,5,East_exit,5,4
dl_1612,14,East_exit,14,10
dl_1612,15,West_exit,15,10
dl_1612,6,West_exit,6,4
dl_1612,3,East_exit,3,3
dl_1612,4,East_exit,4,3
dl_1612,12,West_exit,12,8
dl_1612,9,West_exit,9,6
dl_1612,10,East_exit,10,7
dl_1613,14,,,
dl_1613,21,East_exit,21,15
dl_1613,22,West_exit,22,14
dl_1613,23,West_exit,23,15
dl_1613,11,East_exit,11,8
dl_1613,5,East_exit,5,4
dl_1613,6,West_exit,6,4
dl_1613,3,East_exit,3,3
dl_1613,4,East_exit,4,3
dl_1613,9,West_exit,9,6
dl_1613,10,East_exit,10,7
dl_1613,15,West_exit,15,10
dl_1613,14,East_exit,14,10
dl_1613,12,West_exit,12,8
dl_1613,18,West_exit,18,12
dl_1613,19,East_exit,19,13
dl_1614,18,,,
dl_1614,21,East_exit,21,15
dl_1614,22,West_exit,22,14
dl_1614,24,East_exit,24,17
dl_1614,25,West_exit,25,16
dl_1614,26,West_exit,26,17
dl_1614,27,West_exit,27,18
dl_1614,28,West_exit,28,18
dl_1614,18,West_exit,18,12
dl_1614,19,East_exit,19,13
dl_1614,11,East_exit,11,8
dl_1614,5,East_exit,5,4
dl_1614,12,West_exit,12,8
dl_1614,9,West_exit,9,6
dl_1614,10,East_exit,10,7
dl_1614,6,West_exit,6,4
dl_1614,3,East_exit,3,3
dl_1614,4,East_exit,4,3
dl_1614,15,West_exit,15,10
dl_1614,16,East_exit,16,11
dl_1615,16,,,
dl_1615,11,East_exit,11,8
dl_1615,18,West_exit,18,12
dl_1615,19,East_exit,19,13
dl_1615,24,East_exit,24,17
dl_1615,25,West_exit,25,16
dl_1615,26,West_exit,26,17
dl_1615,21,East_exit,21,15
dl_1615,22,West_exit,22,14
dl_1615,5,East_exit,5,4
dl_1615,6,West_exit,6,4
dl_1615,3,East_exit,3,3
dl_1615,4,East_exit,4,3
dl_1615,12,West_exit,12,8
dl_1615,15,West_exit,15,10
dl_1615,16,East_exit,16,11
dl_1615,9,West_exit,9,6
dl_1615,10,East_exit,10,7
dl_1616,18,,,
dl_1616,5,East_exit,5,4
dl_1616,11,East_exit,11,8
dl_1616,21,East_exit,21,15
dl_1616,22,West_exit,22,14
dl_1616,24,East_exit,24,17
dl_1616,25,West_exit,25,16
dl_1616,26,West_exit,26,17
dl_1616,27,West_exit,27,18
dl_1616,28,West_exit,28,18
dl_1616,15,West_exit,15,10
dl_1616,18,West_exit,18,12
dl_1616,19,East_exit,19,13
dl_1616,12,West_exit,12,8
dl_1616,9,West_exit,9,6
dl_1616,10,East_exit,10,7
dl_1616,6,West_exit,6,4
dl_1616,3,East_exit,3,3
dl_1616,4,East_exit,4,3
dl_1616,14,East_exit,14,10
dl_1617,16,,,
dl_1617,11,East_exit,11,8
dl_1617,5,East_exit,5,4
dl_1617,18,West_exit,18,12
dl_1617,19,East_exit,19,13
dl_1617,14,East_exit,14,10
dl_1617,15,West_exit,15,10
dl_1617,6,West_exit,6,4
dl_1617,3,East_exit,3,3
dl_1617,4,East_exit,4,3
dl_1617,12,West_exit,12,8
dl_1617,9,West_exit,9,6
dl_1617,10,East_exit,10,7
dl_1617,21,East_exit,21,15
dl_1617,22,West_exit,22,14
dl_1617,24,East_exit,24,17
dl_1617,25,West_exit,25,16
dl_1617,26,West_exit,26,17
dl_1618,8,,,
dl_1618,5,East_exit,5,4
dl_1618,12,West_exit,12,8
dl_1618,11,East_exit,11,8
dl_1618,14,West_exit,14,9
dl_1618,9,West_exit,9,6
dl_1618,8,East_exit,8,6
dl_1618,6,West_exit,6,4
dl_1618,3,East_exit,3,3
dl_1618,4,East_exit,4,3
dl_1619,10,,,
dl_1619,5,East_exit,5,4
dl_1619,12,West_exit,12,8
dl_1619,15,West_exit,15,10
dl_1619,16,East_exit,16,11
dl_1619,17,West_exit,17,11
dl_1619,9,West_exit,9,6
dl_1619,8,East_exit,8,6
dl_1619,6,West_exit,6,4
dl_1619,3,East_exit,3,3
dl_1619,4,East_exit,4,3
dl_1619,11,East_exit,11,8
dl_1620,12,,,
dl_1620,18,West_exit,18,12
dl_1620,19,East_exit,19,13
dl_1620,20,West_exit,20,13
dl_1620,5,East_exit,5,4
dl_1620,12,West_exit,12,8
dl_1620,11,East_exit,11,8
dl_1620,9,West_exit,9,6
dl_1620,8,East_exit,8,6
dl_1620,6,West_exit,6,4
dl_1620,3,East_exit,3,3
dl_1620,4,East_exit,4,3
dl_1620,15,West_exit,15,10
dl_1620,16,East_exit,16,11
dl_1621,14,,,
dl_1621,5,East_exit,5,4
dl_1621,12,West_exit,12,8
dl_1621,11,East_exit,11,8
dl_1621,9,West_exit,9,6
dl_1621,8,East_exit,8,6
dl_1621,6,West_exit,6,4
dl_1621,3,East_exit,3,3
dl_1621,4,East_exit,4,3
dl_1621,18,West_exit,18,12
dl_1621,19,East_exit,19,13
dl_1621,15,West_exit,15,10
dl_1621,16,East_exit,16,11
dl_1621,21,East_exit,21,15
dl_1621,22,West_exit,22,14
dl_1621,23,West_exit,23,15
dl_1622,10,,,
dl_1622,15,West_exit,15,10
dl_1622,14,East_exit,14,10
dl_1622,5,East_exit,5,4
dl_1622,12,West_exit,12,8
dl_1622,9,West_exit,9,6
dl_1622,8,East_exit,8,6
dl_1622,6,West_exit,6,4
dl_1622,3,East_exit,3,3
dl_1622,4,East_exit,4,3
dl_1622,17,West_exit,17,11
dl_1622,11,East_exit,11,8
dl_1623,12,,,
dl_1623,5,East_exit,5,4
dl_1623,6,West_exit,6,4
dl_1623,11,East_exit,11,8
dl_1623,12,West_exit,12,8
dl_1623,18,West_exit,18,12
dl_1623,19,East_exit,19,13
dl_1623,20,West_exit,20,13
dl_1623,14,East_exit,14,10
dl_1623,8,East_exit,8,6
dl_1623,9,West_exit,9,6
dl_1623,15,West_exit,15,10
dl_1623,3,East_exit,3,3
dl_1623,4,East_exit,4,3
dl_1624,14,,,
dl_1624,21,East_exit,21,15
dl_1624,22,West_exit,22,14
dl_1624,23,West_exit,23,15
dl_1624,15,West_exit,15,10
dl_1624,14,East_exit,14,10
dl_1624,5,East_exit,5,4
dl_1624,12,West_exit,12,8
dl_1624,9,West_exit,9,6
dl_1624,8,East_exit,8,6
dl_1624,6,West_exit,6,4
dl_1624,3,East_exit,3,3
dl_1624,4,East_exit,4,3
dl_1624,11,East_exit,11,8
dl_1624,18,West_exit,18,12
dl_1624,19,East_exit,19,13
dl_1625,18,,,
dl_1625,26,West_exit,26,17
dl_1625,18,West_exit,18,12
dl_1625,19,East_exit,19,13
dl_1625,24,East_exit,24,17
dl_1625,25,West_exit,25,16
dl_1625,27,West_exit,27,18
dl_1625,28,West_exit,28,18
dl_1625,21,East_exit,21,15
dl_1625,22,West_exit,22,14
dl_1625,5,East_exit,5,4
dl_1625,12,West_exit,12,8
dl_1625,11,East_exit,11,8
dl_1625,9,West_exit,9,6
dl_1625,8,East_exit,8,6
dl_1625,6,West_exit,6,4
dl_1625,3,East_exit,3,3
dl_1625,4,East_exit,4,3
dl_1625,15,West_exit,15,10
dl_1625,16,East_exit,16,11
dl_1626,16,,,
dl_1626,18,West_exit,18,12
dl_1626,19,East_exit,19,13
dl_1626,5,East_exit,5,4
dl_1626,12,West_exit,12,8
dl_1626,11,East_exit,11,8
dl_1626,9,West_exit,9,6
dl_1626,8,East_exit,8,6
dl_1626,6,West_exit,6,4
dl_1626,3,East_exit,3,3
dl_1626,4,East_exit,4,3
dl_1626,15,West_exit,15,10
dl_1626,16,East_exit,16,11
dl_1626,21,East_exit,21,15
dl_1626,22,West_exit,22,14
dl_1626,24,East_exit,24,17
dl_1626,25,West_exit,25,16
dl_1626,26,West_exit,26,17
dl_1627,18,,,
dl_1627,26,West_exit,26,17
dl_1627,21,East_exit,21,15
dl_1627,22,West_exit,22,14
dl_1627,24,East_exit,24,17
dl_1627,25,West_exit,25,16
dl_1627,27,West_exit,27,18
dl_1627,28,West_exit,28,18
dl_1627,5,East_exit,5,4
dl_1627,15,West_exit,15,10
dl_1627,14,East_exit,14,10
dl_1627,12,West_exit,12,8
dl_1627,9,West_exit,9,6
dl_1627,8,East_exit,8,6
dl_1627,6,West_exit,6,4
dl_1627,3,East_exit,3,3
dl_1627,4,East_exit,4,3
dl_1627,11,East_exit,11,8
dl_1627,18,West_exit,18,12
dl_1627,19,East_exit,19,13
dl_1628,16,,,
dl_1628,5,East_exit,5,4
dl_1628,6,West_exit,6,4
dl_1628,11,East_exit,11,8
dl_1628,12,West_exit,12,8
dl_1628,18,West_exit,18,12
dl_1628,19,East_exit,19,13
dl_1628,14,East_exit,14,10
dl_1628,8,East_exit,8,6
dl_1628,9,West_exit,9,6
dl_1628,15,West_exit,15,10
dl_1628,21,East_exit,21,15
dl_1628,22,West_exit,22,14
dl_1628,24,East_exit,24,17
dl_1628,25,West_exit,25,16
dl_1628,26,West_exit,26,17
dl_1628,3,East_exit,3,3
dl_1628,4,East_exit,4,3
dl_1629,8,,,
dl_1629,18,West_exit,18,12
dl_1629,17,East_exit,17,12
dl_1629,20,West_exit,20,13
dl_1629,15,West_exit,15,10
dl_1629,16,East_exit,16,11
dl_1629,14,East_exit,14,10
dl_1629,12,West_exit,12,8
dl_1629,13,East_exit,13,9
dl_1629,11,East_exit,11,8
dl_1630,12,,,
dl_1630,14,East_exit,14,10
dl_1630,8,East_exit,8,6
dl_1630,9,West_exit,9,6
dl_1630,10,East_exit,10,7
dl_1630,6,East_exit,6,5
dl_1630,7,East_exit,7,5
dl_1630,17,East_exit,17,12
dl_1630,15,West_exit,15,10
dl_1630,16,East_exit,16,11
dl_1630,18,West_exit,18,12
dl_1630,20,West_exit,20,13
dl_1630,12,West_exit,12,8
dl_1630,13,East_exit,13,9
dl_1631,10,,,
dl_1631,14,East_exit,14,10
dl_1631,9,West_exit,9,6
dl_1631,10,East_exit,10,7
dl_1631,8,East_exit,8,6
dl_1631,17,East_exit,17,12
dl_1631,15,West_exit,15,10
dl_1631,16,East_exit,16,11
dl_1631,18,West_exit,18,12
dl_1631,20,West_exit,20,13
dl_1631,12,West_exit,12,8
dl_1631,13,East_exit,13,9
dl_1632,14,,,
dl_1632,5,East_exit,5,4
dl_1632,14,East_exit,14,10
dl_1632,18,West_exit,18,12
dl_1632,17,East_exit,17,12
dl_1632,20,West_exit,20,13
dl_1632,15,West_exit,15,10
dl_1632,16,East_exit,16,11
dl_1632,12,West_exit,12,8
dl_1632,13,East_exit,13,9
dl_1632,9,West_exit,9,6
dl_1632,10,East_exit,10,7
dl_1632,6,West_exit,6,4
dl_1632,7,East_exit,7,5
dl_1632,3,East_exit,3,3
dl_1632,4,East_exit,4,3
dl_1633,12,,,
dl_1633,14,East_exit,14,10
dl_1633,18,West_exit,18,12
dl_1633,17,East_exit,17,12
dl_1633,20,West_exit,20,13
dl_1633,15,West_exit,15,10
dl_1633,16,East_exit,16,11
dl_1633,12,West_exit,12,8
dl_1633,13,East_exit,13,9
dl_1633,9,West_exit,9,6
dl_1633,10,East_exit,10,7
dl_1633,6,West_exit,6,4
dl_1633,7,East_exit,7,5
dl_1633,5,East_exit,5,4
dl_1634,13,,,
dl_1634,14,East_exit,14,10
dl_1634,18,West_exit,18,12
dl_1634,17,East_exit,17,12
dl_1634,20,West_exit,20,13
dl_1634,15,West_exit,15,10
dl_1634,16,East_exit,16,11
dl_1634,12,West_exit,12,8
dl_1634,13,East_exit,13,9
dl_1634,9,West_exit,9,6
dl_1634,10,East_exit,10,7
dl_1634,6,West_exit,6,4
dl_1634,7,East_exit,7,5
dl_1634,3,East_exit,3,3
dl_1634,4,East_exit,4,3
dl_1635,14,,,
dl_1635,14,East_exit,14,10
dl_1635,5,East_exit,5,4
dl_1635,8,East_exit,8,6
dl_1635,6,West_exit,6,4
dl_1635,7,East_exit,7,5
dl_1635,9,West_exit,9,6
dl_1635,3,East_exit,3,3
dl_1635,4,East_exit,4,3
dl_1635,18,West_exit,18,12
dl_1635,17,East_exit,17,12
dl_1635,20,West_exit,20,13
dl_1635,15,West_exit,15,10
dl_1635,16,East_exit,16,11
dl_1635,12,West_exit,12,8
dl_1635,13,East_exit,13,9
dl_1636,12,,,
dl_1636,14,East_exit,14,10
dl_1636,8,East_exit,8,6
dl_1636,6,West_exit,6,4
dl_1636,7,East_exit,7,5
dl_1636,5,East_exit,5,4
dl_1636,9,West_exit,9,6
dl_1636,18,West_exit,18,12
dl_1636,17,East_exit,17,12
dl_1636,20,West_exit,20,13
dl_1636,15,West_exit,15,10
dl_1636,16,East_exit,16,11
dl_1636,12,West_exit,12,8
dl_1636,13,East_exit,13,9
dl_1637,13,,,
dl_1637,14,East_exit,14,10
dl_1637,8,East_exit,8,6
dl_1637,6,West_exit,6,4
dl_1637,7,East_exit,7,5
dl_1637,9,West_exit,9,6
dl_1637,18,West_exit,18,12
dl_1637,17,East_exit,17,12
dl_1637,20,West_exit,20,13
dl_1637,15,West_exit,15,10
dl_1637,16,East_exit,16,11
dl_1637,12,West_exit,12,8
dl_1637,13,East_exit,13,9
dl_1637,3,East_exit,3,3
dl_1637,4,East_exit,4,3
dl_1638,13,,,
dl_1638,5,East_exit,5,4
dl_1638,14,East_exit,14,10
dl_1638,18,West_exit,18,12
dl_1638,17,East_exit,17,12
dl_1638,20,West_exit,20,13
dl_1638,15,West_exit,15,10
dl_1638,16,East_exit,16,11
dl_1638,12,West_exit,12,8
dl_1638,13,East_exit,13,9
dl_1638,9,West_exit,9,6
dl_1638,10,East_exit,10,7
dl_1638,6,West_exit,6,4
dl_1638,3,East_exit,3,3
dl_1638,4,East_exit,4,3
dl_1639,13,,,
dl_1639,14,East_exit,14,10
dl_1639,5,East_exit,5,4
dl_1639,9,West_exit,9,6
dl_1639,8,East_exit,8,6
dl_1639,6,West_exit,6,4
dl_1639,3,East_exit,3,3
dl_1639,4,East_exit,4,3
dl_1639,18,West_exit,18,12
dl_1639,17,East_exit,17,12
dl_1639,20,West_exit,20,13
dl_1639,15,West_exit,15,10
dl_1639,16,East_exit,16,11
dl_1639,12,West_exit,12,8
dl_1639,13,East_exit,13,9
dl_1640,10,,,
dl_1640,18,West_exit,18,12
dl_1640,17,East_exit,17,12
dl_1640,20,West_exit,20,13
dl_1640,15,West_exit,15,10
dl_1640,16,East_exit,16,11
dl_1640,14,East_exit,14,10
dl_1640,11,East_exit,11,8
dl_1640,12,West_exit,12,8
dl_1640,9,West_exit,9,6
dl_1640,10,East_exit,10,7
dl_1640,8,East_exit,8,6
dl_1641,14,,,
dl_1641,5,East_exit,5,4
dl_1641,11,East_exit,11,8
dl_1641,12,West_exit,12,8
dl_1641,14,East_exit,14,10
dl_1641,18,West_exit,18,12
dl_1641,17,East_exit,17,12
dl_1641,20,West_exit,20,13
dl_1641,15,West_exit,15,10
dl_1641,16,East_exit,16,11
dl_1641,9,West_exit,9,6
dl_1641,10,East_exit,10,7
dl_1641,6,West_exit,6,4
dl_1641,7,East_exit,7,5
dl_1641,3,East_exit,3,3
dl_1641,4,East_exit,4,3
dl_1642,12,,,
dl_1642,11,East_exit,11,8
dl_1642,12,West_exit,12,8
dl_1642,14,East_exit,14,10
dl_1642,18,West_exit,18,12
dl_1642,17,East_exit,17,12
dl_1642,20,West_exit,20,13
dl_1642,15,West_exit,15,10
dl_1642,16,East_exit,16,11
dl_1642,9,West_exit,9,6
dl_1642,10,East_exit,10,7
dl_1642,6,West_exit,6,4
dl_1642,7,East_exit,7,5
dl_1642,5,East_exit,5,4
dl_1643,13,,,
dl_1643,11,East_exit,11,8
dl_1643,12,West_exit,12,8
dl_1643,14,East_exit,14,10
dl_1643,18,West_exit,18,12
dl_1643,17,East_exit,17,12
dl_1643,20,West_exit,20,13
dl_1643,15,West_exit,15,10
dl_1643,16,East_exit,16,11
dl_1643,9,West_exit,9,6
dl_1643,10,East_exit,10,7
dl_1643,6,West_exit,6,4
dl_1643,7,East_exit,7,5
dl_1643,3,East_exit,3,3
dl_1643,4,East_exit,4,3
dl_1644,14,,,
dl_1644,5,East_exit,5,4
dl_1644,18,West_exit,18,12
dl_1644,17,East_exit,17,12
dl_1644,20,West_exit,20,13
dl_1644,15,West_exit,15,10
dl_1644,16,East_exit,16,11
dl_1644,14,East_exit,14,10
dl_1644,12,West_exit,12,8
dl_1644,8,East_exit,8,6
dl_1644,9,West_exit,9,6
dl_1644,6,West_exit,6,4
dl_1644,7,East_exit,7,5
dl_1644,3,East_exit,3,3
dl_1644,4,East_exit,4,3
dl_1644,11,East_exit,11,8
dl_1645,12,,,
dl_1645,8,East_exit,8,6
dl_1645,6,West_exit,6,4
dl_1645,7,East_exit,7,5
dl_1645,5,East_exit,5,4
dl_1645,18,West_exit,18,12
dl_1645,17,East_exit,17,12
dl_1645,20,West_exit,20,13
dl_1645,15,West_exit,15,10
dl_1645,16,East_exit,16,11
dl_1645,14,East_exit,14,10
dl_1645,11,East_exit,11,8
dl_1645,12,West_exit,12,8
dl_1645,9,West_exit,9,6
dl_1646,13,,,
dl_1646,8,East_exit,8,6
dl_1646,6,West_exit,6,4
dl_1646,7,East_exit,7,5
dl_1646,18,West_exit,18,12
dl_1646,17,East_exit,17,12
dl_1646,20,West_exit,20,13
dl_1646,15,West_exit,15,10
dl_1646,16,East_exit,16,11
dl_1646,14,East_exit,14,10
dl_1646,11,East_exit,11,8
dl_1646,12,West_exit,12,8
dl_1646,9,West_exit,9,6
dl_1646,3,East_exit,3,3
dl_1646,4,East_exit,4,3
dl_1647,13,,,
dl_1647,11,East_exit,11,8
dl_1647,5,East_exit,5,4
dl_1647,18,West_exit,18,12
dl_1647,17,East_exit,17,12
dl_1647,20,West_exit,20,13
dl_1647,15,West_exit,15,10
dl_1647,16,East_exit,16,11
dl_1647,14,East_exit,14,10
dl_1647,6,West_exit,6,4
dl_1647,3,East_exit,3,3
dl_1647,4,East_exit,4,3
dl_1647,12,West_exit,12,8
dl_1647,9,West_exit,9,6
dl_1647,10,East_exit,10,7
dl_1648,13,,,
dl_1648,5,East_exit,5,4
dl_1648,6,West_exit,6,4
dl_1648,8,East_exit,8,6
dl_1648,18,West_exit,18,12
dl_1648,17,East_exit,17,12
dl_1648,20,West_exit,20,13
dl_1648,15,West_exit,15,10
dl_1648,16,East_exit,16,11
dl_1648,14,East_exit,14,10
dl_1648,11,East_exit,11,8
dl_1648,12,West_exit,12,8
dl_1648,9,West_exit,9,6
dl_1648,3,East_exit,3,3
dl_1648,4,East_exit,4,3
dl_1649,5,,,
dl_1649,17,East_exit,17,12
dl_1649,15,West_exit,15,10
dl_1649,16,East_exit,16,11
dl_1649,14,East_exit,14,10
dl_1649,18,West_exit,18,12
dl_1649,20,West_exit,20,13
dl_1650,12,,,
dl_1650,17,East_exit,17,12
dl_1650,8,East_exit,8,6
dl_1650,12,West_exit,12,8
dl_1650,13,East_exit,13,9
dl_1650,11,East_exit,11,8
dl_1650,9,West_exit,9,6
dl_1650,10,East_exit,10,7
dl_1650,6,East_exit,6,5
dl_1650,7,East_exit,7,5
dl_1650,18,West_exit,18,12
dl_1650,20,West_exit,20,13
dl_1650,15,West_exit,15,10
dl_1650,16,East_exit,16,11
dl_1651,10,,,
dl_1651,17,East_exit,17,12
dl_1651,12,West_exit,12,8
dl_1651,13,East_exit,13,9
dl_1651,11,East_exit,11,8
dl_1651,9,West_exit,9,6
dl_1651,10,East_exit,10,7
dl_1651,8,East_exit,8,6
dl_1651,18,West_exit,18,12
dl_1651,20,West_exit,20,13
dl_1651,15,West_exit,15,10
dl_1651,16,East_exit,16,11
dl_1652,14,,,
dl_1652,17,East_exit,17,12
dl_1652,5,East_exit,5,4
dl_1652,11,East_exit,11,8
dl_1652,12,West_exit,12,8
dl_1652,13,East_exit,13,9
dl_1652,9,West_exit,9,6
dl_1652,10,East_exit,10,7
dl_1652,6,West_exit,6,4
dl_1652,7,East_exit,7,5
dl_1652,3,East_exit,3,3
dl_1652,4,East_exit,4,3
dl_1652,18,West_exit,18,12
dl_1652,20,West_exit,20,13
dl_1652,15,West_exit,15,10
dl_1652,16,East_exit,16,11
dl_1653,12,,,
dl_1653,17,East_exit,17,12
dl_1653,11,East_exit,11,8
dl_1653,12,West_exit,12,8
dl_1653,13,East_exit,13,9
dl_1653,9,West_exit,9,6
dl_1653,10,East_exit,10,7
dl_1653,6,West_exit,6,4
dl_1653,7,East_exit,7,5
dl_1653,5,East_exit,5,4
dl_1653,18,West_exit,18,12
dl_1653,20,West_exit,20,13
dl_1653,15,West_exit,15,10
dl_1653,16,East_exit,16,11
dl_1654,13,,,
dl_1654,17,East_exit,17,12
dl_1654,11,East_exit,11,8
dl_1654,12,West_exit,12,8
dl_1654,13,East_exit,13,9
dl_1654,9,West_exit,9,6
dl_1654,10,East_exit,10,7
dl_1654,6,West_exit,6,4
dl_1654,7,East_exit,7,5
dl_1654,18,West_exit,18,12
dl_1654,20,West_exit,20,13
dl_1654,15,West_exit,15,10
dl_1654,16,East_exit,16,11
dl_1654,3,East_exit,3,3
dl_1654,4,East_exit,4,3
dl_1655,14,,,
dl_1655,17,East_exit,17,12
dl_1655,5,East_exit,5,4
dl_1655,12,West_exit,12,8
dl_1655,13,East_exit,13,9
dl_1655,11,East_exit,11,8
dl_1655,8,East_exit,8,6
dl_1655,6,West_exit,6,4
dl_1655,7,East_exit,7,5
dl_1655,9,West_exit,9,6
dl_1655,3,East_exit,3,3
dl_1655,4,East_exit,4,3
dl_1655,18,West_exit,18,12
dl_1655,20,West_exit,20,13
dl_1655,15,West_exit,15,10
dl_1655,16,East_exit,16,11
dl_1656,12,,,
dl_1656,17,East_exit,17,12
dl_1656,12,West_exit,12,8
dl_1656,13,East_exit,13,9
dl_1656,11,East_exit,11,8
dl_1656,8,East_exit,8,6
dl_1656,6,West_exit,6,4
dl_1656,7,East_exit,7,5
dl_1656,5,East_exit,5,4
dl_1656,9,West_exit,9,6
dl_1656,18,West_exit,18,12
dl_1656,20,West_exit,20,13
dl_1656,15,West_exit,15,10
dl_1656,16,East_exit,16,11
dl_1657,13,,,
dl_1657,17,East_exit,17,12
dl_1657,12,West_exit,12,8
dl_1657,13,East_exit,13,9
dl_1657,11,East_exit,11,8
dl_1657,8,East_exit,8,6
dl_1657,6,West_exit,6,4
dl_1657,7,East_exit,7,5
dl_1657,9,West_exit,9,6
dl_1657,18,West_exit,18,12
dl_1657,20,West_exit,20,13
dl_1657,15,West_exit,15,10
dl_1657,16,East_exit,16,11
dl_1657,3,East_exit,3,3
dl_1657,4,East_exit,4,3
dl_1658,13,,,
dl_1658,17,East_exit,17,12
dl_1658,5,East_exit,5,4
dl_1658,11,East_exit,11,8
dl_1658,12,West_exit,12,8
dl_1658,13,East_exit,13,9
dl_1658,9,West_exit,9,6
dl_1658,10,East_exit,10,7
dl_1658,6,West_exit,6,4
dl_1658,3,East_exit,3,3
dl_1658,4,East_exit,4,3
dl_1658,18,West_exit,18,12
dl_1658,20,West_exit,20,13
dl_1658,15,West_exit,15,10
dl_1658,16,East_exit,16,11
dl_1659,13,,,
dl_1659,17,East_exit,17,12
dl_1659,5,East_exit,5,4
dl_1659,12,West_exit,12,8
dl_1659,13,East_exit,13,9
dl_1659,11,East_exit,11,8
dl_1659,9,West_exit,9,6
dl_1659,8,East_exit,8,6
dl_1659,6,West_exit,6,4
dl_1659,3,East_exit,3,3
dl_1659,4,East_exit,4,3
dl_1659,18,West_exit,18,12
dl_1659,20,West_exit,20,13
dl_1659,15,West_exit,15,10
dl_1659,16,East_exit,16,11
dl_1660,7,,,
dl_1660,12,West_exit,12,8
dl_1660,13,East_exit,13,9
dl_1660,11,East_exit,11,8
dl_1660,17,East_exit,17,12
dl_1660,15,West_exit,15,10
dl_1660,16,East_exit,16,11
dl_1660,18,West_exit,18,12
dl_1660,20,West_exit,20,13
dl_1661,14,,,
dl_1661,17,East_exit,17,12
dl_1661,15,West_exit,15,10
dl_1661,16,East_exit,16,11
dl_1661,18,West_exit,18,12
dl_1661,20,West_exit,20,13
dl_1661,5,East_exit,5,4
dl_1661,8,East_exit,8,6
dl_1661,6,West_exit,6,4
dl_1661,7,East_exit,7,5
dl_1661,9,West_exit,9,6
dl_1661,10,East_exit,10,7
dl_1661,3,East_exit,3,3
dl_1661,4,East_exit,4,3
dl_1661,12,West_exit,12,8
dl_1661,13,East_exit,13,9
dl_1662,12,,,
dl_1662,17,East_exit,17,12
dl_1662,15,West_exit,15,10
dl_1662,16,East_exit,16,11
dl_1662,18,West_exit,18,12
dl_1662,20,West_exit,20,13
dl_1662,8,East_exit,8,6
dl_1662,6,West_exit,6,4
dl_1662,7,East_exit,7,5
dl_1662,5,East_exit,5,4
dl_1662,9,West_exit,9,6
dl_1662,10,East_exit,10,7
dl_1662,12,West_exit,12,8
dl_1662,13,East_exit,13,9
dl_1663,13,,,
dl_1663,17,East_exit,17,12
dl_1663,15,West_exit,15,10
dl_1663,16,East_exit,16,11
dl_1663,18,West_exit,18,12
dl_1663,20,West_exit,20,13
dl_1663,8,East_exit,8,6
dl_1663,6,West_exit,6,4
dl_1663,7,East_exit,7,5
dl_1663,9,West_exit,9,6
dl_1663,10,East_exit,10,7
dl_1663,12,West_exit,12,8
dl_1663,13,East_exit,13,9
dl_1663,3,East_exit,3,3
dl_1663,4,East_exit,4,3
dl_1664,13,,,
dl_1664,5,East_exit,5,4
dl_1664,17,East_exit,17,12
dl_1664,15,West_exit,15,10
dl_1664,16,East_exit,16,11
dl_1664,18,West_exit,18,12
dl_1664,20,West_exit,20,13
dl_1664,6,West_exit,6,4
dl_1664,8,East_exit,8,6
dl_1664,9,West_exit,9,6
dl_1664,10,East_exit,10,7
dl_1664,12,West_exit,12,8
dl_1664,13,East_exit,13,9
dl_1664,3,East_exit,3,3
dl_1664,4,East_exit,4,3
dl_1665,11,,,
dl_1665,17,East_exit,17,12
dl_1665,12,West_exit,12,8
dl_1665,13,East_exit,13,9
dl_1665,9,West_exit,9,6
dl_1665,10,East_exit,10,7
dl_1665,8,East_exit,8,6
dl_1665,6,East_exit,6,5
dl_1665,7,East_exit,7,5
dl_1665,18,West_exit,18,12
dl_1665,20,West_exit,20,13
dl_1665,15,West_exit,15,10
dl_1665,16,East_exit,16,11
dl_1666,9,,,
dl_1666,17,East_exit,17,12
dl_1666,12,West_exit,12,8
dl_1666,13,East_exit,13,9
dl_1666,9,West_exit,9,6
dl_1666,10,East_exit,10,7
dl_1666,8,East_exit,8,6
dl_1666,18,West_exit,18,12
dl_1666,20,West_exit,20,13
dl_1666,15,West_exit,15,10
dl_1666,16,East_exit,16,11
dl_1667,13,,,
dl_1667,5,East_exit,5,4
dl_1667,17,East_exit,17,12
dl_1667,15,West_exit,15,10
dl_1667,16,East_exit,16,11
dl_1667,18,West_exit,18,12
dl_1667,20,West_exit,20,13
dl_1667,12,West_exit,12,8
dl_1667,13,East_exit,13,9
dl_1667,9,West_exit,9,6
dl_1667,10,East_exit,10,7
dl_1667,6,West_exit,6,4
dl_1667,7,East_exit,7,5
dl_1667,3,East_exit,3,3
dl_1667,4,East_exit,4,3
dl_1668,11,,,
dl_1668,17,East_exit,17,12
dl_1668,12,West_exit,12,8
dl_1668,13,East_exit,13,9
dl_1668,9,West_exit,9,6
dl_1668,10,East_exit,10,7
dl_1668,6,West_exit,6,4
dl_1668,7,East_exit,7,5
dl_1668,5,East_exit,5,4
dl_1668,15,West_exit,15,10
dl_1668,16,East_exit,16,11
dl_1668,18,West_exit,18,12
dl_1668,20,West_exit,20,13
dl_1669,12,,,
dl_1669,17,East_exit,17,12
dl_1669,12,West_exit,12,8
dl_1669,13,East_exit,13,9
dl_1669,9,West_exit,9,6
dl_1669,10,East_exit,10,7
dl_1669,6,West_exit,6,4
dl_1669,7,East_exit,7,5
dl_1669,15,West_exit,15,10
dl_1669,16,East_exit,16,11
dl_1669,18,West_exit,18,12
dl_1669,20,West_exit,20,13
dl_1669,3,East_exit,3,3
dl_1669,4,East_exit,4,3
dl_1670,10,,,
dl_1670,18,West_exit,18,12
dl_1670,17,East_exit,17,12
dl_1670,15,West_exit,15,10
dl_1670,16,East_exit,16,11
dl_1670,14,East_exit,14,10
dl_1670,12,West_exit,12,8
dl_1670,13,East_exit,13,9
dl_1670,11,East_exit,11,8
dl_1670,21,East_exit,21,15
dl_1670,22,West_exit,22,14
dl_1670,23,West_exit,23,15
dl_1671,14,,,
dl_1671,14,East_exit,14,10
dl_1671,9,West_exit,9,6
dl_1671,10,East_exit,10,7
dl_1671,8,East_exit,8,6
dl_1671,6,East_exit,6,5
dl_1671,7,East_exit,7,5
dl_1671,17,East_exit,17,12
dl_1671,15,West_exit,15,10
dl_1671,16,East_exit,16,11
dl_1671,18,West_exit,18,12
dl_1671,12,West_exit,12,8
dl_1671,13,East_exit,13,9
dl_1671,21,East_exit,21,15
dl_1671,22,West_exit,22,14
dl_1671,23,West_exit,23,15
dl_1672,12,,,
dl_1672,14,East_exit,14,10
dl_1672,9,West_exit,9,6
dl_1672,10,East_exit,10,7
dl_1672,8,East_exit,8,6
dl_1672,17,East_exit,17,12
dl_1672,15,West_exit,15,10
dl_1672,16,East_exit,16,11
dl_1672,18,West_exit,18,12
dl_1672,12,West_exit,12,8
dl_1672,13,East_exit,13,9
dl_1672,21,East_exit,21,15
dl_1672,22,West_exit,22,14
dl_1672,23,West_exit,23,15
dl_1673,16,,,
dl_1673,5,East_exit,5,4
dl_1673,14,East_exit,14,10
dl_1673,18,West_exit,18,12
dl_1673,17,East_exit,17,12
dl_1673,15,West_exit,15,10
dl_1673,16,East_exit,16,11
dl_1673,12,West_exit,12,8
dl_1673,13,East_exit,13,9
dl_1673,21,East_exit,21,15
dl_1673,22,West_exit,22,14
dl_1673,23,West_exit,23,15
dl_1673,9,West_exit,9,6
dl_1673,10,East_exit,10,7
dl_1673,6,West_exit,6,4
dl_1673,7,East_exit,7,5
dl_1673,3,East_exit,3,3
dl_1673,4,East_exit,4,3
dl_1674,14,,,
dl_1674,14,East_exit,14,10
dl_1674,18,West_exit,18,12
dl_1674,17,East_exit,17,12
dl_1674,15,West_exit,15,10
dl_1674,16,East_exit,16,11
dl_1674,12,West_exit,12,8
dl_1674,13,East_exit,13,9
dl_1674,21,East_exit,21,15
dl_1674,22,West_exit,22,14
dl_1674,23,West_exit,23,15
dl_1674,9,West_exit,9,6
dl_1674,10,East_exit,10,7
dl_1674,6,West_exit,6,4
dl_1674,7,East_exit,7,5
dl_1674,5,East_exit,5,4
dl_1675,15,,,
dl_1675,14,East_exit,14,10
dl_1675,18,West_exit,18,12
dl_1675,17,East_exit,17,12
dl_1675,15,West_exit,15,10
dl_1675,16,East_exit,16,11
dl_1675,12,West_exit,12,8
dl_1675,13,East_exit,13,9
dl_1675,21,East_exit,21,15
dl_1675,22,West_exit,22,14
dl_1675,23,West_exit,23,15
dl_1675,9,West_exit,9,6
dl_1675,10,East_exit,10,7
dl_1675,6,West_exit,6,4
dl_1675,7,East_exit,7,5
dl_1675,3,East_exit,3,3
dl_1675,4,East_exit,4,3
dl_1676,16,,,
dl_1676,14,East_exit,14,10
dl_1676,5,East_exit,5,4
dl_1676,8,East_exit,8,6
dl_1676,6,West_exit,6,4
dl_1676,7,East_exit,7,5
dl_1676,9,West_exit,9,6
dl_1676,3,East_exit,3,3
dl_1676,4,East_exit,4,3
dl_1676,18,West_exit,18,12
dl_1676,17,East_exit,17,12
dl_1676,15,West_exit,15,10
dl_1676,16,East_exit,16,11
dl_1676,12,West_exit,12,8
dl_1676,13,East_exit,13,9
dl_1676,21,East_exit,21,15
dl_1676,22,West_exit,22,14
dl_1676,23,West_exit,23,15
dl_1677,14,,,
dl_1677,14,East_exit,14,10
dl_1677,8,East_exit,8,6
dl_1677,6,West_exit,6,4
dl_1677,7,East_exit,7,5
dl_1677,5,East_exit,5,4
dl_1677,9,West_exit,9,6
dl_1677,18,West_exit,18,12
dl_1677,17,East_exit,17,12
dl_1677,15,West_exit,15,10
dl_1677,16,East_exit,16,11
dl_1677,12,West_exit,12,8
dl_1677,13,East_exit,13,9
dl_1677,21,East_exit,21,15
dl_1677,22,West_exit,22,14
dl_1677,23,West_exit,23,15
dl_1678,15,,,
dl_1678,14,East_exit,14,10
dl_1678,8,East_exit,8,6
dl_1678,6,West_exit,6,4
dl_1678,7,East_exit,7,5
dl_1678,9,West_exit,9,6
dl_1678,18,West_exit,18,12
dl_1678,17,East_exit,17,12
dl_1678,15,West_exit,15,10
dl_1678,16,East_exit,16,11
dl_1678,12,West_exit,12,8
dl_1678,13,East_exit,13,9
dl_1678,21,East_exit,21,15
dl_1678,22,West_exit,22,14
dl_1678,23,West_exit,23,15
dl_1678,3,East_exit,3,3
dl_1678,4,East_exit,4,3
dl_1679,15,,,
dl_1679,5,East_exit,5,4
dl_1679,14,East_exit,14,10
dl_1679,18,West_exit,18,12
dl_1679,17,East_exit,17,12
dl_1679,15,West_exit,15,10
dl_1679,16,East_exit,16,11
dl_1679,12,West_exit,12,8
dl_1679,13,East_exit,13,9
dl_1679,21,East_exit,21,15
dl_1679,22,West_exit,22,14
dl_1679,23,West_exit,23,15
dl_1679,9,West_exit,9,6
dl_1679,10,East_exit,10,7
dl_1679,6,West_exit,6,4
dl_1679,3,East_exit,3,3
dl_1679,4,East_exit,4,3
dl_1680,15,,,
dl_1680,14,East_exit,14,10
dl_1680,5,East_exit,5,4
dl_1680,9,West_exit,9,6
dl_1680,8,East_exit,8,6
dl_1680,6,West_exit,6,4
dl_1680,3,East_exit,3,3
dl_1680,4,East_exit,4,3
dl_1680,18,West_exit,18,12
dl_1680,17,East_exit,17,12
dl_1680,15,West_exit,15,10
dl_1680,16,East_exit,16,11
dl_1680,12,West_exit,12,8
dl_1680,13,East_exit,13,9
dl_1680,21,East_exit,21,15
dl_1680,22,West_exit,22,14
dl_1680,23,West_exit,23,15
dl_1681,12,,,
dl_1681,18,West_exit,18,12
dl_1681,17,East_exit,17,12
dl_1681,15,West_exit,15,10
dl_1681,16,East_exit,16,11
dl_1681,14,East_exit,14,10
dl_1681,11,East_exit,11,8
dl_1681,12,West_exit,12,8
dl_1681,9,West_exit,9,6
dl_1681,10,East_exit,10,7
dl_1681,8,East_exit,8,6
dl_1681,21,East_exit,21,15
dl_1681,22,West_exit,22,14
dl_1681,23,West_exit,23,15
dl_1682,16,,,
dl_1682,5,East_exit,5,4
dl_1682,11,East_exit,11,8
dl_1682,12,West_exit,12,8
dl_1682,14,East_exit,14,10
dl_1682,18,West_exit,18,12
dl_1682,17,East_exit,17,12
dl_1682,15,West_exit,15,10
dl_1682,16,East_exit,16,11
dl_1682,21,East_exit,21,15
dl_1682,22,West_exit,22,14
dl_1682,23,West_exit,23,15
dl_1682,9,West_exit,9,6
dl_1682,10,East_exit,10,7
dl_1682,6,West_exit,6,4
dl_1682,7,East_exit,7,5
dl_1682,3,East_exit,3,3
dl_1682,4,East_exit,4,3
dl_1683,14,,,
dl_1683,11,East_exit,11,8
dl_1683,12,West_exit,12,8
dl_1683,14,East_exit,14,10
dl_1683,18,West_exit,18,12
dl_1683,17,East_exit,17,12
dl_1683,15,West_exit,15,10
dl_1683,16,East_exit,16,11
dl_1683,21,East_exit,21,15
dl_1683,22,West_exit,22,14
dl_1683,23,West_exit,23,15
dl_1683,9,West_exit,9,6
dl_1683,10,East_exit,10,7
dl_1683,6,West_exit,6,4
dl_1683,7,East_exit,7,5
dl_1683,5,East_exit,5,4
dl_1684,15,,,
dl_1684,11,East_exit,11,8
dl_1684,12,West_exit,12,8
dl_1684,14,East_exit,14,10
dl_1684,18,West_exit,18,12
dl_1684,17,East_exit,17,12
dl_1684,15,West_exit,15,10
dl_1684,16,East_exit,16,11
dl_1684,21,East_exit,21,15
dl_1684,22,West_exit,22,14
dl_1684,23,West_exit,23,15
dl_1684,9,West_exit,9,6
dl_1684,10,East_exit,10,7
dl_1684,6,West_exit,6,4
dl_1684,7,East_exit,7,5
dl_1684,3,East_exit,3,3
dl_1684,4,East_exit,4,3
dl_1685,16,,,
dl_1685,5,East_exit,5,4
dl_1685,18,West_exit,18,12
dl_1685,17,East_exit,17,12
dl_1685,15,West_exit,15,10
dl_1685,16,East_exit,16,11
dl_1685,14,East_exit,14,10
dl_1685,12,West_exit,12,8
dl_1685,8,East_exit,8,6
dl_1685,9,West_exit,9,6
dl_1685,6,West_exit,6,4
dl_1685,7,East_exit,7,5
dl_1685,3,East_exit,3,3
dl_1685,4,East_exit,4,3
dl_1685,11,East_exit,11,8
dl_1685,21,East_exit,21,15
dl_1685,22,West_exit,22,14
dl_1685,23,West_exit,23,15
dl_1686,14,,,
dl_1686,8,East_exit,8,6
dl_1686,6,West_exit,6,4
dl_1686,7,East_exit,7,5
dl_1686,5,East_exit,5,4
dl_1686,18,West_exit,18,12
dl_1686,17,East_exit,17,12
dl_1686,15,West_exit,15,10
dl_1686,16,East_exit,16,11
dl_1686,14,East_exit,14,10
dl_1686,11,East_exit,11,8
dl_1686,12,West_exit,12,8
dl_1686,9,West_exit,9,6
dl_1686,21,East_exit,21,15
dl_1686,22,West_exit,22,14
dl_1686,23,West_exit,23,15
dl_1687,15,,,
dl_1687,8,East_exit,8,6
dl_1687,6,West_exit,6,4
dl_1687,7,East_exit,7,5
dl_1687,18,West_exit,18,12
dl_1687,17,East_exit,17,12
dl_1687,15,West_exit,15,10
dl_1687,16,East_exit,16,11
dl_1687,14,East_exit,14,10
dl_1687,11,East_exit,11,8
dl_1687,12,West_exit,12,8
dl_1687,9,West_exit,9,6
dl_1687,21,East_exit,21,15
dl_1687,22,West_exit,22,14
dl_1687,23,West_exit,23,15
dl_1687,3,East_exit,3,3
dl_1687,4,East_exit,4,3
dl_1688,15,,,
dl_1688,11,East_exit,11,8
dl_1688,5,East_exit,5,4
dl_1688,18,West_exit,18,12
dl_1688,17,East_exit,17,12
dl_1688,15,West_exit,15,10
dl_1688,16,East_exit,16,11
dl_1688,14,East_exit,14,10
dl_1688,6,West_exit,6,4
dl_1688,3,East_exit,3,3
dl_1688,4,East_exit,4,3
dl_1688,12,West_exit,12,8
dl_1688,9,West_exit,9,6
dl_1688,10,East_exit,10,7
dl_1688,21,East_exit,21,15
dl_1688,22,West_exit,22,14
dl_1688,23,West_exit,23,15
dl_1689,15,,,
dl_1689,5,East_exit,5,4
dl_1689,6,West_exit,6,4
dl_1689,8,East_exit,8,6
dl_1689,18,West_exit,18,12
dl_1689,17,East_exit,17,12
dl_1689,15,West_exit,15,10
dl_1689,16,East_exit,16,11
dl_1689,14,East_exit,14,10
dl_1689,11,East_exit,11,8
dl_1689,12,West_exit,12,8
dl_1689,9,West_exit,9,6
dl_1689,21,East_exit,21,15
dl_1689,22,West_exit,22,14
dl_1689,23,West_exit,23,15
dl_1689,3,East_exit,3,3
dl_1689,4,East_exit,4,3
dl_1690,7,,,
dl_1690,17,East_exit,17,12
dl_1690,15,West_exit,15,10
dl_1690,16,East_exit,16,11
dl_1690,14,East_exit,14,10
dl_1690,18,West_exit,18,12
dl_1690,21,East_exit,21,15
dl_1690,22,West_exit,22,14
dl_1690,23,West_exit,23,15
dl_1691,14,,,
dl_1691,17,East_exit,17,12
dl_1691,12,West_exit,12,8
dl_1691,13,East_exit,13,9
dl_1691,11,East_exit,11,8
dl_1691,9,West_exit,9,6
dl_1691,10,East_exit,10,7
dl_1691,8,East_exit,8,6
dl_1691,6,East_exit,6,5
dl_1691,7,East_exit,7,5
dl_1691,18,West_exit,18,12
dl_1691,15,West_exit,15,10
dl_1691,16,East_exit,16,11
dl_1691,21,East_exit,21,15
dl_1691,22,West_exit,22,14
dl_1691,23,West_exit,23,15
dl_1692,12,,,
dl_1692,17,East_exit,17,12
dl_1692,12,West_exit,12,8
dl_1692,13,East_exit,13,9
dl_1692,11,East_exit,11,8
dl_1692,9,West_exit,9,6
dl_1692,10,East_exit,10,7
dl_1692,8,East_exit,8,6
dl_1692,18,West_exit,18,12
dl_1692,15,West_exit,15,10
dl_1692,16,East_exit,16,11
dl_1692,21,East_exit,21,15
dl_1692,22,West_exit,22,14
dl_1692,23,West_exit,23,15
dl_1693,16,,,
dl_1693,17,East_exit,17,12
dl_1693,5,East_exit,5,4
dl_1693,11,East_exit,11,8
dl_1693,12,West_exit,12,8
dl_1693,13,East_exit,13,9
dl_1693,9,West_exit,9,6
dl_1693,10,East_exit,10,7
dl_1693,6,West_exit,6,4
dl_1693,7,East_exit,7,5
dl_1693,3,East_exit,3,3
dl_1693,4,East_exit,4,3
dl_1693,18,West_exit,18,12
dl_1693,15,West_exit,15,10
dl_1693,16,East_exit,16,11
dl_1693,21,East_exit,21,15
dl_1693,22,West_exit,22,14
dl_1693,23,West_exit,23,15
dl_1694,14,,,
dl_1694,17,East_exit,17,12
dl_1694,11,East_exit,11,8
dl_1694,12,West_exit,12,8
dl_1694,13,East_exit,13,9
dl_1694,9,West_exit,9,6
dl_1694,10,East_exit,10,7
dl_1694,6,West_exit,6,4
dl_1694,7,East_exit,7,5
dl_1694,5,East_exit,5,4
dl_1694,18,West_exit,18,12
dl_1694,15,West_exit,15,10
dl_1694,16,East_exit,16,11
dl_1694,21,East_exit,21,15
dl_1694,22,West_exit,22,14
dl_1694,23,West_exit,23,15
dl_1695,15,,,
dl_1695,17,East_exit,17,12
dl_1695,11,East_exit,11,8
dl_1695,12,West_exit,12,8
dl_1695,13,East_exit,13,9
dl_1695,9,West_exit,9,6
dl_1695,10,East_exit,10,7
dl_1695,6,West_exit,6,4
dl_1695,7,East_exit,7,5
dl_1695,18,West_exit,18,12
dl_1695,15,West_exit,15,10
dl_1695,16,East_exit,16,11
dl_1695,21,East_exit,21,15
dl_1695,22,West_exit,22,14
dl_1695,23,West_exit,23,15
dl_1695,3,East_exit,3,3
dl_1695,4,East_exit,4,3
dl_1696,16,,,
dl_1696,17,East_exit,17,12
dl_1696,5,East_exit,5,4
dl_1696,12,West_exit,12,8
dl_1696,13,East_exit,13,9
dl_1696,11,East_exit,11,8
dl_1696,8,East_exit,8,6
dl_1696,6,West_exit,6,4
dl_1696,7,East_exit,7,5
dl_1696,9,West_exit,9,6
dl_1696,3,East_exit,3,3
dl_1696,4,East_exit,4,3
dl_1696,18,West_exit,18,12
dl_1696,15,West_exit,15,10
dl_1696,16,East_exit,16,11
dl_1696,21,East_exit,21,15
dl_1696,22,West_exit,22,14
dl_1696,23,West_exit,23,15
dl_1697,14,,,
dl_1697,17,East_exit,17,12
dl_1697,12,West_exit,12,8
dl_1697,13,East_exit,13,9
dl_1697,11,East_exit,11,8
dl_1697,8,East_exit,8,6
dl_1697,6,West_exit,6,4
dl_1697,7,East_exit,7,5
dl_1697,5,East_exit,5,4
dl_1697,9,West_exit,9,6
dl_1697,18,West_exit,18,12
dl_1697,15,West_exit,15,10
dl_1697,16,East_exit,16,11
dl_1697,21,East_exit,21,15
dl_1697,22,West_exit,22,14
dl_1697,23,West_exit,23,15
dl_1698,15,,,
dl_1698,17,East_exit,17,12
dl_1698,12,West_exit,12,8
dl_1698,13,East_exit,13,9
dl_1698,11,East_exit,11,8
dl_1698,8,East_exit,8,6
dl_1698,6,West_exit,6,4
dl_1698,7,East_exit,7,5
dl_1698,9,West_exit,9,6
dl_1698,18,West_exit,18,12
dl_1698,15,West_exit,15,10
dl_1698,16,East_exit,16,11
dl_1698,21,East_exit,21,15
dl_1698,22,West_exit,22,14
dl_1698,23,West_exit,23,15
dl_1698,3,East_exit,3,3
dl_1698,4,East_exit,4,3
dl_1699,15,,,
dl_1699,17,East_exit,17,12
dl_1699,5,East_exit,5,4
dl_1699,11,East_exit,11,8
dl_1699,12,West_exit,12,8
dl_1699,13,East_exit,13,9
dl_1699,9,West_exit,9,6
dl_1699,10,East_exit,10,7
dl_1699,6,West_exit,6,4
dl_1699,3,East_exit,3,3
dl_1699,4,East_exit,4,3
dl_1699,18,West_exit,18,12
dl_1699,15,West_exit,15,10
dl_1699,16,East_exit,16,11
dl_1699,21,East_exit,21,15
dl_1699,22,West_exit,22,14
dl_1699,23,West_exit,23,15
dl_1700,15,,,
dl_1700,17,East_exit,17,12
dl_1700,5,East_exit,5,4
dl_1700,12,West_exit,12,8
dl_1700,13,East_exit,13,9
dl_1700,11,East_exit,11,8
dl_1700,9,West_exit,9,6
dl_1700,8,East_exit,8,6
dl_1700,6,West_exit,6,4
dl_1700,3,East_exit,3,3
dl_1700,4,East_exit,4,3
dl_1700,18,West_exit,18,12
dl_1700,15,West_exit,15,10
dl_1700,16,East_exit,16,11
dl_1700,21,East_exit,21,15
dl_1700,22,West_exit,22,14
dl_1700,23,West_exit,23,15
dl_1701,9,,,
dl_1701,12,West_exit,12,8
dl_1701,13,East_exit,13,9
dl_1701,11,East_exit,11,8
dl_1701,17,East_exit,17,12
dl_1701,15,West_exit,15,10
dl_1701,16,East_exit,16,11
dl_1701,18,West_exit,18,12
dl_1701,21,East_exit,21,15
dl_1701,22,West_exit,22,14
dl_1701,23,West_exit,23,15
dl_1702,16,,,
dl_1702,17,East_exit,17,12
dl_1702,15,West_exit,15,10
dl_1702,16,East_exit,16,11
dl_1702,18,West_exit,18,12
dl_1702,21,East_exit,21,15
dl_1702,22,West_exit,22,14
dl_1702,23,West_exit,23,15
dl_1702,5,East_exit,5,4
dl_1702,8,East_exit,8,6
dl_1702,6,West_exit,6,4
dl_1702,7,East_exit,7,5
dl_1702,9,West_exit,9,6
dl_1702,10,East_exit,10,7
dl_1702,3,East_exit,3,3
dl_1702,4,East_exit,4,3
dl_1702,12,West_exit,12,8
dl_1702,13,East_exit,13,9
dl_1703,14,,,
dl_1703,17,East_exit,17,12
dl_1703,15,West_exit,15,10
dl_1703,16,East_exit,16,11
dl_1703,18,West_exit,18,12
dl_1703,21,East_exit,21,15
dl_1703,22,West_exit,22,14
dl_1703,23,West_exit,23,15
dl_1703,8,East_exit,8,6
dl_1703,6,West_exit,6,4
dl_1703,7,East_exit,7,5
dl_1703,5,East_exit,5,4
dl_1703,9,West_exit,9,6
dl_1703,10,East_exit,10,7
dl_1703,12,West_exit,12,8
dl_1703,13,East_exit,13,9
dl_1704,15,,,
dl_1704,17,East_exit,17,12
dl_1704,15,West_exit,15,10
dl_1704,16,East_exit,16,11
dl_1704,18,West_exit,18,12
dl_1704,21,East_exit,21,15
dl_1704,22,West_exit,22,14
dl_1704,23,West_exit,23,15
dl_1704,8,East_exit,8,6
dl_1704,6,West_exit,6,4
dl_1704,7,East_exit,7,5
dl_1704,9,West_exit,9,6
dl_1704,10,East_exit,10,7
dl_1704,12,West_exit,12,8
dl_1704,13,East_exit,13,9
dl_1704,3,East_exit,3,3
dl_1704,4,East_exit,4,3
dl_1705,15,,,
dl_1705,17,East_exit,17,12
dl_1705,15,West_exit,15,10
dl_1705,16,East_exit,16,11
dl_1705,18,West_exit,18,12
dl_1705,21,East_exit,21,15
dl_1705,22,West_exit,22,14
dl_1705,23,West_exit,23,15
dl_1705,5,East_exit,5,4
dl_1705,9,West_exit,9,6
dl_1705,10,East_exit,10,7
dl_1705,8,East_exit,8,6
dl_1705,6,West_exit,6,4
dl_1705,3,East_exit,3,3
dl_1705,4,East_exit,4,3
dl_1705,12,West_exit,12,8
dl_1705,13,East_exit,13,9
dl_1706,13,,,
dl_1706,17,East_exit,17,12
dl_1706,12,West_exit,12,8
dl_1706,13,East_exit,13,9
dl_1706,9,West_exit,9,6
dl_1706,10,East_exit,10,7
dl_1706,8,East_exit,8,6
dl_1706,6,East_exit,6,5
dl_1706,7,East_exit,7,5
dl_1706,18,West_exit,18,12
dl_1706,15,West_exit,15,10
dl_1706,16,East_exit,16,11
dl_1706,21,East_exit,21,15
dl_1706,22,West_exit,22,14
dl_1706,23,West_exit,23,15
dl_1707,11,,,
dl_1707,17,East_exit,17,12
dl_1707,12,West_exit,12,8
dl_1707,13,East_exit,13,9
dl_1707,9,West_exit,9,6
dl_1707,10,East_exit,10,7
dl_1707,8,East_exit,8,6
dl_1707,18,West_exit,18,12
dl_1707,15,West_exit,15,10
dl_1707,16,East_exit,16,11
dl_1707,21,East_exit,21,15
dl_1707,22,West_exit,22,14
dl_1707,23,West_exit,23,15
dl_1708,15,,,
dl_1708,5,East_exit,5,4
dl_1708,17,East_exit,17,12
dl_1708,15,West_exit,15,10
dl_1708,16,East_exit,16,11
dl_1708,18,West_exit,18,12
dl_1708,12,West_exit,12,8
dl_1708,13,East_exit,13,9
dl_1708,9,West_exit,9,6
dl_1708,10,East_exit,10,7
dl_1708,6,West_exit,6,4
dl_1708,7,East_exit,7,5
dl_1708,3,East_exit,3,3
dl_1708,4,East_exit,4,3
dl_1708,21,East_exit,21,15
dl_1708,22,West_exit,22,14
dl_1708,23,West_exit,23,15
dl_1709,13,,,
dl_1709,17,East_exit,17,12
dl_1709,12,West_exit,12,8
dl_1709,13,East_exit,13,9
dl_1709,9,West_exit,9,6
dl_1709,10,East_exit,10,7
dl_1709,6,West_exit,6,4
dl_1709,7,East_exit,7,5
dl_1709,5,East_exit,5,4
dl_1709,15,West_exit,15,10
dl_1709,16,East_exit,16,11
dl_1709,18,West_exit,18,12
dl_1709,21,East_exit,21,15
dl_1709,22,West_exit,22,14
dl_1709,23,West_exit,23,15
dl_1710,14,,,
dl_1710,17,East_exit,17,12
dl_1710,12,West_exit,12,8
dl_1710,13,East_exit,13,9
dl_1710,9,West_exit,9,6
dl_1710,10,East_exit,10,7
dl_1710,6,West_exit,6,4
dl_1710,7,East_exit,7,5
dl_1710,15,West_exit,15,10
dl_1710,16,East_exit,16,11
dl_1710,18,West_exit,18,12
dl_1710,21,East_exit,21,15
dl_1710,22,West_exit,22,14
dl_1710,23,West_exit,23,15
dl_1710,3,East_exit,3,3
dl_1710,4,East_exit,4,3
dl_1711,12,,,
dl_1711,8,East_exit,8,6
dl_1711,18,West_exit,18,12
dl_1711,17,East_exit,17,12
dl_1711,20,West_exit,20,13
dl_1711,14,East_exit,14,10
dl_1711,12,West_exit,12,8
dl_1711,13,East_exit,13,9
dl_1711,11,East_exit,11,8
dl_1711,15,West_exit,15,10
dl_1711,9,West_exit,9,6
dl_1711,10,East_exit,10,7
dl_1711,6,East_exit,6,5
dl_1711,7,East_exit,7,5
dl_1712,10,,,
dl_1712,18,West_exit,18,12
dl_1712,17,East_exit,17,12
dl_1712,20,West_exit,20,13
dl_1712,14,East_exit,14,10
dl_1712,12,West_exit,12,8
dl_1712,13,East_exit,13,9
dl_1712,11,East_exit,11,8
dl_1712,15,West_exit,15,10
dl_1712,9,West_exit,9,6
dl_1712,10,East_exit,10,7
dl_1712,8,East_exit,8,6
dl_1713,14,,,
dl_1713,18,West_exit,18,12
dl_1713,17,East_exit,17,12
dl_1713,5,East_exit,5,4
dl_1713,11,East_exit,11,8
dl_1713,14,East_exit,14,10
dl_1713,15,West_exit,15,10
dl_1713,12,West_exit,12,8
dl_1713,13,East_exit,13,9
dl_1713,9,West_exit,9,6
dl_1713,10,East_exit,10,7
dl_1713,6,West_exit,6,4
dl_1713,7,East_exit,7,5
dl_1713,3,East_exit,3,3
dl_1713,4,East_exit,4,3
dl_1713,20,West_exit,20,13
dl_1714,12,,,
dl_1714,18,West_exit,18,12
dl_1714,17,East_exit,17,12
dl_1714,11,East_exit,11,8
dl_1714,14,East_exit,14,10
dl_1714,15,West_exit,15,10
dl_1714,12,West_exit,12,8
dl_1714,13,East_exit,13,9
dl_1714,9,West_exit,9,6
dl_1714,10,East_exit,10,7
dl_1714,6,West_exit,6,4
dl_1714,7,East_exit,7,5
dl_1714,5,East_exit,5,4
dl_1714,20,West_exit,20,13
dl_1715,13,,,
dl_1715,18,West_exit,18,12
dl_1715,17,East_exit,17,12
dl_1715,11,East_exit,11,8
dl_1715,14,East_exit,14,10
dl_1715,15,West_exit,15,10
dl_1715,12,West_exit,12,8
dl_1715,13,East_exit,13,9
dl_1715,9,West_exit,9,6
dl_1715,10,East_exit,10,7
dl_1715,6,West_exit,6,4
dl_1715,7,East_exit,7,5
dl_1715,20,West_exit,20,13
dl_1715,3,East_exit,3,3
dl_1715,4,East_exit,4,3
dl_1716,14,,,
dl_1716,5,East_exit,5,4
dl_1716,14,East_exit,14,10
dl_1716,12,West_exit,12,8
dl_1716,13,East_exit,13,9
dl_1716,11,East_exit,11,8
dl_1716,8,East_exit,8,6
dl_1716,6,West_exit,6,4
dl_1716,7,East_exit,7,5
dl_1716,15,West_exit,15,10
dl_1716,17,East_exit,17,12
dl_1716,9,West_exit,9,6
dl_1716,3,East_exit,3,3
dl_1716,4,East_exit,4,3
dl_1716,18,West_exit,18,12
dl_1716,20,West_exit,20,13
dl_1717,12,,,
dl_1717,8,East_exit,8,6
dl_1717,6,West_exit,6,4
dl_1717,7,East_exit,7,5
dl_1717,5,East_exit,5,4
dl_1717,14,East_exit,14,10
dl_1717,12,West_exit,12,8
dl_1717,13,East_exit,13,9
dl_1717,11,East_exit,11,8
dl_1717,15,West_exit,15,10
dl_1717,17,East_exit,17,12
dl_1717,9,West_exit,9,6
dl_1717,18,West_exit,18,12
dl_1717,20,West_exit,20,13
dl_1718,13,,,
dl_1718,8,East_exit,8,6
dl_1718,6,West_exit,6,4
dl_1718,7,East_exit,7,5
dl_1718,14,East_exit,14,10
dl_1718,12,West_exit,12,8
dl_1718,13,East_exit,13,9
dl_1718,11,East_exit,11,8
dl_1718,15,West_exit,15,10
dl_1718,17,East_exit,17,12
dl_1718,9,West_exit,9,6
dl_1718,18,West_exit,18,12
dl_1718,20,West_exit,20,13
dl_1718,3,East_exit,3,3
dl_1718,4,East_exit,4,3
dl_1719,13,,,
dl_1719,5,East_exit,5,4
dl_1719,11,East_exit,11,8
dl_1719,14,East_exit,14,10
dl_1719,12,West_exit,12,8
dl_1719,13,East_exit,13,9
dl_1719,15,West_exit,15,10
dl_1719,17,East_exit,17,12
dl_1719,9,West_exit,9,6
dl_1719,10,East_exit,10,7
dl_1719,6,West_exit,6,4
dl_1719,3,East_exit,3,3
dl_1719,4,East_exit,4,3
dl_1719,18,West_exit,18,12
dl_1719,20,West_exit,20,13
dl_1720,13,,,
dl_1720,5,East_exit,5,4
dl_1720,14,East_exit,14,10
dl_1720,12,West_exit,12,8
dl_1720,13,East_exit,13,9
dl_1720,11,East_exit,11,8
dl_1720,18,West_exit,18,12
dl_1720,17,East_exit,17,12
dl_1720,20,West_exit,20,13
dl_1720,15,West_exit,15,10
dl_1720,9,West_exit,9,6
dl_1720,8,East_exit,8,6
dl_1720,6,West_exit,6,4
dl_1720,3,East_exit,3,3
dl_1720,4,East_exit,4,3
dl_1721,7,,,
dl_1721,18,West_exit,18,12
dl_1721,17,East_exit,17,12
dl_1721,20,West_exit,20,13
dl_1721,14,East_exit,14,10
dl_1721,12,West_exit,12,8
dl_1721,13,East_exit,13,9
dl_1721,11,East_exit,11,8
dl_1721,15,West_exit,15,10
dl_1722,14,,,
dl_1722,14,East_exit,14,10
dl_1722,9,West_exit,9,6
dl_1722,10,East_exit,10,7
dl_1722,8,East_exit,8,6
dl_1722,6,West_exit,6,4
dl_1722,7,East_exit,7,5
dl_1722,5,East_exit,5,4
dl_1722,3,East_exit,3,3
dl_1722,4,East_exit,4,3
dl_1722,18,West_exit,18,12
dl_1722,17,East_exit,17,12
dl_1722,20,West_exit,20,13
dl_1722,15,West_exit,15,10
dl_1722,12,West_exit,12,8
dl_1722,13,East_exit,13,9
dl_1723,12,,,
dl_1723,14,East_exit,14,10
dl_1723,9,West_exit,9,6
dl_1723,10,East_exit,10,7
dl_1723,8,East_exit,8,6
dl_1723,6,West_exit,6,4
dl_1723,7,East_exit,7,5
dl_1723,5,East_exit,5,4
dl_1723,18,West_exit,18,12
dl_1723,17,East_exit,17,12
dl_1723,20,West_exit,20,13
dl_1723,15,West_exit,15,10
dl_1723,12,West_exit,12,8
dl_1723,13,East_exit,13,9
dl_1724,13,,,
dl_1724,14,East_exit,14,10
dl_1724,9,West_exit,9,6
dl_1724,10,East_exit,10,7
dl_1724,8,East_exit,8,6
dl_1724,6,West_exit,6,4
dl_1724,7,East_exit,7,5
dl_1724,18,West_exit,18,12
dl_1724,17,East_exit,17,12
dl_1724,20,West_exit,20,13
dl_1724,15,West_exit,15,10
dl_1724,12,West_exit,12,8
dl_1724,13,East_exit,13,9
dl_1724,3,East_exit,3,3
dl_1724,4,East_exit,4,3
dl_1725,13,,,
dl_1725,14,East_exit,14,10
dl_1725,9,West_exit,9,6
dl_1725,10,East_exit,10,7
dl_1725,8,East_exit,8,6
dl_1725,5,East_exit,5,4
dl_1725,6,West_exit,6,4
dl_1725,3,East_exit,3,3
dl_1725,4,East_exit,4,3
dl_1725,18,West_exit,18,12
dl_1725,17,East_exit,17,12
dl_1725,20,West_exit,20,13
dl_1725,15,West_exit,15,10
dl_1725,12,West_exit,12,8
dl_1725,13,East_exit,13,9
dl_1726,11,,,
dl_1726,18,West_exit,18,12
dl_1726,17,East_exit,17,12
dl_1726,14,East_exit,14,10
dl_1726,8,East_exit,8,6
dl_1726,9,West_exit,9,6
dl_1726,10,East_exit,10,7
dl_1726,6,East_exit,6,5
dl_1726,7,East_exit,7,5
dl_1726,15,West_exit,15,10
dl_1726,12,West_exit,12,8
dl_1726,13,East_exit,13,9
dl_1726,20,West_exit,20,13
dl_1727,9,,,
dl_1727,18,West_exit,18,12
dl_1727,17,East_exit,17,12
dl_1727,14,East_exit,14,10
dl_1727,9,West_exit,9,6
dl_1727,10,East_exit,10,7
dl_1727,8,East_exit,8,6
dl_1727,15,West_exit,15,10
dl_1727,12,West_exit,12,8
dl_1727,13,East_exit,13,9
dl_1727,20,West_exit,20,13
dl_1728,13,,,
dl_1728,5,East_exit,5,4
dl_1728,14,East_exit,14,10
dl_1728,18,West_exit,18,12
dl_1728,17,East_exit,17,12
dl_1728,20,West_exit,20,13
dl_1728,12,West_exit,12,8
dl_1728,13,East_exit,13,9
dl_1728,15,West_exit,15,10
dl_1728,9,West_exit,9,6
dl_1728,10,East_exit,10,7
dl_1728,6,West_exit,6,4
dl_1728,7,East_exit,7,5
dl_1728,3,East_exit,3,3
dl_1728,4,East_exit,4,3
dl_1729,11,,,
dl_1729,14,East_exit,14,10
dl_1729,18,West_exit,18,12
dl_1729,17,East_exit,17,12
dl_1729,20,West_exit,20,13
dl_1729,12,West_exit,12,8
dl_1729,13,East_exit,13,9
dl_1729,15,West_exit,15,10
dl_1729,9,West_exit,9,6
dl_1729,10,East_exit,10,7
dl_1729,6,West_exit,6,4
dl_1729,7,East_exit,7,5
dl_1729,5,East_exit,5,4
dl_1730,12,,,
dl_1730,14,East_exit,14,10
dl_1730,18,West_exit,18,12
dl_1730,17,East_exit,17,12
dl_1730,20,West_exit,20,13
dl_1730,12,West_exit,12,8
dl_1730,13,East_exit,13,9
dl_1730,15,West_exit,15,10
dl_1730,9,West_exit,9,6
dl_1730,10,East_exit,10,7
dl_1730,6,West_exit,6,4
dl_1730,7,East_exit,7,5
dl_1730,3,East_exit,3,3
dl_1730,4,East_exit,4,3
dl_1731,14,,,
dl_1731,8,East_exit,8,6
dl_1731,18,West_exit,18,12
dl_1731,17,East_exit,17,12
dl_1731,14,East_exit,14,10
dl_1731,12,West_exit,12,8
dl_1731,13,East_exit,13,9
dl_1731,11,East_exit,11,8
dl_1731,15,West_exit,15,10
dl_1731,9,West_exit,9,6
dl_1731,10,East_exit,10,7
dl_1731,6,East_exit,6,5
dl_1731,7,East_exit,7,5
dl_1731,21,East_exit,21,15
dl_1731,22,West_exit,22,14
dl_1731,23,West_exit,23,15
dl_1732,12,,,
dl_1732,18,West_exit,18,12
dl_1732,17,East_exit,17,12
dl_1732,14,East_exit,14,10
dl_1732,12,West_exit,12,8
dl_1732,13,East_exit,13,9
dl_1732,11,East_exit,11,8
dl_1732,15,West_exit,15,10
dl_1732,9,West_exit,9,6
dl_1732,10,East_exit,10,7
dl_1732,8,East_exit,8,6
dl_1732,21,East_exit,21,15
dl_1732,22,West_exit,22,14
dl_1732,23,West_exit,23,15
dl_1733,16,,,
dl_1733,5,East_exit,5,4
dl_1733,11,East_exit,11,8
dl_1733,14,East_exit,14,10
dl_1733,15,West_exit,15,10
dl_1733,17,East_exit,17,12
dl_1733,12,West_exit,12,8
dl_1733,13,East_exit,13,9
dl_1733,9,West_exit,9,6
dl_1733,10,East_exit,10,7
dl_1733,6,West_exit,6,4
dl_1733,7,East_exit,7,5
dl_1733,3,East_exit,3,3
dl_1733,4,East_exit,4,3
dl_1733,18,West_exit,18,12
dl_1733,21,East_exit,21,15
dl_1733,22,West_exit,22,14
dl_1733,23,West_exit,23,15
dl_1734,14,,,
dl_1734,11,East_exit,11,8
dl_1734,14,East_exit,14,10
dl_1734,15,West_exit,15,10
dl_1734,17,East_exit,17,12
dl_1734,12,West_exit,12,8
dl_1734,13,East_exit,13,9
dl_1734,9,West_exit,9,6
dl_1734,10,East_exit,10,7
dl_1734,6,West_exit,6,4
dl_1734,7,East_exit,7,5
dl_1734,5,East_exit,5,4
dl_1734,18,West_exit,18,12
dl_1734,21,East_exit,21,15
dl_1734,22,West_exit,22,14
dl_1734,23,West_exit,23,15
dl_1735,15,,,
dl_1735,11,East_exit,11,8
dl_1735,14,East_exit,14,10
dl_1735,15,West_exit,15,10
dl_1735,17,East_exit,17,12
dl_1735,12,West_exit,12,8
dl_1735,13,East_exit,13,9
dl_1735,9,West_exit,9,6
dl_1735,10,East_exit,10,7
dl_1735,6,West_exit,6,4
dl_1735,7,East_exit,7,5
dl_1735,18,West_exit,18,12
dl_1735,21,East_exit,21,15
dl_1735,22,West_exit,22,14
dl_1735,23,West_exit,23,15
dl_1735,3,East_exit,3,3
dl_1735,4,East_exit,4,3
dl_1736,16,,,
dl_1736,5,East_exit,5,4
dl_1736,14,East_exit,14,10
dl_1736,12,West_exit,12,8
dl_1736,13,East_exit,13,9
dl_1736,11,East_exit,11,8
dl_1736,8,East_exit,8,6
dl_1736,6,West_exit,6,4
dl_1736,7,East_exit,7,5
dl_1736,15,West_exit,15,10
dl_1736,17,East_exit,17,12
dl_1736,9,West_exit,9,6
dl_1736,3,East_exit,3,3
dl_1736,4,East_exit,4,3
dl_1736,18,West_exit,18,12
dl_1736,21,East_exit,21,15
dl_1736,22,West_exit,22,14
dl_1736,23,West_exit,23,15
dl_1737,14,,,
dl_1737,8,East_exit,8,6
dl_1737,6,West_exit,6,4
dl_1737,7,East_exit,7,5
dl_1737,5,East_exit,5,4
dl_1737,14,East_exit,14,10
dl_1737,12,West_exit,12,8
dl_1737,13,East_exit,13,9
dl_1737,11,East_exit,11,8
dl_1737,15,West_exit,15,10
dl_1737,17,East_exit,17,12
dl_1737,9,West_exit,9,6
dl_1737,18,West_exit,18,12
dl_1737,21,East_exit,21,15
dl_1737,22,West_exit,22,14
dl_1737,23,West_exit,23,15
dl_1738,15,,,
dl_1738,8,East_exit,8,6
dl_1738,6,West_exit,6,4
dl_1738,7,East_exit,7,5
dl_1738,14,East_exit,14,10
dl_1738,12,West_exit,12,8
dl_1738,13,East_exit,13,9
dl_1738,11,East_exit,11,8
dl_1738,15,West_exit,15,10
dl_1738,17,East_exit,17,12
dl_1738,9,West_exit,9,6
dl_1738,18,West_exit,18,12
dl_1738,21,East_exit,21,15
dl_1738,22,West_exit,22,14
dl_1738,23,West_exit,23,15
dl_1738,3,East_exit,3,3
dl_1738,4,East_exit,4,3
dl_1739,15,,,
dl_1739,5,East_exit,5,4
dl_1739,11,East_exit,11,8
dl_1739,14,East_exit,14,10
dl_1739,12,West_exit,12,8
dl_1739,13,East_exit,13,9
dl_1739,15,West_exit,15,10
dl_1739,17,East_exit,17,12
dl_1739,9,West_exit,9,6
dl_1739,10,East_exit,10,7
dl_1739,6,West_exit,6,4
dl_1739,3,East_exit,3,3
dl_1739,4,East_exit,4,3
dl_1739,18,West_exit,18,12
dl_1739,21,East_exit,21,15
dl_1739,22,West_exit,22,14
dl_1739,23,West_exit,23,15
dl_1740,15,,,
dl_1740,5,East_exit,5,4
dl_1740,14,East_exit,14,10
dl_1740,12,West_exit,12,8
dl_1740,13,East_exit,13,9
dl_1740,11,East_exit,11,8
dl_1740,18,West_exit,18,12
dl_1740,17,East_exit,17,12
dl_1740,15,West_exit,15,10
dl_1740,9,West_exit,9,6
dl_1740,8,East_exit,8,6
dl_1740,6,West_exit,6,4
dl_1740,3,East_exit,3,3
dl_1740,4,East_exit,4,3
dl_1740,21,East_exit,21,15
dl_1740,22,West_exit,22,14
dl_1740,23,West_exit,23,15
dl_1741,9,,,
dl_1741,18,West_exit,18,12
dl_1741,17,East_exit,17,12
dl_1741,14,East_exit,14,10
dl_1741,12,West_exit,12,8
dl_1741,13,East_exit,13,9
dl_1741,11,East_exit,11,8
dl_1741,15,West_exit,15,10
dl_1741,21,East_exit,21,15
dl_1741,22,West_exit,22,14
dl_1741,23,West_exit,23,15
dl_1742,16,,,
dl_1742,14,East_exit,14,10
dl_1742,9,West_exit,9,6
dl_1742,10,East_exit,10,7
dl_1742,8,East_exit,8,6
dl_1742,6,West_exit,6,4
dl_1742,7,East_exit,7,5
dl_1742,5,East_exit,5,4
dl_1742,3,East_exit,3,3
dl_1742,4,East_exit,4,3
dl_1742,18,West_exit,18,12
dl_1742,17,East_exit,17,12
dl_1742,15,West_exit,15,10
dl_1742,12,West_exit,12,8
dl_1742,13,East_exit,13,9
dl_1742,21,East_exit,21,15
dl_1742,22,West_exit,22,14
dl_1742,23,West_exit,23,15
dl_1743,14,,,
dl_1743,14,East_exit,14,10
dl_1743,9,West_exit,9,6
dl_1743,10,East_exit,10,7
dl_1743,8,East_exit,8,6
dl_1743,6,West_exit,6,4
dl_1743,7,East_exit,7,5
dl_1743,5,East_exit,5,4
dl_1743,18,West_exit,18,12
dl_1743,17,East_exit,17,12
dl_1743,15,West_exit,15,10
dl_1743,12,West_exit,12,8
dl_1743,13,East_exit,13,9
dl_1743,21,East_exit,21,15
dl_1743,22,West_exit,22,14
dl_1743,23,West_exit,23,15
dl_1744,15,,,
dl_1744,14,East_exit,14,10
dl_1744,9,West_exit,9,6
dl_1744,10,East_exit,10,7
dl_1744,8,East_exit,8,6
dl_1744,6,West_exit,6,4
dl_1744,7,East_exit,7,5
dl_1744,18,West_exit,18,12
dl_1744,17,East_exit,17,12
dl_1744,15,West_exit,15,10
dl_1744,12,West_exit,12,8
dl_1744,13,East_exit,13,9
dl_1744,21,East_exit,21,15
dl_1744,22,West_exit,22,14
dl_1744,23,West_exit,23,15
dl_1744,3,East_exit,3,3
dl_1744,4,East_exit,4,3
dl_1745,15,,,
dl_1745,14,East_exit,14,10
dl_1745,9,West_exit,9,6
dl_1745,10,East_exit,10,7
dl_1745,8,East_exit,8,6
dl_1745,5,East_exit,5,4
dl_1745,6,West_exit,6,4
dl_1745,3,East_exit,3,3
dl_1745,4,East_exit,4,3
dl_1745,18,West_exit,18,12
dl_1745,17,East_exit,17,12
dl_1745,15,West_exit,15,10
dl_1745,12,West_exit,12,8
dl_1745,13,East_exit,13,9
dl_1745,21,East_exit,21,15
dl_1745,22,West_exit,22,14
dl_1745,23,West_exit,23,15
dl_1746,13,,,
dl_1746,18,West_exit,18,12
dl_1746,17,East_exit,17,12
dl_1746,14,East_exit,14,10
dl_1746,8,East_exit,8,6
dl_1746,9,West_exit,9,6
dl_1746,10,East_exit,10,7
dl_1746,6,East_exit,6,5
dl_1746,7,East_exit,7,5
dl_1746,15,West_exit,15,10
dl_1746,12,West_exit,12,8
dl_1746,13,East_exit,13,9
dl_1746,21,East_exit,21,15
dl_1746,22,West_exit,22,14
dl_1746,23,West_exit,23,15
dl_1747,11,,,
dl_1747,18,West_exit,18,12
dl_1747,17,East_exit,17,12
dl_1747,14,East_exit,14,10
dl_1747,9,West_exit,9,6
dl_1747,10,East_exit,10,7
dl_1747,8,East_exit,8,6
dl_1747,15,West_exit,15,10
dl_1747,12,West_exit,12,8
dl_1747,13,East_exit,13,9
dl_1747,21,East_exit,21,15
dl_1747,22,West_exit,22,14
dl_1747,23,West_exit,23,15
dl_1748,15,,,
dl_1748,5,East_exit,5,4
dl_1748,14,East_exit,14,10
dl_1748,18,West_exit,18,12
dl_1748,17,East_exit,17,12
dl_1748,12,West_exit,12,8
dl_1748,13,East_exit,13,9
dl_1748,15,West_exit,15,10
dl_1748,21,East_exit,21,15
dl_1748,22,West_exit,22,14
dl_1748,23,West_exit,23,15
dl_1748,9,West_exit,9,6
dl_1748,10,East_exit,10,7
dl_1748,6,West_exit,6,4
dl_1748,7,East_exit,7,5
dl_1748,3,East_exit,3,3
dl_1748,4,East_exit,4,3
dl_1749,13,,,
dl_1749,14,East_exit,14,10
dl_1749,18,West_exit,18,12
dl_1749,17,East_exit,17,12
dl_1749,12,West_exit,12,8
dl_1749,13,East_exit,13,9
dl_1749,15,West_exit,15,10
dl_1749,9,West_exit,9,6
dl_1749,10,East_exit,10,7
dl_1749,6,West_exit,6,4
dl_1749,7,East_exit,7,5
dl_1749,5,East_exit,5,4
dl_1749,21,East_exit,21,15
dl_1749,22,West_exit,22,14
dl_1749,23,West_exit,23,15
dl_1750,14,,,
dl_1750,14,East_exit,14,10
dl_1750,18,West_exit,18,12
dl_1750,17,East_exit,17,12
dl_1750,12,West_exit,12,8
dl_1750,13,East_exit,13,9
dl_1750,15,West_exit,15,10
dl_1750,9,West_exit,9,6
dl_1750,10,East_exit,10,7
dl_1750,6,West_exit,6,4
dl_1750,7,East_exit,7,5
dl_1750,21,East_exit,21,15
dl_1750,22,West_exit,22,14
dl_1750,23,West_exit,23,15
dl_1750,3,East_exit,3,3
dl_1750,4,East_exit,4,3
dl_1751,14,,,
dl_1751,18,West_exit,18,12
dl_1751,17,East_exit,17,12
dl_1751,15,West_exit,15,10
dl_1751,16,East_exit,16,11
dl_1751,14,East_exit,14,10
dl_1751,12,West_exit,12,8
dl_1751,13,East_exit,13,9
dl_1751,11,East_exit,11,8
dl_1751,26,West_exit,26,17
dl_1751,24,East_exit,24,17
dl_1751,25,West_exit,25,16
dl_1751,27,West_exit,27,18
dl_1751,28,West_exit,28,18
dl_1751,21,East_exit,21,15
dl_1751,22,West_exit,22,14
dl_1752,12,,,
dl_1752,18,West_exit,18,12
dl_1752,17,East_exit,17,12
dl_1752,15,West_exit,15,10
dl_1752,16,East_exit,16,11
dl_1752,14,East_exit,14,10
dl_1752,12,West_exit,12,8
dl_1752,13,East_exit,13,9
dl_1752,11,East_exit,11,8
dl_1752,21,East_exit,21,15
dl_1752,22,West_exit,22,14
dl_1752,24,East_exit,24,17
dl_1752,25,West_exit,25,16
dl_1752,26,West_exit,26,17
dl_1753,18,,,
dl_1753,14,East_exit,14,10
dl_1753,8,East_exit,8,6
dl_1753,9,West_exit,9,6
dl_1753,10,East_exit,10,7
dl_1753,6,East_exit,6,5
dl_1753,7,East_exit,7,5
dl_1753,17,East_exit,17,12
dl_1753,15,West_exit,15,10
dl_1753,16,East_exit,16,11
dl_1753,18,West_exit,18,12
dl_1753,12,West_exit,12,8
dl_1753,13,East_exit,13,9
dl_1753,26,West_exit,26,17
dl_1753,24,East_exit,24,17
dl_1753,25,West_exit,25,16
dl_1753,27,West_exit,27,18
dl_1753,28,West_exit,28,18
dl_1753,21,East_exit,21,15
dl_1753,22,West_exit,22,14
dl_1754,16,,,
dl_1754,14,East_exit,14,10
dl_1754,9,West_exit,9,6
dl_1754,10,East_exit,10,7
dl_1754,8,East_exit,8,6
dl_1754,17,East_exit,17,12
dl_1754,15,West_exit,15,10
dl_1754,16,East_exit,16,11
dl_1754,18,West_exit,18,12
dl_1754,12,West_exit,12,8
dl_1754,13,East_exit,13,9
dl_1754,26,West_exit,26,17
dl_1754,24,East_exit,24,17
dl_1754,25,West_exit,25,16
dl_1754,27,West_exit,27,18
dl_1754,28,West_exit,28,18
dl_1754,21,East_exit,21,15
dl_1754,22,West_exit,22,14
dl_1755,16,,,
dl_1755,14,East_exit,14,10
dl_1755,8,East_exit,8,6
dl_1755,9,West_exit,9,6
dl_1755,10,East_exit,10,7
dl_1755,6,East_exit,6,5
dl_1755,7,East_exit,7,5
dl_1755,17,East_exit,17,12
dl_1755,15,West_exit,15,10
dl_1755,16,East_exit,16,11
dl_1755,18,West_exit,18,12
dl_1755,12,West_exit,12,8
dl_1755,13,East_exit,13,9
dl_1755,21,East_exit,21,15
dl_1755,22,West_exit,22,14
dl_1755,24,East_exit,24,17
dl_1755,25,West_exit,25,16
dl_1755,26,West_exit,26,17
dl_1756,14,,,
dl_1756,14,East_exit,14,10
dl_1756,9,West_exit,9,6
dl_1756,10,East_exit,10,7
dl_1756,8,East_exit,8,6
dl_1756,17,East_exit,17,12
dl_1756,15,West_exit,15,10
dl_1756,16,East_exit,16,11
dl_1756,18,West_exit,18,12
dl_1756,12,West_exit,12,8
dl_1756,13,East_exit,13,9
dl_1756,21,East_exit,21,15
dl_1756,22,West_exit,22,14
dl_1756,24,East_exit,24,17
dl_1756,25,West_exit,25,16
dl_1756,26,West_exit,26,17
dl_1757,20,,,
dl_1757,5,East_exit,5,4
dl_1757,14,East_exit,14,10
dl_1757,18,West_exit,18,12
dl_1757,17,East_exit,17,12
dl_1757,15,West_exit,15,10
dl_1757,16,East_exit,16,11
dl_1757,12,West_exit,12,8
dl_1757,13,East_exit,13,9
dl_1757,9,West_exit,9,6
dl_1757,10,East_exit,10,7
dl_1757,6,West_exit,6,4
dl_1757,7,East_exit,7,5
dl_1757,3,East_exit,3,3
dl_1757,4,East_exit,4,3
dl_1757,26,West_exit,26,17
dl_1757,24,East_exit,24,17
dl_1757,25,West_exit,25,16
dl_1757,27,West_exit,27,18
dl_1757,28,West_exit,28,18
dl_1757,21,East_exit,21,15
dl_1757,22,West_exit,22,14
dl_1758,18,,,
dl_1758,14,East_exit,14,10
dl_1758,18,West_exit,18,12
dl_1758,17,East_exit,17,12
dl_1758,15,West_exit,15,10
dl_1758,16,East_exit,16,11
dl_1758,12,West_exit,12,8
dl_1758,13,East_exit,13,9
dl_1758,9,West_exit,9,6
dl_1758,10,East_exit,10,7
dl_1758,6,West_exit,6,4
dl_1758,7,East_exit,7,5
dl_1758,5,East_exit,5,4
dl_1758,26,West_exit,26,17
dl_1758,24,East_exit,24,17
dl_1758,25,West_exit,25,16
dl_1758,27,West_exit,27,18
dl_1758,28,West_exit,28,18
dl_1758,21,East_exit,21,15
dl_1758,22,West_exit,22,14
dl_1759,18,,,
dl_1759,5,East_exit,5,4
dl_1759,14,East_exit,14,10
dl_1759,18,West_exit,18,12
dl_1759,17,East_exit,17,12
dl_1759,15,West_exit,15,10
dl_1759,16,East_exit,16,11
dl_1759,12,West_exit,12,8
dl_1759,13,East_exit,13,9
dl_1759,9,West_exit,9,6
dl_1759,10,East_exit,10,7
dl_1759,6,West_exit,6,4
dl_1759,7,East_exit,7,5
dl_1759,3,East_exit,3,3
dl_1759,4,East_exit,4,3
dl_1759,21,East_exit,21,15
dl_1759,22,West_exit,22,14
dl_1759,24,East_exit,24,17
dl_1759,25,West_exit,25,16
dl_1759,26,West_exit,26,17
dl_1760,16,,,
dl_1760,14,East_exit,14,10
dl_1760,18,West_exit,18,12
dl_1760,17,East_exit,17,12
dl_1760,15,West_exit,15,10
dl_1760,16,East_exit,16,11
dl_1760,12,West_exit,12,8
dl_1760,13,East_exit,13,9
dl_1760,9,West_exit,9,6
dl_1760,10,East_exit,10,7
dl_1760,6,West_exit,6,4
dl_1760,7,East_exit,7,5
dl_1760,5,East_exit,5,4
dl_1760,21,East_exit,21,15
dl_1760,22,West_exit,22,14
dl_1760,24,East_exit,24,17
dl_1760,25,West_exit,25,16
dl_1760,26,West_exit,26,17
dl_1761,19,,,
dl_1761,14,East_exit,14,10
dl_1761,18,West_exit,18,12
dl_1761,17,East_exit,17,12
dl_1761,15,West_exit,15,10
dl_1761,16,East_exit,16,11
dl_1761,12,West_exit,12,8
dl_1761,13,East_exit,13,9
dl_1761,9,West_exit,9,6
dl_1761,10,East_exit,10,7
dl_1761,6,West_exit,6,4
dl_1761,7,East_exit,7,5
dl_1761,26,West_exit,26,17
dl_1761,24,East_exit,24,17
dl_1761,25,West_exit,25,16
dl_1761,27,West_exit,27,18
dl_1761,28,West_exit,28,18
dl_1761,21,East_exit,21,15
dl_1761,22,West_exit,22,14
dl_1761,3,East_exit,3,3
dl_1761,4,East_exit,4,3
dl_1762,17,,,
dl_1762,14,East_exit,14,10
dl_1762,18,West_exit,18,12
dl_1762,17,East_exit,17,12
dl_1762,15,West_exit,15,10
dl_1762,16,East_exit,16,11
dl_1762,12,West_exit,12,8
dl_1762,13,East_exit,13,9
dl_1762,9,West_exit,9,6
dl_1762,10,East_exit,10,7
dl_1762,6,West_exit,6,4
dl_1762,7,East_exit,7,5
dl_1762,21,East_exit,21,15
dl_1762,22,West_exit,22,14
dl_1762,24,East_exit,24,17
dl_1762,25,West_exit,25,16
dl_1762,26,West_exit,26,17
dl_1762,3,East_exit,3,3
dl_1762,4,East_exit,4,3
dl_1763,20,,,
dl_1763,14,East_exit,14,10
dl_1763,5,East_exit,5,4
dl_1763,8,East_exit,8,6
dl_1763,6,West_exit,6,4
dl_1763,7,East_exit,7,5
dl_1763,9,West_exit,9,6
dl_1763,3,East_exit,3,3
dl_1763,4,East_exit,4,3
dl_1763,18,West_exit,18,12
dl_1763,17,East_exit,17,12
dl_1763,15,West_exit,15,10
dl_1763,16,East_exit,16,11
dl_1763,12,West_exit,12,8
dl_1763,13,East_exit,13,9
dl_1763,26,West_exit,26,17
dl_1763,24,East_exit,24,17
dl_1763,25,West_exit,25,16
dl_1763,27,West_exit,27,18
dl_1763,28,West_exit,28,18
dl_1763,21,East_exit,21,15
dl_1763,22,West_exit,22,14
dl_1764,18,,,
dl_1764,14,East_exit,14,10
dl_1764,8,East_exit,8,6
dl_1764,6,West_exit,6,4
dl_1764,7,East_exit,7,5
dl_1764,5,East_exit,5,4
dl_1764,9,West_exit,9,6
dl_1764,18,West_exit,18,12
dl_1764,17,East_exit,17,12
dl_1764,15,West_exit,15,10
dl_1764,16,East_exit,16,11
dl_1764,12,West_exit,12,8
dl_1764,13,East_exit,13,9
dl_1764,26,West_exit,26,17
dl_1764,24,East_exit,24,17
dl_1764,25,West_exit,25,16
dl_1764,27,West_exit,27,18
dl_1764,28,West_exit,28,18
dl_1764,21,East_exit,21,15
dl_1764,22,West_exit,22,14
dl_1765,18,,,
dl_1765,14,East_exit,14,10
dl_1765,5,East_exit,5,4
dl_1765,8,East_exit,8,6
dl_1765,6,West_exit,6,4
dl_1765,7,East_exit,7,5
dl_1765,9,West_exit,9,6
dl_1765,3,East_exit,3,3
dl_1765,4,East_exit,4,3
dl_1765,18,West_exit,18,12
dl_1765,17,East_exit,17,12
dl_1765,15,West_exit,15,10
dl_1765,16,East_exit,16,11
dl_1765,12,West_exit,12,8
dl_1765,13,East_exit,13,9
dl_1765,21,East_exit,21,15
dl_1765,22,West_exit,22,14
dl_1765,24,East_exit,24,17
dl_1765,25,West_exit,25,16
dl_1765,26,West_exit,26,17
dl_1766,16,,,
dl_1766,14,East_exit,14,10
dl_1766,8,East_exit,8,6
dl_1766,6,West_exit,6,4
dl_1766,7,East_exit,7,5
dl_1766,5,East_exit,5,4
dl_1766,9,West_exit,9,6
dl_1766,18,West_exit,18,12
dl_1766,17,East_exit,17,12
dl_1766,15,West_exit,15,10
dl_1766,16,East_exit,16,11
dl_1766,12,West_exit,12,8
dl_1766,13,East_exit,13,9
dl_1766,21,East_exit,21,15
dl_1766,22,West_exit,22,14
dl_1766,24,East_exit,24,17
dl_1766,25,West_exit,25,16
dl_1766,26,West_exit,26,17
dl_1767,19,,,
dl_1767,14,East_exit,14,10
dl_1767,8,East_exit,8,6
dl_1767,6,West_exit,6,4
dl_1767,7,East_exit,7,5
dl_1767,9,West_exit,9,6
dl_1767,18,West_exit,18,12
dl_1767,17,East_exit,17,12
dl_1767,15,West_exit,15,10
dl_1767,16,East_exit,16,11
dl_1767,12,West_exit,12,8
dl_1767,13,East_exit,13,9
dl_1767,3,East_exit,3,3
dl_1767,4,East_exit,4,3
dl_1767,24,East_exit,24,17
dl_1767,25,West_exit,25,16
dl_1767,26,West_exit,26,17
dl_1767,27,West_exit,27,18
dl_1767,28,West_exit,28,18
dl_1767,21,East_exit,21,15
dl_1767,22,West_exit,22,14
dl_1768,17,,,
dl_1768,14,East_exit,14,10
dl_1768,8,East_exit,8,6
dl_1768,6,West_exit,6,4
dl_1768,7,East_exit,7,5
dl_1768,9,West_exit,9,6
dl_1768,18,West_exit,18,12
dl_1768,17,East_exit,17,12
dl_1768,15,West_exit,15,10
dl_1768,16,East_exit,16,11
dl_1768,12,West_exit,12,8
dl_1768,13,East_exit,13,9
dl_1768,3,East_exit,3,3
dl_1768,4,East_exit,4,3
dl_1768,21,East_exit,21,15
dl_1768,22,West_exit,22,14
dl_1768,24,East_exit,24,17
dl_1768,25,West_exit,25,16
dl_1768,26,West_exit,26,17
dl_1769,19,,,
dl_1769,5,East_exit,5,4
dl_1769,14,East_exit,14,10
dl_1769,18,West_exit,18,12
dl_1769,17,East_exit,17,12
dl_1769,15,West_exit,15,10
dl_1769,16,East_exit,16,11
dl_1769,12,West_exit,12,8
dl_1769,13,East_exit,13,9
dl_1769,9,West_exit,9,6
dl_1769,10,East_exit,10,7
dl_1769,6,West_exit,6,4
dl_1769,3,East_exit,3,3
dl_1769,4,East_exit,4,3
dl_1769,24,East_exit,24,17
dl_1769,25,West_exit,25,16
dl_1769,26,West_exit,26,17
dl_1769,27,West_exit,27,18
dl_1769,28,West_exit,28,18
dl_1769,21,East_exit,21,15
dl_1769,22,West_exit,22,14
dl_1770,17,,,
dl_1770,5,East_exit,5,4
dl_1770,14,East_exit,14,10
dl_1770,18,West_exit,18,12
dl_1770,17,East_exit,17,12
dl_1770,15,West_exit,15,10
dl_1770,16,East_exit,16,11
dl_1770,12,West_exit,12,8
dl_1770,13,East_exit,13,9
dl_1770,9,West_exit,9,6
dl_1770,10,East_exit,10,7
dl_1770,6,West_exit,6,4
dl_1770,3,East_exit,3,3
dl_1770,4,East_exit,4,3
dl_1770,21,East_exit,21,15
dl_1770,22,West_exit,22,14
dl_1770,24,East_exit,24,17
dl_1770,25,West_exit,25,16
dl_1770,26,West_exit,26,17
dl_1771,19,,,
dl_1771,14,East_exit,14,10
dl_1771,5,East_exit,5,4
dl_1771,9,West_exit,9,6
dl_1771,8,East_exit,8,6
dl_1771,6,West_exit,6,4
dl_1771,3,East_exit,3,3
dl_1771,4,East_exit,4,3
dl_1771,18,West_exit,18,12
dl_1771,17,East_exit,17,12
dl_1771,15,West_exit,15,10
dl_1771,16,East_exit,16,11
dl_1771,12,West_exit,12,8
dl_1771,13,East_exit,13,9
dl_1771,26,West_exit,26,17
dl_1771,24,East_exit,24,17
dl_1771,25,West_exit,25,16
dl_1771,27,West_exit,27,18
dl_1771,28,West_exit,28,18
dl_1771,21,East_exit,21,15
dl_1771,22,West_exit,22,14
dl_1772,17,,,
dl_1772,14,East_exit,14,10
dl_1772,5,East_exit,5,4
dl_1772,9,West_exit,9,6
dl_1772,8,East_exit,8,6
dl_1772,6,West_exit,6,4
dl_1772,3,East_exit,3,3
dl_1772,4,East_exit,4,3
dl_1772,18,West_exit,18,12
dl_1772,17,East_exit,17,12
dl_1772,15,West_exit,15,10
dl_1772,16,East_exit,16,11
dl_1772,12,West_exit,12,8
dl_1772,13,East_exit,13,9
dl_1772,21,East_exit,21,15
dl_1772,22,West_exit,22,14
dl_1772,24,East_exit,24,17
dl_1772,25,West_exit,25,16
dl_1772,26,West_exit,26,17
dl_1773,18,,,
dl_1773,8,East_exit,8,6
dl_1773,18,West_exit,18,12
dl_1773,17,East_exit,17,12
dl_1773,15,West_exit,15,10
dl_1773,16,East_exit,16,11
dl_1773,14,East_exit,14,10
dl_1773,11,East_exit,11,8
dl_1773,12,West_exit,12,8
dl_1773,9,West_exit,9,6
dl_1773,10,East_exit,10,7
dl_1773,26,West_exit,26,17
dl_1773,24,East_exit,24,17
dl_1773,25,West_exit,25,16
dl_1773,27,West_exit,27,18
dl_1773,28,West_exit,28,18
dl_1773,21,East_exit,21,15
dl_1773,22,West_exit,22,14
dl_1773,6,East_exit,6,5
dl_1773,7,East_exit,7,5
dl_1774,16,,,
dl_1774,18,West_exit,18,12
dl_1774,17,East_exit,17,12
dl_1774,15,West_exit,15,10
dl_1774,16,East_exit,16,11
dl_1774,14,East_exit,14,10
dl_1774,11,East_exit,11,8
dl_1774,12,West_exit,12,8
dl_1774,9,West_exit,9,6
dl_1774,10,East_exit,10,7
dl_1774,8,East_exit,8,6
dl_1774,26,West_exit,26,17
dl_1774,24,East_exit,24,17
dl_1774,25,West_exit,25,16
dl_1774,27,West_exit,27,18
dl_1774,28,West_exit,28,18
dl_1774,21,East_exit,21,15
dl_1774,22,West_exit,22,14
dl_1775,14,,,
dl_1775,18,West_exit,18,12
dl_1775,17,East_exit,17,12
dl_1775,15,West_exit,15,10
dl_1775,16,East_exit,16,11
dl_1775,14,East_exit,14,10
dl_1775,11,East_exit,11,8
dl_1775,12,West_exit,12,8
dl_1775,9,West_exit,9,6
dl_1775,10,East_exit,10,7
dl_1775,8,East_exit,8,6
dl_1775,21,East_exit,21,15
dl_1775,22,West_exit,22,14
dl_1775,24,East_exit,24,17
dl_1775,25,West_exit,25,16
dl_1775,26,West_exit,26,17
dl_1776,20,,,
dl_1776,5,East_exit,5,4
dl_1776,11,East_exit,11,8
dl_1776,12,West_exit,12,8
dl_1776,14,East_exit,14,10
dl_1776,18,West_exit,18,12
dl_1776,17,East_exit,17,12
dl_1776,15,West_exit,15,10
dl_1776,16,East_exit,16,11
dl_1776,9,West_exit,9,6
dl_1776,10,East_exit,10,7
dl_1776,6,West_exit,6,4
dl_1776,7,East_exit,7,5
dl_1776,3,East_exit,3,3
dl_1776,4,East_exit,4,3
dl_1776,24,East_exit,24,17
dl_1776,25,West_exit,25,16
dl_1776,26,West_exit,26,17
dl_1776,27,West_exit,27,18
dl_1776,28,West_exit,28,18
dl_1776,21,East_exit,21,15
dl_1776,22,West_exit,22,14
dl_1777,18,,,
dl_1777,11,East_exit,11,8
dl_1777,12,West_exit,12,8
dl_1777,14,East_exit,14,10
dl_1777,18,West_exit,18,12
dl_1777,17,East_exit,17,12
dl_1777,15,West_exit,15,10
dl_1777,16,East_exit,16,11
dl_1777,9,West_exit,9,6
dl_1777,10,East_exit,10,7
dl_1777,6,West_exit,6,4
dl_1777,7,East_exit,7,5
dl_1777,5,East_exit,5,4
dl_1777,24,East_exit,24,17
dl_1777,25,West_exit,25,16
dl_1777,26,West_exit,26,17
dl_1777,27,West_exit,27,18
dl_1777,28,West_exit,28,18
dl_1777,21,East_exit,21,15
dl_1777,22,West_exit,22,14
dl_1778,18,,,
dl_1778,5,East_exit,5,4
dl_1778,11,East_exit,11,8
dl_1778,12,West_exit,12,8
dl_1778,14,East_exit,14,10
dl_1778,18,West_exit,18,12
dl_1778,17,East_exit,17,12
dl_1778,15,West_exit,15,10
dl_1778,16,East_exit,16,11
dl_1778,9,West_exit,9,6
dl_1778,10,East_exit,10,7
dl_1778,6,West_exit,6,4
dl_1778,7,East_exit,7,5
dl_1778,3,East_exit,3,3
dl_1778,4,East_exit,4,3
dl_1778,21,East_exit,21,15
dl_1778,22,West_exit,22,14
dl_1778,24,East_exit,24,17
dl_1778,25,West_exit,25,16
dl_1778,26,West_exit,26,17
dl_1779,16,,,
dl_1779,11,East_exit,11,8
dl_1779,12,West_exit,12,8
dl_1779,14,East_exit,14,10
dl_1779,18,West_exit,18,12
dl_1779,17,East_exit,17,12
dl_1779,15,West_exit,15,10
dl_1779,16,East_exit,16,11
dl_1779,9,West_exit,9,6
dl_1779,10,East_exit,10,7
dl_1779,6,West_exit,6,4
dl_1779,7,East_exit,7,5
dl_1779,5,East_exit,5,4
dl_1779,21,East_exit,21,15
dl_1779,22,West_exit,22,14
dl_1779,24,East_exit,24,17
dl_1779,25,West_exit,25,16
dl_1779,26,West_exit,26,17
dl_1780,19,,,
dl_1780,11,East_exit,11,8
dl_1780,12,West_exit,12,8
dl_1780,14,East_exit,14,10
dl_1780,18,West_exit,18,12
dl_1780,17,East_exit,17,12
dl_1780,15,West_exit,15,10
dl_1780,16,East_exit,16,11
dl_1780,9,West_exit,9,6
dl_1780,10,East_exit,10,7
dl_1780,6,West_exit,6,4
dl_1780,7,East_exit,7,5
dl_1780,24,East_exit,24,17
dl_1780,25,West_exit,25,16
dl_1780,26,West_exit,26,17
dl_1780,27,West_exit,27,18
dl_1780,28,West_exit,28,18
dl_1780,21,East_exit,21,15
dl_1780,22,West_exit,22,14
dl_1780,3,East_exit,3,3
dl_1780,4,East_exit,4,3
dl_1781,17,,,
dl_1781,11,East_exit,11,8
dl_1781,12,West_exit,12,8
dl_1781,14,East_exit,14,10
dl_1781,18,West_exit,18,12
dl_1781,17,East_exit,17,12
dl_1781,15,West_exit,15,10
dl_1781,16,East_exit,16,11
dl_1781,9,West_exit,9,6
dl_1781,10,East_exit,10,7
dl_1781,6,West_exit,6,4
dl_1781,7,East_exit,7,5
dl_1781,21,East_exit,21,15
dl_1781,22,West_exit,22,14
dl_1781,24,East_exit,24,17
dl_1781,25,West_exit,25,16
dl_1781,26,West_exit,26,17
dl_1781,3,East_exit,3,3
dl_1781,4,East_exit,4,3
dl_1782,20,,,
dl_1782,5,East_exit,5,4
dl_1782,18,West_exit,18,12
dl_1782,17,East_exit,17,12
dl_1782,15,West_exit,15,10
dl_1782,16,East_exit,16,11
dl_1782,14,East_exit,14,10
dl_1782,12,West_exit,12,8
dl_1782,8,East_exit,8,6
dl_1782,9,West_exit,9,6
dl_1782,6,West_exit,6,4
dl_1782,7,East_exit,7,5
dl_1782,3,East_exit,3,3
dl_1782,4,East_exit,4,3
dl_1782,11,East_exit,11,8
dl_1782,26,West_exit,26,17
dl_1782,24,East_exit,24,17
dl_1782,25,West_exit,25,16
dl_1782,27,West_exit,27,18
dl_1782,28,West_exit,28,18
dl_1782,21,East_exit,21,15
dl_1782,22,West_exit,22,14
dl_1783,18,,,
dl_1783,8,East_exit,8,6
dl_1783,6,West_exit,6,4
dl_1783,7,East_exit,7,5
dl_1783,5,East_exit,5,4
dl_1783,18,West_exit,18,12
dl_1783,17,East_exit,17,12
dl_1783,15,West_exit,15,10
dl_1783,16,East_exit,16,11
dl_1783,14,East_exit,14,10
dl_1783,11,East_exit,11,8
dl_1783,12,West_exit,12,8
dl_1783,9,West_exit,9,6
dl_1783,26,West_exit,26,17
dl_1783,24,East_exit,24,17
dl_1783,25,West_exit,25,16
dl_1783,27,West_exit,27,18
dl_1783,28,West_exit,28,18
dl_1783,21,East_exit,21,15
dl_1783,22,West_exit,22,14
dl_1784,18,,,
dl_1784,5,East_exit,5,4
dl_1784,18,West_exit,18,12
dl_1784,17,East_exit,17,12
dl_1784,15,West_exit,15,10
dl_1784,16,East_exit,16,11
dl_1784,14,East_exit,14,10
dl_1784,12,West_exit,12,8
dl_1784,8,East_exit,8,6
dl_1784,9,West_exit,9,6
dl_1784,6,West_exit,6,4
dl_1784,7,East_exit,7,5
dl_1784,3,East_exit,3,3
dl_1784,4,East_exit,4,3
dl_1784,11,East_exit,11,8
dl_1784,21,East_exit,21,15
dl_1784,22,West_exit,22,14
dl_1784,24,East_exit,24,17
dl_1784,25,West_exit,25,16
dl_1784,26,West_exit,26,17
dl_1785,16,,,
dl_1785,8,East_exit,8,6
dl_1785,6,West_exit,6,4
dl_1785,7,East_exit,7,5
dl_1785,5,East_exit,5,4
dl_1785,18,West_exit,18,12
dl_1785,17,East_exit,17,12
dl_1785,15,West_exit,15,10
dl_1785,16,East_exit,16,11
dl_1785,14,East_exit,14,10
dl_1785,11,East_exit,11,8
dl_1785,12,West_exit,12,8
dl_1785,9,West_exit,9,6
dl_1785,21,East_exit,21,15
dl_1785,22,West_exit,22,14
dl_1785,24,East_exit,24,17
dl_1785,25,West_exit,25,16
dl_1785,26,West_exit,26,17
dl_1786,19,,,
dl_1786,8,East_exit,8,6
dl_1786,6,West_exit,6,4
dl_1786,7,East_exit,7,5
dl_1786,18,West_exit,18,12
dl_1786,17,East_exit,17,12
dl_1786,15,West_exit,15,10
dl_1786,16,East_exit,16,11
dl_1786,14,East_exit,14,10
dl_1786,11,East_exit,11,8
dl_1786,12,West_exit,12,8
dl_1786,9,West_exit,9,6
dl_1786,26,West_exit,26,17
dl_1786,24,East_exit,24,17
dl_1786,25,West_exit,25,16
dl_1786,27,West_exit,27,18
dl_1786,28,West_exit,28,18
dl_1786,21,East_exit,21,15
dl_1786,22,West_exit,22,14
dl_1786,3,East_exit,3,3
dl_1786,4,East_exit,4,3
dl_1787,17,,,
dl_1787,8,East_exit,8,6
dl_1787,6,West_exit,6,4
dl_1787,7,East_exit,7,5
dl_1787,18,West_exit,18,12
dl_1787,17,East_exit,17,12
dl_1787,15,West_exit,15,10
dl_1787,16,East_exit,16,11
dl_1787,14,East_exit,14,10
dl_1787,11,East_exit,11,8
dl_1787,12,West_exit,12,8
dl_1787,9,West_exit,9,6
dl_1787,21,East_exit,21,15
dl_1787,22,West_exit,22,14
dl_1787,24,East_exit,24,17
dl_1787,25,West_exit,25,16
dl_1787,26,West_exit,26,17
dl_1787,3,East_exit,3,3
dl_1787,4,East_exit,4,3
dl_1788,19,,,
dl_1788,11,East_exit,11,8
dl_1788,5,East_exit,5,4
dl_1788,18,West_exit,18,12
dl_1788,17,East_exit,17,12
dl_1788,15,West_exit,15,10
dl_1788,16,East_exit,16,11
dl_1788,14,East_exit,14,10
dl_1788,6,West_exit,6,4
dl_1788,3,East_exit,3,3
dl_1788,4,East_exit,4,3
dl_1788,12,West_exit,12,8
dl_1788,9,West_exit,9,6
dl_1788,10,East_exit,10,7
dl_1788,26,West_exit,26,17
dl_1788,24,East_exit,24,17
dl_1788,25,West_exit,25,16
dl_1788,27,West_exit,27,18
dl_1788,28,West_exit,28,18
dl_1788,21,East_exit,21,15
dl_1788,22,West_exit,22,14
dl_1789,17,,,
dl_1789,11,East_exit,11,8
dl_1789,5,East_exit,5,4
dl_1789,18,West_exit,18,12
dl_1789,17,East_exit,17,12
dl_1789,15,West_exit,15,10
dl_1789,16,East_exit,16,11
dl_1789,14,East_exit,14,10
dl_1789,6,West_exit,6,4
dl_1789,3,East_exit,3,3
dl_1789,4,East_exit,4,3
dl_1789,12,West_exit,12,8
dl_1789,9,West_exit,9,6
dl_1789,10,East_exit,10,7
dl_1789,21,East_exit,21,15
dl_1789,22,West_exit,22,14
dl_1789,24,East_exit,24,17
dl_1789,25,West_exit,25,16
dl_1789,26,West_exit,26,17
dl_1790,19,,,
dl_1790,5,East_exit,5,4
dl_1790,6,West_exit,6,4
dl_1790,8,East_exit,8,6
dl_1790,18,West_exit,18,12
dl_1790,17,East_exit,17,12
dl_1790,15,West_exit,15,10
dl_1790,16,East_exit,16,11
dl_1790,14,East_exit,14,10
dl_1790,11,East_exit,11,8
dl_1790,12,West_exit,12,8
dl_1790,9,West_exit,9,6
dl_1790,3,East_exit,3,3
dl_1790,4,East_exit,4,3
dl_1790,24,East_exit,24,17
dl_1790,25,West_exit,25,16
dl_1790,26,West_exit,26,17
dl_1790,27,West_exit,27,18
dl_1790,28,West_exit,28,18
dl_1790,21,East_exit,21,15
dl_1790,22,West_exit,22,14
dl_1791,17,,,
dl_1791,5,East_exit,5,4
dl_1791,6,West_exit,6,4
dl_1791,8,East_exit,8,6
dl_1791,18,West_exit,18,12
dl_1791,17,East_exit,17,12
dl_1791,15,West_exit,15,10
dl_1791,16,East_exit,16,11
dl_1791,14,East_exit,14,10
dl_1791,11,East_exit,11,8
dl_1791,12,West_exit,12,8
dl_1791,9,West_exit,9,6
dl_1791,3,East_exit,3,3
dl_1791,4,East_exit,4,3
dl_1791,21,East_exit,21,15
dl_1791,22,West_exit,22,14
dl_1791,24,East_exit,24,17
dl_1791,25,West_exit,25,16
dl_1791,26,West_exit,26,17
dl_1792,11,,,
dl_1792,17,East_exit,17,12
dl_1792,15,West_exit,15,10
dl_1792,16,East_exit,16,11
dl_1792,14,East_exit,14,10
dl_1792,18,West_exit,18,12
dl_1792,26,West_exit,26,17
dl_1792,24,East_exit,24,17
dl_1792,25,West_exit,25,16
dl_1792,27,West_exit,27,18
dl_1792,28,West_exit,28,18
dl_1792,21,East_exit,21,15
dl_1792,22,West_exit,22,14
dl_1793,9,,,
dl_1793,17,East_exit,17,12
dl_1793,15,West_exit,15,10
dl_1793,16,East_exit,16,11
dl_1793,14,East_exit,14,10
dl_1793,18,West_exit,18,12
dl_1793,21,East_exit,21,15
dl_1793,22,West_exit,22,14
dl_1793,24,East_exit,24,17
dl_1793,25,West_exit,25,16
dl_1793,26,West_exit,26,17
dl_1794,18,,,
dl_1794,17,East_exit,17,12
dl_1794,8,East_exit,8,6
dl_1794,12,West_exit,12,8
dl_1794,13,East_exit,13,9
dl_1794,11,East_exit,11,8
dl_1794,9,West_exit,9,6
dl_1794,10,East_exit,10,7
dl_1794,6,East_exit,6,5
dl_1794,7,East_exit,7,5
dl_1794,18,West_exit,18,12
dl_1794,15,West_exit,15,10
dl_1794,16,East_exit,16,11
dl_1794,26,West_exit,26,17
dl_1794,24,East_exit,24,17
dl_1794,25,West_exit,25,16
dl_1794,27,West_exit,27,18
dl_1794,28,West_exit,28,18
dl_1794,21,East_exit,21,15
dl_1794,22,West_exit,22,14
dl_1795,16,,,
dl_1795,17,East_exit,17,12
dl_1795,12,West_exit,12,8
dl_1795,13,East_exit,13,9
dl_1795,11,East_exit,11,8
dl_1795,9,West_exit,9,6
dl_1795,10,East_exit,10,7
dl_1795,8,East_exit,8,6
dl_1795,18,West_exit,18,12
dl_1795,15,West_exit,15,10
dl_1795,16,East_exit,16,11
dl_1795,26,West_exit,26,17
dl_1795,24,East_exit,24,17
dl_1795,25,West_exit,25,16
dl_1795,27,West_exit,27,18
dl_1795,28,West_exit,28,18
dl_1795,21,East_exit,21,15
dl_1795,22,West_exit,22,14
dl_1796,16,,,
dl_1796,17,East_exit,17,12
dl_1796,8,East_exit,8,6
dl_1796,12,West_exit,12,8
dl_1796,13,East_exit,13,9
dl_1796,11,East_exit,11,8
dl_1796,9,West_exit,9,6
dl_1796,10,East_exit,10,7
dl_1796,6,East_exit,6,5
dl_1796,7,East_exit,7,5
dl_1796,18,West_exit,18,12
dl_1796,15,West_exit,15,10
dl_1796,16,East_exit,16,11
dl_1796,21,East_exit,21,15
dl_1796,22,West_exit,22,14
dl_1796,24,East_exit,24,17
dl_1796,25,West_exit,25,16
dl_1796,26,West_exit,26,17
dl_1797,14,,,
dl_1797,17,East_exit,17,12
dl_1797,12,West_exit,12,8
dl_1797,13,East_exit,13,9
dl_1797,11,East_exit,11,8
dl_1797,9,West_exit,9,6
dl_1797,10,East_exit,10,7
dl_1797,8,East_exit,8,6
dl_1797,18,West_exit,18,12
dl_1797,15,West_exit,15,10
dl_1797,16,East_exit,16,11
dl_1797,21,East_exit,21,15
dl_1797,22,West_exit,22,14
dl_1797,24,East_exit,24,17
dl_1797,25,West_exit,25,16
dl_1797,26,West_exit,26,17
dl_1798,20,,,
dl_1798,17,East_exit,17,12
dl_1798,5,East_exit,5,4
dl_1798,11,East_exit,11,8
dl_1798,12,West_exit,12,8
dl_1798,13,East_exit,13,9
dl_1798,9,West_exit,9,6
dl_1798,10,East_exit,10,7
dl_1798,6,West_exit,6,4
dl_1798,7,East_exit,7,5
dl_1798,3,East_exit,3,3
dl_1798,4,East_exit,4,3
dl_1798,18,West_exit,18,12
dl_1798,15,West_exit,15,10
dl_1798,16,East_exit,16,11
dl_1798,26,West_exit,26,17
dl_1798,24,East_exit,24,17
dl_1798,25,West_exit,25,16
dl_1798,27,West_exit,27,18
dl_1798,28,West_exit,28,18
dl_1798,21,East_exit,21,15
dl_1798,22,West_exit,22,14
dl_1799,18,,,
dl_1799,17,East_exit,17,12
dl_1799,11,East_exit,11,8
dl_1799,12,West_exit,12,8
dl_1799,13,East_exit,13,9
dl_1799,9,West_exit,9,6
dl_1799,10,East_exit,10,7
dl_1799,6,West_exit,6,4
dl_1799,7,East_exit,7,5
dl_1799,5,East_exit,5,4
dl_1799,18,West_exit,18,12
dl_1799,15,West_exit,15,10
dl_1799,16,East_exit,16,11
dl_1799,26,West_exit,26,17
dl_1799,24,East_exit,24,17
dl_1799,25,West_exit,25,16
dl_1799,27,West_exit,27,18
dl_1799,28,West_exit,28,18
dl_1799,21,East_exit,21,15
dl_1799,22,West_exit,22,14
dl_1800,18,,,
dl_1800,17,East_exit,17,12
dl_1800,5,East_exit,5,4
dl_1800,11,East_exit,11,8
dl_1800,12,West_exit,12,8
dl_1800,13,East_exit,13,9
dl_1800,9,West_exit,9,6
dl_1800,10,East_exit,10,7
dl_1800,6,West_exit,6,4
dl_1800,7,East_exit,7,5
dl_1800,3,East_exit,3,3
dl_1800,4,East_exit,4,3
dl_1800,18,West_exit,18,12
dl_1800,15,West_exit,15,10
dl_1800,16,East_exit,16,11
dl_1800,21,East_exit,21,15
dl_1800,22,West_exit,22,14
dl_1800,24,East_exit,24,17
dl_1800,25,West_exit,25,16
dl_1800,26,West_exit,26,17
dl_1801,16,,,
dl_1801,17,East_exit,17,12
dl_1801,11,East_exit,11,8
dl_1801,12,West_exit,12,8
dl_1801,13,East_exit,13,9
dl_1801,9,West_exit,9,6
dl_1801,10,East_exit,10,7
dl_1801,6,West_exit,6,4
dl_1801,7,East_exit,7,5
dl_1801,5,East_exit,5,4
dl_1801,18,West_exit,18,12
dl_1801,15,West_exit,15,10
dl_1801,16,East_exit,16,11
dl_1801,21,East_exit,21,15
dl_1801,22,West_exit,22,14
dl_1801,24,East_exit,24,17
dl_1801,25,West_exit,25,16
dl_1801,26,West_exit,26,17
dl_1802,19,,,
dl_1802,17,East_exit,17,12
dl_1802,11,East_exit,11,8
dl_1802,12,West_exit,12,8
dl_1802,13,East_exit,13,9
dl_1802,9,West_exit,9,6
dl_1802,10,East_exit,10,7
dl_1802,6,West_exit,6,4
dl_1802,7,East_exit,7,5
dl_1802,18,West_exit,18,12
dl_1802,15,West_exit,15,10
dl_1802,16,East_exit,16,11
dl_1802,26,West_exit,26,17
dl_1802,24,East_exit,24,17
dl_1802,25,West_exit,25,16
dl_1802,27,West_exit,27,18
dl_1802,28,West_exit,28,18
dl_1802,21,East_exit,21,15
dl_1802,22,West_exit,22,14
dl_1802,3,East_exit,3,3
dl_1802,4,East_exit,4,3
dl_1803,17,,,
dl_1803,17,East_exit,17,12
dl_1803,11,East_exit,11,8
dl_1803,12,West_exit,12,8
dl_1803,13,East_exit,13,9
dl_1803,9,West_exit,9,6
dl_1803,10,East_exit,10,7
dl_1803,6,West_exit,6,4
dl_1803,7,East_exit,7,5
dl_1803,18,West_exit,18,12
dl_1803,15,West_exit,15,10
dl_1803,16,East_exit,16,11
dl_1803,21,East_exit,21,15
dl_1803,22,West_exit,22,14
dl_1803,24,East_exit,24,17
dl_1803,25,West_exit,25,16
dl_1803,26,West_exit,26,17
dl_1803,3,East_exit,3,3
dl_1803,4,East_exit,4,3
dl_1804,20,,,
dl_1804,17,East_exit,17,12
dl_1804,5,East_exit,5,4
dl_1804,12,West_exit,12,8
dl_1804,13,East_exit,13,9
dl_1804,11,East_exit,11,8
dl_1804,8,East_exit,8,6
dl_1804,6,West_exit,6,4
dl_1804,7,East_exit,7,5
dl_1804,9,West_exit,9,6
dl_1804,3,East_exit,3,3
dl_1804,4,East_exit,4,3
dl_1804,18,West_exit,18,12
dl_1804,15,West_exit,15,10
dl_1804,16,East_exit,16,11
dl_1804,26,West_exit,26,17
dl_1804,24,East_exit,24,17
dl_1804,25,West_exit,25,16
dl_1804,27,West_exit,27,18
dl_1804,28,West_exit,28,18
dl_1804,21,East_exit,21,15
dl_1804,22,West_exit,22,14
dl_1805,18,,,
dl_1805,17,East_exit,17,12
dl_1805,12,West_exit,12,8
dl_1805,13,East_exit,13,9
dl_1805,11,East_exit,11,8
dl_1805,8,East_exit,8,6
dl_1805,6,West_exit,6,4
dl_1805,7,East_exit,7,5
dl_1805,5,East_exit,5,4
dl_1805,9,West_exit,9,6
dl_1805,18,West_exit,18,12
dl_1805,15,West_exit,15,10
dl_1805,16,East_exit,16,11
dl_1805,24,East_exit,24,17
dl_1805,25,West_exit,25,16
dl_1805,26,West_exit,26,17
dl_1805,27,West_exit,27,18
dl_1805,28,West_exit,28,18
dl_1805,21,East_exit,21,15
dl_1805,22,West_exit,22,14
dl_1806,18,,,
dl_1806,17,East_exit,17,12
dl_1806,5,East_exit,5,4
dl_1806,12,West_exit,12,8
dl_1806,13,East_exit,13,9
dl_1806,11,East_exit,11,8
dl_1806,8,East_exit,8,6
dl_1806,6,West_exit,6,4
dl_1806,7,East_exit,7,5
dl_1806,9,West_exit,9,6
dl_1806,3,East_exit,3,3
dl_1806,4,East_exit,4,3
dl_1806,18,West_exit,18,12
dl_1806,15,West_exit,15,10
dl_1806,16,East_exit,16,11
dl_1806,21,East_exit,21,15
dl_1806,22,West_exit,22,14
dl_1806,24,East_exit,24,17
dl_1806,25,West_exit,25,16
dl_1806,26,West_exit,26,17
dl_1807,16,,,
dl_1807,17,East_exit,17,12
dl_1807,12,West_exit,12,8
dl_1807,13,East_exit,13,9
dl_1807,11,East_exit,11,8
dl_1807,8,East_exit,8,6
dl_1807,6,West_exit,6,4
dl_1807,7,East_exit,7,5
dl_1807,5,East_exit,5,4
dl_1807,9,West_exit,9,6
dl_1807,18,West_exit,18,12
dl_1807,15,West_exit,15,10
dl_1807,16,East_exit,16,11
dl_1807,24,East_exit,24,17
dl_1807,25,West_exit,25,16
dl_1807,26,West_exit,26,17
dl_1807,21,East_exit,21,15
dl_1807,22,West_exit,22,14
dl_1808,19,,,
dl_1808,17,East_exit,17,12
dl_1808,12,West_exit,12,8
dl_1808,13,East_exit,13,9
dl_1808,11,East_exit,11,8
dl_1808,8,East_exit,8,6
dl_1808,6,West_exit,6,4
dl_1808,7,East_exit,7,5
dl_1808,9,West_exit,9,6
dl_1808,18,West_exit,18,12
dl_1808,15,West_exit,15,10
dl_1808,16,East_exit,16,11
dl_1808,3,East_exit,3,3
dl_1808,4,East_exit,4,3
dl_1808,24,East_exit,24,17
dl_1808,25,West_exit,25,16
dl_1808,26,West_exit,26,17
dl_1808,27,West_exit,27,18
dl_1808,28,West_exit,28,18
dl_1808,21,East_exit,21,15
dl_1808,22,West_exit,22,14
dl_1809,17,,,
dl_1809,17,East_exit,17,12
dl_1809,12,West_exit,12,8
dl_1809,13,East_exit,13,9
dl_1809,11,East_exit,11,8
dl_1809,8,East_exit,8,6
dl_1809,6,West_exit,6,4
dl_1809,7,East_exit,7,5
dl_1809,9,West_exit,9,6
dl_1809,18,West_exit,18,12
dl_1809,15,West_exit,15,10
dl_1809,16,East_exit,16,11
dl_1809,3,East_exit,3,3
dl_1809,4,East_exit,4,3
dl_1809,24,East_exit,24,17
dl_1809,25,West_exit,25,16
dl_1809,26,West_exit,26,17
dl_1809,21,East_exit,21,15
dl_1809,22,West_exit,22,14
dl_1810,19,,,
dl_1810,17,East_exit,17,12
dl_1810,5,East_exit,5,4
dl_1810,11,East_exit,11,8
dl_1810,12,West_exit,12,8
dl_1810,13,East_exit,13,9
dl_1810,9,West_exit,9,6
dl_1810,10,East_exit,10,7
dl_1810,6,West_exit,6,4
dl_1810,3,East_exit,3,3
dl_1810,4,East_exit,4,3
dl_1810,18,West_exit,18,12
dl_1810,15,West_exit,15,10
dl_1810,16,East_exit,16,11
dl_1810,24,East_exit,24,17
dl_1810,25,West_exit,25,16
dl_1810,26,West_exit,26,17
dl_1810,27,West_exit,27,18
dl_1810,28,West_exit,28,18
dl_1810,21,East_exit,21,15
dl_1810,22,West_exit,22,14
dl_1811,17,,,
dl_1811,17,East_exit,17,12
dl_1811,5,East_exit,5,4
dl_1811,11,East_exit,11,8
dl_1811,12,West_exit,12,8
dl_1811,13,East_exit,13,9
dl_1811,9,West_exit,9,6
dl_1811,10,East_exit,10,7
dl_1811,6,West_exit,6,4
dl_1811,3,East_exit,3,3
dl_1811,4,East_exit,4,3
dl_1811,18,West_exit,18,12
dl_1811,15,West_exit,15,10
dl_1811,16,East_exit,16,11
dl_1811,24,East_exit,24,17
dl_1811,25,West_exit,25,16
dl_1811,26,West_exit,26,17
dl_1811,21,East_exit,21,15
dl_1811,22,West_exit,22,14
dl_1812,19,,,
dl_1812,17,East_exit,17,12
dl_1812,5,East_exit,5,4
dl_1812,12,West_exit,12,8
dl_1812,13,East_exit,13,9
dl_1812,11,East_exit,11,8
dl_1812,9,West_exit,9,6
dl_1812,8,East_exit,8,6
dl_1812,6,West_exit,6,4
dl_1812,3,East_exit,3,3
dl_1812,4,East_exit,4,3
dl_1812,18,West_exit,18,12
dl_1812,15,West_exit,15,10
dl_1812,16,East_exit,16,11
dl_1812,24,East_exit,24,17
dl_1812,25,West_exit,25,16
dl_1812,26,West_exit,26,17
dl_1812,27,West_exit,27,18
dl_1812,28,West_exit,28,18
dl_1812,21,East_exit,21,15
dl_1812,22,West_exit,22,14
dl_1813,17,,,
dl_1813,17,East_exit,17,12
dl_1813,5,East_exit,5,4
dl_1813,12,West_exit,12,8
dl_1813,13,East_exit,13,9
dl_1813,11,East_exit,11,8
dl_1813,9,West_exit,9,6
dl_1813,8,East_exit,8,6
dl_1813,6,West_exit,6,4
dl_1813,3,East_exit,3,3
dl_1813,4,East_exit,4,3
dl_1813,18,West_exit,18,12
dl_1813,15,West_exit,15,10
dl_1813,16,East_exit,16,11
dl_1813,24,East_exit,24,17
dl_1813,25,West_exit,25,16
dl_1813,26,West_exit,26,17
dl_1813,21,East_exit,21,15
dl_1813,22,West_exit,22,14
dl_1814,13,,,
dl_1814,26,West_exit,26,17
dl_1814,24,East_exit,24,17
dl_1814,25,West_exit,25,16
dl_1814,27,West_exit,27,18
dl_1814,28,West_exit,28,18
dl_1814,17,East_exit,17,12
dl_1814,12,West_exit,12,8
dl_1814,13,East_exit,13,9
dl_1814,11,East_exit,11,8
dl_1814,15,West_exit,15,10
dl_1814,16,East_exit,16,11
dl_1814,18,West_exit,18,12
dl_1814,21,East_exit,21,15
dl_1814,22,West_exit,22,14
dl_1815,11,,,
dl_1815,24,East_exit,24,17
dl_1815,25,West_exit,25,16
dl_1815,26,West_exit,26,17
dl_1815,17,East_exit,17,12
dl_1815,12,West_exit,12,8
dl_1815,13,East_exit,13,9
dl_1815,11,East_exit,11,8
dl_1815,15,West_exit,15,10
dl_1815,16,East_exit,16,11
dl_1815,18,West_exit,18,12
dl_1815,21,East_exit,21,15
dl_1815,22,West_exit,22,14
dl_1816,20,,,
dl_1816,17,East_exit,17,12
dl_1816,15,West_exit,15,10
dl_1816,16,East_exit,16,11
dl_1816,18,West_exit,18,12
dl_1816,5,East_exit,5,4
dl_1816,8,East_exit,8,6
dl_1816,6,West_exit,6,4
dl_1816,7,East_exit,7,5
dl_1816,9,West_exit,9,6
dl_1816,10,East_exit,10,7
dl_1816,3,East_exit,3,3
dl_1816,4,East_exit,4,3
dl_1816,12,West_exit,12,8
dl_1816,13,East_exit,13,9
dl_1816,24,East_exit,24,17
dl_1816,25,West_exit,25,16
dl_1816,26,West_exit,26,17
dl_1816,27,West_exit,27,18
dl_1816,28,West_exit,28,18
dl_1816,21,East_exit,21,15
dl_1816,22,West_exit,22,14
dl_1817,18,,,
dl_1817,17,East_exit,17,12
dl_1817,15,West_exit,15,10
dl_1817,16,East_exit,16,11
dl_1817,18,West_exit,18,12
dl_1817,8,East_exit,8,6
dl_1817,6,West_exit,6,4
dl_1817,7,East_exit,7,5
dl_1817,5,East_exit,5,4
dl_1817,9,West_exit,9,6
dl_1817,10,East_exit,10,7
dl_1817,12,West_exit,12,8
dl_1817,13,East_exit,13,9
dl_1817,24,East_exit,24,17
dl_1817,25,West_exit,25,16
dl_1817,26,West_exit,26,17
dl_1817,27,West_exit,27,18
dl_1817,28,West_exit,28,18
dl_1817,21,East_exit,21,15
dl_1817,22,West_exit,22,14
dl_1818,18,,,
dl_1818,17,East_exit,17,12
dl_1818,15,West_exit,15,10
dl_1818,16,East_exit,16,11
dl_1818,18,West_exit,18,12
dl_1818,5,East_exit,5,4
dl_1818,8,East_exit,8,6
dl_1818,6,West_exit,6,4
dl_1818,7,East_exit,7,5
dl_1818,9,West_exit,9,6
dl_1818,10,East_exit,10,7
dl_1818,3,East_exit,3,3
dl_1818,4,East_exit,4,3
dl_1818,12,West_exit,12,8
dl_1818,13,East_exit,13,9
dl_1818,24,East_exit,24,17
dl_1818,25,West_exit,25,16
dl_1818,26,West_exit,26,17
dl_1818,21,East_exit,21,15
dl_1818,22,West_exit,22,14
dl_1819,16,,,
dl_1819,17,East_exit,17,12
dl_1819,15,West_exit,15,10
dl_1819,16,East_exit,16,11
dl_1819,18,West_exit,18,12
dl_1819,8,East_exit,8,6
dl_1819,6,West_exit,6,4
dl_1819,7,East_exit,7,5
dl_1819,5,East_exit,5,4
dl_1819,9,West_exit,9,6
dl_1819,10,East_exit,10,7
dl_1819,12,West_exit,12,8
dl_1819,13,East_exit,13,9
dl_1819,24,East_exit,24,17
dl_1819,25,West_exit,25,16
dl_1819,26,West_exit,26,17
dl_1819,21,East_exit,21,15
dl_1819,22,West_exit,22,14
dl_1820,19,,,
dl_1820,17,East_exit,17,12
dl_1820,15,West_exit,15,10
dl_1820,16,East_exit,16,11
dl_1820,18,West_exit,18,12
dl_1820,8,East_exit,8,6
dl_1820,6,West_exit,6,4
dl_1820,7,East_exit,7,5
dl_1820,9,West_exit,9,6
dl_1820,10,East_exit,10,7
dl_1820,12,West_exit,12,8
dl_1820,13,East_exit,13,9
dl_1820,24,East_exit,24,17
dl_1820,25,West_exit,25,16
dl_1820,26,West_exit,26,17
dl_1820,27,West_exit,27,18
dl_1820,28,West_exit,28,18
dl_1820,21,East_exit,21,15
dl_1820,22,West_exit,22,14
dl_1820,3,East_exit,3,3
dl_1820,4,East_exit,4,3
dl_1821,17,,,
dl_1821,17,East_exit,17,12
dl_1821,15,West_exit,15,10
dl_1821,16,East_exit,16,11
dl_1821,18,West_exit,18,12
dl_1821,8,East_exit,8,6
dl_1821,6,West_exit,6,4
dl_1821,7,East_exit,7,5
dl_1821,9,West_exit,9,6
dl_1821,10,East_exit,10,7
dl_1821,12,West_exit,12,8
dl_1821,13,East_exit,13,9
dl_1821,24,East_exit,24,17
dl_1821,25,West_exit,25,16
dl_1821,26,West_exit,26,17
dl_1821,21,East_exit,21,15
dl_1821,22,West_exit,22,14
dl_1821,3,East_exit,3,3
dl_1821,4,East_exit,4,3
dl_1822,19,,,
dl_1822,5,East_exit,5,4
dl_1822,17,East_exit,17,12
dl_1822,15,West_exit,15,10
dl_1822,16,East_exit,16,11
dl_1822,18,West_exit,18,12
dl_1822,6,West_exit,6,4
dl_1822,8,East_exit,8,6
dl_1822,9,West_exit,9,6
dl_1822,10,East_exit,10,7
dl_1822,12,West_exit,12,8
dl_1822,13,East_exit,13,9
dl_1822,3,East_exit,3,3
dl_1822,4,East_exit,4,3
dl_1822,26,West_exit,26,17
dl_1822,24,East_exit,24,17
dl_1822,25,West_exit,25,16
dl_1822,27,West_exit,27,18
dl_1822,28,West_exit,28,18
dl_1822,21,East_exit,21,15
dl_1822,22,West_exit,22,14
dl_1823,17,,,
dl_1823,5,East_exit,5,4
dl_1823,17,East_exit,17,12
dl_1823,15,West_exit,15,10
dl_1823,16,East_exit,16,11
dl_1823,18,West_exit,18,12
dl_1823,6,West_exit,6,4
dl_1823,8,East_exit,8,6
dl_1823,9,West_exit,9,6
dl_1823,10,East_exit,10,7
dl_1823,12,West_exit,12,8
dl_1823,13,East_exit,13,9
dl_1823,3,East_exit,3,3
dl_1823,4,East_exit,4,3
dl_1823,21,East_exit,21,15
dl_1823,22,West_exit,22,14
dl_1823,24,East_exit,24,17
dl_1823,25,West_exit,25,16
dl_1823,26,West_exit,26,17
dl_1824,17,,,
dl_1824,17,East_exit,17,12
dl_1824,12,West_exit,12,8
dl_1824,13,East_exit,13,9
dl_1824,9,West_exit,9,6
dl_1824,10,East_exit,10,7
dl_1824,8,East_exit,8,6
dl_1824,6,East_exit,6,5
dl_1824,7,East_exit,7,5
dl_1824,15,West_exit,15,10
dl_1824,16,East_exit,16,11
dl_1824,18,West_exit,18,12
dl_1824,26,West_exit,26,17
dl_1824,24,East_exit,24,17
dl_1824,25,West_exit,25,16
dl_1824,27,West_exit,27,18
dl_1824,28,West_exit,28,18
dl_1824,21,East_exit,21,15
dl_1824,22,West_exit,22,14
dl_1825,15,,,
dl_1825,17,East_exit,17,12
dl_1825,12,West_exit,12,8
dl_1825,13,East_exit,13,9
dl_1825,9,West_exit,9,6
dl_1825,10,East_exit,10,7
dl_1825,8,East_exit,8,6
dl_1825,15,West_exit,15,10
dl_1825,16,East_exit,16,11
dl_1825,18,West_exit,18,12
dl_1825,26,West_exit,26,17
dl_1825,24,East_exit,24,17
dl_1825,25,West_exit,25,16
dl_1825,27,West_exit,27,18
dl_1825,28,West_exit,28,18
dl_1825,21,East_exit,21,15
dl_1825,22,West_exit,22,14
dl_1826,15,,,
dl_1826,17,East_exit,17,12
dl_1826,12,West_exit,12,8
dl_1826,13,East_exit,13,9
dl_1826,9,West_exit,9,6
dl_1826,10,East_exit,10,7
dl_1826,8,East_exit,8,6
dl_1826,6,East_exit,6,5
dl_1826,7,East_exit,7,5
dl_1826,15,West_exit,15,10
dl_1826,16,East_exit,16,11
dl_1826,18,West_exit,18,12
dl_1826,21,East_exit,21,15
dl_1826,22,West_exit,22,14
dl_1826,24,East_exit,24,17
dl_1826,25,West_exit,25,16
dl_1826,26,West_exit,26,17
dl_1827,13,,,
dl_1827,17,East_exit,17,12
dl_1827,12,West_exit,12,8
dl_1827,13,East_exit,13,9
dl_1827,9,West_exit,9,6
dl_1827,10,East_exit,10,7
dl_1827,8,East_exit,8,6
dl_1827,15,West_exit,15,10
dl_1827,16,East_exit,16,11
dl_1827,18,West_exit,18,12
dl_1827,21,East_exit,21,15
dl_1827,22,West_exit,22,14
dl_1827,24,East_exit,24,17
dl_1827,25,West_exit,25,16
dl_1827,26,West_exit,26,17
dl_1828,19,,,
dl_1828,5,East_exit,5,4
dl_1828,17,East_exit,17,12
dl_1828,15,West_exit,15,10
dl_1828,16,East_exit,16,11
dl_1828,18,West_exit,18,12
dl_1828,12,West_exit,12,8
dl_1828,13,East_exit,13,9
dl_1828,9,West_exit,9,6
dl_1828,10,East_exit,10,7
dl_1828,6,West_exit,6,4
dl_1828,7,East_exit,7,5
dl_1828,3,East_exit,3,3
dl_1828,4,East_exit,4,3
dl_1828,24,East_exit,24,17
dl_1828,25,West_exit,25,16
dl_1828,26,West_exit,26,17
dl_1828,27,West_exit,27,18
dl_1828,28,West_exit,28,18
dl_1828,21,East_exit,21,15
dl_1828,22,West_exit,22,14
dl_1829,17,,,
dl_1829,5,East_exit,5,4
dl_1829,17,East_exit,17,12
dl_1829,15,West_exit,15,10
dl_1829,16,East_exit,16,11
dl_1829,18,West_exit,18,12
dl_1829,12,West_exit,12,8
dl_1829,13,East_exit,13,9
dl_1829,9,West_exit,9,6
dl_1829,10,East_exit,10,7
dl_1829,6,West_exit,6,4
dl_1829,7,East_exit,7,5
dl_1829,3,East_exit,3,3
dl_1829,4,East_exit,4,3
dl_1829,24,East_exit,24,17
dl_1829,25,West_exit,25,16
dl_1829,26,West_exit,26,17
dl_1829,21,East_exit,21,15
dl_1829,22,West_exit,22,14
dl_1830,17,,,
dl_1830,17,East_exit,17,12
dl_1830,12,West_exit,12,8
dl_1830,13,East_exit,13,9
dl_1830,9,West_exit,9,6
dl_1830,10,East_exit,10,7
dl_1830,6,West_exit,6,4
dl_1830,7,East_exit,7,5
dl_1830,5,East_exit,5,4
dl_1830,15,West_exit,15,10
dl_1830,16,East_exit,16,11
dl_1830,18,West_exit,18,12
dl_1830,24,East_exit,24,17
dl_1830,25,West_exit,25,16
dl_1830,26,West_exit,26,17
dl_1830,27,West_exit,27,18
dl_1830,28,West_exit,28,18
dl_1830,21,East_exit,21,15
dl_1830,22,West_exit,22,14
dl_1831,15,,,
dl_1831,17,East_exit,17,12
dl_1831,12,West_exit,12,8
dl_1831,13,East_exit,13,9
dl_1831,9,West_exit,9,6
dl_1831,10,East_exit,10,7
dl_1831,6,West_exit,6,4
dl_1831,7,East_exit,7,5
dl_1831,5,East_exit,5,4
dl_1831,15,West_exit,15,10
dl_1831,16,East_exit,16,11
dl_1831,18,West_exit,18,12
dl_1831,24,East_exit,24,17
dl_1831,25,West_exit,25,16
dl_1831,26,West_exit,26,17
dl_1831,21,East_exit,21,15
dl_1831,22,West_exit,22,14
dl_1832,18,,,
dl_1832,17,East_exit,17,12
dl_1832,12,West_exit,12,8
dl_1832,13,East_exit,13,9
dl_1832,9,West_exit,9,6
dl_1832,10,East_exit,10,7
dl_1832,6,West_exit,6,4
dl_1832,7,East_exit,7,5
dl_1832,15,West_exit,15,10
dl_1832,16,East_exit,16,11
dl_1832,18,West_exit,18,12
dl_1832,24,East_exit,24,17
dl_1832,25,West_exit,25,16
dl_1832,26,West_exit,26,17
dl_1832,27,West_exit,27,18
dl_1832,28,West_exit,28,18
dl_1832,21,East_exit,21,15
dl_1832,22,West_exit,22,14
dl_1832,3,East_exit,3,3
dl_1832,4,East_exit,4,3
dl_1833,16,,,
dl_1833,17,East_exit,17,12
dl_1833,12,West_exit,12,8
dl_1833,13,East_exit,13,9
dl_1833,9,West_exit,9,6
dl_1833,10,East_exit,10,7
dl_1833,6,West_exit,6,4
dl_1833,7,East_exit,7,5
dl_1833,15,West_exit,15,10
dl_1833,16,East_exit,16,11
dl_1833,18,West_exit,18,12
dl_1833,24,East_exit,24,17
dl_1833,25,West_exit,25,16
dl_1833,26,West_exit,26,17
dl_1833,21,East_exit,21,15
dl_1833,22,West_exit,22,14
dl_1833,3,East_exit,3,3
dl_1833,4,East_exit,4,3
dl_1834,18,,,
dl_1834,8,East_exit,8,6
dl_1834,18,West_exit,18,12
dl_1834,17,East_exit,17,12
dl_1834,14,East_exit,14,10
dl_1834,12,West_exit,12,8
dl_1834,13,East_exit,13,9
dl_1834,11,East_exit,11,8
dl_1834,15,West_exit,15,10
dl_1834,9,West_exit,9,6
dl_1834,10,East_exit,10,7
dl_1834,6,East_exit,6,5
dl_1834,7,East_exit,7,5
dl_1834,26,West_exit,26,17
dl_1834,24,East_exit,24,17
dl_1834,25,West_exit,25,16
dl_1834,27,West_exit,27,18
dl_1834,28,West_exit,28,18
dl_1834,21,East_exit,21,15
dl_1834,22,West_exit,22,14
dl_1835,16,,,
dl_1835,18,West_exit,18,12
dl_1835,17,East_exit,17,12
dl_1835,14,East_exit,14,10
dl_1835,12,West_exit,12,8
dl_1835,13,East_exit,13,9
dl_1835,11,East_exit,11,8
dl_1835,15,West_exit,15,10
dl_1835,9,West_exit,9,6
dl_1835,10,East_exit,10,7
dl_1835,8,East_exit,8,6
dl_1835,26,West_exit,26,17
dl_1835,24,East_exit,24,17
dl_1835,25,West_exit,25,16
dl_1835,27,West_exit,27,18
dl_1835,28,West_exit,28,18
dl_1835,21,East_exit,21,15
dl_1835,22,West_exit,22,14
dl_1836,16,,,
dl_1836,8,East_exit,8,6
dl_1836,18,West_exit,18,12
dl_1836,17,East_exit,17,12
dl_1836,14,East_exit,14,10
dl_1836,12,West_exit,12,8
dl_1836,13,East_exit,13,9
dl_1836,11,East_exit,11,8
dl_1836,15,West_exit,15,10
dl_1836,9,West_exit,9,6
dl_1836,10,East_exit,10,7
dl_1836,6,East_exit,6,5
dl_1836,7,East_exit,7,5
dl_1836,21,East_exit,21,15
dl_1836,22,West_exit,22,14
dl_1836,24,East_exit,24,17
dl_1836,25,West_exit,25,16
dl_1836,26,West_exit,26,17
dl_1837,14,,,
dl_1837,18,West_exit,18,12
dl_1837,17,East_exit,17,12
dl_1837,14,East_exit,14,10
dl_1837,12,West_exit,12,8
dl_1837,13,East_exit,13,9
dl_1837,11,East_exit,11,8
dl_1837,15,West_exit,15,10
dl_1837,9,West_exit,9,6
dl_1837,10,East_exit,10,7
dl_1837,8,East_exit,8,6
dl_1837,21,East_exit,21,15
dl_1837,22,West_exit,22,14
dl_1837,24,East_exit,24,17
dl_1837,25,West_exit,25,16
dl_1837,26,West_exit,26,17
dl_1838,20,,,
dl_1838,18,West_exit,18,12
dl_1838,17,East_exit,17,12
dl_1838,5,East_exit,5,4
dl_1838,11,East_exit,11,8
dl_1838,14,East_exit,14,10
dl_1838,15,West_exit,15,10
dl_1838,12,West_exit,12,8
dl_1838,13,East_exit,13,9
dl_1838,9,West_exit,9,6
dl_1838,10,East_exit,10,7
dl_1838,6,West_exit,6,4
dl_1838,7,East_exit,7,5
dl_1838,3,East_exit,3,3
dl_1838,4,East_exit,4,3
dl_1838,26,West_exit,26,17
dl_1838,24,East_exit,24,17
dl_1838,25,West_exit,25,16
dl_1838,27,West_exit,27,18
dl_1838,28,West_exit,28,18
dl_1838,21,East_exit,21,15
dl_1838,22,West_exit,22,14
dl_1839,18,,,
dl_1839,18,West_exit,18,12
dl_1839,17,East_exit,17,12
dl_1839,11,East_exit,11,8
dl_1839,14,East_exit,14,10
dl_1839,15,West_exit,15,10
dl_1839,12,West_exit,12,8
dl_1839,13,East_exit,13,9
dl_1839,9,West_exit,9,6
dl_1839,10,East_exit,10,7
dl_1839,6,West_exit,6,4
dl_1839,7,East_exit,7,5
dl_1839,5,East_exit,5,4
dl_1839,26,West_exit,26,17
dl_1839,24,East_exit,24,17
dl_1839,25,West_exit,25,16
dl_1839,27,West_exit,27,18
dl_1839,28,West_exit,28,18
dl_1839,21,East_exit,21,15
dl_1839,22,West_exit,22,14
dl_1840,18,,,
dl_1840,18,West_exit,18,12
dl_1840,17,East_exit,17,12
dl_1840,5,East_exit,5,4
dl_1840,11,East_exit,11,8
dl_1840,14,East_exit,14,10
dl_1840,15,West_exit,15,10
dl_1840,12,West_exit,12,8
dl_1840,13,East_exit,13,9
dl_1840,9,West_exit,9,6
dl_1840,10,East_exit,10,7
dl_1840,6,West_exit,6,4
dl_1840,7,East_exit,7,5
dl_1840,3,East_exit,3,3
dl_1840,4,East_exit,4,3
dl_1840,21,East_exit,21,15
dl_1840,22,West_exit,22,14
dl_1840,24,East_exit,24,17
dl_1840,25,West_exit,25,16
dl_1840,26,West_exit,26,17
dl_1841,16,,,
dl_1841,18,West_exit,18,12
dl_1841,17,East_exit,17,12
dl_1841,11,East_exit,11,8
dl_1841,14,East_exit,14,10
dl_1841,15,West_exit,15,10
dl_1841,12,West_exit,12,8
dl_1841,13,East_exit,13,9
dl_1841,9,West_exit,9,6
dl_1841,10,East_exit,10,7
dl_1841,6,West_exit,6,4
dl_1841,7,East_exit,7,5
dl_1841,5,East_exit,5,4
dl_1841,21,East_exit,21,15
dl_1841,22,West_exit,22,14
dl_1841,24,East_exit,24,17
dl_1841,25,West_exit,25,16
dl_1841,26,West_exit,26,17
dl_1842,19,,,
dl_1842,18,West_exit,18,12
dl_1842,17,East_exit,17,12
dl_1842,11,East_exit,11,8
dl_1842,14,East_exit,14,10
dl_1842,15,West_exit,15,10
dl_1842,12,West_exit,12,8
dl_1842,13,East_exit,13,9
dl_1842,9,West_exit,9,6
dl_1842,10,East_exit,10,7
dl_1842,6,West_exit,6,4
dl_1842,7,East_exit,7,5
dl_1842,26,West_exit,26,17
dl_1842,24,East_exit,24,17
dl_1842,25,West_exit,25,16
dl_1842,27,West_exit,27,18
dl_1842,28,West_exit,28,18
dl_1842,21,East_exit,21,15
dl_1842,22,West_exit,22,14
dl_1842,3,East_exit,3,3
dl_1842,4,East_exit,4,3
dl_1843,17,,,
dl_1843,18,West_exit,18,12
dl_1843,17,East_exit,17,12
dl_1843,11,East_exit,11,8
dl_1843,14,East_exit,14,10
dl_1843,15,West_exit,15,10
dl_1843,12,West_exit,12,8
dl_1843,13,East_exit,13,9
dl_1843,9,West_exit,9,6
dl_1843,10,East_exit,10,7
dl_1843,6,West_exit,6,4
dl_1843,7,East_exit,7,5
dl_1843,21,East_exit,21,15
dl_1843,22,West_exit,22,14
dl_1843,24,East_exit,24,17
dl_1843,25,West_exit,25,16
dl_1843,26,West_exit,26,17
dl_1843,3,East_exit,3,3
dl_1843,4,East_exit,4,3
dl_1844,20,,,
dl_1844,5,East_exit,5,4
dl_1844,14,East_exit,14,10
dl_1844,12,West_exit,12,8
dl_1844,13,East_exit,13,9
dl_1844,11,East_exit,11,8
dl_1844,8,East_exit,8,6
dl_1844,6,West_exit,6,4
dl_1844,7,East_exit,7,5
dl_1844,15,West_exit,15,10
dl_1844,17,East_exit,17,12
dl_1844,9,West_exit,9,6
dl_1844,3,East_exit,3,3
dl_1844,4,East_exit,4,3
dl_1844,18,West_exit,18,12
dl_1844,24,East_exit,24,17
dl_1844,25,West_exit,25,16
dl_1844,26,West_exit,26,17
dl_1844,27,West_exit,27,18
dl_1844,28,West_exit,28,18
dl_1844,21,East_exit,21,15
dl_1844,22,West_exit,22,14
dl_1845,18,,,
dl_1845,8,East_exit,8,6
dl_1845,6,West_exit,6,4
dl_1845,7,East_exit,7,5
dl_1845,5,East_exit,5,4
dl_1845,14,East_exit,14,10
dl_1845,12,West_exit,12,8
dl_1845,13,East_exit,13,9
dl_1845,11,East_exit,11,8
dl_1845,15,West_exit,15,10
dl_1845,17,East_exit,17,12
dl_1845,9,West_exit,9,6
dl_1845,18,West_exit,18,12
dl_1845,24,East_exit,24,17
dl_1845,25,West_exit,25,16
dl_1845,26,West_exit,26,17
dl_1845,27,West_exit,27,18
dl_1845,28,West_exit,28,18
dl_1845,21,East_exit,21,15
dl_1845,22,West_exit,22,14
dl_1846,18,,,
dl_1846,5,East_exit,5,4
dl_1846,14,East_exit,14,10
dl_1846,12,West_exit,12,8
dl_1846,13,East_exit,13,9
dl_1846,11,East_exit,11,8
dl_1846,8,East_exit,8,6
dl_1846,6,West_exit,6,4
dl_1846,7,East_exit,7,5
dl_1846,15,West_exit,15,10
dl_1846,17,East_exit,17,12
dl_1846,9,West_exit,9,6
dl_1846,3,East_exit,3,3
dl_1846,4,East_exit,4,3
dl_1846,18,West_exit,18,12
dl_1846,21,East_exit,21,15
dl_1846,22,West_exit,22,14
dl_1846,24,East_exit,24,17
dl_1846,25,West_exit,25,16
dl_1846,26,West_exit,26,17
dl_1847,16,,,
dl_1847,8,East_exit,8,6
dl_1847,6,West_exit,6,4
dl_1847,7,East_exit,7,5
dl_1847,5,East_exit,5,4
dl_1847,14,East_exit,14,10
dl_1847,12,West_exit,12,8
dl_1847,13,East_exit,13,9
dl_1847,11,East_exit,11,8
dl_1847,15,West_exit,15,10
dl_1847,17,East_exit,17,12
dl_1847,9,West_exit,9,6
dl_1847,18,West_exit,18,12
dl_1847,24,East_exit,24,17
dl_1847,25,West_exit,25,16
dl_1847,26,West_exit,26,17
dl_1847,21,East_exit,21,15
dl_1847,22,West_exit,22,14
dl_1848,19,,,
dl_1848,8,East_exit,8,6
dl_1848,6,West_exit,6,4
dl_1848,7,East_exit,7,5
dl_1848,14,East_exit,14,10
dl_1848,12,West_exit,12,8
dl_1848,13,East_exit,13,9
dl_1848,11,East_exit,11,8
dl_1848,15,West_exit,15,10
dl_1848,17,East_exit,17,12
dl_1848,9,West_exit,9,6
dl_1848,18,West_exit,18,12
dl_1848,3,East_exit,3,3
dl_1848,4,East_exit,4,3
dl_1848,24,East_exit,24,17
dl_1848,25,West_exit,25,16
dl_1848,26,West_exit,26,17
dl_1848,27,West_exit,27,18
dl_1848,28,West_exit,28,18
dl_1848,21,East_exit,21,15
dl_1848,22,West_exit,22,14
dl_1849,17,,,
dl_1849,8,East_exit,8,6
dl_1849,6,West_exit,6,4
dl_1849,7,East_exit,7,5
dl_1849,14,East_exit,14,10
dl_1849,12,West_exit,12,8
dl_1849,13,East_exit,13,9
dl_1849,11,East_exit,11,8
dl_1849,15,West_exit,15,10
dl_1849,17,East_exit,17,12
dl_1849,9,West_exit,9,6
dl_1849,18,West_exit,18,12
dl_1849,24,East_exit,24,17
dl_1849,25,West_exit,25,16
dl_1849,26,West_exit,26,17
dl_1849,21,East_exit,21,15
dl_1849,22,West_exit,22,14
dl_1849,3,East_exit,3,3
dl_1849,4,East_exit,4,3
dl_1850,19,,,
dl_1850,5,East_exit,5,4
dl_1850,11,East_exit,11,8
dl_1850,14,East_exit,14,10
dl_1850,12,West_exit,12,8
dl_1850,13,East_exit,13,9
dl_1850,15,West_exit,15,10
dl_1850,17,East_exit,17,12
dl_1850,9,West_exit,9,6
dl_1850,10,East_exit,10,7
dl_1850,6,West_exit,6,4
dl_1850,3,East_exit,3,3
dl_1850,4,East_exit,4,3
dl_1850,18,West_exit,18,12
dl_1850,24,East_exit,24,17
dl_1850,25,West_exit,25,16
dl_1850,26,West_exit,26,17
dl_1850,27,West_exit,27,18
dl_1850,28,West_exit,28,18
dl_1850,21,East_exit,21,15
dl_1850,22,West_exit,22,14
dl_1851,17,,,
dl_1851,5,East_exit,5,4
dl_1851,11,East_exit,11,8
dl_1851,14,East_exit,14,10
dl_1851,12,West_exit,12,8
dl_1851,13,East_exit,13,9
dl_1851,15,West_exit,15,10
dl_1851,17,East_exit,17,12
dl_1851,9,West_exit,9,6
dl_1851,10,East_exit,10,7
dl_1851,6,West_exit,6,4
dl_1851,3,East_exit,3,3
dl_1851,4,East_exit,4,3
dl_1851,18,West_exit,18,12
dl_1851,24,East_exit,24,17
dl_1851,25,West_exit,25,16
dl_1851,26,West_exit,26,17
dl_1851,21,East_exit,21,15
dl_1851,22,West_exit,22,14
dl_1852,19,,,
dl_1852,5,East_exit,5,4
dl_1852,14,East_exit,14,10
dl_1852,12,West_exit,12,8
dl_1852,13,East_exit,13,9
dl_1852,11,East_exit,11,8
dl_1852,18,West_exit,18,12
dl_1852,17,East_exit,17,12
dl_1852,15,West_exit,15,10
dl_1852,9,West_exit,9,6
dl_1852,8,East_exit,8,6
dl_1852,6,West_exit,6,4
dl_1852,3,East_exit,3,3
dl_1852,4,East_exit,4,3
dl_1852,26,West_exit,26,17
dl_1852,24,East_exit,24,17
dl_1852,25,West_exit,25,16
dl_1852,27,West_exit,27,18
dl_1852,28,West_exit,28,18
dl_1852,21,East_exit,21,15
dl_1852,22,West_exit,22,14
dl_1853,17,,,
dl_1853,5,East_exit,5,4
dl_1853,14,East_exit,14,10
dl_1853,12,West_exit,12,8
dl_1853,13,East_exit,13,9
dl_1853,11,East_exit,11,8
dl_1853,18,West_exit,18,12
dl_1853,17,East_exit,17,12
dl_1853,15,West_exit,15,10
dl_1853,9,West_exit,9,6
dl_1853,8,East_exit,8,6
dl_1853,6,West_exit,6,4
dl_1853,3,East_exit,3,3
dl_1853,4,East_exit,4,3
dl_1853,21,East_exit,21,15
dl_1853,22,West_exit,22,14
dl_1853,24,East_exit,24,17
dl_1853,25,West_exit,25,16
dl_1853,26,West_exit,26,17
dl_1854,13,,,
dl_1854,18,West_exit,18,12
dl_1854,17,East_exit,17,12
dl_1854,14,East_exit,14,10
dl_1854,12,West_exit,12,8
dl_1854,13,East_exit,13,9
dl_1854,11,East_exit,11,8
dl_1854,15,West_exit,15,10
dl_1854,26,West_exit,26,17
dl_1854,24,East_exit,24,17
dl_1854,25,West_exit,25,16
dl_1854,27,West_exit,27,18
dl_1854,28,West_exit,28,18
dl_1854,21,East_exit,21,15
dl_1854,22,West_exit,22,14
dl_1855,11,,,
dl_1855,18,West_exit,18,12
dl_1855,17,East_exit,17,12
dl_1855,14,East_exit,14,10
dl_1855,12,West_exit,12,8
dl_1855,13,East_exit,13,9
dl_1855,11,East_exit,11,8
dl_1855,15,West_exit,15,10
dl_1855,24,East_exit,24,17
dl_1855,25,West_exit,25,16
dl_1855,26,West_exit,26,17
dl_1855,21,East_exit,21,15
dl_1855,22,West_exit,22,14
dl_1856,20,,,
dl_1856,14,East_exit,14,10
dl_1856,9,West_exit,9,6
dl_1856,10,East_exit,10,7
dl_1856,8,East_exit,8,6
dl_1856,6,West_exit,6,4
dl_1856,7,East_exit,7,5
dl_1856,5,East_exit,5,4
dl_1856,3,East_exit,3,3
dl_1856,4,East_exit,4,3
dl_1856,18,West_exit,18,12
dl_1856,17,East_exit,17,12
dl_1856,15,West_exit,15,10
dl_1856,12,West_exit,12,8
dl_1856,13,East_exit,13,9
dl_1856,26,West_exit,26,17
dl_1856,24,East_exit,24,17
dl_1856,25,West_exit,25,16
dl_1856,27,West_exit,27,18
dl_1856,28,West_exit,28,18
dl_1856,21,East_exit,21,15
dl_1856,22,West_exit,22,14
dl_1857,18,,,
dl_1857,14,East_exit,14,10
dl_1857,9,West_exit,9,6
dl_1857,10,East_exit,10,7
dl_1857,8,East_exit,8,6
dl_1857,6,West_exit,6,4
dl_1857,7,East_exit,7,5
dl_1857,5,East_exit,5,4
dl_1857,18,West_exit,18,12
dl_1857,17,East_exit,17,12
dl_1857,15,West_exit,15,10
dl_1857,12,West_exit,12,8
dl_1857,13,East_exit,13,9
dl_1857,26,West_exit,26,17
dl_1857,24,East_exit,24,17
dl_1857,25,West_exit,25,16
dl_1857,27,West_exit,27,18
dl_1857,28,West_exit,28,18
dl_1857,21,East_exit,21,15
dl_1857,22,West_exit,22,14
dl_1858,18,,,
dl_1858,14,East_exit,14,10
dl_1858,9,West_exit,9,6
dl_1858,10,East_exit,10,7
dl_1858,8,East_exit,8,6
dl_1858,6,West_exit,6,4
dl_1858,7,East_exit,7,5
dl_1858,5,East_exit,5,4
dl_1858,3,East_exit,3,3
dl_1858,4,East_exit,4,3
dl_1858,18,West_exit,18,12
dl_1858,17,East_exit,17,12
dl_1858,15,West_exit,15,10
dl_1858,12,West_exit,12,8
dl_1858,13,East_exit,13,9
dl_1858,21,East_exit,21,15
dl_1858,22,West_exit,22,14
dl_1858,24,East_exit,24,17
dl_1858,25,West_exit,25,16
dl_1858,26,West_exit,26,17
dl_1859,16,,,
dl_1859,14,East_exit,14,10
dl_1859,9,West_exit,9,6
dl_1859,10,East_exit,10,7
dl_1859,8,East_exit,8,6
dl_1859,6,West_exit,6,4
dl_1859,7,East_exit,7,5
dl_1859,5,East_exit,5,4
dl_1859,18,West_exit,18,12
dl_1859,17,East_exit,17,12
dl_1859,15,West_exit,15,10
dl_1859,12,West_exit,12,8
dl_1859,13,East_exit,13,9
dl_1859,21,East_exit,21,15
dl_1859,22,West_exit,22,14
dl_1859,24,East_exit,24,17
dl_1859,25,West_exit,25,16
dl_1859,26,West_exit,26,17
dl_1860,19,,,
dl_1860,14,East_exit,14,10
dl_1860,9,West_exit,9,6
dl_1860,10,East_exit,10,7
dl_1860,8,East_exit,8,6
dl_1860,6,West_exit,6,4
dl_1860,7,East_exit,7,5
dl_1860,18,West_exit,18,12
dl_1860,17,East_exit,17,12
dl_1860,15,West_exit,15,10
dl_1860,12,West_exit,12,8
dl_1860,13,East_exit,13,9
dl_1860,3,East_exit,3,3
dl_1860,4,East_exit,4,3
dl_1860,26,West_exit,26,17
dl_1860,24,East_exit,24,17
dl_1860,25,West_exit,25,16
dl_1860,27,West_exit,27,18
dl_1860,28,West_exit,28,18
dl_1860,21,East_exit,21,15
dl_1860,22,West_exit,22,14
dl_1861,17,,,
dl_1861,14,East_exit,14,10
dl_1861,9,West_exit,9,6
dl_1861,10,East_exit,10,7
dl_1861,8,East_exit,8,6
dl_1861,6,West_exit,6,4
dl_1861,7,East_exit,7,5
dl_1861,18,West_exit,18,12
dl_1861,17,East_exit,17,12
dl_1861,15,West_exit,15,10
dl_1861,12,West_exit,12,8
dl_1861,13,East_exit,13,9
dl_1861,3,East_exit,3,3
dl_1861,4,East_exit,4,3
dl_1861,21,East_exit,21,15
dl_1861,22,West_exit,22,14
dl_1861,24,East_exit,24,17
dl_1861,25,West_exit,25,16
dl_1861,26,West_exit,26,17
dl_1862,19,,,
dl_1862,14,East_exit,14,10
dl_1862,9,West_exit,9,6
dl_1862,10,East_exit,10,7
dl_1862,8,East_exit,8,6
dl_1862,5,East_exit,5,4
dl_1862,6,West_exit,6,4
dl_1862,3,East_exit,3,3
dl_1862,4,East_exit,4,3
dl_1862,18,West_exit,18,12
dl_1862,17,East_exit,17,12
dl_1862,15,West_exit,15,10
dl_1862,12,West_exit,12,8
dl_1862,13,East_exit,13,9
dl_1862,26,West_exit,26,17
dl_1862,24,East_exit,24,17
dl_1862,25,West_exit,25,16
dl_1862,27,West_exit,27,18
dl_1862,28,West_exit,28,18
dl_1862,21,East_exit,21,15
dl_1862,22,West_exit,22,14
dl_1863,17,,,
dl_1863,14,East_exit,14,10
dl_1863,9,West_exit,9,6
dl_1863,10,East_exit,10,7
dl_1863,8,East_exit,8,6
dl_1863,5,East_exit,5,4
dl_1863,6,West_exit,6,4
dl_1863,3,East_exit,3,3
dl_1863,4,East_exit,4,3
dl_1863,18,West_exit,18,12
dl_1863,17,East_exit,17,12
dl_1863,15,West_exit,15,10
dl_1863,12,West_exit,12,8
dl_1863,13,East_exit,13,9
dl_1863,21,East_exit,21,15
dl_1863,22,West_exit,22,14
dl_1863,24,East_exit,24,17
dl_1863,25,West_exit,25,16
dl_1863,26,West_exit,26,17
dl_1864,17,,,
dl_1864,18,West_exit,18,12
dl_1864,17,East_exit,17,12
dl_1864,14,East_exit,14,10
dl_1864,8,East_exit,8,6
dl_1864,9,West_exit,9,6
dl_1864,10,East_exit,10,7
dl_1864,6,East_exit,6,5
dl_1864,7,East_exit,7,5
dl_1864,15,West_exit,15,10
dl_1864,12,West_exit,12,8
dl_1864,13,East_exit,13,9
dl_1864,26,West_exit,26,17
dl_1864,24,East_exit,24,17
dl_1864,25,West_exit,25,16
dl_1864,27,West_exit,27,18
dl_1864,28,West_exit,28,18
dl_1864,21,East_exit,21,15
dl_1864,22,West_exit,22,14
dl_1865,15,,,
dl_1865,18,West_exit,18,12
dl_1865,17,East_exit,17,12
dl_1865,14,East_exit,14,10
dl_1865,9,West_exit,9,6
dl_1865,10,East_exit,10,7
dl_1865,8,East_exit,8,6
dl_1865,15,West_exit,15,10
dl_1865,12,West_exit,12,8
dl_1865,13,East_exit,13,9
dl_1865,26,West_exit,26,17
dl_1865,24,East_exit,24,17
dl_1865,25,West_exit,25,16
dl_1865,27,West_exit,27,18
dl_1865,28,West_exit,28,18
dl_1865,21,East_exit,21,15
dl_1865,22,West_exit,22,14
dl_1866,15,,,
dl_1866,18,West_exit,18,12
dl_1866,17,East_exit,17,12
dl_1866,14,East_exit,14,10
dl_1866,8,East_exit,8,6
dl_1866,9,West_exit,9,6
dl_1866,10,East_exit,10,7
dl_1866,6,East_exit,6,5
dl_1866,7,East_exit,7,5
dl_1866,15,West_exit,15,10
dl_1866,12,West_exit,12,8
dl_1866,13,East_exit,13,9
dl_1866,21,East_exit,21,15
dl_1866,22,West_exit,22,14
dl_1866,24,East_exit,24,17
dl_1866,25,West_exit,25,16
dl_1866,26,West_exit,26,17
dl_1867,13,,,
dl_1867,18,West_exit,18,12
dl_1867,17,East_exit,17,12
dl_1867,14,East_exit,14,10
dl_1867,9,West_exit,9,6
dl_1867,10,East_exit,10,7
dl_1867,8,East_exit,8,6
dl_1867,15,West_exit,15,10
dl_1867,12,West_exit,12,8
dl_1867,13,East_exit,13,9
dl_1867,21,East_exit,21,15
dl_1867,22,West_exit,22,14
dl_1867,24,East_exit,24,17
dl_1867,25,West_exit,25,16
dl_1867,26,West_exit,26,17
dl_1868,19,,,
dl_1868,5,East_exit,5,4
dl_1868,14,East_exit,14,10
dl_1868,18,West_exit,18,12
dl_1868,17,East_exit,17,12
dl_1868,12,West_exit,12,8
dl_1868,13,East_exit,13,9
dl_1868,15,West_exit,15,10
dl_1868,9,West_exit,9,6
dl_1868,10,East_exit,10,7
dl_1868,6,West_exit,6,4
dl_1868,7,East_exit,7,5
dl_1868,3,East_exit,3,3
dl_1868,4,East_exit,4,3
dl_1868,26,West_exit,26,17
dl_1868,24,East_exit,24,17
dl_1868,25,West_exit,25,16
dl_1868,27,West_exit,27,18
dl_1868,28,West_exit,28,18
dl_1868,21,East_exit,21,15
dl_1868,22,West_exit,22,14
dl_1869,17,,,
dl_1869,5,East_exit,5,4
dl_1869,14,East_exit,14,10
dl_1869,18,West_exit,18,12
dl_1869,17,East_exit,17,12
dl_1869,12,West_exit,12,8
dl_1869,13,East_exit,13,9
dl_1869,15,West_exit,15,10
dl_1869,9,West_exit,9,6
dl_1869,10,East_exit,10,7
dl_1869,6,West_exit,6,4
dl_1869,7,East_exit,7,5
dl_1869,3,East_exit,3,3
dl_1869,4,East_exit,4,3
dl_1869,24,East_exit,24,17
dl_1869,25,West_exit,25,16
dl_1869,26,West_exit,26,17
dl_1869,21,East_exit,21,15
dl_1869,22,West_exit,22,14
dl_1870,17,,,
dl_1870,14,East_exit,14,10
dl_1870,18,West_exit,18,12
dl_1870,17,East_exit,17,12
dl_1870,12,West_exit,12,8
dl_1870,13,East_exit,13,9
dl_1870,15,West_exit,15,10
dl_1870,9,West_exit,9,6
dl_1870,10,East_exit,10,7
dl_1870,6,West_exit,6,4
dl_1870,7,East_exit,7,5
dl_1870,5,East_exit,5,4
dl_1870,26,West_exit,26,17
dl_1870,24,East_exit,24,17
dl_1870,25,West_exit,25,16
dl_1870,27,West_exit,27,18
dl_1870,28,West_exit,28,18
dl_1870,21,East_exit,21,15
dl_1870,22,West_exit,22,14
dl_1871,15,,,
dl_1871,14,East_exit,14,10
dl_1871,18,West_exit,18,12
dl_1871,17,East_exit,17,12
dl_1871,12,West_exit,12,8
dl_1871,13,East_exit,13,9
dl_1871,15,West_exit,15,10
dl_1871,9,West_exit,9,6
dl_1871,10,East_exit,10,7
dl_1871,6,West_exit,6,4
dl_1871,7,East_exit,7,5
dl_1871,5,East_exit,5,4
dl_1871,24,East_exit,24,17
dl_1871,25,West_exit,25,16
dl_1871,26,West_exit,26,17
dl_1871,21,East_exit,21,15
dl_1871,22,West_exit,22,14
dl_1872,18,,,
dl_1872,14,East_exit,14,10
dl_1872,18,West_exit,18,12
dl_1872,17,East_exit,17,12
dl_1872,12,West_exit,12,8
dl_1872,13,East_exit,13,9
dl_1872,15,West_exit,15,10
dl_1872,9,West_exit,9,6
dl_1872,10,East_exit,10,7
dl_1872,6,West_exit,6,4
dl_1872,7,East_exit,7,5
dl_1872,26,West_exit,26,17
dl_1872,24,East_exit,24,17
dl_1872,25,West_exit,25,16
dl_1872,27,West_exit,27,18
dl_1872,28,West_exit,28,18
dl_1872,21,East_exit,21,15
dl_1872,22,West_exit,22,14
dl_1872,3,East_exit,3,3
dl_1872,4,East_exit,4,3
dl_1873,16,,,
dl_1873,14,East_exit,14,10
dl_1873,18,West_exit,18,12
dl_1873,17,East_exit,17,12
dl_1873,12,West_exit,12,8
dl_1873,13,East_exit,13,9
dl_1873,15,West_exit,15,10
dl_1873,9,West_exit,9,6
dl_1873,10,East_exit,10,7
dl_1873,6,West_exit,6,4
dl_1873,7,East_exit,7,5
dl_1873,24,East_exit,24,17
dl_1873,25,West_exit,25,16
dl_1873,26,West_exit,26,17
dl_1873,21,East_exit,21,15
dl_1873,22,West_exit,22,14
dl_1873,3,East_exit,3,3
dl_1873,4,East_exit,4,3
dl_1874,13,,,
dl_1874,17,East_exit,17,12
dl_1874,15,West_exit,15,10
dl_1874,16,East_exit,16,11
dl_1874,18,West_exit,18,12
dl_1874,20,West_exit,20,13
dl_1874,5,East_exit,5,4
dl_1874,8,East_exit,8,6
dl_1874,6,West_exit,6,4
dl_1874,7,East_exit,7,5
dl_1874,9,West_exit,9,6
dl_1874,3,East_exit,3,3
dl_1874,4,East_exit,4,3
dl_1874,12,West_exit,12,8
dl_1874,13,East_exit,13,9
dl_1875,11,,,
dl_1875,17,East_exit,17,12
dl_1875,15,West_exit,15,10
dl_1875,16,East_exit,16,11
dl_1875,18,West_exit,18,12
dl_1875,20,West_exit,20,13
dl_1875,8,East_exit,8,6
dl_1875,6,West_exit,6,4
dl_1875,7,East_exit,7,5
dl_1875,5,East_exit,5,4
dl_1875,9,West_exit,9,6
dl_1875,12,West_exit,12,8
dl_1875,13,East_exit,13,9
dl_1876,12,,,
dl_1876,17,East_exit,17,12
dl_1876,15,West_exit,15,10
dl_1876,16,East_exit,16,11
dl_1876,18,West_exit,18,12
dl_1876,20,West_exit,20,13
dl_1876,8,East_exit,8,6
dl_1876,6,West_exit,6,4
dl_1876,7,East_exit,7,5
dl_1876,9,West_exit,9,6
dl_1876,12,West_exit,12,8
dl_1876,13,East_exit,13,9
dl_1876,3,East_exit,3,3
dl_1876,4,East_exit,4,3
dl_1877,15,,,
dl_1877,17,East_exit,17,12
dl_1877,15,West_exit,15,10
dl_1877,16,East_exit,16,11
dl_1877,18,West_exit,18,12
dl_1877,21,East_exit,21,15
dl_1877,22,West_exit,22,14
dl_1877,23,West_exit,23,15
dl_1877,5,East_exit,5,4
dl_1877,8,East_exit,8,6
dl_1877,6,West_exit,6,4
dl_1877,7,East_exit,7,5
dl_1877,9,West_exit,9,6
dl_1877,3,East_exit,3,3
dl_1877,4,East_exit,4,3
dl_1877,12,West_exit,12,8
dl_1877,13,East_exit,13,9
dl_1878,13,,,
dl_1878,17,East_exit,17,12
dl_1878,15,West_exit,15,10
dl_1878,16,East_exit,16,11
dl_1878,18,West_exit,18,12
dl_1878,21,East_exit,21,15
dl_1878,22,West_exit,22,14
dl_1878,23,West_exit,23,15
dl_1878,8,East_exit,8,6
dl_1878,6,West_exit,6,4
dl_1878,7,East_exit,7,5
dl_1878,5,East_exit,5,4
dl_1878,9,West_exit,9,6
dl_1878,12,West_exit,12,8
dl_1878,13,East_exit,13,9
dl_1879,14,,,
dl_1879,17,East_exit,17,12
dl_1879,15,West_exit,15,10
dl_1879,16,East_exit,16,11
dl_1879,18,West_exit,18,12
dl_1879,21,East_exit,21,15
dl_1879,22,West_exit,22,14
dl_1879,23,West_exit,23,15
dl_1879,8,East_exit,8,6
dl_1879,6,West_exit,6,4
dl_1879,7,East_exit,7,5
dl_1879,9,West_exit,9,6
dl_1879,12,West_exit,12,8
dl_1879,13,East_exit,13,9
dl_1879,3,East_exit,3,3
dl_1879,4,East_exit,4,3
dl_1880,13,,,
dl_1880,14,East_exit,14,10
dl_1880,5,East_exit,5,4
dl_1880,8,East_exit,8,6
dl_1880,6,West_exit,6,4
dl_1880,7,East_exit,7,5
dl_1880,9,West_exit,9,6
dl_1880,3,East_exit,3,3
dl_1880,4,East_exit,4,3
dl_1880,18,West_exit,18,12
dl_1880,17,East_exit,17,12
dl_1880,20,West_exit,20,13
dl_1880,15,West_exit,15,10
dl_1880,12,West_exit,12,8
dl_1880,13,East_exit,13,9
dl_1881,11,,,
dl_1881,14,East_exit,14,10
dl_1881,8,East_exit,8,6
dl_1881,6,West_exit,6,4
dl_1881,7,East_exit,7,5
dl_1881,5,East_exit,5,4
dl_1881,9,West_exit,9,6
dl_1881,18,West_exit,18,12
dl_1881,17,East_exit,17,12
dl_1881,20,West_exit,20,13
dl_1881,15,West_exit,15,10
dl_1881,12,West_exit,12,8
dl_1881,13,East_exit,13,9
dl_1882,12,,,
dl_1882,14,East_exit,14,10
dl_1882,8,East_exit,8,6
dl_1882,6,West_exit,6,4
dl_1882,7,East_exit,7,5
dl_1882,9,West_exit,9,6
dl_1882,18,West_exit,18,12
dl_1882,17,East_exit,17,12
dl_1882,20,West_exit,20,13
dl_1882,15,West_exit,15,10
dl_1882,12,West_exit,12,8
dl_1882,13,East_exit,13,9
dl_1882,3,East_exit,3,3
dl_1882,4,East_exit,4,3
dl_1883,15,,,
dl_1883,14,East_exit,14,10
dl_1883,5,East_exit,5,4
dl_1883,8,East_exit,8,6
dl_1883,6,West_exit,6,4
dl_1883,7,East_exit,7,5
dl_1883,9,West_exit,9,6
dl_1883,3,East_exit,3,3
dl_1883,4,East_exit,4,3
dl_1883,18,West_exit,18,12
dl_1883,17,East_exit,17,12
dl_1883,15,West_exit,15,10
dl_1883,12,West_exit,12,8
dl_1883,13,East_exit,13,9
dl_1883,21,East_exit,21,15
dl_1883,22,West_exit,22,14
dl_1883,23,West_exit,23,15
dl_1884,13,,,
dl_1884,14,East_exit,14,10
dl_1884,8,East_exit,8,6
dl_1884,6,West_exit,6,4
dl_1884,7,East_exit,7,5
dl_1884,5,East_exit,5,4
dl_1884,9,West_exit,9,6
dl_1884,18,West_exit,18,12
dl_1884,17,East_exit,17,12
dl_1884,15,West_exit,15,10
dl_1884,12,West_exit,12,8
dl_1884,13,East_exit,13,9
dl_1884,21,East_exit,21,15
dl_1884,22,West_exit,22,14
dl_1884,23,West_exit,23,15
dl_1885,14,,,
dl_1885,14,East_exit,14,10
dl_1885,8,East_exit,8,6
dl_1885,6,West_exit,6,4
dl_1885,7,East_exit,7,5
dl_1885,9,West_exit,9,6
dl_1885,18,West_exit,18,12
dl_1885,17,East_exit,17,12
dl_1885,15,West_exit,15,10
dl_1885,12,West_exit,12,8
dl_1885,13,East_exit,13,9
dl_1885,3,East_exit,3,3
dl_1885,4,East_exit,4,3
dl_1885,21,East_exit,21,15
dl_1885,22,West_exit,22,14
dl_1885,23,West_exit,23,15
dl_1886,19,,,
dl_1886,17,East_exit,17,12
dl_1886,15,West_exit,15,10
dl_1886,16,East_exit,16,11
dl_1886,18,West_exit,18,12
dl_1886,5,East_exit,5,4
dl_1886,8,East_exit,8,6
dl_1886,6,West_exit,6,4
dl_1886,7,East_exit,7,5
dl_1886,9,West_exit,9,6
dl_1886,3,East_exit,3,3
dl_1886,4,East_exit,4,3
dl_1886,12,West_exit,12,8
dl_1886,13,East_exit,13,9
dl_1886,24,East_exit,24,17
dl_1886,25,West_exit,25,16
dl_1886,26,West_exit,26,17
dl_1886,27,West_exit,27,18
dl_1886,28,West_exit,28,18
dl_1886,21,East_exit,21,15
dl_1886,22,West_exit,22,14
dl_1887,17,,,
dl_1887,17,East_exit,17,12
dl_1887,15,West_exit,15,10
dl_1887,16,East_exit,16,11
dl_1887,18,West_exit,18,12
dl_1887,5,East_exit,5,4
dl_1887,8,East_exit,8,6
dl_1887,6,West_exit,6,4
dl_1887,7,East_exit,7,5
dl_1887,9,West_exit,9,6
dl_1887,3,East_exit,3,3
dl_1887,4,East_exit,4,3
dl_1887,12,West_exit,12,8
dl_1887,13,East_exit,13,9
dl_1887,24,East_exit,24,17
dl_1887,25,West_exit,25,16
dl_1887,26,West_exit,26,17
dl_1887,21,East_exit,21,15
dl_1887,22,West_exit,22,14
dl_1888,17,,,
dl_1888,17,East_exit,17,12
dl_1888,15,West_exit,15,10
dl_1888,16,East_exit,16,11
dl_1888,18,West_exit,18,12
dl_1888,8,East_exit,8,6
dl_1888,6,West_exit,6,4
dl_1888,7,East_exit,7,5
dl_1888,5,East_exit,5,4
dl_1888,9,West_exit,9,6
dl_1888,12,West_exit,12,8
dl_1888,13,East_exit,13,9
dl_1888,24,East_exit,24,17
dl_1888,25,West_exit,25,16
dl_1888,26,West_exit,26,17
dl_1888,27,West_exit,27,18
dl_1888,28,West_exit,28,18
dl_1888,21,East_exit,21,15
dl_1888,22,West_exit,22,14
dl_1889,15,,,
dl_1889,17,East_exit,17,12
dl_1889,15,West_exit,15,10
dl_1889,16,East_exit,16,11
dl_1889,18,West_exit,18,12
dl_1889,8,East_exit,8,6
dl_1889,6,West_exit,6,4
dl_1889,7,East_exit,7,5
dl_1889,5,East_exit,5,4
dl_1889,9,West_exit,9,6
dl_1889,12,West_exit,12,8
dl_1889,13,East_exit,13,9
dl_1889,24,East_exit,24,17
dl_1889,25,West_exit,25,16
dl_1889,26,West_exit,26,17
dl_1889,21,East_exit,21,15
dl_1889,22,West_exit,22,14
dl_1890,18,,,
dl_1890,17,East_exit,17,12
dl_1890,15,West_exit,15,10
dl_1890,16,East_exit,16,11
dl_1890,18,West_exit,18,12
dl_1890,8,East_exit,8,6
dl_1890,6,West_exit,6,4
dl_1890,7,East_exit,7,5
dl_1890,9,West_exit,9,6
dl_1890,12,West_exit,12,8
dl_1890,13,East_exit,13,9
dl_1890,24,East_exit,24,17
dl_1890,25,West_exit,25,16
dl_1890,26,West_exit,26,17
dl_1890,27,West_exit,27,18
dl_1890,28,West_exit,28,18
dl_1890,21,East_exit,21,15
dl_1890,22,West_exit,22,14
dl_1890,3,East_exit,3,3
dl_1890,4,East_exit,4,3
dl_1891,16,,,
dl_1891,17,East_exit,17,12
dl_1891,15,West_exit,15,10
dl_1891,16,East_exit,16,11
dl_1891,18,West_exit,18,12
dl_1891,8,East_exit,8,6
dl_1891,6,West_exit,6,4
dl_1891,7,East_exit,7,5
dl_1891,9,West_exit,9,6
dl_1891,12,West_exit,12,8
dl_1891,13,East_exit,13,9
dl_1891,24,East_exit,24,17
dl_1891,25,West_exit,25,16
dl_1891,26,West_exit,26,17
dl_1891,21,East_exit,21,15
dl_1891,22,West_exit,22,14
dl_1891,3,East_exit,3,3
dl_1891,4,East_exit,4,3
dl_1892,19,,,
dl_1892,14,East_exit,14,10
dl_1892,5,East_exit,5,4
dl_1892,8,East_exit,8,6
dl_1892,6,West_exit,6,4
dl_1892,7,East_exit,7,5
dl_1892,9,West_exit,9,6
dl_1892,3,East_exit,3,3
dl_1892,4,East_exit,4,3
dl_1892,18,West_exit,18,12
dl_1892,17,East_exit,17,12
dl_1892,15,West_exit,15,10
dl_1892,12,West_exit,12,8
dl_1892,13,East_exit,13,9
dl_1892,26,West_exit,26,17
dl_1892,24,East_exit,24,17
dl_1892,25,West_exit,25,16
dl_1892,27,West_exit,27,18
dl_1892,28,West_exit,28,18
dl_1892,21,East_exit,21,15
dl_1892,22,West_exit,22,14
dl_1893,17,,,
dl_1893,14,East_exit,14,10
dl_1893,5,East_exit,5,4
dl_1893,8,East_exit,8,6
dl_1893,6,West_exit,6,4
dl_1893,7,East_exit,7,5
dl_1893,9,West_exit,9,6
dl_1893,3,East_exit,3,3
dl_1893,4,East_exit,4,3
dl_1893,18,West_exit,18,12
dl_1893,17,East_exit,17,12
dl_1893,15,West_exit,15,10
dl_1893,12,West_exit,12,8
dl_1893,13,East_exit,13,9
dl_1893,21,East_exit,21,15
dl_1893,22,West_exit,22,14
dl_1893,24,East_exit,24,17
dl_1893,25,West_exit,25,16
dl_1893,26,West_exit,26,17
dl_1894,17,,,
dl_1894,14,East_exit,14,10
dl_1894,8,East_exit,8,6
dl_1894,6,West_exit,6,4
dl_1894,7,East_exit,7,5
dl_1894,5,East_exit,5,4
dl_1894,9,West_exit,9,6
dl_1894,18,West_exit,18,12
dl_1894,17,East_exit,17,12
dl_1894,15,West_exit,15,10
dl_1894,12,West_exit,12,8
dl_1894,13,East_exit,13,9
dl_1894,26,West_exit,26,17
dl_1894,24,East_exit,24,17
dl_1894,25,West_exit,25,16
dl_1894,27,West_exit,27,18
dl_1894,28,West_exit,28,18
dl_1894,21,East_exit,21,15
dl_1894,22,West_exit,22,14
dl_1895,15,,,
dl_1895,14,East_exit,14,10
dl_1895,8,East_exit,8,6
dl_1895,6,West_exit,6,4
dl_1895,7,East_exit,7,5
dl_1895,5,East_exit,5,4
dl_1895,9,West_exit,9,6
dl_1895,18,West_exit,18,12
dl_1895,17,East_exit,17,12
dl_1895,15,West_exit,15,10
dl_1895,12,West_exit,12,8
dl_1895,13,East_exit,13,9
dl_1895,21,East_exit,21,15
dl_1895,22,West_exit,22,14
dl_1895,24,East_exit,24,17
dl_1895,25,West_exit,25,16
dl_1895,26,West_exit,26,17
dl_1896,18,,,
dl_1896,14,East_exit,14,10
dl_1896,8,East_exit,8,6
dl_1896,6,West_exit,6,4
dl_1896,7,East_exit,7,5
dl_1896,9,West_exit,9,6
dl_1896,18,West_exit,18,12
dl_1896,17,East_exit,17,12
dl_1896,15,West_exit,15,10
dl_1896,12,West_exit,12,8
dl_1896,13,East_exit,13,9
dl_1896,3,East_exit,3,3
dl_1896,4,East_exit,4,3
dl_1896,24,East_exit,24,17
dl_1896,25,West_exit,25,16
dl_1896,26,West_exit,26,17
dl_1896,27,West_exit,27,18
dl_1896,28,West_exit,28,18
dl_1896,21,East_exit,21,15
dl_1896,22,West_exit,22,14
dl_1897,16,,,
dl_1897,14,East_exit,14,10
dl_1897,8,East_exit,8,6
dl_1897,6,West_exit,6,4
dl_1897,7,East_exit,7,5
dl_1897,9,West_exit,9,6
dl_1897,18,West_exit,18,12
dl_1897,17,East_exit,17,12
dl_1897,15,West_exit,15,10
dl_1897,12,West_exit,12,8
dl_1897,13,East_exit,13,9
dl_1897,3,East_exit,3,3
dl_1897,4,East_exit,4,3
dl_1897,21,East_exit,21,15
dl_1897,22,West_exit,22,14
dl_1897,24,East_exit,24,17
dl_1897,25,West_exit,25,16
dl_1897,26,West_exit,26,17
dl_1898,14,,,
dl_1898,17,East_exit,17,12
dl_1898,5,East_exit,5,4
dl_1898,8,East_exit,8,6
dl_1898,6,West_exit,6,4
dl_1898,7,East_exit,7,5
dl_1898,12,West_exit,12,8
dl_1898,11,East_exit,11,8
dl_1898,9,West_exit,9,6
dl_1898,10,East_exit,10,7
dl_1898,3,East_exit,3,3
dl_1898,4,East_exit,4,3
dl_1898,18,West_exit,18,12
dl_1898,20,West_exit,20,13
dl_1898,15,West_exit,15,10
dl_1898,16,East_exit,16,11
dl_1899,12,,,
dl_1899,17,East_exit,17,12
dl_1899,8,East_exit,8,6
dl_1899,6,West_exit,6,4
dl_1899,7,East_exit,7,5
dl_1899,5,East_exit,5,4
dl_1899,12,West_exit,12,8
dl_1899,11,East_exit,11,8
dl_1899,9,West_exit,9,6
dl_1899,10,East_exit,10,7
dl_1899,18,West_exit,18,12
dl_1899,20,West_exit,20,13
dl_1899,15,West_exit,15,10
dl_1899,16,East_exit,16,11
dl_1900,13,,,
dl_1900,17,East_exit,17,12
dl_1900,8,East_exit,8,6
dl_1900,6,West_exit,6,4
dl_1900,7,East_exit,7,5
dl_1900,12,West_exit,12,8
dl_1900,11,East_exit,11,8
dl_1900,9,West_exit,9,6
dl_1900,10,East_exit,10,7
dl_1900,18,West_exit,18,12
dl_1900,20,West_exit,20,13
dl_1900,15,West_exit,15,10
dl_1900,16,East_exit,16,11
dl_1900,3,East_exit,3,3
dl_1900,4,East_exit,4,3
dl_1901,13,,,
dl_1901,17,East_exit,17,12
dl_1901,5,East_exit,5,4
dl_1901,6,West_exit,6,4
dl_1901,8,East_exit,8,6
dl_1901,12,West_exit,12,8
dl_1901,11,East_exit,11,8
dl_1901,9,West_exit,9,6
dl_1901,10,East_exit,10,7
dl_1901,3,East_exit,3,3
dl_1901,4,East_exit,4,3
dl_1901,18,West_exit,18,12
dl_1901,20,West_exit,20,13
dl_1901,15,West_exit,15,10
dl_1901,16,East_exit,16,11
dl_1902,9,,,
dl_1902,17,East_exit,17,12
dl_1902,12,West_exit,12,8
dl_1902,11,East_exit,11,8
dl_1902,9,West_exit,9,6
dl_1902,10,East_exit,10,7
dl_1902,8,East_exit,8,6
dl_1902,18,West_exit,18,12
dl_1902,20,West_exit,20,13
dl_1902,15,West_exit,15,10
dl_1902,16,East_exit,16,11
dl_1903,13,,,
dl_1903,17,East_exit,17,12
dl_1903,5,East_exit,5,4
dl_1903,11,East_exit,11,8
dl_1903,12,West_exit,12,8
dl_1903,9,West_exit,9,6
dl_1903,10,East_exit,10,7
dl_1903,6,West_exit,6,4
dl_1903,7,East_exit,7,5
dl_1903,3,East_exit,3,3
dl_1903,4,East_exit,4,3
dl_1903,15,West_exit,15,10
dl_1903,16,East_exit,16,11
dl_1903,18,West_exit,18,12
dl_1903,20,West_exit,20,13
dl_1904,11,,,
dl_1904,18,West_exit,18,12
dl_1904,17,East_exit,17,12
dl_1904,11,East_exit,11,8
dl_1904,12,West_exit,12,8
dl_1904,9,West_exit,9,6
dl_1904,10,East_exit,10,7
dl_1904,6,West_exit,6,4
dl_1904,7,East_exit,7,5
dl_1904,5,East_exit,5,4
dl_1904,15,West_exit,15,10
dl_1904,16,East_exit,16,11
dl_1904,20,West_exit,20,13
dl_1905,12,,,
dl_1905,17,East_exit,17,12
dl_1905,18,West_exit,18,12
dl_1905,11,East_exit,11,8
dl_1905,12,West_exit,12,8
dl_1905,9,West_exit,9,6
dl_1905,10,East_exit,10,7
dl_1905,6,West_exit,6,4
dl_1905,7,East_exit,7,5
dl_1905,15,West_exit,15,10
dl_1905,16,East_exit,16,11
dl_1905,20,West_exit,20,13
dl_1905,3,East_exit,3,3
dl_1905,4,East_exit,4,3
dl_1906,16,,,
dl_1906,17,East_exit,17,12
dl_1906,5,East_exit,5,4
dl_1906,8,East_exit,8,6
dl_1906,6,West_exit,6,4
dl_1906,7,East_exit,7,5
dl_1906,12,West_exit,12,8
dl_1906,11,East_exit,11,8
dl_1906,9,West_exit,9,6
dl_1906,10,East_exit,10,7
dl_1906,3,East_exit,3,3
dl_1906,4,East_exit,4,3
dl_1906,18,West_exit,18,12
dl_1906,15,West_exit,15,10
dl_1906,16,East_exit,16,11
dl_1906,21,East_exit,21,15
dl_1906,22,West_exit,22,14
dl_1906,23,West_exit,23,15
dl_1907,14,,,
dl_1907,17,East_exit,17,12
dl_1907,8,East_exit,8,6
dl_1907,6,West_exit,6,4
dl_1907,7,East_exit,7,5
dl_1907,5,East_exit,5,4
dl_1907,12,West_exit,12,8
dl_1907,11,East_exit,11,8
dl_1907,9,West_exit,9,6
dl_1907,10,East_exit,10,7
dl_1907,18,West_exit,18,12
dl_1907,15,West_exit,15,10
dl_1907,16,East_exit,16,11
dl_1907,21,East_exit,21,15
dl_1907,22,West_exit,22,14
dl_1907,23,West_exit,23,15
dl_1908,15,,,
dl_1908,17,East_exit,17,12
dl_1908,8,East_exit,8,6
dl_1908,6,West_exit,6,4
dl_1908,7,East_exit,7,5
dl_1908,12,West_exit,12,8
dl_1908,11,East_exit,11,8
dl_1908,9,West_exit,9,6
dl_1908,10,East_exit,10,7
dl_1908,18,West_exit,18,12
dl_1908,15,West_exit,15,10
dl_1908,16,East_exit,16,11
dl_1908,21,East_exit,21,15
dl_1908,22,West_exit,22,14
dl_1908,23,West_exit,23,15
dl_1908,3,East_exit,3,3
dl_1908,4,East_exit,4,3
dl_1909,15,,,
dl_1909,17,East_exit,17,12
dl_1909,5,East_exit,5,4
dl_1909,6,West_exit,6,4
dl_1909,8,East_exit,8,6
dl_1909,12,West_exit,12,8
dl_1909,11,East_exit,11,8
dl_1909,9,West_exit,9,6
dl_1909,10,East_exit,10,7
dl_1909,3,East_exit,3,3
dl_1909,4,East_exit,4,3
dl_1909,18,West_exit,18,12
dl_1909,15,West_exit,15,10
dl_1909,16,East_exit,16,11
dl_1909,21,East_exit,21,15
dl_1909,22,West_exit,22,14
dl_1909,23,West_exit,23,15
dl_1910,11,,,
dl_1910,17,East_exit,17,12
dl_1910,12,West_exit,12,8
dl_1910,11,East_exit,11,8
dl_1910,9,West_exit,9,6
dl_1910,10,East_exit,10,7
dl_1910,8,East_exit,8,6
dl_1910,18,West_exit,18,12
dl_1910,15,West_exit,15,10
dl_1910,16,East_exit,16,11
dl_1910,21,East_exit,21,15
dl_1910,22,West_exit,22,14
dl_1910,23,West_exit,23,15
dl_1911,15,,,
dl_1911,17,East_exit,17,12
dl_1911,5,East_exit,5,4
dl_1911,11,East_exit,11,8
dl_1911,12,West_exit,12,8
dl_1911,9,West_exit,9,6
dl_1911,10,East_exit,10,7
dl_1911,6,West_exit,6,4
dl_1911,7,East_exit,7,5
dl_1911,3,East_exit,3,3
dl_1911,4,East_exit,4,3
dl_1911,15,West_exit,15,10
dl_1911,16,East_exit,16,11
dl_1911,18,West_exit,18,12
dl_1911,21,East_exit,21,15
dl_1911,22,West_exit,22,14
dl_1911,23,West_exit,23,15
dl_1912,13,,,
dl_1912,18,West_exit,18,12
dl_1912,17,East_exit,17,12
dl_1912,11,East_exit,11,8
dl_1912,12,West_exit,12,8
dl_1912,9,West_exit,9,6
dl_1912,10,East_exit,10,7
dl_1912,6,West_exit,6,4
dl_1912,7,East_exit,7,5
dl_1912,5,East_exit,5,4
dl_1912,15,West_exit,15,10
dl_1912,16,East_exit,16,11
dl_1912,21,East_exit,21,15
dl_1912,22,West_exit,22,14
dl_1912,23,West_exit,23,15
dl_1913,14,,,
dl_1913,17,East_exit,17,12
dl_1913,18,West_exit,18,12
dl_1913,11,East_exit,11,8
dl_1913,12,West_exit,12,8
dl_1913,9,West_exit,9,6
dl_1913,10,East_exit,10,7
dl_1913,6,West_exit,6,4
dl_1913,7,East_exit,7,5
dl_1913,15,West_exit,15,10
dl_1913,16,East_exit,16,11
dl_1913,3,East_exit,3,3
dl_1913,4,East_exit,4,3
dl_1913,21,East_exit,21,15
dl_1913,22,West_exit,22,14
dl_1913,23,West_exit,23,15
dl_1914,14,,,
dl_1914,5,East_exit,5,4
dl_1914,8,East_exit,8,6
dl_1914,6,West_exit,6,4
dl_1914,7,East_exit,7,5
dl_1914,18,West_exit,18,12
dl_1914,17,East_exit,17,12
dl_1914,20,West_exit,20,13
dl_1914,15,West_exit,15,10
dl_1914,14,East_exit,14,10
dl_1914,12,West_exit,12,8
dl_1914,11,East_exit,11,8
dl_1914,9,West_exit,9,6
dl_1914,10,East_exit,10,7
dl_1914,3,East_exit,3,3
dl_1914,4,East_exit,4,3
dl_1915,12,,,
dl_1915,8,East_exit,8,6
dl_1915,6,West_exit,6,4
dl_1915,7,East_exit,7,5
dl_1915,5,East_exit,5,4
dl_1915,18,West_exit,18,12
dl_1915,17,East_exit,17,12
dl_1915,20,West_exit,20,13
dl_1915,15,West_exit,15,10
dl_1915,14,East_exit,14,10
dl_1915,12,West_exit,12,8
dl_1915,11,East_exit,11,8
dl_1915,9,West_exit,9,6
dl_1915,10,East_exit,10,7
dl_1916,13,,,
dl_1916,8,East_exit,8,6
dl_1916,6,West_exit,6,4
dl_1916,7,East_exit,7,5
dl_1916,18,West_exit,18,12
dl_1916,17,East_exit,17,12
dl_1916,20,West_exit,20,13
dl_1916,15,West_exit,15,10
dl_1916,14,East_exit,14,10
dl_1916,12,West_exit,12,8
dl_1916,11,East_exit,11,8
dl_1916,9,West_exit,9,6
dl_1916,10,East_exit,10,7
dl_1916,3,East_exit,3,3
dl_1916,4,East_exit,4,3
dl_1917,13,,,
dl_1917,5,East_exit,5,4
dl_1917,6,West_exit,6,4
dl_1917,8,East_exit,8,6
dl_1917,18,West_exit,18,12
dl_1917,17,East_exit,17,12
dl_1917,20,West_exit,20,13
dl_1917,15,West_exit,15,10
dl_1917,14,East_exit,14,10
dl_1917,12,West_exit,12,8
dl_1917,11,East_exit,11,8
dl_1917,9,West_exit,9,6
dl_1917,10,East_exit,10,7
dl_1917,3,East_exit,3,3
dl_1917,4,East_exit,4,3
dl_1918,9,,,
dl_1918,18,West_exit,18,12
dl_1918,17,East_exit,17,12
dl_1918,14,East_exit,14,10
dl_1918,15,West_exit,15,10
dl_1918,12,West_exit,12,8
dl_1918,11,East_exit,11,8
dl_1918,9,West_exit,9,6
dl_1918,10,East_exit,10,7
dl_1918,8,East_exit,8,6
dl_1918,20,West_exit,20,13
dl_1919,13,,,
dl_1919,5,East_exit,5,4
dl_1919,11,East_exit,11,8
dl_1919,14,East_exit,14,10
dl_1919,15,West_exit,15,10
dl_1919,17,East_exit,17,12
dl_1919,12,West_exit,12,8
dl_1919,9,West_exit,9,6
dl_1919,10,East_exit,10,7
dl_1919,6,West_exit,6,4
dl_1919,7,East_exit,7,5
dl_1919,3,East_exit,3,3
dl_1919,4,East_exit,4,3
dl_1919,18,West_exit,18,12
dl_1919,20,West_exit,20,13
dl_1920,11,,,
dl_1920,11,East_exit,11,8
dl_1920,14,East_exit,14,10
dl_1920,15,West_exit,15,10
dl_1920,18,West_exit,18,12
dl_1920,17,East_exit,17,12
dl_1920,12,West_exit,12,8
dl_1920,9,West_exit,9,6
dl_1920,10,East_exit,10,7
dl_1920,6,West_exit,6,4
dl_1920,7,East_exit,7,5
dl_1920,5,East_exit,5,4
dl_1920,20,West_exit,20,13
dl_1921,12,,,
dl_1921,11,East_exit,11,8
dl_1921,14,East_exit,14,10
dl_1921,15,West_exit,15,10
dl_1921,18,West_exit,18,12
dl_1921,17,East_exit,17,12
dl_1921,12,West_exit,12,8
dl_1921,9,West_exit,9,6
dl_1921,10,East_exit,10,7
dl_1921,6,West_exit,6,4
dl_1921,7,East_exit,7,5
dl_1921,20,West_exit,20,13
dl_1921,3,East_exit,3,3
dl_1921,4,East_exit,4,3
dl_1922,16,,,
dl_1922,5,East_exit,5,4
dl_1922,8,East_exit,8,6
dl_1922,6,West_exit,6,4
dl_1922,7,East_exit,7,5
dl_1922,18,West_exit,18,12
dl_1922,17,East_exit,17,12
dl_1922,15,West_exit,15,10
dl_1922,14,East_exit,14,10
dl_1922,12,West_exit,12,8
dl_1922,11,East_exit,11,8
dl_1922,9,West_exit,9,6
dl_1922,10,East_exit,10,7
dl_1922,3,East_exit,3,3
dl_1922,4,East_exit,4,3
dl_1922,21,East_exit,21,15
dl_1922,22,West_exit,22,14
dl_1922,23,West_exit,23,15
dl_1923,14,,,
dl_1923,8,East_exit,8,6
dl_1923,6,West_exit,6,4
dl_1923,7,East_exit,7,5
dl_1923,5,East_exit,5,4
dl_1923,18,West_exit,18,12
dl_1923,17,East_exit,17,12
dl_1923,15,West_exit,15,10
dl_1923,14,East_exit,14,10
dl_1923,12,West_exit,12,8
dl_1923,11,East_exit,11,8
dl_1923,9,West_exit,9,6
dl_1923,10,East_exit,10,7
dl_1923,21,East_exit,21,15
dl_1923,22,West_exit,22,14
dl_1923,23,West_exit,23,15
dl_1924,15,,,
dl_1924,8,East_exit,8,6
dl_1924,6,West_exit,6,4
dl_1924,7,East_exit,7,5
dl_1924,18,West_exit,18,12
dl_1924,17,East_exit,17,12
dl_1924,15,West_exit,15,10
dl_1924,14,East_exit,14,10
dl_1924,12,West_exit,12,8
dl_1924,11,East_exit,11,8
dl_1924,9,West_exit,9,6
dl_1924,10,East_exit,10,7
dl_1924,21,East_exit,21,15
dl_1924,22,West_exit,22,14
dl_1924,23,West_exit,23,15
dl_1924,3,East_exit,3,3
dl_1924,4,East_exit,4,3
dl_1925,15,,,
dl_1925,5,East_exit,5,4
dl_1925,6,West_exit,6,4
dl_1925,8,East_exit,8,6
dl_1925,18,West_exit,18,12
dl_1925,17,East_exit,17,12
dl_1925,15,West_exit,15,10
dl_1925,14,East_exit,14,10
dl_1925,12,West_exit,12,8
dl_1925,11,East_exit,11,8
dl_1925,9,West_exit,9,6
dl_1925,10,East_exit,10,7
dl_1925,21,East_exit,21,15
dl_1925,22,West_exit,22,14
dl_1925,23,West_exit,23,15
dl_1925,3,East_exit,3,3
dl_1925,4,East_exit,4,3
dl_1926,11,,,
dl_1926,14,East_exit,14,10
dl_1926,15,West_exit,15,10
dl_1926,17,East_exit,17,12
dl_1926,12,West_exit,12,8
dl_1926,11,East_exit,11,8
dl_1926,9,West_exit,9,6
dl_1926,10,East_exit,10,7
dl_1926,8,East_exit,8,6
dl_1926,18,West_exit,18,12
dl_1926,21,East_exit,21,15
dl_1926,22,West_exit,22,14
dl_1926,23,West_exit,23,15
dl_1927,15,,,
dl_1927,11,East_exit,11,8
dl_1927,14,East_exit,14,10
dl_1927,15,West_exit,15,10
dl_1927,17,East_exit,17,12
dl_1927,5,East_exit,5,4
dl_1927,12,West_exit,12,8
dl_1927,9,West_exit,9,6
dl_1927,10,East_exit,10,7
dl_1927,6,West_exit,6,4
dl_1927,7,East_exit,7,5
dl_1927,3,East_exit,3,3
dl_1927,4,East_exit,4,3
dl_1927,18,West_exit,18,12
dl_1927,21,East_exit,21,15
dl_1927,22,West_exit,22,14
dl_1927,23,West_exit,23,15
dl_1928,13,,,
dl_1928,11,East_exit,11,8
dl_1928,12,West_exit,12,8
dl_1928,14,East_exit,14,10
dl_1928,18,West_exit,18,12
dl_1928,17,East_exit,17,12
dl_1928,15,West_exit,15,10
dl_1928,9,West_exit,9,6
dl_1928,10,East_exit,10,7
dl_1928,6,West_exit,6,4
dl_1928,7,East_exit,7,5
dl_1928,5,East_exit,5,4
dl_1928,21,East_exit,21,15
dl_1928,22,West_exit,22,14
dl_1928,23,West_exit,23,15
dl_1929,14,,,
dl_1929,11,East_exit,11,8
dl_1929,12,West_exit,12,8
dl_1929,14,East_exit,14,10
dl_1929,18,West_exit,18,12
dl_1929,17,East_exit,17,12
dl_1929,15,West_exit,15,10
dl_1929,9,West_exit,9,6
dl_1929,10,East_exit,10,7
dl_1929,6,West_exit,6,4
dl_1929,7,East_exit,7,5
dl_1929,21,East_exit,21,15
dl_1929,22,West_exit,22,14
dl_1929,23,West_exit,23,15
dl_1929,3,East_exit,3,3
dl_1929,4,East_exit,4,3
dl_1930,20,,,
dl_1930,17,East_exit,17,12
dl_1930,5,East_exit,5,4
dl_1930,8,East_exit,8,6
dl_1930,6,West_exit,6,4
dl_1930,7,East_exit,7,5
dl_1930,12,West_exit,12,8
dl_1930,11,East_exit,11,8
dl_1930,9,West_exit,9,6
dl_1930,10,East_exit,10,7
dl_1930,3,East_exit,3,3
dl_1930,4,East_exit,4,3
dl_1930,18,West_exit,18,12
dl_1930,15,West_exit,15,10
dl_1930,16,East_exit,16,11
dl_1930,26,West_exit,26,17
dl_1930,24,East_exit,24,17
dl_1930,25,West_exit,25,16
dl_1930,27,West_exit,27,18
dl_1930,28,West_exit,28,18
dl_1930,21,East_exit,21,15
dl_1930,22,West_exit,22,14
dl_1931,18,,,
dl_1931,17,East_exit,17,12
dl_1931,8,East_exit,8,6
dl_1931,6,West_exit,6,4
dl_1931,7,East_exit,7,5
dl_1931,5,East_exit,5,4
dl_1931,12,West_exit,12,8
dl_1931,11,East_exit,11,8
dl_1931,9,West_exit,9,6
dl_1931,10,East_exit,10,7
dl_1931,18,West_exit,18,12
dl_1931,15,West_exit,15,10
dl_1931,16,East_exit,16,11
dl_1931,26,West_exit,26,17
dl_1931,24,East_exit,24,17
dl_1931,25,West_exit,25,16
dl_1931,27,West_exit,27,18
dl_1931,28,West_exit,28,18
dl_1931,21,East_exit,21,15
dl_1931,22,West_exit,22,14
dl_1932,18,,,
dl_1932,17,East_exit,17,12
dl_1932,5,East_exit,5,4
dl_1932,8,East_exit,8,6
dl_1932,6,West_exit,6,4
dl_1932,7,East_exit,7,5
dl_1932,12,West_exit,12,8
dl_1932,11,East_exit,11,8
dl_1932,9,West_exit,9,6
dl_1932,10,East_exit,10,7
dl_1932,3,East_exit,3,3
dl_1932,4,East_exit,4,3
dl_1932,18,West_exit,18,12
dl_1932,15,West_exit,15,10
dl_1932,16,East_exit,16,11
dl_1932,21,East_exit,21,15
dl_1932,22,West_exit,22,14
dl_1932,24,East_exit,24,17
dl_1932,25,West_exit,25,16
dl_1932,26,West_exit,26,17
dl_1933,16,,,
dl_1933,17,East_exit,17,12
dl_1933,8,East_exit,8,6
dl_1933,6,West_exit,6,4
dl_1933,7,East_exit,7,5
dl_1933,5,East_exit,5,4
dl_1933,12,West_exit,12,8
dl_1933,11,East_exit,11,8
dl_1933,9,West_exit,9,6
dl_1933,10,East_exit,10,7
dl_1933,18,West_exit,18,12
dl_1933,15,West_exit,15,10
dl_1933,16,East_exit,16,11
dl_1933,21,East_exit,21,15
dl_1933,22,West_exit,22,14
dl_1933,24,East_exit,24,17
dl_1933,25,West_exit,25,16
dl_1933,26,West_exit,26,17
dl_1934,19,,,
dl_1934,17,East_exit,17,12
dl_1934,8,East_exit,8,6
dl_1934,6,West_exit,6,4
dl_1934,7,East_exit,7,5
dl_1934,12,West_exit,12,8
dl_1934,11,East_exit,11,8
dl_1934,9,West_exit,9,6
dl_1934,10,East_exit,10,7
dl_1934,18,West_exit,18,12
dl_1934,15,West_exit,15,10
dl_1934,16,East_exit,16,11
dl_1934,3,East_exit,3,3
dl_1934,4,East_exit,4,3
dl_1934,24,East_exit,24,17
dl_1934,25,West_exit,25,16
dl_1934,26,West_exit,26,17
dl_1934,27,West_exit,27,18
dl_1934,28,West_exit,28,18
dl_1934,21,East_exit,21,15
dl_1934,22,West_exit,22,14
dl_1935,17,,,
dl_1935,17,East_exit,17,12
dl_1935,8,East_exit,8,6
dl_1935,6,West_exit,6,4
dl_1935,7,East_exit,7,5
dl_1935,12,West_exit,12,8
dl_1935,11,East_exit,11,8
dl_1935,9,West_exit,9,6
dl_1935,10,East_exit,10,7
dl_1935,18,West_exit,18,12
dl_1935,15,West_exit,15,10
dl_1935,16,East_exit,16,11
dl_1935,3,East_exit,3,3
dl_1935,4,East_exit,4,3
dl_1935,21,East_exit,21,15
dl_1935,22,West_exit,22,14
dl_1935,24,East_exit,24,17
dl_1935,25,West_exit,25,16
dl_1935,26,West_exit,26,17
dl_1936,19,,,
dl_1936,17,East_exit,17,12
dl_1936,5,East_exit,5,4
dl_1936,6,West_exit,6,4
dl_1936,8,East_exit,8,6
dl_1936,12,West_exit,12,8
dl_1936,11,East_exit,11,8
dl_1936,9,West_exit,9,6
dl_1936,10,East_exit,10,7
dl_1936,3,East_exit,3,3
dl_1936,4,East_exit,4,3
dl_1936,18,West_exit,18,12
dl_1936,15,West_exit,15,10
dl_1936,16,East_exit,16,11
dl_1936,26,West_exit,26,17
dl_1936,24,East_exit,24,17
dl_1936,25,West_exit,25,16
dl_1936,27,West_exit,27,18
dl_1936,28,West_exit,28,18
dl_1936,21,East_exit,21,15
dl_1936,22,West_exit,22,14
dl_1937,17,,,
dl_1937,17,East_exit,17,12
dl_1937,5,East_exit,5,4
dl_1937,6,West_exit,6,4
dl_1937,8,East_exit,8,6
dl_1937,12,West_exit,12,8
dl_1937,11,East_exit,11,8
dl_1937,9,West_exit,9,6
dl_1937,10,East_exit,10,7
dl_1937,3,East_exit,3,3
dl_1937,4,East_exit,4,3
dl_1937,18,West_exit,18,12
dl_1937,15,West_exit,15,10
dl_1937,16,East_exit,16,11
dl_1937,21,East_exit,21,15
dl_1937,22,West_exit,22,14
dl_1937,24,East_exit,24,17
dl_1937,25,West_exit,25,16
dl_1937,26,West_exit,26,17
dl_1938,17,,,
dl_1938,8,East_exit,8,6
dl_1938,17,East_exit,17,12
dl_1938,12,West_exit,12,8
dl_1938,11,East_exit,11,8
dl_1938,9,West_exit,9,6
dl_1938,10,East_exit,10,7
dl_1938,18,West_exit,18,12
dl_1938,15,West_exit,15,10
dl_1938,16,East_exit,16,11
dl_1938,26,West_exit,26,17
dl_1938,24,East_exit,24,17
dl_1938,25,West_exit,25,16
dl_1938,27,West_exit,27,18
dl_1938,28,West_exit,28,18
dl_1938,21,East_exit,21,15
dl_1938,22,West_exit,22,14
dl_1938,6,East_exit,6,5
dl_1938,7,East_exit,7,5
dl_1939,15,,,
dl_1939,17,East_exit,17,12
dl_1939,12,West_exit,12,8
dl_1939,11,East_exit,11,8
dl_1939,9,West_exit,9,6
dl_1939,10,East_exit,10,7
dl_1939,8,East_exit,8,6
dl_1939,18,West_exit,18,12
dl_1939,15,West_exit,15,10
dl_1939,16,East_exit,16,11
dl_1939,26,West_exit,26,17
dl_1939,24,East_exit,24,17
dl_1939,25,West_exit,25,16
dl_1939,27,West_exit,27,18
dl_1939,28,West_exit,28,18
dl_1939,21,East_exit,21,15
dl_1939,22,West_exit,22,14
dl_1940,13,,,
dl_1940,17,East_exit,17,12
dl_1940,12,West_exit,12,8
dl_1940,11,East_exit,11,8
dl_1940,9,West_exit,9,6
dl_1940,10,East_exit,10,7
dl_1940,8,East_exit,8,6
dl_1940,18,West_exit,18,12
dl_1940,15,West_exit,15,10
dl_1940,16,East_exit,16,11
dl_1940,21,East_exit,21,15
dl_1940,22,West_exit,22,14
dl_1940,24,East_exit,24,17
dl_1940,25,West_exit,25,16
dl_1940,26,West_exit,26,17
dl_1941,19,,,
dl_1941,17,East_exit,17,12
dl_1941,5,East_exit,5,4
dl_1941,11,East_exit,11,8
dl_1941,12,West_exit,12,8
dl_1941,9,West_exit,9,6
dl_1941,10,East_exit,10,7
dl_1941,6,West_exit,6,4
dl_1941,7,East_exit,7,5
dl_1941,3,East_exit,3,3
dl_1941,4,East_exit,4,3
dl_1941,15,West_exit,15,10
dl_1941,16,East_exit,16,11
dl_1941,18,West_exit,18,12
dl_1941,24,East_exit,24,17
dl_1941,25,West_exit,25,16
dl_1941,26,West_exit,26,17
dl_1941,27,West_exit,27,18
dl_1941,28,West_exit,28,18
dl_1941,21,East_exit,21,15
dl_1941,22,West_exit,22,14
dl_1942,17,,,
dl_1942,17,East_exit,17,12
dl_1942,5,East_exit,5,4
dl_1942,11,East_exit,11,8
dl_1942,12,West_exit,12,8
dl_1942,9,West_exit,9,6
dl_1942,10,East_exit,10,7
dl_1942,6,West_exit,6,4
dl_1942,7,East_exit,7,5
dl_1942,3,East_exit,3,3
dl_1942,4,East_exit,4,3
dl_1942,15,West_exit,15,10
dl_1942,16,East_exit,16,11
dl_1942,18,West_exit,18,12
dl_1942,24,East_exit,24,17
dl_1942,25,West_exit,25,16
dl_1942,26,West_exit,26,17
dl_1942,21,East_exit,21,15
dl_1942,22,West_exit,22,14
dl_1943,17,,,
dl_1943,18,West_exit,18,12
dl_1943,17,East_exit,17,12
dl_1943,11,East_exit,11,8
dl_1943,12,West_exit,12,8
dl_1943,9,West_exit,9,6
dl_1943,10,East_exit,10,7
dl_1943,6,West_exit,6,4
dl_1943,7,East_exit,7,5
dl_1943,5,East_exit,5,4
dl_1943,15,West_exit,15,10
dl_1943,16,East_exit,16,11
dl_1943,26,West_exit,26,17
dl_1943,24,East_exit,24,17
dl_1943,25,West_exit,25,16
dl_1943,27,West_exit,27,18
dl_1943,28,West_exit,28,18
dl_1943,21,East_exit,21,15
dl_1943,22,West_exit,22,14
dl_1944,15,,,
dl_1944,18,West_exit,18,12
dl_1944,17,East_exit,17,12
dl_1944,11,East_exit,11,8
dl_1944,12,West_exit,12,8
dl_1944,9,West_exit,9,6
dl_1944,10,East_exit,10,7
dl_1944,6,West_exit,6,4
dl_1944,7,East_exit,7,5
dl_1944,5,East_exit,5,4
dl_1944,15,West_exit,15,10
dl_1944,16,East_exit,16,11
dl_1944,24,East_exit,24,17
dl_1944,25,West_exit,25,16
dl_1944,26,West_exit,26,17
dl_1944,21,East_exit,21,15
dl_1944,22,West_exit,22,14
dl_1945,18,,,
dl_1945,17,East_exit,17,12
dl_1945,18,West_exit,18,12
dl_1945,11,East_exit,11,8
dl_1945,12,West_exit,12,8
dl_1945,9,West_exit,9,6
dl_1945,10,East_exit,10,7
dl_1945,6,West_exit,6,4
dl_1945,7,East_exit,7,5
dl_1945,15,West_exit,15,10
dl_1945,16,East_exit,16,11
dl_1945,3,East_exit,3,3
dl_1945,4,East_exit,4,3
dl_1945,26,West_exit,26,17
dl_1945,24,East_exit,24,17
dl_1945,25,West_exit,25,16
dl_1945,27,West_exit,27,18
dl_1945,28,West_exit,28,18
dl_1945,21,East_exit,21,15
dl_1945,22,West_exit,22,14
dl_1946,16,,,
dl_1946,17,East_exit,17,12
dl_1946,18,West_exit,18,12
dl_1946,11,East_exit,11,8
dl_1946,12,West_exit,12,8
dl_1946,9,West_exit,9,6
dl_1946,10,East_exit,10,7
dl_1946,6,West_exit,6,4
dl_1946,7,East_exit,7,5
dl_1946,15,West_exit,15,10
dl_1946,16,East_exit,16,11
dl_1946,3,East_exit,3,3
dl_1946,4,East_exit,4,3
dl_1946,24,East_exit,24,17
dl_1946,25,West_exit,25,16
dl_1946,26,West_exit,26,17
dl_1946,21,East_exit,21,15
dl_1946,22,West_exit,22,14
dl_1947,20,,,
dl_1947,26,West_exit,26,17
dl_1947,5,East_exit,5,4
dl_1947,8,East_exit,8,6
dl_1947,6,West_exit,6,4
dl_1947,7,East_exit,7,5
dl_1947,18,West_exit,18,12
dl_1947,17,East_exit,17,12
dl_1947,15,West_exit,15,10
dl_1947,14,East_exit,14,10
dl_1947,12,West_exit,12,8
dl_1947,11,East_exit,11,8
dl_1947,9,West_exit,9,6
dl_1947,10,East_exit,10,7
dl_1947,3,East_exit,3,3
dl_1947,4,East_exit,4,3
dl_1947,21,East_exit,21,15
dl_1947,22,West_exit,22,14
dl_1947,24,East_exit,24,17
dl_1947,25,West_exit,25,16
dl_1947,27,West_exit,27,18
dl_1947,28,West_exit,28,18
dl_1948,18,,,
dl_1948,26,West_exit,26,17
dl_1948,8,East_exit,8,6
dl_1948,6,West_exit,6,4
dl_1948,7,East_exit,7,5
dl_1948,5,East_exit,5,4
dl_1948,18,West_exit,18,12
dl_1948,17,East_exit,17,12
dl_1948,15,West_exit,15,10
dl_1948,14,East_exit,14,10
dl_1948,12,West_exit,12,8
dl_1948,11,East_exit,11,8
dl_1948,9,West_exit,9,6
dl_1948,10,East_exit,10,7
dl_1948,21,East_exit,21,15
dl_1948,22,West_exit,22,14
dl_1948,24,East_exit,24,17
dl_1948,25,West_exit,25,16
dl_1948,27,West_exit,27,18
dl_1948,28,West_exit,28,18
dl_1949,18,,,
dl_1949,5,East_exit,5,4
dl_1949,8,East_exit,8,6
dl_1949,6,West_exit,6,4
dl_1949,7,East_exit,7,5
dl_1949,18,West_exit,18,12
dl_1949,17,East_exit,17,12
dl_1949,15,West_exit,15,10
dl_1949,14,East_exit,14,10
dl_1949,12,West_exit,12,8
dl_1949,11,East_exit,11,8
dl_1949,9,West_exit,9,6
dl_1949,10,East_exit,10,7
dl_1949,3,East_exit,3,3
dl_1949,4,East_exit,4,3
dl_1949,21,East_exit,21,15
dl_1949,22,West_exit,22,14
dl_1949,24,East_exit,24,17
dl_1949,25,West_exit,25,16
dl_1949,26,West_exit,26,17
dl_1950,16,,,
dl_1950,8,East_exit,8,6
dl_1950,6,West_exit,6,4
dl_1950,7,East_exit,7,5
dl_1950,5,East_exit,5,4
dl_1950,18,West_exit,18,12
dl_1950,17,East_exit,17,12
dl_1950,15,West_exit,15,10
dl_1950,14,East_exit,14,10
dl_1950,12,West_exit,12,8
dl_1950,11,East_exit,11,8
dl_1950,9,West_exit,9,6
dl_1950,10,East_exit,10,7
dl_1950,21,East_exit,21,15
dl_1950,22,West_exit,22,14
dl_1950,24,East_exit,24,17
dl_1950,25,West_exit,25,16
dl_1950,26,West_exit,26,17
dl_1951,19,,,
dl_1951,26,West_exit,26,17
dl_1951,8,East_exit,8,6
dl_1951,6,West_exit,6,4
dl_1951,7,East_exit,7,5
dl_1951,18,West_exit,18,12
dl_1951,17,East_exit,17,12
dl_1951,15,West_exit,15,10
dl_1951,14,East_exit,14,10
dl_1951,12,West_exit,12,8
dl_1951,11,East_exit,11,8
dl_1951,9,West_exit,9,6
dl_1951,10,East_exit,10,7
dl_1951,21,East_exit,21,15
dl_1951,22,West_exit,22,14
dl_1951,24,East_exit,24,17
dl_1951,25,West_exit,25,16
dl_1951,27,West_exit,27,18
dl_1951,28,West_exit,28,18
dl_1951,3,East_exit,3,3
dl_1951,4,East_exit,4,3
dl_1952,17,,,
dl_1952,8,East_exit,8,6
dl_1952,6,West_exit,6,4
dl_1952,7,East_exit,7,5
dl_1952,18,West_exit,18,12
dl_1952,17,East_exit,17,12
dl_1952,15,West_exit,15,10
dl_1952,14,East_exit,14,10
dl_1952,12,West_exit,12,8
dl_1952,11,East_exit,11,8
dl_1952,9,West_exit,9,6
dl_1952,10,East_exit,10,7
dl_1952,21,East_exit,21,15
dl_1952,22,West_exit,22,14
dl_1952,24,East_exit,24,17
dl_1952,25,West_exit,25,16
dl_1952,26,West_exit,26,17
dl_1952,3,East_exit,3,3
dl_1952,4,East_exit,4,3
dl_1953,19,,,
dl_1953,5,East_exit,5,4
dl_1953,6,West_exit,6,4
dl_1953,8,East_exit,8,6
dl_1953,18,West_exit,18,12
dl_1953,17,East_exit,17,12
dl_1953,15,West_exit,15,10
dl_1953,14,East_exit,14,10
dl_1953,12,West_exit,12,8
dl_1953,11,East_exit,11,8
dl_1953,9,West_exit,9,6
dl_1953,10,East_exit,10,7
dl_1953,3,East_exit,3,3
dl_1953,4,East_exit,4,3
dl_1953,26,West_exit,26,17
dl_1953,24,East_exit,24,17
dl_1953,25,West_exit,25,16
dl_1953,27,West_exit,27,18
dl_1953,28,West_exit,28,18
dl_1953,21,East_exit,21,15
dl_1953,22,West_exit,22,14
dl_1954,17,,,
dl_1954,5,East_exit,5,4
dl_1954,6,West_exit,6,4
dl_1954,8,East_exit,8,6
dl_1954,18,West_exit,18,12
dl_1954,17,East_exit,17,12
dl_1954,15,West_exit,15,10
dl_1954,14,East_exit,14,10
dl_1954,12,West_exit,12,8
dl_1954,11,East_exit,11,8
dl_1954,9,West_exit,9,6
dl_1954,10,East_exit,10,7
dl_1954,3,East_exit,3,3
dl_1954,4,East_exit,4,3
dl_1954,21,East_exit,21,15
dl_1954,22,West_exit,22,14
dl_1954,24,East_exit,24,17
dl_1954,25,West_exit,25,16
dl_1954,26,West_exit,26,17
dl_1955,17,,,
dl_1955,8,East_exit,8,6
dl_1955,18,West_exit,18,12
dl_1955,17,East_exit,17,12
dl_1955,14,East_exit,14,10
dl_1955,15,West_exit,15,10
dl_1955,12,West_exit,12,8
dl_1955,11,East_exit,11,8
dl_1955,9,West_exit,9,6
dl_1955,10,East_exit,10,7
dl_1955,26,West_exit,26,17
dl_1955,24,East_exit,24,17
dl_1955,25,West_exit,25,16
dl_1955,27,West_exit,27,18
dl_1955,28,West_exit,28,18
dl_1955,21,East_exit,21,15
dl_1955,22,West_exit,22,14
dl_1955,6,East_exit,6,5
dl_1955,7,East_exit,7,5
dl_1956,15,,,
dl_1956,18,West_exit,18,12
dl_1956,17,East_exit,17,12
dl_1956,14,East_exit,14,10
dl_1956,15,West_exit,15,10
dl_1956,12,West_exit,12,8
dl_1956,11,East_exit,11,8
dl_1956,9,West_exit,9,6
dl_1956,10,East_exit,10,7
dl_1956,8,East_exit,8,6
dl_1956,26,West_exit,26,17
dl_1956,24,East_exit,24,17
dl_1956,25,West_exit,25,16
dl_1956,27,West_exit,27,18
dl_1956,28,West_exit,28,18
dl_1956,21,East_exit,21,15
dl_1956,22,West_exit,22,14
dl_1957,13,,,
dl_1957,18,West_exit,18,12
dl_1957,17,East_exit,17,12
dl_1957,14,East_exit,14,10
dl_1957,15,West_exit,15,10
dl_1957,12,West_exit,12,8
dl_1957,11,East_exit,11,8
dl_1957,9,West_exit,9,6
dl_1957,10,East_exit,10,7
dl_1957,8,East_exit,8,6
dl_1957,21,East_exit,21,15
dl_1957,22,West_exit,22,14
dl_1957,24,East_exit,24,17
dl_1957,25,West_exit,25,16
dl_1957,26,West_exit,26,17
dl_1958,19,,,
dl_1958,5,East_exit,5,4
dl_1958,11,East_exit,11,8
dl_1958,14,East_exit,14,10
dl_1958,15,West_exit,15,10
dl_1958,17,East_exit,17,12
dl_1958,12,West_exit,12,8
dl_1958,9,West_exit,9,6
dl_1958,10,East_exit,10,7
dl_1958,6,West_exit,6,4
dl_1958,7,East_exit,7,5
dl_1958,3,East_exit,3,3
dl_1958,4,East_exit,4,3
dl_1958,18,West_exit,18,12
dl_1958,26,West_exit,26,17
dl_1958,24,East_exit,24,17
dl_1958,25,West_exit,25,16
dl_1958,27,West_exit,27,18
dl_1958,28,West_exit,28,18
dl_1958,21,East_exit,21,15
dl_1958,22,West_exit,22,14
dl_1959,17,,,
dl_1959,5,East_exit,5,4
dl_1959,11,East_exit,11,8
dl_1959,14,East_exit,14,10
dl_1959,15,West_exit,15,10
dl_1959,17,East_exit,17,12
dl_1959,12,West_exit,12,8
dl_1959,9,West_exit,9,6
dl_1959,10,East_exit,10,7
dl_1959,6,West_exit,6,4
dl_1959,7,East_exit,7,5
dl_1959,3,East_exit,3,3
dl_1959,4,East_exit,4,3
dl_1959,18,West_exit,18,12
dl_1959,24,East_exit,24,17
dl_1959,25,West_exit,25,16
dl_1959,26,West_exit,26,17
dl_1959,21,East_exit,21,15
dl_1959,22,West_exit,22,14
dl_1960,17,,,
dl_1960,11,East_exit,11,8
dl_1960,14,East_exit,14,10
dl_1960,15,West_exit,15,10
dl_1960,18,West_exit,18,12
dl_1960,17,East_exit,17,12
dl_1960,12,West_exit,12,8
dl_1960,9,West_exit,9,6
dl_1960,10,East_exit,10,7
dl_1960,6,West_exit,6,4
dl_1960,7,East_exit,7,5
dl_1960,5,East_exit,5,4
dl_1960,26,West_exit,26,17
dl_1960,24,East_exit,24,17
dl_1960,25,West_exit,25,16
dl_1960,27,West_exit,27,18
dl_1960,28,West_exit,28,18
dl_1960,21,East_exit,21,15
dl_1960,22,West_exit,22,14
dl_1961,15,,,
dl_1961,11,East_exit,11,8
dl_1961,14,East_exit,14,10
dl_1961,15,West_exit,15,10
dl_1961,18,West_exit,18,12
dl_1961,17,East_exit,17,12
dl_1961,12,West_exit,12,8
dl_1961,9,West_exit,9,6
dl_1961,10,East_exit,10,7
dl_1961,6,West_exit,6,4
dl_1961,7,East_exit,7,5
dl_1961,5,East_exit,5,4
dl_1961,24,East_exit,24,17
dl_1961,25,West_exit,25,16
dl_1961,26,West_exit,26,17
dl_1961,21,East_exit,21,15
dl_1961,22,West_exit,22,14
dl_1962,18,,,
dl_1962,11,East_exit,11,8
dl_1962,14,East_exit,14,10
dl_1962,15,West_exit,15,10
dl_1962,18,West_exit,18,12
dl_1962,17,East_exit,17,12
dl_1962,12,West_exit,12,8
dl_1962,9,West_exit,9,6
dl_1962,10,East_exit,10,7
dl_1962,6,West_exit,6,4
dl_1962,7,East_exit,7,5
dl_1962,26,West_exit,26,17
dl_1962,24,East_exit,24,17
dl_1962,25,West_exit,25,16
dl_1962,27,West_exit,27,18
dl_1962,28,West_exit,28,18
dl_1962,21,East_exit,21,15
dl_1962,22,West_exit,22,14
dl_1962,3,East_exit,3,3
dl_1962,4,East_exit,4,3
dl_1963,16,,,
dl_1963,11,East_exit,11,8
dl_1963,14,East_exit,14,10
dl_1963,15,West_exit,15,10
dl_1963,18,West_exit,18,12
dl_1963,17,East_exit,17,12
dl_1963,12,West_exit,12,8
dl_1963,9,West_exit,9,6
dl_1963,10,East_exit,10,7
dl_1963,6,West_exit,6,4
dl_1963,7,East_exit,7,5
dl_1963,24,East_exit,24,17
dl_1963,25,West_exit,25,16
dl_1963,26,West_exit,26,17
dl_1963,21,East_exit,21,15
dl_1963,22,West_exit,22,14
dl_1963,3,East_exit,3,3
dl_1963,4,East_exit,4,3
dl_1964,13,,,
dl_1964,17,East_exit,17,12
dl_1964,5,East_exit,5,4
dl_1964,12,West_exit,12,8
dl_1964,11,East_exit,11,8
dl_1964,8,East_exit,8,6
dl_1964,6,West_exit,6,4
dl_1964,7,East_exit,7,5
dl_1964,9,West_exit,9,6
dl_1964,3,East_exit,3,3
dl_1964,4,East_exit,4,3
dl_1964,15,West_exit,15,10
dl_1964,16,East_exit,16,11
dl_1964,18,West_exit,18,12
dl_1964,20,West_exit,20,13
dl_1965,11,,,
dl_1965,17,East_exit,17,12
dl_1965,8,East_exit,8,6
dl_1965,6,West_exit,6,4
dl_1965,7,East_exit,7,5
dl_1965,5,East_exit,5,4
dl_1965,12,West_exit,12,8
dl_1965,11,East_exit,11,8
dl_1965,9,West_exit,9,6
dl_1965,15,West_exit,15,10
dl_1965,16,East_exit,16,11
dl_1965,18,West_exit,18,12
dl_1965,20,West_exit,20,13
dl_1966,12,,,
dl_1966,17,East_exit,17,12
dl_1966,8,East_exit,8,6
dl_1966,6,West_exit,6,4
dl_1966,7,East_exit,7,5
dl_1966,12,West_exit,12,8
dl_1966,11,East_exit,11,8
dl_1966,9,West_exit,9,6
dl_1966,15,West_exit,15,10
dl_1966,16,East_exit,16,11
dl_1966,18,West_exit,18,12
dl_1966,20,West_exit,20,13
dl_1966,3,East_exit,3,3
dl_1966,4,East_exit,4,3
dl_1967,15,,,
dl_1967,17,East_exit,17,12
dl_1967,5,East_exit,5,4
dl_1967,12,West_exit,12,8
dl_1967,11,East_exit,11,8
dl_1967,8,East_exit,8,6
dl_1967,6,West_exit,6,4
dl_1967,7,East_exit,7,5
dl_1967,9,West_exit,9,6
dl_1967,3,East_exit,3,3
dl_1967,4,East_exit,4,3
dl_1967,15,West_exit,15,10
dl_1967,16,East_exit,16,11
dl_1967,18,West_exit,18,12
dl_1967,21,East_exit,21,15
dl_1967,22,West_exit,22,14
dl_1967,23,West_exit,23,15
dl_1968,13,,,
dl_1968,17,East_exit,17,12
dl_1968,8,East_exit,8,6
dl_1968,6,West_exit,6,4
dl_1968,7,East_exit,7,5
dl_1968,5,East_exit,5,4
dl_1968,12,West_exit,12,8
dl_1968,11,East_exit,11,8
dl_1968,9,West_exit,9,6
dl_1968,15,West_exit,15,10
dl_1968,16,East_exit,16,11
dl_1968,18,West_exit,18,12
dl_1968,21,East_exit,21,15
dl_1968,22,West_exit,22,14
dl_1968,23,West_exit,23,15
dl_1969,14,,,
dl_1969,17,East_exit,17,12
dl_1969,8,East_exit,8,6
dl_1969,6,West_exit,6,4
dl_1969,7,East_exit,7,5
dl_1969,12,West_exit,12,8
dl_1969,11,East_exit,11,8
dl_1969,9,West_exit,9,6
dl_1969,15,West_exit,15,10
dl_1969,16,East_exit,16,11
dl_1969,18,West_exit,18,12
dl_1969,3,East_exit,3,3
dl_1969,4,East_exit,4,3
dl_1969,21,East_exit,21,15
dl_1969,22,West_exit,22,14
dl_1969,23,West_exit,23,15
dl_1970,13,,,
dl_1970,5,East_exit,5,4
dl_1970,18,West_exit,18,12
dl_1970,17,East_exit,17,12
dl_1970,12,West_exit,12,8
dl_1970,20,West_exit,20,13
dl_1970,14,East_exit,14,10
dl_1970,8,East_exit,8,6
dl_1970,6,West_exit,6,4
dl_1970,7,East_exit,7,5
dl_1970,9,West_exit,9,6
dl_1970,3,East_exit,3,3
dl_1970,4,East_exit,4,3
dl_1970,15,West_exit,15,10
dl_1970,11,East_exit,11,8
dl_1971,11,,,
dl_1971,8,East_exit,8,6
dl_1971,6,West_exit,6,4
dl_1971,7,East_exit,7,5
dl_1971,5,East_exit,5,4
dl_1971,18,West_exit,18,12
dl_1971,17,East_exit,17,12
dl_1971,11,East_exit,11,8
dl_1971,12,West_exit,12,8
dl_1971,20,West_exit,20,13
dl_1971,14,East_exit,14,10
dl_1971,9,West_exit,9,6
dl_1971,15,West_exit,15,10
dl_1972,12,,,
dl_1972,8,East_exit,8,6
dl_1972,6,West_exit,6,4
dl_1972,7,East_exit,7,5
dl_1972,18,West_exit,18,12
dl_1972,17,East_exit,17,12
dl_1972,11,East_exit,11,8
dl_1972,12,West_exit,12,8
dl_1972,20,West_exit,20,13
dl_1972,14,East_exit,14,10
dl_1972,9,West_exit,9,6
dl_1972,15,West_exit,15,10
dl_1972,3,East_exit,3,3
dl_1972,4,East_exit,4,3
dl_1973,15,,,
dl_1973,5,East_exit,5,4
dl_1973,18,West_exit,18,12
dl_1973,17,East_exit,17,12
dl_1973,12,West_exit,12,8
dl_1973,14,East_exit,14,10
dl_1973,8,East_exit,8,6
dl_1973,6,West_exit,6,4
dl_1973,7,East_exit,7,5
dl_1973,9,West_exit,9,6
dl_1973,3,East_exit,3,3
dl_1973,4,East_exit,4,3
dl_1973,15,West_exit,15,10
dl_1973,11,East_exit,11,8
dl_1973,21,East_exit,21,15
dl_1973,22,West_exit,22,14
dl_1973,23,West_exit,23,15
dl_1974,13,,,
dl_1974,8,East_exit,8,6
dl_1974,6,West_exit,6,4
dl_1974,7,East_exit,7,5
dl_1974,5,East_exit,5,4
dl_1974,18,West_exit,18,12
dl_1974,17,East_exit,17,12
dl_1974,11,East_exit,11,8
dl_1974,12,West_exit,12,8
dl_1974,14,East_exit,14,10
dl_1974,9,West_exit,9,6
dl_1974,15,West_exit,15,10
dl_1974,21,East_exit,21,15
dl_1974,22,West_exit,22,14
dl_1974,23,West_exit,23,15
dl_1975,14,,,
dl_1975,8,East_exit,8,6
dl_1975,6,West_exit,6,4
dl_1975,7,East_exit,7,5
dl_1975,18,West_exit,18,12
dl_1975,17,East_exit,17,12
dl_1975,11,East_exit,11,8
dl_1975,12,West_exit,12,8
dl_1975,14,East_exit,14,10
dl_1975,9,West_exit,9,6
dl_1975,15,West_exit,15,10
dl_1975,21,East_exit,21,15
dl_1975,22,West_exit,22,14
dl_1975,23,West_exit,23,15
dl_1975,3,East_exit,3,3
dl_1975,4,East_exit,4,3
dl_1976,19,,,
dl_1976,17,East_exit,17,12
dl_1976,5,East_exit,5,4
dl_1976,12,West_exit,12,8
dl_1976,11,East_exit,11,8
dl_1976,8,East_exit,8,6
dl_1976,6,West_exit,6,4
dl_1976,7,East_exit,7,5
dl_1976,9,West_exit,9,6
dl_1976,3,East_exit,3,3
dl_1976,4,East_exit,4,3
dl_1976,15,West_exit,15,10
dl_1976,16,East_exit,16,11
dl_1976,18,West_exit,18,12
dl_1976,24,East_exit,24,17
dl_1976,25,West_exit,25,16
dl_1976,26,West_exit,26,17
dl_1976,27,West_exit,27,18
dl_1976,28,West_exit,28,18
dl_1976,21,East_exit,21,15
dl_1976,22,West_exit,22,14
dl_1977,17,,,
dl_1977,17,East_exit,17,12
dl_1977,5,East_exit,5,4
dl_1977,12,West_exit,12,8
dl_1977,11,East_exit,11,8
dl_1977,8,East_exit,8,6
dl_1977,6,West_exit,6,4
dl_1977,7,East_exit,7,5
dl_1977,9,West_exit,9,6
dl_1977,3,East_exit,3,3
dl_1977,4,East_exit,4,3
dl_1977,15,West_exit,15,10
dl_1977,16,East_exit,16,11
dl_1977,18,West_exit,18,12
dl_1977,24,East_exit,24,17
dl_1977,25,West_exit,25,16
dl_1977,26,West_exit,26,17
dl_1977,21,East_exit,21,15
dl_1977,22,West_exit,22,14
dl_1978,17,,,
dl_1978,17,East_exit,17,12
dl_1978,8,East_exit,8,6
dl_1978,6,West_exit,6,4
dl_1978,7,East_exit,7,5
dl_1978,5,East_exit,5,4
dl_1978,12,West_exit,12,8
dl_1978,11,East_exit,11,8
dl_1978,9,West_exit,9,6
dl_1978,15,West_exit,15,10
dl_1978,16,East_exit,16,11
dl_1978,18,West_exit,18,12
dl_1978,24,East_exit,24,17
dl_1978,25,West_exit,25,16
dl_1978,26,West_exit,26,17
dl_1978,27,West_exit,27,18
dl_1978,28,West_exit,28,18
dl_1978,21,East_exit,21,15
dl_1978,22,West_exit,22,14
dl_1979,15,,,
dl_1979,17,East_exit,17,12
dl_1979,8,East_exit,8,6
dl_1979,6,West_exit,6,4
dl_1979,7,East_exit,7,5
dl_1979,5,East_exit,5,4
dl_1979,12,West_exit,12,8
dl_1979,11,East_exit,11,8
dl_1979,9,West_exit,9,6
dl_1979,15,West_exit,15,10
dl_1979,16,East_exit,16,11
dl_1979,18,West_exit,18,12
dl_1979,24,East_exit,24,17
dl_1979,25,West_exit,25,16
dl_1979,26,West_exit,26,17
dl_1979,21,East_exit,21,15
dl_1979,22,West_exit,22,14
dl_1980,18,,,
dl_1980,17,East_exit,17,12
dl_1980,8,East_exit,8,6
dl_1980,6,West_exit,6,4
dl_1980,7,East_exit,7,5
dl_1980,12,West_exit,12,8
dl_1980,11,East_exit,11,8
dl_1980,9,West_exit,9,6
dl_1980,15,West_exit,15,10
dl_1980,16,East_exit,16,11
dl_1980,18,West_exit,18,12
dl_1980,3,East_exit,3,3
dl_1980,4,East_exit,4,3
dl_1980,24,East_exit,24,17
dl_1980,25,West_exit,25,16
dl_1980,26,West_exit,26,17
dl_1980,27,West_exit,27,18
dl_1980,28,West_exit,28,18
dl_1980,21,East_exit,21,15
dl_1980,22,West_exit,22,14
dl_1981,16,,,
dl_1981,17,East_exit,17,12
dl_1981,8,East_exit,8,6
dl_1981,6,West_exit,6,4
dl_1981,7,East_exit,7,5
dl_1981,12,West_exit,12,8
dl_1981,11,East_exit,11,8
dl_1981,9,West_exit,9,6
dl_1981,15,West_exit,15,10
dl_1981,16,East_exit,16,11
dl_1981,18,West_exit,18,12
dl_1981,3,East_exit,3,3
dl_1981,4,East_exit,4,3
dl_1981,24,East_exit,24,17
dl_1981,25,West_exit,25,16
dl_1981,26,West_exit,26,17
dl_1981,21,East_exit,21,15
dl_1981,22,West_exit,22,14
dl_1982,19,,,
dl_1982,5,East_exit,5,4
dl_1982,18,West_exit,18,12
dl_1982,17,East_exit,17,12
dl_1982,12,West_exit,12,8
dl_1982,14,East_exit,14,10
dl_1982,8,East_exit,8,6
dl_1982,6,West_exit,6,4
dl_1982,7,East_exit,7,5
dl_1982,9,West_exit,9,6
dl_1982,3,East_exit,3,3
dl_1982,4,East_exit,4,3
dl_1982,15,West_exit,15,10
dl_1982,11,East_exit,11,8
dl_1982,26,West_exit,26,17
dl_1982,24,East_exit,24,17
dl_1982,25,West_exit,25,16
dl_1982,27,West_exit,27,18
dl_1982,28,West_exit,28,18
dl_1982,21,East_exit,21,15
dl_1982,22,West_exit,22,14
dl_1983,17,,,
dl_1983,5,East_exit,5,4
dl_1983,18,West_exit,18,12
dl_1983,17,East_exit,17,12
dl_1983,12,West_exit,12,8
dl_1983,14,East_exit,14,10
dl_1983,8,East_exit,8,6
dl_1983,6,West_exit,6,4
dl_1983,7,East_exit,7,5
dl_1983,9,West_exit,9,6
dl_1983,3,East_exit,3,3
dl_1983,4,East_exit,4,3
dl_1983,15,West_exit,15,10
dl_1983,11,East_exit,11,8
dl_1983,21,East_exit,21,15
dl_1983,22,West_exit,22,14
dl_1983,24,East_exit,24,17
dl_1983,25,West_exit,25,16
dl_1983,26,West_exit,26,17
dl_1984,17,,,
dl_1984,26,West_exit,26,17
dl_1984,8,East_exit,8,6
dl_1984,6,West_exit,6,4
dl_1984,7,East_exit,7,5
dl_1984,5,East_exit,5,4
dl_1984,18,West_exit,18,12
dl_1984,17,East_exit,17,12
dl_1984,11,East_exit,11,8
dl_1984,12,West_exit,12,8
dl_1984,14,East_exit,14,10
dl_1984,9,West_exit,9,6
dl_1984,15,West_exit,15,10
dl_1984,21,East_exit,21,15
dl_1984,22,West_exit,22,14
dl_1984,24,East_exit,24,17
dl_1984,25,West_exit,25,16
dl_1984,27,West_exit,27,18
dl_1984,28,West_exit,28,18
dl_1985,15,,,
dl_1985,8,East_exit,8,6
dl_1985,6,West_exit,6,4
dl_1985,7,East_exit,7,5
dl_1985,5,East_exit,5,4
dl_1985,18,West_exit,18,12
dl_1985,17,East_exit,17,12
dl_1985,11,East_exit,11,8
dl_1985,12,West_exit,12,8
dl_1985,14,East_exit,14,10
dl_1985,9,West_exit,9,6
dl_1985,15,West_exit,15,10
dl_1985,21,East_exit,21,15
dl_1985,22,West_exit,22,14
dl_1985,24,East_exit,24,17
dl_1985,25,West_exit,25,16
dl_1985,26,West_exit,26,17
dl_1986,18,,,
dl_1986,26,West_exit,26,17
dl_1986,8,East_exit,8,6
dl_1986,6,West_exit,6,4
dl_1986,7,East_exit,7,5
dl_1986,18,West_exit,18,12
dl_1986,17,East_exit,17,12
dl_1986,11,East_exit,11,8
dl_1986,12,West_exit,12,8
dl_1986,14,East_exit,14,10
dl_1986,9,West_exit,9,6
dl_1986,15,West_exit,15,10
dl_1986,21,East_exit,21,15
dl_1986,22,West_exit,22,14
dl_1986,24,East_exit,24,17
dl_1986,25,West_exit,25,16
dl_1986,27,West_exit,27,18
dl_1986,28,West_exit,28,18
dl_1986,3,East_exit,3,3
dl_1986,4,East_exit,4,3
dl_1987,16,,,
dl_1987,8,East_exit,8,6
dl_1987,6,West_exit,6,4
dl_1987,7,East_exit,7,5
dl_1987,18,West_exit,18,12
dl_1987,17,East_exit,17,12
dl_1987,11,East_exit,11,8
dl_1987,12,West_exit,12,8
dl_1987,14,East_exit,14,10
dl_1987,9,West_exit,9,6
dl_1987,15,West_exit,15,10
dl_1987,21,East_exit,21,15
dl_1987,22,West_exit,22,14
dl_1987,24,East_exit,24,17
dl_1987,25,West_exit,25,16
dl_1987,26,West_exit,26,17
dl_1987,3,East_exit,3,3
dl_1987,4,East_exit,4,3
dl_1988,12,,,
dl_1988,5,East_exit,5,4
dl_1988,17,East_exit,17,12
dl_1988,15,West_exit,15,10
dl_1988,16,East_exit,16,11
dl_1988,18,West_exit,18,12
dl_1988,20,West_exit,20,13
dl_1988,12,West_exit,12,8
dl_1988,13,East_exit,13,9
dl_1988,9,West_exit,9,6
dl_1988,10,East_exit,10,7
dl_1988,6,West_exit,6,4
dl_1988,3,East_exit,3,3
dl_1988,4,East_exit,4,3
dl_1989,14,,,
dl_1989,5,East_exit,5,4
dl_1989,17,East_exit,17,12
dl_1989,15,West_exit,15,10
dl_1989,16,East_exit,16,11
dl_1989,18,West_exit,18,12
dl_1989,12,West_exit,12,8
dl_1989,13,East_exit,13,9
dl_1989,9,West_exit,9,6
dl_1989,10,East_exit,10,7
dl_1989,6,West_exit,6,4
dl_1989,3,East_exit,3,3
dl_1989,4,East_exit,4,3
dl_1989,21,East_exit,21,15
dl_1989,22,West_exit,22,14
dl_1989,23,West_exit,23,15
dl_1990,12,,,
dl_1990,5,East_exit,5,4
dl_1990,14,East_exit,14,10
dl_1990,18,West_exit,18,12
dl_1990,17,East_exit,17,12
dl_1990,20,West_exit,20,13
dl_1990,12,West_exit,12,8
dl_1990,13,East_exit,13,9
dl_1990,15,West_exit,15,10
dl_1990,9,West_exit,9,6
dl_1990,10,East_exit,10,7
dl_1990,6,West_exit,6,4
dl_1990,3,East_exit,3,3
dl_1990,4,East_exit,4,3
dl_1991,14,,,
dl_1991,5,East_exit,5,4
dl_1991,14,East_exit,14,10
dl_1991,18,West_exit,18,12
dl_1991,17,East_exit,17,12
dl_1991,12,West_exit,12,8
dl_1991,13,East_exit,13,9
dl_1991,15,West_exit,15,10
dl_1991,21,East_exit,21,15
dl_1991,22,West_exit,22,14
dl_1991,23,West_exit,23,15
dl_1991,9,West_exit,9,6
dl_1991,10,East_exit,10,7
dl_1991,6,West_exit,6,4
dl_1991,3,East_exit,3,3
dl_1991,4,East_exit,4,3
dl_1992,18,,,
dl_1992,5,East_exit,5,4
dl_1992,17,East_exit,17,12
dl_1992,15,West_exit,15,10
dl_1992,16,East_exit,16,11
dl_1992,18,West_exit,18,12
dl_1992,12,West_exit,12,8
dl_1992,13,East_exit,13,9
dl_1992,9,West_exit,9,6
dl_1992,10,East_exit,10,7
dl_1992,6,West_exit,6,4
dl_1992,3,East_exit,3,3
dl_1992,4,East_exit,4,3
dl_1992,24,East_exit,24,17
dl_1992,25,West_exit,25,16
dl_1992,26,West_exit,26,17
dl_1992,27,West_exit,27,18
dl_1992,28,West_exit,28,18
dl_1992,21,East_exit,21,15
dl_1992,22,West_exit,22,14
dl_1993,16,,,
dl_1993,5,East_exit,5,4
dl_1993,17,East_exit,17,12
dl_1993,15,West_exit,15,10
dl_1993,16,East_exit,16,11
dl_1993,18,West_exit,18,12
dl_1993,12,West_exit,12,8
dl_1993,13,East_exit,13,9
dl_1993,9,West_exit,9,6
dl_1993,10,East_exit,10,7
dl_1993,6,West_exit,6,4
dl_1993,3,East_exit,3,3
dl_1993,4,East_exit,4,3
dl_1993,24,East_exit,24,17
dl_1993,25,West_exit,25,16
dl_1993,26,West_exit,26,17
dl_1993,21,East_exit,21,15
dl_1993,22,West_exit,22,14
dl_1994,18,,,
dl_1994,5,East_exit,5,4
dl_1994,14,East_exit,14,10
dl_1994,18,West_exit,18,12
dl_1994,17,East_exit,17,12
dl_1994,12,West_exit,12,8
dl_1994,13,East_exit,13,9
dl_1994,15,West_exit,15,10
dl_1994,9,West_exit,9,6
dl_1994,10,East_exit,10,7
dl_1994,6,West_exit,6,4
dl_1994,3,East_exit,3,3
dl_1994,4,East_exit,4,3
dl_1994,24,East_exit,24,17
dl_1994,25,West_exit,25,16
dl_1994,26,West_exit,26,17
dl_1994,27,West_exit,27,18
dl_1994,28,West_exit,28,18
dl_1994,21,East_exit,21,15
dl_1994,22,West_exit,22,14
dl_1995,16,,,
dl_1995,5,East_exit,5,4
dl_1995,14,East_exit,14,10
dl_1995,18,West_exit,18,12
dl_1995,17,East_exit,17,12
dl_1995,12,West_exit,12,8
dl_1995,13,East_exit,13,9
dl_1995,15,West_exit,15,10
dl_1995,9,West_exit,9,6
dl_1995,10,East_exit,10,7
dl_1995,6,West_exit,6,4
dl_1995,3,East_exit,3,3
dl_1995,4,East_exit,4,3
dl_1995,24,East_exit,24,17
dl_1995,25,West_exit,25,16
dl_1995,26,West_exit,26,17
dl_1995,21,East_exit,21,15
dl_1995,22,West_exit,22,14
dl_1996,12,,,
dl_1996,17,East_exit,17,12
dl_1996,15,West_exit,15,10
dl_1996,16,East_exit,16,11
dl_1996,18,West_exit,18,12
dl_1996,20,West_exit,20,13
dl_1996,5,East_exit,5,4
dl_1996,9,West_exit,9,6
dl_1996,8,East_exit,8,6
dl_1996,6,West_exit,6,4
dl_1996,3,East_exit,3,3
dl_1996,4,East_exit,4,3
dl_1996,12,West_exit,12,8
dl_1996,13,East_exit,13,9
dl_1997,14,,,
dl_1997,17,East_exit,17,12
dl_1997,15,West_exit,15,10
dl_1997,16,East_exit,16,11
dl_1997,18,West_exit,18,12
dl_1997,5,East_exit,5,4
dl_1997,9,West_exit,9,6
dl_1997,8,East_exit,8,6
dl_1997,6,West_exit,6,4
dl_1997,3,East_exit,3,3
dl_1997,4,East_exit,4,3
dl_1997,12,West_exit,12,8
dl_1997,13,East_exit,13,9
dl_1997,21,East_exit,21,15
dl_1997,22,West_exit,22,14
dl_1997,23,West_exit,23,15
dl_1998,12,,,
dl_1998,14,East_exit,14,10
dl_1998,5,East_exit,5,4
dl_1998,9,West_exit,9,6
dl_1998,8,East_exit,8,6
dl_1998,6,West_exit,6,4
dl_1998,3,East_exit,3,3
dl_1998,4,East_exit,4,3
dl_1998,18,West_exit,18,12
dl_1998,17,East_exit,17,12
dl_1998,20,West_exit,20,13
dl_1998,15,West_exit,15,10
dl_1998,12,West_exit,12,8
dl_1998,13,East_exit,13,9
dl_1999,14,,,
dl_1999,14,East_exit,14,10
dl_1999,5,East_exit,5,4
dl_1999,9,West_exit,9,6
dl_1999,8,East_exit,8,6
dl_1999,6,West_exit,6,4
dl_1999,3,East_exit,3,3
dl_1999,4,East_exit,4,3
dl_1999,18,West_exit,18,12
dl_1999,17,East_exit,17,12
dl_1999,15,West_exit,15,10
dl_1999,12,West_exit,12,8
dl_1999,13,East_exit,13,9
dl_1999,21,East_exit,21,15
dl_1999,22,West_exit,22,14
dl_1999,23,West_exit,23,15
dl_2000,18,,,
dl_2000,17,East_exit,17,12
dl_2000,15,West_exit,15,10
dl_2000,16,East_exit,16,11
dl_2000,18,West_exit,18,12
dl_2000,5,East_exit,5,4
dl_2000,9,West_exit,9,6
dl_2000,8,East_exit,8,6
dl_2000,6,West_exit,6,4
dl_2000,3,East_exit,3,3
dl_2000,4,East_exit,4,3
dl_2000,12,West_exit,12,8
dl_2000,13,East_exit,13,9
dl_2000,24,East_exit,24,17
dl_2000,25,West_exit,25,16
dl_2000,26,West_exit,26,17
dl_2000,27,West_exit,27,18
dl_2000,28,West_exit,28,18
dl_2000,21,East_exit,21,15
dl_2000,22,West_exit,22,14
dl_2001,16,,,
dl_2001,17,East_exit,17,12
dl_2001,15,West_exit,15,10
dl_2001,16,East_exit,16,11
dl_2001,18,West_exit,18,12
dl_2001,5,East_exit,5,4
dl_2001,9,West_exit,9,6
dl_2001,8,East_exit,8,6
dl_2001,6,West_exit,6,4
dl_2001,3,East_exit,3,3
dl_2001,4,East_exit,4,3
dl_2001,12,West_exit,12,8
dl_2001,13,East_exit,13,9
dl_2001,21,East_exit,21,15
dl_2001,22,West_exit,22,14
dl_2001,24,East_exit,24,17
dl_2001,25,West_exit,25,16
dl_2001,26,West_exit,26,17
dl_2002,18,,,
dl_2002,14,East_exit,14,10
dl_2002,5,East_exit,5,4
dl_2002,9,West_exit,9,6
dl_2002,8,East_exit,8,6
dl_2002,6,West_exit,6,4
dl_2002,3,East_exit,3,3
dl_2002,4,East_exit,4,3
dl_2002,18,West_exit,18,12
dl_2002,17,East_exit,17,12
dl_2002,15,West_exit,15,10
dl_2002,12,West_exit,12,8
dl_2002,13,East_exit,13,9
dl_2002,26,West_exit,26,17
dl_2002,24,East_exit,24,17
dl_2002,25,West_exit,25,16
dl_2002,27,West_exit,27,18
dl_2002,28,West_exit,28,18
dl_2002,21,East_exit,21,15
dl_2002,22,West_exit,22,14
dl_2003,16,,,
dl_2003,14,East_exit,14,10
dl_2003,5,East_exit,5,4
dl_2003,9,West_exit,9,6
dl_2003,8,East_exit,8,6
dl_2003,6,West_exit,6,4
dl_2003,3,East_exit,3,3
dl_2003,4,East_exit,4,3
dl_2003,18,West_exit,18,12
dl_2003,17,East_exit,17,12
dl_2003,15,West_exit,15,10
dl_2003,12,West_exit,12,8
dl_2003,13,East_exit,13,9
dl_2003,21,East_exit,21,15
dl_2003,22,West_exit,22,14
dl_2003,24,East_exit,24,17
dl_2003,25,West_exit,25,16
dl_2003,26,West_exit,26,17
dl_2004,12,,,
dl_2004,17,East_exit,17,12
dl_2004,11,East_exit,11,8
dl_2004,5,East_exit,5,4
dl_2004,12,West_exit,12,8
dl_2004,9,West_exit,9,6
dl_2004,10,East_exit,10,7
dl_2004,6,West_exit,6,4
dl_2004,3,East_exit,3,3
dl_2004,4,East_exit,4,3
dl_2004,15,West_exit,15,10
dl_2004,16,East_exit,16,11
dl_2004,18,West_exit,18,12
dl_2004,20,West_exit,20,13
dl_2005,14,,,
dl_2005,17,East_exit,17,12
dl_2005,5,East_exit,5,4
dl_2005,11,East_exit,11,8
dl_2005,12,West_exit,12,8
dl_2005,9,West_exit,9,6
dl_2005,10,East_exit,10,7
dl_2005,6,West_exit,6,4
dl_2005,3,East_exit,3,3
dl_2005,4,East_exit,4,3
dl_2005,15,West_exit,15,10
dl_2005,16,East_exit,16,11
dl_2005,18,West_exit,18,12
dl_2005,21,East_exit,21,15
dl_2005,22,West_exit,22,14
dl_2005,23,West_exit,23,15
dl_2006,12,,,
dl_2006,11,East_exit,11,8
dl_2006,5,East_exit,5,4
dl_2006,18,West_exit,18,12
dl_2006,17,East_exit,17,12
dl_2006,20,West_exit,20,13
dl_2006,14,East_exit,14,10
dl_2006,15,West_exit,15,10
dl_2006,6,West_exit,6,4
dl_2006,3,East_exit,3,3
dl_2006,4,East_exit,4,3
dl_2006,12,West_exit,12,8
dl_2006,9,West_exit,9,6
dl_2006,10,East_exit,10,7
dl_2007,14,,,
dl_2007,11,East_exit,11,8
dl_2007,5,East_exit,5,4
dl_2007,18,West_exit,18,12
dl_2007,17,East_exit,17,12
dl_2007,14,East_exit,14,10
dl_2007,15,West_exit,15,10
dl_2007,6,West_exit,6,4
dl_2007,3,East_exit,3,3
dl_2007,4,East_exit,4,3
dl_2007,12,West_exit,12,8
dl_2007,9,West_exit,9,6
dl_2007,10,East_exit,10,7
dl_2007,21,East_exit,21,15
dl_2007,22,West_exit,22,14
dl_2007,23,West_exit,23,15
dl_2008,18,,,
dl_2008,17,East_exit,17,12
dl_2008,11,East_exit,11,8
dl_2008,5,East_exit,5,4
dl_2008,12,West_exit,12,8
dl_2008,9,West_exit,9,6
dl_2008,10,East_exit,10,7
dl_2008,6,West_exit,6,4
dl_2008,3,East_exit,3,3
dl_2008,4,East_exit,4,3
dl_2008,15,West_exit,15,10
dl_2008,16,East_exit,16,11
dl_2008,18,West_exit,18,12
dl_2008,26,West_exit,26,17
dl_2008,24,East_exit,24,17
dl_2008,25,West_exit,25,16
dl_2008,27,West_exit,27,18
dl_2008,28,West_exit,28,18
dl_2008,21,East_exit,21,15
dl_2008,22,West_exit,22,14
dl_2009,16,,,
dl_2009,17,East_exit,17,12
dl_2009,11,East_exit,11,8
dl_2009,5,East_exit,5,4
dl_2009,12,West_exit,12,8
dl_2009,9,West_exit,9,6
dl_2009,10,East_exit,10,7
dl_2009,6,West_exit,6,4
dl_2009,3,East_exit,3,3
dl_2009,4,East_exit,4,3
dl_2009,15,West_exit,15,10
dl_2009,16,East_exit,16,11
dl_2009,18,West_exit,18,12
dl_2009,24,East_exit,24,17
dl_2009,25,West_exit,25,16
dl_2009,26,West_exit,26,17
dl_2009,21,East_exit,21,15
dl_2009,22,West_exit,22,14
dl_2010,18,,,
dl_2010,26,West_exit,26,17
dl_2010,11,East_exit,11,8
dl_2010,5,East_exit,5,4
dl_2010,18,West_exit,18,12
dl_2010,17,East_exit,17,12
dl_2010,14,East_exit,14,10
dl_2010,15,West_exit,15,10
dl_2010,6,West_exit,6,4
dl_2010,3,East_exit,3,3
dl_2010,4,East_exit,4,3
dl_2010,12,West_exit,12,8
dl_2010,9,West_exit,9,6
dl_2010,10,East_exit,10,7
dl_2010,21,East_exit,21,15
dl_2010,22,West_exit,22,14
dl_2010,24,East_exit,24,17
dl_2010,25,West_exit,25,16
dl_2010,27,West_exit,27,18
dl_2010,28,West_exit,28,18
dl_2011,16,,,
dl_2011,11,East_exit,11,8
dl_2011,5,East_exit,5,4
dl_2011,18,West_exit,18,12
dl_2011,17,East_exit,17,12
dl_2011,14,East_exit,14,10
dl_2011,15,West_exit,15,10
dl_2011,6,West_exit,6,4
dl_2011,3,East_exit,3,3
dl_2011,4,East_exit,4,3
dl_2011,12,West_exit,12,8
dl_2011,9,West_exit,9,6
dl_2011,10,East_exit,10,7
dl_2011,21,East_exit,21,15
dl_2011,22,West_exit,22,14
dl_2011,24,East_exit,24,17
dl_2011,25,West_exit,25,16
dl_2011,26,West_exit,26,17
dl_2012,12,,,
dl_2012,17,East_exit,17,12
dl_2012,5,East_exit,5,4
dl_2012,12,West_exit,12,8
dl_2012,11,East_exit,11,8
dl_2012,9,West_exit,9,6
dl_2012,8,East_exit,8,6
dl_2012,6,West_exit,6,4
dl_2012,3,East_exit,3,3
dl_2012,4,East_exit,4,3
dl_2012,15,West_exit,15,10
dl_2012,16,East_exit,16,11
dl_2012,18,West_exit,18,12
dl_2012,20,West_exit,20,13
dl_2013,14,,,
dl_2013,17,East_exit,17,12
dl_2013,5,East_exit,5,4
dl_2013,12,West_exit,12,8
dl_2013,11,East_exit,11,8
dl_2013,9,West_exit,9,6
dl_2013,8,East_exit,8,6
dl_2013,6,West_exit,6,4
dl_2013,3,East_exit,3,3
dl_2013,4,East_exit,4,3
dl_2013,15,West_exit,15,10
dl_2013,16,East_exit,16,11
dl_2013,18,West_exit,18,12
dl_2013,21,East_exit,21,15
dl_2013,22,West_exit,22,14
dl_2013,23,West_exit,23,15
dl_2014,12,,,
dl_2014,5,East_exit,5,4
dl_2014,18,West_exit,18,12
dl_2014,17,East_exit,17,12
dl_2014,6,West_exit,6,4
dl_2014,8,East_exit,8,6
dl_2014,11,East_exit,11,8
dl_2014,12,West_exit,12,8
dl_2014,20,West_exit,20,13
dl_2014,14,East_exit,14,10
dl_2014,9,West_exit,9,6
dl_2014,15,West_exit,15,10
dl_2014,3,East_exit,3,3
dl_2014,4,East_exit,4,3
dl_2015,14,,,
dl_2015,5,East_exit,5,4
dl_2015,6,West_exit,6,4
dl_2015,8,East_exit,8,6
dl_2015,18,West_exit,18,12
dl_2015,17,East_exit,17,12
dl_2015,11,East_exit,11,8
dl_2015,12,West_exit,12,8
dl_2015,14,East_exit,14,10
dl_2015,9,West_exit,9,6
dl_2015,15,West_exit,15,10
dl_2015,21,East_exit,21,15
dl_2015,22,West_exit,22,14
dl_2015,23,West_exit,23,15
dl_2015,3,East_exit,3,3
dl_2015,4,East_exit,4,3
dl_2016,18,,,
dl_2016,17,East_exit,17,12
dl_2016,5,East_exit,5,4
dl_2016,12,West_exit,12,8
dl_2016,11,East_exit,11,8
dl_2016,9,West_exit,9,6
dl_2016,8,East_exit,8,6
dl_2016,6,West_exit,6,4
dl_2016,3,East_exit,3,3
dl_2016,4,East_exit,4,3
dl_2016,15,West_exit,15,10
dl_2016,16,East_exit,16,11
dl_2016,18,West_exit,18,12
dl_2016,24,East_exit,24,17
dl_2016,25,West_exit,25,16
dl_2016,26,West_exit,26,17
dl_2016,27,West_exit,27,18
dl_2016,28,West_exit,28,18
dl_2016,21,East_exit,21,15
dl_2016,22,West_exit,22,14
dl_2017,16,,,
dl_2017,17,East_exit,17,12
dl_2017,5,East_exit,5,4
dl_2017,12,West_exit,12,8
dl_2017,11,East_exit,11,8
dl_2017,9,West_exit,9,6
dl_2017,8,East_exit,8,6
dl_2017,6,West_exit,6,4
dl_2017,3,East_exit,3,3
dl_2017,4,East_exit,4,3
dl_2017,15,West_exit,15,10
dl_2017,16,East_exit,16,11
dl_2017,18,West_exit,18,12
dl_2017,21,East_exit,21,15
dl_2017,22,West_exit,22,14
dl_2017,24,East_exit,24,17
dl_2017,25,West_exit,25,16
dl_2017,26,West_exit,26,17
dl_2018,18,,,
dl_2018,5,East_exit,5,4
dl_2018,14,East_exit,14,10
dl_2018,15,West_exit,15,10
dl_2018,17,East_exit,17,12
dl_2018,12,West_exit,12,8
dl_2018,11,East_exit,11,8
dl_2018,9,West_exit,9,6
dl_2018,8,East_exit,8,6
dl_2018,6,West_exit,6,4
dl_2018,3,East_exit,3,3
dl_2018,4,East_exit,4,3
dl_2018,18,West_exit,18,12
dl_2018,24,East_exit,24,17
dl_2018,25,West_exit,25,16
dl_2018,26,West_exit,26,17
dl_2018,27,West_exit,27,18
dl_2018,28,West_exit,28,18
dl_2018,21,East_exit,21,15
dl_2018,22,West_exit,22,14
dl_2019,16,,,
dl_2019,5,East_exit,5,4
dl_2019,18,West_exit,18,12
dl_2019,17,East_exit,17,12
dl_2019,6,West_exit,6,4
dl_2019,8,East_exit,8,6
dl_2019,11,East_exit,11,8
dl_2019,12,West_exit,12,8
dl_2019,14,East_exit,14,10
dl_2019,9,West_exit,9,6
dl_2019,15,West_exit,15,10
dl_2019,3,East_exit,3,3
dl_2019,4,East_exit,4,3
dl_2019,21,East_exit,21,15
dl_2019,22,West_exit,22,14
dl_2019,24,East_exit,24,17
dl_2019,25,West_exit,25,16
dl_2019,26,West_exit,26,17
dl_2020,4,,,
dl_2020,15,West_exit,15,10
dl_2020,16,East_exit,16,11
dl_2020,17,West_exit,17,11
dl_2020,12,East_exit,12,9
dl_2020,13,East_exit,13,9
dl_2021,15,,,
dl_2021,3,East_exit,3,3
dl_2021,4,West_exit,4,2
dl_2021,2,East_exit,2,2
dl_2021,17,West_exit,17,11
dl_2021,8,West_exit,8,5
dl_2021,9,East_exit,9,7
dl_2021,10,West_exit,10,6
dl_2021,11,West_exit,11,7
dl_2021,6,East_exit,6,5
dl_2021,12,East_exit,12,9
dl_2021,13,West_exit,13,8
dl_2021,14,West_exit,14,9
dl_2021,15,East_exit,15,11
dl_2021,16,West_exit,16,10
dl_2021,18,West_exit,18,12
dl_2021,19,West_exit,19,12
dl_2022,13,,,
dl_2022,3,East_exit,3,3
dl_2022,4,West_exit,4,2
dl_2022,2,East_exit,2,2
dl_2022,8,West_exit,8,5
dl_2022,9,East_exit,9,7
dl_2022,10,West_exit,10,6
dl_2022,11,West_exit,11,7
dl_2022,6,East_exit,6,5
dl_2022,12,East_exit,12,9
dl_2022,13,West_exit,13,8
dl_2022,14,West_exit,14,9
dl_2022,15,East_exit,15,11
dl_2022,16,West_exit,16,10
dl_2022,17,West_exit,17,11
dl_2023,14,,,
dl_2023,3,East_exit,3,3
dl_2023,4,West_exit,4,2
dl_2023,2,East_exit,2,2
dl_2023,8,West_exit,8,5
dl_2023,9,East_exit,9,7
dl_2023,10,West_exit,10,6
dl_2023,11,West_exit,11,7
dl_2023,6,East_exit,6,5
dl_2023,12,East_exit,12,9
dl_2023,13,West_exit,13,8
dl_2023,14,West_exit,14,9
dl_2023,15,East_exit,15,11
dl_2023,16,West_exit,16,10
dl_2023,18,West_exit,18,12
dl_2023,19,West_exit,19,12
dl_2024,10,,,
dl_2024,3,East_exit,3,3
dl_2024,4,West_exit,4,2
dl_2024,2,East_exit,2,2
dl_2024,8,West_exit,8,5
dl_2024,9,East_exit,9,7
dl_2024,10,West_exit,10,6
dl_2024,11,West_exit,11,7
dl_2024,6,East_exit,6,5
dl_2024,12,East_exit,12,9
dl_2024,13,West_exit,13,8
dl_2024,14,West_exit,14,9
dl_2025,14,,,
dl_2025,11,West_exit,11,7
dl_2025,17,West_exit,17,11
dl_2025,15,East_exit,15,11
dl_2025,16,West_exit,16,10
dl_2025,18,West_exit,18,12
dl_2025,19,West_exit,19,12
dl_2025,8,West_exit,8,5
dl_2025,9,East_exit,9,7
dl_2025,10,West_exit,10,6
dl_2025,3,East_exit,3,3
dl_2025,4,West_exit,4,2
dl_2025,2,East_exit,2,2
dl_2025,6,East_exit,6,5
dl_2025,12,East_exit,12,9
dl_2025,13,West_exit,13,8
dl_2026,12,,,
dl_2026,11,West_exit,11,7
dl_2026,15,East_exit,15,11
dl_2026,16,West_exit,16,10
dl_2026,17,West_exit,17,11
dl_2026,8,West_exit,8,5
dl_2026,9,East_exit,9,7
dl_2026,10,West_exit,10,6
dl_2026,3,East_exit,3,3
dl_2026,4,West_exit,4,2
dl_2026,2,East_exit,2,2
dl_2026,6,East_exit,6,5
dl_2026,12,East_exit,12,9
dl_2026,13,West_exit,13,8
dl_2027,13,,,
dl_2027,11,West_exit,11,7
dl_2027,15,East_exit,15,11
dl_2027,16,West_exit,16,10
dl_2027,8,West_exit,8,5
dl_2027,9,East_exit,9,7
dl_2027,10,West_exit,10,6
dl_2027,3,East_exit,3,3
dl_2027,4,West_exit,4,2
dl_2027,2,East_exit,2,2
dl_2027,6,East_exit,6,5
dl_2027,12,East_exit,12,9
dl_2027,13,West_exit,13,8
dl_2027,18,West_exit,18,12
dl_2027,19,West_exit,19,12
dl_2028,7,,,
dl_2028,3,East_exit,3,3
dl_2028,4,West_exit,4,2
dl_2028,2,East_exit,2,2
dl_2028,8,West_exit,8,5
dl_2028,9,East_exit,9,7
dl_2028,10,West_exit,10,6
dl_2028,11,West_exit,11,7
dl_2028,6,East_exit,6,5
dl_2029,14,,,
dl_2029,8,West_exit,8,5
dl_2029,17,West_exit,17,11
dl_2029,12,East_exit,12,9
dl_2029,13,West_exit,13,8
dl_2029,14,West_exit,14,9
dl_2029,15,East_exit,15,11
dl_2029,16,West_exit,16,10
dl_2029,18,West_exit,18,12
dl_2029,19,West_exit,19,12
dl_2029,3,East_exit,3,3
dl_2029,4,West_exit,4,2
dl_2029,2,East_exit,2,2
dl_2029,6,East_exit,6,5
dl_2029,9,East_exit,9,7
dl_2029,10,West_exit,10,6
dl_2030,12,,,
dl_2030,8,West_exit,8,5
dl_2030,12,East_exit,12,9
dl_2030,13,West_exit,13,8
dl_2030,14,West_exit,14,9
dl_2030,15,East_exit,15,11
dl_2030,16,West_exit,16,10
dl_2030,17,West_exit,17,11
dl_2030,3,East_exit,3,3
dl_2030,4,West_exit,4,2
dl_2030,2,East_exit,2,2
dl_2030,6,East_exit,6,5
dl_2030,9,East_exit,9,7
dl_2030,10,West_exit,10,6
dl_2031,13,,,
dl_2031,8,West_exit,8,5
dl_2031,12,East_exit,12,9
dl_2031,13,West_exit,13,8
dl_2031,14,West_exit,14,9
dl_2031,15,East_exit,15,11
dl_2031,16,West_exit,16,10
dl_2031,3,East_exit,3,3
dl_2031,4,West_exit,4,2
dl_2031,2,East_exit,2,2
dl_2031,6,East_exit,6,5
dl_2031,9,East_exit,9,7
dl_2031,10,West_exit,10,6
dl_2031,18,West_exit,18,12
dl_2031,19,West_exit,19,12
dl_2032,9,,,
dl_2032,8,West_exit,8,5
dl_2032,12,East_exit,12,9
dl_2032,13,West_exit,13,8
dl_2032,14,West_exit,14,9
dl_2032,3,East_exit,3,3
dl_2032,4,West_exit,4,2
dl_2032,2,East_exit,2,2
dl_2032,6,East_exit,6,5
dl_2032,9,East_exit,9,7
dl_2032,10,West_exit,10,6
dl_2033,13,,,
dl_2033,3,East_exit,3,3
dl_2033,4,West_exit,4,2
dl_2033,2,East_exit,2,2
dl_2033,6,East_exit,6,5
dl_2033,7,West_exit,7,4
dl_2033,9,East_exit,9,7
dl_2033,10,West_exit,10,6
dl_2033,17,West_exit,17,11
dl_2033,15,East_exit,15,11
dl_2033,16,West_exit,16,10
dl_2033,18,West_exit,18,12
dl_2033,19,West_exit,19,12
dl_2033,12,East_exit,12,9
dl_2033,13,West_exit,13,8
dl_2034,11,,,
dl_2034,3,East_exit,3,3
dl_2034,4,West_exit,4,2
dl_2034,2,East_exit,2,2
dl_2034,6,East_exit,6,5
dl_2034,7,West_exit,7,4
dl_2034,9,East_exit,9,7
dl_2034,10,West_exit,10,6
dl_2034,15,East_exit,15,11
dl_2034,16,West_exit,16,10
dl_2034,17,West_exit,17,11
dl_2034,12,East_exit,12,9
dl_2034,13,West_exit,13,8
dl_2035,13,,,
dl_2035,8,West_exit,8,5
dl_2035,3,East_exit,3,3
dl_2035,4,West_exit,4,2
dl_2035,2,East_exit,2,2
dl_2035,9,East_exit,9,7
dl_2035,10,West_exit,10,6
dl_2035,6,East_exit,6,5
dl_2035,17,West_exit,17,11
dl_2035,15,East_exit,15,11
dl_2035,16,West_exit,16,10
dl_2035,18,West_exit,18,12
dl_2035,19,West_exit,19,12
dl_2035,12,East_exit,12,9
dl_2035,13,West_exit,13,8
dl_2036,11,,,
dl_2036,8,West_exit,8,5
dl_2036,3,East_exit,3,3
dl_2036,4,West_exit,4,2
dl_2036,2,East_exit,2,2
dl_2036,9,East_exit,9,7
dl_2036,10,West_exit,10,6
dl_2036,6,East_exit,6,5
dl_2036,15,East_exit,15,11
dl_2036,16,West_exit,16,10
dl_2036,17,West_exit,17,11
dl_2036,12,East_exit,12,9
dl_2036,13,West_exit,13,8
dl_2037,14,,,
dl_2037,3,East_exit,3,3
dl_2037,4,West_exit,4,2
dl_2037,2,East_exit,2,2
dl_2037,17,West_exit,17,11
dl_2037,11,West_exit,11,7
dl_2037,12,East_exit,12,9
dl_2037,13,West_exit,13,8
dl_2037,14,West_exit,14,9
dl_2037,9,East_exit,9,7
dl_2037,15,East_exit,15,11
dl_2037,16,West_exit,16,10
dl_2037,18,West_exit,18,12
dl_2037,19,West_exit,19,12
dl_2037,6,East_exit,6,5
dl_2037,7,West_exit,7,4
dl_2038,12,,,
dl_2038,3,East_exit,3,3
dl_2038,4,West_exit,4,2
dl_2038,2,East_exit,2,2
dl_2038,11,West_exit,11,7
dl_2038,12,East_exit,12,9
dl_2038,13,West_exit,13,8
dl_2038,14,West_exit,14,9
dl_2038,9,East_exit,9,7
dl_2038,15,East_exit,15,11
dl_2038,16,West_exit,16,10
dl_2038,17,West_exit,17,11
dl_2038,6,East_exit,6,5
dl_2038,7,West_exit,7,4
dl_2039,13,,,
dl_2039,3,East_exit,3,3
dl_2039,4,West_exit,4,2
dl_2039,2,East_exit,2,2
dl_2039,11,West_exit,11,7
dl_2039,12,East_exit,12,9
dl_2039,13,West_exit,13,8
dl_2039,14,West_exit,14,9
dl_2039,9,East_exit,9,7
dl_2039,15,East_exit,15,11
dl_2039,16,West_exit,16,10
dl_2039,6,East_exit,6,5
dl_2039,7,West_exit,7,4
dl_2039,18,West_exit,18,12
dl_2039,19,West_exit,19,12
dl_2040,9,,,
dl_2040,3,East_exit,3,3
dl_2040,4,West_exit,4,2
dl_2040,2,East_exit,2,2
dl_2040,11,West_exit,11,7
dl_2040,12,East_exit,12,9
dl_2040,13,West_exit,13,8
dl_2040,14,West_exit,14,9
dl_2040,9,East_exit,9,7
dl_2040,6,East_exit,6,5
dl_2040,7,West_exit,7,4
dl_2041,14,,,
dl_2041,3,East_exit,3,3
dl_2041,4,West_exit,4,2
dl_2041,2,East_exit,2,2
dl_2041,17,West_exit,17,11
dl_2041,6,East_exit,6,5
dl_2041,8,West_exit,8,5
dl_2041,11,West_exit,11,7
dl_2041,12,East_exit,12,9
dl_2041,13,West_exit,13,8
dl_2041,14,West_exit,14,9
dl_2041,9,East_exit,9,7
dl_2041,15,East_exit,15,11
dl_2041,16,West_exit,16,10
dl_2041,18,West_exit,18,12
dl_2041,19,West_exit,19,12
dl_2042,12,,,
dl_2042,3,East_exit,3,3
dl_2042,4,West_exit,4,2
dl_2042,2,East_exit,2,2
dl_2042,6,East_exit,6,5
dl_2042,8,West_exit,8,5
dl_2042,11,West_exit,11,7
dl_2042,12,East_exit,12,9
dl_2042,13,West_exit,13,8
dl_2042,14,West_exit,14,9
dl_2042,9,East_exit,9,7
dl_2042,15,East_exit,15,11
dl_2042,16,West_exit,16,10
dl_2042,17,West_exit,17,11
dl_2043,13,,,
dl_2043,3,East_exit,3,3
dl_2043,4,West_exit,4,2
dl_2043,2,East_exit,2,2
dl_2043,6,East_exit,6,5
dl_2043,8,West_exit,8,5
dl_2043,11,West_exit,11,7
dl_2043,12,East_exit,12,9
dl_2043,13,West_exit,13,8
dl_2043,14,West_exit,14,9
dl_2043,9,East_exit,9,7
dl_2043,15,East_exit,15,11
dl_2043,16,West_exit,16,10
dl_2043,18,West_exit,18,12
dl_2043,19,West_exit,19,12
dl_2044,9,,,
dl_2044,3,East_exit,3,3
dl_2044,4,West_exit,4,2
dl_2044,2,East_exit,2,2
dl_2044,6,East_exit,6,5
dl_2044,8,West_exit,8,5
dl_2044,11,West_exit,11,7
dl_2044,12,East_exit,12,9
dl_2044,13,West_exit,13,8
dl_2044,14,West_exit,14,9
dl_2044,9,East_exit,9,7
dl_2045,13,,,
dl_2045,3,East_exit,3,3
dl_2045,4,West_exit,4,2
dl_2045,2,East_exit,2,2
dl_2045,11,West_exit,11,7
dl_2045,17,West_exit,17,11
dl_2045,15,East_exit,15,11
dl_2045,16,West_exit,16,10
dl_2045,18,West_exit,18,12
dl_2045,19,West_exit,19,12
dl_2045,12,East_exit,12,9
dl_2045,13,West_exit,13,8
dl_2045,9,East_exit,9,7
dl_2045,6,East_exit,6,5
dl_2045,7,West_exit,7,4
dl_2046,11,,,
dl_2046,3,East_exit,3,3
dl_2046,4,West_exit,4,2
dl_2046,2,East_exit,2,2
dl_2046,11,West_exit,11,7
dl_2046,15,East_exit,15,11
dl_2046,16,West_exit,16,10
dl_2046,17,West_exit,17,11
dl_2046,12,East_exit,12,9
dl_2046,13,West_exit,13,8
dl_2046,9,East_exit,9,7
dl_2046,6,East_exit,6,5
dl_2046,7,West_exit,7,4
dl_2047,13,,,
dl_2047,11,West_exit,11,7
dl_2047,15,East_exit,15,11
dl_2047,16,West_exit,16,10
dl_2047,17,West_exit,17,11
dl_2047,18,West_exit,18,12
dl_2047,19,West_exit,19,12
dl_2047,9,East_exit,9,7
dl_2047,8,West_exit,8,5
dl_2047,3,East_exit,3,3
dl_2047,4,West_exit,4,2
dl_2047,2,East_exit,2,2
dl_2047,6,East_exit,6,5
dl_2047,12,East_exit,12,9
dl_2047,13,West_exit,13,8
dl_2048,11,,,
dl_2048,11,West_exit,11,7
dl_2048,15,East_exit,15,11
dl_2048,16,West_exit,16,10
dl_2048,17,West_exit,17,11
dl_2048,9,East_exit,9,7
dl_2048,8,West_exit,8,5
dl_2048,3,East_exit,3,3
dl_2048,4,West_exit,4,2
dl_2048,2,East_exit,2,2
dl_2048,6,East_exit,6,5
dl_2048,12,East_exit,12,9
dl_2048,13,West_exit,13,8
dl_2049,12,,,
dl_2049,3,East_exit,3,3
dl_2049,4,West_exit,4,2
dl_2049,2,East_exit,2,2
dl_2049,6,East_exit,6,5
dl_2049,7,West_exit,7,4
dl_2049,9,East_exit,9,7
dl_2049,10,West_exit,10,6
dl_2049,15,East_exit,15,11
dl_2049,16,West_exit,16,10
dl_2049,12,East_exit,12,9
dl_2049,13,West_exit,13,8
dl_2049,18,West_exit,18,12
dl_2049,19,West_exit,19,12
dl_2050,12,,,
dl_2050,8,West_exit,8,5
dl_2050,3,East_exit,3,3
dl_2050,4,West_exit,4,2
dl_2050,2,East_exit,2,2
dl_2050,9,East_exit,9,7
dl_2050,10,West_exit,10,6
dl_2050,6,East_exit,6,5
dl_2050,15,East_exit,15,11
dl_2050,16,West_exit,16,10
dl_2050,12,East_exit,12,9
dl_2050,13,West_exit,13,8
dl_2050,18,West_exit,18,12
dl_2050,19,West_exit,19,12
dl_2051,12,,,
dl_2051,3,East_exit,3,3
dl_2051,4,West_exit,4,2
dl_2051,2,East_exit,2,2
dl_2051,11,West_exit,11,7
dl_2051,15,East_exit,15,11
dl_2051,16,West_exit,16,10
dl_2051,12,East_exit,12,9
dl_2051,13,West_exit,13,8
dl_2051,9,East_exit,9,7
dl_2051,6,East_exit,6,5
dl_2051,7,West_exit,7,4
dl_2051,18,West_exit,18,12
dl_2051,19,West_exit,19,12
dl_2052,12,,,
dl_2052,11,West_exit,11,7
dl_2052,15,East_exit,15,11
dl_2052,16,West_exit,16,10
dl_2052,9,East_exit,9,7
dl_2052,8,West_exit,8,5
dl_2052,3,East_exit,3,3
dl_2052,4,West_exit,4,2
dl_2052,2,East_exit,2,2
dl_2052,6,East_exit,6,5
dl_2052,12,East_exit,12,9
dl_2052,13,West_exit,13,8
dl_2052,18,West_exit,18,12
dl_2052,19,West_exit,19,12
dl_2053,14,,,
dl_2053,18,West_exit,18,12
dl_2053,19,East_exit,19,13
dl_2053,20,West_exit,20,13
dl_2053,12,West_exit,12,8
dl_2053,13,East_exit,13,9
dl_2053,8,East_exit,8,6
dl_2053,9,East_exit,9,7
dl_2053,10,West_exit,10,6
dl_2053,5,East_exit,5,4
dl_2053,6,West_exit,6,4
dl_2053,7,East_exit,7,5
dl_2053,3,East_exit,3,3
dl_2053,4,East_exit,4,3
dl_2053,15,West_exit,15,10
dl_2053,16,East_exit,16,11
dl_2054,12,,,
dl_2054,18,West_exit,18,12
dl_2054,19,East_exit,19,13
dl_2054,20,West_exit,20,13
dl_2054,12,West_exit,12,8
dl_2054,13,East_exit,13,9
dl_2054,8,East_exit,8,6
dl_2054,9,East_exit,9,7
dl_2054,10,West_exit,10,6
dl_2054,6,West_exit,6,4
dl_2054,7,East_exit,7,5
dl_2054,5,East_exit,5,4
dl_2054,15,West_exit,15,10
dl_2054,16,East_exit,16,11
dl_2055,13,,,
dl_2055,18,West_exit,18,12
dl_2055,19,East_exit,19,13
dl_2055,20,West_exit,20,13
dl_2055,12,West_exit,12,8
dl_2055,13,East_exit,13,9
dl_2055,8,East_exit,8,6
dl_2055,9,East_exit,9,7
dl_2055,10,West_exit,10,6
dl_2055,6,West_exit,6,4
dl_2055,7,East_exit,7,5
dl_2055,15,West_exit,15,10
dl_2055,16,East_exit,16,11
dl_2055,3,East_exit,3,3
dl_2055,4,East_exit,4,3
dl_2056,16,,,
dl_2056,21,West_exit,21,14
dl_2056,22,East_exit,22,15
dl_2056,23,West_exit,23,15
dl_2056,18,West_exit,18,12
dl_2056,19,East_exit,19,13
dl_2056,15,West_exit,15,10
dl_2056,16,East_exit,16,11
dl_2056,5,East_exit,5,4
dl_2056,9,East_exit,9,7
dl_2056,10,West_exit,10,6
dl_2056,8,East_exit,8,6
dl_2056,6,West_exit,6,4
dl_2056,7,East_exit,7,5
dl_2056,3,East_exit,3,3
dl_2056,4,East_exit,4,3
dl_2056,12,West_exit,12,8
dl_2056,13,East_exit,13,9
dl_2057,14,,,
dl_2057,21,West_exit,21,14
dl_2057,22,East_exit,22,15
dl_2057,23,West_exit,23,15
dl_2057,18,West_exit,18,12
dl_2057,19,East_exit,19,13
dl_2057,15,West_exit,15,10
dl_2057,16,East_exit,16,11
dl_2057,9,East_exit,9,7
dl_2057,10,West_exit,10,6
dl_2057,8,East_exit,8,6
dl_2057,6,West_exit,6,4
dl_2057,7,East_exit,7,5
dl_2057,5,East_exit,5,4
dl_2057,12,West_exit,12,8
dl_2057,13,East_exit,13,9
dl_2058,15,,,
dl_2058,21,West_exit,21,14
dl_2058,22,East_exit,22,15
dl_2058,23,West_exit,23,15
dl_2058,18,West_exit,18,12
dl_2058,19,East_exit,19,13
dl_2058,15,West_exit,15,10
dl_2058,16,East_exit,16,11
dl_2058,12,West_exit,12,8
dl_2058,13,East_exit,13,9
dl_2058,8,East_exit,8,6
dl_2058,9,East_exit,9,7
dl_2058,10,West_exit,10,6
dl_2058,6,West_exit,6,4
dl_2058,7,East_exit,7,5
dl_2058,3,East_exit,3,3
dl_2058,4,East_exit,4,3
dl_2059,15,,,
dl_2059,5,East_exit,5,4
dl_2059,8,East_exit,8,6
dl_2059,6,West_exit,6,4
dl_2059,7,East_exit,7,5
dl_2059,11,East_exit,11,8
dl_2059,9,West_exit,9,6
dl_2059,10,East_exit,10,7
dl_2059,18,East_exit,18,13
dl_2059,19,West_exit,19,12
dl_2059,20,West_exit,20,13
dl_2059,15,West_exit,15,10
dl_2059,16,East_exit,16,11
dl_2059,12,West_exit,12,8
dl_2059,13,East_exit,13,9
dl_2059,3,East_exit,3,3
dl_2059,4,East_exit,4,3
dl_2060,13,,,
dl_2060,8,East_exit,8,6
dl_2060,6,West_exit,6,4
dl_2060,7,East_exit,7,5
dl_2060,5,East_exit,5,4
dl_2060,11,East_exit,11,8
dl_2060,9,West_exit,9,6
dl_2060,10,East_exit,10,7
dl_2060,18,East_exit,18,13
dl_2060,19,West_exit,19,12
dl_2060,20,West_exit,20,13
dl_2060,15,West_exit,15,10
dl_2060,16,East_exit,16,11
dl_2060,12,West_exit,12,8
dl_2060,13,East_exit,13,9
dl_2061,14,,,
dl_2061,8,East_exit,8,6
dl_2061,6,West_exit,6,4
dl_2061,7,East_exit,7,5
dl_2061,11,East_exit,11,8
dl_2061,9,West_exit,9,6
dl_2061,10,East_exit,10,7
dl_2061,18,East_exit,18,13
dl_2061,19,West_exit,19,12
dl_2061,20,West_exit,20,13
dl_2061,15,West_exit,15,10
dl_2061,16,East_exit,16,11
dl_2061,12,West_exit,12,8
dl_2061,13,East_exit,13,9
dl_2061,3,East_exit,3,3
dl_2061,4,East_exit,4,3
dl_2062,12,,,
dl_2062,8,East_exit,8,6
dl_2062,11,East_exit,11,8
dl_2062,9,West_exit,9,6
dl_2062,10,East_exit,10,7
dl_2062,18,East_exit,18,13
dl_2062,19,West_exit,19,12
dl_2062,20,West_exit,20,13
dl_2062,15,West_exit,15,10
dl_2062,16,East_exit,16,11
dl_2062,12,West_exit,12,8
dl_2062,13,East_exit,13,9
dl_2062,6,East_exit,6,5
dl_2062,7,East_exit,7,5
dl_2063,10,,,
dl_2063,11,East_exit,11,8
dl_2063,9,West_exit,9,6
dl_2063,10,East_exit,10,7
dl_2063,8,East_exit,8,6
dl_2063,18,East_exit,18,13
dl_2063,19,West_exit,19,12
dl_2063,20,West_exit,20,13
dl_2063,15,West_exit,15,10
dl_2063,16,East_exit,16,11
dl_2063,12,West_exit,12,8
dl_2063,13,East_exit,13,9
dl_2064,14,,,
dl_2064,11,East_exit,11,8
dl_2064,5,East_exit,5,4
dl_2064,6,West_exit,6,4
dl_2064,7,East_exit,7,5
dl_2064,3,East_exit,3,3
dl_2064,4,East_exit,4,3
dl_2064,9,West_exit,9,6
dl_2064,10,East_exit,10,7
dl_2064,18,East_exit,18,13
dl_2064,19,West_exit,19,12
dl_2064,20,West_exit,20,13
dl_2064,15,West_exit,15,10
dl_2064,16,East_exit,16,11
dl_2064,12,West_exit,12,8
dl_2064,13,East_exit,13,9
dl_2065,12,,,
dl_2065,11,East_exit,11,8
dl_2065,9,West_exit,9,6
dl_2065,10,East_exit,10,7
dl_2065,18,East_exit,18,13
dl_2065,19,West_exit,19,12
dl_2065,20,West_exit,20,13
dl_2065,15,West_exit,15,10
dl_2065,16,East_exit,16,11
dl_2065,12,West_exit,12,8
dl_2065,13,East_exit,13,9
dl_2065,6,West_exit,6,4
dl_2065,7,East_exit,7,5
dl_2065,5,East_exit,5,4
dl_2066,13,,,
dl_2066,11,East_exit,11,8
dl_2066,9,West_exit,9,6
dl_2066,10,East_exit,10,7
dl_2066,18,East_exit,18,13
dl_2066,19,West_exit,19,12
dl_2066,20,West_exit,20,13
dl_2066,15,West_exit,15,10
dl_2066,16,East_exit,16,11
dl_2066,12,West_exit,12,8
dl_2066,13,East_exit,13,9
dl_2066,6,West_exit,6,4
dl_2066,7,East_exit,7,5
dl_2066,3,East_exit,3,3
dl_2066,4,East_exit,4,3
dl_2067,9,,,
dl_2067,11,East_exit,11,8
dl_2067,18,East_exit,18,13
dl_2067,19,West_exit,19,12
dl_2067,20,West_exit,20,13
dl_2067,15,West_exit,15,10
dl_2067,16,East_exit,16,11
dl_2067,12,West_exit,12,8
dl_2067,13,East_exit,13,9
dl_2067,9,East_exit,9,7
dl_2067,10,East_exit,10,7
dl_2068,7,,,
dl_2068,18,East_exit,18,13
dl_2068,19,West_exit,19,12
dl_2068,20,West_exit,20,13
dl_2068,15,West_exit,15,10
dl_2068,16,East_exit,16,11
dl_2068,12,West_exit,12,8
dl_2068,13,East_exit,13,9
dl_2068,11,East_exit,11,8
dl_2069,14,,,
dl_2069,5,East_exit,5,4
dl_2069,8,East_exit,8,6
dl_2069,6,West_exit,6,4
dl_2069,7,East_exit,7,5
dl_2069,15,West_exit,15,10
dl_2069,16,East_exit,16,11
dl_2069,18,East_exit,18,13
dl_2069,19,West_exit,19,12
dl_2069,20,West_exit,20,13
dl_2069,12,West_exit,12,8
dl_2069,13,East_exit,13,9
dl_2069,9,West_exit,9,6
dl_2069,10,East_exit,10,7
dl_2069,3,East_exit,3,3
dl_2069,4,East_exit,4,3
dl_2070,12,,,
dl_2070,8,East_exit,8,6
dl_2070,6,West_exit,6,4
dl_2070,7,East_exit,7,5
dl_2070,5,East_exit,5,4
dl_2070,15,West_exit,15,10
dl_2070,16,East_exit,16,11
dl_2070,18,East_exit,18,13
dl_2070,19,West_exit,19,12
dl_2070,20,West_exit,20,13
dl_2070,12,West_exit,12,8
dl_2070,13,East_exit,13,9
dl_2070,9,West_exit,9,6
dl_2070,10,East_exit,10,7
dl_2071,13,,,
dl_2071,8,East_exit,8,6
dl_2071,6,West_exit,6,4
dl_2071,7,East_exit,7,5
dl_2071,15,West_exit,15,10
dl_2071,16,East_exit,16,11
dl_2071,18,East_exit,18,13
dl_2071,19,West_exit,19,12
dl_2071,20,West_exit,20,13
dl_2071,12,West_exit,12,8
dl_2071,13,East_exit,13,9
dl_2071,9,West_exit,9,6
dl_2071,10,East_exit,10,7
dl_2071,3,East_exit,3,3
dl_2071,4,East_exit,4,3
dl_2072,11,,,
dl_2072,8,East_exit,8,6
dl_2072,15,West_exit,15,10
dl_2072,16,East_exit,16,11
dl_2072,18,East_exit,18,13
dl_2072,19,West_exit,19,12
dl_2072,20,West_exit,20,13
dl_2072,12,West_exit,12,8
dl_2072,13,East_exit,13,9
dl_2072,9,West_exit,9,6
dl_2072,10,East_exit,10,7
dl_2072,6,East_exit,6,5
dl_2072,7,East_exit,7,5
dl_2073,9,,,
dl_2073,15,West_exit,15,10
dl_2073,16,East_exit,16,11
dl_2073,18,East_exit,18,13
dl_2073,19,West_exit,19,12
dl_2073,20,West_exit,20,13
dl_2073,12,West_exit,12,8
dl_2073,13,East_exit,13,9
dl_2073,9,West_exit,9,6
dl_2073,10,East_exit,10,7
dl_2073,8,East_exit,8,6
dl_2074,13,,,
dl_2074,18,East_exit,18,13
dl_2074,19,West_exit,19,12
dl_2074,20,West_exit,20,13
dl_2074,15,West_exit,15,10
dl_2074,16,East_exit,16,11
dl_2074,12,West_exit,12,8
dl_2074,13,East_exit,13,9
dl_2074,5,East_exit,5,4
dl_2074,6,West_exit,6,4
dl_2074,7,East_exit,7,5
dl_2074,3,East_exit,3,3
dl_2074,4,East_exit,4,3
dl_2074,9,West_exit,9,6
dl_2074,10,East_exit,10,7
dl_2075,11,,,
dl_2075,18,East_exit,18,13
dl_2075,19,West_exit,19,12
dl_2075,20,West_exit,20,13
dl_2075,15,West_exit,15,10
dl_2075,16,East_exit,16,11
dl_2075,12,West_exit,12,8
dl_2075,13,East_exit,13,9
dl_2075,9,West_exit,9,6
dl_2075,10,East_exit,10,7
dl_2075,6,West_exit,6,4
dl_2075,7,East_exit,7,5
dl_2075,5,East_exit,5,4
dl_2076,16,,,
dl_2076,21,West_exit,21,14
dl_2076,22,East_exit,22,15
dl_2076,23,West_exit,23,15
dl_2076,8,East_exit,8,6
dl_2076,17,East_exit,17,12
dl_2076,18,East_exit,18,13
dl_2076,19,West_exit,19,12
dl_2076,15,West_exit,15,10
dl_2076,16,East_exit,16,11
dl_2076,14,East_exit,14,10
dl_2076,11,East_exit,11,8
dl_2076,9,West_exit,9,6
dl_2076,10,East_exit,10,7
dl_2076,12,West_exit,12,8
dl_2076,13,East_exit,13,9
dl_2076,6,East_exit,6,5
dl_2076,7,East_exit,7,5
dl_2077,14,,,
dl_2077,21,West_exit,21,14
dl_2077,22,East_exit,22,15
dl_2077,23,West_exit,23,15
dl_2077,17,East_exit,17,12
dl_2077,18,East_exit,18,13
dl_2077,19,West_exit,19,12
dl_2077,15,West_exit,15,10
dl_2077,16,East_exit,16,11
dl_2077,14,East_exit,14,10
dl_2077,11,East_exit,11,8
dl_2077,9,West_exit,9,6
dl_2077,10,East_exit,10,7
dl_2077,8,East_exit,8,6
dl_2077,12,West_exit,12,8
dl_2077,13,East_exit,13,9
dl_2078,18,,,
dl_2078,11,East_exit,11,8
dl_2078,6,West_exit,6,4
dl_2078,7,East_exit,7,5
dl_2078,5,East_exit,5,4
dl_2078,3,East_exit,3,3
dl_2078,4,East_exit,4,3
dl_2078,14,East_exit,14,10
dl_2078,12,West_exit,12,8
dl_2078,13,East_exit,13,9
dl_2078,17,East_exit,17,12
dl_2078,15,West_exit,15,10
dl_2078,16,East_exit,16,11
dl_2078,18,East_exit,18,13
dl_2078,19,West_exit,19,12
dl_2078,21,West_exit,21,14
dl_2078,22,East_exit,22,15
dl_2078,23,West_exit,23,15
dl_2078,9,West_exit,9,6
dl_2078,10,East_exit,10,7
dl_2079,16,,,
dl_2079,11,East_exit,11,8
dl_2079,6,West_exit,6,4
dl_2079,7,East_exit,7,5
dl_2079,5,East_exit,5,4
dl_2079,14,East_exit,14,10
dl_2079,12,West_exit,12,8
dl_2079,13,East_exit,13,9
dl_2079,17,East_exit,17,12
dl_2079,15,West_exit,15,10
dl_2079,16,East_exit,16,11
dl_2079,18,East_exit,18,13
dl_2079,19,West_exit,19,12
dl_2079,21,West_exit,21,14
dl_2079,22,East_exit,22,15
dl_2079,23,West_exit,23,15
dl_2079,9,West_exit,9,6
dl_2079,10,East_exit,10,7
dl_2080,5,,,
dl_2080,21,West_exit,21,14
dl_2080,22,East_exit,22,15
dl_2080,23,West_exit,23,15
dl_2080,17,East_exit,17,12
dl_2080,18,East_exit,18,13
dl_2080,19,West_exit,19,12
dl_2081,18,,,
dl_2081,8,East_exit,8,6
dl_2081,14,East_exit,14,10
dl_2081,11,East_exit,11,8
dl_2081,12,West_exit,12,8
dl_2081,13,East_exit,13,9
dl_2081,9,West_exit,9,6
dl_2081,10,East_exit,10,7
dl_2081,17,East_exit,17,12
dl_2081,15,West_exit,15,10
dl_2081,16,East_exit,16,11
dl_2081,18,East_exit,18,13
dl_2081,19,West_exit,19,12
dl_2081,24,East_exit,24,17
dl_2081,25,West_exit,25,16
dl_2081,26,West_exit,26,17
dl_2081,21,West_exit,21,14
dl_2081,22,East_exit,22,15
dl_2081,6,East_exit,6,5
dl_2081,7,East_exit,7,5
dl_2082,16,,,
dl_2082,11,East_exit,11,8
dl_2082,9,West_exit,9,6
dl_2082,10,East_exit,10,7
dl_2082,8,East_exit,8,6
dl_2082,14,East_exit,14,10
dl_2082,12,West_exit,12,8
dl_2082,13,East_exit,13,9
dl_2082,17,East_exit,17,12
dl_2082,15,West_exit,15,10
dl_2082,16,East_exit,16,11
dl_2082,18,East_exit,18,13
dl_2082,19,West_exit,19,12
dl_2082,24,East_exit,24,17
dl_2082,25,West_exit,25,16
dl_2082,26,West_exit,26,17
dl_2082,21,West_exit,21,14
dl_2082,22,East_exit,22,15
dl_2083,20,,,
dl_2083,24,East_exit,24,17
dl_2083,25,West_exit,25,16
dl_2083,26,West_exit,26,17
dl_2083,11,East_exit,11,8
dl_2083,5,East_exit,5,4
dl_2083,6,West_exit,6,4
dl_2083,7,East_exit,7,5
dl_2083,3,East_exit,3,3
dl_2083,4,East_exit,4,3
dl_2083,9,West_exit,9,6
dl_2083,10,East_exit,10,7
dl_2083,14,East_exit,14,10
dl_2083,12,West_exit,12,8
dl_2083,13,East_exit,13,9
dl_2083,17,East_exit,17,12
dl_2083,15,West_exit,15,10
dl_2083,16,East_exit,16,11
dl_2083,18,East_exit,18,13
dl_2083,19,West_exit,19,12
dl_2083,21,West_exit,21,14
dl_2083,22,East_exit,22,15
dl_2084,18,,,
dl_2084,24,East_exit,24,17
dl_2084,25,West_exit,25,16
dl_2084,26,West_exit,26,17
dl_2084,11,East_exit,11,8
dl_2084,9,West_exit,9,6
dl_2084,10,East_exit,10,7
dl_2084,14,East_exit,14,10
dl_2084,12,West_exit,12,8
dl_2084,13,East_exit,13,9
dl_2084,17,East_exit,17,12
dl_2084,15,West_exit,15,10
dl_2084,16,East_exit,16,11
dl_2084,18,East_exit,18,13
dl_2084,19,West_exit,19,12
dl_2084,21,West_exit,21,14
dl_2084,22,East_exit,22,15
dl_2084,6,West_exit,6,4
dl_2084,7,East_exit,7,5
dl_2084,5,East_exit,5,4
dl_2085,7,,,
dl_2085,24,East_exit,24,17
dl_2085,25,West_exit,25,16
dl_2085,26,West_exit,26,17
dl_2085,17,East_exit,17,12
dl_2085,18,East_exit,18,13
dl_2085,19,West_exit,19,12
dl_2085,21,West_exit,21,14
dl_2085,22,East_exit,22,15
dl_2086,18,,,
dl_2086,5,East_exit,5,4
dl_2086,15,West_exit,15,10
dl_2086,16,East_exit,16,11
dl_2086,14,East_exit,14,10
dl_2086,8,East_exit,8,6
dl_2086,6,West_exit,6,4
dl_2086,7,East_exit,7,5
dl_2086,12,West_exit,12,8
dl_2086,13,East_exit,13,9
dl_2086,11,East_exit,11,8
dl_2086,9,West_exit,9,6
dl_2086,10,East_exit,10,7
dl_2086,3,East_exit,3,3
dl_2086,4,East_exit,4,3
dl_2086,21,West_exit,21,14
dl_2086,22,East_exit,22,15
dl_2086,23,West_exit,23,15
dl_2086,18,East_exit,18,13
dl_2086,19,West_exit,19,12
dl_2087,16,,,
dl_2087,15,West_exit,15,10
dl_2087,16,East_exit,16,11
dl_2087,14,East_exit,14,10
dl_2087,12,West_exit,12,8
dl_2087,13,East_exit,13,9
dl_2087,11,East_exit,11,8
dl_2087,8,East_exit,8,6
dl_2087,6,West_exit,6,4
dl_2087,7,East_exit,7,5
dl_2087,5,East_exit,5,4
dl_2087,9,West_exit,9,6
dl_2087,10,East_exit,10,7
dl_2087,21,West_exit,21,14
dl_2087,22,East_exit,22,15
dl_2087,23,West_exit,23,15
dl_2087,18,East_exit,18,13
dl_2087,19,West_exit,19,12
dl_2088,17,,,
dl_2088,15,West_exit,15,10
dl_2088,16,East_exit,16,11
dl_2088,14,East_exit,14,10
dl_2088,12,West_exit,12,8
dl_2088,13,East_exit,13,9
dl_2088,11,East_exit,11,8
dl_2088,8,East_exit,8,6
dl_2088,6,West_exit,6,4
dl_2088,7,East_exit,7,5
dl_2088,9,West_exit,9,6
dl_2088,10,East_exit,10,7
dl_2088,21,West_exit,21,14
dl_2088,22,East_exit,22,15
dl_2088,23,West_exit,23,15
dl_2088,18,East_exit,18,13
dl_2088,19,West_exit,19,12
dl_2088,3,East_exit,3,3
dl_2088,4,East_exit,4,3
dl_2089,17,,,
dl_2089,5,East_exit,5,4
dl_2089,11,East_exit,11,8
dl_2089,9,West_exit,9,6
dl_2089,10,East_exit,10,7
dl_2089,8,East_exit,8,6
dl_2089,14,East_exit,14,10
dl_2089,12,West_exit,12,8
dl_2089,13,East_exit,13,9
dl_2089,15,West_exit,15,10
dl_2089,16,East_exit,16,11
dl_2089,6,West_exit,6,4
dl_2089,3,East_exit,3,3
dl_2089,4,East_exit,4,3
dl_2089,21,West_exit,21,14
dl_2089,22,East_exit,22,15
dl_2089,23,West_exit,23,15
dl_2089,18,East_exit,18,13
dl_2089,19,West_exit,19,12
dl_2090,15,,,
dl_2090,8,East_exit,8,6
dl_2090,15,West_exit,15,10
dl_2090,16,East_exit,16,11
dl_2090,14,East_exit,14,10
dl_2090,12,West_exit,12,8
dl_2090,13,East_exit,13,9
dl_2090,11,East_exit,11,8
dl_2090,9,West_exit,9,6
dl_2090,10,East_exit,10,7
dl_2090,6,East_exit,6,5
dl_2090,7,East_exit,7,5
dl_2090,21,West_exit,21,14
dl_2090,22,East_exit,22,15
dl_2090,23,West_exit,23,15
dl_2090,18,East_exit,18,13
dl_2090,19,West_exit,19,12
dl_2091,13,,,
dl_2091,15,West_exit,15,10
dl_2091,16,East_exit,16,11
dl_2091,14,East_exit,14,10
dl_2091,12,West_exit,12,8
dl_2091,13,East_exit,13,9
dl_2091,11,East_exit,11,8
dl_2091,9,West_exit,9,6
dl_2091,10,East_exit,10,7
dl_2091,8,East_exit,8,6
dl_2091,21,West_exit,21,14
dl_2091,22,East_exit,22,15
dl_2091,23,West_exit,23,15
dl_2091,18,East_exit,18,13
dl_2091,19,West_exit,19,12
dl_2092,17,,,
dl_2092,11,East_exit,11,8
dl_2092,5,East_exit,5,4
dl_2092,6,West_exit,6,4
dl_2092,7,East_exit,7,5
dl_2092,3,East_exit,3,3
dl_2092,4,East_exit,4,3
dl_2092,15,West_exit,15,10
dl_2092,16,East_exit,16,11
dl_2092,14,East_exit,14,10
dl_2092,12,West_exit,12,8
dl_2092,13,East_exit,13,9
dl_2092,9,West_exit,9,6
dl_2092,10,East_exit,10,7
dl_2092,21,West_exit,21,14
dl_2092,22,East_exit,22,15
dl_2092,23,West_exit,23,15
dl_2092,18,East_exit,18,13
dl_2092,19,West_exit,19,12
dl_2093,15,,,
dl_2093,11,East_exit,11,8
dl_2093,6,West_exit,6,4
dl_2093,7,East_exit,7,5
dl_2093,5,East_exit,5,4
dl_2093,14,East_exit,14,10
dl_2093,12,West_exit,12,8
dl_2093,13,East_exit,13,9
dl_2093,15,West_exit,15,10
dl_2093,16,East_exit,16,11
dl_2093,9,West_exit,9,6
dl_2093,10,East_exit,10,7
dl_2093,21,West_exit,21,14
dl_2093,22,East_exit,22,15
dl_2093,23,West_exit,23,15
dl_2093,18,East_exit,18,13
dl_2093,19,West_exit,19,12
dl_2094,16,,,
dl_2094,11,East_exit,11,8
dl_2094,6,West_exit,6,4
dl_2094,7,East_exit,7,5
dl_2094,14,East_exit,14,10
dl_2094,12,West_exit,12,8
dl_2094,13,East_exit,13,9
dl_2094,15,West_exit,15,10
dl_2094,16,East_exit,16,11
dl_2094,9,West_exit,9,6
dl_2094,10,East_exit,10,7
dl_2094,21,West_exit,21,14
dl_2094,22,East_exit,22,15
dl_2094,23,West_exit,23,15
dl_2094,18,East_exit,18,13
dl_2094,19,West_exit,19,12
dl_2094,3,East_exit,3,3
dl_2094,4,East_exit,4,3
dl_2095,17,,,
dl_2095,5,East_exit,5,4
dl_2095,15,West_exit,15,10
dl_2095,16,East_exit,16,11
dl_2095,14,East_exit,14,10
dl_2095,12,West_exit,12,8
dl_2095,13,East_exit,13,9
dl_2095,11,East_exit,11,8
dl_2095,8,East_exit,8,6
dl_2095,6,West_exit,6,4
dl_2095,7,East_exit,7,5
dl_2095,9,West_exit,9,6
dl_2095,3,East_exit,3,3
dl_2095,4,East_exit,4,3
dl_2095,21,West_exit,21,14
dl_2095,22,East_exit,22,15
dl_2095,23,West_exit,23,15
dl_2095,18,East_exit,18,13
dl_2095,19,West_exit,19,12
dl_2096,15,,,
dl_2096,15,West_exit,15,10
dl_2096,16,East_exit,16,11
dl_2096,14,East_exit,14,10
dl_2096,12,West_exit,12,8
dl_2096,13,East_exit,13,9
dl_2096,11,East_exit,11,8
dl_2096,8,East_exit,8,6
dl_2096,6,West_exit,6,4
dl_2096,7,East_exit,7,5
dl_2096,5,East_exit,5,4
dl_2096,9,West_exit,9,6
dl_2096,21,West_exit,21,14
dl_2096,22,East_exit,22,15
dl_2096,23,West_exit,23,15
dl_2096,18,East_exit,18,13
dl_2096,19,West_exit,19,12
dl_2097,16,,,
dl_2097,15,West_exit,15,10
dl_2097,16,East_exit,16,11
dl_2097,14,East_exit,14,10
dl_2097,12,West_exit,12,8
dl_2097,13,East_exit,13,9
dl_2097,11,East_exit,11,8
dl_2097,8,East_exit,8,6
dl_2097,6,West_exit,6,4
dl_2097,7,East_exit,7,5
dl_2097,9,West_exit,9,6
dl_2097,21,West_exit,21,14
dl_2097,22,East_exit,22,15
dl_2097,23,West_exit,23,15
dl_2097,18,East_exit,18,13
dl_2097,19,West_exit,19,12
dl_2097,3,East_exit,3,3
dl_2097,4,East_exit,4,3
dl_2098,12,,,
dl_2098,11,East_exit,11,8
dl_2098,14,East_exit,14,10
dl_2098,12,West_exit,12,8
dl_2098,13,East_exit,13,9
dl_2098,15,West_exit,15,10
dl_2098,16,East_exit,16,11
dl_2098,9,East_exit,9,7
dl_2098,10,East_exit,10,7
dl_2098,21,West_exit,21,14
dl_2098,22,East_exit,22,15
dl_2098,23,West_exit,23,15
dl_2098,18,East_exit,18,13
dl_2098,19,West_exit,19,12
dl_2099,10,,,
dl_2099,14,East_exit,14,10
dl_2099,12,West_exit,12,8
dl_2099,13,East_exit,13,9
dl_2099,11,East_exit,11,8
dl_2099,15,West_exit,15,10
dl_2099,16,East_exit,16,11
dl_2099,21,West_exit,21,14
dl_2099,22,East_exit,22,15
dl_2099,23,West_exit,23,15
dl_2099,18,East_exit,18,13
dl_2099,19,West_exit,19,12
dl_2100,17,,,
dl_2100,14,East_exit,14,10
dl_2100,9,West_exit,9,6
dl_2100,10,East_exit,10,7
dl_2100,8,East_exit,8,6
dl_2100,6,West_exit,6,4
dl_2100,7,East_exit,7,5
dl_2100,5,East_exit,5,4
dl_2100,3,East_exit,3,3
dl_2100,4,East_exit,4,3
dl_2100,15,West_exit,15,10
dl_2100,16,East_exit,16,11
dl_2100,12,West_exit,12,8
dl_2100,13,East_exit,13,9
dl_2100,21,West_exit,21,14
dl_2100,22,East_exit,22,15
dl_2100,23,West_exit,23,15
dl_2100,18,East_exit,18,13
dl_2100,19,West_exit,19,12
dl_2101,15,,,
dl_2101,14,East_exit,14,10
dl_2101,9,West_exit,9,6
dl_2101,10,East_exit,10,7
dl_2101,8,East_exit,8,6
dl_2101,6,West_exit,6,4
dl_2101,7,East_exit,7,5
dl_2101,5,East_exit,5,4
dl_2101,15,West_exit,15,10
dl_2101,16,East_exit,16,11
dl_2101,12,West_exit,12,8
dl_2101,13,East_exit,13,9
dl_2101,21,West_exit,21,14
dl_2101,22,East_exit,22,15
dl_2101,23,West_exit,23,15
dl_2101,18,East_exit,18,13
dl_2101,19,West_exit,19,12
dl_2102,16,,,
dl_2102,14,East_exit,14,10
dl_2102,9,West_exit,9,6
dl_2102,10,East_exit,10,7
dl_2102,8,East_exit,8,6
dl_2102,6,West_exit,6,4
dl_2102,7,East_exit,7,5
dl_2102,15,West_exit,15,10
dl_2102,16,East_exit,16,11
dl_2102,12,West_exit,12,8
dl_2102,13,East_exit,13,9
dl_2102,21,West_exit,21,14
dl_2102,22,East_exit,22,15
dl_2102,23,West_exit,23,15
dl_2102,18,East_exit,18,13
dl_2102,19,West_exit,19,12
dl_2102,3,East_exit,3,3
dl_2102,4,East_exit,4,3
dl_2103,14,,,
dl_2103,14,East_exit,14,10
dl_2103,8,East_exit,8,6
dl_2103,9,West_exit,9,6
dl_2103,10,East_exit,10,7
dl_2103,6,East_exit,6,5
dl_2103,7,East_exit,7,5
dl_2103,15,West_exit,15,10
dl_2103,16,East_exit,16,11
dl_2103,12,West_exit,12,8
dl_2103,13,East_exit,13,9
dl_2103,21,West_exit,21,14
dl_2103,22,East_exit,22,15
dl_2103,23,West_exit,23,15
dl_2103,18,East_exit,18,13
dl_2103,19,West_exit,19,12
dl_2104,12,,,
dl_2104,14,East_exit,14,10
dl_2104,9,West_exit,9,6
dl_2104,10,East_exit,10,7
dl_2104,8,East_exit,8,6
dl_2104,15,West_exit,15,10
dl_2104,16,East_exit,16,11
dl_2104,12,West_exit,12,8
dl_2104,13,East_exit,13,9
dl_2104,21,West_exit,21,14
dl_2104,22,East_exit,22,15
dl_2104,23,West_exit,23,15
dl_2104,18,East_exit,18,13
dl_2104,19,West_exit,19,12
dl_2105,16,,,
dl_2105,14,East_exit,14,10
dl_2105,12,West_exit,12,8
dl_2105,13,East_exit,13,9
dl_2105,15,West_exit,15,10
dl_2105,16,East_exit,16,11
dl_2105,21,West_exit,21,14
dl_2105,22,East_exit,22,15
dl_2105,23,West_exit,23,15
dl_2105,18,East_exit,18,13
dl_2105,19,West_exit,19,12
dl_2105,5,East_exit,5,4
dl_2105,6,West_exit,6,4
dl_2105,7,East_exit,7,5
dl_2105,3,East_exit,3,3
dl_2105,4,East_exit,4,3
dl_2105,9,West_exit,9,6
dl_2105,10,East_exit,10,7
dl_2106,14,,,
dl_2106,14,East_exit,14,10
dl_2106,12,West_exit,12,8
dl_2106,13,East_exit,13,9
dl_2106,15,West_exit,15,10
dl_2106,16,East_exit,16,11
dl_2106,21,West_exit,21,14
dl_2106,22,East_exit,22,15
dl_2106,23,West_exit,23,15
dl_2106,18,East_exit,18,13
dl_2106,19,West_exit,19,12
dl_2106,6,West_exit,6,4
dl_2106,7,East_exit,7,5
dl_2106,5,East_exit,5,4
dl_2106,9,West_exit,9,6
dl_2106,10,East_exit,10,7
dl_2107,15,,,
dl_2107,14,East_exit,14,10
dl_2107,12,West_exit,12,8
dl_2107,13,East_exit,13,9
dl_2107,15,West_exit,15,10
dl_2107,16,East_exit,16,11
dl_2107,21,West_exit,21,14
dl_2107,22,East_exit,22,15
dl_2107,23,West_exit,23,15
dl_2107,18,East_exit,18,13
dl_2107,19,West_exit,19,12
dl_2107,6,West_exit,6,4
dl_2107,7,East_exit,7,5
dl_2107,9,West_exit,9,6
dl_2107,10,East_exit,10,7
dl_2107,3,East_exit,3,3
dl_2107,4,East_exit,4,3
dl_2108,7,,,
dl_2108,15,West_exit,15,10
dl_2108,16,East_exit,16,11
dl_2108,14,East_exit,14,10
dl_2108,21,West_exit,21,14
dl_2108,22,East_exit,22,15
dl_2108,23,West_exit,23,15
dl_2108,18,East_exit,18,13
dl_2108,19,West_exit,19,12
dl_2109,17,,,
dl_2109,15,West_exit,15,10
dl_2109,16,East_exit,16,11
dl_2109,5,East_exit,5,4
dl_2109,8,East_exit,8,6
dl_2109,6,West_exit,6,4
dl_2109,7,East_exit,7,5
dl_2109,12,West_exit,12,8
dl_2109,13,East_exit,13,9
dl_2109,11,East_exit,11,8
dl_2109,9,West_exit,9,6
dl_2109,10,East_exit,10,7
dl_2109,3,East_exit,3,3
dl_2109,4,East_exit,4,3
dl_2109,21,West_exit,21,14
dl_2109,22,East_exit,22,15
dl_2109,23,West_exit,23,15
dl_2109,18,East_exit,18,13
dl_2109,19,West_exit,19,12
dl_2110,15,,,
dl_2110,15,West_exit,15,10
dl_2110,16,East_exit,16,11
dl_2110,12,West_exit,12,8
dl_2110,13,East_exit,13,9
dl_2110,11,East_exit,11,8
dl_2110,8,East_exit,8,6
dl_2110,6,West_exit,6,4
dl_2110,7,East_exit,7,5
dl_2110,5,East_exit,5,4
dl_2110,9,West_exit,9,6
dl_2110,10,East_exit,10,7
dl_2110,21,West_exit,21,14
dl_2110,22,East_exit,22,15
dl_2110,23,West_exit,23,15
dl_2110,18,East_exit,18,13
dl_2110,19,West_exit,19,12
dl_2111,16,,,
dl_2111,15,West_exit,15,10
dl_2111,16,East_exit,16,11
dl_2111,12,West_exit,12,8
dl_2111,13,East_exit,13,9
dl_2111,11,East_exit,11,8
dl_2111,8,East_exit,8,6
dl_2111,6,West_exit,6,4
dl_2111,7,East_exit,7,5
dl_2111,9,West_exit,9,6
dl_2111,10,East_exit,10,7
dl_2111,21,West_exit,21,14
dl_2111,22,East_exit,22,15
dl_2111,23,West_exit,23,15
dl_2111,18,East_exit,18,13
dl_2111,19,West_exit,19,12
dl_2111,3,East_exit,3,3
dl_2111,4,East_exit,4,3
dl_2112,14,,,
dl_2112,15,West_exit,15,10
dl_2112,16,East_exit,16,11
dl_2112,12,West_exit,12,8
dl_2112,13,East_exit,13,9
dl_2112,11,East_exit,11,8
dl_2112,9,West_exit,9,6
dl_2112,10,East_exit,10,7
dl_2112,8,East_exit,8,6
dl_2112,6,East_exit,6,5
dl_2112,7,East_exit,7,5
dl_2112,21,West_exit,21,14
dl_2112,22,East_exit,22,15
dl_2112,23,West_exit,23,15
dl_2112,18,East_exit,18,13
dl_2112,19,West_exit,19,12
dl_2113,12,,,
dl_2113,15,West_exit,15,10
dl_2113,16,East_exit,16,11
dl_2113,12,West_exit,12,8
dl_2113,13,East_exit,13,9
dl_2113,11,East_exit,11,8
dl_2113,9,West_exit,9,6
dl_2113,10,East_exit,10,7
dl_2113,8,East_exit,8,6
dl_2113,21,West_exit,21,14
dl_2113,22,East_exit,22,15
dl_2113,23,West_exit,23,15
dl_2113,18,East_exit,18,13
dl_2113,19,West_exit,19,12
dl_2114,16,,,
dl_2114,15,West_exit,15,10
dl_2114,16,East_exit,16,11
dl_2114,12,West_exit,12,8
dl_2114,13,East_exit,13,9
dl_2114,11,East_exit,11,8
dl_2114,5,East_exit,5,4
dl_2114,9,West_exit,9,6
dl_2114,10,East_exit,10,7
dl_2114,6,West_exit,6,4
dl_2114,7,East_exit,7,5
dl_2114,3,East_exit,3,3
dl_2114,4,East_exit,4,3
dl_2114,21,West_exit,21,14
dl_2114,22,East_exit,22,15
dl_2114,23,West_exit,23,15
dl_2114,18,East_exit,18,13
dl_2114,19,West_exit,19,12
dl_2115,14,,,
dl_2115,15,West_exit,15,10
dl_2115,16,East_exit,16,11
dl_2115,12,West_exit,12,8
dl_2115,13,East_exit,13,9
dl_2115,11,East_exit,11,8
dl_2115,9,West_exit,9,6
dl_2115,10,East_exit,10,7
dl_2115,6,West_exit,6,4
dl_2115,7,East_exit,7,5
dl_2115,5,East_exit,5,4
dl_2115,21,West_exit,21,14
dl_2115,22,East_exit,22,15
dl_2115,23,West_exit,23,15
dl_2115,18,East_exit,18,13
dl_2115,19,West_exit,19,12
dl_2116,15,,,
dl_2116,15,West_exit,15,10
dl_2116,16,East_exit,16,11
dl_2116,12,West_exit,12,8
dl_2116,13,East_exit,13,9
dl_2116,11,East_exit,11,8
dl_2116,9,West_exit,9,6
dl_2116,10,East_exit,10,7
dl_2116,6,West_exit,6,4
dl_2116,7,East_exit,7,5
dl_2116,21,West_exit,21,14
dl_2116,22,East_exit,22,15
dl_2116,23,West_exit,23,15
dl_2116,18,East_exit,18,13
dl_2116,19,West_exit,19,12
dl_2116,3,East_exit,3,3
dl_2116,4,East_exit,4,3
dl_2117,11,,,
dl_2117,11,East_exit,11,8
dl_2117,15,West_exit,15,10
dl_2117,16,East_exit,16,11
dl_2117,12,West_exit,12,8
dl_2117,13,East_exit,13,9
dl_2117,9,East_exit,9,7
dl_2117,10,East_exit,10,7
dl_2117,21,West_exit,21,14
dl_2117,22,East_exit,22,15
dl_2117,23,West_exit,23,15
dl_2117,18,East_exit,18,13
dl_2117,19,West_exit,19,12
dl_2118,9,,,
dl_2118,15,West_exit,15,10
dl_2118,16,East_exit,16,11
dl_2118,12,West_exit,12,8
dl_2118,13,East_exit,13,9
dl_2118,11,East_exit,11,8
dl_2118,21,West_exit,21,14
dl_2118,22,East_exit,22,15
dl_2118,23,West_exit,23,15
dl_2118,18,East_exit,18,13
dl_2118,19,West_exit,19,12
dl_2119,20,,,
dl_2119,24,East_exit,24,17
dl_2119,25,West_exit,25,16
dl_2119,26,West_exit,26,17
dl_2119,21,West_exit,21,14
dl_2119,22,East_exit,22,15
dl_2119,15,West_exit,15,10
dl_2119,16,East_exit,16,11
dl_2119,14,East_exit,14,10
dl_2119,18,East_exit,18,13
dl_2119,19,West_exit,19,12
dl_2119,5,East_exit,5,4
dl_2119,8,East_exit,8,6
dl_2119,6,West_exit,6,4
dl_2119,7,East_exit,7,5
dl_2119,11,East_exit,11,8
dl_2119,9,West_exit,9,6
dl_2119,10,East_exit,10,7
dl_2119,12,West_exit,12,8
dl_2119,13,East_exit,13,9
dl_2119,3,East_exit,3,3
dl_2119,4,East_exit,4,3
dl_2120,18,,,
dl_2120,24,East_exit,24,17
dl_2120,25,West_exit,25,16
dl_2120,26,West_exit,26,17
dl_2120,21,West_exit,21,14
dl_2120,22,East_exit,22,15
dl_2120,15,West_exit,15,10
dl_2120,16,East_exit,16,11
dl_2120,14,East_exit,14,10
dl_2120,18,East_exit,18,13
dl_2120,19,West_exit,19,12
dl_2120,8,East_exit,8,6
dl_2120,6,West_exit,6,4
dl_2120,7,East_exit,7,5
dl_2120,5,East_exit,5,4
dl_2120,11,East_exit,11,8
dl_2120,9,West_exit,9,6
dl_2120,10,East_exit,10,7
dl_2120,12,West_exit,12,8
dl_2120,13,East_exit,13,9
dl_2121,19,,,
dl_2121,24,East_exit,24,17
dl_2121,25,West_exit,25,16
dl_2121,26,West_exit,26,17
dl_2121,21,West_exit,21,14
dl_2121,22,East_exit,22,15
dl_2121,15,West_exit,15,10
dl_2121,16,East_exit,16,11
dl_2121,14,East_exit,14,10
dl_2121,18,East_exit,18,13
dl_2121,19,West_exit,19,12
dl_2121,8,East_exit,8,6
dl_2121,6,West_exit,6,4
dl_2121,7,East_exit,7,5
dl_2121,11,East_exit,11,8
dl_2121,9,West_exit,9,6
dl_2121,10,East_exit,10,7
dl_2121,12,West_exit,12,8
dl_2121,13,East_exit,13,9
dl_2121,3,East_exit,3,3
dl_2121,4,East_exit,4,3
dl_2122,19,,,
dl_2122,5,East_exit,5,4
dl_2122,11,East_exit,11,8
dl_2122,9,West_exit,9,6
dl_2122,10,East_exit,10,7
dl_2122,8,East_exit,8,6
dl_2122,14,East_exit,14,10
dl_2122,12,West_exit,12,8
dl_2122,13,East_exit,13,9
dl_2122,15,West_exit,15,10
dl_2122,16,East_exit,16,11
dl_2122,6,West_exit,6,4
dl_2122,3,East_exit,3,3
dl_2122,4,East_exit,4,3
dl_2122,24,East_exit,24,17
dl_2122,25,West_exit,25,16
dl_2122,26,West_exit,26,17
dl_2122,21,West_exit,21,14
dl_2122,22,East_exit,22,15
dl_2122,18,East_exit,18,13
dl_2122,19,West_exit,19,12
dl_2123,17,,,
dl_2123,24,East_exit,24,17
dl_2123,25,West_exit,25,16
dl_2123,26,West_exit,26,17
dl_2123,21,West_exit,21,14
dl_2123,22,East_exit,22,15
dl_2123,15,West_exit,15,10
dl_2123,16,East_exit,16,11
dl_2123,14,East_exit,14,10
dl_2123,18,East_exit,18,13
dl_2123,19,West_exit,19,12
dl_2123,8,East_exit,8,6
dl_2123,11,East_exit,11,8
dl_2123,9,West_exit,9,6
dl_2123,10,East_exit,10,7
dl_2123,12,West_exit,12,8
dl_2123,13,East_exit,13,9
dl_2123,6,East_exit,6,5
dl_2123,7,East_exit,7,5
dl_2124,15,,,
dl_2124,24,East_exit,24,17
dl_2124,25,West_exit,25,16
dl_2124,26,West_exit,26,17
dl_2124,21,West_exit,21,14
dl_2124,22,East_exit,22,15
dl_2124,15,West_exit,15,10
dl_2124,16,East_exit,16,11
dl_2124,14,East_exit,14,10
dl_2124,18,East_exit,18,13
dl_2124,19,West_exit,19,12
dl_2124,11,East_exit,11,8
dl_2124,9,West_exit,9,6
dl_2124,10,East_exit,10,7
dl_2124,8,East_exit,8,6
dl_2124,12,West_exit,12,8
dl_2124,13,East_exit,13,9
dl_2125,19,,,
dl_2125,24,East_exit,24,17
dl_2125,25,West_exit,25,16
dl_2125,26,West_exit,26,17
dl_2125,21,West_exit,21,14
dl_2125,22,East_exit,22,15
dl_2125,15,West_exit,15,10
dl_2125,16,East_exit,16,11
dl_2125,14,East_exit,14,10
dl_2125,18,East_exit,18,13
dl_2125,19,West_exit,19,12
dl_2125,11,East_exit,11,8
dl_2125,5,East_exit,5,4
dl_2125,6,West_exit,6,4
dl_2125,7,East_exit,7,5
dl_2125,3,East_exit,3,3
dl_2125,4,East_exit,4,3
dl_2125,9,West_exit,9,6
dl_2125,10,East_exit,10,7
dl_2125,12,West_exit,12,8
dl_2125,13,East_exit,13,9
dl_2126,17,,,
dl_2126,11,East_exit,11,8
dl_2126,24,East_exit,24,17
dl_2126,25,West_exit,25,16
dl_2126,26,West_exit,26,17
dl_2126,21,West_exit,21,14
dl_2126,22,East_exit,22,15
dl_2126,15,West_exit,15,10
dl_2126,16,East_exit,16,11
dl_2126,14,East_exit,14,10
dl_2126,18,East_exit,18,13
dl_2126,19,West_exit,19,12
dl_2126,9,West_exit,9,6
dl_2126,10,East_exit,10,7
dl_2126,12,West_exit,12,8
dl_2126,13,East_exit,13,9
dl_2126,6,West_exit,6,4
dl_2126,7,East_exit,7,5
dl_2126,5,East_exit,5,4
dl_2127,18,,,
dl_2127,11,East_exit,11,8
dl_2127,24,East_exit,24,17
dl_2127,25,West_exit,25,16
dl_2127,26,West_exit,26,17
dl_2127,21,West_exit,21,14
dl_2127,22,East_exit,22,15
dl_2127,15,West_exit,15,10
dl_2127,16,East_exit,16,11
dl_2127,14,East_exit,14,10
dl_2127,18,East_exit,18,13
dl_2127,19,West_exit,19,12
dl_2127,9,West_exit,9,6
dl_2127,10,East_exit,10,7
dl_2127,12,West_exit,12,8
dl_2127,13,East_exit,13,9
dl_2127,6,West_exit,6,4
dl_2127,7,East_exit,7,5
dl_2127,3,East_exit,3,3
dl_2127,4,East_exit,4,3
dl_2128,19,,,
dl_2128,5,East_exit,5,4
dl_2128,14,East_exit,14,10
dl_2128,12,West_exit,12,8
dl_2128,13,East_exit,13,9
dl_2128,11,East_exit,11,8
dl_2128,15,West_exit,15,10
dl_2128,16,East_exit,16,11
dl_2128,8,East_exit,8,6
dl_2128,6,West_exit,6,4
dl_2128,7,East_exit,7,5
dl_2128,9,West_exit,9,6
dl_2128,3,East_exit,3,3
dl_2128,4,East_exit,4,3
dl_2128,24,East_exit,24,17
dl_2128,25,West_exit,25,16
dl_2128,26,West_exit,26,17
dl_2128,21,West_exit,21,14
dl_2128,22,East_exit,22,15
dl_2128,18,East_exit,18,13
dl_2128,19,West_exit,19,12
dl_2129,17,,,
dl_2129,8,East_exit,8,6
dl_2129,6,West_exit,6,4
dl_2129,7,East_exit,7,5
dl_2129,5,East_exit,5,4
dl_2129,24,East_exit,24,17
dl_2129,25,West_exit,25,16
dl_2129,26,West_exit,26,17
dl_2129,21,West_exit,21,14
dl_2129,22,East_exit,22,15
dl_2129,15,West_exit,15,10
dl_2129,16,East_exit,16,11
dl_2129,14,East_exit,14,10
dl_2129,18,East_exit,18,13
dl_2129,19,West_exit,19,12
dl_2129,12,West_exit,12,8
dl_2129,13,East_exit,13,9
dl_2129,11,East_exit,11,8
dl_2129,9,West_exit,9,6
dl_2130,18,,,
dl_2130,15,West_exit,15,10
dl_2130,16,East_exit,16,11
dl_2130,14,East_exit,14,10
dl_2130,12,West_exit,12,8
dl_2130,13,East_exit,13,9
dl_2130,11,East_exit,11,8
dl_2130,8,East_exit,8,6
dl_2130,6,West_exit,6,4
dl_2130,7,East_exit,7,5
dl_2130,9,West_exit,9,6
dl_2130,3,East_exit,3,3
dl_2130,4,East_exit,4,3
dl_2130,24,East_exit,24,17
dl_2130,25,West_exit,25,16
dl_2130,26,West_exit,26,17
dl_2130,21,West_exit,21,14
dl_2130,22,East_exit,22,15
dl_2130,18,East_exit,18,13
dl_2130,19,West_exit,19,12
dl_2131,14,,,
dl_2131,24,East_exit,24,17
dl_2131,25,West_exit,25,16
dl_2131,26,West_exit,26,17
dl_2131,21,West_exit,21,14
dl_2131,22,East_exit,22,15
dl_2131,15,West_exit,15,10
dl_2131,16,East_exit,16,11
dl_2131,14,East_exit,14,10
dl_2131,18,East_exit,18,13
dl_2131,19,West_exit,19,12
dl_2131,11,East_exit,11,8
dl_2131,12,West_exit,12,8
dl_2131,13,East_exit,13,9
dl_2131,9,East_exit,9,7
dl_2131,10,East_exit,10,7
dl_2132,12,,,
dl_2132,24,East_exit,24,17
dl_2132,25,West_exit,25,16
dl_2132,26,West_exit,26,17
dl_2132,21,West_exit,21,14
dl_2132,22,East_exit,22,15
dl_2132,15,West_exit,15,10
dl_2132,16,East_exit,16,11
dl_2132,14,East_exit,14,10
dl_2132,18,East_exit,18,13
dl_2132,19,West_exit,19,12
dl_2132,12,West_exit,12,8
dl_2132,13,East_exit,13,9
dl_2132,11,East_exit,11,8
dl_2133,19,,,
dl_2133,24,East_exit,24,17
dl_2133,25,West_exit,25,16
dl_2133,26,West_exit,26,17
dl_2133,21,West_exit,21,14
dl_2133,22,East_exit,22,15
dl_2133,15,West_exit,15,10
dl_2133,16,East_exit,16,11
dl_2133,14,East_exit,14,10
dl_2133,18,East_exit,18,13
dl_2133,19,West_exit,19,12
dl_2133,5,East_exit,5,4
dl_2133,8,East_exit,8,6
dl_2133,6,West_exit,6,4
dl_2133,7,East_exit,7,5
dl_2133,12,West_exit,12,8
dl_2133,13,East_exit,13,9
dl_2133,9,West_exit,9,6
dl_2133,10,East_exit,10,7
dl_2133,3,East_exit,3,3
dl_2133,4,East_exit,4,3
dl_2134,17,,,
dl_2134,14,East_exit,14,10
dl_2134,9,West_exit,9,6
dl_2134,10,East_exit,10,7
dl_2134,8,East_exit,8,6
dl_2134,6,West_exit,6,4
dl_2134,7,East_exit,7,5
dl_2134,5,East_exit,5,4
dl_2134,24,East_exit,24,17
dl_2134,25,West_exit,25,16
dl_2134,26,West_exit,26,17
dl_2134,21,West_exit,21,14
dl_2134,22,East_exit,22,15
dl_2134,15,West_exit,15,10
dl_2134,16,East_exit,16,11
dl_2134,18,East_exit,18,13
dl_2134,19,West_exit,19,12
dl_2134,12,West_exit,12,8
dl_2134,13,East_exit,13,9
dl_2135,18,,,
dl_2135,14,East_exit,14,10
dl_2135,9,West_exit,9,6
dl_2135,10,East_exit,10,7
dl_2135,8,East_exit,8,6
dl_2135,6,West_exit,6,4
dl_2135,7,East_exit,7,5
dl_2135,24,East_exit,24,17
dl_2135,25,West_exit,25,16
dl_2135,26,West_exit,26,17
dl_2135,21,West_exit,21,14
dl_2135,22,East_exit,22,15
dl_2135,15,West_exit,15,10
dl_2135,16,East_exit,16,11
dl_2135,18,East_exit,18,13
dl_2135,19,West_exit,19,12
dl_2135,12,West_exit,12,8
dl_2135,13,East_exit,13,9
dl_2135,3,East_exit,3,3
dl_2135,4,East_exit,4,3
dl_2136,16,,,
dl_2136,8,East_exit,8,6
dl_2136,14,East_exit,14,10
dl_2136,24,East_exit,24,17
dl_2136,25,West_exit,25,16
dl_2136,26,West_exit,26,17
dl_2136,21,West_exit,21,14
dl_2136,22,East_exit,22,15
dl_2136,15,West_exit,15,10
dl_2136,16,East_exit,16,11
dl_2136,18,East_exit,18,13
dl_2136,19,West_exit,19,12
dl_2136,12,West_exit,12,8
dl_2136,13,East_exit,13,9
dl_2136,9,West_exit,9,6
dl_2136,10,East_exit,10,7
dl_2136,6,East_exit,6,5
dl_2136,7,East_exit,7,5
dl_2137,14,,,
dl_2137,14,East_exit,14,10
dl_2137,24,East_exit,24,17
dl_2137,25,West_exit,25,16
dl_2137,26,West_exit,26,17
dl_2137,21,West_exit,21,14
dl_2137,22,East_exit,22,15
dl_2137,15,West_exit,15,10
dl_2137,16,East_exit,16,11
dl_2137,18,East_exit,18,13
dl_2137,19,West_exit,19,12
dl_2137,12,West_exit,12,8
dl_2137,13,East_exit,13,9
dl_2137,9,West_exit,9,6
dl_2137,10,East_exit,10,7
dl_2137,8,East_exit,8,6
dl_2138,18,,,
dl_2138,5,East_exit,5,4
dl_2138,24,East_exit,24,17
dl_2138,25,West_exit,25,16
dl_2138,26,West_exit,26,17
dl_2138,21,West_exit,21,14
dl_2138,22,East_exit,22,15
dl_2138,15,West_exit,15,10
dl_2138,16,East_exit,16,11
dl_2138,14,East_exit,14,10
dl_2138,18,East_exit,18,13
dl_2138,19,West_exit,19,12
dl_2138,12,West_exit,12,8
dl_2138,13,East_exit,13,9
dl_2138,9,West_exit,9,6
dl_2138,10,East_exit,10,7
dl_2138,6,West_exit,6,4
dl_2138,7,East_exit,7,5
dl_2138,3,East_exit,3,3
dl_2138,4,East_exit,4,3
dl_2139,16,,,
dl_2139,24,East_exit,24,17
dl_2139,25,West_exit,25,16
dl_2139,26,West_exit,26,17
dl_2139,21,West_exit,21,14
dl_2139,22,East_exit,22,15
dl_2139,15,West_exit,15,10
dl_2139,16,East_exit,16,11
dl_2139,14,East_exit,14,10
dl_2139,18,East_exit,18,13
dl_2139,19,West_exit,19,12
dl_2139,12,West_exit,12,8
dl_2139,13,East_exit,13,9
dl_2139,9,West_exit,9,6
dl_2139,10,East_exit,10,7
dl_2139,6,West_exit,6,4
dl_2139,7,East_exit,7,5
dl_2139,5,East_exit,5,4
dl_2140,17,,,
dl_2140,14,East_exit,14,10
dl_2140,24,East_exit,24,17
dl_2140,25,West_exit,25,16
dl_2140,26,West_exit,26,17
dl_2140,21,West_exit,21,14
dl_2140,22,East_exit,22,15
dl_2140,15,West_exit,15,10
dl_2140,16,East_exit,16,11
dl_2140,18,East_exit,18,13
dl_2140,19,West_exit,19,12
dl_2140,12,West_exit,12,8
dl_2140,13,East_exit,13,9
dl_2140,9,West_exit,9,6
dl_2140,10,East_exit,10,7
dl_2140,6,West_exit,6,4
dl_2140,7,East_exit,7,5
dl_2140,3,East_exit,3,3
dl_2140,4,East_exit,4,3
dl_2141,9,,,
dl_2141,24,East_exit,24,17
dl_2141,25,West_exit,25,16
dl_2141,26,West_exit,26,17
dl_2141,21,West_exit,21,14
dl_2141,22,East_exit,22,15
dl_2141,15,West_exit,15,10
dl_2141,16,East_exit,16,11
dl_2141,14,East_exit,14,10
dl_2141,18,East_exit,18,13
dl_2141,19,West_exit,19,12
dl_2142,19,,,
dl_2142,5,East_exit,5,4
dl_2142,24,East_exit,24,17
dl_2142,25,West_exit,25,16
dl_2142,26,West_exit,26,17
dl_2142,18,East_exit,18,13
dl_2142,19,West_exit,19,12
dl_2142,21,West_exit,21,14
dl_2142,22,East_exit,22,15
dl_2142,15,West_exit,15,10
dl_2142,16,East_exit,16,11
dl_2142,8,East_exit,8,6
dl_2142,6,West_exit,6,4
dl_2142,7,East_exit,7,5
dl_2142,12,West_exit,12,8
dl_2142,13,East_exit,13,9
dl_2142,11,East_exit,11,8
dl_2142,9,West_exit,9,6
dl_2142,10,East_exit,10,7
dl_2142,3,East_exit,3,3
dl_2142,4,East_exit,4,3
dl_2143,17,,,
dl_2143,24,East_exit,24,17
dl_2143,25,West_exit,25,16
dl_2143,26,West_exit,26,17
dl_2143,18,East_exit,18,13
dl_2143,19,West_exit,19,12
dl_2143,21,West_exit,21,14
dl_2143,22,East_exit,22,15
dl_2143,15,West_exit,15,10
dl_2143,16,East_exit,16,11
dl_2143,12,West_exit,12,8
dl_2143,13,East_exit,13,9
dl_2143,11,East_exit,11,8
dl_2143,8,East_exit,8,6
dl_2143,6,West_exit,6,4
dl_2143,7,East_exit,7,5
dl_2143,5,East_exit,5,4
dl_2143,9,West_exit,9,6
dl_2143,10,East_exit,10,7
dl_2144,18,,,
dl_2144,8,East_exit,8,6
dl_2144,24,East_exit,24,17
dl_2144,25,West_exit,25,16
dl_2144,26,West_exit,26,17
dl_2144,18,East_exit,18,13
dl_2144,19,West_exit,19,12
dl_2144,21,West_exit,21,14
dl_2144,22,East_exit,22,15
dl_2144,15,West_exit,15,10
dl_2144,16,East_exit,16,11
dl_2144,12,West_exit,12,8
dl_2144,13,East_exit,13,9
dl_2144,11,East_exit,11,8
dl_2144,6,West_exit,6,4
dl_2144,7,East_exit,7,5
dl_2144,9,West_exit,9,6
dl_2144,10,East_exit,10,7
dl_2144,3,East_exit,3,3
dl_2144,4,East_exit,4,3
dl_2145,16,,,
dl_2145,8,East_exit,8,6
dl_2145,24,East_exit,24,17
dl_2145,25,West_exit,25,16
dl_2145,26,West_exit,26,17
dl_2145,18,East_exit,18,13
dl_2145,19,West_exit,19,12
dl_2145,21,West_exit,21,14
dl_2145,22,East_exit,22,15
dl_2145,15,West_exit,15,10
dl_2145,16,East_exit,16,11
dl_2145,12,West_exit,12,8
dl_2145,13,East_exit,13,9
dl_2145,11,East_exit,11,8
dl_2145,9,West_exit,9,6
dl_2145,10,East_exit,10,7
dl_2145,6,East_exit,6,5
dl_2145,7,East_exit,7,5
dl_2146,14,,,
dl_2146,24,East_exit,24,17
dl_2146,25,West_exit,25,16
dl_2146,26,West_exit,26,17
dl_2146,18,East_exit,18,13
dl_2146,19,West_exit,19,12
dl_2146,21,West_exit,21,14
dl_2146,22,East_exit,22,15
dl_2146,15,West_exit,15,10
dl_2146,16,East_exit,16,11
dl_2146,12,West_exit,12,8
dl_2146,13,East_exit,13,9
dl_2146,11,East_exit,11,8
dl_2146,9,West_exit,9,6
dl_2146,10,East_exit,10,7
dl_2146,8,East_exit,8,6
dl_2147,18,,,
dl_2147,11,East_exit,11,8
dl_2147,5,East_exit,5,4
dl_2147,6,West_exit,6,4
dl_2147,7,East_exit,7,5
dl_2147,3,East_exit,3,3
dl_2147,4,East_exit,4,3
dl_2147,15,West_exit,15,10
dl_2147,16,East_exit,16,11
dl_2147,12,West_exit,12,8
dl_2147,13,East_exit,13,9
dl_2147,9,West_exit,9,6
dl_2147,10,East_exit,10,7
dl_2147,24,East_exit,24,17
dl_2147,25,West_exit,25,16
dl_2147,26,West_exit,26,17
dl_2147,21,West_exit,21,14
dl_2147,22,East_exit,22,15
dl_2147,18,East_exit,18,13
dl_2147,19,West_exit,19,12
dl_2148,16,,,
dl_2148,11,East_exit,11,8
dl_2148,15,West_exit,15,10
dl_2148,16,East_exit,16,11
dl_2148,12,West_exit,12,8
dl_2148,13,East_exit,13,9
dl_2148,9,West_exit,9,6
dl_2148,10,East_exit,10,7
dl_2148,6,West_exit,6,4
dl_2148,7,East_exit,7,5
dl_2148,5,East_exit,5,4
dl_2148,24,East_exit,24,17
dl_2148,25,West_exit,25,16
dl_2148,26,West_exit,26,17
dl_2148,21,West_exit,21,14
dl_2148,22,East_exit,22,15
dl_2148,18,East_exit,18,13
dl_2148,19,West_exit,19,12
dl_2149,17,,,
dl_2149,24,East_exit,24,17
dl_2149,25,West_exit,25,16
dl_2149,26,West_exit,26,17
dl_2149,18,East_exit,18,13
dl_2149,19,West_exit,19,12
dl_2149,21,West_exit,21,14
dl_2149,22,East_exit,22,15
dl_2149,15,West_exit,15,10
dl_2149,16,East_exit,16,11
dl_2149,12,West_exit,12,8
dl_2149,13,East_exit,13,9
dl_2149,11,East_exit,11,8
dl_2149,9,West_exit,9,6
dl_2149,10,East_exit,10,7
dl_2149,6,West_exit,6,4
dl_2149,7,East_exit,7,5
dl_2149,3,East_exit,3,3
dl_2149,4,East_exit,4,3
dl_2150,13,,,
dl_2150,24,East_exit,24,17
dl_2150,25,West_exit,25,16
dl_2150,26,West_exit,26,17
dl_2150,18,East_exit,18,13
dl_2150,19,West_exit,19,12
dl_2150,21,West_exit,21,14
dl_2150,22,East_exit,22,15
dl_2150,11,East_exit,11,8
dl_2150,12,West_exit,12,8
dl_2150,13,East_exit,13,9
dl_2150,9,East_exit,9,7
dl_2150,10,East_exit,10,7
dl_2150,15,West_exit,15,10
dl_2150,16,East_exit,16,11
dl_2151,11,,,
dl_2151,24,East_exit,24,17
dl_2151,25,West_exit,25,16
dl_2151,26,West_exit,26,17
dl_2151,18,East_exit,18,13
dl_2151,19,West_exit,19,12
dl_2151,21,West_exit,21,14
dl_2151,22,East_exit,22,15
dl_2151,15,West_exit,15,10
dl_2151,16,East_exit,16,11
dl_2151,12,West_exit,12,8
dl_2151,13,East_exit,13,9
dl_2151,11,East_exit,11,8
dl_2152,16,,,
dl_2152,15,West_exit,15,10
dl_2152,16,East_exit,16,11
dl_2152,5,East_exit,5,4
dl_2152,8,East_exit,8,6
dl_2152,6,West_exit,6,4
dl_2152,7,East_exit,7,5
dl_2152,9,West_exit,9,6
dl_2152,10,East_exit,10,7
dl_2152,3,East_exit,3,3
dl_2152,4,East_exit,4,3
dl_2152,12,West_exit,12,8
dl_2152,13,East_exit,13,9
dl_2152,21,West_exit,21,14
dl_2152,22,East_exit,22,15
dl_2152,23,West_exit,23,15
dl_2152,18,East_exit,18,13
dl_2152,19,West_exit,19,12
dl_2153,14,,,
dl_2153,15,West_exit,15,10
dl_2153,16,East_exit,16,11
dl_2153,8,East_exit,8,6
dl_2153,6,West_exit,6,4
dl_2153,7,East_exit,7,5
dl_2153,5,East_exit,5,4
dl_2153,9,West_exit,9,6
dl_2153,10,East_exit,10,7
dl_2153,12,West_exit,12,8
dl_2153,13,East_exit,13,9
dl_2153,21,West_exit,21,14
dl_2153,22,East_exit,22,15
dl_2153,23,West_exit,23,15
dl_2153,18,East_exit,18,13
dl_2153,19,West_exit,19,12
dl_2154,15,,,
dl_2154,15,West_exit,15,10
dl_2154,16,East_exit,16,11
dl_2154,8,East_exit,8,6
dl_2154,6,West_exit,6,4
dl_2154,7,East_exit,7,5
dl_2154,9,West_exit,9,6
dl_2154,10,East_exit,10,7
dl_2154,12,West_exit,12,8
dl_2154,13,East_exit,13,9
dl_2154,21,West_exit,21,14
dl_2154,22,East_exit,22,15
dl_2154,23,West_exit,23,15
dl_2154,18,East_exit,18,13
dl_2154,19,West_exit,19,12
dl_2154,3,East_exit,3,3
dl_2154,4,East_exit,4,3
dl_2155,13,,,
dl_2155,15,West_exit,15,10
dl_2155,16,East_exit,16,11
dl_2155,12,West_exit,12,8
dl_2155,13,East_exit,13,9
dl_2155,9,West_exit,9,6
dl_2155,10,East_exit,10,7
dl_2155,8,East_exit,8,6
dl_2155,6,East_exit,6,5
dl_2155,7,East_exit,7,5
dl_2155,21,West_exit,21,14
dl_2155,22,East_exit,22,15
dl_2155,23,West_exit,23,15
dl_2155,18,East_exit,18,13
dl_2155,19,West_exit,19,12
dl_2156,11,,,
dl_2156,15,West_exit,15,10
dl_2156,16,East_exit,16,11
dl_2156,12,West_exit,12,8
dl_2156,13,East_exit,13,9
dl_2156,9,West_exit,9,6
dl_2156,10,East_exit,10,7
dl_2156,8,East_exit,8,6
dl_2156,21,West_exit,21,14
dl_2156,22,East_exit,22,15
dl_2156,23,West_exit,23,15
dl_2156,18,East_exit,18,13
dl_2156,19,West_exit,19,12
dl_2157,18,,,
dl_2157,5,East_exit,5,4
dl_2157,24,East_exit,24,17
dl_2157,25,West_exit,25,16
dl_2157,26,West_exit,26,17
dl_2157,21,West_exit,21,14
dl_2157,22,East_exit,22,15
dl_2157,15,West_exit,15,10
dl_2157,16,East_exit,16,11
dl_2157,18,East_exit,18,13
dl_2157,19,West_exit,19,12
dl_2157,8,East_exit,8,6
dl_2157,6,West_exit,6,4
dl_2157,7,East_exit,7,5
dl_2157,12,West_exit,12,8
dl_2157,13,East_exit,13,9
dl_2157,9,West_exit,9,6
dl_2157,10,East_exit,10,7
dl_2157,3,East_exit,3,3
dl_2157,4,East_exit,4,3
dl_2158,16,,,
dl_2158,24,East_exit,24,17
dl_2158,25,West_exit,25,16
dl_2158,26,West_exit,26,17
dl_2158,21,West_exit,21,14
dl_2158,22,East_exit,22,15
dl_2158,15,West_exit,15,10
dl_2158,16,East_exit,16,11
dl_2158,18,East_exit,18,13
dl_2158,19,West_exit,19,12
dl_2158,8,East_exit,8,6
dl_2158,6,West_exit,6,4
dl_2158,7,East_exit,7,5
dl_2158,5,East_exit,5,4
dl_2158,12,West_exit,12,8
dl_2158,13,East_exit,13,9
dl_2158,9,West_exit,9,6
dl_2158,10,East_exit,10,7
dl_2159,17,,,
dl_2159,24,East_exit,24,17
dl_2159,25,West_exit,25,16
dl_2159,26,West_exit,26,17
dl_2159,21,West_exit,21,14
dl_2159,22,East_exit,22,15
dl_2159,15,West_exit,15,10
dl_2159,16,East_exit,16,11
dl_2159,18,East_exit,18,13
dl_2159,19,West_exit,19,12
dl_2159,8,East_exit,8,6
dl_2159,6,West_exit,6,4
dl_2159,7,East_exit,7,5
dl_2159,9,West_exit,9,6
dl_2159,10,East_exit,10,7
dl_2159,12,West_exit,12,8
dl_2159,13,East_exit,13,9
dl_2159,3,East_exit,3,3
dl_2159,4,East_exit,4,3
dl_2160,15,,,
dl_2160,8,East_exit,8,6
dl_2160,24,East_exit,24,17
dl_2160,25,West_exit,25,16
dl_2160,26,West_exit,26,17
dl_2160,21,West_exit,21,14
dl_2160,22,East_exit,22,15
dl_2160,15,West_exit,15,10
dl_2160,16,East_exit,16,11
dl_2160,18,East_exit,18,13
dl_2160,19,West_exit,19,12
dl_2160,12,West_exit,12,8
dl_2160,13,East_exit,13,9
dl_2160,9,West_exit,9,6
dl_2160,10,East_exit,10,7
dl_2160,6,East_exit,6,5
dl_2160,7,East_exit,7,5
dl_2161,13,,,
dl_2161,24,East_exit,24,17
dl_2161,25,West_exit,25,16
dl_2161,26,West_exit,26,17
dl_2161,21,West_exit,21,14
dl_2161,22,East_exit,22,15
dl_2161,15,West_exit,15,10
dl_2161,16,East_exit,16,11
dl_2161,18,East_exit,18,13
dl_2161,19,West_exit,19,12
dl_2161,12,West_exit,12,8
dl_2161,13,East_exit,13,9
dl_2161,9,West_exit,9,6
dl_2161,10,East_exit,10,7
dl_2161,8,East_exit,8,6
dl_2162,15,,,
dl_2162,15,West_exit,15,10
dl_2162,16,East_exit,16,11
dl_2162,21,West_exit,21,14
dl_2162,22,East_exit,22,15
dl_2162,23,West_exit,23,15
dl_2162,18,East_exit,18,13
dl_2162,19,West_exit,19,12
dl_2162,5,East_exit,5,4
dl_2162,12,West_exit,12,8
dl_2162,13,East_exit,13,9
dl_2162,9,West_exit,9,6
dl_2162,10,East_exit,10,7
dl_2162,6,West_exit,6,4
dl_2162,7,East_exit,7,5
dl_2162,3,East_exit,3,3
dl_2162,4,East_exit,4,3
dl_2163,13,,,
dl_2163,15,West_exit,15,10
dl_2163,16,East_exit,16,11
dl_2163,21,West_exit,21,14
dl_2163,22,East_exit,22,15
dl_2163,23,West_exit,23,15
dl_2163,18,East_exit,18,13
dl_2163,19,West_exit,19,12
dl_2163,12,West_exit,12,8
dl_2163,13,East_exit,13,9
dl_2163,9,West_exit,9,6
dl_2163,10,East_exit,10,7
dl_2163,6,West_exit,6,4
dl_2163,7,East_exit,7,5
dl_2163,5,East_exit,5,4
dl_2164,17,,,
dl_2164,24,East_exit,24,17
dl_2164,25,West_exit,25,16
dl_2164,26,West_exit,26,17
dl_2164,18,East_exit,18,13
dl_2164,19,West_exit,19,12
dl_2164,21,West_exit,21,14
dl_2164,22,East_exit,22,15
dl_2164,15,West_exit,15,10
dl_2164,16,East_exit,16,11
dl_2164,12,West_exit,12,8
dl_2164,13,East_exit,13,9
dl_2164,5,East_exit,5,4
dl_2164,6,West_exit,6,4
dl_2164,7,East_exit,7,5
dl_2164,3,East_exit,3,3
dl_2164,4,East_exit,4,3
dl_2164,9,West_exit,9,6
dl_2164,10,East_exit,10,7
dl_2165,15,,,
dl_2165,24,East_exit,24,17
dl_2165,25,West_exit,25,16
dl_2165,26,West_exit,26,17
dl_2165,18,East_exit,18,13
dl_2165,19,West_exit,19,12
dl_2165,21,West_exit,21,14
dl_2165,22,East_exit,22,15
dl_2165,15,West_exit,15,10
dl_2165,16,East_exit,16,11
dl_2165,12,West_exit,12,8
dl_2165,13,East_exit,13,9
dl_2165,9,West_exit,9,6
dl_2165,10,East_exit,10,7
dl_2165,6,West_exit,6,4
dl_2165,7,East_exit,7,5
dl_2165,5,East_exit,5,4
dl_2166,12,,,
dl_2166,15,West_exit,15,10
dl_2166,16,East_exit,16,11
dl_2166,18,East_exit,18,13
dl_2166,19,West_exit,19,12
dl_2166,20,West_exit,20,13
dl_2166,12,West_exit,12,8
dl_2166,13,East_exit,13,9
dl_2166,9,West_exit,9,6
dl_2166,10,East_exit,10,7
dl_2166,6,West_exit,6,4
dl_2166,7,East_exit,7,5
dl_2166,3,East_exit,3,3
dl_2166,4,East_exit,4,3
dl_2167,14,,,
dl_2167,15,West_exit,15,10
dl_2167,16,East_exit,16,11
dl_2167,21,West_exit,21,14
dl_2167,22,East_exit,22,15
dl_2167,23,West_exit,23,15
dl_2167,18,East_exit,18,13
dl_2167,19,West_exit,19,12
dl_2167,12,West_exit,12,8
dl_2167,13,East_exit,13,9
dl_2167,9,West_exit,9,6
dl_2167,10,East_exit,10,7
dl_2167,6,West_exit,6,4
dl_2167,7,East_exit,7,5
dl_2167,3,East_exit,3,3
dl_2167,4,East_exit,4,3
dl_2168,16,,,
dl_2168,24,East_exit,24,17
dl_2168,25,West_exit,25,16
dl_2168,26,West_exit,26,17
dl_2168,21,West_exit,21,14
dl_2168,22,East_exit,22,15
dl_2168,15,West_exit,15,10
dl_2168,16,East_exit,16,11
dl_2168,18,East_exit,18,13
dl_2168,19,West_exit,19,12
dl_2168,12,West_exit,12,8
dl_2168,13,East_exit,13,9
dl_2168,9,West_exit,9,6
dl_2168,10,East_exit,10,7
dl_2168,6,West_exit,6,4
dl_2168,7,East_exit,7,5
dl_2168,3,East_exit,3,3
dl_2168,4,East_exit,4,3
dl_2169,15,,,
dl_2169,5,East_exit,5,4
dl_2169,14,East_exit,14,10
dl_2169,12,West_exit,12,8
dl_2169,13,East_exit,13,9
dl_2169,11,East_exit,11,8
dl_2169,15,West_exit,15,10
dl_2169,9,West_exit,9,6
dl_2169,10,East_exit,10,7
dl_2169,8,East_exit,8,6
dl_2169,6,West_exit,6,4
dl_2169,7,East_exit,7,5
dl_2169,3,East_exit,3,3
dl_2169,4,East_exit,4,3
dl_2169,18,East_exit,18,13
dl_2169,19,West_exit,19,12
dl_2169,20,West_exit,20,13
dl_2170,13,,,
dl_2170,14,East_exit,14,10
dl_2170,12,West_exit,12,8
dl_2170,13,East_exit,13,9
dl_2170,11,East_exit,11,8
dl_2170,15,West_exit,15,10
dl_2170,9,West_exit,9,6
dl_2170,10,East_exit,10,7
dl_2170,8,East_exit,8,6
dl_2170,6,West_exit,6,4
dl_2170,7,East_exit,7,5
dl_2170,5,East_exit,5,4
dl_2170,18,East_exit,18,13
dl_2170,19,West_exit,19,12
dl_2170,20,West_exit,20,13
dl_2171,14,,,
dl_2171,14,East_exit,14,10
dl_2171,12,West_exit,12,8
dl_2171,13,East_exit,13,9
dl_2171,11,East_exit,11,8
dl_2171,15,West_exit,15,10
dl_2171,9,West_exit,9,6
dl_2171,10,East_exit,10,7
dl_2171,8,East_exit,8,6
dl_2171,6,West_exit,6,4
dl_2171,7,East_exit,7,5
dl_2171,18,East_exit,18,13
dl_2171,19,West_exit,19,12
dl_2171,20,West_exit,20,13
dl_2171,3,East_exit,3,3
dl_2171,4,East_exit,4,3
dl_2172,14,,,
dl_2172,5,East_exit,5,4
dl_2172,14,East_exit,14,10
dl_2172,12,West_exit,12,8
dl_2172,13,East_exit,13,9
dl_2172,11,East_exit,11,8
dl_2172,15,West_exit,15,10
dl_2172,6,West_exit,6,4
dl_2172,9,West_exit,9,6
dl_2172,10,East_exit,10,7
dl_2172,8,East_exit,8,6
dl_2172,3,East_exit,3,3
dl_2172,4,East_exit,4,3
dl_2172,18,East_exit,18,13
dl_2172,19,West_exit,19,12
dl_2172,20,West_exit,20,13
dl_2173,12,,,
dl_2173,8,East_exit,8,6
dl_2173,14,East_exit,14,10
dl_2173,12,West_exit,12,8
dl_2173,13,East_exit,13,9
dl_2173,11,East_exit,11,8
dl_2173,15,West_exit,15,10
dl_2173,9,West_exit,9,6
dl_2173,10,East_exit,10,7
dl_2173,6,East_exit,6,5
dl_2173,7,East_exit,7,5
dl_2173,18,East_exit,18,13
dl_2173,19,West_exit,19,12
dl_2173,20,West_exit,20,13
dl_2174,10,,,
dl_2174,14,East_exit,14,10
dl_2174,12,West_exit,12,8
dl_2174,13,East_exit,13,9
dl_2174,11,East_exit,11,8
dl_2174,15,West_exit,15,10
dl_2174,9,West_exit,9,6
dl_2174,10,East_exit,10,7
dl_2174,8,East_exit,8,6
dl_2174,18,East_exit,18,13
dl_2174,19,West_exit,19,12
dl_2174,20,West_exit,20,13
dl_2175,14,,,
dl_2175,14,East_exit,14,10
dl_2175,12,West_exit,12,8
dl_2175,13,East_exit,13,9
dl_2175,11,East_exit,11,8
dl_2175,15,West_exit,15,10
dl_2175,5,East_exit,5,4
dl_2175,9,West_exit,9,6
dl_2175,10,East_exit,10,7
dl_2175,6,West_exit,6,4
dl_2175,7,East_exit,7,5
dl_2175,3,East_exit,3,3
dl_2175,4,East_exit,4,3
dl_2175,18,East_exit,18,13
dl_2175,19,West_exit,19,12
dl_2175,20,West_exit,20,13
dl_2176,12,,,
dl_2176,14,East_exit,14,10
dl_2176,12,West_exit,12,8
dl_2176,13,East_exit,13,9
dl_2176,11,East_exit,11,8
dl_2176,15,West_exit,15,10
dl_2176,9,West_exit,9,6
dl_2176,10,East_exit,10,7
dl_2176,6,West_exit,6,4
dl_2176,7,East_exit,7,5
dl_2176,5,East_exit,5,4
dl_2176,18,East_exit,18,13
dl_2176,19,West_exit,19,12
dl_2176,20,West_exit,20,13
dl_2177,13,,,
dl_2177,14,East_exit,14,10
dl_2177,12,West_exit,12,8
dl_2177,13,East_exit,13,9
dl_2177,11,East_exit,11,8
dl_2177,15,West_exit,15,10
dl_2177,9,West_exit,9,6
dl_2177,10,East_exit,10,7
dl_2177,6,West_exit,6,4
dl_2177,7,East_exit,7,5
dl_2177,18,East_exit,18,13
dl_2177,19,West_exit,19,12
dl_2177,20,West_exit,20,13
dl_2177,3,East_exit,3,3
dl_2177,4,East_exit,4,3
dl_2178,14,,,
dl_2178,5,East_exit,5,4
dl_2178,14,East_exit,14,10
dl_2178,12,West_exit,12,8
dl_2178,13,East_exit,13,9
dl_2178,11,East_exit,11,8
dl_2178,15,West_exit,15,10
dl_2178,8,East_exit,8,6
dl_2178,6,West_exit,6,4
dl_2178,7,East_exit,7,5
dl_2178,9,West_exit,9,6
dl_2178,3,East_exit,3,3
dl_2178,4,East_exit,4,3
dl_2178,18,East_exit,18,13
dl_2178,19,West_exit,19,12
dl_2178,20,West_exit,20,13
dl_2179,12,,,
dl_2179,14,East_exit,14,10
dl_2179,12,West_exit,12,8
dl_2179,13,East_exit,13,9
dl_2179,11,East_exit,11,8
dl_2179,15,West_exit,15,10
dl_2179,8,East_exit,8,6
dl_2179,6,West_exit,6,4
dl_2179,7,East_exit,7,5
dl_2179,5,East_exit,5,4
dl_2179,9,West_exit,9,6
dl_2179,18,East_exit,18,13
dl_2179,19,West_exit,19,12
dl_2179,20,West_exit,20,13
dl_2180,13,,,
dl_2180,14,East_exit,14,10
dl_2180,12,West_exit,12,8
dl_2180,13,East_exit,13,9
dl_2180,11,East_exit,11,8
dl_2180,15,West_exit,15,10
dl_2180,8,East_exit,8,6
dl_2180,6,West_exit,6,4
dl_2180,7,East_exit,7,5
dl_2180,9,West_exit,9,6
dl_2180,18,East_exit,18,13
dl_2180,19,West_exit,19,12
dl_2180,20,West_exit,20,13
dl_2180,3,East_exit,3,3
dl_2180,4,East_exit,4,3
dl_2181,7,,,
dl_2181,14,East_exit,14,10
dl_2181,12,West_exit,12,8
dl_2181,13,East_exit,13,9
dl_2181,11,East_exit,11,8
dl_2181,15,West_exit,15,10
dl_2181,18,East_exit,18,13
dl_2181,19,West_exit,19,12
dl_2181,20,West_exit,20,13
dl_2182,17,,,
dl_2182,14,East_exit,14,10
dl_2182,12,West_exit,12,8
dl_2182,13,East_exit,13,9
dl_2182,11,East_exit,11,8
dl_2182,15,West_exit,15,10
dl_2182,9,West_exit,9,6
dl_2182,10,East_exit,10,7
dl_2182,8,East_exit,8,6
dl_2182,6,West_exit,6,4
dl_2182,7,East_exit,7,5
dl_2182,5,East_exit,5,4
dl_2182,3,East_exit,3,3
dl_2182,4,East_exit,4,3
dl_2182,21,West_exit,21,14
dl_2182,22,East_exit,22,15
dl_2182,23,West_exit,23,15
dl_2182,18,East_exit,18,13
dl_2182,19,West_exit,19,12
dl_2183,15,,,
dl_2183,14,East_exit,14,10
dl_2183,12,West_exit,12,8
dl_2183,13,East_exit,13,9
dl_2183,11,East_exit,11,8
dl_2183,15,West_exit,15,10
dl_2183,9,West_exit,9,6
dl_2183,10,East_exit,10,7
dl_2183,8,East_exit,8,6
dl_2183,6,West_exit,6,4
dl_2183,7,East_exit,7,5
dl_2183,5,East_exit,5,4
dl_2183,21,West_exit,21,14
dl_2183,22,East_exit,22,15
dl_2183,23,West_exit,23,15
dl_2183,18,East_exit,18,13
dl_2183,19,West_exit,19,12
dl_2184,16,,,
dl_2184,14,East_exit,14,10
dl_2184,12,West_exit,12,8
dl_2184,13,East_exit,13,9
dl_2184,11,East_exit,11,8
dl_2184,15,West_exit,15,10
dl_2184,9,West_exit,9,6
dl_2184,10,East_exit,10,7
dl_2184,8,East_exit,8,6
dl_2184,6,West_exit,6,4
dl_2184,7,East_exit,7,5
dl_2184,21,West_exit,21,14
dl_2184,22,East_exit,22,15
dl_2184,23,West_exit,23,15
dl_2184,18,East_exit,18,13
dl_2184,19,West_exit,19,12
dl_2184,3,East_exit,3,3
dl_2184,4,East_exit,4,3
dl_2185,16,,,
dl_2185,14,East_exit,14,10
dl_2185,12,West_exit,12,8
dl_2185,13,East_exit,13,9
dl_2185,11,East_exit,11,8
dl_2185,15,West_exit,15,10
dl_2185,5,East_exit,5,4
dl_2185,6,West_exit,6,4
dl_2185,9,West_exit,9,6
dl_2185,10,East_exit,10,7
dl_2185,8,East_exit,8,6
dl_2185,3,East_exit,3,3
dl_2185,4,East_exit,4,3
dl_2185,21,West_exit,21,14
dl_2185,22,East_exit,22,15
dl_2185,23,West_exit,23,15
dl_2185,18,East_exit,18,13
dl_2185,19,West_exit,19,12
dl_2186,14,,,
dl_2186,14,East_exit,14,10
dl_2186,12,West_exit,12,8
dl_2186,13,East_exit,13,9
dl_2186,11,East_exit,11,8
dl_2186,15,West_exit,15,10
dl_2186,8,East_exit,8,6
dl_2186,9,West_exit,9,6
dl_2186,10,East_exit,10,7
dl_2186,6,East_exit,6,5
dl_2186,7,East_exit,7,5
dl_2186,21,West_exit,21,14
dl_2186,22,East_exit,22,15
dl_2186,23,West_exit,23,15
dl_2186,18,East_exit,18,13
dl_2186,19,West_exit,19,12
dl_2187,12,,,
dl_2187,14,East_exit,14,10
dl_2187,12,West_exit,12,8
dl_2187,13,East_exit,13,9
dl_2187,11,East_exit,11,8
dl_2187,15,West_exit,15,10
dl_2187,9,West_exit,9,6
dl_2187,10,East_exit,10,7
dl_2187,8,East_exit,8,6
dl_2187,21,West_exit,21,14
dl_2187,22,East_exit,22,15
dl_2187,23,West_exit,23,15
dl_2187,18,East_exit,18,13
dl_2187,19,West_exit,19,12
dl_2188,16,,,
dl_2188,14,East_exit,14,10
dl_2188,12,West_exit,12,8
dl_2188,13,East_exit,13,9
dl_2188,11,East_exit,11,8
dl_2188,15,West_exit,15,10
dl_2188,5,East_exit,5,4
dl_2188,9,West_exit,9,6
dl_2188,10,East_exit,10,7
dl_2188,6,West_exit,6,4
dl_2188,7,East_exit,7,5
dl_2188,3,East_exit,3,3
dl_2188,4,East_exit,4,3
dl_2188,21,West_exit,21,14
dl_2188,22,East_exit,22,15
dl_2188,23,West_exit,23,15
dl_2188,18,East_exit,18,13
dl_2188,19,West_exit,19,12
dl_2189,14,,,
dl_2189,14,East_exit,14,10
dl_2189,12,West_exit,12,8
dl_2189,13,East_exit,13,9
dl_2189,11,East_exit,11,8
dl_2189,15,West_exit,15,10
dl_2189,9,West_exit,9,6
dl_2189,10,East_exit,10,7
dl_2189,6,West_exit,6,4
dl_2189,7,East_exit,7,5
dl_2189,5,East_exit,5,4
dl_2189,21,West_exit,21,14
dl_2189,22,East_exit,22,15
dl_2189,23,West_exit,23,15
dl_2189,18,East_exit,18,13
dl_2189,19,West_exit,19,12
dl_2190,15,,,
dl_2190,14,East_exit,14,10
dl_2190,12,West_exit,12,8
dl_2190,13,East_exit,13,9
dl_2190,11,East_exit,11,8
dl_2190,15,West_exit,15,10
dl_2190,9,West_exit,9,6
dl_2190,10,East_exit,10,7
dl_2190,6,West_exit,6,4
dl_2190,7,East_exit,7,5
dl_2190,21,West_exit,21,14
dl_2190,22,East_exit,22,15
dl_2190,23,West_exit,23,15
dl_2190,18,East_exit,18,13
dl_2190,19,West_exit,19,12
dl_2190,3,East_exit,3,3
dl_2190,4,East_exit,4,3
dl_2191,16,,,
dl_2191,14,East_exit,14,10
dl_2191,12,West_exit,12,8
dl_2191,13,East_exit,13,9
dl_2191,11,East_exit,11,8
dl_2191,15,West_exit,15,10
dl_2191,5,East_exit,5,4
dl_2191,8,East_exit,8,6
dl_2191,6,West_exit,6,4
dl_2191,7,East_exit,7,5
dl_2191,9,West_exit,9,6
dl_2191,3,East_exit,3,3
dl_2191,4,East_exit,4,3
dl_2191,21,West_exit,21,14
dl_2191,22,East_exit,22,15
dl_2191,23,West_exit,23,15
dl_2191,18,East_exit,18,13
dl_2191,19,West_exit,19,12
dl_2192,14,,,
dl_2192,14,East_exit,14,10
dl_2192,12,West_exit,12,8
dl_2192,13,East_exit,13,9
dl_2192,11,East_exit,11,8
dl_2192,15,West_exit,15,10
dl_2192,8,East_exit,8,6
dl_2192,6,West_exit,6,4
dl_2192,7,East_exit,7,5
dl_2192,5,East_exit,5,4
dl_2192,9,West_exit,9,6
dl_2192,21,West_exit,21,14
dl_2192,22,East_exit,22,15
dl_2192,23,West_exit,23,15
dl_2192,18,East_exit,18,13
dl_2192,19,West_exit,19,12
dl_2193,15,,,
dl_2193,14,East_exit,14,10
dl_2193,12,West_exit,12,8
dl_2193,13,East_exit,13,9
dl_2193,11,East_exit,11,8
dl_2193,15,West_exit,15,10
dl_2193,8,East_exit,8,6
dl_2193,6,West_exit,6,4
dl_2193,7,East_exit,7,5
dl_2193,9,West_exit,9,6
dl_2193,21,West_exit,21,14
dl_2193,22,East_exit,22,15
dl_2193,23,West_exit,23,15
dl_2193,18,East_exit,18,13
dl_2193,19,West_exit,19,12
dl_2193,3,East_exit,3,3
dl_2193,4,East_exit,4,3
dl_2194,9,,,
dl_2194,21,West_exit,21,14
dl_2194,22,East_exit,22,15
dl_2194,23,West_exit,23,15
dl_2194,14,East_exit,14,10
dl_2194,12,West_exit,12,8
dl_2194,13,East_exit,13,9
dl_2194,11,East_exit,11,8
dl_2194,15,West_exit,15,10
dl_2194,18,East_exit,18,13
dl_2194,19,West_exit,19,12
dl_2195,19,,,
dl_2195,24,East_exit,24,17
dl_2195,25,West_exit,25,16
dl_2195,26,West_exit,26,17
dl_2195,21,West_exit,21,14
dl_2195,22,East_exit,22,15
dl_2195,5,East_exit,5,4
dl_2195,14,East_exit,14,10
dl_2195,12,West_exit,12,8
dl_2195,13,East_exit,13,9
dl_2195,11,East_exit,11,8
dl_2195,15,West_exit,15,10
dl_2195,9,West_exit,9,6
dl_2195,10,East_exit,10,7
dl_2195,8,East_exit,8,6
dl_2195,6,West_exit,6,4
dl_2195,7,East_exit,7,5
dl_2195,3,East_exit,3,3
dl_2195,4,East_exit,4,3
dl_2195,18,East_exit,18,13
dl_2195,19,West_exit,19,12
dl_2196,17,,,
dl_2196,24,East_exit,24,17
dl_2196,25,West_exit,25,16
dl_2196,26,West_exit,26,17
dl_2196,21,West_exit,21,14
dl_2196,22,East_exit,22,15
dl_2196,14,East_exit,14,10
dl_2196,12,West_exit,12,8
dl_2196,13,East_exit,13,9
dl_2196,11,East_exit,11,8
dl_2196,15,West_exit,15,10
dl_2196,9,West_exit,9,6
dl_2196,10,East_exit,10,7
dl_2196,8,East_exit,8,6
dl_2196,6,West_exit,6,4
dl_2196,7,East_exit,7,5
dl_2196,5,East_exit,5,4
dl_2196,18,East_exit,18,13
dl_2196,19,West_exit,19,12
dl_2197,18,,,
dl_2197,24,East_exit,24,17
dl_2197,25,West_exit,25,16
dl_2197,26,West_exit,26,17
dl_2197,21,West_exit,21,14
dl_2197,22,East_exit,22,15
dl_2197,14,East_exit,14,10
dl_2197,12,West_exit,12,8
dl_2197,13,East_exit,13,9
dl_2197,11,East_exit,11,8
dl_2197,15,West_exit,15,10
dl_2197,9,West_exit,9,6
dl_2197,10,East_exit,10,7
dl_2197,8,East_exit,8,6
dl_2197,6,West_exit,6,4
dl_2197,7,East_exit,7,5
dl_2197,18,East_exit,18,13
dl_2197,19,West_exit,19,12
dl_2197,3,East_exit,3,3
dl_2197,4,East_exit,4,3
dl_2198,18,,,
dl_2198,5,East_exit,5,4
dl_2198,14,East_exit,14,10
dl_2198,12,West_exit,12,8
dl_2198,13,East_exit,13,9
dl_2198,11,East_exit,11,8
dl_2198,15,West_exit,15,10
dl_2198,6,West_exit,6,4
dl_2198,9,West_exit,9,6
dl_2198,10,East_exit,10,7
dl_2198,8,East_exit,8,6
dl_2198,3,East_exit,3,3
dl_2198,4,East_exit,4,3
dl_2198,24,East_exit,24,17
dl_2198,25,West_exit,25,16
dl_2198,26,West_exit,26,17
dl_2198,21,West_exit,21,14
dl_2198,22,East_exit,22,15
dl_2198,18,East_exit,18,13
dl_2198,19,West_exit,19,12
dl_2199,16,,,
dl_2199,24,East_exit,24,17
dl_2199,25,West_exit,25,16
dl_2199,26,West_exit,26,17
dl_2199,21,West_exit,21,14
dl_2199,22,East_exit,22,15
dl_2199,8,East_exit,8,6
dl_2199,14,East_exit,14,10
dl_2199,12,West_exit,12,8
dl_2199,13,East_exit,13,9
dl_2199,11,East_exit,11,8
dl_2199,15,West_exit,15,10
dl_2199,9,West_exit,9,6
dl_2199,10,East_exit,10,7
dl_2199,6,East_exit,6,5
dl_2199,7,East_exit,7,5
dl_2199,18,East_exit,18,13
dl_2199,19,West_exit,19,12
dl_2200,14,,,
dl_2200,24,East_exit,24,17
dl_2200,25,West_exit,25,16
dl_2200,26,West_exit,26,17
dl_2200,21,West_exit,21,14
dl_2200,22,East_exit,22,15
dl_2200,14,East_exit,14,10
dl_2200,12,West_exit,12,8
dl_2200,13,East_exit,13,9
dl_2200,11,East_exit,11,8
dl_2200,15,West_exit,15,10
dl_2200,9,West_exit,9,6
dl_2200,10,East_exit,10,7
dl_2200,8,East_exit,8,6
dl_2200,18,East_exit,18,13
dl_2200,19,West_exit,19,12
dl_2201,18,,,
dl_2201,24,East_exit,24,17
dl_2201,25,West_exit,25,16
dl_2201,26,West_exit,26,17
dl_2201,21,West_exit,21,14
dl_2201,22,East_exit,22,15
dl_2201,14,East_exit,14,10
dl_2201,12,West_exit,12,8
dl_2201,13,East_exit,13,9
dl_2201,11,East_exit,11,8
dl_2201,15,West_exit,15,10
dl_2201,5,East_exit,5,4
dl_2201,9,West_exit,9,6
dl_2201,10,East_exit,10,7
dl_2201,6,West_exit,6,4
dl_2201,7,East_exit,7,5
dl_2201,3,East_exit,3,3
dl_2201,4,East_exit,4,3
dl_2201,18,East_exit,18,13
dl_2201,19,West_exit,19,12
dl_2202,16,,,
dl_2202,24,East_exit,24,17
dl_2202,25,West_exit,25,16
dl_2202,26,West_exit,26,17
dl_2202,21,West_exit,21,14
dl_2202,22,East_exit,22,15
dl_2202,14,East_exit,14,10
dl_2202,12,West_exit,12,8
dl_2202,13,East_exit,13,9
dl_2202,11,East_exit,11,8
dl_2202,15,West_exit,15,10
dl_2202,9,West_exit,9,6
dl_2202,10,East_exit,10,7
dl_2202,6,West_exit,6,4
dl_2202,7,East_exit,7,5
dl_2202,5,East_exit,5,4
dl_2202,18,East_exit,18,13
dl_2202,19,West_exit,19,12
dl_2203,17,,,
dl_2203,14,East_exit,14,10
dl_2203,12,West_exit,12,8
dl_2203,13,East_exit,13,9
dl_2203,11,East_exit,11,8
dl_2203,15,West_exit,15,10
dl_2203,9,West_exit,9,6
dl_2203,10,East_exit,10,7
dl_2203,6,West_exit,6,4
dl_2203,7,East_exit,7,5
dl_2203,3,East_exit,3,3
dl_2203,4,East_exit,4,3
dl_2203,24,East_exit,24,17
dl_2203,25,West_exit,25,16
dl_2203,26,West_exit,26,17
dl_2203,21,West_exit,21,14
dl_2203,22,East_exit,22,15
dl_2203,18,East_exit,18,13
dl_2203,19,West_exit,19,12
dl_2204,18,,,
dl_2204,14,East_exit,14,10
dl_2204,12,West_exit,12,8
dl_2204,13,East_exit,13,9
dl_2204,11,East_exit,11,8
dl_2204,15,West_exit,15,10
dl_2204,5,East_exit,5,4
dl_2204,8,East_exit,8,6
dl_2204,6,West_exit,6,4
dl_2204,7,East_exit,7,5
dl_2204,9,West_exit,9,6
dl_2204,3,East_exit,3,3
dl_2204,4,East_exit,4,3
dl_2204,24,East_exit,24,17
dl_2204,25,West_exit,25,16
dl_2204,26,West_exit,26,17
dl_2204,21,West_exit,21,14
dl_2204,22,East_exit,22,15
dl_2204,18,East_exit,18,13
dl_2204,19,West_exit,19,12
dl_2205,16,,,
dl_2205,14,East_exit,14,10
dl_2205,12,West_exit,12,8
dl_2205,13,East_exit,13,9
dl_2205,11,East_exit,11,8
dl_2205,15,West_exit,15,10
dl_2205,8,East_exit,8,6
dl_2205,6,West_exit,6,4
dl_2205,7,East_exit,7,5
dl_2205,5,East_exit,5,4
dl_2205,9,West_exit,9,6
dl_2205,24,East_exit,24,17
dl_2205,25,West_exit,25,16
dl_2205,26,West_exit,26,17
dl_2205,21,West_exit,21,14
dl_2205,22,East_exit,22,15
dl_2205,18,East_exit,18,13
dl_2205,19,West_exit,19,12
dl_2206,17,,,
dl_2206,14,East_exit,14,10
dl_2206,12,West_exit,12,8
dl_2206,13,East_exit,13,9
dl_2206,11,East_exit,11,8
dl_2206,15,West_exit,15,10
dl_2206,8,East_exit,8,6
dl_2206,6,West_exit,6,4
dl_2206,7,East_exit,7,5
dl_2206,9,West_exit,9,6
dl_2206,24,East_exit,24,17
dl_2206,25,West_exit,25,16
dl_2206,26,West_exit,26,17
dl_2206,21,West_exit,21,14
dl_2206,22,East_exit,22,15
dl_2206,18,East_exit,18,13
dl_2206,19,West_exit,19,12
dl_2206,3,East_exit,3,3
dl_2206,4,East_exit,4,3
dl_2207,11,,,
dl_2207,14,East_exit,14,10
dl_2207,12,West_exit,12,8
dl_2207,13,East_exit,13,9
dl_2207,11,East_exit,11,8
dl_2207,15,West_exit,15,10
dl_2207,24,East_exit,24,17
dl_2207,25,West_exit,25,16
dl_2207,26,West_exit,26,17
dl_2207,21,West_exit,21,14
dl_2207,22,East_exit,22,15
dl_2207,18,East_exit,18,13
dl_2207,19,West_exit,19,12
dl_2208,14,,,
dl_2208,14,East_exit,14,10
dl_2208,9,West_exit,9,6
dl_2208,10,East_exit,10,7
dl_2208,8,East_exit,8,6
dl_2208,6,West_exit,6,4
dl_2208,7,East_exit,7,5
dl_2208,5,East_exit,5,4
dl_2208,3,East_exit,3,3
dl_2208,4,East_exit,4,3
dl_2208,15,West_exit,15,10
dl_2208,12,West_exit,12,8
dl_2208,13,East_exit,13,9
dl_2208,18,East_exit,18,13
dl_2208,19,West_exit,19,12
dl_2208,20,West_exit,20,13
dl_2209,12,,,
dl_2209,14,East_exit,14,10
dl_2209,9,West_exit,9,6
dl_2209,10,East_exit,10,7
dl_2209,8,East_exit,8,6
dl_2209,6,West_exit,6,4
dl_2209,7,East_exit,7,5
dl_2209,5,East_exit,5,4
dl_2209,15,West_exit,15,10
dl_2209,12,West_exit,12,8
dl_2209,13,East_exit,13,9
dl_2209,18,East_exit,18,13
dl_2209,19,West_exit,19,12
dl_2209,20,West_exit,20,13
dl_2210,13,,,
dl_2210,14,East_exit,14,10
dl_2210,9,West_exit,9,6
dl_2210,10,East_exit,10,7
dl_2210,8,East_exit,8,6
dl_2210,6,West_exit,6,4
dl_2210,7,East_exit,7,5
dl_2210,15,West_exit,15,10
dl_2210,12,West_exit,12,8
dl_2210,13,East_exit,13,9
dl_2210,3,East_exit,3,3
dl_2210,4,East_exit,4,3
dl_2210,18,East_exit,18,13
dl_2210,19,West_exit,19,12
dl_2210,20,West_exit,20,13
dl_2211,11,,,
dl_2211,14,East_exit,14,10
dl_2211,9,West_exit,9,6
dl_2211,10,East_exit,10,7
dl_2211,8,East_exit,8,6
dl_2211,6,East_exit,6,5
dl_2211,7,East_exit,7,5
dl_2211,15,West_exit,15,10
dl_2211,12,West_exit,12,8
dl_2211,13,East_exit,13,9
dl_2211,18,East_exit,18,13
dl_2211,19,West_exit,19,12
dl_2211,20,West_exit,20,13
dl_2212,9,,,
dl_2212,14,East_exit,14,10
dl_2212,9,West_exit,9,6
dl_2212,10,East_exit,10,7
dl_2212,8,East_exit,8,6
dl_2212,15,West_exit,15,10
dl_2212,12,West_exit,12,8
dl_2212,13,East_exit,13,9
dl_2212,18,East_exit,18,13
dl_2212,19,West_exit,19,12
dl_2212,20,West_exit,20,13
dl_2213,13,,,
dl_2213,14,East_exit,14,10
dl_2213,12,West_exit,12,8
dl_2213,13,East_exit,13,9
dl_2213,15,West_exit,15,10
dl_2213,18,East_exit,18,13
dl_2213,19,West_exit,19,12
dl_2213,20,West_exit,20,13
dl_2213,5,East_exit,5,4
dl_2213,6,West_exit,6,4
dl_2213,7,East_exit,7,5
dl_2213,3,East_exit,3,3
dl_2213,4,East_exit,4,3
dl_2213,9,West_exit,9,6
dl_2213,10,East_exit,10,7
dl_2214,11,,,
dl_2214,14,East_exit,14,10
dl_2214,12,West_exit,12,8
dl_2214,13,East_exit,13,9
dl_2214,15,West_exit,15,10
dl_2214,18,East_exit,18,13
dl_2214,19,West_exit,19,12
dl_2214,20,West_exit,20,13
dl_2214,6,West_exit,6,4
dl_2214,7,East_exit,7,5
dl_2214,5,East_exit,5,4
dl_2214,9,West_exit,9,6
dl_2214,10,East_exit,10,7
dl_2215,12,,,
dl_2215,14,East_exit,14,10
dl_2215,12,West_exit,12,8
dl_2215,13,East_exit,13,9
dl_2215,15,West_exit,15,10
dl_2215,18,East_exit,18,13
dl_2215,19,West_exit,19,12
dl_2215,20,West_exit,20,13
dl_2215,6,West_exit,6,4
dl_2215,7,East_exit,7,5
dl_2215,9,West_exit,9,6
dl_2215,10,East_exit,10,7
dl_2215,3,East_exit,3,3
dl_2215,4,East_exit,4,3
dl_2216,16,,,
dl_2216,14,East_exit,14,10
dl_2216,9,West_exit,9,6
dl_2216,10,East_exit,10,7
dl_2216,8,East_exit,8,6
dl_2216,6,West_exit,6,4
dl_2216,7,East_exit,7,5
dl_2216,5,East_exit,5,4
dl_2216,3,East_exit,3,3
dl_2216,4,East_exit,4,3
dl_2216,15,West_exit,15,10
dl_2216,12,West_exit,12,8
dl_2216,13,East_exit,13,9
dl_2216,21,West_exit,21,14
dl_2216,22,East_exit,22,15
dl_2216,23,West_exit,23,15
dl_2216,18,East_exit,18,13
dl_2216,19,West_exit,19,12
dl_2217,14,,,
dl_2217,14,East_exit,14,10
dl_2217,9,West_exit,9,6
dl_2217,10,East_exit,10,7
dl_2217,8,East_exit,8,6
dl_2217,6,West_exit,6,4
dl_2217,7,East_exit,7,5
dl_2217,5,East_exit,5,4
dl_2217,15,West_exit,15,10
dl_2217,12,West_exit,12,8
dl_2217,13,East_exit,13,9
dl_2217,21,West_exit,21,14
dl_2217,22,East_exit,22,15
dl_2217,23,West_exit,23,15
dl_2217,18,East_exit,18,13
dl_2217,19,West_exit,19,12
dl_2218,15,,,
dl_2218,14,East_exit,14,10
dl_2218,9,West_exit,9,6
dl_2218,10,East_exit,10,7
dl_2218,8,East_exit,8,6
dl_2218,6,West_exit,6,4
dl_2218,7,East_exit,7,5
dl_2218,15,West_exit,15,10
dl_2218,12,West_exit,12,8
dl_2218,13,East_exit,13,9
dl_2218,3,East_exit,3,3
dl_2218,4,East_exit,4,3
dl_2218,21,West_exit,21,14
dl_2218,22,East_exit,22,15
dl_2218,23,West_exit,23,15
dl_2218,18,East_exit,18,13
dl_2218,19,West_exit,19,12
dl_2219,13,,,
dl_2219,14,East_exit,14,10
dl_2219,8,East_exit,8,6
dl_2219,9,West_exit,9,6
dl_2219,10,East_exit,10,7
dl_2219,6,East_exit,6,5
dl_2219,7,East_exit,7,5
dl_2219,15,West_exit,15,10
dl_2219,12,West_exit,12,8
dl_2219,13,East_exit,13,9
dl_2219,21,West_exit,21,14
dl_2219,22,East_exit,22,15
dl_2219,23,West_exit,23,15
dl_2219,18,East_exit,18,13
dl_2219,19,West_exit,19,12
dl_2220,11,,,
dl_2220,14,East_exit,14,10
dl_2220,9,West_exit,9,6
dl_2220,10,East_exit,10,7
dl_2220,8,East_exit,8,6
dl_2220,15,West_exit,15,10
dl_2220,12,West_exit,12,8
dl_2220,13,East_exit,13,9
dl_2220,21,West_exit,21,14
dl_2220,22,East_exit,22,15
dl_2220,23,West_exit,23,15
dl_2220,18,East_exit,18,13
dl_2220,19,West_exit,19,12
dl_2221,15,,,
dl_2221,5,East_exit,5,4
dl_2221,14,East_exit,14,10
dl_2221,12,West_exit,12,8
dl_2221,13,East_exit,13,9
dl_2221,15,West_exit,15,10
dl_2221,9,West_exit,9,6
dl_2221,10,East_exit,10,7
dl_2221,6,West_exit,6,4
dl_2221,7,East_exit,7,5
dl_2221,3,East_exit,3,3
dl_2221,4,East_exit,4,3
dl_2221,21,West_exit,21,14
dl_2221,22,East_exit,22,15
dl_2221,23,West_exit,23,15
dl_2221,18,East_exit,18,13
dl_2221,19,West_exit,19,12
dl_2222,13,,,
dl_2222,14,East_exit,14,10
dl_2222,12,West_exit,12,8
dl_2222,13,East_exit,13,9
dl_2222,15,West_exit,15,10
dl_2222,9,West_exit,9,6
dl_2222,10,East_exit,10,7
dl_2222,6,West_exit,6,4
dl_2222,7,East_exit,7,5
dl_2222,5,East_exit,5,4
dl_2222,21,West_exit,21,14
dl_2222,22,East_exit,22,15
dl_2222,23,West_exit,23,15
dl_2222,18,East_exit,18,13
dl_2222,19,West_exit,19,12
dl_2223,18,,,
dl_2223,24,East_exit,24,17
dl_2223,25,West_exit,25,16
dl_2223,26,West_exit,26,17
dl_2223,21,West_exit,21,14
dl_2223,22,East_exit,22,15
dl_2223,14,East_exit,14,10
dl_2223,9,West_exit,9,6
dl_2223,10,East_exit,10,7
dl_2223,8,East_exit,8,6
dl_2223,6,West_exit,6,4
dl_2223,7,East_exit,7,5
dl_2223,5,East_exit,5,4
dl_2223,3,East_exit,3,3
dl_2223,4,East_exit,4,3
dl_2223,15,West_exit,15,10
dl_2223,12,West_exit,12,8
dl_2223,13,East_exit,13,9
dl_2223,18,East_exit,18,13
dl_2223,19,West_exit,19,12
dl_2224,16,,,
dl_2224,24,East_exit,24,17
dl_2224,25,West_exit,25,16
dl_2224,26,West_exit,26,17
dl_2224,21,West_exit,21,14
dl_2224,22,East_exit,22,15
dl_2224,14,East_exit,14,10
dl_2224,9,West_exit,9,6
dl_2224,10,East_exit,10,7
dl_2224,8,East_exit,8,6
dl_2224,6,West_exit,6,4
dl_2224,7,East_exit,7,5
dl_2224,5,East_exit,5,4
dl_2224,15,West_exit,15,10
dl_2224,12,West_exit,12,8
dl_2224,13,East_exit,13,9
dl_2224,18,East_exit,18,13
dl_2224,19,West_exit,19,12
dl_2225,17,,,
dl_2225,24,East_exit,24,17
dl_2225,25,West_exit,25,16
dl_2225,26,West_exit,26,17
dl_2225,21,West_exit,21,14
dl_2225,22,East_exit,22,15
dl_2225,14,East_exit,14,10
dl_2225,9,West_exit,9,6
dl_2225,10,East_exit,10,7
dl_2225,8,East_exit,8,6
dl_2225,6,West_exit,6,4
dl_2225,7,East_exit,7,5
dl_2225,15,West_exit,15,10
dl_2225,12,West_exit,12,8
dl_2225,13,East_exit,13,9
dl_2225,18,East_exit,18,13
dl_2225,19,West_exit,19,12
dl_2225,3,East_exit,3,3
dl_2225,4,East_exit,4,3
dl_2226,15,,,
dl_2226,24,East_exit,24,17
dl_2226,25,West_exit,25,16
dl_2226,26,West_exit,26,17
dl_2226,21,West_exit,21,14
dl_2226,22,East_exit,22,15
dl_2226,14,East_exit,14,10
dl_2226,9,West_exit,9,6
dl_2226,10,East_exit,10,7
dl_2226,8,East_exit,8,6
dl_2226,6,East_exit,6,5
dl_2226,7,East_exit,7,5
dl_2226,15,West_exit,15,10
dl_2226,12,West_exit,12,8
dl_2226,13,East_exit,13,9
dl_2226,18,East_exit,18,13
dl_2226,19,West_exit,19,12
dl_2227,13,,,
dl_2227,24,East_exit,24,17
dl_2227,25,West_exit,25,16
dl_2227,26,West_exit,26,17
dl_2227,21,West_exit,21,14
dl_2227,22,East_exit,22,15
dl_2227,14,East_exit,14,10
dl_2227,9,West_exit,9,6
dl_2227,10,East_exit,10,7
dl_2227,8,East_exit,8,6
dl_2227,15,West_exit,15,10
dl_2227,12,West_exit,12,8
dl_2227,13,East_exit,13,9
dl_2227,18,East_exit,18,13
dl_2227,19,West_exit,19,12
dl_2228,17,,,
dl_2228,24,East_exit,24,17
dl_2228,25,West_exit,25,16
dl_2228,26,West_exit,26,17
dl_2228,14,East_exit,14,10
dl_2228,12,West_exit,12,8
dl_2228,13,East_exit,13,9
dl_2228,15,West_exit,15,10
dl_2228,21,West_exit,21,14
dl_2228,22,East_exit,22,15
dl_2228,18,East_exit,18,13
dl_2228,19,West_exit,19,12
dl_2228,5,East_exit,5,4
dl_2228,6,West_exit,6,4
dl_2228,7,East_exit,7,5
dl_2228,3,East_exit,3,3
dl_2228,4,East_exit,4,3
dl_2228,9,West_exit,9,6
dl_2228,10,East_exit,10,7
dl_2229,15,,,
dl_2229,14,East_exit,14,10
dl_2229,12,West_exit,12,8
dl_2229,13,East_exit,13,9
dl_2229,15,West_exit,15,10
dl_2229,24,East_exit,24,17
dl_2229,25,West_exit,25,16
dl_2229,26,West_exit,26,17
dl_2229,21,West_exit,21,14
dl_2229,22,East_exit,22,15
dl_2229,18,East_exit,18,13
dl_2229,19,West_exit,19,12
dl_2229,6,West_exit,6,4
dl_2229,7,East_exit,7,5
dl_2229,5,East_exit,5,4
dl_2229,9,West_exit,9,6
dl_2229,10,East_exit,10,7
dl_2230,14,,,
dl_2230,14,East_exit,14,10
dl_2230,12,West_exit,12,8
dl_2230,13,East_exit,13,9
dl_2230,15,West_exit,15,10
dl_2230,9,West_exit,9,6
dl_2230,10,East_exit,10,7
dl_2230,6,West_exit,6,4
dl_2230,7,East_exit,7,5
dl_2230,21,West_exit,21,14
dl_2230,22,East_exit,22,15
dl_2230,23,West_exit,23,15
dl_2230,18,East_exit,18,13
dl_2230,19,West_exit,19,12
dl_2230,3,East_exit,3,3
dl_2230,4,East_exit,4,3
dl_2231,16,,,
dl_2231,24,East_exit,24,17
dl_2231,25,West_exit,25,16
dl_2231,26,West_exit,26,17
dl_2231,21,West_exit,21,14
dl_2231,22,East_exit,22,15
dl_2231,14,East_exit,14,10
dl_2231,9,West_exit,9,6
dl_2231,10,East_exit,10,7
dl_2231,15,West_exit,15,10
dl_2231,12,West_exit,12,8
dl_2231,13,East_exit,13,9
dl_2231,18,East_exit,18,13
dl_2231,19,West_exit,19,12
dl_2231,6,West_exit,6,4
dl_2231,7,East_exit,7,5
dl_2231,3,East_exit,3,3
dl_2231,4,East_exit,4,3
dl_2232,4,,,
dl_2232,12,East_exit,12,9
dl_2232,13,West_exit,13,8
dl_2232,11,East_exit,11,8
dl_2232,15,West_exit,15,10
dl_2232,16,West_exit,16,10
dl_2233,6,,,
dl_2233,9,East_exit,9,7
dl_2233,10,West_exit,10,6
dl_2233,8,East_exit,8,6
dl_2233,12,East_exit,12,9
dl_2233,13,West_exit,13,8
dl_2233,15,West_exit,15,10
dl_2233,16,West_exit,16,10
dl_2234,10,,,
dl_2234,6,East_exit,6,5
dl_2234,7,West_exit,7,4
dl_2234,5,East_exit,5,4
dl_2234,12,East_exit,12,9
dl_2234,13,West_exit,13,8
dl_2234,9,East_exit,9,7
dl_2234,10,West_exit,10,6
dl_2234,3,East_exit,3,3
dl_2234,4,East_exit,4,3
dl_2234,15,West_exit,15,10
dl_2234,16,West_exit,16,10
dl_2235,8,,,
dl_2235,6,East_exit,6,5
dl_2235,7,West_exit,7,4
dl_2235,5,East_exit,5,4
dl_2235,12,East_exit,12,9
dl_2235,13,West_exit,13,8
dl_2235,9,East_exit,9,7
dl_2235,10,West_exit,10,6
dl_2235,15,West_exit,15,10
dl_2235,16,West_exit,16,10
dl_2236,10,,,
dl_2236,6,East_exit,6,5
dl_2236,7,West_exit,7,4
dl_2236,12,East_exit,12,9
dl_2236,13,West_exit,13,8
dl_2236,9,East_exit,9,7
dl_2236,10,West_exit,10,6
dl_2236,3,West_exit,3,2
dl_2236,4,East_exit,4,3
dl_2236,2,East_exit,2,2
dl_2236,15,West_exit,15,10
dl_2236,16,West_exit,16,10
dl_2237,8,,,
dl_2237,8,West_exit,8,5
dl_2237,12,East_exit,12,9
dl_2237,13,West_exit,13,8
dl_2237,9,East_exit,9,7
dl_2237,10,West_exit,10,6
dl_2237,6,East_exit,6,5
dl_2237,5,East_exit,5,4
dl_2237,15,West_exit,15,10
dl_2237,16,West_exit,16,10
dl_2238,10,,,
dl_2238,8,West_exit,8,5
dl_2238,12,East_exit,12,9
dl_2238,13,West_exit,13,8
dl_2238,9,East_exit,9,7
dl_2238,10,West_exit,10,6
dl_2238,6,East_exit,6,5
dl_2238,15,West_exit,15,10
dl_2238,16,West_exit,16,10
dl_2238,3,West_exit,3,2
dl_2238,4,East_exit,4,3
dl_2238,2,East_exit,2,2
dl_2239,16,,,
dl_2239,21,West_exit,21,14
dl_2239,22,East_exit,22,15
dl_2239,23,West_exit,23,15
dl_2239,18,West_exit,18,12
dl_2239,19,East_exit,19,13
dl_2239,15,West_exit,15,10
dl_2239,16,East_exit,16,11
dl_2239,5,East_exit,5,4
dl_2239,9,West_exit,9,6
dl_2239,10,East_exit,10,7
dl_2239,8,East_exit,8,6
dl_2239,6,West_exit,6,4
dl_2239,7,East_exit,7,5
dl_2239,3,East_exit,3,3
dl_2239,4,East_exit,4,3
dl_2239,12,West_exit,12,8
dl_2239,13,East_exit,13,9
dl_2240,14,,,
dl_2240,21,West_exit,21,14
dl_2240,22,East_exit,22,15
dl_2240,23,West_exit,23,15
dl_2240,18,West_exit,18,12
dl_2240,19,East_exit,19,13
dl_2240,15,West_exit,15,10
dl_2240,16,East_exit,16,11
dl_2240,9,West_exit,9,6
dl_2240,10,East_exit,10,7
dl_2240,8,East_exit,8,6
dl_2240,6,West_exit,6,4
dl_2240,7,East_exit,7,5
dl_2240,5,East_exit,5,4
dl_2240,12,West_exit,12,8
dl_2240,13,East_exit,13,9
dl_2241,15,,,
dl_2241,21,West_exit,21,14
dl_2241,22,East_exit,22,15
dl_2241,23,West_exit,23,15
dl_2241,18,West_exit,18,12
dl_2241,19,East_exit,19,13
dl_2241,15,West_exit,15,10
dl_2241,16,East_exit,16,11
dl_2241,9,West_exit,9,6
dl_2241,10,East_exit,10,7
dl_2241,8,East_exit,8,6
dl_2241,6,West_exit,6,4
dl_2241,7,East_exit,7,5
dl_2241,12,West_exit,12,8
dl_2241,13,East_exit,13,9
dl_2241,3,East_exit,3,3
dl_2241,4,East_exit,4,3
dl_2242,13,,,
dl_2242,21,West_exit,21,14
dl_2242,22,East_exit,22,15
dl_2242,23,West_exit,23,15
dl_2242,18,West_exit,18,12
dl_2242,19,East_exit,19,13
dl_2242,15,West_exit,15,10
dl_2242,16,East_exit,16,11
dl_2242,8,East_exit,8,6
dl_2242,9,West_exit,9,6
dl_2242,10,East_exit,10,7
dl_2242,6,East_exit,6,5
dl_2242,7,East_exit,7,5
dl_2242,12,West_exit,12,8
dl_2242,13,East_exit,13,9
dl_2243,11,,,
dl_2243,21,West_exit,21,14
dl_2243,22,East_exit,22,15
dl_2243,23,West_exit,23,15
dl_2243,18,West_exit,18,12
dl_2243,19,East_exit,19,13
dl_2243,15,West_exit,15,10
dl_2243,16,East_exit,16,11
dl_2243,9,West_exit,9,6
dl_2243,10,East_exit,10,7
dl_2243,8,East_exit,8,6
dl_2243,12,West_exit,12,8
dl_2243,13,East_exit,13,9
dl_2244,7,,,
dl_2244,3,East_exit,3,3
dl_2244,4,West_exit,4,2
dl_2244,2,East_exit,2,2
dl_2244,9,West_exit,9,6
dl_2244,10,East_exit,10,7
dl_2244,11,West_exit,11,7
dl_2244,6,East_exit,6,5
dl_2244,7,West_exit,7,4
dl_2245,21,,,
dl_2245,3,East_exit,3,3
dl_2245,4,West_exit,4,2
dl_2245,2,East_exit,2,2
dl_2245,6,East_exit,6,5
dl_2245,7,West_exit,7,4
dl_2245,9,East_exit,9,7
dl_2245,10,West_exit,10,6
dl_2245,12,East_exit,12,9
dl_2245,13,West_exit,13,8
dl_2245,26,West_exit,26,17
dl_2245,18,East_exit,18,13
dl_2245,19,West_exit,19,12
dl_2245,20,West_exit,20,13
dl_2245,21,East_exit,21,15
dl_2245,22,West_exit,22,14
dl_2245,23,West_exit,23,15
dl_2245,24,East_exit,24,17
dl_2245,25,West_exit,25,16
dl_2245,27,West_exit,27,18
dl_2245,28,West_exit,28,18
dl_2245,15,East_exit,15,11
dl_2245,16,West_exit,16,10
dl_2246,19,,,
dl_2246,3,East_exit,3,3
dl_2246,4,West_exit,4,2
dl_2246,2,East_exit,2,2
dl_2246,6,East_exit,6,5
dl_2246,7,West_exit,7,4
dl_2246,9,East_exit,9,7
dl_2246,10,West_exit,10,6
dl_2246,12,East_exit,12,9
dl_2246,13,West_exit,13,8
dl_2246,18,East_exit,18,13
dl_2246,19,West_exit,19,12
dl_2246,20,West_exit,20,13
dl_2246,21,East_exit,21,15
dl_2246,22,West_exit,22,14
dl_2246,23,West_exit,23,15
dl_2246,24,East_exit,24,17
dl_2246,25,West_exit,25,16
dl_2246,26,West_exit,26,17
dl_2246,15,East_exit,15,11
dl_2246,16,West_exit,16,10
dl_2247,20,,,
dl_2247,3,East_exit,3,3
dl_2247,4,West_exit,4,2
dl_2247,2,East_exit,2,2
dl_2247,6,East_exit,6,5
dl_2247,7,West_exit,7,4
dl_2247,9,East_exit,9,7
dl_2247,10,West_exit,10,6
dl_2247,12,East_exit,12,9
dl_2247,13,West_exit,13,8
dl_2247,18,East_exit,18,13
dl_2247,19,West_exit,19,12
dl_2247,20,West_exit,20,13
dl_2247,21,East_exit,21,15
dl_2247,22,West_exit,22,14
dl_2247,23,West_exit,23,15
dl_2247,24,East_exit,24,17
dl_2247,25,West_exit,25,16
dl_2247,15,East_exit,15,11
dl_2247,16,West_exit,16,10
dl_2247,27,West_exit,27,18
dl_2247,28,West_exit,28,18
dl_2248,18,,,
dl_2248,3,East_exit,3,3
dl_2248,4,West_exit,4,2
dl_2248,2,East_exit,2,2
dl_2248,6,East_exit,6,5
dl_2248,7,West_exit,7,4
dl_2248,9,East_exit,9,7
dl_2248,10,West_exit,10,6
dl_2248,12,East_exit,12,9
dl_2248,13,West_exit,13,8
dl_2248,23,West_exit,23,15
dl_2248,20,West_exit,20,13
dl_2248,21,East_exit,21,15
dl_2248,22,West_exit,22,14
dl_2248,18,East_exit,18,13
dl_2248,19,West_exit,19,12
dl_2248,24,West_exit,24,16
dl_2248,25,West_exit,25,16
dl_2248,15,East_exit,15,11
dl_2248,16,West_exit,16,10
dl_2249,16,,,
dl_2249,3,East_exit,3,3
dl_2249,4,West_exit,4,2
dl_2249,2,East_exit,2,2
dl_2249,6,East_exit,6,5
dl_2249,7,West_exit,7,4
dl_2249,9,East_exit,9,7
dl_2249,10,West_exit,10,6
dl_2249,12,East_exit,12,9
dl_2249,13,West_exit,13,8
dl_2249,20,West_exit,20,13
dl_2249,21,East_exit,21,15
dl_2249,22,West_exit,22,14
dl_2249,23,West_exit,23,15
dl_2249,18,East_exit,18,13
dl_2249,19,West_exit,19,12
dl_2249,15,East_exit,15,11
dl_2249,16,West_exit,16,10
dl_2250,20,,,
dl_2250,20,West_exit,20,13
dl_2250,26,West_exit,26,17
dl_2250,24,East_exit,24,17
dl_2250,25,West_exit,25,16
dl_2250,27,West_exit,27,18
dl_2250,28,West_exit,28,18
dl_2250,3,East_exit,3,3
dl_2250,4,West_exit,4,2
dl_2250,2,East_exit,2,2
dl_2250,9,East_exit,9,7
dl_2250,10,West_exit,10,6
dl_2250,6,East_exit,6,5
dl_2250,7,West_exit,7,4
dl_2250,12,East_exit,12,9
dl_2250,13,West_exit,13,8
dl_2250,15,East_exit,15,11
dl_2250,16,West_exit,16,10
dl_2250,18,East_exit,18,13
dl_2250,19,West_exit,19,12
dl_2250,21,East_exit,21,15
dl_2250,22,West_exit,22,14
dl_2251,18,,,
dl_2251,20,West_exit,20,13
dl_2251,24,East_exit,24,17
dl_2251,25,West_exit,25,16
dl_2251,26,West_exit,26,17
dl_2251,3,East_exit,3,3
dl_2251,4,West_exit,4,2
dl_2251,2,East_exit,2,2
dl_2251,9,East_exit,9,7
dl_2251,10,West_exit,10,6
dl_2251,6,East_exit,6,5
dl_2251,7,West_exit,7,4
dl_2251,12,East_exit,12,9
dl_2251,13,West_exit,13,8
dl_2251,15,East_exit,15,11
dl_2251,16,West_exit,16,10
dl_2251,18,East_exit,18,13
dl_2251,19,West_exit,19,12
dl_2251,21,East_exit,21,15
dl_2251,22,West_exit,22,14
dl_2252,13,,,
dl_2252,3,East_exit,3,3
dl_2252,4,West_exit,4,2
dl_2252,2,East_exit,2,2
dl_2252,6,East_exit,6,5
dl_2252,7,West_exit,7,4
dl_2252,9,East_exit,9,7
dl_2252,10,West_exit,10,6
dl_2252,12,East_exit,12,9
dl_2252,13,West_exit,13,8
dl_2252,18,East_exit,18,13
dl_2252,19,West_exit,19,12
dl_2252,20,West_exit,20,13
dl_2252,15,East_exit,15,11
dl_2252,16,West_exit,16,10
dl_2253,21,,,
dl_2253,8,West_exit,8,5
dl_2253,12,East_exit,12,9
dl_2253,13,West_exit,13,8
dl_2253,15,East_exit,15,11
dl_2253,16,West_exit,16,10
dl_2253,18,East_exit,18,13
dl_2253,19,West_exit,19,12
dl_2253,20,West_exit,20,13
dl_2253,21,East_exit,21,15
dl_2253,22,West_exit,22,14
dl_2253,23,West_exit,23,15
dl_2253,26,West_exit,26,17
dl_2253,24,East_exit,24,17
dl_2253,25,West_exit,25,16
dl_2253,27,West_exit,27,18
dl_2253,28,West_exit,28,18
dl_2253,3,East_exit,3,3
dl_2253,4,West_exit,4,2
dl_2253,2,East_exit,2,2
dl_2253,9,East_exit,9,7
dl_2253,10,West_exit,10,6
dl_2253,6,East_exit,6,5
dl_2254,19,,,
dl_2254,8,West_exit,8,5
dl_2254,12,East_exit,12,9
dl_2254,13,West_exit,13,8
dl_2254,15,East_exit,15,11
dl_2254,16,West_exit,16,10
dl_2254,18,East_exit,18,13
dl_2254,19,West_exit,19,12
dl_2254,20,West_exit,20,13
dl_2254,21,East_exit,21,15
dl_2254,22,West_exit,22,14
dl_2254,23,West_exit,23,15
dl_2254,24,East_exit,24,17
dl_2254,25,West_exit,25,16
dl_2254,26,West_exit,26,17
dl_2254,3,East_exit,3,3
dl_2254,4,West_exit,4,2
dl_2254,2,East_exit,2,2
dl_2254,9,East_exit,9,7
dl_2254,10,West_exit,10,6
dl_2254,6,East_exit,6,5
dl_2255,20,,,
dl_2255,8,West_exit,8,5
dl_2255,12,East_exit,12,9
dl_2255,13,West_exit,13,8
dl_2255,15,East_exit,15,11
dl_2255,16,West_exit,16,10
dl_2255,18,East_exit,18,13
dl_2255,19,West_exit,19,12
dl_2255,20,West_exit,20,13
dl_2255,21,East_exit,21,15
dl_2255,22,West_exit,22,14
dl_2255,23,West_exit,23,15
dl_2255,24,East_exit,24,17
dl_2255,25,West_exit,25,16
dl_2255,3,East_exit,3,3
dl_2255,4,West_exit,4,2
dl_2255,2,East_exit,2,2
dl_2255,9,East_exit,9,7
dl_2255,10,West_exit,10,6
dl_2255,6,East_exit,6,5
dl_2255,27,West_exit,27,18
dl_2255,28,West_exit,28,18
dl_2256,18,,,
dl_2256,8,West_exit,8,5
dl_2256,12,East_exit,12,9
dl_2256,13,West_exit,13,8
dl_2256,15,East_exit,15,11
dl_2256,16,West_exit,16,10
dl_2256,18,East_exit,18,13
dl_2256,19,West_exit,19,12
dl_2256,20,West_exit,20,13
dl_2256,23,West_exit,23,15
dl_2256,21,East_exit,21,15
dl_2256,22,West_exit,22,14
dl_2256,24,West_exit,24,16
dl_2256,25,West_exit,25,16
dl_2256,3,East_exit,3,3
dl_2256,4,West_exit,4,2
dl_2256,2,East_exit,2,2
dl_2256,9,East_exit,9,7
dl_2256,10,West_exit,10,6
dl_2256,6,East_exit,6,5
dl_2257,16,,,
dl_2257,8,West_exit,8,5
dl_2257,12,East_exit,12,9
dl_2257,13,West_exit,13,8
dl_2257,15,East_exit,15,11
dl_2257,16,West_exit,16,10
dl_2257,18,East_exit,18,13
dl_2257,19,West_exit,19,12
dl_2257,20,West_exit,20,13
dl_2257,21,East_exit,21,15
dl_2257,22,West_exit,22,14
dl_2257,23,West_exit,23,15
dl_2257,3,East_exit,3,3
dl_2257,4,West_exit,4,2
dl_2257,2,East_exit,2,2
dl_2257,9,East_exit,9,7
dl_2257,10,West_exit,10,6
dl_2257,6,East_exit,6,5
dl_2258,20,,,
dl_2258,8,West_exit,8,5
dl_2258,12,East_exit,12,9
dl_2258,13,West_exit,13,8
dl_2258,15,East_exit,15,11
dl_2258,16,West_exit,16,10
dl_2258,18,East_exit,18,13
dl_2258,19,West_exit,19,12
dl_2258,20,West_exit,20,13
dl_2258,26,West_exit,26,17
dl_2258,21,East_exit,21,15
dl_2258,22,West_exit,22,14
dl_2258,24,East_exit,24,17
dl_2258,25,West_exit,25,16
dl_2258,27,West_exit,27,18
dl_2258,28,West_exit,28,18
dl_2258,3,East_exit,3,3
dl_2258,4,West_exit,4,2
dl_2258,2,East_exit,2,2
dl_2258,9,East_exit,9,7
dl_2258,10,West_exit,10,6
dl_2258,6,East_exit,6,5
dl_2259,18,,,
dl_2259,8,West_exit,8,5
dl_2259,12,East_exit,12,9
dl_2259,13,West_exit,13,8
dl_2259,15,East_exit,15,11
dl_2259,16,West_exit,16,10
dl_2259,18,East_exit,18,13
dl_2259,19,West_exit,19,12
dl_2259,20,West_exit,20,13
dl_2259,21,East_exit,21,15
dl_2259,22,West_exit,22,14
dl_2259,24,East_exit,24,17
dl_2259,25,West_exit,25,16
dl_2259,26,West_exit,26,17
dl_2259,3,East_exit,3,3
dl_2259,4,West_exit,4,2
dl_2259,2,East_exit,2,2
dl_2259,9,East_exit,9,7
dl_2259,10,West_exit,10,6
dl_2259,6,East_exit,6,5
dl_2260,13,,,
dl_2260,8,West_exit,8,5
dl_2260,12,East_exit,12,9
dl_2260,13,West_exit,13,8
dl_2260,3,East_exit,3,3
dl_2260,4,West_exit,4,2
dl_2260,2,East_exit,2,2
dl_2260,6,East_exit,6,5
dl_2260,9,East_exit,9,7
dl_2260,10,West_exit,10,6
dl_2260,15,East_exit,15,11
dl_2260,16,West_exit,16,10
dl_2260,18,East_exit,18,13
dl_2260,19,West_exit,19,12
dl_2260,20,West_exit,20,13
dl_2261,21,,,
dl_2261,3,East_exit,3,3
dl_2261,4,West_exit,4,2
dl_2261,2,East_exit,2,2
dl_2261,11,West_exit,11,7
dl_2261,12,East_exit,12,9
dl_2261,13,West_exit,13,8
dl_2261,9,East_exit,9,7
dl_2261,6,East_exit,6,5
dl_2261,7,West_exit,7,4
dl_2261,26,West_exit,26,17
dl_2261,18,East_exit,18,13
dl_2261,19,West_exit,19,12
dl_2261,20,West_exit,20,13
dl_2261,21,East_exit,21,15
dl_2261,22,West_exit,22,14
dl_2261,23,West_exit,23,15
dl_2261,24,East_exit,24,17
dl_2261,25,West_exit,25,16
dl_2261,27,West_exit,27,18
dl_2261,28,West_exit,28,18
dl_2261,15,East_exit,15,11
dl_2261,16,West_exit,16,10
dl_2262,19,,,
dl_2262,3,East_exit,3,3
dl_2262,4,West_exit,4,2
dl_2262,2,East_exit,2,2
dl_2262,11,West_exit,11,7
dl_2262,12,East_exit,12,9
dl_2262,13,West_exit,13,8
dl_2262,9,East_exit,9,7
dl_2262,6,East_exit,6,5
dl_2262,7,West_exit,7,4
dl_2262,18,East_exit,18,13
dl_2262,19,West_exit,19,12
dl_2262,20,West_exit,20,13
dl_2262,21,East_exit,21,15
dl_2262,22,West_exit,22,14
dl_2262,23,West_exit,23,15
dl_2262,24,East_exit,24,17
dl_2262,25,West_exit,25,16
dl_2262,26,West_exit,26,17
dl_2262,15,East_exit,15,11
dl_2262,16,West_exit,16,10
dl_2263,20,,,
dl_2263,3,East_exit,3,3
dl_2263,4,West_exit,4,2
dl_2263,2,East_exit,2,2
dl_2263,11,West_exit,11,7
dl_2263,12,East_exit,12,9
dl_2263,13,West_exit,13,8
dl_2263,9,East_exit,9,7
dl_2263,6,East_exit,6,5
dl_2263,7,West_exit,7,4
dl_2263,18,East_exit,18,13
dl_2263,19,West_exit,19,12
dl_2263,20,West_exit,20,13
dl_2263,21,East_exit,21,15
dl_2263,22,West_exit,22,14
dl_2263,23,West_exit,23,15
dl_2263,24,East_exit,24,17
dl_2263,25,West_exit,25,16
dl_2263,15,East_exit,15,11
dl_2263,16,West_exit,16,10
dl_2263,27,West_exit,27,18
dl_2263,28,West_exit,28,18
dl_2264,18,,,
dl_2264,3,East_exit,3,3
dl_2264,4,West_exit,4,2
dl_2264,2,East_exit,2,2
dl_2264,11,West_exit,11,7
dl_2264,12,East_exit,12,9
dl_2264,13,West_exit,13,8
dl_2264,9,East_exit,9,7
dl_2264,6,East_exit,6,5
dl_2264,7,West_exit,7,4
dl_2264,23,West_exit,23,15
dl_2264,20,West_exit,20,13
dl_2264,21,East_exit,21,15
dl_2264,22,West_exit,22,14
dl_2264,18,East_exit,18,13
dl_2264,19,West_exit,19,12
dl_2264,24,West_exit,24,16
dl_2264,25,West_exit,25,16
dl_2264,15,East_exit,15,11
dl_2264,16,West_exit,16,10
dl_2265,16,,,
dl_2265,3,East_exit,3,3
dl_2265,4,West_exit,4,2
dl_2265,2,East_exit,2,2
dl_2265,11,West_exit,11,7
dl_2265,12,East_exit,12,9
dl_2265,13,West_exit,13,8
dl_2265,9,East_exit,9,7
dl_2265,6,East_exit,6,5
dl_2265,7,West_exit,7,4
dl_2265,20,West_exit,20,13
dl_2265,21,East_exit,21,15
dl_2265,22,West_exit,22,14
dl_2265,23,West_exit,23,15
dl_2265,18,East_exit,18,13
dl_2265,19,West_exit,19,12
dl_2265,15,East_exit,15,11
dl_2265,16,West_exit,16,10
dl_2266,20,,,
dl_2266,3,East_exit,3,3
dl_2266,4,West_exit,4,2
dl_2266,2,East_exit,2,2
dl_2266,11,West_exit,11,7
dl_2266,12,East_exit,12,9
dl_2266,13,West_exit,13,8
dl_2266,9,East_exit,9,7
dl_2266,15,East_exit,15,11
dl_2266,16,West_exit,16,10
dl_2266,18,East_exit,18,13
dl_2266,19,West_exit,19,12
dl_2266,20,West_exit,20,13
dl_2266,26,West_exit,26,17
dl_2266,24,East_exit,24,17
dl_2266,25,West_exit,25,16
dl_2266,27,West_exit,27,18
dl_2266,28,West_exit,28,18
dl_2266,21,East_exit,21,15
dl_2266,22,West_exit,22,14
dl_2266,6,East_exit,6,5
dl_2266,7,West_exit,7,4
dl_2267,18,,,
dl_2267,3,East_exit,3,3
dl_2267,4,West_exit,4,2
dl_2267,2,East_exit,2,2
dl_2267,11,West_exit,11,7
dl_2267,12,East_exit,12,9
dl_2267,13,West_exit,13,8
dl_2267,9,East_exit,9,7
dl_2267,15,East_exit,15,11
dl_2267,16,West_exit,16,10
dl_2267,18,East_exit,18,13
dl_2267,19,West_exit,19,12
dl_2267,20,West_exit,20,13
dl_2267,24,East_exit,24,17
dl_2267,25,West_exit,25,16
dl_2267,26,West_exit,26,17
dl_2267,21,East_exit,21,15
dl_2267,22,West_exit,22,14
dl_2267,6,East_exit,6,5
dl_2267,7,West_exit,7,4
dl_2268,13,,,
dl_2268,3,East_exit,3,3
dl_2268,4,West_exit,4,2
dl_2268,2,East_exit,2,2
dl_2268,11,West_exit,11,7
dl_2268,12,East_exit,12,9
dl_2268,13,West_exit,13,8
dl_2268,9,East_exit,9,7
dl_2268,6,East_exit,6,5
dl_2268,7,West_exit,7,4
dl_2268,15,East_exit,15,11
dl_2268,16,West_exit,16,10
dl_2268,18,East_exit,18,13
dl_2268,19,West_exit,19,12
dl_2268,20,West_exit,20,13
dl_2269,21,,,
dl_2269,11,West_exit,11,7
dl_2269,3,East_exit,3,3
dl_2269,4,West_exit,4,2
dl_2269,2,East_exit,2,2
dl_2269,6,East_exit,6,5
dl_2269,8,West_exit,8,5
dl_2269,12,East_exit,12,9
dl_2269,13,West_exit,13,8
dl_2269,9,East_exit,9,7
dl_2269,26,West_exit,26,17
dl_2269,18,East_exit,18,13
dl_2269,19,West_exit,19,12
dl_2269,20,West_exit,20,13
dl_2269,21,East_exit,21,15
dl_2269,22,West_exit,22,14
dl_2269,23,West_exit,23,15
dl_2269,24,East_exit,24,17
dl_2269,25,West_exit,25,16
dl_2269,27,West_exit,27,18
dl_2269,28,West_exit,28,18
dl_2269,15,East_exit,15,11
dl_2269,16,West_exit,16,10
dl_2270,19,,,
dl_2270,11,West_exit,11,7
dl_2270,3,East_exit,3,3
dl_2270,4,West_exit,4,2
dl_2270,2,East_exit,2,2
dl_2270,6,East_exit,6,5
dl_2270,8,West_exit,8,5
dl_2270,12,East_exit,12,9
dl_2270,13,West_exit,13,8
dl_2270,9,East_exit,9,7
dl_2270,18,East_exit,18,13
dl_2270,19,West_exit,19,12
dl_2270,20,West_exit,20,13
dl_2270,21,East_exit,21,15
dl_2270,22,West_exit,22,14
dl_2270,23,West_exit,23,15
dl_2270,24,East_exit,24,17
dl_2270,25,West_exit,25,16
dl_2270,26,West_exit,26,17
dl_2270,15,East_exit,15,11
dl_2270,16,West_exit,16,10
dl_2271,20,,,
dl_2271,11,West_exit,11,7
dl_2271,3,East_exit,3,3
dl_2271,4,West_exit,4,2
dl_2271,2,East_exit,2,2
dl_2271,6,East_exit,6,5
dl_2271,8,West_exit,8,5
dl_2271,12,East_exit,12,9
dl_2271,13,West_exit,13,8
dl_2271,9,East_exit,9,7
dl_2271,18,East_exit,18,13
dl_2271,19,West_exit,19,12
dl_2271,20,West_exit,20,13
dl_2271,21,East_exit,21,15
dl_2271,22,West_exit,22,14
dl_2271,23,West_exit,23,15
dl_2271,24,East_exit,24,17
dl_2271,25,West_exit,25,16
dl_2271,15,East_exit,15,11
dl_2271,16,West_exit,16,10
dl_2271,27,West_exit,27,18
dl_2271,28,West_exit,28,18
dl_2272,18,,,
dl_2272,11,West_exit,11,7
dl_2272,3,East_exit,3,3
dl_2272,4,West_exit,4,2
dl_2272,2,East_exit,2,2
dl_2272,6,East_exit,6,5
dl_2272,8,West_exit,8,5
dl_2272,12,East_exit,12,9
dl_2272,13,West_exit,13,8
dl_2272,9,East_exit,9,7
dl_2272,23,West_exit,23,15
dl_2272,20,West_exit,20,13
dl_2272,21,East_exit,21,15
dl_2272,22,West_exit,22,14
dl_2272,18,East_exit,18,13
dl_2272,19,West_exit,19,12
dl_2272,24,West_exit,24,16
dl_2272,25,West_exit,25,16
dl_2272,15,East_exit,15,11
dl_2272,16,West_exit,16,10
dl_2273,16,,,
dl_2273,11,West_exit,11,7
dl_2273,3,East_exit,3,3
dl_2273,4,West_exit,4,2
dl_2273,2,East_exit,2,2
dl_2273,6,East_exit,6,5
dl_2273,8,West_exit,8,5
dl_2273,12,East_exit,12,9
dl_2273,13,West_exit,13,8
dl_2273,9,East_exit,9,7
dl_2273,20,West_exit,20,13
dl_2273,21,East_exit,21,15
dl_2273,22,West_exit,22,14
dl_2273,23,West_exit,23,15
dl_2273,18,East_exit,18,13
dl_2273,19,West_exit,19,12
dl_2273,15,East_exit,15,11
dl_2273,16,West_exit,16,10
dl_2274,20,,,
dl_2274,20,West_exit,20,13
dl_2274,26,West_exit,26,17
dl_2274,24,East_exit,24,17
dl_2274,25,West_exit,25,16
dl_2274,27,West_exit,27,18
dl_2274,28,West_exit,28,18
dl_2274,11,West_exit,11,7
dl_2274,3,East_exit,3,3
dl_2274,4,West_exit,4,2
dl_2274,2,East_exit,2,2
dl_2274,6,East_exit,6,5
dl_2274,8,West_exit,8,5
dl_2274,12,East_exit,12,9
dl_2274,13,West_exit,13,8
dl_2274,9,East_exit,9,7
dl_2274,15,East_exit,15,11
dl_2274,16,West_exit,16,10
dl_2274,18,East_exit,18,13
dl_2274,19,West_exit,19,12
dl_2274,21,East_exit,21,15
dl_2274,22,West_exit,22,14
dl_2275,18,,,
dl_2275,20,West_exit,20,13
dl_2275,24,East_exit,24,17
dl_2275,25,West_exit,25,16
dl_2275,26,West_exit,26,17
dl_2275,11,West_exit,11,7
dl_2275,3,East_exit,3,3
dl_2275,4,West_exit,4,2
dl_2275,2,East_exit,2,2
dl_2275,6,East_exit,6,5
dl_2275,8,West_exit,8,5
dl_2275,12,East_exit,12,9
dl_2275,13,West_exit,13,8
dl_2275,9,East_exit,9,7
dl_2275,15,East_exit,15,11
dl_2275,16,West_exit,16,10
dl_2275,18,East_exit,18,13
dl_2275,19,West_exit,19,12
dl_2275,21,East_exit,21,15
dl_2275,22,West_exit,22,14
dl_2276,13,,,
dl_2276,11,West_exit,11,7
dl_2276,3,East_exit,3,3
dl_2276,4,West_exit,4,2
dl_2276,2,East_exit,2,2
dl_2276,6,East_exit,6,5
dl_2276,8,West_exit,8,5
dl_2276,12,East_exit,12,9
dl_2276,13,West_exit,13,8
dl_2276,9,East_exit,9,7
dl_2276,18,East_exit,18,13
dl_2276,19,West_exit,19,12
dl_2276,20,West_exit,20,13
dl_2276,15,East_exit,15,11
dl_2276,16,West_exit,16,10
dl_2277,20,,,
dl_2277,3,East_exit,3,3
dl_2277,4,West_exit,4,2
dl_2277,2,East_exit,2,2
dl_2277,9,East_exit,9,7
dl_2277,10,West_exit,10,6
dl_2277,6,East_exit,6,5
dl_2277,7,West_exit,7,4
dl_2277,12,East_exit,12,9
dl_2277,13,West_exit,13,8
dl_2277,15,East_exit,15,11
dl_2277,16,West_exit,16,10
dl_2277,26,West_exit,26,17
dl_2277,21,East_exit,21,15
dl_2277,22,West_exit,22,14
dl_2277,23,West_exit,23,15
dl_2277,24,East_exit,24,17
dl_2277,25,West_exit,25,16
dl_2277,27,West_exit,27,18
dl_2277,28,West_exit,28,18
dl_2277,18,East_exit,18,13
dl_2277,19,West_exit,19,12
dl_2278,18,,,
dl_2278,3,East_exit,3,3
dl_2278,4,West_exit,4,2
dl_2278,2,East_exit,2,2
dl_2278,9,East_exit,9,7
dl_2278,10,West_exit,10,6
dl_2278,6,East_exit,6,5
dl_2278,7,West_exit,7,4
dl_2278,12,East_exit,12,9
dl_2278,13,West_exit,13,8
dl_2278,15,East_exit,15,11
dl_2278,16,West_exit,16,10
dl_2278,21,East_exit,21,15
dl_2278,22,West_exit,22,14
dl_2278,23,West_exit,23,15
dl_2278,24,East_exit,24,17
dl_2278,25,West_exit,25,16
dl_2278,26,West_exit,26,17
dl_2278,18,East_exit,18,13
dl_2278,19,West_exit,19,12
dl_2279,19,,,
dl_2279,3,East_exit,3,3
dl_2279,4,West_exit,4,2
dl_2279,2,East_exit,2,2
dl_2279,9,East_exit,9,7
dl_2279,10,West_exit,10,6
dl_2279,6,East_exit,6,5
dl_2279,7,West_exit,7,4
dl_2279,12,East_exit,12,9
dl_2279,13,West_exit,13,8
dl_2279,15,East_exit,15,11
dl_2279,16,West_exit,16,10
dl_2279,21,East_exit,21,15
dl_2279,22,West_exit,22,14
dl_2279,23,West_exit,23,15
dl_2279,24,East_exit,24,17
dl_2279,25,West_exit,25,16
dl_2279,18,East_exit,18,13
dl_2279,19,West_exit,19,12
dl_2279,27,West_exit,27,18
dl_2279,28,West_exit,28,18
dl_2280,17,,,
dl_2280,23,West_exit,23,15
dl_2280,3,East_exit,3,3
dl_2280,4,West_exit,4,2
dl_2280,2,East_exit,2,2
dl_2280,9,East_exit,9,7
dl_2280,10,West_exit,10,6
dl_2280,6,East_exit,6,5
dl_2280,7,West_exit,7,4
dl_2280,12,East_exit,12,9
dl_2280,13,West_exit,13,8
dl_2280,15,East_exit,15,11
dl_2280,16,West_exit,16,10
dl_2280,18,East_exit,18,13
dl_2280,19,West_exit,19,12
dl_2280,21,East_exit,21,15
dl_2280,22,West_exit,22,14
dl_2280,24,West_exit,24,16
dl_2280,25,West_exit,25,16
dl_2281,15,,,
dl_2281,3,East_exit,3,3
dl_2281,4,West_exit,4,2
dl_2281,2,East_exit,2,2
dl_2281,9,East_exit,9,7
dl_2281,10,West_exit,10,6
dl_2281,6,East_exit,6,5
dl_2281,7,West_exit,7,4
dl_2281,12,East_exit,12,9
dl_2281,13,West_exit,13,8
dl_2281,15,East_exit,15,11
dl_2281,16,West_exit,16,10
dl_2281,18,East_exit,18,13
dl_2281,19,West_exit,19,12
dl_2281,21,East_exit,21,15
dl_2281,22,West_exit,22,14
dl_2281,23,West_exit,23,15
dl_2282,20,,,
dl_2282,8,West_exit,8,5
dl_2282,12,East_exit,12,9
dl_2282,13,West_exit,13,8
dl_2282,3,East_exit,3,3
dl_2282,4,West_exit,4,2
dl_2282,2,East_exit,2,2
dl_2282,6,East_exit,6,5
dl_2282,9,East_exit,9,7
dl_2282,10,West_exit,10,6
dl_2282,15,East_exit,15,11
dl_2282,16,West_exit,16,10
dl_2282,21,East_exit,21,15
dl_2282,22,West_exit,22,14
dl_2282,23,West_exit,23,15
dl_2282,18,East_exit,18,13
dl_2282,19,West_exit,19,12
dl_2282,26,West_exit,26,17
dl_2282,24,East_exit,24,17
dl_2282,25,West_exit,25,16
dl_2282,27,West_exit,27,18
dl_2282,28,West_exit,28,18
dl_2283,18,,,
dl_2283,8,West_exit,8,5
dl_2283,12,East_exit,12,9
dl_2283,13,West_exit,13,8
dl_2283,3,East_exit,3,3
dl_2283,4,West_exit,4,2
dl_2283,2,East_exit,2,2
dl_2283,6,East_exit,6,5
dl_2283,9,East_exit,9,7
dl_2283,10,West_exit,10,6
dl_2283,15,East_exit,15,11
dl_2283,16,West_exit,16,10
dl_2283,21,East_exit,21,15
dl_2283,22,West_exit,22,14
dl_2283,23,West_exit,23,15
dl_2283,18,East_exit,18,13
dl_2283,19,West_exit,19,12
dl_2283,24,East_exit,24,17
dl_2283,25,West_exit,25,16
dl_2283,26,West_exit,26,17
dl_2284,19,,,
dl_2284,8,West_exit,8,5
dl_2284,12,East_exit,12,9
dl_2284,13,West_exit,13,8
dl_2284,3,East_exit,3,3
dl_2284,4,West_exit,4,2
dl_2284,2,East_exit,2,2
dl_2284,6,East_exit,6,5
dl_2284,9,East_exit,9,7
dl_2284,10,West_exit,10,6
dl_2284,15,East_exit,15,11
dl_2284,16,West_exit,16,10
dl_2284,21,East_exit,21,15
dl_2284,22,West_exit,22,14
dl_2284,23,West_exit,23,15
dl_2284,18,East_exit,18,13
dl_2284,19,West_exit,19,12
dl_2284,24,East_exit,24,17
dl_2284,25,West_exit,25,16
dl_2284,27,West_exit,27,18
dl_2284,28,West_exit,28,18
dl_2285,17,,,
dl_2285,23,West_exit,23,15
dl_2285,8,West_exit,8,5
dl_2285,12,East_exit,12,9
dl_2285,13,West_exit,13,8
dl_2285,3,East_exit,3,3
dl_2285,4,West_exit,4,2
dl_2285,2,East_exit,2,2
dl_2285,6,East_exit,6,5
dl_2285,9,East_exit,9,7
dl_2285,10,West_exit,10,6
dl_2285,15,East_exit,15,11
dl_2285,16,West_exit,16,10
dl_2285,21,East_exit,21,15
dl_2285,22,West_exit,22,14
dl_2285,24,West_exit,24,16
dl_2285,25,West_exit,25,16
dl_2285,18,East_exit,18,13
dl_2285,19,West_exit,19,12
dl_2286,15,,,
dl_2286,8,West_exit,8,5
dl_2286,12,East_exit,12,9
dl_2286,13,West_exit,13,8
dl_2286,3,East_exit,3,3
dl_2286,4,West_exit,4,2
dl_2286,2,East_exit,2,2
dl_2286,6,East_exit,6,5
dl_2286,9,East_exit,9,7
dl_2286,10,West_exit,10,6
dl_2286,15,East_exit,15,11
dl_2286,16,West_exit,16,10
dl_2286,21,East_exit,21,15
dl_2286,22,West_exit,22,14
dl_2286,23,West_exit,23,15
dl_2286,18,East_exit,18,13
dl_2286,19,West_exit,19,12
dl_2287,20,,,
dl_2287,3,East_exit,3,3
dl_2287,4,West_exit,4,2
dl_2287,2,East_exit,2,2
dl_2287,11,West_exit,11,7
dl_2287,12,East_exit,12,9
dl_2287,13,West_exit,13,8
dl_2287,9,East_exit,9,7
dl_2287,6,East_exit,6,5
dl_2287,7,West_exit,7,4
dl_2287,15,East_exit,15,11
dl_2287,16,West_exit,16,10
dl_2287,26,West_exit,26,17
dl_2287,21,East_exit,21,15
dl_2287,22,West_exit,22,14
dl_2287,23,West_exit,23,15
dl_2287,24,East_exit,24,17
dl_2287,25,West_exit,25,16
dl_2287,27,West_exit,27,18
dl_2287,28,West_exit,28,18
dl_2287,18,East_exit,18,13
dl_2287,19,West_exit,19,12
dl_2288,18,,,
dl_2288,3,East_exit,3,3
dl_2288,4,West_exit,4,2
dl_2288,2,East_exit,2,2
dl_2288,11,West_exit,11,7
dl_2288,12,East_exit,12,9
dl_2288,13,West_exit,13,8
dl_2288,9,East_exit,9,7
dl_2288,6,East_exit,6,5
dl_2288,7,West_exit,7,4
dl_2288,15,East_exit,15,11
dl_2288,16,West_exit,16,10
dl_2288,21,East_exit,21,15
dl_2288,22,West_exit,22,14
dl_2288,23,West_exit,23,15
dl_2288,24,East_exit,24,17
dl_2288,25,West_exit,25,16
dl_2288,26,West_exit,26,17
dl_2288,18,East_exit,18,13
dl_2288,19,West_exit,19,12
dl_2289,19,,,
dl_2289,3,East_exit,3,3
dl_2289,4,West_exit,4,2
dl_2289,2,East_exit,2,2
dl_2289,11,West_exit,11,7
dl_2289,12,East_exit,12,9
dl_2289,13,West_exit,13,8
dl_2289,9,East_exit,9,7
dl_2289,6,East_exit,6,5
dl_2289,7,West_exit,7,4
dl_2289,15,East_exit,15,11
dl_2289,16,West_exit,16,10
dl_2289,21,East_exit,21,15
dl_2289,22,West_exit,22,14
dl_2289,23,West_exit,23,15
dl_2289,24,East_exit,24,17
dl_2289,25,West_exit,25,16
dl_2289,18,East_exit,18,13
dl_2289,19,West_exit,19,12
dl_2289,27,West_exit,27,18
dl_2289,28,West_exit,28,18
dl_2290,17,,,
dl_2290,23,West_exit,23,15
dl_2290,3,East_exit,3,3
dl_2290,4,West_exit,4,2
dl_2290,2,East_exit,2,2
dl_2290,11,West_exit,11,7
dl_2290,12,East_exit,12,9
dl_2290,13,West_exit,13,8
dl_2290,9,East_exit,9,7
dl_2290,6,East_exit,6,5
dl_2290,7,West_exit,7,4
dl_2290,15,East_exit,15,11
dl_2290,16,West_exit,16,10
dl_2290,18,East_exit,18,13
dl_2290,19,West_exit,19,12
dl_2290,21,East_exit,21,15
dl_2290,22,West_exit,22,14
dl_2290,24,West_exit,24,16
dl_2290,25,West_exit,25,16
dl_2291,15,,,
dl_2291,3,East_exit,3,3
dl_2291,4,West_exit,4,2
dl_2291,2,East_exit,2,2
dl_2291,11,West_exit,11,7
dl_2291,12,East_exit,12,9
dl_2291,13,West_exit,13,8
dl_2291,9,East_exit,9,7
dl_2291,6,East_exit,6,5
dl_2291,7,West_exit,7,4
dl_2291,15,East_exit,15,11
dl_2291,16,West_exit,16,10
dl_2291,18,East_exit,18,13
dl_2291,19,West_exit,19,12
dl_2291,21,East_exit,21,15
dl_2291,22,West_exit,22,14
dl_2291,23,West_exit,23,15
dl_2292,20,,,
dl_2292,11,West_exit,11,7
dl_2292,3,East_exit,3,3
dl_2292,4,West_exit,4,2
dl_2292,2,East_exit,2,2
dl_2292,6,East_exit,6,5
dl_2292,8,West_exit,8,5
dl_2292,12,East_exit,12,9
dl_2292,13,West_exit,13,8
dl_2292,9,East_exit,9,7
dl_2292,15,East_exit,15,11
dl_2292,16,West_exit,16,10
dl_2292,26,West_exit,26,17
dl_2292,21,East_exit,21,15
dl_2292,22,West_exit,22,14
dl_2292,23,West_exit,23,15
dl_2292,24,East_exit,24,17
dl_2292,25,West_exit,25,16
dl_2292,27,West_exit,27,18
dl_2292,28,West_exit,28,18
dl_2292,18,East_exit,18,13
dl_2292,19,West_exit,19,12
dl_2293,18,,,
dl_2293,11,West_exit,11,7
dl_2293,3,East_exit,3,3
dl_2293,4,West_exit,4,2
dl_2293,2,East_exit,2,2
dl_2293,6,East_exit,6,5
dl_2293,8,West_exit,8,5
dl_2293,12,East_exit,12,9
dl_2293,13,West_exit,13,8
dl_2293,9,East_exit,9,7
dl_2293,15,East_exit,15,11
dl_2293,16,West_exit,16,10
dl_2293,21,East_exit,21,15
dl_2293,22,West_exit,22,14
dl_2293,23,West_exit,23,15
dl_2293,24,East_exit,24,17
dl_2293,25,West_exit,25,16
dl_2293,26,West_exit,26,17
dl_2293,18,East_exit,18,13
dl_2293,19,West_exit,19,12
dl_2294,19,,,
dl_2294,11,West_exit,11,7
dl_2294,3,East_exit,3,3
dl_2294,4,West_exit,4,2
dl_2294,2,East_exit,2,2
dl_2294,6,East_exit,6,5
dl_2294,8,West_exit,8,5
dl_2294,12,East_exit,12,9
dl_2294,13,West_exit,13,8
dl_2294,9,East_exit,9,7
dl_2294,15,East_exit,15,11
dl_2294,16,West_exit,16,10
dl_2294,21,East_exit,21,15
dl_2294,22,West_exit,22,14
dl_2294,23,West_exit,23,15
dl_2294,24,East_exit,24,17
dl_2294,25,West_exit,25,16
dl_2294,18,East_exit,18,13
dl_2294,19,West_exit,19,12
dl_2294,27,West_exit,27,18
dl_2294,28,West_exit,28,18
dl_2295,17,,,
dl_2295,23,West_exit,23,15
dl_2295,11,West_exit,11,7
dl_2295,3,East_exit,3,3
dl_2295,4,West_exit,4,2
dl_2295,2,East_exit,2,2
dl_2295,6,East_exit,6,5
dl_2295,8,West_exit,8,5
dl_2295,12,East_exit,12,9
dl_2295,13,West_exit,13,8
dl_2295,9,East_exit,9,7
dl_2295,15,East_exit,15,11
dl_2295,16,West_exit,16,10
dl_2295,18,East_exit,18,13
dl_2295,19,West_exit,19,12
dl_2295,21,East_exit,21,15
dl_2295,22,West_exit,22,14
dl_2295,24,West_exit,24,16
dl_2295,25,West_exit,25,16
dl_2296,15,,,
dl_2296,11,West_exit,11,7
dl_2296,3,East_exit,3,3
dl_2296,4,West_exit,4,2
dl_2296,2,East_exit,2,2
dl_2296,6,East_exit,6,5
dl_2296,8,West_exit,8,5
dl_2296,12,East_exit,12,9
dl_2296,13,West_exit,13,8
dl_2296,9,East_exit,9,7
dl_2296,15,East_exit,15,11
dl_2296,16,West_exit,16,10
dl_2296,18,East_exit,18,13
dl_2296,19,West_exit,19,12
dl_2296,21,East_exit,21,15
dl_2296,22,West_exit,22,14
dl_2296,23,West_exit,23,15
dl_2297,19,,,
dl_2297,6,East_exit,6,5
dl_2297,7,West_exit,7,4
dl_2297,5,East_exit,5,4
dl_2297,9,East_exit,9,7
dl_2297,10,West_exit,10,6
dl_2297,12,East_exit,12,9
dl_2297,13,West_exit,13,8
dl_2297,15,East_exit,15,11
dl_2297,16,West_exit,16,10
dl_2297,3,East_exit,3,3
dl_2297,4,East_exit,4,3
dl_2297,18,East_exit,18,13
dl_2297,19,West_exit,19,12
dl_2297,26,West_exit,26,17
dl_2297,24,East_exit,24,17
dl_2297,25,West_exit,25,16
dl_2297,27,West_exit,27,18
dl_2297,28,West_exit,28,18
dl_2297,21,East_exit,21,15
dl_2297,22,West_exit,22,14
dl_2298,17,,,
dl_2298,6,East_exit,6,5
dl_2298,7,West_exit,7,4
dl_2298,5,East_exit,5,4
dl_2298,9,East_exit,9,7
dl_2298,10,West_exit,10,6
dl_2298,12,East_exit,12,9
dl_2298,13,West_exit,13,8
dl_2298,15,East_exit,15,11
dl_2298,16,West_exit,16,10
dl_2298,18,East_exit,18,13
dl_2298,19,West_exit,19,12
dl_2298,26,West_exit,26,17
dl_2298,24,East_exit,24,17
dl_2298,25,West_exit,25,16
dl_2298,27,West_exit,27,18
dl_2298,28,West_exit,28,18
dl_2298,21,East_exit,21,15
dl_2298,22,West_exit,22,14
dl_2299,17,,,
dl_2299,6,East_exit,6,5
dl_2299,7,West_exit,7,4
dl_2299,5,East_exit,5,4
dl_2299,9,East_exit,9,7
dl_2299,10,West_exit,10,6
dl_2299,12,East_exit,12,9
dl_2299,13,West_exit,13,8
dl_2299,15,East_exit,15,11
dl_2299,16,West_exit,16,10
dl_2299,3,East_exit,3,3
dl_2299,4,East_exit,4,3
dl_2299,18,East_exit,18,13
dl_2299,19,West_exit,19,12
dl_2299,24,East_exit,24,17
dl_2299,25,West_exit,25,16
dl_2299,26,West_exit,26,17
dl_2299,21,East_exit,21,15
dl_2299,22,West_exit,22,14
dl_2300,15,,,
dl_2300,6,East_exit,6,5
dl_2300,7,West_exit,7,4
dl_2300,5,East_exit,5,4
dl_2300,9,East_exit,9,7
dl_2300,10,West_exit,10,6
dl_2300,12,East_exit,12,9
dl_2300,13,West_exit,13,8
dl_2300,15,East_exit,15,11
dl_2300,16,West_exit,16,10
dl_2300,18,East_exit,18,13
dl_2300,19,West_exit,19,12
dl_2300,24,East_exit,24,17
dl_2300,25,West_exit,25,16
dl_2300,26,West_exit,26,17
dl_2300,21,East_exit,21,15
dl_2300,22,West_exit,22,14
dl_2301,19,,,
dl_2301,3,East_exit,3,3
dl_2301,4,West_exit,4,2
dl_2301,2,East_exit,2,2
dl_2301,6,East_exit,6,5
dl_2301,7,West_exit,7,4
dl_2301,12,East_exit,12,9
dl_2301,13,West_exit,13,8
dl_2301,9,East_exit,9,7
dl_2301,10,West_exit,10,6
dl_2301,15,East_exit,15,11
dl_2301,16,West_exit,16,10
dl_2301,18,East_exit,18,13
dl_2301,19,West_exit,19,12
dl_2301,26,West_exit,26,17
dl_2301,24,East_exit,24,17
dl_2301,25,West_exit,25,16
dl_2301,27,West_exit,27,18
dl_2301,28,West_exit,28,18
dl_2301,21,East_exit,21,15
dl_2301,22,West_exit,22,14
dl_2302,17,,,
dl_2302,3,East_exit,3,3
dl_2302,4,West_exit,4,2
dl_2302,2,East_exit,2,2
dl_2302,6,East_exit,6,5
dl_2302,7,West_exit,7,4
dl_2302,12,East_exit,12,9
dl_2302,13,West_exit,13,8
dl_2302,9,East_exit,9,7
dl_2302,10,West_exit,10,6
dl_2302,15,East_exit,15,11
dl_2302,16,West_exit,16,10
dl_2302,18,East_exit,18,13
dl_2302,19,West_exit,19,12
dl_2302,24,East_exit,24,17
dl_2302,25,West_exit,25,16
dl_2302,26,West_exit,26,17
dl_2302,21,East_exit,21,15
dl_2302,22,West_exit,22,14
dl_2303,19,,,
dl_2303,5,East_exit,5,4
dl_2303,8,West_exit,8,5
dl_2303,9,East_exit,9,7
dl_2303,10,West_exit,10,6
dl_2303,6,East_exit,6,5
dl_2303,12,East_exit,12,9
dl_2303,13,West_exit,13,8
dl_2303,15,East_exit,15,11
dl_2303,16,West_exit,16,10
dl_2303,18,East_exit,18,13
dl_2303,19,West_exit,19,12
dl_2303,26,West_exit,26,17
dl_2303,24,East_exit,24,17
dl_2303,25,West_exit,25,16
dl_2303,27,West_exit,27,18
dl_2303,28,West_exit,28,18
dl_2303,21,East_exit,21,15
dl_2303,22,West_exit,22,14
dl_2303,3,East_exit,3,3
dl_2303,4,East_exit,4,3
dl_2304,17,,,
dl_2304,8,West_exit,8,5
dl_2304,9,East_exit,9,7
dl_2304,10,West_exit,10,6
dl_2304,6,East_exit,6,5
dl_2304,5,East_exit,5,4
dl_2304,12,East_exit,12,9
dl_2304,13,West_exit,13,8
dl_2304,15,East_exit,15,11
dl_2304,16,West_exit,16,10
dl_2304,18,East_exit,18,13
dl_2304,19,West_exit,19,12
dl_2304,26,West_exit,26,17
dl_2304,24,East_exit,24,17
dl_2304,25,West_exit,25,16
dl_2304,27,West_exit,27,18
dl_2304,28,West_exit,28,18
dl_2304,21,East_exit,21,15
dl_2304,22,West_exit,22,14
dl_2305,15,,,
dl_2305,8,West_exit,8,5
dl_2305,9,East_exit,9,7
dl_2305,10,West_exit,10,6
dl_2305,6,East_exit,6,5
dl_2305,5,East_exit,5,4
dl_2305,12,East_exit,12,9
dl_2305,13,West_exit,13,8
dl_2305,15,East_exit,15,11
dl_2305,16,West_exit,16,10
dl_2305,18,East_exit,18,13
dl_2305,19,West_exit,19,12
dl_2305,21,East_exit,21,15
dl_2305,22,West_exit,22,14
dl_2305,24,East_exit,24,17
dl_2305,25,West_exit,25,16
dl_2305,26,West_exit,26,17
dl_2306,19,,,
dl_2306,8,West_exit,8,5
dl_2306,3,East_exit,3,3
dl_2306,4,West_exit,4,2
dl_2306,2,East_exit,2,2
dl_2306,9,East_exit,9,7
dl_2306,10,West_exit,10,6
dl_2306,6,East_exit,6,5
dl_2306,15,East_exit,15,11
dl_2306,16,West_exit,16,10
dl_2306,12,East_exit,12,9
dl_2306,13,West_exit,13,8
dl_2306,18,East_exit,18,13
dl_2306,19,West_exit,19,12
dl_2306,26,West_exit,26,17
dl_2306,24,East_exit,24,17
dl_2306,25,West_exit,25,16
dl_2306,27,West_exit,27,18
dl_2306,28,West_exit,28,18
dl_2306,21,East_exit,21,15
dl_2306,22,West_exit,22,14
dl_2307,17,,,
dl_2307,8,West_exit,8,5
dl_2307,3,East_exit,3,3
dl_2307,4,West_exit,4,2
dl_2307,2,East_exit,2,2
dl_2307,9,East_exit,9,7
dl_2307,10,West_exit,10,6
dl_2307,6,East_exit,6,5
dl_2307,15,East_exit,15,11
dl_2307,16,West_exit,16,10
dl_2307,12,East_exit,12,9
dl_2307,13,West_exit,13,8
dl_2307,18,East_exit,18,13
dl_2307,19,West_exit,19,12
dl_2307,24,East_exit,24,17
dl_2307,25,West_exit,25,16
dl_2307,26,West_exit,26,17
dl_2307,21,East_exit,21,15
dl_2307,22,West_exit,22,14
dl_2308,19,,,
dl_2308,5,East_exit,5,4
dl_2308,11,West_exit,11,7
dl_2308,12,East_exit,12,9
dl_2308,13,West_exit,13,8
dl_2308,9,East_exit,9,7
dl_2308,6,East_exit,6,5
dl_2308,7,West_exit,7,4
dl_2308,15,East_exit,15,11
dl_2308,16,West_exit,16,10
dl_2308,18,East_exit,18,13
dl_2308,19,West_exit,19,12
dl_2308,26,West_exit,26,17
dl_2308,24,East_exit,24,17
dl_2308,25,West_exit,25,16
dl_2308,27,West_exit,27,18
dl_2308,28,West_exit,28,18
dl_2308,21,East_exit,21,15
dl_2308,22,West_exit,22,14
dl_2308,3,East_exit,3,3
dl_2308,4,East_exit,4,3
dl_2309,17,,,
dl_2309,11,West_exit,11,7
dl_2309,12,East_exit,12,9
dl_2309,13,West_exit,13,8
dl_2309,5,East_exit,5,4
dl_2309,9,East_exit,9,7
dl_2309,6,East_exit,6,5
dl_2309,7,West_exit,7,4
dl_2309,15,East_exit,15,11
dl_2309,16,West_exit,16,10
dl_2309,18,East_exit,18,13
dl_2309,19,West_exit,19,12
dl_2309,26,West_exit,26,17
dl_2309,24,East_exit,24,17
dl_2309,25,West_exit,25,16
dl_2309,27,West_exit,27,18
dl_2309,28,West_exit,28,18
dl_2309,21,East_exit,21,15
dl_2309,22,West_exit,22,14
dl_2310,15,,,
dl_2310,11,West_exit,11,7
dl_2310,12,East_exit,12,9
dl_2310,13,West_exit,13,8
dl_2310,5,East_exit,5,4
dl_2310,9,East_exit,9,7
dl_2310,6,East_exit,6,5
dl_2310,7,West_exit,7,4
dl_2310,15,East_exit,15,11
dl_2310,16,West_exit,16,10
dl_2310,18,East_exit,18,13
dl_2310,19,West_exit,19,12
dl_2310,21,East_exit,21,15
dl_2310,22,West_exit,22,14
dl_2310,24,East_exit,24,17
dl_2310,25,West_exit,25,16
dl_2310,26,West_exit,26,17
dl_2311,19,,,
dl_2311,3,East_exit,3,3
dl_2311,4,West_exit,4,2
dl_2311,2,East_exit,2,2
dl_2311,11,West_exit,11,7
dl_2311,15,East_exit,15,11
dl_2311,16,West_exit,16,10
dl_2311,12,East_exit,12,9
dl_2311,13,West_exit,13,8
dl_2311,9,East_exit,9,7
dl_2311,6,East_exit,6,5
dl_2311,7,West_exit,7,4
dl_2311,18,East_exit,18,13
dl_2311,19,West_exit,19,12
dl_2311,26,West_exit,26,17
dl_2311,24,East_exit,24,17
dl_2311,25,West_exit,25,16
dl_2311,27,West_exit,27,18
dl_2311,28,West_exit,28,18
dl_2311,21,East_exit,21,15
dl_2311,22,West_exit,22,14
dl_2312,17,,,
dl_2312,3,East_exit,3,3
dl_2312,4,West_exit,4,2
dl_2312,2,East_exit,2,2
dl_2312,11,West_exit,11,7
dl_2312,15,East_exit,15,11
dl_2312,16,West_exit,16,10
dl_2312,12,East_exit,12,9
dl_2312,13,West_exit,13,8
dl_2312,9,East_exit,9,7
dl_2312,6,East_exit,6,5
dl_2312,7,West_exit,7,4
dl_2312,18,East_exit,18,13
dl_2312,19,West_exit,19,12
dl_2312,24,East_exit,24,17
dl_2312,25,West_exit,25,16
dl_2312,26,West_exit,26,17
dl_2312,21,East_exit,21,15
dl_2312,22,West_exit,22,14
dl_2313,19,,,
dl_2313,5,East_exit,5,4
dl_2313,6,East_exit,6,5
dl_2313,8,West_exit,8,5
dl_2313,11,West_exit,11,7
dl_2313,12,East_exit,12,9
dl_2313,13,West_exit,13,8
dl_2313,9,East_exit,9,7
dl_2313,15,East_exit,15,11
dl_2313,16,West_exit,16,10
dl_2313,18,East_exit,18,13
dl_2313,19,West_exit,19,12
dl_2313,26,West_exit,26,17
dl_2313,24,East_exit,24,17
dl_2313,25,West_exit,25,16
dl_2313,27,West_exit,27,18
dl_2313,28,West_exit,28,18
dl_2313,21,East_exit,21,15
dl_2313,22,West_exit,22,14
dl_2313,3,East_exit,3,3
dl_2313,4,East_exit,4,3
dl_2314,17,,,
dl_2314,6,East_exit,6,5
dl_2314,8,West_exit,8,5
dl_2314,11,West_exit,11,7
dl_2314,12,East_exit,12,9
dl_2314,13,West_exit,13,8
dl_2314,9,East_exit,9,7
dl_2314,5,East_exit,5,4
dl_2314,15,East_exit,15,11
dl_2314,16,West_exit,16,10
dl_2314,18,East_exit,18,13
dl_2314,19,West_exit,19,12
dl_2314,26,West_exit,26,17
dl_2314,24,East_exit,24,17
dl_2314,25,West_exit,25,16
dl_2314,27,West_exit,27,18
dl_2314,28,West_exit,28,18
dl_2314,21,East_exit,21,15
dl_2314,22,West_exit,22,14
dl_2315,15,,,
dl_2315,6,East_exit,6,5
dl_2315,8,West_exit,8,5
dl_2315,11,West_exit,11,7
dl_2315,12,East_exit,12,9
dl_2315,13,West_exit,13,8
dl_2315,9,East_exit,9,7
dl_2315,5,East_exit,5,4
dl_2315,15,East_exit,15,11
dl_2315,16,West_exit,16,10
dl_2315,18,East_exit,18,13
dl_2315,19,West_exit,19,12
dl_2315,24,East_exit,24,17
dl_2315,25,West_exit,25,16
dl_2315,26,West_exit,26,17
dl_2315,21,East_exit,21,15
dl_2315,22,West_exit,22,14
dl_2316,19,,,
dl_2316,3,East_exit,3,3
dl_2316,4,West_exit,4,2
dl_2316,2,East_exit,2,2
dl_2316,6,East_exit,6,5
dl_2316,8,West_exit,8,5
dl_2316,11,West_exit,11,7
dl_2316,12,East_exit,12,9
dl_2316,13,West_exit,13,8
dl_2316,9,East_exit,9,7
dl_2316,15,East_exit,15,11
dl_2316,16,West_exit,16,10
dl_2316,18,East_exit,18,13
dl_2316,19,West_exit,19,12
dl_2316,26,West_exit,26,17
dl_2316,24,East_exit,24,17
dl_2316,25,West_exit,25,16
dl_2316,27,West_exit,27,18
dl_2316,28,West_exit,28,18
dl_2316,21,East_exit,21,15
dl_2316,22,West_exit,22,14
dl_2317,17,,,
dl_2317,3,East_exit,3,3
dl_2317,4,West_exit,4,2
dl_2317,2,East_exit,2,2
dl_2317,6,East_exit,6,5
dl_2317,8,West_exit,8,5
dl_2317,11,West_exit,11,7
dl_2317,12,East_exit,12,9
dl_2317,13,West_exit,13,8
dl_2317,9,East_exit,9,7
dl_2317,15,East_exit,15,11
dl_2317,16,West_exit,16,10
dl_2317,18,East_exit,18,13
dl_2317,19,West_exit,19,12
dl_2317,24,East_exit,24,17
dl_2317,25,West_exit,25,16
dl_2317,26,West_exit,26,17
dl_2317,21,East_exit,21,15
dl_2317,22,West_exit,22,14
