path_id,waypt_x,waypt_y,line_id,warnings
(0-1),409505.4782,6956972.932,,
(0-1),409521.372,6957000.966,"seg449(389,390)",
(0-1),409553.5722,6957054.711,"seg446(387,390)",
(0-1),409559.0915,6957063.061,"seg447(387,388)",
(0-1),409581.2331,6957101.167,"seg444(385,388)",
(0-1),409592.9947,6957127.01,"seg445(385,386)",
(0-1),409597.3762,6957135.628,"seg442(384,386)",
(0-0),409597.3762,6957135.628,,
(0-0),409592.9947,6957127.01,"seg442(384,386)",
(0-0),409581.2331,6957101.167,"seg445(385,386)",
(0-0),409559.0915,6957063.061,"seg444(385,388)",
(0-0),409553.5722,6957054.711,"seg447(387,388)",
(0-0),409521.372,6957000.966,"seg446(387,390)",
(0-0),409505.4782,6956972.932,"seg449(389,390)",
(1-2),409597.3762,6957135.628,,
(1-2),409608.5041,6957153.657,"seg443(384,440)",
(1-2),409725.5812,6957351.6,"seg440(440,441)",
(1-2),409748.5161,6957389.435,"seg441(438,441)",
(1-2),409761.2918,6957411.796,"seg438(438,439)",
(1-2),409767.0315,6957423.802,"seg439(436,439)",
(1-2),409775.0235,6957438.484,"seg436(436,437)",
(1-2),409782.3249,6957453.05,"seg437(408,437)",
(1-1),409782.3249,6957453.05,,
(1-1),409775.0235,6957438.484,"seg437(408,437)",
(1-1),409767.0315,6957423.802,"seg436(436,437)",
(1-1),409761.2918,6957411.796,"seg439(436,439)",
(1-1),409748.5161,6957389.435,"seg438(438,439)",
(1-1),409725.5812,6957351.6,"seg441(438,441)",
(1-1),409608.5041,6957153.657,"seg440(440,441)",
(1-1),409597.3762,6957135.628,"seg443(384,440)",
(2-3),409782.3249,6957453.05,,
(2-3),409721.333,6957351.679,"seg232(408,423)",
(2-3),409702.4089,6957319.192,"seg233(423,424)",
(2-3),409608.9354,6957162.135,"seg230(421,424)",
(2-3),409575.4744,6957105.168,"seg231(421,422)",
(2-3),409551.221,6957065.44,"seg228(419,422)",
(2-3),409501.2668,6956981.431,"seg229(419,420)",
(2-3),409497.0744,6956973.977,"seg226(417,420)",
(2-3),409489.4806,6956958.966,"seg227(417,418)",
(2-3),409482.9733,6956943.962,"seg224(415,418)",
(2-3),409480.1637,6956936.519,"seg225(415,416)",
(2-3),409475.3356,6956921.528,"seg222(413,416)",
(2-3),409471.4952,6956906.544,"seg223(413,414)",
(2-3),409468.8376,6956891.901,"seg220(222,414)",
(2-3),409466.967,6956877.708,"seg221(222,223)",
(2-3),409465.3479,6956856.204,"seg218(220,223)",
(2-3),409465.3501,6956849.225,"seg219(220,221)",
(2-3),409467.1375,6956821.21,"seg216(218,221)",
(2-3),409469.4169,6956806.826,"seg217(218,219)",
(2-3),409475.0266,6956782.883,"seg214(216,219)",
(2-3),409479.5716,6956769.346,"seg215(216,217)",
(2-3),409488.8271,6956746.593,"seg212(214,217)",
(2-3),409498.2189,6956725.448,"seg213(214,215)",
(2-3),409525.9102,6956660.679,"seg210(212,215)",
(2-2),409525.9102,6956660.679,,
(2-2),409498.2189,6956725.448,"seg210(212,215)",
(2-2),409488.8271,6956746.593,"seg213(214,215)",
(2-2),409479.5716,6956769.346,"seg212(214,217)",
(2-2),409475.0266,6956782.883,"seg215(216,217)",
(2-2),409469.4169,6956806.826,"seg214(216,219)",
(2-2),409467.1375,6956821.21,"seg217(218,219)",
(2-2),409465.3501,6956849.225,"seg216(218,221)",
(2-2),409465.3479,6956856.204,"seg219(220,221)",
(2-2),409466.967,6956877.708,"seg218(220,223)",
(2-2),409468.8376,6956891.901,"seg221(222,223)",
(2-2),409471.4952,6956906.544,"seg220(222,414)",
(2-2),409475.3356,6956921.528,"seg223(413,414)",
(2-2),409480.1637,6956936.519,"seg222(413,416)",
(2-2),409482.9733,6956943.962,"seg225(415,416)",
(2-2),409489.4806,6956958.966,"seg224(415,418)",
(2-2),409497.0744,6956973.977,"seg227(417,418)",
(2-2),409501.2668,6956981.431,"seg226(417,420)",
(2-2),409551.221,6957065.44,"seg229(419,420)",
(2-2),409575.4744,6957105.168,"seg228(419,422)",
(2-2),409608.9354,6957162.135,"seg231(421,422)",
(2-2),409702.4089,6957319.192,"seg230(421,424)",
(2-2),409721.333,6957351.679,"seg233(423,424)",
(2-2),409782.3249,6957453.05,"seg232(408,423)",
(3-1),409525.9102,6956660.679,,
(3-1),409504.8351,6956719.016,"seg403(212,406)",
(3-1),409493.1216,6956746.902,"seg400(406,407)",
(3-1),409483.8628,6956770.097,"seg401(404,407)",
(3-1),409481.1395,6956777.721,"seg462(404,405)",
(3-1),409474.5899,6956801.879,"seg463(402,405)",
(3-1),409471.4288,6956821.962,"seg460(402,403)",
(3-1),409470.6842,6956829.157,"seg461(400,403)",
(3-1),409469.5426,6956849.976,"seg458(400,401)",
(3-1),409469.7872,6956863.659,"seg459(398,401)",
(3-1),409470.7713,6956877.514,"seg456(398,399)",
(3-1),409472.642,6956891.708,"seg457(396,399)",
(3-1),409477.1214,6956913.787,"seg454(396,397)",
(3-1),409484.0669,6956936.327,"seg455(394,397)",
(3-1),409486.9744,6956943.881,"seg452(394,395)",
(3-1),409493.6788,6956958.942,"seg453(392,395)",
(3-1),409501.224,6956973.842,"seg450(392,393)",
(3-1),409541.9142,6957041.608,"seg451(391,393)",
(3-1),409597.3762,6957135.628,"seg448(384,391)",
(3-3),409597.3762,6957135.628,,
(3-3),409541.9142,6957041.608,"seg448(384,391)",
(3-3),409501.224,6956973.842,"seg451(391,393)",
(3-3),409493.6788,6956958.942,"seg450(392,393)",
(3-3),409486.9744,6956943.881,"seg453(392,395)",
(3-3),409484.0669,6956936.327,"seg452(394,395)",
(3-3),409477.1214,6956913.787,"seg455(394,397)",
(3-3),409472.642,6956891.708,"seg454(396,397)",
(3-3),409470.7713,6956877.514,"seg457(396,399)",
(3-3),409469.7872,6956863.659,"seg456(398,399)",
(3-3),409469.5426,6956849.976,"seg459(398,401)",
(3-3),409470.6842,6956829.157,"seg458(400,401)",
(3-3),409471.4288,6956821.962,"seg461(400,403)",
(3-3),409474.5899,6956801.879,"seg460(402,403)",
(3-3),409481.1395,6956777.721,"seg463(402,405)",
(3-3),409483.8628,6956770.097,"seg462(404,405)",
(3-3),409493.1216,6956746.902,"seg401(404,407)",
(3-3),409504.8351,6956719.016,"seg400(406,407)",
(3-3),409525.9102,6956660.679,"seg403(212,406)",
(4-4),409525.9102,6956660.679,,
(4-4),409531.4329,6956648.478,"seg1488(212,1632)",
(4-4),409585.7123,6956521.037,"seg1489(1632,1633)",
(4-4),409615.4556,6956452.461,"seg1550(1630,1633)",
(4-4),409648.2636,6956374.375,"seg1551(1630,1631)",
(4-4),409668.5673,6956325.744,"seg1548(1628,1631)",
(4-4),409705.4011,6956243.194,"seg1549(1628,1629)",
(4-4),409748.0227,6956142.475,"seg1546(1626,1629)",
(4-4),409767.8142,6956097.201,"seg1547(1626,1627)",
(4-4),409772.0962,6956085.766,"seg1544(1624,1627)",
(4-4),409782.4364,6956063.132,"seg1545(1624,1625)",
(4-4),409794.4514,6956041.065,"seg1542(1622,1625)",
(4-4),409801.5421,6956030.482,"seg1543(1622,1623)",
(4-4),409817.4913,6956010.659,"seg1540(1620,1623)",
(4-4),409826.4512,6956001.087,"seg1541(1620,1621)",
(4-4),409835.8019,6955992.071,"seg1538(1618,1621)",
(4-4),409855.9735,6955975.603,"seg1539(1618,1619)",
(4-4),409877.4175,6955960.694,"seg1536(1616,1619)",
(4-4),409899.7969,6955946.18,"seg1537(1616,1617)",
(4-4),409943.1793,6955916.256,"seg1534(1614,1617)",
(4-4),409963.3547,6955899.233,"seg1535(1614,1615)",
(4-4),409969.4229,6955893.351,"seg1532(1612,1615)",
(4-4),409986.988,6955872.435,"seg1533(1612,1613)",
(4-4),409998.764,6955856.623,"seg1530(1610,1613)",
(4-4),410005.2158,6955847.806,"seg1531(1610,1611)",
(4-4),410017.5355,6955824.522,"seg1528(1608,1611)",
(4-4),410022.8081,6955812.651,"seg1529(1608,1609)",
(4-4),410031.5338,6955787.845,"seg1526(1606,1609)",
(4-4),410045.0157,6955747.509,"seg1527(1606,1607)",
(4-4),410053.0701,6955726.686,"seg1524(1607,1665)",
(4-4),410059.2347,6955714.379,"seg1525(1665,1666)",
(4-4),410071.2286,6955695.08,"seg1522(1663,1666)",
(4-4),410078.0193,6955684.938,"seg1523(1663,1664)",
(4-4),410092.9727,6955666.104,"seg1520(1661,1664)",
(4-4),410101.1355,6955657.412,"seg1521(1661,1662)",
(4-4),410118.3376,6955641.697,"seg1582(1659,1662)",
(4-4),410127.2806,6955634.34,"seg1583(1659,1660)",
(4-4),410145.845,6955621.404,"seg1580(1657,1660)",
(4-4),410154.5779,6955615.763,"seg1581(1657,1658)",
(4-4),410164.4454,6955610.296,"seg1578(1655,1658)",
(4-4),410180.8979,6955602.496,"seg1579(1655,1656)",
(4-4),410194.1734,6955596.944,"seg1576(1653,1656)",
(4-4),410213.3831,6955590.272,"seg1577(1653,1654)",
(4-4),410224.5655,6955587.307,"seg1574(1651,1654)",
(4-4),410243.6059,6955583.514,"seg1575(1651,1652)",
(4-4),410262.3868,6955581.436,"seg1572(1649,1652)",
(4-4),410280.8609,6955580.796,"seg1573(1649,1650)",
(4-4),410295.225,6955581.677,"seg1570(1647,1650)",
(4-4),410305.6375,6955582.695,"seg1571(1647,1648)",
(4-4),410335.0375,6955587.12,"seg1568(1645,1648)",
(4-4),410373.7981,6955594.604,"seg1569(1645,1646)",
(4-4),410404.3773,6955599.868,"seg1566(1643,1646)",
(4-4),410421.7536,6955600.771,"seg1567(1643,1644)",
(4-4),410430.7441,6955600.394,"seg1564(1641,1644)",
(4-4),410450.5219,6955597.049,"seg1565(1641,1642)",
(4-4),410459.7213,6955595.122,"seg1562(1639,1642)",
(4-4),410478.1355,6955589.164,"seg1563(1639,1640)",
(4-4),410495.5759,6955581.315,"seg1560(1637,1640)",
(4-4),410511.946,6955571.243,"seg1561(1637,1638)",
(4-4),410519.5919,6955565.649,"seg1558(1635,1638)",
(4-4),410529.647,6955556.955,"seg1559(1635,1636)",
(4-4),410537.9508,6955548.455,"seg1556(1456,1636)",
(4-4),410544.0196,6955541.575,"seg1557(1456,1457)",
(4-4),410548.599,6955535.656,"seg1554(1454,1457)",
(4-4),410554.4458,6955527.623,"seg1555(1454,1455)",
(4-4),410558.6862,6955520.68,"seg1552(1452,1455)",
(4-4),410566.549,6955505.671,"seg1553(1452,1453)",
(4-4),410569.7174,6955497.829,"seg1614(1450,1453)",
(4-4),410573.2974,6955487.718,"seg1615(1450,1451)",
(4-4),410576.3343,6955477.604,"seg1612(1448,1451)",
(4-4),410579.431,6955459.292,"seg1613(1448,1449)",
(4-4),410580.4898,6955449.551,"seg1610(1446,1449)",
(4-4),410580.4363,6955429.832,"seg1611(1446,1447)",
(4-4),410578.3096,6955409.987,"seg1608(1444,1447)",
(4-4),410572.8129,6955378.263,"seg1609(1444,1445)",
(4-4),410568.9256,6955349.321,"seg1606(1442,1445)",
(4-4),410568.0132,6955339.011,"seg1607(1442,1443)",
(4-4),410566.9563,6955307.929,"seg1604(1440,1443)",
(4-4),410568.6728,6955275.76,"seg1605(1440,1441)",
(4-4),410569.8368,6955265.133,"seg1602(1438,1441)",
(4-4),410575.2996,6955233.878,"seg1603(1438,1439)",
(4-4),410579.9501,6955212.42,"seg1600(1436,1439)",
(4-4),410586.0293,6955191.416,"seg1601(1436,1437)",
(4-4),410605.6762,6955138.274,"seg1598(1434,1437)",
(4-4),410646.5513,6955031.779,"seg1599(1434,1435)",
(4-4),410654.0595,6955011.173,"seg1596(1432,1435)",
(4-4),410670.6672,6954968.422,"seg1597(1432,1433)",
(4-4),410679.3161,6954947.104,"seg1594(1430,1433)",
(4-4),410725.1215,6954827.96,"seg1595(1430,1431)",
(4-4),410732.1975,6954805.634,"seg1592(1428,1431)",
(4-4),410737.3025,6954782.74,"seg1593(1428,1429)",
(4-4),410739.1633,6954771.343,"seg1590(1426,1429)",
(4-4),410741.703,6954748.097,"seg1591(1426,1427)",
(4-4),410742.0829,6954736.634,"seg1588(1427,1488)",
(4-4),410741.7604,6954713.146,"seg1589(1488,1489)",
(4-4),410740.7589,6954701.507,"seg1586(1486,1489)",
(4-4),410737.6705,6954678.109,"seg1587(1486,1487)",
(4-4),410735.5827,6954666.462,"seg1584(1484,1487)",
(4-4),410732.9024,6954654.81,"seg1585(1484,1485)",
(4-4),410726.1553,6954632.051,"seg1390(1482,1485)",
(4-4),410721.9897,6954620.942,"seg1391(1482,1483)",
(4-4),410706.6727,6954588.372,"seg1388(1480,1483)",
(4-4),410695.5146,6954567.851,"seg1389(1480,1481)",
(4-4),410665.5661,6954517.116,"seg1386(1478,1481)",
(4-4),410640.9715,6954477.055,"seg1387(1478,1479)",
(4-4),410605.5091,6954417.362,"seg1384(1476,1479)",
(4-4),410583.5812,6954377.321,"seg1385(1476,1477)",
(4-4),410573.8558,6954356.755,"seg1382(1474,1477)",
(4-4),410569.3885,6954346.42,"seg1383(1474,1475)",
(4-4),410552.2584,6954305.305,"seg1380(1472,1475)",
(4-4),410548.3837,6954294.974,"seg1381(1472,1473)",
(4-4),410540.8309,6954274.424,"seg1378(1470,1473)",
(4-4),410530.5378,6954243.718,"seg1379(1470,1471)",
(4-4),410524.1701,6954223.177,"seg1376(1468,1471)",
(4-4),410518.3933,6954202.862,"seg1377(1468,1469)",
(4-4),410514.1998,6954182.115,"seg1374(1466,1469)",
(4-4),410512.7939,6954171.802,"seg1375(1466,1467)",
(4-4),410511.8388,6954160.606,"seg1372(1464,1467)",
(4-4),410511.6195,6954150.08,"seg1373(1464,1465)",
(4-4),410512.9576,6954129.152,"seg1370(1462,1465)",
(4-4),410514.5142,6954118.861,"seg1371(1462,1463)",
(4-4),410516.4184,6954108.295,"seg1368(1460,1463)",
(4-4),410522.1925,6954088.452,"seg1369(1460,1461)",
(4-4),410526.0778,6954077.07,"seg1366(1458,1461)",
(4-4),410534.404,6954059.351,"seg1367(1458,1459)",
(4-4),410539.509,6954049.971,"seg1364(1459,1520)",
(4-4),410551.4447,6954031.558,"seg1365(1520,1521)",
(4-4),410557.9249,6954023.186,"seg1362(1518,1521)",
(4-4),410565.0948,6954015.041,"seg1363(1518,1519)",
(4-4),410580.5615,6953999.921,"seg1360(1516,1519)",
(4-4),410588.9082,6953992.892,"seg1361(1516,1517)",
(4-4),410597.5479,6953986.308,"seg1422(1514,1517)",
(4-4),410616,6953974.811,"seg1423(1514,1515)",
(4-4),410625.7137,6953969.897,"seg1420(1512,1515)",
(4-4),410635.7204,6953965.428,"seg1421(1512,1513)",
(4-4),410656.413,6953958.157,"seg1418(1510,1513)",
(4-4),410667.0009,6953955.243,"seg1419(1510,1511)",
(4-4),410688.5564,6953951.523,"seg1416(1508,1511)",
(4-4),410699.6242,6953950.496,"seg1417(1508,1509)",
(4-4),410721.7479,6953950.103,"seg1414(1506,1509)",
(4-4),410748.6353,6953953.235,"seg1415(1506,1507)",
(4-4),410763.1291,6953956.387,"seg1412(1504,1507)",
(4-4),410776.0389,6953960.082,"seg1413(1504,1505)",
(4-4),410787.3153,6953964.318,"seg1410(1502,1505)",
(4-4),410807.399,6953972.829,"seg1411(1502,1503)",
(4-4),410829.1967,6953983.29,"seg1408(1500,1503)",
(4-4),410850.567,6953991.422,"seg1409(1500,1501)",
(4-4),410872.9401,6953997.457,"seg1406(1498,1501)",
(4-4),410884.1813,6953999.754,"seg1407(1498,1499)",
(4-4),410907.7621,6954002.696,"seg1404(1496,1499)",
(4-4),410919.1185,6954002.723,"seg1405(1496,1497)",
(4-4),410941.6895,6954001.945,"seg1402(1494,1497)",
(4-4),410967.3332,6953999.584,"seg1403(1494,1495)",
(4-4),411053.5176,6953989.797,"seg1400(1492,1495)",
(4-4),411104.1271,6953983.241,"seg1401(1492,1493)",
(4-4),411130.1165,6953980.882,"seg1398(1490,1493)",
(4-4),411236.8619,6953968.252,"seg1399(1490,1491)",
(4-4),411278.3844,6953961.906,"seg1396(1491,1552)",
(4-4),411364.062,6953947.018,"seg1397(1552,1553)",
(4-4),411438.6214,6953933.267,"seg1394(1550,1553)",
(4-4),411515.2514,6953919.918,"seg1395(1550,1551)",
(4-4),411547.4897,6953913.726,"seg1392(1548,1551)",
(4-4),411660.2128,6953893.658,"seg1393(1548,1549)",
(4-4),411692.6925,6953888.187,"seg1454(1546,1549)",
(4-4),411707.5278,6953885.082,"seg1455(1546,1547)",
(4-4),411933.565,6953844.946,"seg1452(1544,1547)",
(4-4),412321.5675,6953775.281,"seg1453(1544,1545)",
(4-4),412451.2988,6953751.617,"seg1450(1542,1545)",
(4-4),412515.8624,6953740.557,"seg1451(1542,1543)",
(4-4),412628.0888,6953720.422,"seg1448(1540,1543)",
(4-4),412675.5508,6953711.787,"seg1449(1540,1541)",
(4-4),412706.3548,6953705.748,"seg1446(1538,1541)",
(4-4),412831.3368,6953683.153,"seg1447(1538,1539)",
(4-4),412877.5109,6953675.063,"seg1444(1536,1539)",
(4-4),412893.5748,6953672.685,"seg1445(1536,1537)",
(4-4),412923.5404,6953666.473,"seg1442(1534,1537)",
(4-4),412952.9261,6953658.484,"seg1443(1534,1535)",
(4-4),412981.3354,6953648.937,"seg1440(1532,1535)",
(4-4),412995.2979,6953643.498,"seg1441(1532,1533)",
(4-4),413022.4382,6953631.837,"seg1438(1530,1533)",
(4-4),413035.617,6953625.505,"seg1439(1530,1531)",
(4-4),413048.5026,6953618.729,"seg1436(1528,1531)",
(4-4),413072.9973,6953604.169,"seg1437(1528,1529)",
(4-4),413107.8236,6953580.931,"seg1434(1526,1529)",
(4-4),413118.7445,6953572.7,"seg1435(1526,1527)",
(4-4),413139.4061,6953555.564,"seg1432(1524,1527)",
(4-4),413149.0464,6953546.881,"seg1433(1524,1525)",
(4-4),413175.4027,6953520.425,"seg1430(1522,1525)",
(4-4),413199.478,6953495.338,"seg1431(1522,1523)",
(4-4),413215.0928,6953479.663,"seg1428(1332,1523)",
(4-4),413274.0868,6953418.155,"seg1429(1332,1333)",
(4-4),413284.0125,6953407.38,"seg1426(1330,1333)",
(4-4),413287.2573,6953403.84,"seg1427(1330,1331)",
(4-4),413313.1329,6953377.041,"seg1424(1328,1331)",
(4-4),413326.1194,6953363.397,"seg1425(1328,1329)",
(4-4),413338.6507,6953350.925,"seg1486(1326,1329)",
(4-4),413360.8402,6953327.098,"seg1487(1326,1327)",
(4-4),413370.298,6953316.253,"seg1484(1324,1327)",
(4-4),413377.2727,6953307.44,"seg1485(1324,1325)",
(4-4),413385.7545,6953294.982,"seg1482(1322,1325)",
(4-4),413395.5488,6953278.434,"seg1483(1322,1323)",
(4-4),413399.9539,6953269.935,"seg1480(1320,1323)",
(4-4),413406.9795,6953253.922,"seg1481(1320,1321)",
(4-4),413413.5318,6953235.025,"seg1478(1318,1321)",
(4-4),413415.5537,6953228.392,"seg1479(1318,1319)",
(4-4),413420.2463,6953207.155,"seg1476(1316,1319)",
(4-4),413423.0637,6953185.795,"seg1477(1316,1317)",
(4-4),413423.6075,6953178.708,"seg1474(1314,1317)",
(4-4),413424.0018,6953164.864,"seg1475(1314,1315)",
(4-4),413423.9383,6953131.961,"seg1472(1313,1315)",
(4-3),413423.9383,6953131.961,,
(4-3),413424.0018,6953164.864,"seg1472(1313,1315)",
(4-3),413423.6075,6953178.708,"seg1475(1314,1315)",
(4-3),413423.0637,6953185.795,"seg1474(1314,1317)",
(4-3),413420.2463,6953207.155,"seg1477(1316,1317)",
(4-3),413415.5537,6953228.392,"seg1476(1316,1319)",
(4-3),413413.5318,6953235.025,"seg1479(1318,1319)",
(4-3),413406.9795,6953253.922,"seg1478(1318,1321)",
(4-3),413399.9539,6953269.935,"seg1481(1320,1321)",
(4-3),413395.5488,6953278.434,"seg1480(1320,1323)",
(4-3),413385.7545,6953294.982,"seg1483(1322,1323)",
(4-3),413377.2727,6953307.44,"seg1482(1322,1325)",
(4-3),413370.298,6953316.253,"seg1485(1324,1325)",
(4-3),413360.8402,6953327.098,"seg1484(1324,1327)",
(4-3),413338.6507,6953350.925,"seg1487(1326,1327)",
(4-3),413326.1194,6953363.397,"seg1486(1326,1329)",
(4-3),413313.1329,6953377.041,"seg1425(1328,1329)",
(4-3),413287.2573,6953403.84,"seg1424(1328,1331)",
(4-3),413284.0125,6953407.38,"seg1427(1330,1331)",
(4-3),413274.0868,6953418.155,"seg1426(1330,1333)",
(4-3),413215.0928,6953479.663,"seg1429(1332,1333)",
(4-3),413199.478,6953495.338,"seg1428(1332,1523)",
(4-3),413175.4027,6953520.425,"seg1431(1522,1523)",
(4-3),413149.0464,6953546.881,"seg1430(1522,1525)",
(4-3),413139.4061,6953555.564,"seg1433(1524,1525)",
(4-3),413118.7445,6953572.7,"seg1432(1524,1527)",
(4-3),413107.8236,6953580.931,"seg1435(1526,1527)",
(4-3),413072.9973,6953604.169,"seg1434(1526,1529)",
(4-3),413048.5026,6953618.729,"seg1437(1528,1529)",
(4-3),413035.617,6953625.505,"seg1436(1528,1531)",
(4-3),413022.4382,6953631.837,"seg1439(1530,1531)",
(4-3),412995.2979,6953643.498,"seg1438(1530,1533)",
(4-3),412981.3354,6953648.937,"seg1441(1532,1533)",
(4-3),412952.9261,6953658.484,"seg1440(1532,1535)",
(4-3),412923.5404,6953666.473,"seg1443(1534,1535)",
(4-3),412893.5748,6953672.685,"seg1442(1534,1537)",
(4-3),412877.5109,6953675.063,"seg1445(1536,1537)",
(4-3),412831.3368,6953683.153,"seg1444(1536,1539)",
(4-3),412706.3548,6953705.748,"seg1447(1538,1539)",
(4-3),412675.5508,6953711.787,"seg1446(1538,1541)",
(4-3),412628.0888,6953720.422,"seg1449(1540,1541)",
(4-3),412515.8624,6953740.557,"seg1448(1540,1543)",
(4-3),412451.2988,6953751.617,"seg1451(1542,1543)",
(4-3),412321.5675,6953775.281,"seg1450(1542,1545)",
(4-3),411933.565,6953844.946,"seg1453(1544,1545)",
(4-3),411707.5278,6953885.082,"seg1452(1544,1547)",
(4-3),411692.6925,6953888.187,"seg1455(1546,1547)",
(4-3),411660.2128,6953893.658,"seg1454(1546,1549)",
(4-3),411547.4897,6953913.726,"seg1393(1548,1549)",
(4-3),411515.2514,6953919.918,"seg1392(1548,1551)",
(4-3),411438.6214,6953933.267,"seg1395(1550,1551)",
(4-3),411364.062,6953947.018,"seg1394(1550,1553)",
(4-3),411278.3844,6953961.906,"seg1397(1552,1553)",
(4-3),411236.8619,6953968.252,"seg1396(1491,1552)",
(4-3),411130.1165,6953980.882,"seg1399(1490,1491)",
(4-3),411104.1271,6953983.241,"seg1398(1490,1493)",
(4-3),411053.5176,6953989.797,"seg1401(1492,1493)",
(4-3),410967.3332,6953999.584,"seg1400(1492,1495)",
(4-3),410941.6895,6954001.945,"seg1403(1494,1495)",
(4-3),410919.1185,6954002.723,"seg1402(1494,1497)",
(4-3),410907.7621,6954002.696,"seg1405(1496,1497)",
(4-3),410884.1813,6953999.754,"seg1404(1496,1499)",
(4-3),410872.9401,6953997.457,"seg1407(1498,1499)",
(4-3),410850.567,6953991.422,"seg1406(1498,1501)",
(4-3),410829.1967,6953983.29,"seg1409(1500,1501)",
(4-3),410807.399,6953972.829,"seg1408(1500,1503)",
(4-3),410787.3153,6953964.318,"seg1411(1502,1503)",
(4-3),410776.0389,6953960.082,"seg1410(1502,1505)",
(4-3),410763.1291,6953956.387,"seg1413(1504,1505)",
(4-3),410748.6353,6953953.235,"seg1412(1504,1507)",
(4-3),410721.7479,6953950.103,"seg1415(1506,1507)",
(4-3),410699.6242,6953950.496,"seg1414(1506,1509)",
(4-3),410688.5564,6953951.523,"seg1417(1508,1509)",
(4-3),410667.0009,6953955.243,"seg1416(1508,1511)",
(4-3),410656.413,6953958.157,"seg1419(1510,1511)",
(4-3),410635.7204,6953965.428,"seg1418(1510,1513)",
(4-3),410625.7137,6953969.897,"seg1421(1512,1513)",
(4-3),410616,6953974.811,"seg1420(1512,1515)",
(4-3),410597.5479,6953986.308,"seg1423(1514,1515)",
(4-3),410588.9082,6953992.892,"seg1422(1514,1517)",
(4-3),410580.5615,6953999.921,"seg1361(1516,1517)",
(4-3),410565.0948,6954015.041,"seg1360(1516,1519)",
(4-3),410557.9249,6954023.186,"seg1363(1518,1519)",
(4-3),410551.4447,6954031.558,"seg1362(1518,1521)",
(4-3),410539.509,6954049.971,"seg1365(1520,1521)",
(4-3),410534.404,6954059.351,"seg1364(1459,1520)",
(4-3),410526.0778,6954077.07,"seg1367(1458,1459)",
(4-3),410522.1925,6954088.452,"seg1366(1458,1461)",
(4-3),410516.4184,6954108.295,"seg1369(1460,1461)",
(4-3),410514.5142,6954118.861,"seg1368(1460,1463)",
(4-3),410512.9576,6954129.152,"seg1371(1462,1463)",
(4-3),410511.6195,6954150.08,"seg1370(1462,1465)",
(4-3),410511.8388,6954160.606,"seg1373(1464,1465)",
(4-3),410512.7939,6954171.802,"seg1372(1464,1467)",
(4-3),410514.1998,6954182.115,"seg1375(1466,1467)",
(4-3),410518.3933,6954202.862,"seg1374(1466,1469)",
(4-3),410524.1701,6954223.177,"seg1377(1468,1469)",
(4-3),410530.5378,6954243.718,"seg1376(1468,1471)",
(4-3),410540.8309,6954274.424,"seg1379(1470,1471)",
(4-3),410548.3837,6954294.974,"seg1378(1470,1473)",
(4-3),410552.2584,6954305.305,"seg1381(1472,1473)",
(4-3),410569.3885,6954346.42,"seg1380(1472,1475)",
(4-3),410573.8558,6954356.755,"seg1383(1474,1475)",
(4-3),410583.5812,6954377.321,"seg1382(1474,1477)",
(4-3),410605.5091,6954417.362,"seg1385(1476,1477)",
(4-3),410640.9715,6954477.055,"seg1384(1476,1479)",
(4-3),410665.5661,6954517.116,"seg1387(1478,1479)",
(4-3),410695.5146,6954567.851,"seg1386(1478,1481)",
(4-3),410706.6727,6954588.372,"seg1389(1480,1481)",
(4-3),410721.9897,6954620.942,"seg1388(1480,1483)",
(4-3),410726.1553,6954632.051,"seg1391(1482,1483)",
(4-3),410732.9024,6954654.81,"seg1390(1482,1485)",
(4-3),410735.5827,6954666.462,"seg1585(1484,1485)",
(4-3),410737.6705,6954678.109,"seg1584(1484,1487)",
(4-3),410740.7589,6954701.507,"seg1587(1486,1487)",
(4-3),410741.7604,6954713.146,"seg1586(1486,1489)",
(4-3),410742.0829,6954736.634,"seg1589(1488,1489)",
(4-3),410741.703,6954748.097,"seg1588(1427,1488)",
(4-3),410739.1633,6954771.343,"seg1591(1426,1427)",
(4-3),410737.3025,6954782.74,"seg1590(1426,1429)",
(4-3),410732.1975,6954805.634,"seg1593(1428,1429)",
(4-3),410725.1215,6954827.96,"seg1592(1428,1431)",
(4-3),410679.3161,6954947.104,"seg1595(1430,1431)",
(4-3),410670.6672,6954968.422,"seg1594(1430,1433)",
(4-3),410654.0595,6955011.173,"seg1597(1432,1433)",
(4-3),410646.5513,6955031.779,"seg1596(1432,1435)",
(4-3),410605.6762,6955138.274,"seg1599(1434,1435)",
(4-3),410586.0293,6955191.416,"seg1598(1434,1437)",
(4-3),410579.9501,6955212.42,"seg1601(1436,1437)",
(4-3),410575.2996,6955233.878,"seg1600(1436,1439)",
(4-3),410569.8368,6955265.133,"seg1603(1438,1439)",
(4-3),410568.6728,6955275.76,"seg1602(1438,1441)",
(4-3),410566.9563,6955307.929,"seg1605(1440,1441)",
(4-3),410568.0132,6955339.011,"seg1604(1440,1443)",
(4-3),410568.9256,6955349.321,"seg1607(1442,1443)",
(4-3),410572.8129,6955378.263,"seg1606(1442,1445)",
(4-3),410578.3096,6955409.987,"seg1609(1444,1445)",
(4-3),410580.4363,6955429.832,"seg1608(1444,1447)",
(4-3),410580.4898,6955449.551,"seg1611(1446,1447)",
(4-3),410579.431,6955459.292,"seg1610(1446,1449)",
(4-3),410576.3343,6955477.604,"seg1613(1448,1449)",
(4-3),410573.2974,6955487.718,"seg1612(1448,1451)",
(4-3),410569.7174,6955497.829,"seg1615(1450,1451)",
(4-3),410566.549,6955505.671,"seg1614(1450,1453)",
(4-3),410558.6862,6955520.68,"seg1553(1452,1453)",
(4-3),410554.4458,6955527.623,"seg1552(1452,1455)",
(4-3),410548.599,6955535.656,"seg1555(1454,1455)",
(4-3),410544.0196,6955541.575,"seg1554(1454,1457)",
(4-3),410537.9508,6955548.455,"seg1557(1456,1457)",
(4-3),410529.647,6955556.955,"seg1556(1456,1636)",
(4-3),410519.5919,6955565.649,"seg1559(1635,1636)",
(4-3),410511.946,6955571.243,"seg1558(1635,1638)",
(4-3),410495.5759,6955581.315,"seg1561(1637,1638)",
(4-3),410478.1355,6955589.164,"seg1560(1637,1640)",
(4-3),410459.7213,6955595.122,"seg1563(1639,1640)",
(4-3),410450.5219,6955597.049,"seg1562(1639,1642)",
(4-3),410430.7441,6955600.394,"seg1565(1641,1642)",
(4-3),410421.7536,6955600.771,"seg1564(1641,1644)",
(4-3),410404.3773,6955599.868,"seg1567(1643,1644)",
(4-3),410373.7981,6955594.604,"seg1566(1643,1646)",
(4-3),410335.0375,6955587.12,"seg1569(1645,1646)",
(4-3),410305.6375,6955582.695,"seg1568(1645,1648)",
(4-3),410295.225,6955581.677,"seg1571(1647,1648)",
(4-3),410280.8609,6955580.796,"seg1570(1647,1650)",
(4-3),410262.3868,6955581.436,"seg1573(1649,1650)",
(4-3),410243.6059,6955583.514,"seg1572(1649,1652)",
(4-3),410224.5655,6955587.307,"seg1575(1651,1652)",
(4-3),410213.3831,6955590.272,"seg1574(1651,1654)",
(4-3),410194.1734,6955596.944,"seg1577(1653,1654)",
(4-3),410180.8979,6955602.496,"seg1576(1653,1656)",
(4-3),410164.4454,6955610.296,"seg1579(1655,1656)",
(4-3),410154.5779,6955615.763,"seg1578(1655,1658)",
(4-3),410145.845,6955621.404,"seg1581(1657,1658)",
(4-3),410127.2806,6955634.34,"seg1580(1657,1660)",
(4-3),410118.3376,6955641.697,"seg1583(1659,1660)",
(4-3),410101.1355,6955657.412,"seg1582(1659,1662)",
(4-3),410092.9727,6955666.104,"seg1521(1661,1662)",
(4-3),410078.0193,6955684.938,"seg1520(1661,1664)",
(4-3),410071.2286,6955695.08,"seg1523(1663,1664)",
(4-3),410059.2347,6955714.379,"seg1522(1663,1666)",
(4-3),410053.0701,6955726.686,"seg1525(1665,1666)",
(4-3),410045.0157,6955747.509,"seg1524(1607,1665)",
(4-3),410031.5338,6955787.845,"seg1527(1606,1607)",
(4-3),410022.8081,6955812.651,"seg1526(1606,1609)",
(4-3),410017.5355,6955824.522,"seg1529(1608,1609)",
(4-3),410005.2158,6955847.806,"seg1528(1608,1611)",
(4-3),409998.764,6955856.623,"seg1531(1610,1611)",
(4-3),409986.988,6955872.435,"seg1530(1610,1613)",
(4-3),409969.4229,6955893.351,"seg1533(1612,1613)",
(4-3),409963.3547,6955899.233,"seg1532(1612,1615)",
(4-3),409943.1793,6955916.256,"seg1535(1614,1615)",
(4-3),409899.7969,6955946.18,"seg1534(1614,1617)",
(4-3),409877.4175,6955960.694,"seg1537(1616,1617)",
(4-3),409855.9735,6955975.603,"seg1536(1616,1619)",
(4-3),409835.8019,6955992.071,"seg1539(1618,1619)",
(4-3),409826.4512,6956001.087,"seg1538(1618,1621)",
(4-3),409817.4913,6956010.659,"seg1541(1620,1621)",
(4-3),409801.5421,6956030.482,"seg1540(1620,1623)",
(4-3),409794.4514,6956041.065,"seg1543(1622,1623)",
(4-3),409782.4364,6956063.132,"seg1542(1622,1625)",
(4-3),409772.0962,6956085.766,"seg1545(1624,1625)",
(4-3),409767.8142,6956097.201,"seg1544(1624,1627)",
(4-3),409748.0227,6956142.475,"seg1547(1626,1627)",
(4-3),409705.4011,6956243.194,"seg1546(1626,1629)",
(4-3),409668.5673,6956325.744,"seg1549(1628,1629)",
(4-3),409648.2636,6956374.375,"seg1548(1628,1631)",
(4-3),409615.4556,6956452.461,"seg1551(1630,1631)",
(4-3),409585.7123,6956521.037,"seg1550(1630,1633)",
(4-3),409531.4329,6956648.478,"seg1489(1632,1633)",
(4-3),409525.9102,6956660.679,"seg1488(212,1632)",
(5-5),413423.9383,6953131.961,,
(5-5),413422.2998,6953091.404,"seg4045(1313,3859)",
(5-5),413421.372,6953082.978,"seg4042(3857,3859)",
(5-5),413420.7196,6953070.51,"seg4043(3857,3858)",
(5-5),413417.5456,6953030.662,"seg4040(3855,3858)",
(5-5),413413.6158,6952958.073,"seg4041(3855,3856)",
(5-5),413412.9149,6952938.515,"seg4038(3856,3912)",
(5-4),413412.9149,6952938.515,,
(5-4),413413.6158,6952958.073,"seg4038(3856,3912)",
(5-4),413417.5456,6953030.662,"seg4041(3855,3856)",
(5-4),413420.7196,6953070.51,"seg4040(3855,3858)",
(5-4),413421.372,6953082.978,"seg4043(3857,3858)",
(5-4),413422.2998,6953091.404,"seg4042(3857,3859)",
(5-4),413423.9383,6953131.961,"seg4045(1313,3859)",
(6-6),413412.9149,6952938.515,,
(6-6),413411.4453,6952915.961,"seg4039(3910,3912)",
(6-6),413407.294,6952832.846,"seg4036(3910,3911)",
(6-6),413406.208,6952804.921,"seg4037(3908,3911)",
(6-6),413405.7208,6952776.115,"seg4034(3908,3909)",
(6-6),413406.0774,6952753.629,"seg4035(3906,3909)",
(6-6),413407.6355,6952714.867,"seg4032(3906,3907)",
(6-6),413410.1394,6952681.983,"seg4033(3904,3907)",
(6-6),413415.7872,6952637.378,"seg4030(3904,3905)",
(6-6),413418.8787,6952619.121,"seg4031(3902,3905)",
(6-6),413424.5053,6952591.465,"seg4028(3902,3903)",
(6-6),413431.7116,6952563.821,"seg4029(3900,3903)",
(6-6),413437.9658,6952545.144,"seg4026(3900,3901)",
(6-6),413445.009,6952526.582,"seg4027(3898,3901)",
(6-6),413453.2363,6952508.14,"seg4024(3898,3899)",
(6-6),413461.8581,6952489.756,"seg4025(3896,3899)",
(6-6),413477.1594,6952462.335,"seg4022(3896,3897)",
(6-6),413488.934,6952444.915,"seg4023(3894,3897)",
(6-6),413502.1889,6952427.616,"seg4020(3894,3895)",
(6-6),413509.5579,6952418.806,"seg4021(3892,3895)",
(6-6),413525.4793,6952401.415,"seg4018(3892,3893)",
(6-6),413544.0176,6952383.987,"seg4019(3890,3893)",
(6-6),413553.5572,6952375.414,"seg4016(3890,3891)",
(6-6),413574.4112,6952358.612,"seg4017(3888,3891)",
(6-6),413597.6286,6952342.713,"seg4014(3888,3889)",
(6-6),413660.0119,6952303.604,"seg4015(3887,3889)",
(6-6),413709.9897,6952273.382,"seg3820(3885,3887)",
(6-5),413709.9897,6952273.382,,
(6-5),413660.0119,6952303.604,"seg3820(3885,3887)",
(6-5),413597.6286,6952342.713,"seg4015(3887,3889)",
(6-5),413574.4112,6952358.612,"seg4014(3888,3889)",
(6-5),413553.5572,6952375.414,"seg4017(3888,3891)",
(6-5),413544.0176,6952383.987,"seg4016(3890,3891)",
(6-5),413525.4793,6952401.415,"seg4019(3890,3893)",
(6-5),413509.5579,6952418.806,"seg4018(3892,3893)",
(6-5),413502.1889,6952427.616,"seg4021(3892,3895)",
(6-5),413488.934,6952444.915,"seg4020(3894,3895)",
(6-5),413477.1594,6952462.335,"seg4023(3894,3897)",
(6-5),413461.8581,6952489.756,"seg4022(3896,3897)",
(6-5),413453.2363,6952508.14,"seg4025(3896,3899)",
(6-5),413445.009,6952526.582,"seg4024(3898,3899)",
(6-5),413437.9658,6952545.144,"seg4027(3898,3901)",
(6-5),413431.7116,6952563.821,"seg4026(3900,3901)",
(6-5),413424.5053,6952591.465,"seg4029(3900,3903)",
(6-5),413418.8787,6952619.121,"seg4028(3902,3903)",
(6-5),413415.7872,6952637.378,"seg4031(3902,3905)",
(6-5),413410.1394,6952681.983,"seg4030(3904,3905)",
(6-5),413407.6355,6952714.867,"seg4033(3904,3907)",
(6-5),413406.0774,6952753.629,"seg4032(3906,3907)",
(6-5),413405.7208,6952776.115,"seg4035(3906,3909)",
(6-5),413406.208,6952804.921,"seg4034(3908,3909)",
(6-5),413407.294,6952832.846,"seg4037(3908,3911)",
(6-5),413411.4453,6952915.961,"seg4036(3910,3911)",
(6-5),413412.9149,6952938.515,"seg4039(3910,3912)",
(7-7),413709.9897,6952273.382,,
(7-7),413762.7913,6952241.738,"seg3821(3885,3886)",
(7-6),413762.7913,6952241.738,,
(7-6),413709.9897,6952273.382,"seg3821(3885,3886)",
(8-8),413762.7913,6952241.738,,
(8-8),413823.4462,6952209.541,"seg4326(3867,3886)",
(8-7),413823.4462,6952209.541,,
(8-7),413762.7913,6952241.738,"seg4326(3867,3886)",
(9-9),413823.4462,6952209.541,,
(9-9),413853.941,6952190.702,"seg3986(3866,3867)",
(9-9),414072.7791,6952059.36,"seg3989(3866,3869)",
(9-9),414163.0153,6952004.437,"seg3988(3868,3869)",
(9-9),414277.6357,6951935.837,"seg3991(3868,3871)",
(9-9),414464.8411,6951822.656,"seg3990(3870,3871)",
(9-9),414764.8207,6951642.351,"seg3993(3870,3873)",
(9-9),414822.3295,6951607.412,"seg3992(3872,3873)",
(9-9),414851.8239,6951590.004,"seg3995(3872,3875)",
(9-9),415012.5964,6951492.638,"seg3994(3874,3875)",
(9-9),415403.773,6951257.229,"seg3997(3874,3877)",
(9-9),415464.9417,6951220.762,"seg3996(3876,3877)",
(9-9),415479.6667,6951211.558,"seg3999(3876,3879)",
(9-9),415510.8892,6951193.828,"seg3998(3878,3879)",
(9-9),415542.4023,6951176.874,"seg4001(3878,3881)",
(9-9),415590.4537,6951152.613,"seg4000(3880,3881)",
(9-9),415623.1398,6951137.329,"seg4003(3880,3883)",
(9-9),415672.7513,6951115.848,"seg4002(3882,3883)",
(9-9),415740.3648,6951089.505,"seg4005(3824,3882)",
(9-9),415791.6282,6951071.801,"seg4004(3823,3824)",
(9-9),415844.064,6951055.878,"seg4007(3823,3826)",
(9-9),416124.2036,6950977.045,"seg4006(3825,3826)",
(9-9),416658.5612,6950825.829,"seg4009(3825,3828)",
(9-9),416891.2092,6950760.557,"seg4008(3827,3828)",
(9-9),417100.5179,6950700.828,"seg4011(3827,3830)",
(9-9),417277.1778,6950651.066,"seg4010(3829,3830)",
(9-9),417341.5169,6950633.5,"seg4013(3829,3832)",
(9-9),417500.9677,6950588.05,"seg4012(3831,3832)",
(9-9),417532.2334,6950577.847,"seg3951(3831,3834)",
(9-9),417562.9149,6950566.422,"seg3950(3833,3834)",
(9-9),417578.1595,6950560.322,"seg3953(3833,3836)",
(9-9),417622.2311,6950539.626,"seg3952(3835,3836)",
(9-9),417651.1601,6950524.533,"seg3955(3835,3838)",
(9-9),417665.3315,6950516.542,"seg3954(3837,3838)",
(9-9),417693.2859,6950499.559,"seg3957(3837,3840)",
(9-9),417706.9687,6950490.789,"seg3956(3839,3840)",
(9-9),417976.652,6950303.833,"seg3959(3839,3842)",
(9-9),418178.5938,6950162.779,"seg3958(3841,3842)",
(9-9),418192.1809,6950153.454,"seg3961(3841,3844)",
(9-9),418205.8619,6950144.849,"seg3960(3843,3844)",
(9-9),418218.5142,6950135.075,"seg3963(3843,3846)",
(9-9),418258.882,6950106.874,"seg3962(3845,3846)",
(9-9),418353.9907,6950041.596,"seg3965(3845,3848)",
(9-9),418475.9792,6949957.11,"seg3964(3847,3848)",
(9-9),418543.6192,6949910.037,"seg3967(3847,3850)",
(9-9),418556.4673,6949900.429,"seg3966(3849,3850)",
(9-9),418569.9558,6949890.992,"seg3969(3849,3852)",
(9-9),418638.085,6949844.475,"seg3968(3851,3852)",
(9-9),418666.1396,6949826.827,"seg3971(3851,3854)",
(9-9),418694.586,6949809.624,"seg3970(3853,3854)",
(9-9),418723.3219,6949793.419,"seg3973(3853,4028)",
(9-9),418752.7443,6949777.884,"seg3972(4027,4028)",
(9-9),418767.6027,6949770.228,"seg3975(4027,4030)",
(9-9),418797.4125,6949755.804,"seg3974(4029,4030)",
(9-9),418813.5512,6949748.6,"seg3977(4029,4032)",
(9-9),418859.3861,6949729.185,"seg3976(4031,4032)",
(9-9),418874.727,6949723.194,"seg3979(4031,4034)",
(9-9),418921.6306,6949706.335,"seg3978(4033,4034)",
(9-9),418953.2876,6949696.131,"seg3981(4033,4036)",
(9-9),418985.0366,6949686.926,"seg3980(4035,4036)",
(9-9),419017.1738,6949678.72,"seg3919(4035,4038)",
(9-9),419065.616,6949667.963,"seg3918(4037,4038)",
(9-9),419114.6873,6949659.093,"seg3921(4037,4040)",
(9-9),419180.3952,6949649.779,"seg3920(4039,4040)",
(9-9),419541.6693,6949601.316,"seg3923(4039,4042)",
(9-9),419575.3075,6949597.439,"seg3922(4041,4042)",
(9-9),419821.8205,6949564.219,"seg3925(4041,4044)",
(9-9),419871.8074,6949558.565,"seg3924(4043,4044)",
(9-9),420639.9317,6949456.234,"seg3927(4043,4046)",
(9-9),420688.1359,6949451.34,"seg3926(4045,4046)",
(9-9),420720.2295,6949449.554,"seg3929(4045,4048)",
(9-9),420752.0191,6949448.985,"seg3928(4047,4048)",
(9-9),420783.4041,6949449.909,"seg3931(4047,4050)",
(9-9),420815.1768,6949451.943,"seg3930(4049,4050)",
(9-9),420862.0792,6949457.509,"seg3933(4049,4052)",
(9-9),420890.6299,6949461.682,"seg3932(4051,4052)",
(9-9),420906.0529,6949465.659,"seg3935(4051,4054)",
(9-9),420935.429,6949471.942,"seg3934(4053,4054)",
(9-9),420964.2043,6949479.55,"seg3937(4053,4056)",
(9-9),420990.972,6949487.231,"seg3936(4055,4056)",
(9-9),421004.8858,6949491.721,"seg3939(4055,4058)",
(9-9),421022.5514,6949497.735,"seg3938(4057,4058)",
(9-9),421041.8886,6949505.112,"seg3941(3996,4057)",
(9-9),421077.3618,6949518.617,"seg3940(3995,3996)",
(9-9),421116.8957,6949533.448,"seg3943(3995,3998)",
(9-9),421130.8119,6949538.894,"seg3942(3997,3998)",
(9-9),421140.5898,6949543.28,"seg3945(3997,4000)",
(9-9),421153.2863,6949549.123,"seg3944(3999,4000)",
(9-9),421177.6872,6949561.577,"seg3947(3999,4002)",
(9-9),421189.4896,6949568.3,"seg3946(4001,4002)",
(9-9),421212.1002,6949582.847,"seg3949(4001,4004)",
(9-9),421243.8667,6949608.863,"seg3948(4003,4004)",
(9-9),421262.2225,6949624.989,"seg4143(4003,4006)",
(9-9),421271.6392,6949634.3,"seg4142(4005,4006)",
(9-9),421288.2501,6949653.128,"seg4145(4005,4008)",
(9-9),421297.6128,6949663.159,"seg4144(4007,4008)",
(9-9),421319.3663,6949695.868,"seg4147(4007,4010)",
(9-9),421325.9033,6949707.819,"seg4146(4009,4010)",
(9-9),421337.6469,6949731.38,"seg4149(4009,4012)",
(9-9),421342.8946,6949744.264,"seg4148(4011,4012)",
(9-9),421349.6353,6949762.918,"seg4151(4011,4014)",
(9-9),421441.5138,6950035.693,"seg4150(4013,4014)",
(9-9),421449.7181,6950057.071,"seg4153(4013,4016)",
(9-9),421455.5831,6950073.781,"seg4152(4015,4016)",
(9-9),421463.5535,6950093.163,"seg4155(4015,4018)",
(9-9),421476.7904,6950122.549,"seg4154(4017,4018)",
(9-9),421486.4404,6950141.72,"seg4157(4017,4020)",
(9-9),421498.057,6950162.123,"seg4156(4019,4020)",
(9-9),421516.9574,6950193.539,"seg4159(4019,4022)",
(9-9),421529.2846,6950210.9,"seg4158(4021,4022)",
(9-9),421541.3228,6950227.151,"seg4161(4021,4024)",
(9-9),421554.346,6950243.741,"seg4160(4023,4024)",
(9-9),421568.7602,6950258.955,"seg4163(4023,4026)",
(9-9),421582.7274,6950274.609,"seg4162(4025,4026)",
(9-9),421606.2207,6950298.023,"seg4165(3964,4025)",
(9-9),421628.0154,6950316.94,"seg4164(3963,3964)",
(9-9),421639.7033,6950326.265,"seg4167(3963,3966)",
(9-9),421671.2373,6950350.506,"seg4166(3965,3966)",
(9-9),421687.554,6950361.578,"seg4169(3965,3968)",
(9-9),421704.5139,6950372.432,"seg4168(3967,3968)",
(9-9),421866.4808,6950470.455,"seg4171(3967,3970)",
(9-9),421880.5316,6950480.848,"seg4170(3969,3970)",
(9-9),421909.6517,6950504.464,"seg4173(3969,3972)",
(9-9),421922.1682,6950515.511,"seg4172(3971,3972)",
(9-9),421946.6995,6950538.875,"seg4111(3971,3974)",
(9-9),421957.1441,6950549.743,"seg4110(3973,3974)",
(9-9),421978.1224,6950572.974,"seg4113(3973,3976)",
(9-9),421996.2971,6950594.637,"seg4112(3975,3976)",
(9-9),422023.8871,6950633.807,"seg4115(3975,3978)",
(9-9),422036.3966,6950653.716,"seg4114(3977,3978)",
(9-9),422055.2967,6950685.52,"seg4117(3977,3980)",
(9-9),422066.6679,6950705.92,"seg4116(3979,3980)",
(9-9),422077.59,6950727.093,"seg4119(3979,3982)",
(9-9),422094.8385,6950762.486,"seg4118(3981,3982)",
(9-9),422111.8576,6950802.918,"seg4121(3981,3984)",
(9-9),422119.1384,6950822.295,"seg4120(3983,3984)",
(9-9),422124.4277,6950836.619,"seg4123(3983,3986)",
(9-9),422134.1497,6950867.976,"seg4122(3985,3986)",
(9-9),422138.0629,6950881.35,"seg4125(3985,3988)",
(9-9),422149.324,6950926.841,"seg4124(3987,3988)",
(9-9),422158.6823,6950976.585,"seg4127(3987,3990)",
(9-9),422160.938,6950994.434,"seg4126(3989,3990)",
(9-9),422165.4771,6951041.323,"seg4129(3989,3992)",
(9-9),422176.7849,6951211.329,"seg4128(3991,3992)",
(9-9),422190.5972,6951406.72,"seg4131(3991,3994)",
(9-9),422205.4813,6951604.443,"seg4130(3993,3994)",
(9-9),422207.4722,6951640.681,"seg4133(3932,3993)",
(9-9),422208.6189,6951654.425,"seg4132(3931,3932)",
(9-9),422212.3378,6951682.863,"seg4135(3931,3934)",
(9-9),422215.2126,6951696.562,"seg4134(3933,3934)",
(9-9),422218.6822,6951709.878,"seg4137(3933,3936)",
(9-9),422222.8426,6951723.253,"seg4136(3935,3936)",
(9-9),422228.5654,6951739.352,"seg4139(3935,3938)",
(9-9),422240.981,6951766.517,"seg4138(3937,3938)",
(9-9),422254.8909,6951791.586,"seg4141(3937,3940)",
(9-9),422271.8734,6951814.791,"seg4140(3939,3940)",
(9-9),422279.171,6951823.921,"seg4079(3939,3942)",
(9-9),422288.0436,6951833.782,"seg4078(3941,3942)",
(9-9),422299.4737,6951845.154,"seg4081(3941,3944)",
(9-9),422312.1848,6951856.921,"seg4080(3943,3944)",
(9-9),422342.6734,6951883.37,"seg4083(3943,3946)",
(9-9),422705.8019,6952182.003,"seg4082(3945,3946)",
(9-9),422839.3427,6952291.353,"seg4085(3945,3948)",
(9-9),422851.7772,6952300.183,"seg4084(3947,3948)",
(9-9),422881.095,6952316.929,"seg4087(3947,3950)",
(9-9),422894.3246,6952324.933,"seg4086(3949,3950)",
(9-9),422915.6353,6952335.37,"seg4089(3949,3952)",
(9-9),422950.9458,6952349.108,"seg4088(3951,3952)",
(9-9),422971.1483,6952355.217,"seg4091(3951,3954)",
(9-9),422996.0897,6952361.411,"seg4090(3953,3954)",
(9-9),423028.2435,6952366.876,"seg4093(3953,3956)",
(9-9),423045.7105,6952368.37,"seg4092(3955,3956)",
(9-9),423577.4911,6952410.367,"seg4095(3955,3958)",
(9-9),423856.9813,6952431.718,"seg4094(3957,3958)",
(9-9),424708.029,6952498.413,"seg4097(3957,3960)",
(9-9),426187.6936,6952614.776,"seg4096(3959,3960)",
(9-9),426483.4178,6952638.712,"seg4099(3959,3962)",
(9-9),426778.2122,6952661.418,"seg4098(3961,3962)",
(9-9),427344.9935,6952707.115,"seg4101(3961,4156)",
(9-9),427560.735,6952724.069,"seg4100(4155,4156)",
(9-9),427605.9422,6952726.608,"seg4103(4155,4158)",
(9-9),427637.7342,6952726.906,"seg4102(4157,4158)",
(9-9),427661.2877,6952726.16,"seg4105(4157,4160)",
(9-9),427679.2156,6952724.992,"seg4104(4159,4160)",
(9-9),427693.3926,6952723.635,"seg4107(4159,4162)",
(9-9),427724.1244,6952719.552,"seg4106(4161,4162)",
(9-9),427763.5183,6952711.643,"seg4109(4161,4164)",
(9-9),427790.6129,6952704.824,"seg4108(4163,4164)",
(9-9),427817.1215,6952696.894,"seg4047(4163,4166)",
(9-9),427829.9832,6952692.538,"seg4046(4165,4166)",
(9-9),427855.5136,6952683.051,"seg4049(4165,4168)",
(9-9),427880.2612,6952672.341,"seg4048(4167,4168)",
(9-9),427892.3408,6952666.652,"seg4051(4167,4170)",
(9-9),427916.1102,6952654.385,"seg4050(4169,4170)",
(9-9),427950.0438,6952634.701,"seg4053(4169,4172)",
(9-9),427982.5591,6952612.737,"seg4052(4171,4172)",
(9-9),428003.2858,6952597.35,"seg4055(4171,4174)",
(9-9),428023.1297,6952580.961,"seg4054(4173,4174)",
(9-9),428051.4207,6952555.317,"seg4057(4173,4176)",
(9-9),428078.1334,6952529.386,"seg4056(4175,4176)",
(9-9),428095.7147,6952511.543,"seg4059(4175,4178)",
(9-9),428111.7205,6952492.971,"seg4058(4177,4178)",
(9-9),428121.6962,6952484.002,"seg4061(4177,4180)",
(9-9),428130.3367,6952475.412,"seg4060(4179,4180)",
(9-9),428263.3931,6952339.162,"seg4063(4179,4182)",
(9-8),428263.3931,6952339.162,,
(9-8),428130.3367,6952475.412,"seg4063(4179,4182)",
(9-8),428121.6962,6952484.002,"seg4060(4179,4180)",
(9-8),428111.7205,6952492.971,"seg4061(4177,4180)",
(9-8),428095.7147,6952511.543,"seg4058(4177,4178)",
(9-8),428078.1334,6952529.386,"seg4059(4175,4178)",
(9-8),428051.4207,6952555.317,"seg4056(4175,4176)",
(9-8),428023.1297,6952580.961,"seg4057(4173,4176)",
(9-8),428003.2858,6952597.35,"seg4054(4173,4174)",
(9-8),427982.5591,6952612.737,"seg4055(4171,4174)",
(9-8),427950.0438,6952634.701,"seg4052(4171,4172)",
(9-8),427916.1102,6952654.385,"seg4053(4169,4172)",
(9-8),427892.3408,6952666.652,"seg4050(4169,4170)",
(9-8),427880.2612,6952672.341,"seg4051(4167,4170)",
(9-8),427855.5136,6952683.051,"seg4048(4167,4168)",
(9-8),427829.9832,6952692.538,"seg4049(4165,4168)",
(9-8),427817.1215,6952696.894,"seg4046(4165,4166)",
(9-8),427790.6129,6952704.824,"seg4047(4163,4166)",
(9-8),427763.5183,6952711.643,"seg4108(4163,4164)",
(9-8),427724.1244,6952719.552,"seg4109(4161,4164)",
(9-8),427693.3926,6952723.635,"seg4106(4161,4162)",
(9-8),427679.2156,6952724.992,"seg4107(4159,4162)",
(9-8),427661.2877,6952726.16,"seg4104(4159,4160)",
(9-8),427637.7342,6952726.906,"seg4105(4157,4160)",
(9-8),427605.9422,6952726.608,"seg4102(4157,4158)",
(9-8),427560.735,6952724.069,"seg4103(4155,4158)",
(9-8),427344.9935,6952707.115,"seg4100(4155,4156)",
(9-8),426778.2122,6952661.418,"seg4101(3961,4156)",
(9-8),426483.4178,6952638.712,"seg4098(3961,3962)",
(9-8),426187.6936,6952614.776,"seg4099(3959,3962)",
(9-8),424708.029,6952498.413,"seg4096(3959,3960)",
(9-8),423856.9813,6952431.718,"seg4097(3957,3960)",
(9-8),423577.4911,6952410.367,"seg4094(3957,3958)",
(9-8),423045.7105,6952368.37,"seg4095(3955,3958)",
(9-8),423028.2435,6952366.876,"seg4092(3955,3956)",
(9-8),422996.0897,6952361.411,"seg4093(3953,3956)",
(9-8),422971.1483,6952355.217,"seg4090(3953,3954)",
(9-8),422950.9458,6952349.108,"seg4091(3951,3954)",
(9-8),422915.6353,6952335.37,"seg4088(3951,3952)",
(9-8),422894.3246,6952324.933,"seg4089(3949,3952)",
(9-8),422881.095,6952316.929,"seg4086(3949,3950)",
(9-8),422851.7772,6952300.183,"seg4087(3947,3950)",
(9-8),422839.3427,6952291.353,"seg4084(3947,3948)",
(9-8),422705.8019,6952182.003,"seg4085(3945,3948)",
(9-8),422342.6734,6951883.37,"seg4082(3945,3946)",
(9-8),422312.1848,6951856.921,"seg4083(3943,3946)",
(9-8),422299.4737,6951845.154,"seg4080(3943,3944)",
(9-8),422288.0436,6951833.782,"seg4081(3941,3944)",
(9-8),422279.171,6951823.921,"seg4078(3941,3942)",
(9-8),422271.8734,6951814.791,"seg4079(3939,3942)",
(9-8),422254.8909,6951791.586,"seg4140(3939,3940)",
(9-8),422240.981,6951766.517,"seg4141(3937,3940)",
(9-8),422228.5654,6951739.352,"seg4138(3937,3938)",
(9-8),422222.8426,6951723.253,"seg4139(3935,3938)",
(9-8),422218.6822,6951709.878,"seg4136(3935,3936)",
(9-8),422215.2126,6951696.562,"seg4137(3933,3936)",
(9-8),422212.3378,6951682.863,"seg4134(3933,3934)",
(9-8),422208.6189,6951654.425,"seg4135(3931,3934)",
(9-8),422207.4722,6951640.681,"seg4132(3931,3932)",
(9-8),422205.4813,6951604.443,"seg4133(3932,3993)",
(9-8),422190.5972,6951406.72,"seg4130(3993,3994)",
(9-8),422176.7849,6951211.329,"seg4131(3991,3994)",
(9-8),422165.4771,6951041.323,"seg4128(3991,3992)",
(9-8),422160.938,6950994.434,"seg4129(3989,3992)",
(9-8),422158.6823,6950976.585,"seg4126(3989,3990)",
(9-8),422149.324,6950926.841,"seg4127(3987,3990)",
(9-8),422138.0629,6950881.35,"seg4124(3987,3988)",
(9-8),422134.1497,6950867.976,"seg4125(3985,3988)",
(9-8),422124.4277,6950836.619,"seg4122(3985,3986)",
(9-8),422119.1384,6950822.295,"seg4123(3983,3986)",
(9-8),422111.8576,6950802.918,"seg4120(3983,3984)",
(9-8),422094.8385,6950762.486,"seg4121(3981,3984)",
(9-8),422077.59,6950727.093,"seg4118(3981,3982)",
(9-8),422066.6679,6950705.92,"seg4119(3979,3982)",
(9-8),422055.2967,6950685.52,"seg4116(3979,3980)",
(9-8),422036.3966,6950653.716,"seg4117(3977,3980)",
(9-8),422023.8871,6950633.807,"seg4114(3977,3978)",
(9-8),421996.2971,6950594.637,"seg4115(3975,3978)",
(9-8),421978.1224,6950572.974,"seg4112(3975,3976)",
(9-8),421957.1441,6950549.743,"seg4113(3973,3976)",
(9-8),421946.6995,6950538.875,"seg4110(3973,3974)",
(9-8),421922.1682,6950515.511,"seg4111(3971,3974)",
(9-8),421909.6517,6950504.464,"seg4172(3971,3972)",
(9-8),421880.5316,6950480.848,"seg4173(3969,3972)",
(9-8),421866.4808,6950470.455,"seg4170(3969,3970)",
(9-8),421704.5139,6950372.432,"seg4171(3967,3970)",
(9-8),421687.554,6950361.578,"seg4168(3967,3968)",
(9-8),421671.2373,6950350.506,"seg4169(3965,3968)",
(9-8),421639.7033,6950326.265,"seg4166(3965,3966)",
(9-8),421628.0154,6950316.94,"seg4167(3963,3966)",
(9-8),421606.2207,6950298.023,"seg4164(3963,3964)",
(9-8),421582.7274,6950274.609,"seg4165(3964,4025)",
(9-8),421568.7602,6950258.955,"seg4162(4025,4026)",
(9-8),421554.346,6950243.741,"seg4163(4023,4026)",
(9-8),421541.3228,6950227.151,"seg4160(4023,4024)",
(9-8),421529.2846,6950210.9,"seg4161(4021,4024)",
(9-8),421516.9574,6950193.539,"seg4158(4021,4022)",
(9-8),421498.057,6950162.123,"seg4159(4019,4022)",
(9-8),421486.4404,6950141.72,"seg4156(4019,4020)",
(9-8),421476.7904,6950122.549,"seg4157(4017,4020)",
(9-8),421463.5535,6950093.163,"seg4154(4017,4018)",
(9-8),421455.5831,6950073.781,"seg4155(4015,4018)",
(9-8),421449.7181,6950057.071,"seg4152(4015,4016)",
(9-8),421441.5138,6950035.693,"seg4153(4013,4016)",
(9-8),421349.6353,6949762.918,"seg4150(4013,4014)",
(9-8),421342.8946,6949744.264,"seg4151(4011,4014)",
(9-8),421337.6469,6949731.38,"seg4148(4011,4012)",
(9-8),421325.9033,6949707.819,"seg4149(4009,4012)",
(9-8),421319.3663,6949695.868,"seg4146(4009,4010)",
(9-8),421297.6128,6949663.159,"seg4147(4007,4010)",
(9-8),421288.2501,6949653.128,"seg4144(4007,4008)",
(9-8),421271.6392,6949634.3,"seg4145(4005,4008)",
(9-8),421262.2225,6949624.989,"seg4142(4005,4006)",
(9-8),421243.8667,6949608.863,"seg4143(4003,4006)",
(9-8),421212.1002,6949582.847,"seg3948(4003,4004)",
(9-8),421189.4896,6949568.3,"seg3949(4001,4004)",
(9-8),421177.6872,6949561.577,"seg3946(4001,4002)",
(9-8),421153.2863,6949549.123,"seg3947(3999,4002)",
(9-8),421140.5898,6949543.28,"seg3944(3999,4000)",
(9-8),421130.8119,6949538.894,"seg3945(3997,4000)",
(9-8),421116.8957,6949533.448,"seg3942(3997,3998)",
(9-8),421077.3618,6949518.617,"seg3943(3995,3998)",
(9-8),421041.8886,6949505.112,"seg3940(3995,3996)",
(9-8),421022.5514,6949497.735,"seg3941(3996,4057)",
(9-8),421004.8858,6949491.721,"seg3938(4057,4058)",
(9-8),420990.972,6949487.231,"seg3939(4055,4058)",
(9-8),420964.2043,6949479.55,"seg3936(4055,4056)",
(9-8),420935.429,6949471.942,"seg3937(4053,4056)",
(9-8),420906.0529,6949465.659,"seg3934(4053,4054)",
(9-8),420890.6299,6949461.682,"seg3935(4051,4054)",
(9-8),420862.0792,6949457.509,"seg3932(4051,4052)",
(9-8),420815.1768,6949451.943,"seg3933(4049,4052)",
(9-8),420783.4041,6949449.909,"seg3930(4049,4050)",
(9-8),420752.0191,6949448.985,"seg3931(4047,4050)",
(9-8),420720.2295,6949449.554,"seg3928(4047,4048)",
(9-8),420688.1359,6949451.34,"seg3929(4045,4048)",
(9-8),420639.9317,6949456.234,"seg3926(4045,4046)",
(9-8),419871.8074,6949558.565,"seg3927(4043,4046)",
(9-8),419821.8205,6949564.219,"seg3924(4043,4044)",
(9-8),419575.3075,6949597.439,"seg3925(4041,4044)",
(9-8),419541.6693,6949601.316,"seg3922(4041,4042)",
(9-8),419180.3952,6949649.779,"seg3923(4039,4042)",
(9-8),419114.6873,6949659.093,"seg3920(4039,4040)",
(9-8),419065.616,6949667.963,"seg3921(4037,4040)",
(9-8),419017.1738,6949678.72,"seg3918(4037,4038)",
(9-8),418985.0366,6949686.926,"seg3919(4035,4038)",
(9-8),418953.2876,6949696.131,"seg3980(4035,4036)",
(9-8),418921.6306,6949706.335,"seg3981(4033,4036)",
(9-8),418874.727,6949723.194,"seg3978(4033,4034)",
(9-8),418859.3861,6949729.185,"seg3979(4031,4034)",
(9-8),418813.5512,6949748.6,"seg3976(4031,4032)",
(9-8),418797.4125,6949755.804,"seg3977(4029,4032)",
(9-8),418767.6027,6949770.228,"seg3974(4029,4030)",
(9-8),418752.7443,6949777.884,"seg3975(4027,4030)",
(9-8),418723.3219,6949793.419,"seg3972(4027,4028)",
(9-8),418694.586,6949809.624,"seg3973(3853,4028)",
(9-8),418666.1396,6949826.827,"seg3970(3853,3854)",
(9-8),418638.085,6949844.475,"seg3971(3851,3854)",
(9-8),418569.9558,6949890.992,"seg3968(3851,3852)",
(9-8),418556.4673,6949900.429,"seg3969(3849,3852)",
(9-8),418543.6192,6949910.037,"seg3966(3849,3850)",
(9-8),418475.9792,6949957.11,"seg3967(3847,3850)",
(9-8),418353.9907,6950041.596,"seg3964(3847,3848)",
(9-8),418258.882,6950106.874,"seg3965(3845,3848)",
(9-8),418218.5142,6950135.075,"seg3962(3845,3846)",
(9-8),418205.8619,6950144.849,"seg3963(3843,3846)",
(9-8),418192.1809,6950153.454,"seg3960(3843,3844)",
(9-8),418178.5938,6950162.779,"seg3961(3841,3844)",
(9-8),417976.652,6950303.833,"seg3958(3841,3842)",
(9-8),417706.9687,6950490.789,"seg3959(3839,3842)",
(9-8),417693.2859,6950499.559,"seg3956(3839,3840)",
(9-8),417665.3315,6950516.542,"seg3957(3837,3840)",
(9-8),417651.1601,6950524.533,"seg3954(3837,3838)",
(9-8),417622.2311,6950539.626,"seg3955(3835,3838)",
(9-8),417578.1595,6950560.322,"seg3952(3835,3836)",
(9-8),417562.9149,6950566.422,"seg3953(3833,3836)",
(9-8),417532.2334,6950577.847,"seg3950(3833,3834)",
(9-8),417500.9677,6950588.05,"seg3951(3831,3834)",
(9-8),417341.5169,6950633.5,"seg4012(3831,3832)",
(9-8),417277.1778,6950651.066,"seg4013(3829,3832)",
(9-8),417100.5179,6950700.828,"seg4010(3829,3830)",
(9-8),416891.2092,6950760.557,"seg4011(3827,3830)",
(9-8),416658.5612,6950825.829,"seg4008(3827,3828)",
(9-8),416124.2036,6950977.045,"seg4009(3825,3828)",
(9-8),415844.064,6951055.878,"seg4006(3825,3826)",
(9-8),415791.6282,6951071.801,"seg4007(3823,3826)",
(9-8),415740.3648,6951089.505,"seg4004(3823,3824)",
(9-8),415672.7513,6951115.848,"seg4005(3824,3882)",
(9-8),415623.1398,6951137.329,"seg4002(3882,3883)",
(9-8),415590.4537,6951152.613,"seg4003(3880,3883)",
(9-8),415542.4023,6951176.874,"seg4000(3880,3881)",
(9-8),415510.8892,6951193.828,"seg4001(3878,3881)",
(9-8),415479.6667,6951211.558,"seg3998(3878,3879)",
(9-8),415464.9417,6951220.762,"seg3999(3876,3879)",
(9-8),415403.773,6951257.229,"seg3996(3876,3877)",
(9-8),415012.5964,6951492.638,"seg3997(3874,3877)",
(9-8),414851.8239,6951590.004,"seg3994(3874,3875)",
(9-8),414822.3295,6951607.412,"seg3995(3872,3875)",
(9-8),414764.8207,6951642.351,"seg3992(3872,3873)",
(9-8),414464.8411,6951822.656,"seg3993(3870,3873)",
(9-8),414277.6357,6951935.837,"seg3990(3870,3871)",
(9-8),414163.0153,6952004.437,"seg3991(3868,3871)",
(9-8),414072.7791,6952059.36,"seg3988(3868,3869)",
(9-8),413853.941,6952190.702,"seg3989(3866,3869)",
(9-8),413823.4462,6952209.541,"seg3986(3866,3867)",
(10-10),413823.4462,6952209.541,,
(10-10),413721.5607,6952270.749,"seg4355(3867,4383)",
(10-10),413666.2255,6952304.59,"seg4352(4215,4383)",
(10-8),413666.2255,6952304.59,,
(10-8),413721.5607,6952270.749,"seg4352(4215,4383)",
(10-8),413823.4462,6952209.541,"seg4355(3867,4383)",
(11-4),413666.2255,6952304.59,,
(11-4),413655.6171,6952310.719,"seg4327(4215,4363)",
(11-4),413601.8683,6952343.573,"seg4324(4363,4364)",
(11-4),413588.3778,6952352.341,"seg4325(4361,4364)",
(11-4),413575.0777,6952362.106,"seg4322(4361,4362)",
(11-4),413562.0706,6952372.317,"seg4323(4359,4362)",
(11-4),413540.212,6952391.549,"seg4320(4359,4360)",
(11-4),413527.9791,6952403.981,"seg4321(4360,4411)",
(11-4),413514.9445,6952418.069,"seg4318(4411,4412)",
(11-4),413503.2922,6952432.166,"seg4319(4409,4412)",
(11-4),413493.0233,6952446.107,"seg4316(4409,4410)",
(11-4),413486.8872,6952455.092,"seg4317(4407,4410)",
(11-4),413480.0525,6952465.125,"seg4314(4407,4408)",
(11-4),413466.7036,6952488.738,"seg4315(4405,4408)",
(11-4),413456.79,6952508.276,"seg4312(4405,4406)",
(11-4),413450.6691,6952522.08,"seg4313(4403,4406)",
(11-4),413440.7617,6952547.711,"seg4310(4403,4404)",
(11-4),413435.7136,6952563.406,"seg4311(4401,4404)",
(11-4),413431.4632,6952577.999,"seg4308(4401,4402)",
(11-4),413427.2973,6952594.587,"seg4309(4399,4402)",
(11-4),413424.8469,6952605.98,"seg4306(4399,4400)",
(11-4),413418.2337,6952647.476,"seg4307(4397,4400)",
(11-4),413413.7096,6952686.771,"seg4304(4397,4398)",
(11-4),413412.3115,6952702.935,"seg4305(4395,4398)",
(11-4),413410.3828,6952738.261,"seg4302(4395,4396)",
(11-4),413409.6014,6952764.954,"seg4303(4393,4396)",
(11-4),413409.8441,6952800.405,"seg4364(4393,4394)",
(11-4),413412.0416,6952852.654,"seg4365(4391,4394)",
(11-4),413413.3106,6952868.671,"seg4362(4391,4392)",
(11-4),413413.823,6952886.953,"seg4363(4389,4392)",
(11-4),413417.2618,6952945.193,"seg4360(4389,4390)",
(11-4),413420.3805,6953006.809,"seg4361(4387,4390)",
(11-4),413420.5223,6953014.676,"seg4358(4387,4388)",
(11-4),413422.1158,6953033.686,"seg4359(4385,4388)",
(11-4),413422.6737,6953045.543,"seg4356(4385,4386)",
(11-4),413423.7292,6953084.767,"seg4357(4384,4386)",
(11-4),413423.9383,6953131.961,"seg4354(1313,4384)",
(11-10),413423.9383,6953131.961,,
(11-10),413423.7292,6953084.767,"seg4354(1313,4384)",
(11-10),413422.6737,6953045.543,"seg4357(4384,4386)",
(11-10),413422.1158,6953033.686,"seg4356(4385,4386)",
(11-10),413420.5223,6953014.676,"seg4359(4385,4388)",
(11-10),413420.3805,6953006.809,"seg4358(4387,4388)",
(11-10),413417.2618,6952945.193,"seg4361(4387,4390)",
(11-10),413413.823,6952886.953,"seg4360(4389,4390)",
(11-10),413413.3106,6952868.671,"seg4363(4389,4392)",
(11-10),413412.0416,6952852.654,"seg4362(4391,4392)",
(11-10),413409.8441,6952800.405,"seg4365(4391,4394)",
(11-10),413409.6014,6952764.954,"seg4364(4393,4394)",
(11-10),413410.3828,6952738.261,"seg4303(4393,4396)",
(11-10),413412.3115,6952702.935,"seg4302(4395,4396)",
(11-10),413413.7096,6952686.771,"seg4305(4395,4398)",
(11-10),413418.2337,6952647.476,"seg4304(4397,4398)",
(11-10),413424.8469,6952605.98,"seg4307(4397,4400)",
(11-10),413427.2973,6952594.587,"seg4306(4399,4400)",
(11-10),413431.4632,6952577.999,"seg4309(4399,4402)",
(11-10),413435.7136,6952563.406,"seg4308(4401,4402)",
(11-10),413440.7617,6952547.711,"seg4311(4401,4404)",
(11-10),413450.6691,6952522.08,"seg4310(4403,4404)",
(11-10),413456.79,6952508.276,"seg4313(4403,4406)",
(11-10),413466.7036,6952488.738,"seg4312(4405,4406)",
(11-10),413480.0525,6952465.125,"seg4315(4405,4408)",
(11-10),413486.8872,6952455.092,"seg4314(4407,4408)",
(11-10),413493.0233,6952446.107,"seg4317(4407,4410)",
(11-10),413503.2922,6952432.166,"seg4316(4409,4410)",
(11-10),413514.9445,6952418.069,"seg4319(4409,4412)",
(11-10),413527.9791,6952403.981,"seg4318(4411,4412)",
(11-10),413540.212,6952391.549,"seg4321(4360,4411)",
(11-10),413562.0706,6952372.317,"seg4320(4359,4360)",
(11-10),413575.0777,6952362.106,"seg4323(4359,4362)",
(11-10),413588.3778,6952352.341,"seg4322(4361,4362)",
(11-10),413601.8683,6952343.573,"seg4325(4361,4364)",
(11-10),413655.6171,6952310.719,"seg4324(4363,4364)",
(11-10),413666.2255,6952304.59,"seg4327(4215,4363)",
(12-6),413666.2255,6952304.59,,
(12-6),413682.1572,6952292.683,"seg4350(4214,4215)",
(12-6),413709.9897,6952273.382,"seg4353(3885,4214)",
(12-10),413709.9897,6952273.382,,
(12-10),413682.1572,6952292.683,"seg4353(3885,4214)",
(12-10),413666.2255,6952304.59,"seg4350(4214,4215)",
(13-11),413762.7913,6952241.738,,
(13-11),413795.0724,6952221.638,"seg4351(3886,4213)",
(13-11),413838.3997,6952196.297,"seg4348(4211,4213)",
(13-11),413867.2073,6952178.665,"seg4349(4211,4212)",
(13-11),413926.7994,6952143.08,"seg4346(4209,4212)",
(13-11),414096.6106,6952040.196,"seg4347(4209,4210)",
(13-11),414442.6584,6951832.083,"seg4344(4207,4210)",
(13-11),414678.5936,6951689.496,"seg4345(4207,4208)",
(13-11),414999.9843,6951496.04,"seg4342(4205,4208)",
(13-11),415166.4056,6951395.278,"seg4343(4205,4206)",
(13-11),415317.9441,6951304.658,"seg4340(4203,4206)",
(13-11),415468.3447,6951214.083,"seg4341(4203,4204)",
(13-11),415498.3806,6951196.621,"seg4338(4201,4204)",
(13-11),415544.6596,6951171.683,"seg4339(4201,4202)",
(13-11),415591.9173,6951147.97,"seg4336(4199,4202)",
(13-11),415640.0526,6951125.814,"seg4337(4199,4200)",
(13-11),415689.1172,6951104.883,"seg4334(4197,4200)",
(13-11),415722.0817,6951092.149,"seg4335(4197,4198)",
(13-11),415772.2608,6951074.216,"seg4396(4195,4198)",
(13-11),415823.2165,6951058.172,"seg4397(4195,4196)",
(13-11),416013.1956,6951004.144,"seg4394(4193,4196)",
(13-11),416362.4278,6950905.728,"seg4395(4193,4194)",
(13-11),416397.399,6950895.332,"seg4392(4191,4194)",
(13-11),416785.0548,6950785.868,"seg4393(4191,4192)",
(13-11),417150.7893,6950683.278,"seg4390(4189,4192)",
(13-11),417448.521,6950598.94,"seg4391(4189,4190)",
(13-11),417517.867,6950578.138,"seg4388(4187,4190)",
(13-11),417551.5143,6950566.124,"seg4389(4187,4188)",
(13-11),417568.9352,6950559.373,"seg4386(4188,4246)",
(13-11),417602.0528,6950545.361,"seg4387(4246,4247)",
(13-11),417618.1971,6950537.605,"seg4384(4244,4247)",
(13-11),417634.4445,6950529.184,"seg4385(4244,4245)",
(13-11),417666.154,6950511.673,"seg4382(4242,4245)",
(13-11),417696.886,6950492.715,"seg4383(4242,4243)",
(13-11),417726.9335,6950472.755,"seg4380(4240,4243)",
(13-11),418228.556,6950124.452,"seg4381(4240,4241)",
(13-11),418286.1836,6950083.904,"seg4378(4238,4241)",
(13-11),418403.413,6950002.655,"seg4379(4238,4239)",
(13-11),418419.176,6949992.679,"seg4376(4236,4239)",
(13-11),418535.2163,6949911.809,"seg4377(4236,4237)",
(13-11),418548.9569,6949901.598,"seg4374(4234,4237)",
(13-11),418636.2293,6949841.472,"seg4375(4234,4235)",
(13-11),418681.1345,6949813.522,"seg4372(4232,4235)",
(13-11),418696.4955,6949804.54,"seg4373(4232,4233)",
(13-11),418742.8634,6949779.259,"seg4370(4230,4233)",
(13-11),418774.4596,6949763.406,"seg4371(4230,4231)",
(13-11),418805.6549,6949748.436,"seg4368(4228,4231)",
(13-11),418838.7762,6949733.313,"seg4369(4228,4229)",
(13-11),418855.1087,6949726.664,"seg4366(4226,4229)",
(13-11),418888.0659,6949713.922,"seg4367(4226,4227)",
(13-11),418921.2154,6949701.956,"seg4428(4224,4227)",
(13-11),418955.047,6949691.324,"seg4429(4224,4225)",
(13-11),418972.0586,6949686.452,"seg4426(4222,4225)",
(13-11),419006.1766,6949677.262,"seg4427(4222,4223)",
(13-11),419040.5834,6949669.182,"seg4424(4220,4223)",
(13-11),419057.8829,6949665.53,"seg4425(4220,4221)",
(13-11),419110.8592,6949655.8,"seg4422(4218,4221)",
(13-11),419163.4259,6949648.282,"seg4423(4218,4219)",
(13-11),419303.5301,6949629.379,"seg4420(4216,4219)",
(13-11),419356.2895,6949622.526,"seg4421(4216,4217)",
(13-11),419373.9223,6949620.704,"seg4418(4217,4278)",
(13-11),419409.1937,6949616.173,"seg4419(4278,4279)",
(13-11),419443.5833,6949610.64,"seg4416(4276,4279)",
(13-11),419637.1373,6949584.773,"seg4417(4276,4277)",
(13-11),419881.9616,6949553.092,"seg4414(4274,4277)",
(13-11),420646.7761,6949451.127,"seg4415(4274,4275)",
(13-11),420663.2743,6949449.129,"seg4412(4272,4275)",
(13-11),420696.1648,6949446.241,"seg4413(4272,4273)",
(13-11),420729.4422,6949444.574,"seg4410(4270,4273)",
(13-11),420745.9289,6949444.348,"seg4411(4270,4271)",
(13-11),420778.9945,6949444.895,"seg4408(4268,4271)",
(13-11),420811.8541,6949446.77,"seg4409(4268,4269)",
(13-11),420828.1311,6949448.426,"seg4406(4266,4269)",
(13-11),420861.2214,6949452.795,"seg4407(4266,4267)",
(13-11),420877.4927,6949455.337,"seg4404(4264,4267)",
(13-11),420909.5368,6949461.195,"seg4405(4264,4265)",
(13-11),420941.3756,6949468.269,"seg4402(4262,4265)",
(13-11),420957.1441,6949472.248,"seg4403(4262,4263)",
(13-11),420988.1804,6949481.312,"seg4400(4260,4263)",
(13-11),421003.6457,6949486.397,"seg4401(4260,4261)",
(13-11),421043.0117,6949500.402,"seg4398(4258,4261)",
(13-11),421079.515,6949513.68,"seg4399(4258,4259)",
(13-11),421122.0137,6949528.652,"seg4204(4256,4259)",
(13-11),421155.6593,6949540.885,"seg4205(4256,4257)",
(13-11),421170.4287,6949546.741,"seg4202(4254,4257)",
(13-11),421184.8984,6949553.149,"seg4203(4254,4255)",
(13-11),421198.9704,6949559.997,"seg4200(4252,4255)",
(13-11),421225.9135,6949576.234,"seg4201(4252,4253)",
(13-11),421238.5862,6949585.787,"seg4198(4250,4253)",
(13-11),421250.8629,6949595.504,"seg4199(4250,4251)",
(13-11),421273.5295,6949616.698,"seg4196(4248,4251)",
(13-11),421290.8771,6949636.085,"seg4197(4248,4249)",
(13-11),421302.9169,6949651.949,"seg4194(4249,4310)",
(13-11),421311.471,6949664.91,"seg4195(4310,4311)",
(13-11),421327.1309,6949693.481,"seg4192(4308,4311)",
(13-11),421332.8785,6949705.371,"seg4193(4308,4309)",
(13-11),421338.613,6949719.311,"seg4190(4306,4309)",
(13-11),421348.9361,6949748.845,"seg4191(4306,4307)",
(13-11),421354.4064,6949765.497,"seg4188(4304,4307)",
(13-11),421357.9285,6949778.093,"seg4189(4304,4305)",
(13-11),421435.2314,6950007.127,"seg4186(4302,4305)",
(13-11),421449.6706,6950049.094,"seg4187(4302,4303)",
(13-11),421459.9571,6950076.744,"seg4184(4300,4303)",
(13-11),421465.4977,6950090.184,"seg4185(4300,4301)",
(13-11),421477.4709,6950116.516,"seg4182(4298,4301)",
(13-11),421484.0015,6950129.519,"seg4183(4298,4299)",
(13-11),421497.6593,6950154.864,"seg4180(4296,4299)",
(13-11),421512.5061,6950179.553,"seg4181(4296,4297)",
(13-11),421528.2492,6950203.028,"seg4178(4294,4297)",
(13-11),421544.8858,6950225.734,"seg4179(4294,4295)",
(13-11),421553.6018,6950236.646,"seg4176(4292,4295)",
(13-11),421562.516,6950247.449,"seg4177(4292,4293)",
(13-11),421580.8458,6950267.839,"seg4174(4290,4293)",
(13-11),421599.7737,6950287.347,"seg4175(4290,4291)",
(13-11),421619.3997,6950305.751,"seg4236(4288,4291)",
(13-11),421639.7239,6950323.052,"seg4237(4288,4289)",
(13-11),421660.6462,6950339.471,"seg4234(4286,4289)",
(13-11),421693.4749,6950361.948,"seg4235(4286,4287)",
(13-11),421727.0047,6950382.878,"seg4232(4284,4287)",
(13-11),421807.0642,6950429.697,"seg4233(4284,4285)",
(13-11),421829.7815,6950443.357,"seg4230(4282,4285)",
(13-11),421841.0901,6950450.298,"seg4231(4282,4283)",
(13-11),421863.4062,6950464.952,"seg4228(4280,4283)",
(13-11),421895.5354,6950488.864,"seg4229(4280,4281)",
(13-11),421916.1579,6950505.945,"seg4226(4089,4281)",
(13-11),421926.2693,6950514.872,"seg4227(4089,4090)",
(13-11),421945.6973,6950533.496,"seg4224(4087,4090)",
(13-11),421964.3293,6950553.112,"seg4225(4087,4088)",
(13-11),421982.3634,6950573.611,"seg4222(4085,4088)",
(13-11),421999.5027,6950595.1,"seg4223(4085,4086)",
(13-11),422015.7486,6950617.36,"seg4220(4083,4086)",
(13-11),422023.5733,6950628.82,"seg4221(4083,4084)",
(13-11),422046.0533,6950664.302,"seg4218(4081,4084)",
(13-11),422060.2122,6950688.764,"seg4219(4081,4082)",
(13-11),422073.7746,6950713.886,"seg4216(4079,4082)",
(13-11),422080.2096,6950726.556,"seg4217(4079,4080)",
(13-11),422092.7813,6950752.226,"seg4214(4077,4080)",
(13-11),422098.7192,6950765.446,"seg4215(4077,4078)",
(13-11),422110.3003,6950791.664,"seg4212(4075,4078)",
(13-11),422120.5918,6950818.87,"seg4213(4075,4076)",
(13-11),422134.8391,6950860.503,"seg4210(4073,4076)",
(13-11),422146.7072,6950903.672,"seg4211(4073,4074)",
(13-11),422150.2675,6950918.206,"seg4208(4071,4074)",
(13-11),422156.4946,6950948.045,"seg4209(4071,4072)",
(13-11),422161.5357,6950978.098,"seg4206(4069,4072)",
(13-11),422167.1649,6951024.329,"seg4207(4069,4070)",
(13-11),422169.6294,6951055.917,"seg4268(4067,4070)",
(13-11),422210.6417,6951639.095,"seg4269(4067,4068)",
(13-11),422214.3737,6951673.238,"seg4266(4065,4068)",
(13-11),422217.4251,6951690.207,"seg4267(4065,4066)",
(13-11),422221.4646,6951707.071,"seg4264(4063,4066)",
(13-11),422226.394,6951723.719,"seg4265(4063,4064)",
(13-11),422232.0656,6951740.095,"seg4262(4061,4064)",
(13-11),422239.0243,6951755.925,"seg4263(4061,4062)",
(13-11),422246.8239,6951771.483,"seg4260(4059,4062)",
(13-11),422255.8136,6951786.219,"seg4261(4059,4060)",
(13-11),422265.2987,6951800.68,"seg4258(4060,4121)",
(13-11),422275.8734,6951814.595,"seg4259(4121,4122)",
(13-11),422300.0953,6951840.56,"seg4256(4119,4122)",
(13-11),422326.1057,6951864.764,"seg4257(4119,4120)",
(13-11),422549.457,6952049.076,"seg4254(4117,4120)",
(13-11),422563.0166,6952059.465,"seg4255(4117,4118)",
(13-11),422577.0628,6952070.964,"seg4252(4115,4118)",
(13-11),422769.6248,6952230.428,"seg4253(4115,4116)",
(13-11),422823.9452,6952274.861,"seg4250(4113,4116)",
(13-11),422852.1507,6952295.754,"seg4251(4113,4114)",
(13-11),422866.9005,6952305.374,"seg4248(4111,4114)",
(13-11),422897.4014,6952322.405,"seg4249(4111,4112)",
(13-11),422913.1511,6952330.037,"seg4246(4109,4112)",
(13-11),422945.6526,6952342.982,"seg4247(4109,4110)",
(13-11),422962.2055,6952348.514,"seg4244(4107,4110)",
(13-11),422996.1166,6952357.147,"seg4245(4107,4108)",
(13-11),423030.4439,6952362.403,"seg4242(4105,4108)",
(13-11),423082.4469,6952367.383,"seg4243(4105,4106)",
(13-11),423272.0259,6952382.421,"seg4240(4103,4106)",
(13-11),423409.1557,6952392.808,"seg4241(4103,4104)",
(13-11),423614.129,6952409.322,"seg4238(4101,4104)",
(13-11),423982.3391,6952437.87,"seg4239(4101,4102)",
(13-11),424096.3245,6952446.887,"seg4300(4099,4102)",
(13-11),424176.9996,6952453.757,"seg4301(4099,4100)",
(13-11),424414.252,6952471.842,"seg4298(4097,4100)",
(13-11),424429.6945,6952473.433,"seg4299(4097,4098)",
(13-11),424686.289,6952493.294,"seg4296(4095,4098)",
(13-11),424702.7707,6952494.503,"seg4297(4095,4096)",
(13-11),424719.06,6952494.881,"seg4294(4093,4096)",
(13-11),424899.1693,6952508.949,"seg4295(4093,4094)",
(13-11),425097.1362,6952525.339,"seg4292(4091,4094)",
(13-11),425331.7743,6952543.391,"seg4293(4091,4092)",
(13-11),425846.3437,6952584.297,"seg4290(4092,4153)",
(13-11),425897.6646,6952588.042,"seg4291(4153,4154)",
(13-11),425948.7834,6952592.561,"seg4288(4151,4154)",
(13-11),426115.9682,6952605.314,"seg4289(4151,4152)",
(13-11),426230.198,6952615.143,"seg4286(4149,4152)",
(13-11),426358.991,6952625.114,"seg4287(4149,4150)",
(13-11),426762.4876,6952657.391,"seg4284(4147,4150)",
(13-11),426808.9743,6952660.549,"seg4285(4147,4148)",
(13-11),427039.4191,6952678.764,"seg4282(4145,4148)",
(13-11),427070.3059,6952681.829,"seg4283(4145,4146)",
(13-11),427556.1661,6952720.276,"seg4280(4143,4146)",
(13-11),427609.8615,6952723.363,"seg4281(4143,4144)",
(13-11),427627.6332,6952723.579,"seg4278(4141,4144)",
(13-11),427662.6903,6952722.734,"seg4279(4141,4142)",
(13-11),427698.552,6952719.401,"seg4276(4139,4142)",
(13-11),427716.3387,6952717.069,"seg4277(4139,4140)",
(13-11),427751.9226,6952710.633,"seg4274(4137,4140)",
(13-11),427769.6196,6952706.749,"seg4275(4137,4138)",
(13-11),427804.3337,6952697.095,"seg4272(4135,4138)",
(13-11),427821.6457,6952691.548,"seg4273(4135,4136)",
(13-11),427855.4881,6952679.008,"seg4270(4133,4136)",
(13-11),427872.0192,6952671.905,"seg4271(4133,4134)",
(13-11),427888.3555,6952664.358,"seg4076(4131,4134)",
(13-11),427920.049,6952647.817,"seg4077(4131,4132)",
(13-11),427935.9462,6952639.381,"seg4074(4129,4132)",
(13-11),427951.108,6952630.054,"seg4075(4129,4130)",
(13-11),427980.5507,6952610.066,"seg4072(4127,4130)",
(13-11),427994.5342,6952599.625,"seg4073(4127,4128)",
(13-11),428021.7176,6952577.629,"seg4070(4125,4128)",
(13-11),428047.3285,6952554.406,"seg4071(4125,4126)",
(13-11),428071.8583,6952530.29,"seg4068(4123,4126)",
(13-11),428095.6982,6952505.949,"seg4069(4123,4124)",
(13-11),428107.028,6952493.387,"seg4066(4124,4185)",
(13-11),428130.5215,6952469.154,"seg4067(4185,4186)",
(13-11),428255.0824,6952342.049,"seg4064(4183,4186)",
(13-11),428287.9055,6952309.452,"seg4065(4183,4184)",
(13-11),428309.4121,6952287.201,"seg4062(4181,4184)",
(13-7),428309.4121,6952287.201,,
(13-7),428287.9055,6952309.452,"seg4062(4181,4184)",
(13-7),428255.0824,6952342.049,"seg4065(4183,4184)",
(13-7),428130.5215,6952469.154,"seg4064(4183,4186)",
(13-7),428107.028,6952493.387,"seg4067(4185,4186)",
(13-7),428095.6982,6952505.949,"seg4066(4124,4185)",
(13-7),428071.8583,6952530.29,"seg4069(4123,4124)",
(13-7),428047.3285,6952554.406,"seg4068(4123,4126)",
(13-7),428021.7176,6952577.629,"seg4071(4125,4126)",
(13-7),427994.5342,6952599.625,"seg4070(4125,4128)",
(13-7),427980.5507,6952610.066,"seg4073(4127,4128)",
(13-7),427951.108,6952630.054,"seg4072(4127,4130)",
(13-7),427935.9462,6952639.381,"seg4075(4129,4130)",
(13-7),427920.049,6952647.817,"seg4074(4129,4132)",
(13-7),427888.3555,6952664.358,"seg4077(4131,4132)",
(13-7),427872.0192,6952671.905,"seg4076(4131,4134)",
(13-7),427855.4881,6952679.008,"seg4271(4133,4134)",
(13-7),427821.6457,6952691.548,"seg4270(4133,4136)",
(13-7),427804.3337,6952697.095,"seg4273(4135,4136)",
(13-7),427769.6196,6952706.749,"seg4272(4135,4138)",
(13-7),427751.9226,6952710.633,"seg4275(4137,4138)",
(13-7),427716.3387,6952717.069,"seg4274(4137,4140)",
(13-7),427698.552,6952719.401,"seg4277(4139,4140)",
(13-7),427662.6903,6952722.734,"seg4276(4139,4142)",
(13-7),427627.6332,6952723.579,"seg4279(4141,4142)",
(13-7),427609.8615,6952723.363,"seg4278(4141,4144)",
(13-7),427556.1661,6952720.276,"seg4281(4143,4144)",
(13-7),427070.3059,6952681.829,"seg4280(4143,4146)",
(13-7),427039.4191,6952678.764,"seg4283(4145,4146)",
(13-7),426808.9743,6952660.549,"seg4282(4145,4148)",
(13-7),426762.4876,6952657.391,"seg4285(4147,4148)",
(13-7),426358.991,6952625.114,"seg4284(4147,4150)",
(13-7),426230.198,6952615.143,"seg4287(4149,4150)",
(13-7),426115.9682,6952605.314,"seg4286(4149,4152)",
(13-7),425948.7834,6952592.561,"seg4289(4151,4152)",
(13-7),425897.6646,6952588.042,"seg4288(4151,4154)",
(13-7),425846.3437,6952584.297,"seg4291(4153,4154)",
(13-7),425331.7743,6952543.391,"seg4290(4092,4153)",
(13-7),425097.1362,6952525.339,"seg4293(4091,4092)",
(13-7),424899.1693,6952508.949,"seg4292(4091,4094)",
(13-7),424719.06,6952494.881,"seg4295(4093,4094)",
(13-7),424702.7707,6952494.503,"seg4294(4093,4096)",
(13-7),424686.289,6952493.294,"seg4297(4095,4096)",
(13-7),424429.6945,6952473.433,"seg4296(4095,4098)",
(13-7),424414.252,6952471.842,"seg4299(4097,4098)",
(13-7),424176.9996,6952453.757,"seg4298(4097,4100)",
(13-7),424096.3245,6952446.887,"seg4301(4099,4100)",
(13-7),423982.3391,6952437.87,"seg4300(4099,4102)",
(13-7),423614.129,6952409.322,"seg4239(4101,4102)",
(13-7),423409.1557,6952392.808,"seg4238(4101,4104)",
(13-7),423272.0259,6952382.421,"seg4241(4103,4104)",
(13-7),423082.4469,6952367.383,"seg4240(4103,4106)",
(13-7),423030.4439,6952362.403,"seg4243(4105,4106)",
(13-7),422996.1166,6952357.147,"seg4242(4105,4108)",
(13-7),422962.2055,6952348.514,"seg4245(4107,4108)",
(13-7),422945.6526,6952342.982,"seg4244(4107,4110)",
(13-7),422913.1511,6952330.037,"seg4247(4109,4110)",
(13-7),422897.4014,6952322.405,"seg4246(4109,4112)",
(13-7),422866.9005,6952305.374,"seg4249(4111,4112)",
(13-7),422852.1507,6952295.754,"seg4248(4111,4114)",
(13-7),422823.9452,6952274.861,"seg4251(4113,4114)",
(13-7),422769.6248,6952230.428,"seg4250(4113,4116)",
(13-7),422577.0628,6952070.964,"seg4253(4115,4116)",
(13-7),422563.0166,6952059.465,"seg4252(4115,4118)",
(13-7),422549.457,6952049.076,"seg4255(4117,4118)",
(13-7),422326.1057,6951864.764,"seg4254(4117,4120)",
(13-7),422300.0953,6951840.56,"seg4257(4119,4120)",
(13-7),422275.8734,6951814.595,"seg4256(4119,4122)",
(13-7),422265.2987,6951800.68,"seg4259(4121,4122)",
(13-7),422255.8136,6951786.219,"seg4258(4060,4121)",
(13-7),422246.8239,6951771.483,"seg4261(4059,4060)",
(13-7),422239.0243,6951755.925,"seg4260(4059,4062)",
(13-7),422232.0656,6951740.095,"seg4263(4061,4062)",
(13-7),422226.394,6951723.719,"seg4262(4061,4064)",
(13-7),422221.4646,6951707.071,"seg4265(4063,4064)",
(13-7),422217.4251,6951690.207,"seg4264(4063,4066)",
(13-7),422214.3737,6951673.238,"seg4267(4065,4066)",
(13-7),422210.6417,6951639.095,"seg4266(4065,4068)",
(13-7),422169.6294,6951055.917,"seg4269(4067,4068)",
(13-7),422167.1649,6951024.329,"seg4268(4067,4070)",
(13-7),422161.5357,6950978.098,"seg4207(4069,4070)",
(13-7),422156.4946,6950948.045,"seg4206(4069,4072)",
(13-7),422150.2675,6950918.206,"seg4209(4071,4072)",
(13-7),422146.7072,6950903.672,"seg4208(4071,4074)",
(13-7),422134.8391,6950860.503,"seg4211(4073,4074)",
(13-7),422120.5918,6950818.87,"seg4210(4073,4076)",
(13-7),422110.3003,6950791.664,"seg4213(4075,4076)",
(13-7),422098.7192,6950765.446,"seg4212(4075,4078)",
(13-7),422092.7813,6950752.226,"seg4215(4077,4078)",
(13-7),422080.2096,6950726.556,"seg4214(4077,4080)",
(13-7),422073.7746,6950713.886,"seg4217(4079,4080)",
(13-7),422060.2122,6950688.764,"seg4216(4079,4082)",
(13-7),422046.0533,6950664.302,"seg4219(4081,4082)",
(13-7),422023.5733,6950628.82,"seg4218(4081,4084)",
(13-7),422015.7486,6950617.36,"seg4221(4083,4084)",
(13-7),421999.5027,6950595.1,"seg4220(4083,4086)",
(13-7),421982.3634,6950573.611,"seg4223(4085,4086)",
(13-7),421964.3293,6950553.112,"seg4222(4085,4088)",
(13-7),421945.6973,6950533.496,"seg4225(4087,4088)",
(13-7),421926.2693,6950514.872,"seg4224(4087,4090)",
(13-7),421916.1579,6950505.945,"seg4227(4089,4090)",
(13-7),421895.5354,6950488.864,"seg4226(4089,4281)",
(13-7),421863.4062,6950464.952,"seg4229(4280,4281)",
(13-7),421841.0901,6950450.298,"seg4228(4280,4283)",
(13-7),421829.7815,6950443.357,"seg4231(4282,4283)",
(13-7),421807.0642,6950429.697,"seg4230(4282,4285)",
(13-7),421727.0047,6950382.878,"seg4233(4284,4285)",
(13-7),421693.4749,6950361.948,"seg4232(4284,4287)",
(13-7),421660.6462,6950339.471,"seg4235(4286,4287)",
(13-7),421639.7239,6950323.052,"seg4234(4286,4289)",
(13-7),421619.3997,6950305.751,"seg4237(4288,4289)",
(13-7),421599.7737,6950287.347,"seg4236(4288,4291)",
(13-7),421580.8458,6950267.839,"seg4175(4290,4291)",
(13-7),421562.516,6950247.449,"seg4174(4290,4293)",
(13-7),421553.6018,6950236.646,"seg4177(4292,4293)",
(13-7),421544.8858,6950225.734,"seg4176(4292,4295)",
(13-7),421528.2492,6950203.028,"seg4179(4294,4295)",
(13-7),421512.5061,6950179.553,"seg4178(4294,4297)",
(13-7),421497.6593,6950154.864,"seg4181(4296,4297)",
(13-7),421484.0015,6950129.519,"seg4180(4296,4299)",
(13-7),421477.4709,6950116.516,"seg4183(4298,4299)",
(13-7),421465.4977,6950090.184,"seg4182(4298,4301)",
(13-7),421459.9571,6950076.744,"seg4185(4300,4301)",
(13-7),421449.6706,6950049.094,"seg4184(4300,4303)",
(13-7),421435.2314,6950007.127,"seg4187(4302,4303)",
(13-7),421357.9285,6949778.093,"seg4186(4302,4305)",
(13-7),421354.4064,6949765.497,"seg4189(4304,4305)",
(13-7),421348.9361,6949748.845,"seg4188(4304,4307)",
(13-7),421338.613,6949719.311,"seg4191(4306,4307)",
(13-7),421332.8785,6949705.371,"seg4190(4306,4309)",
(13-7),421327.1309,6949693.481,"seg4193(4308,4309)",
(13-7),421311.471,6949664.91,"seg4192(4308,4311)",
(13-7),421302.9169,6949651.949,"seg4195(4310,4311)",
(13-7),421290.8771,6949636.085,"seg4194(4249,4310)",
(13-7),421273.5295,6949616.698,"seg4197(4248,4249)",
(13-7),421250.8629,6949595.504,"seg4196(4248,4251)",
(13-7),421238.5862,6949585.787,"seg4199(4250,4251)",
(13-7),421225.9135,6949576.234,"seg4198(4250,4253)",
(13-7),421198.9704,6949559.997,"seg4201(4252,4253)",
(13-7),421184.8984,6949553.149,"seg4200(4252,4255)",
(13-7),421170.4287,6949546.741,"seg4203(4254,4255)",
(13-7),421155.6593,6949540.885,"seg4202(4254,4257)",
(13-7),421122.0137,6949528.652,"seg4205(4256,4257)",
(13-7),421079.515,6949513.68,"seg4204(4256,4259)",
(13-7),421043.0117,6949500.402,"seg4399(4258,4259)",
(13-7),421003.6457,6949486.397,"seg4398(4258,4261)",
(13-7),420988.1804,6949481.312,"seg4401(4260,4261)",
(13-7),420957.1441,6949472.248,"seg4400(4260,4263)",
(13-7),420941.3756,6949468.269,"seg4403(4262,4263)",
(13-7),420909.5368,6949461.195,"seg4402(4262,4265)",
(13-7),420877.4927,6949455.337,"seg4405(4264,4265)",
(13-7),420861.2214,6949452.795,"seg4404(4264,4267)",
(13-7),420828.1311,6949448.426,"seg4407(4266,4267)",
(13-7),420811.8541,6949446.77,"seg4406(4266,4269)",
(13-7),420778.9945,6949444.895,"seg4409(4268,4269)",
(13-7),420745.9289,6949444.348,"seg4408(4268,4271)",
(13-7),420729.4422,6949444.574,"seg4411(4270,4271)",
(13-7),420696.1648,6949446.241,"seg4410(4270,4273)",
(13-7),420663.2743,6949449.129,"seg4413(4272,4273)",
(13-7),420646.7761,6949451.127,"seg4412(4272,4275)",
(13-7),419881.9616,6949553.092,"seg4415(4274,4275)",
(13-7),419637.1373,6949584.773,"seg4414(4274,4277)",
(13-7),419443.5833,6949610.64,"seg4417(4276,4277)",
(13-7),419409.1937,6949616.173,"seg4416(4276,4279)",
(13-7),419373.9223,6949620.704,"seg4419(4278,4279)",
(13-7),419356.2895,6949622.526,"seg4418(4217,4278)",
(13-7),419303.5301,6949629.379,"seg4421(4216,4217)",
(13-7),419163.4259,6949648.282,"seg4420(4216,4219)",
(13-7),419110.8592,6949655.8,"seg4423(4218,4219)",
(13-7),419057.8829,6949665.53,"seg4422(4218,4221)",
(13-7),419040.5834,6949669.182,"seg4425(4220,4221)",
(13-7),419006.1766,6949677.262,"seg4424(4220,4223)",
(13-7),418972.0586,6949686.452,"seg4427(4222,4223)",
(13-7),418955.047,6949691.324,"seg4426(4222,4225)",
(13-7),418921.2154,6949701.956,"seg4429(4224,4225)",
(13-7),418888.0659,6949713.922,"seg4428(4224,4227)",
(13-7),418855.1087,6949726.664,"seg4367(4226,4227)",
(13-7),418838.7762,6949733.313,"seg4366(4226,4229)",
(13-7),418805.6549,6949748.436,"seg4369(4228,4229)",
(13-7),418774.4596,6949763.406,"seg4368(4228,4231)",
(13-7),418742.8634,6949779.259,"seg4371(4230,4231)",
(13-7),418696.4955,6949804.54,"seg4370(4230,4233)",
(13-7),418681.1345,6949813.522,"seg4373(4232,4233)",
(13-7),418636.2293,6949841.472,"seg4372(4232,4235)",
(13-7),418548.9569,6949901.598,"seg4375(4234,4235)",
(13-7),418535.2163,6949911.809,"seg4374(4234,4237)",
(13-7),418419.176,6949992.679,"seg4377(4236,4237)",
(13-7),418403.413,6950002.655,"seg4376(4236,4239)",
(13-7),418286.1836,6950083.904,"seg4379(4238,4239)",
(13-7),418228.556,6950124.452,"seg4378(4238,4241)",
(13-7),417726.9335,6950472.755,"seg4381(4240,4241)",
(13-7),417696.886,6950492.715,"seg4380(4240,4243)",
(13-7),417666.154,6950511.673,"seg4383(4242,4243)",
(13-7),417634.4445,6950529.184,"seg4382(4242,4245)",
(13-7),417618.1971,6950537.605,"seg4385(4244,4245)",
(13-7),417602.0528,6950545.361,"seg4384(4244,4247)",
(13-7),417568.9352,6950559.373,"seg4387(4246,4247)",
(13-7),417551.5143,6950566.124,"seg4386(4188,4246)",
(13-7),417517.867,6950578.138,"seg4389(4187,4188)",
(13-7),417448.521,6950598.94,"seg4388(4187,4190)",
(13-7),417150.7893,6950683.278,"seg4391(4189,4190)",
(13-7),416785.0548,6950785.868,"seg4390(4189,4192)",
(13-7),416397.399,6950895.332,"seg4393(4191,4192)",
(13-7),416362.4278,6950905.728,"seg4392(4191,4194)",
(13-7),416013.1956,6951004.144,"seg4395(4193,4194)",
(13-7),415823.2165,6951058.172,"seg4394(4193,4196)",
(13-7),415772.2608,6951074.216,"seg4397(4195,4196)",
(13-7),415722.0817,6951092.149,"seg4396(4195,4198)",
(13-7),415689.1172,6951104.883,"seg4335(4197,4198)",
(13-7),415640.0526,6951125.814,"seg4334(4197,4200)",
(13-7),415591.9173,6951147.97,"seg4337(4199,4200)",
(13-7),415544.6596,6951171.683,"seg4336(4199,4202)",
(13-7),415498.3806,6951196.621,"seg4339(4201,4202)",
(13-7),415468.3447,6951214.083,"seg4338(4201,4204)",
(13-7),415317.9441,6951304.658,"seg4341(4203,4204)",
(13-7),415166.4056,6951395.278,"seg4340(4203,4206)",
(13-7),414999.9843,6951496.04,"seg4343(4205,4206)",
(13-7),414678.5936,6951689.496,"seg4342(4205,4208)",
(13-7),414442.6584,6951832.083,"seg4345(4207,4208)",
(13-7),414096.6106,6952040.196,"seg4344(4207,4210)",
(13-7),413926.7994,6952143.08,"seg4347(4209,4210)",
(13-7),413867.2073,6952178.665,"seg4346(4209,4212)",
(13-7),413838.3997,6952196.297,"seg4349(4211,4212)",
(13-7),413795.0724,6952221.638,"seg4348(4211,4213)",
(13-7),413762.7913,6952241.738,"seg4351(3886,4213)",
(14-12),413412.9149,6952938.515,,
(14-12),413406.4826,6952891.665,"seg4494(3912,4350)",
(14-12),413402.1899,6952807.607,"seg4495(4348,4350)",
(14-12),413401.8178,6952790.433,"seg4556(4348,4349)",
(14-12),413402.307,6952742.247,"seg4557(4346,4349)",
(14-12),413403.2565,6952719.71,"seg4554(4346,4347)",
(14-12),413406.6503,6952672.708,"seg4555(4344,4347)",
(14-5),413406.6503,6952672.708,,
(14-5),413403.2565,6952719.71,"seg4555(4344,4347)",
(14-5),413402.307,6952742.247,"seg4554(4346,4347)",
(14-5),413401.8178,6952790.433,"seg4557(4346,4349)",
(14-5),413402.1899,6952807.607,"seg4556(4348,4349)",
(14-5),413406.4826,6952891.665,"seg4495(4348,4350)",
(14-5),413412.9149,6952938.515,"seg4494(3912,4350)",
(15-13),409782.3249,6957453.05,,
(15-13),409802.034,6957486.319,"seg402(408,410)",
(15-13),409810.1379,6957499.229,"seg405(409,410)",
(15-13),409819.1325,6957511.925,"seg404(409,412)",
(15-13),409823.9277,6957518.053,"seg407(411,412)",
(15-13),409828.8234,6957523.96,"seg406(353,411)",
(15-13),409839.5061,6957535.449,"seg409(352,353)",
(15-13),409879.9172,6957574.52,"seg408(352,355)",
(15-13),409891.1911,6957586.235,"seg411(354,355)",
(15-13),409901.9655,6957598.722,"seg410(354,357)",
(15-13),409911.5439,6957612.64,"seg413(356,357)",
(15-13),409915.9343,6957620.095,"seg412(356,359)",
(15-13),409924.1152,6957635.996,"seg415(358,359)",
(15-13),409930.9035,6957653.217,"seg414(358,361)",
(15-13),409933.6025,6957662.321,"seg417(360,361)",
(15-13),409938.11,6957680.744,"seg416(360,363)",
(15-13),409939.72,6957690.172,"seg419(362,363)",
(15-13),409941.4568,6957709.239,"seg418(362,365)",
(15-13),409941.5835,6957718.878,"seg421(364,365)",
(15-13),409940.4484,6957738.921,"seg420(364,367)",
(15-13),409939.2885,6957748.883,"seg423(366,367)",
(15-13),409937.3385,6957758.839,"seg422(366,369)",
(15-13),409931.9607,6957778.186,"seg425(368,369)",
(15-13),409928.6302,6957787.8,"seg424(368,371)",
(15-13),409920.3894,6957806.904,"seg427(370,371)",
(15-13),409906.845,6957835.276,"seg426(370,373)",
(15-13),409878.2635,6957893.447,"seg429(372,373)",
(15-13),409835.8642,6957976.775,"seg428(372,375)",
(15-13),409830.1579,6957987.036,"seg431(374,375)",
(15-13),409817.9615,6958006.665,"seg430(374,377)",
(15-13),409804.4883,6958025.288,"seg369(376,377)",
(15-13),409790.7252,6958043.022,"seg368(376,379)",
(15-13),409783.2538,6958051.498,"seg371(378,379)",
(15-13),409759.6591,6958076.25,"seg370(378,381)",
(15-13),409742.7503,6958091.856,"seg373(380,381)",
(15-13),409724.8668,6958105.683,"seg372(380,383)",
(15-13),409706.2975,6958118.729,"seg375(382,383)",
(15-13),409687.1444,6958130.552,"seg374(321,382)",
(15-13),409666.8149,6958141.148,"seg377(320,321)",
(15-13),409636.3785,6958155.879,"seg376(320,323)",
(15-13),409594.9436,6958175.071,"seg379(322,323)",
(15-13),409542.7119,6958198.172,"seg378(322,325)",
(15-13),409459.5958,6958236.387,"seg381(324,325)",
(15-13),409438.3814,6958246.367,"seg380(324,327)",
(15-13),409418.2037,6958256.409,"seg383(326,327)",
(15-13),409397.9693,6958267.449,"seg382(326,329)",
(15-13),409388.6345,6958274.027,"seg385(328,329)",
(15-13),409371.1414,6958288.41,"seg384(328,331)",
(15-13),409363.1814,6958296.106,"seg387(330,331)",
(15-13),409348.334,6958313.388,"seg386(330,333)",
(15-13),409341.7471,6958322.424,"seg389(332,333)",
(15-13),409335.9492,6958331.631,"seg388(332,335)",
(15-13),409326.481,6958349.563,"seg391(334,335)",
(15-13),409320.7058,6958362.371,"seg390(334,337)",
(15-13),409313.5205,6958385.526,"seg393(336,337)",
(15-13),409311.4792,6958394.374,"seg392(336,339)",
(15-13),409308.8676,6958406.873,"seg395(338,339)",
(15-13),409306.884,6958427.962,"seg394(338,341)",
(15-13),409306.504,6958439.259,"seg397(340,341)",
(15-13),409307.263,6958450.176,"seg396(340,343)",
(15-13),409309.5032,6958507.91,"seg399(342,343)",
(15-13),409309.6604,6958520.042,"seg398(342,345)",
(15-13),409312.0469,6958571.237,"seg337(344,345)",
(15-13),409317.1016,6958682.668,"seg336(344,347)",
(15-13),409318.7752,6958730.206,"seg339(346,347)",
(15-13),409319.3967,6958753.031,"seg338(346,349)",
(15-13),409319.0781,6958776.072,"seg341(348,349)",
(15-13),409318.0066,6958787.363,"seg340(348,351)",
(15-13),409316.4429,6958798.43,"seg343(350,351)",
(15-13),409311.7364,6958820.33,"seg342(350,539)",
(15-13),409308.6917,6958831.275,"seg345(538,539)",
(15-13),409301.3681,6958853.044,"seg344(538,541)",
(15-13),409292.128,6958873.471,"seg347(540,541)",
(15-13),409287.0177,6958883.181,"seg346(540,543)",
(15-13),409275.1682,6958902.425,"seg349(542,543)",
(15-13),409268.7777,6958911.573,"seg348(542,545)",
(15-13),409254.8169,6958929.084,"seg351(544,545)",
(15-13),409239.385,6958945.143,"seg350(544,547)",
(15-13),409222.8753,6958959.977,"seg353(546,547)",
(15-13),409214.2298,6958966.781,"seg352(546,549)",
(15-13),409195.8658,6958978.554,"seg355(548,549)",
(15-13),409176.8121,6958990.045,"seg354(548,551)",
(15-13),409021.1184,6959075.688,"seg357(550,551)",
(15-13),409000.7283,6959087.501,"seg356(550,553)",
(15-13),408982.8557,6959099.554,"seg359(552,553)",
(15-13),408974.359,6959106.249,"seg358(552,555)",
(15-13),408958.9815,6959121.533,"seg361(554,555)",
(15-13),408950.868,6959129.837,"seg360(554,557)",
(15-13),408937.643,6959147.962,"seg363(556,557)",
(15-13),408931.4937,6959157.832,"seg362(556,559)",
(15-13),408922.0721,6959175.985,"seg365(558,559)",
(15-13),408917.2952,6959187.305,"seg364(558,561)",
(15-13),408914.2812,6959194.559,"seg367(560,561)",
(15-13),408912.3274,6959199.634,"seg366(560,563)",
(15-13),408910.4592,6959206.323,"seg561(562,563)",
(15-13),408908.6318,6959214.445,"seg560(562,565)",
(15-13),408907.8103,6959219.35,"seg563(564,565)",
(15-13),408905.7549,6959233.307,"seg562(564,567)",
(15-13),408904.3857,6959245.838,"seg565(566,567)",
(15-13),408903.5243,6959265.58,"seg564(566,569)",
(15-13),408905.6328,6959287.641,"seg567(568,569)",
(15-13),408907.4292,6959298.511,"seg566(507,568)",
(15-13),408909.9171,6959309.386,"seg569(506,507)",
(15-13),408916.8713,6959330.819,"seg568(506,509)",
(15-13),408925.9076,6959351.27,"seg571(508,509)",
(15-13),408931.2687,6959361.058,"seg570(508,511)",
(15-13),408943.8772,6959379.431,"seg573(510,511)",
(15-13),408950.6297,6959388.122,"seg572(510,513)",
(15-13),408965.5212,6959405.071,"seg575(512,513)",
(15-13),409028.7723,6959468.907,"seg574(512,515)",
(15-13),409099.0757,6959541.104,"seg577(514,515)",
(15-13),409115.1621,6959556.844,"seg576(514,517)",
(15-13),409140.3551,6959583.618,"seg579(516,517)",
(15-13),409152.6438,6959598.553,"seg578(516,519)",
(15-13),409159.4913,6959607.799,"seg581(518,519)",
(15-13),409165.5982,6959616.984,"seg580(518,521)",
(15-13),409176.1779,6959635.895,"seg583(520,521)",
(15-13),409182.0133,6959648.401,"seg582(520,523)",
(15-13),409188.4107,6959665.065,"seg585(522,523)",
(15-13),409192.4098,6959678.721,"seg584(522,525)",
(15-13),409195.5177,6959692.647,"seg587(524,525)",
(15-13),409198.6245,6959713.386,"seg586(524,527)",
(15-13),409199.6717,6959725.414,"seg589(526,527)",
(15-13),409199.5663,6959739.648,"seg588(526,529)",
(15-13),409197.584,6959760.516,"seg591(528,529)",
(15-13),409195.722,6959771.802,"seg590(528,531)",
(15-13),409189.9234,6959794.358,"seg529(530,531)",
(15-13),409181.5626,6959816.009,"seg528(530,533)",
(15-13),409171.6407,6959834.99,"seg531(532,533)",
(15-13),409164.1964,6959846.29,"seg530(532,535)",
(15-13),409152.0728,6959862.375,"seg533(534,535)",
(15-13),409126.2325,6959889.546,"seg532(534,537)",
(15-13),409035.7158,6959978.054,"seg535(536,537)",
(15-13),409028.3399,6959986.751,"seg534(475,536)",
(15-13),409014.4735,6960004.65,"seg537(474,475)",
(15-13),409008.7212,6960014.245,"seg536(474,477)",
(15-13),409003.0619,6960024.617,"seg539(476,477)",
(15-13),408994.1671,6960044.934,"seg538(476,479)",
(15-13),408990.4335,6960055.431,"seg541(478,479)",
(15-13),408985.0344,6960077.326,"seg540(478,481)",
(15-13),408983.1755,6960088.168,"seg543(480,481)",
(15-13),408982.107,6960099.017,"seg542(480,483)",
(15-13),408981.4205,6960111.641,"seg545(482,483)",
(15-13),408981.3445,6960121.888,"seg544(482,485)",
(15-13),408982.149,6960133.304,"seg547(484,485)",
(15-13),408984.1148,6960147.997,"seg546(484,487)",
(15-13),408986.545,6960160.035,"seg549(486,487)",
(15-13),408987.3384,6960166.3,"seg548(486,489)",
(15-13),408994.2924,6960187.843,"seg551(488,489)",
(15-13),409003.5279,6960208.185,"seg550(488,491)",
(15-13),409013.9515,6960228.202,"seg553(490,491)",
(15-13),409030.5342,6960257.073,"seg552(490,493)",
(15-13),409079.7172,6960346.672,"seg555(492,493)",
(15-13),409089.803,6960365.635,"seg554(492,495)",
(15-13),409096.243,6960376.595,"seg557(494,495)",
(15-13),409104.184,6960391.664,"seg556(494,497)",
(15-13),409114.4786,6960409.133,"seg559(496,497)",
(15-13),409122.5324,6960422.32,"seg558(496,499)",
(15-13),409131.6718,6960435.682,"seg497(498,499)",
(15-13),409138.8219,6960444.154,"seg496(498,501)",
(15-13),409154.81,6960460.003,"seg499(500,501)",
(15-13),409172.2924,6960474.202,"seg498(500,503)",
(15-13),409191.3696,6960486.529,"seg501(502,503)",
(15-13),409201.4105,6960491.589,"seg500(502,505)",
(15-13),409211.6505,6960496.428,"seg503(504,505)",
(15-13),409233.0388,6960503.566,"seg502(443,504)",
(15-13),409244.0832,6960506.528,"seg505(442,443)",
(15-13),409255.1318,6960508.936,"seg504(442,445)",
(15-13),409388.8162,6960535.847,"seg507(444,445)",
(15-13),409411.1645,6960540.111,"seg506(444,447)",
(15-13),409424.3925,6960541.759,"seg509(446,447)",
(15-13),409447.512,6960541.93,"seg508(446,449)",
(15-13),409464.4659,6960540.781,"seg511(448,449)",
(15-13),409487.225,6960536.241,"seg510(448,451)",
(15-13),409499.5022,6960532.842,"seg513(450,451)",
(15-13),409511.6862,6960528.666,"seg512(450,453)",
(15-13),409531.9083,6960519.787,"seg515(452,453)",
(15-13),409542.6736,6960513.718,"seg514(452,455)",
(15-13),409552.0054,6960507.749,"seg517(454,455)",
(15-13),409570.6331,6960493.984,"seg516(454,457)",
(15-13),409592.2326,6960472.485,"seg519(456,457)",
(15-13),409605.7544,6960454.361,"seg518(456,459)",
(15-13),409610.9986,6960446.645,"seg521(458,459)",
(15-13),409668.166,6960358.331,"seg520(458,461)",
(15-13),409674.36,6960349.071,"seg523(460,461)",
(15-13),409687.537,6960330.778,"seg522(460,463)",
(15-13),409694.6154,6960322.189,"seg525(462,463)",
(15-13),409710.4453,6960305.91,"seg524(462,465)",
(15-13),409727.8444,6960291.194,"seg527(464,465)",
(15-13),409745.8184,6960278.918,"seg526(464,467)",
(15-13),409758.0221,6960272.029,"seg465(466,467)",
(15-13),409779.9758,6960262.719,"seg464(466,469)",
(15-13),409798.5394,6960257.593,"seg467(468,469)",
(15-13),409820.7038,6960253.214,"seg466(468,471)",
(15-13),409831.8795,6960251.745,"seg469(470,471)",
(15-13),409843.2455,6960251.275,"seg468(470,473)",
(15-13),409865.6697,6960251.883,"seg471(472,473)",
(15-13),409876.825,6960253.183,"seg470(472,664)",
(15-13),409898.6307,6960257.276,"seg473(663,664)",
(15-13),409941.7149,6960270,"seg472(663,666)",
(15-13),410016.5334,6960293.758,"seg475(665,666)",
(15-13),410039.4972,6960301.626,"seg474(665,668)",
(15-13),410063.1258,6960313.154,"seg477(667,668)",
(15-13),410078.5226,6960322.185,"seg476(667,670)",
(15-13),410096.9032,6960335.281,"seg479(669,670)",
(15-13),410121.3379,6960358.17,"seg478(669,672)",
(15-13),410135.5365,6960375.666,"seg481(671,672)",
(15-13),410141.99,6960384.908,"seg480(671,674)",
(15-13),410153.5081,6960404.158,"seg483(673,674)",
(15-13),410158.5727,6960414.165,"seg482(673,676)",
(15-13),410163.0412,6960424.611,"seg485(675,676)",
(15-13),410170.4956,6960445.604,"seg484(675,678)",
(15-13),410174.0324,6960461.859,"seg487(677,678)",
(15-13),410175.7835,6960472.34,"seg486(677,680)",
(15-13),410177.9286,6960489.749,"seg489(679,680)",
(15-13),410178.6054,6960512.021,"seg488(679,682)",
(15-13),410177.9748,6960523.925,"seg491(681,682)",
(15-13),410176.9041,6960535.217,"seg490(681,684)",
(15-13),410174.5177,6960550.764,"seg493(683,684)",
(15-13),410171.0036,6960565.14,"seg492(683,686)",
(15-13),410166.8521,6960578.846,"seg495(685,686)",
(15-13),410162.0662,6960591.495,"seg494(685,688)",
(15-13),410097.9442,6960732.548,"seg1713(687,688)",
(15-13),410088.7523,6960753.141,"seg1712(687,690)",
(15-13),410084.7231,6960763.636,"seg1715(689,690)",
(15-13),410077.2566,6960784.74,"seg1714(689,692)",
(15-13),410070.7753,6960806.24,"seg1717(691,692)",
(15-13),410065.3787,6960828.024,"seg1716(691,694)",
(15-13),410051.6591,6960893.395,"seg1719(693,694)",
(15-13),410041.9037,6960936.915,"seg1718(632,693)",
(15-13),410039.0568,6960947.862,"seg1721(631,632)",
(15-13),410032.4769,6960969.305,"seg1720(631,634)",
(15-13),410025.1082,6960990.521,"seg1723(633,634)",
(15-13),410016.557,6961011.285,"seg1722(633,636)",
(15-13),410006.527,6961031.595,"seg1725(635,636)",
(15-13),409988.7615,6961062.483,"seg1724(635,638)",
(15-13),409969.8371,6961089.707,"seg1727(637,638)",
(15-13),409960.4129,6961101.492,"seg1726(637,640)",
(15-13),409941.2808,6961123.341,"seg1729(639,640)",
(15-13),409925.8443,6961139.79,"seg1728(639,642)",
(15-13),409833.3271,6961237.927,"seg1731(641,642)",
(15-13),409817.7944,6961253.987,"seg1730(641,644)",
(15-13),409795.9315,6961277.588,"seg1733(643,644)",
(15-13),409770.7381,6961303.935,"seg1732(643,646)",
(15-13),409710.8282,6961368.357,"seg1735(645,646)",
(15-13),409633.3481,6961450.263,"seg1734(645,648)",
(15-13),409617.6164,6961466.432,"seg1737(647,648)",
(15-13),409558.5198,6961520.833,"seg1736(647,650)",
(15-13),409533.1029,6961543.854,"seg1739(649,650)",
(15-13),409514.6675,6961558.12,"seg1738(649,652)",
(15-13),409495.3016,6961571.271,"seg1741(651,652)",
(15-13),409485.3773,6961577.069,"seg1740(651,654)",
(15-13),409465.042,6961587.664,"seg1743(653,654)",
(15-13),409441.2977,6961598.235,"seg1742(653,656)",
(15-13),409422.6192,6961605.243,"seg1681(655,656)",
(15-13),409389.4961,6961614.636,"seg1680(655,658)",
(15-13),409378.4081,6961617.434,"seg1683(657,658)",
(15-13),409356.4905,6961621.482,"seg1682(657,660)",
(15-13),409334.1332,6961624.862,"seg1685(659,660)",
(15-13),409311.4909,6961626.689,"seg1684(659,662)",
(15-13),409280.6571,6961627.126,"seg1687(661,662)",
(15-13),409265.0006,6961626.345,"seg1686(600,661)",
(15-13),409253.6439,6961625.375,"seg1689(599,600)",
(15-13),409230.7404,6961622.436,"seg1688(599,602)",
(15-13),409209.4734,6961618.678,"seg1691(601,602)",
(15-13),409196.5506,6961615.703,"seg1690(601,604)",
(15-13),409173.4275,6961609.051,"seg1693(603,604)",
(15-13),409097.2992,6961581.124,"seg1692(603,606)",
(15-13),409063.0958,6961569.571,"seg1695(605,606)",
(15-13),409051.461,6961566.162,"seg1694(605,608)",
(15-13),409028.0898,6961559.674,"seg1697(607,608)",
(15-13),409004.615,6961553.85,"seg1696(607,610)",
(15-13),408969.0985,6961546.164,"seg1699(609,610)",
(15-13),408945.2136,6961542.331,"seg1698(609,612)",
(15-13),408911.6969,6961538.15,"seg1701(611,612)",
(15-13),408817.3459,6961529.141,"seg1700(611,614)",
(15-13),408760.1672,6961524.395,"seg1703(613,614)",
(15-13),408726.5978,6961520.656,"seg1702(613,616)",
(15-13),408704.1894,6961517.609,"seg1705(615,616)",
(15-13),408670.931,6961511.933,"seg1704(615,618)",
(15-13),408637.9805,6961504.709,"seg1707(617,618)",
(15-13),408616.4323,6961498.954,"seg1706(617,620)",
(15-13),408594.5403,6961492.92,"seg1709(619,620)",
(15-13),408561.4212,6961481.816,"seg1708(619,622)",
(15-13),408483.7124,6961454.096,"seg1711(621,622)",
(15-13),408354.3205,6961406.99,"seg1710(621,624)",
(15-13),408344.0684,6961403.701,"seg1649(623,624)",
(15-13),408283.5604,6961381.757,"seg1648(623,626)",
(15-13),408254.0878,6961372.01,"seg1651(625,626)",
(15-13),408234.9487,6961367.878,"seg1650(625,628)",
(15-13),408225.3743,6961366.477,"seg1653(627,628)",
(15-13),408206.9054,6961365.231,"seg1652(627,630)",
(15-13),408189.3133,6961365.654,"seg1655(629,630)",
(15-13),408167.6543,6961368.15,"seg1654(571,629)",
(15-13),408155.087,6961370.549,"seg1657(570,571)",
(15-13),408141.6698,6961374.271,"seg1656(570,573)",
(15-13),408133.5945,6961377.201,"seg1659(572,573)",
(15-13),408106.7253,6961389.297,"seg1658(572,575)",
(15-13),408068.8544,6961406.061,"seg1661(574,575)",
(15-13),408035.6742,6961420.629,"seg1660(574,577)",
(15-13),408017.8615,6961428.651,"seg1663(576,577)",
(15-13),407992.9109,6961439.403,"seg1662(576,579)",
(15-13),407972.0867,6961449.162,"seg1665(578,579)",
(15-13),407714.5043,6961563.715,"seg1664(578,581)",
(15-13),407704.7901,6961567.74,"seg1667(580,581)",
(15-13),407684.8767,6961574.57,"seg1666(580,583)",
(15-13),407664.1862,6961579.621,"seg1669(582,583)",
(15-13),407653.601,6961581.203,"seg1668(582,585)",
(15-13),407631.8543,6961582.147,"seg1671(584,585)",
(15-13),407620.59,6961582.062,"seg1670(584,587)",
(15-13),407574.7503,6961580.61,"seg1673(586,587)",
(15-13),407551.1296,6961581.096,"seg1672(586,589)",
(15-13),407539.4599,6961582.338,"seg1675(588,589)",
(15-13),407516.4037,6961586.595,"seg1674(588,591)",
(15-13),407504.9192,6961589.5,"seg1677(590,591)",
(15-13),407493.7269,6961592.96,"seg1676(590,593)",
(15-13),407471.8246,6961601.436,"seg1679(592,593)",
(15-13),407461.2126,6961606.563,"seg1678(592,595)",
(15-13),407440.5731,6961617.929,"seg1617(594,595)",
(15-13),407421.1068,6961630.965,"seg1616(594,597)",
(15-13),407313.3006,6961709.138,"seg1619(596,597)",
(15-13),407296.2072,6961721.971,"seg1618(434,596)",
(15-2),407296.2072,6961721.971,,
(15-2),407313.3006,6961709.138,"seg1618(434,596)",
(15-2),407421.1068,6961630.965,"seg1619(596,597)",
(15-2),407440.5731,6961617.929,"seg1616(594,597)",
(15-2),407461.2126,6961606.563,"seg1617(594,595)",
(15-2),407471.8246,6961601.436,"seg1678(592,595)",
(15-2),407493.7269,6961592.96,"seg1679(592,593)",
(15-2),407504.9192,6961589.5,"seg1676(590,593)",
(15-2),407516.4037,6961586.595,"seg1677(590,591)",
(15-2),407539.4599,6961582.338,"seg1674(588,591)",
(15-2),407551.1296,6961581.096,"seg1675(588,589)",
(15-2),407574.7503,6961580.61,"seg1672(586,589)",
(15-2),407620.59,6961582.062,"seg1673(586,587)",
(15-2),407631.8543,6961582.147,"seg1670(584,587)",
(15-2),407653.601,6961581.203,"seg1671(584,585)",
(15-2),407664.1862,6961579.621,"seg1668(582,585)",
(15-2),407684.8767,6961574.57,"seg1669(582,583)",
(15-2),407704.7901,6961567.74,"seg1666(580,583)",
(15-2),407714.5043,6961563.715,"seg1667(580,581)",
(15-2),407972.0867,6961449.162,"seg1664(578,581)",
(15-2),407992.9109,6961439.403,"seg1665(578,579)",
(15-2),408017.8615,6961428.651,"seg1662(576,579)",
(15-2),408035.6742,6961420.629,"seg1663(576,577)",
(15-2),408068.8544,6961406.061,"seg1660(574,577)",
(15-2),408106.7253,6961389.297,"seg1661(574,575)",
(15-2),408133.5945,6961377.201,"seg1658(572,575)",
(15-2),408141.6698,6961374.271,"seg1659(572,573)",
(15-2),408155.087,6961370.549,"seg1656(570,573)",
(15-2),408167.6543,6961368.15,"seg1657(570,571)",
(15-2),408189.3133,6961365.654,"seg1654(571,629)",
(15-2),408206.9054,6961365.231,"seg1655(629,630)",
(15-2),408225.3743,6961366.477,"seg1652(627,630)",
(15-2),408234.9487,6961367.878,"seg1653(627,628)",
(15-2),408254.0878,6961372.01,"seg1650(625,628)",
(15-2),408283.5604,6961381.757,"seg1651(625,626)",
(15-2),408344.0684,6961403.701,"seg1648(623,626)",
(15-2),408354.3205,6961406.99,"seg1649(623,624)",
(15-2),408483.7124,6961454.096,"seg1710(621,624)",
(15-2),408561.4212,6961481.816,"seg1711(621,622)",
(15-2),408594.5403,6961492.92,"seg1708(619,622)",
(15-2),408616.4323,6961498.954,"seg1709(619,620)",
(15-2),408637.9805,6961504.709,"seg1706(617,620)",
(15-2),408670.931,6961511.933,"seg1707(617,618)",
(15-2),408704.1894,6961517.609,"seg1704(615,618)",
(15-2),408726.5978,6961520.656,"seg1705(615,616)",
(15-2),408760.1672,6961524.395,"seg1702(613,616)",
(15-2),408817.3459,6961529.141,"seg1703(613,614)",
(15-2),408911.6969,6961538.15,"seg1700(611,614)",
(15-2),408945.2136,6961542.331,"seg1701(611,612)",
(15-2),408969.0985,6961546.164,"seg1698(609,612)",
(15-2),409004.615,6961553.85,"seg1699(609,610)",
(15-2),409028.0898,6961559.674,"seg1696(607,610)",
(15-2),409051.461,6961566.162,"seg1697(607,608)",
(15-2),409063.0958,6961569.571,"seg1694(605,608)",
(15-2),409097.2992,6961581.124,"seg1695(605,606)",
(15-2),409173.4275,6961609.051,"seg1692(603,606)",
(15-2),409196.5506,6961615.703,"seg1693(603,604)",
(15-2),409209.4734,6961618.678,"seg1690(601,604)",
(15-2),409230.7404,6961622.436,"seg1691(601,602)",
(15-2),409253.6439,6961625.375,"seg1688(599,602)",
(15-2),409265.0006,6961626.345,"seg1689(599,600)",
(15-2),409280.6571,6961627.126,"seg1686(600,661)",
(15-2),409311.4909,6961626.689,"seg1687(661,662)",
(15-2),409334.1332,6961624.862,"seg1684(659,662)",
(15-2),409356.4905,6961621.482,"seg1685(659,660)",
(15-2),409378.4081,6961617.434,"seg1682(657,660)",
(15-2),409389.4961,6961614.636,"seg1683(657,658)",
(15-2),409422.6192,6961605.243,"seg1680(655,658)",
(15-2),409441.2977,6961598.235,"seg1681(655,656)",
(15-2),409465.042,6961587.664,"seg1742(653,656)",
(15-2),409485.3773,6961577.069,"seg1743(653,654)",
(15-2),409495.3016,6961571.271,"seg1740(651,654)",
(15-2),409514.6675,6961558.12,"seg1741(651,652)",
(15-2),409533.1029,6961543.854,"seg1738(649,652)",
(15-2),409558.5198,6961520.833,"seg1739(649,650)",
(15-2),409617.6164,6961466.432,"seg1736(647,650)",
(15-2),409633.3481,6961450.263,"seg1737(647,648)",
(15-2),409710.8282,6961368.357,"seg1734(645,648)",
(15-2),409770.7381,6961303.935,"seg1735(645,646)",
(15-2),409795.9315,6961277.588,"seg1732(643,646)",
(15-2),409817.7944,6961253.987,"seg1733(643,644)",
(15-2),409833.3271,6961237.927,"seg1730(641,644)",
(15-2),409925.8443,6961139.79,"seg1731(641,642)",
(15-2),409941.2808,6961123.341,"seg1728(639,642)",
(15-2),409960.4129,6961101.492,"seg1729(639,640)",
(15-2),409969.8371,6961089.707,"seg1726(637,640)",
(15-2),409988.7615,6961062.483,"seg1727(637,638)",
(15-2),410006.527,6961031.595,"seg1724(635,638)",
(15-2),410016.557,6961011.285,"seg1725(635,636)",
(15-2),410025.1082,6960990.521,"seg1722(633,636)",
(15-2),410032.4769,6960969.305,"seg1723(633,634)",
(15-2),410039.0568,6960947.862,"seg1720(631,634)",
(15-2),410041.9037,6960936.915,"seg1721(631,632)",
(15-2),410051.6591,6960893.395,"seg1718(632,693)",
(15-2),410065.3787,6960828.024,"seg1719(693,694)",
(15-2),410070.7753,6960806.24,"seg1716(691,694)",
(15-2),410077.2566,6960784.74,"seg1717(691,692)",
(15-2),410084.7231,6960763.636,"seg1714(689,692)",
(15-2),410088.7523,6960753.141,"seg1715(689,690)",
(15-2),410097.9442,6960732.548,"seg1712(687,690)",
(15-2),410162.0662,6960591.495,"seg1713(687,688)",
(15-2),410166.8521,6960578.846,"seg494(685,688)",
(15-2),410171.0036,6960565.14,"seg495(685,686)",
(15-2),410174.5177,6960550.764,"seg492(683,686)",
(15-2),410176.9041,6960535.217,"seg493(683,684)",
(15-2),410177.9748,6960523.925,"seg490(681,684)",
(15-2),410178.6054,6960512.021,"seg491(681,682)",
(15-2),410177.9286,6960489.749,"seg488(679,682)",
(15-2),410175.7835,6960472.34,"seg489(679,680)",
(15-2),410174.0324,6960461.859,"seg486(677,680)",
(15-2),410170.4956,6960445.604,"seg487(677,678)",
(15-2),410163.0412,6960424.611,"seg484(675,678)",
(15-2),410158.5727,6960414.165,"seg485(675,676)",
(15-2),410153.5081,6960404.158,"seg482(673,676)",
(15-2),410141.99,6960384.908,"seg483(673,674)",
(15-2),410135.5365,6960375.666,"seg480(671,674)",
(15-2),410121.3379,6960358.17,"seg481(671,672)",
(15-2),410096.9032,6960335.281,"seg478(669,672)",
(15-2),410078.5226,6960322.185,"seg479(669,670)",
(15-2),410063.1258,6960313.154,"seg476(667,670)",
(15-2),410039.4972,6960301.626,"seg477(667,668)",
(15-2),410016.5334,6960293.758,"seg474(665,668)",
(15-2),409941.7149,6960270,"seg475(665,666)",
(15-2),409898.6307,6960257.276,"seg472(663,666)",
(15-2),409876.825,6960253.183,"seg473(663,664)",
(15-2),409865.6697,6960251.883,"seg470(472,664)",
(15-2),409843.2455,6960251.275,"seg471(472,473)",
(15-2),409831.8795,6960251.745,"seg468(470,473)",
(15-2),409820.7038,6960253.214,"seg469(470,471)",
(15-2),409798.5394,6960257.593,"seg466(468,471)",
(15-2),409779.9758,6960262.719,"seg467(468,469)",
(15-2),409758.0221,6960272.029,"seg464(466,469)",
(15-2),409745.8184,6960278.918,"seg465(466,467)",
(15-2),409727.8444,6960291.194,"seg526(464,467)",
(15-2),409710.4453,6960305.91,"seg527(464,465)",
(15-2),409694.6154,6960322.189,"seg524(462,465)",
(15-2),409687.537,6960330.778,"seg525(462,463)",
(15-2),409674.36,6960349.071,"seg522(460,463)",
(15-2),409668.166,6960358.331,"seg523(460,461)",
(15-2),409610.9986,6960446.645,"seg520(458,461)",
(15-2),409605.7544,6960454.361,"seg521(458,459)",
(15-2),409592.2326,6960472.485,"seg518(456,459)",
(15-2),409570.6331,6960493.984,"seg519(456,457)",
(15-2),409552.0054,6960507.749,"seg516(454,457)",
(15-2),409542.6736,6960513.718,"seg517(454,455)",
(15-2),409531.9083,6960519.787,"seg514(452,455)",
(15-2),409511.6862,6960528.666,"seg515(452,453)",
(15-2),409499.5022,6960532.842,"seg512(450,453)",
(15-2),409487.225,6960536.241,"seg513(450,451)",
(15-2),409464.4659,6960540.781,"seg510(448,451)",
(15-2),409447.512,6960541.93,"seg511(448,449)",
(15-2),409424.3925,6960541.759,"seg508(446,449)",
(15-2),409411.1645,6960540.111,"seg509(446,447)",
(15-2),409388.8162,6960535.847,"seg506(444,447)",
(15-2),409255.1318,6960508.936,"seg507(444,445)",
(15-2),409244.0832,6960506.528,"seg504(442,445)",
(15-2),409233.0388,6960503.566,"seg505(442,443)",
(15-2),409211.6505,6960496.428,"seg502(443,504)",
(15-2),409201.4105,6960491.589,"seg503(504,505)",
(15-2),409191.3696,6960486.529,"seg500(502,505)",
(15-2),409172.2924,6960474.202,"seg501(502,503)",
(15-2),409154.81,6960460.003,"seg498(500,503)",
(15-2),409138.8219,6960444.154,"seg499(500,501)",
(15-2),409131.6718,6960435.682,"seg496(498,501)",
(15-2),409122.5324,6960422.32,"seg497(498,499)",
(15-2),409114.4786,6960409.133,"seg558(496,499)",
(15-2),409104.184,6960391.664,"seg559(496,497)",
(15-2),409096.243,6960376.595,"seg556(494,497)",
(15-2),409089.803,6960365.635,"seg557(494,495)",
(15-2),409079.7172,6960346.672,"seg554(492,495)",
(15-2),409030.5342,6960257.073,"seg555(492,493)",
(15-2),409013.9515,6960228.202,"seg552(490,493)",
(15-2),409003.5279,6960208.185,"seg553(490,491)",
(15-2),408994.2924,6960187.843,"seg550(488,491)",
(15-2),408987.3384,6960166.3,"seg551(488,489)",
(15-2),408986.545,6960160.035,"seg548(486,489)",
(15-2),408984.1148,6960147.997,"seg549(486,487)",
(15-2),408982.149,6960133.304,"seg546(484,487)",
(15-2),408981.3445,6960121.888,"seg547(484,485)",
(15-2),408981.4205,6960111.641,"seg544(482,485)",
(15-2),408982.107,6960099.017,"seg545(482,483)",
(15-2),408983.1755,6960088.168,"seg542(480,483)",
(15-2),408985.0344,6960077.326,"seg543(480,481)",
(15-2),408990.4335,6960055.431,"seg540(478,481)",
(15-2),408994.1671,6960044.934,"seg541(478,479)",
(15-2),409003.0619,6960024.617,"seg538(476,479)",
(15-2),409008.7212,6960014.245,"seg539(476,477)",
(15-2),409014.4735,6960004.65,"seg536(474,477)",
(15-2),409028.3399,6959986.751,"seg537(474,475)",
(15-2),409035.7158,6959978.054,"seg534(475,536)",
(15-2),409126.2325,6959889.546,"seg535(536,537)",
(15-2),409152.0728,6959862.375,"seg532(534,537)",
(15-2),409164.1964,6959846.29,"seg533(534,535)",
(15-2),409171.6407,6959834.99,"seg530(532,535)",
(15-2),409181.5626,6959816.009,"seg531(532,533)",
(15-2),409189.9234,6959794.358,"seg528(530,533)",
(15-2),409195.722,6959771.802,"seg529(530,531)",
(15-2),409197.584,6959760.516,"seg590(528,531)",
(15-2),409199.5663,6959739.648,"seg591(528,529)",
(15-2),409199.6717,6959725.414,"seg588(526,529)",
(15-2),409198.6245,6959713.386,"seg589(526,527)",
(15-2),409195.5177,6959692.647,"seg586(524,527)",
(15-2),409192.4098,6959678.721,"seg587(524,525)",
(15-2),409188.4107,6959665.065,"seg584(522,525)",
(15-2),409182.0133,6959648.401,"seg585(522,523)",
(15-2),409176.1779,6959635.895,"seg582(520,523)",
(15-2),409165.5982,6959616.984,"seg583(520,521)",
(15-2),409159.4913,6959607.799,"seg580(518,521)",
(15-2),409152.6438,6959598.553,"seg581(518,519)",
(15-2),409140.3551,6959583.618,"seg578(516,519)",
(15-2),409115.1621,6959556.844,"seg579(516,517)",
(15-2),409099.0757,6959541.104,"seg576(514,517)",
(15-2),409028.7723,6959468.907,"seg577(514,515)",
(15-2),408965.5212,6959405.071,"seg574(512,515)",
(15-2),408950.6297,6959388.122,"seg575(512,513)",
(15-2),408943.8772,6959379.431,"seg572(510,513)",
(15-2),408931.2687,6959361.058,"seg573(510,511)",
(15-2),408925.9076,6959351.27,"seg570(508,511)",
(15-2),408916.8713,6959330.819,"seg571(508,509)",
(15-2),408909.9171,6959309.386,"seg568(506,509)",
(15-2),408907.4292,6959298.511,"seg569(506,507)",
(15-2),408905.6328,6959287.641,"seg566(507,568)",
(15-2),408903.5243,6959265.58,"seg567(568,569)",
(15-2),408904.3857,6959245.838,"seg564(566,569)",
(15-2),408905.7549,6959233.307,"seg565(566,567)",
(15-2),408907.8103,6959219.35,"seg562(564,567)",
(15-2),408908.6318,6959214.445,"seg563(564,565)",
(15-2),408910.4592,6959206.323,"seg560(562,565)",
(15-2),408912.3274,6959199.634,"seg561(562,563)",
(15-2),408914.2812,6959194.559,"seg366(560,563)",
(15-2),408917.2952,6959187.305,"seg367(560,561)",
(15-2),408922.0721,6959175.985,"seg364(558,561)",
(15-2),408931.4937,6959157.832,"seg365(558,559)",
(15-2),408937.643,6959147.962,"seg362(556,559)",
(15-2),408950.868,6959129.837,"seg363(556,557)",
(15-2),408958.9815,6959121.533,"seg360(554,557)",
(15-2),408974.359,6959106.249,"seg361(554,555)",
(15-2),408982.8557,6959099.554,"seg358(552,555)",
(15-2),409000.7283,6959087.501,"seg359(552,553)",
(15-2),409021.1184,6959075.688,"seg356(550,553)",
(15-2),409176.8121,6958990.045,"seg357(550,551)",
(15-2),409195.8658,6958978.554,"seg354(548,551)",
(15-2),409214.2298,6958966.781,"seg355(548,549)",
(15-2),409222.8753,6958959.977,"seg352(546,549)",
(15-2),409239.385,6958945.143,"seg353(546,547)",
(15-2),409254.8169,6958929.084,"seg350(544,547)",
(15-2),409268.7777,6958911.573,"seg351(544,545)",
(15-2),409275.1682,6958902.425,"seg348(542,545)",
(15-2),409287.0177,6958883.181,"seg349(542,543)",
(15-2),409292.128,6958873.471,"seg346(540,543)",
(15-2),409301.3681,6958853.044,"seg347(540,541)",
(15-2),409308.6917,6958831.275,"seg344(538,541)",
(15-2),409311.7364,6958820.33,"seg345(538,539)",
(15-2),409316.4429,6958798.43,"seg342(350,539)",
(15-2),409318.0066,6958787.363,"seg343(350,351)",
(15-2),409319.0781,6958776.072,"seg340(348,351)",
(15-2),409319.3967,6958753.031,"seg341(348,349)",
(15-2),409318.7752,6958730.206,"seg338(346,349)",
(15-2),409317.1016,6958682.668,"seg339(346,347)",
(15-2),409312.0469,6958571.237,"seg336(344,347)",
(15-2),409309.6604,6958520.042,"seg337(344,345)",
(15-2),409309.5032,6958507.91,"seg398(342,345)",
(15-2),409307.263,6958450.176,"seg399(342,343)",
(15-2),409306.504,6958439.259,"seg396(340,343)",
(15-2),409306.884,6958427.962,"seg397(340,341)",
(15-2),409308.8676,6958406.873,"seg394(338,341)",
(15-2),409311.4792,6958394.374,"seg395(338,339)",
(15-2),409313.5205,6958385.526,"seg392(336,339)",
(15-2),409320.7058,6958362.371,"seg393(336,337)",
(15-2),409326.481,6958349.563,"seg390(334,337)",
(15-2),409335.9492,6958331.631,"seg391(334,335)",
(15-2),409341.7471,6958322.424,"seg388(332,335)",
(15-2),409348.334,6958313.388,"seg389(332,333)",
(15-2),409363.1814,6958296.106,"seg386(330,333)",
(15-2),409371.1414,6958288.41,"seg387(330,331)",
(15-2),409388.6345,6958274.027,"seg384(328,331)",
(15-2),409397.9693,6958267.449,"seg385(328,329)",
(15-2),409418.2037,6958256.409,"seg382(326,329)",
(15-2),409438.3814,6958246.367,"seg383(326,327)",
(15-2),409459.5958,6958236.387,"seg380(324,327)",
(15-2),409542.7119,6958198.172,"seg381(324,325)",
(15-2),409594.9436,6958175.071,"seg378(322,325)",
(15-2),409636.3785,6958155.879,"seg379(322,323)",
(15-2),409666.8149,6958141.148,"seg376(320,323)",
(15-2),409687.1444,6958130.552,"seg377(320,321)",
(15-2),409706.2975,6958118.729,"seg374(321,382)",
(15-2),409724.8668,6958105.683,"seg375(382,383)",
(15-2),409742.7503,6958091.856,"seg372(380,383)",
(15-2),409759.6591,6958076.25,"seg373(380,381)",
(15-2),409783.2538,6958051.498,"seg370(378,381)",
(15-2),409790.7252,6958043.022,"seg371(378,379)",
(15-2),409804.4883,6958025.288,"seg368(376,379)",
(15-2),409817.9615,6958006.665,"seg369(376,377)",
(15-2),409830.1579,6957987.036,"seg430(374,377)",
(15-2),409835.8642,6957976.775,"seg431(374,375)",
(15-2),409878.2635,6957893.447,"seg428(372,375)",
(15-2),409906.845,6957835.276,"seg429(372,373)",
(15-2),409920.3894,6957806.904,"seg426(370,373)",
(15-2),409928.6302,6957787.8,"seg427(370,371)",
(15-2),409931.9607,6957778.186,"seg424(368,371)",
(15-2),409937.3385,6957758.839,"seg425(368,369)",
(15-2),409939.2885,6957748.883,"seg422(366,369)",
(15-2),409940.4484,6957738.921,"seg423(366,367)",
(15-2),409941.5835,6957718.878,"seg420(364,367)",
(15-2),409941.4568,6957709.239,"seg421(364,365)",
(15-2),409939.72,6957690.172,"seg418(362,365)",
(15-2),409938.11,6957680.744,"seg419(362,363)",
(15-2),409933.6025,6957662.321,"seg416(360,363)",
(15-2),409930.9035,6957653.217,"seg417(360,361)",
(15-2),409924.1152,6957635.996,"seg414(358,361)",
(15-2),409915.9343,6957620.095,"seg415(358,359)",
(15-2),409911.5439,6957612.64,"seg412(356,359)",
(15-2),409901.9655,6957598.722,"seg413(356,357)",
(15-2),409891.1911,6957586.235,"seg410(354,357)",
(15-2),409879.9172,6957574.52,"seg411(354,355)",
(15-2),409839.5061,6957535.449,"seg408(352,355)",
(15-2),409828.8234,6957523.96,"seg409(352,353)",
(15-2),409823.9277,6957518.053,"seg406(353,411)",
(15-2),409819.1325,6957511.925,"seg407(411,412)",
(15-2),409810.1379,6957499.229,"seg404(409,412)",
(15-2),409802.034,6957486.319,"seg405(409,410)",
(15-2),409782.3249,6957453.05,"seg402(408,410)",
(16-14),407296.2072,6961721.971,,
(16-14),407267.963,6961745.797,"seg435(431,434)",
(16-14),407247.1892,6961761.814,"seg432(431,432)",
(16-14),407082.6442,6961881.1,"seg433(429,432)",
(16-14),407055.614,6961901.113,"seg238(429,430)",
(16-14),407047.4187,6961906.756,"seg239(427,430)",
(16-14),406670.1217,6962180.57,"seg236(427,428)",
(16-14),406650.9619,6962192.057,"seg237(425,428)",
(16-14),406636.0164,6962201.636,"seg234(425,426)",
(16-14),406625.882,6962208.815,"seg235(16,426)",
(16-13),406625.882,6962208.815,,
(16-13),406636.0164,6962201.636,"seg235(16,426)",
(16-13),406650.9619,6962192.057,"seg234(425,426)",
(16-13),406670.1217,6962180.57,"seg237(425,428)",
(16-13),407047.4187,6961906.756,"seg236(427,428)",
(16-13),407055.614,6961901.113,"seg239(427,430)",
(16-13),407082.6442,6961881.1,"seg238(429,430)",
(16-13),407247.1892,6961761.814,"seg433(429,432)",
(16-13),407267.963,6961745.797,"seg432(431,432)",
(16-13),407296.2072,6961721.971,"seg435(431,434)",
(17-15),406625.882,6962208.815,,
(17-15),406528.0561,6962279.248,"seg1(16,19)",
(17-15),406505.4957,6962296.026,"seg0(18,19)",
(17-15),406489.3275,6962310.415,"seg3(18,21)",
(17-15),406482.3559,6962317.508,"seg2(20,21)",
(17-15),406470.8451,6962330.215,"seg5(20,23)",
(17-15),406466.1041,6962336.383,"seg4(22,23)",
(17-15),406460.2583,6962344.868,"seg7(22,25)",
(17-15),406455.6034,6962352.698,"seg6(24,25)",
(17-15),406446.2885,6962369.023,"seg9(24,27)",
(17-15),406437.5606,6962386.128,"seg8(26,27)",
(17-15),406415.3666,6962432.965,"seg11(26,29)",
(17-15),406391.7157,6962482.158,"seg10(28,29)",
(17-15),406378.2135,6962509.751,"seg13(28,31)",
(17-15),406349.6254,6962571.737,"seg12(30,31)",
(17-15),406338.9381,6962593.036,"seg15(30,161)",
(17-15),406314.3763,6962645.359,"seg14(160,161)",
(17-15),406257.2845,6962764.512,"seg17(160,163)",
(17-15),406243.5626,6962788.447,"seg16(162,163)",
(17-15),406228.7832,6962808.496,"seg19(162,165)",
(17-15),406220.6123,6962817.297,"seg18(164,165)",
(17-15),406212.3526,6962824.767,"seg21(164,167)",
(17-15),406205.0922,6962830.804,"seg20(166,167)",
(17-15),406189.4952,6962841.431,"seg23(166,169)",
(17-15),406181.3572,6962845.911,"seg22(168,169)",
(17-15),406164.8903,6962853.983,"seg25(168,171)",
(17-15),406147.8465,6962859.945,"seg24(170,171)",
(17-15),406130.7157,6962864.357,"seg27(170,173)",
(17-15),406104.9935,6962867.926,"seg26(172,173)",
(17-15),406087.7445,6962868.404,"seg29(172,175)",
(17-15),406079.5466,6962867.787,"seg28(174,175)",
(17-15),406063.3569,6962865.448,"seg31(174,177)",
(17-15),406055.4631,6962863.836,"seg30(176,177)",
(17-15),406047.7703,6962861.783,"seg177(176,179)",
(17-15),406032.7851,6962857.016,"seg176(178,179)",
(17-15),406018.4993,6962851.257,"seg179(178,181)",
(17-15),405998.161,6962842.183,"seg178(180,181)",
(17-15),405936.6177,6962813.019,"seg181(180,183)",
(17-15),405922.5897,6962805.877,"seg180(182,183)",
(17-15),405901.5632,6962796.355,"seg183(182,185)",
(17-15),405887.1736,6962791.26,"seg182(184,185)",
(17-15),405879.8762,6962789.21,"seg185(184,187)",
(17-15),405864.9798,6962785.772,"seg184(186,187)",
(17-15),405857.1814,6962784.604,"seg187(186,189)",
(17-15),405841.5797,6962782.934,"seg186(188,189)",
(17-15),405833.479,6962782.539,"seg189(188,191)",
(17-15),405817.0731,6962782.635,"seg188(190,191)",
(17-15),405808.6691,6962783.125,"seg191(129,190)",
(17-15),405728.1476,6962793.142,"seg190(128,129)",
(17-15),405709.7525,6962794.884,"seg193(128,131)",
(17-15),405700.362,6962795.144,"seg192(130,131)",
(17-15),405681.391,6962794.666,"seg195(130,133)",
(17-15),405662.6338,6962792.085,"seg194(132,133)",
(17-15),405653.4571,6962790.242,"seg197(132,135)",
(17-15),405635.2111,6962785.449,"seg196(134,135)",
(17-15),405617.5708,6962778.998,"seg199(134,137)",
(17-15),405609.102,6962775.056,"seg198(136,137)",
(17-15),405592.6671,6962766.067,"seg201(136,139)",
(17-15),405577.2315,6962755.646,"seg200(138,139)",
(17-15),405562.9903,6962744.126,"seg203(138,141)",
(17-15),405495.9455,6962685.228,"seg202(140,141)",
(17-15),405489.0682,6962679.968,"seg205(140,143)",
(17-15),405474.615,6962670.33,"seg204(142,143)",
(17-15),405467.138,6962665.951,"seg207(142,145)",
(17-15),405459.2622,6962662.013,"seg206(144,145)",
(17-15),405443.0039,6962655.795,"seg145(144,147)",
(17-15),405426.0411,6962651.233,"seg144(146,147)",
(17-15),405408.5697,6962648.551,"seg147(146,149)",
(17-15),405399.8778,6962647.93,"seg146(148,149)",
(17-15),405385.2543,6962647.596,"seg149(148,151)",
(17-15),405371.8046,6962648.821,"seg148(150,151)",
(17-15),405360.028,6962650.946,"seg151(150,153)",
(17-15),405334.868,6962658.507,"seg150(152,153)",
(17-15),405324.9527,6962662.751,"seg153(152,155)",
(17-15),405312.7458,6962669.415,"seg152(154,155)",
(17-15),405300.5286,6962677.407,"seg155(154,157)",
(17-15),405292.6757,6962683.329,"seg154(156,157)",
(17-15),405273.1703,6962700.904,"seg157(156,159)",
(17-15),405222.5007,6962748.481,"seg156(158,159)",
(17-15),405202.2845,6962768.488,"seg159(97,158)",
(17-15),405189.8225,6962782.572,"seg158(96,97)",
(17-15),405183.8359,6962789.948,"seg161(96,99)",
(17-15),405178.3426,6962797.438,"seg160(98,99)",
(17-15),405162.6455,6962820.914,"seg163(98,101)",
(17-15),405147.635,6962845.059,"seg162(100,101)",
(17-15),405045.8284,6963013.104,"seg165(100,103)",
(17-15),405037.7521,6963028.717,"seg164(102,103)",
(17-15),405032.3056,6963042.911,"seg167(102,105)",
(17-15),405029.5688,6963051.752,"seg166(104,105)",
(17-15),405026.5706,6963068.845,"seg169(104,107)",
(17-15),405026.1733,6963075.488,"seg168(106,107)",
(17-15),405026.1441,6963092.05,"seg171(106,109)",
(17-15),405027.0053,6963102.083,"seg170(108,109)",
(17-15),405028.7118,6963111.457,"seg173(108,111)",
(17-15),405033.9937,6963131.328,"seg172(110,111)",
(17-15),405039.4753,6963144.553,"seg175(110,113)",
(17-15),405047.4082,6963160.29,"seg174(112,113)",
(17-15),405052.2813,6963169.135,"seg113(112,115)",
(17-15),405055.0494,6963175.416,"seg112(114,115)",
(17-15),405057.7285,6963180.421,"seg115(114,117)",
(17-15),405059.5131,6963186.085,"seg114(116,117)",
(17-15),405062.9068,6963194.531,"seg117(116,119)",
(17-15),405064.4242,6963202.796,"seg116(118,119)",
(17-15),405066.5341,6963211.121,"seg119(118,121)",
(17-15),405068.0359,6963227.805,"seg118(120,121)",
(17-15),405068.076,6963235.394,"seg121(120,123)",
(17-15),405067.5654,6963243.92,"seg120(122,123)",
(17-15),405066.6582,6963252.61,"seg123(122,125)",
(17-15),405065.0097,6963261.293,"seg122(124,125)",
(17-15),405060.2348,6963278.095,"seg125(124,127)",
(17-15),405055.935,6963290.968,"seg124(126,127)",
(17-15),405049.8968,6963304.991,"seg127(65,126)",
(17-15),405032.6562,6963342.634,"seg126(64,65)",
(17-15),405026.7965,6963352.725,"seg129(64,67)",
(17-15),405021.9495,6963359.667,"seg128(66,67)",
(17-15),405015.6662,6963367.041,"seg131(66,69)",
(17-15),405005.1565,6963377.761,"seg130(68,69)",
(17-15),404996.6538,6963384.563,"seg133(68,71)",
(17-15),404987.1701,6963390.417,"seg132(70,71)",
(17-15),404976.3545,6963395.983,"seg135(70,73)",
(17-15),404959.6496,6963402.667,"seg134(72,73)",
(17-15),404937.3314,6963406.759,"seg137(72,75)",
(17-15),404911.739,6963406.118,"seg136(74,75)",
(17-15),404903.6464,6963404.615,"seg139(74,77)",
(17-15),404887.8686,6963400.062,"seg138(76,77)",
(17-15),404870.9754,6963392.786,"seg141(76,79)",
(17-15),404864.3798,6963389.411,"seg140(78,79)",
(17-15),404821.5619,6963360.608,"seg143(78,81)",
(17-15),404799.2324,6963347.031,"seg142(80,81)",
(17-15),404792.6348,6963343.933,"seg81(80,83)",
(17-15),404776.7222,6963337.661,"seg80(82,83)",
(17-15),404758.4666,6963334.03,"seg83(82,85)",
(17-15),404739.8036,6963331.947,"seg82(84,85)",
(17-15),404691.7634,6963333.014,"seg85(84,87)",
(17-15),404673.1852,6963332.759,"seg84(86,87)",
(17-15),404567.2226,6963334.761,"seg87(86,89)",
(17-15),404535.3489,6963334.846,"seg86(88,89)",
(17-15),404460.426,6963335.98,"seg89(88,91)",
(17-15),404434.7307,6963335.891,"seg88(90,91)",
(17-15),404330.3028,6963337.515,"seg91(90,93)",
(17-15),404320.8659,6963337.331,"seg90(92,93)",
(17-15),404311.6197,6963338.034,"seg93(92,95)",
(17-15),404302.1797,6963338.238,"seg92(94,95)",
(17-15),404233.0965,6963338.253,"seg95(94,289)",
(17-15),404223.122,6963337.289,"seg94(288,289)",
(17-15),404202.8871,6963334.03,"seg97(288,291)",
(17-15),404192.8276,6963331.292,"seg96(290,291)",
(17-15),404173.3129,6963324.382,"seg99(290,293)",
(17-15),404163.7606,6963319.987,"seg98(292,293)",
(17-15),404145.7517,6963310.098,"seg101(292,295)",
(17-15),404140.4467,6963307.076,"seg100(294,295)",
(17-15),404135.2009,6963303.325,"seg103(294,297)",
(17-15),404127.4252,6963297.981,"seg102(296,297)",
(17-15),404120.2432,6963291.917,"seg105(296,299)",
(17-15),404114.4505,6963286.288,"seg104(298,299)",
(17-15),404107.4857,6963278.968,"seg107(298,301)",
(17-15),404094.7749,6963263.227,"seg106(300,301)",
(17-15),404089.4001,6963255.43,"seg109(300,303)",
(17-15),404080.6244,6963240.184,"seg108(302,303)",
(17-15),404076.5885,6963231.789,"seg111(302,305)",
(17-15),404072.5678,6963221.455,"seg110(304,305)",
(17-15),404066.9627,6963205.181,"seg305(304,307)",
(17-15),404062.9523,6963187.203,"seg304(306,307)",
(17-15),404060.8508,6963171.566,"seg307(306,309)",
(17-15),404060.1988,6963160.151,"seg306(308,309)",
(17-15),404060.2693,6963151.122,"seg309(308,311)",
(17-15),404061.8368,6963133.908,"seg308(310,311)",
(17-15),404064.6457,6963115.928,"seg311(310,313)",
(17-15),404069.1658,6963100.287,"seg310(312,313)",
(17-15),404072.0476,6963091.946,"seg313(312,315)",
(17-15),404076.3813,6963081.179,"seg312(314,315)",
(17-15),404081.7991,6963070.807,"seg315(314,317)",
(17-15),404090.2583,6963056.97,"seg314(316,317)",
(17-15),404098.5063,6963044.849,"seg317(316,319)",
(17-15),404110.4702,6963031.482,"seg316(318,319)",
(17-15),404122.8675,6963019.559,"seg319(257,318)",
(17-15),404129.5319,6963014.072,"seg318(256,257)",
(17-15),404142.5515,6963004.702,"seg321(256,259)",
(17-15),404150.6461,6962999.558,"seg320(258,259)",
(17-15),404167.0154,6962991.543,"seg323(258,261)",
(17-15),404183.4718,6962985.025,"seg322(260,261)",
(17-15),404191.7945,6962982.32,"seg325(260,263)",
(17-15),404200.3114,6962980.06,"seg324(262,263)",
(17-15),404209.1213,6962978.245,"seg327(262,265)",
(17-15),404226.7333,6962975.613,"seg326(264,265)",
(17-15),404260.507,6962972.553,"seg329(264,267)",
(17-15),404274.4643,6962969.671,"seg328(266,267)",
(17-15),404284.0721,6962966.921,"seg331(266,269)",
(17-15),404291.4555,6962964.264,"seg330(268,269)",
(17-15),404305.1955,6962957.558,"seg333(268,271)",
(17-15),404314.1859,6962951.591,"seg332(270,271)",
(17-15),404321.6425,6962945.888,"seg335(270,273)",
(17-15),404328.5104,6962939.627,"seg334(272,273)",
(17-15),404334.7906,6962932.697,"seg273(272,275)",
(17-15),404340.4821,6962925.208,"seg272(274,275)",
(17-15),404345.4879,6962916.938,"seg275(274,277)",
(17-15),404349.8037,6962908.441,"seg274(276,277)",
(17-15),404353.3315,6962899.606,"seg277(276,279)",
(17-15),404358.2199,6962881.033,"seg276(278,279)",
(17-15),404359.4791,6962871.626,"seg279(278,281)",
(17-15),404360.0483,6962861.993,"seg278(280,281)",
(17-15),404358.1132,6962843.976,"seg281(280,283)",
(17-15),404355.8123,6962834.873,"seg280(282,283)",
(17-15),404353.0692,6962825.436,"seg283(282,285)",
(17-15),404346.3194,6962810.206,"seg282(284,285)",
(17-15),404336.6539,6962795.009,"seg285(284,287)",
(17-15),404331.0205,6962788.706,"seg284(286,287)",
(17-15),404324.0542,6962782.226,"seg287(225,286)",
(17-15),404316.4938,6962775.908,"seg286(224,225)",
(17-15),404309.3179,6962770.978,"seg289(224,227)",
(17-15),404300.3164,6962765.701,"seg288(226,227)",
(17-15),404293.228,6962762.211,"seg291(226,229)",
(17-15),404279.3847,6962756.841,"seg290(228,229)",
(17-15),404270.5606,6962754.169,"seg293(228,231)",
(17-15),404260.493,6962752.539,"seg292(230,231)",
(17-15),404250.0709,6962752.015,"seg295(230,233)",
(17-15),404238.8019,6962752.37,"seg294(232,233)",
(17-15),404226.1381,6962754.155,"seg297(232,235)",
(17-15),404216.8798,6962756.464,"seg296(234,235)",
(17-15),404182.2396,6962769.322,"seg299(234,237)",
(17-15),404161.9849,6962775.035,"seg298(236,237)",
(17-15),404135.7173,6962778.763,"seg301(236,239)",
(17-15),404088.0111,6962781.603,"seg300(238,239)",
(17-15),404079.7986,6962782.868,"seg303(238,241)",
(17-15),404070.9975,6962783.575,"seg302(240,241)",
(17-15),404054.081,6962785.769,"seg241(240,243)",
(17-15),404041.2555,6962789.27,"seg240(242,243)",
(17-15),404022.8636,6962796.881,"seg243(242,245)",
(17-15),404014.4712,6962802.188,"seg242(244,245)",
(17-15),404006.2713,6962808.161,"seg245(244,247)",
(17-15),403997.8655,6962815.186,"seg244(246,247)",
(17-15),403980.6694,6962834.161,"seg247(246,249)",
(17-15),403964.2323,6962850.872,"seg246(248,249)",
(17-15),403958.4617,6962855.812,"seg249(248,251)",
(17-15),403952.3001,6962860.195,"seg248(250,251)",
(17-15),403940.0371,6962867.577,"seg251(250,253)",
(17-15),403932.8934,6962871.177,"seg250(252,253)",
(17-15),403919.4155,6962875.946,"seg253(252,255)",
(17-15),403912.4841,6962877.664,"seg252(254,255)",
(17-15),403905.3568,6962879.159,"seg255(193,254)",
(17-15),403891.1122,6962880.876,"seg254(192,193)",
(17-15),403884.1903,6962881.375,"seg257(192,195)",
(17-15),403870.2539,6962881.599,"seg256(194,195)",
(17-15),403841.5982,6962881.042,"seg259(194,197)",
(17-15),403832.849,6962881.416,"seg258(196,197)",
(17-15),403821.4251,6962882.601,"seg261(196,199)",
(17-15),403814.8929,6962883.824,"seg260(198,199)",
(17-15),403806.1272,6962886.303,"seg263(198,201)",
(17-15),403797.5036,6962889.559,"seg262(200,201)",
(17-15),403789.2645,6962894.203,"seg265(200,203)",
(17-15),403776.099,6962903.239,"seg264(202,203)",
(17-15),403764.714,6962912.068,"seg267(202,205)",
(17-15),403760.0286,6962917.238,"seg266(204,205)",
(17-15),403751.4413,6962928.47,"seg269(204,207)",
(17-15),403735.7542,6962956.597,"seg268(206,207)",
(17-15),403725.1735,6962969.974,"seg271(206,209)",
(17-15),403711.9753,6962983.165,"seg270(208,209)",
(17-15),403706.5062,6962987.442,"seg209(208,211)",
(17-15),403695.3773,6962995.11,"seg208(210,211)",
(17-15),403689.3247,6962998.164,"seg211(210,213)",
(17-15),403677.6753,6963002.892,"seg1768(213,1870)",
(17-15),403665.0922,6963006.947,"seg1771(1869,1870)",
(17-15),403638.8261,6963010.397,"seg1770(1869,1872)",
(17-15),403604.9619,6963012.347,"seg1773(1871,1872)",
(17-15),403591.6051,6963014.236,"seg1772(1871,1874)",
(17-15),403572.2833,6963020.621,"seg1775(1873,1874)",
(17-15),403566.1337,6963023.453,"seg1774(1873,1876)",
(17-15),403553.5743,6963030.777,"seg1969(1875,1876)",
(17-15),403520.2815,6963054.333,"seg1968(1816,1875)",
(17-15),403514.4231,6963057.832,"seg1971(1815,1816)",
(17-15),403502.2217,6963063.608,"seg1970(1815,1818)",
(17-15),403495.9766,6963065.996,"seg1973(1817,1818)",
(17-15),403469.7293,6963073.323,"seg1972(1817,1820)",
(17-15),403444.5282,6963079.55,"seg1975(1819,1820)",
(17-15),403421.6451,6963086.35,"seg1974(1819,1822)",
(17-15),403402.1429,6963090.517,"seg1977(1821,1822)",
(17-15),403367.0739,6963101.098,"seg1976(1821,1824)",
(17-15),403344.5961,6963106.626,"seg1979(1823,1824)",
(17-15),403321.6368,6963110.544,"seg1978(1823,1826)",
(17-15),403306.1119,6963111.641,"seg1981(1825,1826)",
(17-15),403290.496,6963111.739,"seg1980(1825,1828)",
(17-15),403259.0814,6963110.052,"seg1983(1827,1828)",
(17-15),403212.7444,6963108.246,"seg1982(1827,1830)",
(17-15),403143.3527,6963103.656,"seg1985(1829,1830)",
(17-15),403128.1452,6963102.095,"seg1984(1829,1832)",
(17-15),403113.6369,6963099.599,"seg1987(1831,1832)",
(17-15),403106.7319,6963097.938,"seg1986(1831,1834)",
(17-15),403090.0237,6963092.434,"seg1989(1833,1834)",
(17-15),403080.8668,6963088.096,"seg1988(1833,1836)",
(17-15),403070.0425,6963082.139,"seg1991(1835,1836)",
(17-15),403063.898,6963078.047,"seg1990(1835,1838)",
(17-15),403052.605,6963068.874,"seg1993(1837,1838)",
(17-15),403047.0114,6963063.844,"seg1992(1837,1840)",
(17-15),403010.244,6963026.663,"seg1995(1839,1840)",
(17-15),403002.0911,6963020.34,"seg1994(1839,1842)",
(17-15),402995.3073,6963015.855,"seg1997(1841,1842)",
(17-15),402973.311,6963004.215,"seg1996(1841,1844)",
(17-15),402957.5404,6962998.884,"seg1999(1843,1844)",
(17-15),402933.3175,6962993.873,"seg1998(1843,1846)",
(17-15),402925.5166,6962993.036,"seg1937(1845,1846)",
(17-15),402909.3613,6962992.631,"seg1936(1784,1845)",
(17-15),402899.8791,6962991.947,"seg1939(1783,1784)",
(17-15),402887.0422,6962990.572,"seg1938(1783,1786)",
(17-15),402876.9291,6962988.442,"seg1941(1785,1786)",
(17-15),402863.8106,6962985.181,"seg1940(1785,1788)",
(17-15),402854.1042,6962981.615,"seg1943(1787,1788)",
(17-15),402839.8764,6962974.911,"seg1942(1787,1790)",
(17-15),402832.993,6962970.536,"seg1945(1789,1790)",
(17-15),402826.4096,6962965.72,"seg1944(1789,1792)",
(17-15),402813.694,6962955.261,"seg1947(1791,1792)",
(17-15),402807.8068,6962949.897,"seg1946(1791,1794)",
(17-15),402796.8788,6962938.344,"seg1949(1793,1794)",
(17-15),402792.2824,6962932.215,"seg1948(1793,1796)",
(17-15),402783.5911,6962919.018,"seg1951(1795,1796)",
(17-15),402780.087,6962912.233,"seg1950(1795,1798)",
(17-15),402776.9835,6962904.786,"seg1953(1797,1798)",
(17-15),402770.9458,6962880.975,"seg1952(1797,1800)",
(17-15),402767.8657,6962864.333,"seg1955(1799,1800)",
(17-15),402767.6811,6962850.207,"seg1954(1799,1802)",
(17-15),402768.2366,6962842.457,"seg1957(1801,1802)",
(17-15),402770.3922,6962826.078,"seg1956(1801,1804)",
(17-15),402773.9055,6962812.978,"seg1959(1803,1804)",
(17-15),402776.939,6962804.305,"seg1958(1803,1806)",
(17-15),402782.1182,6962792.991,"seg1961(1805,1806)",
(17-15),402786.833,6962784.166,"seg1960(1805,1808)",
(17-15),402794.6292,6962773.094,"seg1963(1807,1808)",
(17-15),402798.8218,6962767.81,"seg1962(1807,1810)",
(17-15),402814.1577,6962753.086,"seg1965(1809,1810)",
(17-15),402825.0907,6962745.252,"seg1964(1809,1812)",
(17-15),402841.8196,6962735.58,"seg1967(1811,1812)",
(17-15),402853.4761,6962729.967,"seg1966(1811,1814)",
(17-15),402870.4315,6962722.9,"seg1905(1813,1814)",
(17-15),402876.0861,6962720.175,"seg1904(1752,1813)",
(17-15),402892.1272,6962709.999,"seg1907(1751,1752)",
(17-15),402902.4182,6962702.104,"seg1906(1751,1754)",
(17-15),402907.5936,6962697.492,"seg1909(1753,1754)",
(17-15),402929.5677,6962680.605,"seg1908(1753,1756)",
(17-15),402943.7135,6962672.63,"seg1911(1755,1756)",
(17-15),402950.2593,6962669.691,"seg1910(1755,1758)",
(17-15),402963.1449,6962664.863,"seg1913(1757,1758)",
(17-15),402978.0445,6962661.546,"seg1912(1757,1760)",
(17-15),402992.4897,6962659.445,"seg1915(1759,1760)",
(17-15),403013.8379,6962659.226,"seg1914(1759,1762)",
(17-15),403020.7501,6962659.945,"seg1917(1761,1762)",
(17-15),403027.2661,6962660.772,"seg1916(1761,1764)",
(17-15),403040.783,6962663.593,"seg1919(1763,1764)",
(17-15),403047.3891,6962665.528,"seg1918(1763,1766)",
(17-15),403066.398,6962673.71,"seg1921(1765,1766)",
(17-15),403079.1913,6962680.569,"seg1920(1765,1768)",
(17-15),403104.5689,6962695.725,"seg1923(1767,1768)",
(17-15),403119.1852,6962703.263,"seg1922(1767,1770)",
(17-15),403129.5758,6962707.776,"seg1925(1769,1770)",
(17-15),403142.391,6962711.865,"seg1924(1769,1772)",
(17-15),403159.4642,6962714.88,"seg1927(1771,1772)",
(17-15),403167.069,6962715.494,"seg1926(1771,1774)",
(17-15),403181.9901,6962715.722,"seg1929(1773,1774)",
(17-15),403189.3071,6962715.226,"seg1928(1773,1776)",
(17-15),403203.0594,6962713.285,"seg1931(1775,1776)",
(17-15),403216.826,6962709.516,"seg1930(1775,1778)",
(17-15),403223.565,6962707.132,"seg1933(1777,1778)",
(17-15),403236.8541,6962701.255,"seg1932(1777,1780)",
(17-15),403243.6018,6962697.763,"seg1935(1779,1780)",
(17-15),403262.8252,6962685.008,"seg1934(1779,1782)",
(17-15),403268.7972,6962679.627,"seg1873(1781,1782)",
(17-15),403279.6607,6962668.025,"seg1872(1781,1974)",
(17-15),403290.7388,6962654.264,"seg1875(1973,1974)",
(17-15),403326.7257,6962602.258,"seg1874(1973,1976)",
(17-15),403335.8316,6962587.928,"seg1877(1975,1976)",
(17-15),403340.0405,6962580.539,"seg1876(1975,1978)",
(17-15),403347.2749,6962565.419,"seg1879(1977,1978)",
(17-15),403350.1038,6962557.575,"seg1878(1977,1980)",
(17-15),403354.8704,6962542.103,"seg1881(1979,1980)",
(17-15),403358.1599,6962525.955,"seg1880(1979,1982)",
(17-15),403359.244,6962513.777,"seg1883(1981,1982)",
(17-15),403359.6779,6962502.592,"seg1882(1981,1984)",
(17-15),403358.6168,6962486.741,"seg1885(1983,1984)",
(17-15),403357.492,6962478.978,"seg1884(1983,1986)",
(17-15),403356.069,6962471.433,"seg1887(1985,1986)",
(17-15),403352.4264,6962457.114,"seg1886(1985,1988)",
(17-15),403347.3969,6962443.226,"seg1889(1987,1988)",
(17-15),403344.4846,6962436.556,"seg1888(1987,1990)",
(17-15),403337.6651,6962424.095,"seg1891(1989,1990)",
(17-15),403331.1826,6962412.744,"seg1890(1989,1992)",
(17-15),403327.2726,6962407.285,"seg1893(1991,1992)",
(17-15),403318.851,6962397.47,"seg1892(1991,1994)",
(17-15),403309.6337,6962388.313,"seg1895(1993,1994)",
(17-15),403300.5073,6962380.154,"seg1894(1993,1996)",
(17-15),403295.7929,6962376.461,"seg1897(1995,1996)",
(17-15),403267.3505,6962355.244,"seg1896(1995,1998)",
(17-15),403246.6048,6962341.786,"seg1899(1997,1998)",
(17-15),403235.2896,6962335.493,"seg1898(1997,2000)",
(17-15),403222.9829,6962329.636,"seg1901(1999,2000)",
(17-15),403209.4824,6962324.766,"seg1900(1999,2001)",
(17-15),403182.0741,6962316.573,"seg1903(817,2001)",
(17-14),403182.0741,6962316.573,,
(17-14),403209.4824,6962324.766,"seg1903(817,2001)",
(17-14),403222.9829,6962329.636,"seg1900(1999,2001)",
(17-14),403235.2896,6962335.493,"seg1901(1999,2000)",
(17-14),403246.6048,6962341.786,"seg1898(1997,2000)",
(17-14),403267.3505,6962355.244,"seg1899(1997,1998)",
(17-14),403295.7929,6962376.461,"seg1896(1995,1998)",
(17-14),403300.5073,6962380.154,"seg1897(1995,1996)",
(17-14),403309.6337,6962388.313,"seg1894(1993,1996)",
(17-14),403318.851,6962397.47,"seg1895(1993,1994)",
(17-14),403327.2726,6962407.285,"seg1892(1991,1994)",
(17-14),403331.1826,6962412.744,"seg1893(1991,1992)",
(17-14),403337.6651,6962424.095,"seg1890(1989,1992)",
(17-14),403344.4846,6962436.556,"seg1891(1989,1990)",
(17-14),403347.3969,6962443.226,"seg1888(1987,1990)",
(17-14),403352.4264,6962457.114,"seg1889(1987,1988)",
(17-14),403356.069,6962471.433,"seg1886(1985,1988)",
(17-14),403357.492,6962478.978,"seg1887(1985,1986)",
(17-14),403358.6168,6962486.741,"seg1884(1983,1986)",
(17-14),403359.6779,6962502.592,"seg1885(1983,1984)",
(17-14),403359.244,6962513.777,"seg1882(1981,1984)",
(17-14),403358.1599,6962525.955,"seg1883(1981,1982)",
(17-14),403354.8704,6962542.103,"seg1880(1979,1982)",
(17-14),403350.1038,6962557.575,"seg1881(1979,1980)",
(17-14),403347.2749,6962565.419,"seg1878(1977,1980)",
(17-14),403340.0405,6962580.539,"seg1879(1977,1978)",
(17-14),403335.8316,6962587.928,"seg1876(1975,1978)",
(17-14),403326.7257,6962602.258,"seg1877(1975,1976)",
(17-14),403290.7388,6962654.264,"seg1874(1973,1976)",
(17-14),403279.6607,6962668.025,"seg1875(1973,1974)",
(17-14),403268.7972,6962679.627,"seg1872(1781,1974)",
(17-14),403262.8252,6962685.008,"seg1873(1781,1782)",
(17-14),403243.6018,6962697.763,"seg1934(1779,1782)",
(17-14),403236.8541,6962701.255,"seg1935(1779,1780)",
(17-14),403223.565,6962707.132,"seg1932(1777,1780)",
(17-14),403216.826,6962709.516,"seg1933(1777,1778)",
(17-14),403203.0594,6962713.285,"seg1930(1775,1778)",
(17-14),403189.3071,6962715.226,"seg1931(1775,1776)",
(17-14),403181.9901,6962715.722,"seg1928(1773,1776)",
(17-14),403167.069,6962715.494,"seg1929(1773,1774)",
(17-14),403159.4642,6962714.88,"seg1926(1771,1774)",
(17-14),403142.391,6962711.865,"seg1927(1771,1772)",
(17-14),403129.5758,6962707.776,"seg1924(1769,1772)",
(17-14),403119.1852,6962703.263,"seg1925(1769,1770)",
(17-14),403104.5689,6962695.725,"seg1922(1767,1770)",
(17-14),403079.1913,6962680.569,"seg1923(1767,1768)",
(17-14),403066.398,6962673.71,"seg1920(1765,1768)",
(17-14),403047.3891,6962665.528,"seg1921(1765,1766)",
(17-14),403040.783,6962663.593,"seg1918(1763,1766)",
(17-14),403027.2661,6962660.772,"seg1919(1763,1764)",
(17-14),403020.7501,6962659.945,"seg1916(1761,1764)",
(17-14),403013.8379,6962659.226,"seg1917(1761,1762)",
(17-14),402992.4897,6962659.445,"seg1914(1759,1762)",
(17-14),402978.0445,6962661.546,"seg1915(1759,1760)",
(17-14),402963.1449,6962664.863,"seg1912(1757,1760)",
(17-14),402950.2593,6962669.691,"seg1913(1757,1758)",
(17-14),402943.7135,6962672.63,"seg1910(1755,1758)",
(17-14),402929.5677,6962680.605,"seg1911(1755,1756)",
(17-14),402907.5936,6962697.492,"seg1908(1753,1756)",
(17-14),402902.4182,6962702.104,"seg1909(1753,1754)",
(17-14),402892.1272,6962709.999,"seg1906(1751,1754)",
(17-14),402876.0861,6962720.175,"seg1907(1751,1752)",
(17-14),402870.4315,6962722.9,"seg1904(1752,1813)",
(17-14),402853.4761,6962729.967,"seg1905(1813,1814)",
(17-14),402841.8196,6962735.58,"seg1966(1811,1814)",
(17-14),402825.0907,6962745.252,"seg1967(1811,1812)",
(17-14),402814.1577,6962753.086,"seg1964(1809,1812)",
(17-14),402798.8218,6962767.81,"seg1965(1809,1810)",
(17-14),402794.6292,6962773.094,"seg1962(1807,1810)",
(17-14),402786.833,6962784.166,"seg1963(1807,1808)",
(17-14),402782.1182,6962792.991,"seg1960(1805,1808)",
(17-14),402776.939,6962804.305,"seg1961(1805,1806)",
(17-14),402773.9055,6962812.978,"seg1958(1803,1806)",
(17-14),402770.3922,6962826.078,"seg1959(1803,1804)",
(17-14),402768.2366,6962842.457,"seg1956(1801,1804)",
(17-14),402767.6811,6962850.207,"seg1957(1801,1802)",
(17-14),402767.8657,6962864.333,"seg1954(1799,1802)",
(17-14),402770.9458,6962880.975,"seg1955(1799,1800)",
(17-14),402776.9835,6962904.786,"seg1952(1797,1800)",
(17-14),402780.087,6962912.233,"seg1953(1797,1798)",
(17-14),402783.5911,6962919.018,"seg1950(1795,1798)",
(17-14),402792.2824,6962932.215,"seg1951(1795,1796)",
(17-14),402796.8788,6962938.344,"seg1948(1793,1796)",
(17-14),402807.8068,6962949.897,"seg1949(1793,1794)",
(17-14),402813.694,6962955.261,"seg1946(1791,1794)",
(17-14),402826.4096,6962965.72,"seg1947(1791,1792)",
(17-14),402832.993,6962970.536,"seg1944(1789,1792)",
(17-14),402839.8764,6962974.911,"seg1945(1789,1790)",
(17-14),402854.1042,6962981.615,"seg1942(1787,1790)",
(17-14),402863.8106,6962985.181,"seg1943(1787,1788)",
(17-14),402876.9291,6962988.442,"seg1940(1785,1788)",
(17-14),402887.0422,6962990.572,"seg1941(1785,1786)",
(17-14),402899.8791,6962991.947,"seg1938(1783,1786)",
(17-14),402909.3613,6962992.631,"seg1939(1783,1784)",
(17-14),402925.5166,6962993.036,"seg1936(1784,1845)",
(17-14),402933.3175,6962993.873,"seg1937(1845,1846)",
(17-14),402957.5404,6962998.884,"seg1998(1843,1846)",
(17-14),402973.311,6963004.215,"seg1999(1843,1844)",
(17-14),402995.3073,6963015.855,"seg1996(1841,1844)",
(17-14),403002.0911,6963020.34,"seg1997(1841,1842)",
(17-14),403010.244,6963026.663,"seg1994(1839,1842)",
(17-14),403047.0114,6963063.844,"seg1995(1839,1840)",
(17-14),403052.605,6963068.874,"seg1992(1837,1840)",
(17-14),403063.898,6963078.047,"seg1993(1837,1838)",
(17-14),403070.0425,6963082.139,"seg1990(1835,1838)",
(17-14),403080.8668,6963088.096,"seg1991(1835,1836)",
(17-14),403090.0237,6963092.434,"seg1988(1833,1836)",
(17-14),403106.7319,6963097.938,"seg1989(1833,1834)",
(17-14),403113.6369,6963099.599,"seg1986(1831,1834)",
(17-14),403128.1452,6963102.095,"seg1987(1831,1832)",
(17-14),403143.3527,6963103.656,"seg1984(1829,1832)",
(17-14),403212.7444,6963108.246,"seg1985(1829,1830)",
(17-14),403259.0814,6963110.052,"seg1982(1827,1830)",
(17-14),403290.496,6963111.739,"seg1983(1827,1828)",
(17-14),403306.1119,6963111.641,"seg1980(1825,1828)",
(17-14),403321.6368,6963110.544,"seg1981(1825,1826)",
(17-14),403344.5961,6963106.626,"seg1978(1823,1826)",
(17-14),403367.0739,6963101.098,"seg1979(1823,1824)",
(17-14),403402.1429,6963090.517,"seg1976(1821,1824)",
(17-14),403421.6451,6963086.35,"seg1977(1821,1822)",
(17-14),403444.5282,6963079.55,"seg1974(1819,1822)",
(17-14),403469.7293,6963073.323,"seg1975(1819,1820)",
(17-14),403495.9766,6963065.996,"seg1972(1817,1820)",
(17-14),403502.2217,6963063.608,"seg1973(1817,1818)",
(17-14),403514.4231,6963057.832,"seg1970(1815,1818)",
(17-14),403520.2815,6963054.333,"seg1971(1815,1816)",
(17-14),403553.5743,6963030.777,"seg1968(1816,1875)",
(17-14),403566.1337,6963023.453,"seg1969(1875,1876)",
(17-14),403572.2833,6963020.621,"seg1774(1873,1876)",
(17-14),403591.6051,6963014.236,"seg1775(1873,1874)",
(17-14),403604.9619,6963012.347,"seg1772(1871,1874)",
(17-14),403638.8261,6963010.397,"seg1773(1871,1872)",
(17-14),403665.0922,6963006.947,"seg1770(1869,1872)",
(17-14),403677.6753,6963002.892,"seg1771(1869,1870)",
(17-14),403689.3247,6962998.164,"seg1768(213,1870)",
(17-14),403695.3773,6962995.11,"seg211(210,213)",
(17-14),403706.5062,6962987.442,"seg208(210,211)",
(17-14),403711.9753,6962983.165,"seg209(208,211)",
(17-14),403725.1735,6962969.974,"seg270(208,209)",
(17-14),403735.7542,6962956.597,"seg271(206,209)",
(17-14),403751.4413,6962928.47,"seg268(206,207)",
(17-14),403760.0286,6962917.238,"seg269(204,207)",
(17-14),403764.714,6962912.068,"seg266(204,205)",
(17-14),403776.099,6962903.239,"seg267(202,205)",
(17-14),403789.2645,6962894.203,"seg264(202,203)",
(17-14),403797.5036,6962889.559,"seg265(200,203)",
(17-14),403806.1272,6962886.303,"seg262(200,201)",
(17-14),403814.8929,6962883.824,"seg263(198,201)",
(17-14),403821.4251,6962882.601,"seg260(198,199)",
(17-14),403832.849,6962881.416,"seg261(196,199)",
(17-14),403841.5982,6962881.042,"seg258(196,197)",
(17-14),403870.2539,6962881.599,"seg259(194,197)",
(17-14),403884.1903,6962881.375,"seg256(194,195)",
(17-14),403891.1122,6962880.876,"seg257(192,195)",
(17-14),403905.3568,6962879.159,"seg254(192,193)",
(17-14),403912.4841,6962877.664,"seg255(193,254)",
(17-14),403919.4155,6962875.946,"seg252(254,255)",
(17-14),403932.8934,6962871.177,"seg253(252,255)",
(17-14),403940.0371,6962867.577,"seg250(252,253)",
(17-14),403952.3001,6962860.195,"seg251(250,253)",
(17-14),403958.4617,6962855.812,"seg248(250,251)",
(17-14),403964.2323,6962850.872,"seg249(248,251)",
(17-14),403980.6694,6962834.161,"seg246(248,249)",
(17-14),403997.8655,6962815.186,"seg247(246,249)",
(17-14),404006.2713,6962808.161,"seg244(246,247)",
(17-14),404014.4712,6962802.188,"seg245(244,247)",
(17-14),404022.8636,6962796.881,"seg242(244,245)",
(17-14),404041.2555,6962789.27,"seg243(242,245)",
(17-14),404054.081,6962785.769,"seg240(242,243)",
(17-14),404070.9975,6962783.575,"seg241(240,243)",
(17-14),404079.7986,6962782.868,"seg302(240,241)",
(17-14),404088.0111,6962781.603,"seg303(238,241)",
(17-14),404135.7173,6962778.763,"seg300(238,239)",
(17-14),404161.9849,6962775.035,"seg301(236,239)",
(17-14),404182.2396,6962769.322,"seg298(236,237)",
(17-14),404216.8798,6962756.464,"seg299(234,237)",
(17-14),404226.1381,6962754.155,"seg296(234,235)",
(17-14),404238.8019,6962752.37,"seg297(232,235)",
(17-14),404250.0709,6962752.015,"seg294(232,233)",
(17-14),404260.493,6962752.539,"seg295(230,233)",
(17-14),404270.5606,6962754.169,"seg292(230,231)",
(17-14),404279.3847,6962756.841,"seg293(228,231)",
(17-14),404293.228,6962762.211,"seg290(228,229)",
(17-14),404300.3164,6962765.701,"seg291(226,229)",
(17-14),404309.3179,6962770.978,"seg288(226,227)",
(17-14),404316.4938,6962775.908,"seg289(224,227)",
(17-14),404324.0542,6962782.226,"seg286(224,225)",
(17-14),404331.0205,6962788.706,"seg287(225,286)",
(17-14),404336.6539,6962795.009,"seg284(286,287)",
(17-14),404346.3194,6962810.206,"seg285(284,287)",
(17-14),404353.0692,6962825.436,"seg282(284,285)",
(17-14),404355.8123,6962834.873,"seg283(282,285)",
(17-14),404358.1132,6962843.976,"seg280(282,283)",
(17-14),404360.0483,6962861.993,"seg281(280,283)",
(17-14),404359.4791,6962871.626,"seg278(280,281)",
(17-14),404358.2199,6962881.033,"seg279(278,281)",
(17-14),404353.3315,6962899.606,"seg276(278,279)",
(17-14),404349.8037,6962908.441,"seg277(276,279)",
(17-14),404345.4879,6962916.938,"seg274(276,277)",
(17-14),404340.4821,6962925.208,"seg275(274,277)",
(17-14),404334.7906,6962932.697,"seg272(274,275)",
(17-14),404328.5104,6962939.627,"seg273(272,275)",
(17-14),404321.6425,6962945.888,"seg334(272,273)",
(17-14),404314.1859,6962951.591,"seg335(270,273)",
(17-14),404305.1955,6962957.558,"seg332(270,271)",
(17-14),404291.4555,6962964.264,"seg333(268,271)",
(17-14),404284.0721,6962966.921,"seg330(268,269)",
(17-14),404274.4643,6962969.671,"seg331(266,269)",
(17-14),404260.507,6962972.553,"seg328(266,267)",
(17-14),404226.7333,6962975.613,"seg329(264,267)",
(17-14),404209.1213,6962978.245,"seg326(264,265)",
(17-14),404200.3114,6962980.06,"seg327(262,265)",
(17-14),404191.7945,6962982.32,"seg324(262,263)",
(17-14),404183.4718,6962985.025,"seg325(260,263)",
(17-14),404167.0154,6962991.543,"seg322(260,261)",
(17-14),404150.6461,6962999.558,"seg323(258,261)",
(17-14),404142.5515,6963004.702,"seg320(258,259)",
(17-14),404129.5319,6963014.072,"seg321(256,259)",
(17-14),404122.8675,6963019.559,"seg318(256,257)",
(17-14),404110.4702,6963031.482,"seg319(257,318)",
(17-14),404098.5063,6963044.849,"seg316(318,319)",
(17-14),404090.2583,6963056.97,"seg317(316,319)",
(17-14),404081.7991,6963070.807,"seg314(316,317)",
(17-14),404076.3813,6963081.179,"seg315(314,317)",
(17-14),404072.0476,6963091.946,"seg312(314,315)",
(17-14),404069.1658,6963100.287,"seg313(312,315)",
(17-14),404064.6457,6963115.928,"seg310(312,313)",
(17-14),404061.8368,6963133.908,"seg311(310,313)",
(17-14),404060.2693,6963151.122,"seg308(310,311)",
(17-14),404060.1988,6963160.151,"seg309(308,311)",
(17-14),404060.8508,6963171.566,"seg306(308,309)",
(17-14),404062.9523,6963187.203,"seg307(306,309)",
(17-14),404066.9627,6963205.181,"seg304(306,307)",
(17-14),404072.5678,6963221.455,"seg305(304,307)",
(17-14),404076.5885,6963231.789,"seg110(304,305)",
(17-14),404080.6244,6963240.184,"seg111(302,305)",
(17-14),404089.4001,6963255.43,"seg108(302,303)",
(17-14),404094.7749,6963263.227,"seg109(300,303)",
(17-14),404107.4857,6963278.968,"seg106(300,301)",
(17-14),404114.4505,6963286.288,"seg107(298,301)",
(17-14),404120.2432,6963291.917,"seg104(298,299)",
(17-14),404127.4252,6963297.981,"seg105(296,299)",
(17-14),404135.2009,6963303.325,"seg102(296,297)",
(17-14),404140.4467,6963307.076,"seg103(294,297)",
(17-14),404145.7517,6963310.098,"seg100(294,295)",
(17-14),404163.7606,6963319.987,"seg101(292,295)",
(17-14),404173.3129,6963324.382,"seg98(292,293)",
(17-14),404192.8276,6963331.292,"seg99(290,293)",
(17-14),404202.8871,6963334.03,"seg96(290,291)",
(17-14),404223.122,6963337.289,"seg97(288,291)",
(17-14),404233.0965,6963338.253,"seg94(288,289)",
(17-14),404302.1797,6963338.238,"seg95(94,289)",
(17-14),404311.6197,6963338.034,"seg92(94,95)",
(17-14),404320.8659,6963337.331,"seg93(92,95)",
(17-14),404330.3028,6963337.515,"seg90(92,93)",
(17-14),404434.7307,6963335.891,"seg91(90,93)",
(17-14),404460.426,6963335.98,"seg88(90,91)",
(17-14),404535.3489,6963334.846,"seg89(88,91)",
(17-14),404567.2226,6963334.761,"seg86(88,89)",
(17-14),404673.1852,6963332.759,"seg87(86,89)",
(17-14),404691.7634,6963333.014,"seg84(86,87)",
(17-14),404739.8036,6963331.947,"seg85(84,87)",
(17-14),404758.4666,6963334.03,"seg82(84,85)",
(17-14),404776.7222,6963337.661,"seg83(82,85)",
(17-14),404792.6348,6963343.933,"seg80(82,83)",
(17-14),404799.2324,6963347.031,"seg81(80,83)",
(17-14),404821.5619,6963360.608,"seg142(80,81)",
(17-14),404864.3798,6963389.411,"seg143(78,81)",
(17-14),404870.9754,6963392.786,"seg140(78,79)",
(17-14),404887.8686,6963400.062,"seg141(76,79)",
(17-14),404903.6464,6963404.615,"seg138(76,77)",
(17-14),404911.739,6963406.118,"seg139(74,77)",
(17-14),404937.3314,6963406.759,"seg136(74,75)",
(17-14),404959.6496,6963402.667,"seg137(72,75)",
(17-14),404976.3545,6963395.983,"seg134(72,73)",
(17-14),404987.1701,6963390.417,"seg135(70,73)",
(17-14),404996.6538,6963384.563,"seg132(70,71)",
(17-14),405005.1565,6963377.761,"seg133(68,71)",
(17-14),405015.6662,6963367.041,"seg130(68,69)",
(17-14),405021.9495,6963359.667,"seg131(66,69)",
(17-14),405026.7965,6963352.725,"seg128(66,67)",
(17-14),405032.6562,6963342.634,"seg129(64,67)",
(17-14),405049.8968,6963304.991,"seg126(64,65)",
(17-14),405055.935,6963290.968,"seg127(65,126)",
(17-14),405060.2348,6963278.095,"seg124(126,127)",
(17-14),405065.0097,6963261.293,"seg125(124,127)",
(17-14),405066.6582,6963252.61,"seg122(124,125)",
(17-14),405067.5654,6963243.92,"seg123(122,125)",
(17-14),405068.076,6963235.394,"seg120(122,123)",
(17-14),405068.0359,6963227.805,"seg121(120,123)",
(17-14),405066.5341,6963211.121,"seg118(120,121)",
(17-14),405064.4242,6963202.796,"seg119(118,121)",
(17-14),405062.9068,6963194.531,"seg116(118,119)",
(17-14),405059.5131,6963186.085,"seg117(116,119)",
(17-14),405057.7285,6963180.421,"seg114(116,117)",
(17-14),405055.0494,6963175.416,"seg115(114,117)",
(17-14),405052.2813,6963169.135,"seg112(114,115)",
(17-14),405047.4082,6963160.29,"seg113(112,115)",
(17-14),405039.4753,6963144.553,"seg174(112,113)",
(17-14),405033.9937,6963131.328,"seg175(110,113)",
(17-14),405028.7118,6963111.457,"seg172(110,111)",
(17-14),405027.0053,6963102.083,"seg173(108,111)",
(17-14),405026.1441,6963092.05,"seg170(108,109)",
(17-14),405026.1733,6963075.488,"seg171(106,109)",
(17-14),405026.5706,6963068.845,"seg168(106,107)",
(17-14),405029.5688,6963051.752,"seg169(104,107)",
(17-14),405032.3056,6963042.911,"seg166(104,105)",
(17-14),405037.7521,6963028.717,"seg167(102,105)",
(17-14),405045.8284,6963013.104,"seg164(102,103)",
(17-14),405147.635,6962845.059,"seg165(100,103)",
(17-14),405162.6455,6962820.914,"seg162(100,101)",
(17-14),405178.3426,6962797.438,"seg163(98,101)",
(17-14),405183.8359,6962789.948,"seg160(98,99)",
(17-14),405189.8225,6962782.572,"seg161(96,99)",
(17-14),405202.2845,6962768.488,"seg158(96,97)",
(17-14),405222.5007,6962748.481,"seg159(97,158)",
(17-14),405273.1703,6962700.904,"seg156(158,159)",
(17-14),405292.6757,6962683.329,"seg157(156,159)",
(17-14),405300.5286,6962677.407,"seg154(156,157)",
(17-14),405312.7458,6962669.415,"seg155(154,157)",
(17-14),405324.9527,6962662.751,"seg152(154,155)",
(17-14),405334.868,6962658.507,"seg153(152,155)",
(17-14),405360.028,6962650.946,"seg150(152,153)",
(17-14),405371.8046,6962648.821,"seg151(150,153)",
(17-14),405385.2543,6962647.596,"seg148(150,151)",
(17-14),405399.8778,6962647.93,"seg149(148,151)",
(17-14),405408.5697,6962648.551,"seg146(148,149)",
(17-14),405426.0411,6962651.233,"seg147(146,149)",
(17-14),405443.0039,6962655.795,"seg144(146,147)",
(17-14),405459.2622,6962662.013,"seg145(144,147)",
(17-14),405467.138,6962665.951,"seg206(144,145)",
(17-14),405474.615,6962670.33,"seg207(142,145)",
(17-14),405489.0682,6962679.968,"seg204(142,143)",
(17-14),405495.9455,6962685.228,"seg205(140,143)",
(17-14),405562.9903,6962744.126,"seg202(140,141)",
(17-14),405577.2315,6962755.646,"seg203(138,141)",
(17-14),405592.6671,6962766.067,"seg200(138,139)",
(17-14),405609.102,6962775.056,"seg201(136,139)",
(17-14),405617.5708,6962778.998,"seg198(136,137)",
(17-14),405635.2111,6962785.449,"seg199(134,137)",
(17-14),405653.4571,6962790.242,"seg196(134,135)",
(17-14),405662.6338,6962792.085,"seg197(132,135)",
(17-14),405681.391,6962794.666,"seg194(132,133)",
(17-14),405700.362,6962795.144,"seg195(130,133)",
(17-14),405709.7525,6962794.884,"seg192(130,131)",
(17-14),405728.1476,6962793.142,"seg193(128,131)",
(17-14),405808.6691,6962783.125,"seg190(128,129)",
(17-14),405817.0731,6962782.635,"seg191(129,190)",
(17-14),405833.479,6962782.539,"seg188(190,191)",
(17-14),405841.5797,6962782.934,"seg189(188,191)",
(17-14),405857.1814,6962784.604,"seg186(188,189)",
(17-14),405864.9798,6962785.772,"seg187(186,189)",
(17-14),405879.8762,6962789.21,"seg184(186,187)",
(17-14),405887.1736,6962791.26,"seg185(184,187)",
(17-14),405901.5632,6962796.355,"seg182(184,185)",
(17-14),405922.5897,6962805.877,"seg183(182,185)",
(17-14),405936.6177,6962813.019,"seg180(182,183)",
(17-14),405998.161,6962842.183,"seg181(180,183)",
(17-14),406018.4993,6962851.257,"seg178(180,181)",
(17-14),406032.7851,6962857.016,"seg179(178,181)",
(17-14),406047.7703,6962861.783,"seg176(178,179)",
(17-14),406055.4631,6962863.836,"seg177(176,179)",
(17-14),406063.3569,6962865.448,"seg30(176,177)",
(17-14),406079.5466,6962867.787,"seg31(174,177)",
(17-14),406087.7445,6962868.404,"seg28(174,175)",
(17-14),406104.9935,6962867.926,"seg29(172,175)",
(17-14),406130.7157,6962864.357,"seg26(172,173)",
(17-14),406147.8465,6962859.945,"seg27(170,173)",
(17-14),406164.8903,6962853.983,"seg24(170,171)",
(17-14),406181.3572,6962845.911,"seg25(168,171)",
(17-14),406189.4952,6962841.431,"seg22(168,169)",
(17-14),406205.0922,6962830.804,"seg23(166,169)",
(17-14),406212.3526,6962824.767,"seg20(166,167)",
(17-14),406220.6123,6962817.297,"seg21(164,167)",
(17-14),406228.7832,6962808.496,"seg18(164,165)",
(17-14),406243.5626,6962788.447,"seg19(162,165)",
(17-14),406257.2845,6962764.512,"seg16(162,163)",
(17-14),406314.3763,6962645.359,"seg17(160,163)",
(17-14),406338.9381,6962593.036,"seg14(160,161)",
(17-14),406349.6254,6962571.737,"seg15(30,161)",
(17-14),406378.2135,6962509.751,"seg12(30,31)",
(17-14),406391.7157,6962482.158,"seg13(28,31)",
(17-14),406415.3666,6962432.965,"seg10(28,29)",
(17-14),406437.5606,6962386.128,"seg11(26,29)",
(17-14),406446.2885,6962369.023,"seg8(26,27)",
(17-14),406455.6034,6962352.698,"seg9(24,27)",
(17-14),406460.2583,6962344.868,"seg6(24,25)",
(17-14),406466.1041,6962336.383,"seg7(22,25)",
(17-14),406470.8451,6962330.215,"seg4(22,23)",
(17-14),406482.3559,6962317.508,"seg5(20,23)",
(17-14),406489.3275,6962310.415,"seg2(20,21)",
(17-14),406505.4957,6962296.026,"seg3(18,21)",
(17-14),406528.0561,6962279.248,"seg0(18,19)",
(17-14),406625.882,6962208.815,"seg1(16,19)",
(18-16),403182.0741,6962316.573,,
(18-16),403132.25,6962306.21,"seg1769(817,1867)",
(18-16),403121.6958,6962303.689,"seg1766(1867,1868)",
(18-16),403112.6265,6962300.848,"seg1767(1865,1868)",
(18-16),403104.4063,6962296.85,"seg1764(1865,1866)",
(18-16),403095.897,6962291.909,"seg1765(1863,1866)",
(18-16),403085.4342,6962284.071,"seg1762(1863,1864)",
(18-16),403078.1244,6962277.422,"seg1763(1861,1864)",
(18-16),403070.1911,6962268.386,"seg1760(1861,1862)",
(18-16),403063.8379,6962259.473,"seg1761(1859,1862)",
(18-16),403059.3623,6962250.575,"seg1758(1859,1860)",
(18-16),403055.0022,6962239.573,"seg1759(1857,1860)",
(18-16),403051.8147,6962230.242,"seg1756(1857,1858)",
(18-16),403048.7331,6962213.767,"seg1757(1855,1858)",
(18-16),403047.4516,6962200.85,"seg1754(1855,1856)",
(18-16),403046.9484,6962176.973,"seg1755(1853,1856)",
(18-16),403049.0341,6962156.882,"seg1752(1853,1854)",
(18-16),403050.5396,6962147.699,"seg1753(1851,1854)",
(18-16),403052.543,6962138.021,"seg1750(1851,1852)",
(18-16),403059.2779,6962111.099,"seg1751(1849,1852)",
(18-16),403069.8172,6962065.429,"seg1748(1849,1850)",
(18-16),403075.4606,6962045.311,"seg1749(1847,1850)",
(18-16),403079.7993,6962033.99,"seg1746(1847,1848)",
(18-16),403083.7707,6962025.38,"seg1747(725,1848)",
(18-16),403089.6358,6962014.736,"seg1744(725,726)",
(18-16),403094.0352,6962008.235,"seg1745(723,726)",
(18-16),403105.8091,6961993.926,"seg1806(723,724)",
(18-16),403116.3656,6961983.596,"seg1807(721,724)",
(18-16),403127.3016,6961975.262,"seg1804(721,722)",
(18-16),403135.2487,6961970.008,"seg1805(719,722)",
(18-16),403166.5239,6961951.421,"seg1802(719,720)",
(18-16),403182.2663,6961941.353,"seg1803(717,720)",
(18-16),403187.9328,6961937.078,"seg1800(717,718)",
(18-16),403194.3006,6961931.589,"seg1801(715,718)",
(18-16),403199.083,6961926.641,"seg1798(715,716)",
(18-16),403204.5772,6961919.151,"seg1799(713,716)",
(18-16),403209.9835,6961910.276,"seg1796(713,714)",
(18-16),403214.7037,6961900.675,"seg1797(711,714)",
(18-16),403218.5945,6961889.738,"seg1794(711,712)",
(18-16),403221.251,6961878.681,"seg1795(709,712)",
(18-16),403222.5115,6961869.219,"seg1792(709,710)",
(18-16),403223.1042,6961856.705,"seg1793(707,710)",
(18-16),403221.3779,6961843.785,"seg1790(707,708)",
(18-16),403218.6058,6961831.91,"seg1791(705,708)",
(18-16),403215.8586,6961823.136,"seg1788(705,706)",
(18-16),403209.4855,6961810.512,"seg1789(703,706)",
(18-16),403201.2293,6961798.593,"seg1786(703,704)",
(18-16),403195.2082,6961791.456,"seg1787(701,704)",
(18-16),403189.473,6961785.65,"seg1784(701,702)",
(18-16),403181.028,6961778.881,"seg1785(699,702)",
(18-16),403173.014,6961773.832,"seg1782(699,700)",
(18-16),403161.7944,6961768.038,"seg1783(697,700)",
(18-16),403153.9112,6961765.207,"seg1780(697,698)",
(18-16),403146.1216,6961763.04,"seg1781(695,698)",
(18-16),403136.0575,6961761.078,"seg1778(695,696)",
(18-16),403126.6782,6961760.006,"seg1779(696,756)",
(18-16),403116.8939,6961760.151,"seg1776(756,757)",
(18-16),403097.9953,6961763.214,"seg1777(754,757)",
(18-16),403086.3052,6961766.944,"seg1838(754,755)",
(18-16),403074.5089,6961771.615,"seg1839(752,755)",
(18-16),403063.6901,6961777.622,"seg1836(752,753)",
(18-16),403034.3023,6961795.005,"seg1837(751,753)",
(18-15),403034.3023,6961795.005,,
(18-15),403063.6901,6961777.622,"seg1837(751,753)",
(18-15),403074.5089,6961771.615,"seg1836(752,753)",
(18-15),403086.3052,6961766.944,"seg1839(752,755)",
(18-15),403097.9953,6961763.214,"seg1838(754,755)",
(18-15),403116.8939,6961760.151,"seg1777(754,757)",
(18-15),403126.6782,6961760.006,"seg1776(756,757)",
(18-15),403136.0575,6961761.078,"seg1779(696,756)",
(18-15),403146.1216,6961763.04,"seg1778(695,696)",
(18-15),403153.9112,6961765.207,"seg1781(695,698)",
(18-15),403161.7944,6961768.038,"seg1780(697,698)",
(18-15),403173.014,6961773.832,"seg1783(697,700)",
(18-15),403181.028,6961778.881,"seg1782(699,700)",
(18-15),403189.473,6961785.65,"seg1785(699,702)",
(18-15),403195.2082,6961791.456,"seg1784(701,702)",
(18-15),403201.2293,6961798.593,"seg1787(701,704)",
(18-15),403209.4855,6961810.512,"seg1786(703,704)",
(18-15),403215.8586,6961823.136,"seg1789(703,706)",
(18-15),403218.6058,6961831.91,"seg1788(705,706)",
(18-15),403221.3779,6961843.785,"seg1791(705,708)",
(18-15),403223.1042,6961856.705,"seg1790(707,708)",
(18-15),403222.5115,6961869.219,"seg1793(707,710)",
(18-15),403221.251,6961878.681,"seg1792(709,710)",
(18-15),403218.5945,6961889.738,"seg1795(709,712)",
(18-15),403214.7037,6961900.675,"seg1794(711,712)",
(18-15),403209.9835,6961910.276,"seg1797(711,714)",
(18-15),403204.5772,6961919.151,"seg1796(713,714)",
(18-15),403199.083,6961926.641,"seg1799(713,716)",
(18-15),403194.3006,6961931.589,"seg1798(715,716)",
(18-15),403187.9328,6961937.078,"seg1801(715,718)",
(18-15),403182.2663,6961941.353,"seg1800(717,718)",
(18-15),403166.5239,6961951.421,"seg1803(717,720)",
(18-15),403135.2487,6961970.008,"seg1802(719,720)",
(18-15),403127.3016,6961975.262,"seg1805(719,722)",
(18-15),403116.3656,6961983.596,"seg1804(721,722)",
(18-15),403105.8091,6961993.926,"seg1807(721,724)",
(18-15),403094.0352,6962008.235,"seg1806(723,724)",
(18-15),403089.6358,6962014.736,"seg1745(723,726)",
(18-15),403083.7707,6962025.38,"seg1744(725,726)",
(18-15),403079.7993,6962033.99,"seg1747(725,1848)",
(18-15),403075.4606,6962045.311,"seg1746(1847,1848)",
(18-15),403069.8172,6962065.429,"seg1749(1847,1850)",
(18-15),403059.2779,6962111.099,"seg1748(1849,1850)",
(18-15),403052.543,6962138.021,"seg1751(1849,1852)",
(18-15),403050.5396,6962147.699,"seg1750(1851,1852)",
(18-15),403049.0341,6962156.882,"seg1753(1851,1854)",
(18-15),403046.9484,6962176.973,"seg1752(1853,1854)",
(18-15),403047.4516,6962200.85,"seg1755(1853,1856)",
(18-15),403048.7331,6962213.767,"seg1754(1855,1856)",
(18-15),403051.8147,6962230.242,"seg1757(1855,1858)",
(18-15),403055.0022,6962239.573,"seg1756(1857,1858)",
(18-15),403059.3623,6962250.575,"seg1759(1857,1860)",
(18-15),403063.8379,6962259.473,"seg1758(1859,1860)",
(18-15),403070.1911,6962268.386,"seg1761(1859,1862)",
(18-15),403078.1244,6962277.422,"seg1760(1861,1862)",
(18-15),403085.4342,6962284.071,"seg1763(1861,1864)",
(18-15),403095.897,6962291.909,"seg1762(1863,1864)",
(18-15),403104.4063,6962296.85,"seg1765(1863,1866)",
(18-15),403112.6265,6962300.848,"seg1764(1865,1866)",
(18-15),403121.6958,6962303.689,"seg1767(1865,1868)",
(18-15),403132.25,6962306.21,"seg1766(1867,1868)",
(18-15),403182.0741,6962316.573,"seg1769(817,1867)",
(19-15),403034.3023,6961795.005,,
(19-15),403052.3804,6961783.238,"seg1834(749,751)",
(19-15),403074.3405,6961767.902,"seg1835(749,750)",
(19-15),403091.2157,6961758.286,"seg1832(747,750)",
(19-15),403099.0482,6961755.025,"seg1833(747,748)",
(19-15),403111.5327,6961750.803,"seg1830(745,748)",
(19-15),403120.1911,6961749.32,"seg1831(745,746)",
(19-15),403133.9387,6961747.822,"seg1828(743,746)",
(19-15),403143.5209,6961748.23,"seg1829(743,744)",
(19-15),403152.2077,6961749.407,"seg1826(741,744)",
(19-15),403160.2972,6961751.132,"seg1827(741,742)",
(19-15),403171.6301,6961755.099,"seg1824(739,742)",
(19-15),403175.3728,6961756.679,"seg1825(739,740)",
(19-15),403186,6961762.413,"seg1822(737,740)",
(19-15),403196.2206,6961769.584,"seg1823(737,738)",
(19-15),403205.3438,6961778.075,"seg1820(735,738)",
(19-15),403213.761,6961788.389,"seg1821(735,736)",
(19-15),403218.6448,6961795.629,"seg1818(733,736)",
(19-15),403224.7757,6961807.641,"seg1819(733,734)",
(19-15),403229.3195,6961820.417,"seg1816(731,734)",
(19-15),403230.4703,6961824.858,"seg1817(731,732)",
(19-15),403232.079,6961833.899,"seg1814(729,732)",
(19-15),403232.8976,6961842.879,"seg1815(729,730)",
(19-15),403233.0188,6961852.573,"seg1812(727,730)",
(19-15),403231.4738,6961866.797,"seg1813(727,728)",
(19-15),403229.62,6961876.31,"seg1810(728,788)",
(19-15),403225.0559,6961891.174,"seg1811(788,789)",
(19-15),403221.0283,6961900.669,"seg1808(786,789)",
(19-15),403213.4057,6961914.9,"seg1809(786,787)",
(19-15),403203.4212,6961927.894,"seg1870(784,787)",
(19-15),403199.7328,6961931.964,"seg1871(784,785)",
(19-15),403187.089,6961943.829,"seg1868(782,785)",
(19-15),403177.5478,6961950.733,"seg1869(782,783)",
(19-15),403172.3832,6961954.015,"seg1866(780,783)",
(19-15),403140.6149,6961972.487,"seg1867(780,781)",
(19-15),403126.9033,6961981.906,"seg1864(778,781)",
(19-15),403115.1654,6961991.673,"seg1865(778,779)",
(19-15),403108.1968,6961998.154,"seg1862(776,779)",
(19-15),403102.3125,6962004.977,"seg1863(776,777)",
(19-15),403092.3191,6962019.078,"seg1860(774,777)",
(19-15),403088.2073,6962026.689,"seg1861(774,775)",
(19-15),403082.2316,6962038.828,"seg1858(772,775)",
(19-15),403079.0013,6962047.444,"seg1859(772,773)",
(19-15),403073.6154,6962066.234,"seg1856(770,773)",
(19-15),403056.9045,6962136.339,"seg1857(770,771)",
(19-15),403052.9942,6962155.972,"seg1854(768,771)",
(19-15),403052.0908,6962163.996,"seg1855(768,769)",
(19-15),403051.0418,6962177.947,"seg1852(766,769)",
(19-15),403051.1681,6962199.495,"seg1853(766,767)",
(19-15),403053.2122,6962215.962,"seg1850(764,767)",
(19-15),403054.7303,6962223.951,"seg1851(764,765)",
(19-15),403058.9107,6962238.939,"seg1848(762,765)",
(19-15),403063.1327,6962248.666,"seg1849(762,763)",
(19-15),403069.3179,6962260.07,"seg1846(760,763)",
(19-15),403077.5363,6962270.549,"seg1847(760,761)",
(19-15),403083.3696,6962276.466,"seg1844(758,761)",
(19-15),403095.2998,6962286.199,"seg1845(758,759)",
(19-15),403108.8229,6962294.448,"seg1842(759,818)",
(19-15),403126.167,6962300.622,"seg1843(818,819)",
(19-15),403182.0741,6962316.573,"seg1840(817,819)",
(19-16),403182.0741,6962316.573,,
(19-16),403126.167,6962300.622,"seg1840(817,819)",
(19-16),403108.8229,6962294.448,"seg1843(818,819)",
(19-16),403095.2998,6962286.199,"seg1842(759,818)",
(19-16),403083.3696,6962276.466,"seg1845(758,759)",
(19-16),403077.5363,6962270.549,"seg1844(758,761)",
(19-16),403069.3179,6962260.07,"seg1847(760,761)",
(19-16),403063.1327,6962248.666,"seg1846(760,763)",
(19-16),403058.9107,6962238.939,"seg1849(762,763)",
(19-16),403054.7303,6962223.951,"seg1848(762,765)",
(19-16),403053.2122,6962215.962,"seg1851(764,765)",
(19-16),403051.1681,6962199.495,"seg1850(764,767)",
(19-16),403051.0418,6962177.947,"seg1853(766,767)",
(19-16),403052.0908,6962163.996,"seg1852(766,769)",
(19-16),403052.9942,6962155.972,"seg1855(768,769)",
(19-16),403056.9045,6962136.339,"seg1854(768,771)",
(19-16),403073.6154,6962066.234,"seg1857(770,771)",
(19-16),403079.0013,6962047.444,"seg1856(770,773)",
(19-16),403082.2316,6962038.828,"seg1859(772,773)",
(19-16),403088.2073,6962026.689,"seg1858(772,775)",
(19-16),403092.3191,6962019.078,"seg1861(774,775)",
(19-16),403102.3125,6962004.977,"seg1860(774,777)",
(19-16),403108.1968,6961998.154,"seg1863(776,777)",
(19-16),403115.1654,6961991.673,"seg1862(776,779)",
(19-16),403126.9033,6961981.906,"seg1865(778,779)",
(19-16),403140.6149,6961972.487,"seg1864(778,781)",
(19-16),403172.3832,6961954.015,"seg1867(780,781)",
(19-16),403177.5478,6961950.733,"seg1866(780,783)",
(19-16),403187.089,6961943.829,"seg1869(782,783)",
(19-16),403199.7328,6961931.964,"seg1868(782,785)",
(19-16),403203.4212,6961927.894,"seg1871(784,785)",
(19-16),403213.4057,6961914.9,"seg1870(784,787)",
(19-16),403221.0283,6961900.669,"seg1809(786,787)",
(19-16),403225.0559,6961891.174,"seg1808(786,789)",
(19-16),403229.62,6961876.31,"seg1811(788,789)",
(19-16),403231.4738,6961866.797,"seg1810(728,788)",
(19-16),403233.0188,6961852.573,"seg1813(727,728)",
(19-16),403232.8976,6961842.879,"seg1812(727,730)",
(19-16),403232.079,6961833.899,"seg1815(729,730)",
(19-16),403230.4703,6961824.858,"seg1814(729,732)",
(19-16),403229.3195,6961820.417,"seg1817(731,732)",
(19-16),403224.7757,6961807.641,"seg1816(731,734)",
(19-16),403218.6448,6961795.629,"seg1819(733,734)",
(19-16),403213.761,6961788.389,"seg1818(733,736)",
(19-16),403205.3438,6961778.075,"seg1821(735,736)",
(19-16),403196.2206,6961769.584,"seg1820(735,738)",
(19-16),403186,6961762.413,"seg1823(737,738)",
(19-16),403175.3728,6961756.679,"seg1822(737,740)",
(19-16),403171.6301,6961755.099,"seg1825(739,740)",
(19-16),403160.2972,6961751.132,"seg1824(739,742)",
(19-16),403152.2077,6961749.407,"seg1827(741,742)",
(19-16),403143.5209,6961748.23,"seg1826(741,744)",
(19-16),403133.9387,6961747.822,"seg1829(743,744)",
(19-16),403120.1911,6961749.32,"seg1828(743,746)",
(19-16),403111.5327,6961750.803,"seg1831(745,746)",
(19-16),403099.0482,6961755.025,"seg1830(745,748)",
(19-16),403091.2157,6961758.286,"seg1833(747,748)",
(19-16),403074.3405,6961767.902,"seg1832(747,750)",
(19-16),403052.3804,6961783.238,"seg1835(749,750)",
(19-16),403034.3023,6961795.005,"seg1834(749,751)",
(20-17),403034.3023,6961795.005,,
(20-17),403023.4193,6961802.895,"seg1902(751,2002)",
(20-17),403011.4816,6961812.937,"seg2097(1942,2002)",
(20-17),403006.8024,6961817.332,"seg2096(1941,1942)",
(20-17),402994.7868,6961830.974,"seg2099(1941,1944)",
(20-17),402990.2925,6961836.976,"seg2098(1943,1944)",
(20-17),402982.9391,6961848.384,"seg2101(1943,1946)",
(20-17),402933.3002,6961939.83,"seg2100(1945,1946)",
(20-17),402920.2835,6961961.33,"seg2103(1945,1948)",
(20-17),402913.0353,6961971.908,"seg2102(1947,1948)",
(20-17),402905.3451,6961982.15,"seg2105(1947,1950)",
(20-17),402893.3743,6961996.346,"seg2104(1949,1950)",
(20-17),402885.399,6962005.146,"seg2107(1949,1952)",
(20-17),402877.331,6962013.169,"seg2106(1951,1952)",
(20-17),402869.3662,6962020.639,"seg2109(1951,1954)",
(20-17),402857.0307,6962030.955,"seg2108(1953,1954)",
(20-17),402840.8248,6962043.345,"seg2111(1953,1956)",
(20-17),402818.1748,6962058.343,"seg2110(1955,1956)",
(20-17),402767.1266,6962090.398,"seg2113(1955,1958)",
(20-17),402736.6719,6962111.317,"seg2112(1957,1958)",
(20-17),402723.1707,6962119.075,"seg2115(1957,1960)",
(20-17),402713.5504,6962123.43,"seg2114(1959,1960)",
(20-17),402704.9297,6962126.353,"seg2117(1959,1962)",
(20-17),402693.0499,6962129.029,"seg2116(1961,1962)",
(20-17),402687.8065,6962129.763,"seg2119(1961,1964)",
(20-17),402674.9551,6962130.325,"seg2118(1963,1964)",
(20-17),402669.5211,6962130.171,"seg2121(1963,1966)",
(20-17),402653.4798,6962127.995,"seg2120(1965,1966)",
(20-17),402643.3233,6962125.2,"seg2123(1965,1968)",
(20-17),402637.3117,6962123.103,"seg2122(1967,1968)",
(20-17),402631.6496,6962120.566,"seg2125(1967,1970)",
(20-17),402620.9226,6962114.941,"seg2124(1969,1970)",
(20-17),402609.1818,6962106.318,"seg2127(1969,1972)",
(20-17),402603.5871,6962101.51,"seg2126(1971,1972)",
(20-17),402598.6858,6962096.486,"seg2065(1910,1971)",
(20-17),402590.8483,6962087.893,"seg2064(1909,1910)",
(20-17),402575.6778,6962069.383,"seg2067(1909,1912)",
(20-17),402567.5658,6962058.019,"seg2066(1911,1912)",
(20-17),402557.6816,6962039.606,"seg2069(1911,1914)",
(20-17),402527.8172,6961979.933,"seg2068(1913,1914)",
(20-17),402517.0004,6961954.534,"seg2071(1913,1916)",
(20-17),402514.93,6961947.704,"seg2070(1915,1916)",
(20-17),402512.222,6961934.056,"seg2073(1915,1918)",
(20-17),402511.2866,6961927.402,"seg2072(1917,1918)",
(20-17),402510.9008,6961913.772,"seg2075(1917,1920)",
(20-17),402512.2,6961899.492,"seg2074(1919,1920)",
(20-17),402516.3197,6961878.476,"seg2077(1919,1922)",
(20-17),402518.4042,6961864.866,"seg2076(1921,1922)",
(20-17),402518.7118,6961851.02,"seg2079(1921,1924)",
(20-17),402516.8403,6961837.822,"seg2078(1923,1924)",
(20-17),402513.6815,6961824.946,"seg2081(1923,1926)",
(20-17),402509.1287,6961813.389,"seg2080(1925,1926)",
(20-17),402505.4773,6961806.547,"seg2083(1925,1928)",
(20-17),402499.2386,6961795.751,"seg2082(1927,1928)",
(20-17),402495.4744,6961790.681,"seg2085(1927,1930)",
(20-17),402486.3569,6961781.524,"seg2084(1929,1930)",
(20-17),402476.5372,6961773.691,"seg2087(1929,1932)",
(20-17),402465.8167,6961767.291,"seg2086(1931,1932)",
(20-17),402460.3052,6961764.478,"seg2089(1931,1934)",
(20-17),402454.6905,6961762.218,"seg2088(1933,1934)",
(20-17),402443.1566,6961758.692,"seg2091(1933,1936)",
(20-17),402425.8952,6961754.677,"seg2090(1935,1936)",
(20-17),402341.2476,6961737.165,"seg2093(1935,1938)",
(20-17),402319.7372,6961733.116,"seg2092(1937,1938)",
(20-17),402296.8872,6961729.777,"seg2095(1937,1940)",
(20-17),402289.2839,6961729.052,"seg2094(1939,1940)",
(20-17),402259.6524,6961727.265,"seg2033(1878,1939)",
(20-17),402199.0391,6961725.73,"seg2032(1877,1878)",
(20-17),402190.7362,6961725.996,"seg2035(1877,1880)",
(20-17),402174.6165,6961727.529,"seg2034(1879,1880)",
(20-17),402166.8958,6961729.129,"seg2037(1879,1882)",
(20-17),402151.6451,6961733.218,"seg2036(1881,1882)",
(20-17),402144.212,6961735.928,"seg2039(1881,1884)",
(20-17),402130.2264,6961742.463,"seg2038(1883,1884)",
(20-17),402110.9595,6961754.496,"seg2041(1883,1886)",
(20-17),402087.5935,6961772.478,"seg2040(1885,1886)",
(20-17),402075.8673,6961780.693,"seg2043(1885,1888)",
(20-17),402062.9676,6961787.348,"seg2042(1887,1888)",
(20-17),402056.3259,6961789.954,"seg2045(1887,1890)",
(20-17),402049.5889,6961792.116,"seg2044(1889,1890)",
(20-17),402035.4356,6961794.883,"seg2047(1889,1892)",
(20-17),402028.3132,6961795.823,"seg2046(1891,1892)",
(20-17),402009.7777,6961796.672,"seg2049(1891,1894)",
(20-17),401986.1221,6961795.21,"seg2048(1893,1894)",
(20-17),401971.9887,6961795.484,"seg2051(1893,1896)",
(20-17),401958.8359,6961796.709,"seg2050(1895,1896)",
(20-17),401943.5404,6961800.187,"seg2053(1895,1898)",
(20-17),401936.1598,6961802.51,"seg2052(1897,1898)",
(20-17),401927.4844,6961806.096,"seg2055(1897,1900)",
(20-17),401916.3677,6961812.211,"seg2054(1899,1900)",
(20-17),401907.7756,6961817.737,"seg2057(1899,1902)",
(20-17),401898.2805,6961824.973,"seg2056(1901,1902)",
(20-17),401889.3164,6961833.764,"seg2059(1901,1904)",
(20-17),401879.6381,6961845.374,"seg2058(1903,1904)",
(20-17),401872.3348,6961856.561,"seg2061(1903,1906)",
(20-17),401867.0095,6961867.541,"seg2060(1905,1906)",
(20-17),401863.7837,6961875.491,"seg2063(1905,1908)",
(20-17),401861.4036,6961882.729,"seg2062(1907,1908)",
(20-17),401859.9265,6961888.256,"seg2001(1907,2098)",
(20-17),401856.7011,6961908.504,"seg2000(2097,2098)",
(20-17),401856.4825,6961917.309,"seg2003(2097,2100)",
(20-17),401858.5534,6961954.937,"seg2002(2099,2100)",
(20-17),401858.2253,6961965.071,"seg2005(2099,2102)",
(20-17),401857.1335,6961978.024,"seg2004(2101,2102)",
(20-17),401855.5257,6961987.538,"seg2007(2101,2104)",
(20-17),401853.5889,6961994.945,"seg2006(2103,2104)",
(20-17),401849.3742,6962009.147,"seg2009(2103,2106)",
(20-17),401846.2565,6962015.935,"seg2008(2105,2106)",
(20-17),401842.6393,6962023.384,"seg2011(2105,2108)",
(20-17),401836.7758,6962033.696,"seg2010(2107,2108)",
(20-17),401832.7749,6962039.701,"seg2013(2107,2110)",
(20-17),401823.4925,6962051.204,"seg2012(2109,2110)",
(20-17),401809.7487,6962064.499,"seg2015(2109,2112)",
(20-17),401800.1025,6962072.066,"seg2014(2111,2112)",
(20-17),401790.1695,6962078.412,"seg2017(2111,2114)",
(20-17),401780.1448,6962083.871,"seg2016(2113,2114)",
(20-17),401763.8867,6962090.277,"seg2019(2113,2116)",
(20-17),401753.7853,6962092.965,"seg2018(2115,2116)",
(20-17),401748.5392,6962094.031,"seg2021(2115,2118)",
(20-17),401731.9248,6962095.56,"seg2020(2117,2118)",
(20-17),401719.6227,6962095.406,"seg2023(2117,2120)",
(20-17),401700.427,6962092.261,"seg2022(2119,2120)",
(20-17),401692.34,6962090.202,"seg2025(2119,2122)",
(20-17),401687.117,6962088.388,"seg2024(2121,2122)",
(20-17),401671.8582,6962081.065,"seg2027(2121,2124)",
(20-17),401657.3044,6962072.086,"seg2026(2123,2124)",
(20-17),401637.1305,6962055.362,"seg2029(2123,2125)",
(20-17),401613.1432,6962033.567,"seg2028(433,2125)",
(20-17),401569.9027,6961991.178,"seg434(433,435)",
(20-17),401552.7447,6961974.257,"seg2031(435,2126)",
(20-17),401523.7132,6961946.882,"seg2030(2068,2126)",
(20-17),401508.0113,6961933.241,"seg2225(2067,2068)",
(20-17),401502.4108,6961929.207,"seg2224(2067,2070)",
(20-17),401492.5743,6961923.534,"seg2227(2069,2070)",
(20-17),401483.0208,6961919.524,"seg2226(2069,2072)",
(20-17),401472.4743,6961916.116,"seg2229(2071,2072)",
(20-17),401459.3471,6961914.128,"seg2228(2071,2074)",
(20-17),401441.715,6961913.21,"seg2231(2073,2074)",
(20-17),401431.1369,6961913.735,"seg2230(2073,2076)",
(20-17),401409.3635,6961917.825,"seg2233(2075,2076)",
(20-17),401390.5843,6961924.377,"seg2232(2075,2078)",
(20-17),401376.5361,6961932.462,"seg2235(2077,2078)",
(20-17),401366.4553,6961938.751,"seg2234(2077,2080)",
(20-17),401357.209,6961945.711,"seg2237(2079,2080)",
(20-17),401347.5554,6961954.164,"seg2236(2079,2081)",
(20-17),401312.955,6961992.66,"seg2239(2081,2083)",
(20-17),401290.656,6962012.92,"seg2238(2082,2083)",
(20-17),401281.849,6962020.549,"seg2241(2082,2084)",
(20-17),401267.5407,6962030.238,"seg2240(2084,2086)",
(20-17),401257.8122,6962035.699,"seg2243(2085,2086)",
(20-17),401245.2163,6962041.359,"seg2242(2085,2088)",
(20-17),401236.1974,6962044.61,"seg2245(2087,2088)",
(20-17),401218.9713,6962048.459,"seg2244(2087,2090)",
(20-17),401210.0672,6962049.717,"seg2247(2089,2090)",
(20-17),401196.7182,6962050.717,"seg2246(2089,2092)",
(20-17),401189.8999,6962050.662,"seg2249(2091,2092)",
(20-17),401175.9304,6962048.944,"seg2248(2091,2094)",
(20-17),401159.0593,6962045.54,"seg2251(2093,2094)",
(20-17),401140.1357,6962039.294,"seg2250(2093,2096)",
(20-17),401115.5166,6962028.571,"seg2253(2095,2096)",
(20-17),401037.2414,6961992.822,"seg2252(2036,2095)",
(20-17),401015.9714,6961983.456,"seg2255(2035,2036)",
(20-17),401002.2265,6961978.415,"seg2254(2035,2038)",
(20-17),400995.1296,6961976.142,"seg2193(2037,2038)",
(20-17),400987.9295,6961974.422,"seg2192(2037,2040)",
(20-17),400973.4207,6961972.2,"seg2195(2039,2040)",
(20-17),400966.2081,6961972.031,"seg2194(2039,2042)",
(20-17),400958.8949,6961972.083,"seg2197(2041,2042)",
(20-17),400944.5515,6961973.851,"seg2196(2041,2044)",
(20-17),400937.6228,6961975.235,"seg2199(2043,2044)",
(20-17),400924.1482,6961979.558,"seg2198(2043,2046)",
(20-17),400917.7029,6961982.275,"seg2201(2045,2046)",
(20-17),400905.3925,6961989.266,"seg2200(2045,2048)",
(20-17),400899.63,6961993.097,"seg2203(2047,2048)",
(20-17),400889.3795,6962001.988,"seg2202(2047,2050)",
(20-17),400881.5554,6962010.233,"seg2205(2049,2050)",
(20-17),400876.8147,6962016.011,"seg2204(2049,2052)",
(20-17),400869.1098,6962027.858,"seg2207(2051,2052)",
(20-17),400865.351,6962034.419,"seg2206(2051,2054)",
(20-17),400860.3082,6962047.008,"seg2209(2053,2054)",
(20-17),400857.0423,6962059.832,"seg2208(2053,2056)",
(20-17),400855.6468,6962073.558,"seg2211(2055,2056)",
(20-17),400855.5931,6962080.205,"seg2210(2055,2058)",
(20-17),400856.5718,6962093.618,"seg2213(2057,2058)",
(20-17),400858.0004,6962100.276,"seg2212(2057,2060)",
(20-17),400861.8465,6962113.49,"seg2215(2059,2060)",
(20-17),400867.6744,6962126.056,"seg2214(2059,2062)",
(20-17),400890.0375,6962165.288,"seg2217(2061,2062)",
(20-17),400894.7358,6962177.013,"seg2216(2061,2064)",
(20-17),400898.7788,6962190.34,"seg2219(2063,2064)",
(20-17),400901.4267,6962205.096,"seg2218(2063,2066)",
(20-17),400902.0433,6962214.406,"seg2221(2065,2066)",
(20-17),400901.9923,6962220.721,"seg2220(2004,2065)",
(20-17),400901.6333,6962228.473,"seg2223(2003,2004)",
(20-17),400898.9717,6962246.01,"seg2222(2003,2006)",
(20-17),400895.7262,6962262.435,"seg2161(2005,2006)",
(20-17),400892.2649,6962287.223,"seg2160(2005,2008)",
(20-17),400892.4943,6962295.534,"seg2163(2007,2008)",
(20-17),400894.3392,6962311.834,"seg2162(2007,2010)",
(20-17),400898.3625,6962327.597,"seg2165(2009,2010)",
(20-17),400904.3676,6962342.712,"seg2164(2009,2012)",
(20-17),400907.7664,6962350.162,"seg2167(2011,2012)",
(20-17),400911.4633,6962357.393,"seg2166(2011,2014)",
(20-17),400923.9956,6962378.045,"seg2169(2013,2014)",
(20-17),400931.4974,6962391.399,"seg2168(2013,2016)",
(20-17),400937.1679,6962405.127,"seg2171(2015,2016)",
(20-17),400939.2856,6962412.123,"seg2170(2015,2018)",
(20-17),400941.1464,6962420.336,"seg2173(2017,2018)",
(20-17),400943.0169,6962433.479,"seg2172(2017,2020)",
(20-17),400943.4786,6962443.619,"seg2175(2019,2020)",
(20-17),400942.847,6962454.527,"seg2174(2019,2022)",
(20-17),400942.0002,6962461.499,"seg2177(2021,2022)",
(20-17),400940.3516,6962469.85,"seg2176(2021,2024)",
(20-17),400936.5516,6962481.507,"seg2179(2023,2024)",
(20-17),400933.2814,6962488.737,"seg2178(2023,2026)",
(20-17),400929.1227,6962495.849,"seg2181(2025,2026)",
(20-17),400920.936,6962506.141,"seg2180(2025,2028)",
(20-17),400911.3636,6962516.699,"seg2183(2027,2028)",
(20-17),400900.5171,6962525.917,"seg2182(2027,2030)",
(20-17),400895.2462,6962530.029,"seg2185(2029,2030)",
(20-17),400888.5895,6962534.407,"seg2184(2029,2032)",
(20-17),400876.1375,6962540.51,"seg2187(2031,2032)",
(20-17),400869.3519,6962542.505,"seg2186(2031,2034)",
(20-17),400855.3474,6962545.05,"seg2189(2033,2034)",
(20-17),400845.3091,6962545.966,"seg2188(2033,2221)",
(20-17),400834.3401,6962545.878,"seg2191(2220,2221)",
(20-17),400825.458,6962544.366,"seg2190(2220,2223)",
(20-17),400814.3106,6962541.894,"seg2129(2222,2223)",
(20-17),400797.7132,6962535.113,"seg2128(2222,2225)",
(20-17),400776.2106,6962523.861,"seg2131(2224,2225)",
(20-17),400768.8354,6962519.315,"seg2130(2224,2227)",
(20-17),400739.1218,6962503.011,"seg2133(2226,2227)",
(20-17),400712.4644,6962487.618,"seg2132(2226,2229)",
(20-17),400702.0941,6962480.721,"seg2135(2228,2229)",
(20-17),400689.6701,6962471.148,"seg2134(2228,2231)",
(20-17),400683.4875,6962465.781,"seg2137(2230,2231)",
(20-17),400671.2319,6962453.717,"seg2136(2230,2233)",
(20-17),400659.5836,6962439.885,"seg2139(2232,2233)",
(20-17),400648.8354,6962424.732,"seg2138(2232,2235)",
(20-17),400639.1329,6962408.59,"seg2141(2234,2235)",
(20-17),400617.898,6962370.419,"seg2140(2234,2237)",
(20-17),400610.7802,6962358.508,"seg2143(2236,2237)",
(20-17),400603.9513,6962347.54,"seg2142(2236,2239)",
(20-17),400591.005,6962329.267,"seg2145(2238,2239)",
(20-17),400581.2201,6962317.223,"seg2144(2238,2241)",
(20-17),400556.9201,6962291.491,"seg2147(2240,2241)",
(20-17),400551.821,6962286.575,"seg2146(2240,2243)",
(20-17),400536.7166,6962272.438,"seg2149(2242,2243)",
(20-17),400521.3055,6962259.573,"seg2148(2242,2245)",
(20-17),400500.7824,6962243.399,"seg2151(2244,2245)",
(20-17),400479.7059,6962228.438,"seg2150(2244,2247)",
(20-17),400467.4184,6962220.362,"seg2153(2246,2247)",
(20-17),400446.3209,6962208.005,"seg2152(2246,2249)",
(20-17),400436.9728,6962203.055,"seg2155(2248,2249)",
(20-17),400426.4381,6962198.206,"seg2154(2248,2251)",
(20-17),400397.0576,6962183.621,"seg2157(2250,2251)",
(20-17),400385.6932,6962177.491,"seg2156(2190,2250)",
(20-17),400377.137,6962172.381,"seg2159(2189,2190)",
(20-17),400363.9154,6962163.743,"seg2158(2189,2192)",
(20-17),400357.1941,6962157.817,"seg2353(2191,2192)",
(20-17),400352.0108,6962151.128,"seg2352(2191,2194)",
(20-17),400343.125,6962137.928,"seg2355(2193,2194)",
(20-17),400337.5366,6962126.361,"seg2354(2193,2196)",
(20-17),400334.2438,6962118.081,"seg2357(2195,2196)",
(20-17),400332.3242,6962111.086,"seg2356(2195,2198)",
(20-17),400330.591,6962099.384,"seg2359(2197,2198)",
(20-17),400329.8383,6962088.632,"seg2358(2197,2200)",
(20-17),400330.924,6962076.621,"seg2361(2199,2200)",
(20-17),400332.069,6962069.485,"seg2360(2199,2202)",
(20-17),400333.4071,6962062.904,"seg2363(2201,2202)",
(20-17),400335.8888,6962055.446,"seg2362(2201,2204)",
(20-17),400344.3472,6962036.072,"seg2365(2203,2204)",
(20-17),400348.6529,6962029.128,"seg2364(2203,2206)",
(20-17),400356.8898,6962018.781,"seg2367(2205,2206)",
(20-17),400370.4775,6962000.557,"seg2366(2205,2208)",
(20-17),400378.284,6961988.434,"seg2369(2207,2208)",
(20-17),400381.4937,6961982.588,"seg2368(2207,2210)",
(20-17),400386.6349,6961970.111,"seg2371(2209,2210)",
(20-17),400390.3943,6961957.402,"seg2370(2209,2212)",
(20-17),400391.7868,6961944.119,"seg2373(2211,2212)",
(20-17),400391.8911,6961931.269,"seg2372(2211,2214)",
(20-17),400390.6025,6961919.571,"seg2375(2213,2214)",
(20-17),400388.9802,6961912.467,"seg2374(2213,2216)",
(20-17),400384.8237,6961901.023,"seg2377(2215,2216)",
(20-17),400380.3565,6961891.349,"seg2376(2215,2218)",
(20-17),400368.5245,6961875.909,"seg2379(2217,2218)",
(20-17),400349.3564,6961857.253,"seg2378(2217,2219)",
(20-17),400329.1068,6961844.016,"seg2381(2158,2219)",
(20-17),400319.5084,6961839.506,"seg2380(2158,2160)",
(20-17),400311.9186,6961837.118,"seg2383(2159,2160)",
(20-17),400299.0971,6961834.023,"seg2382(2159,2162)",
(20-17),400245.8122,6961824.395,"seg2321(2161,2162)",
(20-17),400183.0126,6961812.141,"seg2320(2161,2164)",
(20-17),400163.0144,6961810.538,"seg2323(2163,2164)",
(20-17),400111.4507,6961808.014,"seg2322(2163,2166)",
(20-17),400079.7314,6961807.756,"seg2325(2165,2166)",
(20-17),400065.8843,6961809.25,"seg2324(2165,2168)",
(20-17),400058.7598,6961810.41,"seg2327(2167,2168)",
(20-17),400037.7616,6961816.332,"seg2326(2167,2170)",
(20-17),399969.1004,6961844.3,"seg2329(2169,2170)",
(20-17),399953.6402,6961849.713,"seg2328(2169,2172)",
(20-17),399945.717,6961851.864,"seg2331(2171,2172)",
(20-17),399929.4907,6961854.28,"seg2330(2171,2174)",
(20-17),399913.1836,6961854.479,"seg2333(2173,2174)",
(20-17),399904.9865,6961853.858,"seg2332(2173,2176)",
(20-17),399889.1988,6961850.96,"seg2335(2175,2176)",
(20-17),399881.5076,6961848.903,"seg2334(2175,2178)",
(20-17),399866.7306,6961843.243,"seg2337(2177,2178)",
(20-17),399852.2609,6961836.257,"seg2336(2177,2180)",
(20-17),399727.9684,6961772.815,"seg2339(2179,2180)",
(20-17),399688.212,6961752.383,"seg2338(2179,2182)",
(20-17),399675.0284,6961745.241,"seg2341(2181,2182)",
(20-17),399655.3427,6961735.663,"seg2340(2181,2184)",
(20-17),399633.63,6961726.235,"seg2343(2183,2184)",
(20-17),399618.5568,6961720.573,"seg2342(2183,2186)",
(20-17),399595.691,6961713.185,"seg2345(2185,2186)",
(20-17),399498.2811,6961685.799,"seg2344(2185,2188)",
(20-17),399467.7751,6961676.188,"seg2347(2187,2188)",
(20-17),399454.4748,6961671.26,"seg2346(2128,2187)",
(20-17),399447.8779,6961668.326,"seg2349(2127,2128)",
(20-17),399408.7482,6961649.892,"seg2348(2127,2130)",
(20-17),399390.5468,6961640.104,"seg2351(2129,2130)",
(20-17),399378.9441,6961633.03,"seg2350(2129,2132)",
(20-17),399368.1401,6961624.965,"seg2289(2131,2132)",
(20-17),399358.1325,6961616.186,"seg2288(2131,2134)",
(20-17),399353.3298,6961611.383,"seg2291(2133,2134)",
(20-17),399348.8271,6961606.139,"seg2290(2133,2136)",
(20-17),399340.0235,6961595.155,"seg2293(2135,2136)",
(20-17),399331.6686,6961583.676,"seg2292(2135,2138)",
(20-17),399323.1573,6961573.192,"seg2295(2137,2138)",
(20-17),399309.3429,6961558.677,"seg2294(2137,2140)",
(20-17),399299.034,6961550.505,"seg2297(2139,2140)",
(20-17),399293.4317,6961546.803,"seg2296(2139,2142)",
(20-17),399281.3777,6961540.556,"seg2299(2141,2142)",
(20-17),399270.1518,6961535.755,"seg2298(2141,2144)",
(20-17),399248.4586,6961530.038,"seg2301(2143,2144)",
(20-17),399235.0828,6961528.322,"seg2300(2143,2146)",
(20-17),399224.208,6961528.897,"seg2303(2145,2146)",
(20-17),399215.1567,6961530.042,"seg2302(2145,2148)",
(20-17),399206.249,6961531.741,"seg2305(2147,2148)",
(20-17),399198.9686,6961533.841,"seg2304(2147,2150)",
(20-17),399191.7317,6961536.662,"seg2307(2149,2150)",
(20-17),399178.0347,6961543.972,"seg2306(2149,2152)",
(20-17),399165.6031,6961553.619,"seg2309(2151,2152)",
(20-17),399159.6288,6961559.109,"seg2308(2151,2153)",
(20-17),399130.164,6961591.216,"seg2311(51,2153)",
(20-16),399130.164,6961591.216,,
(20-16),399159.6288,6961559.109,"seg2311(51,2153)",
(20-16),399165.6031,6961553.619,"seg2308(2151,2153)",
(20-16),399178.0347,6961543.972,"seg2309(2151,2152)",
(20-16),399191.7317,6961536.662,"seg2306(2149,2152)",
(20-16),399198.9686,6961533.841,"seg2307(2149,2150)",
(20-16),399206.249,6961531.741,"seg2304(2147,2150)",
(20-16),399215.1567,6961530.042,"seg2305(2147,2148)",
(20-16),399224.208,6961528.897,"seg2302(2145,2148)",
(20-16),399235.0828,6961528.322,"seg2303(2145,2146)",
(20-16),399248.4586,6961530.038,"seg2300(2143,2146)",
(20-16),399270.1518,6961535.755,"seg2301(2143,2144)",
(20-16),399281.3777,6961540.556,"seg2298(2141,2144)",
(20-16),399293.4317,6961546.803,"seg2299(2141,2142)",
(20-16),399299.034,6961550.505,"seg2296(2139,2142)",
(20-16),399309.3429,6961558.677,"seg2297(2139,2140)",
(20-16),399323.1573,6961573.192,"seg2294(2137,2140)",
(20-16),399331.6686,6961583.676,"seg2295(2137,2138)",
(20-16),399340.0235,6961595.155,"seg2292(2135,2138)",
(20-16),399348.8271,6961606.139,"seg2293(2135,2136)",
(20-16),399353.3298,6961611.383,"seg2290(2133,2136)",
(20-16),399358.1325,6961616.186,"seg2291(2133,2134)",
(20-16),399368.1401,6961624.965,"seg2288(2131,2134)",
(20-16),399378.9441,6961633.03,"seg2289(2131,2132)",
(20-16),399390.5468,6961640.104,"seg2350(2129,2132)",
(20-16),399408.7482,6961649.892,"seg2351(2129,2130)",
(20-16),399447.8779,6961668.326,"seg2348(2127,2130)",
(20-16),399454.4748,6961671.26,"seg2349(2127,2128)",
(20-16),399467.7751,6961676.188,"seg2346(2128,2187)",
(20-16),399498.2811,6961685.799,"seg2347(2187,2188)",
(20-16),399595.691,6961713.185,"seg2344(2185,2188)",
(20-16),399618.5568,6961720.573,"seg2345(2185,2186)",
(20-16),399633.63,6961726.235,"seg2342(2183,2186)",
(20-16),399655.3427,6961735.663,"seg2343(2183,2184)",
(20-16),399675.0284,6961745.241,"seg2340(2181,2184)",
(20-16),399688.212,6961752.383,"seg2341(2181,2182)",
(20-16),399727.9684,6961772.815,"seg2338(2179,2182)",
(20-16),399852.2609,6961836.257,"seg2339(2179,2180)",
(20-16),399866.7306,6961843.243,"seg2336(2177,2180)",
(20-16),399881.5076,6961848.903,"seg2337(2177,2178)",
(20-16),399889.1988,6961850.96,"seg2334(2175,2178)",
(20-16),399904.9865,6961853.858,"seg2335(2175,2176)",
(20-16),399913.1836,6961854.479,"seg2332(2173,2176)",
(20-16),399929.4907,6961854.28,"seg2333(2173,2174)",
(20-16),399945.717,6961851.864,"seg2330(2171,2174)",
(20-16),399953.6402,6961849.713,"seg2331(2171,2172)",
(20-16),399969.1004,6961844.3,"seg2328(2169,2172)",
(20-16),400037.7616,6961816.332,"seg2329(2169,2170)",
(20-16),400058.7598,6961810.41,"seg2326(2167,2170)",
(20-16),400065.8843,6961809.25,"seg2327(2167,2168)",
(20-16),400079.7314,6961807.756,"seg2324(2165,2168)",
(20-16),400111.4507,6961808.014,"seg2325(2165,2166)",
(20-16),400163.0144,6961810.538,"seg2322(2163,2166)",
(20-16),400183.0126,6961812.141,"seg2323(2163,2164)",
(20-16),400245.8122,6961824.395,"seg2320(2161,2164)",
(20-16),400299.0971,6961834.023,"seg2321(2161,2162)",
(20-16),400311.9186,6961837.118,"seg2382(2159,2162)",
(20-16),400319.5084,6961839.506,"seg2383(2159,2160)",
(20-16),400329.1068,6961844.016,"seg2380(2158,2160)",
(20-16),400349.3564,6961857.253,"seg2381(2158,2219)",
(20-16),400368.5245,6961875.909,"seg2378(2217,2219)",
(20-16),400380.3565,6961891.349,"seg2379(2217,2218)",
(20-16),400384.8237,6961901.023,"seg2376(2215,2218)",
(20-16),400388.9802,6961912.467,"seg2377(2215,2216)",
(20-16),400390.6025,6961919.571,"seg2374(2213,2216)",
(20-16),400391.8911,6961931.269,"seg2375(2213,2214)",
(20-16),400391.7868,6961944.119,"seg2372(2211,2214)",
(20-16),400390.3943,6961957.402,"seg2373(2211,2212)",
(20-16),400386.6349,6961970.111,"seg2370(2209,2212)",
(20-16),400381.4937,6961982.588,"seg2371(2209,2210)",
(20-16),400378.284,6961988.434,"seg2368(2207,2210)",
(20-16),400370.4775,6962000.557,"seg2369(2207,2208)",
(20-16),400356.8898,6962018.781,"seg2366(2205,2208)",
(20-16),400348.6529,6962029.128,"seg2367(2205,2206)",
(20-16),400344.3472,6962036.072,"seg2364(2203,2206)",
(20-16),400335.8888,6962055.446,"seg2365(2203,2204)",
(20-16),400333.4071,6962062.904,"seg2362(2201,2204)",
(20-16),400332.069,6962069.485,"seg2363(2201,2202)",
(20-16),400330.924,6962076.621,"seg2360(2199,2202)",
(20-16),400329.8383,6962088.632,"seg2361(2199,2200)",
(20-16),400330.591,6962099.384,"seg2358(2197,2200)",
(20-16),400332.3242,6962111.086,"seg2359(2197,2198)",
(20-16),400334.2438,6962118.081,"seg2356(2195,2198)",
(20-16),400337.5366,6962126.361,"seg2357(2195,2196)",
(20-16),400343.125,6962137.928,"seg2354(2193,2196)",
(20-16),400352.0108,6962151.128,"seg2355(2193,2194)",
(20-16),400357.1941,6962157.817,"seg2352(2191,2194)",
(20-16),400363.9154,6962163.743,"seg2353(2191,2192)",
(20-16),400377.137,6962172.381,"seg2158(2189,2192)",
(20-16),400385.6932,6962177.491,"seg2159(2189,2190)",
(20-16),400397.0576,6962183.621,"seg2156(2190,2250)",
(20-16),400426.4381,6962198.206,"seg2157(2250,2251)",
(20-16),400436.9728,6962203.055,"seg2154(2248,2251)",
(20-16),400446.3209,6962208.005,"seg2155(2248,2249)",
(20-16),400467.4184,6962220.362,"seg2152(2246,2249)",
(20-16),400479.7059,6962228.438,"seg2153(2246,2247)",
(20-16),400500.7824,6962243.399,"seg2150(2244,2247)",
(20-16),400521.3055,6962259.573,"seg2151(2244,2245)",
(20-16),400536.7166,6962272.438,"seg2148(2242,2245)",
(20-16),400551.821,6962286.575,"seg2149(2242,2243)",
(20-16),400556.9201,6962291.491,"seg2146(2240,2243)",
(20-16),400581.2201,6962317.223,"seg2147(2240,2241)",
(20-16),400591.005,6962329.267,"seg2144(2238,2241)",
(20-16),400603.9513,6962347.54,"seg2145(2238,2239)",
(20-16),400610.7802,6962358.508,"seg2142(2236,2239)",
(20-16),400617.898,6962370.419,"seg2143(2236,2237)",
(20-16),400639.1329,6962408.59,"seg2140(2234,2237)",
(20-16),400648.8354,6962424.732,"seg2141(2234,2235)",
(20-16),400659.5836,6962439.885,"seg2138(2232,2235)",
(20-16),400671.2319,6962453.717,"seg2139(2232,2233)",
(20-16),400683.4875,6962465.781,"seg2136(2230,2233)",
(20-16),400689.6701,6962471.148,"seg2137(2230,2231)",
(20-16),400702.0941,6962480.721,"seg2134(2228,2231)",
(20-16),400712.4644,6962487.618,"seg2135(2228,2229)",
(20-16),400739.1218,6962503.011,"seg2132(2226,2229)",
(20-16),400768.8354,6962519.315,"seg2133(2226,2227)",
(20-16),400776.2106,6962523.861,"seg2130(2224,2227)",
(20-16),400797.7132,6962535.113,"seg2131(2224,2225)",
(20-16),400814.3106,6962541.894,"seg2128(2222,2225)",
(20-16),400825.458,6962544.366,"seg2129(2222,2223)",
(20-16),400834.3401,6962545.878,"seg2190(2220,2223)",
(20-16),400845.3091,6962545.966,"seg2191(2220,2221)",
(20-16),400855.3474,6962545.05,"seg2188(2033,2221)",
(20-16),400869.3519,6962542.505,"seg2189(2033,2034)",
(20-16),400876.1375,6962540.51,"seg2186(2031,2034)",
(20-16),400888.5895,6962534.407,"seg2187(2031,2032)",
(20-16),400895.2462,6962530.029,"seg2184(2029,2032)",
(20-16),400900.5171,6962525.917,"seg2185(2029,2030)",
(20-16),400911.3636,6962516.699,"seg2182(2027,2030)",
(20-16),400920.936,6962506.141,"seg2183(2027,2028)",
(20-16),400929.1227,6962495.849,"seg2180(2025,2028)",
(20-16),400933.2814,6962488.737,"seg2181(2025,2026)",
(20-16),400936.5516,6962481.507,"seg2178(2023,2026)",
(20-16),400940.3516,6962469.85,"seg2179(2023,2024)",
(20-16),400942.0002,6962461.499,"seg2176(2021,2024)",
(20-16),400942.847,6962454.527,"seg2177(2021,2022)",
(20-16),400943.4786,6962443.619,"seg2174(2019,2022)",
(20-16),400943.0169,6962433.479,"seg2175(2019,2020)",
(20-16),400941.1464,6962420.336,"seg2172(2017,2020)",
(20-16),400939.2856,6962412.123,"seg2173(2017,2018)",
(20-16),400937.1679,6962405.127,"seg2170(2015,2018)",
(20-16),400931.4974,6962391.399,"seg2171(2015,2016)",
(20-16),400923.9956,6962378.045,"seg2168(2013,2016)",
(20-16),400911.4633,6962357.393,"seg2169(2013,2014)",
(20-16),400907.7664,6962350.162,"seg2166(2011,2014)",
(20-16),400904.3676,6962342.712,"seg2167(2011,2012)",
(20-16),400898.3625,6962327.597,"seg2164(2009,2012)",
(20-16),400894.3392,6962311.834,"seg2165(2009,2010)",
(20-16),400892.4943,6962295.534,"seg2162(2007,2010)",
(20-16),400892.2649,6962287.223,"seg2163(2007,2008)",
(20-16),400895.7262,6962262.435,"seg2160(2005,2008)",
(20-16),400898.9717,6962246.01,"seg2161(2005,2006)",
(20-16),400901.6333,6962228.473,"seg2222(2003,2006)",
(20-16),400901.9923,6962220.721,"seg2223(2003,2004)",
(20-16),400902.0433,6962214.406,"seg2220(2004,2065)",
(20-16),400901.4267,6962205.096,"seg2221(2065,2066)",
(20-16),400898.7788,6962190.34,"seg2218(2063,2066)",
(20-16),400894.7358,6962177.013,"seg2219(2063,2064)",
(20-16),400890.0375,6962165.288,"seg2216(2061,2064)",
(20-16),400867.6744,6962126.056,"seg2217(2061,2062)",
(20-16),400861.8465,6962113.49,"seg2214(2059,2062)",
(20-16),400858.0004,6962100.276,"seg2215(2059,2060)",
(20-16),400856.5718,6962093.618,"seg2212(2057,2060)",
(20-16),400855.5931,6962080.205,"seg2213(2057,2058)",
(20-16),400855.6468,6962073.558,"seg2210(2055,2058)",
(20-16),400857.0423,6962059.832,"seg2211(2055,2056)",
(20-16),400860.3082,6962047.008,"seg2208(2053,2056)",
(20-16),400865.351,6962034.419,"seg2209(2053,2054)",
(20-16),400869.1098,6962027.858,"seg2206(2051,2054)",
(20-16),400876.8147,6962016.011,"seg2207(2051,2052)",
(20-16),400881.5554,6962010.233,"seg2204(2049,2052)",
(20-16),400889.3795,6962001.988,"seg2205(2049,2050)",
(20-16),400899.63,6961993.097,"seg2202(2047,2050)",
(20-16),400905.3925,6961989.266,"seg2203(2047,2048)",
(20-16),400917.7029,6961982.275,"seg2200(2045,2048)",
(20-16),400924.1482,6961979.558,"seg2201(2045,2046)",
(20-16),400937.6228,6961975.235,"seg2198(2043,2046)",
(20-16),400944.5515,6961973.851,"seg2199(2043,2044)",
(20-16),400958.8949,6961972.083,"seg2196(2041,2044)",
(20-16),400966.2081,6961972.031,"seg2197(2041,2042)",
(20-16),400973.4207,6961972.2,"seg2194(2039,2042)",
(20-16),400987.9295,6961974.422,"seg2195(2039,2040)",
(20-16),400995.1296,6961976.142,"seg2192(2037,2040)",
(20-16),401002.2265,6961978.415,"seg2193(2037,2038)",
(20-16),401015.9714,6961983.456,"seg2254(2035,2038)",
(20-16),401037.2414,6961992.822,"seg2255(2035,2036)",
(20-16),401115.5166,6962028.571,"seg2252(2036,2095)",
(20-16),401140.1357,6962039.294,"seg2253(2095,2096)",
(20-16),401159.0593,6962045.54,"seg2250(2093,2096)",
(20-16),401175.9304,6962048.944,"seg2251(2093,2094)",
(20-16),401189.8999,6962050.662,"seg2248(2091,2094)",
(20-16),401196.7182,6962050.717,"seg2249(2091,2092)",
(20-16),401210.0672,6962049.717,"seg2246(2089,2092)",
(20-16),401218.9713,6962048.459,"seg2247(2089,2090)",
(20-16),401236.1974,6962044.61,"seg2244(2087,2090)",
(20-16),401245.2163,6962041.359,"seg2245(2087,2088)",
(20-16),401257.8122,6962035.699,"seg2242(2085,2088)",
(20-16),401267.5407,6962030.238,"seg2243(2085,2086)",
(20-16),401281.849,6962020.549,"seg2240(2084,2086)",
(20-16),401290.656,6962012.92,"seg2241(2082,2084)",
(20-16),401312.955,6961992.66,"seg2238(2082,2083)",
(20-16),401347.5554,6961954.164,"seg2239(2081,2083)",
(20-16),401357.209,6961945.711,"seg2236(2079,2081)",
(20-16),401366.4553,6961938.751,"seg2237(2079,2080)",
(20-16),401376.5361,6961932.462,"seg2234(2077,2080)",
(20-16),401390.5843,6961924.377,"seg2235(2077,2078)",
(20-16),401409.3635,6961917.825,"seg2232(2075,2078)",
(20-16),401431.1369,6961913.735,"seg2233(2075,2076)",
(20-16),401441.715,6961913.21,"seg2230(2073,2076)",
(20-16),401459.3471,6961914.128,"seg2231(2073,2074)",
(20-16),401472.4743,6961916.116,"seg2228(2071,2074)",
(20-16),401483.0208,6961919.524,"seg2229(2071,2072)",
(20-16),401492.5743,6961923.534,"seg2226(2069,2072)",
(20-16),401502.4108,6961929.207,"seg2227(2069,2070)",
(20-16),401508.0113,6961933.241,"seg2224(2067,2070)",
(20-16),401523.7132,6961946.882,"seg2225(2067,2068)",
(20-16),401552.7447,6961974.257,"seg2030(2068,2126)",
(20-16),401569.9027,6961991.178,"seg2031(435,2126)",
(20-16),401613.1432,6962033.567,"seg434(433,435)",
(20-16),401637.1305,6962055.362,"seg2028(433,2125)",
(20-16),401657.3044,6962072.086,"seg2029(2123,2125)",
(20-16),401671.8582,6962081.065,"seg2026(2123,2124)",
(20-16),401687.117,6962088.388,"seg2027(2121,2124)",
(20-16),401692.34,6962090.202,"seg2024(2121,2122)",
(20-16),401700.427,6962092.261,"seg2025(2119,2122)",
(20-16),401719.6227,6962095.406,"seg2022(2119,2120)",
(20-16),401731.9248,6962095.56,"seg2023(2117,2120)",
(20-16),401748.5392,6962094.031,"seg2020(2117,2118)",
(20-16),401753.7853,6962092.965,"seg2021(2115,2118)",
(20-16),401763.8867,6962090.277,"seg2018(2115,2116)",
(20-16),401780.1448,6962083.871,"seg2019(2113,2116)",
(20-16),401790.1695,6962078.412,"seg2016(2113,2114)",
(20-16),401800.1025,6962072.066,"seg2017(2111,2114)",
(20-16),401809.7487,6962064.499,"seg2014(2111,2112)",
(20-16),401823.4925,6962051.204,"seg2015(2109,2112)",
(20-16),401832.7749,6962039.701,"seg2012(2109,2110)",
(20-16),401836.7758,6962033.696,"seg2013(2107,2110)",
(20-16),401842.6393,6962023.384,"seg2010(2107,2108)",
(20-16),401846.2565,6962015.935,"seg2011(2105,2108)",
(20-16),401849.3742,6962009.147,"seg2008(2105,2106)",
(20-16),401853.5889,6961994.945,"seg2009(2103,2106)",
(20-16),401855.5257,6961987.538,"seg2006(2103,2104)",
(20-16),401857.1335,6961978.024,"seg2007(2101,2104)",
(20-16),401858.2253,6961965.071,"seg2004(2101,2102)",
(20-16),401858.5534,6961954.937,"seg2005(2099,2102)",
(20-16),401856.4825,6961917.309,"seg2002(2099,2100)",
(20-16),401856.7011,6961908.504,"seg2003(2097,2100)",
(20-16),401859.9265,6961888.256,"seg2000(2097,2098)",
(20-16),401861.4036,6961882.729,"seg2001(1907,2098)",
(20-16),401863.7837,6961875.491,"seg2062(1907,1908)",
(20-16),401867.0095,6961867.541,"seg2063(1905,1908)",
(20-16),401872.3348,6961856.561,"seg2060(1905,1906)",
(20-16),401879.6381,6961845.374,"seg2061(1903,1906)",
(20-16),401889.3164,6961833.764,"seg2058(1903,1904)",
(20-16),401898.2805,6961824.973,"seg2059(1901,1904)",
(20-16),401907.7756,6961817.737,"seg2056(1901,1902)",
(20-16),401916.3677,6961812.211,"seg2057(1899,1902)",
(20-16),401927.4844,6961806.096,"seg2054(1899,1900)",
(20-16),401936.1598,6961802.51,"seg2055(1897,1900)",
(20-16),401943.5404,6961800.187,"seg2052(1897,1898)",
(20-16),401958.8359,6961796.709,"seg2053(1895,1898)",
(20-16),401971.9887,6961795.484,"seg2050(1895,1896)",
(20-16),401986.1221,6961795.21,"seg2051(1893,1896)",
(20-16),402009.7777,6961796.672,"seg2048(1893,1894)",
(20-16),402028.3132,6961795.823,"seg2049(1891,1894)",
(20-16),402035.4356,6961794.883,"seg2046(1891,1892)",
(20-16),402049.5889,6961792.116,"seg2047(1889,1892)",
(20-16),402056.3259,6961789.954,"seg2044(1889,1890)",
(20-16),402062.9676,6961787.348,"seg2045(1887,1890)",
(20-16),402075.8673,6961780.693,"seg2042(1887,1888)",
(20-16),402087.5935,6961772.478,"seg2043(1885,1888)",
(20-16),402110.9595,6961754.496,"seg2040(1885,1886)",
(20-16),402130.2264,6961742.463,"seg2041(1883,1886)",
(20-16),402144.212,6961735.928,"seg2038(1883,1884)",
(20-16),402151.6451,6961733.218,"seg2039(1881,1884)",
(20-16),402166.8958,6961729.129,"seg2036(1881,1882)",
(20-16),402174.6165,6961727.529,"seg2037(1879,1882)",
(20-16),402190.7362,6961725.996,"seg2034(1879,1880)",
(20-16),402199.0391,6961725.73,"seg2035(1877,1880)",
(20-16),402259.6524,6961727.265,"seg2032(1877,1878)",
(20-16),402289.2839,6961729.052,"seg2033(1878,1939)",
(20-16),402296.8872,6961729.777,"seg2094(1939,1940)",
(20-16),402319.7372,6961733.116,"seg2095(1937,1940)",
(20-16),402341.2476,6961737.165,"seg2092(1937,1938)",
(20-16),402425.8952,6961754.677,"seg2093(1935,1938)",
(20-16),402443.1566,6961758.692,"seg2090(1935,1936)",
(20-16),402454.6905,6961762.218,"seg2091(1933,1936)",
(20-16),402460.3052,6961764.478,"seg2088(1933,1934)",
(20-16),402465.8167,6961767.291,"seg2089(1931,1934)",
(20-16),402476.5372,6961773.691,"seg2086(1931,1932)",
(20-16),402486.3569,6961781.524,"seg2087(1929,1932)",
(20-16),402495.4744,6961790.681,"seg2084(1929,1930)",
(20-16),402499.2386,6961795.751,"seg2085(1927,1930)",
(20-16),402505.4773,6961806.547,"seg2082(1927,1928)",
(20-16),402509.1287,6961813.389,"seg2083(1925,1928)",
(20-16),402513.6815,6961824.946,"seg2080(1925,1926)",
(20-16),402516.8403,6961837.822,"seg2081(1923,1926)",
(20-16),402518.7118,6961851.02,"seg2078(1923,1924)",
(20-16),402518.4042,6961864.866,"seg2079(1921,1924)",
(20-16),402516.3197,6961878.476,"seg2076(1921,1922)",
(20-16),402512.2,6961899.492,"seg2077(1919,1922)",
(20-16),402510.9008,6961913.772,"seg2074(1919,1920)",
(20-16),402511.2866,6961927.402,"seg2075(1917,1920)",
(20-16),402512.222,6961934.056,"seg2072(1917,1918)",
(20-16),402514.93,6961947.704,"seg2073(1915,1918)",
(20-16),402517.0004,6961954.534,"seg2070(1915,1916)",
(20-16),402527.8172,6961979.933,"seg2071(1913,1916)",
(20-16),402557.6816,6962039.606,"seg2068(1913,1914)",
(20-16),402567.5658,6962058.019,"seg2069(1911,1914)",
(20-16),402575.6778,6962069.383,"seg2066(1911,1912)",
(20-16),402590.8483,6962087.893,"seg2067(1909,1912)",
(20-16),402598.6858,6962096.486,"seg2064(1909,1910)",
(20-16),402603.5871,6962101.51,"seg2065(1910,1971)",
(20-16),402609.1818,6962106.318,"seg2126(1971,1972)",
(20-16),402620.9226,6962114.941,"seg2127(1969,1972)",
(20-16),402631.6496,6962120.566,"seg2124(1969,1970)",
(20-16),402637.3117,6962123.103,"seg2125(1967,1970)",
(20-16),402643.3233,6962125.2,"seg2122(1967,1968)",
(20-16),402653.4798,6962127.995,"seg2123(1965,1968)",
(20-16),402669.5211,6962130.171,"seg2120(1965,1966)",
(20-16),402674.9551,6962130.325,"seg2121(1963,1966)",
(20-16),402687.8065,6962129.763,"seg2118(1963,1964)",
(20-16),402693.0499,6962129.029,"seg2119(1961,1964)",
(20-16),402704.9297,6962126.353,"seg2116(1961,1962)",
(20-16),402713.5504,6962123.43,"seg2117(1959,1962)",
(20-16),402723.1707,6962119.075,"seg2114(1959,1960)",
(20-16),402736.6719,6962111.317,"seg2115(1957,1960)",
(20-16),402767.1266,6962090.398,"seg2112(1957,1958)",
(20-16),402818.1748,6962058.343,"seg2113(1955,1958)",
(20-16),402840.8248,6962043.345,"seg2110(1955,1956)",
(20-16),402857.0307,6962030.955,"seg2111(1953,1956)",
(20-16),402869.3662,6962020.639,"seg2108(1953,1954)",
(20-16),402877.331,6962013.169,"seg2109(1951,1954)",
(20-16),402885.399,6962005.146,"seg2106(1951,1952)",
(20-16),402893.3743,6961996.346,"seg2107(1949,1952)",
(20-16),402905.3451,6961982.15,"seg2104(1949,1950)",
(20-16),402913.0353,6961971.908,"seg2105(1947,1950)",
(20-16),402920.2835,6961961.33,"seg2102(1947,1948)",
(20-16),402933.3002,6961939.83,"seg2103(1945,1948)",
(20-16),402982.9391,6961848.384,"seg2100(1945,1946)",
(20-16),402990.2925,6961836.976,"seg2101(1943,1946)",
(20-16),402994.7868,6961830.974,"seg2098(1943,1944)",
(20-16),403006.8024,6961817.332,"seg2099(1941,1944)",
(20-16),403011.4816,6961812.937,"seg2096(1941,1942)",
(20-16),403023.4193,6961802.895,"seg2097(1942,2002)",
(20-16),403034.3023,6961795.005,"seg1902(751,2002)",
(21-18),399130.164,6961591.216,,
(21-18),399108.9089,6961616.356,"seg35(50,51)",
(21-18),399097.7096,6961626.345,"seg34(50,53)",
(21-18),399080.7134,6961638.281,"seg37(52,53)",
(21-18),399072.8734,6961642.315,"seg36(52,55)",
(21-18),399064.7906,6961645.849,"seg39(54,55)",
(21-18),399049.0292,6961651.813,"seg38(54,57)",
(21-18),399029.2595,6961658.519,"seg41(56,57)",
(21-18),399008.218,6961663.663,"seg40(56,59)",
(21-18),398994.8545,6961666.434,"seg43(58,59)",
(21-18),398953.844,6961672.466,"seg42(58,61)",
(21-18),398947.4678,6961672.746,"seg45(60,61)",
(21-18),398937.9854,6961672.225,"seg44(60,63)",
(21-18),398930.7327,6961670.947,"seg47(62,63)",
(21-18),398920.4291,6961668.148,"seg46(1,62)",
(21-18),398915.2564,6961666.277,"seg49(0,1)",
(21-18),398903.1517,6961660.195,"seg48(0,3)",
(21-18),398893.6161,6961654.134,"seg51(2,3)",
(21-18),398867.5876,6961634.865,"seg50(2,5)",
(21-18),398855.1691,6961624.903,"seg53(4,5)",
(21-18),398844.6796,6961614.679,"seg52(4,7)",
(21-18),398834.2025,6961602.961,"seg55(6,7)",
(21-18),398822.3823,6961586.356,"seg54(6,9)",
(21-18),398816.146,6961575.67,"seg57(8,9)",
(21-18),398809.2536,6961560.657,"seg56(8,11)",
(21-18),398804.7144,6961547.879,"seg59(10,11)",
(21-18),398802.3218,6961538.443,"seg58(10,13)",
(21-18),398800.4268,6961528.568,"seg61(12,13)",
(21-18),398798.2714,6961508.332,"seg60(12,15)",
(21-18),398797.419,6961491.873,"seg63(14,15)",
(21-18),398797.0568,6961433.93,"seg62(14,17)",
(21-17),398797.0568,6961433.93,,
(21-17),398797.419,6961491.873,"seg62(14,17)",
(21-17),398798.2714,6961508.332,"seg63(14,15)",
(21-17),398800.4268,6961528.568,"seg60(12,15)",
(21-17),398802.3218,6961538.443,"seg61(12,13)",
(21-17),398804.7144,6961547.879,"seg58(10,13)",
(21-17),398809.2536,6961560.657,"seg59(10,11)",
(21-17),398816.146,6961575.67,"seg56(8,11)",
(21-17),398822.3823,6961586.356,"seg57(8,9)",
(21-17),398834.2025,6961602.961,"seg54(6,9)",
(21-17),398844.6796,6961614.679,"seg55(6,7)",
(21-17),398855.1691,6961624.903,"seg52(4,7)",
(21-17),398867.5876,6961634.865,"seg53(4,5)",
(21-17),398893.6161,6961654.134,"seg50(2,5)",
(21-17),398903.1517,6961660.195,"seg51(2,3)",
(21-17),398915.2564,6961666.277,"seg48(0,3)",
(21-17),398920.4291,6961668.148,"seg49(0,1)",
(21-17),398930.7327,6961670.947,"seg46(1,62)",
(21-17),398937.9854,6961672.225,"seg47(62,63)",
(21-17),398947.4678,6961672.746,"seg44(60,63)",
(21-17),398953.844,6961672.466,"seg45(60,61)",
(21-17),398994.8545,6961666.434,"seg42(58,61)",
(21-17),399008.218,6961663.663,"seg43(58,59)",
(21-17),399029.2595,6961658.519,"seg40(56,59)",
(21-17),399049.0292,6961651.813,"seg41(56,57)",
(21-17),399064.7906,6961645.849,"seg38(54,57)",
(21-17),399072.8734,6961642.315,"seg39(54,55)",
(21-17),399080.7134,6961638.281,"seg36(52,55)",
(21-17),399097.7096,6961626.345,"seg37(52,53)",
(21-17),399108.9089,6961616.356,"seg34(50,53)",
(21-17),399130.164,6961591.216,"seg35(50,51)",
(22-19),398797.0568,6961433.93,,
(22-19),398798.7154,6961346.646,"seg65(17,33)",
(22-19),398797.8387,6961333.123,"seg64(32,33)",
(22-19),398797.0061,6961326.247,"seg67(32,35)",
(22-19),398795.974,6961319.592,"seg66(34,35)",
(22-19),398792.7222,6961306.492,"seg69(34,37)",
(22-19),398788.7733,6961294.052,"seg68(36,37)",
(22-19),398784.0285,6961282.269,"seg71(36,39)",
(22-19),398774.9735,6961265.909,"seg70(38,39)",
(22-19),398768.3366,6961255.884,"seg73(38,41)",
(22-19),398756.892,6961241.72,"seg72(40,41)",
(22-19),398752.6797,6961237.254,"seg75(40,43)",
(22-19),398743.1646,6961228.756,"seg74(42,43)",
(22-19),398733.0549,6961220.474,"seg77(42,45)",
(22-19),398716.1474,6961209.7,"seg76(44,45)",
(22-19),398704.0478,6961203.063,"seg79(44,47)",
(22-19),398695.0456,6961198.281,"seg78(46,47)",
(22-19),398674.5248,6961188.307,"seg33(46,49)",
(22-19),398642.3504,6961171.534,"seg32(48,49)",
(22-18),398642.3504,6961171.534,,
(22-18),398674.5248,6961188.307,"seg32(48,49)",
(22-18),398695.0456,6961198.281,"seg33(46,49)",
(22-18),398704.0478,6961203.063,"seg78(46,47)",
(22-18),398716.1474,6961209.7,"seg79(44,47)",
(22-18),398733.0549,6961220.474,"seg76(44,45)",
(22-18),398743.1646,6961228.756,"seg77(42,45)",
(22-18),398752.6797,6961237.254,"seg74(42,43)",
(22-18),398756.892,6961241.72,"seg75(40,43)",
(22-18),398768.3366,6961255.884,"seg72(40,41)",
(22-18),398774.9735,6961265.909,"seg73(38,41)",
(22-18),398784.0285,6961282.269,"seg70(38,39)",
(22-18),398788.7733,6961294.052,"seg71(36,39)",
(22-18),398792.7222,6961306.492,"seg68(36,37)",
(22-18),398795.974,6961319.592,"seg69(34,37)",
(22-18),398797.0061,6961326.247,"seg66(34,35)",
(22-18),398797.8387,6961333.123,"seg67(32,35)",
(22-18),398798.7154,6961346.646,"seg64(32,33)",
(22-18),398797.0568,6961433.93,"seg65(17,33)",
(23-17),398642.3504,6961171.534,,
(23-17),398660.3676,6961179.549,"seg2314(48,2345)",
(23-17),398691.1924,6961192.211,"seg2317(2344,2345)",
(23-17),398700.6416,6961196.721,"seg2316(2344,2347)",
(23-17),398720.4191,6961206.965,"seg2319(2346,2347)",
(23-17),398729.2662,6961212.577,"seg2318(2346,2349)",
(23-17),398737.2241,6961218.182,"seg2257(2348,2349)",
(23-17),398746.8928,6961226.017,"seg2256(2348,2351)",
(23-17),398753.5625,6961232.054,"seg2259(2350,2351)",
(23-17),398759.8846,6961238.31,"seg2258(2350,2353)",
(23-17),398767.4198,6961247.235,"seg2261(2352,2353)",
(23-17),398774.1646,6961256.154,"seg2260(2352,2355)",
(23-17),398784.1546,6961272.965,"seg2263(2354,2355)",
(23-17),398788.721,6961282.419,"seg2262(2354,2357)",
(23-17),398791.4878,6961288.424,"seg2265(2356,2357)",
(23-17),398793.992,6961296.31,"seg2264(2356,2359)",
(23-17),398796.6838,6961305.417,"seg2267(2358,2359)",
(23-17),398799.1642,6961316.184,"seg2266(2358,2361)",
(23-17),398800.7664,6961325.613,"seg2269(2360,2361)",
(23-17),398802.3924,6961344.128,"seg2268(2360,2363)",
(23-17),398802.9076,6961353.549,"seg2271(2362,2363)",
(23-17),398801.6092,6961445.101,"seg2270(2362,2365)",
(23-17),398802.1057,6961492.743,"seg2273(2364,2365)",
(23-17),398803.2048,6961515.241,"seg2272(2364,2367)",
(23-17),398805.8771,6961532.712,"seg2275(2366,2367)",
(23-17),398808.7383,6961545.254,"seg2274(2366,2369)",
(23-17),398812.4018,6961556.362,"seg2277(2368,2369)",
(23-17),398817.5384,6961568.591,"seg2276(2368,2371)",
(23-17),398823.0794,6961579.715,"seg2279(2370,2371)",
(23-17),398829.8088,6961590.517,"seg2278(2370,2373)",
(23-17),398836.94,6961600.546,"seg2281(2372,2373)",
(23-17),398841.7334,6961606.457,"seg2280(2315,2372)",
(23-17),398846.9248,6961612.039,"seg2283(2314,2315)",
(23-17),398857.6178,6961621.544,"seg2282(2314,2317)",
(23-17),398893.0172,6961648.867,"seg2285(2316,2317)",
(23-17),398907.0278,6961657.513,"seg2284(2316,2319)",
(23-17),398918.1036,6961662.534,"seg2287(2318,2319)",
(23-17),398929.6859,6961666.064,"seg2286(2318,2321)",
(23-17),398936.1005,6961667.113,"seg2481(2320,2321)",
(23-17),398950.7679,6961668.01,"seg2480(2320,2323)",
(23-17),398962.1895,6961667.051,"seg2483(2322,2323)",
(23-17),398970.1027,6961666.119,"seg2482(2322,2325)",
(23-17),398998.9496,6961661.15,"seg2485(2324,2325)",
(23-17),399013.9471,6961657.95,"seg2484(2324,2327)",
(23-17),399035.7883,6961651.704,"seg2487(2326,2327)",
(23-17),399058.7336,6961643.362,"seg2486(2326,2329)",
(23-17),399069.7387,6961638.966,"seg2489(2328,2329)",
(23-17),399083.8339,6961631.327,"seg2488(2328,2331)",
(23-17),399092.1766,6961626.244,"seg2491(2330,2331)",
(23-17),399100.8846,6961618.783,"seg2490(2330,2332)",
(23-17),399130.164,6961591.216,"seg2493(51,2332)",
(23-19),399130.164,6961591.216,,
(23-19),399100.8846,6961618.783,"seg2493(51,2332)",
(23-19),399092.1766,6961626.244,"seg2490(2330,2332)",
(23-19),399083.8339,6961631.327,"seg2491(2330,2331)",
(23-19),399069.7387,6961638.966,"seg2488(2328,2331)",
(23-19),399058.7336,6961643.362,"seg2489(2328,2329)",
(23-19),399035.7883,6961651.704,"seg2486(2326,2329)",
(23-19),399013.9471,6961657.95,"seg2487(2326,2327)",
(23-19),398998.9496,6961661.15,"seg2484(2324,2327)",
(23-19),398970.1027,6961666.119,"seg2485(2324,2325)",
(23-19),398962.1895,6961667.051,"seg2482(2322,2325)",
(23-19),398950.7679,6961668.01,"seg2483(2322,2323)",
(23-19),398936.1005,6961667.113,"seg2480(2320,2323)",
(23-19),398929.6859,6961666.064,"seg2481(2320,2321)",
(23-19),398918.1036,6961662.534,"seg2286(2318,2321)",
(23-19),398907.0278,6961657.513,"seg2287(2318,2319)",
(23-19),398893.0172,6961648.867,"seg2284(2316,2319)",
(23-19),398857.6178,6961621.544,"seg2285(2316,2317)",
(23-19),398846.9248,6961612.039,"seg2282(2314,2317)",
(23-19),398841.7334,6961606.457,"seg2283(2314,2315)",
(23-19),398836.94,6961600.546,"seg2280(2315,2372)",
(23-19),398829.8088,6961590.517,"seg2281(2372,2373)",
(23-19),398823.0794,6961579.715,"seg2278(2370,2373)",
(23-19),398817.5384,6961568.591,"seg2279(2370,2371)",
(23-19),398812.4018,6961556.362,"seg2276(2368,2371)",
(23-19),398808.7383,6961545.254,"seg2277(2368,2369)",
(23-19),398805.8771,6961532.712,"seg2274(2366,2369)",
(23-19),398803.2048,6961515.241,"seg2275(2366,2367)",
(23-19),398802.1057,6961492.743,"seg2272(2364,2367)",
(23-19),398801.6092,6961445.101,"seg2273(2364,2365)",
(23-19),398802.9076,6961353.549,"seg2270(2362,2365)",
(23-19),398802.3924,6961344.128,"seg2271(2362,2363)",
(23-19),398800.7664,6961325.613,"seg2268(2360,2363)",
(23-19),398799.1642,6961316.184,"seg2269(2360,2361)",
(23-19),398796.6838,6961305.417,"seg2266(2358,2361)",
(23-19),398793.992,6961296.31,"seg2267(2358,2359)",
(23-19),398791.4878,6961288.424,"seg2264(2356,2359)",
(23-19),398788.721,6961282.419,"seg2265(2356,2357)",
(23-19),398784.1546,6961272.965,"seg2262(2354,2357)",
(23-19),398774.1646,6961256.154,"seg2263(2354,2355)",
(23-19),398767.4198,6961247.235,"seg2260(2352,2355)",
(23-19),398759.8846,6961238.31,"seg2261(2352,2353)",
(23-19),398753.5625,6961232.054,"seg2258(2350,2353)",
(23-19),398746.8928,6961226.017,"seg2259(2350,2351)",
(23-19),398737.2241,6961218.182,"seg2256(2348,2351)",
(23-19),398729.2662,6961212.577,"seg2257(2348,2349)",
(23-19),398720.4191,6961206.965,"seg2318(2346,2349)",
(23-19),398700.6416,6961196.721,"seg2319(2346,2347)",
(23-19),398691.1924,6961192.211,"seg2316(2344,2347)",
(23-19),398660.3676,6961179.549,"seg2317(2344,2345)",
(23-19),398642.3504,6961171.534,"seg2314(48,2345)",
(24-20),398642.3504,6961171.534,,
(24-20),398611.3582,6961155.215,"seg2492(48,2333)",
(24-20),398599.0721,6961147.247,"seg2495(2333,2335)",
(24-20),398587.2828,6961138.952,"seg2494(2334,2335)",
(24-20),398576.4834,6961130.443,"seg2497(2334,2337)",
(24-20),398550.7804,6961107.852,"seg2496(2336,2337)",
(24-20),398530.6822,6961088.631,"seg2499(2336,2339)",
(24-20),398513.2596,6961074.473,"seg2498(2338,2339)",
(24-20),398500.4365,6961065.725,"seg2501(2338,2341)",
(24-20),398487.2558,6961058.415,"seg2500(2340,2341)",
(24-20),398474.2095,6961052.768,"seg2503(2340,2343)",
(24-20),398454.114,6961045.179,"seg2502(2342,2343)",
(24-20),398447.6083,6961043.242,"seg2505(2285,2342)",
(24-20),398431.5794,6961039.786,"seg2504(2284,2285)",
(24-20),398415.1961,6961037.379,"seg2507(2284,2287)",
(24-20),398408.0361,6961036.877,"seg2506(2286,2287)",
(24-20),398396.5255,6961036.726,"seg2509(2286,2289)",
(24-20),398391.0846,6961037.457,"seg2508(2288,2289)",
(24-20),398379.7166,6961037.972,"seg2511(2288,2291)",
(24-20),398367.9428,6961039.758,"seg2510(2290,2291)",
(24-20),398356.6557,6961042.434,"seg2449(2290,2293)",
(24-20),398318.1229,6961053.747,"seg2448(2292,2293)",
(24-20),398306.6401,6961056.2,"seg2451(2292,2295)",
(24-20),398284.8216,6961059.786,"seg2450(2294,2295)",
(24-20),398272.6659,6961059.962,"seg2453(2294,2297)",
(24-20),398254.793,6961058.429,"seg2452(2296,2297)",
(24-20),398236.7414,6961054.623,"seg2455(2296,2299)",
(24-20),398231.6162,6961053.03,"seg2454(2298,2299)",
(24-20),398222.9358,6961051.185,"seg2457(2298,2301)",
(24-20),398210.8763,6961045.712,"seg2456(2300,2301)",
(24-20),398159.0572,6961014.816,"seg2467(2300,2311)",
(24-20),398076.6758,6960969.542,"seg2466(2310,2311)",
(24-20),398059.351,6960961.532,"seg2512(2310,2611)",
(24-20),398041.0659,6960956.118,"seg2515(2610,2611)",
(24-20),398014.2769,6960951.408,"seg2514(2610,2613)",
(24-20),397993.5854,6960950.184,"seg2517(2612,2613)",
(24-20),397974.8102,6960950.249,"seg2516(2612,2615)",
(24-20),397958.2959,6960951.718,"seg2519(2614,2615)",
(24-20),397935.7438,6960954.411,"seg2518(2614,2617)",
(24-20),397912.9175,6960960.37,"seg2521(2616,2617)",
(24-20),397902.0118,6960964.711,"seg2520(2616,2619)",
(24-20),397887.4317,6960971.236,"seg2523(2618,2619)",
(24-20),397873.8864,6960978.103,"seg2522(2618,2621)",
(24-20),397852.4378,6960990.665,"seg2525(2620,2621)",
(24-20),397821.4262,6961012.453,"seg2524(2563,2620)",
(24-20),397803.9756,6961025.491,"seg2527(2562,2563)",
(24-20),397786.5341,6961037.421,"seg2526(2562,2565)",
(24-20),397778.4882,6961042.45,"seg2529(2564,2565)",
(24-20),397768.7122,6961047.576,"seg2528(2564,2567)",
(24-20),397758.347,6961052.253,"seg2531(2566,2567)",
(24-20),397742.0058,6961056.659,"seg2530(2566,2569)",
(24-20),397734.6367,6961057.539,"seg2533(2568,2569)",
(24-20),397729.1515,6961057.66,"seg2532(2568,2571)",
(24-20),397721.105,6961056.817,"seg2535(2570,2571)",
(24-20),397712.4708,6961055.36,"seg2534(2570,2573)",
(24-20),397696.9487,6961050.412,"seg2537(2572,2573)",
(24-20),397690.8895,6961048.256,"seg2536(2572,2575)",
(24-20),397680.8115,6961042.19,"seg2539(2574,2575)",
(24-20),397671.675,6961035.799,"seg2538(2574,2577)",
(24-20),397667.2582,6961032.217,"seg2541(2576,2577)",
(24-20),397659.324,6961023.842,"seg2540(2576,2579)",
(24-20),397652.0889,6961014.587,"seg2543(2578,2579)",
(24-20),397646.1895,6961005.121,"seg2542(2578,2581)",
(24-20),397643.126,6960999.223,"seg689(2580,2581)",
(24-20),397637.9414,6960986.994,"seg688(2580,2583)",
(24-20),397635.5087,6960976.56,"seg691(2582,2583)",
(24-20),397633.4163,6960960.866,"seg690(2582,2585)",
(24-20),397633.2478,6960951.448,"seg693(2584,2585)",
(24-20),397635.6133,6960934.407,"seg692(2584,2587)",
(24-20),397637.3624,6960926.113,"seg695(2586,2587)",
(24-20),397640.594,6960917.775,"seg694(2586,2589)",
(24-20),397647.488,6960902.766,"seg697(2588,2589)",
(24-20),397652.3914,6960895.385,"seg696(2588,2591)",
(24-20),397661.5732,6960884.493,"seg699(2590,2591)",
(24-20),397670.5328,6960876.536,"seg698(2590,2593)",
(24-20),397683.7942,6960868.172,"seg701(2592,2593)",
(24-20),397701.8537,6960859.127,"seg700(2531,2592)",
(24-20),397726.344,6960849.139,"seg703(2530,2531)",
(24-20),397751.1417,6960837.824,"seg702(2530,2533)",
(24-20),397756.9898,6960835.657,"seg705(2532,2533)",
(24-20),397764.4834,6960831.676,"seg704(2532,2535)",
(24-20),397780.0288,6960821.946,"seg707(2534,2535)",
(24-20),397796.6827,6960809.621,"seg706(2534,2537)",
(24-20),397862.2189,6960753.445,"seg709(2536,2537)",
(24-20),397868.0937,6960748.066,"seg708(2536,2539)",
(24-20),397886.6016,6960732.599,"seg711(2538,2539)",
(24-20),397892.3789,6960727.052,"seg710(2538,2541)",
(24-20),397913.3328,6960708.56,"seg713(2540,2541)",
(24-20),397923.3097,6960697.066,"seg712(2540,2543)",
(24-20),397928.1594,6960690.182,"seg715(2542,2543)",
(24-20),397933.0265,6960681.193,"seg714(2542,2545)",
(24-20),397936.3489,6960673.798,"seg717(2544,2545)",
(24-20),397940.2515,6960661.977,"seg716(2544,2547)",
(24-20),397942.1623,6960652.022,"seg719(2546,2547)",
(24-20),397942.9226,6960643.775,"seg718(2546,2549)",
(24-20),397943.1629,6960632.699,"seg657(2548,2549)",
(24-20),397941.8303,6960620.667,"seg656(2548,2551)",
(24-20),397939.5442,6960610.401,"seg659(2550,2551)",
(24-20),397932.9281,6960592.066,"seg658(2550,2553)",
(24-20),397928.8862,6960584.998,"seg661(2552,2553)",
(24-20),397923.2709,6960577.03,"seg660(2552,2555)",
(24-20),397917.4967,6960570.335,"seg663(2554,2555)",
(24-20),397904.8962,6960558.708,"seg662(2554,2557)",
(24-20),397897.58,6960553.274,"seg665(2556,2557)",
(24-20),397886.1329,6960545.535,"seg664(2556,2559)",
(24-20),397865.0191,6960529.849,"seg667(2558,2559)",
(24-20),397851.3775,6960518.657,"seg666(2558,2561)",
(24-20),397843.4329,6960511.556,"seg669(2560,2561)",
(24-20),397836.1809,6960504.35,"seg668(2499,2560)",
(24-20),397829.332,6960496.206,"seg671(2498,2499)",
(24-20),397818.9875,6960480.665,"seg670(2498,2501)",
(24-20),397813.4456,6960469.818,"seg673(2500,2501)",
(24-20),397809.0396,6960459.035,"seg672(2500,2503)",
(24-20),397805.0463,6960446.15,"seg675(2502,2503)",
(24-20),397801.2861,6960423.076,"seg674(2502,2505)",
(24-20),397800.5842,6960406.508,"seg677(2504,2505)",
(24-20),397799.7021,6960358.198,"seg676(2504,2507)",
(24-20),397796.4036,6960321.224,"seg679(2506,2507)",
(24-20),397793.8121,6960306.136,"seg678(2506,2509)",
(24-20),397789.654,6960271.536,"seg681(2508,2509)",
(24-20),397785.9271,6960250.4,"seg680(2508,2511)",
(24-20),397781.5161,6960234.3,"seg683(2510,2511)",
(24-20),397778.1798,6960225.576,"seg682(2510,2513)",
(24-20),397773.1265,6960215.397,"seg685(2512,2513)",
(24-20),397758.8155,6960195.668,"seg684(2512,2515)",
(24-20),397750.0019,6960186.178,"seg687(2514,2515)",
(24-20),397725.0061,6960162.151,"seg686(2514,2517)",
(24-20),397708.9952,6960144.846,"seg625(2516,2517)",
(24-20),397704.1014,6960139.266,"seg624(2516,2519)",
(24-20),397694.6193,6960127,"seg627(2518,2519)",
(24-20),397686.3321,6960113.637,"seg626(2518,2521)",
(24-20),397675.3459,6960092.164,"seg629(2520,2521)",
(24-20),397664.5306,6960067.978,"seg628(2520,2523)",
(24-20),397638.2845,6960004.39,"seg631(2522,2523)",
(24-20),397632.0972,6959988.053,"seg630(2522,2525)",
(24-20),397629.5987,6959979.612,"seg633(2524,2525)",
(24-20),397625.79,6959962.409,"seg632(2524,2527)",
(24-20),397624.4807,6959953.535,"seg635(2526,2527)",
(24-20),397624.0016,6959945.832,"seg634(2526,2529)",
(24-20),397623.9459,6959934.753,"seg637(2528,2529)",
(24-20),397624.463,6959926.06,"seg636(2528,2717)",
(24-20),397626.8917,6959907.358,"seg639(2716,2717)",
(24-20),397634.3107,6959882.66,"seg638(2716,2719)",
(24-20),397640.1053,6959869.081,"seg641(2718,2719)",
(24-20),397644.3261,6959860.586,"seg640(2718,2721)",
(24-20),397657.533,6959840.866,"seg643(2720,2721)",
(24-20),397663.172,6959834.1,"seg642(2720,2723)",
(24-20),397680.0057,6959817.844,"seg645(2722,2723)",
(24-20),397716.1357,6959786.239,"seg644(2722,2725)",
(24-20),397727.2953,6959775.032,"seg647(2724,2725)",
(24-20),397736.6816,6959763.201,"seg646(2724,2727)",
(24-20),397741.8875,6959755.046,"seg649(2726,2727)",
(24-20),397748.7997,6959743.693,"seg648(2726,2729)",
(24-20),397754.879,6959731.502,"seg651(2728,2729)",
(24-20),397759.203,6959716.527,"seg650(2728,2731)",
(24-20),397761.1601,6959701.033,"seg653(2730,2731)",
(24-20),397761.594,6959690.457,"seg652(2730,2733)",
(24-20),397758.8725,6959673.207,"seg655(2732,2733)",
(24-20),397755.0315,6959659.881,"seg654(2732,2735)",
(24-20),397750.6193,6959649.873,"seg593(2734,2735)",
(24-20),397746.2833,6959642.581,"seg592(2734,2737)",
(24-20),397741.2562,6959635.227,"seg595(2736,2737)",
(24-20),397727.8494,6959619.716,"seg594(2736,2739)",
(24-20),397690.8793,6959586.283,"seg597(2738,2739)",
(24-20),397502.7179,6959419.587,"seg596(2738,2741)",
(24-20),397496.3,6959413.163,"seg599(2740,2741)",
(24-20),397484.7735,6959403.262,"seg598(2740,2743)",
(24-20),397468.0157,6959386.837,"seg601(2742,2743)",
(24-20),397457.4384,6959375.67,"seg600(2742,2745)",
(24-20),397447.0653,6959363.729,"seg603(2744,2745)",
(24-20),397436.8473,6959350.959,"seg602(2744,2747)",
(24-20),397413.2474,6959319.797,"seg605(2746,2747)",
(24-20),397408.4164,6959312.666,"seg604(2685,2746)",
(24-20),397400.1822,6959298.971,"seg607(2684,2685)",
(24-20),397392.0005,6959279.016,"seg606(2684,2687)",
(24-20),397390.3835,6959271.525,"seg609(2686,2687)",
(24-20),397389.2601,6959264.093,"seg608(2686,2689)",
(24-20),397388.9806,6959256.169,"seg611(2688,2689)",
(24-20),397389.2044,6959247.142,"seg610(2688,2691)",
(24-20),397391.4121,6959231.263,"seg613(2690,2691)",
(24-20),397393.8559,6959222.587,"seg612(2690,2693)",
(24-20),397400.4151,6959206.19,"seg615(2692,2693)",
(24-20),397409.3712,6959192.638,"seg614(2692,2695)",
(24-20),397419.8889,6959181.371,"seg617(2694,2695)",
(24-20),397428.7967,6959173.58,"seg616(2694,2697)",
(24-20),397437.8434,6959166.897,"seg619(2696,2697)",
(24-20),397445.886,6959162.145,"seg618(2696,2699)",
(24-20),397459.9628,6959156.502,"seg621(2698,2699)",
(24-20),397474.7565,6959153.746,"seg620(2698,2701)",
(24-20),397483.0616,6959153.04,"seg623(2700,2701)",
(24-20),397499.1663,6959153.008,"seg622(2700,2703)",
(24-20),397508.1966,6959154.191,"seg817(2702,2703)",
(24-20),397515.6397,6959156.137,"seg816(2702,2705)",
(24-20),397537.7088,6959163.578,"seg819(2704,2705)",
(24-20),397604.0841,6959189.447,"seg818(2704,2707)",
(24-20),397612.3624,6959191.953,"seg821(2706,2707)",
(24-20),397626.1713,6959194.727,"seg820(2706,2709)",
(24-20),397635.0535,6959195.909,"seg823(2708,2709)",
(24-20),397657.6264,6959196.264,"seg822(2708,2711)",
(24-20),397723.0757,6959191.049,"seg825(2710,2711)",
(24-20),397757.6839,6959187.682,"seg824(2710,2713)",
(24-20),397775.6486,6959183.788,"seg827(2712,2713)",
(24-20),397784.7159,6959180.54,"seg826(2712,2715)",
(24-20),397800.4472,6959171.974,"seg829(2714,2715)",
(24-20),397814.2214,6959161.122,"seg828(2655,2714)",
(24-20),397825.9958,6959147.205,"seg831(2654,2655)",
(24-20),397831.1967,6959139.605,"seg830(2654,2657)",
(24-20),397835.6595,6959131.665,"seg833(2656,2657)",
(24-20),397841.3705,6959116.203,"seg832(2656,2659)",
(24-20),397846.6341,6959089.215,"seg835(2658,2659)",
(24-20),397852.904,6959042.239,"seg834(2658,2661)",
(24-20),397856.0275,6959023.099,"seg837(2660,2661)",
(24-20),397875.8549,6958890.433,"seg836(2660,2663)",
(24-20),397878.1514,6958869.736,"seg839(2662,2663)",
(24-20),397878.6306,6958859.658,"seg838(2662,2665)",
(24-20),397877.9505,6958840.487,"seg841(2664,2665)",
(24-20),397875.3938,6958821.244,"seg840(2664,2667)",
(24-20),397873.4965,6958811.812,"seg843(2666,2667)",
(24-20),397871.3036,6958802.266,"seg842(2666,2669)",
(24-20),397865.8221,6958784.273,"seg845(2668,2669)",
(24-20),397862.6331,6958775.716,"seg844(2668,2671)",
(24-20),397858.9464,6958767.598,"seg847(2670,2671)",
(24-20),397850.2741,6958753.124,"seg846(2670,2673)",
(24-20),397845.3882,6958746.657,"seg785(2672,2673)",
(24-20),397829.6492,6958732.512,"seg784(2672,2675)",
(24-20),397822.0899,6958726.743,"seg787(2674,2675)",
(24-20),397805.0902,6958715.689,"seg786(2674,2676)",
(24-20),397791.9397,6958711.038,"seg789(2482,2676)",
(24-20),397775.2641,6958702.59,"seg2385(2481,2482)",
(24-20),397758.2696,6958690.926,"seg2384(2481,2484)",
(24-20),397745.0905,6958677.855,"seg2387(2483,2484)",
(24-20),397732.5541,6958658.806,"seg2386(2483,2485)",
(24-20),397727.9296,6958644.697,"seg2390(2485,2489)",
(24-20),397724.0174,6958628.102,"seg2393(2488,2489)",
(24-20),397723.8135,6958617.022,"seg2392(2488,2491)",
(24-20),397724.379,6958608.441,"seg2395(2490,2491)",
(24-20),397725.9477,6958598.04,"seg2394(2490,2493)",
(24-20),397727.991,6958589.97,"seg2397(2492,2493)",
(24-20),397731.0286,6958581.133,"seg2396(2492,2495)",
(24-20),397734.7563,6958572.467,"seg2399(2494,2495)",
(24-20),397741.9241,6958560.008,"seg2398(2494,2497)",
(24-20),397747.9655,6958552.304,"seg2401(2496,2497)",
(24-20),397755.0413,6958544.94,"seg2400(2438,2496)",
(24-20),397763.8917,6958538.034,"seg2403(2437,2438)",
(24-20),397776.5588,6958529.554,"seg2402(2437,2440)",
(24-20),397791.8779,6958522.924,"seg2405(2439,2440)",
(24-20),397798.0692,6958520.926,"seg2404(2439,2442)",
(24-20),397808.2652,6958518.518,"seg2407(2441,2442)",
(24-20),397822.0083,6958517.248,"seg2406(2441,2444)",
(24-20),397839.0391,6958518.609,"seg2409(2443,2444)",
(24-20),397852.6972,6958521.603,"seg2408(2443,2446)",
(24-20),397865.2105,6958525.64,"seg2411(2445,2446)",
(24-20),397877.2595,6958532.055,"seg2410(2445,2448)",
(24-20),397890.0267,6958541.191,"seg2413(2447,2448)",
(24-20),397913.3866,6958559.609,"seg2412(2447,2450)",
(24-20),397923.6477,6958567.173,"seg2415(2449,2450)",
(24-20),397937.8599,6958574.824,"seg2414(2449,2452)",
(24-20),397948.2009,6958578.733,"seg2609(2451,2452)",
(24-20),397981.2051,6958589.809,"seg2608(2451,2454)",
(24-20),397998.5526,6958594.662,"seg2611(2453,2454)",
(24-20),398011.705,6958599.092,"seg2610(2453,2456)",
(24-20),398032.8445,6958605.361,"seg2613(2455,2456)",
(24-20),398044.6276,6958608.117,"seg2612(2455,2458)",
(24-20),398056.0326,6958608.822,"seg2615(2457,2458)",
(24-20),398065.22,6958608.898,"seg2614(2457,2460)",
(24-20),398074.8089,6958608.202,"seg2617(2459,2460)",
(24-20),398085.9891,6958606.246,"seg2616(2459,2462)",
(24-20),398096.1347,6958603.948,"seg2619(2461,2462)",
(24-20),398105.6461,6958600.704,"seg2618(2461,2464)",
(24-20),398118.2419,6958594.826,"seg2621(2463,2464)",
(24-20),398127.2777,6958589.362,"seg2620(2463,2466)",
(24-20),398144.485,6958575.435,"seg2623(2465,2466)",
(24-20),398151.0137,6958568.51,"seg2622(2465,2468)",
(24-20),398157.0003,6958561.414,"seg2625(2467,2468)",
(24-20),398163.3512,6958552.105,"seg2624(2407,2467)",
(24-20),398167.1663,6958544.77,"seg2627(2406,2407)",
(24-20),398170.8831,6958537.378,"seg2626(2406,2409)",
(24-20),398175.638,6958523.957,"seg2629(2408,2409)",
(24-20),398180.3437,6958504.554,"seg2628(2408,2411)",
(24-20),398182.6846,6958490.337,"seg2631(2410,2411)",
(24-20),398185.0423,6958480.054,"seg2630(2410,2413)",
(24-20),398190.5587,6958464.146,"seg2633(2412,2413)",
(24-20),398194.8853,6958454.71,"seg2632(2412,2415)",
(24-20),398206.717,6958433.759,"seg2635(2414,2415)",
(24-20),398212.4906,6958422.563,"seg2634(2414,2417)",
(24-20),398216.7691,6958412.96,"seg2637(2416,2417)",
(24-20),398221.1392,6958398.262,"seg2636(2416,2418)",
(24-20),398223.039,6958389.581,"seg2639(2303,2418)",
(24-20),398224.6373,6958381.507,"seg2459(2302,2303)",
(24-20),398226.0342,6958367.947,"seg2458(2302,2305)",
(24-20),398226.2578,6958358.865,"seg2461(2304,2305)",
(24-20),398225.8887,6958349.777,"seg2460(2304,2307)",
(24-20),398224.5446,6958339.131,"seg2463(2306,2307)",
(24-20),398222.9269,6958331.695,"seg2462(2306,2309)",
(24-20),398220.1837,6958322.975,"seg2465(2308,2309)",
(24-20),398215.7351,6958311.417,"seg2464(2252,2308)",
(24-20),398210.3422,6958300.571,"seg2471(2252,2255)",
(24-20),398205.711,6958293.165,"seg2470(2254,2255)",
(24-20),398198.2358,6958283.243,"seg2473(2254,2257)",
(24-20),398182.4784,6958265.386,"seg2472(2256,2257)",
(24-20),398175.4691,6958258.847,"seg2475(2256,2259)",
(24-20),398167.2775,6958251.911,"seg2474(2258,2259)",
(24-20),398161.3826,6958247.984,"seg2477(2258,2261)",
(24-20),398150.1227,6958241.742,"seg2476(2260,2261)",
(24-20),398126.8418,6958231.689,"seg2479(2260,2263)",
(24-20),398116.887,6958228.892,"seg2478(2262,2263)",
(24-20),398079.4883,6958223.651,"seg2417(2262,2265)",
(24-20),398064.2014,6958220.532,"seg2416(2264,2265)",
(24-20),398049.4213,6958215.867,"seg2419(2264,2267)",
(24-20),398039.6733,6958211.964,"seg2418(2266,2267)",
(24-20),398032.6872,6958208.583,"seg2421(2266,2269)",
(24-20),398011.8978,6958195.946,"seg2420(2268,2269)",
(24-20),397971.8312,6958167.03,"seg2423(2268,2271)",
(24-20),397955.0445,6958154.206,"seg2422(2270,2271)",
(24-20),397930.7895,6958136.61,"seg2425(2270,2273)",
(24-20),397919.8501,6958127.49,"seg2424(2272,2273)",
(24-20),397901.6621,6958110.943,"seg2427(2272,2275)",
(24-20),397895.9843,6958104.691,"seg2426(2274,2275)",
(24-20),397890.7053,6958098,"seg2429(2274,2277)",
(24-20),397882.3395,6958082.365,"seg2428(2276,2277)",
(24-20),397878.9457,6958074.693,"seg2431(2276,2279)",
(24-20),397876.1465,6958066.804,"seg2430(2278,2279)",
(24-20),397872.3262,6958051.04,"seg2433(2278,2281)",
(24-20),397871.2072,6958043.055,"seg2432(2280,2281)",
(24-20),397870.6791,6958035.295,"seg2435(2280,2283)",
(24-20),397870.5148,6958019.452,"seg2434(2282,2283)",
(24-20),397870.8093,6957995.968,"seg2437(2282,2470)",
(24-20),397870.5775,6957988.211,"seg2436(2469,2470)",
(24-20),397869.3829,6957977.454,"seg2439(2469,2472)",
(24-20),397867.5918,6957967.137,"seg2438(2471,2472)",
(24-20),397865.2995,6957957.701,"seg2441(2471,2474)",
(24-20),397860.4794,6957943.369,"seg2440(2473,2474)",
(24-20),397853.3919,6957928.465,"seg2443(2473,2476)",
(24-20),397845.0111,6957914.658,"seg2442(2475,2476)",
(24-20),397836.2166,6957903.063,"seg2445(2475,2478)",
(24-20),397824.7597,6957890.892,"seg2444(2477,2478)",
(24-20),397797.4938,6957867.178,"seg2447(2477,2480)",
(24-20),397778.5909,6957853.504,"seg2446(2479,2480)",
(24-20),397763.1185,6957843.072,"seg2389(2479,2487)",
(24-20),397749.8375,6957830.498,"seg2388(2486,2487)",
(24-20),397741.6322,6957819.351,"seg2391(2420,2486)",
(24-20),397736.7591,6957811.389,"seg2638(2419,2420)",
(24-20),397729.2181,6957797.589,"seg2577(2419,2422)",
(24-20),397724.6558,6957787.913,"seg2576(2421,2422)",
(24-20),397717.0586,6957769.016,"seg2579(2421,2424)",
(24-20),397712.8318,6957760.561,"seg2578(2423,2424)",
(24-20),397701.4781,6957741.965,"seg2566(2423,2601)",
(24-20),397691.9012,6957723.55,"seg2569(2601,2603)",
(24-20),397684.9018,6957704.049,"seg2568(2602,2603)",
(24-20),397681.4553,6957690.892,"seg2571(2602,2605)",
(24-20),397678.5068,6957677.241,"seg2570(2604,2605)",
(24-20),397677.8714,6957664.606,"seg2573(2604,2607)",
(24-20),397678.2654,6957652.921,"seg2572(2606,2607)",
(24-20),397679.6771,6957643.572,"seg2575(2606,2609)",
(24-20),397683.2625,6957628.258,"seg2574(2608,2609)",
(24-20),397689.4324,6957611.027,"seg2513(2426,2608)",
(24-20),397697.2756,6957594.53,"seg2581(2425,2426)",
(24-20),397705.4889,6957581.027,"seg2580(2425,2428)",
(24-20),397715.4658,6957569.257,"seg2583(2427,2428)",
(24-20),397726.1153,6957559.763,"seg2582(2427,2430)",
(24-20),397739.8339,6957549.463,"seg2585(2429,2430)",
(24-20),397755.06,6957542.001,"seg2584(2429,2432)",
(24-20),397767.1518,6957537.228,"seg2587(2431,2432)",
(24-20),397791.0488,6957532.442,"seg2586(2431,2434)",
(24-20),397835.7556,6957525.835,"seg2589(2433,2434)",
(24-20),397859.946,6957521.384,"seg2588(2433,2436)",
(24-20),397885.2397,6957514.948,"seg2591(2435,2436)",
(24-20),397902.576,6957509.11,"seg2590(2375,2435)",
(24-20),397913.2821,6957504.657,"seg2593(2374,2375)",
(24-20),397930.2394,6957496.877,"seg2592(2374,2377)",
(24-20),397942.1428,6957490.993,"seg2595(2376,2377)",
(24-20),397999.895,6957459.956,"seg2594(2376,2379)",
(24-20),398032.1979,6957442.167,"seg2597(2378,2379)",
(24-20),398049.4749,6957431.564,"seg2596(2378,2381)",
(24-20),398055.9874,6957426.522,"seg2599(2380,2381)",
(24-20),398062.7089,6957420.097,"seg2598(2380,2383)",
(24-20),398070.4407,6957410.967,"seg2601(2382,2383)",
(24-20),398075.2434,6957403.639,"seg2600(2382,2385)",
(24-20),398079.5531,6957396.197,"seg2603(2384,2385)",
(24-20),398082.8252,6957388.802,"seg2602(2384,2387)",
(24-20),398086.1572,6957380.133,"seg2605(2386,2387)",
(24-20),398088.5051,6957371.013,"seg2604(2386,2389)",
(24-20),398090.2991,6957357.235,"seg2607(2388,2389)",
(24-20),398089.9743,6957342.83,"seg2606(2388,2391)",
(24-20),398088.5312,6957332.238,"seg2545(2390,2391)",
(24-20),398084.1723,6957315.916,"seg2544(2390,2393)",
(24-20),398080.299,6957306.523,"seg2547(2392,2393)",
(24-20),398075.431,6957297.952,"seg2546(2392,2395)",
(24-20),398068.1966,6957288.863,"seg2549(2394,2395)",
(24-20),398058.062,6957278.087,"seg2548(2394,2397)",
(24-20),398023.2355,6957248.994,"seg2551(2396,2397)",
(24-20),398012.645,6957239.599,"seg2550(2396,2399)",
(24-20),397949.3619,6957187.613,"seg2553(2398,2399)",
(24-20),397940.0934,6957179.614,"seg2552(2398,2401)",
(24-20),397931.2847,6957169.792,"seg2555(2400,2401)",
(24-20),397924.4967,6957160.485,"seg2554(2400,2403)",
(24-20),397918.8507,6957150.467,"seg2557(2402,2403)",
(24-20),397915.0358,6957140.021,"seg2556(2402,2405)",
(24-20),397909.8122,6957120.812,"seg2559(2404,2405)",
(24-20),397909.4406,6957112.057,"seg2558(2404,2595)",
(24-20),397909.8984,6957098.6,"seg2561(2594,2595)",
(24-20),397910.6997,6957091.351,"seg2560(2594,2597)",
(24-20),397915.2504,6957072.777,"seg2563(2596,2597)",
(24-20),397918.9664,6957059.513,"seg2562(2596,2599)",
(24-20),397920.9221,6957050.057,"seg2565(2598,2599)",
(24-20),397922.1503,6957038.989,"seg2564(2598,2600)",
(24-20),397922.0206,6957024.918,"seg2567(2313,2600)",
(24-20),397919.4944,6956960.586,"seg2469(2312,2313)",
(24-20),397911.7289,6956902.636,"seg2468(2253,2312)",
(24-20),397910.1716,6956888,"seg788(2253,2677)",
(24-20),397906.2165,6956841.049,"seg791(2677,2679)",
(24-20),397902.884,6956826.065,"seg790(2678,2679)",
(24-20),397901.443,6956821.179,"seg793(2678,2681)",
(24-20),397899.7066,6956816.179,"seg792(2680,2681)",
(24-20),397895.6366,6956806.728,"seg795(2680,2683)",
(24-20),397888.1491,6956792.485,"seg794(2682,2683)",
(24-20),397876.4625,6956772.447,"seg797(2623,2682)",
(24-20),397862.114,6956751.776,"seg796(2622,2623)",
(24-20),397836.8291,6956721.82,"seg799(2622,2625)",
(24-20),397819.1977,6956703.947,"seg798(2624,2625)",
(24-20),397797.1492,6956682.714,"seg801(2624,2627)",
(24-20),397789.3213,6956673.786,"seg800(2626,2627)",
(24-20),397782.8818,6956664.204,"seg803(2626,2629)",
(24-20),397779.9602,6956659.195,"seg802(2628,2629)",
(24-20),397774.9137,6956648.406,"seg805(2628,2631)",
(24-20),397771.0206,6956635.523,"seg804(2630,2631)",
(24-20),397768.6483,6956623.87,"seg807(2630,2633)",
(24-20),397766.8292,6956599.205,"seg806(2632,2633)",
(24-20),397765.7013,6956592.327,"seg809(2632,2635)",
(24-20),397762.4539,6956579.006,"seg808(2634,2635)",
(24-20),397757.2266,6956566.222,"seg811(2634,2637)",
(24-20),397750.4105,6956554.422,"seg810(2636,2637)",
(24-20),397738.5724,6956540.752,"seg813(2636,2639)",
(24-20),397733.7695,6956536.28,"seg812(2638,2639)",
(24-20),397723.1687,6956528.215,"seg815(2638,2641)",
(24-20),397717.7659,6956524.625,"seg814(2640,2641)",
(24-20),397701.3855,6956516.678,"seg753(2640,2643)",
(24-20),397695.2774,6956514.744,"seg752(2642,2643)",
(24-20),397682.9513,6956512.203,"seg755(2642,2645)",
(24-20),397676.9308,6956511.599,"seg754(2644,2645)",
(24-20),397660.0482,6956510.572,"seg757(2644,2647)",
(24-20),397653.2787,6956510.958,"seg756(2646,2647)",
(24-20),397642.8896,6956513.032,"seg759(2646,2649)",
(24-20),397637.542,6956514.649,"seg758(2648,2649)",
(24-20),397621.8343,6956520.777,"seg761(2648,2651)",
(24-20),397611.6597,6956526.73,"seg760(2650,2651)",
(24-20),397602.3704,6956533.133,"seg763(2650,2653)",
(24-20),397597.3915,6956537.911,"seg762(2652,2653)",
(24-20),397589.5162,6956546.486,"seg765(915,2652)",
(24-20),397575.7581,6956567.531,"seg764(914,915)",
(24-20),397566.7255,6956584.572,"seg767(914,917)",
(24-20),397545.1855,6956620.729,"seg766(916,917)",
(24-20),397536.3791,6956634.338,"seg769(916,919)",
(24-20),397526.7064,6956645.225,"seg768(918,919)",
(24-20),397519.042,6956652.195,"seg771(918,921)",
(24-20),397507.9192,6956659.303,"seg770(920,921)",
(24-20),397495.6604,6956666.402,"seg773(920,923)",
(24-20),397482.0914,6956670.72,"seg772(922,923)",
(24-20),397470.4176,6956672.838,"seg775(922,925)",
(24-20),397462.212,6956673.655,"seg774(924,925)",
(24-20),397451.8408,6956673.569,"seg777(924,927)",
(24-20),397446.0178,6956672.966,"seg776(926,927)",
(24-20),397430.7801,6956670.124,"seg779(926,929)",
(24-20),397422.5026,6956667.728,"seg778(928,929)",
(24-20),397409.8077,6956662.027,"seg781(928,931)",
(24-20),397401.2562,6956656.97,"seg780(930,931)",
(24-20),397392.618,6956650.472,"seg783(930,933)",
(24-20),397388.3035,6956646.67,"seg782(932,933)",
(24-20),397375.7673,6956633.824,"seg721(932,935)",
(24-20),397370.5806,6956628.02,"seg720(934,935)",
(24-20),397333.6979,6956585.391,"seg723(934,937)",
(24-20),397305.6139,6956553.692,"seg722(936,937)",
(24-20),397293.855,6956542.404,"seg725(936,939)",
(24-20),397280.8998,6956532.436,"seg724(938,939)",
(24-20),397274.4179,6956527.95,"seg727(938,941)",
(24-20),397260.4583,6956519.967,"seg726(940,941)",
(24-20),397248.6069,6956513.83,"seg729(940,943)",
(24-20),397234.5224,6956508.948,"seg728(942,943)",
(24-20),397227.5254,6956507.006,"seg731(942,945)",
(24-20),397182.0622,6956498.205,"seg730(944,945)",
(24-20),397171.1218,6956495.343,"seg733(884,944)",
(24-20),397160.8774,6956491.934,"seg732(883,884)",
(24-20),397152.0223,6956487.76,"seg735(883,886)",
(24-20),397147.9922,6956485.4,"seg734(885,886)",
(24-20),397139.7391,6956480.124,"seg737(885,888)",
(24-20),397130.5644,6956472.846,"seg736(887,888)",
(24-20),397123.3139,6956465.805,"seg739(887,890)",
(24-20),397117.354,6956458,"seg738(889,890)",
(24-20),397106.7848,6956440.352,"seg741(889,892)",
(24-20),397102.8105,6956431.345,"seg740(891,892)",
(24-20),397099.9255,6956422.015,"seg743(891,894)",
(24-20),397098.4206,6956413.028,"seg742(893,894)",
(24-20),397097.0148,6956398.116,"seg745(893,896)",
(24-20),397096.9983,6956382.439,"seg744(895,896)",
(24-20),397096.6461,6956377.34,"seg747(895,898)",
(24-20),397096.0976,6956372.073,"seg746(897,898)",
(24-20),397093.4605,6956356.763,"seg749(897,900)",
(24-20),397090.5825,6956346.602,"seg748(899,900)",
(24-20),397086.3176,6956336.928,"seg751(899,902)",
(24-20),397083.8884,6956332.143,"seg750(901,902)",
(24-20),397078.2341,6956323.233,"seg945(901,904)",
(24-20),397072.6167,6956315.819,"seg944(903,904)",
(24-20),397065.2732,6956308.113,"seg947(903,906)",
(24-20),397057.4269,6956301.455,"seg946(905,906)",
(24-20),397051.3903,6956296.917,"seg949(905,908)",
(24-20),397044.8076,6956292.708,"seg948(907,908)",
(24-20),397039.398,6956289.948,"seg951(907,910)",
(24-20),397024.1352,6956284.28,"seg950(909,910)",
(24-20),397014.6677,6956282.484,"seg953(909,912)",
(24-20),396992.8567,6956280.251,"seg952(911,912)",
(24-19),396992.8567,6956280.251,,
(24-19),397014.6677,6956282.484,"seg952(911,912)",
(24-19),397024.1352,6956284.28,"seg953(909,912)",
(24-19),397039.398,6956289.948,"seg950(909,910)",
(24-19),397044.8076,6956292.708,"seg951(907,910)",
(24-19),397051.3903,6956296.917,"seg948(907,908)",
(24-19),397057.4269,6956301.455,"seg949(905,908)",
(24-19),397065.2732,6956308.113,"seg946(905,906)",
(24-19),397072.6167,6956315.819,"seg947(903,906)",
(24-19),397078.2341,6956323.233,"seg944(903,904)",
(24-19),397083.8884,6956332.143,"seg945(901,904)",
(24-19),397086.3176,6956336.928,"seg750(901,902)",
(24-19),397090.5825,6956346.602,"seg751(899,902)",
(24-19),397093.4605,6956356.763,"seg748(899,900)",
(24-19),397096.0976,6956372.073,"seg749(897,900)",
(24-19),397096.6461,6956377.34,"seg746(897,898)",
(24-19),397096.9983,6956382.439,"seg747(895,898)",
(24-19),397097.0148,6956398.116,"seg744(895,896)",
(24-19),397098.4206,6956413.028,"seg745(893,896)",
(24-19),397099.9255,6956422.015,"seg742(893,894)",
(24-19),397102.8105,6956431.345,"seg743(891,894)",
(24-19),397106.7848,6956440.352,"seg740(891,892)",
(24-19),397117.354,6956458,"seg741(889,892)",
(24-19),397123.3139,6956465.805,"seg738(889,890)",
(24-19),397130.5644,6956472.846,"seg739(887,890)",
(24-19),397139.7391,6956480.124,"seg736(887,888)",
(24-19),397147.9922,6956485.4,"seg737(885,888)",
(24-19),397152.0223,6956487.76,"seg734(885,886)",
(24-19),397160.8774,6956491.934,"seg735(883,886)",
(24-19),397171.1218,6956495.343,"seg732(883,884)",
(24-19),397182.0622,6956498.205,"seg733(884,944)",
(24-19),397227.5254,6956507.006,"seg730(944,945)",
(24-19),397234.5224,6956508.948,"seg731(942,945)",
(24-19),397248.6069,6956513.83,"seg728(942,943)",
(24-19),397260.4583,6956519.967,"seg729(940,943)",
(24-19),397274.4179,6956527.95,"seg726(940,941)",
(24-19),397280.8998,6956532.436,"seg727(938,941)",
(24-19),397293.855,6956542.404,"seg724(938,939)",
(24-19),397305.6139,6956553.692,"seg725(936,939)",
(24-19),397333.6979,6956585.391,"seg722(936,937)",
(24-19),397370.5806,6956628.02,"seg723(934,937)",
(24-19),397375.7673,6956633.824,"seg720(934,935)",
(24-19),397388.3035,6956646.67,"seg721(932,935)",
(24-19),397392.618,6956650.472,"seg782(932,933)",
(24-19),397401.2562,6956656.97,"seg783(930,933)",
(24-19),397409.8077,6956662.027,"seg780(930,931)",
(24-19),397422.5026,6956667.728,"seg781(928,931)",
(24-19),397430.7801,6956670.124,"seg778(928,929)",
(24-19),397446.0178,6956672.966,"seg779(926,929)",
(24-19),397451.8408,6956673.569,"seg776(926,927)",
(24-19),397462.212,6956673.655,"seg777(924,927)",
(24-19),397470.4176,6956672.838,"seg774(924,925)",
(24-19),397482.0914,6956670.72,"seg775(922,925)",
(24-19),397495.6604,6956666.402,"seg772(922,923)",
(24-19),397507.9192,6956659.303,"seg773(920,923)",
(24-19),397519.042,6956652.195,"seg770(920,921)",
(24-19),397526.7064,6956645.225,"seg771(918,921)",
(24-19),397536.3791,6956634.338,"seg768(918,919)",
(24-19),397545.1855,6956620.729,"seg769(916,919)",
(24-19),397566.7255,6956584.572,"seg766(916,917)",
(24-19),397575.7581,6956567.531,"seg767(914,917)",
(24-19),397589.5162,6956546.486,"seg764(914,915)",
(24-19),397597.3915,6956537.911,"seg765(915,2652)",
(24-19),397602.3704,6956533.133,"seg762(2652,2653)",
(24-19),397611.6597,6956526.73,"seg763(2650,2653)",
(24-19),397621.8343,6956520.777,"seg760(2650,2651)",
(24-19),397637.542,6956514.649,"seg761(2648,2651)",
(24-19),397642.8896,6956513.032,"seg758(2648,2649)",
(24-19),397653.2787,6956510.958,"seg759(2646,2649)",
(24-19),397660.0482,6956510.572,"seg756(2646,2647)",
(24-19),397676.9308,6956511.599,"seg757(2644,2647)",
(24-19),397682.9513,6956512.203,"seg754(2644,2645)",
(24-19),397695.2774,6956514.744,"seg755(2642,2645)",
(24-19),397701.3855,6956516.678,"seg752(2642,2643)",
(24-19),397717.7659,6956524.625,"seg753(2640,2643)",
(24-19),397723.1687,6956528.215,"seg814(2640,2641)",
(24-19),397733.7695,6956536.28,"seg815(2638,2641)",
(24-19),397738.5724,6956540.752,"seg812(2638,2639)",
(24-19),397750.4105,6956554.422,"seg813(2636,2639)",
(24-19),397757.2266,6956566.222,"seg810(2636,2637)",
(24-19),397762.4539,6956579.006,"seg811(2634,2637)",
(24-19),397765.7013,6956592.327,"seg808(2634,2635)",
(24-19),397766.8292,6956599.205,"seg809(2632,2635)",
(24-19),397768.6483,6956623.87,"seg806(2632,2633)",
(24-19),397771.0206,6956635.523,"seg807(2630,2633)",
(24-19),397774.9137,6956648.406,"seg804(2630,2631)",
(24-19),397779.9602,6956659.195,"seg805(2628,2631)",
(24-19),397782.8818,6956664.204,"seg802(2628,2629)",
(24-19),397789.3213,6956673.786,"seg803(2626,2629)",
(24-19),397797.1492,6956682.714,"seg800(2626,2627)",
(24-19),397819.1977,6956703.947,"seg801(2624,2627)",
(24-19),397836.8291,6956721.82,"seg798(2624,2625)",
(24-19),397862.114,6956751.776,"seg799(2622,2625)",
(24-19),397876.4625,6956772.447,"seg796(2622,2623)",
(24-19),397888.1491,6956792.485,"seg797(2623,2682)",
(24-19),397895.6366,6956806.728,"seg794(2682,2683)",
(24-19),397899.7066,6956816.179,"seg795(2680,2683)",
(24-19),397901.443,6956821.179,"seg792(2680,2681)",
(24-19),397902.884,6956826.065,"seg793(2678,2681)",
(24-19),397906.2165,6956841.049,"seg790(2678,2679)",
(24-19),397910.1716,6956888,"seg791(2677,2679)",
(24-19),397911.7289,6956902.636,"seg788(2253,2677)",
(24-19),397919.4944,6956960.586,"seg2468(2253,2312)",
(24-19),397922.0206,6957024.918,"seg2469(2312,2313)",
(24-19),397922.1503,6957038.989,"seg2567(2313,2600)",
(24-19),397920.9221,6957050.057,"seg2564(2598,2600)",
(24-19),397918.9664,6957059.513,"seg2565(2598,2599)",
(24-19),397915.2504,6957072.777,"seg2562(2596,2599)",
(24-19),397910.6997,6957091.351,"seg2563(2596,2597)",
(24-19),397909.8984,6957098.6,"seg2560(2594,2597)",
(24-19),397909.4406,6957112.057,"seg2561(2594,2595)",
(24-19),397909.8122,6957120.812,"seg2558(2404,2595)",
(24-19),397915.0358,6957140.021,"seg2559(2404,2405)",
(24-19),397918.8507,6957150.467,"seg2556(2402,2405)",
(24-19),397924.4967,6957160.485,"seg2557(2402,2403)",
(24-19),397931.2847,6957169.792,"seg2554(2400,2403)",
(24-19),397940.0934,6957179.614,"seg2555(2400,2401)",
(24-19),397949.3619,6957187.613,"seg2552(2398,2401)",
(24-19),398012.645,6957239.599,"seg2553(2398,2399)",
(24-19),398023.2355,6957248.994,"seg2550(2396,2399)",
(24-19),398058.062,6957278.087,"seg2551(2396,2397)",
(24-19),398068.1966,6957288.863,"seg2548(2394,2397)",
(24-19),398075.431,6957297.952,"seg2549(2394,2395)",
(24-19),398080.299,6957306.523,"seg2546(2392,2395)",
(24-19),398084.1723,6957315.916,"seg2547(2392,2393)",
(24-19),398088.5312,6957332.238,"seg2544(2390,2393)",
(24-19),398089.9743,6957342.83,"seg2545(2390,2391)",
(24-19),398090.2991,6957357.235,"seg2606(2388,2391)",
(24-19),398088.5051,6957371.013,"seg2607(2388,2389)",
(24-19),398086.1572,6957380.133,"seg2604(2386,2389)",
(24-19),398082.8252,6957388.802,"seg2605(2386,2387)",
(24-19),398079.5531,6957396.197,"seg2602(2384,2387)",
(24-19),398075.2434,6957403.639,"seg2603(2384,2385)",
(24-19),398070.4407,6957410.967,"seg2600(2382,2385)",
(24-19),398062.7089,6957420.097,"seg2601(2382,2383)",
(24-19),398055.9874,6957426.522,"seg2598(2380,2383)",
(24-19),398049.4749,6957431.564,"seg2599(2380,2381)",
(24-19),398032.1979,6957442.167,"seg2596(2378,2381)",
(24-19),397999.895,6957459.956,"seg2597(2378,2379)",
(24-19),397942.1428,6957490.993,"seg2594(2376,2379)",
(24-19),397930.2394,6957496.877,"seg2595(2376,2377)",
(24-19),397913.2821,6957504.657,"seg2592(2374,2377)",
(24-19),397902.576,6957509.11,"seg2593(2374,2375)",
(24-19),397885.2397,6957514.948,"seg2590(2375,2435)",
(24-19),397859.946,6957521.384,"seg2591(2435,2436)",
(24-19),397835.7556,6957525.835,"seg2588(2433,2436)",
(24-19),397791.0488,6957532.442,"seg2589(2433,2434)",
(24-19),397767.1518,6957537.228,"seg2586(2431,2434)",
(24-19),397755.06,6957542.001,"seg2587(2431,2432)",
(24-19),397739.8339,6957549.463,"seg2584(2429,2432)",
(24-19),397726.1153,6957559.763,"seg2585(2429,2430)",
(24-19),397715.4658,6957569.257,"seg2582(2427,2430)",
(24-19),397705.4889,6957581.027,"seg2583(2427,2428)",
(24-19),397697.2756,6957594.53,"seg2580(2425,2428)",
(24-19),397689.4324,6957611.027,"seg2581(2425,2426)",
(24-19),397683.2625,6957628.258,"seg2513(2426,2608)",
(24-19),397679.6771,6957643.572,"seg2574(2608,2609)",
(24-19),397678.2654,6957652.921,"seg2575(2606,2609)",
(24-19),397677.8714,6957664.606,"seg2572(2606,2607)",
(24-19),397678.5068,6957677.241,"seg2573(2604,2607)",
(24-19),397681.4553,6957690.892,"seg2570(2604,2605)",
(24-19),397684.9018,6957704.049,"seg2571(2602,2605)",
(24-19),397691.9012,6957723.55,"seg2568(2602,2603)",
(24-19),397701.4781,6957741.965,"seg2569(2601,2603)",
(24-19),397712.8318,6957760.561,"seg2566(2423,2601)",
(24-19),397717.0586,6957769.016,"seg2578(2423,2424)",
(24-19),397724.6558,6957787.913,"seg2579(2421,2424)",
(24-19),397729.2181,6957797.589,"seg2576(2421,2422)",
(24-19),397736.7591,6957811.389,"seg2577(2419,2422)",
(24-19),397741.6322,6957819.351,"seg2638(2419,2420)",
(24-19),397749.8375,6957830.498,"seg2391(2420,2486)",
(24-19),397763.1185,6957843.072,"seg2388(2486,2487)",
(24-19),397778.5909,6957853.504,"seg2389(2479,2487)",
(24-19),397797.4938,6957867.178,"seg2446(2479,2480)",
(24-19),397824.7597,6957890.892,"seg2447(2477,2480)",
(24-19),397836.2166,6957903.063,"seg2444(2477,2478)",
(24-19),397845.0111,6957914.658,"seg2445(2475,2478)",
(24-19),397853.3919,6957928.465,"seg2442(2475,2476)",
(24-19),397860.4794,6957943.369,"seg2443(2473,2476)",
(24-19),397865.2995,6957957.701,"seg2440(2473,2474)",
(24-19),397867.5918,6957967.137,"seg2441(2471,2474)",
(24-19),397869.3829,6957977.454,"seg2438(2471,2472)",
(24-19),397870.5775,6957988.211,"seg2439(2469,2472)",
(24-19),397870.8093,6957995.968,"seg2436(2469,2470)",
(24-19),397870.5148,6958019.452,"seg2437(2282,2470)",
(24-19),397870.6791,6958035.295,"seg2434(2282,2283)",
(24-19),397871.2072,6958043.055,"seg2435(2280,2283)",
(24-19),397872.3262,6958051.04,"seg2432(2280,2281)",
(24-19),397876.1465,6958066.804,"seg2433(2278,2281)",
(24-19),397878.9457,6958074.693,"seg2430(2278,2279)",
(24-19),397882.3395,6958082.365,"seg2431(2276,2279)",
(24-19),397890.7053,6958098,"seg2428(2276,2277)",
(24-19),397895.9843,6958104.691,"seg2429(2274,2277)",
(24-19),397901.6621,6958110.943,"seg2426(2274,2275)",
(24-19),397919.8501,6958127.49,"seg2427(2272,2275)",
(24-19),397930.7895,6958136.61,"seg2424(2272,2273)",
(24-19),397955.0445,6958154.206,"seg2425(2270,2273)",
(24-19),397971.8312,6958167.03,"seg2422(2270,2271)",
(24-19),398011.8978,6958195.946,"seg2423(2268,2271)",
(24-19),398032.6872,6958208.583,"seg2420(2268,2269)",
(24-19),398039.6733,6958211.964,"seg2421(2266,2269)",
(24-19),398049.4213,6958215.867,"seg2418(2266,2267)",
(24-19),398064.2014,6958220.532,"seg2419(2264,2267)",
(24-19),398079.4883,6958223.651,"seg2416(2264,2265)",
(24-19),398116.887,6958228.892,"seg2417(2262,2265)",
(24-19),398126.8418,6958231.689,"seg2478(2262,2263)",
(24-19),398150.1227,6958241.742,"seg2479(2260,2263)",
(24-19),398161.3826,6958247.984,"seg2476(2260,2261)",
(24-19),398167.2775,6958251.911,"seg2477(2258,2261)",
(24-19),398175.4691,6958258.847,"seg2474(2258,2259)",
(24-19),398182.4784,6958265.386,"seg2475(2256,2259)",
(24-19),398198.2358,6958283.243,"seg2472(2256,2257)",
(24-19),398205.711,6958293.165,"seg2473(2254,2257)",
(24-19),398210.3422,6958300.571,"seg2470(2254,2255)",
(24-19),398215.7351,6958311.417,"seg2471(2252,2255)",
(24-19),398220.1837,6958322.975,"seg2464(2252,2308)",
(24-19),398222.9269,6958331.695,"seg2465(2308,2309)",
(24-19),398224.5446,6958339.131,"seg2462(2306,2309)",
(24-19),398225.8887,6958349.777,"seg2463(2306,2307)",
(24-19),398226.2578,6958358.865,"seg2460(2304,2307)",
(24-19),398226.0342,6958367.947,"seg2461(2304,2305)",
(24-19),398224.6373,6958381.507,"seg2458(2302,2305)",
(24-19),398223.039,6958389.581,"seg2459(2302,2303)",
(24-19),398221.1392,6958398.262,"seg2639(2303,2418)",
(24-19),398216.7691,6958412.96,"seg2636(2416,2418)",
(24-19),398212.4906,6958422.563,"seg2637(2416,2417)",
(24-19),398206.717,6958433.759,"seg2634(2414,2417)",
(24-19),398194.8853,6958454.71,"seg2635(2414,2415)",
(24-19),398190.5587,6958464.146,"seg2632(2412,2415)",
(24-19),398185.0423,6958480.054,"seg2633(2412,2413)",
(24-19),398182.6846,6958490.337,"seg2630(2410,2413)",
(24-19),398180.3437,6958504.554,"seg2631(2410,2411)",
(24-19),398175.638,6958523.957,"seg2628(2408,2411)",
(24-19),398170.8831,6958537.378,"seg2629(2408,2409)",
(24-19),398167.1663,6958544.77,"seg2626(2406,2409)",
(24-19),398163.3512,6958552.105,"seg2627(2406,2407)",
(24-19),398157.0003,6958561.414,"seg2624(2407,2467)",
(24-19),398151.0137,6958568.51,"seg2625(2467,2468)",
(24-19),398144.485,6958575.435,"seg2622(2465,2468)",
(24-19),398127.2777,6958589.362,"seg2623(2465,2466)",
(24-19),398118.2419,6958594.826,"seg2620(2463,2466)",
(24-19),398105.6461,6958600.704,"seg2621(2463,2464)",
(24-19),398096.1347,6958603.948,"seg2618(2461,2464)",
(24-19),398085.9891,6958606.246,"seg2619(2461,2462)",
(24-19),398074.8089,6958608.202,"seg2616(2459,2462)",
(24-19),398065.22,6958608.898,"seg2617(2459,2460)",
(24-19),398056.0326,6958608.822,"seg2614(2457,2460)",
(24-19),398044.6276,6958608.117,"seg2615(2457,2458)",
(24-19),398032.8445,6958605.361,"seg2612(2455,2458)",
(24-19),398011.705,6958599.092,"seg2613(2455,2456)",
(24-19),397998.5526,6958594.662,"seg2610(2453,2456)",
(24-19),397981.2051,6958589.809,"seg2611(2453,2454)",
(24-19),397948.2009,6958578.733,"seg2608(2451,2454)",
(24-19),397937.8599,6958574.824,"seg2609(2451,2452)",
(24-19),397923.6477,6958567.173,"seg2414(2449,2452)",
(24-19),397913.3866,6958559.609,"seg2415(2449,2450)",
(24-19),397890.0267,6958541.191,"seg2412(2447,2450)",
(24-19),397877.2595,6958532.055,"seg2413(2447,2448)",
(24-19),397865.2105,6958525.64,"seg2410(2445,2448)",
(24-19),397852.6972,6958521.603,"seg2411(2445,2446)",
(24-19),397839.0391,6958518.609,"seg2408(2443,2446)",
(24-19),397822.0083,6958517.248,"seg2409(2443,2444)",
(24-19),397808.2652,6958518.518,"seg2406(2441,2444)",
(24-19),397798.0692,6958520.926,"seg2407(2441,2442)",
(24-19),397791.8779,6958522.924,"seg2404(2439,2442)",
(24-19),397776.5588,6958529.554,"seg2405(2439,2440)",
(24-19),397763.8917,6958538.034,"seg2402(2437,2440)",
(24-19),397755.0413,6958544.94,"seg2403(2437,2438)",
(24-19),397747.9655,6958552.304,"seg2400(2438,2496)",
(24-19),397741.9241,6958560.008,"seg2401(2496,2497)",
(24-19),397734.7563,6958572.467,"seg2398(2494,2497)",
(24-19),397731.0286,6958581.133,"seg2399(2494,2495)",
(24-19),397727.991,6958589.97,"seg2396(2492,2495)",
(24-19),397725.9477,6958598.04,"seg2397(2492,2493)",
(24-19),397724.379,6958608.441,"seg2394(2490,2493)",
(24-19),397723.8135,6958617.022,"seg2395(2490,2491)",
(24-19),397724.0174,6958628.102,"seg2392(2488,2491)",
(24-19),397727.9296,6958644.697,"seg2393(2488,2489)",
(24-19),397732.5541,6958658.806,"seg2390(2485,2489)",
(24-19),397745.0905,6958677.855,"seg2386(2483,2485)",
(24-19),397758.2696,6958690.926,"seg2387(2483,2484)",
(24-19),397775.2641,6958702.59,"seg2384(2481,2484)",
(24-19),397791.9397,6958711.038,"seg2385(2481,2482)",
(24-19),397805.0902,6958715.689,"seg789(2482,2676)",
(24-19),397822.0899,6958726.743,"seg786(2674,2676)",
(24-19),397829.6492,6958732.512,"seg787(2674,2675)",
(24-19),397845.3882,6958746.657,"seg784(2672,2675)",
(24-19),397850.2741,6958753.124,"seg785(2672,2673)",
(24-19),397858.9464,6958767.598,"seg846(2670,2673)",
(24-19),397862.6331,6958775.716,"seg847(2670,2671)",
(24-19),397865.8221,6958784.273,"seg844(2668,2671)",
(24-19),397871.3036,6958802.266,"seg845(2668,2669)",
(24-19),397873.4965,6958811.812,"seg842(2666,2669)",
(24-19),397875.3938,6958821.244,"seg843(2666,2667)",
(24-19),397877.9505,6958840.487,"seg840(2664,2667)",
(24-19),397878.6306,6958859.658,"seg841(2664,2665)",
(24-19),397878.1514,6958869.736,"seg838(2662,2665)",
(24-19),397875.8549,6958890.433,"seg839(2662,2663)",
(24-19),397856.0275,6959023.099,"seg836(2660,2663)",
(24-19),397852.904,6959042.239,"seg837(2660,2661)",
(24-19),397846.6341,6959089.215,"seg834(2658,2661)",
(24-19),397841.3705,6959116.203,"seg835(2658,2659)",
(24-19),397835.6595,6959131.665,"seg832(2656,2659)",
(24-19),397831.1967,6959139.605,"seg833(2656,2657)",
(24-19),397825.9958,6959147.205,"seg830(2654,2657)",
(24-19),397814.2214,6959161.122,"seg831(2654,2655)",
(24-19),397800.4472,6959171.974,"seg828(2655,2714)",
(24-19),397784.7159,6959180.54,"seg829(2714,2715)",
(24-19),397775.6486,6959183.788,"seg826(2712,2715)",
(24-19),397757.6839,6959187.682,"seg827(2712,2713)",
(24-19),397723.0757,6959191.049,"seg824(2710,2713)",
(24-19),397657.6264,6959196.264,"seg825(2710,2711)",
(24-19),397635.0535,6959195.909,"seg822(2708,2711)",
(24-19),397626.1713,6959194.727,"seg823(2708,2709)",
(24-19),397612.3624,6959191.953,"seg820(2706,2709)",
(24-19),397604.0841,6959189.447,"seg821(2706,2707)",
(24-19),397537.7088,6959163.578,"seg818(2704,2707)",
(24-19),397515.6397,6959156.137,"seg819(2704,2705)",
(24-19),397508.1966,6959154.191,"seg816(2702,2705)",
(24-19),397499.1663,6959153.008,"seg817(2702,2703)",
(24-19),397483.0616,6959153.04,"seg622(2700,2703)",
(24-19),397474.7565,6959153.746,"seg623(2700,2701)",
(24-19),397459.9628,6959156.502,"seg620(2698,2701)",
(24-19),397445.886,6959162.145,"seg621(2698,2699)",
(24-19),397437.8434,6959166.897,"seg618(2696,2699)",
(24-19),397428.7967,6959173.58,"seg619(2696,2697)",
(24-19),397419.8889,6959181.371,"seg616(2694,2697)",
(24-19),397409.3712,6959192.638,"seg617(2694,2695)",
(24-19),397400.4151,6959206.19,"seg614(2692,2695)",
(24-19),397393.8559,6959222.587,"seg615(2692,2693)",
(24-19),397391.4121,6959231.263,"seg612(2690,2693)",
(24-19),397389.2044,6959247.142,"seg613(2690,2691)",
(24-19),397388.9806,6959256.169,"seg610(2688,2691)",
(24-19),397389.2601,6959264.093,"seg611(2688,2689)",
(24-19),397390.3835,6959271.525,"seg608(2686,2689)",
(24-19),397392.0005,6959279.016,"seg609(2686,2687)",
(24-19),397400.1822,6959298.971,"seg606(2684,2687)",
(24-19),397408.4164,6959312.666,"seg607(2684,2685)",
(24-19),397413.2474,6959319.797,"seg604(2685,2746)",
(24-19),397436.8473,6959350.959,"seg605(2746,2747)",
(24-19),397447.0653,6959363.729,"seg602(2744,2747)",
(24-19),397457.4384,6959375.67,"seg603(2744,2745)",
(24-19),397468.0157,6959386.837,"seg600(2742,2745)",
(24-19),397484.7735,6959403.262,"seg601(2742,2743)",
(24-19),397496.3,6959413.163,"seg598(2740,2743)",
(24-19),397502.7179,6959419.587,"seg599(2740,2741)",
(24-19),397690.8793,6959586.283,"seg596(2738,2741)",
(24-19),397727.8494,6959619.716,"seg597(2738,2739)",
(24-19),397741.2562,6959635.227,"seg594(2736,2739)",
(24-19),397746.2833,6959642.581,"seg595(2736,2737)",
(24-19),397750.6193,6959649.873,"seg592(2734,2737)",
(24-19),397755.0315,6959659.881,"seg593(2734,2735)",
(24-19),397758.8725,6959673.207,"seg654(2732,2735)",
(24-19),397761.594,6959690.457,"seg655(2732,2733)",
(24-19),397761.1601,6959701.033,"seg652(2730,2733)",
(24-19),397759.203,6959716.527,"seg653(2730,2731)",
(24-19),397754.879,6959731.502,"seg650(2728,2731)",
(24-19),397748.7997,6959743.693,"seg651(2728,2729)",
(24-19),397741.8875,6959755.046,"seg648(2726,2729)",
(24-19),397736.6816,6959763.201,"seg649(2726,2727)",
(24-19),397727.2953,6959775.032,"seg646(2724,2727)",
(24-19),397716.1357,6959786.239,"seg647(2724,2725)",
(24-19),397680.0057,6959817.844,"seg644(2722,2725)",
(24-19),397663.172,6959834.1,"seg645(2722,2723)",
(24-19),397657.533,6959840.866,"seg642(2720,2723)",
(24-19),397644.3261,6959860.586,"seg643(2720,2721)",
(24-19),397640.1053,6959869.081,"seg640(2718,2721)",
(24-19),397634.3107,6959882.66,"seg641(2718,2719)",
(24-19),397626.8917,6959907.358,"seg638(2716,2719)",
(24-19),397624.463,6959926.06,"seg639(2716,2717)",
(24-19),397623.9459,6959934.753,"seg636(2528,2717)",
(24-19),397624.0016,6959945.832,"seg637(2528,2529)",
(24-19),397624.4807,6959953.535,"seg634(2526,2529)",
(24-19),397625.79,6959962.409,"seg635(2526,2527)",
(24-19),397629.5987,6959979.612,"seg632(2524,2527)",
(24-19),397632.0972,6959988.053,"seg633(2524,2525)",
(24-19),397638.2845,6960004.39,"seg630(2522,2525)",
(24-19),397664.5306,6960067.978,"seg631(2522,2523)",
(24-19),397675.3459,6960092.164,"seg628(2520,2523)",
(24-19),397686.3321,6960113.637,"seg629(2520,2521)",
(24-19),397694.6193,6960127,"seg626(2518,2521)",
(24-19),397704.1014,6960139.266,"seg627(2518,2519)",
(24-19),397708.9952,6960144.846,"seg624(2516,2519)",
(24-19),397725.0061,6960162.151,"seg625(2516,2517)",
(24-19),397750.0019,6960186.178,"seg686(2514,2517)",
(24-19),397758.8155,6960195.668,"seg687(2514,2515)",
(24-19),397773.1265,6960215.397,"seg684(2512,2515)",
(24-19),397778.1798,6960225.576,"seg685(2512,2513)",
(24-19),397781.5161,6960234.3,"seg682(2510,2513)",
(24-19),397785.9271,6960250.4,"seg683(2510,2511)",
(24-19),397789.654,6960271.536,"seg680(2508,2511)",
(24-19),397793.8121,6960306.136,"seg681(2508,2509)",
(24-19),397796.4036,6960321.224,"seg678(2506,2509)",
(24-19),397799.7021,6960358.198,"seg679(2506,2507)",
(24-19),397800.5842,6960406.508,"seg676(2504,2507)",
(24-19),397801.2861,6960423.076,"seg677(2504,2505)",
(24-19),397805.0463,6960446.15,"seg674(2502,2505)",
(24-19),397809.0396,6960459.035,"seg675(2502,2503)",
(24-19),397813.4456,6960469.818,"seg672(2500,2503)",
(24-19),397818.9875,6960480.665,"seg673(2500,2501)",
(24-19),397829.332,6960496.206,"seg670(2498,2501)",
(24-19),397836.1809,6960504.35,"seg671(2498,2499)",
(24-19),397843.4329,6960511.556,"seg668(2499,2560)",
(24-19),397851.3775,6960518.657,"seg669(2560,2561)",
(24-19),397865.0191,6960529.849,"seg666(2558,2561)",
(24-19),397886.1329,6960545.535,"seg667(2558,2559)",
(24-19),397897.58,6960553.274,"seg664(2556,2559)",
(24-19),397904.8962,6960558.708,"seg665(2556,2557)",
(24-19),397917.4967,6960570.335,"seg662(2554,2557)",
(24-19),397923.2709,6960577.03,"seg663(2554,2555)",
(24-19),397928.8862,6960584.998,"seg660(2552,2555)",
(24-19),397932.9281,6960592.066,"seg661(2552,2553)",
(24-19),397939.5442,6960610.401,"seg658(2550,2553)",
(24-19),397941.8303,6960620.667,"seg659(2550,2551)",
(24-19),397943.1629,6960632.699,"seg656(2548,2551)",
(24-19),397942.9226,6960643.775,"seg657(2548,2549)",
(24-19),397942.1623,6960652.022,"seg718(2546,2549)",
(24-19),397940.2515,6960661.977,"seg719(2546,2547)",
(24-19),397936.3489,6960673.798,"seg716(2544,2547)",
(24-19),397933.0265,6960681.193,"seg717(2544,2545)",
(24-19),397928.1594,6960690.182,"seg714(2542,2545)",
(24-19),397923.3097,6960697.066,"seg715(2542,2543)",
(24-19),397913.3328,6960708.56,"seg712(2540,2543)",
(24-19),397892.3789,6960727.052,"seg713(2540,2541)",
(24-19),397886.6016,6960732.599,"seg710(2538,2541)",
(24-19),397868.0937,6960748.066,"seg711(2538,2539)",
(24-19),397862.2189,6960753.445,"seg708(2536,2539)",
(24-19),397796.6827,6960809.621,"seg709(2536,2537)",
(24-19),397780.0288,6960821.946,"seg706(2534,2537)",
(24-19),397764.4834,6960831.676,"seg707(2534,2535)",
(24-19),397756.9898,6960835.657,"seg704(2532,2535)",
(24-19),397751.1417,6960837.824,"seg705(2532,2533)",
(24-19),397726.344,6960849.139,"seg702(2530,2533)",
(24-19),397701.8537,6960859.127,"seg703(2530,2531)",
(24-19),397683.7942,6960868.172,"seg700(2531,2592)",
(24-19),397670.5328,6960876.536,"seg701(2592,2593)",
(24-19),397661.5732,6960884.493,"seg698(2590,2593)",
(24-19),397652.3914,6960895.385,"seg699(2590,2591)",
(24-19),397647.488,6960902.766,"seg696(2588,2591)",
(24-19),397640.594,6960917.775,"seg697(2588,2589)",
(24-19),397637.3624,6960926.113,"seg694(2586,2589)",
(24-19),397635.6133,6960934.407,"seg695(2586,2587)",
(24-19),397633.2478,6960951.448,"seg692(2584,2587)",
(24-19),397633.4163,6960960.866,"seg693(2584,2585)",
(24-19),397635.5087,6960976.56,"seg690(2582,2585)",
(24-19),397637.9414,6960986.994,"seg691(2582,2583)",
(24-19),397643.126,6960999.223,"seg688(2580,2583)",
(24-19),397646.1895,6961005.121,"seg689(2580,2581)",
(24-19),397652.0889,6961014.587,"seg2542(2578,2581)",
(24-19),397659.324,6961023.842,"seg2543(2578,2579)",
(24-19),397667.2582,6961032.217,"seg2540(2576,2579)",
(24-19),397671.675,6961035.799,"seg2541(2576,2577)",
(24-19),397680.8115,6961042.19,"seg2538(2574,2577)",
(24-19),397690.8895,6961048.256,"seg2539(2574,2575)",
(24-19),397696.9487,6961050.412,"seg2536(2572,2575)",
(24-19),397712.4708,6961055.36,"seg2537(2572,2573)",
(24-19),397721.105,6961056.817,"seg2534(2570,2573)",
(24-19),397729.1515,6961057.66,"seg2535(2570,2571)",
(24-19),397734.6367,6961057.539,"seg2532(2568,2571)",
(24-19),397742.0058,6961056.659,"seg2533(2568,2569)",
(24-19),397758.347,6961052.253,"seg2530(2566,2569)",
(24-19),397768.7122,6961047.576,"seg2531(2566,2567)",
(24-19),397778.4882,6961042.45,"seg2528(2564,2567)",
(24-19),397786.5341,6961037.421,"seg2529(2564,2565)",
(24-19),397803.9756,6961025.491,"seg2526(2562,2565)",
(24-19),397821.4262,6961012.453,"seg2527(2562,2563)",
(24-19),397852.4378,6960990.665,"seg2524(2563,2620)",
(24-19),397873.8864,6960978.103,"seg2525(2620,2621)",
(24-19),397887.4317,6960971.236,"seg2522(2618,2621)",
(24-19),397902.0118,6960964.711,"seg2523(2618,2619)",
(24-19),397912.9175,6960960.37,"seg2520(2616,2619)",
(24-19),397935.7438,6960954.411,"seg2521(2616,2617)",
(24-19),397958.2959,6960951.718,"seg2518(2614,2617)",
(24-19),397974.8102,6960950.249,"seg2519(2614,2615)",
(24-19),397993.5854,6960950.184,"seg2516(2612,2615)",
(24-19),398014.2769,6960951.408,"seg2517(2612,2613)",
(24-19),398041.0659,6960956.118,"seg2514(2610,2613)",
(24-19),398059.351,6960961.532,"seg2515(2610,2611)",
(24-19),398076.6758,6960969.542,"seg2512(2310,2611)",
(24-19),398159.0572,6961014.816,"seg2466(2310,2311)",
(24-19),398210.8763,6961045.712,"seg2467(2300,2311)",
(24-19),398222.9358,6961051.185,"seg2456(2300,2301)",
(24-19),398231.6162,6961053.03,"seg2457(2298,2301)",
(24-19),398236.7414,6961054.623,"seg2454(2298,2299)",
(24-19),398254.793,6961058.429,"seg2455(2296,2299)",
(24-19),398272.6659,6961059.962,"seg2452(2296,2297)",
(24-19),398284.8216,6961059.786,"seg2453(2294,2297)",
(24-19),398306.6401,6961056.2,"seg2450(2294,2295)",
(24-19),398318.1229,6961053.747,"seg2451(2292,2295)",
(24-19),398356.6557,6961042.434,"seg2448(2292,2293)",
(24-19),398367.9428,6961039.758,"seg2449(2290,2293)",
(24-19),398379.7166,6961037.972,"seg2510(2290,2291)",
(24-19),398391.0846,6961037.457,"seg2511(2288,2291)",
(24-19),398396.5255,6961036.726,"seg2508(2288,2289)",
(24-19),398408.0361,6961036.877,"seg2509(2286,2289)",
(24-19),398415.1961,6961037.379,"seg2506(2286,2287)",
(24-19),398431.5794,6961039.786,"seg2507(2284,2287)",
(24-19),398447.6083,6961043.242,"seg2504(2284,2285)",
(24-19),398454.114,6961045.179,"seg2505(2285,2342)",
(24-19),398474.2095,6961052.768,"seg2502(2342,2343)",
(24-19),398487.2558,6961058.415,"seg2503(2340,2343)",
(24-19),398500.4365,6961065.725,"seg2500(2340,2341)",
(24-19),398513.2596,6961074.473,"seg2501(2338,2341)",
(24-19),398530.6822,6961088.631,"seg2498(2338,2339)",
(24-19),398550.7804,6961107.852,"seg2499(2336,2339)",
(24-19),398576.4834,6961130.443,"seg2496(2336,2337)",
(24-19),398587.2828,6961138.952,"seg2497(2334,2337)",
(24-19),398599.0721,6961147.247,"seg2494(2334,2335)",
(24-19),398611.3582,6961155.215,"seg2495(2333,2335)",
(24-19),398642.3504,6961171.534,"seg2492(48,2333)",
(25-21),396992.8567,6956280.251,,
(25-21),396951.5787,6956278.962,"seg859(911,1071)",
(25-21),396934.7053,6956276.881,"seg856(1071,1072)",
(25-21),396926.8642,6956275.486,"seg857(1069,1072)",
(25-21),396917.3026,6956273.134,"seg854(1069,1070)",
(25-21),396899.7784,6956266.229,"seg855(1067,1070)",
(25-21),396881.6775,6956257.435,"seg852(1067,1068)",
(25-21),396860.7486,6956244.297,"seg853(1065,1068)",
(25-21),396847.2056,6956233.824,"seg850(1065,1066)",
(25-21),396834.6657,6956221.532,"seg851(1063,1066)",
(25-21),396829.4803,6956215.617,"seg848(1063,1064)",
(25-21),396819.2299,6956201.239,"seg849(1061,1064)",
(25-21),396815.541,6956193.564,"seg910(1061,1062)",
(25-21),396811.4376,6956182.34,"seg911(1059,1062)",
(25-21),396809.0929,6956173.402,"seg908(1059,1060)",
(25-21),396807.6981,6956163.087,"seg909(1057,1060)",
(25-21),396807.0032,6956151.781,"seg906(1057,1058)",
(25-21),396807.8317,6956141.374,"seg907(1055,1058)",
(25-21),396810.8569,6956128.161,"seg904(1055,1056)",
(25-21),396814.218,6956116.113,"seg905(1053,1056)",
(25-21),396822.8122,6956092.588,"seg902(1053,1054)",
(25-21),396848.6475,6956027.442,"seg903(1051,1054)",
(25-21),396857.2927,6956009.568,"seg900(1051,1052)",
(25-21),396867.8107,6955992.152,"seg901(1049,1052)",
(25-21),396871.6124,6955986.423,"seg898(1049,1050)",
(25-21),396899.7438,6955947.664,"seg899(1047,1050)",
(25-21),396903.5436,6955942.156,"seg896(1047,1048)",
(25-21),396910.2557,6955930.968,"seg897(1045,1048)",
(25-21),396916.1813,6955919.33,"seg894(1045,1046)",
(25-21),396919.6089,6955911.105,"seg895(1043,1046)",
(25-21),396922.858,6955900.608,"seg892(1043,1044)",
(25-21),396924.5902,6955894.308,"seg893(1041,1044)",
(25-21),396926.7697,6955881.807,"seg890(1041,1042)",
(25-21),396929.3564,6955856.127,"seg891(849,1042)",
(25-21),396932.4161,6955797.713,"seg888(849,850)",
(25-21),396939.1482,6955690.252,"seg889(847,850)",
(25-21),396940.7242,6955673.149,"seg886(847,848)",
(25-21),396941.7124,6955667.23,"seg887(845,848)",
(25-21),396944.8836,6955654.24,"seg884(845,846)",
(25-21),396948.5781,6955643.635,"seg885(843,846)",
(25-21),396952.955,6955634.089,"seg882(843,844)",
(25-21),396963.8215,6955616.289,"seg883(841,844)",
(25-21),396967.3212,6955611.222,"seg880(841,842)",
(25-21),396972.1113,6955605.391,"seg881(839,842)",
(25-21),396981.2759,6955596.162,"seg942(839,840)",
(25-21),396991.3155,6955588.602,"seg943(837,840)",
(25-21),397028.9466,6955565.21,"seg940(837,838)",
(25-21),397044.6907,6955554.652,"seg941(836,838)",
(25-20),397044.6907,6955554.652,,
(25-20),397028.9466,6955565.21,"seg941(836,838)",
(25-20),396991.3155,6955588.602,"seg940(837,838)",
(25-20),396981.2759,6955596.162,"seg943(837,840)",
(25-20),396972.1113,6955605.391,"seg942(839,840)",
(25-20),396967.3212,6955611.222,"seg881(839,842)",
(25-20),396963.8215,6955616.289,"seg880(841,842)",
(25-20),396952.955,6955634.089,"seg883(841,844)",
(25-20),396948.5781,6955643.635,"seg882(843,844)",
(25-20),396944.8836,6955654.24,"seg885(843,846)",
(25-20),396941.7124,6955667.23,"seg884(845,846)",
(25-20),396940.7242,6955673.149,"seg887(845,848)",
(25-20),396939.1482,6955690.252,"seg886(847,848)",
(25-20),396932.4161,6955797.713,"seg889(847,850)",
(25-20),396929.3564,6955856.127,"seg888(849,850)",
(25-20),396926.7697,6955881.807,"seg891(849,1042)",
(25-20),396924.5902,6955894.308,"seg890(1041,1042)",
(25-20),396922.858,6955900.608,"seg893(1041,1044)",
(25-20),396919.6089,6955911.105,"seg892(1043,1044)",
(25-20),396916.1813,6955919.33,"seg895(1043,1046)",
(25-20),396910.2557,6955930.968,"seg894(1045,1046)",
(25-20),396903.5436,6955942.156,"seg897(1045,1048)",
(25-20),396899.7438,6955947.664,"seg896(1047,1048)",
(25-20),396871.6124,6955986.423,"seg899(1047,1050)",
(25-20),396867.8107,6955992.152,"seg898(1049,1050)",
(25-20),396857.2927,6956009.568,"seg901(1049,1052)",
(25-20),396848.6475,6956027.442,"seg900(1051,1052)",
(25-20),396822.8122,6956092.588,"seg903(1051,1054)",
(25-20),396814.218,6956116.113,"seg902(1053,1054)",
(25-20),396810.8569,6956128.161,"seg905(1053,1056)",
(25-20),396807.8317,6956141.374,"seg904(1055,1056)",
(25-20),396807.0032,6956151.781,"seg907(1055,1058)",
(25-20),396807.6981,6956163.087,"seg906(1057,1058)",
(25-20),396809.0929,6956173.402,"seg909(1057,1060)",
(25-20),396811.4376,6956182.34,"seg908(1059,1060)",
(25-20),396815.541,6956193.564,"seg911(1059,1062)",
(25-20),396819.2299,6956201.239,"seg910(1061,1062)",
(25-20),396829.4803,6956215.617,"seg849(1061,1064)",
(25-20),396834.6657,6956221.532,"seg848(1063,1064)",
(25-20),396847.2056,6956233.824,"seg851(1063,1066)",
(25-20),396860.7486,6956244.297,"seg850(1065,1066)",
(25-20),396881.6775,6956257.435,"seg853(1065,1068)",
(25-20),396899.7784,6956266.229,"seg852(1067,1068)",
(25-20),396917.3026,6956273.134,"seg855(1067,1070)",
(25-20),396926.8642,6956275.486,"seg854(1069,1070)",
(25-20),396934.7053,6956276.881,"seg857(1069,1072)",
(25-20),396951.5787,6956278.962,"seg856(1071,1072)",
(25-20),396992.8567,6956280.251,"seg859(911,1071)",
(26-20),397044.6907,6955554.652,,
(26-20),397026.5455,6955568.846,"seg938(834,836)",
(26-20),397015.1215,6955576.616,"seg939(834,835)",
(26-20),396991.0732,6955593.918,"seg936(832,835)",
(26-20),396985.0052,6955599.018,"seg937(832,833)",
(26-20),396979.3775,6955604.621,"seg934(830,833)",
(26-20),396972.2007,6955612.371,"seg935(830,831)",
(26-20),396964.3554,6955623.273,"seg932(828,831)",
(26-20),396956.237,6955637.274,"seg933(828,829)",
(26-20),396951.9533,6955647.486,"seg930(826,829)",
(26-20),396947.9849,6955661.301,"seg931(826,827)",
(26-20),396945.8148,6955672.693,"seg928(824,827)",
(26-20),396944.6446,6955682.654,"seg929(824,825)",
(26-20),396937.1131,6955797.088,"seg926(822,825)",
(26-20),396936.0084,6955822.726,"seg927(822,823)",
(26-20),396933.9914,6955856.997,"seg924(820,823)",
(26-20),396932.9543,6955868.731,"seg925(820,821)",
(26-20),396931.2612,6955882.122,"seg922(821,881)",
(26-20),396929.6357,6955893.353,"seg923(881,882)",
(26-20),396928.1458,6955900.209,"seg920(879,882)",
(26-20),396923.8931,6955912.582,"seg921(879,880)",
(26-20),396921.3727,6955918.654,"seg918(877,880)",
(26-20),396915.7466,6955929.906,"seg919(877,878)",
(26-20),396909.3294,6955941.263,"seg916(875,878)",
(26-20),396893.5852,6955963.51,"seg917(875,876)",
(26-20),396885.0463,6955974.627,"seg914(873,876)",
(26-20),396871.4036,6955993.623,"seg915(873,874)",
(26-20),396865.8008,6956002.106,"seg912(871,874)",
(26-20),396858.8804,6956014.567,"seg913(871,872)",
(26-20),396850.5808,6956032.444,"seg974(869,872)",
(26-20),396817.9755,6956115.646,"seg975(869,870)",
(26-20),396813.539,6956132.227,"seg972(867,870)",
(26-20),396812.1547,6956144.125,"seg973(867,868)",
(26-20),396812.7564,6956160.637,"seg970(865,868)",
(26-20),396813.395,6956166.902,"seg971(865,866)",
(26-20),396814.7232,6956173.394,"seg968(863,866)",
(26-20),396816.5914,6956180.278,"seg969(863,864)",
(26-20),396819.0055,6956186.835,"seg966(861,864)",
(26-20),396823.8488,6956198.176,"seg967(861,862)",
(26-20),396836.144,6956216.061,"seg964(859,862)",
(26-20),396840.6454,6956221.084,"seg965(859,860)",
(26-20),396850.1515,6956230.027,"seg962(857,860)",
(26-20),396860.4561,6956237.979,"seg963(857,858)",
(26-20),396871.2583,6956245.493,"seg960(855,858)",
(26-20),396882.067,6956252.231,"seg961(855,856)",
(26-20),396887.6717,6956255.27,"seg958(853,856)",
(26-20),396900.8542,6956261.64,"seg959(853,854)",
(26-20),396918.0793,6956268.875,"seg956(851,854)",
(26-20),396935.3259,6956273.563,"seg957(851,852)",
(26-20),396948.4441,6956275.833,"seg954(852,913)",
(26-20),396992.8567,6956280.251,"seg955(911,913)",
(26-21),396992.8567,6956280.251,,
(26-21),396948.4441,6956275.833,"seg955(911,913)",
(26-21),396935.3259,6956273.563,"seg954(852,913)",
(26-21),396918.0793,6956268.875,"seg957(851,852)",
(26-21),396900.8542,6956261.64,"seg956(851,854)",
(26-21),396887.6717,6956255.27,"seg959(853,854)",
(26-21),396882.067,6956252.231,"seg958(853,856)",
(26-21),396871.2583,6956245.493,"seg961(855,856)",
(26-21),396860.4561,6956237.979,"seg960(855,858)",
(26-21),396850.1515,6956230.027,"seg963(857,858)",
(26-21),396840.6454,6956221.084,"seg962(857,860)",
(26-21),396836.144,6956216.061,"seg965(859,860)",
(26-21),396823.8488,6956198.176,"seg964(859,862)",
(26-21),396819.0055,6956186.835,"seg967(861,862)",
(26-21),396816.5914,6956180.278,"seg966(861,864)",
(26-21),396814.7232,6956173.394,"seg969(863,864)",
(26-21),396813.395,6956166.902,"seg968(863,866)",
(26-21),396812.7564,6956160.637,"seg971(865,866)",
(26-21),396812.1547,6956144.125,"seg970(865,868)",
(26-21),396813.539,6956132.227,"seg973(867,868)",
(26-21),396817.9755,6956115.646,"seg972(867,870)",
(26-21),396850.5808,6956032.444,"seg975(869,870)",
(26-21),396858.8804,6956014.567,"seg974(869,872)",
(26-21),396865.8008,6956002.106,"seg913(871,872)",
(26-21),396871.4036,6955993.623,"seg912(871,874)",
(26-21),396885.0463,6955974.627,"seg915(873,874)",
(26-21),396893.5852,6955963.51,"seg914(873,876)",
(26-21),396909.3294,6955941.263,"seg917(875,876)",
(26-21),396915.7466,6955929.906,"seg916(875,878)",
(26-21),396921.3727,6955918.654,"seg919(877,878)",
(26-21),396923.8931,6955912.582,"seg918(877,880)",
(26-21),396928.1458,6955900.209,"seg921(879,880)",
(26-21),396929.6357,6955893.353,"seg920(879,882)",
(26-21),396931.2612,6955882.122,"seg923(881,882)",
(26-21),396932.9543,6955868.731,"seg922(821,881)",
(26-21),396933.9914,6955856.997,"seg925(820,821)",
(26-21),396936.0084,6955822.726,"seg924(820,823)",
(26-21),396937.1131,6955797.088,"seg927(822,823)",
(26-21),396944.6446,6955682.654,"seg926(822,825)",
(26-21),396945.8148,6955672.693,"seg929(824,825)",
(26-21),396947.9849,6955661.301,"seg928(824,827)",
(26-21),396951.9533,6955647.486,"seg931(826,827)",
(26-21),396956.237,6955637.274,"seg930(826,829)",
(26-21),396964.3554,6955623.273,"seg933(828,829)",
(26-21),396972.2007,6955612.371,"seg932(828,831)",
(26-21),396979.3775,6955604.621,"seg935(830,831)",
(26-21),396985.0052,6955599.018,"seg934(830,833)",
(26-21),396991.0732,6955593.918,"seg937(832,833)",
(26-21),397015.1215,6955576.616,"seg936(832,835)",
(26-21),397026.5455,6955568.846,"seg939(834,835)",
(26-21),397044.6907,6955554.652,"seg938(834,836)",
(27-22),397044.6907,6955554.652,,
(27-22),397056.2694,6955546.108,"seg1275(836,1367)",
(27-22),397066.4709,6955536.888,"seg1274(1367,1369)",
(27-22),397073.0489,6955529.853,"seg1277(1368,1369)",
(27-22),397082.0015,6955516.467,"seg1276(1368,1371)",
(27-22),397087.5709,6955506.045,"seg1279(1370,1371)",
(27-22),397090.5985,6955498.371,"seg1278(1370,1373)",
(27-22),397092.9301,6955491.245,"seg1281(1372,1373)",
(27-22),397094.6729,6955483.67,"seg1280(1372,1375)",
(27-22),397098.273,6955466.64,"seg1283(1374,1375)",
(27-22),397107.1217,6955418.578,"seg1282(1374,1377)",
(27-22),397111.3432,6955398.118,"seg1285(1376,1377)",
(27-22),397115.9598,6955377.661,"seg1284(1376,1379)",
(27-22),397118.9557,6955367.882,"seg1287(1378,1379)",
(27-22),397125.4967,6955347.607,"seg1286(1378,1381)",
(27-22),397138.9812,6955317.919,"seg1289(1380,1381)",
(27-22),397144.0003,6955308.323,"seg1288(1380,1383)",
(27-22),397155.6979,6955291.471,"seg1291(1382,1383)",
(27-22),397169.9916,6955277.134,"seg1290(1382,1385)",
(27-22),397177.702,6955270.496,"seg1293(1384,1385)",
(27-22),397184.7513,6955266.124,"seg1292(1384,1387)",
(27-22),397200.4306,6955257.337,"seg1295(1386,1387)",
(27-22),397224.219,6955247.344,"seg1294(1386,1389)",
(27-22),397239.2759,6955242.098,"seg1233(1388,1389)",
(27-22),397286.9839,6955224.108,"seg1232(1388,1391)",
(27-22),397298.4443,6955217.833,"seg1235(1390,1391)",
(27-22),397311.9558,6955208.419,"seg1234(1390,1393)",
(27-22),397317.7276,6955203.261,"seg1237(1392,1393)",
(27-22),397349.7566,6955170.46,"seg1236(1392,1395)",
(27-22),397355.977,6955164.806,"seg1239(1394,1395)",
(27-22),397361.4437,6955160.698,"seg1238(1335,1394)",
(27-22),397379.8711,6955148.057,"seg1241(1334,1335)",
(27-22),397386.0697,6955145.006,"seg1240(1334,1337)",
(27-22),397457.7666,6955098.856,"seg1243(1336,1337)",
(27-22),397463.8281,6955094.475,"seg1242(1336,1339)",
(27-22),397469.1005,6955089.977,"seg1245(1338,1339)",
(27-22),397481.2629,6955076.507,"seg1244(1338,1341)",
(27-22),397489.0618,6955065.162,"seg1247(1340,1341)",
(27-22),397492.4706,6955059.097,"seg1246(1340,1343)",
(27-22),397497.6131,6955046.511,"seg1249(1342,1343)",
(27-22),397501.0804,6955033.467,"seg1248(1342,1345)",
(27-22),397502.2206,6955027.051,"seg1251(1344,1345)",
(27-22),397503.025,6955013.542,"seg1250(1344,1347)",
(27-22),397502.7826,6955007.114,"seg1253(1346,1347)",
(27-22),397500.9177,6954993.915,"seg1252(1346,1349)",
(27-22),397499.4901,6954987.478,"seg1255(1348,1349)",
(27-22),397495.1498,6954975.033,"seg1254(1348,1351)",
(27-22),397492.4337,6954969.139,"seg1257(1350,1351)",
(27-22),397485.8519,6954959.002,"seg1256(1350,1353)",
(27-22),397481.9442,6954953.873,"seg1259(1352,1353)",
(27-22),397477.7393,6954948.853,"seg1258(1352,1355)",
(27-22),397468.5348,6954939.359,"seg1261(1354,1355)",
(27-22),397463.5342,6954934.996,"seg1260(1354,1357)",
(27-22),397458.2337,6954931.074,"seg1263(1356,1357)",
(27-22),397428.3216,6954911.713,"seg1262(1356,1359)",
(27-22),397416.3431,6954903.249,"seg1457(1358,1359)",
(27-22),397404.6347,6954892.017,"seg1456(1358,1361)",
(27-22),397393.3543,6954876.855,"seg1459(1360,1361)",
(27-22),397386.8248,6954866.386,"seg1458(1360,1363)",
(27-22),397383.6154,6954860.433,"seg1461(1362,1363)",
(27-22),397379.2628,6954849.484,"seg1460(1362,1365)",
(27-22),397375.4155,6954837.154,"seg1463(1364,1365)",
(27-22),397372.6004,6954819.516,"seg1462(1305,1364)",
(27-22),397371.8617,6954807.489,"seg1465(1304,1305)",
(27-22),397372.0777,6954799.404,"seg1464(1010,1304)",
(27-21),397372.0777,6954799.404,,
(27-21),397371.8617,6954807.489,"seg1464(1010,1304)",
(27-21),397372.6004,6954819.516,"seg1465(1304,1305)",
(27-21),397375.4155,6954837.154,"seg1462(1305,1364)",
(27-21),397379.2628,6954849.484,"seg1463(1364,1365)",
(27-21),397383.6154,6954860.433,"seg1460(1362,1365)",
(27-21),397386.8248,6954866.386,"seg1461(1362,1363)",
(27-21),397393.3543,6954876.855,"seg1458(1360,1363)",
(27-21),397404.6347,6954892.017,"seg1459(1360,1361)",
(27-21),397416.3431,6954903.249,"seg1456(1358,1361)",
(27-21),397428.3216,6954911.713,"seg1457(1358,1359)",
(27-21),397458.2337,6954931.074,"seg1262(1356,1359)",
(27-21),397463.5342,6954934.996,"seg1263(1356,1357)",
(27-21),397468.5348,6954939.359,"seg1260(1354,1357)",
(27-21),397477.7393,6954948.853,"seg1261(1354,1355)",
(27-21),397481.9442,6954953.873,"seg1258(1352,1355)",
(27-21),397485.8519,6954959.002,"seg1259(1352,1353)",
(27-21),397492.4337,6954969.139,"seg1256(1350,1353)",
(27-21),397495.1498,6954975.033,"seg1257(1350,1351)",
(27-21),397499.4901,6954987.478,"seg1254(1348,1351)",
(27-21),397500.9177,6954993.915,"seg1255(1348,1349)",
(27-21),397502.7826,6955007.114,"seg1252(1346,1349)",
(27-21),397503.025,6955013.542,"seg1253(1346,1347)",
(27-21),397502.2206,6955027.051,"seg1250(1344,1347)",
(27-21),397501.0804,6955033.467,"seg1251(1344,1345)",
(27-21),397497.6131,6955046.511,"seg1248(1342,1345)",
(27-21),397492.4706,6955059.097,"seg1249(1342,1343)",
(27-21),397489.0618,6955065.162,"seg1246(1340,1343)",
(27-21),397481.2629,6955076.507,"seg1247(1340,1341)",
(27-21),397469.1005,6955089.977,"seg1244(1338,1341)",
(27-21),397463.8281,6955094.475,"seg1245(1338,1339)",
(27-21),397457.7666,6955098.856,"seg1242(1336,1339)",
(27-21),397386.0697,6955145.006,"seg1243(1336,1337)",
(27-21),397379.8711,6955148.057,"seg1240(1334,1337)",
(27-21),397361.4437,6955160.698,"seg1241(1334,1335)",
(27-21),397355.977,6955164.806,"seg1238(1335,1394)",
(27-21),397349.7566,6955170.46,"seg1239(1394,1395)",
(27-21),397317.7276,6955203.261,"seg1236(1392,1395)",
(27-21),397311.9558,6955208.419,"seg1237(1392,1393)",
(27-21),397298.4443,6955217.833,"seg1234(1390,1393)",
(27-21),397286.9839,6955224.108,"seg1235(1390,1391)",
(27-21),397239.2759,6955242.098,"seg1232(1388,1391)",
(27-21),397224.219,6955247.344,"seg1233(1388,1389)",
(27-21),397200.4306,6955257.337,"seg1294(1386,1389)",
(27-21),397184.7513,6955266.124,"seg1295(1386,1387)",
(27-21),397177.702,6955270.496,"seg1292(1384,1387)",
(27-21),397169.9916,6955277.134,"seg1293(1384,1385)",
(27-21),397155.6979,6955291.471,"seg1290(1382,1385)",
(27-21),397144.0003,6955308.323,"seg1291(1382,1383)",
(27-21),397138.9812,6955317.919,"seg1288(1380,1383)",
(27-21),397125.4967,6955347.607,"seg1289(1380,1381)",
(27-21),397118.9557,6955367.882,"seg1286(1378,1381)",
(27-21),397115.9598,6955377.661,"seg1287(1378,1379)",
(27-21),397111.3432,6955398.118,"seg1284(1376,1379)",
(27-21),397107.1217,6955418.578,"seg1285(1376,1377)",
(27-21),397098.273,6955466.64,"seg1282(1374,1377)",
(27-21),397094.6729,6955483.67,"seg1283(1374,1375)",
(27-21),397092.9301,6955491.245,"seg1280(1372,1375)",
(27-21),397090.5985,6955498.371,"seg1281(1372,1373)",
(27-21),397087.5709,6955506.045,"seg1278(1370,1373)",
(27-21),397082.0015,6955516.467,"seg1279(1370,1371)",
(27-21),397073.0489,6955529.853,"seg1276(1368,1371)",
(27-21),397066.4709,6955536.888,"seg1277(1368,1369)",
(27-21),397056.2694,6955546.108,"seg1274(1367,1369)",
(27-21),397044.6907,6955554.652,"seg1275(836,1367)",
(28-23),397372.0777,6954799.404,,
(28-23),397372.5359,6954738.863,"seg858(1010,1012)",
(28-23),397372.0566,6954725.343,"seg861(1011,1012)",
(28-23),397370.9793,6954712.483,"seg860(1011,1014)",
(28-23),397370.0446,6954706.16,"seg863(1013,1014)",
(28-23),397367.3862,6954693.398,"seg862(1013,1016)",
(28-23),397364.8006,6954683.738,"seg865(1015,1016)",
(28-23),397360.1661,6954671.069,"seg864(1015,1018)",
(28-23),397357.554,6954664.566,"seg867(1017,1018)",
(28-23),397351.381,6954652.827,"seg866(1017,1020)",
(28-23),397347.874,6954647.036,"seg869(1019,1020)",
(28-23),397336.1085,6954630.874,"seg868(1019,1022)",
(28-23),397331.7063,6954625.851,"seg871(1021,1022)",
(28-23),397323.4795,6954617.584,"seg870(1021,1024)",
(28-23),397312.4008,6954607.853,"seg873(1023,1024)",
(28-23),397294.6281,6954595.517,"seg872(1023,1026)",
(28-23),397283.4191,6954589.552,"seg875(1025,1026)",
(28-23),397277.2207,6954586.73,"seg874(1025,1028)",
(28-23),397264.4224,6954581.859,"seg877(1027,1028)",
(28-23),397244.03,6954575.705,"seg876(1027,1030)",
(28-23),397216.4387,6954568.272,"seg879(1029,1030)",
(28-23),397202.2447,6954564.94,"seg878(1029,1032)",
(28-23),397165.5362,6954555.326,"seg1073(1031,1032)",
(28-23),397097.9901,6954536.756,"seg1072(1031,1034)",
(28-23),396973.9703,6954504.249,"seg1075(1033,1034)",
(28-23),396939.2955,6954493.599,"seg1074(1033,1036)",
(28-23),396922.0664,6954487.139,"seg1077(1035,1036)",
(28-23),396887.5785,6954471.892,"seg1076(1035,1038)",
(28-23),396863.8852,6954459.008,"seg1079(1037,1038)",
(28-23),396847.4729,6954449.397,"seg1078(1037,1040)",
(28-23),396824.2,6954433.525,"seg1081(1039,1040)",
(28-23),396801.7782,6954416.275,"seg1080(979,1039)",
(28-23),396780.3604,6954397.094,"seg1083(978,979)",
(28-23),396766.795,6954383.686,"seg1082(978,981)",
(28-23),396752.2602,6954368.108,"seg1085(980,981)",
(28-23),396733.9814,6954345.631,"seg1084(980,983)",
(28-23),396723.9712,6954332.252,"seg1087(982,983)",
(28-23),396712.8459,6954316.426,"seg1086(982,985)",
(28-23),396678.4099,6954260.023,"seg1089(984,985)",
(28-23),396625.3422,6954170.392,"seg1088(984,987)",
(28-23),396567.5928,6954073.907,"seg1091(986,987)",
(28-23),396553.7732,6954049.75,"seg1090(986,989)",
(28-23),396545.2216,6954033.281,"seg1093(988,989)",
(28-23),396537.2644,6954016.596,"seg1092(988,991)",
(28-23),396530.1997,6953999.475,"seg1095(990,991)",
(28-23),396523.926,6953982.25,"seg1094(990,993)",
(28-23),396518.4433,6953964.921,"seg1097(992,993)",
(28-23),396511.4132,6953937.885,"seg1096(992,995)",
(28-23),396506.0101,6953911.14,"seg1099(994,995)",
(28-23),396497.372,6953858.222,"seg1098(994,997)",
(28-23),396491.8152,6953814.636,"seg1101(996,997)",
(28-23),396487.5147,6953762.641,"seg1100(996,999)",
(28-23),396486.1288,6953728.009,"seg1103(998,999)",
(28-23),396485.784,6953710.391,"seg1102(998,1001)",
(28-23),396484.0605,6953563.916,"seg1041(1000,1001)",
(28-23),396483.5136,6953546.851,"seg1040(1000,1003)",
(28-23),396481.939,6953388.635,"seg1043(1002,1003)",
(28-23),396480.598,6953313.676,"seg1042(1002,1005)",
(28-23),396480.9986,6953278.006,"seg1045(1004,1005)",
(28-23),396481.258,6953270.697,"seg1044(1004,1007)",
(28-23),396482.5685,6953255.862,"seg1047(1006,1007)",
(28-23),396485.4659,6953234.394,"seg1046(1006,1009)",
(28-23),396487.8589,6953220.012,"seg1049(1008,1009)",
(28-23),396490.8425,6953205.857,"seg1048(947,1008)",
(28-23),396494.2201,6953191.816,"seg1051(946,947)",
(28-23),396498.0896,6953178,"seg1050(946,949)",
(28-23),396507.5086,6953150.217,"seg1053(948,949)",
(28-23),396515.6784,6953130.012,"seg1052(948,951)",
(28-23),396525.4272,6953109.932,"seg1055(950,951)",
(28-23),396539.4857,6953082.354,"seg1054(950,953)",
(28-23),396569.8083,6953025.016,"seg1057(952,953)",
(28-23),396583.1146,6952999.733,"seg1056(952,955)",
(28-23),396595.343,6952975.64,"seg1059(954,955)",
(28-23),396605.8965,6952953.794,"seg1058(954,957)",
(28-23),396615.469,6952931.164,"seg1061(956,957)",
(28-23),396620.8335,6952915.699,"seg1060(956,959)",
(28-23),396628.1443,6952891.941,"seg1063(958,959)",
(28-23),396631.8292,6952876.573,"seg1062(958,961)",
(28-23),396636.6191,6952853.127,"seg1065(960,961)",
(28-23),396639.9542,6952826.567,"seg1064(960,963)",
(28-23),396642.2836,6952802.158,"seg1067(962,963)",
(28-23),396642.4455,6952794.681,"seg1066(962,965)",
(28-23),396648.8229,6952700.234,"seg1069(964,965)",
(28-23),396650.5693,6952668.841,"seg1068(964,967)",
(28-23),396654.4699,6952627.938,"seg1071(966,967)",
(28-23),396656.5672,6952613.443,"seg1070(966,969)",
(28-23),396663.0939,6952577.271,"seg1009(968,969)",
(28-23),396669.2933,6952550.624,"seg1008(968,971)",
(28-23),396674.1919,6952531.832,"seg1011(970,971)",
(28-23),396683.5427,6952500.336,"seg1010(970,973)",
(28-23),396696.507,6952461.892,"seg1013(972,973)",
(28-23),396720.1799,6952394.845,"seg1012(972,975)",
(28-23),396726.0672,6952375.895,"seg1015(974,975)",
(28-23),396727.8019,6952369.262,"seg1014(974,977)",
(28-23),396730.3779,6952356.543,"seg1017(976,977)",
(28-23),396733.3007,6952337.845,"seg1016(976,1161)",
(28-23),396734.5865,6952325.891,"seg1019(1160,1161)",
(28-23),396735.528,6952307.952,"seg1018(1160,1163)",
(28-23),396735.6309,6952295.766,"seg1021(1162,1163)",
(28-23),396734.7019,6952277.146,"seg1020(1162,1165)",
(28-23),396733.4225,6952264.949,"seg1023(1164,1165)",
(28-23),396730.3152,6952247.031,"seg1022(1164,1167)",
(28-23),396726.3207,6952228.939,"seg1025(1166,1167)",
(28-23),396719.1954,6952201.57,"seg1024(1166,1169)",
(28-22),396719.1954,6952201.57,,
(28-22),396726.3207,6952228.939,"seg1024(1166,1169)",
(28-22),396730.3152,6952247.031,"seg1025(1166,1167)",
(28-22),396733.4225,6952264.949,"seg1022(1164,1167)",
(28-22),396734.7019,6952277.146,"seg1023(1164,1165)",
(28-22),396735.6309,6952295.766,"seg1020(1162,1165)",
(28-22),396735.528,6952307.952,"seg1021(1162,1163)",
(28-22),396734.5865,6952325.891,"seg1018(1160,1163)",
(28-22),396733.3007,6952337.845,"seg1019(1160,1161)",
(28-22),396730.3779,6952356.543,"seg1016(976,1161)",
(28-22),396727.8019,6952369.262,"seg1017(976,977)",
(28-22),396726.0672,6952375.895,"seg1014(974,977)",
(28-22),396720.1799,6952394.845,"seg1015(974,975)",
(28-22),396696.507,6952461.892,"seg1012(972,975)",
(28-22),396683.5427,6952500.336,"seg1013(972,973)",
(28-22),396674.1919,6952531.832,"seg1010(970,973)",
(28-22),396669.2933,6952550.624,"seg1011(970,971)",
(28-22),396663.0939,6952577.271,"seg1008(968,971)",
(28-22),396656.5672,6952613.443,"seg1009(968,969)",
(28-22),396654.4699,6952627.938,"seg1070(966,969)",
(28-22),396650.5693,6952668.841,"seg1071(966,967)",
(28-22),396648.8229,6952700.234,"seg1068(964,967)",
(28-22),396642.4455,6952794.681,"seg1069(964,965)",
(28-22),396642.2836,6952802.158,"seg1066(962,965)",
(28-22),396639.9542,6952826.567,"seg1067(962,963)",
(28-22),396636.6191,6952853.127,"seg1064(960,963)",
(28-22),396631.8292,6952876.573,"seg1065(960,961)",
(28-22),396628.1443,6952891.941,"seg1062(958,961)",
(28-22),396620.8335,6952915.699,"seg1063(958,959)",
(28-22),396615.469,6952931.164,"seg1060(956,959)",
(28-22),396605.8965,6952953.794,"seg1061(956,957)",
(28-22),396595.343,6952975.64,"seg1058(954,957)",
(28-22),396583.1146,6952999.733,"seg1059(954,955)",
(28-22),396569.8083,6953025.016,"seg1056(952,955)",
(28-22),396539.4857,6953082.354,"seg1057(952,953)",
(28-22),396525.4272,6953109.932,"seg1054(950,953)",
(28-22),396515.6784,6953130.012,"seg1055(950,951)",
(28-22),396507.5086,6953150.217,"seg1052(948,951)",
(28-22),396498.0896,6953178,"seg1053(948,949)",
(28-22),396494.2201,6953191.816,"seg1050(946,949)",
(28-22),396490.8425,6953205.857,"seg1051(946,947)",
(28-22),396487.8589,6953220.012,"seg1048(947,1008)",
(28-22),396485.4659,6953234.394,"seg1049(1008,1009)",
(28-22),396482.5685,6953255.862,"seg1046(1006,1009)",
(28-22),396481.258,6953270.697,"seg1047(1006,1007)",
(28-22),396480.9986,6953278.006,"seg1044(1004,1007)",
(28-22),396480.598,6953313.676,"seg1045(1004,1005)",
(28-22),396481.939,6953388.635,"seg1042(1002,1005)",
(28-22),396483.5136,6953546.851,"seg1043(1002,1003)",
(28-22),396484.0605,6953563.916,"seg1040(1000,1003)",
(28-22),396485.784,6953710.391,"seg1041(1000,1001)",
(28-22),396486.1288,6953728.009,"seg1102(998,1001)",
(28-22),396487.5147,6953762.641,"seg1103(998,999)",
(28-22),396491.8152,6953814.636,"seg1100(996,999)",
(28-22),396497.372,6953858.222,"seg1101(996,997)",
(28-22),396506.0101,6953911.14,"seg1098(994,997)",
(28-22),396511.4132,6953937.885,"seg1099(994,995)",
(28-22),396518.4433,6953964.921,"seg1096(992,995)",
(28-22),396523.926,6953982.25,"seg1097(992,993)",
(28-22),396530.1997,6953999.475,"seg1094(990,993)",
(28-22),396537.2644,6954016.596,"seg1095(990,991)",
(28-22),396545.2216,6954033.281,"seg1092(988,991)",
(28-22),396553.7732,6954049.75,"seg1093(988,989)",
(28-22),396567.5928,6954073.907,"seg1090(986,989)",
(28-22),396625.3422,6954170.392,"seg1091(986,987)",
(28-22),396678.4099,6954260.023,"seg1088(984,987)",
(28-22),396712.8459,6954316.426,"seg1089(984,985)",
(28-22),396723.9712,6954332.252,"seg1086(982,985)",
(28-22),396733.9814,6954345.631,"seg1087(982,983)",
(28-22),396752.2602,6954368.108,"seg1084(980,983)",
(28-22),396766.795,6954383.686,"seg1085(980,981)",
(28-22),396780.3604,6954397.094,"seg1082(978,981)",
(28-22),396801.7782,6954416.275,"seg1083(978,979)",
(28-22),396824.2,6954433.525,"seg1080(979,1039)",
(28-22),396847.4729,6954449.397,"seg1081(1039,1040)",
(28-22),396863.8852,6954459.008,"seg1078(1037,1040)",
(28-22),396887.5785,6954471.892,"seg1079(1037,1038)",
(28-22),396922.0664,6954487.139,"seg1076(1035,1038)",
(28-22),396939.2955,6954493.599,"seg1077(1035,1036)",
(28-22),396973.9703,6954504.249,"seg1074(1033,1036)",
(28-22),397097.9901,6954536.756,"seg1075(1033,1034)",
(28-22),397165.5362,6954555.326,"seg1072(1031,1034)",
(28-22),397202.2447,6954564.94,"seg1073(1031,1032)",
(28-22),397216.4387,6954568.272,"seg878(1029,1032)",
(28-22),397244.03,6954575.705,"seg879(1029,1030)",
(28-22),397264.4224,6954581.859,"seg876(1027,1030)",
(28-22),397277.2207,6954586.73,"seg877(1027,1028)",
(28-22),397283.4191,6954589.552,"seg874(1025,1028)",
(28-22),397294.6281,6954595.517,"seg875(1025,1026)",
(28-22),397312.4008,6954607.853,"seg872(1023,1026)",
(28-22),397323.4795,6954617.584,"seg873(1023,1024)",
(28-22),397331.7063,6954625.851,"seg870(1021,1024)",
(28-22),397336.1085,6954630.874,"seg871(1021,1022)",
(28-22),397347.874,6954647.036,"seg868(1019,1022)",
(28-22),397351.381,6954652.827,"seg869(1019,1020)",
(28-22),397357.554,6954664.566,"seg866(1017,1020)",
(28-22),397360.1661,6954671.069,"seg867(1017,1018)",
(28-22),397364.8006,6954683.738,"seg864(1015,1018)",
(28-22),397367.3862,6954693.398,"seg865(1015,1016)",
(28-22),397370.0446,6954706.16,"seg862(1013,1016)",
(28-22),397370.9793,6954712.483,"seg863(1013,1014)",
(28-22),397372.0566,6954725.343,"seg860(1011,1014)",
(28-22),397372.5359,6954738.863,"seg861(1011,1012)",
(28-22),397372.0777,6954799.404,"seg858(1010,1012)",
(29-24),396719.1954,6952201.57,,
(29-24),396714.6569,6952183.584,"seg4471(1169,4501)",
(29-24),396709.1231,6952154.843,"seg4468(4499,4501)",
(29-24),396703.4212,6952128.483,"seg4469(4499,4500)",
(29-24),396691.0971,6952085.339,"seg4466(4497,4500)",
(29-24),396687.3362,6952074.672,"seg4467(4497,4498)",
(29-24),396683.9497,6952066.445,"seg4464(4495,4498)",
(29-24),396674.2455,6952046.31,"seg4465(4495,4496)",
(29-24),396670.2619,6952038.632,"seg4462(4329,4496)",
(29-24),396662.6695,6952025.662,"seg4463(4329,4330)",
(29-24),396655.5908,6952016.185,"seg4524(4327,4330)",
(29-24),396644.2958,6952003.183,"seg4525(4327,4328)",
(29-23),396644.2958,6952003.183,,
(29-23),396655.5908,6952016.185,"seg4525(4327,4328)",
(29-23),396662.6695,6952025.662,"seg4524(4327,4330)",
(29-23),396670.2619,6952038.632,"seg4463(4329,4330)",
(29-23),396674.2455,6952046.31,"seg4462(4329,4496)",
(29-23),396683.9497,6952066.445,"seg4465(4495,4496)",
(29-23),396687.3362,6952074.672,"seg4464(4495,4498)",
(29-23),396691.0971,6952085.339,"seg4467(4497,4498)",
(29-23),396703.4212,6952128.483,"seg4466(4497,4500)",
(29-23),396709.1231,6952154.843,"seg4469(4499,4500)",
(29-23),396714.6569,6952183.584,"seg4468(4499,4501)",
(29-23),396719.1954,6952201.57,"seg4471(1169,4501)",
(30-25),396644.2958,6952003.183,,
(30-25),396627.1054,6951986.752,"seg4329(4328,4366)",
(30-25),396610.4393,6951972.541,"seg4328(4365,4366)",
(30-25),396601.3295,6951963.878,"seg4331(4365,4368)",
(30-25),396534.3924,6951892.63,"seg4330(4367,4368)",
(30-25),396523.7362,6951880.021,"seg4333(4367,4370)",
(30-25),396517.101,6951870.659,"seg4332(4369,4370)",
(30-25),396509.6025,6951858.298,"seg4527(4369,4372)",
(30-25),396504.462,6951847.342,"seg4526(4371,4372)",
(30-25),396500.122,6951835.119,"seg4529(4371,4374)",
(30-25),396496.5786,6951822.127,"seg4528(4373,4374)",
(30-25),396494.9892,6951811.589,"seg4531(4373,4376)",
(30-25),396494.2635,6951803.994,"seg4530(4375,4376)",
(30-25),396493.5984,6951789.253,"seg4533(4375,4377)",
(30-25),396495.3385,6951770.324,"seg4532(3133,4377)",
(30-24),396495.3385,6951770.324,,
(30-24),396493.5984,6951789.253,"seg4532(3133,4377)",
(30-24),396494.2635,6951803.994,"seg4533(4375,4377)",
(30-24),396494.9892,6951811.589,"seg4530(4375,4376)",
(30-24),396496.5786,6951822.127,"seg4531(4373,4376)",
(30-24),396500.122,6951835.119,"seg4528(4373,4374)",
(30-24),396504.462,6951847.342,"seg4529(4371,4374)",
(30-24),396509.6025,6951858.298,"seg4526(4371,4372)",
(30-24),396517.101,6951870.659,"seg4527(4369,4372)",
(30-24),396523.7362,6951880.021,"seg4332(4369,4370)",
(30-24),396534.3924,6951892.63,"seg4333(4367,4370)",
(30-24),396601.3295,6951963.878,"seg4330(4367,4368)",
(30-24),396610.4393,6951972.541,"seg4331(4365,4368)",
(30-24),396627.1054,6951986.752,"seg4328(4365,4366)",
(30-24),396644.2958,6952003.183,"seg4329(4328,4366)",
(31-26),396495.3385,6951770.324,,
(31-26),396493.1949,6951784.431,"seg3054(3133,3135)",
(31-26),396486.4583,6951822.041,"seg3249(3134,3135)",
(31-26),396482.82,6951855.246,"seg3248(3134,3137)",
(31-26),396472.6252,6951974.754,"seg3251(3136,3137)",
(31-26),396470.946,6952009.804,"seg3250(3136,3139)",
(31-26),396471.0816,6952017.117,"seg3253(3138,3139)",
(31-26),396470.6441,6952027.97,"seg3252(3138,3141)",
(31-25),396470.6441,6952027.97,,
(31-25),396471.0816,6952017.117,"seg3252(3138,3141)",
(31-25),396470.946,6952009.804,"seg3253(3138,3139)",
(31-25),396472.6252,6951974.754,"seg3250(3136,3139)",
(31-25),396482.82,6951855.246,"seg3251(3136,3137)",
(31-25),396486.4583,6951822.041,"seg3248(3134,3137)",
(31-25),396493.1949,6951784.431,"seg3249(3134,3135)",
(31-25),396495.3385,6951770.324,"seg3054(3133,3135)",
(32-27),396470.6441,6952027.97,,
(32-27),396470.1732,6952054.021,"seg3982(3141,3863)",
(32-27),396469.1207,6952067.372,"seg3985(3862,3863)",
(32-27),396467.6701,6952081.843,"seg3984(3862,3865)",
(32-27),396465.759,6952091.797,"seg3987(3864,3865)",
(32-26),396465.759,6952091.797,,
(32-26),396467.6701,6952081.843,"seg3987(3864,3865)",
(32-26),396469.1207,6952067.372,"seg3984(3862,3865)",
(32-26),396470.1732,6952054.021,"seg3985(3862,3863)",
(32-26),396470.6441,6952027.97,"seg3982(3141,3863)",
(33-23),396465.759,6952091.797,,
(33-23),396473.9317,6952053.701,"seg4470(3864,4502)",
(33-23),396476.6745,6952044.639,"seg4473(4502,4504)",
(33-23),396480.0012,6952036.58,"seg4472(4503,4504)",
(33-23),396485.8207,6952025.662,"seg4475(4503,4506)",
(33-23),396492.5158,6952016.301,"seg4474(4505,4506)",
(33-23),396499.7919,6952008.276,"seg4477(4505,4508)",
(33-23),396505.1659,6952003.336,"seg4476(4507,4508)",
(33-23),396513.1182,6951997.088,"seg4479(4507,4510)",
(33-23),396526.121,6951989.111,"seg4478(4509,4510)",
(33-23),396534.7457,6951985.085,"seg4481(4509,4512)",
(33-23),396546.827,6951980.977,"seg4480(4511,4512)",
(33-23),396559.1896,6951978.644,"seg4483(4511,4514)",
(33-23),396568.577,6951977.837,"seg4482(4513,4514)",
(33-23),396578.2531,6951977.919,"seg4485(4513,4516)",
(33-23),396585.6461,6951978.731,"seg4484(4515,4516)",
(33-23),396592.1681,6951979.609,"seg4487(4515,4518)",
(33-23),396601.4213,6951982.214,"seg4486(4517,4518)",
(33-23),396614.511,6951987.31,"seg4489(4517,4520)",
(33-23),396620.9026,6951990.466,"seg4488(4519,4520)",
(33-23),396633.2758,6951998.548,"seg4491(4519,4521)",
(33-23),396639.9384,6952004.697,"seg4490(4345,4521)",
(33-23),396649.1353,6952014.746,"seg4552(4342,4345)",
(33-23),396654.0192,6952021.046,"seg4553(4342,4343)",
(33-23),396660.7994,6952030.797,"seg4550(4340,4343)",
(33-23),396666.6412,6952040.596,"seg4551(4340,4341)",
(33-23),396674.4607,6952055.895,"seg4548(4338,4341)",
(33-23),396681.5798,6952072.296,"seg4549(4338,4339)",
(33-23),396688.5636,6952093.017,"seg4546(4336,4339)",
(33-23),396712.4262,6952178.801,"seg4547(4336,4337)",
(33-23),396719.1954,6952201.57,"seg4544(1169,4337)",
(33-27),396719.1954,6952201.57,,
(33-27),396712.4262,6952178.801,"seg4544(1169,4337)",
(33-27),396688.5636,6952093.017,"seg4547(4336,4337)",
(33-27),396681.5798,6952072.296,"seg4546(4336,4339)",
(33-27),396674.4607,6952055.895,"seg4549(4338,4339)",
(33-27),396666.6412,6952040.596,"seg4548(4338,4341)",
(33-27),396660.7994,6952030.797,"seg4551(4340,4341)",
(33-27),396654.0192,6952021.046,"seg4550(4340,4343)",
(33-27),396649.1353,6952014.746,"seg4553(4342,4343)",
(33-27),396639.9384,6952004.697,"seg4552(4342,4345)",
(33-27),396633.2758,6951998.548,"seg4490(4345,4521)",
(33-27),396620.9026,6951990.466,"seg4491(4519,4521)",
(33-27),396614.511,6951987.31,"seg4488(4519,4520)",
(33-27),396601.4213,6951982.214,"seg4489(4517,4520)",
(33-27),396592.1681,6951979.609,"seg4486(4517,4518)",
(33-27),396585.6461,6951978.731,"seg4487(4515,4518)",
(33-27),396578.2531,6951977.919,"seg4484(4515,4516)",
(33-27),396568.577,6951977.837,"seg4485(4513,4516)",
(33-27),396559.1896,6951978.644,"seg4482(4513,4514)",
(33-27),396546.827,6951980.977,"seg4483(4511,4514)",
(33-27),396534.7457,6951985.085,"seg4480(4511,4512)",
(33-27),396526.121,6951989.111,"seg4481(4509,4512)",
(33-27),396513.1182,6951997.088,"seg4478(4509,4510)",
(33-27),396505.1659,6952003.336,"seg4479(4507,4510)",
(33-27),396499.7919,6952008.276,"seg4476(4507,4508)",
(33-27),396492.5158,6952016.301,"seg4477(4505,4508)",
(33-27),396485.8207,6952025.662,"seg4474(4505,4506)",
(33-27),396480.0012,6952036.58,"seg4475(4503,4506)",
(33-27),396476.6745,6952044.639,"seg4472(4503,4504)",
(33-27),396473.9317,6952053.701,"seg4473(4502,4504)",
(33-27),396465.759,6952091.797,"seg4470(3864,4502)",
(34-28),396465.759,6952091.797,,
(34-28),396462.3685,6952107.39,"seg4522(1237,3864)",
(34-27),396462.3685,6952107.39,,
(34-27),396465.759,6952091.797,"seg4522(1237,3864)",
(35-29),396462.3685,6952107.39,,
(35-29),396454.6349,6952146.099,"seg1129(1236,1237)",
(35-29),396450.2071,6952161.738,"seg1128(1236,1239)",
(35-29),396436.9649,6952197.964,"seg1131(1238,1239)",
(35-29),396426.6994,6952220.81,"seg1130(1238,1241)",
(35-29),396416.6112,6952240.223,"seg1133(1240,1241)",
(35-29),396408.2403,6952255.053,"seg1132(1240,1243)",
(35-29),396368.3283,6952321.408,"seg1135(1242,1243)",
(35-29),396327.7725,6952387.924,"seg1134(1242,1245)",
(35-29),396302.1158,6952426.648,"seg1329(1244,1245)",
(35-29),396282.2854,6952453.678,"seg1328(1244,1247)",
(35-29),396263.219,6952477.945,"seg1331(1246,1247)",
(35-29),396240.9274,6952504.068,"seg1330(1246,1249)",
(35-29),396214.9204,6952531.654,"seg1333(1248,1249)",
(35-29),396197.3432,6952549.12,"seg1332(1248,1251)",
(35-29),396175.4422,6952569.928,"seg1335(1250,1251)",
(35-29),396047.9355,6952688.883,"seg1334(1250,1253)",
(35-29),396021.606,6952713.641,"seg1337(1252,1253)",
(35-29),396000.8455,6952733.794,"seg1336(1193,1252)",
(35-29),395975.8912,6952759.395,"seg1339(1192,1193)",
(35-29),395952.5086,6952785.951,"seg1338(1192,1195)",
(35-29),395938.8396,6952802.453,"seg1341(1194,1195)",
(35-29),395930.2535,6952813.459,"seg1340(1194,1197)",
(35-29),395921.5635,6952825.073,"seg1343(1196,1197)",
(35-29),395903.7202,6952850.513,"seg1342(1196,1199)",
(35-29),395884.7637,6952879.1,"seg1345(1198,1199)",
(35-29),395878.4552,6952889.35,"seg1344(1198,1201)",
(35-29),395863.7757,6952914.318,"seg1347(1200,1201)",
(35-29),395792.255,6953039.009,"seg1346(1200,1203)",
(35-29),395780.9845,6953057.913,"seg1349(1202,1203)",
(35-29),395774.7651,6953069.271,"seg1348(1202,1205)",
(35-29),395757.1676,6953106.345,"seg1351(1204,1205)",
(35-29),395753.4338,6953115.73,"seg1350(1204,1207)",
(35-29),395748.3729,6953130.2,"seg1353(1206,1207)",
(35-29),395739.071,6953161.418,"seg1352(1206,1209)",
(35-29),395737.6851,6953167.61,"seg1355(1208,1209)",
(35-29),395735.5446,6953177.599,"seg1354(1208,1211)",
(35-29),395734.1847,6953184.365,"seg1357(1210,1211)",
(35-29),395732.996,6953191.923,"seg1356(1210,1213)",
(35-29),395731.2869,6953205.722,"seg1359(1212,1213)",
(35-29),395729.2446,6953225.203,"seg1358(1212,1215)",
(35-29),395727.074,6953253.933,"seg1297(1214,1215)",
(35-29),395727.1812,6953270.331,"seg1296(1214,1217)",
(35-29),395728.2531,6953289.395,"seg1299(1216,1217)",
(35-29),395731.8027,6953319.006,"seg1298(1216,1219)",
(35-29),395734.6245,6953335.537,"seg1301(1218,1219)",
(35-29),395738.3293,6953352.74,"seg1300(1218,1221)",
(35-29),395748.3312,6953390.05,"seg1303(1220,1221)",
(35-29),395764.7479,6953445.251,"seg1302(1220,1223)",
(35-29),395767.0565,6953452.471,"seg1305(1222,1223)",
(35-29),395772.2709,6953466.364,"seg1304(1222,1397)",
(35-29),395800.5093,6953559.776,"seg1307(1396,1397)",
(35-29),395805.7669,6953580.206,"seg1306(1396,1399)",
(35-29),395810.3471,6953593.207,"seg1309(1398,1399)",
(35-29),395814.3635,6953608.64,"seg1308(1398,1401)",
(35-29),395818.4918,6953622.524,"seg1311(1400,1401)",
(35-29),395822.9172,6953642.115,"seg1310(1400,1403)",
(35-29),395826.5537,6953655.773,"seg1313(1402,1403)",
(35-29),395827.8274,6953662.763,"seg1312(1402,1405)",
(35-29),395828.6087,6953669.583,"seg1315(1404,1405)",
(35-29),395831.3057,6953683.399,"seg1314(1404,1407)",
(35-29),395834.3881,6953704.143,"seg1317(1406,1407)",
(35-29),395837.8108,6953731.314,"seg1316(1406,1409)",
(35-29),395838.9766,6953745.173,"seg1319(1408,1409)",
(35-29),395843.154,6953799.715,"seg1318(1408,1411)",
(35-29),395854.9066,6953985.327,"seg1321(1410,1411)",
(35-29),395856.6994,6954018.357,"seg1320(1410,1413)",
(35-29),395857.1241,6954038.081,"seg1323(1412,1413)",
(35-29),395857.1907,6954070.874,"seg1322(1412,1415)",
(35-29),395856.4754,6954096.903,"seg1325(1414,1415)",
(35-29),395855.2242,6954116.28,"seg1324(1414,1417)",
(35-29),395854.1254,6954129.343,"seg1327(1416,1417)",
(35-29),395850.3472,6954161.328,"seg1326(1416,1419)",
(35-29),395847.7134,6954180.693,"seg1265(1418,1419)",
(35-29),395843.2436,6954206.912,"seg1264(1418,1421)",
(35-29),395836.5417,6954240.091,"seg1267(1420,1421)",
(35-29),395829.9923,6954266.956,"seg1266(1420,1423)",
(35-29),395821.115,6954300.449,"seg1269(1422,1423)",
(35-29),395792.0833,6954404.341,"seg1268(1422,1424)",
(35-29),395773.5711,6954473.259,"seg1271(1156,1424)",
(35-28),395773.5711,6954473.259,,
(35-28),395792.0833,6954404.341,"seg1271(1156,1424)",
(35-28),395821.115,6954300.449,"seg1268(1422,1424)",
(35-28),395829.9923,6954266.956,"seg1269(1422,1423)",
(35-28),395836.5417,6954240.091,"seg1266(1420,1423)",
(35-28),395843.2436,6954206.912,"seg1267(1420,1421)",
(35-28),395847.7134,6954180.693,"seg1264(1418,1421)",
(35-28),395850.3472,6954161.328,"seg1265(1418,1419)",
(35-28),395854.1254,6954129.343,"seg1326(1416,1419)",
(35-28),395855.2242,6954116.28,"seg1327(1416,1417)",
(35-28),395856.4754,6954096.903,"seg1324(1414,1417)",
(35-28),395857.1907,6954070.874,"seg1325(1414,1415)",
(35-28),395857.1241,6954038.081,"seg1322(1412,1415)",
(35-28),395856.6994,6954018.357,"seg1323(1412,1413)",
(35-28),395854.9066,6953985.327,"seg1320(1410,1413)",
(35-28),395843.154,6953799.715,"seg1321(1410,1411)",
(35-28),395838.9766,6953745.173,"seg1318(1408,1411)",
(35-28),395837.8108,6953731.314,"seg1319(1408,1409)",
(35-28),395834.3881,6953704.143,"seg1316(1406,1409)",
(35-28),395831.3057,6953683.399,"seg1317(1406,1407)",
(35-28),395828.6087,6953669.583,"seg1314(1404,1407)",
(35-28),395827.8274,6953662.763,"seg1315(1404,1405)",
(35-28),395826.5537,6953655.773,"seg1312(1402,1405)",
(35-28),395822.9172,6953642.115,"seg1313(1402,1403)",
(35-28),395818.4918,6953622.524,"seg1310(1400,1403)",
(35-28),395814.3635,6953608.64,"seg1311(1400,1401)",
(35-28),395810.3471,6953593.207,"seg1308(1398,1401)",
(35-28),395805.7669,6953580.206,"seg1309(1398,1399)",
(35-28),395800.5093,6953559.776,"seg1306(1396,1399)",
(35-28),395772.2709,6953466.364,"seg1307(1396,1397)",
(35-28),395767.0565,6953452.471,"seg1304(1222,1397)",
(35-28),395764.7479,6953445.251,"seg1305(1222,1223)",
(35-28),395748.3312,6953390.05,"seg1302(1220,1223)",
(35-28),395738.3293,6953352.74,"seg1303(1220,1221)",
(35-28),395734.6245,6953335.537,"seg1300(1218,1221)",
(35-28),395731.8027,6953319.006,"seg1301(1218,1219)",
(35-28),395728.2531,6953289.395,"seg1298(1216,1219)",
(35-28),395727.1812,6953270.331,"seg1299(1216,1217)",
(35-28),395727.074,6953253.933,"seg1296(1214,1217)",
(35-28),395729.2446,6953225.203,"seg1297(1214,1215)",
(35-28),395731.2869,6953205.722,"seg1358(1212,1215)",
(35-28),395732.996,6953191.923,"seg1359(1212,1213)",
(35-28),395734.1847,6953184.365,"seg1356(1210,1213)",
(35-28),395735.5446,6953177.599,"seg1357(1210,1211)",
(35-28),395737.6851,6953167.61,"seg1354(1208,1211)",
(35-28),395739.071,6953161.418,"seg1355(1208,1209)",
(35-28),395748.3729,6953130.2,"seg1352(1206,1209)",
(35-28),395753.4338,6953115.73,"seg1353(1206,1207)",
(35-28),395757.1676,6953106.345,"seg1350(1204,1207)",
(35-28),395774.7651,6953069.271,"seg1351(1204,1205)",
(35-28),395780.9845,6953057.913,"seg1348(1202,1205)",
(35-28),395792.255,6953039.009,"seg1349(1202,1203)",
(35-28),395863.7757,6952914.318,"seg1346(1200,1203)",
(35-28),395878.4552,6952889.35,"seg1347(1200,1201)",
(35-28),395884.7637,6952879.1,"seg1344(1198,1201)",
(35-28),395903.7202,6952850.513,"seg1345(1198,1199)",
(35-28),395921.5635,6952825.073,"seg1342(1196,1199)",
(35-28),395930.2535,6952813.459,"seg1343(1196,1197)",
(35-28),395938.8396,6952802.453,"seg1340(1194,1197)",
(35-28),395952.5086,6952785.951,"seg1341(1194,1195)",
(35-28),395975.8912,6952759.395,"seg1338(1192,1195)",
(35-28),396000.8455,6952733.794,"seg1339(1192,1193)",
(35-28),396021.606,6952713.641,"seg1336(1193,1252)",
(35-28),396047.9355,6952688.883,"seg1337(1252,1253)",
(35-28),396175.4422,6952569.928,"seg1334(1250,1253)",
(35-28),396197.3432,6952549.12,"seg1335(1250,1251)",
(35-28),396214.9204,6952531.654,"seg1332(1248,1251)",
(35-28),396240.9274,6952504.068,"seg1333(1248,1249)",
(35-28),396263.219,6952477.945,"seg1330(1246,1249)",
(35-28),396282.2854,6952453.678,"seg1331(1246,1247)",
(35-28),396302.1158,6952426.648,"seg1328(1244,1247)",
(35-28),396327.7725,6952387.924,"seg1329(1244,1245)",
(35-28),396368.3283,6952321.408,"seg1134(1242,1245)",
(35-28),396408.2403,6952255.053,"seg1135(1242,1243)",
(35-28),396416.6112,6952240.223,"seg1132(1240,1243)",
(35-28),396426.6994,6952220.81,"seg1133(1240,1241)",
(35-28),396436.9649,6952197.964,"seg1130(1238,1241)",
(35-28),396450.2071,6952161.738,"seg1131(1238,1239)",
(35-28),396454.6349,6952146.099,"seg1128(1236,1239)",
(35-28),396462.3685,6952107.39,"seg1129(1236,1237)",
(36-30),395773.5711,6954473.259,,
(36-30),395776.7715,6954462.761,"seg1203(1156,1157)",
(36-30),395781.2723,6954450.336,"seg1200(1154,1157)",
(36-30),395785.3577,6954440.289,"seg1201(1154,1155)",
(36-30),395788.6718,6954433.836,"seg1006(1152,1155)",
(36-30),395796.3299,6954421.771,"seg1007(1152,1153)",
(36-30),395804.4173,6954411.481,"seg1004(1150,1153)",
(36-30),395816.073,6954399.671,"seg1005(1150,1151)",
(36-30),395826.0818,6954389.896,"seg1002(1148,1151)",
(36-30),395831.5581,6954385.454,"seg1003(1148,1149)",
(36-30),395840.8572,6954378.243,"seg1000(1146,1149)",
(36-30),395844.3713,6954375.471,"seg1001(1146,1147)",
(36-30),395852.7105,6954369.948,"seg998(1144,1147)",
(36-30),395860.5287,6954365.195,"seg999(1144,1145)",
(36-30),395866.9627,6954361.687,"seg996(1142,1145)",
(36-30),395876.1523,6954357.172,"seg997(1142,1143)",
(36-30),395888.7618,6954352.369,"seg994(1140,1143)",
(36-30),395900.8103,6954348.229,"seg995(1140,1141)",
(36-30),395923.7764,6954341.017,"seg992(1138,1141)",
(36-30),395987.7716,6954318.318,"seg993(1138,1139)",
(36-30),395999.0216,6954313.539,"seg990(1136,1139)",
(36-30),396007.5028,6954309.18,"seg991(1136,1137)",
(36-30),396021.7583,6954299.385,"seg988(1134,1137)",
(36-30),396029.7128,6954293.083,"seg989(1134,1135)",
(36-30),396035.7834,6954287.65,"seg986(1132,1135)",
(36-30),396043.0593,6954279.846,"seg987(1132,1133)",
(36-30),396048.1009,6954273.463,"seg984(1130,1133)",
(36-30),396055.7507,6954262.339,"seg985(1130,1131)",
(36-30),396060.9085,6954253.908,"seg982(1131,1190)",
(36-29),396060.9085,6954253.908,,
(36-29),396055.7507,6954262.339,"seg982(1131,1190)",
(36-29),396048.1009,6954273.463,"seg985(1130,1131)",
(36-29),396043.0593,6954279.846,"seg984(1130,1133)",
(36-29),396035.7834,6954287.65,"seg987(1132,1133)",
(36-29),396029.7128,6954293.083,"seg986(1132,1135)",
(36-29),396021.7583,6954299.385,"seg989(1134,1135)",
(36-29),396007.5028,6954309.18,"seg988(1134,1137)",
(36-29),395999.0216,6954313.539,"seg991(1136,1137)",
(36-29),395987.7716,6954318.318,"seg990(1136,1139)",
(36-29),395923.7764,6954341.017,"seg993(1138,1139)",
(36-29),395900.8103,6954348.229,"seg992(1138,1141)",
(36-29),395888.7618,6954352.369,"seg995(1140,1141)",
(36-29),395876.1523,6954357.172,"seg994(1140,1143)",
(36-29),395866.9627,6954361.687,"seg997(1142,1143)",
(36-29),395860.5287,6954365.195,"seg996(1142,1145)",
(36-29),395852.7105,6954369.948,"seg999(1144,1145)",
(36-29),395844.3713,6954375.471,"seg998(1144,1147)",
(36-29),395840.8572,6954378.243,"seg1001(1146,1147)",
(36-29),395831.5581,6954385.454,"seg1000(1146,1149)",
(36-29),395826.0818,6954389.896,"seg1003(1148,1149)",
(36-29),395816.073,6954399.671,"seg1002(1148,1151)",
(36-29),395804.4173,6954411.481,"seg1005(1150,1151)",
(36-29),395796.3299,6954421.771,"seg1004(1150,1153)",
(36-29),395788.6718,6954433.836,"seg1007(1152,1153)",
(36-29),395785.3577,6954440.289,"seg1006(1152,1155)",
(36-29),395781.2723,6954450.336,"seg1201(1154,1155)",
(36-29),395776.7715,6954462.761,"seg1200(1154,1157)",
(36-29),395773.5711,6954473.259,"seg1203(1156,1157)",
(37-31),396060.9085,6954253.908,,
(37-31),396071.6525,6954233.116,"seg3226(1190,3294)",
(37-31),396075.6276,6954224.397,"seg3229(3293,3294)",
(37-31),396078.9128,6954215.507,"seg3228(3293,3296)",
(37-31),396081.4513,6954207.33,"seg3231(3295,3296)",
(37-31),396085.0751,6954193.457,"seg3230(3295,3298)",
(37-31),396087.147,6954182.064,"seg3233(3297,3298)",
(37-31),396088.4068,6954167.451,"seg3232(3297,3300)",
(37-31),396088.6674,6954160.03,"seg3235(3299,3300)",
(37-31),396088.2771,6954147.84,"seg3234(3299,3302)",
(37-31),396087.0097,6954134.258,"seg3237(3301,3302)",
(37-31),396084.8786,6954123.549,"seg3236(1718,3301)",
(37-30),396084.8786,6954123.549,,
(37-30),396087.0097,6954134.258,"seg3236(1718,3301)",
(37-30),396088.2771,6954147.84,"seg3237(3301,3302)",
(37-30),396088.6674,6954160.03,"seg3234(3299,3302)",
(37-30),396088.4068,6954167.451,"seg3235(3299,3300)",
(37-30),396087.147,6954182.064,"seg3232(3297,3300)",
(37-30),396085.0751,6954193.457,"seg3233(3297,3298)",
(37-30),396081.4513,6954207.33,"seg3230(3295,3298)",
(37-30),396078.9128,6954215.507,"seg3231(3295,3296)",
(37-30),396075.6276,6954224.397,"seg3228(3293,3296)",
(37-30),396071.6525,6954233.116,"seg3229(3293,3294)",
(37-30),396060.9085,6954253.908,"seg3226(1190,3294)",
(38-32),396084.8786,6954123.549,,
(38-32),396079.3301,6954102.397,"seg3750(1717,1718)",
(38-32),396068.2153,6954068.015,"seg3749(1717,1719)",
(38-31),396068.2153,6954068.015,,
(38-31),396079.3301,6954102.397,"seg3749(1717,1719)",
(38-31),396084.8786,6954123.549,"seg3750(1717,1718)",
(39-33),396068.2153,6954068.015,,
(39-33),396062.4012,6954054.893,"seg3700(1114,1719)",
(39-32),396062.4012,6954054.893,,
(39-32),396068.2153,6954068.015,"seg3700(1114,1719)",
(40-34),396062.4012,6954054.893,,
(40-34),396054.5495,6954037.488,"seg1217(1114,1117)",
(40-34),396046.3362,6954016.147,"seg1216(1116,1117)",
(40-34),396009.297,6953900.448,"seg1219(1116,1119)",
(40-34),396005.8451,6953888.288,"seg1218(1118,1119)",
(40-34),396002.9443,6953875.19,"seg1221(1118,1121)",
(40-34),395997.6412,6953842.629,"seg1220(1120,1121)",
(40-34),395972.1278,6953666.539,"seg1223(1120,1123)",
(40-34),395955.4492,6953554.891,"seg1222(1122,1123)",
(40-34),395954.2634,6953543.359,"seg1225(1122,1125)",
(40-34),395954.1415,6953517.046,"seg1224(1124,1125)",
(40-34),395955.3496,6953479.5,"seg1227(1124,1127)",
(40-34),395955.9803,6953440.176,"seg1226(1126,1127)",
(40-34),395956.7818,6953421.404,"seg1229(1126,1128)",
(40-34),395960.361,6953401.161,"seg1228(1087,1128)",
(40-33),395960.361,6953401.161,,
(40-33),395956.7818,6953421.404,"seg1228(1087,1128)",
(40-33),395955.9803,6953440.176,"seg1229(1126,1128)",
(40-33),395955.3496,6953479.5,"seg1226(1126,1127)",
(40-33),395954.1415,6953517.046,"seg1227(1124,1127)",
(40-33),395954.2634,6953543.359,"seg1224(1124,1125)",
(40-33),395955.4492,6953554.891,"seg1225(1122,1125)",
(40-33),395972.1278,6953666.539,"seg1222(1122,1123)",
(40-33),395997.6412,6953842.629,"seg1223(1120,1123)",
(40-33),396002.9443,6953875.19,"seg1220(1120,1121)",
(40-33),396005.8451,6953888.288,"seg1221(1118,1121)",
(40-33),396009.297,6953900.448,"seg1218(1118,1119)",
(40-33),396046.3362,6954016.147,"seg1219(1116,1119)",
(40-33),396054.5495,6954037.488,"seg1216(1116,1117)",
(40-33),396062.4012,6954054.893,"seg1217(1114,1117)",
(41-33),395960.361,6953401.161,,
(41-33),395954.9479,6953422.219,"seg1183(1087,1088)",
(41-33),395953.0838,6953432.396,"seg1180(1085,1088)",
(41-33),395951.5037,6953444.015,"seg1181(1085,1086)",
(41-33),395950.5517,6953457.246,"seg1178(1083,1086)",
(41-33),395949.096,6953518.111,"seg1179(1083,1084)",
(41-33),395949.1057,6953528.58,"seg1176(1081,1084)",
(41-33),395949.7521,6953539.664,"seg1177(1081,1082)",
(41-33),395952.3841,6953561.124,"seg1174(1079,1082)",
(41-33),395993.409,6953840.932,"seg1175(1079,1080)",
(41-33),396000.6884,6953884.976,"seg1172(1077,1080)",
(41-33),396003.357,6953896.354,"seg1173(1077,1078)",
(41-33),396010.3629,6953920.288,"seg1170(1075,1078)",
(41-33),396033.642,6953993.328,"seg1171(1075,1076)",
(41-33),396039.4767,6954009.829,"seg1168(1073,1076)",
(41-33),396045.4356,6954023.34,"seg1169(1073,1074)",
(41-33),396049.6598,6954031.796,"seg1230(1074,1129)",
(41-33),396062.4012,6954054.893,"seg1231(1114,1129)",
(41-34),396062.4012,6954054.893,,
(41-34),396049.6598,6954031.796,"seg1231(1114,1129)",
(41-34),396045.4356,6954023.34,"seg1230(1074,1129)",
(41-34),396039.4767,6954009.829,"seg1169(1073,1074)",
(41-34),396033.642,6953993.328,"seg1168(1073,1076)",
(41-34),396010.3629,6953920.288,"seg1171(1075,1076)",
(41-34),396003.357,6953896.354,"seg1170(1075,1078)",
(41-34),396000.6884,6953884.976,"seg1173(1077,1078)",
(41-34),395993.409,6953840.932,"seg1172(1077,1080)",
(41-34),395952.3841,6953561.124,"seg1175(1079,1080)",
(41-34),395949.7521,6953539.664,"seg1174(1079,1082)",
(41-34),395949.1057,6953528.58,"seg1177(1081,1082)",
(41-34),395949.096,6953518.111,"seg1176(1081,1084)",
(41-34),395950.5517,6953457.246,"seg1179(1083,1084)",
(41-34),395951.5037,6953444.015,"seg1178(1083,1086)",
(41-34),395953.0838,6953432.396,"seg1181(1085,1086)",
(41-34),395954.9479,6953422.219,"seg1180(1085,1088)",
(41-34),395960.361,6953401.161,"seg1183(1087,1088)",
(42-35),395960.361,6953401.161,,
(42-35),395966.3201,6953373.958,"seg1195(1087,1101)",
(42-34),395966.3201,6953373.958,,
(42-34),395960.361,6953401.161,"seg1195(1087,1101)",
(43-36),395966.3201,6953373.958,,
(43-36),395961.963,6953404.387,"seg1193(1100,1101)",
(43-36),395961.6915,6953418.898,"seg1192(1100,1102)",
(43-35),395961.6915,6953418.898,,
(43-35),395961.963,6953404.387,"seg1192(1100,1102)",
(43-35),395966.3201,6953373.958,"seg1193(1100,1101)",
(44-37),395961.6915,6953418.898,,
(44-37),395962.0802,6953431.254,"seg1207(1102,1104)",
(44-37),395964.0807,6953451.489,"seg1206(1104,1106)",
(44-37),395969.2279,6953484.935,"seg1209(1105,1106)",
(44-37),396037.5062,6953951.151,"seg1208(1105,1108)",
(44-37),396046.9057,6954001.417,"seg1211(1107,1108)",
(44-36),396046.9057,6954001.417,,
(44-36),396037.5062,6953951.151,"seg1211(1107,1108)",
(44-36),395969.2279,6953484.935,"seg1208(1105,1108)",
(44-36),395964.0807,6953451.489,"seg1209(1105,1106)",
(44-36),395962.0802,6953431.254,"seg1206(1104,1106)",
(44-36),395961.6915,6953418.898,"seg1207(1102,1104)",
(45-38),396046.9057,6954001.417,,
(45-38),396050.1706,6954012.357,"seg3745(1107,1715)",
(45-38),396054.3638,6954024.469,"seg3746(1714,1715)",
(45-37),396054.3638,6954024.469,,
(45-37),396050.1706,6954012.357,"seg3746(1714,1715)",
(45-37),396046.9057,6954001.417,"seg3745(1107,1715)",
(46-39),396054.3638,6954024.469,,
(46-39),396049.0693,6954002.488,"seg3748(1093,1714)",
(46-39),395973.6,6953487.576,"seg1186(1093,1094)",
(46-39),395971.6219,6953476.314,"seg1187(1091,1094)",
(46-39),395970.2833,6953465.335,"seg1184(1091,1092)",
(46-39),395969.3981,6953447.491,"seg1185(1089,1092)",
(46-39),395969.0018,6953401.179,"seg1182(1089,1090)",
(46-38),395969.0018,6953401.179,,
(46-38),395969.3981,6953447.491,"seg1182(1089,1090)",
(46-38),395970.2833,6953465.335,"seg1185(1089,1092)",
(46-38),395971.6219,6953476.314,"seg1184(1091,1092)",
(46-38),395973.6,6953487.576,"seg1187(1091,1094)",
(46-38),396049.0693,6954002.488,"seg1186(1093,1094)",
(46-38),396054.3638,6954024.469,"seg3748(1093,1714)",
(47-40),395969.0018,6953401.179,,
(47-40),395968.5912,6953344.951,"seg1149(1090,1298)",
(47-39),395968.5912,6953344.951,,
(47-39),395969.0018,6953401.179,"seg1149(1090,1298)",
(48-35),395968.5912,6953344.951,,
(48-35),395967.7972,6953362.836,"seg3060(1298,3190)",
(48-35),395966.3201,6953373.958,"seg3063(1101,3190)",
(48-40),395966.3201,6953373.958,,
(48-40),395967.7972,6953362.836,"seg3063(1101,3190)",
(48-40),395968.5912,6953344.951,"seg3060(1298,3190)",
(49-41),395968.5912,6953344.951,,
(49-41),395968.7403,6953339.025,"seg3065(1298,3191)",
(49-41),395967.0079,6953316.299,"seg3064(1268,3191)",
(49-40),395967.0079,6953316.299,,
(49-40),395968.7403,6953339.025,"seg3064(1268,3191)",
(49-40),395968.5912,6953344.951,"seg3065(1298,3191)",
(50-42),395967.0079,6953316.299,,
(50-42),395964.8671,6953300.937,"seg1104(1268,1270)",
(50-42),395961.7013,6953289.998,"seg1107(1269,1270)",
(50-42),395959.6132,6953280.065,"seg1106(1269,1272)",
(50-42),395950.7073,6953247.362,"seg1109(1271,1272)",
(50-42),395944.5557,6953227.534,"seg1108(1271,1273)",
(50-41),395944.5557,6953227.534,,
(50-41),395950.7073,6953247.362,"seg1108(1271,1273)",
(50-41),395959.6132,6953280.065,"seg1109(1271,1272)",
(50-41),395961.7013,6953289.998,"seg1106(1269,1272)",
(50-41),395964.8671,6953300.937,"seg1107(1269,1270)",
(50-41),395967.0079,6953316.299,"seg1104(1268,1270)",
(51-43),395944.5557,6953227.534,,
(51-43),395956.1579,6953256.715,"seg1111(1265,1273)",
(51-42),395956.1579,6953256.715,,
(51-42),395944.5557,6953227.534,"seg1111(1265,1273)",
(52-44),395956.1579,6953256.715,,
(52-44),395959.7413,6953264.999,"seg1105(1265,1267)",
(52-44),395967.8026,6953280.91,"seg1166(1260,1267)",
(52-43),395967.8026,6953280.91,,
(52-43),395959.7413,6953264.999,"seg1166(1260,1267)",
(52-43),395956.1579,6953256.715,"seg1105(1265,1267)",
(53-45),395967.8026,6953280.91,,
(53-45),395975.3517,6953298.977,"seg1161(1259,1260)",
(53-45),395980.7445,6953315.142,"seg1160(1259,1261)",
(53-44),395980.7445,6953315.142,,
(53-44),395975.3517,6953298.977,"seg1160(1259,1261)",
(53-44),395967.8026,6953280.91,"seg1161(1259,1260)",
(54-46),395980.7445,6953315.142,,
(54-46),395986.0159,6953333.965,"seg3067(1261,3192)",
(54-46),395993.036,6953361.998,"seg3066(3192,3194)",
(54-46),396008.7103,6953464,"seg3069(3193,3194)",
(54-46),396031.2767,6953620.788,"seg3068(1687,3193)",
(54-45),396031.2767,6953620.788,,
(54-45),396008.7103,6953464,"seg3068(1687,3193)",
(54-45),395993.036,6953361.998,"seg3069(3193,3194)",
(54-45),395986.0159,6953333.965,"seg3066(3192,3194)",
(54-45),395980.7445,6953315.142,"seg3067(1261,3192)",
(55-47),396031.2767,6953620.788,,
(55-47),396030.5161,6953588.266,"seg3077(1687,3199)",
(55-47),395998.7298,6953371.796,"seg3074(3199,3200)",
(55-47),395996.2289,6953352.332,"seg3075(3197,3200)",
(55-47),395994.2357,6953342.843,"seg3072(3197,3198)",
(55-47),395991.4606,6953332.405,"seg3073(3195,3198)",
(55-47),395988.5195,6953324.071,"seg3070(3195,3196)",
(55-47),395980.5739,6953306.167,"seg3071(1254,3196)",
(55-46),395980.5739,6953306.167,,
(55-46),395988.5195,6953324.071,"seg3071(1254,3196)",
(55-46),395991.4606,6953332.405,"seg3070(3195,3196)",
(55-46),395994.2357,6953342.843,"seg3073(3195,3198)",
(55-46),395996.2289,6953352.332,"seg3072(3197,3198)",
(55-46),395998.7298,6953371.796,"seg3075(3197,3200)",
(55-46),396030.5161,6953588.266,"seg3074(3199,3200)",
(55-46),396031.2767,6953620.788,"seg3077(1687,3199)",
(56-48),395980.5739,6953306.167,,
(56-48),395987.5278,6953318.745,"seg1157(1254,1255)",
(56-48),396009.8751,6953361.809,"seg1154(1255,1280)",
(56-47),396009.8751,6953361.809,,
(56-47),395987.5278,6953318.745,"seg1154(1255,1280)",
(56-47),395980.5739,6953306.167,"seg1157(1254,1255)",
(57-49),396009.8751,6953361.809,,
(57-49),396009.9236,6953361.92,"seg1155(1280,1286)",
(57-49),396024.7856,6953396.834,"seg1137(1283,1286)",
(57-49),396042.6745,6953441.633,"seg1198(1283,1284)",
(57-49),396046.6177,6953454.074,"seg1199(1281,1284)",
(57-49),396049.1851,6953465.729,"seg1196(1281,1282)",
(57-49),396050.3964,6953474.27,"seg1197(1279,1282)",
(57-48),396050.3964,6953474.27,,
(57-48),396049.1851,6953465.729,"seg1197(1279,1282)",
(57-48),396046.6177,6953454.074,"seg1196(1281,1282)",
(57-48),396042.6745,6953441.633,"seg1199(1281,1284)",
(57-48),396024.7856,6953396.834,"seg1198(1283,1284)",
(57-48),396009.9236,6953361.92,"seg1137(1283,1286)",
(57-48),396009.8751,6953361.809,"seg1155(1280,1286)",
(58-50),396050.3964,6953474.27,,
(58-50),396075.6581,6953650.967,"seg3838(1279,3727)",
(58-50),396077.9665,6953669.876,"seg3841(3726,3727)",
(58-50),396078.2589,6953687.77,"seg3840(3726,3729)",
(58-50),396076.7841,6953710.247,"seg3843(3728,3729)",
(58-50),396076.6666,6953718.278,"seg3842(3728,3730)",
(58-50),396077.2872,6953726.593,"seg3845(1672,3730)",
(58-49),396077.2872,6953726.593,,
(58-49),396076.6666,6953718.278,"seg3845(1672,3730)",
(58-49),396076.7841,6953710.247,"seg3842(3728,3730)",
(58-49),396078.2589,6953687.77,"seg3843(3728,3729)",
(58-49),396077.9665,6953669.876,"seg3840(3726,3729)",
(58-49),396075.6581,6953650.967,"seg3841(3726,3727)",
(58-49),396050.3964,6953474.27,"seg3838(1279,3727)",
(59-51),396077.2872,6953726.593,,
(59-51),396075.0899,6953712.061,"seg3666(1672,1673)",
(59-50),396075.0899,6953712.061,,
(59-50),396077.2872,6953726.593,"seg3666(1672,1673)",
(60-52),396075.0899,6953712.061,,
(60-52),396072.6781,6953699.522,"seg3674(1673,1681)",
(60-52),396071.4851,6953688.821,"seg3671(1679,1681)",
(60-51),396071.4851,6953688.821,,
(60-51),396072.6781,6953699.522,"seg3671(1679,1681)",
(60-51),396075.0899,6953712.061,"seg3674(1673,1681)",
(61-53),396071.4851,6953688.821,,
(61-53),396068.2128,6953672.95,"seg3683(1679,3795)",
(61-53),396064.3494,6953662.725,"seg3684(3795,3796)",
(61-53),396042.387,6953609.139,"seg3681(1689,3796)",
(61-52),396042.387,6953609.139,,
(61-52),396064.3494,6953662.725,"seg3681(1689,3796)",
(61-52),396068.2128,6953672.95,"seg3684(3795,3796)",
(61-52),396071.4851,6953688.821,"seg3683(1679,3795)",
(62-54),396071.4851,6953688.821,,
(62-54),396067.9495,6953663.254,"seg3865(1679,3793)",
(62-54),396060.3763,6953595.666,"seg3862(3793,3794)",
(62-54),396051.7281,6953532.555,"seg3863(1115,3794)",
(62-52),396051.7281,6953532.555,,
(62-52),396060.3763,6953595.666,"seg3863(1115,3794)",
(62-52),396067.9495,6953663.254,"seg3862(3793,3794)",
(62-52),396071.4851,6953688.821,"seg3865(1679,3793)",
(63-55),396051.7281,6953532.555,,
(63-55),396041.6906,6953464.446,"seg1214(1112,1115)",
(63-55),396038.9761,6953452.68,"seg1215(1112,1113)",
(63-55),396031.9572,6953430.297,"seg1212(1110,1113)",
(63-55),396023.9955,6953408.46,"seg1213(1110,1111)",
(63-54),396023.9955,6953408.46,,
(63-54),396031.9572,6953430.297,"seg1213(1110,1111)",
(63-54),396038.9761,6953452.68,"seg1212(1110,1113)",
(63-54),396041.6906,6953464.446,"seg1215(1112,1113)",
(63-54),396051.7281,6953532.555,"seg1214(1112,1115)",
(64-49),396051.7281,6953532.555,,
(64-49),396050.8056,6953519.086,"seg3844(1115,3731)",
(64-49),396050.5574,6953507.618,"seg3847(3731,3733)",
(64-49),396051.1391,6953503.08,"seg3846(3732,3733)",
(64-49),396051.4514,6953489.567,"seg3849(3732,3735)",
(64-49),396051.0443,6953479.371,"seg3848(3734,3735)",
(64-49),396050.3964,6953474.27,"seg3851(1279,3734)",
(64-54),396050.3964,6953474.27,,
(64-54),396051.0443,6953479.371,"seg3851(1279,3734)",
(64-54),396051.4514,6953489.567,"seg3848(3734,3735)",
(64-54),396051.1391,6953503.08,"seg3849(3732,3735)",
(64-54),396050.5574,6953507.618,"seg3846(3732,3733)",
(64-54),396050.8056,6953519.086,"seg3847(3731,3733)",
(64-54),396051.7281,6953532.555,"seg3844(1115,3731)",
(65-56),396075.0899,6953712.061,,
(65-56),396069.7942,6953690.246,"seg3677(1673,1686)",
(65-56),396065.8047,6953677.417,"seg3678(1684,1686)",
(65-56),396044.897,6953627.551,"seg3675(1684,1685)",
(65-51),396044.897,6953627.551,,
(65-51),396065.8047,6953677.417,"seg3675(1684,1685)",
(65-51),396069.7942,6953690.246,"seg3678(1684,1686)",
(65-51),396075.0899,6953712.061,"seg3677(1673,1686)",
(66-57),396077.2872,6953726.593,,
(66-57),396078.5145,6953733.25,"seg3723(1668,1672)",
(66-57),396082.0986,6953758.928,"seg3726(1667,1668)",
(66-50),396082.0986,6953758.928,,
(66-50),396078.5145,6953733.25,"seg3726(1667,1668)",
(66-50),396077.2872,6953726.593,"seg3723(1668,1672)",
(67-58),396082.0986,6953758.928,,
(67-58),396080.6513,6953743.295,"seg3663(1667,1671)",
(67-58),396080.5121,6953736.425,"seg3664(1669,1671)",
(67-58),396081.8396,6953719.652,"seg3725(1669,1670)",
(67-57),396081.8396,6953719.652,,
(67-57),396080.5121,6953736.425,"seg3725(1669,1670)",
(67-57),396080.6513,6953743.295,"seg3664(1669,1671)",
(67-57),396082.0986,6953758.928,"seg3663(1667,1671)",
(68-59),396081.8396,6953719.652,,
(68-59),396084.197,6953697.902,"seg3816(1670,3929)",
(68-59),396084.9913,6953685.778,"seg3817(3929,3930)",
(68-59),396084.4933,6953674.64,"seg3814(3927,3930)",
(68-59),396070.9411,6953578.473,"seg3815(3927,3928)",
(68-59),396054.423,6953465.275,"seg3812(3925,3928)",
(68-59),396053.0993,6953458.339,"seg3813(3925,3926)",
(68-59),396050.4722,6953447.903,"seg3810(3924,3926)",
(68-59),396046.3752,6953436.125,"seg3811(1096,3924)",
(68-58),396046.3752,6953436.125,,
(68-58),396050.4722,6953447.903,"seg3811(1096,3924)",
(68-58),396053.0993,6953458.339,"seg3810(3924,3926)",
(68-58),396054.423,6953465.275,"seg3813(3925,3926)",
(68-58),396070.9411,6953578.473,"seg3812(3925,3928)",
(68-58),396084.4933,6953674.64,"seg3815(3927,3928)",
(68-58),396084.9913,6953685.778,"seg3814(3927,3930)",
(68-58),396084.197,6953697.902,"seg3817(3929,3930)",
(68-58),396081.8396,6953719.652,"seg3816(1670,3929)",
(69-60),396046.3752,6953436.125,,
(69-60),396029.4516,6953399.754,"seg1189(1095,1096)",
(69-60),396020.7075,6953382.84,"seg1188(1095,1098)",
(69-59),396020.7075,6953382.84,,
(69-59),396029.4516,6953399.754,"seg1188(1095,1098)",
(69-59),396046.3752,6953436.125,"seg1189(1095,1096)",
(70-61),396020.7075,6953382.84,,
(70-61),396026.7912,6953393.25,"seg1190(1098,1099)",
(70-61),396053.2679,6953426.877,"seg1191(1097,1099)",
(70-60),396053.2679,6953426.877,,
(70-60),396026.7912,6953393.25,"seg1191(1097,1099)",
(70-60),396020.7075,6953382.84,"seg1190(1098,1099)",
(71-62),396053.2679,6953426.877,,
(71-62),396042.7899,6953410.613,"seg1156(1097,1256)",
(71-62),396035.9337,6953398.147,"seg1159(1256,1258)",
(71-62),395986.0497,6953300.951,"seg1158(1257,1258)",
(71-61),395986.0497,6953300.951,,
(71-61),396035.9337,6953398.147,"seg1158(1257,1258)",
(71-61),396042.7899,6953410.613,"seg1159(1256,1258)",
(71-61),396053.2679,6953426.877,"seg1156(1097,1256)",
(72-63),396053.2679,6953426.877,,
(72-63),396057.6941,6953434.781,"seg1204(1097,1103)",
(72-61),396057.6941,6953434.781,,
(72-61),396053.2679,6953426.877,"seg1204(1097,1103)",
(73-64),396057.6941,6953434.781,,
(73-64),396068.0549,6953453.204,"seg1202(1103,1158)",
(73-63),396068.0549,6953453.204,,
(73-63),396057.6941,6953434.781,"seg1202(1103,1158)",
(74-65),396068.0549,6953453.204,,
(74-65),396092.8418,6953505.595,"seg3857(1158,3787)",
(74-65),396125.6605,6953583.258,"seg3854(3787,3788)",
(74-65),396131.1509,6953599.59,"seg3855(3785,3788)",
(74-65),396133.2454,6953608.803,"seg3916(3785,3786)",
(74-65),396136.3499,6953626.999,"seg3917(3783,3786)",
(74-65),396163.9895,6953814.628,"seg3914(3783,3784)",
(74-65),396165.4195,6953826.495,"seg3915(3781,3784)",
(74-65),396165.4294,6953836.964,"seg3912(3781,3782)",
(74-65),396164.7617,6953845.821,"seg3913(3779,3782)",
(74-65),396163.857,6953853.513,"seg3910(3779,3780)",
(74-65),396161.4828,6953865.624,"seg3911(3777,3780)",
(74-65),396138.9886,6953961.873,"seg3908(3777,3778)",
(74-65),396132.4998,6953993.337,"seg3909(1586,3778)",
(74-64),396132.4998,6953993.337,,
(74-64),396138.9886,6953961.873,"seg3909(1586,3778)",
(74-64),396161.4828,6953865.624,"seg3908(3777,3778)",
(74-64),396163.857,6953853.513,"seg3911(3777,3780)",
(74-64),396164.7617,6953845.821,"seg3910(3779,3780)",
(74-64),396165.4294,6953836.964,"seg3913(3779,3782)",
(74-64),396165.4195,6953826.495,"seg3912(3781,3782)",
(74-64),396163.9895,6953814.628,"seg3915(3781,3784)",
(74-64),396136.3499,6953626.999,"seg3914(3783,3784)",
(74-64),396133.2454,6953608.803,"seg3917(3783,3786)",
(74-64),396131.1509,6953599.59,"seg3916(3785,3786)",
(74-64),396125.6605,6953583.258,"seg3855(3785,3788)",
(74-64),396092.8418,6953505.595,"seg3854(3787,3788)",
(74-64),396068.0549,6953453.204,"seg3857(1158,3787)",
(75-66),396132.4998,6953993.337,,
(75-66),396135.4199,6953963.449,"seg1490(1586,1587)",
(75-65),396135.4199,6953963.449,,
(75-65),396132.4998,6953993.337,"seg1490(1586,1587)",
(76-67),396135.4199,6953963.449,,
(76-67),396137.7302,6953941.422,"seg1491(1587,1634)",
(76-66),396137.7302,6953941.422,,
(76-66),396135.4199,6953963.449,"seg1491(1587,1634)",
(77-68),396137.7302,6953941.422,,
(77-68),396139.5231,6953922.16,"seg3718(1634,1706)",
(77-68),396140.8318,6953913.419,"seg3717(1705,1706)",
(77-68),396146.2682,6953883.775,"seg3720(1705,1708)",
(77-68),396146.5014,6953873.751,"seg3719(1707,1708)",
(77-68),396146.2625,6953866.991,"seg3722(1707,1710)",
(77-68),396145.0662,6953856.677,"seg3721(1709,1710)",
(77-68),396138.8377,6953816.741,"seg3724(1709,1711)",
(77-67),396138.8377,6953816.741,,
(77-67),396145.0662,6953856.677,"seg3724(1709,1711)",
(77-67),396146.2625,6953866.991,"seg3721(1709,1710)",
(77-67),396146.5014,6953873.751,"seg3722(1707,1710)",
(77-67),396146.2682,6953883.775,"seg3719(1707,1708)",
(77-67),396140.8318,6953913.419,"seg3720(1705,1708)",
(77-67),396139.5231,6953922.16,"seg3717(1705,1706)",
(77-67),396137.7302,6953941.422,"seg3718(1634,1706)",
(78-64),396137.7302,6953941.422,,
(78-64),396140.433,6953925.492,"seg3889(1634,3811)",
(78-64),396154.06,6953867.5,"seg3888(3810,3811)",
(78-64),396156.2885,6953855.111,"seg3891(3810,3813)",
(78-64),396157.7711,6953837.508,"seg3890(3812,3813)",
(78-64),396156.832,6953825.979,"seg3893(3812,3815)",
(78-64),396149.0282,6953768.026,"seg3892(3814,3815)",
(78-64),396137.9506,6953694.37,"seg3895(3814,3817)",
(78-64),396126.4862,6953613.953,"seg3894(3816,3817)",
(78-64),396125.2425,6953603.417,"seg3897(3816,3819)",
(78-64),396123.1904,6953595.036,"seg3896(3818,3819)",
(78-64),396120.7842,6953587.648,"seg3899(3818,3821)",
(78-64),396113.4867,6953568.974,"seg3898(3820,3821)",
(78-64),396083.7904,6953495.769,"seg3901(3820,3822)",
(78-64),396068.0549,6953453.204,"seg3900(1158,3822)",
(78-67),396068.0549,6953453.204,,
(78-67),396083.7904,6953495.769,"seg3900(1158,3822)",
(78-67),396113.4867,6953568.974,"seg3901(3820,3822)",
(78-67),396120.7842,6953587.648,"seg3898(3820,3821)",
(78-67),396123.1904,6953595.036,"seg3899(3818,3821)",
(78-67),396125.2425,6953603.417,"seg3896(3818,3819)",
(78-67),396126.4862,6953613.953,"seg3897(3816,3819)",
(78-67),396137.9506,6953694.37,"seg3894(3816,3817)",
(78-67),396149.0282,6953768.026,"seg3895(3814,3817)",
(78-67),396156.832,6953825.979,"seg3892(3814,3815)",
(78-67),396157.7711,6953837.508,"seg3893(3812,3815)",
(78-67),396156.2885,6953855.111,"seg3890(3812,3813)",
(78-67),396154.06,6953867.5,"seg3891(3810,3813)",
(78-67),396140.433,6953925.492,"seg3888(3810,3811)",
(78-67),396137.7302,6953941.422,"seg3889(1634,3811)",
(79-69),396135.4199,6953963.449,,
(79-69),396135.7937,6953948.496,"seg1511(1587,1605)",
(79-69),396134.7614,6953924.668,"seg1510(1555,1605)",
(79-69),396133.4292,6953912.913,"seg1513(1554,1555)",
(79-69),396124.3068,6953847.417,"seg1512(1554,1557)",
(79-69),396119.8057,6953819.239,"seg1515(1556,1557)",
(79-69),396110.4789,6953754.571,"seg1514(1556,1559)",
(79-69),396105.4178,6953716.75,"seg1517(1558,1559)",
(79-69),396103.5129,6953696.848,"seg1516(1558,1561)",
(79-69),396103.6771,6953648.435,"seg1519(1560,1561)",
(79-69),396099.6698,6953620.261,"seg1518(1560,1563)",
(79-66),396099.6698,6953620.261,,
(79-66),396103.6771,6953648.435,"seg1518(1560,1563)",
(79-66),396103.5129,6953696.848,"seg1519(1560,1561)",
(79-66),396105.4178,6953716.75,"seg1516(1558,1561)",
(79-66),396110.4789,6953754.571,"seg1517(1558,1559)",
(79-66),396119.8057,6953819.239,"seg1514(1556,1559)",
(79-66),396124.3068,6953847.417,"seg1515(1556,1557)",
(79-66),396133.4292,6953912.913,"seg1512(1554,1557)",
(79-66),396134.7614,6953924.668,"seg1513(1554,1555)",
(79-66),396135.7937,6953948.496,"seg1510(1555,1605)",
(79-66),396135.4199,6953963.449,"seg1511(1587,1605)",
(80-70),396099.6698,6953620.261,,
(80-70),396101.0207,6953641.433,"seg3682(1563,1688)",
(80-70),396099.3067,6953663.022,"seg3679(1572,1688)",
(80-69),396099.3067,6953663.022,,
(80-69),396101.0207,6953641.433,"seg3679(1572,1688)",
(80-69),396099.6698,6953620.261,"seg3682(1563,1688)",
(81-71),396099.3067,6953663.022,,
(81-71),396092.7454,6953691.383,"seg3673(1572,1680)",
(81-70),396092.7454,6953691.383,,
(81-70),396099.3067,6953663.022,"seg3673(1572,1680)",
(82-72),396092.7454,6953691.383,,
(82-72),396090.6778,6953702.278,"seg3672(1677,1680)",
(82-72),396088.8617,6953718.437,"seg3669(1677,1678)",
(82-72),396088.7055,6953736.827,"seg3670(1675,1678)",
(82-72),396091.2617,6953755.627,"seg3667(1675,1676)",
(82-72),396110.7968,6953885.8,"seg3668(1674,1676)",
(82-72),396118.4774,6953934.999,"seg3665(1596,1674)",
(82-71),396118.4774,6953934.999,,
(82-71),396110.7968,6953885.8,"seg3665(1596,1674)",
(82-71),396091.2617,6953755.627,"seg3668(1674,1676)",
(82-71),396088.7055,6953736.827,"seg3667(1675,1676)",
(82-71),396088.8617,6953718.437,"seg3670(1675,1678)",
(82-71),396090.6778,6953702.278,"seg3669(1677,1678)",
(82-71),396092.7454,6953691.383,"seg3672(1677,1680)",
(83-73),396118.4774,6953934.999,,
(83-73),396125.3266,6953959.984,"seg1500(1593,1596)",
(83-73),396127.8527,6953970.697,"seg1501(1593,1594)",
(83-73),396130.6221,6953993.487,"seg1498(1564,1594)",
(83-72),396130.6221,6953993.487,,
(83-72),396127.8527,6953970.697,"seg1498(1564,1594)",
(83-72),396125.3266,6953959.984,"seg1501(1593,1594)",
(83-72),396118.4774,6953934.999,"seg1500(1593,1596)",
(84-74),396130.6221,6953993.487,,
(84-74),396130.0983,6954014.476,"seg1492(1564,1588)",
(84-73),396130.0983,6954014.476,,
(84-73),396130.6221,6953993.487,"seg1492(1564,1588)",
(85-65),396130.0983,6954014.476,,
(85-65),396132.4998,6953993.337,"seg1493(1586,1588)",
(85-74),396132.4998,6953993.337,,
(85-74),396130.0983,6954014.476,"seg1493(1586,1588)",
(86-75),396130.0983,6954014.476,,
(86-75),396129.4517,6954020.841,"seg1495(1588,1589)",
(86-74),396129.4517,6954020.841,,
(86-74),396130.0983,6954014.476,"seg1495(1588,1589)",
(87-76),396129.4517,6954020.841,,
(87-76),396124.4022,6954068.88,"seg1496(1589,1592)",
(87-76),396120.7165,6954095.88,"seg1499(1590,1592)",
(87-75),396120.7165,6954095.88,,
(87-75),396124.4022,6954068.88,"seg1499(1590,1592)",
(87-75),396129.4517,6954020.841,"seg1496(1589,1592)",
(88-77),396120.7165,6954095.88,,
(88-77),396126.9543,6954070.729,"seg1497(1590,1591)",
(88-77),396132.4961,6954046.126,"seg1494(1575,1591)",
(88-76),396132.4961,6954046.126,,
(88-76),396126.9543,6954070.729,"seg1494(1575,1591)",
(88-76),396120.7165,6954095.88,"seg1497(1590,1591)",
(89-78),396132.4961,6954046.126,,
(89-78),396152.3596,6953957.333,"seg3767(1574,1575)",
(89-78),396184.602,6953817.905,"seg3770(1574,1577)",
(89-78),396186.5817,6953805.736,"seg3769(1576,1577)",
(89-78),396188.2123,6953788.134,"seg3772(1576,1579)",
(89-78),396170.9893,6953670.555,"seg3771(1578,1579)",
(89-78),396157.5117,6953606.239,"seg3774(1578,1581)",
(89-78),396152.5037,6953591.241,"seg3773(1580,1581)",
(89-78),396142.8804,6953567.34,"seg3776(1580,1583)",
(89-78),396125.6417,6953527.311,"seg3775(1582,1583)",
(89-78),396121.1773,6953518.077,"seg3778(1582,1585)",
(89-78),396118.0136,6953512.677,"seg3777(1584,1585)",
(89-78),396110.7406,6953502.756,"seg3780(1584,1729)",
(89-78),396094.9006,6953484.12,"seg3779(1728,1729)",
(89-77),396094.9006,6953484.12,,
(89-77),396110.7406,6953502.756,"seg3779(1728,1729)",
(89-77),396118.0136,6953512.677,"seg3780(1584,1729)",
(89-77),396121.1773,6953518.077,"seg3777(1584,1585)",
(89-77),396125.6417,6953527.311,"seg3778(1582,1585)",
(89-77),396142.8804,6953567.34,"seg3775(1582,1583)",
(89-77),396152.5037,6953591.241,"seg3776(1580,1583)",
(89-77),396157.5117,6953606.239,"seg3773(1580,1581)",
(89-77),396170.9893,6953670.555,"seg3774(1578,1581)",
(89-77),396188.2123,6953788.134,"seg3771(1578,1579)",
(89-77),396186.5817,6953805.736,"seg3772(1576,1579)",
(89-77),396184.602,6953817.905,"seg3769(1576,1577)",
(89-77),396152.3596,6953957.333,"seg3770(1574,1577)",
(89-77),396132.4961,6954046.126,"seg3767(1574,1575)",
(90-79),396094.9006,6953484.12,,
(90-79),396081.7055,6953467.999,"seg3804(1728,3922)",
(90-78),396081.7055,6953467.999,,
(90-78),396094.9006,6953484.12,"seg3804(1728,3922)",
(91-80),396081.7055,6953467.999,,
(91-80),396092.6167,6953479.78,"seg3805(3920,3922)",
(91-80),396113.5813,6953499.678,"seg3802(3920,3921)",
(91-80),396118.4698,6953505.48,"seg3803(3918,3921)",
(91-80),396123.3964,6953512.612,"seg3800(3918,3919)",
(91-80),396128.0676,6953520.739,"seg3801(3916,3919)",
(91-80),396137.6161,6953541.814,"seg3798(3916,3917)",
(91-80),396149.0907,6953568.667,"seg3799(3914,3917)",
(91-80),396155.3688,6953585.283,"seg3796(3914,3915)",
(91-79),396155.3688,6953585.283,,
(91-79),396149.0907,6953568.667,"seg3796(3914,3915)",
(91-79),396137.6161,6953541.814,"seg3799(3914,3917)",
(91-79),396128.0676,6953520.739,"seg3798(3916,3917)",
(91-79),396123.3964,6953512.612,"seg3801(3916,3919)",
(91-79),396118.4698,6953505.48,"seg3800(3918,3919)",
(91-79),396113.5813,6953499.678,"seg3803(3918,3921)",
(91-79),396092.6167,6953479.78,"seg3802(3920,3921)",
(91-79),396081.7055,6953467.999,"seg3805(3920,3922)",
(92-81),396081.7055,6953467.999,,
(92-81),396075.7422,6953460.858,"seg3806(3922,3923)",
(92-81),396069.6443,6953452.11,"seg3809(1159,3923)",
(92-79),396069.6443,6953452.11,,
(92-79),396075.7422,6953460.858,"seg3809(1159,3923)",
(92-79),396081.7055,6953467.999,"seg3806(3922,3923)",
(93-63),396069.6443,6953452.11,,
(93-63),396057.6941,6953434.781,"seg1205(1103,1159)",
(93-81),396057.6941,6953434.781,,
(93-81),396069.6443,6953452.11,"seg1205(1103,1159)",
(94-82),396069.6443,6953452.11,,
(94-82),396081.967,6953472.1,"seg3807(1159,3771)",
(94-81),396081.967,6953472.1,,
(94-81),396069.6443,6953452.11,"seg3807(1159,3771)",
(95-83),396081.967,6953472.1,,
(95-83),396100.5409,6953500.232,"seg3886(3771,3808)",
(95-83),396105.2103,6953508.58,"seg3887(3808,3809)",
(95-83),396112.6267,6953524.874,"seg3693(3806,3809)",
(95-83),396139.3889,6953588.914,"seg3694(3806,3807)",
(95-83),396145.8485,6953607.415,"seg3691(3804,3807)",
(95-83),396149.3678,6953623.287,"seg3692(3804,3805)",
(95-83),396153.9921,6953654.402,"seg3689(3802,3805)",
(95-82),396153.9921,6953654.402,,
(95-82),396149.3678,6953623.287,"seg3689(3802,3805)",
(95-82),396145.8485,6953607.415,"seg3692(3804,3805)",
(95-82),396139.3889,6953588.914,"seg3691(3804,3807)",
(95-82),396112.6267,6953524.874,"seg3694(3806,3807)",
(95-82),396105.2103,6953508.58,"seg3693(3806,3809)",
(95-82),396100.5409,6953500.232,"seg3887(3808,3809)",
(95-82),396081.967,6953472.1,"seg3886(3771,3808)",
(96-84),396081.967,6953472.1,,
(96-84),396089.2141,6953485.069,"seg3903(3770,3771)",
(96-84),396098.1366,6953504.255,"seg3902(3770,3773)",
(96-84),396123.9822,6953565.739,"seg3905(3772,3773)",
(96-84),396137.184,6953598.533,"seg3904(3772,3775)",
(96-84),396140.7771,6953611.526,"seg3907(3774,3775)",
(96-84),396147.9572,6953655.68,"seg3906(3774,3776)",
(96-82),396147.9572,6953655.68,,
(96-82),396140.7771,6953611.526,"seg3906(3774,3776)",
(96-82),396137.184,6953598.533,"seg3907(3774,3775)",
(96-82),396123.9822,6953565.739,"seg3904(3772,3775)",
(96-82),396098.1366,6953504.255,"seg3905(3772,3773)",
(96-82),396089.2141,6953485.069,"seg3902(3770,3773)",
(96-82),396081.967,6953472.1,"seg3903(3770,3771)",
(97-77),396094.9006,6953484.12,,
(97-77),396107.2482,6953501.175,"seg3839(1728,3724)",
(97-77),396110.0738,6953505.686,"seg3836(3724,3725)",
(97-77),396113.4755,6953512.14,"seg3837(3722,3725)",
(97-77),396118.7585,6953523.818,"seg3834(3722,3723)",
(97-77),396145.7676,6953587.86,"seg3835(3720,3723)",
(97-77),396152.6081,6953608.026,"seg3832(3720,3721)",
(97-77),396155.7018,6953621.679,"seg3833(3718,3721)",
(97-77),396159.4675,6953649.241,"seg3830(3718,3719)",
(97-77),396174.1459,6953746.636,"seg3831(3719,3768)",
(97-77),396180.7976,6953794.885,"seg3828(3768,3769)",
(97-77),396180.8043,6953811.558,"seg3829(3766,3769)",
(97-77),396177.856,6953827.32,"seg3826(3766,3767)",
(97-77),396173.6375,6953841.465,"seg3827(3764,3767)",
(97-77),396146.639,6953956.454,"seg3824(3764,3765)",
(97-77),396143.0883,6953973.374,"seg3825(3762,3765)",
(97-77),396137.6307,6954005.511,"seg3822(3762,3763)",
(97-77),396132.4961,6954046.126,"seg3823(1575,3763)",
(97-78),396132.4961,6954046.126,,
(97-78),396137.6307,6954005.511,"seg3823(1575,3763)",
(97-78),396143.0883,6953973.374,"seg3822(3762,3763)",
(97-78),396146.639,6953956.454,"seg3825(3762,3765)",
(97-78),396173.6375,6953841.465,"seg3824(3764,3765)",
(97-78),396177.856,6953827.32,"seg3827(3764,3767)",
(97-78),396180.8043,6953811.558,"seg3826(3766,3767)",
(97-78),396180.7976,6953794.885,"seg3829(3766,3769)",
(97-78),396174.1459,6953746.636,"seg3828(3768,3769)",
(97-78),396159.4675,6953649.241,"seg3831(3719,3768)",
(97-78),396155.7018,6953621.679,"seg3830(3718,3719)",
(97-78),396152.6081,6953608.026,"seg3833(3718,3721)",
(97-78),396145.7676,6953587.86,"seg3832(3720,3721)",
(97-78),396118.7585,6953523.818,"seg3835(3720,3723)",
(97-78),396113.4755,6953512.14,"seg3834(3722,3723)",
(97-78),396110.0738,6953505.686,"seg3837(3722,3725)",
(97-78),396107.2482,6953501.175,"seg3836(3724,3725)",
(97-78),396094.9006,6953484.12,"seg3839(1728,3724)",
(98-85),396120.7165,6954095.88,,
(98-85),396108.0385,6954152.551,"seg3704(1590,1693)",
(98-85),396099.7969,6954186.88,"seg3703(1693,1695)",
(98-85),396094.7698,6954203.178,"seg3706(1694,1695)",
(98-85),396091.3718,6954213.729,"seg3705(1694,1697)",
(98-85),396082.9988,6954234.431,"seg3708(1696,1697)",
(98-85),396075.6097,6954249.767,"seg3707(1696,1699)",
(98-85),396065.8363,6954266.745,"seg3710(1698,1699)",
(98-76),396065.8363,6954266.745,,
(98-76),396075.6097,6954249.767,"seg3710(1698,1699)",
(98-76),396082.9988,6954234.431,"seg3707(1696,1699)",
(98-76),396091.3718,6954213.729,"seg3708(1696,1697)",
(98-76),396094.7698,6954203.178,"seg3705(1694,1697)",
(98-76),396099.7969,6954186.88,"seg3706(1694,1695)",
(98-76),396108.0385,6954152.551,"seg3703(1693,1695)",
(98-76),396120.7165,6954095.88,"seg3704(1590,1693)",
(99-86),396065.8363,6954266.745,,
(99-86),396054.4452,6954282.325,"seg3205(1698,3277)",
(99-86),396045.4641,6954293.216,"seg3204(3277,3279)",
(99-86),396029.0374,6954308.642,"seg3207(3278,3279)",
(99-86),396013.4393,6954319.533,"seg3206(3278,3281)",
(99-86),396002.3242,6954325.864,"seg3209(3280,3281)",
(99-86),395990.1336,6954330.912,"seg3208(3280,3283)",
(99-86),395978.8849,6954335.525,"seg3211(3282,3283)",
(99-86),395948.7218,6954346.126,"seg3210(3282,3284)",
(99-85),395948.7218,6954346.126,,
(99-85),395978.8849,6954335.525,"seg3210(3282,3284)",
(99-85),395990.1336,6954330.912,"seg3211(3282,3283)",
(99-85),396002.3242,6954325.864,"seg3208(3280,3283)",
(99-85),396013.4393,6954319.533,"seg3209(3280,3281)",
(99-85),396029.0374,6954308.642,"seg3206(3278,3281)",
(99-85),396045.4641,6954293.216,"seg3207(3278,3279)",
(99-85),396054.4452,6954282.325,"seg3204(3277,3279)",
(99-85),396065.8363,6954266.745,"seg3205(1698,3277)",
(100-87),396065.8363,6954266.745,,
(100-87),396055.1186,6954278.619,"seg3213(1698,3286)",
(100-87),396035.9023,6954296.902,"seg3212(3285,3286)",
(100-87),396027.5928,6954304.309,"seg3215(3285,3288)",
(100-87),396018.196,6954311.818,"seg3214(3287,3288)",
(100-87),396009.7045,6954317.397,"seg3153(3287,3290)",
(100-87),396004.1503,6954320.174,"seg3152(3289,3290)",
(100-87),395986.5549,6954327.835,"seg3155(3289,3292)",
(100-87),395965.7999,6954335.414,"seg3154(3291,3292)",
(100-87),395946.3776,6954343.059,"seg3157(3235,3291)",
(100-85),395946.3776,6954343.059,,
(100-85),395965.7999,6954335.414,"seg3157(3235,3291)",
(100-85),395986.5549,6954327.835,"seg3154(3291,3292)",
(100-85),396004.1503,6954320.174,"seg3155(3289,3292)",
(100-85),396009.7045,6954317.397,"seg3152(3289,3290)",
(100-85),396018.196,6954311.818,"seg3153(3287,3290)",
(100-85),396027.5928,6954304.309,"seg3214(3287,3288)",
(100-85),396035.9023,6954296.902,"seg3215(3285,3288)",
(100-85),396055.1186,6954278.619,"seg3212(3285,3286)",
(100-85),396065.8363,6954266.745,"seg3213(1698,3286)",
(101-88),396129.4517,6954020.841,,
(101-88),396125.6192,6954041.858,"seg1502(1589,1597)",
(101-88),396116.3502,6954080.887,"seg1503(1595,1597)",
(101-75),396116.3502,6954080.887,,
(101-75),396125.6192,6954041.858,"seg1503(1595,1597)",
(101-75),396129.4517,6954020.841,"seg1502(1589,1597)",
(102-89),396116.3502,6954080.887,,
(102-89),396110.8134,6954104.881,"seg1505(1595,1598)",
(102-88),396110.8134,6954104.881,,
(102-88),396116.3502,6954080.887,"seg1505(1595,1598)",
(103-90),396110.8134,6954104.881,,
(103-90),396096.9763,6954164.311,"seg1509(1598,1603)",
(103-89),396096.9763,6954164.311,,
(103-89),396110.8134,6954104.881,"seg1509(1598,1603)",
(104-91),396096.9763,6954164.311,,
(104-91),396099.6172,6954144.059,"seg1508(1603,1604)",
(104-90),396099.6172,6954144.059,,
(104-90),396096.9763,6954164.311,"seg1508(1603,1604)",
(105-45),396099.6172,6954144.059,,
(105-45),396099.1724,6954120.846,"seg3185(1604,3311)",
(105-45),396097.4606,6954107.26,"seg3246(3309,3311)",
(105-45),396026.6763,6953627.563,"seg3247(3309,3310)",
(105-45),395988.8081,6953365.618,"seg3244(3307,3310)",
(105-45),395988.3577,6953360.518,"seg3245(3307,3308)",
(105-45),395982.2171,6953321.968,"seg3242(3306,3308)",
(105-45),395980.7445,6953315.142,"seg3243(1261,3306)",
(105-91),395980.7445,6953315.142,,
(105-91),395982.2171,6953321.968,"seg3243(1261,3306)",
(105-91),395988.3577,6953360.518,"seg3242(3306,3308)",
(105-91),395988.8081,6953365.618,"seg3245(3307,3308)",
(105-91),396026.6763,6953627.563,"seg3244(3307,3310)",
(105-91),396097.4606,6954107.26,"seg3247(3309,3310)",
(105-91),396099.1724,6954120.846,"seg3246(3309,3311)",
(105-91),396099.6172,6954144.059,"seg3185(1604,3311)",
(106-92),396099.6172,6954144.059,,
(106-92),396100.8032,6954132.326,"seg3753(1604,1721)",
(106-92),396101.9586,6954112.56,"seg3756(1721,1723)",
(106-92),396100.6555,6954091.555,"seg3755(1722,1723)",
(106-92),396095.0219,6954057.164,"seg3758(1722,1725)",
(106-92),396071.3552,6953890.174,"seg3757(1724,1725)",
(106-92),396068.3556,6953871.259,"seg3696(1683,1724)",
(106-91),396068.3556,6953871.259,,
(106-91),396071.3552,6953890.174,"seg3696(1683,1724)",
(106-91),396095.0219,6954057.164,"seg3757(1724,1725)",
(106-91),396100.6555,6954091.555,"seg3758(1722,1725)",
(106-91),396101.9586,6954112.56,"seg3755(1722,1723)",
(106-91),396100.8032,6954132.326,"seg3756(1721,1723)",
(106-91),396099.6172,6954144.059,"seg3753(1604,1721)",
(107-93),396068.3556,6953871.259,,
(107-93),396035.1028,6953647.022,"seg3676(1682,1683)",
(107-92),396035.1028,6953647.022,,
(107-92),396068.3556,6953871.259,"seg3676(1682,1683)",
(108-46),396035.1028,6953647.022,,
(108-46),396031.2767,6953620.788,"seg3680(1682,1687)",
(108-93),396031.2767,6953620.788,,
(108-93),396035.1028,6953647.022,"seg3680(1682,1687)",
(109-94),396035.1028,6953647.022,,
(109-94),396046.1239,6953680.739,"seg3729(1682,1740)",
(109-94),396060.7697,6953723.738,"seg3732(1740,1742)",
(109-94),396069.6712,6953751.233,"seg3731(1741,1742)",
(109-94),396076.0104,6953772.281,"seg3734(1741,1744)",
(109-94),396081.9579,6953810.387,"seg3733(1743,1744)",
(109-94),396100.0983,6953936.173,"seg3736(1743,1746)",
(109-94),396107.4459,6953989.689,"seg3735(1745,1746)",
(109-94),396111.2173,6954010.771,"seg3738(1702,1745)",
(109-93),396111.2173,6954010.771,,
(109-93),396107.4459,6953989.689,"seg3738(1702,1745)",
(109-93),396100.0983,6953936.173,"seg3735(1745,1746)",
(109-93),396081.9579,6953810.387,"seg3736(1743,1746)",
(109-93),396076.0104,6953772.281,"seg3733(1743,1744)",
(109-93),396069.6712,6953751.233,"seg3734(1741,1744)",
(109-93),396060.7697,6953723.738,"seg3731(1741,1742)",
(109-93),396046.1239,6953680.739,"seg3732(1740,1742)",
(109-93),396035.1028,6953647.022,"seg3729(1682,1740)",
(110-92),396111.2173,6954010.771,,
(110-92),396102.6184,6953976.686,"seg3714(1702,1704)",
(110-92),396072.4292,6953885.807,"seg3713(1703,1704)",
(110-92),396068.3556,6953871.259,"seg3716(1683,1703)",
(110-94),396068.3556,6953871.259,,
(110-94),396072.4292,6953885.807,"seg3716(1683,1703)",
(110-94),396102.6184,6953976.686,"seg3713(1703,1704)",
(110-94),396111.2173,6954010.771,"seg3714(1702,1704)",
(111-89),396111.2173,6954010.771,,
(111-89),396115.7788,6954055.124,"seg3728(1702,1738)",
(111-89),396114.3737,6954081.036,"seg3727(1738,1739)",
(111-89),396110.8134,6954104.881,"seg3730(1598,1739)",
(111-94),396110.8134,6954104.881,,
(111-94),396114.3737,6954081.036,"seg3730(1598,1739)",
(111-94),396115.7788,6954055.124,"seg3727(1738,1739)",
(111-94),396111.2173,6954010.771,"seg3728(1702,1738)",
(112-95),396096.9763,6954164.311,,
(112-95),396091.1888,6954188.745,"seg3699(1565,1603)",
(112-90),396091.1888,6954188.745,,
(112-90),396096.9763,6954164.311,"seg3699(1565,1603)",
(113-30),396091.1888,6954188.745,,
(113-30),396087.78,6954200.571,"seg3223(1565,3336)",
(113-30),396082.2211,6954215.535,"seg3222(3335,3336)",
(113-30),396077.5904,6954225.854,"seg3225(3335,3338)",
(113-30),396070.822,6954237.872,"seg3224(3337,3338)",
(113-30),396060.9085,6954253.908,"seg3227(1190,3337)",
(113-95),396060.9085,6954253.908,,
(113-95),396070.822,6954237.872,"seg3227(1190,3337)",
(113-95),396077.5904,6954225.854,"seg3224(3337,3338)",
(113-95),396082.2211,6954215.535,"seg3225(3335,3338)",
(113-95),396087.78,6954200.571,"seg3222(3335,3336)",
(113-95),396091.1888,6954188.745,"seg3223(1565,3336)",
(114-96),396091.1888,6954188.745,,
(114-96),396093.9779,6954168.495,"seg3760(1562,1565)",
(114-95),396093.9779,6954168.495,,
(114-95),396091.1888,6954188.745,"seg3760(1562,1565)",
(115-97),396093.9779,6954168.495,,
(115-97),396095.7771,6954142.697,"seg3188(1562,3315)",
(115-97),396095.8195,6954131.896,"seg3189(3313,3315)",
(115-97),396094.6636,6954116.819,"seg3186(3313,3314)",
(115-97),395984.6866,6953368.353,"seg3187(3312,3314)",
(115-97),395975.4634,6953314.876,"seg3184(1264,3312)",
(115-96),395975.4634,6953314.876,,
(115-96),395984.6866,6953368.353,"seg3184(1264,3312)",
(115-96),396094.6636,6954116.819,"seg3187(3312,3314)",
(115-96),396095.8195,6954131.896,"seg3186(3313,3314)",
(115-96),396095.7771,6954142.697,"seg3189(3313,3315)",
(115-96),396093.9779,6954168.495,"seg3188(1562,3315)",
(116-98),395975.4634,6953314.876,,
(116-98),395977.6031,6953336.165,"seg1148(1264,1299)",
(116-98),395980.5147,6953371.198,"seg1151(1299,1301)",
(116-98),395988.4185,6953428.874,"seg1150(1300,1301)",
(116-98),395992.6855,6953455.499,"seg1153(1300,1303)",
(116-98),396050.9675,6953854.604,"seg1152(1302,1303)",
(116-97),396050.9675,6953854.604,,
(116-97),395992.6855,6953455.499,"seg1152(1302,1303)",
(116-97),395988.4185,6953428.874,"seg1153(1300,1303)",
(116-97),395980.5147,6953371.198,"seg1150(1300,1301)",
(116-97),395977.6031,6953336.165,"seg1151(1299,1301)",
(116-97),395975.4634,6953314.876,"seg1148(1264,1299)",
(117-96),396050.9675,6953854.604,,
(117-96),396091.7264,6954131.252,"seg3239(1302,3304)",
(117-96),396093.1188,6954141.733,"seg3238(3303,3304)",
(117-96),396093.9737,6954151.545,"seg3241(3303,3305)",
(117-96),396093.9779,6954168.495,"seg3240(1562,3305)",
(117-98),396093.9779,6954168.495,,
(117-98),396093.9737,6954151.545,"seg3240(1562,3305)",
(117-98),396093.1188,6954141.733,"seg3241(3303,3305)",
(117-98),396091.7264,6954131.252,"seg3238(3303,3304)",
(117-98),396050.9675,6953854.604,"seg3239(1302,3304)",
(118-99),396050.9675,6953854.604,,
(118-99),396052.7133,6953904.861,"seg3715(1296,1302)",
(118-98),396052.7133,6953904.861,,
(118-98),396050.9675,6953854.604,"seg3715(1296,1302)",
(119-100),396052.7133,6953904.861,,
(119-100),396012.7015,6953627.665,"seg1144(1295,1296)",
(119-100),395984.445,6953437.426,"seg1147(1295,1297)",
(119-100),395971.9113,6953349.355,"seg1146(1293,1297)",
(119-99),395971.9113,6953349.355,,
(119-99),395984.445,6953437.426,"seg1146(1293,1297)",
(119-99),396012.7015,6953627.665,"seg1147(1295,1297)",
(119-99),396052.7133,6953904.861,"seg1144(1295,1296)",
(120-101),395971.9113,6953349.355,,
(120-101),395973.2075,6953365.32,"seg1145(1293,1294)",
(120-101),395973.7452,6953389.199,"seg1142(1291,1294)",
(120-101),395974.5204,6953402.555,"seg1143(1291,1292)",
(120-101),395978.9724,6953442.255,"seg1140(1289,1292)",
(120-101),396060.399,6953999.925,"seg1141(1289,1290)",
(120-101),396066.4698,6954029.335,"seg1138(1287,1290)",
(120-101),396074.9258,6954062.809,"seg1139(1287,1288)",
(120-101),396079.9725,6954084.899,"seg1136(1285,1288)",
(120-100),396079.9725,6954084.899,,
(120-100),396074.9258,6954062.809,"seg1136(1285,1288)",
(120-100),396066.4698,6954029.335,"seg1139(1287,1288)",
(120-100),396060.399,6953999.925,"seg1138(1287,1290)",
(120-100),395978.9724,6953442.255,"seg1141(1289,1290)",
(120-100),395974.5204,6953402.555,"seg1140(1289,1292)",
(120-100),395973.7452,6953389.199,"seg1143(1291,1292)",
(120-100),395973.2075,6953365.32,"seg1142(1291,1294)",
(120-100),395971.9113,6953349.355,"seg1145(1293,1294)",
(121-99),396079.9725,6954084.899,,
(121-99),396075.4619,6954057.829,"seg3695(1285,1727)",
(121-99),396057.4969,6953934.648,"seg3698(1726,1727)",
(121-99),396052.7133,6953904.861,"seg3697(1296,1726)",
(121-101),396052.7133,6953904.861,,
(121-101),396057.4969,6953934.648,"seg3697(1296,1726)",
(121-101),396075.4619,6954057.829,"seg3698(1726,1727)",
(121-101),396079.9725,6954084.899,"seg3695(1285,1727)",
(122-102),396079.9725,6954084.899,,
(122-102),396082.982,6954108.466,"seg3747(1285,1716)",
(122-101),396082.982,6954108.466,,
(122-101),396079.9725,6954084.899,"seg3747(1285,1716)",
(123-39),396082.982,6954108.466,,
(123-39),396076.0266,6954078.55,"seg3191(1716,3316)",
(123-39),396061.3089,6954032.338,"seg3190(3267,3316)",
(123-39),396058.8307,6954021.792,"seg3193(3266,3267)",
(123-39),396056.8021,6954010.641,"seg3192(3266,3269)",
(123-39),396000.2864,6953624.347,"seg3195(3268,3269)",
(123-39),395974.2739,6953448.973,"seg3194(3268,3271)",
(123-39),395972.4171,6953435.053,"seg3197(3270,3271)",
(123-39),395969.0018,6953401.179,"seg3196(1090,3270)",
(123-102),395969.0018,6953401.179,,
(123-102),395972.4171,6953435.053,"seg3196(1090,3270)",
(123-102),395974.2739,6953448.973,"seg3197(3270,3271)",
(123-102),396000.2864,6953624.347,"seg3194(3268,3271)",
(123-102),396056.8021,6954010.641,"seg3195(3268,3269)",
(123-102),396058.8307,6954021.792,"seg3192(3266,3269)",
(123-102),396061.3089,6954032.338,"seg3193(3266,3267)",
(123-102),396076.0266,6954078.55,"seg3190(3267,3316)",
(123-102),396082.982,6954108.466,"seg3191(1716,3316)",
(124-31),396082.982,6954108.466,,
(124-31),396084.8786,6954123.549,"seg3782(1716,1718)",
(124-102),396084.8786,6954123.549,,
(124-102),396082.982,6954108.466,"seg3782(1716,1718)",
(125-41),395971.9113,6953349.355,,
(125-41),395967.0079,6953316.299,"seg3062(1268,1293)",
(125-100),395967.0079,6953316.299,,
(125-100),395971.9113,6953349.355,"seg3062(1268,1293)",
(126-43),395975.4634,6953314.876,,
(126-43),395973.2272,6953304.941,"seg1165(1263,1264)",
(126-43),395968.961,6953289.838,"seg1164(1263,1266)",
(126-43),395956.1579,6953256.715,"seg1167(1265,1266)",
(126-97),395956.1579,6953256.715,,
(126-97),395968.961,6953289.838,"seg1167(1265,1266)",
(126-97),395973.2272,6953304.941,"seg1164(1263,1266)",
(126-97),395975.4634,6953314.876,"seg1165(1263,1264)",
(127-57),396116.3502,6954080.887,,
(127-57),396119.5474,6954059.089,"seg3789(1595,1737)",
(127-57),396120.7451,6954045.971,"seg3790(1735,1737)",
(127-57),396120.9896,6954034.618,"seg3787(1735,1736)",
(127-57),396120.7225,6954025.365,"seg3788(1733,1736)",
(127-57),396120.3072,6954021.927,"seg3785(1733,1734)",
(127-57),396117.6879,6954004.733,"seg3786(1731,1734)",
(127-57),396114.3078,6953978.281,"seg3783(1731,1732)",
(127-57),396101.122,6953891.202,"seg3784(1730,1732)",
(127-57),396082.0986,6953758.928,"seg3781(1667,1730)",
(127-88),396082.0986,6953758.928,,
(127-88),396101.122,6953891.202,"seg3781(1667,1730)",
(127-88),396114.3078,6953978.281,"seg3784(1730,1732)",
(127-88),396117.6879,6954004.733,"seg3783(1731,1732)",
(127-88),396120.3072,6954021.927,"seg3786(1731,1734)",
(127-88),396120.7225,6954025.365,"seg3785(1733,1734)",
(127-88),396120.9896,6954034.618,"seg3788(1733,1736)",
(127-88),396120.7451,6954045.971,"seg3787(1735,1736)",
(127-88),396119.5474,6954059.089,"seg3790(1735,1737)",
(127-88),396116.3502,6954080.887,"seg3789(1595,1737)",
(128-70),396130.6221,6953993.487,,
(128-70),396130.6592,6953983.295,"seg3759(1564,1567)",
(128-70),396129.831,6953952.877,"seg3762(1566,1567)",
(128-70),396128.1221,6953927.326,"seg3761(1566,1569)",
(128-70),396103.0219,6953754.674,"seg3764(1568,1569)",
(128-70),396097.1035,6953713.134,"seg3763(1568,1571)",
(128-70),396096.1001,6953703.376,"seg3766(1570,1571)",
(128-70),396095.7366,6953693.846,"seg3765(1570,1573)",
(128-70),396099.3067,6953663.022,"seg3768(1572,1573)",
(128-73),396099.3067,6953663.022,,
(128-73),396095.7366,6953693.846,"seg3768(1572,1573)",
(128-73),396096.1001,6953703.376,"seg3765(1570,1573)",
(128-73),396097.1035,6953713.134,"seg3766(1570,1571)",
(128-73),396103.0219,6953754.674,"seg3763(1568,1571)",
(128-73),396128.1221,6953927.326,"seg3764(1568,1569)",
(128-73),396129.831,6953952.877,"seg3761(1566,1569)",
(128-73),396130.6592,6953983.295,"seg3762(1566,1567)",
(128-73),396130.6221,6953993.487,"seg3759(1564,1567)",
(129-103),396118.4774,6953934.999,,
(129-103),396109.76,6953903.24,"seg3712(1596,1701)",
(129-103),396102.8807,6953875.984,"seg3711(1600,1701)",
(129-72),396102.8807,6953875.984,,
(129-72),396109.76,6953903.24,"seg3711(1600,1701)",
(129-72),396118.4774,6953934.999,"seg3712(1596,1701)",
(130-104),396102.8807,6953875.984,,
(130-104),396118.4027,6953978.704,"seg1504(1599,1600)",
(130-104),396121.3271,6953999.43,"seg1507(1599,1602)",
(130-104),396123.9364,6954018.848,"seg1506(1601,1602)",
(130-103),396123.9364,6954018.848,,
(130-103),396121.3271,6953999.43,"seg1506(1601,1602)",
(130-103),396118.4027,6953978.704,"seg1507(1599,1602)",
(130-103),396102.8807,6953875.984,"seg1504(1599,1600)",
(131-71),396102.8807,6953875.984,,
(131-71),396094.6572,6953820.964,"seg3743(1600,1712)",
(131-71),396085.6776,6953756.133,"seg3744(1712,1713)",
(131-71),396084.6285,6953745.932,"seg3741(1713,1749)",
(131-71),396084.3356,6953733.909,"seg3742(1749,1750)",
(131-71),396085.2639,6953723.448,"seg3739(1747,1750)",
(131-71),396086.9807,6953713.159,"seg3740(1747,1748)",
(131-71),396092.7454,6953691.383,"seg3737(1680,1748)",
(131-103),396092.7454,6953691.383,,
(131-103),396086.9807,6953713.159,"seg3737(1680,1748)",
(131-103),396085.2639,6953723.448,"seg3740(1747,1748)",
(131-103),396084.3356,6953733.909,"seg3739(1747,1750)",
(131-103),396084.6285,6953745.932,"seg3742(1749,1750)",
(131-103),396085.6776,6953756.133,"seg3741(1713,1749)",
(131-103),396094.6572,6953820.964,"seg3744(1712,1713)",
(131-103),396102.8807,6953875.984,"seg3743(1600,1712)",
(132-105),396099.6698,6953620.261,,
(132-105),396097.9741,6953604.792,"seg3872(1563,3750)",
(132-105),396094.5255,6953580.612,"seg3875(3750,3752)",
(132-105),396090.6998,6953560.139,"seg3874(3751,3752)",
(132-105),396087.5098,6953546.208,"seg3877(3751,3754)",
(132-105),396081.4265,6953524.11,"seg3876(3753,3754)",
(132-69),396081.4265,6953524.11,,
(132-69),396087.5098,6953546.208,"seg3876(3753,3754)",
(132-69),396090.6998,6953560.139,"seg3877(3751,3754)",
(132-69),396094.5255,6953580.612,"seg3874(3751,3752)",
(132-69),396097.9741,6953604.792,"seg3875(3750,3752)",
(132-69),396099.6698,6953620.261,"seg3872(1563,3750)",
(133-106),396081.4265,6953524.11,,
(133-106),396071.9228,6953497.773,"seg3797(3753,3913)",
(133-106),396060.5538,6953470.146,"seg3795(3800,3913)",
(133-105),396060.5538,6953470.146,,
(133-105),396071.9228,6953497.773,"seg3795(3800,3913)",
(133-105),396081.4265,6953524.11,"seg3797(3753,3913)",
(134-107),396060.5538,6953470.146,,
(134-107),396066.084,6953487.586,"seg3687(3800,3801)",
(134-107),396068.3147,6953498.185,"seg3688(3798,3801)",
(134-107),396069.7795,6953505.953,"seg3685(3798,3799)",
(134-107),396074.546,6953537.734,"seg3686(3797,3799)",
(134-106),396074.546,6953537.734,,
(134-106),396069.7795,6953505.953,"seg3686(3797,3799)",
(134-106),396068.3147,6953498.185,"seg3685(3798,3799)",
(134-106),396066.084,6953487.586,"seg3688(3798,3801)",
(134-106),396060.5538,6953470.146,"seg3687(3800,3801)",
(135-108),396060.5538,6953470.146,,
(135-108),396060.5044,6953470.146,"seg3690(3800,3803)",
(135-106),396060.5044,6953470.146,,
(135-106),396060.5538,6953470.146,"seg3690(3800,3803)",
(136-59),396060.5538,6953470.146,,
(136-59),396057.1113,6953462.694,"seg3819(3800,3884)",
(136-59),396046.3752,6953436.125,"seg3818(1096,3884)",
(136-106),396046.3752,6953436.125,,
(136-106),396057.1113,6953462.694,"seg3818(1096,3884)",
(136-106),396060.5538,6953470.146,"seg3819(3800,3884)",
(137-58),396081.4265,6953524.11,,
(137-58),396086.5881,6953555.894,"seg3864(3744,3753)",
(137-58),396095.3154,6953615.516,"seg3867(3743,3744)",
(137-58),396097.3172,6953641.457,"seg3866(3743,3746)",
(137-58),396096.3701,6953654.134,"seg3869(3745,3746)",
(137-58),396094.6462,6953665.254,"seg3868(3745,3748)",
(137-58),396092.7934,6953674.101,"seg3871(3747,3748)",
(137-58),396084.5896,6953703.999,"seg3870(3747,3749)",
(137-58),396081.8396,6953719.652,"seg3873(1670,3749)",
(137-105),396081.8396,6953719.652,,
(137-105),396084.5896,6953703.999,"seg3873(1670,3749)",
(137-105),396092.7934,6953674.101,"seg3870(3747,3749)",
(137-105),396094.6462,6953665.254,"seg3871(3747,3748)",
(137-105),396096.3701,6953654.134,"seg3868(3745,3748)",
(137-105),396097.3172,6953641.457,"seg3869(3745,3746)",
(137-105),396095.3154,6953615.516,"seg3866(3743,3746)",
(137-105),396086.5881,6953555.894,"seg3867(3743,3744)",
(137-105),396081.4265,6953524.11,"seg3864(3744,3753)",
(138-48),396020.7075,6953382.84,,
(138-48),396009.8751,6953361.809,"seg1194(1098,1280)",
(138-60),396009.8751,6953361.809,,
(138-60),396020.7075,6953382.84,"seg1194(1098,1280)",
(139-44),395980.5739,6953306.167,,
(139-44),395976.7948,6953297.66,"seg1163(1254,1262)",
(139-44),395967.8026,6953280.91,"seg1162(1260,1262)",
(139-47),395967.8026,6953280.91,,
(139-47),395976.7948,6953297.66,"seg1162(1260,1262)",
(139-47),395980.5739,6953306.167,"seg1163(1254,1262)",
(140-109),395944.5557,6953227.534,,
(140-109),395922.2502,6953172.086,"seg3076(1273,3202)",
(140-109),395901.5263,6953119.927,"seg3079(3201,3202)",
(140-109),395893.0976,6953100.8,"seg3078(3154,3201)",
(140-109),395871.639,6953057.854,"seg3081(3153,3154)",
(140-109),395866.7932,6953047.066,"seg3080(3153,3156)",
(140-109),395862.5409,6953036.173,"seg3083(3155,3156)",
(140-109),395858.1297,6953020.736,"seg3082(3155,3158)",
(140-109),395855.8542,6953009.638,"seg3085(3157,3158)",
(140-109),395854.4513,6953000.431,"seg3084(3157,3160)",
(140-109),395853.6203,6952987.849,"seg3087(3159,3160)",
(140-109),395853.9221,6952969.794,"seg3086(3159,3162)",
(140-109),395856.03,6952954.191,"seg3025(3161,3162)",
(140-109),395860.9357,6952934.734,"seg3024(3161,3164)",
(140-109),395866.7939,6952919.385,"seg3027(3163,3164)",
(140-109),395874.279,6952904.326,"seg3026(3163,3166)",
(140-109),395889.8029,6952878.756,"seg3029(3165,3166)",
(140-109),395901.9111,6952860.025,"seg3028(3165,3168)",
(140-109),395917.1617,6952837.554,"seg3031(3167,3168)",
(140-109),395925.2541,6952826.544,"seg3030(3167,3170)",
(140-109),395946.9196,6952798.7,"seg3033(3169,3170)",
(140-109),395960.187,6952782.97,"seg3032(3169,3171)",
(140-109),395981.5223,6952759.111,"seg3035(1274,3171)",
(140-42),395981.5223,6952759.111,,
(140-42),395960.187,6952782.97,"seg3035(1274,3171)",
(140-42),395946.9196,6952798.7,"seg3032(3169,3171)",
(140-42),395925.2541,6952826.544,"seg3033(3169,3170)",
(140-42),395917.1617,6952837.554,"seg3030(3167,3170)",
(140-42),395901.9111,6952860.025,"seg3031(3167,3168)",
(140-42),395889.8029,6952878.756,"seg3028(3165,3168)",
(140-42),395874.279,6952904.326,"seg3029(3165,3166)",
(140-42),395866.7939,6952919.385,"seg3026(3163,3166)",
(140-42),395860.9357,6952934.734,"seg3027(3163,3164)",
(140-42),395856.03,6952954.191,"seg3024(3161,3164)",
(140-42),395853.9221,6952969.794,"seg3025(3161,3162)",
(140-42),395853.6203,6952987.849,"seg3086(3159,3162)",
(140-42),395854.4513,6953000.431,"seg3087(3159,3160)",
(140-42),395855.8542,6953009.638,"seg3084(3157,3160)",
(140-42),395858.1297,6953020.736,"seg3085(3157,3158)",
(140-42),395862.5409,6953036.173,"seg3082(3155,3158)",
(140-42),395866.7932,6953047.066,"seg3083(3155,3156)",
(140-42),395871.639,6953057.854,"seg3080(3153,3156)",
(140-42),395893.0976,6953100.8,"seg3081(3153,3154)",
(140-42),395901.5263,6953119.927,"seg3078(3154,3201)",
(140-42),395922.2502,6953172.086,"seg3079(3201,3202)",
(140-42),395944.5557,6953227.534,"seg3076(1273,3202)",
(141-110),395981.5223,6952759.111,,
(141-110),395998.2541,6952742.413,"seg1110(1274,1276)",
(141-110),396004.719,6952736.984,"seg1113(1275,1276)",
(141-110),396019.829,6952725.203,"seg1112(1275,1278)",
(141-110),396030.953,6952717.654,"seg1115(1277,1278)",
(141-110),396046.4622,6952705.377,"seg1114(1225,1277)",
(141-110),396055.4242,6952696.591,"seg1117(1224,1225)",
(141-110),396067.2503,6952681.956,"seg1116(1224,1227)",
(141-110),396074.2286,6952674.205,"seg1119(1226,1227)",
(141-110),396090.1632,6952658.332,"seg1118(1226,1229)",
(141-110),396136.9426,6952615.024,"seg1121(1228,1229)",
(141-110),396165.4129,6952588.123,"seg1120(1228,1231)",
(141-110),396180.887,6952574.129,"seg1123(1230,1231)",
(141-110),396209.4582,6952546.952,"seg1122(1168,1230)",
(141-109),396209.4582,6952546.952,,
(141-109),396180.887,6952574.129,"seg1122(1168,1230)",
(141-109),396165.4129,6952588.123,"seg1123(1230,1231)",
(141-109),396136.9426,6952615.024,"seg1120(1228,1231)",
(141-109),396090.1632,6952658.332,"seg1121(1228,1229)",
(141-109),396074.2286,6952674.205,"seg1118(1226,1229)",
(141-109),396067.2503,6952681.956,"seg1119(1226,1227)",
(141-109),396055.4242,6952696.591,"seg1116(1224,1227)",
(141-109),396046.4622,6952705.377,"seg1117(1224,1225)",
(141-109),396030.953,6952717.654,"seg1114(1225,1277)",
(141-109),396019.829,6952725.203,"seg1115(1277,1278)",
(141-109),396004.719,6952736.984,"seg1112(1275,1278)",
(141-109),395998.2541,6952742.413,"seg1113(1275,1276)",
(141-109),395981.5223,6952759.111,"seg1110(1274,1276)",
(142-111),396209.4582,6952546.952,,
(142-111),396225.2956,6952530.856,"seg1027(1168,1171)",
(142-111),396235.897,6952520.864,"seg1026(1170,1171)",
(142-111),396245.5664,6952510.145,"seg1029(1170,1173)",
(142-111),396250.7417,6952505.369,"seg1028(1172,1173)",
(142-111),396265.0025,6952488.872,"seg1031(1172,1175)",
(142-111),396287.9569,6952460.263,"seg1030(1174,1175)",
(142-111),396305.4387,6952436.536,"seg1033(1174,1177)",
(142-111),396322.635,6952411.534,"seg1032(1176,1177)",
(142-111),396335.7478,6952390.651,"seg1035(1176,1179)",
(142-111),396343.6087,6952377.755,"seg1034(1178,1179)",
(142-111),396347.3235,6952370.53,"seg1037(1178,1181)",
(142-111),396359.6825,6952351.192,"seg1036(1180,1181)",
(142-111),396407.7018,6952271.999,"seg1039(1180,1183)",
(142-111),396426.4455,6952244.959,"seg1038(1182,1183)",
(142-111),396429.8984,6952239.505,"seg977(1182,1185)",
(142-111),396434.412,6952231.234,"seg976(1184,1185)",
(142-111),396437.3838,6952224.279,"seg979(1184,1187)",
(142-111),396441.1295,6952213.399,"seg978(1186,1187)",
(142-111),396445.4186,6952196.651,"seg981(1186,1189)",
(142-111),396451.98,6952173.94,"seg980(1188,1189)",
(142-111),396453.8421,6952163.929,"seg983(1188,1191)",
(142-110),396453.8421,6952163.929,,
(142-110),396451.98,6952173.94,"seg983(1188,1191)",
(142-110),396445.4186,6952196.651,"seg980(1188,1189)",
(142-110),396441.1295,6952213.399,"seg981(1186,1189)",
(142-110),396437.3838,6952224.279,"seg978(1186,1187)",
(142-110),396434.412,6952231.234,"seg979(1184,1187)",
(142-110),396429.8984,6952239.505,"seg976(1184,1185)",
(142-110),396426.4455,6952244.959,"seg977(1182,1185)",
(142-110),396407.7018,6952271.999,"seg1038(1182,1183)",
(142-110),396359.6825,6952351.192,"seg1039(1180,1183)",
(142-110),396347.3235,6952370.53,"seg1036(1180,1181)",
(142-110),396343.6087,6952377.755,"seg1037(1178,1181)",
(142-110),396335.7478,6952390.651,"seg1034(1178,1179)",
(142-110),396322.635,6952411.534,"seg1035(1176,1179)",
(142-110),396305.4387,6952436.536,"seg1032(1176,1177)",
(142-110),396287.9569,6952460.263,"seg1033(1174,1177)",
(142-110),396265.0025,6952488.872,"seg1030(1174,1175)",
(142-110),396250.7417,6952505.369,"seg1031(1172,1175)",
(142-110),396245.5664,6952510.145,"seg1028(1172,1173)",
(142-110),396235.897,6952520.864,"seg1029(1170,1173)",
(142-110),396225.2956,6952530.856,"seg1026(1170,1171)",
(142-110),396209.4582,6952546.952,"seg1027(1168,1171)",
(143-28),396453.8421,6952163.929,,
(143-28),396458.0643,6952143.414,"seg1270(1191,1425)",
(143-28),396460.0603,6952123.434,"seg1273(1366,1425)",
(143-28),396462.3685,6952107.39,"seg1272(1237,1366)",
(143-111),396462.3685,6952107.39,,
(143-111),396460.0603,6952123.434,"seg1272(1237,1366)",
(143-111),396458.0643,6952143.414,"seg1273(1366,1425)",
(143-111),396453.8421,6952163.929,"seg1270(1191,1425)",
(144-109),396453.8421,6952163.929,,
(144-109),396451.1938,6952173.49,"seg3034(1191,3172)",
(144-109),396448.1566,6952182.327,"seg3037(3172,3174)",
(144-109),396440.2816,6952202.756,"seg3036(3173,3174)",
(144-109),396429.7199,6952225.599,"seg3039(3173,3176)",
(144-109),396417.4882,6952247.432,"seg3038(3175,3176)",
(144-109),396411.4343,6952256.853,"seg3041(3175,3178)",
(144-109),396331.0605,6952390.279,"seg3040(3177,3178)",
(144-109),396319.0536,6952408.844,"seg3043(3177,3180)",
(144-109),396307.4552,6952425.807,"seg3042(3179,3180)",
(144-109),396292.9633,6952446.291,"seg3045(3179,3182)",
(144-109),396275.0399,6952469.681,"seg3044(3181,3182)",
(144-109),396262.3684,6952485.083,"seg3047(3126,3181)",
(144-109),396241.1273,6952509.609,"seg3046(3125,3126)",
(144-109),396217.3141,6952534.666,"seg3049(3125,3128)",
(144-109),396168.4302,6952581.668,"seg3048(3127,3128)",
(144-109),396075.9622,6952667.739,"seg3051(3127,3130)",
(144-109),396036.5401,6952705.127,"seg3050(3129,3130)",
(144-109),396015.2427,6952724.555,"seg3053(3129,3132)",
(144-109),395998.9623,6952740.425,"seg3052(3131,3132)",
(144-109),395981.5223,6952759.111,"seg3055(1274,3131)",
(144-111),395981.5223,6952759.111,,
(144-111),395998.9623,6952740.425,"seg3055(1274,3131)",
(144-111),396015.2427,6952724.555,"seg3052(3131,3132)",
(144-111),396036.5401,6952705.127,"seg3053(3129,3132)",
(144-111),396075.9622,6952667.739,"seg3050(3129,3130)",
(144-111),396168.4302,6952581.668,"seg3051(3127,3130)",
(144-111),396217.3141,6952534.666,"seg3048(3127,3128)",
(144-111),396241.1273,6952509.609,"seg3049(3125,3128)",
(144-111),396262.3684,6952485.083,"seg3046(3125,3126)",
(144-111),396275.0399,6952469.681,"seg3047(3126,3181)",
(144-111),396292.9633,6952446.291,"seg3044(3181,3182)",
(144-111),396307.4552,6952425.807,"seg3045(3179,3182)",
(144-111),396319.0536,6952408.844,"seg3042(3179,3180)",
(144-111),396331.0605,6952390.279,"seg3043(3177,3180)",
(144-111),396411.4343,6952256.853,"seg3040(3177,3178)",
(144-111),396417.4882,6952247.432,"seg3041(3175,3178)",
(144-111),396429.7199,6952225.599,"seg3038(3175,3176)",
(144-111),396440.2816,6952202.756,"seg3039(3173,3176)",
(144-111),396448.1566,6952182.327,"seg3036(3173,3174)",
(144-111),396451.1938,6952173.49,"seg3037(3172,3174)",
(144-111),396453.8421,6952163.929,"seg3034(1191,3172)",
(145-112),396209.4582,6952546.952,,
(145-112),396178.9888,6952582.533,"seg1126(1168,1235)",
(145-112),396167.8876,6952593.24,"seg1127(1233,1235)",
(145-112),396141.268,6952617.332,"seg1124(1233,1234)",
(145-112),396089.013,6952665.856,"seg1125(1232,1234)",
(145-110),396089.013,6952665.856,,
(145-110),396141.268,6952617.332,"seg1125(1232,1234)",
(145-110),396167.8876,6952593.24,"seg1124(1233,1234)",
(145-110),396178.9888,6952582.533,"seg1127(1233,1235)",
(145-110),396209.4582,6952546.952,"seg1126(1168,1235)",
(146-32),396054.3638,6954024.469,,
(146-32),396062.2578,6954048.521,"seg3754(1714,1720)",
(146-32),396068.2153,6954068.015,"seg3751(1719,1720)",
(146-38),396068.2153,6954068.015,,
(146-38),396062.2578,6954048.521,"seg3751(1719,1720)",
(146-38),396054.3638,6954024.469,"seg3754(1714,1720)",
(147-113),396046.9057,6954001.417,,
(147-113),396037.3871,6953970.981,"seg3752(1107,1690)",
(147-37),396037.3871,6953970.981,,
(147-37),396046.9057,6954001.417,"seg3752(1107,1690)",
(148-114),396037.3871,6953970.981,,
(148-114),396031.8031,6953948.222,"seg3202(1690,3276)",
(148-114),396029.4534,6953934.188,"seg3203(3274,3276)",
(148-114),395999.1602,6953721.996,"seg3200(3274,3275)",
(148-114),395963.556,6953484.167,"seg3201(3272,3275)",
(148-114),395961.9503,6953469.751,"seg3198(3272,3273)",
(148-114),395961.0351,6953449.635,"seg3199(1109,3273)",
(148-113),395961.0351,6953449.635,,
(148-113),395961.9503,6953469.751,"seg3199(1109,3273)",
(148-113),395963.556,6953484.167,"seg3198(3272,3273)",
(148-113),395999.1602,6953721.996,"seg3201(3272,3275)",
(148-113),396029.4534,6953934.188,"seg3200(3274,3275)",
(148-113),396031.8031,6953948.222,"seg3203(3274,3276)",
(148-113),396037.3871,6953970.981,"seg3202(1690,3276)",
(149-36),395961.0351,6953449.635,,
(149-36),395961.6915,6953418.898,"seg1210(1102,1109)",
(149-114),395961.6915,6953418.898,,
(149-114),395961.0351,6953449.635,"seg1210(1102,1109)",
(150-115),395961.0351,6953449.635,,
(150-115),395960.2415,6953473.282,"seg3808(1109,3740)",
(150-114),395960.2415,6953473.282,,
(150-114),395961.0351,6953449.635,"seg3808(1109,3740)",
(151-116),395960.2415,6953473.282,,
(151-116),395959.8771,6953504.52,"seg3793(3740,3742)",
(151-115),395959.8771,6953504.52,,
(151-115),395960.2415,6953473.282,"seg3793(3740,3742)",
(152-117),395959.8771,6953504.52,,
(152-117),395961.4186,6953532.285,"seg3860(3742,3791)",
(152-117),395986.6845,6953702.558,"seg3861(3791,3792)",
(152-117),396013.447,6953888.574,"seg3858(3789,3792)",
(152-117),396016.1024,6953901.503,"seg3859(3789,3790)",
(152-117),396020.3147,6953917.16,"seg3856(1700,3790)",
(152-116),396020.3147,6953917.16,,
(152-116),396016.1024,6953901.503,"seg3856(1700,3790)",
(152-116),396013.447,6953888.574,"seg3859(3789,3790)",
(152-116),395986.6845,6953702.558,"seg3858(3789,3792)",
(152-116),395961.4186,6953532.285,"seg3861(3791,3792)",
(152-116),395959.8771,6953504.52,"seg3860(3742,3791)",
(153-118),396020.3147,6953917.16,,
(153-118),396029.6875,6953947.318,"seg3709(1691,1700)",
(153-117),396029.6875,6953947.318,,
(153-117),396020.3147,6953917.16,"seg3709(1691,1700)",
(154-113),396029.6875,6953947.318,,
(154-113),396032.1816,6953955.981,"seg3701(1691,1692)",
(154-113),396037.3871,6953970.981,"seg3702(1690,1692)",
(154-118),396037.3871,6953970.981,,
(154-118),396032.1816,6953955.981,"seg3702(1690,1692)",
(154-118),396029.6875,6953947.318,"seg3701(1691,1692)",
(155-115),396029.6875,6953947.318,,
(155-115),396024.5365,6953925.892,"seg3850(1691,3737)",
(155-115),396022.0378,6953911.968,"seg3853(3736,3737)",
(155-115),396009.6001,6953824.119,"seg3852(3736,3739)",
(155-115),395963.1541,6953508.204,"seg3792(3738,3739)",
(155-115),395961.1544,6953493.674,"seg3791(3738,3741)",
(155-115),395960.2415,6953473.282,"seg3794(3740,3741)",
(155-118),395960.2415,6953473.282,,
(155-118),395961.1544,6953493.674,"seg3794(3740,3741)",
(155-118),395963.1541,6953508.204,"seg3791(3738,3741)",
(155-118),396009.6001,6953824.119,"seg3792(3738,3739)",
(155-118),396022.0378,6953911.968,"seg3852(3736,3739)",
(155-118),396024.5365,6953925.892,"seg3853(3736,3737)",
(155-118),396029.6875,6953947.318,"seg3850(1691,3737)",
(156-116),396020.3147,6953917.16,,
(156-116),396011.4617,6953889.776,"seg3884(1700,3760)",
(156-116),396008.3986,6953878.339,"seg3885(3760,3761)",
(156-116),395982.0838,6953697.755,"seg3882(3758,3761)",
(156-116),395965.357,6953585.94,"seg3883(3758,3759)",
(156-116),395960.2287,6953550.278,"seg3880(3756,3759)",
(156-116),395959.4096,6953542.073,"seg3881(3756,3757)",
(156-116),395959.1605,6953536.532,"seg3878(3755,3757)",
(156-116),395959.8771,6953504.52,"seg3879(3742,3755)",
(156-117),395959.8771,6953504.52,,
(156-117),395959.1605,6953536.532,"seg3879(3742,3755)",
(156-117),395959.4096,6953542.073,"seg3878(3755,3757)",
(156-117),395960.2287,6953550.278,"seg3881(3756,3757)",
(156-117),395965.357,6953585.94,"seg3880(3756,3759)",
(156-117),395982.0838,6953697.755,"seg3883(3758,3759)",
(156-117),396008.3986,6953878.339,"seg3882(3758,3761)",
(156-117),396011.4617,6953889.776,"seg3885(3760,3761)",
(156-117),396020.3147,6953917.16,"seg3884(1700,3760)",
(157-119),395773.5711,6954473.259,,
(157-119),395757.2359,6954530.064,"seg3156(1156,3237)",
(157-119),395751.6194,6954551.73,"seg3159(3236,3237)",
(157-119),395746.0912,6954574.616,"seg3158(3236,3239)",
(157-119),395734.8549,6954629.913,"seg3161(3238,3239)",
(157-119),395729.6434,6954661.997,"seg3160(3238,3241)",
(157-119),395702.1021,6954857.411,"seg3163(3240,3241)",
(157-119),395700.2731,6954875.011,"seg3162(3240,3243)",
(157-119),395686.5849,6954974.602,"seg3165(3242,3243)",
(157-119),395683.7196,6954997.898,"seg3164(3242,3245)",
(157-119),395682.1177,6955017.826,"seg3167(3244,3245)",
(157-119),395682.4558,6955036.108,"seg3166(3244,3247)",
(157-119),395683.1543,6955046.861,"seg3169(3246,3247)",
(157-119),395686.674,6955074.255,"seg3168(3246,3249)",
(157-119),395689.7136,6955088.461,"seg3171(3248,3249)",
(157-119),395696.8989,6955114.558,"seg3170(3248,3251)",
(157-119),395700.7521,6955126.001,"seg3173(3250,3251)",
(157-119),395705.3935,6955137.673,"seg3172(3250,3253)",
(157-119),395715.5634,6955161.247,"seg3175(3252,3253)",
(157-119),395722.0845,6955178.363,"seg3174(3252,3255)",
(157-119),395726.1231,6955191.249,"seg3177(3254,3255)",
(157-119),395729.3649,6955204.903,"seg3176(3254,3257)",
(157-119),395731.2716,6955218.768,"seg3179(3256,3257)",
(157-119),395732.4376,6955232.626,"seg3178(3256,3259)",
(157-119),395732.7896,6955243.486,"seg3181(3258,3259)",
(157-119),395732.49,6955261.265,"seg3180(3258,3261)",
(157-119),395729.9381,6955282.57,"seg3183(3260,3261)",
(157-119),395727.6973,6955296.343,"seg3182(3260,3263)",
(157-119),395726.1658,6955302.202,"seg3377(3262,3263)",
(157-119),395719.4767,6955322.197,"seg3376(3262,3265)",
(157-119),395714.3332,6955334.672,"seg3379(3264,3265)",
(157-119),395709.9094,6955343.83,"seg3378(3264,3436)",
(157-119),395702.2741,6955358.943,"seg3381(3435,3436)",
(157-119),395694.3463,6955373.61,"seg3380(3435,3438)",
(157-119),395684.1976,6955393.908,"seg3383(3437,3438)",
(157-119),395599.2971,6955556.927,"seg3382(3437,3440)",
(157-119),395557.93,6955635.841,"seg3385(3439,3440)",
(157-119),395546.1902,6955657.345,"seg3384(3439,3442)",
(157-119),395536.6733,6955672.995,"seg3387(3441,3442)",
(157-119),395526.8704,6955687.425,"seg3386(3441,3444)",
(157-119),395520.375,6955696.232,"seg3389(3443,3444)",
(157-119),395504.1658,6955714.817,"seg3388(3443,3446)",
(157-119),395494.6077,6955723.709,"seg3391(3445,3446)",
(157-119),395482.4223,6955733.742,"seg3390(3445,3448)",
(157-119),395474.3195,6955739.932,"seg3393(3447,3448)",
(157-119),395466.0755,6955745.29,"seg3392(3447,3450)",
(157-119),395457.3387,6955750.533,"seg3395(3449,3450)",
(157-119),395447.6142,6955755.768,"seg3394(3449,3452)",
(157-119),395437.1993,6955760.886,"seg3397(3451,3452)",
(157-119),395420.3475,6955767.943,"seg3396(3451,3454)",
(157-119),395402.0237,6955773.88,"seg3399(3453,3454)",
(157-119),395389.5483,6955777.374,"seg3398(3453,3456)",
(157-119),395376.0905,6955780.25,"seg3401(3455,3456)",
(157-119),395354.3335,6955783.388,"seg3400(3455,3458)",
(157-119),395345.2417,6955783.92,"seg3403(3457,3458)",
(157-119),395324.2025,6955783.961,"seg3402(3457,3460)",
(157-119),395303.2782,6955782.121,"seg3405(3459,3460)",
(157-119),395289.467,6955780.119,"seg3404(3459,3462)",
(157-119),395262.0629,6955773.681,"seg3407(3461,3462)",
(157-119),395223.19,6955762.768,"seg3406(3461,3464)",
(157-119),395200.8081,6955758.145,"seg3345(3463,3464)",
(157-119),395173.6724,6955754.977,"seg3344(3463,3466)",
(157-119),395154.3208,6955754.036,"seg3347(3465,3466)",
(157-119),395132.0913,6955754.676,"seg3346(3404,3465)",
(157-119),395111.7758,6955756.718,"seg3349(3403,3404)",
(157-119),395092.8839,6955759.769,"seg3348(3403,3406)",
(157-119),395079.9198,6955762.649,"seg3351(3405,3406)",
(157-119),395067.0489,6955766.195,"seg3350(3405,3408)",
(157-119),395042.5339,6955774.183,"seg3353(3407,3408)",
(157-119),395023.9453,6955782.167,"seg3352(3407,3410)",
(157-119),395005.8919,6955791.096,"seg3355(3409,3410)",
(157-119),394989.3124,6955800.925,"seg3354(3409,3412)",
(157-119),394972.522,6955812.303,"seg3357(3411,3412)",
(157-119),394955.9637,6955825.4,"seg3356(3411,3414)",
(157-119),394950.4897,6955830.228,"seg3359(3413,3414)",
(157-119),394934.2557,6955845.82,"seg3358(3413,3416)",
(157-119),394924.4392,6955855.983,"seg3361(3415,3416)",
(157-119),394909.3666,6955874.355,"seg3360(3415,3418)",
(157-119),394904.2677,6955881.513,"seg3363(3417,3418)",
(157-119),394888.0975,6955906.91,"seg3362(3417,3420)",
(157-119),394883.7835,6955914.684,"seg3365(3419,3420)",
(157-119),394878.0553,6955926.101,"seg3364(3419,3422)",
(157-119),394865.9564,6955954.746,"seg3367(3421,3422)",
(157-119),394863.6229,6955961.927,"seg3366(3421,3424)",
(157-119),394856.2164,6955990.502,"seg3369(3423,3424)",
(157-119),394848.9977,6956025.947,"seg3368(3423,3426)",
(157-119),394818.1021,6956184.494,"seg3371(3425,3426)",
(157-119),394812.9495,6956209.377,"seg3370(3425,3428)",
(157-119),394806.3164,6956234.136,"seg3373(3427,3428)",
(157-119),394800.1957,6956250.979,"seg3372(3427,3430)",
(157-119),394797.3693,6956258.045,"seg3375(3429,3430)",
(157-119),394785.8203,6956280.103,"seg3374(3429,3432)",
(157-119),394781.4126,6956287.266,"seg3313(3431,3432)",
(157-119),394772.3083,6956300.704,"seg3312(3431,3434)",
(157-119),394757.7293,6956319.025,"seg3315(3433,3434)",
(157-119),394740.9901,6956335.831,"seg3314(3372,3433)",
(157-119),394735.2166,6956340.989,"seg3317(3371,3372)",
(157-119),394723.0827,6956350.633,"seg3316(3371,3374)",
(157-119),394704.8957,6956363.495,"seg3319(3373,3374)",
(157-119),394685.53,6956375.57,"seg3318(3373,3376)",
(157-119),394610.9114,6956420.461,"seg3321(3375,3376)",
(157-119),394598.1971,6956428.661,"seg3320(3375,3378)",
(157-119),394591.9354,6956433.149,"seg3323(3377,3378)",
(157-119),394580.7515,6956441.418,"seg3322(3377,3380)",
(157-119),394569.4009,6956451.845,"seg3325(3379,3380)",
(157-119),394554.3376,6956468.998,"seg3324(3379,3382)",
(157-119),394544.6983,6956481.434,"seg3327(3381,3382)",
(157-119),394536.682,6956494.659,"seg3326(3381,3384)",
(157-119),394529.6478,6956508.558,"seg3329(3383,3384)",
(157-119),394523.5979,6956522.852,"seg3328(3383,3386)",
(157-119),394521.2612,6956530.366,"seg3331(3385,3386)",
(157-119),394518.1063,6956541.14,"seg3330(3385,3388)",
(157-119),394515.2343,6956553.468,"seg3333(3387,3388)",
(157-119),394512.64,6956567.959,"seg3332(3387,3390)",
(157-119),394511.5237,6956577.145,"seg3335(3389,3390)",
(157-119),394505.3056,6956616.697,"seg3334(3389,3392)",
(157-119),394503.6005,6956625.435,"seg3337(3391,3392)",
(157-119),394499.817,6956640.358,"seg3336(3391,3394)",
(157-119),394491.0248,6956663.382,"seg3339(3393,3394)",
(157-119),394487.801,6956670.666,"seg3338(3393,3396)",
(157-119),394479.7798,6956684.445,"seg3341(3395,3396)",
(157-119),394475.575,6956690.945,"seg3340(3395,3398)",
(157-119),394465.6215,6956705.428,"seg3343(3397,3398)",
(157-119),394460.5296,6956711.699,"seg3342(3397,3400)",
(157-119),394441.8472,6956730.372,"seg3281(3399,3400)",
(157-119),394428.5159,6956741.335,"seg3280(3399,3402)",
(157-119),394394.7058,6956767.356,"seg3283(3401,3402)",
(157-119),394387.5363,6956773.997,"seg3282(3340,3401)",
(157-119),394374.9789,6956786.85,"seg3285(3339,3340)",
(157-119),394363.6471,6956800.767,"seg3284(3339,3342)",
(157-119),394358.5513,6956807.481,"seg3287(3341,3342)",
(157-119),394348.3262,6956824.786,"seg3286(3341,3344)",
(157-119),394323.9926,6956874.431,"seg3289(3343,3344)",
(157-119),394307.5449,6956903.093,"seg3288(3343,3346)",
(157-119),394297.6552,6956915.859,"seg3291(3345,3346)",
(157-119),394285.7747,6956930.38,"seg3290(3345,3348)",
(157-119),394262.457,6956953.832,"seg3293(3347,3348)",
(157-119),394256.3867,6956958.987,"seg3292(3347,3350)",
(157-119),394236.6001,6956973.883,"seg3295(3349,3350)",
(157-119),394222.6911,6956983.069,"seg3294(3349,3352)",
(157-119),394208.2934,6956991.641,"seg3297(3351,3352)",
(157-119),394200.9504,6956995.456,"seg3296(3351,3354)",
(157-119),394178.044,6957005.561,"seg3299(3353,3354)",
(157-119),394162.189,6957011.296,"seg3298(3353,3356)",
(157-119),394063.215,6957044.673,"seg3301(3355,3356)",
(157-119),394021.5992,6957059.27,"seg3300(3355,3358)",
(157-119),393995.1294,6957070.175,"seg3303(3357,3358)",
(157-119),393970.4197,6957083.145,"seg3302(3357,3360)",
(157-119),393955.2243,6957092.541,"seg3305(3359,3360)",
(157-119),393933.6457,6957108.972,"seg3304(3359,3362)",
(157-119),393914.1381,6957125.809,"seg3307(3361,3362)",
(157-119),393908.0599,6957131.849,"seg3306(3361,3364)",
(157-119),393896.1931,6957144.709,"seg3309(3363,3364)",
(157-119),393885.2095,6957158.24,"seg3308(3363,3366)",
(157-119),393875.1131,6957172.001,"seg3311(3365,3366)",
(157-119),393870.4081,6957179.162,"seg3310(3365,3368)",
(157-119),393862.6851,6957192.611,"seg3505(3367,3368)",
(157-119),393851.1361,6957214.391,"seg3504(3367,3370)",
(157-119),393841.4546,6957237.24,"seg3507(3369,3370)",
(157-119),393838.7204,6957244.971,"seg3506(3369,3562)",
(157-119),393833.5004,6957260.27,"seg3509(3561,3562)",
(157-119),393829.7102,6957275.858,"seg3508(3561,3564)",
(157-119),393813.8731,6957370.665,"seg3511(3563,3564)",
(157-119),393779.6503,6957580.697,"seg3510(3563,3566)",
(157-119),393776.8478,6957596.294,"seg3513(3565,3566)",
(157-119),393764.9288,6957672.08,"seg3512(3565,3568)",
(157-119),393744.1034,6957795.205,"seg3515(3567,3568)",
(157-119),393737.715,6957836.971,"seg3514(3567,3570)",
(157-119),393721.2581,6957934.764,"seg3517(3569,3570)",
(157-119),393720.7981,6957942.238,"seg3516(3569,3572)",
(157-119),393713.1514,6957975.297,"seg3519(3571,3572)",
(157-119),393708.1707,6957991.429,"seg3518(3571,3574)",
(157-119),393702.0516,6958007.827,"seg3521(3573,3574)",
(157-119),393698.8242,6958015.444,"seg3520(3573,3576)",
(157-119),393691.3848,6958030.28,"seg3523(3575,3576)",
(157-119),393679.6875,6958051.948,"seg3522(3575,3578)",
(157-119),393674.9831,6958058.998,"seg3525(3577,3578)",
(157-119),393659.9894,6958079.142,"seg3524(3577,3580)",
(157-119),393653.6353,6958088.448,"seg3527(3579,3580)",
(157-119),393639.5211,6958104.002,"seg3526(3579,3582)",
(157-119),393614.8717,6958126.831,"seg3529(3581,3582)",
(157-119),393606.4641,6958133.683,"seg3528(3581,3584)",
(157-119),393594.084,6958142.937,"seg3531(3583,3584)",
(157-119),393586.4812,6958148.133,"seg3530(3583,3586)",
(157-119),393578.8343,6958152.72,"seg3533(3585,3586)",
(157-119),393554.7128,6958165.915,"seg3532(3585,3588)",
(157-119),393546.9762,6958169.449,"seg3535(3587,3588)",
(157-119),393500.4271,6958188.487,"seg3534(3587,3590)",
(157-119),393383.5013,6958234.278,"seg3473(3589,3590)",
(157-119),393352.1709,6958247.079,"seg3472(3589,3592)",
(157-119),393282.33,6958274.666,"seg3475(3591,3592)",
(157-119),393251.8847,6958287.917,"seg3474(3530,3591)",
(157-119),393229.5649,6958298.358,"seg3477(3529,3530)",
(157-119),393200.5838,6958313.616,"seg3476(3529,3532)",
(157-119),393179.2384,6958325.616,"seg3479(3531,3532)",
(157-119),393151.4262,6958342.768,"seg3478(3531,3534)",
(157-119),393137.9647,6958351.347,"seg3481(3533,3534)",
(157-119),393117.3929,6958365.238,"seg3480(3533,3536)",
(157-119),393056.2493,6958409.296,"seg3483(3535,3536)",
(157-119),393034.8284,6958424.232,"seg3482(3535,3538)",
(157-119),393012.7765,6958437.887,"seg3485(3537,3538)",
(157-119),392989.9028,6958449.487,"seg3484(3537,3540)",
(157-119),392957.6803,6958462.5,"seg3487(3539,3540)",
(157-119),392932.619,6958470.036,"seg3486(3539,3542)",
(157-119),392914.9475,6958474.202,"seg3489(3541,3542)",
(157-119),392906.4371,6958475.79,"seg3488(3541,3544)",
(157-119),392880.7181,6958479.443,"seg3491(3543,3544)",
(157-119),392862.9201,6958481.115,"seg3490(3543,3546)",
(157-119),392845.4296,6958481.516,"seg3493(3545,3546)",
(157-119),392818.6161,6958480.395,"seg3492(3545,3548)",
(157-119),392792.4613,6958477.397,"seg3495(3547,3548)",
(157-119),392775.6928,6958474.314,"seg3494(3547,3550)",
(157-119),392758.4387,6958470.286,"seg3497(3549,3550)",
(157-119),392732.6713,6958462.527,"seg3496(3549,3552)",
(157-119),392724.2994,6958459.573,"seg3499(3551,3552)",
(157-119),392699.7887,6958449.333,"seg3498(3551,3554)",
(157-119),392676.5784,6958437.275,"seg3501(3553,3554)",
(157-119),392661.6381,6958428.503,"seg3500(3553,3556)",
(157-119),392653.9806,6958422.952,"seg3503(3555,3556)",
(157-119),392632.1757,6958408.359,"seg3502(3555,3558)",
(157-119),392520.9215,6958330.608,"seg3441(3557,3558)",
(157-119),392466.5341,6958291.245,"seg3440(3557,3560)",
(157-119),392454.2702,6958281.499,"seg3443(3559,3560)",
(157-119),392432.8256,6958265.302,"seg3442(3498,3559)",
(157-119),392414.825,6958250.686,"seg3445(3497,3498)",
(157-119),392406.8747,6958244.745,"seg3444(3497,3500)",
(157-119),392274.032,6958139.438,"seg3447(3499,3500)",
(157-119),392180.4397,6958064.72,"seg3446(3499,3502)",
(157-119),392082.8179,6957987.75,"seg3449(3501,3502)",
(157-119),392052.4962,6957964.439,"seg3448(3501,3504)",
(157-119),392021.4704,6957942.563,"seg3451(3503,3504)",
(157-119),392005.5571,6957932.23,"seg3450(3503,3506)",
(157-119),391973.4214,6957913.002,"seg3453(3505,3506)",
(157-119),391949.04,6957899.493,"seg3452(3505,3508)",
(157-119),391932.6153,6957891.15,"seg3455(3507,3508)",
(157-119),391908.0198,6957879.522,"seg3454(3507,3510)",
(157-119),391875.0472,6957865.604,"seg3457(3509,3510)",
(157-119),391841.8694,6957852.571,"seg3456(3509,3512)",
(157-119),391742.8144,6957815.247,"seg3459(3511,3512)",
(157-119),391652.4661,6957782.099,"seg3458(3511,3514)",
(157-119),391572.1208,6957751.752,"seg3461(3513,3514)",
(157-119),391528.9386,6957736.192,"seg3460(3513,3516)",
(157-119),391495.3643,6957723.376,"seg3463(3515,3516)",
(157-119),391437.0671,6957702.253,"seg3462(3515,3518)",
(157-119),391419.9383,6957695.399,"seg3465(3517,3518)",
(157-119),391385.8693,6957682.689,"seg3464(3517,3520)",
(157-119),391359.7704,6957673.594,"seg3467(3519,3520)",
(157-119),391333.4611,6957665.938,"seg3466(3519,3522)",
(157-119),391324.5884,6957663.866,"seg3469(3521,3522)",
(157-119),391297.9592,6957658.866,"seg3468(3521,3524)",
(157-119),391270.6249,6957655.41,"seg3471(3523,3524)",
(157-119),391252.8079,6957653.757,"seg3470(3523,3526)",
(157-119),391234.4392,6957653.04,"seg3409(3525,3526)",
(157-119),391206.0288,6957653.951,"seg3408(3525,3528)",
(157-119),391187.1466,6957655.445,"seg3411(3527,3528)",
(157-119),391177.7524,6957656.469,"seg3410(3468,3527)",
(157-119),391150.2939,6957661.432,"seg3413(3467,3468)",
(157-119),391114.0562,6957670.472,"seg3412(3467,3470)",
(157-119),390813.1052,6957751.938,"seg3415(3469,3470)",
(157-119),390658.8227,6957792.883,"seg3414(3469,3472)",
(157-119),390638.9137,6957798.688,"seg3417(3471,3472)",
(157-119),390459.2747,6957846.828,"seg3416(3471,3474)",
(157-119),390429.2569,6957856.198,"seg3419(3473,3474)",
(157-29),390429.2569,6957856.198,,
(157-29),390459.2747,6957846.828,"seg3419(3473,3474)",
(157-29),390638.9137,6957798.688,"seg3416(3471,3474)",
(157-29),390658.8227,6957792.883,"seg3417(3471,3472)",
(157-29),390813.1052,6957751.938,"seg3414(3469,3472)",
(157-29),391114.0562,6957670.472,"seg3415(3469,3470)",
(157-29),391150.2939,6957661.432,"seg3412(3467,3470)",
(157-29),391177.7524,6957656.469,"seg3413(3467,3468)",
(157-29),391187.1466,6957655.445,"seg3410(3468,3527)",
(157-29),391206.0288,6957653.951,"seg3411(3527,3528)",
(157-29),391234.4392,6957653.04,"seg3408(3525,3528)",
(157-29),391252.8079,6957653.757,"seg3409(3525,3526)",
(157-29),391270.6249,6957655.41,"seg3470(3523,3526)",
(157-29),391297.9592,6957658.866,"seg3471(3523,3524)",
(157-29),391324.5884,6957663.866,"seg3468(3521,3524)",
(157-29),391333.4611,6957665.938,"seg3469(3521,3522)",
(157-29),391359.7704,6957673.594,"seg3466(3519,3522)",
(157-29),391385.8693,6957682.689,"seg3467(3519,3520)",
(157-29),391419.9383,6957695.399,"seg3464(3517,3520)",
(157-29),391437.0671,6957702.253,"seg3465(3517,3518)",
(157-29),391495.3643,6957723.376,"seg3462(3515,3518)",
(157-29),391528.9386,6957736.192,"seg3463(3515,3516)",
(157-29),391572.1208,6957751.752,"seg3460(3513,3516)",
(157-29),391652.4661,6957782.099,"seg3461(3513,3514)",
(157-29),391742.8144,6957815.247,"seg3458(3511,3514)",
(157-29),391841.8694,6957852.571,"seg3459(3511,3512)",
(157-29),391875.0472,6957865.604,"seg3456(3509,3512)",
(157-29),391908.0198,6957879.522,"seg3457(3509,3510)",
(157-29),391932.6153,6957891.15,"seg3454(3507,3510)",
(157-29),391949.04,6957899.493,"seg3455(3507,3508)",
(157-29),391973.4214,6957913.002,"seg3452(3505,3508)",
(157-29),392005.5571,6957932.23,"seg3453(3505,3506)",
(157-29),392021.4704,6957942.563,"seg3450(3503,3506)",
(157-29),392052.4962,6957964.439,"seg3451(3503,3504)",
(157-29),392082.8179,6957987.75,"seg3448(3501,3504)",
(157-29),392180.4397,6958064.72,"seg3449(3501,3502)",
(157-29),392274.032,6958139.438,"seg3446(3499,3502)",
(157-29),392406.8747,6958244.745,"seg3447(3499,3500)",
(157-29),392414.825,6958250.686,"seg3444(3497,3500)",
(157-29),392432.8256,6958265.302,"seg3445(3497,3498)",
(157-29),392454.2702,6958281.499,"seg3442(3498,3559)",
(157-29),392466.5341,6958291.245,"seg3443(3559,3560)",
(157-29),392520.9215,6958330.608,"seg3440(3557,3560)",
(157-29),392632.1757,6958408.359,"seg3441(3557,3558)",
(157-29),392653.9806,6958422.952,"seg3502(3555,3558)",
(157-29),392661.6381,6958428.503,"seg3503(3555,3556)",
(157-29),392676.5784,6958437.275,"seg3500(3553,3556)",
(157-29),392699.7887,6958449.333,"seg3501(3553,3554)",
(157-29),392724.2994,6958459.573,"seg3498(3551,3554)",
(157-29),392732.6713,6958462.527,"seg3499(3551,3552)",
(157-29),392758.4387,6958470.286,"seg3496(3549,3552)",
(157-29),392775.6928,6958474.314,"seg3497(3549,3550)",
(157-29),392792.4613,6958477.397,"seg3494(3547,3550)",
(157-29),392818.6161,6958480.395,"seg3495(3547,3548)",
(157-29),392845.4296,6958481.516,"seg3492(3545,3548)",
(157-29),392862.9201,6958481.115,"seg3493(3545,3546)",
(157-29),392880.7181,6958479.443,"seg3490(3543,3546)",
(157-29),392906.4371,6958475.79,"seg3491(3543,3544)",
(157-29),392914.9475,6958474.202,"seg3488(3541,3544)",
(157-29),392932.619,6958470.036,"seg3489(3541,3542)",
(157-29),392957.6803,6958462.5,"seg3486(3539,3542)",
(157-29),392989.9028,6958449.487,"seg3487(3539,3540)",
(157-29),393012.7765,6958437.887,"seg3484(3537,3540)",
(157-29),393034.8284,6958424.232,"seg3485(3537,3538)",
(157-29),393056.2493,6958409.296,"seg3482(3535,3538)",
(157-29),393117.3929,6958365.238,"seg3483(3535,3536)",
(157-29),393137.9647,6958351.347,"seg3480(3533,3536)",
(157-29),393151.4262,6958342.768,"seg3481(3533,3534)",
(157-29),393179.2384,6958325.616,"seg3478(3531,3534)",
(157-29),393200.5838,6958313.616,"seg3479(3531,3532)",
(157-29),393229.5649,6958298.358,"seg3476(3529,3532)",
(157-29),393251.8847,6958287.917,"seg3477(3529,3530)",
(157-29),393282.33,6958274.666,"seg3474(3530,3591)",
(157-29),393352.1709,6958247.079,"seg3475(3591,3592)",
(157-29),393383.5013,6958234.278,"seg3472(3589,3592)",
(157-29),393500.4271,6958188.487,"seg3473(3589,3590)",
(157-29),393546.9762,6958169.449,"seg3534(3587,3590)",
(157-29),393554.7128,6958165.915,"seg3535(3587,3588)",
(157-29),393578.8343,6958152.72,"seg3532(3585,3588)",
(157-29),393586.4812,6958148.133,"seg3533(3585,3586)",
(157-29),393594.084,6958142.937,"seg3530(3583,3586)",
(157-29),393606.4641,6958133.683,"seg3531(3583,3584)",
(157-29),393614.8717,6958126.831,"seg3528(3581,3584)",
(157-29),393639.5211,6958104.002,"seg3529(3581,3582)",
(157-29),393653.6353,6958088.448,"seg3526(3579,3582)",
(157-29),393659.9894,6958079.142,"seg3527(3579,3580)",
(157-29),393674.9831,6958058.998,"seg3524(3577,3580)",
(157-29),393679.6875,6958051.948,"seg3525(3577,3578)",
(157-29),393691.3848,6958030.28,"seg3522(3575,3578)",
(157-29),393698.8242,6958015.444,"seg3523(3575,3576)",
(157-29),393702.0516,6958007.827,"seg3520(3573,3576)",
(157-29),393708.1707,6957991.429,"seg3521(3573,3574)",
(157-29),393713.1514,6957975.297,"seg3518(3571,3574)",
(157-29),393720.7981,6957942.238,"seg3519(3571,3572)",
(157-29),393721.2581,6957934.764,"seg3516(3569,3572)",
(157-29),393737.715,6957836.971,"seg3517(3569,3570)",
(157-29),393744.1034,6957795.205,"seg3514(3567,3570)",
(157-29),393764.9288,6957672.08,"seg3515(3567,3568)",
(157-29),393776.8478,6957596.294,"seg3512(3565,3568)",
(157-29),393779.6503,6957580.697,"seg3513(3565,3566)",
(157-29),393813.8731,6957370.665,"seg3510(3563,3566)",
(157-29),393829.7102,6957275.858,"seg3511(3563,3564)",
(157-29),393833.5004,6957260.27,"seg3508(3561,3564)",
(157-29),393838.7204,6957244.971,"seg3509(3561,3562)",
(157-29),393841.4546,6957237.24,"seg3506(3369,3562)",
(157-29),393851.1361,6957214.391,"seg3507(3369,3370)",
(157-29),393862.6851,6957192.611,"seg3504(3367,3370)",
(157-29),393870.4081,6957179.162,"seg3505(3367,3368)",
(157-29),393875.1131,6957172.001,"seg3310(3365,3368)",
(157-29),393885.2095,6957158.24,"seg3311(3365,3366)",
(157-29),393896.1931,6957144.709,"seg3308(3363,3366)",
(157-29),393908.0599,6957131.849,"seg3309(3363,3364)",
(157-29),393914.1381,6957125.809,"seg3306(3361,3364)",
(157-29),393933.6457,6957108.972,"seg3307(3361,3362)",
(157-29),393955.2243,6957092.541,"seg3304(3359,3362)",
(157-29),393970.4197,6957083.145,"seg3305(3359,3360)",
(157-29),393995.1294,6957070.175,"seg3302(3357,3360)",
(157-29),394021.5992,6957059.27,"seg3303(3357,3358)",
(157-29),394063.215,6957044.673,"seg3300(3355,3358)",
(157-29),394162.189,6957011.296,"seg3301(3355,3356)",
(157-29),394178.044,6957005.561,"seg3298(3353,3356)",
(157-29),394200.9504,6956995.456,"seg3299(3353,3354)",
(157-29),394208.2934,6956991.641,"seg3296(3351,3354)",
(157-29),394222.6911,6956983.069,"seg3297(3351,3352)",
(157-29),394236.6001,6956973.883,"seg3294(3349,3352)",
(157-29),394256.3867,6956958.987,"seg3295(3349,3350)",
(157-29),394262.457,6956953.832,"seg3292(3347,3350)",
(157-29),394285.7747,6956930.38,"seg3293(3347,3348)",
(157-29),394297.6552,6956915.859,"seg3290(3345,3348)",
(157-29),394307.5449,6956903.093,"seg3291(3345,3346)",
(157-29),394323.9926,6956874.431,"seg3288(3343,3346)",
(157-29),394348.3262,6956824.786,"seg3289(3343,3344)",
(157-29),394358.5513,6956807.481,"seg3286(3341,3344)",
(157-29),394363.6471,6956800.767,"seg3287(3341,3342)",
(157-29),394374.9789,6956786.85,"seg3284(3339,3342)",
(157-29),394387.5363,6956773.997,"seg3285(3339,3340)",
(157-29),394394.7058,6956767.356,"seg3282(3340,3401)",
(157-29),394428.5159,6956741.335,"seg3283(3401,3402)",
(157-29),394441.8472,6956730.372,"seg3280(3399,3402)",
(157-29),394460.5296,6956711.699,"seg3281(3399,3400)",
(157-29),394465.6215,6956705.428,"seg3342(3397,3400)",
(157-29),394475.575,6956690.945,"seg3343(3397,3398)",
(157-29),394479.7798,6956684.445,"seg3340(3395,3398)",
(157-29),394487.801,6956670.666,"seg3341(3395,3396)",
(157-29),394491.0248,6956663.382,"seg3338(3393,3396)",
(157-29),394499.817,6956640.358,"seg3339(3393,3394)",
(157-29),394503.6005,6956625.435,"seg3336(3391,3394)",
(157-29),394505.3056,6956616.697,"seg3337(3391,3392)",
(157-29),394511.5237,6956577.145,"seg3334(3389,3392)",
(157-29),394512.64,6956567.959,"seg3335(3389,3390)",
(157-29),394515.2343,6956553.468,"seg3332(3387,3390)",
(157-29),394518.1063,6956541.14,"seg3333(3387,3388)",
(157-29),394521.2612,6956530.366,"seg3330(3385,3388)",
(157-29),394523.5979,6956522.852,"seg3331(3385,3386)",
(157-29),394529.6478,6956508.558,"seg3328(3383,3386)",
(157-29),394536.682,6956494.659,"seg3329(3383,3384)",
(157-29),394544.6983,6956481.434,"seg3326(3381,3384)",
(157-29),394554.3376,6956468.998,"seg3327(3381,3382)",
(157-29),394569.4009,6956451.845,"seg3324(3379,3382)",
(157-29),394580.7515,6956441.418,"seg3325(3379,3380)",
(157-29),394591.9354,6956433.149,"seg3322(3377,3380)",
(157-29),394598.1971,6956428.661,"seg3323(3377,3378)",
(157-29),394610.9114,6956420.461,"seg3320(3375,3378)",
(157-29),394685.53,6956375.57,"seg3321(3375,3376)",
(157-29),394704.8957,6956363.495,"seg3318(3373,3376)",
(157-29),394723.0827,6956350.633,"seg3319(3373,3374)",
(157-29),394735.2166,6956340.989,"seg3316(3371,3374)",
(157-29),394740.9901,6956335.831,"seg3317(3371,3372)",
(157-29),394757.7293,6956319.025,"seg3314(3372,3433)",
(157-29),394772.3083,6956300.704,"seg3315(3433,3434)",
(157-29),394781.4126,6956287.266,"seg3312(3431,3434)",
(157-29),394785.8203,6956280.103,"seg3313(3431,3432)",
(157-29),394797.3693,6956258.045,"seg3374(3429,3432)",
(157-29),394800.1957,6956250.979,"seg3375(3429,3430)",
(157-29),394806.3164,6956234.136,"seg3372(3427,3430)",
(157-29),394812.9495,6956209.377,"seg3373(3427,3428)",
(157-29),394818.1021,6956184.494,"seg3370(3425,3428)",
(157-29),394848.9977,6956025.947,"seg3371(3425,3426)",
(157-29),394856.2164,6955990.502,"seg3368(3423,3426)",
(157-29),394863.6229,6955961.927,"seg3369(3423,3424)",
(157-29),394865.9564,6955954.746,"seg3366(3421,3424)",
(157-29),394878.0553,6955926.101,"seg3367(3421,3422)",
(157-29),394883.7835,6955914.684,"seg3364(3419,3422)",
(157-29),394888.0975,6955906.91,"seg3365(3419,3420)",
(157-29),394904.2677,6955881.513,"seg3362(3417,3420)",
(157-29),394909.3666,6955874.355,"seg3363(3417,3418)",
(157-29),394924.4392,6955855.983,"seg3360(3415,3418)",
(157-29),394934.2557,6955845.82,"seg3361(3415,3416)",
(157-29),394950.4897,6955830.228,"seg3358(3413,3416)",
(157-29),394955.9637,6955825.4,"seg3359(3413,3414)",
(157-29),394972.522,6955812.303,"seg3356(3411,3414)",
(157-29),394989.3124,6955800.925,"seg3357(3411,3412)",
(157-29),395005.8919,6955791.096,"seg3354(3409,3412)",
(157-29),395023.9453,6955782.167,"seg3355(3409,3410)",
(157-29),395042.5339,6955774.183,"seg3352(3407,3410)",
(157-29),395067.0489,6955766.195,"seg3353(3407,3408)",
(157-29),395079.9198,6955762.649,"seg3350(3405,3408)",
(157-29),395092.8839,6955759.769,"seg3351(3405,3406)",
(157-29),395111.7758,6955756.718,"seg3348(3403,3406)",
(157-29),395132.0913,6955754.676,"seg3349(3403,3404)",
(157-29),395154.3208,6955754.036,"seg3346(3404,3465)",
(157-29),395173.6724,6955754.977,"seg3347(3465,3466)",
(157-29),395200.8081,6955758.145,"seg3344(3463,3466)",
(157-29),395223.19,6955762.768,"seg3345(3463,3464)",
(157-29),395262.0629,6955773.681,"seg3406(3461,3464)",
(157-29),395289.467,6955780.119,"seg3407(3461,3462)",
(157-29),395303.2782,6955782.121,"seg3404(3459,3462)",
(157-29),395324.2025,6955783.961,"seg3405(3459,3460)",
(157-29),395345.2417,6955783.92,"seg3402(3457,3460)",
(157-29),395354.3335,6955783.388,"seg3403(3457,3458)",
(157-29),395376.0905,6955780.25,"seg3400(3455,3458)",
(157-29),395389.5483,6955777.374,"seg3401(3455,3456)",
(157-29),395402.0237,6955773.88,"seg3398(3453,3456)",
(157-29),395420.3475,6955767.943,"seg3399(3453,3454)",
(157-29),395437.1993,6955760.886,"seg3396(3451,3454)",
(157-29),395447.6142,6955755.768,"seg3397(3451,3452)",
(157-29),395457.3387,6955750.533,"seg3394(3449,3452)",
(157-29),395466.0755,6955745.29,"seg3395(3449,3450)",
(157-29),395474.3195,6955739.932,"seg3392(3447,3450)",
(157-29),395482.4223,6955733.742,"seg3393(3447,3448)",
(157-29),395494.6077,6955723.709,"seg3390(3445,3448)",
(157-29),395504.1658,6955714.817,"seg3391(3445,3446)",
(157-29),395520.375,6955696.232,"seg3388(3443,3446)",
(157-29),395526.8704,6955687.425,"seg3389(3443,3444)",
(157-29),395536.6733,6955672.995,"seg3386(3441,3444)",
(157-29),395546.1902,6955657.345,"seg3387(3441,3442)",
(157-29),395557.93,6955635.841,"seg3384(3439,3442)",
(157-29),395599.2971,6955556.927,"seg3385(3439,3440)",
(157-29),395684.1976,6955393.908,"seg3382(3437,3440)",
(157-29),395694.3463,6955373.61,"seg3383(3437,3438)",
(157-29),395702.2741,6955358.943,"seg3380(3435,3438)",
(157-29),395709.9094,6955343.83,"seg3381(3435,3436)",
(157-29),395714.3332,6955334.672,"seg3378(3264,3436)",
(157-29),395719.4767,6955322.197,"seg3379(3264,3265)",
(157-29),395726.1658,6955302.202,"seg3376(3262,3265)",
(157-29),395727.6973,6955296.343,"seg3377(3262,3263)",
(157-29),395729.9381,6955282.57,"seg3182(3260,3263)",
(157-29),395732.49,6955261.265,"seg3183(3260,3261)",
(157-29),395732.7896,6955243.486,"seg3180(3258,3261)",
(157-29),395732.4376,6955232.626,"seg3181(3258,3259)",
(157-29),395731.2716,6955218.768,"seg3178(3256,3259)",
(157-29),395729.3649,6955204.903,"seg3179(3256,3257)",
(157-29),395726.1231,6955191.249,"seg3176(3254,3257)",
(157-29),395722.0845,6955178.363,"seg3177(3254,3255)",
(157-29),395715.5634,6955161.247,"seg3174(3252,3255)",
(157-29),395705.3935,6955137.673,"seg3175(3252,3253)",
(157-29),395700.7521,6955126.001,"seg3172(3250,3253)",
(157-29),395696.8989,6955114.558,"seg3173(3250,3251)",
(157-29),395689.7136,6955088.461,"seg3170(3248,3251)",
(157-29),395686.674,6955074.255,"seg3171(3248,3249)",
(157-29),395683.1543,6955046.861,"seg3168(3246,3249)",
(157-29),395682.4558,6955036.108,"seg3169(3246,3247)",
(157-29),395682.1177,6955017.826,"seg3166(3244,3247)",
(157-29),395683.7196,6954997.898,"seg3167(3244,3245)",
(157-29),395686.5849,6954974.602,"seg3164(3242,3245)",
(157-29),395700.2731,6954875.011,"seg3165(3242,3243)",
(157-29),395702.1021,6954857.411,"seg3162(3240,3243)",
(157-29),395729.6434,6954661.997,"seg3163(3240,3241)",
(157-29),395734.8549,6954629.913,"seg3160(3238,3241)",
(157-29),395746.0912,6954574.616,"seg3161(3238,3239)",
(157-29),395751.6194,6954551.73,"seg3158(3236,3239)",
(157-29),395757.2359,6954530.064,"seg3159(3236,3237)",
(157-29),395773.5711,6954473.259,"seg3156(1156,3237)",
(158-120),390429.2569,6957856.198,,
(158-120),390389.5822,6957868.307,"seg3430(3473,3488)",
(158-120),390371.7168,6957872.025,"seg3433(3487,3488)",
(158-120),390347.1855,6957875.461,"seg3432(3487,3490)",
(158-120),390327.5105,6957877.168,"seg3435(3489,3490)",
(158-120),390299.7351,6957878.803,"seg3434(3489,3492)",
(158-120),390270.5886,6957879.096,"seg3437(3491,3492)",
(158-120),390234.5421,6957877.666,"seg3436(3491,3494)",
(158-120),390177.573,6957873.832,"seg3439(3493,3494)",
(158-120),389954.4476,6957857.539,"seg3438(3493,3496)",
(158-120),389694.7842,6957839.583,"seg3632(3495,3496)",
(158-120),389674.0045,6957837.79,"seg3631(3495,3689)",
(158-120),389630.6261,6957833.245,"seg3634(3688,3689)",
(158-120),389610.5942,6957830.682,"seg3633(3476,3688)",
(158-119),389610.5942,6957830.682,,
(158-119),389630.6261,6957833.245,"seg3633(3476,3688)",
(158-119),389674.0045,6957837.79,"seg3634(3688,3689)",
(158-119),389694.7842,6957839.583,"seg3631(3495,3689)",
(158-119),389954.4476,6957857.539,"seg3632(3495,3496)",
(158-119),390177.573,6957873.832,"seg3438(3493,3496)",
(158-119),390234.5421,6957877.666,"seg3439(3493,3494)",
(158-119),390270.5886,6957879.096,"seg3436(3491,3494)",
(158-119),390299.7351,6957878.803,"seg3437(3491,3492)",
(158-119),390327.5105,6957877.168,"seg3434(3489,3492)",
(158-119),390347.1855,6957875.461,"seg3435(3489,3490)",
(158-119),390371.7168,6957872.025,"seg3432(3487,3490)",
(158-119),390389.5822,6957868.307,"seg3433(3487,3488)",
(158-119),390429.2569,6957856.198,"seg3430(3473,3488)",
(159-119),389610.5942,6957830.682,,
(159-119),389640.4142,6957832.391,"seg3418(3475,3476)",
(159-119),389665.1059,6957833.112,"seg3421(3475,3478)",
(159-119),389954.9803,6957853.223,"seg3420(3477,3478)",
(159-119),390178.1056,6957869.516,"seg3423(3477,3480)",
(159-119),390235.0747,6957873.35,"seg3422(3479,3480)",
(159-119),390271.1212,6957874.78,"seg3425(3479,3482)",
(159-119),390300.2677,6957874.487,"seg3424(3481,3482)",
(159-119),390328.1419,6957872.853,"seg3427(3481,3484)",
(159-119),390360.7706,6957869.822,"seg3426(3483,3484)",
(159-119),390371.9481,6957868.26,"seg3429(3483,3486)",
(159-119),390398.3173,6957863.676,"seg3428(3485,3486)",
(159-119),390429.2569,6957856.198,"seg3431(3473,3485)",
(159-120),390429.2569,6957856.198,,
(159-120),390398.3173,6957863.676,"seg3431(3473,3485)",
(159-120),390371.9481,6957868.26,"seg3428(3485,3486)",
(159-120),390360.7706,6957869.822,"seg3429(3483,3486)",
(159-120),390328.1419,6957872.853,"seg3426(3483,3484)",
(159-120),390300.2677,6957874.487,"seg3427(3481,3484)",
(159-120),390271.1212,6957874.78,"seg3424(3481,3482)",
(159-120),390235.0747,6957873.35,"seg3425(3479,3482)",
(159-120),390178.1056,6957869.516,"seg3422(3479,3480)",
(159-120),389954.9803,6957853.223,"seg3423(3477,3480)",
(159-120),389665.1059,6957833.112,"seg3420(3477,3478)",
(159-120),389640.4142,6957832.391,"seg3421(3475,3478)",
(159-120),389610.5942,6957830.682,"seg3418(3475,3476)",
(160-121),389610.5942,6957830.682,,
(160-121),389566.3257,6957826.24,"seg3636(3476,3691)",
(160-121),389541.3482,6957824.353,"seg3635(3690,3691)",
(160-121),389370.937,6957812.734,"seg3638(3690,3693)",
(160-121),389137.3469,6957795.777,"seg3637(3692,3693)",
(160-121),388894.2732,6957778.841,"seg3640(3692,3695)",
(160-121),388621.4878,6957759.193,"seg3639(3694,3695)",
(160-121),388595.1245,6957757.624,"seg3642(3694,3697)",
(160-121),388569.1543,6957756.28,"seg3641(3696,3697)",
(160-121),388543.2788,6957755.38,"seg3644(3696,3699)",
(160-121),388517.3973,6957755.145,"seg3643(3698,3699)",
(160-121),388500.3147,6957754.214,"seg3646(3698,3701)",
(160-121),388457.0391,6957754.706,"seg3645(3700,3701)",
(160-121),388430.8512,6957755.576,"seg3648(3700,3703)",
(160-121),388386.9657,6957757.946,"seg3647(3702,3703)",
(160-121),388322.851,6957763.178,"seg3650(3702,3705)",
(160-121),388281.115,6957768.171,"seg3649(3704,3705)",
(160-121),388236.9915,6957774.97,"seg3652(3704,3707)",
(160-121),388159.3122,6957788.886,"seg3651(3706,3707)",
(160-121),388135.3709,6957792.545,"seg3654(3706,3709)",
(160-121),388019.5873,6957813.977,"seg3653(3708,3709)",
(160-121),387956.2586,6957825.032,"seg3656(3708,3711)",
(160-121),387928.6948,6957830.485,"seg3655(3710,3711)",
(160-121),387893.2684,6957836.864,"seg3658(3710,3713)",
(160-121),387873.9271,6957839.844,"seg3657(3712,3713)",
(160-121),387759.6262,6957861.067,"seg3660(3712,3715)",
(160-121),387710.8449,6957869.372,"seg3659(3714,3715)",
(160-121),387564.236,6957896.169,"seg3662(3714,3717)",
(160-121),387409.5668,6957923.831,"seg3661(3716,3717)",
(160-121),387363.3504,6957932.491,"seg3600(3657,3716)",
(160-121),387325.2556,6957938.899,"seg3599(3656,3657)",
(160-121),387262.0212,6957950.283,"seg3602(3656,3659)",
(160-121),387209.4617,6957961.099,"seg3601(3658,3659)",
(160-121),387192.3329,6957965.152,"seg3604(3658,3661)",
(160-121),387140.8365,6957978.526,"seg3603(3660,3661)",
(160-121),387123.5977,6957983.796,"seg3606(3660,3663)",
(160-121),387097.8366,6957991.868,"seg3605(3662,3663)",
(160-121),387063.647,6958003.297,"seg3608(3662,3665)",
(160-121),387038.2668,6958012.923,"seg3607(3664,3665)",
(160-121),387021.3119,6958019.525,"seg3610(3664,3667)",
(160-121),387004.6494,6958026.573,"seg3609(3666,3667)",
(160-121),386954.2582,6958048.598,"seg3612(3666,3669)",
(160-121),386895.7259,6958074.925,"seg3611(3668,3669)",
(160-121),386861.0448,6958091.389,"seg3614(3668,3671)",
(160-121),386809.7486,6958115.068,"seg3613(3670,3671)",
(160-121),386775.8179,6958130.487,"seg3616(3670,3673)",
(160-121),386768.5309,6958133.244,"seg3615(3672,3673)",
(160-121),386636.8678,6958193.848,"seg3618(3672,3675)",
(160-121),386595.8868,6958213.078,"seg3617(3674,3675)",
(160-121),386562.6832,6958229.944,"seg3620(3674,3677)",
(160-121),386529.9188,6958247.367,"seg3619(3676,3677)",
(160-121),386497.0402,6958266.45,"seg3622(3676,3679)",
(160-121),386439.2115,6958301.921,"seg3621(3678,3679)",
(160-121),386413.9443,6958317.793,"seg3624(3678,3681)",
(160-121),386390.4648,6958332.541,"seg3623(3680,3681)",
(160-121),386328.0587,6958371.741,"seg3626(3680,3683)",
(160-121),386298.4343,6958391.408,"seg3625(3682,3683)",
(160-121),386276.5577,6958406.605,"seg3628(3682,3685)",
(160-121),386240.2546,6958432.636,"seg3627(3684,3685)",
(160-121),386202.5713,6958458.322,"seg3630(3684,3687)",
(160-121),386161.8098,6958484.225,"seg3629(3686,3687)",
(160-121),386131.2621,6958503.637,"seg3568(3625,3686)",
(160-121),386105.4494,6958519.713,"seg3567(3624,3625)",
(160-121),386074.1217,6958539.224,"seg3570(3624,3627)",
(160-121),386041.5286,6958559.306,"seg3569(3626,3627)",
(160-121),386016.6917,6958574.032,"seg3572(3626,3629)",
(160-121),385982.3316,6958592.879,"seg3571(3628,3629)",
(160-121),385936.9745,6958614.947,"seg3574(3628,3631)",
(160-121),385918.3212,6958623.415,"seg3573(3630,3631)",
(160-121),385870.0042,6958645.013,"seg3576(3630,3633)",
(160-121),385840.2448,6958657.809,"seg3575(3632,3633)",
(160-121),385820.6086,6958665.714,"seg3578(3632,3635)",
(160-121),385781.9465,6958679.645,"seg3577(3634,3635)",
(160-121),385725.8569,6958697.68,"seg3580(3634,3637)",
(160-121),385663.0385,6958716.815,"seg3579(3636,3637)",
(160-121),385645.7948,6958722.415,"seg3582(3636,3639)",
(160-121),385594.7182,6958737.892,"seg3581(3638,3639)",
(160-121),385543.502,6958752.426,"seg3584(3638,3641)",
(160-121),385499.7393,6958762.321,"seg3583(3640,3641)",
(160-121),385464.3041,6958769.191,"seg3586(3640,3643)",
(160-121),385428.2895,6958774.616,"seg3585(3642,3643)",
(160-121),385400.5911,6958778.235,"seg3588(3642,3645)",
(160-121),385195.2459,6958803.014,"seg3587(3644,3645)",
(160-121),385115.5175,6958813.014,"seg3590(3644,3647)",
(160-121),384974.2705,6958829.748,"seg3589(3646,3647)",
(160-121),384896.0257,6958839.539,"seg3592(3646,3649)",
(160-121),384851.2714,6958844.437,"seg3591(3648,3649)",
(160-121),384729.9,6958859.361,"seg3594(3648,3651)",
(160-121),384674.8081,6958865.601,"seg3593(3650,3651)",
(160-121),384594.8791,6958875.817,"seg3596(3650,3653)",
(160-121),384477.1202,6958889.997,"seg3595(3652,3653)",
(160-121),384458.5207,6958892.592,"seg3598(3652,3655)",
(160-121),384449.3193,6958893.945,"seg3597(3654,3655)",
(160-121),384421.2572,6958899.386,"seg3537(3594,3654)",
(160-121),384394.2111,6958907.108,"seg3536(3593,3594)",
(160-121),384376.3705,6958913.033,"seg3539(3593,3596)",
(160-121),384367.6442,6958916.386,"seg3538(3595,3596)",
(160-121),384359.0156,6958919.85,"seg3541(3595,3598)",
(160-121),384340.9061,6958928.099,"seg3540(3597,3598)",
(160-121),384315.5849,6958941.487,"seg3543(3597,3600)",
(160-121),384298.9899,6958951.523,"seg3542(3599,3600)",
(160-121),384282.5842,6958962.447,"seg3545(3599,3602)",
(160-121),384258.2026,6958980.941,"seg3544(3601,3602)",
(160-121),384235.9788,6959001.116,"seg3547(3601,3604)",
(160-121),384221.713,6959015.606,"seg3546(3603,3604)",
(160-121),384208.0362,6959030.489,"seg3549(3603,3606)",
(160-121),384195.8398,6959045.552,"seg3548(3605,3606)",
(160-121),384179.2246,6959068.162,"seg3551(3605,3608)",
(160-121),384046.5369,6959271.15,"seg3550(3607,3608)",
(160-121),384019.7592,6959313.053,"seg3553(3607,3610)",
(160-121),383995.8048,6959348.944,"seg3552(3609,3610)",
(160-121),383985.3935,6959363.248,"seg3555(3609,3612)",
(160-121),383974.5902,6959377.216,"seg3554(3611,3612)",
(160-121),383957.4002,6959397.827,"seg3557(3611,3614)",
(160-121),383933.8373,6959423.639,"seg3556(3613,3614)",
(160-121),383909.8512,6959447.177,"seg3559(3613,3616)",
(160-121),383884.9437,6959468.878,"seg3558(3615,3616)",
(160-121),383872.2997,6959478.951,"seg3561(3615,3618)",
(160-121),383846.1334,6959497.925,"seg3560(3617,3618)",
(160-121),383819.4871,6959515.399,"seg3563(3617,3620)",
(160-121),383772.1907,6959543.202,"seg3562(3619,3620)",
(160-121),383548.105,6959671.92,"seg3565(3619,3622)",
(160-121),383512.0434,6959692.295,"seg3564(3621,3622)",
(160-121),383481.7569,6959708.017,"seg3566(3621,3623)",
(160-120),383481.7569,6959708.017,,
(160-120),383512.0434,6959692.295,"seg3566(3621,3623)",
(160-120),383548.105,6959671.92,"seg3564(3621,3622)",
(160-120),383772.1907,6959543.202,"seg3565(3619,3622)",
(160-120),383819.4871,6959515.399,"seg3562(3619,3620)",
(160-120),383846.1334,6959497.925,"seg3563(3617,3620)",
(160-120),383872.2997,6959478.951,"seg3560(3617,3618)",
(160-120),383884.9437,6959468.878,"seg3561(3615,3618)",
(160-120),383909.8512,6959447.177,"seg3558(3615,3616)",
(160-120),383933.8373,6959423.639,"seg3559(3613,3616)",
(160-120),383957.4002,6959397.827,"seg3556(3613,3614)",
(160-120),383974.5902,6959377.216,"seg3557(3611,3614)",
(160-120),383985.3935,6959363.248,"seg3554(3611,3612)",
(160-120),383995.8048,6959348.944,"seg3555(3609,3612)",
(160-120),384019.7592,6959313.053,"seg3552(3609,3610)",
(160-120),384046.5369,6959271.15,"seg3553(3607,3610)",
(160-120),384179.2246,6959068.162,"seg3550(3607,3608)",
(160-120),384195.8398,6959045.552,"seg3551(3605,3608)",
(160-120),384208.0362,6959030.489,"seg3548(3605,3606)",
(160-120),384221.713,6959015.606,"seg3549(3603,3606)",
(160-120),384235.9788,6959001.116,"seg3546(3603,3604)",
(160-120),384258.2026,6958980.941,"seg3547(3601,3604)",
(160-120),384282.5842,6958962.447,"seg3544(3601,3602)",
(160-120),384298.9899,6958951.523,"seg3545(3599,3602)",
(160-120),384315.5849,6958941.487,"seg3542(3599,3600)",
(160-120),384340.9061,6958928.099,"seg3543(3597,3600)",
(160-120),384359.0156,6958919.85,"seg3540(3597,3598)",
(160-120),384367.6442,6958916.386,"seg3541(3595,3598)",
(160-120),384376.3705,6958913.033,"seg3538(3595,3596)",
(160-120),384394.2111,6958907.108,"seg3539(3593,3596)",
(160-120),384421.2572,6958899.386,"seg3536(3593,3594)",
(160-120),384449.3193,6958893.945,"seg3537(3594,3654)",
(160-120),384458.5207,6958892.592,"seg3597(3654,3655)",
(160-120),384477.1202,6958889.997,"seg3598(3652,3655)",
(160-120),384594.8791,6958875.817,"seg3595(3652,3653)",
(160-120),384674.8081,6958865.601,"seg3596(3650,3653)",
(160-120),384729.9,6958859.361,"seg3593(3650,3651)",
(160-120),384851.2714,6958844.437,"seg3594(3648,3651)",
(160-120),384896.0257,6958839.539,"seg3591(3648,3649)",
(160-120),384974.2705,6958829.748,"seg3592(3646,3649)",
(160-120),385115.5175,6958813.014,"seg3589(3646,3647)",
(160-120),385195.2459,6958803.014,"seg3590(3644,3647)",
(160-120),385400.5911,6958778.235,"seg3587(3644,3645)",
(160-120),385428.2895,6958774.616,"seg3588(3642,3645)",
(160-120),385464.3041,6958769.191,"seg3585(3642,3643)",
(160-120),385499.7393,6958762.321,"seg3586(3640,3643)",
(160-120),385543.502,6958752.426,"seg3583(3640,3641)",
(160-120),385594.7182,6958737.892,"seg3584(3638,3641)",
(160-120),385645.7948,6958722.415,"seg3581(3638,3639)",
(160-120),385663.0385,6958716.815,"seg3582(3636,3639)",
(160-120),385725.8569,6958697.68,"seg3579(3636,3637)",
(160-120),385781.9465,6958679.645,"seg3580(3634,3637)",
(160-120),385820.6086,6958665.714,"seg3577(3634,3635)",
(160-120),385840.2448,6958657.809,"seg3578(3632,3635)",
(160-120),385870.0042,6958645.013,"seg3575(3632,3633)",
(160-120),385918.3212,6958623.415,"seg3576(3630,3633)",
(160-120),385936.9745,6958614.947,"seg3573(3630,3631)",
(160-120),385982.3316,6958592.879,"seg3574(3628,3631)",
(160-120),386016.6917,6958574.032,"seg3571(3628,3629)",
(160-120),386041.5286,6958559.306,"seg3572(3626,3629)",
(160-120),386074.1217,6958539.224,"seg3569(3626,3627)",
(160-120),386105.4494,6958519.713,"seg3570(3624,3627)",
(160-120),386131.2621,6958503.637,"seg3567(3624,3625)",
(160-120),386161.8098,6958484.225,"seg3568(3625,3686)",
(160-120),386202.5713,6958458.322,"seg3629(3686,3687)",
(160-120),386240.2546,6958432.636,"seg3630(3684,3687)",
(160-120),386276.5577,6958406.605,"seg3627(3684,3685)",
(160-120),386298.4343,6958391.408,"seg3628(3682,3685)",
(160-120),386328.0587,6958371.741,"seg3625(3682,3683)",
(160-120),386390.4648,6958332.541,"seg3626(3680,3683)",
(160-120),386413.9443,6958317.793,"seg3623(3680,3681)",
(160-120),386439.2115,6958301.921,"seg3624(3678,3681)",
(160-120),386497.0402,6958266.45,"seg3621(3678,3679)",
(160-120),386529.9188,6958247.367,"seg3622(3676,3679)",
(160-120),386562.6832,6958229.944,"seg3619(3676,3677)",
(160-120),386595.8868,6958213.078,"seg3620(3674,3677)",
(160-120),386636.8678,6958193.848,"seg3617(3674,3675)",
(160-120),386768.5309,6958133.244,"seg3618(3672,3675)",
(160-120),386775.8179,6958130.487,"seg3615(3672,3673)",
(160-120),386809.7486,6958115.068,"seg3616(3670,3673)",
(160-120),386861.0448,6958091.389,"seg3613(3670,3671)",
(160-120),386895.7259,6958074.925,"seg3614(3668,3671)",
(160-120),386954.2582,6958048.598,"seg3611(3668,3669)",
(160-120),387004.6494,6958026.573,"seg3612(3666,3669)",
(160-120),387021.3119,6958019.525,"seg3609(3666,3667)",
(160-120),387038.2668,6958012.923,"seg3610(3664,3667)",
(160-120),387063.647,6958003.297,"seg3607(3664,3665)",
(160-120),387097.8366,6957991.868,"seg3608(3662,3665)",
(160-120),387123.5977,6957983.796,"seg3605(3662,3663)",
(160-120),387140.8365,6957978.526,"seg3606(3660,3663)",
(160-120),387192.3329,6957965.152,"seg3603(3660,3661)",
(160-120),387209.4617,6957961.099,"seg3604(3658,3661)",
(160-120),387262.0212,6957950.283,"seg3601(3658,3659)",
(160-120),387325.2556,6957938.899,"seg3602(3656,3659)",
(160-120),387363.3504,6957932.491,"seg3599(3656,3657)",
(160-120),387409.5668,6957923.831,"seg3600(3657,3716)",
(160-120),387564.236,6957896.169,"seg3661(3716,3717)",
(160-120),387710.8449,6957869.372,"seg3662(3714,3717)",
(160-120),387759.6262,6957861.067,"seg3659(3714,3715)",
(160-120),387873.9271,6957839.844,"seg3660(3712,3715)",
(160-120),387893.2684,6957836.864,"seg3657(3712,3713)",
(160-120),387928.6948,6957830.485,"seg3658(3710,3713)",
(160-120),387956.2586,6957825.032,"seg3655(3710,3711)",
(160-120),388019.5873,6957813.977,"seg3656(3708,3711)",
(160-120),388135.3709,6957792.545,"seg3653(3708,3709)",
(160-120),388159.3122,6957788.886,"seg3654(3706,3709)",
(160-120),388236.9915,6957774.97,"seg3651(3706,3707)",
(160-120),388281.115,6957768.171,"seg3652(3704,3707)",
(160-120),388322.851,6957763.178,"seg3649(3704,3705)",
(160-120),388386.9657,6957757.946,"seg3650(3702,3705)",
(160-120),388430.8512,6957755.576,"seg3647(3702,3703)",
(160-120),388457.0391,6957754.706,"seg3648(3700,3703)",
(160-120),388500.3147,6957754.214,"seg3645(3700,3701)",
(160-120),388517.3973,6957755.145,"seg3646(3698,3701)",
(160-120),388543.2788,6957755.38,"seg3643(3698,3699)",
(160-120),388569.1543,6957756.28,"seg3644(3696,3699)",
(160-120),388595.1245,6957757.624,"seg3641(3696,3697)",
(160-120),388621.4878,6957759.193,"seg3642(3694,3697)",
(160-120),388894.2732,6957778.841,"seg3639(3694,3695)",
(160-120),389137.3469,6957795.777,"seg3640(3692,3695)",
(160-120),389370.937,6957812.734,"seg3637(3692,3693)",
(160-120),389541.3482,6957824.353,"seg3638(3690,3693)",
(160-120),389566.3257,6957826.24,"seg3635(3690,3691)",
(160-120),389610.5942,6957830.682,"seg3636(3476,3691)",
(161-122),396470.6441,6952027.97,,
(161-122),396468.8156,6952004.856,"seg4510(3141,4317)",
(161-122),396468.2787,6951986.627,"seg4513(4316,4317)",
(161-26),396468.2787,6951986.627,,
(161-26),396468.8156,6952004.856,"seg4513(4316,4317)",
(161-26),396470.6441,6952027.97,"seg4510(3141,4317)",
(162-123),396468.2787,6951986.627,,
(162-123),396470.0446,6951958.834,"seg4511(4314,4316)",
(162-122),396470.0446,6951958.834,,
(162-122),396468.2787,6951986.627,"seg4511(4314,4316)",
(163-124),396470.0446,6951958.834,,
(163-124),396473.2194,6951927.896,"seg4506(3140,4314)",
(163-123),396473.2194,6951927.896,,
(163-123),396470.0446,6951958.834,"seg4506(3140,4314)",
(164-125),396473.2194,6951927.896,,
(164-125),396477.7149,6951875.089,"seg3255(3140,3143)",
(164-125),396478.8734,6951854.881,"seg3254(3142,3143)",
(164-125),396482.5118,6951821.675,"seg3257(3142,3145)",
(164-125),396492.7835,6951763.046,"seg3256(3144,3145)",
(164-125),396504.8895,6951697.673,"seg3259(3144,3146)",
(164-124),396504.8895,6951697.673,,
(164-124),396492.7835,6951763.046,"seg3259(3144,3146)",
(164-124),396482.5118,6951821.675,"seg3256(3144,3145)",
(164-124),396478.8734,6951854.881,"seg3257(3142,3145)",
(164-124),396477.7149,6951875.089,"seg3254(3142,3143)",
(164-124),396473.2194,6951927.896,"seg3255(3140,3143)",
(165-126),396504.8895,6951697.673,,
(165-126),396514.1904,6951648.729,"seg4497(3146,4351)",
(165-126),396521.6564,6951606.582,"seg4496(4320,4351)",
(165-125),396521.6564,6951606.582,,
(165-125),396514.1904,6951648.729,"seg4496(4320,4351)",
(165-125),396504.8895,6951697.673,"seg4497(3146,4351)",
(166-127),396521.6564,6951606.582,,
(166-127),396523.4694,6951590.7,"seg4516(4320,4322)",
(166-127),396524.7492,6951573.649,"seg4519(4321,4322)",
(166-127),396525.2182,6951564.901,"seg4518(4321,4324)",
(166-127),396525.2291,6951551.939,"seg4521(4323,4324)",
(166-127),396524.5349,6951540.633,"seg4520(4323,4326)",
(166-127),396513.5776,6951446.981,"seg4523(4325,4326)",
(166-126),396513.5776,6951446.981,,
(166-126),396524.5349,6951540.633,"seg4523(4325,4326)",
(166-126),396525.2291,6951551.939,"seg4520(4323,4326)",
(166-126),396525.2182,6951564.901,"seg4521(4323,4324)",
(166-126),396524.7492,6951573.649,"seg4518(4321,4324)",
(166-126),396523.4694,6951590.7,"seg4519(4321,4322)",
(166-126),396521.6564,6951606.582,"seg4516(4320,4322)",
(167-128),396521.6564,6951606.582,,
(167-128),396526.4956,6951583.136,"seg4642(4320,4617)",
(167-128),396529.2475,6951567.151,"seg4645(4616,4617)",
(167-128),396531.8777,6951542.191,"seg4644(4616,4619)",
(167-128),396532.7856,6951522.423,"seg4647(4618,4619)",
(167-128),396530.1027,6951495.258,"seg4646(4618,4621)",
(167-128),396520.3177,6951408.928,"seg4649(4620,4621)",
(167-128),396509.8103,6951320.486,"seg4648(3067,4620)",
(167-126),396509.8103,6951320.486,,
(167-126),396520.3177,6951408.928,"seg4648(3067,4620)",
(167-126),396530.1027,6951495.258,"seg4649(4620,4621)",
(167-126),396532.7856,6951522.423,"seg4646(4618,4621)",
(167-126),396531.8777,6951542.191,"seg4647(4618,4619)",
(167-126),396529.2475,6951567.151,"seg4644(4616,4619)",
(167-126),396526.4956,6951583.136,"seg4645(4616,4617)",
(167-126),396521.6564,6951606.582,"seg4642(4320,4617)",
(168-129),396509.8103,6951320.486,,
(168-129),396504.9983,6951276.574,"seg2930(3067,3069)",
(168-129),396502.6834,6951258.441,"seg2933(3069,3070)",
(168-128),396502.6834,6951258.441,,
(168-128),396504.9983,6951276.574,"seg2933(3069,3070)",
(168-128),396509.8103,6951320.486,"seg2930(3067,3069)",
(169-130),396509.8103,6951320.486,,
(169-130),396509.1194,6951291.288,"seg2931(3067,3068)",
(169-130),396508.4393,6951278.32,"seg2928(3066,3068)",
(169-128),396508.4393,6951278.32,,
(169-128),396509.1194,6951291.288,"seg2928(3066,3068)",
(169-128),396509.8103,6951320.486,"seg2931(3067,3068)",
(170-131),396508.4393,6951278.32,,
(170-131),396506.6096,6951261.188,"seg2932(3066,3072)",
(170-131),396504.1946,6951243.22,"seg2935(3071,3072)",
(170-131),396502.2966,6951222.487,"seg2934(3071,3074)",
(170-131),396499.8482,6951202.636,"seg2937(3073,3074)",
(170-131),396494.1436,6951182.535,"seg2936(3073,3076)",
(170-131),396487.5303,6951164.809,"seg2939(3075,3076)",
(170-131),396484.5334,6951157.25,"seg2938(3075,3078)",
(170-131),396477.2042,6951142.453,"seg2941(3077,3078)",
(170-131),396466.7099,6951122.478,"seg2940(3077,3080)",
(170-131),396380.099,6950950.08,"seg2943(3079,3080)",
(170-131),396370.0422,6950930.939,"seg2942(3079,3082)",
(170-131),396355.1111,6950898.629,"seg2945(3081,3082)",
(170-131),396348.7676,6950884.062,"seg2944(3081,3084)",
(170-131),396340.6996,6950863.277,"seg2947(3083,3084)",
(170-131),396334.7204,6950846.497,"seg2946(3083,3086)",
(170-131),396326.6468,6950820.56,"seg2949(3085,3086)",
(170-131),396320.3003,6950796.703,"seg2948(3085,3088)",
(170-131),396314.3529,6950765.186,"seg2951(3087,3088)",
(170-131),396308.8663,6950734.273,"seg2950(3087,3090)",
(170-131),396244.1113,6950279.109,"seg2953(3089,3090)",
(170-131),396236.6839,6950223.653,"seg2952(3089,3092)",
(170-131),396234.568,6950205.41,"seg2955(3091,3092)",
(170-131),396232.887,6950182.463,"seg2954(3091,3094)",
(170-131),396231.7308,6950144.232,"seg2957(3093,3094)",
(170-131),396232.2161,6950110.335,"seg2956(3035,3093)",
(170-131),396233.6124,6950085.42,"seg2959(3034,3035)",
(170-131),396241.1974,6949976.968,"seg2958(3034,3037)",
(170-131),396246.5681,6949908.381,"seg2897(3036,3037)",
(170-131),396254.8304,6949789.91,"seg2896(3036,3039)",
(170-131),396255.6183,6949772.689,"seg2899(3038,3039)",
(170-131),396255.1173,6949750.306,"seg2898(3038,3041)",
(170-131),396253.663,6949735.559,"seg2901(3040,3041)",
(170-131),396249.5113,6949712.923,"seg2900(3040,3043)",
(170-131),396247.7965,6949705.596,"seg2903(3042,3043)",
(170-131),396241.3602,6949684.603,"seg2902(3042,3045)",
(170-131),396236.4324,6949671.987,"seg2905(3044,3045)",
(170-131),396232.8937,6949664.368,"seg2904(3044,3047)",
(170-131),396226.3841,6949652.015,"seg2907(3046,3047)",
(170-131),396216.0228,6949634.035,"seg2906(3046,3049)",
(170-131),396202.9954,6949616.447,"seg2909(3048,3049)",
(170-131),396191.6622,6949602.957,"seg2908(3048,3051)",
(170-131),396181.6524,6949592.938,"seg2911(3050,3051)",
(170-131),396169.923,6949582.479,"seg2910(3050,3053)",
(170-131),396160.2334,6949574.853,"seg2913(3052,3053)",
(170-131),396149.0908,6949566.619,"seg2912(3052,3055)",
(170-131),396135.5787,6949558.129,"seg2915(3054,3055)",
(170-131),396126.5001,6949553.154,"seg2914(3054,3057)",
(170-131),396118.0513,6949548.565,"seg2917(3056,3057)",
(170-131),396103.802,6949542.269,"seg2916(3056,3059)",
(170-131),396091.1896,6949537.359,"seg2919(3058,3059)",
(170-131),396073.627,6949532.463,"seg2918(3058,3061)",
(170-131),396057.4907,6949529.51,"seg2921(3060,3061)",
(170-131),396046.0188,6949527.566,"seg2920(3060,3063)",
(170-131),396033.2081,6949526.272,"seg2923(3062,3063)",
(170-131),396019.7929,6949525.693,"seg2922(3062,3065)",
(170-131),396008.5447,6949525.76,"seg2925(3064,3065)",
(170-131),395998.7119,6949526.164,"seg2924(3003,3064)",
(170-131),395984.4836,6949527.594,"seg2927(3002,3003)",
(170-131),395970.1499,6949529.798,"seg2926(3002,3005)",
(170-131),395948.5874,6949534.6,"seg3121(3004,3005)",
(170-131),395927.5982,6949541.622,"seg3120(3004,3007)",
(170-131),395920.6645,6949544.333,"seg3123(3006,3007)",
(170-131),395915.4137,6949546.504,"seg3122(3006,3009)",
(170-131),395903.2159,6949552.936,"seg3125(3008,3009)",
(170-131),395895.5846,6949556.417,"seg3124(3008,3011)",
(170-131),395882.5834,6949564.449,"seg3127(3010,3011)",
(170-131),395872.255,6949571.617,"seg3126(3010,3013)",
(170-131),395852.0758,6949587.842,"seg3129(3012,3013)",
(170-131),395824.8858,6949615.805,"seg3128(3012,3015)",
(170-131),395804.1534,6949639.004,"seg3131(3014,3015)",
(170-131),395755.4243,6949692.099,"seg3130(3014,3017)",
(170-131),395744.6052,6949704.692,"seg3133(3016,3017)",
(170-131),395650.9163,6949808.641,"seg3132(3016,3019)",
(170-131),395601.6368,6949862.451,"seg3135(3018,3019)",
(170-131),395552.8969,6949916.597,"seg3134(3018,3021)",
(170-131),395491.9573,6949983.047,"seg3137(3020,3021)",
(170-131),395475.4163,6950000.853,"seg3136(3020,3023)",
(170-131),395463.964,6950012.387,"seg3139(3022,3023)",
(170-131),395445.6564,6950028.96,"seg3138(3022,3025)",
(170-131),395439.3925,6950034.113,"seg3141(3024,3025)",
(170-131),395420.0112,6950049.236,"seg3140(3024,3027)",
(170-131),395406.6015,6950058.76,"seg3143(3026,3027)",
(170-131),395399.6512,6950063.353,"seg3142(3026,3029)",
(170-131),395378.6134,6950075.913,"seg3145(3028,3029)",
(170-131),395356.9965,6950086.918,"seg3144(3028,3031)",
(170-131),395342.1296,6950093.659,"seg3147(3030,3031)",
(170-131),395319.346,6950102.549,"seg3146(3030,3033)",
(170-131),395303.8013,6950107.733,"seg3149(3032,3033)",
(170-131),395279.9507,6950114.398,"seg3148(3032,3204)",
(170-131),395255.2249,6950119.504,"seg3151(3203,3204)",
(170-131),395238.4167,6950122.351,"seg3150(3203,3206)",
(170-131),395230.0159,6950123.387,"seg3089(3205,3206)",
(170-131),395212.7246,6950125.011,"seg3088(3205,3208)",
(170-131),395186.6508,6950126.117,"seg3091(3207,3208)",
(170-131),395160.8875,6950125.563,"seg3090(3207,3210)",
(170-131),395152.3035,6950124.936,"seg3093(3209,3210)",
(170-131),395135.3378,6950123.128,"seg3092(3209,3212)",
(170-131),395118.9711,6950120.551,"seg3095(3211,3212)",
(170-131),395095.3142,6950116.138,"seg3094(3211,3214)",
(170-131),395079.8474,6950112.238,"seg3097(3213,3214)",
(170-131),395050.1031,6950103.895,"seg3096(3213,3216)",
(170-131),394740.0826,6950007.86,"seg3099(3215,3216)",
(170-131),394715.6269,6950000.275,"seg3098(3215,3218)",
(170-131),394638.2221,6949976.435,"seg3101(3217,3218)",
(170-131),394623.5975,6949972.21,"seg3100(3217,3220)",
(170-131),394572.3486,6949956.147,"seg3103(3219,3220)",
(170-131),394527.6412,6949942.854,"seg3102(3219,3222)",
(170-131),394225.3619,6949848.952,"seg3105(3221,3222)",
(170-131),394211.1809,6949844.841,"seg3104(3221,3224)",
(170-131),394188.7349,6949837.501,"seg3107(3223,3224)",
(170-131),394169.236,6949831.848,"seg3106(3223,3226)",
(170-131),394123.458,6949816.882,"seg3109(3225,3226)",
(170-131),394100.1849,6949808.15,"seg3108(3225,3228)",
(170-131),394075.4451,6949797.799,"seg3111(3227,3228)",
(170-131),394051.5027,6949786.568,"seg3110(3227,3230)",
(170-131),394034.253,6949777.721,"seg3113(3229,3230)",
(170-131),394016.7657,6949767.82,"seg3112(3229,3232)",
(170-131),393988.535,6949750.182,"seg3115(3231,3232)",
(170-131),393973.1745,6949739.8,"seg3114(3231,3234)",
(170-131),393958.3594,6949729.147,"seg3117(3233,3234)",
(170-131),393935.075,6949710.388,"seg3116(3184,3233)",
(170-131),393921.6991,6949698.861,"seg3119(3183,3184)",
(170-131),393904.7555,6949683.203,"seg3118(3183,3186)",
(170-131),393892.812,6949671.578,"seg3057(3185,3186)",
(170-131),393881.4618,6949659.846,"seg3056(3185,3188)",
(170-131),393860.6361,6949636.511,"seg3059(3187,3188)",
(170-131),393843.1525,6949614.866,"seg3058(3187,3189)",
(170-131),393828.1664,6949595.514,"seg3061(2914,3189)",
(170-130),393828.1664,6949595.514,,
(170-130),393843.1525,6949614.866,"seg3061(2914,3189)",
(170-130),393860.6361,6949636.511,"seg3058(3187,3189)",
(170-130),393881.4618,6949659.846,"seg3059(3187,3188)",
(170-130),393892.812,6949671.578,"seg3056(3185,3188)",
(170-130),393904.7555,6949683.203,"seg3057(3185,3186)",
(170-130),393921.6991,6949698.861,"seg3118(3183,3186)",
(170-130),393935.075,6949710.388,"seg3119(3183,3184)",
(170-130),393958.3594,6949729.147,"seg3116(3184,3233)",
(170-130),393973.1745,6949739.8,"seg3117(3233,3234)",
(170-130),393988.535,6949750.182,"seg3114(3231,3234)",
(170-130),394016.7657,6949767.82,"seg3115(3231,3232)",
(170-130),394034.253,6949777.721,"seg3112(3229,3232)",
(170-130),394051.5027,6949786.568,"seg3113(3229,3230)",
(170-130),394075.4451,6949797.799,"seg3110(3227,3230)",
(170-130),394100.1849,6949808.15,"seg3111(3227,3228)",
(170-130),394123.458,6949816.882,"seg3108(3225,3228)",
(170-130),394169.236,6949831.848,"seg3109(3225,3226)",
(170-130),394188.7349,6949837.501,"seg3106(3223,3226)",
(170-130),394211.1809,6949844.841,"seg3107(3223,3224)",
(170-130),394225.3619,6949848.952,"seg3104(3221,3224)",
(170-130),394527.6412,6949942.854,"seg3105(3221,3222)",
(170-130),394572.3486,6949956.147,"seg3102(3219,3222)",
(170-130),394623.5975,6949972.21,"seg3103(3219,3220)",
(170-130),394638.2221,6949976.435,"seg3100(3217,3220)",
(170-130),394715.6269,6950000.275,"seg3101(3217,3218)",
(170-130),394740.0826,6950007.86,"seg3098(3215,3218)",
(170-130),395050.1031,6950103.895,"seg3099(3215,3216)",
(170-130),395079.8474,6950112.238,"seg3096(3213,3216)",
(170-130),395095.3142,6950116.138,"seg3097(3213,3214)",
(170-130),395118.9711,6950120.551,"seg3094(3211,3214)",
(170-130),395135.3378,6950123.128,"seg3095(3211,3212)",
(170-130),395152.3035,6950124.936,"seg3092(3209,3212)",
(170-130),395160.8875,6950125.563,"seg3093(3209,3210)",
(170-130),395186.6508,6950126.117,"seg3090(3207,3210)",
(170-130),395212.7246,6950125.011,"seg3091(3207,3208)",
(170-130),395230.0159,6950123.387,"seg3088(3205,3208)",
(170-130),395238.4167,6950122.351,"seg3089(3205,3206)",
(170-130),395255.2249,6950119.504,"seg3150(3203,3206)",
(170-130),395279.9507,6950114.398,"seg3151(3203,3204)",
(170-130),395303.8013,6950107.733,"seg3148(3032,3204)",
(170-130),395319.346,6950102.549,"seg3149(3032,3033)",
(170-130),395342.1296,6950093.659,"seg3146(3030,3033)",
(170-130),395356.9965,6950086.918,"seg3147(3030,3031)",
(170-130),395378.6134,6950075.913,"seg3144(3028,3031)",
(170-130),395399.6512,6950063.353,"seg3145(3028,3029)",
(170-130),395406.6015,6950058.76,"seg3142(3026,3029)",
(170-130),395420.0112,6950049.236,"seg3143(3026,3027)",
(170-130),395439.3925,6950034.113,"seg3140(3024,3027)",
(170-130),395445.6564,6950028.96,"seg3141(3024,3025)",
(170-130),395463.964,6950012.387,"seg3138(3022,3025)",
(170-130),395475.4163,6950000.853,"seg3139(3022,3023)",
(170-130),395491.9573,6949983.047,"seg3136(3020,3023)",
(170-130),395552.8969,6949916.597,"seg3137(3020,3021)",
(170-130),395601.6368,6949862.451,"seg3134(3018,3021)",
(170-130),395650.9163,6949808.641,"seg3135(3018,3019)",
(170-130),395744.6052,6949704.692,"seg3132(3016,3019)",
(170-130),395755.4243,6949692.099,"seg3133(3016,3017)",
(170-130),395804.1534,6949639.004,"seg3130(3014,3017)",
(170-130),395824.8858,6949615.805,"seg3131(3014,3015)",
(170-130),395852.0758,6949587.842,"seg3128(3012,3015)",
(170-130),395872.255,6949571.617,"seg3129(3012,3013)",
(170-130),395882.5834,6949564.449,"seg3126(3010,3013)",
(170-130),395895.5846,6949556.417,"seg3127(3010,3011)",
(170-130),395903.2159,6949552.936,"seg3124(3008,3011)",
(170-130),395915.4137,6949546.504,"seg3125(3008,3009)",
(170-130),395920.6645,6949544.333,"seg3122(3006,3009)",
(170-130),395927.5982,6949541.622,"seg3123(3006,3007)",
(170-130),395948.5874,6949534.6,"seg3120(3004,3007)",
(170-130),395970.1499,6949529.798,"seg3121(3004,3005)",
(170-130),395984.4836,6949527.594,"seg2926(3002,3005)",
(170-130),395998.7119,6949526.164,"seg2927(3002,3003)",
(170-130),396008.5447,6949525.76,"seg2924(3003,3064)",
(170-130),396019.7929,6949525.693,"seg2925(3064,3065)",
(170-130),396033.2081,6949526.272,"seg2922(3062,3065)",
(170-130),396046.0188,6949527.566,"seg2923(3062,3063)",
(170-130),396057.4907,6949529.51,"seg2920(3060,3063)",
(170-130),396073.627,6949532.463,"seg2921(3060,3061)",
(170-130),396091.1896,6949537.359,"seg2918(3058,3061)",
(170-130),396103.802,6949542.269,"seg2919(3058,3059)",
(170-130),396118.0513,6949548.565,"seg2916(3056,3059)",
(170-130),396126.5001,6949553.154,"seg2917(3056,3057)",
(170-130),396135.5787,6949558.129,"seg2914(3054,3057)",
(170-130),396149.0908,6949566.619,"seg2915(3054,3055)",
(170-130),396160.2334,6949574.853,"seg2912(3052,3055)",
(170-130),396169.923,6949582.479,"seg2913(3052,3053)",
(170-130),396181.6524,6949592.938,"seg2910(3050,3053)",
(170-130),396191.6622,6949602.957,"seg2911(3050,3051)",
(170-130),396202.9954,6949616.447,"seg2908(3048,3051)",
(170-130),396216.0228,6949634.035,"seg2909(3048,3049)",
(170-130),396226.3841,6949652.015,"seg2906(3046,3049)",
(170-130),396232.8937,6949664.368,"seg2907(3046,3047)",
(170-130),396236.4324,6949671.987,"seg2904(3044,3047)",
(170-130),396241.3602,6949684.603,"seg2905(3044,3045)",
(170-130),396247.7965,6949705.596,"seg2902(3042,3045)",
(170-130),396249.5113,6949712.923,"seg2903(3042,3043)",
(170-130),396253.663,6949735.559,"seg2900(3040,3043)",
(170-130),396255.1173,6949750.306,"seg2901(3040,3041)",
(170-130),396255.6183,6949772.689,"seg2898(3038,3041)",
(170-130),396254.8304,6949789.91,"seg2899(3038,3039)",
(170-130),396246.5681,6949908.381,"seg2896(3036,3039)",
(170-130),396241.1974,6949976.968,"seg2897(3036,3037)",
(170-130),396233.6124,6950085.42,"seg2958(3034,3037)",
(170-130),396232.2161,6950110.335,"seg2959(3034,3035)",
(170-130),396231.7308,6950144.232,"seg2956(3035,3093)",
(170-130),396232.887,6950182.463,"seg2957(3093,3094)",
(170-130),396234.568,6950205.41,"seg2954(3091,3094)",
(170-130),396236.6839,6950223.653,"seg2955(3091,3092)",
(170-130),396244.1113,6950279.109,"seg2952(3089,3092)",
(170-130),396308.8663,6950734.273,"seg2953(3089,3090)",
(170-130),396314.3529,6950765.186,"seg2950(3087,3090)",
(170-130),396320.3003,6950796.703,"seg2951(3087,3088)",
(170-130),396326.6468,6950820.56,"seg2948(3085,3088)",
(170-130),396334.7204,6950846.497,"seg2949(3085,3086)",
(170-130),396340.6996,6950863.277,"seg2946(3083,3086)",
(170-130),396348.7676,6950884.062,"seg2947(3083,3084)",
(170-130),396355.1111,6950898.629,"seg2944(3081,3084)",
(170-130),396370.0422,6950930.939,"seg2945(3081,3082)",
(170-130),396380.099,6950950.08,"seg2942(3079,3082)",
(170-130),396466.7099,6951122.478,"seg2943(3079,3080)",
(170-130),396477.2042,6951142.453,"seg2940(3077,3080)",
(170-130),396484.5334,6951157.25,"seg2941(3077,3078)",
(170-130),396487.5303,6951164.809,"seg2938(3075,3078)",
(170-130),396494.1436,6951182.535,"seg2939(3075,3076)",
(170-130),396499.8482,6951202.636,"seg2936(3073,3076)",
(170-130),396502.2966,6951222.487,"seg2937(3073,3074)",
(170-130),396504.1946,6951243.22,"seg2934(3071,3074)",
(170-130),396506.6096,6951261.188,"seg2935(3071,3072)",
(170-130),396508.4393,6951278.32,"seg2932(3066,3072)",
(171-132),393828.1664,6949595.514,,
(171-132),393813.3569,6949572.895,"seg2784(2913,2914)",
(171-132),393794.9825,6949540.164,"seg2787(2913,2916)",
(171-132),393785.1523,6949523.959,"seg2786(2915,2916)",
(171-132),393776.465,6949506.877,"seg2789(2915,2918)",
(171-132),393766.4817,6949485.575,"seg2788(2917,2918)",
(171-132),393762.0304,6949475.233,"seg2791(2917,2920)",
(171-132),393746.221,6949442.745,"seg2790(2919,2920)",
(171-132),393734.2308,6949413.836,"seg2793(2919,2922)",
(171-132),393731.1244,6949407.771,"seg2792(2921,2922)",
(171-132),393725.5136,6949394.538,"seg2795(2921,2924)",
(171-132),393721.4422,6949385.917,"seg2794(2923,2924)",
(171-132),393710.5515,6949355.466,"seg2797(2923,2926)",
(171-132),393704.2233,6949333.918,"seg2796(2925,2926)",
(171-132),393698.2212,6949308.939,"seg2799(2925,2928)",
(171-132),393695.6638,6949296.508,"seg2798(2927,2928)",
(171-132),393692.1878,6949276.204,"seg2993(2927,2930)",
(171-132),393684.2387,6949225.394,"seg2992(2929,2930)",
(171-132),393675.85,6949168.376,"seg2995(2929,2932)",
(171-132),393674.64,6949159.945,"seg2994(2931,2932)",
(171-132),393674.0789,6949150.69,"seg2997(2931,2934)",
(171-132),393655.1148,6949021.401,"seg2996(2933,2934)",
(171-132),393651.1269,6948997.547,"seg2999(2933,2936)",
(171-132),393643.7655,6948958.652,"seg2998(2935,2936)",
(171-131),393643.7655,6948958.652,,
(171-131),393651.1269,6948997.547,"seg2998(2935,2936)",
(171-131),393655.1148,6949021.401,"seg2999(2933,2936)",
(171-131),393674.0789,6949150.69,"seg2996(2933,2934)",
(171-131),393674.64,6949159.945,"seg2997(2931,2934)",
(171-131),393675.85,6949168.376,"seg2994(2931,2932)",
(171-131),393684.2387,6949225.394,"seg2995(2929,2932)",
(171-131),393692.1878,6949276.204,"seg2992(2929,2930)",
(171-131),393695.6638,6949296.508,"seg2993(2927,2930)",
(171-131),393698.2212,6949308.939,"seg2798(2927,2928)",
(171-131),393704.2233,6949333.918,"seg2799(2925,2928)",
(171-131),393710.5515,6949355.466,"seg2796(2925,2926)",
(171-131),393721.4422,6949385.917,"seg2797(2923,2926)",
(171-131),393725.5136,6949394.538,"seg2794(2923,2924)",
(171-131),393731.1244,6949407.771,"seg2795(2921,2924)",
(171-131),393734.2308,6949413.836,"seg2792(2921,2922)",
(171-131),393746.221,6949442.745,"seg2793(2919,2922)",
(171-131),393762.0304,6949475.233,"seg2790(2919,2920)",
(171-131),393766.4817,6949485.575,"seg2791(2917,2920)",
(171-131),393776.465,6949506.877,"seg2788(2917,2918)",
(171-131),393785.1523,6949523.959,"seg2789(2915,2918)",
(171-131),393794.9825,6949540.164,"seg2786(2915,2916)",
(171-131),393813.3569,6949572.895,"seg2787(2913,2916)",
(171-131),393828.1664,6949595.514,"seg2784(2913,2914)",
(172-131),393643.7655,6948958.652,,
(172-131),393650.9282,6949020.368,"seg2929(2935,3123)",
(172-131),393656.8676,6949058.198,"seg2990(3123,3124)",
(172-131),393685.889,6949262.633,"seg2991(3121,3124)",
(172-131),393692.0744,6949300.576,"seg2988(3121,3122)",
(172-131),393694.6317,6949313.007,"seg2989(3119,3122)",
(172-131),393700.6339,6949337.986,"seg2986(3119,3120)",
(172-131),393711.0127,6949370.537,"seg2987(3117,3120)",
(172-131),393723.055,6949399.115,"seg2984(3117,3118)",
(172-131),393727.6607,6949408.738,"seg2985(3115,3118)",
(172-131),393730.9941,6949417.076,"seg2982(3115,3116)",
(172-131),393748.3303,6949455.615,"seg2983(3113,3116)",
(172-131),393774.0142,6949510.567,"seg2980(3113,3114)",
(172-131),393787.7635,6949535.891,"seg2981(3111,3114)",
(172-131),393792.6295,6949543.966,"seg2978(3111,3112)",
(172-131),393799.1635,6949553.218,"seg2979(3109,3112)",
(172-131),393804.6146,6949562.128,"seg2976(3109,3110)",
(172-131),393809.4889,6949569.261,"seg2977(3108,3110)",
(172-131),393828.1664,6949595.514,"seg2974(2914,3108)",
(172-132),393828.1664,6949595.514,,
(172-132),393809.4889,6949569.261,"seg2974(2914,3108)",
(172-132),393804.6146,6949562.128,"seg2977(3108,3110)",
(172-132),393799.1635,6949553.218,"seg2976(3109,3110)",
(172-132),393792.6295,6949543.966,"seg2979(3109,3112)",
(172-132),393787.7635,6949535.891,"seg2978(3111,3112)",
(172-132),393774.0142,6949510.567,"seg2981(3111,3114)",
(172-132),393748.3303,6949455.615,"seg2980(3113,3114)",
(172-132),393730.9941,6949417.076,"seg2983(3113,3116)",
(172-132),393727.6607,6949408.738,"seg2982(3115,3116)",
(172-132),393723.055,6949399.115,"seg2985(3115,3118)",
(172-132),393711.0127,6949370.537,"seg2984(3117,3118)",
(172-132),393700.6339,6949337.986,"seg2987(3117,3120)",
(172-132),393694.6317,6949313.007,"seg2986(3119,3120)",
(172-132),393692.0744,6949300.576,"seg2989(3119,3122)",
(172-132),393685.889,6949262.633,"seg2988(3121,3122)",
(172-132),393656.8676,6949058.198,"seg2991(3121,3124)",
(172-132),393650.9282,6949020.368,"seg2990(3123,3124)",
(172-132),393643.7655,6948958.652,"seg2929(2935,3123)",
(173-133),393643.7655,6948958.652,,
(173-133),393639.9784,6948934.411,"seg4619(2935,4597)",
(173-133),393634.4193,6948903.952,"seg4618(4597,4599)",
(173-133),393632.0402,6948893.739,"seg4621(4598,4599)",
(173-133),393621.4689,6948855.037,"seg4620(4598,4601)",
(173-133),393614.6055,6948832.653,"seg4559(4600,4601)",
(173-133),393602.4613,6948798.868,"seg4558(4600,4603)",
(173-133),393596.1855,6948782.694,"seg4561(4602,4603)",
(173-133),393580.2139,6948746.327,"seg4560(4602,4605)",
(173-133),393564.7864,6948715.504,"seg4563(4604,4605)",
(173-133),393555.217,6948697.805,"seg4562(4604,4607)",
(173-133),393538.3448,6948668.521,"seg4565(4606,4607)",
(173-133),393523.6957,6948644.685,"seg4564(4606,4609)",
(173-133),393494.9028,6948595.687,"seg4567(4608,4609)",
(173-133),393414.6818,6948461.542,"seg4566(4608,4611)",
(173-133),393344.9294,6948343.996,"seg4569(4610,4611)",
(173-133),393334.1375,6948325.068,"seg4568(4610,4613)",
(173-133),393320.3475,6948299.023,"seg4571(4612,4613)",
(173-133),393304.3538,6948265.37,"seg4570(4554,4612)",
(173-133),393292.6886,6948239.067,"seg4573(4553,4554)",
(173-133),393278.5437,6948202.826,"seg4572(4553,4556)",
(173-133),393266.4277,6948165.994,"seg4575(4555,4556)",
(173-133),393260.4054,6948143.507,"seg4574(4555,4558)",
(173-133),393252.3403,6948111.917,"seg4577(4557,4558)",
(173-133),393246.2344,6948082.061,"seg4576(4557,4560)",
(173-133),393238.4042,6948034.908,"seg4579(4559,4560)",
(173-133),393224.3276,6947945.766,"seg4578(4559,4562)",
(173-133),393200.8664,6947801.038,"seg4581(4561,4562)",
(173-133),393193.6738,6947754.388,"seg4580(4561,4564)",
(173-133),393186.4479,6947711.561,"seg4583(4563,4564)",
(173-133),393175.1273,6947640.336,"seg4582(2887,4563)",
(173-132),393175.1273,6947640.336,,
(173-132),393186.4479,6947711.561,"seg4582(2887,4563)",
(173-132),393193.6738,6947754.388,"seg4583(4563,4564)",
(173-132),393200.8664,6947801.038,"seg4580(4561,4564)",
(173-132),393224.3276,6947945.766,"seg4581(4561,4562)",
(173-132),393238.4042,6948034.908,"seg4578(4559,4562)",
(173-132),393246.2344,6948082.061,"seg4579(4559,4560)",
(173-132),393252.3403,6948111.917,"seg4576(4557,4560)",
(173-132),393260.4054,6948143.507,"seg4577(4557,4558)",
(173-132),393266.4277,6948165.994,"seg4574(4555,4558)",
(173-132),393278.5437,6948202.826,"seg4575(4555,4556)",
(173-132),393292.6886,6948239.067,"seg4572(4553,4556)",
(173-132),393304.3538,6948265.37,"seg4573(4553,4554)",
(173-132),393320.3475,6948299.023,"seg4570(4554,4612)",
(173-132),393334.1375,6948325.068,"seg4571(4612,4613)",
(173-132),393344.9294,6948343.996,"seg4568(4610,4613)",
(173-132),393414.6818,6948461.542,"seg4569(4610,4611)",
(173-132),393494.9028,6948595.687,"seg4566(4608,4611)",
(173-132),393523.6957,6948644.685,"seg4567(4608,4609)",
(173-132),393538.3448,6948668.521,"seg4564(4606,4609)",
(173-132),393555.217,6948697.805,"seg4565(4606,4607)",
(173-132),393564.7864,6948715.504,"seg4562(4604,4607)",
(173-132),393580.2139,6948746.327,"seg4563(4604,4605)",
(173-132),393596.1855,6948782.694,"seg4560(4602,4605)",
(173-132),393602.4613,6948798.868,"seg4561(4602,4603)",
(173-132),393614.6055,6948832.653,"seg4558(4600,4603)",
(173-132),393621.4689,6948855.037,"seg4559(4600,4601)",
(173-132),393632.0402,6948893.739,"seg4620(4598,4601)",
(173-132),393634.4193,6948903.952,"seg4621(4598,4599)",
(173-132),393639.9784,6948934.411,"seg4618(4597,4599)",
(173-132),393643.7655,6948958.652,"seg4619(2935,4597)",
(174-134),393175.1273,6947640.336,,
(174-134),393175.3138,6947624.661,"seg3008(2884,2887)",
(174-134),393174.3149,6947609.086,"seg3009(2884,2885)",
(174-134),393165.8044,6947549.518,"seg3006(2882,2885)",
(174-134),393147.2071,6947441.337,"seg3007(2882,2883)",
(174-133),393147.2071,6947441.337,,
(174-133),393165.8044,6947549.518,"seg3007(2882,2883)",
(174-133),393174.3149,6947609.086,"seg3006(2882,2885)",
(174-133),393175.3138,6947624.661,"seg3009(2884,2885)",
(174-133),393175.1273,6947640.336,"seg3008(2884,2887)",
(175-135),393175.1273,6947640.336,,
(175-135),393166.9901,6947588.859,"seg4605(2887,4585)",
(175-135),393156.5075,6947529.052,"seg4604(4584,4585)",
(175-135),393153.0496,6947506.864,"seg4607(4584,4587)",
(175-135),393148.3193,6947472.146,"seg4606(4586,4587)",
(175-135),393146.5284,6947462.491,"seg4609(4586,4589)",
(175-135),393138.0316,6947407.023,"seg4608(4588,4589)",
(175-135),393135.9582,6947395.815,"seg4611(4588,4591)",
(175-135),393127.8311,6947343.23,"seg4610(4590,4591)",
(175-135),393123.9271,6947321.26,"seg4613(4590,4593)",
(175-135),393122.4381,6947310.943,"seg4612(4592,4593)",
(175-135),393119.5,6947285.769,"seg4615(4592,4595)",
(175-135),393118.4301,6947272.686,"seg4614(4594,4595)",
(175-135),393117.5963,6947255.174,"seg4617(4594,4596)",
(175-135),393117.8567,6947231.08,"seg4616(3334,4596)",
(175-133),393117.8567,6947231.08,,
(175-133),393117.5963,6947255.174,"seg4616(3334,4596)",
(175-133),393118.4301,6947272.686,"seg4617(4594,4596)",
(175-133),393119.5,6947285.769,"seg4614(4594,4595)",
(175-133),393122.4381,6947310.943,"seg4615(4592,4595)",
(175-133),393123.9271,6947321.26,"seg4612(4592,4593)",
(175-133),393127.8311,6947343.23,"seg4613(4590,4593)",
(175-133),393135.9582,6947395.815,"seg4610(4590,4591)",
(175-133),393138.0316,6947407.023,"seg4611(4588,4591)",
(175-133),393146.5284,6947462.491,"seg4608(4588,4589)",
(175-133),393148.3193,6947472.146,"seg4609(4586,4589)",
(175-133),393153.0496,6947506.864,"seg4606(4586,4587)",
(175-133),393156.5075,6947529.052,"seg4607(4584,4587)",
(175-133),393166.9901,6947588.859,"seg4604(4584,4585)",
(175-133),393175.1273,6947640.336,"seg4605(2887,4585)",
(176-136),393117.8567,6947231.08,,
(176-136),393119.0826,6947209.432,"seg2748(3334,4524)",
(176-136),393121.057,6947192.498,"seg2751(4523,4524)",
(176-136),393122.9393,6947180.439,"seg2750(4523,4526)",
(176-136),393125.3257,6947167.165,"seg2753(4525,4526)",
(176-136),393128.8172,6947151.685,"seg2752(4525,4528)",
(176-136),393133.5085,6947134.444,"seg2755(4527,4528)",
(176-136),393141.7212,6947109.588,"seg2754(4527,4530)",
(176-136),393147.0202,6947096.229,"seg2757(4529,4530)",
(176-136),393166.6968,6947041.561,"seg2756(4529,4532)",
(176-136),393186.944,6946989.335,"seg2759(4531,4532)",
(176-136),393189.4294,6946981.657,"seg2758(4531,4534)",
(176-136),393195.4864,6946966.255,"seg2761(4533,4534)",
(176-136),393233.7021,6946862.725,"seg2760(4533,4536)",
(176-136),393242.9343,6946834.112,"seg2763(4535,4536)",
(176-136),393248.7484,6946812.614,"seg2762(4535,4538)",
(176-136),393253.0874,6946790.495,"seg2765(4537,4538)",
(176-136),393255.5854,6946775.726,"seg2764(4537,4540)",
(176-136),393256.4399,6946768.311,"seg2767(4539,4540)",
(176-136),393257.7492,6946754.031,"seg2766(4539,4542)",
(176-136),393258.567,6946739.524,"seg2705(4541,4542)",
(176-136),393258.6167,6946711.274,"seg2704(4541,4544)",
(176-136),393258.3817,6946704.292,"seg2707(4543,4544)",
(176-136),393256.6886,6946683.449,"seg2706(4543,4546)",
(176-136),393255.0352,6946669.364,"seg2709(4545,4546)",
(176-136),393252.8883,6946655.276,"seg2708(4545,4548)",
(176-136),393247.0213,6946626.419,"seg2711(4547,4548)",
(176-136),393243.1512,6946611.872,"seg2710(4547,4550)",
(176-136),393233.9287,6946582.986,"seg2713(4549,4550)",
(176-136),393228.4273,6946568.757,"seg2712(4549,4552)",
(176-136),393216.5352,6946540.402,"seg2715(4551,4552)",
(176-136),393146.1556,6946383.353,"seg2714(2845,4551)",
(176-136),393120.3377,6946322.303,"seg2717(2844,2845)",
(176-136),393069.3007,6946205.196,"seg2716(2844,2847)",
(176-136),393052.1637,6946167.267,"seg2719(2846,2847)",
(176-136),393028.1762,6946111.44,"seg2718(2846,2849)",
(176-136),392987.8249,6946019.631,"seg2721(2848,2849)",
(176-136),392978.7628,6946000.717,"seg2720(2848,2851)",
(176-136),392965.108,6945976.556,"seg2723(2850,2851)",
(176-136),392947.8208,6945950.203,"seg2722(2850,2853)",
(176-136),392939.233,6945939.104,"seg2725(2852,2853)",
(176-136),392917.9813,6945914.655,"seg2724(2852,2855)",
(176-136),392890.249,6945886.437,"seg2727(2854,2855)",
(176-136),392872.8785,6945872.028,"seg2726(2854,2857)",
(176-136),392855.5116,6945858.59,"seg2729(2856,2857)",
(176-136),392844.1241,6945850.618,"seg2728(2856,2859)",
(176-136),392832.2192,6945843.35,"seg2731(2858,2859)",
(176-136),392822.5805,6945837.373,"seg2730(2858,2861)",
(176-136),392780.1948,6945814.51,"seg2733(2860,2861)",
(176-136),392764.6313,6945805.455,"seg2732(2860,2863)",
(176-136),392737.026,6945790.92,"seg2735(2862,2863)",
(176-136),392702.8526,6945771.343,"seg2734(2862,2865)",
(176-136),392674.942,6945752.263,"seg2673(2864,2865)",
(176-136),392652.8986,6945733.789,"seg2672(2864,2867)",
(176-136),392639.1912,6945721.315,"seg2675(2866,2867)",
(176-136),392628.382,6945710.363,"seg2674(2866,2869)",
(176-136),392610.1501,6945690.537,"seg2677(2868,2869)",
(176-136),392595.3606,6945672.071,"seg2676(2868,2871)",
(176-136),392583.3153,6945655.79,"seg2679(2870,2871)",
(176-136),392577.4713,6945646.986,"seg2678(2870,2873)",
(176-136),392569.1053,6945633.175,"seg2681(2872,2873)",
(176-136),392561.7262,6945619.372,"seg2680(2872,2875)",
(176-136),392550.637,6945595.399,"seg2683(2874,2875)",
(176-136),392547.5054,6945586.786,"seg2682(2813,2874)",
(176-136),392536.3508,6945559.046,"seg2685(2812,2813)",
(176-136),392514.8546,6945495.319,"seg2684(2812,2815)",
(176-136),392512.0562,6945488.093,"seg2687(2814,2815)",
(176-136),392507.4492,6945473.317,"seg2686(2814,2817)",
(176-136),392473.5171,6945376.133,"seg2689(2816,2817)",
(176-136),392446.4816,6945297.124,"seg2688(2816,2819)",
(176-136),392433.2142,6945257.234,"seg2691(2818,2819)",
(176-136),392422.2345,6945226.504,"seg2690(2818,2821)",
(176-136),392404.4387,6945174.165,"seg2693(2820,2821)",
(176-136),392373.4462,6945085.149,"seg2692(2820,2823)",
(176-136),392232.5014,6944673.93,"seg2695(2822,2823)",
(176-136),392226.284,6944657.201,"seg2694(2822,2825)",
(176-136),392194.2491,6944563.633,"seg2697(2824,2825)",
(176-136),392179.1301,6944521.289,"seg2696(2824,2827)",
(176-136),392173.5214,6944508.277,"seg2699(2826,2827)",
(176-136),392164.5599,6944489.419,"seg2698(2826,2829)",
(176-136),392157.8542,6944477.727,"seg2701(2828,2829)",
(176-136),392151.335,6944467.255,"seg2700(2828,2831)",
(176-136),392139.7346,6944451.088,"seg2703(2830,2831)",
(176-136),392135.6373,6944445.734,"seg2702(2830,2833)",
(176-136),392122.9412,6944430.72,"seg2641(2832,2833)",
(176-136),392107.8795,6944415.409,"seg2640(2832,2835)",
(176-136),392097.404,6944405.954,"seg2643(2834,2835)",
(176-136),392072.8589,6944386.183,"seg2642(2834,2837)",
(176-136),392047.3445,6944370.003,"seg2645(2836,2837)",
(176-136),392027.2044,6944359.854,"seg2644(2836,2839)",
(176-136),392013.1468,6944353.747,"seg2647(2838,2839)",
(176-136),391991.4557,6944346.021,"seg2646(2838,2841)",
(176-136),391976.8871,6944341.903,"seg2649(2840,2841)",
(176-136),391962.1168,6944338.283,"seg2648(2840,2843)",
(176-136),391947.3899,6944335.327,"seg2651(2842,2843)",
(176-136),391932.8007,6944333.536,"seg2650(2781,2842)",
(176-136),391911.697,6944331.909,"seg2653(2780,2781)",
(176-136),391886.4299,6944332.405,"seg2652(2780,2783)",
(176-136),391854.9265,6944335.061,"seg2655(2782,2783)",
(176-136),391834.864,6944338.428,"seg2654(2782,2785)",
(176-136),391569.641,6944389.806,"seg2657(2784,2785)",
(176-136),391549.0849,6944393.168,"seg2656(2784,2787)",
(176-136),391535.1559,6944394.817,"seg2659(2786,2787)",
(176-136),391513.3299,6944396.728,"seg2658(2786,2789)",
(176-136),391490.4243,6944397.964,"seg2661(2788,2789)",
(176-136),391466.3909,6944398.415,"seg2660(2788,2791)",
(176-136),391450.3087,6944398.05,"seg2663(2790,2791)",
(176-136),391434.3795,6944397.133,"seg2662(2790,2793)",
(176-136),391400.9482,6944394.619,"seg2665(2792,2793)",
(176-136),391369.2097,6944390.403,"seg2664(2792,2795)",
(176-136),391336.4071,6944383.796,"seg2667(2794,2795)",
(176-136),391311.3933,6944377.978,"seg2666(2794,2797)",
(176-136),391286.7877,6944370.668,"seg2669(2796,2797)",
(176-136),391254.3216,6944359.522,"seg2668(2796,2799)",
(176-136),391246.2559,6944356.569,"seg2671(2798,2799)",
(176-136),391215.4862,6944343.332,"seg2670(2798,2801)",
(176-136),391186.0101,6944328.888,"seg2865(2800,2801)",
(176-136),391157.9749,6944313.349,"seg2864(2800,2803)",
(176-136),391144.3332,6944304.918,"seg2867(2802,2803)",
(176-136),391124.4179,6944291.778,"seg2866(2802,2805)",
(176-136),391098.2918,6944272.433,"seg2869(2804,2805)",
(176-136),391079.9702,6944257.645,"seg2868(2804,2807)",
(176-136),391068.1207,6944247.458,"seg2871(2806,2807)",
(176-136),391051.1866,6944232.017,"seg2870(2806,2809)",
(176-136),390958.9616,6944149.984,"seg2873(2808,2809)",
(176-136),390910.4129,6944105.566,"seg2872(2808,2811)",
(176-136),390875.7376,6944071.243,"seg2875(2810,2811)",
(176-136),390841.2234,6944035.481,"seg2874(2749,2810)",
(176-136),390801.6549,6943991.144,"seg2877(2748,2749)",
(176-136),390779.3888,6943965.13,"seg2876(2748,2751)",
(176-136),390702.2581,6943872.926,"seg2879(2750,2751)",
(176-136),390663.3932,6943827.265,"seg2878(2750,2753)",
(176-136),390558.4336,6943702.46,"seg2881(2752,2753)",
(176-136),390553.4127,6943695.656,"seg2880(2752,2755)",
(176-136),390423.0708,6943540.653,"seg2883(2754,2755)",
(176-136),390356.8265,6943461.951,"seg2882(2754,2757)",
(176-136),390340.6623,6943443.414,"seg2885(2756,2757)",
(176-136),390317.3378,6943414.62,"seg2884(2756,2759)",
(176-136),390026.7031,6943068.441,"seg2887(2758,2759)",
(176-136),390004.4494,6943041.429,"seg2886(2758,2761)",
(176-136),389988.547,6943021.343,"seg2889(2760,2761)",
(176-136),389963.5869,6942988.102,"seg2888(2760,2763)",
(176-136),389940.1109,6942954.432,"seg2891(2762,2763)",
(176-136),389922.1948,6942927.902,"seg2890(2762,2765)",
(176-136),389896.6064,6942887.786,"seg2893(2764,2765)",
(176-136),389872.1106,6942846.905,"seg2892(2764,2767)",
(176-136),389848.7102,6942804.925,"seg2895(2766,2767)",
(176-136),389829.89,6942769.302,"seg2894(2766,2769)",
(176-136),389815.5484,6942740.367,"seg2833(2768,2769)",
(176-136),389798.4167,6942703.54,"seg2832(2768,2771)",
(176-136),389778.6995,6942658.049,"seg2835(2770,2771)",
(176-136),389765.9587,6942626.69,"seg2834(2770,2773)",
(176-136),389753.5804,6942593.452,"seg2837(2772,2773)",
(176-136),389739.6394,6942552.998,"seg2836(2772,2775)",
(176-136),389714.6925,6942474.887,"seg2839(2774,2775)",
(176-136),389612.8084,6942138.269,"seg2838(2774,2777)",
(176-136),389598.665,6942093.049,"seg2841(2776,2777)",
(176-136),389584.9194,6942047.5,"seg2840(2776,2779)",
(176-136),389576.0809,6942021.163,"seg2843(2778,2779)",
(176-136),389567.5506,6941998.927,"seg2842(2778,2971)",
(176-136),389562.3769,6941987.358,"seg2845(2970,2971)",
(176-136),389553.0867,6941967.331,"seg2844(2970,2973)",
(176-136),389546.1538,6941953.918,"seg2847(2972,2973)",
(176-136),389534.6932,6941933.872,"seg2846(2972,2975)",
(176-136),389522.6346,6941914.485,"seg2849(2974,2975)",
(176-136),389513.8732,6941901.443,"seg2848(2974,2977)",
(176-136),389494.7677,6941875.788,"seg2851(2976,2977)",
(176-136),389489.4443,6941869.868,"seg2850(2976,2979)",
(176-136),389479.198,6941857.366,"seg2853(2978,2979)",
(176-136),389468.1585,6941845.301,"seg2852(2978,2981)",
(176-136),389452.759,6941829.872,"seg2855(2980,2981)",
(176-136),389435.6381,6941813.873,"seg2854(2980,2983)",
(176-136),389418.0159,6941798.757,"seg2857(2982,2983)",
(176-136),389406.2608,6941789.454,"seg2856(2982,2985)",
(176-136),389374.9845,6941767.732,"seg2859(2984,2985)",
(176-136),389355.1141,6941755.753,"seg2858(2984,2987)",
(176-136),389335.4813,6941744.772,"seg2861(2986,2987)",
(176-136),389328.8019,6941741.499,"seg2860(2986,2989)",
(176-136),389300.8021,6941728.392,"seg2863(2988,2989)",
(176-136),389271.8027,6941716.717,"seg2862(2988,2991)",
(176-136),389249.6196,6941709.536,"seg2801(2990,2991)",
(176-136),389234.3654,6941705.298,"seg2800(2990,2993)",
(176-136),389203.3528,6941698.036,"seg2803(2992,2993)",
(176-136),389179.3718,6941693.275,"seg2802(2992,2995)",
(176-136),388921.3996,6941646.665,"seg2805(2994,2995)",
(176-136),388868.1645,6941636.596,"seg2804(2994,2997)",
(176-136),388833.8845,6941630.633,"seg2807(2996,2997)",
(176-136),388808.5256,6941625.526,"seg2806(2996,2999)",
(176-136),388792.0737,6941622.828,"seg2809(2998,2999)",
(176-136),388587.2956,6941585.614,"seg2808(2998,3001)",
(176-136),388495.1964,6941569.26,"seg2811(3000,3001)",
(176-136),388294.4112,6941532.521,"seg2810(2939,3000)",
(176-136),388232.1813,6941518.988,"seg2813(2938,2939)",
(176-136),388208.4567,6941513.231,"seg2812(2938,2941)",
(176-136),388167.1698,6941502.16,"seg2815(2940,2941)",
(176-136),388134.2076,6941492.44,"seg2814(2940,2943)",
(176-136),388092.5975,6941478.985,"seg2817(2942,2943)",
(176-136),388034.3813,6941458.175,"seg2816(2942,2945)",
(176-136),387995.4524,6941442.86,"seg2819(2944,2945)",
(176-136),387973.632,6941433.907,"seg2818(2944,2947)",
(176-136),387953.9296,6941425.305,"seg2821(2946,2947)",
(176-136),387905.7887,6941403.258,"seg2820(2946,2949)",
(176-136),387875.3462,6941387.8,"seg2823(2948,2949)",
(176-136),387844.9119,6941371.455,"seg2822(2948,2951)",
(176-136),387797.8954,6941345.207,"seg2825(2950,2951)",
(176-136),387786.7361,6941339.179,"seg2824(2950,2953)",
(176-136),387762.9965,6941326.317,"seg2827(2952,2953)",
(176-136),387746.2587,6941317.144,"seg2826(2952,2955)",
(176-136),387682.07,6941280.822,"seg2829(2954,2955)",
(176-136),387649.8718,6941263.242,"seg2828(2954,2957)",
(176-136),387591.4729,6941230.352,"seg2831(2956,2957)",
(176-136),387567.1281,6941217.054,"seg2830(2956,2959)",
(176-136),387542.6924,6941202.924,"seg2769(2958,2959)",
(176-136),387532.972,6941197.848,"seg2768(2958,2961)",
(176-136),387522.0801,6941191.432,"seg2771(2960,2961)",
(176-136),387456.6087,6941155.263,"seg2770(2960,2963)",
(176-136),387414.1184,6941130.497,"seg2773(2962,2963)",
(176-136),387395.9787,6941118.363,"seg2772(2962,2965)",
(176-136),387389.8053,6941113.819,"seg2775(2964,2965)",
(176-136),387373.7475,6941100.597,"seg2774(2964,2967)",
(176-136),387359.5683,6941086.95,"seg2777(2966,2967)",
(176-136),387350.9691,6941078.007,"seg2776(2966,2969)",
(176-136),387343.1591,6941069.071,"seg2779(2968,2969)",
(176-136),387335.9888,6941060.308,"seg2778(2908,2968)",
(176-136),387326.2458,6941047.033,"seg2781(2907,2908)",
(176-136),387320.602,6941038.561,"seg2780(2907,2910)",
(176-136),387310.3509,6941021.57,"seg2783(2909,2910)",
(176-136),387298.0464,6940997.248,"seg2782(2909,2912)",
(176-136),387292.5973,6940983.737,"seg2785(2911,2912)",
(176-136),387282.5572,6940954.617,"seg2749(2911,4582)",
(176-136),387268.209,6940900.639,"seg2746(4582,4583)",
(176-136),387243.049,6940799.696,"seg2747(4580,4583)",
(176-136),387240.1115,6940786.651,"seg2744(4580,4581)",
(176-136),387234.8997,6940758.185,"seg2745(4578,4581)",
(176-136),387230.1282,6940724.792,"seg2742(4578,4579)",
(176-136),387228.5804,6940705.5,"seg2743(4576,4579)",
(176-136),387227.6769,6940685.882,"seg2740(4576,4577)",
(176-136),387226.7148,6940661.942,"seg2741(4574,4577)",
(176-136),387228.8639,6940616.316,"seg2738(4574,4575)",
(176-136),387230.5704,6940597.164,"seg2739(4572,4575)",
(176-136),387233.3892,6940575.088,"seg2736(4572,4573)",
(176-136),387237.7663,6940549.868,"seg2737(4570,4573)",
(176-136),387242.3663,6940527.198,"seg4588(4570,4571)",
(176-136),387251.0703,6940492.822,"seg4589(4568,4571)",
(176-136),387257.2199,6940473.269,"seg4586(4568,4569)",
(176-136),387279.7001,6940405.396,"seg4587(4566,4569)",
(176-136),387321.1171,6940284.684,"seg4584(4566,4567)",
(176-136),387345.6128,6940206.802,"seg4585(4565,4567)",
(176-135),387345.6128,6940206.802,,
(176-135),387321.1171,6940284.684,"seg4585(4565,4567)",
(176-135),387279.7001,6940405.396,"seg4584(4566,4567)",
(176-135),387257.2199,6940473.269,"seg4587(4566,4569)",
(176-135),387251.0703,6940492.822,"seg4586(4568,4569)",
(176-135),387242.3663,6940527.198,"seg4589(4568,4571)",
(176-135),387237.7663,6940549.868,"seg4588(4570,4571)",
(176-135),387233.3892,6940575.088,"seg2737(4570,4573)",
(176-135),387230.5704,6940597.164,"seg2736(4572,4573)",
(176-135),387228.8639,6940616.316,"seg2739(4572,4575)",
(176-135),387226.7148,6940661.942,"seg2738(4574,4575)",
(176-135),387227.6769,6940685.882,"seg2741(4574,4577)",
(176-135),387228.5804,6940705.5,"seg2740(4576,4577)",
(176-135),387230.1282,6940724.792,"seg2743(4576,4579)",
(176-135),387234.8997,6940758.185,"seg2742(4578,4579)",
(176-135),387240.1115,6940786.651,"seg2745(4578,4581)",
(176-135),387243.049,6940799.696,"seg2744(4580,4581)",
(176-135),387268.209,6940900.639,"seg2747(4580,4583)",
(176-135),387282.5572,6940954.617,"seg2746(4582,4583)",
(176-135),387292.5973,6940983.737,"seg2749(2911,4582)",
(176-135),387298.0464,6940997.248,"seg2785(2911,2912)",
(176-135),387310.3509,6941021.57,"seg2782(2909,2912)",
(176-135),387320.602,6941038.561,"seg2783(2909,2910)",
(176-135),387326.2458,6941047.033,"seg2780(2907,2910)",
(176-135),387335.9888,6941060.308,"seg2781(2907,2908)",
(176-135),387343.1591,6941069.071,"seg2778(2908,2968)",
(176-135),387350.9691,6941078.007,"seg2779(2968,2969)",
(176-135),387359.5683,6941086.95,"seg2776(2966,2969)",
(176-135),387373.7475,6941100.597,"seg2777(2966,2967)",
(176-135),387389.8053,6941113.819,"seg2774(2964,2967)",
(176-135),387395.9787,6941118.363,"seg2775(2964,2965)",
(176-135),387414.1184,6941130.497,"seg2772(2962,2965)",
(176-135),387456.6087,6941155.263,"seg2773(2962,2963)",
(176-135),387522.0801,6941191.432,"seg2770(2960,2963)",
(176-135),387532.972,6941197.848,"seg2771(2960,2961)",
(176-135),387542.6924,6941202.924,"seg2768(2958,2961)",
(176-135),387567.1281,6941217.054,"seg2769(2958,2959)",
(176-135),387591.4729,6941230.352,"seg2830(2956,2959)",
(176-135),387649.8718,6941263.242,"seg2831(2956,2957)",
(176-135),387682.07,6941280.822,"seg2828(2954,2957)",
(176-135),387746.2587,6941317.144,"seg2829(2954,2955)",
(176-135),387762.9965,6941326.317,"seg2826(2952,2955)",
(176-135),387786.7361,6941339.179,"seg2827(2952,2953)",
(176-135),387797.8954,6941345.207,"seg2824(2950,2953)",
(176-135),387844.9119,6941371.455,"seg2825(2950,2951)",
(176-135),387875.3462,6941387.8,"seg2822(2948,2951)",
(176-135),387905.7887,6941403.258,"seg2823(2948,2949)",
(176-135),387953.9296,6941425.305,"seg2820(2946,2949)",
(176-135),387973.632,6941433.907,"seg2821(2946,2947)",
(176-135),387995.4524,6941442.86,"seg2818(2944,2947)",
(176-135),388034.3813,6941458.175,"seg2819(2944,2945)",
(176-135),388092.5975,6941478.985,"seg2816(2942,2945)",
(176-135),388134.2076,6941492.44,"seg2817(2942,2943)",
(176-135),388167.1698,6941502.16,"seg2814(2940,2943)",
(176-135),388208.4567,6941513.231,"seg2815(2940,2941)",
(176-135),388232.1813,6941518.988,"seg2812(2938,2941)",
(176-135),388294.4112,6941532.521,"seg2813(2938,2939)",
(176-135),388495.1964,6941569.26,"seg2810(2939,3000)",
(176-135),388587.2956,6941585.614,"seg2811(3000,3001)",
(176-135),388792.0737,6941622.828,"seg2808(2998,3001)",
(176-135),388808.5256,6941625.526,"seg2809(2998,2999)",
(176-135),388833.8845,6941630.633,"seg2806(2996,2999)",
(176-135),388868.1645,6941636.596,"seg2807(2996,2997)",
(176-135),388921.3996,6941646.665,"seg2804(2994,2997)",
(176-135),389179.3718,6941693.275,"seg2805(2994,2995)",
(176-135),389203.3528,6941698.036,"seg2802(2992,2995)",
(176-135),389234.3654,6941705.298,"seg2803(2992,2993)",
(176-135),389249.6196,6941709.536,"seg2800(2990,2993)",
(176-135),389271.8027,6941716.717,"seg2801(2990,2991)",
(176-135),389300.8021,6941728.392,"seg2862(2988,2991)",
(176-135),389328.8019,6941741.499,"seg2863(2988,2989)",
(176-135),389335.4813,6941744.772,"seg2860(2986,2989)",
(176-135),389355.1141,6941755.753,"seg2861(2986,2987)",
(176-135),389374.9845,6941767.732,"seg2858(2984,2987)",
(176-135),389406.2608,6941789.454,"seg2859(2984,2985)",
(176-135),389418.0159,6941798.757,"seg2856(2982,2985)",
(176-135),389435.6381,6941813.873,"seg2857(2982,2983)",
(176-135),389452.759,6941829.872,"seg2854(2980,2983)",
(176-135),389468.1585,6941845.301,"seg2855(2980,2981)",
(176-135),389479.198,6941857.366,"seg2852(2978,2981)",
(176-135),389489.4443,6941869.868,"seg2853(2978,2979)",
(176-135),389494.7677,6941875.788,"seg2850(2976,2979)",
(176-135),389513.8732,6941901.443,"seg2851(2976,2977)",
(176-135),389522.6346,6941914.485,"seg2848(2974,2977)",
(176-135),389534.6932,6941933.872,"seg2849(2974,2975)",
(176-135),389546.1538,6941953.918,"seg2846(2972,2975)",
(176-135),389553.0867,6941967.331,"seg2847(2972,2973)",
(176-135),389562.3769,6941987.358,"seg2844(2970,2973)",
(176-135),389567.5506,6941998.927,"seg2845(2970,2971)",
(176-135),389576.0809,6942021.163,"seg2842(2778,2971)",
(176-135),389584.9194,6942047.5,"seg2843(2778,2779)",
(176-135),389598.665,6942093.049,"seg2840(2776,2779)",
(176-135),389612.8084,6942138.269,"seg2841(2776,2777)",
(176-135),389714.6925,6942474.887,"seg2838(2774,2777)",
(176-135),389739.6394,6942552.998,"seg2839(2774,2775)",
(176-135),389753.5804,6942593.452,"seg2836(2772,2775)",
(176-135),389765.9587,6942626.69,"seg2837(2772,2773)",
(176-135),389778.6995,6942658.049,"seg2834(2770,2773)",
(176-135),389798.4167,6942703.54,"seg2835(2770,2771)",
(176-135),389815.5484,6942740.367,"seg2832(2768,2771)",
(176-135),389829.89,6942769.302,"seg2833(2768,2769)",
(176-135),389848.7102,6942804.925,"seg2894(2766,2769)",
(176-135),389872.1106,6942846.905,"seg2895(2766,2767)",
(176-135),389896.6064,6942887.786,"seg2892(2764,2767)",
(176-135),389922.1948,6942927.902,"seg2893(2764,2765)",
(176-135),389940.1109,6942954.432,"seg2890(2762,2765)",
(176-135),389963.5869,6942988.102,"seg2891(2762,2763)",
(176-135),389988.547,6943021.343,"seg2888(2760,2763)",
(176-135),390004.4494,6943041.429,"seg2889(2760,2761)",
(176-135),390026.7031,6943068.441,"seg2886(2758,2761)",
(176-135),390317.3378,6943414.62,"seg2887(2758,2759)",
(176-135),390340.6623,6943443.414,"seg2884(2756,2759)",
(176-135),390356.8265,6943461.951,"seg2885(2756,2757)",
(176-135),390423.0708,6943540.653,"seg2882(2754,2757)",
(176-135),390553.4127,6943695.656,"seg2883(2754,2755)",
(176-135),390558.4336,6943702.46,"seg2880(2752,2755)",
(176-135),390663.3932,6943827.265,"seg2881(2752,2753)",
(176-135),390702.2581,6943872.926,"seg2878(2750,2753)",
(176-135),390779.3888,6943965.13,"seg2879(2750,2751)",
(176-135),390801.6549,6943991.144,"seg2876(2748,2751)",
(176-135),390841.2234,6944035.481,"seg2877(2748,2749)",
(176-135),390875.7376,6944071.243,"seg2874(2749,2810)",
(176-135),390910.4129,6944105.566,"seg2875(2810,2811)",
(176-135),390958.9616,6944149.984,"seg2872(2808,2811)",
(176-135),391051.1866,6944232.017,"seg2873(2808,2809)",
(176-135),391068.1207,6944247.458,"seg2870(2806,2809)",
(176-135),391079.9702,6944257.645,"seg2871(2806,2807)",
(176-135),391098.2918,6944272.433,"seg2868(2804,2807)",
(176-135),391124.4179,6944291.778,"seg2869(2804,2805)",
(176-135),391144.3332,6944304.918,"seg2866(2802,2805)",
(176-135),391157.9749,6944313.349,"seg2867(2802,2803)",
(176-135),391186.0101,6944328.888,"seg2864(2800,2803)",
(176-135),391215.4862,6944343.332,"seg2865(2800,2801)",
(176-135),391246.2559,6944356.569,"seg2670(2798,2801)",
(176-135),391254.3216,6944359.522,"seg2671(2798,2799)",
(176-135),391286.7877,6944370.668,"seg2668(2796,2799)",
(176-135),391311.3933,6944377.978,"seg2669(2796,2797)",
(176-135),391336.4071,6944383.796,"seg2666(2794,2797)",
(176-135),391369.2097,6944390.403,"seg2667(2794,2795)",
(176-135),391400.9482,6944394.619,"seg2664(2792,2795)",
(176-135),391434.3795,6944397.133,"seg2665(2792,2793)",
(176-135),391450.3087,6944398.05,"seg2662(2790,2793)",
(176-135),391466.3909,6944398.415,"seg2663(2790,2791)",
(176-135),391490.4243,6944397.964,"seg2660(2788,2791)",
(176-135),391513.3299,6944396.728,"seg2661(2788,2789)",
(176-135),391535.1559,6944394.817,"seg2658(2786,2789)",
(176-135),391549.0849,6944393.168,"seg2659(2786,2787)",
(176-135),391569.641,6944389.806,"seg2656(2784,2787)",
(176-135),391834.864,6944338.428,"seg2657(2784,2785)",
(176-135),391854.9265,6944335.061,"seg2654(2782,2785)",
(176-135),391886.4299,6944332.405,"seg2655(2782,2783)",
(176-135),391911.697,6944331.909,"seg2652(2780,2783)",
(176-135),391932.8007,6944333.536,"seg2653(2780,2781)",
(176-135),391947.3899,6944335.327,"seg2650(2781,2842)",
(176-135),391962.1168,6944338.283,"seg2651(2842,2843)",
(176-135),391976.8871,6944341.903,"seg2648(2840,2843)",
(176-135),391991.4557,6944346.021,"seg2649(2840,2841)",
(176-135),392013.1468,6944353.747,"seg2646(2838,2841)",
(176-135),392027.2044,6944359.854,"seg2647(2838,2839)",
(176-135),392047.3445,6944370.003,"seg2644(2836,2839)",
(176-135),392072.8589,6944386.183,"seg2645(2836,2837)",
(176-135),392097.404,6944405.954,"seg2642(2834,2837)",
(176-135),392107.8795,6944415.409,"seg2643(2834,2835)",
(176-135),392122.9412,6944430.72,"seg2640(2832,2835)",
(176-135),392135.6373,6944445.734,"seg2641(2832,2833)",
(176-135),392139.7346,6944451.088,"seg2702(2830,2833)",
(176-135),392151.335,6944467.255,"seg2703(2830,2831)",
(176-135),392157.8542,6944477.727,"seg2700(2828,2831)",
(176-135),392164.5599,6944489.419,"seg2701(2828,2829)",
(176-135),392173.5214,6944508.277,"seg2698(2826,2829)",
(176-135),392179.1301,6944521.289,"seg2699(2826,2827)",
(176-135),392194.2491,6944563.633,"seg2696(2824,2827)",
(176-135),392226.284,6944657.201,"seg2697(2824,2825)",
(176-135),392232.5014,6944673.93,"seg2694(2822,2825)",
(176-135),392373.4462,6945085.149,"seg2695(2822,2823)",
(176-135),392404.4387,6945174.165,"seg2692(2820,2823)",
(176-135),392422.2345,6945226.504,"seg2693(2820,2821)",
(176-135),392433.2142,6945257.234,"seg2690(2818,2821)",
(176-135),392446.4816,6945297.124,"seg2691(2818,2819)",
(176-135),392473.5171,6945376.133,"seg2688(2816,2819)",
(176-135),392507.4492,6945473.317,"seg2689(2816,2817)",
(176-135),392512.0562,6945488.093,"seg2686(2814,2817)",
(176-135),392514.8546,6945495.319,"seg2687(2814,2815)",
(176-135),392536.3508,6945559.046,"seg2684(2812,2815)",
(176-135),392547.5054,6945586.786,"seg2685(2812,2813)",
(176-135),392550.637,6945595.399,"seg2682(2813,2874)",
(176-135),392561.7262,6945619.372,"seg2683(2874,2875)",
(176-135),392569.1053,6945633.175,"seg2680(2872,2875)",
(176-135),392577.4713,6945646.986,"seg2681(2872,2873)",
(176-135),392583.3153,6945655.79,"seg2678(2870,2873)",
(176-135),392595.3606,6945672.071,"seg2679(2870,2871)",
(176-135),392610.1501,6945690.537,"seg2676(2868,2871)",
(176-135),392628.382,6945710.363,"seg2677(2868,2869)",
(176-135),392639.1912,6945721.315,"seg2674(2866,2869)",
(176-135),392652.8986,6945733.789,"seg2675(2866,2867)",
(176-135),392674.942,6945752.263,"seg2672(2864,2867)",
(176-135),392702.8526,6945771.343,"seg2673(2864,2865)",
(176-135),392737.026,6945790.92,"seg2734(2862,2865)",
(176-135),392764.6313,6945805.455,"seg2735(2862,2863)",
(176-135),392780.1948,6945814.51,"seg2732(2860,2863)",
(176-135),392822.5805,6945837.373,"seg2733(2860,2861)",
(176-135),392832.2192,6945843.35,"seg2730(2858,2861)",
(176-135),392844.1241,6945850.618,"seg2731(2858,2859)",
(176-135),392855.5116,6945858.59,"seg2728(2856,2859)",
(176-135),392872.8785,6945872.028,"seg2729(2856,2857)",
(176-135),392890.249,6945886.437,"seg2726(2854,2857)",
(176-135),392917.9813,6945914.655,"seg2727(2854,2855)",
(176-135),392939.233,6945939.104,"seg2724(2852,2855)",
(176-135),392947.8208,6945950.203,"seg2725(2852,2853)",
(176-135),392965.108,6945976.556,"seg2722(2850,2853)",
(176-135),392978.7628,6946000.717,"seg2723(2850,2851)",
(176-135),392987.8249,6946019.631,"seg2720(2848,2851)",
(176-135),393028.1762,6946111.44,"seg2721(2848,2849)",
(176-135),393052.1637,6946167.267,"seg2718(2846,2849)",
(176-135),393069.3007,6946205.196,"seg2719(2846,2847)",
(176-135),393120.3377,6946322.303,"seg2716(2844,2847)",
(176-135),393146.1556,6946383.353,"seg2717(2844,2845)",
(176-135),393216.5352,6946540.402,"seg2714(2845,4551)",
(176-135),393228.4273,6946568.757,"seg2715(4551,4552)",
(176-135),393233.9287,6946582.986,"seg2712(4549,4552)",
(176-135),393243.1512,6946611.872,"seg2713(4549,4550)",
(176-135),393247.0213,6946626.419,"seg2710(4547,4550)",
(176-135),393252.8883,6946655.276,"seg2711(4547,4548)",
(176-135),393255.0352,6946669.364,"seg2708(4545,4548)",
(176-135),393256.6886,6946683.449,"seg2709(4545,4546)",
(176-135),393258.3817,6946704.292,"seg2706(4543,4546)",
(176-135),393258.6167,6946711.274,"seg2707(4543,4544)",
(176-135),393258.567,6946739.524,"seg2704(4541,4544)",
(176-135),393257.7492,6946754.031,"seg2705(4541,4542)",
(176-135),393256.4399,6946768.311,"seg2766(4539,4542)",
(176-135),393255.5854,6946775.726,"seg2767(4539,4540)",
(176-135),393253.0874,6946790.495,"seg2764(4537,4540)",
(176-135),393248.7484,6946812.614,"seg2765(4537,4538)",
(176-135),393242.9343,6946834.112,"seg2762(4535,4538)",
(176-135),393233.7021,6946862.725,"seg2763(4535,4536)",
(176-135),393195.4864,6946966.255,"seg2760(4533,4536)",
(176-135),393189.4294,6946981.657,"seg2761(4533,4534)",
(176-135),393186.944,6946989.335,"seg2758(4531,4534)",
(176-135),393166.6968,6947041.561,"seg2759(4531,4532)",
(176-135),393147.0202,6947096.229,"seg2756(4529,4532)",
(176-135),393141.7212,6947109.588,"seg2757(4529,4530)",
(176-135),393133.5085,6947134.444,"seg2754(4527,4530)",
(176-135),393128.8172,6947151.685,"seg2755(4527,4528)",
(176-135),393125.3257,6947167.165,"seg2752(4525,4528)",
(176-135),393122.9393,6947180.439,"seg2753(4525,4526)",
(176-135),393121.057,6947192.498,"seg2750(4523,4526)",
(176-135),393119.0826,6947209.432,"seg2751(4523,4524)",
(176-135),393117.8567,6947231.08,"seg2748(3334,4524)",
(177-137),393117.8567,6947231.08,,
(177-137),393115.9194,6947255.049,"seg3220(3332,3334)",
(177-137),393114.7992,6947264.622,"seg3221(3332,3333)",
(177-137),393113.3758,6947286.269,"seg3218(2877,3333)",
(177-135),393113.3758,6947286.269,,
(177-135),393114.7992,6947264.622,"seg3218(2877,3333)",
(177-135),393115.9194,6947255.049,"seg3221(3332,3333)",
(177-135),393117.8567,6947231.08,"seg3220(3332,3334)",
(178-138),393113.3758,6947286.269,,
(178-138),393113.2995,6947300.616,"seg3000(2877,2937)",
(178-138),393115.1256,6947317.527,"seg3001(2880,2937)",
(178-137),393115.1256,6947317.527,,
(178-137),393113.2995,6947300.616,"seg3001(2880,2937)",
(178-137),393113.3758,6947286.269,"seg3000(2877,2937)",
(179-139),393115.1256,6947317.527,,
(179-139),393116.588,6947325.239,"seg3004(2880,2881)",
(179-139),393118.863,6947341.601,"seg3005(2878,2881)",
(179-139),393150.9593,6947542.686,"seg3002(2878,2879)",
(179-139),393153.9829,6947558.112,"seg3003(2876,2879)",
(179-138),393153.9829,6947558.112,,
(179-138),393150.9593,6947542.686,"seg3003(2876,2879)",
(179-138),393118.863,6947341.601,"seg3002(2878,2879)",
(179-138),393116.588,6947325.239,"seg3005(2878,2881)",
(179-138),393115.1256,6947317.527,"seg3004(2880,2881)",
(180-140),393115.1256,6947317.527,,
(180-140),393115.8473,6947325.288,"seg3266(2880,3317)",
(180-140),393116.5334,6947342.743,"seg3267(3317,3318)",
(180-140),393117.4423,6947351.67,"seg3264(3152,3318)",
(180-140),393130.8285,6947429.284,"seg3265(3147,3152)",
(180-138),393130.8285,6947429.284,,
(180-138),393117.4423,6947351.67,"seg3265(3147,3152)",
(180-138),393116.5334,6947342.743,"seg3264(3152,3318)",
(180-138),393115.8473,6947325.288,"seg3267(3317,3318)",
(180-138),393115.1256,6947317.527,"seg3266(2880,3317)",
(181-141),393130.8285,6947429.284,,
(181-141),393132.9885,6947441.877,"seg3258(2886,3147)",
(181-141),393142.1727,6947503.39,"seg3011(2886,2889)",
(181-141),393146.6854,6947529.132,"seg3010(2888,2889)",
(181-141),393148.2216,6947579.166,"seg3013(2888,2891)",
(181-140),393148.2216,6947579.166,,
(181-140),393146.6854,6947529.132,"seg3013(2888,2891)",
(181-140),393142.1727,6947503.39,"seg3010(2888,2889)",
(181-140),393132.9885,6947441.877,"seg3011(2886,2889)",
(181-140),393130.8285,6947429.284,"seg3258(2886,3147)",
(182-142),393130.8285,6947429.284,,
(182-142),393121.9489,6947406.273,"seg3269(3147,3320)",
(182-142),393119.737,6947399.606,"seg3268(3319,3320)",
(182-142),393117.4966,6947390.557,"seg3271(3319,3322)",
(182-142),393108.4433,6947331.04,"seg3270(3321,3322)",
(182-142),393108.0834,6947327.048,"seg3273(3321,3324)",
(182-142),393108.0699,6947322.949,"seg3272(3323,3324)",
(182-142),393108.6739,6947315.975,"seg3275(3323,3326)",
(182-142),393110.5973,6947304.857,"seg3274(3325,3326)",
(182-140),393110.5973,6947304.857,,
(182-140),393108.6739,6947315.975,"seg3274(3325,3326)",
(182-140),393108.0699,6947322.949,"seg3275(3323,3326)",
(182-140),393108.0834,6947327.048,"seg3272(3323,3324)",
(182-140),393108.4433,6947331.04,"seg3273(3321,3324)",
(182-140),393117.4966,6947390.557,"seg3270(3321,3322)",
(182-140),393119.737,6947399.606,"seg3271(3319,3322)",
(182-140),393121.9489,6947406.273,"seg3268(3319,3320)",
(182-140),393130.8285,6947429.284,"seg3269(3147,3320)",
(183-143),393110.5973,6947304.857,,
(183-143),393107.6376,6947315.966,"seg3216(3325,3330)",
(183-143),393105.0634,6947328.13,"seg3217(3330,3331)",
(183-143),393104.2421,6947337.373,"seg3278(3328,3331)",
(183-143),393104.4226,6947356.209,"seg3279(3328,3329)",
(183-143),393112.6974,6947403.2,"seg3276(3327,3329)",
(183-143),393116.3923,6947426.498,"seg3277(2890,3327)",
(183-142),393116.3923,6947426.498,,
(183-142),393112.6974,6947403.2,"seg3277(2890,3327)",
(183-142),393104.4226,6947356.209,"seg3276(3327,3329)",
(183-142),393104.2421,6947337.373,"seg3279(3328,3329)",
(183-142),393105.0634,6947328.13,"seg3278(3328,3331)",
(183-142),393107.6376,6947315.966,"seg3217(3330,3331)",
(183-142),393110.5973,6947304.857,"seg3216(3325,3330)",
(184-144),393116.3923,6947426.498,,
(184-144),393126.5008,6947495.165,"seg3012(2890,2893)",
(184-144),393139.4101,6947553.996,"seg3015(2892,2893)",
(184-144),393145.651,6947579.643,"seg3014(2892,2895)",
(184-143),393145.651,6947579.643,,
(184-143),393139.4101,6947553.996,"seg3014(2892,2895)",
(184-143),393126.5008,6947495.165,"seg3015(2892,2893)",
(184-143),393116.3923,6947426.498,"seg3012(2890,2893)",
(185-145),393116.3923,6947426.498,,
(185-145),393112.3885,6947410.288,"seg3261(2890,3149)",
(185-145),393110.1297,6947403.344,"seg3260(3148,3149)",
(185-145),393104.7717,6947389.615,"seg3263(3148,3151)",
(185-145),393100.707,6947374.734,"seg3262(3150,3151)",
(185-143),393100.707,6947374.734,,
(185-143),393104.7717,6947389.615,"seg3262(3150,3151)",
(185-143),393110.1297,6947403.344,"seg3263(3148,3151)",
(185-143),393112.3885,6947410.288,"seg3260(3148,3149)",
(185-143),393116.3923,6947426.498,"seg3261(2890,3149)",
(186-137),393110.5973,6947304.857,,
(186-137),393113.3758,6947286.269,"seg3219(2877,3325)",
(186-142),393113.3758,6947286.269,,
(186-142),393110.5973,6947304.857,"seg3219(2877,3325)",
(187-146),396508.4393,6951278.32,,
(187-146),396514.1085,6951325.951,"seg4535(3066,4335)",
(187-130),396514.1085,6951325.951,,
(187-130),396508.4393,6951278.32,"seg4535(3066,4335)",
(188-147),396514.1085,6951325.951,,
(188-147),396522.7332,6951403.519,"seg4545(4333,4335)",
(188-147),396524.2788,6951413.393,"seg4542(4333,4334)",
(188-147),396533.5155,6951494.511,"seg4543(4331,4334)",
(188-147),396535.6811,6951518.626,"seg4540(4331,4332)",
(188-147),396535.4861,6951541.668,"seg4541(4332,4381)",
(188-147),396533.6027,6951560.042,"seg4538(4381,4382)",
(188-147),396529.4938,6951584.713,"seg4539(4379,4382)",
(188-147),396525.4143,6951605.894,"seg4536(4379,4380)",
(188-147),396505.6196,6951716.402,"seg4537(4378,4380)",
(188-147),396498.962,6951750.524,"seg4534(3861,4378)",
(188-146),396498.962,6951750.524,,
(188-146),396505.6196,6951716.402,"seg4534(3861,4378)",
(188-146),396525.4143,6951605.894,"seg4537(4378,4380)",
(188-146),396529.4938,6951584.713,"seg4536(4379,4380)",
(188-146),396533.6027,6951560.042,"seg4539(4379,4382)",
(188-146),396535.4861,6951541.668,"seg4538(4381,4382)",
(188-146),396535.6811,6951518.626,"seg4541(4332,4381)",
(188-146),396533.5155,6951494.511,"seg4540(4331,4332)",
(188-146),396524.2788,6951413.393,"seg4543(4331,4334)",
(188-146),396522.7332,6951403.519,"seg4542(4333,4334)",
(188-146),396514.1085,6951325.951,"seg4545(4333,4335)",
(189-25),396498.962,6951750.524,,
(189-25),396496.337,6951763.186,"seg3983(3860,3861)",
(189-25),396495.3385,6951770.324,"seg4044(3133,3860)",
(189-147),396495.3385,6951770.324,,
(189-147),396496.337,6951763.186,"seg4044(3133,3860)",
(189-147),396498.962,6951750.524,"seg3983(3860,3861)",
(190-125),396498.962,6951750.524,,
(190-125),396504.8895,6951697.673,"seg4517(3146,3861)",
(190-147),396504.8895,6951697.673,,
(190-147),396498.962,6951750.524,"seg4517(3146,3861)",
(191-148),396514.1085,6951325.951,,
(191-148),396518.6136,6951353.631,"seg4643(4335,4614)",
(191-148),396524.5868,6951377.002,"seg4640(4614,4615)",
(191-148),396527.9283,6951402.179,"seg4641(4443,4615)",
(191-148),396532.3639,6951449.744,"seg4638(4443,4444)",
(191-148),396536.3978,6951486.448,"seg4639(4441,4444)",
(191-148),396539.2719,6951508.519,"seg4636(4441,4442)",
(191-148),396539.888,6951517.387,"seg4637(4439,4442)",
(191-148),396546.4143,6951574.608,"seg4634(4439,4440)",
(191-148),396548.1029,6951596.78,"seg4635(4437,4440)",
(191-148),396548.2428,6951609.411,"seg4632(4437,4438)",
(191-148),396548.0265,6951623.313,"seg4633(4435,4438)",
(191-148),396545.0934,6951649.046,"seg4630(4435,4436)",
(191-148),396532.7089,6951718.182,"seg4631(4433,4436)",
(191-148),396528.8442,6951737.316,"seg4628(4433,4434)",
(191-148),396526.5491,6951745.993,"seg4629(4431,4434)",
(191-148),396519.7764,6951764.548,"seg4626(4431,4432)",
(191-148),396512.8712,6951787.09,"seg4627(4429,4432)",
(191-148),396510.2152,6951803.409,"seg4624(4429,4430)",
(191-148),396510.5171,6951826.067,"seg4625(4427,4430)",
(191-148),396512.0652,6951835.663,"seg4622(4427,4428)",
(191-148),396513.9338,6951842.382,"seg4623(4425,4428)",
(191-148),396519.0829,6951858.157,"seg4684(4425,4426)",
(191-148),396523.4002,6951867.222,"seg4685(4423,4426)",
(191-148),396527.5835,6951874.625,"seg4682(4423,4424)",
(191-148),396536.706,6951887.609,"seg4683(4421,4424)",
(191-148),396543.0614,6951895.03,"seg4680(4421,4422)",
(191-148),396556.32,6951909.323,"seg4681(4419,4422)",
(191-146),396556.32,6951909.323,,
(191-146),396543.0614,6951895.03,"seg4681(4419,4422)",
(191-146),396536.706,6951887.609,"seg4680(4421,4422)",
(191-146),396527.5835,6951874.625,"seg4683(4421,4424)",
(191-146),396523.4002,6951867.222,"seg4682(4423,4424)",
(191-146),396519.0829,6951858.157,"seg4685(4423,4426)",
(191-146),396513.9338,6951842.382,"seg4684(4425,4426)",
(191-146),396512.0652,6951835.663,"seg4623(4425,4428)",
(191-146),396510.5171,6951826.067,"seg4622(4427,4428)",
(191-146),396510.2152,6951803.409,"seg4625(4427,4430)",
(191-146),396512.8712,6951787.09,"seg4624(4429,4430)",
(191-146),396519.7764,6951764.548,"seg4627(4429,4432)",
(191-146),396526.5491,6951745.993,"seg4626(4431,4432)",
(191-146),396528.8442,6951737.316,"seg4629(4431,4434)",
(191-146),396532.7089,6951718.182,"seg4628(4433,4434)",
(191-146),396545.0934,6951649.046,"seg4631(4433,4436)",
(191-146),396548.0265,6951623.313,"seg4630(4435,4436)",
(191-146),396548.2428,6951609.411,"seg4633(4435,4438)",
(191-146),396548.1029,6951596.78,"seg4632(4437,4438)",
(191-146),396546.4143,6951574.608,"seg4635(4437,4440)",
(191-146),396539.888,6951517.387,"seg4634(4439,4440)",
(191-146),396539.2719,6951508.519,"seg4637(4439,4442)",
(191-146),396536.3978,6951486.448,"seg4636(4441,4442)",
(191-146),396532.3639,6951449.744,"seg4639(4441,4444)",
(191-146),396527.9283,6951402.179,"seg4638(4443,4444)",
(191-146),396524.5868,6951377.002,"seg4641(4443,4615)",
(191-146),396518.6136,6951353.631,"seg4640(4614,4615)",
(191-146),396514.1085,6951325.951,"seg4643(4335,4614)",
(192-149),396556.32,6951909.323,,
(192-149),396546.7001,6951896.778,"seg4433(4419,4476)",
(192-149),396541.9714,6951889.648,"seg4432(4475,4476)",
(192-149),396537.2056,6951881.077,"seg4435(4475,4478)",
(192-149),396533.5235,6951872.792,"seg4434(4477,4478)",
(192-149),396529.7731,6951860.906,"seg4437(4477,4480)",
(192-149),396528.1668,6951852.362,"seg4436(4479,4480)",
(192-149),396526.9469,6951839.002,"seg4439(4479,4482)",
(192-148),396526.9469,6951839.002,,
(192-148),396528.1668,6951852.362,"seg4439(4479,4482)",
(192-148),396529.7731,6951860.906,"seg4436(4479,4480)",
(192-148),396533.5235,6951872.792,"seg4437(4477,4480)",
(192-148),396537.2056,6951881.077,"seg4434(4477,4478)",
(192-148),396541.9714,6951889.648,"seg4435(4475,4478)",
(192-148),396546.7001,6951896.778,"seg4432(4475,4476)",
(192-148),396556.32,6951909.323,"seg4433(4419,4476)",
(193-150),396526.9469,6951839.002,,
(193-150),396525.1177,6951810.127,"seg4443(4482,4485)",
(193-150),396525.2092,6951805.142,"seg4440(4483,4485)",
(193-150),396526.2199,6951796.564,"seg4441(4483,4484)",
(193-150),396528.1835,6951786.223,"seg4438(4481,4484)",
(193-149),396528.1835,6951786.223,,
(193-149),396526.2199,6951796.564,"seg4438(4481,4484)",
(193-149),396525.2092,6951805.142,"seg4441(4483,4484)",
(193-149),396525.1177,6951810.127,"seg4440(4483,4485)",
(193-149),396526.9469,6951839.002,"seg4443(4482,4485)",
(194-151),396528.1835,6951786.223,,
(194-151),396532.1306,6951774.845,"seg4445(4481,4486)",
(194-151),396537.5273,6951761.375,"seg4442(4454,4486)",
(194-150),396537.5273,6951761.375,,
(194-150),396532.1306,6951774.845,"seg4442(4454,4486)",
(194-150),396528.1835,6951786.223,"seg4445(4481,4486)",
(195-152),396537.5273,6951761.375,,
(195-152),396553.2723,6951721.015,"seg4453(4420,4454)",
(195-151),396553.2723,6951721.015,,
(195-151),396537.5273,6951761.375,"seg4453(4420,4454)",
(196-153),396553.2723,6951721.015,,
(196-153),396556.0229,6951711.012,"seg4662(4420,4461)",
(196-153),396560.345,6951690.332,"seg4663(4459,4461)",
(196-153),396562.0847,6951677.274,"seg4660(4459,4460)",
(196-153),396563.0295,6951653.13,"seg4661(4457,4460)",
(196-153),396562.8039,6951638.948,"seg4658(4457,4458)",
(196-153),396562.1716,6951626.147,"seg4659(4456,4458)",
(196-153),396560.6089,6951612.451,"seg4656(4451,4456)",
(196-152),396560.6089,6951612.451,,
(196-152),396562.1716,6951626.147,"seg4656(4451,4456)",
(196-152),396562.8039,6951638.948,"seg4659(4456,4458)",
(196-152),396563.0295,6951653.13,"seg4658(4457,4458)",
(196-152),396562.0847,6951677.274,"seg4661(4457,4460)",
(196-152),396560.345,6951690.332,"seg4660(4459,4460)",
(196-152),396556.0229,6951711.012,"seg4663(4459,4461)",
(196-152),396553.2723,6951721.015,"seg4662(4420,4461)",
(197-151),396560.6089,6951612.451,,
(197-151),396560.2615,6951630.174,"seg4461(4450,4451)",
(197-151),396559.3576,6951637.811,"seg4460(4450,4453)",
(197-151),396554.4735,6951666.574,"seg4655(4452,4453)",
(197-151),396541.8478,6951735.044,"seg4654(4452,4455)",
(197-151),396537.5273,6951761.375,"seg4657(4454,4455)",
(197-153),396537.5273,6951761.375,,
(197-153),396541.8478,6951735.044,"seg4657(4454,4455)",
(197-153),396554.4735,6951666.574,"seg4654(4452,4455)",
(197-153),396559.3576,6951637.811,"seg4655(4452,4453)",
(197-153),396560.2615,6951630.174,"seg4460(4450,4453)",
(197-153),396560.6089,6951612.451,"seg4461(4450,4451)",
(198-154),396560.6089,6951612.451,,
(198-154),396551.4147,6951532.109,"seg4602(4451,4638)",
(198-154),396544.5891,6951481.089,"seg4603(4638,4639)",
(198-154),396535.3468,6951383.131,"seg4600(4636,4639)",
(198-154),396530.3826,6951351.348,"seg4601(4636,4637)",
(198-154),396521.8032,6951280.095,"seg4598(4635,4637)",
(198-153),396521.8032,6951280.095,,
(198-153),396530.3826,6951351.348,"seg4598(4635,4637)",
(198-153),396535.3468,6951383.131,"seg4601(4636,4637)",
(198-153),396544.5891,6951481.089,"seg4600(4636,4639)",
(198-153),396551.4147,6951532.109,"seg4603(4638,4639)",
(198-153),396560.6089,6951612.451,"seg4602(4451,4638)",
(199-155),396553.2723,6951721.015,,
(199-155),396564.2531,6951695.24,"seg4678(4417,4420)",
(199-155),396566.9078,6951684.904,"seg4679(4417,4418)",
(199-155),396568.5052,6951676.996,"seg4676(4415,4418)",
(199-155),396569.4584,6951669.36,"seg4677(4415,4416)",
(199-155),396569.6284,6951660.941,"seg4674(4413,4416)",
(199-155),396569.0178,6951651.408,"seg4675(4413,4414)",
(199-155),396562.802,6951592.473,"seg4672(4414,4471)",
(199-155),396542.4591,6951417.756,"seg4673(4471,4472)",
(199-152),396542.4591,6951417.756,,
(199-152),396562.802,6951592.473,"seg4673(4471,4472)",
(199-152),396569.0178,6951651.408,"seg4672(4414,4471)",
(199-152),396569.6284,6951660.941,"seg4675(4413,4414)",
(199-152),396569.4584,6951669.36,"seg4674(4413,4416)",
(199-152),396568.5052,6951676.996,"seg4677(4415,4416)",
(199-152),396566.9078,6951684.904,"seg4676(4415,4418)",
(199-152),396564.2531,6951695.24,"seg4679(4417,4418)",
(199-152),396553.2723,6951721.015,"seg4678(4417,4420)",
(200-156),396528.1835,6951786.223,,
(200-156),396530.3764,6951772.116,"seg4599(4481,4633)",
(200-156),396550.3845,6951665.542,"seg4596(4633,4634)",
(200-156),396553.1453,6951648.504,"seg4597(4631,4634)",
(200-156),396554.9363,6951623.537,"seg4594(4631,4632)",
(200-156),396554.9118,6951603.097,"seg4595(4629,4632)",
(200-156),396554.0325,6951584.477,"seg4592(4629,4630)",
(200-156),396552.1049,6951567.234,"seg4593(4627,4630)",
(200-156),396547.9906,6951534.184,"seg4590(4627,4628)",
(200-156),396544.5308,6951517.149,"seg4591(4625,4628)",
(200-156),396539.8909,6951482.046,"seg4652(4625,4626)",
(200-156),396530.698,6951384.088,"seg4653(4623,4626)",
(200-156),396525.7339,6951352.306,"seg4650(4623,4624)",
(200-156),396517.1544,6951281.053,"seg4651(4622,4624)",
(200-150),396517.1544,6951281.053,,
(200-150),396525.7339,6951352.306,"seg4651(4622,4624)",
(200-150),396530.698,6951384.088,"seg4650(4623,4624)",
(200-150),396539.8909,6951482.046,"seg4653(4623,4626)",
(200-150),396544.5308,6951517.149,"seg4652(4625,4626)",
(200-150),396547.9906,6951534.184,"seg4591(4625,4628)",
(200-150),396552.1049,6951567.234,"seg4590(4627,4628)",
(200-150),396554.0325,6951584.477,"seg4593(4627,4630)",
(200-150),396554.9118,6951603.097,"seg4592(4629,4630)",
(200-150),396554.9363,6951623.537,"seg4595(4629,4632)",
(200-150),396553.1453,6951648.504,"seg4594(4631,4632)",
(200-150),396550.3845,6951665.542,"seg4597(4631,4634)",
(200-150),396530.3764,6951772.116,"seg4596(4633,4634)",
(200-150),396528.1835,6951786.223,"seg4599(4481,4633)",
(201-157),396526.9469,6951839.002,,
(201-157),396526.9069,6951820.389,"seg4450(4482,4491)",
(201-157),396527.5479,6951808.818,"seg4451(4491,4492)",
(201-157),396529.834,6951795.376,"seg4448(4489,4492)",
(201-157),396532.9377,6951784.49,"seg4449(4489,4490)",
(201-157),396537.1942,6951771.564,"seg4446(4487,4490)",
(201-157),396541.1795,6951761.516,"seg4447(4487,4488)",
(201-157),396546.7637,6951749.211,"seg4444(4446,4488)",
(201-149),396546.7637,6951749.211,,
(201-149),396541.1795,6951761.516,"seg4444(4446,4488)",
(201-149),396537.1942,6951771.564,"seg4447(4487,4488)",
(201-149),396532.9377,6951784.49,"seg4446(4487,4490)",
(201-149),396529.834,6951795.376,"seg4449(4489,4490)",
(201-149),396527.5479,6951808.818,"seg4448(4489,4492)",
(201-149),396526.9069,6951820.389,"seg4451(4491,4492)",
(201-149),396526.9469,6951839.002,"seg4450(4482,4491)",
(202-158),396546.7637,6951749.211,,
(202-158),396555.9547,6951724.916,"seg4454(4446,4493)",
(202-158),396570.5728,6951689.366,"seg4455(4493,4494)",
(202-158),396573.2647,6951680.47,"seg4452(4464,4494)",
(202-157),396573.2647,6951680.47,,
(202-157),396570.5728,6951689.366,"seg4452(4464,4494)",
(202-157),396555.9547,6951724.916,"seg4455(4493,4494)",
(202-157),396546.7637,6951749.211,"seg4454(4446,4493)",
(203-159),396573.2647,6951680.47,,
(203-159),396575.8178,6951670.466,"seg4667(4464,4465)",
(203-159),396577.0832,6951660.949,"seg4664(4462,4465)",
(203-159),396591.5413,6951486.693,"seg4665(4462,4463)",
(203-158),396591.5413,6951486.693,,
(203-158),396577.0832,6951660.949,"seg4665(4462,4463)",
(203-158),396575.8178,6951670.466,"seg4664(4462,4465)",
(203-158),396573.2647,6951680.47,"seg4667(4464,4465)",
(204-160),396573.2647,6951680.47,,
(204-160),396578.1732,6951666.331,"seg4670(4464,4470)",
(204-160),396580.8253,6951650.456,"seg4671(4468,4470)",
(204-160),396583.0543,6951632.084,"seg4668(4468,4469)",
(204-160),396592.96,6951511.577,"seg4669(4466,4469)",
(204-160),396595.4976,6951485.896,"seg4666(4466,4467)",
(204-158),396595.4976,6951485.896,,
(204-158),396592.96,6951511.577,"seg4666(4466,4467)",
(204-158),396583.0543,6951632.084,"seg4669(4466,4469)",
(204-158),396580.8253,6951650.456,"seg4668(4468,4469)",
(204-158),396578.1732,6951666.331,"seg4671(4468,4470)",
(204-158),396573.2647,6951680.47,"seg4670(4464,4470)",
(205-161),396546.7637,6951749.211,,
(205-161),396562.627,6951718.214,"seg4458(4446,4449)",
(205-161),396568.3677,6951704.913,"seg4459(4447,4449)",
(205-161),396575.0017,6951691.065,"seg4456(4447,4448)",
(205-161),396585.982,6951665.345,"seg4457(4445,4448)",
(205-157),396585.982,6951665.345,,
(205-157),396575.0017,6951691.065,"seg4457(4445,4448)",
(205-157),396568.3677,6951704.913,"seg4456(4447,4448)",
(205-157),396562.627,6951718.214,"seg4459(4447,4449)",
(205-157),396546.7637,6951749.211,"seg4458(4446,4449)",
(206-24),396556.32,6951909.323,,
(206-24),396560.8267,6951913.516,"seg4493(4419,4522)",
(206-24),396568.3562,6951922.221,"seg4492(4474,4522)",
(206-24),396582.3489,6951937.295,"seg4431(4473,4474)",
(206-24),396644.2958,6952003.183,"seg4430(4328,4473)",
(206-148),396644.2958,6952003.183,,
(206-148),396582.3489,6951937.295,"seg4430(4328,4473)",
(206-148),396568.3562,6951922.221,"seg4431(4473,4474)",
(206-148),396560.8267,6951913.516,"seg4492(4474,4522)",
(206-148),396556.32,6951909.323,"seg4493(4419,4522)",
(207-162),396473.2194,6951927.896,,
(207-162),396473.0295,6951909.504,"seg4507(3140,4312)",
(207-162),396470.5893,6951865.335,"seg4504(4312,4313)",
(207-162),396470.6249,6951855.309,"seg4505(4313,4357)",
(207-162),396471.234,6951847.504,"seg4502(4357,4358)",
(207-162),396474.0485,6951829.968,"seg4503(4355,4358)",
(207-162),396511.3069,6951627.766,"seg4500(4355,4356)",
(207-162),396517.296,6951596.796,"seg4501(4353,4356)",
(207-162),396518.8453,6951582.906,"seg4498(4353,4354)",
(207-162),396502.1022,6951443.727,"seg4499(4352,4354)",
(207-124),396502.1022,6951443.727,,
(207-124),396518.8453,6951582.906,"seg4499(4352,4354)",
(207-124),396517.296,6951596.796,"seg4498(4353,4354)",
(207-124),396511.3069,6951627.766,"seg4501(4353,4356)",
(207-124),396474.0485,6951829.968,"seg4500(4355,4356)",
(207-124),396471.234,6951847.504,"seg4503(4355,4358)",
(207-124),396470.6249,6951855.309,"seg4502(4357,4358)",
(207-124),396470.5893,6951865.335,"seg4505(4313,4357)",
(207-124),396473.0295,6951909.504,"seg4504(4312,4313)",
(207-124),396473.2194,6951927.896,"seg4507(3140,4312)",
(208-163),396470.0446,6951958.834,,
(208-163),396470.2976,6951940.612,"seg4508(4314,4315)",
(208-163),396464.6955,6951896.693,"seg4509(2896,4315)",
(208-123),396464.6955,6951896.693,,
(208-123),396470.2976,6951940.612,"seg4509(2896,4315)",
(208-123),396470.0446,6951958.834,"seg4508(4314,4315)",
(209-164),396464.6955,6951896.693,,
(209-164),396459.6277,6951853.831,"seg3016(2896,2897)",
(209-164),396446.8542,6951753.129,"seg3017(2894,2897)",
(209-163),396446.8542,6951753.129,,
(209-163),396459.6277,6951853.831,"seg3017(2894,2897)",
(209-163),396464.6955,6951896.693,"seg3016(2896,2897)",
(210-165),396464.6955,6951896.693,,
(210-165),396463.8232,6951865.61,"seg3020(2896,2900)",
(210-165),396464.4816,6951851.989,"seg3021(2900,2901)",
(210-165),396464.2745,6951841.463,"seg3018(2898,2901)",
(210-165),396453.0857,6951751.852,"seg3019(2898,2899)",
(210-163),396453.0857,6951751.852,,
(210-163),396464.2745,6951841.463,"seg3019(2898,2899)",
(210-163),396464.4816,6951851.989,"seg3018(2898,2901)",
(210-163),396463.8232,6951865.61,"seg3021(2900,2901)",
(210-163),396464.6955,6951896.693,"seg3020(2896,2900)",
(211-166),396468.2787,6951986.627,,
(211-166),396467.8322,6951992.716,"seg4514(4316,4318)",
(211-166),396467.3315,6952016.864,"seg4515(4318,4319)",
(211-166),396466.1804,6952030.37,"seg4512(2902,4319)",
(211-122),396466.1804,6952030.37,,
(211-122),396467.3315,6952016.864,"seg4512(2902,4319)",
(211-122),396467.8322,6951992.716,"seg4515(4318,4319)",
(211-122),396468.2787,6951986.627,"seg4514(4316,4318)",
(212-167),396466.1804,6952030.37,,
(212-167),396466.3523,6952040.67,"seg2975(2902,3107)",
(212-167),396465.3274,6952056.027,"seg2972(3105,3107)",
(212-167),396463.393,6952073.515,"seg2973(3105,3106)",
(212-167),396460.3329,6952092.486,"seg2970(3103,3106)",
(212-167),396456.8445,6952112.571,"seg2971(3103,3104)",
(212-167),396453.6458,6952130.157,"seg2968(3101,3104)",
(212-167),396449.7577,6952146.689,"seg2969(3101,3102)",
(212-167),396445.7199,6952162.174,"seg2966(3099,3102)",
(212-167),396442.3742,6952172.659,"seg2967(3099,3100)",
(212-167),396436.1671,6952188.335,"seg2964(3097,3100)",
(212-167),396429.9521,6952202.736,"seg2965(3097,3098)",
(212-166),396429.9521,6952202.736,,
(212-166),396436.1671,6952188.335,"seg2965(3097,3098)",
(212-166),396442.3742,6952172.659,"seg2964(3097,3100)",
(212-166),396445.7199,6952162.174,"seg2967(3099,3100)",
(212-166),396449.7577,6952146.689,"seg2966(3099,3102)",
(212-166),396453.6458,6952130.157,"seg2969(3101,3102)",
(212-166),396456.8445,6952112.571,"seg2968(3101,3104)",
(212-166),396460.3329,6952092.486,"seg2971(3103,3104)",
(212-166),396463.393,6952073.515,"seg2970(3103,3106)",
(212-166),396465.3274,6952056.027,"seg2973(3105,3106)",
(212-166),396466.3523,6952040.67,"seg2972(3105,3107)",
(212-166),396466.1804,6952030.37,"seg2975(2902,3107)",
(213-168),396466.1804,6952030.37,,
(213-168),396465.1116,6952004.991,"seg3023(2902,2904)",
(213-168),396463.2715,6951989.077,"seg3022(2903,2904)",
(213-168),396463.2295,6951982.374,"seg2961(2903,2906)",
(213-168),396466.4034,6951951.547,"seg2960(2905,2906)",
(213-168),396465.6945,6951936.142,"seg2963(2905,3096)",
(213-168),396443.6402,6951753.711,"seg2962(3095,3096)",
(213-166),396443.6402,6951753.711,,
(213-166),396465.6945,6951936.142,"seg2962(3095,3096)",
(213-166),396466.4034,6951951.547,"seg2963(2905,3096)",
(213-166),396463.2295,6951982.374,"seg2960(2905,2906)",
(213-166),396463.2715,6951989.077,"seg2961(2903,2906)",
(213-166),396465.1116,6952004.991,"seg3022(2903,2904)",
(213-166),396466.1804,6952030.37,"seg3023(2902,2904)",
(214-169),397372.0777,6954799.404,,
(214-169),397373.7589,6954763.8,"seg1473(1010,1311)",
(214-169),397375.3056,6954750.131,"seg1470(1311,1312)",
(214-169),397377.2962,6954718.851,"seg1471(1309,1312)",
(214-169),397377.727,6954714.589,"seg1468(1309,1310)",
(214-169),397379.8826,6954704.858,"seg1469(1307,1310)",
(214-169),397381.5571,6954699.499,"seg1466(1307,1308)",
(214-169),397425.3273,6954597.223,"seg1467(1306,1308)",
(214-22),397425.3273,6954597.223,,
(214-22),397381.5571,6954699.499,"seg1467(1306,1308)",
(214-22),397379.8826,6954704.858,"seg1466(1307,1308)",
(214-22),397377.727,6954714.589,"seg1469(1307,1310)",
(214-22),397377.2962,6954718.851,"seg1468(1309,1310)",
(214-22),397375.3056,6954750.131,"seg1471(1309,1312)",
(214-22),397373.7589,6954763.8,"seg1470(1311,1312)",
(214-22),397372.0777,6954799.404,"seg1473(1010,1311)",
(215-170),398797.0568,6961433.93,,
(215-170),398795.5737,6961463.996,"seg2315(17,2156)",
(215-170),398794.6621,6961472.685,"seg2312(2156,2157)",
(215-170),398793.7465,6961493.837,"seg2313(2154,2157)",
(215-170),398794.4078,6961515.501,"seg2310(2154,2155)",
(215-18),398794.4078,6961515.501,,
(215-18),398793.7465,6961493.837,"seg2310(2154,2155)",
(215-18),398794.6621,6961472.685,"seg2313(2154,2157)",
(215-18),398795.5737,6961463.996,"seg2312(2156,2157)",
(215-18),398797.0568,6961433.93,"seg2315(17,2156)",
(216-171),406625.882,6962208.815,,
(216-171),406632.7429,6962203.273,"seg1841(16,815)",
(216-171),406651.8191,6962189.792,"seg1646(815,816)",
(216-171),406710.7467,6962146.814,"seg1647(813,816)",
(216-171),406723.3635,6962138.047,"seg1644(813,814)",
(216-171),406765.8962,6962106.797,"seg1645(811,814)",
(216-171),406784.1774,6962093.864,"seg1642(811,812)",
(216-171),406790.6323,6962089.703,"seg1643(809,812)",
(216-171),406795.7046,6962085.421,"seg1640(809,810)",
(216-171),406819.0581,6962068.206,"seg1641(807,810)",
(216-171),406842.1074,6962051.985,"seg1638(807,808)",
(216-171),406978.6384,6961952.708,"seg1639(598,808)",
(216-14),406978.6384,6961952.708,,
(216-14),406842.1074,6962051.985,"seg1639(598,808)",
(216-14),406819.0581,6962068.206,"seg1638(807,808)",
(216-14),406795.7046,6962085.421,"seg1641(807,810)",
(216-14),406790.6323,6962089.703,"seg1640(809,810)",
(216-14),406784.1774,6962093.864,"seg1643(809,812)",
(216-14),406765.8962,6962106.797,"seg1642(811,812)",
(216-14),406723.3635,6962138.047,"seg1645(811,814)",
(216-14),406710.7467,6962146.814,"seg1644(813,814)",
(216-14),406651.8191,6962189.792,"seg1647(813,816)",
(216-14),406632.7429,6962203.273,"seg1646(815,816)",
(216-14),406625.882,6962208.815,"seg1841(16,815)",
(217-172),406978.6384,6961952.708,,
(217-172),406965.6317,6961960.807,"seg1620(598,791)",
(217-172),406946.1824,6961971.461,"seg1623(790,791)",
(217-172),406937.0642,6961974.992,"seg1622(790,793)",
(217-172),406923.901,6961977.662,"seg1625(792,793)",
(217-172),406915.7907,6961978.597,"seg1624(792,795)",
(217-172),406906.8485,6961978.474,"seg1627(794,795)",
(217-172),406896.4848,6961976.845,"seg1626(794,797)",
(217-172),406881.7378,6961973.354,"seg1629(796,797)",
(217-172),406866.9376,6961970.361,"seg1628(796,799)",
(217-172),406846.1989,6961968.598,"seg1631(798,799)",
(217-172),406831.4677,6961969.538,"seg1630(798,801)",
(217-172),406824.5892,6961970.926,"seg1633(800,801)",
(217-172),406818.2491,6961972.983,"seg1632(800,803)",
(217-172),406810.367,6961976.413,"seg1635(802,803)",
(217-172),406796.8526,6961986.28,"seg1634(802,805)",
(217-172),406789.4941,6961992.318,"seg1637(804,805)",
(217-172),406759.9374,6962019.622,"seg1636(804,806)",
(217-171),406759.9374,6962019.622,,
(217-171),406789.4941,6961992.318,"seg1636(804,806)",
(217-171),406796.8526,6961986.28,"seg1637(804,805)",
(217-171),406810.367,6961976.413,"seg1634(802,805)",
(217-171),406818.2491,6961972.983,"seg1635(802,803)",
(217-171),406824.5892,6961970.926,"seg1632(800,803)",
(217-171),406831.4677,6961969.538,"seg1633(800,801)",
(217-171),406846.1989,6961968.598,"seg1630(798,801)",
(217-171),406866.9376,6961970.361,"seg1631(798,799)",
(217-171),406881.7378,6961973.354,"seg1628(796,799)",
(217-171),406896.4848,6961976.845,"seg1629(796,797)",
(217-171),406906.8485,6961978.474,"seg1626(794,797)",
(217-171),406915.7907,6961978.597,"seg1627(794,795)",
(217-171),406923.901,6961977.662,"seg1624(792,795)",
(217-171),406937.0642,6961974.992,"seg1625(792,793)",
(217-171),406946.1824,6961971.461,"seg1622(790,793)",
(217-171),406965.6317,6961960.807,"seg1623(790,791)",
(217-171),406978.6384,6961952.708,"seg1620(598,791)",
(218-13),406978.6384,6961952.708,,
(218-13),407296.2072,6961721.971,"seg1621(434,598)",
(218-171),407296.2072,6961721.971,,
(218-171),406978.6384,6961952.708,"seg1621(434,598)",
(219-136),387345.6128,6940205.802,,
(219-136),387345.6128,6940206.802,Wyreema lead-in (dummy),
(220-173),387345.6128,6940206.802,,
(220-173),387345.6128,6940205.802,Wyreema exit (dummy),
(221-121),383480.7569,6959708.017,,
(221-121),383481.7569,6959708.017,Gowrie lead-in (dummy),
(222-174),383481.7569,6959708.017,,
(222-174),383480.7569,6959708.017,Gowrie exit (dummy),
(223-173),387345.6128,6940205.802,,
(223-173),387345.6128,6940206.802,Wyreema spawn (dummy),
(224-174),383480.7569,6959708.017,,
(224-174),383481.7569,6959708.017,Gowrie spawn (dummy),
