constraint_id,segment_id/occupancy_limit,terminal,front_signal_segment_id,front_signal_head_node_id,min_length,max_length
dl_0,1,,,,,
dl_0,28,Gowrie_exit,28,23,0.44,0
dl_0,35,exit_to_Brisbane,35,28,0.44,0
dl_1,2,,,,,
dl_1,24,Wyreema_exit,24,20,0.44,0
dl_1,26,exit_to_Brisbane,26,20,0.44,0
dl_1,25,exit_to_Brisbane,25,20,0.44,0
dl_2,3,,,,,
dl_2,157,Gowrie_exit,157,119,0.44,0
dl_2,159,exit_to_Brisbane,159,119,0.44,0
dl_2,158,Gowrie_exit,158,120,0.44,0
dl_2,160,exit_to_Brisbane,160,120,0.44,0
dl_3,3,,,,,
dl_3,35,Gowrie_exit,35,29,0.44,0
dl_3,159,exit_to_Brisbane,159,119,0.44,0
dl_3,158,Gowrie_exit,158,120,0.44,0
dl_3,160,exit_to_Brisbane,160,120,0.44,0
dl_4,2,,,,,
dl_4,157,Gowrie_exit,157,119,0.44,0
dl_4,159,exit_to_Brisbane,159,119,0.44,0
dl_4,158,exit_to_Brisbane,158,119,0.44,0
dl_5,3,,,,,
dl_5,157,Gowrie_exit,157,119,0.44,0
dl_5,159,exit_to_Brisbane,159,119,0.44,0
dl_5,35,Gowrie_exit,35,29,0.44,0
dl_5,160,exit_to_Brisbane,160,120,0.44,0
dl_6,1,,,,,
dl_6,31,Gowrie_exit,31,26,0.44,0
dl_6,35,Wyreema_exit,35,28,0.44,0
dl_7,1,,,,,
dl_7,188,Gowrie_exit,188,147,0.44,0
dl_7,35,Wyreema_exit,35,28,0.44,0
dl_8,2,,,,,
dl_8,157,Gowrie_exit,157,119,0.44,0
dl_8,159,exit_to_Brisbane,159,119,0.44,0
dl_8,158,Wyreema_exit,158,119,0.44,0
dl_9,2,,,,,
dl_9,170,Wyreema_exit,170,131,0.44,0
dl_9,171,exit_to_Brisbane,171,131,0.44,0
dl_9,172,Gowrie_exit,172,131,0.44,0
dl_10,3,,,,,
dl_10,157,Gowrie_exit,157,119,0.44,0
dl_10,159,Gowrie_exit,159,120,0.44,0
dl_10,158,Wyreema_exit,158,119,0.44,0
dl_10,160,exit_to_Brisbane,160,120,0.44,0
dl_11,3,,,,,
dl_11,35,Gowrie_exit,35,29,0.44,0
dl_11,159,Gowrie_exit,159,120,0.44,0
dl_11,158,Wyreema_exit,158,119,0.44,0
dl_11,160,exit_to_Brisbane,160,120,0.44,0
dl_12,3,,,,,
dl_12,31,Gowrie_exit,31,26,0.44,0
dl_12,159,Gowrie_exit,159,120,0.44,0
dl_12,158,Wyreema_exit,158,119,0.44,0
dl_12,160,exit_to_Brisbane,160,120,0.44,0
dl_13,3,,,,,
dl_13,188,Gowrie_exit,188,147,0.44,0
dl_13,159,Gowrie_exit,159,120,0.44,0
dl_13,158,Wyreema_exit,158,119,0.44,0
dl_13,160,exit_to_Brisbane,160,120,0.44,0
dl_14,3,,,,,
dl_14,170,Wyreema_exit,170,131,0.44,0
dl_14,171,Wyreema_exit,171,132,0.44,0
dl_14,172,Gowrie_exit,172,131,0.44,0
dl_14,173,exit_to_Brisbane,173,132,0.44,0
dl_15,2,,,,,
dl_15,157,Gowrie_exit,157,119,0.44,0
dl_15,159,Wyreema_exit,159,119,0.44,0
dl_15,158,exit_to_Brisbane,158,119,0.44,0
dl_16,3,,,,,
dl_16,188,Wyreema_exit,188,146,0.44,0
dl_16,171,Wyreema_exit,171,132,0.44,0
dl_16,172,Gowrie_exit,172,131,0.44,0
dl_16,173,exit_to_Brisbane,173,132,0.44,0
dl_17,3,,,,,
dl_17,35,Wyreema_exit,35,28,0.44,0
dl_17,171,Wyreema_exit,171,132,0.44,0
dl_17,172,Gowrie_exit,172,131,0.44,0
dl_17,173,exit_to_Brisbane,173,132,0.44,0
dl_18,3,,,,,
dl_18,170,Wyreema_exit,170,131,0.44,0
dl_18,173,exit_to_Brisbane,173,132,0.44,0
dl_18,172,Gowrie_exit,172,131,0.44,0
dl_18,188,Wyreema_exit,188,146,0.44,0
dl_19,3,,,,,
dl_19,170,Wyreema_exit,170,131,0.44,0
dl_19,173,exit_to_Brisbane,173,132,0.44,0
dl_19,172,Gowrie_exit,172,131,0.44,0
dl_19,35,Wyreema_exit,35,28,0.44,0
dl_20,2,,,,,
dl_20,35,Wyreema_exit,35,28,0.44,0
dl_20,189,exit_to_Brisbane,30,24,0.44,0
dl_20,28,Gowrie_exit,28,23,0.44,0
dl_21,2,,,,,
dl_21,35,Wyreema_exit,35,28,0.44,0
dl_21,188,exit_to_Brisbane,188,147,0.44,0
dl_21,28,Gowrie_exit,28,23,0.44,0
dl_22,4,,,,,
dl_22,189,exit_to_Brisbane,30,24,0.44,0
dl_22,28,Gowrie_exit,28,23,0.44,0
dl_22,159,Gowrie_exit,159,120,0.44,0
dl_22,158,Wyreema_exit,158,119,0.44,0
dl_22,160,exit_to_Brisbane,160,120,0.44,0
dl_23,4,,,,,
dl_23,188,exit_to_Brisbane,188,147,0.44,0
dl_23,28,Gowrie_exit,28,23,0.44,0
dl_23,159,Gowrie_exit,159,120,0.44,0
dl_23,158,Wyreema_exit,158,119,0.44,0
dl_23,160,exit_to_Brisbane,160,120,0.44,0
dl_24,2,,,,,
dl_24,157,Gowrie_exit,157,119,0.44,0
dl_24,159,Wyreema_exit,159,119,0.44,0
dl_24,158,Wyreema_exit,158,119,0.44,0
dl_25,2,,,,,
dl_25,15,Gowrie_exit,15,13,0.44,0
dl_25,218,exit_to_Brisbane,218,13,0.44,0
dl_25,16,exit_to_Brisbane,16,13,0.44,0
dl_26,2,,,,,
dl_26,24,Gowrie_exit,24,20,0.44,0
dl_26,26,exit_to_Brisbane,26,20,0.44,0
dl_26,25,exit_to_Brisbane,25,20,0.44,0
dl_27,3,,,,,
dl_27,157,Gowrie_exit,157,119,0.44,0
dl_27,159,Gowrie_exit,159,120,0.44,0
dl_27,158,Wyreema_exit,158,119,0.44,0
dl_27,160,Wyreema_exit,160,120,0.44,0
dl_28,3,,,,,
dl_28,35,Gowrie_exit,35,29,0.44,0
dl_28,159,Gowrie_exit,159,120,0.44,0
dl_28,158,Wyreema_exit,158,119,0.44,0
dl_28,160,Wyreema_exit,160,120,0.44,0
dl_29,3,,,,,
dl_29,31,Gowrie_exit,31,26,0.44,0
dl_29,159,Gowrie_exit,159,120,0.44,0
dl_29,158,Wyreema_exit,158,119,0.44,0
dl_29,160,Wyreema_exit,160,120,0.44,0
dl_30,3,,,,,
dl_30,188,Gowrie_exit,188,147,0.44,0
dl_30,159,Gowrie_exit,159,120,0.44,0
dl_30,158,Wyreema_exit,158,119,0.44,0
dl_30,160,Wyreema_exit,160,120,0.44,0
dl_31,3,,,,,
dl_31,157,Gowrie_exit,157,119,0.44,0
dl_31,160,Wyreema_exit,160,120,0.44,0
dl_31,158,Wyreema_exit,158,119,0.44,0
dl_31,35,Gowrie_exit,35,29,0.44,0
dl_32,3,,,,,
dl_32,157,Gowrie_exit,157,119,0.44,0
dl_32,160,Wyreema_exit,160,120,0.44,0
dl_32,158,Wyreema_exit,158,119,0.44,0
dl_32,31,Gowrie_exit,31,26,0.44,0
dl_33,3,,,,,
dl_33,157,Gowrie_exit,157,119,0.44,0
dl_33,160,Wyreema_exit,160,120,0.44,0
dl_33,158,Wyreema_exit,158,119,0.44,0
dl_33,188,Gowrie_exit,188,147,0.44,0
dl_34,3,,,,,
dl_34,170,Wyreema_exit,170,131,0.44,0
dl_34,171,exit_to_Brisbane,171,131,0.44,0
dl_34,172,Wyreema_exit,172,132,0.44,0
dl_34,173,exit_to_Brisbane,173,132,0.44,0
dl_35,3,,,,,
dl_35,157,Gowrie_exit,157,119,0.44,0
dl_35,159,Gowrie_exit,159,120,0.44,0
dl_35,158,exit_to_Brisbane,158,119,0.44,0
dl_35,160,exit_to_Brisbane,160,120,0.44,0
dl_36,3,,,,,
dl_36,35,Gowrie_exit,35,29,0.44,0
dl_36,159,Gowrie_exit,159,120,0.44,0
dl_36,158,exit_to_Brisbane,158,119,0.44,0
dl_36,160,exit_to_Brisbane,160,120,0.44,0
dl_37,2,,,,,
dl_37,170,Wyreema_exit,170,131,0.44,0
dl_37,171,Gowrie_exit,171,131,0.44,0
dl_37,172,Gowrie_exit,172,131,0.44,0
dl_38,3,,,,,
dl_38,157,Gowrie_exit,157,119,0.44,0
dl_38,160,exit_to_Brisbane,160,120,0.44,0
dl_38,158,exit_to_Brisbane,158,119,0.44,0
dl_38,35,Gowrie_exit,35,29,0.44,0
dl_39,3,,,,,
dl_39,170,Wyreema_exit,170,131,0.44,0
dl_39,171,Wyreema_exit,171,132,0.44,0
dl_39,172,Gowrie_exit,172,131,0.44,0
dl_39,173,Gowrie_exit,173,132,0.44,0
dl_40,3,,,,,
dl_40,157,Gowrie_exit,157,119,0.44,0
dl_40,159,Gowrie_exit,159,120,0.44,0
dl_40,158,exit_to_Brisbane,158,119,0.44,0
dl_40,160,Wyreema_exit,160,120,0.44,0
dl_41,3,,,,,
dl_41,35,Gowrie_exit,35,29,0.44,0
dl_41,159,Gowrie_exit,159,120,0.44,0
dl_41,158,exit_to_Brisbane,158,119,0.44,0
dl_41,160,Wyreema_exit,160,120,0.44,0
dl_42,3,,,,,
dl_42,173,Gowrie_exit,173,132,0.44,0
dl_42,171,Wyreema_exit,171,132,0.44,0
dl_42,172,Gowrie_exit,172,131,0.44,0
dl_42,188,Wyreema_exit,188,146,0.44,0
dl_43,3,,,,,
dl_43,173,Gowrie_exit,173,132,0.44,0
dl_43,171,Wyreema_exit,171,132,0.44,0
dl_43,172,Gowrie_exit,172,131,0.44,0
dl_43,35,Wyreema_exit,35,28,0.44,0
dl_44,2,,,,,
dl_44,170,Wyreema_exit,170,131,0.44,0
dl_44,171,Gowrie_exit,171,131,0.44,0
dl_44,172,exit_to_Brisbane,172,131,0.44,0
dl_45,2,,,,,
dl_45,170,Wyreema_exit,170,131,0.44,0
dl_45,171,exit_to_Brisbane,171,131,0.44,0
dl_45,172,exit_to_Brisbane,172,131,0.44,0
dl_46,3,,,,,
dl_46,27,exit_to_Brisbane,27,21,0.44,0
dl_46,26,Gowrie_exit,26,21,0.44,0
dl_46,25,exit_to_Brisbane,25,20,0.44,0
dl_46,24,Wyreema_exit,24,20,0.44,0
dl_47,2,,,,,
dl_47,17,Gowrie_exit,17,15,0.44,0
dl_47,19,exit_to_Brisbane,19,15,0.44,0
dl_47,18,exit_to_Brisbane,18,15,0.44,0
dl_48,3,,,,,
dl_48,27,exit_to_Brisbane,27,21,0.44,0
dl_48,26,exit_to_Brisbane,26,20,0.44,0
dl_48,25,Gowrie_exit,25,21,0.44,0
dl_48,24,Gowrie_exit,24,20,0.44,0
dl_49,2,,,,,
dl_49,35,Gowrie_exit,35,29,0.44,0
dl_49,159,exit_to_Brisbane,159,119,0.44,0
dl_49,158,Wyreema_exit,158,119,0.44,0
dl_50,3,,,,,
dl_50,157,Gowrie_exit,157,119,0.44,0
dl_50,160,exit_to_Brisbane,160,120,0.44,0
dl_50,158,Wyreema_exit,158,119,0.44,0
dl_50,35,Gowrie_exit,35,29,0.44,0
dl_51,3,,,,,
dl_51,157,Gowrie_exit,157,119,0.44,0
dl_51,160,exit_to_Brisbane,160,120,0.44,0
dl_51,158,Wyreema_exit,158,119,0.44,0
dl_51,31,Gowrie_exit,31,26,0.44,0
dl_52,3,,,,,
dl_52,157,Gowrie_exit,157,119,0.44,0
dl_52,160,exit_to_Brisbane,160,120,0.44,0
dl_52,158,Wyreema_exit,158,119,0.44,0
dl_52,188,Gowrie_exit,188,147,0.44,0
dl_53,4,,,,,
dl_53,15,exit_to_Brisbane,15,2,0.44,0
dl_53,2,exit_to_Brisbane,2,3,0.44,0
dl_53,1,Gowrie_exit,1,2,0.44,0
dl_53,4,Gowrie_exit,4,3,0.44,0
dl_53,3,Gowrie_exit,1,2,0.44,0
dl_54,4,,,,,
dl_54,17,exit_to_Brisbane,17,14,0.44,0
dl_54,216,Gowrie_exit,216,14,0.44,0
dl_54,16,exit_to_Brisbane,16,13,0.44,0
dl_54,15,Gowrie_exit,15,13,0.44,0
dl_54,218,Gowrie_exit,216,14,0.44,0
dl_55,4,,,,,
dl_55,15,Wyreema_exit,15,13,0.44,0
dl_55,218,Wyreema_exit,216,14,0.44,0
dl_55,16,exit_to_Brisbane,16,13,0.44,0
dl_55,17,exit_to_Brisbane,17,14,0.44,0
dl_55,216,Wyreema_exit,216,14,0.44,0
dl_56,2,,,,,
dl_56,35,Gowrie_exit,35,29,0.44,0
dl_56,159,Wyreema_exit,159,119,0.44,0
dl_56,158,Wyreema_exit,158,119,0.44,0
dl_57,4,,,,,
dl_57,189,exit_to_Brisbane,30,24,0.44,0
dl_57,28,Gowrie_exit,28,23,0.44,0
dl_57,159,Gowrie_exit,159,120,0.44,0
dl_57,158,Wyreema_exit,158,119,0.44,0
dl_57,160,Wyreema_exit,160,120,0.44,0
dl_58,4,,,,,
dl_58,188,exit_to_Brisbane,188,147,0.44,0
dl_58,28,Gowrie_exit,28,23,0.44,0
dl_58,159,Gowrie_exit,159,120,0.44,0
dl_58,158,Wyreema_exit,158,119,0.44,0
dl_58,160,Wyreema_exit,160,120,0.44,0
dl_59,3,,,,,
dl_59,170,Wyreema_exit,170,131,0.44,0
dl_59,171,Wyreema_exit,171,132,0.44,0
dl_59,172,exit_to_Brisbane,172,131,0.44,0
dl_59,173,Gowrie_exit,173,132,0.44,0
dl_60,3,,,,,
dl_60,188,Wyreema_exit,188,146,0.44,0
dl_60,171,Wyreema_exit,171,132,0.44,0
dl_60,172,exit_to_Brisbane,172,131,0.44,0
dl_60,173,Gowrie_exit,173,132,0.44,0
dl_61,4,,,,,
dl_61,35,Wyreema_exit,35,28,0.44,0
dl_61,28,Gowrie_exit,28,23,0.44,0
dl_61,171,Wyreema_exit,171,132,0.44,0
dl_61,172,exit_to_Brisbane,172,131,0.44,0
dl_61,173,Gowrie_exit,173,132,0.44,0
dl_62,6,,,,,
dl_62,28,Gowrie_exit,28,23,0.44,0
dl_62,159,Gowrie_exit,159,120,0.44,0
dl_62,158,Wyreema_exit,158,119,0.44,0
dl_62,160,Wyreema_exit,160,120,0.44,0
dl_62,171,Wyreema_exit,171,132,0.44,0
dl_62,172,exit_to_Brisbane,172,131,0.44,0
dl_62,173,Gowrie_exit,173,132,0.44,0
dl_63,3,,,,,
dl_63,170,Wyreema_exit,170,131,0.44,0
dl_63,173,Gowrie_exit,173,132,0.44,0
dl_63,172,exit_to_Brisbane,172,131,0.44,0
dl_63,188,Wyreema_exit,188,146,0.44,0
dl_64,4,,,,,
dl_64,170,Wyreema_exit,170,131,0.44,0
dl_64,173,Gowrie_exit,173,132,0.44,0
dl_64,172,exit_to_Brisbane,172,131,0.44,0
dl_64,35,Wyreema_exit,35,28,0.44,0
dl_64,28,Gowrie_exit,28,23,0.44,0
dl_65,2,,,,,
dl_65,24,exit_to_Brisbane,24,19,0.44,0
dl_65,23,Gowrie_exit,23,19,0.44,0
dl_65,22,Gowrie_exit,22,19,0.44,0
dl_66,3,,,,,
dl_66,27,exit_to_Brisbane,27,21,0.44,0
dl_66,26,exit_to_Brisbane,26,20,0.44,0
dl_66,25,Gowrie_exit,25,21,0.44,0
dl_66,24,Wyreema_exit,24,20,0.44,0
dl_67,4,,,,,
dl_67,35,Wyreema_exit,35,28,0.44,0
dl_67,189,exit_to_Brisbane,30,24,0.44,0
dl_67,26,exit_to_Brisbane,26,20,0.44,0
dl_67,25,Gowrie_exit,25,21,0.44,0
dl_67,24,Wyreema_exit,24,20,0.44,0
dl_68,7,,,,,
dl_68,17,exit_to_Brisbane,17,14,0.44,0
dl_68,216,Gowrie_exit,216,14,0.44,0
dl_68,16,exit_to_Brisbane,16,13,0.44,0
dl_68,218,Gowrie_exit,216,14,0.44,0
dl_68,2,exit_to_Brisbane,2,3,0.44,0
dl_68,1,Gowrie_exit,1,2,0.44,0
dl_68,4,Gowrie_exit,4,3,0.44,0
dl_68,3,Gowrie_exit,1,2,0.44,0
dl_69,2,,,,,
dl_69,15,exit_to_Brisbane,15,2,0.44,0
dl_69,2,Gowrie_exit,2,2,0.44,0
dl_69,1,Gowrie_exit,1,2,0.44,0
dl_70,7,,,,,
dl_70,15,exit_to_Brisbane,15,2,0.44,0
dl_70,4,Gowrie_exit,4,3,0.44,0
dl_70,1,Gowrie_exit,1,2,0.44,0
dl_70,17,exit_to_Brisbane,17,14,0.44,0
dl_70,216,Gowrie_exit,216,14,0.44,0
dl_70,16,exit_to_Brisbane,16,13,0.44,0
dl_70,218,Gowrie_exit,216,14,0.44,0
dl_70,3,Gowrie_exit,1,2,0.44,0
dl_71,4,,,,,
dl_71,15,exit_to_Brisbane,15,2,0.44,0
dl_71,2,exit_to_Brisbane,2,3,0.44,0
dl_71,1,Gowrie_exit,1,2,0.44,0
dl_71,4,Wyreema_exit,4,3,0.44,0
dl_71,3,Gowrie_exit,1,2,0.44,0
dl_72,7,,,,,
dl_72,17,exit_to_Brisbane,17,14,0.44,0
dl_72,216,Gowrie_exit,216,14,0.44,0
dl_72,16,exit_to_Brisbane,16,13,0.44,0
dl_72,218,Gowrie_exit,216,14,0.44,0
dl_72,2,exit_to_Brisbane,2,3,0.44,0
dl_72,1,Gowrie_exit,1,2,0.44,0
dl_72,4,Wyreema_exit,4,3,0.44,0
dl_72,3,Gowrie_exit,1,2,0.44,0
dl_73,2,,,,,
dl_73,15,exit_to_Brisbane,15,2,0.44,0
dl_73,2,Wyreema_exit,2,2,0.44,0
dl_73,1,Gowrie_exit,1,2,0.44,0
dl_74,7,,,,,
dl_74,15,exit_to_Brisbane,15,2,0.44,0
dl_74,4,Wyreema_exit,4,3,0.44,0
dl_74,1,Gowrie_exit,1,2,0.44,0
dl_74,17,exit_to_Brisbane,17,14,0.44,0
dl_74,216,Gowrie_exit,216,14,0.44,0
dl_74,16,exit_to_Brisbane,16,13,0.44,0
dl_74,218,Gowrie_exit,216,14,0.44,0
dl_74,3,Gowrie_exit,1,2,0.44,0
dl_75,2,,,,,
dl_75,15,Wyreema_exit,15,13,0.44,0
dl_75,218,exit_to_Brisbane,218,13,0.44,0
dl_75,16,exit_to_Brisbane,16,13,0.44,0
dl_76,3,,,,,
dl_76,157,Gowrie_exit,157,119,0.44,0
dl_76,159,exit_to_Brisbane,159,119,0.44,0
dl_76,158,Gowrie_exit,158,120,0.44,0
dl_76,160,Wyreema_exit,160,120,0.44,0
dl_77,3,,,,,
dl_77,35,Gowrie_exit,35,29,0.44,0
dl_77,159,exit_to_Brisbane,159,119,0.44,0
dl_77,158,Gowrie_exit,158,120,0.44,0
dl_77,160,Wyreema_exit,160,120,0.44,0
dl_78,3,,,,,
dl_78,28,Gowrie_exit,28,23,0.44,0
dl_78,159,exit_to_Brisbane,159,119,0.44,0
dl_78,158,Gowrie_exit,158,120,0.44,0
dl_78,160,Wyreema_exit,160,120,0.44,0
dl_79,2,,,,,
dl_79,159,Wyreema_exit,159,119,0.44,0
dl_79,158,Wyreema_exit,158,119,0.44,0
dl_79,31,Gowrie_exit,31,26,0.44,0
dl_80,3,,,,,
dl_80,27,exit_to_Brisbane,27,21,0.44,0
dl_80,26,Wyreema_exit,26,21,0.44,0
dl_80,25,exit_to_Brisbane,25,20,0.44,0
dl_80,24,Wyreema_exit,24,20,0.44,0
dl_81,2,,,,,
dl_81,173,exit_to_Brisbane,173,132,0.44,0
dl_81,171,Wyreema_exit,171,132,0.44,0
dl_81,172,Wyreema_exit,172,132,0.44,0
dl_82,2,,,,,
dl_82,173,Gowrie_exit,173,132,0.44,0
dl_82,171,Wyreema_exit,171,132,0.44,0
dl_82,172,Wyreema_exit,172,132,0.44,0
dl_83,2,,,,,
dl_83,188,Wyreema_exit,188,146,0.44,0
dl_83,171,exit_to_Brisbane,171,131,0.44,0
dl_83,172,Gowrie_exit,172,131,0.44,0
dl_84,2,,,,,
dl_84,17,Wyreema_exit,17,15,0.44,0
dl_84,19,exit_to_Brisbane,19,15,0.44,0
dl_84,18,exit_to_Brisbane,18,15,0.44,0
dl_85,3,,,,,
dl_85,157,Gowrie_exit,157,119,0.44,0
dl_85,159,Wyreema_exit,159,119,0.44,0
dl_85,158,Gowrie_exit,158,120,0.44,0
dl_85,160,Wyreema_exit,160,120,0.44,0
dl_86,3,,,,,
dl_86,35,Gowrie_exit,35,29,0.44,0
dl_86,159,Wyreema_exit,159,119,0.44,0
dl_86,158,Gowrie_exit,158,120,0.44,0
dl_86,160,Wyreema_exit,160,120,0.44,0
dl_87,3,,,,,
dl_87,31,Gowrie_exit,31,26,0.44,0
dl_87,159,Wyreema_exit,159,119,0.44,0
dl_87,158,Gowrie_exit,158,120,0.44,0
dl_87,160,Wyreema_exit,160,120,0.44,0
dl_88,3,,,,,
dl_88,188,Gowrie_exit,188,147,0.44,0
dl_88,159,Wyreema_exit,159,119,0.44,0
dl_88,158,Gowrie_exit,158,120,0.44,0
dl_88,160,Wyreema_exit,160,120,0.44,0
dl_89,2,,,,,
dl_89,24,exit_to_Brisbane,24,19,0.44,0
dl_89,23,Gowrie_exit,23,19,0.44,0
dl_89,22,Wyreema_exit,22,19,0.44,0
dl_90,3,,,,,
dl_90,27,exit_to_Brisbane,27,21,0.44,0
dl_90,26,exit_to_Brisbane,26,20,0.44,0
dl_90,25,Wyreema_exit,25,21,0.44,0
dl_90,24,Gowrie_exit,24,20,0.44,0
dl_91,2,,,,,
dl_91,24,exit_to_Brisbane,24,19,0.44,0
dl_91,23,Wyreema_exit,23,19,0.44,0
dl_91,22,Gowrie_exit,22,19,0.44,0
dl_92,3,,,,,
dl_92,27,exit_to_Brisbane,27,21,0.44,0
dl_92,26,Gowrie_exit,26,21,0.44,0
dl_92,25,exit_to_Brisbane,25,20,0.44,0
dl_92,24,Gowrie_exit,24,20,0.44,0
dl_93,3,,,,,
dl_93,35,exit_to_Brisbane,35,28,0.44,0
dl_93,26,exit_to_Brisbane,26,20,0.44,0
dl_93,25,Gowrie_exit,25,21,0.44,0
dl_93,24,Gowrie_exit,24,20,0.44,0
dl_94,2,,,,,
dl_94,27,exit_to_Brisbane,27,21,0.44,0
dl_94,26,Gowrie_exit,26,21,0.44,0
dl_94,25,Gowrie_exit,25,21,0.44,0
dl_95,3,,,,,
dl_95,27,exit_to_Brisbane,27,21,0.44,0
dl_95,24,Gowrie_exit,24,20,0.44,0
dl_95,25,Gowrie_exit,25,21,0.44,0
dl_95,35,exit_to_Brisbane,35,28,0.44,0
dl_96,3,,,,,
dl_96,170,Wyreema_exit,170,131,0.44,0
dl_96,171,Gowrie_exit,171,131,0.44,0
dl_96,172,Wyreema_exit,172,132,0.44,0
dl_96,173,Gowrie_exit,173,132,0.44,0
dl_97,2,,,,,
dl_97,188,Wyreema_exit,188,146,0.44,0
dl_97,171,Gowrie_exit,171,131,0.44,0
dl_97,172,Gowrie_exit,172,131,0.44,0
dl_98,2,,,,,
dl_98,35,Wyreema_exit,35,28,0.44,0
dl_98,171,Gowrie_exit,171,131,0.44,0
dl_98,172,Gowrie_exit,172,131,0.44,0
dl_99,5,,,,,
dl_99,159,Gowrie_exit,159,120,0.44,0
dl_99,158,Wyreema_exit,158,119,0.44,0
dl_99,160,exit_to_Brisbane,160,120,0.44,0
dl_99,171,Wyreema_exit,171,132,0.44,0
dl_99,172,Gowrie_exit,172,131,0.44,0
dl_99,173,exit_to_Brisbane,173,132,0.44,0
dl_100,5,,,,,
dl_100,157,Gowrie_exit,157,119,0.44,0
dl_100,160,exit_to_Brisbane,160,120,0.44,0
dl_100,158,Wyreema_exit,158,119,0.44,0
dl_100,171,Wyreema_exit,171,132,0.44,0
dl_100,172,Gowrie_exit,172,131,0.44,0
dl_100,173,exit_to_Brisbane,173,132,0.44,0
dl_101,3,,,,,
dl_101,35,Gowrie_exit,35,29,0.44,0
dl_101,160,exit_to_Brisbane,160,120,0.44,0
dl_101,158,Wyreema_exit,158,119,0.44,0
dl_101,31,Gowrie_exit,31,26,0.44,0
dl_102,3,,,,,
dl_102,35,Gowrie_exit,35,29,0.44,0
dl_102,160,exit_to_Brisbane,160,120,0.44,0
dl_102,158,Wyreema_exit,158,119,0.44,0
dl_102,188,Gowrie_exit,188,147,0.44,0
dl_103,5,,,,,
dl_103,35,Gowrie_exit,35,29,0.44,0
dl_103,160,exit_to_Brisbane,160,120,0.44,0
dl_103,158,Wyreema_exit,158,119,0.44,0
dl_103,171,Wyreema_exit,171,132,0.44,0
dl_103,172,Gowrie_exit,172,131,0.44,0
dl_103,173,exit_to_Brisbane,173,132,0.44,0
dl_104,4,,,,,
dl_104,157,Gowrie_exit,157,119,0.44,0
dl_104,160,exit_to_Brisbane,160,120,0.44,0
dl_104,158,Wyreema_exit,158,119,0.44,0
dl_104,189,exit_to_Brisbane,30,24,0.44,0
dl_104,28,Gowrie_exit,28,23,0.44,0
dl_105,4,,,,,
dl_105,157,Gowrie_exit,157,119,0.44,0
dl_105,160,exit_to_Brisbane,160,120,0.44,0
dl_105,158,Wyreema_exit,158,119,0.44,0
dl_105,188,exit_to_Brisbane,188,147,0.44,0
dl_105,28,Gowrie_exit,28,23,0.44,0
dl_106,3,,,,,
dl_106,170,Wyreema_exit,170,131,0.44,0
dl_106,171,Gowrie_exit,171,131,0.44,0
dl_106,172,Wyreema_exit,172,132,0.44,0
dl_106,173,exit_to_Brisbane,173,132,0.44,0
dl_107,4,,,,,
dl_107,24,exit_to_Brisbane,24,19,0.44,0
dl_107,23,exit_to_Brisbane,23,17,0.44,0
dl_107,22,Wyreema_exit,22,19,0.44,0
dl_107,20,Gowrie_exit,20,17,0.44,0
dl_107,21,Wyreema_exit,22,19,0.44,0
dl_108,4,,,,,
dl_108,15,exit_to_Brisbane,15,2,0.44,0
dl_108,2,exit_to_Brisbane,2,3,0.44,0
dl_108,1,Wyreema_exit,1,2,0.44,0
dl_108,3,Wyreema_exit,1,2,0.44,0
dl_108,4,Gowrie_exit,4,3,0.44,0
dl_109,7,,,,,
dl_109,218,Wyreema_exit,216,14,0.44,0
dl_109,16,exit_to_Brisbane,16,13,0.44,0
dl_109,17,exit_to_Brisbane,17,14,0.44,0
dl_109,216,Wyreema_exit,216,14,0.44,0
dl_109,2,exit_to_Brisbane,2,3,0.44,0
dl_109,1,Wyreema_exit,1,2,0.44,0
dl_109,3,Wyreema_exit,1,2,0.44,0
dl_109,4,Gowrie_exit,4,3,0.44,0
dl_110,2,,,,,
dl_110,15,exit_to_Brisbane,15,2,0.44,0
dl_110,2,Gowrie_exit,2,2,0.44,0
dl_110,1,Wyreema_exit,1,2,0.44,0
dl_111,7,,,,,
dl_111,15,exit_to_Brisbane,15,2,0.44,0
dl_111,4,Gowrie_exit,4,3,0.44,0
dl_111,1,Wyreema_exit,1,2,0.44,0
dl_111,218,Wyreema_exit,216,14,0.44,0
dl_111,16,exit_to_Brisbane,16,13,0.44,0
dl_111,17,exit_to_Brisbane,17,14,0.44,0
dl_111,216,Wyreema_exit,216,14,0.44,0
dl_111,3,Wyreema_exit,1,2,0.44,0
dl_112,4,,,,,
dl_112,17,exit_to_Brisbane,17,14,0.44,0
dl_112,216,Wyreema_exit,216,14,0.44,0
dl_112,16,exit_to_Brisbane,16,13,0.44,0
dl_112,15,Gowrie_exit,15,13,0.44,0
dl_112,218,Wyreema_exit,216,14,0.44,0
dl_113,2,,,,,
dl_113,35,Gowrie_exit,35,29,0.44,0
dl_113,159,exit_to_Brisbane,159,119,0.44,0
dl_113,158,exit_to_Brisbane,158,119,0.44,0
dl_114,3,,,,,
dl_114,35,exit_to_Brisbane,35,28,0.44,0
dl_114,26,exit_to_Brisbane,26,20,0.44,0
dl_114,25,Gowrie_exit,25,21,0.44,0
dl_114,24,Wyreema_exit,24,20,0.44,0
dl_115,6,,,,,
dl_115,27,exit_to_Brisbane,27,21,0.44,0
dl_115,26,Gowrie_exit,26,21,0.44,0
dl_115,25,exit_to_Brisbane,25,20,0.44,0
dl_115,23,exit_to_Brisbane,23,17,0.44,0
dl_115,22,Wyreema_exit,22,19,0.44,0
dl_115,20,Gowrie_exit,20,17,0.44,0
dl_115,21,Wyreema_exit,22,19,0.44,0
dl_116,6,,,,,
dl_116,24,exit_to_Brisbane,24,19,0.44,0
dl_116,20,Gowrie_exit,20,17,0.44,0
dl_116,22,Wyreema_exit,22,19,0.44,0
dl_116,27,exit_to_Brisbane,27,21,0.44,0
dl_116,26,Gowrie_exit,26,21,0.44,0
dl_116,25,exit_to_Brisbane,25,20,0.44,0
dl_116,21,Wyreema_exit,22,19,0.44,0
dl_117,3,,,,,
dl_117,26,Gowrie_exit,26,21,0.44,0
dl_117,25,exit_to_Brisbane,25,20,0.44,0
dl_117,24,Wyreema_exit,24,20,0.44,0
dl_117,35,exit_to_Brisbane,35,28,0.44,0
dl_118,6,,,,,
dl_118,26,Gowrie_exit,26,21,0.44,0
dl_118,25,exit_to_Brisbane,25,20,0.44,0
dl_118,35,exit_to_Brisbane,35,28,0.44,0
dl_118,23,exit_to_Brisbane,23,17,0.44,0
dl_118,22,Wyreema_exit,22,19,0.44,0
dl_118,20,Gowrie_exit,20,17,0.44,0
dl_118,21,Wyreema_exit,22,19,0.44,0
dl_119,6,,,,,
dl_119,24,exit_to_Brisbane,24,19,0.44,0
dl_119,20,Gowrie_exit,20,17,0.44,0
dl_119,22,Wyreema_exit,22,19,0.44,0
dl_119,26,Gowrie_exit,26,21,0.44,0
dl_119,25,exit_to_Brisbane,25,20,0.44,0
dl_119,35,exit_to_Brisbane,35,28,0.44,0
dl_119,21,Wyreema_exit,22,19,0.44,0
dl_120,2,,,,,
dl_120,26,Gowrie_exit,26,21,0.44,0
dl_120,25,Wyreema_exit,25,21,0.44,0
dl_120,27,exit_to_Brisbane,27,21,0.44,0
dl_121,3,,,,,
dl_121,27,exit_to_Brisbane,27,21,0.44,0
dl_121,26,Gowrie_exit,26,21,0.44,0
dl_121,24,Wyreema_exit,24,20,0.44,0
dl_121,35,exit_to_Brisbane,35,28,0.44,0
dl_122,6,,,,,
dl_122,27,exit_to_Brisbane,27,21,0.44,0
dl_122,26,Gowrie_exit,26,21,0.44,0
dl_122,35,exit_to_Brisbane,35,28,0.44,0
dl_122,23,exit_to_Brisbane,23,17,0.44,0
dl_122,22,Wyreema_exit,22,19,0.44,0
dl_122,20,Gowrie_exit,20,17,0.44,0
dl_122,21,Wyreema_exit,22,19,0.44,0
dl_123,6,,,,,
dl_123,24,exit_to_Brisbane,24,19,0.44,0
dl_123,20,Gowrie_exit,20,17,0.44,0
dl_123,22,Wyreema_exit,22,19,0.44,0
dl_123,27,exit_to_Brisbane,27,21,0.44,0
dl_123,26,Gowrie_exit,26,21,0.44,0
dl_123,35,exit_to_Brisbane,35,28,0.44,0
dl_123,21,Wyreema_exit,22,19,0.44,0
dl_124,3,,,,,
dl_124,20,exit_to_Brisbane,20,16,0.44,0
dl_124,19,exit_to_Brisbane,19,15,0.44,0
dl_124,18,Gowrie_exit,18,16,0.44,0
dl_124,17,Gowrie_exit,17,15,0.44,0
dl_125,6,,,,,
dl_125,24,exit_to_Brisbane,24,19,0.44,0
dl_125,23,exit_to_Brisbane,23,17,0.44,0
dl_125,22,Wyreema_exit,22,19,0.44,0
dl_125,21,Wyreema_exit,22,19,0.44,0
dl_125,19,exit_to_Brisbane,19,15,0.44,0
dl_125,18,Gowrie_exit,18,16,0.44,0
dl_125,17,Gowrie_exit,17,15,0.44,0
dl_126,8,,,,,
dl_126,27,exit_to_Brisbane,27,21,0.44,0
dl_126,26,Gowrie_exit,26,21,0.44,0
dl_126,25,exit_to_Brisbane,25,20,0.44,0
dl_126,23,exit_to_Brisbane,23,17,0.44,0
dl_126,22,Wyreema_exit,22,19,0.44,0
dl_126,21,Wyreema_exit,22,19,0.44,0
dl_126,19,exit_to_Brisbane,19,15,0.44,0
dl_126,18,Gowrie_exit,18,16,0.44,0
dl_126,17,Gowrie_exit,17,15,0.44,0
dl_127,8,,,,,
dl_127,24,exit_to_Brisbane,24,19,0.44,0
dl_127,19,exit_to_Brisbane,19,15,0.44,0
dl_127,18,Gowrie_exit,18,16,0.44,0
dl_127,17,Gowrie_exit,17,15,0.44,0
dl_127,22,Wyreema_exit,22,19,0.44,0
dl_127,27,exit_to_Brisbane,27,21,0.44,0
dl_127,26,Gowrie_exit,26,21,0.44,0
dl_127,25,exit_to_Brisbane,25,20,0.44,0
dl_127,21,Wyreema_exit,22,19,0.44,0
dl_128,8,,,,,
dl_128,26,Gowrie_exit,26,21,0.44,0
dl_128,25,exit_to_Brisbane,25,20,0.44,0
dl_128,35,exit_to_Brisbane,35,28,0.44,0
dl_128,23,exit_to_Brisbane,23,17,0.44,0
dl_128,22,Wyreema_exit,22,19,0.44,0
dl_128,21,Wyreema_exit,22,19,0.44,0
dl_128,19,exit_to_Brisbane,19,15,0.44,0
dl_128,18,Gowrie_exit,18,16,0.44,0
dl_128,17,Gowrie_exit,17,15,0.44,0
dl_129,8,,,,,
dl_129,24,exit_to_Brisbane,24,19,0.44,0
dl_129,19,exit_to_Brisbane,19,15,0.44,0
dl_129,18,Gowrie_exit,18,16,0.44,0
dl_129,17,Gowrie_exit,17,15,0.44,0
dl_129,22,Wyreema_exit,22,19,0.44,0
dl_129,26,Gowrie_exit,26,21,0.44,0
dl_129,25,exit_to_Brisbane,25,20,0.44,0
dl_129,35,exit_to_Brisbane,35,28,0.44,0
dl_129,21,Wyreema_exit,22,19,0.44,0
dl_130,2,,,,,
dl_130,20,exit_to_Brisbane,20,16,0.44,0
dl_130,19,Gowrie_exit,19,16,0.44,0
dl_130,18,Gowrie_exit,18,16,0.44,0
dl_131,6,,,,,
dl_131,24,exit_to_Brisbane,24,19,0.44,0
dl_131,23,exit_to_Brisbane,23,17,0.44,0
dl_131,22,Wyreema_exit,22,19,0.44,0
dl_131,20,exit_to_Brisbane,20,16,0.44,0
dl_131,17,Gowrie_exit,17,15,0.44,0
dl_131,18,Gowrie_exit,18,16,0.44,0
dl_131,21,Wyreema_exit,22,19,0.44,0
dl_132,8,,,,,
dl_132,27,exit_to_Brisbane,27,21,0.44,0
dl_132,26,Gowrie_exit,26,21,0.44,0
dl_132,25,exit_to_Brisbane,25,20,0.44,0
dl_132,23,exit_to_Brisbane,23,17,0.44,0
dl_132,22,Wyreema_exit,22,19,0.44,0
dl_132,20,exit_to_Brisbane,20,16,0.44,0
dl_132,17,Gowrie_exit,17,15,0.44,0
dl_132,18,Gowrie_exit,18,16,0.44,0
dl_132,21,Wyreema_exit,22,19,0.44,0
dl_133,8,,,,,
dl_133,24,exit_to_Brisbane,24,19,0.44,0
dl_133,20,exit_to_Brisbane,20,16,0.44,0
dl_133,22,Wyreema_exit,22,19,0.44,0
dl_133,27,exit_to_Brisbane,27,21,0.44,0
dl_133,26,Gowrie_exit,26,21,0.44,0
dl_133,25,exit_to_Brisbane,25,20,0.44,0
dl_133,17,Gowrie_exit,17,15,0.44,0
dl_133,18,Gowrie_exit,18,16,0.44,0
dl_133,21,Wyreema_exit,22,19,0.44,0
dl_134,8,,,,,
dl_134,26,Gowrie_exit,26,21,0.44,0
dl_134,25,exit_to_Brisbane,25,20,0.44,0
dl_134,35,exit_to_Brisbane,35,28,0.44,0
dl_134,23,exit_to_Brisbane,23,17,0.44,0
dl_134,22,Wyreema_exit,22,19,0.44,0
dl_134,20,exit_to_Brisbane,20,16,0.44,0
dl_134,17,Gowrie_exit,17,15,0.44,0
dl_134,18,Gowrie_exit,18,16,0.44,0
dl_134,21,Wyreema_exit,22,19,0.44,0
dl_135,8,,,,,
dl_135,24,exit_to_Brisbane,24,19,0.44,0
dl_135,20,exit_to_Brisbane,20,16,0.44,0
dl_135,22,Wyreema_exit,22,19,0.44,0
dl_135,26,Gowrie_exit,26,21,0.44,0
dl_135,25,exit_to_Brisbane,25,20,0.44,0
dl_135,35,exit_to_Brisbane,35,28,0.44,0
dl_135,17,Gowrie_exit,17,15,0.44,0
dl_135,18,Gowrie_exit,18,16,0.44,0
dl_135,21,Wyreema_exit,22,19,0.44,0
dl_136,4,,,,,
dl_136,24,exit_to_Brisbane,24,19,0.44,0
dl_136,23,exit_to_Brisbane,23,17,0.44,0
dl_136,22,Gowrie_exit,22,19,0.44,0
dl_136,21,Gowrie_exit,22,19,0.44,0
dl_136,20,Wyreema_exit,20,17,0.44,0
dl_137,6,,,,,
dl_137,27,exit_to_Brisbane,27,21,0.44,0
dl_137,26,Gowrie_exit,26,21,0.44,0
dl_137,25,exit_to_Brisbane,25,20,0.44,0
dl_137,23,exit_to_Brisbane,23,17,0.44,0
dl_137,22,Gowrie_exit,22,19,0.44,0
dl_137,21,Gowrie_exit,22,19,0.44,0
dl_137,20,Wyreema_exit,20,17,0.44,0
dl_138,6,,,,,
dl_138,24,exit_to_Brisbane,24,19,0.44,0
dl_138,20,Wyreema_exit,20,17,0.44,0
dl_138,22,Gowrie_exit,22,19,0.44,0
dl_138,27,exit_to_Brisbane,27,21,0.44,0
dl_138,26,Gowrie_exit,26,21,0.44,0
dl_138,25,exit_to_Brisbane,25,20,0.44,0
dl_138,21,Gowrie_exit,22,19,0.44,0
dl_139,3,,,,,
dl_139,35,exit_to_Brisbane,35,28,0.44,0
dl_139,26,Gowrie_exit,26,21,0.44,0
dl_139,25,exit_to_Brisbane,25,20,0.44,0
dl_139,24,Gowrie_exit,24,20,0.44,0
dl_140,6,,,,,
dl_140,35,exit_to_Brisbane,35,28,0.44,0
dl_140,26,Gowrie_exit,26,21,0.44,0
dl_140,25,exit_to_Brisbane,25,20,0.44,0
dl_140,23,exit_to_Brisbane,23,17,0.44,0
dl_140,22,Gowrie_exit,22,19,0.44,0
dl_140,21,Gowrie_exit,22,19,0.44,0
dl_140,20,Wyreema_exit,20,17,0.44,0
dl_141,6,,,,,
dl_141,24,exit_to_Brisbane,24,19,0.44,0
dl_141,20,Wyreema_exit,20,17,0.44,0
dl_141,22,Gowrie_exit,22,19,0.44,0
dl_141,35,exit_to_Brisbane,35,28,0.44,0
dl_141,26,Gowrie_exit,26,21,0.44,0
dl_141,25,exit_to_Brisbane,25,20,0.44,0
dl_141,21,Gowrie_exit,22,19,0.44,0
dl_142,3,,,,,
dl_142,26,Gowrie_exit,26,21,0.44,0
dl_142,35,exit_to_Brisbane,35,28,0.44,0
dl_142,24,Gowrie_exit,24,20,0.44,0
dl_142,27,exit_to_Brisbane,27,21,0.44,0
dl_143,6,,,,,
dl_143,26,Gowrie_exit,26,21,0.44,0
dl_143,35,exit_to_Brisbane,35,28,0.44,0
dl_143,23,exit_to_Brisbane,23,17,0.44,0
dl_143,22,Gowrie_exit,22,19,0.44,0
dl_143,21,Gowrie_exit,22,19,0.44,0
dl_143,20,Wyreema_exit,20,17,0.44,0
dl_143,27,exit_to_Brisbane,27,21,0.44,0
dl_144,6,,,,,
dl_144,26,Gowrie_exit,26,21,0.44,0
dl_144,24,exit_to_Brisbane,24,19,0.44,0
dl_144,20,Wyreema_exit,20,17,0.44,0
dl_144,22,Gowrie_exit,22,19,0.44,0
dl_144,35,exit_to_Brisbane,35,28,0.44,0
dl_144,21,Gowrie_exit,22,19,0.44,0
dl_144,27,exit_to_Brisbane,27,21,0.44,0
dl_145,3,,,,,
dl_145,157,Gowrie_exit,157,119,0.44,0
dl_145,159,Wyreema_exit,159,119,0.44,0
dl_145,158,Gowrie_exit,158,120,0.44,0
dl_145,160,exit_to_Brisbane,160,120,0.44,0
dl_146,3,,,,,
dl_146,35,Gowrie_exit,35,29,0.44,0
dl_146,159,Wyreema_exit,159,119,0.44,0
dl_146,158,Gowrie_exit,158,120,0.44,0
dl_146,160,exit_to_Brisbane,160,120,0.44,0
dl_147,3,,,,,
dl_147,31,Gowrie_exit,31,26,0.44,0
dl_147,159,Wyreema_exit,159,119,0.44,0
dl_147,158,Gowrie_exit,158,120,0.44,0
dl_147,160,exit_to_Brisbane,160,120,0.44,0
dl_148,3,,,,,
dl_148,188,Gowrie_exit,188,147,0.44,0
dl_148,159,Wyreema_exit,159,119,0.44,0
dl_148,158,Gowrie_exit,158,120,0.44,0
dl_148,160,exit_to_Brisbane,160,120,0.44,0
dl_149,3,,,,,
dl_149,170,Wyreema_exit,170,131,0.44,0
dl_149,173,Gowrie_exit,173,132,0.44,0
dl_149,172,Gowrie_exit,172,131,0.44,0
dl_149,188,Wyreema_exit,188,146,0.44,0
dl_150,3,,,,,
dl_150,157,Gowrie_exit,157,119,0.44,0
dl_150,159,Wyreema_exit,159,119,0.44,0
dl_150,35,Gowrie_exit,35,29,0.44,0
dl_150,160,Wyreema_exit,160,120,0.44,0
dl_151,3,,,,,
dl_151,157,Gowrie_exit,157,119,0.44,0
dl_151,159,Wyreema_exit,159,119,0.44,0
dl_151,31,Gowrie_exit,31,26,0.44,0
dl_151,160,Wyreema_exit,160,120,0.44,0
dl_152,3,,,,,
dl_152,157,Gowrie_exit,157,119,0.44,0
dl_152,159,Wyreema_exit,159,119,0.44,0
dl_152,188,Gowrie_exit,188,147,0.44,0
dl_152,160,Wyreema_exit,160,120,0.44,0
dl_153,2,,,,,
dl_153,35,Gowrie_exit,35,29,0.44,0
dl_153,159,Wyreema_exit,159,119,0.44,0
dl_153,158,exit_to_Brisbane,158,119,0.44,0
dl_154,4,,,,,
dl_154,20,Gowrie_exit,20,17,0.44,0
dl_154,23,exit_to_Brisbane,23,17,0.44,0
dl_154,21,Gowrie_exit,22,19,0.44,0
dl_154,24,exit_to_Brisbane,24,19,0.44,0
dl_154,22,Gowrie_exit,22,19,0.44,0
dl_155,6,,,,,
dl_155,20,Gowrie_exit,20,17,0.44,0
dl_155,23,exit_to_Brisbane,23,17,0.44,0
dl_155,21,Gowrie_exit,22,19,0.44,0
dl_155,22,Gowrie_exit,22,19,0.44,0
dl_155,27,exit_to_Brisbane,27,21,0.44,0
dl_155,26,exit_to_Brisbane,26,20,0.44,0
dl_155,25,Wyreema_exit,25,21,0.44,0
dl_156,6,,,,,
dl_156,24,Wyreema_exit,24,20,0.44,0
dl_156,26,exit_to_Brisbane,26,20,0.44,0
dl_156,20,Gowrie_exit,20,17,0.44,0
dl_156,23,exit_to_Brisbane,23,17,0.44,0
dl_156,21,Gowrie_exit,22,19,0.44,0
dl_156,22,Gowrie_exit,22,19,0.44,0
dl_156,27,exit_to_Brisbane,27,21,0.44,0
dl_157,2,,,,,
dl_157,188,Gowrie_exit,188,147,0.44,0
dl_157,159,Wyreema_exit,159,119,0.44,0
dl_157,158,Wyreema_exit,158,119,0.44,0
dl_158,2,,,,,
dl_158,27,exit_to_Brisbane,27,21,0.44,0
dl_158,26,Wyreema_exit,26,21,0.44,0
dl_158,25,Gowrie_exit,25,21,0.44,0
dl_159,3,,,,,
dl_159,27,exit_to_Brisbane,27,21,0.44,0
dl_159,24,Wyreema_exit,24,20,0.44,0
dl_159,25,Gowrie_exit,25,21,0.44,0
dl_159,35,exit_to_Brisbane,35,28,0.44,0
dl_160,3,,,,,
dl_160,28,Gowrie_exit,28,23,0.44,0
dl_160,159,Gowrie_exit,159,120,0.44,0
dl_160,158,exit_to_Brisbane,158,119,0.44,0
dl_160,160,Wyreema_exit,160,120,0.44,0
dl_161,3,,,,,
dl_161,157,Gowrie_exit,157,119,0.44,0
dl_161,160,Wyreema_exit,160,120,0.44,0
dl_161,158,exit_to_Brisbane,158,119,0.44,0
dl_161,35,Gowrie_exit,35,29,0.44,0
dl_162,3,,,,,
dl_162,157,Gowrie_exit,157,119,0.44,0
dl_162,160,Wyreema_exit,160,120,0.44,0
dl_162,158,exit_to_Brisbane,158,119,0.44,0
dl_162,28,Gowrie_exit,28,23,0.44,0
dl_163,3,,,,,
dl_163,170,Wyreema_exit,170,131,0.44,0
dl_163,171,exit_to_Brisbane,171,131,0.44,0
dl_163,172,Wyreema_exit,172,132,0.44,0
dl_163,173,Gowrie_exit,173,132,0.44,0
dl_164,3,,,,,
dl_164,173,exit_to_Brisbane,173,132,0.44,0
dl_164,171,Wyreema_exit,171,132,0.44,0
dl_164,172,exit_to_Brisbane,172,131,0.44,0
dl_164,170,Wyreema_exit,170,131,0.44,0
dl_165,3,,,,,
dl_165,173,exit_to_Brisbane,173,132,0.44,0
dl_165,171,Wyreema_exit,171,132,0.44,0
dl_165,172,exit_to_Brisbane,172,131,0.44,0
dl_165,188,Wyreema_exit,188,146,0.44,0
dl_166,4,,,,,
dl_166,35,Wyreema_exit,35,28,0.44,0
dl_166,173,exit_to_Brisbane,173,132,0.44,0
dl_166,171,Wyreema_exit,171,132,0.44,0
dl_166,172,exit_to_Brisbane,172,131,0.44,0
dl_166,28,Gowrie_exit,28,23,0.44,0
dl_167,4,,,,,
dl_167,35,Wyreema_exit,35,28,0.44,0
dl_167,188,exit_to_Brisbane,188,147,0.44,0
dl_167,26,exit_to_Brisbane,26,20,0.44,0
dl_167,25,Gowrie_exit,25,21,0.44,0
dl_167,24,Wyreema_exit,24,20,0.44,0
dl_168,4,,,,,
dl_168,27,exit_to_Brisbane,27,21,0.44,0
dl_168,24,Wyreema_exit,24,20,0.44,0
dl_168,25,Gowrie_exit,25,21,0.44,0
dl_168,35,Wyreema_exit,35,28,0.44,0
dl_168,189,exit_to_Brisbane,30,24,0.44,0
dl_169,4,,,,,
dl_169,27,exit_to_Brisbane,27,21,0.44,0
dl_169,24,Wyreema_exit,24,20,0.44,0
dl_169,25,Gowrie_exit,25,21,0.44,0
dl_169,35,Wyreema_exit,35,28,0.44,0
dl_169,188,exit_to_Brisbane,188,147,0.44,0
dl_170,2,,,,,
dl_170,24,exit_to_Brisbane,24,19,0.44,0
dl_170,23,Wyreema_exit,23,19,0.44,0
dl_170,22,Wyreema_exit,22,19,0.44,0
dl_171,3,,,,,
dl_171,157,Gowrie_exit,157,119,0.44,0
dl_171,159,Wyreema_exit,159,119,0.44,0
dl_171,35,Gowrie_exit,35,29,0.44,0
dl_171,160,exit_to_Brisbane,160,120,0.44,0
dl_172,2,,,,,
dl_172,159,exit_to_Brisbane,159,119,0.44,0
dl_172,158,exit_to_Brisbane,158,119,0.44,0
dl_172,28,Gowrie_exit,28,23,0.44,0
dl_173,3,,,,,
dl_173,188,Wyreema_exit,188,146,0.44,0
dl_173,171,Gowrie_exit,171,131,0.44,0
dl_173,172,Wyreema_exit,172,132,0.44,0
dl_173,173,Gowrie_exit,173,132,0.44,0
dl_174,3,,,,,
dl_174,35,Wyreema_exit,35,28,0.44,0
dl_174,171,Gowrie_exit,171,131,0.44,0
dl_174,172,Wyreema_exit,172,132,0.44,0
dl_174,173,Gowrie_exit,173,132,0.44,0
dl_175,5,,,,,
dl_175,159,Gowrie_exit,159,120,0.44,0
dl_175,158,Wyreema_exit,158,119,0.44,0
dl_175,160,exit_to_Brisbane,160,120,0.44,0
dl_175,171,Gowrie_exit,171,131,0.44,0
dl_175,172,Wyreema_exit,172,132,0.44,0
dl_175,173,Gowrie_exit,173,132,0.44,0
dl_176,3,,,,,
dl_176,188,Wyreema_exit,188,146,0.44,0
dl_176,171,Gowrie_exit,171,131,0.44,0
dl_176,172,Wyreema_exit,172,132,0.44,0
dl_176,173,exit_to_Brisbane,173,132,0.44,0
dl_177,4,,,,,
dl_177,159,Gowrie_exit,159,120,0.44,0
dl_177,158,Wyreema_exit,158,119,0.44,0
dl_177,160,Wyreema_exit,160,120,0.44,0
dl_177,171,Gowrie_exit,171,131,0.44,0
dl_177,172,Gowrie_exit,172,131,0.44,0
dl_178,4,,,,,
dl_178,28,Gowrie_exit,28,23,0.44,0
dl_178,157,Gowrie_exit,157,119,0.44,0
dl_178,160,Wyreema_exit,160,120,0.44,0
dl_178,158,Wyreema_exit,158,119,0.44,0
dl_178,189,exit_to_Brisbane,30,24,0.44,0
dl_179,4,,,,,
dl_179,157,Gowrie_exit,157,119,0.44,0
dl_179,160,Wyreema_exit,160,120,0.44,0
dl_179,158,Wyreema_exit,158,119,0.44,0
dl_179,171,Gowrie_exit,171,131,0.44,0
dl_179,172,Gowrie_exit,172,131,0.44,0
dl_180,3,,,,,
dl_180,170,Wyreema_exit,170,131,0.44,0
dl_180,171,Gowrie_exit,171,131,0.44,0
dl_180,188,Wyreema_exit,188,146,0.44,0
dl_180,173,Gowrie_exit,173,132,0.44,0
dl_181,3,,,,,
dl_181,170,Wyreema_exit,170,131,0.44,0
dl_181,171,Gowrie_exit,171,131,0.44,0
dl_181,35,Wyreema_exit,35,28,0.44,0
dl_181,173,Gowrie_exit,173,132,0.44,0
dl_182,6,,,,,
dl_182,27,exit_to_Brisbane,27,21,0.44,0
dl_182,26,Gowrie_exit,26,21,0.44,0
dl_182,25,exit_to_Brisbane,25,20,0.44,0
dl_182,20,Gowrie_exit,20,17,0.44,0
dl_182,23,exit_to_Brisbane,23,17,0.44,0
dl_182,21,Gowrie_exit,22,19,0.44,0
dl_182,22,Gowrie_exit,22,19,0.44,0
dl_183,6,,,,,
dl_183,27,exit_to_Brisbane,27,21,0.44,0
dl_183,26,Gowrie_exit,26,21,0.44,0
dl_183,25,exit_to_Brisbane,25,20,0.44,0
dl_183,24,exit_to_Brisbane,24,19,0.44,0
dl_183,20,Gowrie_exit,20,17,0.44,0
dl_183,22,Gowrie_exit,22,19,0.44,0
dl_183,21,Gowrie_exit,22,19,0.44,0
dl_184,3,,,,,
dl_184,35,Wyreema_exit,35,28,0.44,0
dl_184,171,exit_to_Brisbane,171,131,0.44,0
dl_184,172,Gowrie_exit,172,131,0.44,0
dl_184,28,Gowrie_exit,28,23,0.44,0
dl_185,3,,,,,
dl_185,28,Gowrie_exit,28,23,0.44,0
dl_185,159,Gowrie_exit,159,120,0.44,0
dl_185,158,exit_to_Brisbane,158,119,0.44,0
dl_185,160,exit_to_Brisbane,160,120,0.44,0
dl_186,3,,,,,
dl_186,157,Gowrie_exit,157,119,0.44,0
dl_186,160,exit_to_Brisbane,160,120,0.44,0
dl_186,158,exit_to_Brisbane,158,119,0.44,0
dl_186,28,Gowrie_exit,28,23,0.44,0
dl_187,6,,,,,
dl_187,27,exit_to_Brisbane,27,21,0.44,0
dl_187,26,exit_to_Brisbane,26,20,0.44,0
dl_187,25,Gowrie_exit,25,21,0.44,0
dl_187,23,exit_to_Brisbane,23,17,0.44,0
dl_187,22,Wyreema_exit,22,19,0.44,0
dl_187,20,Gowrie_exit,20,17,0.44,0
dl_187,21,Wyreema_exit,22,19,0.44,0
dl_188,6,,,,,
dl_188,24,exit_to_Brisbane,24,19,0.44,0
dl_188,20,Gowrie_exit,20,17,0.44,0
dl_188,22,Wyreema_exit,22,19,0.44,0
dl_188,27,exit_to_Brisbane,27,21,0.44,0
dl_188,26,exit_to_Brisbane,26,20,0.44,0
dl_188,25,Gowrie_exit,25,21,0.44,0
dl_188,21,Wyreema_exit,22,19,0.44,0
dl_189,6,,,,,
dl_189,35,exit_to_Brisbane,35,28,0.44,0
dl_189,26,exit_to_Brisbane,26,20,0.44,0
dl_189,25,Gowrie_exit,25,21,0.44,0
dl_189,23,exit_to_Brisbane,23,17,0.44,0
dl_189,22,Wyreema_exit,22,19,0.44,0
dl_189,20,Gowrie_exit,20,17,0.44,0
dl_189,21,Wyreema_exit,22,19,0.44,0
dl_190,6,,,,,
dl_190,24,exit_to_Brisbane,24,19,0.44,0
dl_190,20,Gowrie_exit,20,17,0.44,0
dl_190,22,Wyreema_exit,22,19,0.44,0
dl_190,35,exit_to_Brisbane,35,28,0.44,0
dl_190,26,exit_to_Brisbane,26,20,0.44,0
dl_190,25,Gowrie_exit,25,21,0.44,0
dl_190,21,Wyreema_exit,22,19,0.44,0
dl_191,6,,,,,
dl_191,27,exit_to_Brisbane,27,21,0.44,0
dl_191,25,Gowrie_exit,25,21,0.44,0
dl_191,35,exit_to_Brisbane,35,28,0.44,0
dl_191,23,exit_to_Brisbane,23,17,0.44,0
dl_191,22,Wyreema_exit,22,19,0.44,0
dl_191,20,Gowrie_exit,20,17,0.44,0
dl_191,21,Wyreema_exit,22,19,0.44,0
dl_192,6,,,,,
dl_192,24,exit_to_Brisbane,24,19,0.44,0
dl_192,20,Gowrie_exit,20,17,0.44,0
dl_192,22,Wyreema_exit,22,19,0.44,0
dl_192,27,exit_to_Brisbane,27,21,0.44,0
dl_192,25,Gowrie_exit,25,21,0.44,0
dl_192,35,exit_to_Brisbane,35,28,0.44,0
dl_192,21,Wyreema_exit,22,19,0.44,0
dl_193,3,,,,,
dl_193,35,Wyreema_exit,35,28,0.44,0
dl_193,171,Gowrie_exit,171,131,0.44,0
dl_193,172,Wyreema_exit,172,132,0.44,0
dl_193,173,exit_to_Brisbane,173,132,0.44,0
dl_194,3,,,,,
dl_194,24,exit_to_Brisbane,24,19,0.44,0
dl_194,23,Gowrie_exit,23,19,0.44,0
dl_194,21,exit_to_Brisbane,21,17,0.44,0
dl_194,20,Wyreema_exit,20,17,0.44,0
dl_195,4,,,,,
dl_195,26,exit_to_Brisbane,26,20,0.44,0
dl_195,25,exit_to_Brisbane,25,20,0.44,0
dl_195,23,Gowrie_exit,23,19,0.44,0
dl_195,21,exit_to_Brisbane,21,17,0.44,0
dl_195,20,Wyreema_exit,20,17,0.44,0
dl_196,3,,,,,
dl_196,27,exit_to_Brisbane,27,21,0.44,0
dl_196,26,Wyreema_exit,26,21,0.44,0
dl_196,25,exit_to_Brisbane,25,20,0.44,0
dl_196,24,Gowrie_exit,24,20,0.44,0
dl_197,3,,,,,
dl_197,24,exit_to_Brisbane,24,19,0.44,0
dl_197,23,Wyreema_exit,23,19,0.44,0
dl_197,21,exit_to_Brisbane,21,17,0.44,0
dl_197,20,Gowrie_exit,20,17,0.44,0
dl_198,4,,,,,
dl_198,26,exit_to_Brisbane,26,20,0.44,0
dl_198,25,exit_to_Brisbane,25,20,0.44,0
dl_198,23,Wyreema_exit,23,19,0.44,0
dl_198,21,exit_to_Brisbane,21,17,0.44,0
dl_198,20,Gowrie_exit,20,17,0.44,0
dl_199,4,,,,,
dl_199,24,exit_to_Brisbane,24,19,0.44,0
dl_199,23,Wyreema_exit,23,19,0.44,0
dl_199,26,exit_to_Brisbane,26,20,0.44,0
dl_199,25,exit_to_Brisbane,25,20,0.44,0
dl_199,20,Gowrie_exit,20,17,0.44,0
dl_200,4,,,,,
dl_200,157,Gowrie_exit,157,119,0.44,0
dl_200,160,Wyreema_exit,160,120,0.44,0
dl_200,158,Wyreema_exit,158,119,0.44,0
dl_200,188,exit_to_Brisbane,188,147,0.44,0
dl_200,28,Gowrie_exit,28,23,0.44,0
dl_201,6,,,,,
dl_201,28,Gowrie_exit,28,23,0.44,0
dl_201,159,Gowrie_exit,159,120,0.44,0
dl_201,158,Wyreema_exit,158,119,0.44,0
dl_201,160,Wyreema_exit,160,120,0.44,0
dl_201,173,exit_to_Brisbane,173,132,0.44,0
dl_201,171,Wyreema_exit,171,132,0.44,0
dl_201,172,exit_to_Brisbane,172,131,0.44,0
dl_202,6,,,,,
dl_202,157,Gowrie_exit,157,119,0.44,0
dl_202,160,Wyreema_exit,160,120,0.44,0
dl_202,158,Wyreema_exit,158,119,0.44,0
dl_202,28,Gowrie_exit,28,23,0.44,0
dl_202,173,exit_to_Brisbane,173,132,0.44,0
dl_202,171,Wyreema_exit,171,132,0.44,0
dl_202,172,exit_to_Brisbane,172,131,0.44,0
dl_203,4,,,,,
dl_203,35,Gowrie_exit,35,29,0.44,0
dl_203,28,Gowrie_exit,28,23,0.44,0
dl_203,160,Wyreema_exit,160,120,0.44,0
dl_203,158,Wyreema_exit,158,119,0.44,0
dl_203,189,exit_to_Brisbane,30,24,0.44,0
dl_204,4,,,,,
dl_204,35,Gowrie_exit,35,29,0.44,0
dl_204,160,Wyreema_exit,160,120,0.44,0
dl_204,158,Wyreema_exit,158,119,0.44,0
dl_204,188,exit_to_Brisbane,188,147,0.44,0
dl_204,28,Gowrie_exit,28,23,0.44,0
dl_205,6,,,,,
dl_205,35,Gowrie_exit,35,29,0.44,0
dl_205,160,Wyreema_exit,160,120,0.44,0
dl_205,158,Wyreema_exit,158,119,0.44,0
dl_205,28,Gowrie_exit,28,23,0.44,0
dl_205,173,exit_to_Brisbane,173,132,0.44,0
dl_205,171,Wyreema_exit,171,132,0.44,0
dl_205,172,exit_to_Brisbane,172,131,0.44,0
dl_206,5,,,,,
dl_206,170,Wyreema_exit,170,131,0.44,0
dl_206,173,exit_to_Brisbane,173,132,0.44,0
dl_206,172,Gowrie_exit,172,131,0.44,0
dl_206,159,Gowrie_exit,159,120,0.44,0
dl_206,158,Wyreema_exit,158,119,0.44,0
dl_206,160,exit_to_Brisbane,160,120,0.44,0
dl_207,4,,,,,
dl_207,188,Wyreema_exit,188,146,0.44,0
dl_207,173,exit_to_Brisbane,173,132,0.44,0
dl_207,172,Gowrie_exit,172,131,0.44,0
dl_207,35,Wyreema_exit,35,28,0.44,0
dl_207,189,Wyreema_exit,188,146,0.44,0
dl_208,6,,,,,
dl_208,188,Wyreema_exit,188,146,0.44,0
dl_208,173,exit_to_Brisbane,173,132,0.44,0
dl_208,172,Gowrie_exit,172,131,0.44,0
dl_208,159,Gowrie_exit,159,120,0.44,0
dl_208,158,Wyreema_exit,158,119,0.44,0
dl_208,160,exit_to_Brisbane,160,120,0.44,0
dl_208,189,Wyreema_exit,188,146,0.44,0
dl_209,6,,,,,
dl_209,35,Wyreema_exit,35,28,0.44,0
dl_209,173,exit_to_Brisbane,173,132,0.44,0
dl_209,172,Gowrie_exit,172,131,0.44,0
dl_209,159,Gowrie_exit,159,120,0.44,0
dl_209,158,Wyreema_exit,158,119,0.44,0
dl_209,160,exit_to_Brisbane,160,120,0.44,0
dl_209,28,Gowrie_exit,28,23,0.44,0
dl_210,5,,,,,
dl_210,171,exit_to_Brisbane,171,131,0.44,0
dl_210,172,Gowrie_exit,172,131,0.44,0
dl_210,28,Gowrie_exit,28,23,0.44,0
dl_210,159,Gowrie_exit,159,120,0.44,0
dl_210,158,Wyreema_exit,158,119,0.44,0
dl_210,160,exit_to_Brisbane,160,120,0.44,0
dl_211,5,,,,,
dl_211,157,Gowrie_exit,157,119,0.44,0
dl_211,160,exit_to_Brisbane,160,120,0.44,0
dl_211,158,Wyreema_exit,158,119,0.44,0
dl_211,171,exit_to_Brisbane,171,131,0.44,0
dl_211,172,Gowrie_exit,172,131,0.44,0
dl_211,28,Gowrie_exit,28,23,0.44,0
dl_212,3,,,,,
dl_212,170,Wyreema_exit,170,131,0.44,0
dl_212,173,exit_to_Brisbane,173,132,0.44,0
dl_212,172,exit_to_Brisbane,172,131,0.44,0
dl_212,188,Wyreema_exit,188,146,0.44,0
dl_213,4,,,,,
dl_213,35,Wyreema_exit,35,28,0.44,0
dl_213,170,Wyreema_exit,170,131,0.44,0
dl_213,173,exit_to_Brisbane,173,132,0.44,0
dl_213,172,exit_to_Brisbane,172,131,0.44,0
dl_213,28,Gowrie_exit,28,23,0.44,0
dl_214,3,,,,,
dl_214,170,Wyreema_exit,170,131,0.44,0
dl_214,173,Gowrie_exit,173,132,0.44,0
dl_214,172,Gowrie_exit,172,131,0.44,0
dl_214,35,Wyreema_exit,35,28,0.44,0
dl_215,3,,,,,
dl_215,157,Gowrie_exit,157,119,0.44,0
dl_215,159,exit_to_Brisbane,159,119,0.44,0
dl_215,35,Gowrie_exit,35,29,0.44,0
dl_215,160,Wyreema_exit,160,120,0.44,0
dl_216,3,,,,,
dl_216,35,Gowrie_exit,35,29,0.44,0
dl_216,160,Wyreema_exit,160,120,0.44,0
dl_216,158,Wyreema_exit,158,119,0.44,0
dl_216,31,Gowrie_exit,31,26,0.44,0
dl_217,3,,,,,
dl_217,35,Gowrie_exit,35,29,0.44,0
dl_217,160,Wyreema_exit,160,120,0.44,0
dl_217,158,Wyreema_exit,158,119,0.44,0
dl_217,188,Gowrie_exit,188,147,0.44,0
dl_218,5,,,,,
dl_218,159,Gowrie_exit,159,120,0.44,0
dl_218,158,Wyreema_exit,158,119,0.44,0
dl_218,160,Wyreema_exit,160,120,0.44,0
dl_218,173,Gowrie_exit,173,132,0.44,0
dl_218,171,Wyreema_exit,171,132,0.44,0
dl_218,172,Gowrie_exit,172,131,0.44,0
dl_219,5,,,,,
dl_219,157,Gowrie_exit,157,119,0.44,0
dl_219,160,Wyreema_exit,160,120,0.44,0
dl_219,158,Wyreema_exit,158,119,0.44,0
dl_219,173,Gowrie_exit,173,132,0.44,0
dl_219,171,Wyreema_exit,171,132,0.44,0
dl_219,172,Gowrie_exit,172,131,0.44,0
dl_220,5,,,,,
dl_220,35,Gowrie_exit,35,29,0.44,0
dl_220,160,Wyreema_exit,160,120,0.44,0
dl_220,158,Wyreema_exit,158,119,0.44,0
dl_220,173,Gowrie_exit,173,132,0.44,0
dl_220,171,Wyreema_exit,171,132,0.44,0
dl_220,172,Gowrie_exit,172,131,0.44,0
dl_221,3,,,,,
dl_221,20,exit_to_Brisbane,20,16,0.44,0
dl_221,19,exit_to_Brisbane,19,15,0.44,0
dl_221,18,Gowrie_exit,18,16,0.44,0
dl_221,17,Wyreema_exit,17,15,0.44,0
dl_222,6,,,,,
dl_222,24,exit_to_Brisbane,24,19,0.44,0
dl_222,23,exit_to_Brisbane,23,17,0.44,0
dl_222,22,Wyreema_exit,22,19,0.44,0
dl_222,21,Wyreema_exit,22,19,0.44,0
dl_222,19,exit_to_Brisbane,19,15,0.44,0
dl_222,18,Gowrie_exit,18,16,0.44,0
dl_222,17,Wyreema_exit,17,15,0.44,0
dl_223,8,,,,,
dl_223,27,exit_to_Brisbane,27,21,0.44,0
dl_223,26,Gowrie_exit,26,21,0.44,0
dl_223,25,exit_to_Brisbane,25,20,0.44,0
dl_223,23,exit_to_Brisbane,23,17,0.44,0
dl_223,22,Wyreema_exit,22,19,0.44,0
dl_223,21,Wyreema_exit,22,19,0.44,0
dl_223,19,exit_to_Brisbane,19,15,0.44,0
dl_223,18,Gowrie_exit,18,16,0.44,0
dl_223,17,Wyreema_exit,17,15,0.44,0
dl_224,8,,,,,
dl_224,27,exit_to_Brisbane,27,21,0.44,0
dl_224,26,Gowrie_exit,26,21,0.44,0
dl_224,25,exit_to_Brisbane,25,20,0.44,0
dl_224,24,exit_to_Brisbane,24,19,0.44,0
dl_224,19,exit_to_Brisbane,19,15,0.44,0
dl_224,18,Gowrie_exit,18,16,0.44,0
dl_224,17,Wyreema_exit,17,15,0.44,0
dl_224,22,Wyreema_exit,22,19,0.44,0
dl_224,21,Wyreema_exit,22,19,0.44,0
dl_225,8,,,,,
dl_225,35,exit_to_Brisbane,35,28,0.44,0
dl_225,26,Gowrie_exit,26,21,0.44,0
dl_225,25,exit_to_Brisbane,25,20,0.44,0
dl_225,23,exit_to_Brisbane,23,17,0.44,0
dl_225,22,Wyreema_exit,22,19,0.44,0
dl_225,21,Wyreema_exit,22,19,0.44,0
dl_225,19,exit_to_Brisbane,19,15,0.44,0
dl_225,18,Gowrie_exit,18,16,0.44,0
dl_225,17,Wyreema_exit,17,15,0.44,0
dl_226,8,,,,,
dl_226,35,exit_to_Brisbane,35,28,0.44,0
dl_226,26,Gowrie_exit,26,21,0.44,0
dl_226,25,exit_to_Brisbane,25,20,0.44,0
dl_226,24,exit_to_Brisbane,24,19,0.44,0
dl_226,19,exit_to_Brisbane,19,15,0.44,0
dl_226,18,Gowrie_exit,18,16,0.44,0
dl_226,17,Wyreema_exit,17,15,0.44,0
dl_226,22,Wyreema_exit,22,19,0.44,0
dl_226,21,Wyreema_exit,22,19,0.44,0
dl_227,2,,,,,
dl_227,20,exit_to_Brisbane,20,16,0.44,0
dl_227,19,Wyreema_exit,19,16,0.44,0
dl_227,18,Gowrie_exit,18,16,0.44,0
dl_228,6,,,,,
dl_228,24,exit_to_Brisbane,24,19,0.44,0
dl_228,23,exit_to_Brisbane,23,17,0.44,0
dl_228,22,Wyreema_exit,22,19,0.44,0
dl_228,20,exit_to_Brisbane,20,16,0.44,0
dl_228,17,Wyreema_exit,17,15,0.44,0
dl_228,18,Gowrie_exit,18,16,0.44,0
dl_228,21,Wyreema_exit,22,19,0.44,0
dl_229,8,,,,,
dl_229,27,exit_to_Brisbane,27,21,0.44,0
dl_229,26,Gowrie_exit,26,21,0.44,0
dl_229,25,exit_to_Brisbane,25,20,0.44,0
dl_229,23,exit_to_Brisbane,23,17,0.44,0
dl_229,22,Wyreema_exit,22,19,0.44,0
dl_229,20,exit_to_Brisbane,20,16,0.44,0
dl_229,17,Wyreema_exit,17,15,0.44,0
dl_229,18,Gowrie_exit,18,16,0.44,0
dl_229,21,Wyreema_exit,22,19,0.44,0
dl_230,8,,,,,
dl_230,27,exit_to_Brisbane,27,21,0.44,0
dl_230,26,Gowrie_exit,26,21,0.44,0
dl_230,25,exit_to_Brisbane,25,20,0.44,0
dl_230,24,exit_to_Brisbane,24,19,0.44,0
dl_230,20,exit_to_Brisbane,20,16,0.44,0
dl_230,22,Wyreema_exit,22,19,0.44,0
dl_230,17,Wyreema_exit,17,15,0.44,0
dl_230,18,Gowrie_exit,18,16,0.44,0
dl_230,21,Wyreema_exit,22,19,0.44,0
dl_231,8,,,,,
dl_231,35,exit_to_Brisbane,35,28,0.44,0
dl_231,26,Gowrie_exit,26,21,0.44,0
dl_231,25,exit_to_Brisbane,25,20,0.44,0
dl_231,23,exit_to_Brisbane,23,17,0.44,0
dl_231,22,Wyreema_exit,22,19,0.44,0
dl_231,20,exit_to_Brisbane,20,16,0.44,0
dl_231,17,Wyreema_exit,17,15,0.44,0
dl_231,18,Gowrie_exit,18,16,0.44,0
dl_231,21,Wyreema_exit,22,19,0.44,0
dl_232,8,,,,,
dl_232,35,exit_to_Brisbane,35,28,0.44,0
dl_232,26,Gowrie_exit,26,21,0.44,0
dl_232,25,exit_to_Brisbane,25,20,0.44,0
dl_232,24,exit_to_Brisbane,24,19,0.44,0
dl_232,20,exit_to_Brisbane,20,16,0.44,0
dl_232,22,Wyreema_exit,22,19,0.44,0
dl_232,17,Wyreema_exit,17,15,0.44,0
dl_232,18,Gowrie_exit,18,16,0.44,0
dl_232,21,Wyreema_exit,22,19,0.44,0
dl_233,4,,,,,
dl_233,17,exit_to_Brisbane,17,14,0.44,0
dl_233,216,exit_to_Brisbane,218,13,0.44,0
dl_233,16,Wyreema_exit,16,14,0.44,0
dl_233,15,Wyreema_exit,15,13,0.44,0
dl_233,218,exit_to_Brisbane,218,13,0.44,0
dl_234,6,,,,,
dl_234,20,exit_to_Brisbane,20,16,0.44,0
dl_234,19,exit_to_Brisbane,19,15,0.44,0
dl_234,18,Gowrie_exit,18,16,0.44,0
dl_234,216,exit_to_Brisbane,218,13,0.44,0
dl_234,16,Wyreema_exit,16,14,0.44,0
dl_234,15,Wyreema_exit,15,13,0.44,0
dl_234,218,exit_to_Brisbane,218,13,0.44,0
dl_235,9,,,,,
dl_235,24,exit_to_Brisbane,24,19,0.44,0
dl_235,23,exit_to_Brisbane,23,17,0.44,0
dl_235,22,Wyreema_exit,22,19,0.44,0
dl_235,21,Wyreema_exit,22,19,0.44,0
dl_235,19,exit_to_Brisbane,19,15,0.44,0
dl_235,18,Gowrie_exit,18,16,0.44,0
dl_235,216,exit_to_Brisbane,218,13,0.44,0
dl_235,16,Wyreema_exit,16,14,0.44,0
dl_235,15,Wyreema_exit,15,13,0.44,0
dl_235,218,exit_to_Brisbane,218,13,0.44,0
dl_236,11,,,,,
dl_236,27,exit_to_Brisbane,27,21,0.44,0
dl_236,26,Gowrie_exit,26,21,0.44,0
dl_236,25,exit_to_Brisbane,25,20,0.44,0
dl_236,23,exit_to_Brisbane,23,17,0.44,0
dl_236,22,Wyreema_exit,22,19,0.44,0
dl_236,21,Wyreema_exit,22,19,0.44,0
dl_236,19,exit_to_Brisbane,19,15,0.44,0
dl_236,18,Gowrie_exit,18,16,0.44,0
dl_236,216,exit_to_Brisbane,218,13,0.44,0
dl_236,16,Wyreema_exit,16,14,0.44,0
dl_236,15,Wyreema_exit,15,13,0.44,0
dl_236,218,exit_to_Brisbane,218,13,0.44,0
dl_237,11,,,,,
dl_237,27,exit_to_Brisbane,27,21,0.44,0
dl_237,26,Gowrie_exit,26,21,0.44,0
dl_237,25,exit_to_Brisbane,25,20,0.44,0
dl_237,24,exit_to_Brisbane,24,19,0.44,0
dl_237,19,exit_to_Brisbane,19,15,0.44,0
dl_237,18,Gowrie_exit,18,16,0.44,0
dl_237,216,exit_to_Brisbane,218,13,0.44,0
dl_237,16,Wyreema_exit,16,14,0.44,0
dl_237,15,Wyreema_exit,15,13,0.44,0
dl_237,218,exit_to_Brisbane,218,13,0.44,0
dl_237,22,Wyreema_exit,22,19,0.44,0
dl_237,21,Wyreema_exit,22,19,0.44,0
dl_238,11,,,,,
dl_238,35,exit_to_Brisbane,35,28,0.44,0
dl_238,26,Gowrie_exit,26,21,0.44,0
dl_238,25,exit_to_Brisbane,25,20,0.44,0
dl_238,23,exit_to_Brisbane,23,17,0.44,0
dl_238,22,Wyreema_exit,22,19,0.44,0
dl_238,21,Wyreema_exit,22,19,0.44,0
dl_238,19,exit_to_Brisbane,19,15,0.44,0
dl_238,18,Gowrie_exit,18,16,0.44,0
dl_238,216,exit_to_Brisbane,218,13,0.44,0
dl_238,16,Wyreema_exit,16,14,0.44,0
dl_238,15,Wyreema_exit,15,13,0.44,0
dl_238,218,exit_to_Brisbane,218,13,0.44,0
dl_239,11,,,,,
dl_239,35,exit_to_Brisbane,35,28,0.44,0
dl_239,26,Gowrie_exit,26,21,0.44,0
dl_239,25,exit_to_Brisbane,25,20,0.44,0
dl_239,24,exit_to_Brisbane,24,19,0.44,0
dl_239,19,exit_to_Brisbane,19,15,0.44,0
dl_239,18,Gowrie_exit,18,16,0.44,0
dl_239,216,exit_to_Brisbane,218,13,0.44,0
dl_239,16,Wyreema_exit,16,14,0.44,0
dl_239,15,Wyreema_exit,15,13,0.44,0
dl_239,218,exit_to_Brisbane,218,13,0.44,0
dl_239,22,Wyreema_exit,22,19,0.44,0
dl_239,21,Wyreema_exit,22,19,0.44,0
dl_240,9,,,,,
dl_240,24,exit_to_Brisbane,24,19,0.44,0
dl_240,23,exit_to_Brisbane,23,17,0.44,0
dl_240,22,Wyreema_exit,22,19,0.44,0
dl_240,20,exit_to_Brisbane,20,16,0.44,0
dl_240,216,exit_to_Brisbane,218,13,0.44,0
dl_240,16,Wyreema_exit,16,14,0.44,0
dl_240,15,Wyreema_exit,15,13,0.44,0
dl_240,218,exit_to_Brisbane,218,13,0.44,0
dl_240,18,Gowrie_exit,18,16,0.44,0
dl_240,21,Wyreema_exit,22,19,0.44,0
dl_241,11,,,,,
dl_241,27,exit_to_Brisbane,27,21,0.44,0
dl_241,26,Gowrie_exit,26,21,0.44,0
dl_241,25,exit_to_Brisbane,25,20,0.44,0
dl_241,23,exit_to_Brisbane,23,17,0.44,0
dl_241,22,Wyreema_exit,22,19,0.44,0
dl_241,20,exit_to_Brisbane,20,16,0.44,0
dl_241,216,exit_to_Brisbane,218,13,0.44,0
dl_241,16,Wyreema_exit,16,14,0.44,0
dl_241,15,Wyreema_exit,15,13,0.44,0
dl_241,218,exit_to_Brisbane,218,13,0.44,0
dl_241,18,Gowrie_exit,18,16,0.44,0
dl_241,21,Wyreema_exit,22,19,0.44,0
dl_242,11,,,,,
dl_242,27,exit_to_Brisbane,27,21,0.44,0
dl_242,26,Gowrie_exit,26,21,0.44,0
dl_242,25,exit_to_Brisbane,25,20,0.44,0
dl_242,24,exit_to_Brisbane,24,19,0.44,0
dl_242,20,exit_to_Brisbane,20,16,0.44,0
dl_242,22,Wyreema_exit,22,19,0.44,0
dl_242,216,exit_to_Brisbane,218,13,0.44,0
dl_242,16,Wyreema_exit,16,14,0.44,0
dl_242,15,Wyreema_exit,15,13,0.44,0
dl_242,218,exit_to_Brisbane,218,13,0.44,0
dl_242,18,Gowrie_exit,18,16,0.44,0
dl_242,21,Wyreema_exit,22,19,0.44,0
dl_243,11,,,,,
dl_243,35,exit_to_Brisbane,35,28,0.44,0
dl_243,26,Gowrie_exit,26,21,0.44,0
dl_243,25,exit_to_Brisbane,25,20,0.44,0
dl_243,23,exit_to_Brisbane,23,17,0.44,0
dl_243,22,Wyreema_exit,22,19,0.44,0
dl_243,20,exit_to_Brisbane,20,16,0.44,0
dl_243,216,exit_to_Brisbane,218,13,0.44,0
dl_243,16,Wyreema_exit,16,14,0.44,0
dl_243,15,Wyreema_exit,15,13,0.44,0
dl_243,218,exit_to_Brisbane,218,13,0.44,0
dl_243,18,Gowrie_exit,18,16,0.44,0
dl_243,21,Wyreema_exit,22,19,0.44,0
dl_244,11,,,,,
dl_244,35,exit_to_Brisbane,35,28,0.44,0
dl_244,26,Gowrie_exit,26,21,0.44,0
dl_244,25,exit_to_Brisbane,25,20,0.44,0
dl_244,24,exit_to_Brisbane,24,19,0.44,0
dl_244,20,exit_to_Brisbane,20,16,0.44,0
dl_244,22,Wyreema_exit,22,19,0.44,0
dl_244,216,exit_to_Brisbane,218,13,0.44,0
dl_244,16,Wyreema_exit,16,14,0.44,0
dl_244,15,Wyreema_exit,15,13,0.44,0
dl_244,218,exit_to_Brisbane,218,13,0.44,0
dl_244,18,Gowrie_exit,18,16,0.44,0
dl_244,21,Wyreema_exit,22,19,0.44,0
dl_245,8,,,,,
dl_245,27,exit_to_Brisbane,27,21,0.44,0
dl_245,26,Gowrie_exit,26,21,0.44,0
dl_245,35,exit_to_Brisbane,35,28,0.44,0
dl_245,23,exit_to_Brisbane,23,17,0.44,0
dl_245,22,Wyreema_exit,22,19,0.44,0
dl_245,21,Wyreema_exit,22,19,0.44,0
dl_245,19,exit_to_Brisbane,19,15,0.44,0
dl_245,18,Gowrie_exit,18,16,0.44,0
dl_245,17,Wyreema_exit,17,15,0.44,0
dl_246,8,,,,,
dl_246,27,exit_to_Brisbane,27,21,0.44,0
dl_246,26,Gowrie_exit,26,21,0.44,0
dl_246,35,exit_to_Brisbane,35,28,0.44,0
dl_246,24,exit_to_Brisbane,24,19,0.44,0
dl_246,19,exit_to_Brisbane,19,15,0.44,0
dl_246,18,Gowrie_exit,18,16,0.44,0
dl_246,17,Wyreema_exit,17,15,0.44,0
dl_246,22,Wyreema_exit,22,19,0.44,0
dl_246,21,Wyreema_exit,22,19,0.44,0
dl_247,8,,,,,
dl_247,27,exit_to_Brisbane,27,21,0.44,0
dl_247,26,Gowrie_exit,26,21,0.44,0
dl_247,35,exit_to_Brisbane,35,28,0.44,0
dl_247,23,exit_to_Brisbane,23,17,0.44,0
dl_247,22,Wyreema_exit,22,19,0.44,0
dl_247,20,exit_to_Brisbane,20,16,0.44,0
dl_247,17,Wyreema_exit,17,15,0.44,0
dl_247,18,Gowrie_exit,18,16,0.44,0
dl_247,21,Wyreema_exit,22,19,0.44,0
dl_248,8,,,,,
dl_248,27,exit_to_Brisbane,27,21,0.44,0
dl_248,26,Gowrie_exit,26,21,0.44,0
dl_248,35,exit_to_Brisbane,35,28,0.44,0
dl_248,24,exit_to_Brisbane,24,19,0.44,0
dl_248,20,exit_to_Brisbane,20,16,0.44,0
dl_248,22,Wyreema_exit,22,19,0.44,0
dl_248,17,Wyreema_exit,17,15,0.44,0
dl_248,18,Gowrie_exit,18,16,0.44,0
dl_248,21,Wyreema_exit,22,19,0.44,0
dl_249,11,,,,,
dl_249,27,exit_to_Brisbane,27,21,0.44,0
dl_249,26,Gowrie_exit,26,21,0.44,0
dl_249,35,exit_to_Brisbane,35,28,0.44,0
dl_249,23,exit_to_Brisbane,23,17,0.44,0
dl_249,22,Wyreema_exit,22,19,0.44,0
dl_249,21,Wyreema_exit,22,19,0.44,0
dl_249,19,exit_to_Brisbane,19,15,0.44,0
dl_249,18,Gowrie_exit,18,16,0.44,0
dl_249,216,exit_to_Brisbane,218,13,0.44,0
dl_249,16,Wyreema_exit,16,14,0.44,0
dl_249,15,Wyreema_exit,15,13,0.44,0
dl_249,218,exit_to_Brisbane,218,13,0.44,0
dl_250,11,,,,,
dl_250,27,exit_to_Brisbane,27,21,0.44,0
dl_250,26,Gowrie_exit,26,21,0.44,0
dl_250,35,exit_to_Brisbane,35,28,0.44,0
dl_250,24,exit_to_Brisbane,24,19,0.44,0
dl_250,19,exit_to_Brisbane,19,15,0.44,0
dl_250,18,Gowrie_exit,18,16,0.44,0
dl_250,216,exit_to_Brisbane,218,13,0.44,0
dl_250,16,Wyreema_exit,16,14,0.44,0
dl_250,15,Wyreema_exit,15,13,0.44,0
dl_250,218,exit_to_Brisbane,218,13,0.44,0
dl_250,22,Wyreema_exit,22,19,0.44,0
dl_250,21,Wyreema_exit,22,19,0.44,0
dl_251,11,,,,,
dl_251,27,exit_to_Brisbane,27,21,0.44,0
dl_251,26,Gowrie_exit,26,21,0.44,0
dl_251,35,exit_to_Brisbane,35,28,0.44,0
dl_251,23,exit_to_Brisbane,23,17,0.44,0
dl_251,22,Wyreema_exit,22,19,0.44,0
dl_251,20,exit_to_Brisbane,20,16,0.44,0
dl_251,216,exit_to_Brisbane,218,13,0.44,0
dl_251,16,Wyreema_exit,16,14,0.44,0
dl_251,15,Wyreema_exit,15,13,0.44,0
dl_251,218,exit_to_Brisbane,218,13,0.44,0
dl_251,18,Gowrie_exit,18,16,0.44,0
dl_251,21,Wyreema_exit,22,19,0.44,0
dl_252,11,,,,,
dl_252,27,exit_to_Brisbane,27,21,0.44,0
dl_252,26,Gowrie_exit,26,21,0.44,0
dl_252,35,exit_to_Brisbane,35,28,0.44,0
dl_252,24,exit_to_Brisbane,24,19,0.44,0
dl_252,20,exit_to_Brisbane,20,16,0.44,0
dl_252,22,Wyreema_exit,22,19,0.44,0
dl_252,216,exit_to_Brisbane,218,13,0.44,0
dl_252,16,Wyreema_exit,16,14,0.44,0
dl_252,15,Wyreema_exit,15,13,0.44,0
dl_252,218,exit_to_Brisbane,218,13,0.44,0
dl_252,18,Gowrie_exit,18,16,0.44,0
dl_252,21,Wyreema_exit,22,19,0.44,0
dl_253,2,,,,,
dl_253,17,exit_to_Brisbane,17,14,0.44,0
dl_253,216,Wyreema_exit,216,14,0.44,0
dl_253,16,Wyreema_exit,16,14,0.44,0
dl_254,5,,,,,
dl_254,20,exit_to_Brisbane,20,16,0.44,0
dl_254,19,exit_to_Brisbane,19,15,0.44,0
dl_254,18,Gowrie_exit,18,16,0.44,0
dl_254,17,exit_to_Brisbane,17,14,0.44,0
dl_254,15,Wyreema_exit,15,13,0.44,0
dl_254,16,Wyreema_exit,16,14,0.44,0
dl_255,8,,,,,
dl_255,24,exit_to_Brisbane,24,19,0.44,0
dl_255,23,exit_to_Brisbane,23,17,0.44,0
dl_255,22,Wyreema_exit,22,19,0.44,0
dl_255,21,Wyreema_exit,22,19,0.44,0
dl_255,19,exit_to_Brisbane,19,15,0.44,0
dl_255,18,Gowrie_exit,18,16,0.44,0
dl_255,17,exit_to_Brisbane,17,14,0.44,0
dl_255,15,Wyreema_exit,15,13,0.44,0
dl_255,16,Wyreema_exit,16,14,0.44,0
dl_256,10,,,,,
dl_256,27,exit_to_Brisbane,27,21,0.44,0
dl_256,26,Gowrie_exit,26,21,0.44,0
dl_256,25,exit_to_Brisbane,25,20,0.44,0
dl_256,23,exit_to_Brisbane,23,17,0.44,0
dl_256,22,Wyreema_exit,22,19,0.44,0
dl_256,21,Wyreema_exit,22,19,0.44,0
dl_256,19,exit_to_Brisbane,19,15,0.44,0
dl_256,18,Gowrie_exit,18,16,0.44,0
dl_256,17,exit_to_Brisbane,17,14,0.44,0
dl_256,15,Wyreema_exit,15,13,0.44,0
dl_256,16,Wyreema_exit,16,14,0.44,0
dl_257,10,,,,,
dl_257,27,exit_to_Brisbane,27,21,0.44,0
dl_257,26,Gowrie_exit,26,21,0.44,0
dl_257,25,exit_to_Brisbane,25,20,0.44,0
dl_257,24,exit_to_Brisbane,24,19,0.44,0
dl_257,19,exit_to_Brisbane,19,15,0.44,0
dl_257,18,Gowrie_exit,18,16,0.44,0
dl_257,17,exit_to_Brisbane,17,14,0.44,0
dl_257,15,Wyreema_exit,15,13,0.44,0
dl_257,16,Wyreema_exit,16,14,0.44,0
dl_257,22,Wyreema_exit,22,19,0.44,0
dl_257,21,Wyreema_exit,22,19,0.44,0
dl_258,10,,,,,
dl_258,35,exit_to_Brisbane,35,28,0.44,0
dl_258,26,Gowrie_exit,26,21,0.44,0
dl_258,25,exit_to_Brisbane,25,20,0.44,0
dl_258,23,exit_to_Brisbane,23,17,0.44,0
dl_258,22,Wyreema_exit,22,19,0.44,0
dl_258,21,Wyreema_exit,22,19,0.44,0
dl_258,19,exit_to_Brisbane,19,15,0.44,0
dl_258,18,Gowrie_exit,18,16,0.44,0
dl_258,17,exit_to_Brisbane,17,14,0.44,0
dl_258,15,Wyreema_exit,15,13,0.44,0
dl_258,16,Wyreema_exit,16,14,0.44,0
dl_259,10,,,,,
dl_259,35,exit_to_Brisbane,35,28,0.44,0
dl_259,26,Gowrie_exit,26,21,0.44,0
dl_259,25,exit_to_Brisbane,25,20,0.44,0
dl_259,24,exit_to_Brisbane,24,19,0.44,0
dl_259,19,exit_to_Brisbane,19,15,0.44,0
dl_259,18,Gowrie_exit,18,16,0.44,0
dl_259,17,exit_to_Brisbane,17,14,0.44,0
dl_259,15,Wyreema_exit,15,13,0.44,0
dl_259,16,Wyreema_exit,16,14,0.44,0
dl_259,22,Wyreema_exit,22,19,0.44,0
dl_259,21,Wyreema_exit,22,19,0.44,0
dl_260,8,,,,,
dl_260,24,exit_to_Brisbane,24,19,0.44,0
dl_260,23,exit_to_Brisbane,23,17,0.44,0
dl_260,22,Wyreema_exit,22,19,0.44,0
dl_260,20,exit_to_Brisbane,20,16,0.44,0
dl_260,17,exit_to_Brisbane,17,14,0.44,0
dl_260,18,Gowrie_exit,18,16,0.44,0
dl_260,21,Wyreema_exit,22,19,0.44,0
dl_260,15,Wyreema_exit,15,13,0.44,0
dl_260,16,Wyreema_exit,16,14,0.44,0
dl_261,10,,,,,
dl_261,27,exit_to_Brisbane,27,21,0.44,0
dl_261,26,Gowrie_exit,26,21,0.44,0
dl_261,25,exit_to_Brisbane,25,20,0.44,0
dl_261,23,exit_to_Brisbane,23,17,0.44,0
dl_261,22,Wyreema_exit,22,19,0.44,0
dl_261,20,exit_to_Brisbane,20,16,0.44,0
dl_261,17,exit_to_Brisbane,17,14,0.44,0
dl_261,18,Gowrie_exit,18,16,0.44,0
dl_261,21,Wyreema_exit,22,19,0.44,0
dl_261,15,Wyreema_exit,15,13,0.44,0
dl_261,16,Wyreema_exit,16,14,0.44,0
dl_262,10,,,,,
dl_262,27,exit_to_Brisbane,27,21,0.44,0
dl_262,26,Gowrie_exit,26,21,0.44,0
dl_262,25,exit_to_Brisbane,25,20,0.44,0
dl_262,24,exit_to_Brisbane,24,19,0.44,0
dl_262,20,exit_to_Brisbane,20,16,0.44,0
dl_262,22,Wyreema_exit,22,19,0.44,0
dl_262,17,exit_to_Brisbane,17,14,0.44,0
dl_262,18,Gowrie_exit,18,16,0.44,0
dl_262,21,Wyreema_exit,22,19,0.44,0
dl_262,15,Wyreema_exit,15,13,0.44,0
dl_262,16,Wyreema_exit,16,14,0.44,0
dl_263,10,,,,,
dl_263,35,exit_to_Brisbane,35,28,0.44,0
dl_263,26,Gowrie_exit,26,21,0.44,0
dl_263,25,exit_to_Brisbane,25,20,0.44,0
dl_263,23,exit_to_Brisbane,23,17,0.44,0
dl_263,22,Wyreema_exit,22,19,0.44,0
dl_263,20,exit_to_Brisbane,20,16,0.44,0
dl_263,17,exit_to_Brisbane,17,14,0.44,0
dl_263,18,Gowrie_exit,18,16,0.44,0
dl_263,21,Wyreema_exit,22,19,0.44,0
dl_263,15,Wyreema_exit,15,13,0.44,0
dl_263,16,Wyreema_exit,16,14,0.44,0
dl_264,10,,,,,
dl_264,35,exit_to_Brisbane,35,28,0.44,0
dl_264,26,Gowrie_exit,26,21,0.44,0
dl_264,25,exit_to_Brisbane,25,20,0.44,0
dl_264,24,exit_to_Brisbane,24,19,0.44,0
dl_264,20,exit_to_Brisbane,20,16,0.44,0
dl_264,22,Wyreema_exit,22,19,0.44,0
dl_264,17,exit_to_Brisbane,17,14,0.44,0
dl_264,18,Gowrie_exit,18,16,0.44,0
dl_264,21,Wyreema_exit,22,19,0.44,0
dl_264,15,Wyreema_exit,15,13,0.44,0
dl_264,16,Wyreema_exit,16,14,0.44,0
dl_265,10,,,,,
dl_265,27,exit_to_Brisbane,27,21,0.44,0
dl_265,26,Gowrie_exit,26,21,0.44,0
dl_265,35,exit_to_Brisbane,35,28,0.44,0
dl_265,23,exit_to_Brisbane,23,17,0.44,0
dl_265,22,Wyreema_exit,22,19,0.44,0
dl_265,21,Wyreema_exit,22,19,0.44,0
dl_265,19,exit_to_Brisbane,19,15,0.44,0
dl_265,18,Gowrie_exit,18,16,0.44,0
dl_265,17,exit_to_Brisbane,17,14,0.44,0
dl_265,15,Wyreema_exit,15,13,0.44,0
dl_265,16,Wyreema_exit,16,14,0.44,0
dl_266,10,,,,,
dl_266,27,exit_to_Brisbane,27,21,0.44,0
dl_266,26,Gowrie_exit,26,21,0.44,0
dl_266,35,exit_to_Brisbane,35,28,0.44,0
dl_266,24,exit_to_Brisbane,24,19,0.44,0
dl_266,19,exit_to_Brisbane,19,15,0.44,0
dl_266,18,Gowrie_exit,18,16,0.44,0
dl_266,17,exit_to_Brisbane,17,14,0.44,0
dl_266,15,Wyreema_exit,15,13,0.44,0
dl_266,16,Wyreema_exit,16,14,0.44,0
dl_266,22,Wyreema_exit,22,19,0.44,0
dl_266,21,Wyreema_exit,22,19,0.44,0
dl_267,10,,,,,
dl_267,27,exit_to_Brisbane,27,21,0.44,0
dl_267,26,Gowrie_exit,26,21,0.44,0
dl_267,35,exit_to_Brisbane,35,28,0.44,0
dl_267,23,exit_to_Brisbane,23,17,0.44,0
dl_267,22,Wyreema_exit,22,19,0.44,0
dl_267,20,exit_to_Brisbane,20,16,0.44,0
dl_267,17,exit_to_Brisbane,17,14,0.44,0
dl_267,18,Gowrie_exit,18,16,0.44,0
dl_267,21,Wyreema_exit,22,19,0.44,0
dl_267,15,Wyreema_exit,15,13,0.44,0
dl_267,16,Wyreema_exit,16,14,0.44,0
dl_268,10,,,,,
dl_268,27,exit_to_Brisbane,27,21,0.44,0
dl_268,26,Gowrie_exit,26,21,0.44,0
dl_268,35,exit_to_Brisbane,35,28,0.44,0
dl_268,24,exit_to_Brisbane,24,19,0.44,0
dl_268,20,exit_to_Brisbane,20,16,0.44,0
dl_268,22,Wyreema_exit,22,19,0.44,0
dl_268,17,exit_to_Brisbane,17,14,0.44,0
dl_268,18,Gowrie_exit,18,16,0.44,0
dl_268,21,Wyreema_exit,22,19,0.44,0
dl_268,15,Wyreema_exit,15,13,0.44,0
dl_268,16,Wyreema_exit,16,14,0.44,0
dl_269,4,,,,,
dl_269,27,exit_to_Brisbane,27,21,0.44,0
dl_269,26,Gowrie_exit,26,21,0.44,0
dl_269,25,exit_to_Brisbane,25,20,0.44,0
dl_269,23,Gowrie_exit,23,19,0.44,0
dl_269,22,Wyreema_exit,22,19,0.44,0
dl_270,6,,,,,
dl_270,27,exit_to_Brisbane,27,21,0.44,0
dl_270,26,Gowrie_exit,26,21,0.44,0
dl_270,25,exit_to_Brisbane,25,20,0.44,0
dl_270,20,Gowrie_exit,20,17,0.44,0
dl_270,22,Wyreema_exit,22,19,0.44,0
dl_270,35,exit_to_Brisbane,35,28,0.44,0
dl_270,21,Wyreema_exit,22,19,0.44,0
dl_271,8,,,,,
dl_271,27,exit_to_Brisbane,27,21,0.44,0
dl_271,26,Gowrie_exit,26,21,0.44,0
dl_271,25,exit_to_Brisbane,25,20,0.44,0
dl_271,35,exit_to_Brisbane,35,28,0.44,0
dl_271,19,exit_to_Brisbane,19,15,0.44,0
dl_271,18,Gowrie_exit,18,16,0.44,0
dl_271,17,Wyreema_exit,17,15,0.44,0
dl_271,22,Wyreema_exit,22,19,0.44,0
dl_271,21,Wyreema_exit,22,19,0.44,0
dl_272,8,,,,,
dl_272,27,exit_to_Brisbane,27,21,0.44,0
dl_272,26,Gowrie_exit,26,21,0.44,0
dl_272,25,exit_to_Brisbane,25,20,0.44,0
dl_272,35,exit_to_Brisbane,35,28,0.44,0
dl_272,20,exit_to_Brisbane,20,16,0.44,0
dl_272,22,Wyreema_exit,22,19,0.44,0
dl_272,17,Wyreema_exit,17,15,0.44,0
dl_272,18,Gowrie_exit,18,16,0.44,0
dl_272,21,Wyreema_exit,22,19,0.44,0
dl_273,11,,,,,
dl_273,27,exit_to_Brisbane,27,21,0.44,0
dl_273,26,Gowrie_exit,26,21,0.44,0
dl_273,25,exit_to_Brisbane,25,20,0.44,0
dl_273,35,exit_to_Brisbane,35,28,0.44,0
dl_273,19,exit_to_Brisbane,19,15,0.44,0
dl_273,18,Gowrie_exit,18,16,0.44,0
dl_273,216,exit_to_Brisbane,218,13,0.44,0
dl_273,16,Wyreema_exit,16,14,0.44,0
dl_273,15,Wyreema_exit,15,13,0.44,0
dl_273,218,exit_to_Brisbane,218,13,0.44,0
dl_273,22,Wyreema_exit,22,19,0.44,0
dl_273,21,Wyreema_exit,22,19,0.44,0
dl_274,11,,,,,
dl_274,27,exit_to_Brisbane,27,21,0.44,0
dl_274,26,Gowrie_exit,26,21,0.44,0
dl_274,25,exit_to_Brisbane,25,20,0.44,0
dl_274,35,exit_to_Brisbane,35,28,0.44,0
dl_274,20,exit_to_Brisbane,20,16,0.44,0
dl_274,22,Wyreema_exit,22,19,0.44,0
dl_274,216,exit_to_Brisbane,218,13,0.44,0
dl_274,16,Wyreema_exit,16,14,0.44,0
dl_274,15,Wyreema_exit,15,13,0.44,0
dl_274,218,exit_to_Brisbane,218,13,0.44,0
dl_274,18,Gowrie_exit,18,16,0.44,0
dl_274,21,Wyreema_exit,22,19,0.44,0
dl_275,10,,,,,
dl_275,27,exit_to_Brisbane,27,21,0.44,0
dl_275,26,Gowrie_exit,26,21,0.44,0
dl_275,25,exit_to_Brisbane,25,20,0.44,0
dl_275,35,exit_to_Brisbane,35,28,0.44,0
dl_275,19,exit_to_Brisbane,19,15,0.44,0
dl_275,18,Gowrie_exit,18,16,0.44,0
dl_275,17,exit_to_Brisbane,17,14,0.44,0
dl_275,15,Wyreema_exit,15,13,0.44,0
dl_275,16,Wyreema_exit,16,14,0.44,0
dl_275,22,Wyreema_exit,22,19,0.44,0
dl_275,21,Wyreema_exit,22,19,0.44,0
dl_276,10,,,,,
dl_276,27,exit_to_Brisbane,27,21,0.44,0
dl_276,26,Gowrie_exit,26,21,0.44,0
dl_276,25,exit_to_Brisbane,25,20,0.44,0
dl_276,35,exit_to_Brisbane,35,28,0.44,0
dl_276,20,exit_to_Brisbane,20,16,0.44,0
dl_276,22,Wyreema_exit,22,19,0.44,0
dl_276,17,exit_to_Brisbane,17,14,0.44,0
dl_276,18,Gowrie_exit,18,16,0.44,0
dl_276,21,Wyreema_exit,22,19,0.44,0
dl_276,15,Wyreema_exit,15,13,0.44,0
dl_276,16,Wyreema_exit,16,14,0.44,0
dl_277,5,,,,,
dl_277,171,Wyreema_exit,171,132,0.44,0
dl_277,172,Gowrie_exit,172,131,0.44,0
dl_277,173,exit_to_Brisbane,173,132,0.44,0
dl_277,159,Gowrie_exit,159,120,0.44,0
dl_277,158,Wyreema_exit,158,119,0.44,0
dl_277,160,Wyreema_exit,160,120,0.44,0
dl_278,5,,,,,
dl_278,157,Gowrie_exit,157,119,0.44,0
dl_278,160,Wyreema_exit,160,120,0.44,0
dl_278,158,Wyreema_exit,158,119,0.44,0
dl_278,171,Wyreema_exit,171,132,0.44,0
dl_278,172,Gowrie_exit,172,131,0.44,0
dl_278,173,exit_to_Brisbane,173,132,0.44,0
dl_279,5,,,,,
dl_279,35,Gowrie_exit,35,29,0.44,0
dl_279,160,Wyreema_exit,160,120,0.44,0
dl_279,158,Wyreema_exit,158,119,0.44,0
dl_279,171,Wyreema_exit,171,132,0.44,0
dl_279,172,Gowrie_exit,172,131,0.44,0
dl_279,173,exit_to_Brisbane,173,132,0.44,0
dl_280,6,,,,,
dl_280,31,Gowrie_exit,31,26,0.44,0
dl_280,160,Wyreema_exit,160,120,0.44,0
dl_280,158,Wyreema_exit,158,119,0.44,0
dl_280,171,Wyreema_exit,171,132,0.44,0
dl_280,172,Gowrie_exit,172,131,0.44,0
dl_280,173,exit_to_Brisbane,173,132,0.44,0
dl_280,188,Gowrie_exit,31,26,0.44,0
dl_281,5,,,,,
dl_281,27,exit_to_Brisbane,27,21,0.44,0
dl_281,26,exit_to_Brisbane,26,20,0.44,0
dl_281,25,Gowrie_exit,25,21,0.44,0
dl_281,23,Gowrie_exit,23,19,0.44,0
dl_281,21,exit_to_Brisbane,21,17,0.44,0
dl_281,20,Wyreema_exit,20,17,0.44,0
dl_282,5,,,,,
dl_282,27,exit_to_Brisbane,27,21,0.44,0
dl_282,26,exit_to_Brisbane,26,20,0.44,0
dl_282,25,Gowrie_exit,25,21,0.44,0
dl_282,24,exit_to_Brisbane,24,19,0.44,0
dl_282,23,Gowrie_exit,23,19,0.44,0
dl_282,20,Wyreema_exit,20,17,0.44,0
dl_283,5,,,,,
dl_283,27,exit_to_Brisbane,27,21,0.44,0
dl_283,26,exit_to_Brisbane,26,20,0.44,0
dl_283,25,Gowrie_exit,25,21,0.44,0
dl_283,23,Wyreema_exit,23,19,0.44,0
dl_283,21,exit_to_Brisbane,21,17,0.44,0
dl_283,20,Gowrie_exit,20,17,0.44,0
dl_284,5,,,,,
dl_284,24,exit_to_Brisbane,24,19,0.44,0
dl_284,23,Wyreema_exit,23,19,0.44,0
dl_284,27,exit_to_Brisbane,27,21,0.44,0
dl_284,26,exit_to_Brisbane,26,20,0.44,0
dl_284,25,Gowrie_exit,25,21,0.44,0
dl_284,20,Gowrie_exit,20,17,0.44,0
dl_285,5,,,,,
dl_285,35,exit_to_Brisbane,35,28,0.44,0
dl_285,26,exit_to_Brisbane,26,20,0.44,0
dl_285,25,Gowrie_exit,25,21,0.44,0
dl_285,23,Wyreema_exit,23,19,0.44,0
dl_285,21,exit_to_Brisbane,21,17,0.44,0
dl_285,20,Gowrie_exit,20,17,0.44,0
dl_286,5,,,,,
dl_286,24,exit_to_Brisbane,24,19,0.44,0
dl_286,23,Wyreema_exit,23,19,0.44,0
dl_286,35,exit_to_Brisbane,35,28,0.44,0
dl_286,26,exit_to_Brisbane,26,20,0.44,0
dl_286,25,Gowrie_exit,25,21,0.44,0
dl_286,20,Gowrie_exit,20,17,0.44,0
dl_287,3,,,,,
dl_287,20,exit_to_Brisbane,20,16,0.44,0
dl_287,19,Gowrie_exit,19,16,0.44,0
dl_287,18,exit_to_Brisbane,18,15,0.44,0
dl_287,17,Wyreema_exit,17,15,0.44,0
dl_288,5,,,,,
dl_288,24,exit_to_Brisbane,24,19,0.44,0
dl_288,23,Wyreema_exit,23,19,0.44,0
dl_288,21,exit_to_Brisbane,21,17,0.44,0
dl_288,19,Gowrie_exit,19,16,0.44,0
dl_288,18,exit_to_Brisbane,18,15,0.44,0
dl_288,17,Wyreema_exit,17,15,0.44,0
dl_289,7,,,,,
dl_289,27,exit_to_Brisbane,27,21,0.44,0
dl_289,26,exit_to_Brisbane,26,20,0.44,0
dl_289,25,Gowrie_exit,25,21,0.44,0
dl_289,23,Wyreema_exit,23,19,0.44,0
dl_289,21,exit_to_Brisbane,21,17,0.44,0
dl_289,19,Gowrie_exit,19,16,0.44,0
dl_289,18,exit_to_Brisbane,18,15,0.44,0
dl_289,17,Wyreema_exit,17,15,0.44,0
dl_290,7,,,,,
dl_290,24,exit_to_Brisbane,24,19,0.44,0
dl_290,23,Wyreema_exit,23,19,0.44,0
dl_290,27,exit_to_Brisbane,27,21,0.44,0
dl_290,26,exit_to_Brisbane,26,20,0.44,0
dl_290,25,Gowrie_exit,25,21,0.44,0
dl_290,19,Gowrie_exit,19,16,0.44,0
dl_290,18,exit_to_Brisbane,18,15,0.44,0
dl_290,17,Wyreema_exit,17,15,0.44,0
dl_291,3,,,,,
dl_291,35,Gowrie_exit,35,29,0.44,0
dl_291,159,Wyreema_exit,159,119,0.44,0
dl_291,31,Gowrie_exit,31,26,0.44,0
dl_291,160,Wyreema_exit,160,120,0.44,0
dl_292,3,,,,,
dl_292,35,Gowrie_exit,35,29,0.44,0
dl_292,159,Wyreema_exit,159,119,0.44,0
dl_292,188,Gowrie_exit,188,147,0.44,0
dl_292,160,Wyreema_exit,160,120,0.44,0
dl_293,3,,,,,
dl_293,35,Gowrie_exit,35,29,0.44,0
dl_293,160,exit_to_Brisbane,160,120,0.44,0
dl_293,158,exit_to_Brisbane,158,119,0.44,0
dl_293,28,Gowrie_exit,28,23,0.44,0
dl_294,4,,,,,
dl_294,35,Gowrie_exit,35,29,0.44,0
dl_294,160,exit_to_Brisbane,160,120,0.44,0
dl_294,158,Wyreema_exit,158,119,0.44,0
dl_294,189,exit_to_Brisbane,30,24,0.44,0
dl_294,28,Gowrie_exit,28,23,0.44,0
dl_295,4,,,,,
dl_295,35,Gowrie_exit,35,29,0.44,0
dl_295,160,exit_to_Brisbane,160,120,0.44,0
dl_295,158,Wyreema_exit,158,119,0.44,0
dl_295,188,exit_to_Brisbane,188,147,0.44,0
dl_295,28,Gowrie_exit,28,23,0.44,0
dl_296,6,,,,,
dl_296,189,exit_to_Brisbane,30,24,0.44,0
dl_296,159,Gowrie_exit,159,120,0.44,0
dl_296,158,Wyreema_exit,158,119,0.44,0
dl_296,160,exit_to_Brisbane,160,120,0.44,0
dl_296,26,exit_to_Brisbane,26,20,0.44,0
dl_296,25,Gowrie_exit,25,21,0.44,0
dl_296,24,Wyreema_exit,24,20,0.44,0
dl_297,6,,,,,
dl_297,157,Gowrie_exit,157,119,0.44,0
dl_297,160,exit_to_Brisbane,160,120,0.44,0
dl_297,158,Wyreema_exit,158,119,0.44,0
dl_297,189,exit_to_Brisbane,30,24,0.44,0
dl_297,26,exit_to_Brisbane,26,20,0.44,0
dl_297,25,Gowrie_exit,25,21,0.44,0
dl_297,24,Wyreema_exit,24,20,0.44,0
dl_298,6,,,,,
dl_298,188,exit_to_Brisbane,188,147,0.44,0
dl_298,159,Gowrie_exit,159,120,0.44,0
dl_298,158,Wyreema_exit,158,119,0.44,0
dl_298,160,exit_to_Brisbane,160,120,0.44,0
dl_298,26,exit_to_Brisbane,26,20,0.44,0
dl_298,25,Gowrie_exit,25,21,0.44,0
dl_298,24,Wyreema_exit,24,20,0.44,0
dl_299,6,,,,,
dl_299,157,Gowrie_exit,157,119,0.44,0
dl_299,160,exit_to_Brisbane,160,120,0.44,0
dl_299,158,Wyreema_exit,158,119,0.44,0
dl_299,188,exit_to_Brisbane,188,147,0.44,0
dl_299,26,exit_to_Brisbane,26,20,0.44,0
dl_299,25,Gowrie_exit,25,21,0.44,0
dl_299,24,Wyreema_exit,24,20,0.44,0
dl_300,6,,,,,
dl_300,35,Gowrie_exit,35,29,0.44,0
dl_300,160,exit_to_Brisbane,160,120,0.44,0
dl_300,158,Wyreema_exit,158,119,0.44,0
dl_300,189,exit_to_Brisbane,30,24,0.44,0
dl_300,26,exit_to_Brisbane,26,20,0.44,0
dl_300,25,Gowrie_exit,25,21,0.44,0
dl_300,24,Wyreema_exit,24,20,0.44,0
dl_301,6,,,,,
dl_301,35,Gowrie_exit,35,29,0.44,0
dl_301,160,exit_to_Brisbane,160,120,0.44,0
dl_301,158,Wyreema_exit,158,119,0.44,0
dl_301,188,exit_to_Brisbane,188,147,0.44,0
dl_301,26,exit_to_Brisbane,26,20,0.44,0
dl_301,25,Gowrie_exit,25,21,0.44,0
dl_301,24,Wyreema_exit,24,20,0.44,0
dl_302,3,,,,,
dl_302,24,exit_to_Brisbane,24,19,0.44,0
dl_302,23,Wyreema_exit,23,19,0.44,0
dl_302,21,exit_to_Brisbane,21,17,0.44,0
dl_302,20,Wyreema_exit,20,17,0.44,0
dl_303,4,,,,,
dl_303,15,exit_to_Brisbane,15,2,0.44,0
dl_303,2,exit_to_Brisbane,2,3,0.44,0
dl_303,1,Wyreema_exit,1,2,0.44,0
dl_303,4,Wyreema_exit,4,3,0.44,0
dl_303,3,Wyreema_exit,1,2,0.44,0
dl_304,4,,,,,
dl_304,189,exit_to_Brisbane,30,24,0.44,0
dl_304,26,Gowrie_exit,26,21,0.44,0
dl_304,25,exit_to_Brisbane,25,20,0.44,0
dl_304,24,Gowrie_exit,24,20,0.44,0
dl_304,35,Wyreema_exit,35,28,0.44,0
dl_305,7,,,,,
dl_305,189,exit_to_Brisbane,30,24,0.44,0
dl_305,26,Gowrie_exit,26,21,0.44,0
dl_305,25,exit_to_Brisbane,25,20,0.44,0
dl_305,23,exit_to_Brisbane,23,17,0.44,0
dl_305,22,Gowrie_exit,22,19,0.44,0
dl_305,21,Gowrie_exit,22,19,0.44,0
dl_305,20,Wyreema_exit,20,17,0.44,0
dl_305,35,Wyreema_exit,35,28,0.44,0
dl_306,7,,,,,
dl_306,189,exit_to_Brisbane,30,24,0.44,0
dl_306,24,exit_to_Brisbane,24,19,0.44,0
dl_306,20,Wyreema_exit,20,17,0.44,0
dl_306,22,Gowrie_exit,22,19,0.44,0
dl_306,26,Gowrie_exit,26,21,0.44,0
dl_306,25,exit_to_Brisbane,25,20,0.44,0
dl_306,21,Gowrie_exit,22,19,0.44,0
dl_306,35,Wyreema_exit,35,28,0.44,0
dl_307,4,,,,,
dl_307,35,Wyreema_exit,35,28,0.44,0
dl_307,189,exit_to_Brisbane,30,24,0.44,0
dl_307,26,exit_to_Brisbane,26,20,0.44,0
dl_307,25,Gowrie_exit,25,21,0.44,0
dl_307,24,Gowrie_exit,24,20,0.44,0
dl_308,4,,,,,
dl_308,35,Wyreema_exit,35,28,0.44,0
dl_308,188,exit_to_Brisbane,188,147,0.44,0
dl_308,26,exit_to_Brisbane,26,20,0.44,0
dl_308,25,Gowrie_exit,25,21,0.44,0
dl_308,24,Gowrie_exit,24,20,0.44,0
dl_309,6,,,,,
dl_309,27,exit_to_Brisbane,27,21,0.44,0
dl_309,26,exit_to_Brisbane,26,20,0.44,0
dl_309,25,Gowrie_exit,25,21,0.44,0
dl_309,20,Gowrie_exit,20,17,0.44,0
dl_309,23,exit_to_Brisbane,23,17,0.44,0
dl_309,21,Gowrie_exit,22,19,0.44,0
dl_309,22,Gowrie_exit,22,19,0.44,0
dl_310,7,,,,,
dl_310,35,Wyreema_exit,35,28,0.44,0
dl_310,189,exit_to_Brisbane,30,24,0.44,0
dl_310,26,exit_to_Brisbane,26,20,0.44,0
dl_310,25,Gowrie_exit,25,21,0.44,0
dl_310,20,Gowrie_exit,20,17,0.44,0
dl_310,23,exit_to_Brisbane,23,17,0.44,0
dl_310,21,Gowrie_exit,22,19,0.44,0
dl_310,22,Gowrie_exit,22,19,0.44,0
dl_311,7,,,,,
dl_311,35,Wyreema_exit,35,28,0.44,0
dl_311,188,exit_to_Brisbane,188,147,0.44,0
dl_311,26,exit_to_Brisbane,26,20,0.44,0
dl_311,25,Gowrie_exit,25,21,0.44,0
dl_311,20,Gowrie_exit,20,17,0.44,0
dl_311,23,exit_to_Brisbane,23,17,0.44,0
dl_311,21,Gowrie_exit,22,19,0.44,0
dl_311,22,Gowrie_exit,22,19,0.44,0
dl_312,4,,,,,
dl_312,24,exit_to_Brisbane,24,19,0.44,0
dl_312,23,Gowrie_exit,23,19,0.44,0
dl_312,26,exit_to_Brisbane,26,20,0.44,0
dl_312,25,exit_to_Brisbane,25,20,0.44,0
dl_312,20,Wyreema_exit,20,17,0.44,0
dl_313,3,,,,,
dl_313,20,exit_to_Brisbane,20,16,0.44,0
dl_313,19,Wyreema_exit,19,16,0.44,0
dl_313,18,exit_to_Brisbane,18,15,0.44,0
dl_313,17,Gowrie_exit,17,15,0.44,0
dl_314,3,,,,,
dl_314,28,Gowrie_exit,28,23,0.44,0
dl_314,159,exit_to_Brisbane,159,119,0.44,0
dl_314,158,Gowrie_exit,158,120,0.44,0
dl_314,160,exit_to_Brisbane,160,120,0.44,0
dl_315,4,,,,,
dl_315,15,Wyreema_exit,15,13,0.44,0
dl_315,218,Gowrie_exit,216,14,0.44,0
dl_315,16,exit_to_Brisbane,16,13,0.44,0
dl_315,17,exit_to_Brisbane,17,14,0.44,0
dl_315,216,Gowrie_exit,216,14,0.44,0
dl_316,5,,,,,
dl_316,159,Gowrie_exit,159,120,0.44,0
dl_316,158,Wyreema_exit,158,119,0.44,0
dl_316,160,exit_to_Brisbane,160,120,0.44,0
dl_316,173,Gowrie_exit,173,132,0.44,0
dl_316,171,Wyreema_exit,171,132,0.44,0
dl_316,172,Gowrie_exit,172,131,0.44,0
dl_317,5,,,,,
dl_317,157,Gowrie_exit,157,119,0.44,0
dl_317,160,exit_to_Brisbane,160,120,0.44,0
dl_317,158,Wyreema_exit,158,119,0.44,0
dl_317,173,Gowrie_exit,173,132,0.44,0
dl_317,171,Wyreema_exit,171,132,0.44,0
dl_317,172,Gowrie_exit,172,131,0.44,0
dl_318,5,,,,,
dl_318,35,Gowrie_exit,35,29,0.44,0
dl_318,160,exit_to_Brisbane,160,120,0.44,0
dl_318,158,Wyreema_exit,158,119,0.44,0
dl_318,173,Gowrie_exit,173,132,0.44,0
dl_318,171,Wyreema_exit,171,132,0.44,0
dl_318,172,Gowrie_exit,172,131,0.44,0
dl_319,4,,,,,
dl_319,171,Gowrie_exit,171,131,0.44,0
dl_319,172,Gowrie_exit,172,131,0.44,0
dl_319,159,Gowrie_exit,159,120,0.44,0
dl_319,158,Wyreema_exit,158,119,0.44,0
dl_319,160,exit_to_Brisbane,160,120,0.44,0
dl_320,3,,,,,
dl_320,157,Gowrie_exit,157,119,0.44,0
dl_320,159,Wyreema_exit,159,119,0.44,0
dl_320,31,Gowrie_exit,31,26,0.44,0
dl_320,160,exit_to_Brisbane,160,120,0.44,0
dl_321,3,,,,,
dl_321,157,Gowrie_exit,157,119,0.44,0
dl_321,159,Wyreema_exit,159,119,0.44,0
dl_321,188,Gowrie_exit,188,147,0.44,0
dl_321,160,exit_to_Brisbane,160,120,0.44,0
dl_322,3,,,,,
dl_322,35,Gowrie_exit,35,29,0.44,0
dl_322,159,Wyreema_exit,159,119,0.44,0
dl_322,31,Gowrie_exit,31,26,0.44,0
dl_322,160,exit_to_Brisbane,160,120,0.44,0
dl_323,3,,,,,
dl_323,35,Gowrie_exit,35,29,0.44,0
dl_323,159,Wyreema_exit,159,119,0.44,0
dl_323,188,Gowrie_exit,188,147,0.44,0
dl_323,160,exit_to_Brisbane,160,120,0.44,0
dl_324,5,,,,,
dl_324,159,Gowrie_exit,159,120,0.44,0
dl_324,158,exit_to_Brisbane,158,119,0.44,0
dl_324,160,exit_to_Brisbane,160,120,0.44,0
dl_324,26,exit_to_Brisbane,26,20,0.44,0
dl_324,25,Gowrie_exit,25,21,0.44,0
dl_324,24,Wyreema_exit,24,20,0.44,0
dl_325,5,,,,,
dl_325,157,Gowrie_exit,157,119,0.44,0
dl_325,160,exit_to_Brisbane,160,120,0.44,0
dl_325,158,exit_to_Brisbane,158,119,0.44,0
dl_325,26,exit_to_Brisbane,26,20,0.44,0
dl_325,25,Gowrie_exit,25,21,0.44,0
dl_325,24,Wyreema_exit,24,20,0.44,0
dl_326,5,,,,,
dl_326,35,Gowrie_exit,35,29,0.44,0
dl_326,160,exit_to_Brisbane,160,120,0.44,0
dl_326,158,exit_to_Brisbane,158,119,0.44,0
dl_326,26,exit_to_Brisbane,26,20,0.44,0
dl_326,25,Gowrie_exit,25,21,0.44,0
dl_326,24,Wyreema_exit,24,20,0.44,0
dl_327,2,,,,,
dl_327,188,Wyreema_exit,188,146,0.44,0
dl_327,171,exit_to_Brisbane,171,131,0.44,0
dl_327,172,exit_to_Brisbane,172,131,0.44,0
dl_328,3,,,,,
dl_328,35,Wyreema_exit,35,28,0.44,0
dl_328,28,Gowrie_exit,28,23,0.44,0
dl_328,171,exit_to_Brisbane,171,131,0.44,0
dl_328,172,exit_to_Brisbane,172,131,0.44,0
dl_329,6,,,,,
dl_329,35,exit_to_Brisbane,35,28,0.44,0
dl_329,26,Gowrie_exit,26,21,0.44,0
dl_329,25,exit_to_Brisbane,25,20,0.44,0
dl_329,20,Gowrie_exit,20,17,0.44,0
dl_329,23,exit_to_Brisbane,23,17,0.44,0
dl_329,21,Gowrie_exit,22,19,0.44,0
dl_329,22,Gowrie_exit,22,19,0.44,0
dl_330,6,,,,,
dl_330,24,exit_to_Brisbane,24,19,0.44,0
dl_330,20,Gowrie_exit,20,17,0.44,0
dl_330,22,Gowrie_exit,22,19,0.44,0
dl_330,35,exit_to_Brisbane,35,28,0.44,0
dl_330,26,Gowrie_exit,26,21,0.44,0
dl_330,25,exit_to_Brisbane,25,20,0.44,0
dl_330,21,Gowrie_exit,22,19,0.44,0
dl_331,3,,,,,
dl_331,35,Gowrie_exit,35,29,0.44,0
dl_331,160,Wyreema_exit,160,120,0.44,0
dl_331,158,exit_to_Brisbane,158,119,0.44,0
dl_331,28,Gowrie_exit,28,23,0.44,0
dl_332,2,,,,,
dl_332,35,exit_to_Brisbane,35,28,0.44,0
dl_332,26,Gowrie_exit,26,21,0.44,0
dl_332,25,Gowrie_exit,25,21,0.44,0
dl_333,5,,,,,
dl_333,26,exit_to_Brisbane,26,20,0.44,0
dl_333,25,Gowrie_exit,25,21,0.44,0
dl_333,24,Wyreema_exit,24,20,0.44,0
dl_333,159,Gowrie_exit,159,120,0.44,0
dl_333,158,exit_to_Brisbane,158,119,0.44,0
dl_333,160,Wyreema_exit,160,120,0.44,0
dl_334,5,,,,,
dl_334,157,Gowrie_exit,157,119,0.44,0
dl_334,160,Wyreema_exit,160,120,0.44,0
dl_334,158,exit_to_Brisbane,158,119,0.44,0
dl_334,26,exit_to_Brisbane,26,20,0.44,0
dl_334,25,Gowrie_exit,25,21,0.44,0
dl_334,24,Wyreema_exit,24,20,0.44,0
dl_335,5,,,,,
dl_335,35,Gowrie_exit,35,29,0.44,0
dl_335,160,Wyreema_exit,160,120,0.44,0
dl_335,158,exit_to_Brisbane,158,119,0.44,0
dl_335,26,exit_to_Brisbane,26,20,0.44,0
dl_335,25,Gowrie_exit,25,21,0.44,0
dl_335,24,Wyreema_exit,24,20,0.44,0
dl_336,6,,,,,
dl_336,35,exit_to_Brisbane,35,28,0.44,0
dl_336,26,exit_to_Brisbane,26,20,0.44,0
dl_336,25,Gowrie_exit,25,21,0.44,0
dl_336,20,Gowrie_exit,20,17,0.44,0
dl_336,23,exit_to_Brisbane,23,17,0.44,0
dl_336,21,Gowrie_exit,22,19,0.44,0
dl_336,22,Gowrie_exit,22,19,0.44,0
dl_337,6,,,,,
dl_337,27,exit_to_Brisbane,27,21,0.44,0
dl_337,26,exit_to_Brisbane,26,20,0.44,0
dl_337,25,Gowrie_exit,25,21,0.44,0
dl_337,24,exit_to_Brisbane,24,19,0.44,0
dl_337,20,Gowrie_exit,20,17,0.44,0
dl_337,22,Gowrie_exit,22,19,0.44,0
dl_337,21,Gowrie_exit,22,19,0.44,0
dl_338,6,,,,,
dl_338,35,exit_to_Brisbane,35,28,0.44,0
dl_338,26,exit_to_Brisbane,26,20,0.44,0
dl_338,25,Gowrie_exit,25,21,0.44,0
dl_338,24,exit_to_Brisbane,24,19,0.44,0
dl_338,20,Gowrie_exit,20,17,0.44,0
dl_338,22,Gowrie_exit,22,19,0.44,0
dl_338,21,Gowrie_exit,22,19,0.44,0
dl_339,4,,,,,
dl_339,159,Wyreema_exit,159,119,0.44,0
dl_339,158,Wyreema_exit,158,119,0.44,0
dl_339,173,Gowrie_exit,173,132,0.44,0
dl_339,171,Wyreema_exit,171,132,0.44,0
dl_339,172,Gowrie_exit,172,131,0.44,0
dl_340,5,,,,,
dl_340,170,Wyreema_exit,170,131,0.44,0
dl_340,173,exit_to_Brisbane,173,132,0.44,0
dl_340,172,Gowrie_exit,172,131,0.44,0
dl_340,159,Gowrie_exit,159,120,0.44,0
dl_340,158,Wyreema_exit,158,119,0.44,0
dl_340,160,Wyreema_exit,160,120,0.44,0
dl_341,6,,,,,
dl_341,188,Wyreema_exit,188,146,0.44,0
dl_341,173,exit_to_Brisbane,173,132,0.44,0
dl_341,172,Gowrie_exit,172,131,0.44,0
dl_341,159,Gowrie_exit,159,120,0.44,0
dl_341,158,Wyreema_exit,158,119,0.44,0
dl_341,160,Wyreema_exit,160,120,0.44,0
dl_341,189,Wyreema_exit,188,146,0.44,0
dl_342,5,,,,,
dl_342,170,Wyreema_exit,170,131,0.44,0
dl_342,173,Gowrie_exit,173,132,0.44,0
dl_342,172,Gowrie_exit,172,131,0.44,0
dl_342,159,Gowrie_exit,159,120,0.44,0
dl_342,158,Wyreema_exit,158,119,0.44,0
dl_342,160,Wyreema_exit,160,120,0.44,0
dl_343,4,,,,,
dl_343,188,Wyreema_exit,188,146,0.44,0
dl_343,173,Gowrie_exit,173,132,0.44,0
dl_343,172,Gowrie_exit,172,131,0.44,0
dl_343,35,Wyreema_exit,35,28,0.44,0
dl_343,31,Wyreema_exit,188,146,0.44,0
dl_344,6,,,,,
dl_344,188,Wyreema_exit,188,146,0.44,0
dl_344,173,Gowrie_exit,173,132,0.44,0
dl_344,172,Gowrie_exit,172,131,0.44,0
dl_344,159,Gowrie_exit,159,120,0.44,0
dl_344,158,Wyreema_exit,158,119,0.44,0
dl_344,160,Wyreema_exit,160,120,0.44,0
dl_344,31,Wyreema_exit,188,146,0.44,0
dl_345,5,,,,,
dl_345,35,Wyreema_exit,35,28,0.44,0
dl_345,173,Gowrie_exit,173,132,0.44,0
dl_345,172,Gowrie_exit,172,131,0.44,0
dl_345,159,Gowrie_exit,159,120,0.44,0
dl_345,158,Wyreema_exit,158,119,0.44,0
dl_345,160,Wyreema_exit,160,120,0.44,0
dl_346,4,,,,,
dl_346,24,exit_to_Brisbane,24,19,0.44,0
dl_346,23,exit_to_Brisbane,23,17,0.44,0
dl_346,22,Wyreema_exit,22,19,0.44,0
dl_346,21,Wyreema_exit,22,19,0.44,0
dl_346,20,Wyreema_exit,20,17,0.44,0
dl_347,6,,,,,
dl_347,27,exit_to_Brisbane,27,21,0.44,0
dl_347,26,exit_to_Brisbane,26,20,0.44,0
dl_347,25,Gowrie_exit,25,21,0.44,0
dl_347,23,exit_to_Brisbane,23,17,0.44,0
dl_347,22,Wyreema_exit,22,19,0.44,0
dl_347,21,Wyreema_exit,22,19,0.44,0
dl_347,20,Wyreema_exit,20,17,0.44,0
dl_348,6,,,,,
dl_348,35,exit_to_Brisbane,35,28,0.44,0
dl_348,26,exit_to_Brisbane,26,20,0.44,0
dl_348,25,Gowrie_exit,25,21,0.44,0
dl_348,23,exit_to_Brisbane,23,17,0.44,0
dl_348,22,Wyreema_exit,22,19,0.44,0
dl_348,21,Wyreema_exit,22,19,0.44,0
dl_348,20,Wyreema_exit,20,17,0.44,0
dl_349,6,,,,,
dl_349,24,exit_to_Brisbane,24,19,0.44,0
dl_349,20,Wyreema_exit,20,17,0.44,0
dl_349,22,Wyreema_exit,22,19,0.44,0
dl_349,27,exit_to_Brisbane,27,21,0.44,0
dl_349,26,exit_to_Brisbane,26,20,0.44,0
dl_349,25,Gowrie_exit,25,21,0.44,0
dl_349,21,Wyreema_exit,22,19,0.44,0
dl_350,6,,,,,
dl_350,24,exit_to_Brisbane,24,19,0.44,0
dl_350,20,Wyreema_exit,20,17,0.44,0
dl_350,22,Wyreema_exit,22,19,0.44,0
dl_350,35,exit_to_Brisbane,35,28,0.44,0
dl_350,26,exit_to_Brisbane,26,20,0.44,0
dl_350,25,Gowrie_exit,25,21,0.44,0
dl_350,21,Wyreema_exit,22,19,0.44,0
dl_351,6,,,,,
dl_351,27,exit_to_Brisbane,27,21,0.44,0
dl_351,25,Gowrie_exit,25,21,0.44,0
dl_351,35,exit_to_Brisbane,35,28,0.44,0
dl_351,23,exit_to_Brisbane,23,17,0.44,0
dl_351,22,Wyreema_exit,22,19,0.44,0
dl_351,21,Wyreema_exit,22,19,0.44,0
dl_351,20,Wyreema_exit,20,17,0.44,0
dl_352,6,,,,,
dl_352,24,exit_to_Brisbane,24,19,0.44,0
dl_352,20,Wyreema_exit,20,17,0.44,0
dl_352,22,Wyreema_exit,22,19,0.44,0
dl_352,27,exit_to_Brisbane,27,21,0.44,0
dl_352,25,Gowrie_exit,25,21,0.44,0
dl_352,35,exit_to_Brisbane,35,28,0.44,0
dl_352,21,Wyreema_exit,22,19,0.44,0
dl_353,2,,,,,
dl_353,15,exit_to_Brisbane,15,2,0.44,0
dl_353,2,Wyreema_exit,2,2,0.44,0
dl_353,1,Wyreema_exit,1,2,0.44,0
dl_354,4,,,,,
dl_354,26,exit_to_Brisbane,26,20,0.44,0
dl_354,25,exit_to_Brisbane,25,20,0.44,0
dl_354,23,Wyreema_exit,23,19,0.44,0
dl_354,21,exit_to_Brisbane,21,17,0.44,0
dl_354,20,Wyreema_exit,20,17,0.44,0
dl_355,2,,,,,
dl_355,4,Gowrie_exit,4,3,0.44,0
dl_355,2,exit_to_Brisbane,2,3,0.44,0
dl_355,3,exit_to_Brisbane,3,3,0.44,0
dl_356,5,,,,,
dl_356,26,Gowrie_exit,26,21,0.44,0
dl_356,25,exit_to_Brisbane,25,20,0.44,0
dl_356,24,Wyreema_exit,24,20,0.44,0
dl_356,159,Gowrie_exit,159,120,0.44,0
dl_356,158,exit_to_Brisbane,158,119,0.44,0
dl_356,160,Wyreema_exit,160,120,0.44,0
dl_357,4,,,,,
dl_357,35,Wyreema_exit,35,28,0.44,0
dl_357,189,exit_to_Brisbane,30,24,0.44,0
dl_357,26,Gowrie_exit,26,21,0.44,0
dl_357,25,exit_to_Brisbane,25,20,0.44,0
dl_357,24,Wyreema_exit,24,20,0.44,0
dl_358,4,,,,,
dl_358,35,Wyreema_exit,35,28,0.44,0
dl_358,188,exit_to_Brisbane,188,147,0.44,0
dl_358,26,Gowrie_exit,26,21,0.44,0
dl_358,25,exit_to_Brisbane,25,20,0.44,0
dl_358,24,Wyreema_exit,24,20,0.44,0
dl_359,4,,,,,
dl_359,27,exit_to_Brisbane,27,21,0.44,0
dl_359,26,Gowrie_exit,26,21,0.44,0
dl_359,35,Wyreema_exit,35,28,0.44,0
dl_359,189,exit_to_Brisbane,30,24,0.44,0
dl_359,24,Wyreema_exit,24,20,0.44,0
dl_360,4,,,,,
dl_360,27,exit_to_Brisbane,27,21,0.44,0
dl_360,26,Gowrie_exit,26,21,0.44,0
dl_360,35,Wyreema_exit,35,28,0.44,0
dl_360,188,exit_to_Brisbane,188,147,0.44,0
dl_360,24,Wyreema_exit,24,20,0.44,0
dl_361,8,,,,,
dl_361,159,Gowrie_exit,159,120,0.44,0
dl_361,158,exit_to_Brisbane,158,119,0.44,0
dl_361,160,exit_to_Brisbane,160,120,0.44,0
dl_361,26,exit_to_Brisbane,26,20,0.44,0
dl_361,25,Gowrie_exit,25,21,0.44,0
dl_361,23,exit_to_Brisbane,23,17,0.44,0
dl_361,22,Wyreema_exit,22,19,0.44,0
dl_361,20,Gowrie_exit,20,17,0.44,0
dl_361,21,Wyreema_exit,22,19,0.44,0
dl_362,8,,,,,
dl_362,157,Gowrie_exit,157,119,0.44,0
dl_362,160,exit_to_Brisbane,160,120,0.44,0
dl_362,158,exit_to_Brisbane,158,119,0.44,0
dl_362,26,exit_to_Brisbane,26,20,0.44,0
dl_362,25,Gowrie_exit,25,21,0.44,0
dl_362,23,exit_to_Brisbane,23,17,0.44,0
dl_362,22,Wyreema_exit,22,19,0.44,0
dl_362,20,Gowrie_exit,20,17,0.44,0
dl_362,21,Wyreema_exit,22,19,0.44,0
dl_363,8,,,,,
dl_363,35,Gowrie_exit,35,29,0.44,0
dl_363,160,exit_to_Brisbane,160,120,0.44,0
dl_363,158,exit_to_Brisbane,158,119,0.44,0
dl_363,26,exit_to_Brisbane,26,20,0.44,0
dl_363,25,Gowrie_exit,25,21,0.44,0
dl_363,23,exit_to_Brisbane,23,17,0.44,0
dl_363,22,Wyreema_exit,22,19,0.44,0
dl_363,20,Gowrie_exit,20,17,0.44,0
dl_363,21,Wyreema_exit,22,19,0.44,0
dl_364,6,,,,,
dl_364,189,exit_to_Brisbane,30,24,0.44,0
dl_364,159,Gowrie_exit,159,120,0.44,0
dl_364,158,Wyreema_exit,158,119,0.44,0
dl_364,160,Wyreema_exit,160,120,0.44,0
dl_364,26,exit_to_Brisbane,26,20,0.44,0
dl_364,25,Gowrie_exit,25,21,0.44,0
dl_364,24,Gowrie_exit,24,20,0.44,0
dl_365,6,,,,,
dl_365,157,Gowrie_exit,157,119,0.44,0
dl_365,160,Wyreema_exit,160,120,0.44,0
dl_365,158,Wyreema_exit,158,119,0.44,0
dl_365,189,exit_to_Brisbane,30,24,0.44,0
dl_365,26,exit_to_Brisbane,26,20,0.44,0
dl_365,25,Gowrie_exit,25,21,0.44,0
dl_365,24,Gowrie_exit,24,20,0.44,0
dl_366,6,,,,,
dl_366,188,exit_to_Brisbane,188,147,0.44,0
dl_366,159,Gowrie_exit,159,120,0.44,0
dl_366,158,Wyreema_exit,158,119,0.44,0
dl_366,160,Wyreema_exit,160,120,0.44,0
dl_366,26,exit_to_Brisbane,26,20,0.44,0
dl_366,25,Gowrie_exit,25,21,0.44,0
dl_366,24,Gowrie_exit,24,20,0.44,0
dl_367,6,,,,,
dl_367,157,Gowrie_exit,157,119,0.44,0
dl_367,160,Wyreema_exit,160,120,0.44,0
dl_367,158,Wyreema_exit,158,119,0.44,0
dl_367,188,exit_to_Brisbane,188,147,0.44,0
dl_367,26,exit_to_Brisbane,26,20,0.44,0
dl_367,25,Gowrie_exit,25,21,0.44,0
dl_367,24,Gowrie_exit,24,20,0.44,0
dl_368,6,,,,,
dl_368,35,Gowrie_exit,35,29,0.44,0
dl_368,160,Wyreema_exit,160,120,0.44,0
dl_368,158,Wyreema_exit,158,119,0.44,0
dl_368,189,exit_to_Brisbane,30,24,0.44,0
dl_368,26,exit_to_Brisbane,26,20,0.44,0
dl_368,25,Gowrie_exit,25,21,0.44,0
dl_368,24,Gowrie_exit,24,20,0.44,0
dl_369,6,,,,,
dl_369,35,Gowrie_exit,35,29,0.44,0
dl_369,160,Wyreema_exit,160,120,0.44,0
dl_369,158,Wyreema_exit,158,119,0.44,0
dl_369,188,exit_to_Brisbane,188,147,0.44,0
dl_369,26,exit_to_Brisbane,26,20,0.44,0
dl_369,25,Gowrie_exit,25,21,0.44,0
dl_369,24,Gowrie_exit,24,20,0.44,0
dl_370,5,,,,,
dl_370,188,exit_to_Brisbane,30,24,0.44,0
dl_370,28,Wyreema_exit,28,23,0.44,0
dl_370,171,exit_to_Brisbane,171,131,0.44,0
dl_370,172,exit_to_Brisbane,172,131,0.44,0
dl_370,191,Wyreema_exit,191,146,0.44,0
dl_370,30,exit_to_Brisbane,30,24,0.44,0
dl_371,6,,,,,
dl_371,27,exit_to_Brisbane,27,21,0.44,0
dl_371,26,Wyreema_exit,26,21,0.44,0
dl_371,25,exit_to_Brisbane,25,20,0.44,0
dl_371,20,Gowrie_exit,20,17,0.44,0
dl_371,23,exit_to_Brisbane,23,17,0.44,0
dl_371,21,Gowrie_exit,22,19,0.44,0
dl_371,22,Gowrie_exit,22,19,0.44,0
dl_372,6,,,,,
dl_372,27,exit_to_Brisbane,27,21,0.44,0
dl_372,26,Wyreema_exit,26,21,0.44,0
dl_372,25,exit_to_Brisbane,25,20,0.44,0
dl_372,24,exit_to_Brisbane,24,19,0.44,0
dl_372,20,Gowrie_exit,20,17,0.44,0
dl_372,22,Gowrie_exit,22,19,0.44,0
dl_372,21,Gowrie_exit,22,19,0.44,0
dl_373,5,,,,,
dl_373,171,exit_to_Brisbane,171,131,0.44,0
dl_373,172,Gowrie_exit,172,131,0.44,0
dl_373,188,exit_to_Brisbane,30,24,0.44,0
dl_373,28,Wyreema_exit,28,23,0.44,0
dl_373,191,Wyreema_exit,191,146,0.44,0
dl_373,30,exit_to_Brisbane,30,24,0.44,0
dl_374,9,,,,,
dl_374,27,exit_to_Brisbane,27,21,0.44,0
dl_374,26,Wyreema_exit,26,21,0.44,0
dl_374,25,exit_to_Brisbane,25,20,0.44,0
dl_374,24,exit_to_Brisbane,24,19,0.44,0
dl_374,23,exit_to_Brisbane,23,17,0.44,0
dl_374,22,Gowrie_exit,22,19,0.44,0
dl_374,21,Gowrie_exit,22,19,0.44,0
dl_374,19,exit_to_Brisbane,19,15,0.44,0
dl_374,18,Gowrie_exit,18,16,0.44,0
dl_374,17,Gowrie_exit,17,15,0.44,0
dl_375,6,,,,,
dl_375,24,exit_to_Brisbane,24,19,0.44,0
dl_375,23,exit_to_Brisbane,23,17,0.44,0
dl_375,22,Gowrie_exit,22,19,0.44,0
dl_375,21,Gowrie_exit,22,19,0.44,0
dl_375,19,exit_to_Brisbane,19,15,0.44,0
dl_375,18,Gowrie_exit,18,16,0.44,0
dl_375,17,Gowrie_exit,17,15,0.44,0
dl_376,8,,,,,
dl_376,27,exit_to_Brisbane,27,21,0.44,0
dl_376,26,Wyreema_exit,26,21,0.44,0
dl_376,25,exit_to_Brisbane,25,20,0.44,0
dl_376,23,exit_to_Brisbane,23,17,0.44,0
dl_376,22,Gowrie_exit,22,19,0.44,0
dl_376,21,Gowrie_exit,22,19,0.44,0
dl_376,19,exit_to_Brisbane,19,15,0.44,0
dl_376,18,Gowrie_exit,18,16,0.44,0
dl_376,17,Gowrie_exit,17,15,0.44,0
dl_377,8,,,,,
dl_377,27,exit_to_Brisbane,27,21,0.44,0
dl_377,26,Wyreema_exit,26,21,0.44,0
dl_377,25,exit_to_Brisbane,25,20,0.44,0
dl_377,24,exit_to_Brisbane,24,19,0.44,0
dl_377,19,exit_to_Brisbane,19,15,0.44,0
dl_377,18,Gowrie_exit,18,16,0.44,0
dl_377,17,Gowrie_exit,17,15,0.44,0
dl_377,22,Gowrie_exit,22,19,0.44,0
dl_377,21,Gowrie_exit,22,19,0.44,0
dl_378,7,,,,,
dl_378,171,exit_to_Brisbane,171,131,0.44,0
dl_378,172,Gowrie_exit,172,131,0.44,0
dl_378,188,exit_to_Brisbane,30,24,0.44,0
dl_378,191,Wyreema_exit,191,146,0.44,0
dl_378,30,exit_to_Brisbane,30,24,0.44,0
dl_378,26,Wyreema_exit,26,21,0.44,0
dl_378,25,exit_to_Brisbane,25,20,0.44,0
dl_378,24,Gowrie_exit,24,20,0.44,0
dl_379,10,,,,,
dl_379,171,exit_to_Brisbane,171,131,0.44,0
dl_379,172,Gowrie_exit,172,131,0.44,0
dl_379,188,exit_to_Brisbane,30,24,0.44,0
dl_379,191,Wyreema_exit,191,146,0.44,0
dl_379,30,exit_to_Brisbane,30,24,0.44,0
dl_379,26,Wyreema_exit,26,21,0.44,0
dl_379,25,exit_to_Brisbane,25,20,0.44,0
dl_379,20,Gowrie_exit,20,17,0.44,0
dl_379,23,exit_to_Brisbane,23,17,0.44,0
dl_379,21,Gowrie_exit,22,19,0.44,0
dl_379,22,Gowrie_exit,22,19,0.44,0
dl_380,10,,,,,
dl_380,171,exit_to_Brisbane,171,131,0.44,0
dl_380,172,Gowrie_exit,172,131,0.44,0
dl_380,188,exit_to_Brisbane,30,24,0.44,0
dl_380,191,Wyreema_exit,191,146,0.44,0
dl_380,30,exit_to_Brisbane,30,24,0.44,0
dl_380,26,Wyreema_exit,26,21,0.44,0
dl_380,25,exit_to_Brisbane,25,20,0.44,0
dl_380,24,exit_to_Brisbane,24,19,0.44,0
dl_380,20,Gowrie_exit,20,17,0.44,0
dl_380,22,Gowrie_exit,22,19,0.44,0
dl_380,21,Gowrie_exit,22,19,0.44,0
dl_381,12,,,,,
dl_381,171,exit_to_Brisbane,171,131,0.44,0
dl_381,172,Gowrie_exit,172,131,0.44,0
dl_381,188,exit_to_Brisbane,30,24,0.44,0
dl_381,191,Wyreema_exit,191,146,0.44,0
dl_381,30,exit_to_Brisbane,30,24,0.44,0
dl_381,26,Wyreema_exit,26,21,0.44,0
dl_381,25,exit_to_Brisbane,25,20,0.44,0
dl_381,23,exit_to_Brisbane,23,17,0.44,0
dl_381,22,Gowrie_exit,22,19,0.44,0
dl_381,21,Gowrie_exit,22,19,0.44,0
dl_381,19,exit_to_Brisbane,19,15,0.44,0
dl_381,18,Gowrie_exit,18,16,0.44,0
dl_381,17,Gowrie_exit,17,15,0.44,0
dl_382,12,,,,,
dl_382,171,exit_to_Brisbane,171,131,0.44,0
dl_382,172,Gowrie_exit,172,131,0.44,0
dl_382,188,exit_to_Brisbane,30,24,0.44,0
dl_382,191,Wyreema_exit,191,146,0.44,0
dl_382,30,exit_to_Brisbane,30,24,0.44,0
dl_382,26,Wyreema_exit,26,21,0.44,0
dl_382,25,exit_to_Brisbane,25,20,0.44,0
dl_382,24,exit_to_Brisbane,24,19,0.44,0
dl_382,19,exit_to_Brisbane,19,15,0.44,0
dl_382,18,Gowrie_exit,18,16,0.44,0
dl_382,17,Gowrie_exit,17,15,0.44,0
dl_382,22,Gowrie_exit,22,19,0.44,0
dl_382,21,Gowrie_exit,22,19,0.44,0
dl_383,9,,,,,
dl_383,27,exit_to_Brisbane,27,21,0.44,0
dl_383,26,Wyreema_exit,26,21,0.44,0
dl_383,25,exit_to_Brisbane,25,20,0.44,0
dl_383,24,exit_to_Brisbane,24,19,0.44,0
dl_383,23,exit_to_Brisbane,23,17,0.44,0
dl_383,22,Gowrie_exit,22,19,0.44,0
dl_383,20,exit_to_Brisbane,20,16,0.44,0
dl_383,17,Gowrie_exit,17,15,0.44,0
dl_383,18,Gowrie_exit,18,16,0.44,0
dl_383,21,Gowrie_exit,22,19,0.44,0
dl_384,13,,,,,
dl_384,171,exit_to_Brisbane,171,131,0.44,0
dl_384,172,Gowrie_exit,172,131,0.44,0
dl_384,188,exit_to_Brisbane,30,24,0.44,0
dl_384,191,Wyreema_exit,191,146,0.44,0
dl_384,30,exit_to_Brisbane,30,24,0.44,0
dl_384,26,Wyreema_exit,26,21,0.44,0
dl_384,25,exit_to_Brisbane,25,20,0.44,0
dl_384,24,exit_to_Brisbane,24,19,0.44,0
dl_384,23,exit_to_Brisbane,23,17,0.44,0
dl_384,22,Gowrie_exit,22,19,0.44,0
dl_384,20,exit_to_Brisbane,20,16,0.44,0
dl_384,17,Gowrie_exit,17,15,0.44,0
dl_384,18,Gowrie_exit,18,16,0.44,0
dl_384,21,Gowrie_exit,22,19,0.44,0
dl_385,6,,,,,
dl_385,24,exit_to_Brisbane,24,19,0.44,0
dl_385,23,exit_to_Brisbane,23,17,0.44,0
dl_385,22,Gowrie_exit,22,19,0.44,0
dl_385,20,exit_to_Brisbane,20,16,0.44,0
dl_385,17,Gowrie_exit,17,15,0.44,0
dl_385,18,Gowrie_exit,18,16,0.44,0
dl_385,21,Gowrie_exit,22,19,0.44,0
dl_386,8,,,,,
dl_386,27,exit_to_Brisbane,27,21,0.44,0
dl_386,26,Wyreema_exit,26,21,0.44,0
dl_386,25,exit_to_Brisbane,25,20,0.44,0
dl_386,23,exit_to_Brisbane,23,17,0.44,0
dl_386,22,Gowrie_exit,22,19,0.44,0
dl_386,20,exit_to_Brisbane,20,16,0.44,0
dl_386,17,Gowrie_exit,17,15,0.44,0
dl_386,18,Gowrie_exit,18,16,0.44,0
dl_386,21,Gowrie_exit,22,19,0.44,0
dl_387,8,,,,,
dl_387,27,exit_to_Brisbane,27,21,0.44,0
dl_387,26,Wyreema_exit,26,21,0.44,0
dl_387,25,exit_to_Brisbane,25,20,0.44,0
dl_387,24,exit_to_Brisbane,24,19,0.44,0
dl_387,20,exit_to_Brisbane,20,16,0.44,0
dl_387,22,Gowrie_exit,22,19,0.44,0
dl_387,17,Gowrie_exit,17,15,0.44,0
dl_387,18,Gowrie_exit,18,16,0.44,0
dl_387,21,Gowrie_exit,22,19,0.44,0
dl_388,12,,,,,
dl_388,171,exit_to_Brisbane,171,131,0.44,0
dl_388,172,Gowrie_exit,172,131,0.44,0
dl_388,188,exit_to_Brisbane,30,24,0.44,0
dl_388,191,Wyreema_exit,191,146,0.44,0
dl_388,30,exit_to_Brisbane,30,24,0.44,0
dl_388,26,Wyreema_exit,26,21,0.44,0
dl_388,25,exit_to_Brisbane,25,20,0.44,0
dl_388,23,exit_to_Brisbane,23,17,0.44,0
dl_388,22,Gowrie_exit,22,19,0.44,0
dl_388,20,exit_to_Brisbane,20,16,0.44,0
dl_388,17,Gowrie_exit,17,15,0.44,0
dl_388,18,Gowrie_exit,18,16,0.44,0
dl_388,21,Gowrie_exit,22,19,0.44,0
dl_389,12,,,,,
dl_389,171,exit_to_Brisbane,171,131,0.44,0
dl_389,172,Gowrie_exit,172,131,0.44,0
dl_389,188,exit_to_Brisbane,30,24,0.44,0
dl_389,191,Wyreema_exit,191,146,0.44,0
dl_389,30,exit_to_Brisbane,30,24,0.44,0
dl_389,26,Wyreema_exit,26,21,0.44,0
dl_389,25,exit_to_Brisbane,25,20,0.44,0
dl_389,24,exit_to_Brisbane,24,19,0.44,0
dl_389,20,exit_to_Brisbane,20,16,0.44,0
dl_389,22,Gowrie_exit,22,19,0.44,0
dl_389,17,Gowrie_exit,17,15,0.44,0
dl_389,18,Gowrie_exit,18,16,0.44,0
dl_389,21,Gowrie_exit,22,19,0.44,0
dl_390,7,,,,,
dl_390,173,Gowrie_exit,173,132,0.44,0
dl_390,172,Gowrie_exit,172,131,0.44,0
dl_390,35,Wyreema_exit,35,28,0.44,0
dl_390,188,exit_to_Brisbane,30,24,0.44,0
dl_390,189,exit_to_Brisbane,30,24,0.44,0
dl_390,28,Wyreema_exit,28,23,0.44,0
dl_390,191,Wyreema_exit,191,146,0.44,0
dl_390,30,exit_to_Brisbane,30,24,0.44,0
dl_391,9,,,,,
dl_391,173,Gowrie_exit,173,132,0.44,0
dl_391,172,Gowrie_exit,172,131,0.44,0
dl_391,35,Wyreema_exit,35,28,0.44,0
dl_391,188,exit_to_Brisbane,30,24,0.44,0
dl_391,189,exit_to_Brisbane,30,24,0.44,0
dl_391,191,Wyreema_exit,191,146,0.44,0
dl_391,30,exit_to_Brisbane,30,24,0.44,0
dl_391,26,Wyreema_exit,26,21,0.44,0
dl_391,25,exit_to_Brisbane,25,20,0.44,0
dl_391,24,Gowrie_exit,24,20,0.44,0
dl_392,12,,,,,
dl_392,173,Gowrie_exit,173,132,0.44,0
dl_392,172,Gowrie_exit,172,131,0.44,0
dl_392,35,Wyreema_exit,35,28,0.44,0
dl_392,188,exit_to_Brisbane,30,24,0.44,0
dl_392,189,exit_to_Brisbane,30,24,0.44,0
dl_392,191,Wyreema_exit,191,146,0.44,0
dl_392,30,exit_to_Brisbane,30,24,0.44,0
dl_392,26,Wyreema_exit,26,21,0.44,0
dl_392,25,exit_to_Brisbane,25,20,0.44,0
dl_392,20,Gowrie_exit,20,17,0.44,0
dl_392,23,exit_to_Brisbane,23,17,0.44,0
dl_392,21,Gowrie_exit,22,19,0.44,0
dl_392,22,Gowrie_exit,22,19,0.44,0
dl_393,12,,,,,
dl_393,173,Gowrie_exit,173,132,0.44,0
dl_393,172,Gowrie_exit,172,131,0.44,0
dl_393,35,Wyreema_exit,35,28,0.44,0
dl_393,188,exit_to_Brisbane,30,24,0.44,0
dl_393,189,exit_to_Brisbane,30,24,0.44,0
dl_393,191,Wyreema_exit,191,146,0.44,0
dl_393,30,exit_to_Brisbane,30,24,0.44,0
dl_393,26,Wyreema_exit,26,21,0.44,0
dl_393,25,exit_to_Brisbane,25,20,0.44,0
dl_393,24,exit_to_Brisbane,24,19,0.44,0
dl_393,20,Gowrie_exit,20,17,0.44,0
dl_393,22,Gowrie_exit,22,19,0.44,0
dl_393,21,Gowrie_exit,22,19,0.44,0
dl_394,14,,,,,
dl_394,173,Gowrie_exit,173,132,0.44,0
dl_394,172,Gowrie_exit,172,131,0.44,0
dl_394,35,Wyreema_exit,35,28,0.44,0
dl_394,188,exit_to_Brisbane,30,24,0.44,0
dl_394,189,exit_to_Brisbane,30,24,0.44,0
dl_394,191,Wyreema_exit,191,146,0.44,0
dl_394,30,exit_to_Brisbane,30,24,0.44,0
dl_394,26,Wyreema_exit,26,21,0.44,0
dl_394,25,exit_to_Brisbane,25,20,0.44,0
dl_394,23,exit_to_Brisbane,23,17,0.44,0
dl_394,22,Gowrie_exit,22,19,0.44,0
dl_394,21,Gowrie_exit,22,19,0.44,0
dl_394,19,exit_to_Brisbane,19,15,0.44,0
dl_394,18,Gowrie_exit,18,16,0.44,0
dl_394,17,Gowrie_exit,17,15,0.44,0
dl_395,14,,,,,
dl_395,173,Gowrie_exit,173,132,0.44,0
dl_395,172,Gowrie_exit,172,131,0.44,0
dl_395,35,Wyreema_exit,35,28,0.44,0
dl_395,188,exit_to_Brisbane,30,24,0.44,0
dl_395,189,exit_to_Brisbane,30,24,0.44,0
dl_395,191,Wyreema_exit,191,146,0.44,0
dl_395,30,exit_to_Brisbane,30,24,0.44,0
dl_395,26,Wyreema_exit,26,21,0.44,0
dl_395,25,exit_to_Brisbane,25,20,0.44,0
dl_395,24,exit_to_Brisbane,24,19,0.44,0
dl_395,19,exit_to_Brisbane,19,15,0.44,0
dl_395,18,Gowrie_exit,18,16,0.44,0
dl_395,17,Gowrie_exit,17,15,0.44,0
dl_395,22,Gowrie_exit,22,19,0.44,0
dl_395,21,Gowrie_exit,22,19,0.44,0
dl_396,14,,,,,
dl_396,173,Gowrie_exit,173,132,0.44,0
dl_396,172,Gowrie_exit,172,131,0.44,0
dl_396,35,Wyreema_exit,35,28,0.44,0
dl_396,188,exit_to_Brisbane,30,24,0.44,0
dl_396,189,exit_to_Brisbane,30,24,0.44,0
dl_396,191,Wyreema_exit,191,146,0.44,0
dl_396,30,exit_to_Brisbane,30,24,0.44,0
dl_396,26,Wyreema_exit,26,21,0.44,0
dl_396,25,exit_to_Brisbane,25,20,0.44,0
dl_396,23,exit_to_Brisbane,23,17,0.44,0
dl_396,22,Gowrie_exit,22,19,0.44,0
dl_396,20,exit_to_Brisbane,20,16,0.44,0
dl_396,17,Gowrie_exit,17,15,0.44,0
dl_396,18,Gowrie_exit,18,16,0.44,0
dl_396,21,Gowrie_exit,22,19,0.44,0
dl_397,14,,,,,
dl_397,173,Gowrie_exit,173,132,0.44,0
dl_397,172,Gowrie_exit,172,131,0.44,0
dl_397,35,Wyreema_exit,35,28,0.44,0
dl_397,188,exit_to_Brisbane,30,24,0.44,0
dl_397,189,exit_to_Brisbane,30,24,0.44,0
dl_397,191,Wyreema_exit,191,146,0.44,0
dl_397,30,exit_to_Brisbane,30,24,0.44,0
dl_397,26,Wyreema_exit,26,21,0.44,0
dl_397,25,exit_to_Brisbane,25,20,0.44,0
dl_397,24,exit_to_Brisbane,24,19,0.44,0
dl_397,20,exit_to_Brisbane,20,16,0.44,0
dl_397,22,Gowrie_exit,22,19,0.44,0
dl_397,17,Gowrie_exit,17,15,0.44,0
dl_397,18,Gowrie_exit,18,16,0.44,0
dl_397,21,Gowrie_exit,22,19,0.44,0
dl_398,7,,,,,
dl_398,171,Wyreema_exit,171,132,0.44,0
dl_398,172,Gowrie_exit,172,131,0.44,0
dl_398,173,exit_to_Brisbane,173,132,0.44,0
dl_398,188,Gowrie_exit,31,26,0.44,0
dl_398,35,exit_to_Brisbane,35,28,0.44,0
dl_398,191,Wyreema_exit,191,146,0.44,0
dl_398,189,Gowrie_exit,31,26,0.44,0
dl_398,28,Wyreema_exit,28,23,0.44,0
dl_399,3,,,,,
dl_399,31,Gowrie_exit,31,26,0.44,0
dl_399,159,exit_to_Brisbane,159,119,0.44,0
dl_399,158,Wyreema_exit,158,119,0.44,0
dl_399,28,Gowrie_exit,28,23,0.44,0
dl_400,3,,,,,
dl_400,188,Gowrie_exit,188,147,0.44,0
dl_400,159,exit_to_Brisbane,159,119,0.44,0
dl_400,158,Wyreema_exit,158,119,0.44,0
dl_400,28,Gowrie_exit,28,23,0.44,0
dl_401,5,,,,,
dl_401,170,Wyreema_exit,170,131,0.44,0
dl_401,173,exit_to_Brisbane,173,132,0.44,0
dl_401,172,Gowrie_exit,172,131,0.44,0
dl_401,157,Gowrie_exit,157,119,0.44,0
dl_401,160,Wyreema_exit,160,120,0.44,0
dl_401,158,Wyreema_exit,158,119,0.44,0
dl_402,5,,,,,
dl_402,170,Wyreema_exit,170,131,0.44,0
dl_402,173,exit_to_Brisbane,173,132,0.44,0
dl_402,172,Gowrie_exit,172,131,0.44,0
dl_402,35,Gowrie_exit,35,29,0.44,0
dl_402,160,Wyreema_exit,160,120,0.44,0
dl_402,158,Wyreema_exit,158,119,0.44,0
dl_403,6,,,,,
dl_403,170,Wyreema_exit,170,131,0.44,0
dl_403,173,exit_to_Brisbane,173,132,0.44,0
dl_403,172,Gowrie_exit,172,131,0.44,0
dl_403,160,Wyreema_exit,160,120,0.44,0
dl_403,158,Wyreema_exit,158,119,0.44,0
dl_403,31,Gowrie_exit,31,26,0.44,0
dl_403,188,Gowrie_exit,31,26,0.44,0
dl_404,4,,,,,
dl_404,159,Gowrie_exit,159,120,0.44,0
dl_404,158,exit_to_Brisbane,158,119,0.44,0
dl_404,160,Wyreema_exit,160,120,0.44,0
dl_404,26,Gowrie_exit,26,21,0.44,0
dl_404,25,Gowrie_exit,25,21,0.44,0
dl_405,4,,,,,
dl_405,159,Gowrie_exit,159,120,0.44,0
dl_405,158,exit_to_Brisbane,158,119,0.44,0
dl_405,160,exit_to_Brisbane,160,120,0.44,0
dl_405,26,Gowrie_exit,26,21,0.44,0
dl_405,25,Gowrie_exit,25,21,0.44,0
dl_406,4,,,,,
dl_406,157,Gowrie_exit,157,119,0.44,0
dl_406,160,exit_to_Brisbane,160,120,0.44,0
dl_406,158,exit_to_Brisbane,158,119,0.44,0
dl_406,26,Gowrie_exit,26,21,0.44,0
dl_406,25,Gowrie_exit,25,21,0.44,0
dl_407,4,,,,,
dl_407,35,Gowrie_exit,35,29,0.44,0
dl_407,160,exit_to_Brisbane,160,120,0.44,0
dl_407,158,exit_to_Brisbane,158,119,0.44,0
dl_407,26,Gowrie_exit,26,21,0.44,0
dl_407,25,Gowrie_exit,25,21,0.44,0
dl_408,4,,,,,
dl_408,160,exit_to_Brisbane,160,120,0.44,0
dl_408,158,exit_to_Brisbane,158,119,0.44,0
dl_408,26,Gowrie_exit,26,21,0.44,0
dl_408,25,Gowrie_exit,25,21,0.44,0
dl_408,28,Gowrie_exit,28,23,0.44,0
dl_409,4,,,,,
dl_409,189,exit_to_Brisbane,30,24,0.44,0
dl_409,28,Gowrie_exit,28,23,0.44,0
dl_409,159,Wyreema_exit,159,119,0.44,0
dl_409,158,Gowrie_exit,158,120,0.44,0
dl_409,160,Wyreema_exit,160,120,0.44,0
dl_410,4,,,,,
dl_410,188,exit_to_Brisbane,188,147,0.44,0
dl_410,28,Gowrie_exit,28,23,0.44,0
dl_410,159,Wyreema_exit,159,119,0.44,0
dl_410,158,Gowrie_exit,158,120,0.44,0
dl_410,160,Wyreema_exit,160,120,0.44,0
dl_411,7,,,,,
dl_411,17,exit_to_Brisbane,17,14,0.44,0
dl_411,216,Wyreema_exit,216,14,0.44,0
dl_411,16,exit_to_Brisbane,16,13,0.44,0
dl_411,218,Wyreema_exit,216,14,0.44,0
dl_411,2,exit_to_Brisbane,2,3,0.44,0
dl_411,1,Gowrie_exit,1,2,0.44,0
dl_411,4,Gowrie_exit,4,3,0.44,0
dl_411,3,Gowrie_exit,1,2,0.44,0
dl_412,7,,,,,
dl_412,15,exit_to_Brisbane,15,2,0.44,0
dl_412,4,Gowrie_exit,4,3,0.44,0
dl_412,1,Gowrie_exit,1,2,0.44,0
dl_412,17,exit_to_Brisbane,17,14,0.44,0
dl_412,216,Wyreema_exit,216,14,0.44,0
dl_412,16,exit_to_Brisbane,16,13,0.44,0
dl_412,218,Wyreema_exit,216,14,0.44,0
dl_412,3,Gowrie_exit,1,2,0.44,0
dl_413,3,,,,,
dl_413,20,exit_to_Brisbane,20,16,0.44,0
dl_413,19,Wyreema_exit,19,16,0.44,0
dl_413,18,exit_to_Brisbane,18,15,0.44,0
dl_413,17,Wyreema_exit,17,15,0.44,0
dl_414,7,,,,,
dl_414,17,exit_to_Brisbane,17,14,0.44,0
dl_414,216,exit_to_Brisbane,218,13,0.44,0
dl_414,16,Wyreema_exit,16,14,0.44,0
dl_414,218,exit_to_Brisbane,218,13,0.44,0
dl_414,2,exit_to_Brisbane,2,3,0.44,0
dl_414,1,Wyreema_exit,1,2,0.44,0
dl_414,3,Wyreema_exit,1,2,0.44,0
dl_414,4,Gowrie_exit,4,3,0.44,0
dl_415,7,,,,,
dl_415,15,exit_to_Brisbane,15,2,0.44,0
dl_415,4,Gowrie_exit,4,3,0.44,0
dl_415,1,Wyreema_exit,1,2,0.44,0
dl_415,17,exit_to_Brisbane,17,14,0.44,0
dl_415,216,exit_to_Brisbane,218,13,0.44,0
dl_415,16,Wyreema_exit,16,14,0.44,0
dl_415,218,exit_to_Brisbane,218,13,0.44,0
dl_415,3,Wyreema_exit,1,2,0.44,0
dl_416,6,,,,,
dl_416,20,exit_to_Brisbane,20,16,0.44,0
dl_416,19,Wyreema_exit,19,16,0.44,0
dl_416,18,exit_to_Brisbane,18,15,0.44,0
dl_416,216,exit_to_Brisbane,218,13,0.44,0
dl_416,16,Wyreema_exit,16,14,0.44,0
dl_416,15,Wyreema_exit,15,13,0.44,0
dl_416,218,exit_to_Brisbane,218,13,0.44,0
dl_417,9,,,,,
dl_417,20,exit_to_Brisbane,20,16,0.44,0
dl_417,19,Wyreema_exit,19,16,0.44,0
dl_417,18,exit_to_Brisbane,18,15,0.44,0
dl_417,216,exit_to_Brisbane,218,13,0.44,0
dl_417,16,Wyreema_exit,16,14,0.44,0
dl_417,218,exit_to_Brisbane,218,13,0.44,0
dl_417,2,exit_to_Brisbane,2,3,0.44,0
dl_417,1,Wyreema_exit,1,2,0.44,0
dl_417,3,Wyreema_exit,1,2,0.44,0
dl_417,4,Gowrie_exit,4,3,0.44,0
dl_418,9,,,,,
dl_418,15,exit_to_Brisbane,15,2,0.44,0
dl_418,4,Gowrie_exit,4,3,0.44,0
dl_418,1,Wyreema_exit,1,2,0.44,0
dl_418,20,exit_to_Brisbane,20,16,0.44,0
dl_418,19,Wyreema_exit,19,16,0.44,0
dl_418,18,exit_to_Brisbane,18,15,0.44,0
dl_418,216,exit_to_Brisbane,218,13,0.44,0
dl_418,16,Wyreema_exit,16,14,0.44,0
dl_418,218,exit_to_Brisbane,218,13,0.44,0
dl_418,3,Wyreema_exit,1,2,0.44,0
dl_419,5,,,,,
dl_419,20,exit_to_Brisbane,20,16,0.44,0
dl_419,19,Wyreema_exit,19,16,0.44,0
dl_419,18,exit_to_Brisbane,18,15,0.44,0
dl_419,17,exit_to_Brisbane,17,14,0.44,0
dl_419,15,Wyreema_exit,15,13,0.44,0
dl_419,16,Wyreema_exit,16,14,0.44,0
dl_420,8,,,,,
dl_420,20,exit_to_Brisbane,20,16,0.44,0
dl_420,19,Wyreema_exit,19,16,0.44,0
dl_420,18,exit_to_Brisbane,18,15,0.44,0
dl_420,17,exit_to_Brisbane,17,14,0.44,0
dl_420,16,Wyreema_exit,16,14,0.44,0
dl_420,2,exit_to_Brisbane,2,3,0.44,0
dl_420,1,Wyreema_exit,1,2,0.44,0
dl_420,3,Wyreema_exit,1,2,0.44,0
dl_420,4,Gowrie_exit,4,3,0.44,0
dl_421,8,,,,,
dl_421,15,exit_to_Brisbane,15,2,0.44,0
dl_421,4,Gowrie_exit,4,3,0.44,0
dl_421,1,Wyreema_exit,1,2,0.44,0
dl_421,20,exit_to_Brisbane,20,16,0.44,0
dl_421,19,Wyreema_exit,19,16,0.44,0
dl_421,18,exit_to_Brisbane,18,15,0.44,0
dl_421,17,exit_to_Brisbane,17,14,0.44,0
dl_421,16,Wyreema_exit,16,14,0.44,0
dl_421,3,Wyreema_exit,1,2,0.44,0
dl_422,4,,,,,
dl_422,17,exit_to_Brisbane,17,14,0.44,0
dl_422,216,exit_to_Brisbane,218,13,0.44,0
dl_422,16,Wyreema_exit,16,14,0.44,0
dl_422,15,Gowrie_exit,15,13,0.44,0
dl_422,218,exit_to_Brisbane,218,13,0.44,0
dl_423,7,,,,,
dl_423,17,exit_to_Brisbane,17,14,0.44,0
dl_423,216,exit_to_Brisbane,218,13,0.44,0
dl_423,16,Wyreema_exit,16,14,0.44,0
dl_423,218,exit_to_Brisbane,218,13,0.44,0
dl_423,2,exit_to_Brisbane,2,3,0.44,0
dl_423,1,Gowrie_exit,1,2,0.44,0
dl_423,4,Wyreema_exit,4,3,0.44,0
dl_423,3,Gowrie_exit,1,2,0.44,0
dl_424,7,,,,,
dl_424,15,exit_to_Brisbane,15,2,0.44,0
dl_424,4,Wyreema_exit,4,3,0.44,0
dl_424,1,Gowrie_exit,1,2,0.44,0
dl_424,17,exit_to_Brisbane,17,14,0.44,0
dl_424,216,exit_to_Brisbane,218,13,0.44,0
dl_424,16,Wyreema_exit,16,14,0.44,0
dl_424,218,exit_to_Brisbane,218,13,0.44,0
dl_424,3,Gowrie_exit,1,2,0.44,0
dl_425,8,,,,,
dl_425,27,exit_to_Brisbane,27,21,0.44,0
dl_425,26,Gowrie_exit,26,21,0.44,0
dl_425,35,exit_to_Brisbane,35,28,0.44,0
dl_425,23,exit_to_Brisbane,23,17,0.44,0
dl_425,22,Wyreema_exit,22,19,0.44,0
dl_425,21,Wyreema_exit,22,19,0.44,0
dl_425,19,exit_to_Brisbane,19,15,0.44,0
dl_425,18,Gowrie_exit,18,16,0.44,0
dl_425,17,Gowrie_exit,17,15,0.44,0
dl_426,8,,,,,
dl_426,27,exit_to_Brisbane,27,21,0.44,0
dl_426,26,Gowrie_exit,26,21,0.44,0
dl_426,24,exit_to_Brisbane,24,19,0.44,0
dl_426,19,exit_to_Brisbane,19,15,0.44,0
dl_426,18,Gowrie_exit,18,16,0.44,0
dl_426,17,Gowrie_exit,17,15,0.44,0
dl_426,22,Wyreema_exit,22,19,0.44,0
dl_426,35,exit_to_Brisbane,35,28,0.44,0
dl_426,21,Wyreema_exit,22,19,0.44,0
dl_427,8,,,,,
dl_427,27,exit_to_Brisbane,27,21,0.44,0
dl_427,26,Gowrie_exit,26,21,0.44,0
dl_427,35,exit_to_Brisbane,35,28,0.44,0
dl_427,23,exit_to_Brisbane,23,17,0.44,0
dl_427,22,Wyreema_exit,22,19,0.44,0
dl_427,20,exit_to_Brisbane,20,16,0.44,0
dl_427,17,Gowrie_exit,17,15,0.44,0
dl_427,18,Gowrie_exit,18,16,0.44,0
dl_427,21,Wyreema_exit,22,19,0.44,0
dl_428,8,,,,,
dl_428,27,exit_to_Brisbane,27,21,0.44,0
dl_428,26,Gowrie_exit,26,21,0.44,0
dl_428,24,exit_to_Brisbane,24,19,0.44,0
dl_428,20,exit_to_Brisbane,20,16,0.44,0
dl_428,22,Wyreema_exit,22,19,0.44,0
dl_428,35,exit_to_Brisbane,35,28,0.44,0
dl_428,17,Gowrie_exit,17,15,0.44,0
dl_428,18,Gowrie_exit,18,16,0.44,0
dl_428,21,Wyreema_exit,22,19,0.44,0
dl_429,5,,,,,
dl_429,159,Gowrie_exit,159,120,0.44,0
dl_429,158,exit_to_Brisbane,158,119,0.44,0
dl_429,160,Wyreema_exit,160,120,0.44,0
dl_429,26,exit_to_Brisbane,26,20,0.44,0
dl_429,25,Gowrie_exit,25,21,0.44,0
dl_429,24,Gowrie_exit,24,20,0.44,0
dl_430,5,,,,,
dl_430,157,Gowrie_exit,157,119,0.44,0
dl_430,160,Wyreema_exit,160,120,0.44,0
dl_430,158,exit_to_Brisbane,158,119,0.44,0
dl_430,26,exit_to_Brisbane,26,20,0.44,0
dl_430,25,Gowrie_exit,25,21,0.44,0
dl_430,24,Gowrie_exit,24,20,0.44,0
dl_431,4,,,,,
dl_431,24,Gowrie_exit,24,20,0.44,0
dl_431,27,exit_to_Brisbane,27,21,0.44,0
dl_431,25,exit_to_Brisbane,25,20,0.44,0
dl_431,23,Gowrie_exit,23,19,0.44,0
dl_431,22,Wyreema_exit,22,19,0.44,0
dl_432,6,,,,,
dl_432,24,Gowrie_exit,24,20,0.44,0
dl_432,27,exit_to_Brisbane,27,21,0.44,0
dl_432,25,exit_to_Brisbane,25,20,0.44,0
dl_432,20,Gowrie_exit,20,17,0.44,0
dl_432,22,Wyreema_exit,22,19,0.44,0
dl_432,35,exit_to_Brisbane,35,28,0.44,0
dl_432,21,Wyreema_exit,22,19,0.44,0
dl_433,8,,,,,
dl_433,24,Gowrie_exit,24,20,0.44,0
dl_433,27,exit_to_Brisbane,27,21,0.44,0
dl_433,25,exit_to_Brisbane,25,20,0.44,0
dl_433,35,exit_to_Brisbane,35,28,0.44,0
dl_433,19,exit_to_Brisbane,19,15,0.44,0
dl_433,18,Gowrie_exit,18,16,0.44,0
dl_433,17,Wyreema_exit,17,15,0.44,0
dl_433,22,Wyreema_exit,22,19,0.44,0
dl_433,21,Wyreema_exit,22,19,0.44,0
dl_434,8,,,,,
dl_434,24,Gowrie_exit,24,20,0.44,0
dl_434,27,exit_to_Brisbane,27,21,0.44,0
dl_434,25,exit_to_Brisbane,25,20,0.44,0
dl_434,35,exit_to_Brisbane,35,28,0.44,0
dl_434,20,exit_to_Brisbane,20,16,0.44,0
dl_434,22,Wyreema_exit,22,19,0.44,0
dl_434,17,Wyreema_exit,17,15,0.44,0
dl_434,18,Gowrie_exit,18,16,0.44,0
dl_434,21,Wyreema_exit,22,19,0.44,0
dl_435,6,,,,,
dl_435,20,exit_to_Brisbane,20,16,0.44,0
dl_435,19,exit_to_Brisbane,19,15,0.44,0
dl_435,18,Gowrie_exit,18,16,0.44,0
dl_435,216,exit_to_Brisbane,218,13,0.44,0
dl_435,16,Wyreema_exit,16,14,0.44,0
dl_435,15,Gowrie_exit,15,13,0.44,0
dl_435,218,exit_to_Brisbane,218,13,0.44,0
dl_436,9,,,,,
dl_436,24,exit_to_Brisbane,24,19,0.44,0
dl_436,23,exit_to_Brisbane,23,17,0.44,0
dl_436,22,Wyreema_exit,22,19,0.44,0
dl_436,21,Wyreema_exit,22,19,0.44,0
dl_436,19,exit_to_Brisbane,19,15,0.44,0
dl_436,18,Gowrie_exit,18,16,0.44,0
dl_436,216,exit_to_Brisbane,218,13,0.44,0
dl_436,16,Wyreema_exit,16,14,0.44,0
dl_436,15,Gowrie_exit,15,13,0.44,0
dl_436,218,exit_to_Brisbane,218,13,0.44,0
dl_437,11,,,,,
dl_437,27,exit_to_Brisbane,27,21,0.44,0
dl_437,26,Gowrie_exit,26,21,0.44,0
dl_437,25,exit_to_Brisbane,25,20,0.44,0
dl_437,23,exit_to_Brisbane,23,17,0.44,0
dl_437,22,Wyreema_exit,22,19,0.44,0
dl_437,21,Wyreema_exit,22,19,0.44,0
dl_437,19,exit_to_Brisbane,19,15,0.44,0
dl_437,18,Gowrie_exit,18,16,0.44,0
dl_437,216,exit_to_Brisbane,218,13,0.44,0
dl_437,16,Wyreema_exit,16,14,0.44,0
dl_437,15,Gowrie_exit,15,13,0.44,0
dl_437,218,exit_to_Brisbane,218,13,0.44,0
dl_438,11,,,,,
dl_438,24,exit_to_Brisbane,24,19,0.44,0
dl_438,19,exit_to_Brisbane,19,15,0.44,0
dl_438,18,Gowrie_exit,18,16,0.44,0
dl_438,216,exit_to_Brisbane,218,13,0.44,0
dl_438,16,Wyreema_exit,16,14,0.44,0
dl_438,15,Gowrie_exit,15,13,0.44,0
dl_438,218,exit_to_Brisbane,218,13,0.44,0
dl_438,22,Wyreema_exit,22,19,0.44,0
dl_438,27,exit_to_Brisbane,27,21,0.44,0
dl_438,26,Gowrie_exit,26,21,0.44,0
dl_438,25,exit_to_Brisbane,25,20,0.44,0
dl_438,21,Wyreema_exit,22,19,0.44,0
dl_439,11,,,,,
dl_439,26,Gowrie_exit,26,21,0.44,0
dl_439,25,exit_to_Brisbane,25,20,0.44,0
dl_439,35,exit_to_Brisbane,35,28,0.44,0
dl_439,23,exit_to_Brisbane,23,17,0.44,0
dl_439,22,Wyreema_exit,22,19,0.44,0
dl_439,21,Wyreema_exit,22,19,0.44,0
dl_439,19,exit_to_Brisbane,19,15,0.44,0
dl_439,18,Gowrie_exit,18,16,0.44,0
dl_439,216,exit_to_Brisbane,218,13,0.44,0
dl_439,16,Wyreema_exit,16,14,0.44,0
dl_439,15,Gowrie_exit,15,13,0.44,0
dl_439,218,exit_to_Brisbane,218,13,0.44,0
dl_440,11,,,,,
dl_440,24,exit_to_Brisbane,24,19,0.44,0
dl_440,19,exit_to_Brisbane,19,15,0.44,0
dl_440,18,Gowrie_exit,18,16,0.44,0
dl_440,216,exit_to_Brisbane,218,13,0.44,0
dl_440,16,Wyreema_exit,16,14,0.44,0
dl_440,15,Gowrie_exit,15,13,0.44,0
dl_440,218,exit_to_Brisbane,218,13,0.44,0
dl_440,22,Wyreema_exit,22,19,0.44,0
dl_440,26,Gowrie_exit,26,21,0.44,0
dl_440,25,exit_to_Brisbane,25,20,0.44,0
dl_440,35,exit_to_Brisbane,35,28,0.44,0
dl_440,21,Wyreema_exit,22,19,0.44,0
dl_441,9,,,,,
dl_441,24,exit_to_Brisbane,24,19,0.44,0
dl_441,23,exit_to_Brisbane,23,17,0.44,0
dl_441,22,Wyreema_exit,22,19,0.44,0
dl_441,20,exit_to_Brisbane,20,16,0.44,0
dl_441,18,Gowrie_exit,18,16,0.44,0
dl_441,21,Wyreema_exit,22,19,0.44,0
dl_441,216,exit_to_Brisbane,218,13,0.44,0
dl_441,16,Wyreema_exit,16,14,0.44,0
dl_441,15,Gowrie_exit,15,13,0.44,0
dl_441,218,exit_to_Brisbane,218,13,0.44,0
dl_442,11,,,,,
dl_442,27,exit_to_Brisbane,27,21,0.44,0
dl_442,26,Gowrie_exit,26,21,0.44,0
dl_442,25,exit_to_Brisbane,25,20,0.44,0
dl_442,23,exit_to_Brisbane,23,17,0.44,0
dl_442,22,Wyreema_exit,22,19,0.44,0
dl_442,20,exit_to_Brisbane,20,16,0.44,0
dl_442,18,Gowrie_exit,18,16,0.44,0
dl_442,21,Wyreema_exit,22,19,0.44,0
dl_442,216,exit_to_Brisbane,218,13,0.44,0
dl_442,16,Wyreema_exit,16,14,0.44,0
dl_442,15,Gowrie_exit,15,13,0.44,0
dl_442,218,exit_to_Brisbane,218,13,0.44,0
dl_443,11,,,,,
dl_443,24,exit_to_Brisbane,24,19,0.44,0
dl_443,20,exit_to_Brisbane,20,16,0.44,0
dl_443,22,Wyreema_exit,22,19,0.44,0
dl_443,27,exit_to_Brisbane,27,21,0.44,0
dl_443,26,Gowrie_exit,26,21,0.44,0
dl_443,25,exit_to_Brisbane,25,20,0.44,0
dl_443,18,Gowrie_exit,18,16,0.44,0
dl_443,21,Wyreema_exit,22,19,0.44,0
dl_443,216,exit_to_Brisbane,218,13,0.44,0
dl_443,16,Wyreema_exit,16,14,0.44,0
dl_443,15,Gowrie_exit,15,13,0.44,0
dl_443,218,exit_to_Brisbane,218,13,0.44,0
dl_444,11,,,,,
dl_444,26,Gowrie_exit,26,21,0.44,0
dl_444,25,exit_to_Brisbane,25,20,0.44,0
dl_444,35,exit_to_Brisbane,35,28,0.44,0
dl_444,23,exit_to_Brisbane,23,17,0.44,0
dl_444,22,Wyreema_exit,22,19,0.44,0
dl_444,20,exit_to_Brisbane,20,16,0.44,0
dl_444,18,Gowrie_exit,18,16,0.44,0
dl_444,21,Wyreema_exit,22,19,0.44,0
dl_444,216,exit_to_Brisbane,218,13,0.44,0
dl_444,16,Wyreema_exit,16,14,0.44,0
dl_444,15,Gowrie_exit,15,13,0.44,0
dl_444,218,exit_to_Brisbane,218,13,0.44,0
dl_445,11,,,,,
dl_445,24,exit_to_Brisbane,24,19,0.44,0
dl_445,20,exit_to_Brisbane,20,16,0.44,0
dl_445,22,Wyreema_exit,22,19,0.44,0
dl_445,26,Gowrie_exit,26,21,0.44,0
dl_445,25,exit_to_Brisbane,25,20,0.44,0
dl_445,35,exit_to_Brisbane,35,28,0.44,0
dl_445,18,Gowrie_exit,18,16,0.44,0
dl_445,21,Wyreema_exit,22,19,0.44,0
dl_445,216,exit_to_Brisbane,218,13,0.44,0
dl_445,16,Wyreema_exit,16,14,0.44,0
dl_445,15,Gowrie_exit,15,13,0.44,0
dl_445,218,exit_to_Brisbane,218,13,0.44,0
dl_446,11,,,,,
dl_446,27,exit_to_Brisbane,27,21,0.44,0
dl_446,26,Gowrie_exit,26,21,0.44,0
dl_446,35,exit_to_Brisbane,35,28,0.44,0
dl_446,23,exit_to_Brisbane,23,17,0.44,0
dl_446,22,Wyreema_exit,22,19,0.44,0
dl_446,21,Wyreema_exit,22,19,0.44,0
dl_446,19,exit_to_Brisbane,19,15,0.44,0
dl_446,18,Gowrie_exit,18,16,0.44,0
dl_446,216,exit_to_Brisbane,218,13,0.44,0
dl_446,16,Wyreema_exit,16,14,0.44,0
dl_446,15,Gowrie_exit,15,13,0.44,0
dl_446,218,exit_to_Brisbane,218,13,0.44,0
dl_447,11,,,,,
dl_447,24,exit_to_Brisbane,24,19,0.44,0
dl_447,19,exit_to_Brisbane,19,15,0.44,0
dl_447,18,Gowrie_exit,18,16,0.44,0
dl_447,216,exit_to_Brisbane,218,13,0.44,0
dl_447,16,Wyreema_exit,16,14,0.44,0
dl_447,15,Gowrie_exit,15,13,0.44,0
dl_447,218,exit_to_Brisbane,218,13,0.44,0
dl_447,22,Wyreema_exit,22,19,0.44,0
dl_447,27,exit_to_Brisbane,27,21,0.44,0
dl_447,26,Gowrie_exit,26,21,0.44,0
dl_447,35,exit_to_Brisbane,35,28,0.44,0
dl_447,21,Wyreema_exit,22,19,0.44,0
dl_448,11,,,,,
dl_448,27,exit_to_Brisbane,27,21,0.44,0
dl_448,26,Gowrie_exit,26,21,0.44,0
dl_448,35,exit_to_Brisbane,35,28,0.44,0
dl_448,23,exit_to_Brisbane,23,17,0.44,0
dl_448,22,Wyreema_exit,22,19,0.44,0
dl_448,20,exit_to_Brisbane,20,16,0.44,0
dl_448,18,Gowrie_exit,18,16,0.44,0
dl_448,21,Wyreema_exit,22,19,0.44,0
dl_448,216,exit_to_Brisbane,218,13,0.44,0
dl_448,16,Wyreema_exit,16,14,0.44,0
dl_448,15,Gowrie_exit,15,13,0.44,0
dl_448,218,exit_to_Brisbane,218,13,0.44,0
dl_449,11,,,,,
dl_449,24,exit_to_Brisbane,24,19,0.44,0
dl_449,20,exit_to_Brisbane,20,16,0.44,0
dl_449,22,Wyreema_exit,22,19,0.44,0
dl_449,27,exit_to_Brisbane,27,21,0.44,0
dl_449,26,Gowrie_exit,26,21,0.44,0
dl_449,35,exit_to_Brisbane,35,28,0.44,0
dl_449,18,Gowrie_exit,18,16,0.44,0
dl_449,21,Wyreema_exit,22,19,0.44,0
dl_449,216,exit_to_Brisbane,218,13,0.44,0
dl_449,16,Wyreema_exit,16,14,0.44,0
dl_449,15,Gowrie_exit,15,13,0.44,0
dl_449,218,exit_to_Brisbane,218,13,0.44,0
dl_450,11,,,,,
dl_450,27,exit_to_Brisbane,27,21,0.44,0
dl_450,26,Gowrie_exit,26,21,0.44,0
dl_450,25,exit_to_Brisbane,25,20,0.44,0
dl_450,19,exit_to_Brisbane,19,15,0.44,0
dl_450,18,Gowrie_exit,18,16,0.44,0
dl_450,216,exit_to_Brisbane,218,13,0.44,0
dl_450,16,Wyreema_exit,16,14,0.44,0
dl_450,15,Gowrie_exit,15,13,0.44,0
dl_450,218,exit_to_Brisbane,218,13,0.44,0
dl_450,22,Wyreema_exit,22,19,0.44,0
dl_450,35,exit_to_Brisbane,35,28,0.44,0
dl_450,21,Wyreema_exit,22,19,0.44,0
dl_451,11,,,,,
dl_451,27,exit_to_Brisbane,27,21,0.44,0
dl_451,26,Gowrie_exit,26,21,0.44,0
dl_451,25,exit_to_Brisbane,25,20,0.44,0
dl_451,20,exit_to_Brisbane,20,16,0.44,0
dl_451,22,Wyreema_exit,22,19,0.44,0
dl_451,35,exit_to_Brisbane,35,28,0.44,0
dl_451,18,Gowrie_exit,18,16,0.44,0
dl_451,21,Wyreema_exit,22,19,0.44,0
dl_451,216,exit_to_Brisbane,218,13,0.44,0
dl_451,16,Wyreema_exit,16,14,0.44,0
dl_451,15,Gowrie_exit,15,13,0.44,0
dl_451,218,exit_to_Brisbane,218,13,0.44,0
dl_452,8,,,,,
dl_452,24,exit_to_Brisbane,24,19,0.44,0
dl_452,23,exit_to_Brisbane,23,17,0.44,0
dl_452,22,Wyreema_exit,22,19,0.44,0
dl_452,21,Wyreema_exit,22,19,0.44,0
dl_452,19,Wyreema_exit,19,16,0.44,0
dl_452,18,Gowrie_exit,18,16,0.44,0
dl_452,26,Gowrie_exit,26,21,0.44,0
dl_452,25,exit_to_Brisbane,25,20,0.44,0
dl_452,27,exit_to_Brisbane,27,21,0.44,0
dl_453,8,,,,,
dl_453,24,exit_to_Brisbane,24,19,0.44,0
dl_453,23,exit_to_Brisbane,23,17,0.44,0
dl_453,22,Wyreema_exit,22,19,0.44,0
dl_453,21,Wyreema_exit,22,19,0.44,0
dl_453,27,exit_to_Brisbane,27,21,0.44,0
dl_453,26,Gowrie_exit,26,21,0.44,0
dl_453,25,exit_to_Brisbane,25,20,0.44,0
dl_453,17,Wyreema_exit,17,15,0.44,0
dl_453,18,Gowrie_exit,18,16,0.44,0
dl_454,8,,,,,
dl_454,24,exit_to_Brisbane,24,19,0.44,0
dl_454,23,exit_to_Brisbane,23,17,0.44,0
dl_454,22,Wyreema_exit,22,19,0.44,0
dl_454,21,Wyreema_exit,22,19,0.44,0
dl_454,19,Wyreema_exit,19,16,0.44,0
dl_454,18,Gowrie_exit,18,16,0.44,0
dl_454,35,exit_to_Brisbane,35,28,0.44,0
dl_454,26,Gowrie_exit,26,21,0.44,0
dl_454,25,exit_to_Brisbane,25,20,0.44,0
dl_455,8,,,,,
dl_455,24,exit_to_Brisbane,24,19,0.44,0
dl_455,23,exit_to_Brisbane,23,17,0.44,0
dl_455,22,Wyreema_exit,22,19,0.44,0
dl_455,21,Wyreema_exit,22,19,0.44,0
dl_455,35,exit_to_Brisbane,35,28,0.44,0
dl_455,26,Gowrie_exit,26,21,0.44,0
dl_455,25,exit_to_Brisbane,25,20,0.44,0
dl_455,17,Wyreema_exit,17,15,0.44,0
dl_455,18,Gowrie_exit,18,16,0.44,0
dl_456,8,,,,,
dl_456,24,exit_to_Brisbane,24,19,0.44,0
dl_456,23,exit_to_Brisbane,23,17,0.44,0
dl_456,22,Wyreema_exit,22,19,0.44,0
dl_456,21,Wyreema_exit,22,19,0.44,0
dl_456,19,Wyreema_exit,19,16,0.44,0
dl_456,18,Gowrie_exit,18,16,0.44,0
dl_456,26,Gowrie_exit,26,21,0.44,0
dl_456,35,exit_to_Brisbane,35,28,0.44,0
dl_456,27,exit_to_Brisbane,27,21,0.44,0
dl_457,8,,,,,
dl_457,24,exit_to_Brisbane,24,19,0.44,0
dl_457,23,exit_to_Brisbane,23,17,0.44,0
dl_457,22,Wyreema_exit,22,19,0.44,0
dl_457,21,Wyreema_exit,22,19,0.44,0
dl_457,27,exit_to_Brisbane,27,21,0.44,0
dl_457,26,Gowrie_exit,26,21,0.44,0
dl_457,35,exit_to_Brisbane,35,28,0.44,0
dl_457,17,Wyreema_exit,17,15,0.44,0
dl_457,18,Gowrie_exit,18,16,0.44,0
dl_458,6,,,,,
dl_458,27,exit_to_Brisbane,27,21,0.44,0
dl_458,26,Gowrie_exit,26,21,0.44,0
dl_458,25,exit_to_Brisbane,25,20,0.44,0
dl_458,23,exit_to_Brisbane,23,17,0.44,0
dl_458,22,Wyreema_exit,22,19,0.44,0
dl_458,21,Wyreema_exit,22,19,0.44,0
dl_458,20,Wyreema_exit,20,17,0.44,0
dl_459,8,,,,,
dl_459,27,exit_to_Brisbane,27,21,0.44,0
dl_459,26,Gowrie_exit,26,21,0.44,0
dl_459,25,exit_to_Brisbane,25,20,0.44,0
dl_459,23,exit_to_Brisbane,23,17,0.44,0
dl_459,22,Wyreema_exit,22,19,0.44,0
dl_459,21,Wyreema_exit,22,19,0.44,0
dl_459,19,Wyreema_exit,19,16,0.44,0
dl_459,18,Gowrie_exit,18,16,0.44,0
dl_459,35,exit_to_Brisbane,35,28,0.44,0
dl_460,8,,,,,
dl_460,27,exit_to_Brisbane,27,21,0.44,0
dl_460,26,Gowrie_exit,26,21,0.44,0
dl_460,25,exit_to_Brisbane,25,20,0.44,0
dl_460,23,exit_to_Brisbane,23,17,0.44,0
dl_460,22,Wyreema_exit,22,19,0.44,0
dl_460,21,Wyreema_exit,22,19,0.44,0
dl_460,35,exit_to_Brisbane,35,28,0.44,0
dl_460,17,Wyreema_exit,17,15,0.44,0
dl_460,18,Gowrie_exit,18,16,0.44,0
dl_461,11,,,,,
dl_461,24,exit_to_Brisbane,24,19,0.44,0
dl_461,23,exit_to_Brisbane,23,17,0.44,0
dl_461,22,Wyreema_exit,22,19,0.44,0
dl_461,21,Wyreema_exit,22,19,0.44,0
dl_461,27,exit_to_Brisbane,27,21,0.44,0
dl_461,26,Gowrie_exit,26,21,0.44,0
dl_461,25,exit_to_Brisbane,25,20,0.44,0
dl_461,18,Gowrie_exit,18,16,0.44,0
dl_461,216,exit_to_Brisbane,218,13,0.44,0
dl_461,16,Wyreema_exit,16,14,0.44,0
dl_461,15,Gowrie_exit,15,13,0.44,0
dl_461,218,exit_to_Brisbane,218,13,0.44,0
dl_462,11,,,,,
dl_462,24,exit_to_Brisbane,24,19,0.44,0
dl_462,23,exit_to_Brisbane,23,17,0.44,0
dl_462,22,Wyreema_exit,22,19,0.44,0
dl_462,21,Wyreema_exit,22,19,0.44,0
dl_462,35,exit_to_Brisbane,35,28,0.44,0
dl_462,26,Gowrie_exit,26,21,0.44,0
dl_462,25,exit_to_Brisbane,25,20,0.44,0
dl_462,18,Gowrie_exit,18,16,0.44,0
dl_462,216,exit_to_Brisbane,218,13,0.44,0
dl_462,16,Wyreema_exit,16,14,0.44,0
dl_462,15,Gowrie_exit,15,13,0.44,0
dl_462,218,exit_to_Brisbane,218,13,0.44,0
dl_463,11,,,,,
dl_463,24,exit_to_Brisbane,24,19,0.44,0
dl_463,23,exit_to_Brisbane,23,17,0.44,0
dl_463,22,Wyreema_exit,22,19,0.44,0
dl_463,21,Wyreema_exit,22,19,0.44,0
dl_463,27,exit_to_Brisbane,27,21,0.44,0
dl_463,26,Gowrie_exit,26,21,0.44,0
dl_463,35,exit_to_Brisbane,35,28,0.44,0
dl_463,18,Gowrie_exit,18,16,0.44,0
dl_463,216,exit_to_Brisbane,218,13,0.44,0
dl_463,16,Wyreema_exit,16,14,0.44,0
dl_463,15,Gowrie_exit,15,13,0.44,0
dl_463,218,exit_to_Brisbane,218,13,0.44,0
dl_464,11,,,,,
dl_464,27,exit_to_Brisbane,27,21,0.44,0
dl_464,26,Gowrie_exit,26,21,0.44,0
dl_464,25,exit_to_Brisbane,25,20,0.44,0
dl_464,23,exit_to_Brisbane,23,17,0.44,0
dl_464,22,Wyreema_exit,22,19,0.44,0
dl_464,21,Wyreema_exit,22,19,0.44,0
dl_464,35,exit_to_Brisbane,35,28,0.44,0
dl_464,18,Gowrie_exit,18,16,0.44,0
dl_464,216,exit_to_Brisbane,218,13,0.44,0
dl_464,16,Wyreema_exit,16,14,0.44,0
dl_464,15,Gowrie_exit,15,13,0.44,0
dl_464,218,exit_to_Brisbane,218,13,0.44,0
dl_465,6,,,,,
dl_465,24,exit_to_Brisbane,24,19,0.44,0
dl_465,20,Wyreema_exit,20,17,0.44,0
dl_465,22,Wyreema_exit,22,19,0.44,0
dl_465,27,exit_to_Brisbane,27,21,0.44,0
dl_465,26,Gowrie_exit,26,21,0.44,0
dl_465,25,exit_to_Brisbane,25,20,0.44,0
dl_465,21,Wyreema_exit,22,19,0.44,0
dl_466,8,,,,,
dl_466,24,exit_to_Brisbane,24,19,0.44,0
dl_466,19,Wyreema_exit,19,16,0.44,0
dl_466,18,Gowrie_exit,18,16,0.44,0
dl_466,22,Wyreema_exit,22,19,0.44,0
dl_466,27,exit_to_Brisbane,27,21,0.44,0
dl_466,26,Gowrie_exit,26,21,0.44,0
dl_466,25,exit_to_Brisbane,25,20,0.44,0
dl_466,21,Wyreema_exit,22,19,0.44,0
dl_466,35,exit_to_Brisbane,35,28,0.44,0
dl_467,8,,,,,
dl_467,24,exit_to_Brisbane,24,19,0.44,0
dl_467,27,exit_to_Brisbane,27,21,0.44,0
dl_467,26,Gowrie_exit,26,21,0.44,0
dl_467,25,exit_to_Brisbane,25,20,0.44,0
dl_467,35,exit_to_Brisbane,35,28,0.44,0
dl_467,22,Wyreema_exit,22,19,0.44,0
dl_467,17,Wyreema_exit,17,15,0.44,0
dl_467,18,Gowrie_exit,18,16,0.44,0
dl_467,21,Wyreema_exit,22,19,0.44,0
dl_468,11,,,,,
dl_468,24,exit_to_Brisbane,24,19,0.44,0
dl_468,27,exit_to_Brisbane,27,21,0.44,0
dl_468,26,Gowrie_exit,26,21,0.44,0
dl_468,25,exit_to_Brisbane,25,20,0.44,0
dl_468,22,Wyreema_exit,22,19,0.44,0
dl_468,35,exit_to_Brisbane,35,28,0.44,0
dl_468,18,Gowrie_exit,18,16,0.44,0
dl_468,21,Wyreema_exit,22,19,0.44,0
dl_468,216,exit_to_Brisbane,218,13,0.44,0
dl_468,16,Wyreema_exit,16,14,0.44,0
dl_468,15,Gowrie_exit,15,13,0.44,0
dl_468,218,exit_to_Brisbane,218,13,0.44,0
dl_469,6,,,,,
dl_469,20,Gowrie_exit,20,17,0.44,0
dl_469,23,exit_to_Brisbane,23,17,0.44,0
dl_469,21,Wyreema_exit,22,19,0.44,0
dl_469,24,Gowrie_exit,24,20,0.44,0
dl_469,27,exit_to_Brisbane,27,21,0.44,0
dl_469,25,exit_to_Brisbane,25,20,0.44,0
dl_469,22,Wyreema_exit,22,19,0.44,0
dl_470,5,,,,,
dl_470,159,Gowrie_exit,159,120,0.44,0
dl_470,158,exit_to_Brisbane,158,119,0.44,0
dl_470,160,exit_to_Brisbane,160,120,0.44,0
dl_470,26,exit_to_Brisbane,26,20,0.44,0
dl_470,25,Gowrie_exit,25,21,0.44,0
dl_470,24,Gowrie_exit,24,20,0.44,0
dl_471,5,,,,,
dl_471,157,Gowrie_exit,157,119,0.44,0
dl_471,160,exit_to_Brisbane,160,120,0.44,0
dl_471,158,exit_to_Brisbane,158,119,0.44,0
dl_471,26,exit_to_Brisbane,26,20,0.44,0
dl_471,25,Gowrie_exit,25,21,0.44,0
dl_471,24,Gowrie_exit,24,20,0.44,0
dl_472,5,,,,,
dl_472,35,Gowrie_exit,35,29,0.44,0
dl_472,160,exit_to_Brisbane,160,120,0.44,0
dl_472,158,exit_to_Brisbane,158,119,0.44,0
dl_472,26,exit_to_Brisbane,26,20,0.44,0
dl_472,25,Gowrie_exit,25,21,0.44,0
dl_472,24,Gowrie_exit,24,20,0.44,0
dl_473,7,,,,,
dl_473,218,Gowrie_exit,216,14,0.44,0
dl_473,16,exit_to_Brisbane,16,13,0.44,0
dl_473,17,exit_to_Brisbane,17,14,0.44,0
dl_473,216,Gowrie_exit,216,14,0.44,0
dl_473,2,exit_to_Brisbane,2,3,0.44,0
dl_473,1,Wyreema_exit,1,2,0.44,0
dl_473,4,Wyreema_exit,4,3,0.44,0
dl_473,3,Wyreema_exit,1,2,0.44,0
dl_474,7,,,,,
dl_474,15,exit_to_Brisbane,15,2,0.44,0
dl_474,4,Wyreema_exit,4,3,0.44,0
dl_474,1,Wyreema_exit,1,2,0.44,0
dl_474,218,Gowrie_exit,216,14,0.44,0
dl_474,16,exit_to_Brisbane,16,13,0.44,0
dl_474,17,exit_to_Brisbane,17,14,0.44,0
dl_474,216,Gowrie_exit,216,14,0.44,0
dl_474,3,Wyreema_exit,1,2,0.44,0
dl_475,6,,,,,
dl_475,27,exit_to_Brisbane,27,21,0.44,0
dl_475,26,exit_to_Brisbane,26,20,0.44,0
dl_475,25,Gowrie_exit,25,21,0.44,0
dl_475,23,exit_to_Brisbane,23,17,0.44,0
dl_475,22,Gowrie_exit,22,19,0.44,0
dl_475,21,Gowrie_exit,22,19,0.44,0
dl_475,20,Wyreema_exit,20,17,0.44,0
dl_476,6,,,,,
dl_476,35,exit_to_Brisbane,35,28,0.44,0
dl_476,26,exit_to_Brisbane,26,20,0.44,0
dl_476,25,Gowrie_exit,25,21,0.44,0
dl_476,23,exit_to_Brisbane,23,17,0.44,0
dl_476,22,Gowrie_exit,22,19,0.44,0
dl_476,21,Gowrie_exit,22,19,0.44,0
dl_476,20,Wyreema_exit,20,17,0.44,0
dl_477,6,,,,,
dl_477,27,exit_to_Brisbane,27,21,0.44,0
dl_477,26,exit_to_Brisbane,26,20,0.44,0
dl_477,25,Gowrie_exit,25,21,0.44,0
dl_477,24,exit_to_Brisbane,24,19,0.44,0
dl_477,20,Wyreema_exit,20,17,0.44,0
dl_477,22,Gowrie_exit,22,19,0.44,0
dl_477,21,Gowrie_exit,22,19,0.44,0
dl_478,6,,,,,
dl_478,35,exit_to_Brisbane,35,28,0.44,0
dl_478,26,exit_to_Brisbane,26,20,0.44,0
dl_478,25,Gowrie_exit,25,21,0.44,0
dl_478,24,exit_to_Brisbane,24,19,0.44,0
dl_478,20,Wyreema_exit,20,17,0.44,0
dl_478,22,Gowrie_exit,22,19,0.44,0
dl_478,21,Gowrie_exit,22,19,0.44,0
dl_479,6,,,,,
dl_479,27,exit_to_Brisbane,27,21,0.44,0
dl_479,23,exit_to_Brisbane,23,17,0.44,0
dl_479,22,Gowrie_exit,22,19,0.44,0
dl_479,21,Gowrie_exit,22,19,0.44,0
dl_479,20,Wyreema_exit,20,17,0.44,0
dl_479,25,Gowrie_exit,25,21,0.44,0
dl_479,35,exit_to_Brisbane,35,28,0.44,0
dl_480,6,,,,,
dl_480,27,exit_to_Brisbane,27,21,0.44,0
dl_480,24,exit_to_Brisbane,24,19,0.44,0
dl_480,25,Gowrie_exit,25,21,0.44,0
dl_480,35,exit_to_Brisbane,35,28,0.44,0
dl_480,20,Wyreema_exit,20,17,0.44,0
dl_480,22,Gowrie_exit,22,19,0.44,0
dl_480,21,Gowrie_exit,22,19,0.44,0
dl_481,3,,,,,
dl_481,24,Wyreema_exit,24,20,0.44,0
dl_481,26,exit_to_Brisbane,26,20,0.44,0
dl_481,25,Wyreema_exit,25,21,0.44,0
dl_481,27,exit_to_Brisbane,27,21,0.44,0
dl_482,6,,,,,
dl_482,23,exit_to_Brisbane,23,17,0.44,0
dl_482,22,Wyreema_exit,22,19,0.44,0
dl_482,21,Wyreema_exit,22,19,0.44,0
dl_482,20,Wyreema_exit,20,17,0.44,0
dl_482,26,exit_to_Brisbane,26,20,0.44,0
dl_482,25,Wyreema_exit,25,21,0.44,0
dl_482,27,exit_to_Brisbane,27,21,0.44,0
dl_483,5,,,,,
dl_483,188,exit_to_Brisbane,30,24,0.44,0
dl_483,28,Wyreema_exit,28,23,0.44,0
dl_483,171,Gowrie_exit,171,131,0.44,0
dl_483,172,exit_to_Brisbane,172,131,0.44,0
dl_483,191,Wyreema_exit,191,146,0.44,0
dl_483,30,exit_to_Brisbane,30,24,0.44,0
dl_484,6,,,,,
dl_484,27,exit_to_Brisbane,27,21,0.44,0
dl_484,26,Wyreema_exit,26,21,0.44,0
dl_484,25,exit_to_Brisbane,25,20,0.44,0
dl_484,23,exit_to_Brisbane,23,17,0.44,0
dl_484,22,Wyreema_exit,22,19,0.44,0
dl_484,21,Wyreema_exit,22,19,0.44,0
dl_484,20,Wyreema_exit,20,17,0.44,0
dl_485,6,,,,,
dl_485,24,exit_to_Brisbane,24,19,0.44,0
dl_485,20,Wyreema_exit,20,17,0.44,0
dl_485,22,Wyreema_exit,22,19,0.44,0
dl_485,27,exit_to_Brisbane,27,21,0.44,0
dl_485,26,Wyreema_exit,26,21,0.44,0
dl_485,25,exit_to_Brisbane,25,20,0.44,0
dl_485,21,Wyreema_exit,22,19,0.44,0
dl_486,6,,,,,
dl_486,24,exit_to_Brisbane,24,19,0.44,0
dl_486,23,exit_to_Brisbane,23,17,0.44,0
dl_486,22,Wyreema_exit,22,19,0.44,0
dl_486,21,Wyreema_exit,22,19,0.44,0
dl_486,19,Wyreema_exit,19,16,0.44,0
dl_486,18,exit_to_Brisbane,18,15,0.44,0
dl_486,17,Wyreema_exit,17,15,0.44,0
dl_487,8,,,,,
dl_487,27,exit_to_Brisbane,27,21,0.44,0
dl_487,26,Wyreema_exit,26,21,0.44,0
dl_487,25,exit_to_Brisbane,25,20,0.44,0
dl_487,23,exit_to_Brisbane,23,17,0.44,0
dl_487,22,Wyreema_exit,22,19,0.44,0
dl_487,21,Wyreema_exit,22,19,0.44,0
dl_487,19,Wyreema_exit,19,16,0.44,0
dl_487,18,exit_to_Brisbane,18,15,0.44,0
dl_487,17,Wyreema_exit,17,15,0.44,0
dl_488,8,,,,,
dl_488,24,exit_to_Brisbane,24,19,0.44,0
dl_488,19,Wyreema_exit,19,16,0.44,0
dl_488,18,exit_to_Brisbane,18,15,0.44,0
dl_488,17,Wyreema_exit,17,15,0.44,0
dl_488,22,Wyreema_exit,22,19,0.44,0
dl_488,27,exit_to_Brisbane,27,21,0.44,0
dl_488,26,Wyreema_exit,26,21,0.44,0
dl_488,25,exit_to_Brisbane,25,20,0.44,0
dl_488,21,Wyreema_exit,22,19,0.44,0
dl_489,4,,,,,
dl_489,35,Wyreema_exit,35,28,0.44,0
dl_489,188,exit_to_Brisbane,188,147,0.44,0
dl_489,26,Gowrie_exit,26,21,0.44,0
dl_489,25,exit_to_Brisbane,25,20,0.44,0
dl_489,24,Gowrie_exit,24,20,0.44,0
dl_490,7,,,,,
dl_490,35,Wyreema_exit,35,28,0.44,0
dl_490,188,exit_to_Brisbane,188,147,0.44,0
dl_490,26,Gowrie_exit,26,21,0.44,0
dl_490,25,exit_to_Brisbane,25,20,0.44,0
dl_490,23,exit_to_Brisbane,23,17,0.44,0
dl_490,22,Gowrie_exit,22,19,0.44,0
dl_490,21,Gowrie_exit,22,19,0.44,0
dl_490,20,Wyreema_exit,20,17,0.44,0
dl_491,7,,,,,
dl_491,24,exit_to_Brisbane,24,19,0.44,0
dl_491,20,Wyreema_exit,20,17,0.44,0
dl_491,22,Gowrie_exit,22,19,0.44,0
dl_491,35,Wyreema_exit,35,28,0.44,0
dl_491,188,exit_to_Brisbane,188,147,0.44,0
dl_491,26,Gowrie_exit,26,21,0.44,0
dl_491,25,exit_to_Brisbane,25,20,0.44,0
dl_491,21,Gowrie_exit,22,19,0.44,0
dl_492,6,,,,,
dl_492,24,exit_to_Brisbane,24,19,0.44,0
dl_492,23,exit_to_Brisbane,23,17,0.44,0
dl_492,22,Gowrie_exit,22,19,0.44,0
dl_492,21,Gowrie_exit,22,19,0.44,0
dl_492,19,Wyreema_exit,19,16,0.44,0
dl_492,18,exit_to_Brisbane,18,15,0.44,0
dl_492,17,Wyreema_exit,17,15,0.44,0
dl_493,8,,,,,
dl_493,27,exit_to_Brisbane,27,21,0.44,0
dl_493,26,Gowrie_exit,26,21,0.44,0
dl_493,25,exit_to_Brisbane,25,20,0.44,0
dl_493,23,exit_to_Brisbane,23,17,0.44,0
dl_493,22,Gowrie_exit,22,19,0.44,0
dl_493,21,Gowrie_exit,22,19,0.44,0
dl_493,19,Wyreema_exit,19,16,0.44,0
dl_493,18,exit_to_Brisbane,18,15,0.44,0
dl_493,17,Wyreema_exit,17,15,0.44,0
dl_494,8,,,,,
dl_494,24,exit_to_Brisbane,24,19,0.44,0
dl_494,22,Gowrie_exit,22,19,0.44,0
dl_494,27,exit_to_Brisbane,27,21,0.44,0
dl_494,26,Gowrie_exit,26,21,0.44,0
dl_494,25,exit_to_Brisbane,25,20,0.44,0
dl_494,21,Gowrie_exit,22,19,0.44,0
dl_494,19,Wyreema_exit,19,16,0.44,0
dl_494,18,exit_to_Brisbane,18,15,0.44,0
dl_494,17,Wyreema_exit,17,15,0.44,0
dl_495,7,,,,,
dl_495,17,exit_to_Brisbane,17,14,0.44,0
dl_495,216,Wyreema_exit,216,14,0.44,0
dl_495,16,exit_to_Brisbane,16,13,0.44,0
dl_495,2,exit_to_Brisbane,2,3,0.44,0
dl_495,1,Gowrie_exit,1,2,0.44,0
dl_495,4,Wyreema_exit,4,3,0.44,0
dl_495,3,Gowrie_exit,1,2,0.44,0
dl_495,218,Wyreema_exit,216,14,0.44,0
dl_496,7,,,,,
dl_496,17,exit_to_Brisbane,17,14,0.44,0
dl_496,216,Wyreema_exit,216,14,0.44,0
dl_496,16,exit_to_Brisbane,16,13,0.44,0
dl_496,15,exit_to_Brisbane,15,2,0.44,0
dl_496,4,Wyreema_exit,4,3,0.44,0
dl_496,1,Gowrie_exit,1,2,0.44,0
dl_496,3,Gowrie_exit,1,2,0.44,0
dl_496,218,Wyreema_exit,216,14,0.44,0
dl_497,7,,,,,
dl_497,218,Wyreema_exit,216,14,0.44,0
dl_497,16,exit_to_Brisbane,16,13,0.44,0
dl_497,17,exit_to_Brisbane,17,14,0.44,0
dl_497,216,Wyreema_exit,216,14,0.44,0
dl_497,2,exit_to_Brisbane,2,3,0.44,0
dl_497,1,Wyreema_exit,1,2,0.44,0
dl_497,4,Wyreema_exit,4,3,0.44,0
dl_497,3,Wyreema_exit,1,2,0.44,0
dl_498,7,,,,,
dl_498,15,exit_to_Brisbane,15,2,0.44,0
dl_498,4,Wyreema_exit,4,3,0.44,0
dl_498,1,Wyreema_exit,1,2,0.44,0
dl_498,218,Wyreema_exit,216,14,0.44,0
dl_498,16,exit_to_Brisbane,16,13,0.44,0
dl_498,17,exit_to_Brisbane,17,14,0.44,0
dl_498,216,Wyreema_exit,216,14,0.44,0
dl_498,3,Wyreema_exit,1,2,0.44,0
dl_499,2,,,,,
dl_499,4,Wyreema_exit,4,3,0.44,0
dl_499,2,exit_to_Brisbane,2,3,0.44,0
dl_499,3,exit_to_Brisbane,3,3,0.44,0
dl_500,3,,,,,
dl_500,157,Gowrie_exit,157,119,0.44,0
dl_500,159,exit_to_Brisbane,159,119,0.44,0
dl_500,28,Gowrie_exit,28,23,0.44,0
dl_500,160,exit_to_Brisbane,160,120,0.44,0
dl_501,5,,,,,
dl_501,26,exit_to_Brisbane,26,20,0.44,0
dl_501,25,Gowrie_exit,25,21,0.44,0
dl_501,24,Wyreema_exit,24,20,0.44,0
dl_501,159,exit_to_Brisbane,159,119,0.44,0
dl_501,158,Gowrie_exit,158,120,0.44,0
dl_501,160,exit_to_Brisbane,160,120,0.44,0
dl_502,5,,,,,
dl_502,27,exit_to_Brisbane,27,21,0.44,0
dl_502,24,Wyreema_exit,24,20,0.44,0
dl_502,25,Gowrie_exit,25,21,0.44,0
dl_502,159,exit_to_Brisbane,159,119,0.44,0
dl_502,158,Gowrie_exit,158,120,0.44,0
dl_502,160,exit_to_Brisbane,160,120,0.44,0
dl_503,3,,,,,
dl_503,20,exit_to_Brisbane,20,16,0.44,0
dl_503,19,Gowrie_exit,19,16,0.44,0
dl_503,18,exit_to_Brisbane,18,15,0.44,0
dl_503,17,Gowrie_exit,17,15,0.44,0
dl_504,3,,,,,
dl_504,24,exit_to_Brisbane,24,19,0.44,0
dl_504,23,Gowrie_exit,23,19,0.44,0
dl_504,21,exit_to_Brisbane,21,17,0.44,0
dl_504,20,Gowrie_exit,20,17,0.44,0
dl_505,3,,,,,
dl_505,188,Wyreema_exit,188,146,0.44,0
dl_505,171,exit_to_Brisbane,171,131,0.44,0
dl_505,172,Wyreema_exit,172,132,0.44,0
dl_505,173,exit_to_Brisbane,173,132,0.44,0
dl_506,4,,,,,
dl_506,35,Wyreema_exit,35,28,0.44,0
dl_506,28,Gowrie_exit,28,23,0.44,0
dl_506,171,exit_to_Brisbane,171,131,0.44,0
dl_506,172,Wyreema_exit,172,132,0.44,0
dl_506,173,exit_to_Brisbane,173,132,0.44,0
dl_507,3,,,,,
dl_507,170,Wyreema_exit,170,131,0.44,0
dl_507,171,exit_to_Brisbane,171,131,0.44,0
dl_507,188,Wyreema_exit,188,146,0.44,0
dl_507,173,exit_to_Brisbane,173,132,0.44,0
dl_508,4,,,,,
dl_508,170,Wyreema_exit,170,131,0.44,0
dl_508,171,exit_to_Brisbane,171,131,0.44,0
dl_508,35,Wyreema_exit,35,28,0.44,0
dl_508,28,Gowrie_exit,28,23,0.44,0
dl_508,173,exit_to_Brisbane,173,132,0.44,0
dl_509,4,,,,,
dl_509,17,exit_to_Brisbane,17,14,0.44,0
dl_509,216,exit_to_Brisbane,218,13,0.44,0
dl_509,16,Gowrie_exit,16,14,0.44,0
dl_509,15,Gowrie_exit,15,13,0.44,0
dl_509,218,exit_to_Brisbane,218,13,0.44,0
dl_510,6,,,,,
dl_510,20,exit_to_Brisbane,20,16,0.44,0
dl_510,19,Gowrie_exit,19,16,0.44,0
dl_510,18,exit_to_Brisbane,18,15,0.44,0
dl_510,216,exit_to_Brisbane,218,13,0.44,0
dl_510,16,Gowrie_exit,16,14,0.44,0
dl_510,15,Gowrie_exit,15,13,0.44,0
dl_510,218,exit_to_Brisbane,218,13,0.44,0
dl_511,9,,,,,
dl_511,27,exit_to_Brisbane,27,21,0.44,0
dl_511,26,Gowrie_exit,26,21,0.44,0
dl_511,25,exit_to_Brisbane,25,20,0.44,0
dl_511,24,exit_to_Brisbane,24,19,0.44,0
dl_511,23,exit_to_Brisbane,23,17,0.44,0
dl_511,22,Gowrie_exit,22,19,0.44,0
dl_511,21,Gowrie_exit,22,19,0.44,0
dl_511,19,Gowrie_exit,19,16,0.44,0
dl_511,18,exit_to_Brisbane,18,15,0.44,0
dl_511,17,Gowrie_exit,17,15,0.44,0
dl_512,9,,,,,
dl_512,35,exit_to_Brisbane,35,28,0.44,0
dl_512,26,Gowrie_exit,26,21,0.44,0
dl_512,25,exit_to_Brisbane,25,20,0.44,0
dl_512,24,exit_to_Brisbane,24,19,0.44,0
dl_512,23,exit_to_Brisbane,23,17,0.44,0
dl_512,22,Gowrie_exit,22,19,0.44,0
dl_512,21,Gowrie_exit,22,19,0.44,0
dl_512,19,Gowrie_exit,19,16,0.44,0
dl_512,18,exit_to_Brisbane,18,15,0.44,0
dl_512,17,Gowrie_exit,17,15,0.44,0
dl_513,6,,,,,
dl_513,24,exit_to_Brisbane,24,19,0.44,0
dl_513,23,exit_to_Brisbane,23,17,0.44,0
dl_513,22,Gowrie_exit,22,19,0.44,0
dl_513,21,Gowrie_exit,22,19,0.44,0
dl_513,19,Gowrie_exit,19,16,0.44,0
dl_513,18,exit_to_Brisbane,18,15,0.44,0
dl_513,17,Gowrie_exit,17,15,0.44,0
dl_514,8,,,,,
dl_514,27,exit_to_Brisbane,27,21,0.44,0
dl_514,26,Gowrie_exit,26,21,0.44,0
dl_514,25,exit_to_Brisbane,25,20,0.44,0
dl_514,23,exit_to_Brisbane,23,17,0.44,0
dl_514,22,Gowrie_exit,22,19,0.44,0
dl_514,21,Gowrie_exit,22,19,0.44,0
dl_514,19,Gowrie_exit,19,16,0.44,0
dl_514,18,exit_to_Brisbane,18,15,0.44,0
dl_514,17,Gowrie_exit,17,15,0.44,0
dl_515,12,,,,,
dl_515,27,exit_to_Brisbane,27,21,0.44,0
dl_515,26,Gowrie_exit,26,21,0.44,0
dl_515,25,exit_to_Brisbane,25,20,0.44,0
dl_515,24,exit_to_Brisbane,24,19,0.44,0
dl_515,23,exit_to_Brisbane,23,17,0.44,0
dl_515,22,Gowrie_exit,22,19,0.44,0
dl_515,21,Gowrie_exit,22,19,0.44,0
dl_515,19,Gowrie_exit,19,16,0.44,0
dl_515,18,exit_to_Brisbane,18,15,0.44,0
dl_515,216,exit_to_Brisbane,218,13,0.44,0
dl_515,16,Gowrie_exit,16,14,0.44,0
dl_515,15,Gowrie_exit,15,13,0.44,0
dl_515,218,exit_to_Brisbane,218,13,0.44,0
dl_516,12,,,,,
dl_516,35,exit_to_Brisbane,35,28,0.44,0
dl_516,26,Gowrie_exit,26,21,0.44,0
dl_516,25,exit_to_Brisbane,25,20,0.44,0
dl_516,24,exit_to_Brisbane,24,19,0.44,0
dl_516,23,exit_to_Brisbane,23,17,0.44,0
dl_516,22,Gowrie_exit,22,19,0.44,0
dl_516,21,Gowrie_exit,22,19,0.44,0
dl_516,19,Gowrie_exit,19,16,0.44,0
dl_516,18,exit_to_Brisbane,18,15,0.44,0
dl_516,216,exit_to_Brisbane,218,13,0.44,0
dl_516,16,Gowrie_exit,16,14,0.44,0
dl_516,15,Gowrie_exit,15,13,0.44,0
dl_516,218,exit_to_Brisbane,218,13,0.44,0
dl_517,9,,,,,
dl_517,24,exit_to_Brisbane,24,19,0.44,0
dl_517,23,exit_to_Brisbane,23,17,0.44,0
dl_517,22,Gowrie_exit,22,19,0.44,0
dl_517,21,Gowrie_exit,22,19,0.44,0
dl_517,19,Gowrie_exit,19,16,0.44,0
dl_517,18,exit_to_Brisbane,18,15,0.44,0
dl_517,216,exit_to_Brisbane,218,13,0.44,0
dl_517,16,Gowrie_exit,16,14,0.44,0
dl_517,15,Gowrie_exit,15,13,0.44,0
dl_517,218,exit_to_Brisbane,218,13,0.44,0
dl_518,11,,,,,
dl_518,27,exit_to_Brisbane,27,21,0.44,0
dl_518,26,Gowrie_exit,26,21,0.44,0
dl_518,25,exit_to_Brisbane,25,20,0.44,0
dl_518,23,exit_to_Brisbane,23,17,0.44,0
dl_518,22,Gowrie_exit,22,19,0.44,0
dl_518,21,Gowrie_exit,22,19,0.44,0
dl_518,19,Gowrie_exit,19,16,0.44,0
dl_518,18,exit_to_Brisbane,18,15,0.44,0
dl_518,216,exit_to_Brisbane,218,13,0.44,0
dl_518,16,Gowrie_exit,16,14,0.44,0
dl_518,15,Gowrie_exit,15,13,0.44,0
dl_518,218,exit_to_Brisbane,218,13,0.44,0
dl_519,8,,,,,
dl_519,27,exit_to_Brisbane,27,21,0.44,0
dl_519,26,Gowrie_exit,26,21,0.44,0
dl_519,25,exit_to_Brisbane,25,20,0.44,0
dl_519,24,exit_to_Brisbane,24,19,0.44,0
dl_519,19,Gowrie_exit,19,16,0.44,0
dl_519,18,exit_to_Brisbane,18,15,0.44,0
dl_519,17,Gowrie_exit,17,15,0.44,0
dl_519,22,Gowrie_exit,22,19,0.44,0
dl_519,21,Gowrie_exit,22,19,0.44,0
dl_520,11,,,,,
dl_520,27,exit_to_Brisbane,27,21,0.44,0
dl_520,26,Gowrie_exit,26,21,0.44,0
dl_520,25,exit_to_Brisbane,25,20,0.44,0
dl_520,24,exit_to_Brisbane,24,19,0.44,0
dl_520,19,Gowrie_exit,19,16,0.44,0
dl_520,18,exit_to_Brisbane,18,15,0.44,0
dl_520,216,exit_to_Brisbane,218,13,0.44,0
dl_520,16,Gowrie_exit,16,14,0.44,0
dl_520,15,Gowrie_exit,15,13,0.44,0
dl_520,218,exit_to_Brisbane,218,13,0.44,0
dl_520,22,Gowrie_exit,22,19,0.44,0
dl_520,21,Gowrie_exit,22,19,0.44,0
dl_521,13,,,,,
dl_521,24,exit_to_Brisbane,24,19,0.44,0
dl_521,23,exit_to_Brisbane,23,17,0.44,0
dl_521,22,Gowrie_exit,22,19,0.44,0
dl_521,17,exit_to_Brisbane,17,14,0.44,0
dl_521,216,exit_to_Brisbane,218,13,0.44,0
dl_521,16,Gowrie_exit,16,14,0.44,0
dl_521,20,exit_to_Brisbane,20,16,0.44,0
dl_521,19,Gowrie_exit,19,16,0.44,0
dl_521,18,exit_to_Brisbane,18,15,0.44,0
dl_521,218,exit_to_Brisbane,218,13,0.44,0
dl_521,2,exit_to_Brisbane,2,3,0.44,0
dl_521,1,Gowrie_exit,1,2,0.44,0
dl_521,4,Wyreema_exit,4,3,0.44,0
dl_521,3,Gowrie_exit,1,2,0.44,0
dl_522,15,,,,,
dl_522,27,exit_to_Brisbane,27,21,0.44,0
dl_522,26,Gowrie_exit,26,21,0.44,0
dl_522,25,exit_to_Brisbane,25,20,0.44,0
dl_522,23,exit_to_Brisbane,23,17,0.44,0
dl_522,22,Gowrie_exit,22,19,0.44,0
dl_522,17,exit_to_Brisbane,17,14,0.44,0
dl_522,216,exit_to_Brisbane,218,13,0.44,0
dl_522,16,Gowrie_exit,16,14,0.44,0
dl_522,20,exit_to_Brisbane,20,16,0.44,0
dl_522,19,Gowrie_exit,19,16,0.44,0
dl_522,18,exit_to_Brisbane,18,15,0.44,0
dl_522,218,exit_to_Brisbane,218,13,0.44,0
dl_522,2,exit_to_Brisbane,2,3,0.44,0
dl_522,1,Gowrie_exit,1,2,0.44,0
dl_522,4,Wyreema_exit,4,3,0.44,0
dl_522,3,Gowrie_exit,1,2,0.44,0
dl_523,15,,,,,
dl_523,27,exit_to_Brisbane,27,21,0.44,0
dl_523,26,Gowrie_exit,26,21,0.44,0
dl_523,25,exit_to_Brisbane,25,20,0.44,0
dl_523,24,exit_to_Brisbane,24,19,0.44,0
dl_523,20,exit_to_Brisbane,20,16,0.44,0
dl_523,22,Gowrie_exit,22,19,0.44,0
dl_523,17,exit_to_Brisbane,17,14,0.44,0
dl_523,216,exit_to_Brisbane,218,13,0.44,0
dl_523,16,Gowrie_exit,16,14,0.44,0
dl_523,19,Gowrie_exit,19,16,0.44,0
dl_523,18,exit_to_Brisbane,18,15,0.44,0
dl_523,218,exit_to_Brisbane,218,13,0.44,0
dl_523,2,exit_to_Brisbane,2,3,0.44,0
dl_523,1,Gowrie_exit,1,2,0.44,0
dl_523,4,Wyreema_exit,4,3,0.44,0
dl_523,3,Gowrie_exit,1,2,0.44,0
dl_524,10,,,,,
dl_524,17,exit_to_Brisbane,17,14,0.44,0
dl_524,216,exit_to_Brisbane,218,13,0.44,0
dl_524,16,Gowrie_exit,16,14,0.44,0
dl_524,20,exit_to_Brisbane,20,16,0.44,0
dl_524,19,Gowrie_exit,19,16,0.44,0
dl_524,18,exit_to_Brisbane,18,15,0.44,0
dl_524,218,exit_to_Brisbane,218,13,0.44,0
dl_524,2,exit_to_Brisbane,2,3,0.44,0
dl_524,1,Gowrie_exit,1,2,0.44,0
dl_524,4,Wyreema_exit,4,3,0.44,0
dl_524,3,Gowrie_exit,1,2,0.44,0
dl_525,16,,,,,
dl_525,27,exit_to_Brisbane,27,21,0.44,0
dl_525,26,Gowrie_exit,26,21,0.44,0
dl_525,25,exit_to_Brisbane,25,20,0.44,0
dl_525,24,exit_to_Brisbane,24,19,0.44,0
dl_525,23,exit_to_Brisbane,23,17,0.44,0
dl_525,22,Gowrie_exit,22,19,0.44,0
dl_525,17,exit_to_Brisbane,17,14,0.44,0
dl_525,216,exit_to_Brisbane,218,13,0.44,0
dl_525,16,Gowrie_exit,16,14,0.44,0
dl_525,21,Gowrie_exit,22,19,0.44,0
dl_525,19,Gowrie_exit,19,16,0.44,0
dl_525,18,exit_to_Brisbane,18,15,0.44,0
dl_525,218,exit_to_Brisbane,218,13,0.44,0
dl_525,2,exit_to_Brisbane,2,3,0.44,0
dl_525,1,Gowrie_exit,1,2,0.44,0
dl_525,4,Wyreema_exit,4,3,0.44,0
dl_525,3,Gowrie_exit,1,2,0.44,0
dl_526,16,,,,,
dl_526,35,exit_to_Brisbane,35,28,0.44,0
dl_526,26,Gowrie_exit,26,21,0.44,0
dl_526,25,exit_to_Brisbane,25,20,0.44,0
dl_526,24,exit_to_Brisbane,24,19,0.44,0
dl_526,23,exit_to_Brisbane,23,17,0.44,0
dl_526,22,Gowrie_exit,22,19,0.44,0
dl_526,17,exit_to_Brisbane,17,14,0.44,0
dl_526,216,exit_to_Brisbane,218,13,0.44,0
dl_526,16,Gowrie_exit,16,14,0.44,0
dl_526,21,Gowrie_exit,22,19,0.44,0
dl_526,19,Gowrie_exit,19,16,0.44,0
dl_526,18,exit_to_Brisbane,18,15,0.44,0
dl_526,218,exit_to_Brisbane,218,13,0.44,0
dl_526,2,exit_to_Brisbane,2,3,0.44,0
dl_526,1,Gowrie_exit,1,2,0.44,0
dl_526,4,Wyreema_exit,4,3,0.44,0
dl_526,3,Gowrie_exit,1,2,0.44,0
dl_527,13,,,,,
dl_527,24,exit_to_Brisbane,24,19,0.44,0
dl_527,23,exit_to_Brisbane,23,17,0.44,0
dl_527,22,Gowrie_exit,22,19,0.44,0
dl_527,17,exit_to_Brisbane,17,14,0.44,0
dl_527,216,exit_to_Brisbane,218,13,0.44,0
dl_527,16,Gowrie_exit,16,14,0.44,0
dl_527,21,Gowrie_exit,22,19,0.44,0
dl_527,19,Gowrie_exit,19,16,0.44,0
dl_527,18,exit_to_Brisbane,18,15,0.44,0
dl_527,218,exit_to_Brisbane,218,13,0.44,0
dl_527,2,exit_to_Brisbane,2,3,0.44,0
dl_527,1,Gowrie_exit,1,2,0.44,0
dl_527,4,Wyreema_exit,4,3,0.44,0
dl_527,3,Gowrie_exit,1,2,0.44,0
dl_528,15,,,,,
dl_528,27,exit_to_Brisbane,27,21,0.44,0
dl_528,26,Gowrie_exit,26,21,0.44,0
dl_528,25,exit_to_Brisbane,25,20,0.44,0
dl_528,23,exit_to_Brisbane,23,17,0.44,0
dl_528,22,Gowrie_exit,22,19,0.44,0
dl_528,17,exit_to_Brisbane,17,14,0.44,0
dl_528,216,exit_to_Brisbane,218,13,0.44,0
dl_528,16,Gowrie_exit,16,14,0.44,0
dl_528,21,Gowrie_exit,22,19,0.44,0
dl_528,19,Gowrie_exit,19,16,0.44,0
dl_528,18,exit_to_Brisbane,18,15,0.44,0
dl_528,218,exit_to_Brisbane,218,13,0.44,0
dl_528,2,exit_to_Brisbane,2,3,0.44,0
dl_528,1,Gowrie_exit,1,2,0.44,0
dl_528,4,Wyreema_exit,4,3,0.44,0
dl_528,3,Gowrie_exit,1,2,0.44,0
dl_529,15,,,,,
dl_529,27,exit_to_Brisbane,27,21,0.44,0
dl_529,26,Gowrie_exit,26,21,0.44,0
dl_529,25,exit_to_Brisbane,25,20,0.44,0
dl_529,24,exit_to_Brisbane,24,19,0.44,0
dl_529,17,exit_to_Brisbane,17,14,0.44,0
dl_529,216,exit_to_Brisbane,218,13,0.44,0
dl_529,16,Gowrie_exit,16,14,0.44,0
dl_529,19,Gowrie_exit,19,16,0.44,0
dl_529,18,exit_to_Brisbane,18,15,0.44,0
dl_529,218,exit_to_Brisbane,218,13,0.44,0
dl_529,2,exit_to_Brisbane,2,3,0.44,0
dl_529,1,Gowrie_exit,1,2,0.44,0
dl_529,4,Wyreema_exit,4,3,0.44,0
dl_529,3,Gowrie_exit,1,2,0.44,0
dl_529,22,Gowrie_exit,22,19,0.44,0
dl_529,21,Gowrie_exit,22,19,0.44,0
dl_530,7,,,,,
dl_530,17,exit_to_Brisbane,17,14,0.44,0
dl_530,216,exit_to_Brisbane,218,13,0.44,0
dl_530,16,Gowrie_exit,16,14,0.44,0
dl_530,218,exit_to_Brisbane,218,13,0.44,0
dl_530,2,exit_to_Brisbane,2,3,0.44,0
dl_530,1,Gowrie_exit,1,2,0.44,0
dl_530,4,Wyreema_exit,4,3,0.44,0
dl_530,3,Gowrie_exit,1,2,0.44,0
dl_531,15,,,,,
dl_531,27,exit_to_Brisbane,27,21,0.44,0
dl_531,26,Gowrie_exit,26,21,0.44,0
dl_531,25,exit_to_Brisbane,25,20,0.44,0
dl_531,24,exit_to_Brisbane,24,19,0.44,0
dl_531,23,exit_to_Brisbane,23,17,0.44,0
dl_531,22,Gowrie_exit,22,19,0.44,0
dl_531,20,exit_to_Brisbane,20,16,0.44,0
dl_531,19,Gowrie_exit,19,16,0.44,0
dl_531,18,exit_to_Brisbane,18,15,0.44,0
dl_531,216,exit_to_Brisbane,218,13,0.44,0
dl_531,16,Gowrie_exit,16,14,0.44,0
dl_531,218,exit_to_Brisbane,218,13,0.44,0
dl_531,2,exit_to_Brisbane,2,3,0.44,0
dl_531,1,Gowrie_exit,1,2,0.44,0
dl_531,4,Wyreema_exit,4,3,0.44,0
dl_531,3,Gowrie_exit,1,2,0.44,0
dl_532,15,,,,,
dl_532,35,exit_to_Brisbane,35,28,0.44,0
dl_532,26,Gowrie_exit,26,21,0.44,0
dl_532,25,exit_to_Brisbane,25,20,0.44,0
dl_532,24,exit_to_Brisbane,24,19,0.44,0
dl_532,23,exit_to_Brisbane,23,17,0.44,0
dl_532,22,Gowrie_exit,22,19,0.44,0
dl_532,20,exit_to_Brisbane,20,16,0.44,0
dl_532,19,Gowrie_exit,19,16,0.44,0
dl_532,18,exit_to_Brisbane,18,15,0.44,0
dl_532,216,exit_to_Brisbane,218,13,0.44,0
dl_532,16,Gowrie_exit,16,14,0.44,0
dl_532,218,exit_to_Brisbane,218,13,0.44,0
dl_532,2,exit_to_Brisbane,2,3,0.44,0
dl_532,1,Gowrie_exit,1,2,0.44,0
dl_532,4,Wyreema_exit,4,3,0.44,0
dl_532,3,Gowrie_exit,1,2,0.44,0
dl_533,12,,,,,
dl_533,24,exit_to_Brisbane,24,19,0.44,0
dl_533,23,exit_to_Brisbane,23,17,0.44,0
dl_533,22,Gowrie_exit,22,19,0.44,0
dl_533,20,exit_to_Brisbane,20,16,0.44,0
dl_533,19,Gowrie_exit,19,16,0.44,0
dl_533,18,exit_to_Brisbane,18,15,0.44,0
dl_533,216,exit_to_Brisbane,218,13,0.44,0
dl_533,16,Gowrie_exit,16,14,0.44,0
dl_533,218,exit_to_Brisbane,218,13,0.44,0
dl_533,2,exit_to_Brisbane,2,3,0.44,0
dl_533,1,Gowrie_exit,1,2,0.44,0
dl_533,4,Wyreema_exit,4,3,0.44,0
dl_533,3,Gowrie_exit,1,2,0.44,0
dl_534,14,,,,,
dl_534,27,exit_to_Brisbane,27,21,0.44,0
dl_534,26,Gowrie_exit,26,21,0.44,0
dl_534,25,exit_to_Brisbane,25,20,0.44,0
dl_534,23,exit_to_Brisbane,23,17,0.44,0
dl_534,22,Gowrie_exit,22,19,0.44,0
dl_534,20,exit_to_Brisbane,20,16,0.44,0
dl_534,19,Gowrie_exit,19,16,0.44,0
dl_534,18,exit_to_Brisbane,18,15,0.44,0
dl_534,216,exit_to_Brisbane,218,13,0.44,0
dl_534,16,Gowrie_exit,16,14,0.44,0
dl_534,218,exit_to_Brisbane,218,13,0.44,0
dl_534,2,exit_to_Brisbane,2,3,0.44,0
dl_534,1,Gowrie_exit,1,2,0.44,0
dl_534,4,Wyreema_exit,4,3,0.44,0
dl_534,3,Gowrie_exit,1,2,0.44,0
dl_535,14,,,,,
dl_535,27,exit_to_Brisbane,27,21,0.44,0
dl_535,26,Gowrie_exit,26,21,0.44,0
dl_535,25,exit_to_Brisbane,25,20,0.44,0
dl_535,24,exit_to_Brisbane,24,19,0.44,0
dl_535,20,exit_to_Brisbane,20,16,0.44,0
dl_535,22,Gowrie_exit,22,19,0.44,0
dl_535,19,Gowrie_exit,19,16,0.44,0
dl_535,18,exit_to_Brisbane,18,15,0.44,0
dl_535,216,exit_to_Brisbane,218,13,0.44,0
dl_535,16,Gowrie_exit,16,14,0.44,0
dl_535,218,exit_to_Brisbane,218,13,0.44,0
dl_535,2,exit_to_Brisbane,2,3,0.44,0
dl_535,1,Gowrie_exit,1,2,0.44,0
dl_535,4,Wyreema_exit,4,3,0.44,0
dl_535,3,Gowrie_exit,1,2,0.44,0
dl_536,9,,,,,
dl_536,20,exit_to_Brisbane,20,16,0.44,0
dl_536,19,Gowrie_exit,19,16,0.44,0
dl_536,18,exit_to_Brisbane,18,15,0.44,0
dl_536,216,exit_to_Brisbane,218,13,0.44,0
dl_536,16,Gowrie_exit,16,14,0.44,0
dl_536,218,exit_to_Brisbane,218,13,0.44,0
dl_536,2,exit_to_Brisbane,2,3,0.44,0
dl_536,1,Gowrie_exit,1,2,0.44,0
dl_536,4,Wyreema_exit,4,3,0.44,0
dl_536,3,Gowrie_exit,1,2,0.44,0
dl_537,15,,,,,
dl_537,27,exit_to_Brisbane,27,21,0.44,0
dl_537,26,Gowrie_exit,26,21,0.44,0
dl_537,25,exit_to_Brisbane,25,20,0.44,0
dl_537,24,exit_to_Brisbane,24,19,0.44,0
dl_537,23,exit_to_Brisbane,23,17,0.44,0
dl_537,22,Gowrie_exit,22,19,0.44,0
dl_537,21,Gowrie_exit,22,19,0.44,0
dl_537,19,Gowrie_exit,19,16,0.44,0
dl_537,18,exit_to_Brisbane,18,15,0.44,0
dl_537,216,exit_to_Brisbane,218,13,0.44,0
dl_537,16,Gowrie_exit,16,14,0.44,0
dl_537,218,exit_to_Brisbane,218,13,0.44,0
dl_537,2,exit_to_Brisbane,2,3,0.44,0
dl_537,1,Gowrie_exit,1,2,0.44,0
dl_537,4,Wyreema_exit,4,3,0.44,0
dl_537,3,Gowrie_exit,1,2,0.44,0
dl_538,15,,,,,
dl_538,35,exit_to_Brisbane,35,28,0.44,0
dl_538,26,Gowrie_exit,26,21,0.44,0
dl_538,25,exit_to_Brisbane,25,20,0.44,0
dl_538,24,exit_to_Brisbane,24,19,0.44,0
dl_538,23,exit_to_Brisbane,23,17,0.44,0
dl_538,22,Gowrie_exit,22,19,0.44,0
dl_538,21,Gowrie_exit,22,19,0.44,0
dl_538,19,Gowrie_exit,19,16,0.44,0
dl_538,18,exit_to_Brisbane,18,15,0.44,0
dl_538,216,exit_to_Brisbane,218,13,0.44,0
dl_538,16,Gowrie_exit,16,14,0.44,0
dl_538,218,exit_to_Brisbane,218,13,0.44,0
dl_538,2,exit_to_Brisbane,2,3,0.44,0
dl_538,1,Gowrie_exit,1,2,0.44,0
dl_538,4,Wyreema_exit,4,3,0.44,0
dl_538,3,Gowrie_exit,1,2,0.44,0
dl_539,12,,,,,
dl_539,24,exit_to_Brisbane,24,19,0.44,0
dl_539,23,exit_to_Brisbane,23,17,0.44,0
dl_539,22,Gowrie_exit,22,19,0.44,0
dl_539,21,Gowrie_exit,22,19,0.44,0
dl_539,19,Gowrie_exit,19,16,0.44,0
dl_539,18,exit_to_Brisbane,18,15,0.44,0
dl_539,216,exit_to_Brisbane,218,13,0.44,0
dl_539,16,Gowrie_exit,16,14,0.44,0
dl_539,218,exit_to_Brisbane,218,13,0.44,0
dl_539,2,exit_to_Brisbane,2,3,0.44,0
dl_539,1,Gowrie_exit,1,2,0.44,0
dl_539,4,Wyreema_exit,4,3,0.44,0
dl_539,3,Gowrie_exit,1,2,0.44,0
dl_540,14,,,,,
dl_540,27,exit_to_Brisbane,27,21,0.44,0
dl_540,26,Gowrie_exit,26,21,0.44,0
dl_540,25,exit_to_Brisbane,25,20,0.44,0
dl_540,23,exit_to_Brisbane,23,17,0.44,0
dl_540,22,Gowrie_exit,22,19,0.44,0
dl_540,21,Gowrie_exit,22,19,0.44,0
dl_540,19,Gowrie_exit,19,16,0.44,0
dl_540,18,exit_to_Brisbane,18,15,0.44,0
dl_540,216,exit_to_Brisbane,218,13,0.44,0
dl_540,16,Gowrie_exit,16,14,0.44,0
dl_540,218,exit_to_Brisbane,218,13,0.44,0
dl_540,2,exit_to_Brisbane,2,3,0.44,0
dl_540,1,Gowrie_exit,1,2,0.44,0
dl_540,4,Wyreema_exit,4,3,0.44,0
dl_540,3,Gowrie_exit,1,2,0.44,0
dl_541,14,,,,,
dl_541,27,exit_to_Brisbane,27,21,0.44,0
dl_541,26,Gowrie_exit,26,21,0.44,0
dl_541,25,exit_to_Brisbane,25,20,0.44,0
dl_541,24,exit_to_Brisbane,24,19,0.44,0
dl_541,19,Gowrie_exit,19,16,0.44,0
dl_541,18,exit_to_Brisbane,18,15,0.44,0
dl_541,216,exit_to_Brisbane,218,13,0.44,0
dl_541,16,Gowrie_exit,16,14,0.44,0
dl_541,218,exit_to_Brisbane,218,13,0.44,0
dl_541,2,exit_to_Brisbane,2,3,0.44,0
dl_541,1,Gowrie_exit,1,2,0.44,0
dl_541,4,Wyreema_exit,4,3,0.44,0
dl_541,3,Gowrie_exit,1,2,0.44,0
dl_541,22,Gowrie_exit,22,19,0.44,0
dl_541,21,Gowrie_exit,22,19,0.44,0
dl_542,2,,,,,
dl_542,17,exit_to_Brisbane,17,14,0.44,0
dl_542,216,Gowrie_exit,216,14,0.44,0
dl_542,16,Gowrie_exit,16,14,0.44,0
dl_543,11,,,,,
dl_543,27,exit_to_Brisbane,27,21,0.44,0
dl_543,26,Gowrie_exit,26,21,0.44,0
dl_543,25,exit_to_Brisbane,25,20,0.44,0
dl_543,24,exit_to_Brisbane,24,19,0.44,0
dl_543,23,exit_to_Brisbane,23,17,0.44,0
dl_543,22,Gowrie_exit,22,19,0.44,0
dl_543,17,exit_to_Brisbane,17,14,0.44,0
dl_543,15,Gowrie_exit,15,13,0.44,0
dl_543,16,Gowrie_exit,16,14,0.44,0
dl_543,20,exit_to_Brisbane,20,16,0.44,0
dl_543,19,Gowrie_exit,19,16,0.44,0
dl_543,18,exit_to_Brisbane,18,15,0.44,0
dl_544,11,,,,,
dl_544,35,exit_to_Brisbane,35,28,0.44,0
dl_544,26,Gowrie_exit,26,21,0.44,0
dl_544,25,exit_to_Brisbane,25,20,0.44,0
dl_544,24,exit_to_Brisbane,24,19,0.44,0
dl_544,23,exit_to_Brisbane,23,17,0.44,0
dl_544,22,Gowrie_exit,22,19,0.44,0
dl_544,17,exit_to_Brisbane,17,14,0.44,0
dl_544,15,Gowrie_exit,15,13,0.44,0
dl_544,16,Gowrie_exit,16,14,0.44,0
dl_544,20,exit_to_Brisbane,20,16,0.44,0
dl_544,19,Gowrie_exit,19,16,0.44,0
dl_544,18,exit_to_Brisbane,18,15,0.44,0
dl_545,8,,,,,
dl_545,24,exit_to_Brisbane,24,19,0.44,0
dl_545,23,exit_to_Brisbane,23,17,0.44,0
dl_545,22,Gowrie_exit,22,19,0.44,0
dl_545,17,exit_to_Brisbane,17,14,0.44,0
dl_545,15,Gowrie_exit,15,13,0.44,0
dl_545,16,Gowrie_exit,16,14,0.44,0
dl_545,20,exit_to_Brisbane,20,16,0.44,0
dl_545,19,Gowrie_exit,19,16,0.44,0
dl_545,18,exit_to_Brisbane,18,15,0.44,0
dl_546,10,,,,,
dl_546,27,exit_to_Brisbane,27,21,0.44,0
dl_546,26,Gowrie_exit,26,21,0.44,0
dl_546,25,exit_to_Brisbane,25,20,0.44,0
dl_546,23,exit_to_Brisbane,23,17,0.44,0
dl_546,22,Gowrie_exit,22,19,0.44,0
dl_546,17,exit_to_Brisbane,17,14,0.44,0
dl_546,15,Gowrie_exit,15,13,0.44,0
dl_546,16,Gowrie_exit,16,14,0.44,0
dl_546,20,exit_to_Brisbane,20,16,0.44,0
dl_546,19,Gowrie_exit,19,16,0.44,0
dl_546,18,exit_to_Brisbane,18,15,0.44,0
dl_547,10,,,,,
dl_547,27,exit_to_Brisbane,27,21,0.44,0
dl_547,26,Gowrie_exit,26,21,0.44,0
dl_547,25,exit_to_Brisbane,25,20,0.44,0
dl_547,24,exit_to_Brisbane,24,19,0.44,0
dl_547,20,exit_to_Brisbane,20,16,0.44,0
dl_547,22,Gowrie_exit,22,19,0.44,0
dl_547,17,exit_to_Brisbane,17,14,0.44,0
dl_547,15,Gowrie_exit,15,13,0.44,0
dl_547,16,Gowrie_exit,16,14,0.44,0
dl_547,19,Gowrie_exit,19,16,0.44,0
dl_547,18,exit_to_Brisbane,18,15,0.44,0
dl_548,5,,,,,
dl_548,17,exit_to_Brisbane,17,14,0.44,0
dl_548,15,Gowrie_exit,15,13,0.44,0
dl_548,16,Gowrie_exit,16,14,0.44,0
dl_548,20,exit_to_Brisbane,20,16,0.44,0
dl_548,19,Gowrie_exit,19,16,0.44,0
dl_548,18,exit_to_Brisbane,18,15,0.44,0
dl_549,11,,,,,
dl_549,27,exit_to_Brisbane,27,21,0.44,0
dl_549,26,Gowrie_exit,26,21,0.44,0
dl_549,25,exit_to_Brisbane,25,20,0.44,0
dl_549,24,exit_to_Brisbane,24,19,0.44,0
dl_549,23,exit_to_Brisbane,23,17,0.44,0
dl_549,22,Gowrie_exit,22,19,0.44,0
dl_549,17,exit_to_Brisbane,17,14,0.44,0
dl_549,15,Gowrie_exit,15,13,0.44,0
dl_549,16,Gowrie_exit,16,14,0.44,0
dl_549,21,Gowrie_exit,22,19,0.44,0
dl_549,19,Gowrie_exit,19,16,0.44,0
dl_549,18,exit_to_Brisbane,18,15,0.44,0
dl_550,11,,,,,
dl_550,35,exit_to_Brisbane,35,28,0.44,0
dl_550,26,Gowrie_exit,26,21,0.44,0
dl_550,25,exit_to_Brisbane,25,20,0.44,0
dl_550,24,exit_to_Brisbane,24,19,0.44,0
dl_550,23,exit_to_Brisbane,23,17,0.44,0
dl_550,22,Gowrie_exit,22,19,0.44,0
dl_550,17,exit_to_Brisbane,17,14,0.44,0
dl_550,15,Gowrie_exit,15,13,0.44,0
dl_550,16,Gowrie_exit,16,14,0.44,0
dl_550,21,Gowrie_exit,22,19,0.44,0
dl_550,19,Gowrie_exit,19,16,0.44,0
dl_550,18,exit_to_Brisbane,18,15,0.44,0
dl_551,8,,,,,
dl_551,24,exit_to_Brisbane,24,19,0.44,0
dl_551,23,exit_to_Brisbane,23,17,0.44,0
dl_551,22,Gowrie_exit,22,19,0.44,0
dl_551,17,exit_to_Brisbane,17,14,0.44,0
dl_551,15,Gowrie_exit,15,13,0.44,0
dl_551,16,Gowrie_exit,16,14,0.44,0
dl_551,21,Gowrie_exit,22,19,0.44,0
dl_551,19,Gowrie_exit,19,16,0.44,0
dl_551,18,exit_to_Brisbane,18,15,0.44,0
dl_552,10,,,,,
dl_552,27,exit_to_Brisbane,27,21,0.44,0
dl_552,26,Gowrie_exit,26,21,0.44,0
dl_552,25,exit_to_Brisbane,25,20,0.44,0
dl_552,23,exit_to_Brisbane,23,17,0.44,0
dl_552,22,Gowrie_exit,22,19,0.44,0
dl_552,17,exit_to_Brisbane,17,14,0.44,0
dl_552,15,Gowrie_exit,15,13,0.44,0
dl_552,16,Gowrie_exit,16,14,0.44,0
dl_552,21,Gowrie_exit,22,19,0.44,0
dl_552,19,Gowrie_exit,19,16,0.44,0
dl_552,18,exit_to_Brisbane,18,15,0.44,0
dl_553,10,,,,,
dl_553,27,exit_to_Brisbane,27,21,0.44,0
dl_553,26,Gowrie_exit,26,21,0.44,0
dl_553,25,exit_to_Brisbane,25,20,0.44,0
dl_553,24,exit_to_Brisbane,24,19,0.44,0
dl_553,17,exit_to_Brisbane,17,14,0.44,0
dl_553,15,Gowrie_exit,15,13,0.44,0
dl_553,16,Gowrie_exit,16,14,0.44,0
dl_553,19,Gowrie_exit,19,16,0.44,0
dl_553,18,exit_to_Brisbane,18,15,0.44,0
dl_553,22,Gowrie_exit,22,19,0.44,0
dl_553,21,Gowrie_exit,22,19,0.44,0
dl_554,14,,,,,
dl_554,27,exit_to_Brisbane,27,21,0.44,0
dl_554,26,Gowrie_exit,26,21,0.44,0
dl_554,25,exit_to_Brisbane,25,20,0.44,0
dl_554,24,exit_to_Brisbane,24,19,0.44,0
dl_554,23,exit_to_Brisbane,23,17,0.44,0
dl_554,22,Gowrie_exit,22,19,0.44,0
dl_554,17,exit_to_Brisbane,17,14,0.44,0
dl_554,2,exit_to_Brisbane,2,3,0.44,0
dl_554,1,Gowrie_exit,1,2,0.44,0
dl_554,4,Wyreema_exit,4,3,0.44,0
dl_554,3,Gowrie_exit,1,2,0.44,0
dl_554,16,Gowrie_exit,16,14,0.44,0
dl_554,20,exit_to_Brisbane,20,16,0.44,0
dl_554,19,Gowrie_exit,19,16,0.44,0
dl_554,18,exit_to_Brisbane,18,15,0.44,0
dl_555,14,,,,,
dl_555,35,exit_to_Brisbane,35,28,0.44,0
dl_555,26,Gowrie_exit,26,21,0.44,0
dl_555,25,exit_to_Brisbane,25,20,0.44,0
dl_555,24,exit_to_Brisbane,24,19,0.44,0
dl_555,23,exit_to_Brisbane,23,17,0.44,0
dl_555,22,Gowrie_exit,22,19,0.44,0
dl_555,17,exit_to_Brisbane,17,14,0.44,0
dl_555,2,exit_to_Brisbane,2,3,0.44,0
dl_555,1,Gowrie_exit,1,2,0.44,0
dl_555,4,Wyreema_exit,4,3,0.44,0
dl_555,3,Gowrie_exit,1,2,0.44,0
dl_555,16,Gowrie_exit,16,14,0.44,0
dl_555,20,exit_to_Brisbane,20,16,0.44,0
dl_555,19,Gowrie_exit,19,16,0.44,0
dl_555,18,exit_to_Brisbane,18,15,0.44,0
dl_556,11,,,,,
dl_556,24,exit_to_Brisbane,24,19,0.44,0
dl_556,23,exit_to_Brisbane,23,17,0.44,0
dl_556,22,Gowrie_exit,22,19,0.44,0
dl_556,17,exit_to_Brisbane,17,14,0.44,0
dl_556,2,exit_to_Brisbane,2,3,0.44,0
dl_556,1,Gowrie_exit,1,2,0.44,0
dl_556,4,Wyreema_exit,4,3,0.44,0
dl_556,3,Gowrie_exit,1,2,0.44,0
dl_556,16,Gowrie_exit,16,14,0.44,0
dl_556,20,exit_to_Brisbane,20,16,0.44,0
dl_556,19,Gowrie_exit,19,16,0.44,0
dl_556,18,exit_to_Brisbane,18,15,0.44,0
dl_557,13,,,,,
dl_557,27,exit_to_Brisbane,27,21,0.44,0
dl_557,26,Gowrie_exit,26,21,0.44,0
dl_557,25,exit_to_Brisbane,25,20,0.44,0
dl_557,23,exit_to_Brisbane,23,17,0.44,0
dl_557,22,Gowrie_exit,22,19,0.44,0
dl_557,17,exit_to_Brisbane,17,14,0.44,0
dl_557,2,exit_to_Brisbane,2,3,0.44,0
dl_557,1,Gowrie_exit,1,2,0.44,0
dl_557,4,Wyreema_exit,4,3,0.44,0
dl_557,3,Gowrie_exit,1,2,0.44,0
dl_557,16,Gowrie_exit,16,14,0.44,0
dl_557,20,exit_to_Brisbane,20,16,0.44,0
dl_557,19,Gowrie_exit,19,16,0.44,0
dl_557,18,exit_to_Brisbane,18,15,0.44,0
dl_558,13,,,,,
dl_558,27,exit_to_Brisbane,27,21,0.44,0
dl_558,26,Gowrie_exit,26,21,0.44,0
dl_558,25,exit_to_Brisbane,25,20,0.44,0
dl_558,24,exit_to_Brisbane,24,19,0.44,0
dl_558,20,exit_to_Brisbane,20,16,0.44,0
dl_558,22,Gowrie_exit,22,19,0.44,0
dl_558,17,exit_to_Brisbane,17,14,0.44,0
dl_558,2,exit_to_Brisbane,2,3,0.44,0
dl_558,1,Gowrie_exit,1,2,0.44,0
dl_558,4,Wyreema_exit,4,3,0.44,0
dl_558,3,Gowrie_exit,1,2,0.44,0
dl_558,16,Gowrie_exit,16,14,0.44,0
dl_558,19,Gowrie_exit,19,16,0.44,0
dl_558,18,exit_to_Brisbane,18,15,0.44,0
dl_559,8,,,,,
dl_559,17,exit_to_Brisbane,17,14,0.44,0
dl_559,2,exit_to_Brisbane,2,3,0.44,0
dl_559,1,Gowrie_exit,1,2,0.44,0
dl_559,4,Wyreema_exit,4,3,0.44,0
dl_559,3,Gowrie_exit,1,2,0.44,0
dl_559,16,Gowrie_exit,16,14,0.44,0
dl_559,20,exit_to_Brisbane,20,16,0.44,0
dl_559,19,Gowrie_exit,19,16,0.44,0
dl_559,18,exit_to_Brisbane,18,15,0.44,0
dl_560,14,,,,,
dl_560,27,exit_to_Brisbane,27,21,0.44,0
dl_560,26,Gowrie_exit,26,21,0.44,0
dl_560,25,exit_to_Brisbane,25,20,0.44,0
dl_560,24,exit_to_Brisbane,24,19,0.44,0
dl_560,23,exit_to_Brisbane,23,17,0.44,0
dl_560,22,Gowrie_exit,22,19,0.44,0
dl_560,17,exit_to_Brisbane,17,14,0.44,0
dl_560,2,exit_to_Brisbane,2,3,0.44,0
dl_560,1,Gowrie_exit,1,2,0.44,0
dl_560,4,Wyreema_exit,4,3,0.44,0
dl_560,3,Gowrie_exit,1,2,0.44,0
dl_560,16,Gowrie_exit,16,14,0.44,0
dl_560,21,Gowrie_exit,22,19,0.44,0
dl_560,19,Gowrie_exit,19,16,0.44,0
dl_560,18,exit_to_Brisbane,18,15,0.44,0
dl_561,14,,,,,
dl_561,35,exit_to_Brisbane,35,28,0.44,0
dl_561,26,Gowrie_exit,26,21,0.44,0
dl_561,25,exit_to_Brisbane,25,20,0.44,0
dl_561,24,exit_to_Brisbane,24,19,0.44,0
dl_561,23,exit_to_Brisbane,23,17,0.44,0
dl_561,22,Gowrie_exit,22,19,0.44,0
dl_561,17,exit_to_Brisbane,17,14,0.44,0
dl_561,2,exit_to_Brisbane,2,3,0.44,0
dl_561,1,Gowrie_exit,1,2,0.44,0
dl_561,4,Wyreema_exit,4,3,0.44,0
dl_561,3,Gowrie_exit,1,2,0.44,0
dl_561,16,Gowrie_exit,16,14,0.44,0
dl_561,21,Gowrie_exit,22,19,0.44,0
dl_561,19,Gowrie_exit,19,16,0.44,0
dl_561,18,exit_to_Brisbane,18,15,0.44,0
dl_562,11,,,,,
dl_562,24,exit_to_Brisbane,24,19,0.44,0
dl_562,23,exit_to_Brisbane,23,17,0.44,0
dl_562,22,Gowrie_exit,22,19,0.44,0
dl_562,17,exit_to_Brisbane,17,14,0.44,0
dl_562,2,exit_to_Brisbane,2,3,0.44,0
dl_562,1,Gowrie_exit,1,2,0.44,0
dl_562,4,Wyreema_exit,4,3,0.44,0
dl_562,3,Gowrie_exit,1,2,0.44,0
dl_562,16,Gowrie_exit,16,14,0.44,0
dl_562,21,Gowrie_exit,22,19,0.44,0
dl_562,19,Gowrie_exit,19,16,0.44,0
dl_562,18,exit_to_Brisbane,18,15,0.44,0
dl_563,13,,,,,
dl_563,27,exit_to_Brisbane,27,21,0.44,0
dl_563,26,Gowrie_exit,26,21,0.44,0
dl_563,25,exit_to_Brisbane,25,20,0.44,0
dl_563,23,exit_to_Brisbane,23,17,0.44,0
dl_563,22,Gowrie_exit,22,19,0.44,0
dl_563,17,exit_to_Brisbane,17,14,0.44,0
dl_563,2,exit_to_Brisbane,2,3,0.44,0
dl_563,1,Gowrie_exit,1,2,0.44,0
dl_563,4,Wyreema_exit,4,3,0.44,0
dl_563,3,Gowrie_exit,1,2,0.44,0
dl_563,16,Gowrie_exit,16,14,0.44,0
dl_563,21,Gowrie_exit,22,19,0.44,0
dl_563,19,Gowrie_exit,19,16,0.44,0
dl_563,18,exit_to_Brisbane,18,15,0.44,0
dl_564,13,,,,,
dl_564,27,exit_to_Brisbane,27,21,0.44,0
dl_564,26,Gowrie_exit,26,21,0.44,0
dl_564,25,exit_to_Brisbane,25,20,0.44,0
dl_564,24,exit_to_Brisbane,24,19,0.44,0
dl_564,17,exit_to_Brisbane,17,14,0.44,0
dl_564,2,exit_to_Brisbane,2,3,0.44,0
dl_564,1,Gowrie_exit,1,2,0.44,0
dl_564,4,Wyreema_exit,4,3,0.44,0
dl_564,3,Gowrie_exit,1,2,0.44,0
dl_564,16,Gowrie_exit,16,14,0.44,0
dl_564,19,Gowrie_exit,19,16,0.44,0
dl_564,18,exit_to_Brisbane,18,15,0.44,0
dl_564,22,Gowrie_exit,22,19,0.44,0
dl_564,21,Gowrie_exit,22,19,0.44,0
dl_565,8,,,,,
dl_565,35,exit_to_Brisbane,35,28,0.44,0
dl_565,26,Gowrie_exit,26,21,0.44,0
dl_565,25,exit_to_Brisbane,25,20,0.44,0
dl_565,23,exit_to_Brisbane,23,17,0.44,0
dl_565,22,Gowrie_exit,22,19,0.44,0
dl_565,21,Gowrie_exit,22,19,0.44,0
dl_565,19,Gowrie_exit,19,16,0.44,0
dl_565,18,exit_to_Brisbane,18,15,0.44,0
dl_565,17,Gowrie_exit,17,15,0.44,0
dl_566,11,,,,,
dl_566,35,exit_to_Brisbane,35,28,0.44,0
dl_566,26,Gowrie_exit,26,21,0.44,0
dl_566,25,exit_to_Brisbane,25,20,0.44,0
dl_566,23,exit_to_Brisbane,23,17,0.44,0
dl_566,22,Gowrie_exit,22,19,0.44,0
dl_566,21,Gowrie_exit,22,19,0.44,0
dl_566,19,Gowrie_exit,19,16,0.44,0
dl_566,18,exit_to_Brisbane,18,15,0.44,0
dl_566,216,exit_to_Brisbane,218,13,0.44,0
dl_566,16,Gowrie_exit,16,14,0.44,0
dl_566,15,Gowrie_exit,15,13,0.44,0
dl_566,218,exit_to_Brisbane,218,13,0.44,0
dl_567,8,,,,,
dl_567,35,exit_to_Brisbane,35,28,0.44,0
dl_567,26,Gowrie_exit,26,21,0.44,0
dl_567,25,exit_to_Brisbane,25,20,0.44,0
dl_567,24,exit_to_Brisbane,24,19,0.44,0
dl_567,19,Gowrie_exit,19,16,0.44,0
dl_567,18,exit_to_Brisbane,18,15,0.44,0
dl_567,17,Gowrie_exit,17,15,0.44,0
dl_567,22,Gowrie_exit,22,19,0.44,0
dl_567,21,Gowrie_exit,22,19,0.44,0
dl_568,11,,,,,
dl_568,35,exit_to_Brisbane,35,28,0.44,0
dl_568,26,Gowrie_exit,26,21,0.44,0
dl_568,25,exit_to_Brisbane,25,20,0.44,0
dl_568,24,exit_to_Brisbane,24,19,0.44,0
dl_568,19,Gowrie_exit,19,16,0.44,0
dl_568,18,exit_to_Brisbane,18,15,0.44,0
dl_568,216,exit_to_Brisbane,218,13,0.44,0
dl_568,16,Gowrie_exit,16,14,0.44,0
dl_568,15,Gowrie_exit,15,13,0.44,0
dl_568,218,exit_to_Brisbane,218,13,0.44,0
dl_568,22,Gowrie_exit,22,19,0.44,0
dl_568,21,Gowrie_exit,22,19,0.44,0
dl_569,14,,,,,
dl_569,35,exit_to_Brisbane,35,28,0.44,0
dl_569,26,Gowrie_exit,26,21,0.44,0
dl_569,25,exit_to_Brisbane,25,20,0.44,0
dl_569,23,exit_to_Brisbane,23,17,0.44,0
dl_569,22,Gowrie_exit,22,19,0.44,0
dl_569,21,Gowrie_exit,22,19,0.44,0
dl_569,19,Gowrie_exit,19,16,0.44,0
dl_569,18,exit_to_Brisbane,18,15,0.44,0
dl_569,216,exit_to_Brisbane,218,13,0.44,0
dl_569,16,Gowrie_exit,16,14,0.44,0
dl_569,218,exit_to_Brisbane,218,13,0.44,0
dl_569,2,exit_to_Brisbane,2,3,0.44,0
dl_569,1,Gowrie_exit,1,2,0.44,0
dl_569,4,Wyreema_exit,4,3,0.44,0
dl_569,3,Gowrie_exit,1,2,0.44,0
dl_570,14,,,,,
dl_570,35,exit_to_Brisbane,35,28,0.44,0
dl_570,26,Gowrie_exit,26,21,0.44,0
dl_570,25,exit_to_Brisbane,25,20,0.44,0
dl_570,24,exit_to_Brisbane,24,19,0.44,0
dl_570,19,Gowrie_exit,19,16,0.44,0
dl_570,18,exit_to_Brisbane,18,15,0.44,0
dl_570,216,exit_to_Brisbane,218,13,0.44,0
dl_570,16,Gowrie_exit,16,14,0.44,0
dl_570,218,exit_to_Brisbane,218,13,0.44,0
dl_570,2,exit_to_Brisbane,2,3,0.44,0
dl_570,1,Gowrie_exit,1,2,0.44,0
dl_570,4,Wyreema_exit,4,3,0.44,0
dl_570,3,Gowrie_exit,1,2,0.44,0
dl_570,22,Gowrie_exit,22,19,0.44,0
dl_570,21,Gowrie_exit,22,19,0.44,0
dl_571,10,,,,,
dl_571,35,exit_to_Brisbane,35,28,0.44,0
dl_571,26,Gowrie_exit,26,21,0.44,0
dl_571,25,exit_to_Brisbane,25,20,0.44,0
dl_571,23,exit_to_Brisbane,23,17,0.44,0
dl_571,22,Gowrie_exit,22,19,0.44,0
dl_571,17,exit_to_Brisbane,17,14,0.44,0
dl_571,15,Gowrie_exit,15,13,0.44,0
dl_571,16,Gowrie_exit,16,14,0.44,0
dl_571,21,Gowrie_exit,22,19,0.44,0
dl_571,19,Gowrie_exit,19,16,0.44,0
dl_571,18,exit_to_Brisbane,18,15,0.44,0
dl_572,10,,,,,
dl_572,35,exit_to_Brisbane,35,28,0.44,0
dl_572,26,Gowrie_exit,26,21,0.44,0
dl_572,25,exit_to_Brisbane,25,20,0.44,0
dl_572,24,exit_to_Brisbane,24,19,0.44,0
dl_572,17,exit_to_Brisbane,17,14,0.44,0
dl_572,15,Gowrie_exit,15,13,0.44,0
dl_572,16,Gowrie_exit,16,14,0.44,0
dl_572,19,Gowrie_exit,19,16,0.44,0
dl_572,18,exit_to_Brisbane,18,15,0.44,0
dl_572,22,Gowrie_exit,22,19,0.44,0
dl_572,21,Gowrie_exit,22,19,0.44,0
dl_573,13,,,,,
dl_573,35,exit_to_Brisbane,35,28,0.44,0
dl_573,26,Gowrie_exit,26,21,0.44,0
dl_573,25,exit_to_Brisbane,25,20,0.44,0
dl_573,23,exit_to_Brisbane,23,17,0.44,0
dl_573,22,Gowrie_exit,22,19,0.44,0
dl_573,17,exit_to_Brisbane,17,14,0.44,0
dl_573,2,exit_to_Brisbane,2,3,0.44,0
dl_573,1,Gowrie_exit,1,2,0.44,0
dl_573,4,Wyreema_exit,4,3,0.44,0
dl_573,3,Gowrie_exit,1,2,0.44,0
dl_573,16,Gowrie_exit,16,14,0.44,0
dl_573,21,Gowrie_exit,22,19,0.44,0
dl_573,19,Gowrie_exit,19,16,0.44,0
dl_573,18,exit_to_Brisbane,18,15,0.44,0
dl_574,13,,,,,
dl_574,35,exit_to_Brisbane,35,28,0.44,0
dl_574,26,Gowrie_exit,26,21,0.44,0
dl_574,25,exit_to_Brisbane,25,20,0.44,0
dl_574,24,exit_to_Brisbane,24,19,0.44,0
dl_574,17,exit_to_Brisbane,17,14,0.44,0
dl_574,2,exit_to_Brisbane,2,3,0.44,0
dl_574,1,Gowrie_exit,1,2,0.44,0
dl_574,4,Wyreema_exit,4,3,0.44,0
dl_574,3,Gowrie_exit,1,2,0.44,0
dl_574,16,Gowrie_exit,16,14,0.44,0
dl_574,19,Gowrie_exit,19,16,0.44,0
dl_574,18,exit_to_Brisbane,18,15,0.44,0
dl_574,22,Gowrie_exit,22,19,0.44,0
dl_574,21,Gowrie_exit,22,19,0.44,0
dl_575,13,,,,,
dl_575,24,exit_to_Brisbane,24,19,0.44,0
dl_575,23,exit_to_Brisbane,23,17,0.44,0
dl_575,22,Gowrie_exit,22,19,0.44,0
dl_575,17,exit_to_Brisbane,17,14,0.44,0
dl_575,216,exit_to_Brisbane,218,13,0.44,0
dl_575,16,Gowrie_exit,16,14,0.44,0
dl_575,20,exit_to_Brisbane,20,16,0.44,0
dl_575,19,Gowrie_exit,19,16,0.44,0
dl_575,18,exit_to_Brisbane,18,15,0.44,0
dl_575,15,exit_to_Brisbane,15,2,0.44,0
dl_575,4,Wyreema_exit,4,3,0.44,0
dl_575,1,Gowrie_exit,1,2,0.44,0
dl_575,218,exit_to_Brisbane,218,13,0.44,0
dl_575,3,Gowrie_exit,1,2,0.44,0
dl_576,15,,,,,
dl_576,27,exit_to_Brisbane,27,21,0.44,0
dl_576,26,Gowrie_exit,26,21,0.44,0
dl_576,25,exit_to_Brisbane,25,20,0.44,0
dl_576,23,exit_to_Brisbane,23,17,0.44,0
dl_576,22,Gowrie_exit,22,19,0.44,0
dl_576,17,exit_to_Brisbane,17,14,0.44,0
dl_576,216,exit_to_Brisbane,218,13,0.44,0
dl_576,16,Gowrie_exit,16,14,0.44,0
dl_576,20,exit_to_Brisbane,20,16,0.44,0
dl_576,19,Gowrie_exit,19,16,0.44,0
dl_576,18,exit_to_Brisbane,18,15,0.44,0
dl_576,15,exit_to_Brisbane,15,2,0.44,0
dl_576,4,Wyreema_exit,4,3,0.44,0
dl_576,1,Gowrie_exit,1,2,0.44,0
dl_576,218,exit_to_Brisbane,218,13,0.44,0
dl_576,3,Gowrie_exit,1,2,0.44,0
dl_577,15,,,,,
dl_577,27,exit_to_Brisbane,27,21,0.44,0
dl_577,26,Gowrie_exit,26,21,0.44,0
dl_577,25,exit_to_Brisbane,25,20,0.44,0
dl_577,24,exit_to_Brisbane,24,19,0.44,0
dl_577,20,exit_to_Brisbane,20,16,0.44,0
dl_577,22,Gowrie_exit,22,19,0.44,0
dl_577,17,exit_to_Brisbane,17,14,0.44,0
dl_577,216,exit_to_Brisbane,218,13,0.44,0
dl_577,16,Gowrie_exit,16,14,0.44,0
dl_577,19,Gowrie_exit,19,16,0.44,0
dl_577,18,exit_to_Brisbane,18,15,0.44,0
dl_577,15,exit_to_Brisbane,15,2,0.44,0
dl_577,4,Wyreema_exit,4,3,0.44,0
dl_577,1,Gowrie_exit,1,2,0.44,0
dl_577,218,exit_to_Brisbane,218,13,0.44,0
dl_577,3,Gowrie_exit,1,2,0.44,0
dl_578,15,,,,,
dl_578,35,exit_to_Brisbane,35,28,0.44,0
dl_578,26,Gowrie_exit,26,21,0.44,0
dl_578,25,exit_to_Brisbane,25,20,0.44,0
dl_578,23,exit_to_Brisbane,23,17,0.44,0
dl_578,22,Gowrie_exit,22,19,0.44,0
dl_578,17,exit_to_Brisbane,17,14,0.44,0
dl_578,216,exit_to_Brisbane,218,13,0.44,0
dl_578,16,Gowrie_exit,16,14,0.44,0
dl_578,20,exit_to_Brisbane,20,16,0.44,0
dl_578,19,Gowrie_exit,19,16,0.44,0
dl_578,18,exit_to_Brisbane,18,15,0.44,0
dl_578,15,exit_to_Brisbane,15,2,0.44,0
dl_578,4,Wyreema_exit,4,3,0.44,0
dl_578,1,Gowrie_exit,1,2,0.44,0
dl_578,218,exit_to_Brisbane,218,13,0.44,0
dl_578,3,Gowrie_exit,1,2,0.44,0
dl_579,15,,,,,
dl_579,35,exit_to_Brisbane,35,28,0.44,0
dl_579,26,Gowrie_exit,26,21,0.44,0
dl_579,25,exit_to_Brisbane,25,20,0.44,0
dl_579,24,exit_to_Brisbane,24,19,0.44,0
dl_579,20,exit_to_Brisbane,20,16,0.44,0
dl_579,22,Gowrie_exit,22,19,0.44,0
dl_579,17,exit_to_Brisbane,17,14,0.44,0
dl_579,216,exit_to_Brisbane,218,13,0.44,0
dl_579,16,Gowrie_exit,16,14,0.44,0
dl_579,19,Gowrie_exit,19,16,0.44,0
dl_579,18,exit_to_Brisbane,18,15,0.44,0
dl_579,15,exit_to_Brisbane,15,2,0.44,0
dl_579,4,Wyreema_exit,4,3,0.44,0
dl_579,1,Gowrie_exit,1,2,0.44,0
dl_579,218,exit_to_Brisbane,218,13,0.44,0
dl_579,3,Gowrie_exit,1,2,0.44,0
dl_580,10,,,,,
dl_580,17,exit_to_Brisbane,17,14,0.44,0
dl_580,216,exit_to_Brisbane,218,13,0.44,0
dl_580,16,Gowrie_exit,16,14,0.44,0
dl_580,20,exit_to_Brisbane,20,16,0.44,0
dl_580,19,Gowrie_exit,19,16,0.44,0
dl_580,18,exit_to_Brisbane,18,15,0.44,0
dl_580,15,exit_to_Brisbane,15,2,0.44,0
dl_580,4,Wyreema_exit,4,3,0.44,0
dl_580,1,Gowrie_exit,1,2,0.44,0
dl_580,218,exit_to_Brisbane,218,13,0.44,0
dl_580,3,Gowrie_exit,1,2,0.44,0
dl_581,16,,,,,
dl_581,27,exit_to_Brisbane,27,21,0.44,0
dl_581,26,Gowrie_exit,26,21,0.44,0
dl_581,25,exit_to_Brisbane,25,20,0.44,0
dl_581,24,exit_to_Brisbane,24,19,0.44,0
dl_581,23,exit_to_Brisbane,23,17,0.44,0
dl_581,22,Gowrie_exit,22,19,0.44,0
dl_581,17,exit_to_Brisbane,17,14,0.44,0
dl_581,216,exit_to_Brisbane,218,13,0.44,0
dl_581,16,Gowrie_exit,16,14,0.44,0
dl_581,21,Gowrie_exit,22,19,0.44,0
dl_581,19,Gowrie_exit,19,16,0.44,0
dl_581,18,exit_to_Brisbane,18,15,0.44,0
dl_581,15,exit_to_Brisbane,15,2,0.44,0
dl_581,4,Wyreema_exit,4,3,0.44,0
dl_581,1,Gowrie_exit,1,2,0.44,0
dl_581,218,exit_to_Brisbane,218,13,0.44,0
dl_581,3,Gowrie_exit,1,2,0.44,0
dl_582,16,,,,,
dl_582,35,exit_to_Brisbane,35,28,0.44,0
dl_582,26,Gowrie_exit,26,21,0.44,0
dl_582,25,exit_to_Brisbane,25,20,0.44,0
dl_582,24,exit_to_Brisbane,24,19,0.44,0
dl_582,23,exit_to_Brisbane,23,17,0.44,0
dl_582,22,Gowrie_exit,22,19,0.44,0
dl_582,17,exit_to_Brisbane,17,14,0.44,0
dl_582,216,exit_to_Brisbane,218,13,0.44,0
dl_582,16,Gowrie_exit,16,14,0.44,0
dl_582,21,Gowrie_exit,22,19,0.44,0
dl_582,19,Gowrie_exit,19,16,0.44,0
dl_582,18,exit_to_Brisbane,18,15,0.44,0
dl_582,15,exit_to_Brisbane,15,2,0.44,0
dl_582,4,Wyreema_exit,4,3,0.44,0
dl_582,1,Gowrie_exit,1,2,0.44,0
dl_582,218,exit_to_Brisbane,218,13,0.44,0
dl_582,3,Gowrie_exit,1,2,0.44,0
dl_583,13,,,,,
dl_583,24,exit_to_Brisbane,24,19,0.44,0
dl_583,23,exit_to_Brisbane,23,17,0.44,0
dl_583,22,Gowrie_exit,22,19,0.44,0
dl_583,17,exit_to_Brisbane,17,14,0.44,0
dl_583,216,exit_to_Brisbane,218,13,0.44,0
dl_583,16,Gowrie_exit,16,14,0.44,0
dl_583,21,Gowrie_exit,22,19,0.44,0
dl_583,19,Gowrie_exit,19,16,0.44,0
dl_583,18,exit_to_Brisbane,18,15,0.44,0
dl_583,15,exit_to_Brisbane,15,2,0.44,0
dl_583,4,Wyreema_exit,4,3,0.44,0
dl_583,1,Gowrie_exit,1,2,0.44,0
dl_583,218,exit_to_Brisbane,218,13,0.44,0
dl_583,3,Gowrie_exit,1,2,0.44,0
dl_584,15,,,,,
dl_584,27,exit_to_Brisbane,27,21,0.44,0
dl_584,26,Gowrie_exit,26,21,0.44,0
dl_584,25,exit_to_Brisbane,25,20,0.44,0
dl_584,23,exit_to_Brisbane,23,17,0.44,0
dl_584,22,Gowrie_exit,22,19,0.44,0
dl_584,17,exit_to_Brisbane,17,14,0.44,0
dl_584,216,exit_to_Brisbane,218,13,0.44,0
dl_584,16,Gowrie_exit,16,14,0.44,0
dl_584,21,Gowrie_exit,22,19,0.44,0
dl_584,19,Gowrie_exit,19,16,0.44,0
dl_584,18,exit_to_Brisbane,18,15,0.44,0
dl_584,15,exit_to_Brisbane,15,2,0.44,0
dl_584,4,Wyreema_exit,4,3,0.44,0
dl_584,1,Gowrie_exit,1,2,0.44,0
dl_584,218,exit_to_Brisbane,218,13,0.44,0
dl_584,3,Gowrie_exit,1,2,0.44,0
dl_585,15,,,,,
dl_585,27,exit_to_Brisbane,27,21,0.44,0
dl_585,26,Gowrie_exit,26,21,0.44,0
dl_585,25,exit_to_Brisbane,25,20,0.44,0
dl_585,24,exit_to_Brisbane,24,19,0.44,0
dl_585,17,exit_to_Brisbane,17,14,0.44,0
dl_585,216,exit_to_Brisbane,218,13,0.44,0
dl_585,16,Gowrie_exit,16,14,0.44,0
dl_585,19,Gowrie_exit,19,16,0.44,0
dl_585,18,exit_to_Brisbane,18,15,0.44,0
dl_585,15,exit_to_Brisbane,15,2,0.44,0
dl_585,4,Wyreema_exit,4,3,0.44,0
dl_585,1,Gowrie_exit,1,2,0.44,0
dl_585,218,exit_to_Brisbane,218,13,0.44,0
dl_585,3,Gowrie_exit,1,2,0.44,0
dl_585,22,Gowrie_exit,22,19,0.44,0
dl_585,21,Gowrie_exit,22,19,0.44,0
dl_586,15,,,,,
dl_586,35,exit_to_Brisbane,35,28,0.44,0
dl_586,26,Gowrie_exit,26,21,0.44,0
dl_586,25,exit_to_Brisbane,25,20,0.44,0
dl_586,23,exit_to_Brisbane,23,17,0.44,0
dl_586,22,Gowrie_exit,22,19,0.44,0
dl_586,17,exit_to_Brisbane,17,14,0.44,0
dl_586,216,exit_to_Brisbane,218,13,0.44,0
dl_586,16,Gowrie_exit,16,14,0.44,0
dl_586,21,Gowrie_exit,22,19,0.44,0
dl_586,19,Gowrie_exit,19,16,0.44,0
dl_586,18,exit_to_Brisbane,18,15,0.44,0
dl_586,15,exit_to_Brisbane,15,2,0.44,0
dl_586,4,Wyreema_exit,4,3,0.44,0
dl_586,1,Gowrie_exit,1,2,0.44,0
dl_586,218,exit_to_Brisbane,218,13,0.44,0
dl_586,3,Gowrie_exit,1,2,0.44,0
dl_587,15,,,,,
dl_587,35,exit_to_Brisbane,35,28,0.44,0
dl_587,26,Gowrie_exit,26,21,0.44,0
dl_587,25,exit_to_Brisbane,25,20,0.44,0
dl_587,24,exit_to_Brisbane,24,19,0.44,0
dl_587,17,exit_to_Brisbane,17,14,0.44,0
dl_587,216,exit_to_Brisbane,218,13,0.44,0
dl_587,16,Gowrie_exit,16,14,0.44,0
dl_587,19,Gowrie_exit,19,16,0.44,0
dl_587,18,exit_to_Brisbane,18,15,0.44,0
dl_587,15,exit_to_Brisbane,15,2,0.44,0
dl_587,4,Wyreema_exit,4,3,0.44,0
dl_587,1,Gowrie_exit,1,2,0.44,0
dl_587,218,exit_to_Brisbane,218,13,0.44,0
dl_587,3,Gowrie_exit,1,2,0.44,0
dl_587,22,Gowrie_exit,22,19,0.44,0
dl_587,21,Gowrie_exit,22,19,0.44,0
dl_588,7,,,,,
dl_588,17,exit_to_Brisbane,17,14,0.44,0
dl_588,216,exit_to_Brisbane,218,13,0.44,0
dl_588,16,Gowrie_exit,16,14,0.44,0
dl_588,15,exit_to_Brisbane,15,2,0.44,0
dl_588,4,Wyreema_exit,4,3,0.44,0
dl_588,1,Gowrie_exit,1,2,0.44,0
dl_588,218,exit_to_Brisbane,218,13,0.44,0
dl_588,3,Gowrie_exit,1,2,0.44,0
dl_589,15,,,,,
dl_589,27,exit_to_Brisbane,27,21,0.44,0
dl_589,26,Gowrie_exit,26,21,0.44,0
dl_589,25,exit_to_Brisbane,25,20,0.44,0
dl_589,24,exit_to_Brisbane,24,19,0.44,0
dl_589,23,exit_to_Brisbane,23,17,0.44,0
dl_589,22,Gowrie_exit,22,19,0.44,0
dl_589,20,exit_to_Brisbane,20,16,0.44,0
dl_589,19,Gowrie_exit,19,16,0.44,0
dl_589,18,exit_to_Brisbane,18,15,0.44,0
dl_589,216,exit_to_Brisbane,218,13,0.44,0
dl_589,16,Gowrie_exit,16,14,0.44,0
dl_589,15,exit_to_Brisbane,15,2,0.44,0
dl_589,4,Wyreema_exit,4,3,0.44,0
dl_589,1,Gowrie_exit,1,2,0.44,0
dl_589,218,exit_to_Brisbane,218,13,0.44,0
dl_589,3,Gowrie_exit,1,2,0.44,0
dl_590,15,,,,,
dl_590,35,exit_to_Brisbane,35,28,0.44,0
dl_590,26,Gowrie_exit,26,21,0.44,0
dl_590,25,exit_to_Brisbane,25,20,0.44,0
dl_590,24,exit_to_Brisbane,24,19,0.44,0
dl_590,23,exit_to_Brisbane,23,17,0.44,0
dl_590,22,Gowrie_exit,22,19,0.44,0
dl_590,20,exit_to_Brisbane,20,16,0.44,0
dl_590,19,Gowrie_exit,19,16,0.44,0
dl_590,18,exit_to_Brisbane,18,15,0.44,0
dl_590,216,exit_to_Brisbane,218,13,0.44,0
dl_590,16,Gowrie_exit,16,14,0.44,0
dl_590,15,exit_to_Brisbane,15,2,0.44,0
dl_590,4,Wyreema_exit,4,3,0.44,0
dl_590,1,Gowrie_exit,1,2,0.44,0
dl_590,218,exit_to_Brisbane,218,13,0.44,0
dl_590,3,Gowrie_exit,1,2,0.44,0
dl_591,12,,,,,
dl_591,24,exit_to_Brisbane,24,19,0.44,0
dl_591,23,exit_to_Brisbane,23,17,0.44,0
dl_591,22,Gowrie_exit,22,19,0.44,0
dl_591,20,exit_to_Brisbane,20,16,0.44,0
dl_591,19,Gowrie_exit,19,16,0.44,0
dl_591,18,exit_to_Brisbane,18,15,0.44,0
dl_591,216,exit_to_Brisbane,218,13,0.44,0
dl_591,16,Gowrie_exit,16,14,0.44,0
dl_591,15,exit_to_Brisbane,15,2,0.44,0
dl_591,4,Wyreema_exit,4,3,0.44,0
dl_591,1,Gowrie_exit,1,2,0.44,0
dl_591,218,exit_to_Brisbane,218,13,0.44,0
dl_591,3,Gowrie_exit,1,2,0.44,0
dl_592,14,,,,,
dl_592,27,exit_to_Brisbane,27,21,0.44,0
dl_592,26,Gowrie_exit,26,21,0.44,0
dl_592,25,exit_to_Brisbane,25,20,0.44,0
dl_592,23,exit_to_Brisbane,23,17,0.44,0
dl_592,22,Gowrie_exit,22,19,0.44,0
dl_592,20,exit_to_Brisbane,20,16,0.44,0
dl_592,19,Gowrie_exit,19,16,0.44,0
dl_592,18,exit_to_Brisbane,18,15,0.44,0
dl_592,216,exit_to_Brisbane,218,13,0.44,0
dl_592,16,Gowrie_exit,16,14,0.44,0
dl_592,15,exit_to_Brisbane,15,2,0.44,0
dl_592,4,Wyreema_exit,4,3,0.44,0
dl_592,1,Gowrie_exit,1,2,0.44,0
dl_592,218,exit_to_Brisbane,218,13,0.44,0
dl_592,3,Gowrie_exit,1,2,0.44,0
dl_593,14,,,,,
dl_593,27,exit_to_Brisbane,27,21,0.44,0
dl_593,26,Gowrie_exit,26,21,0.44,0
dl_593,25,exit_to_Brisbane,25,20,0.44,0
dl_593,24,exit_to_Brisbane,24,19,0.44,0
dl_593,20,exit_to_Brisbane,20,16,0.44,0
dl_593,22,Gowrie_exit,22,19,0.44,0
dl_593,19,Gowrie_exit,19,16,0.44,0
dl_593,18,exit_to_Brisbane,18,15,0.44,0
dl_593,216,exit_to_Brisbane,218,13,0.44,0
dl_593,16,Gowrie_exit,16,14,0.44,0
dl_593,15,exit_to_Brisbane,15,2,0.44,0
dl_593,4,Wyreema_exit,4,3,0.44,0
dl_593,1,Gowrie_exit,1,2,0.44,0
dl_593,218,exit_to_Brisbane,218,13,0.44,0
dl_593,3,Gowrie_exit,1,2,0.44,0
dl_594,14,,,,,
dl_594,35,exit_to_Brisbane,35,28,0.44,0
dl_594,26,Gowrie_exit,26,21,0.44,0
dl_594,25,exit_to_Brisbane,25,20,0.44,0
dl_594,23,exit_to_Brisbane,23,17,0.44,0
dl_594,22,Gowrie_exit,22,19,0.44,0
dl_594,20,exit_to_Brisbane,20,16,0.44,0
dl_594,19,Gowrie_exit,19,16,0.44,0
dl_594,18,exit_to_Brisbane,18,15,0.44,0
dl_594,216,exit_to_Brisbane,218,13,0.44,0
dl_594,16,Gowrie_exit,16,14,0.44,0
dl_594,15,exit_to_Brisbane,15,2,0.44,0
dl_594,4,Wyreema_exit,4,3,0.44,0
dl_594,1,Gowrie_exit,1,2,0.44,0
dl_594,218,exit_to_Brisbane,218,13,0.44,0
dl_594,3,Gowrie_exit,1,2,0.44,0
dl_595,14,,,,,
dl_595,35,exit_to_Brisbane,35,28,0.44,0
dl_595,26,Gowrie_exit,26,21,0.44,0
dl_595,25,exit_to_Brisbane,25,20,0.44,0
dl_595,24,exit_to_Brisbane,24,19,0.44,0
dl_595,20,exit_to_Brisbane,20,16,0.44,0
dl_595,22,Gowrie_exit,22,19,0.44,0
dl_595,19,Gowrie_exit,19,16,0.44,0
dl_595,18,exit_to_Brisbane,18,15,0.44,0
dl_595,216,exit_to_Brisbane,218,13,0.44,0
dl_595,16,Gowrie_exit,16,14,0.44,0
dl_595,15,exit_to_Brisbane,15,2,0.44,0
dl_595,4,Wyreema_exit,4,3,0.44,0
dl_595,1,Gowrie_exit,1,2,0.44,0
dl_595,218,exit_to_Brisbane,218,13,0.44,0
dl_595,3,Gowrie_exit,1,2,0.44,0
dl_596,9,,,,,
dl_596,20,exit_to_Brisbane,20,16,0.44,0
dl_596,19,Gowrie_exit,19,16,0.44,0
dl_596,18,exit_to_Brisbane,18,15,0.44,0
dl_596,216,exit_to_Brisbane,218,13,0.44,0
dl_596,16,Gowrie_exit,16,14,0.44,0
dl_596,15,exit_to_Brisbane,15,2,0.44,0
dl_596,4,Wyreema_exit,4,3,0.44,0
dl_596,1,Gowrie_exit,1,2,0.44,0
dl_596,218,exit_to_Brisbane,218,13,0.44,0
dl_596,3,Gowrie_exit,1,2,0.44,0
dl_597,15,,,,,
dl_597,27,exit_to_Brisbane,27,21,0.44,0
dl_597,26,Gowrie_exit,26,21,0.44,0
dl_597,25,exit_to_Brisbane,25,20,0.44,0
dl_597,24,exit_to_Brisbane,24,19,0.44,0
dl_597,23,exit_to_Brisbane,23,17,0.44,0
dl_597,22,Gowrie_exit,22,19,0.44,0
dl_597,21,Gowrie_exit,22,19,0.44,0
dl_597,19,Gowrie_exit,19,16,0.44,0
dl_597,18,exit_to_Brisbane,18,15,0.44,0
dl_597,216,exit_to_Brisbane,218,13,0.44,0
dl_597,16,Gowrie_exit,16,14,0.44,0
dl_597,15,exit_to_Brisbane,15,2,0.44,0
dl_597,4,Wyreema_exit,4,3,0.44,0
dl_597,1,Gowrie_exit,1,2,0.44,0
dl_597,218,exit_to_Brisbane,218,13,0.44,0
dl_597,3,Gowrie_exit,1,2,0.44,0
dl_598,15,,,,,
dl_598,35,exit_to_Brisbane,35,28,0.44,0
dl_598,26,Gowrie_exit,26,21,0.44,0
dl_598,25,exit_to_Brisbane,25,20,0.44,0
dl_598,24,exit_to_Brisbane,24,19,0.44,0
dl_598,23,exit_to_Brisbane,23,17,0.44,0
dl_598,22,Gowrie_exit,22,19,0.44,0
dl_598,21,Gowrie_exit,22,19,0.44,0
dl_598,19,Gowrie_exit,19,16,0.44,0
dl_598,18,exit_to_Brisbane,18,15,0.44,0
dl_598,216,exit_to_Brisbane,218,13,0.44,0
dl_598,16,Gowrie_exit,16,14,0.44,0
dl_598,15,exit_to_Brisbane,15,2,0.44,0
dl_598,4,Wyreema_exit,4,3,0.44,0
dl_598,1,Gowrie_exit,1,2,0.44,0
dl_598,218,exit_to_Brisbane,218,13,0.44,0
dl_598,3,Gowrie_exit,1,2,0.44,0
dl_599,12,,,,,
dl_599,24,exit_to_Brisbane,24,19,0.44,0
dl_599,23,exit_to_Brisbane,23,17,0.44,0
dl_599,22,Gowrie_exit,22,19,0.44,0
dl_599,21,Gowrie_exit,22,19,0.44,0
dl_599,19,Gowrie_exit,19,16,0.44,0
dl_599,18,exit_to_Brisbane,18,15,0.44,0
dl_599,216,exit_to_Brisbane,218,13,0.44,0
dl_599,16,Gowrie_exit,16,14,0.44,0
dl_599,15,exit_to_Brisbane,15,2,0.44,0
dl_599,4,Wyreema_exit,4,3,0.44,0
dl_599,1,Gowrie_exit,1,2,0.44,0
dl_599,218,exit_to_Brisbane,218,13,0.44,0
dl_599,3,Gowrie_exit,1,2,0.44,0
dl_600,14,,,,,
dl_600,27,exit_to_Brisbane,27,21,0.44,0
dl_600,26,Gowrie_exit,26,21,0.44,0
dl_600,25,exit_to_Brisbane,25,20,0.44,0
dl_600,23,exit_to_Brisbane,23,17,0.44,0
dl_600,22,Gowrie_exit,22,19,0.44,0
dl_600,21,Gowrie_exit,22,19,0.44,0
dl_600,19,Gowrie_exit,19,16,0.44,0
dl_600,18,exit_to_Brisbane,18,15,0.44,0
dl_600,216,exit_to_Brisbane,218,13,0.44,0
dl_600,16,Gowrie_exit,16,14,0.44,0
dl_600,15,exit_to_Brisbane,15,2,0.44,0
dl_600,4,Wyreema_exit,4,3,0.44,0
dl_600,1,Gowrie_exit,1,2,0.44,0
dl_600,218,exit_to_Brisbane,218,13,0.44,0
dl_600,3,Gowrie_exit,1,2,0.44,0
dl_601,14,,,,,
dl_601,27,exit_to_Brisbane,27,21,0.44,0
dl_601,26,Gowrie_exit,26,21,0.44,0
dl_601,25,exit_to_Brisbane,25,20,0.44,0
dl_601,24,exit_to_Brisbane,24,19,0.44,0
dl_601,19,Gowrie_exit,19,16,0.44,0
dl_601,18,exit_to_Brisbane,18,15,0.44,0
dl_601,216,exit_to_Brisbane,218,13,0.44,0
dl_601,16,Gowrie_exit,16,14,0.44,0
dl_601,15,exit_to_Brisbane,15,2,0.44,0
dl_601,4,Wyreema_exit,4,3,0.44,0
dl_601,1,Gowrie_exit,1,2,0.44,0
dl_601,218,exit_to_Brisbane,218,13,0.44,0
dl_601,3,Gowrie_exit,1,2,0.44,0
dl_601,22,Gowrie_exit,22,19,0.44,0
dl_601,21,Gowrie_exit,22,19,0.44,0
dl_602,14,,,,,
dl_602,27,exit_to_Brisbane,27,21,0.44,0
dl_602,26,Gowrie_exit,26,21,0.44,0
dl_602,25,exit_to_Brisbane,25,20,0.44,0
dl_602,24,exit_to_Brisbane,24,19,0.44,0
dl_602,23,exit_to_Brisbane,23,17,0.44,0
dl_602,22,Gowrie_exit,22,19,0.44,0
dl_602,17,exit_to_Brisbane,17,14,0.44,0
dl_602,15,exit_to_Brisbane,15,2,0.44,0
dl_602,16,Gowrie_exit,16,14,0.44,0
dl_602,20,exit_to_Brisbane,20,16,0.44,0
dl_602,19,Gowrie_exit,19,16,0.44,0
dl_602,18,exit_to_Brisbane,18,15,0.44,0
dl_602,4,Wyreema_exit,4,3,0.44,0
dl_602,1,Gowrie_exit,1,2,0.44,0
dl_602,3,Gowrie_exit,1,2,0.44,0
dl_603,14,,,,,
dl_603,35,exit_to_Brisbane,35,28,0.44,0
dl_603,26,Gowrie_exit,26,21,0.44,0
dl_603,25,exit_to_Brisbane,25,20,0.44,0
dl_603,24,exit_to_Brisbane,24,19,0.44,0
dl_603,23,exit_to_Brisbane,23,17,0.44,0
dl_603,22,Gowrie_exit,22,19,0.44,0
dl_603,17,exit_to_Brisbane,17,14,0.44,0
dl_603,15,exit_to_Brisbane,15,2,0.44,0
dl_603,16,Gowrie_exit,16,14,0.44,0
dl_603,20,exit_to_Brisbane,20,16,0.44,0
dl_603,19,Gowrie_exit,19,16,0.44,0
dl_603,18,exit_to_Brisbane,18,15,0.44,0
dl_603,4,Wyreema_exit,4,3,0.44,0
dl_603,1,Gowrie_exit,1,2,0.44,0
dl_603,3,Gowrie_exit,1,2,0.44,0
dl_604,11,,,,,
dl_604,24,exit_to_Brisbane,24,19,0.44,0
dl_604,23,exit_to_Brisbane,23,17,0.44,0
dl_604,22,Gowrie_exit,22,19,0.44,0
dl_604,17,exit_to_Brisbane,17,14,0.44,0
dl_604,15,exit_to_Brisbane,15,2,0.44,0
dl_604,16,Gowrie_exit,16,14,0.44,0
dl_604,20,exit_to_Brisbane,20,16,0.44,0
dl_604,19,Gowrie_exit,19,16,0.44,0
dl_604,18,exit_to_Brisbane,18,15,0.44,0
dl_604,4,Wyreema_exit,4,3,0.44,0
dl_604,1,Gowrie_exit,1,2,0.44,0
dl_604,3,Gowrie_exit,1,2,0.44,0
dl_605,13,,,,,
dl_605,27,exit_to_Brisbane,27,21,0.44,0
dl_605,26,Gowrie_exit,26,21,0.44,0
dl_605,25,exit_to_Brisbane,25,20,0.44,0
dl_605,23,exit_to_Brisbane,23,17,0.44,0
dl_605,22,Gowrie_exit,22,19,0.44,0
dl_605,17,exit_to_Brisbane,17,14,0.44,0
dl_605,15,exit_to_Brisbane,15,2,0.44,0
dl_605,16,Gowrie_exit,16,14,0.44,0
dl_605,20,exit_to_Brisbane,20,16,0.44,0
dl_605,19,Gowrie_exit,19,16,0.44,0
dl_605,18,exit_to_Brisbane,18,15,0.44,0
dl_605,4,Wyreema_exit,4,3,0.44,0
dl_605,1,Gowrie_exit,1,2,0.44,0
dl_605,3,Gowrie_exit,1,2,0.44,0
dl_606,13,,,,,
dl_606,27,exit_to_Brisbane,27,21,0.44,0
dl_606,26,Gowrie_exit,26,21,0.44,0
dl_606,25,exit_to_Brisbane,25,20,0.44,0
dl_606,24,exit_to_Brisbane,24,19,0.44,0
dl_606,20,exit_to_Brisbane,20,16,0.44,0
dl_606,22,Gowrie_exit,22,19,0.44,0
dl_606,17,exit_to_Brisbane,17,14,0.44,0
dl_606,15,exit_to_Brisbane,15,2,0.44,0
dl_606,16,Gowrie_exit,16,14,0.44,0
dl_606,19,Gowrie_exit,19,16,0.44,0
dl_606,18,exit_to_Brisbane,18,15,0.44,0
dl_606,4,Wyreema_exit,4,3,0.44,0
dl_606,1,Gowrie_exit,1,2,0.44,0
dl_606,3,Gowrie_exit,1,2,0.44,0
dl_607,13,,,,,
dl_607,35,exit_to_Brisbane,35,28,0.44,0
dl_607,26,Gowrie_exit,26,21,0.44,0
dl_607,25,exit_to_Brisbane,25,20,0.44,0
dl_607,23,exit_to_Brisbane,23,17,0.44,0
dl_607,22,Gowrie_exit,22,19,0.44,0
dl_607,17,exit_to_Brisbane,17,14,0.44,0
dl_607,15,exit_to_Brisbane,15,2,0.44,0
dl_607,16,Gowrie_exit,16,14,0.44,0
dl_607,20,exit_to_Brisbane,20,16,0.44,0
dl_607,19,Gowrie_exit,19,16,0.44,0
dl_607,18,exit_to_Brisbane,18,15,0.44,0
dl_607,4,Wyreema_exit,4,3,0.44,0
dl_607,1,Gowrie_exit,1,2,0.44,0
dl_607,3,Gowrie_exit,1,2,0.44,0
dl_608,13,,,,,
dl_608,35,exit_to_Brisbane,35,28,0.44,0
dl_608,26,Gowrie_exit,26,21,0.44,0
dl_608,25,exit_to_Brisbane,25,20,0.44,0
dl_608,24,exit_to_Brisbane,24,19,0.44,0
dl_608,20,exit_to_Brisbane,20,16,0.44,0
dl_608,22,Gowrie_exit,22,19,0.44,0
dl_608,17,exit_to_Brisbane,17,14,0.44,0
dl_608,15,exit_to_Brisbane,15,2,0.44,0
dl_608,16,Gowrie_exit,16,14,0.44,0
dl_608,19,Gowrie_exit,19,16,0.44,0
dl_608,18,exit_to_Brisbane,18,15,0.44,0
dl_608,4,Wyreema_exit,4,3,0.44,0
dl_608,1,Gowrie_exit,1,2,0.44,0
dl_608,3,Gowrie_exit,1,2,0.44,0
dl_609,8,,,,,
dl_609,17,exit_to_Brisbane,17,14,0.44,0
dl_609,15,exit_to_Brisbane,15,2,0.44,0
dl_609,16,Gowrie_exit,16,14,0.44,0
dl_609,20,exit_to_Brisbane,20,16,0.44,0
dl_609,19,Gowrie_exit,19,16,0.44,0
dl_609,18,exit_to_Brisbane,18,15,0.44,0
dl_609,4,Wyreema_exit,4,3,0.44,0
dl_609,1,Gowrie_exit,1,2,0.44,0
dl_609,3,Gowrie_exit,1,2,0.44,0
dl_610,14,,,,,
dl_610,27,exit_to_Brisbane,27,21,0.44,0
dl_610,26,Gowrie_exit,26,21,0.44,0
dl_610,25,exit_to_Brisbane,25,20,0.44,0
dl_610,24,exit_to_Brisbane,24,19,0.44,0
dl_610,23,exit_to_Brisbane,23,17,0.44,0
dl_610,22,Gowrie_exit,22,19,0.44,0
dl_610,17,exit_to_Brisbane,17,14,0.44,0
dl_610,15,exit_to_Brisbane,15,2,0.44,0
dl_610,16,Gowrie_exit,16,14,0.44,0
dl_610,21,Gowrie_exit,22,19,0.44,0
dl_610,19,Gowrie_exit,19,16,0.44,0
dl_610,18,exit_to_Brisbane,18,15,0.44,0
dl_610,4,Wyreema_exit,4,3,0.44,0
dl_610,1,Gowrie_exit,1,2,0.44,0
dl_610,3,Gowrie_exit,1,2,0.44,0
dl_611,14,,,,,
dl_611,35,exit_to_Brisbane,35,28,0.44,0
dl_611,26,Gowrie_exit,26,21,0.44,0
dl_611,25,exit_to_Brisbane,25,20,0.44,0
dl_611,24,exit_to_Brisbane,24,19,0.44,0
dl_611,23,exit_to_Brisbane,23,17,0.44,0
dl_611,22,Gowrie_exit,22,19,0.44,0
dl_611,17,exit_to_Brisbane,17,14,0.44,0
dl_611,15,exit_to_Brisbane,15,2,0.44,0
dl_611,16,Gowrie_exit,16,14,0.44,0
dl_611,21,Gowrie_exit,22,19,0.44,0
dl_611,19,Gowrie_exit,19,16,0.44,0
dl_611,18,exit_to_Brisbane,18,15,0.44,0
dl_611,4,Wyreema_exit,4,3,0.44,0
dl_611,1,Gowrie_exit,1,2,0.44,0
dl_611,3,Gowrie_exit,1,2,0.44,0
dl_612,11,,,,,
dl_612,24,exit_to_Brisbane,24,19,0.44,0
dl_612,23,exit_to_Brisbane,23,17,0.44,0
dl_612,22,Gowrie_exit,22,19,0.44,0
dl_612,17,exit_to_Brisbane,17,14,0.44,0
dl_612,15,exit_to_Brisbane,15,2,0.44,0
dl_612,16,Gowrie_exit,16,14,0.44,0
dl_612,21,Gowrie_exit,22,19,0.44,0
dl_612,19,Gowrie_exit,19,16,0.44,0
dl_612,18,exit_to_Brisbane,18,15,0.44,0
dl_612,4,Wyreema_exit,4,3,0.44,0
dl_612,1,Gowrie_exit,1,2,0.44,0
dl_612,3,Gowrie_exit,1,2,0.44,0
dl_613,13,,,,,
dl_613,27,exit_to_Brisbane,27,21,0.44,0
dl_613,26,Gowrie_exit,26,21,0.44,0
dl_613,25,exit_to_Brisbane,25,20,0.44,0
dl_613,23,exit_to_Brisbane,23,17,0.44,0
dl_613,22,Gowrie_exit,22,19,0.44,0
dl_613,17,exit_to_Brisbane,17,14,0.44,0
dl_613,15,exit_to_Brisbane,15,2,0.44,0
dl_613,16,Gowrie_exit,16,14,0.44,0
dl_613,21,Gowrie_exit,22,19,0.44,0
dl_613,19,Gowrie_exit,19,16,0.44,0
dl_613,18,exit_to_Brisbane,18,15,0.44,0
dl_613,4,Wyreema_exit,4,3,0.44,0
dl_613,1,Gowrie_exit,1,2,0.44,0
dl_613,3,Gowrie_exit,1,2,0.44,0
dl_614,13,,,,,
dl_614,27,exit_to_Brisbane,27,21,0.44,0
dl_614,26,Gowrie_exit,26,21,0.44,0
dl_614,25,exit_to_Brisbane,25,20,0.44,0
dl_614,24,exit_to_Brisbane,24,19,0.44,0
dl_614,17,exit_to_Brisbane,17,14,0.44,0
dl_614,15,exit_to_Brisbane,15,2,0.44,0
dl_614,16,Gowrie_exit,16,14,0.44,0
dl_614,19,Gowrie_exit,19,16,0.44,0
dl_614,18,exit_to_Brisbane,18,15,0.44,0
dl_614,4,Wyreema_exit,4,3,0.44,0
dl_614,1,Gowrie_exit,1,2,0.44,0
dl_614,3,Gowrie_exit,1,2,0.44,0
dl_614,22,Gowrie_exit,22,19,0.44,0
dl_614,21,Gowrie_exit,22,19,0.44,0
dl_615,14,,,,,
dl_615,35,exit_to_Brisbane,35,28,0.44,0
dl_615,26,Gowrie_exit,26,21,0.44,0
dl_615,25,exit_to_Brisbane,25,20,0.44,0
dl_615,23,exit_to_Brisbane,23,17,0.44,0
dl_615,22,Gowrie_exit,22,19,0.44,0
dl_615,21,Gowrie_exit,22,19,0.44,0
dl_615,19,Gowrie_exit,19,16,0.44,0
dl_615,18,exit_to_Brisbane,18,15,0.44,0
dl_615,216,exit_to_Brisbane,218,13,0.44,0
dl_615,16,Gowrie_exit,16,14,0.44,0
dl_615,15,exit_to_Brisbane,15,2,0.44,0
dl_615,4,Wyreema_exit,4,3,0.44,0
dl_615,1,Gowrie_exit,1,2,0.44,0
dl_615,218,exit_to_Brisbane,218,13,0.44,0
dl_615,3,Gowrie_exit,1,2,0.44,0
dl_616,14,,,,,
dl_616,35,exit_to_Brisbane,35,28,0.44,0
dl_616,26,Gowrie_exit,26,21,0.44,0
dl_616,25,exit_to_Brisbane,25,20,0.44,0
dl_616,24,exit_to_Brisbane,24,19,0.44,0
dl_616,19,Gowrie_exit,19,16,0.44,0
dl_616,18,exit_to_Brisbane,18,15,0.44,0
dl_616,216,exit_to_Brisbane,218,13,0.44,0
dl_616,16,Gowrie_exit,16,14,0.44,0
dl_616,15,exit_to_Brisbane,15,2,0.44,0
dl_616,4,Wyreema_exit,4,3,0.44,0
dl_616,1,Gowrie_exit,1,2,0.44,0
dl_616,218,exit_to_Brisbane,218,13,0.44,0
dl_616,3,Gowrie_exit,1,2,0.44,0
dl_616,22,Gowrie_exit,22,19,0.44,0
dl_616,21,Gowrie_exit,22,19,0.44,0
dl_617,13,,,,,
dl_617,35,exit_to_Brisbane,35,28,0.44,0
dl_617,26,Gowrie_exit,26,21,0.44,0
dl_617,25,exit_to_Brisbane,25,20,0.44,0
dl_617,23,exit_to_Brisbane,23,17,0.44,0
dl_617,22,Gowrie_exit,22,19,0.44,0
dl_617,17,exit_to_Brisbane,17,14,0.44,0
dl_617,15,exit_to_Brisbane,15,2,0.44,0
dl_617,16,Gowrie_exit,16,14,0.44,0
dl_617,21,Gowrie_exit,22,19,0.44,0
dl_617,19,Gowrie_exit,19,16,0.44,0
dl_617,18,exit_to_Brisbane,18,15,0.44,0
dl_617,4,Wyreema_exit,4,3,0.44,0
dl_617,1,Gowrie_exit,1,2,0.44,0
dl_617,3,Gowrie_exit,1,2,0.44,0
dl_618,13,,,,,
dl_618,35,exit_to_Brisbane,35,28,0.44,0
dl_618,26,Gowrie_exit,26,21,0.44,0
dl_618,25,exit_to_Brisbane,25,20,0.44,0
dl_618,24,exit_to_Brisbane,24,19,0.44,0
dl_618,17,exit_to_Brisbane,17,14,0.44,0
dl_618,15,exit_to_Brisbane,15,2,0.44,0
dl_618,16,Gowrie_exit,16,14,0.44,0
dl_618,19,Gowrie_exit,19,16,0.44,0
dl_618,18,exit_to_Brisbane,18,15,0.44,0
dl_618,4,Wyreema_exit,4,3,0.44,0
dl_618,1,Gowrie_exit,1,2,0.44,0
dl_618,3,Gowrie_exit,1,2,0.44,0
dl_618,22,Gowrie_exit,22,19,0.44,0
dl_618,21,Gowrie_exit,22,19,0.44,0
dl_619,9,,,,,
dl_619,27,exit_to_Brisbane,27,21,0.44,0
dl_619,26,Gowrie_exit,26,21,0.44,0
dl_619,25,exit_to_Brisbane,25,20,0.44,0
dl_619,24,exit_to_Brisbane,24,19,0.44,0
dl_619,23,exit_to_Brisbane,23,17,0.44,0
dl_619,22,Gowrie_exit,22,19,0.44,0
dl_619,20,exit_to_Brisbane,20,16,0.44,0
dl_619,19,Gowrie_exit,19,16,0.44,0
dl_619,21,Gowrie_exit,22,19,0.44,0
dl_619,17,Gowrie_exit,17,15,0.44,0
dl_620,9,,,,,
dl_620,35,exit_to_Brisbane,35,28,0.44,0
dl_620,26,Gowrie_exit,26,21,0.44,0
dl_620,25,exit_to_Brisbane,25,20,0.44,0
dl_620,24,exit_to_Brisbane,24,19,0.44,0
dl_620,23,exit_to_Brisbane,23,17,0.44,0
dl_620,22,Gowrie_exit,22,19,0.44,0
dl_620,20,exit_to_Brisbane,20,16,0.44,0
dl_620,19,Gowrie_exit,19,16,0.44,0
dl_620,21,Gowrie_exit,22,19,0.44,0
dl_620,17,Gowrie_exit,17,15,0.44,0
dl_621,6,,,,,
dl_621,24,exit_to_Brisbane,24,19,0.44,0
dl_621,23,exit_to_Brisbane,23,17,0.44,0
dl_621,22,Gowrie_exit,22,19,0.44,0
dl_621,20,exit_to_Brisbane,20,16,0.44,0
dl_621,19,Gowrie_exit,19,16,0.44,0
dl_621,21,Gowrie_exit,22,19,0.44,0
dl_621,17,Gowrie_exit,17,15,0.44,0
dl_622,8,,,,,
dl_622,27,exit_to_Brisbane,27,21,0.44,0
dl_622,26,Gowrie_exit,26,21,0.44,0
dl_622,25,exit_to_Brisbane,25,20,0.44,0
dl_622,23,exit_to_Brisbane,23,17,0.44,0
dl_622,22,Gowrie_exit,22,19,0.44,0
dl_622,20,exit_to_Brisbane,20,16,0.44,0
dl_622,19,Gowrie_exit,19,16,0.44,0
dl_622,21,Gowrie_exit,22,19,0.44,0
dl_622,17,Gowrie_exit,17,15,0.44,0
dl_623,8,,,,,
dl_623,27,exit_to_Brisbane,27,21,0.44,0
dl_623,26,Gowrie_exit,26,21,0.44,0
dl_623,25,exit_to_Brisbane,25,20,0.44,0
dl_623,24,exit_to_Brisbane,24,19,0.44,0
dl_623,20,exit_to_Brisbane,20,16,0.44,0
dl_623,22,Gowrie_exit,22,19,0.44,0
dl_623,19,Gowrie_exit,19,16,0.44,0
dl_623,21,Gowrie_exit,22,19,0.44,0
dl_623,17,Gowrie_exit,17,15,0.44,0
dl_624,12,,,,,
dl_624,27,exit_to_Brisbane,27,21,0.44,0
dl_624,26,Gowrie_exit,26,21,0.44,0
dl_624,25,exit_to_Brisbane,25,20,0.44,0
dl_624,24,exit_to_Brisbane,24,19,0.44,0
dl_624,23,exit_to_Brisbane,23,17,0.44,0
dl_624,22,Gowrie_exit,22,19,0.44,0
dl_624,20,exit_to_Brisbane,20,16,0.44,0
dl_624,19,Gowrie_exit,19,16,0.44,0
dl_624,21,Gowrie_exit,22,19,0.44,0
dl_624,216,exit_to_Brisbane,218,13,0.44,0
dl_624,16,Gowrie_exit,16,14,0.44,0
dl_624,15,Gowrie_exit,15,13,0.44,0
dl_624,218,exit_to_Brisbane,218,13,0.44,0
dl_625,12,,,,,
dl_625,35,exit_to_Brisbane,35,28,0.44,0
dl_625,26,Gowrie_exit,26,21,0.44,0
dl_625,25,exit_to_Brisbane,25,20,0.44,0
dl_625,24,exit_to_Brisbane,24,19,0.44,0
dl_625,23,exit_to_Brisbane,23,17,0.44,0
dl_625,22,Gowrie_exit,22,19,0.44,0
dl_625,20,exit_to_Brisbane,20,16,0.44,0
dl_625,19,Gowrie_exit,19,16,0.44,0
dl_625,21,Gowrie_exit,22,19,0.44,0
dl_625,216,exit_to_Brisbane,218,13,0.44,0
dl_625,16,Gowrie_exit,16,14,0.44,0
dl_625,15,Gowrie_exit,15,13,0.44,0
dl_625,218,exit_to_Brisbane,218,13,0.44,0
dl_626,9,,,,,
dl_626,24,exit_to_Brisbane,24,19,0.44,0
dl_626,23,exit_to_Brisbane,23,17,0.44,0
dl_626,22,Gowrie_exit,22,19,0.44,0
dl_626,20,exit_to_Brisbane,20,16,0.44,0
dl_626,19,Gowrie_exit,19,16,0.44,0
dl_626,21,Gowrie_exit,22,19,0.44,0
dl_626,216,exit_to_Brisbane,218,13,0.44,0
dl_626,16,Gowrie_exit,16,14,0.44,0
dl_626,15,Gowrie_exit,15,13,0.44,0
dl_626,218,exit_to_Brisbane,218,13,0.44,0
dl_627,11,,,,,
dl_627,27,exit_to_Brisbane,27,21,0.44,0
dl_627,26,Gowrie_exit,26,21,0.44,0
dl_627,25,exit_to_Brisbane,25,20,0.44,0
dl_627,23,exit_to_Brisbane,23,17,0.44,0
dl_627,22,Gowrie_exit,22,19,0.44,0
dl_627,20,exit_to_Brisbane,20,16,0.44,0
dl_627,19,Gowrie_exit,19,16,0.44,0
dl_627,21,Gowrie_exit,22,19,0.44,0
dl_627,216,exit_to_Brisbane,218,13,0.44,0
dl_627,16,Gowrie_exit,16,14,0.44,0
dl_627,15,Gowrie_exit,15,13,0.44,0
dl_627,218,exit_to_Brisbane,218,13,0.44,0
dl_628,11,,,,,
dl_628,27,exit_to_Brisbane,27,21,0.44,0
dl_628,26,Gowrie_exit,26,21,0.44,0
dl_628,25,exit_to_Brisbane,25,20,0.44,0
dl_628,24,exit_to_Brisbane,24,19,0.44,0
dl_628,20,exit_to_Brisbane,20,16,0.44,0
dl_628,22,Gowrie_exit,22,19,0.44,0
dl_628,19,Gowrie_exit,19,16,0.44,0
dl_628,21,Gowrie_exit,22,19,0.44,0
dl_628,216,exit_to_Brisbane,218,13,0.44,0
dl_628,16,Gowrie_exit,16,14,0.44,0
dl_628,15,Gowrie_exit,15,13,0.44,0
dl_628,218,exit_to_Brisbane,218,13,0.44,0
dl_629,15,,,,,
dl_629,27,exit_to_Brisbane,27,21,0.44,0
dl_629,26,Gowrie_exit,26,21,0.44,0
dl_629,25,exit_to_Brisbane,25,20,0.44,0
dl_629,24,exit_to_Brisbane,24,19,0.44,0
dl_629,23,exit_to_Brisbane,23,17,0.44,0
dl_629,22,Gowrie_exit,22,19,0.44,0
dl_629,20,exit_to_Brisbane,20,16,0.44,0
dl_629,19,Gowrie_exit,19,16,0.44,0
dl_629,21,Gowrie_exit,22,19,0.44,0
dl_629,216,exit_to_Brisbane,218,13,0.44,0
dl_629,16,Gowrie_exit,16,14,0.44,0
dl_629,218,exit_to_Brisbane,218,13,0.44,0
dl_629,2,exit_to_Brisbane,2,3,0.44,0
dl_629,1,Gowrie_exit,1,2,0.44,0
dl_629,4,Wyreema_exit,4,3,0.44,0
dl_629,3,Gowrie_exit,1,2,0.44,0
dl_630,15,,,,,
dl_630,35,exit_to_Brisbane,35,28,0.44,0
dl_630,26,Gowrie_exit,26,21,0.44,0
dl_630,25,exit_to_Brisbane,25,20,0.44,0
dl_630,24,exit_to_Brisbane,24,19,0.44,0
dl_630,23,exit_to_Brisbane,23,17,0.44,0
dl_630,22,Gowrie_exit,22,19,0.44,0
dl_630,20,exit_to_Brisbane,20,16,0.44,0
dl_630,19,Gowrie_exit,19,16,0.44,0
dl_630,21,Gowrie_exit,22,19,0.44,0
dl_630,216,exit_to_Brisbane,218,13,0.44,0
dl_630,16,Gowrie_exit,16,14,0.44,0
dl_630,218,exit_to_Brisbane,218,13,0.44,0
dl_630,2,exit_to_Brisbane,2,3,0.44,0
dl_630,1,Gowrie_exit,1,2,0.44,0
dl_630,4,Wyreema_exit,4,3,0.44,0
dl_630,3,Gowrie_exit,1,2,0.44,0
dl_631,12,,,,,
dl_631,24,exit_to_Brisbane,24,19,0.44,0
dl_631,23,exit_to_Brisbane,23,17,0.44,0
dl_631,22,Gowrie_exit,22,19,0.44,0
dl_631,20,exit_to_Brisbane,20,16,0.44,0
dl_631,19,Gowrie_exit,19,16,0.44,0
dl_631,21,Gowrie_exit,22,19,0.44,0
dl_631,216,exit_to_Brisbane,218,13,0.44,0
dl_631,16,Gowrie_exit,16,14,0.44,0
dl_631,218,exit_to_Brisbane,218,13,0.44,0
dl_631,2,exit_to_Brisbane,2,3,0.44,0
dl_631,1,Gowrie_exit,1,2,0.44,0
dl_631,4,Wyreema_exit,4,3,0.44,0
dl_631,3,Gowrie_exit,1,2,0.44,0
dl_632,14,,,,,
dl_632,27,exit_to_Brisbane,27,21,0.44,0
dl_632,26,Gowrie_exit,26,21,0.44,0
dl_632,25,exit_to_Brisbane,25,20,0.44,0
dl_632,23,exit_to_Brisbane,23,17,0.44,0
dl_632,22,Gowrie_exit,22,19,0.44,0
dl_632,20,exit_to_Brisbane,20,16,0.44,0
dl_632,19,Gowrie_exit,19,16,0.44,0
dl_632,21,Gowrie_exit,22,19,0.44,0
dl_632,216,exit_to_Brisbane,218,13,0.44,0
dl_632,16,Gowrie_exit,16,14,0.44,0
dl_632,218,exit_to_Brisbane,218,13,0.44,0
dl_632,2,exit_to_Brisbane,2,3,0.44,0
dl_632,1,Gowrie_exit,1,2,0.44,0
dl_632,4,Wyreema_exit,4,3,0.44,0
dl_632,3,Gowrie_exit,1,2,0.44,0
dl_633,14,,,,,
dl_633,27,exit_to_Brisbane,27,21,0.44,0
dl_633,26,Gowrie_exit,26,21,0.44,0
dl_633,25,exit_to_Brisbane,25,20,0.44,0
dl_633,24,exit_to_Brisbane,24,19,0.44,0
dl_633,20,exit_to_Brisbane,20,16,0.44,0
dl_633,22,Gowrie_exit,22,19,0.44,0
dl_633,19,Gowrie_exit,19,16,0.44,0
dl_633,21,Gowrie_exit,22,19,0.44,0
dl_633,216,exit_to_Brisbane,218,13,0.44,0
dl_633,16,Gowrie_exit,16,14,0.44,0
dl_633,218,exit_to_Brisbane,218,13,0.44,0
dl_633,2,exit_to_Brisbane,2,3,0.44,0
dl_633,1,Gowrie_exit,1,2,0.44,0
dl_633,4,Wyreema_exit,4,3,0.44,0
dl_633,3,Gowrie_exit,1,2,0.44,0
dl_634,11,,,,,
dl_634,27,exit_to_Brisbane,27,21,0.44,0
dl_634,26,Gowrie_exit,26,21,0.44,0
dl_634,25,exit_to_Brisbane,25,20,0.44,0
dl_634,24,exit_to_Brisbane,24,19,0.44,0
dl_634,23,exit_to_Brisbane,23,17,0.44,0
dl_634,22,Gowrie_exit,22,19,0.44,0
dl_634,17,exit_to_Brisbane,17,14,0.44,0
dl_634,15,Gowrie_exit,15,13,0.44,0
dl_634,16,Gowrie_exit,16,14,0.44,0
dl_634,20,exit_to_Brisbane,20,16,0.44,0
dl_634,19,Gowrie_exit,19,16,0.44,0
dl_634,21,Gowrie_exit,22,19,0.44,0
dl_635,11,,,,,
dl_635,35,exit_to_Brisbane,35,28,0.44,0
dl_635,26,Gowrie_exit,26,21,0.44,0
dl_635,25,exit_to_Brisbane,25,20,0.44,0
dl_635,24,exit_to_Brisbane,24,19,0.44,0
dl_635,23,exit_to_Brisbane,23,17,0.44,0
dl_635,22,Gowrie_exit,22,19,0.44,0
dl_635,17,exit_to_Brisbane,17,14,0.44,0
dl_635,15,Gowrie_exit,15,13,0.44,0
dl_635,16,Gowrie_exit,16,14,0.44,0
dl_635,20,exit_to_Brisbane,20,16,0.44,0
dl_635,19,Gowrie_exit,19,16,0.44,0
dl_635,21,Gowrie_exit,22,19,0.44,0
dl_636,8,,,,,
dl_636,24,exit_to_Brisbane,24,19,0.44,0
dl_636,23,exit_to_Brisbane,23,17,0.44,0
dl_636,22,Gowrie_exit,22,19,0.44,0
dl_636,17,exit_to_Brisbane,17,14,0.44,0
dl_636,15,Gowrie_exit,15,13,0.44,0
dl_636,16,Gowrie_exit,16,14,0.44,0
dl_636,20,exit_to_Brisbane,20,16,0.44,0
dl_636,19,Gowrie_exit,19,16,0.44,0
dl_636,21,Gowrie_exit,22,19,0.44,0
dl_637,10,,,,,
dl_637,27,exit_to_Brisbane,27,21,0.44,0
dl_637,26,Gowrie_exit,26,21,0.44,0
dl_637,25,exit_to_Brisbane,25,20,0.44,0
dl_637,23,exit_to_Brisbane,23,17,0.44,0
dl_637,22,Gowrie_exit,22,19,0.44,0
dl_637,17,exit_to_Brisbane,17,14,0.44,0
dl_637,15,Gowrie_exit,15,13,0.44,0
dl_637,16,Gowrie_exit,16,14,0.44,0
dl_637,20,exit_to_Brisbane,20,16,0.44,0
dl_637,19,Gowrie_exit,19,16,0.44,0
dl_637,21,Gowrie_exit,22,19,0.44,0
dl_638,10,,,,,
dl_638,27,exit_to_Brisbane,27,21,0.44,0
dl_638,26,Gowrie_exit,26,21,0.44,0
dl_638,25,exit_to_Brisbane,25,20,0.44,0
dl_638,24,exit_to_Brisbane,24,19,0.44,0
dl_638,20,exit_to_Brisbane,20,16,0.44,0
dl_638,22,Gowrie_exit,22,19,0.44,0
dl_638,17,exit_to_Brisbane,17,14,0.44,0
dl_638,15,Gowrie_exit,15,13,0.44,0
dl_638,16,Gowrie_exit,16,14,0.44,0
dl_638,19,Gowrie_exit,19,16,0.44,0
dl_638,21,Gowrie_exit,22,19,0.44,0
dl_639,14,,,,,
dl_639,27,exit_to_Brisbane,27,21,0.44,0
dl_639,26,Gowrie_exit,26,21,0.44,0
dl_639,25,exit_to_Brisbane,25,20,0.44,0
dl_639,24,exit_to_Brisbane,24,19,0.44,0
dl_639,23,exit_to_Brisbane,23,17,0.44,0
dl_639,22,Gowrie_exit,22,19,0.44,0
dl_639,17,exit_to_Brisbane,17,14,0.44,0
dl_639,2,exit_to_Brisbane,2,3,0.44,0
dl_639,1,Gowrie_exit,1,2,0.44,0
dl_639,4,Wyreema_exit,4,3,0.44,0
dl_639,3,Gowrie_exit,1,2,0.44,0
dl_639,16,Gowrie_exit,16,14,0.44,0
dl_639,20,exit_to_Brisbane,20,16,0.44,0
dl_639,19,Gowrie_exit,19,16,0.44,0
dl_639,21,Gowrie_exit,22,19,0.44,0
dl_640,14,,,,,
dl_640,35,exit_to_Brisbane,35,28,0.44,0
dl_640,26,Gowrie_exit,26,21,0.44,0
dl_640,25,exit_to_Brisbane,25,20,0.44,0
dl_640,24,exit_to_Brisbane,24,19,0.44,0
dl_640,23,exit_to_Brisbane,23,17,0.44,0
dl_640,22,Gowrie_exit,22,19,0.44,0
dl_640,17,exit_to_Brisbane,17,14,0.44,0
dl_640,2,exit_to_Brisbane,2,3,0.44,0
dl_640,1,Gowrie_exit,1,2,0.44,0
dl_640,4,Wyreema_exit,4,3,0.44,0
dl_640,3,Gowrie_exit,1,2,0.44,0
dl_640,16,Gowrie_exit,16,14,0.44,0
dl_640,20,exit_to_Brisbane,20,16,0.44,0
dl_640,19,Gowrie_exit,19,16,0.44,0
dl_640,21,Gowrie_exit,22,19,0.44,0
dl_641,11,,,,,
dl_641,24,exit_to_Brisbane,24,19,0.44,0
dl_641,23,exit_to_Brisbane,23,17,0.44,0
dl_641,22,Gowrie_exit,22,19,0.44,0
dl_641,17,exit_to_Brisbane,17,14,0.44,0
dl_641,2,exit_to_Brisbane,2,3,0.44,0
dl_641,1,Gowrie_exit,1,2,0.44,0
dl_641,4,Wyreema_exit,4,3,0.44,0
dl_641,3,Gowrie_exit,1,2,0.44,0
dl_641,16,Gowrie_exit,16,14,0.44,0
dl_641,20,exit_to_Brisbane,20,16,0.44,0
dl_641,19,Gowrie_exit,19,16,0.44,0
dl_641,21,Gowrie_exit,22,19,0.44,0
dl_642,13,,,,,
dl_642,27,exit_to_Brisbane,27,21,0.44,0
dl_642,26,Gowrie_exit,26,21,0.44,0
dl_642,25,exit_to_Brisbane,25,20,0.44,0
dl_642,23,exit_to_Brisbane,23,17,0.44,0
dl_642,22,Gowrie_exit,22,19,0.44,0
dl_642,17,exit_to_Brisbane,17,14,0.44,0
dl_642,2,exit_to_Brisbane,2,3,0.44,0
dl_642,1,Gowrie_exit,1,2,0.44,0
dl_642,4,Wyreema_exit,4,3,0.44,0
dl_642,3,Gowrie_exit,1,2,0.44,0
dl_642,16,Gowrie_exit,16,14,0.44,0
dl_642,20,exit_to_Brisbane,20,16,0.44,0
dl_642,19,Gowrie_exit,19,16,0.44,0
dl_642,21,Gowrie_exit,22,19,0.44,0
dl_643,13,,,,,
dl_643,27,exit_to_Brisbane,27,21,0.44,0
dl_643,26,Gowrie_exit,26,21,0.44,0
dl_643,25,exit_to_Brisbane,25,20,0.44,0
dl_643,24,exit_to_Brisbane,24,19,0.44,0
dl_643,20,exit_to_Brisbane,20,16,0.44,0
dl_643,22,Gowrie_exit,22,19,0.44,0
dl_643,17,exit_to_Brisbane,17,14,0.44,0
dl_643,2,exit_to_Brisbane,2,3,0.44,0
dl_643,1,Gowrie_exit,1,2,0.44,0
dl_643,4,Wyreema_exit,4,3,0.44,0
dl_643,3,Gowrie_exit,1,2,0.44,0
dl_643,16,Gowrie_exit,16,14,0.44,0
dl_643,19,Gowrie_exit,19,16,0.44,0
dl_643,21,Gowrie_exit,22,19,0.44,0
dl_644,15,,,,,
dl_644,27,exit_to_Brisbane,27,21,0.44,0
dl_644,26,Gowrie_exit,26,21,0.44,0
dl_644,25,exit_to_Brisbane,25,20,0.44,0
dl_644,24,exit_to_Brisbane,24,19,0.44,0
dl_644,23,exit_to_Brisbane,23,17,0.44,0
dl_644,22,Gowrie_exit,22,19,0.44,0
dl_644,20,exit_to_Brisbane,20,16,0.44,0
dl_644,19,Gowrie_exit,19,16,0.44,0
dl_644,21,Gowrie_exit,22,19,0.44,0
dl_644,216,exit_to_Brisbane,218,13,0.44,0
dl_644,16,Gowrie_exit,16,14,0.44,0
dl_644,15,exit_to_Brisbane,15,2,0.44,0
dl_644,4,Wyreema_exit,4,3,0.44,0
dl_644,1,Gowrie_exit,1,2,0.44,0
dl_644,218,exit_to_Brisbane,218,13,0.44,0
dl_644,3,Gowrie_exit,1,2,0.44,0
dl_645,15,,,,,
dl_645,35,exit_to_Brisbane,35,28,0.44,0
dl_645,26,Gowrie_exit,26,21,0.44,0
dl_645,25,exit_to_Brisbane,25,20,0.44,0
dl_645,24,exit_to_Brisbane,24,19,0.44,0
dl_645,23,exit_to_Brisbane,23,17,0.44,0
dl_645,22,Gowrie_exit,22,19,0.44,0
dl_645,20,exit_to_Brisbane,20,16,0.44,0
dl_645,19,Gowrie_exit,19,16,0.44,0
dl_645,21,Gowrie_exit,22,19,0.44,0
dl_645,216,exit_to_Brisbane,218,13,0.44,0
dl_645,16,Gowrie_exit,16,14,0.44,0
dl_645,15,exit_to_Brisbane,15,2,0.44,0
dl_645,4,Wyreema_exit,4,3,0.44,0
dl_645,1,Gowrie_exit,1,2,0.44,0
dl_645,218,exit_to_Brisbane,218,13,0.44,0
dl_645,3,Gowrie_exit,1,2,0.44,0
dl_646,12,,,,,
dl_646,24,exit_to_Brisbane,24,19,0.44,0
dl_646,23,exit_to_Brisbane,23,17,0.44,0
dl_646,22,Gowrie_exit,22,19,0.44,0
dl_646,20,exit_to_Brisbane,20,16,0.44,0
dl_646,19,Gowrie_exit,19,16,0.44,0
dl_646,21,Gowrie_exit,22,19,0.44,0
dl_646,216,exit_to_Brisbane,218,13,0.44,0
dl_646,16,Gowrie_exit,16,14,0.44,0
dl_646,15,exit_to_Brisbane,15,2,0.44,0
dl_646,4,Wyreema_exit,4,3,0.44,0
dl_646,1,Gowrie_exit,1,2,0.44,0
dl_646,218,exit_to_Brisbane,218,13,0.44,0
dl_646,3,Gowrie_exit,1,2,0.44,0
dl_647,14,,,,,
dl_647,27,exit_to_Brisbane,27,21,0.44,0
dl_647,26,Gowrie_exit,26,21,0.44,0
dl_647,25,exit_to_Brisbane,25,20,0.44,0
dl_647,23,exit_to_Brisbane,23,17,0.44,0
dl_647,22,Gowrie_exit,22,19,0.44,0
dl_647,20,exit_to_Brisbane,20,16,0.44,0
dl_647,19,Gowrie_exit,19,16,0.44,0
dl_647,21,Gowrie_exit,22,19,0.44,0
dl_647,216,exit_to_Brisbane,218,13,0.44,0
dl_647,16,Gowrie_exit,16,14,0.44,0
dl_647,15,exit_to_Brisbane,15,2,0.44,0
dl_647,4,Wyreema_exit,4,3,0.44,0
dl_647,1,Gowrie_exit,1,2,0.44,0
dl_647,218,exit_to_Brisbane,218,13,0.44,0
dl_647,3,Gowrie_exit,1,2,0.44,0
dl_648,14,,,,,
dl_648,27,exit_to_Brisbane,27,21,0.44,0
dl_648,26,Gowrie_exit,26,21,0.44,0
dl_648,25,exit_to_Brisbane,25,20,0.44,0
dl_648,24,exit_to_Brisbane,24,19,0.44,0
dl_648,20,exit_to_Brisbane,20,16,0.44,0
dl_648,22,Gowrie_exit,22,19,0.44,0
dl_648,19,Gowrie_exit,19,16,0.44,0
dl_648,21,Gowrie_exit,22,19,0.44,0
dl_648,216,exit_to_Brisbane,218,13,0.44,0
dl_648,16,Gowrie_exit,16,14,0.44,0
dl_648,15,exit_to_Brisbane,15,2,0.44,0
dl_648,4,Wyreema_exit,4,3,0.44,0
dl_648,1,Gowrie_exit,1,2,0.44,0
dl_648,218,exit_to_Brisbane,218,13,0.44,0
dl_648,3,Gowrie_exit,1,2,0.44,0
dl_649,14,,,,,
dl_649,27,exit_to_Brisbane,27,21,0.44,0
dl_649,26,Gowrie_exit,26,21,0.44,0
dl_649,25,exit_to_Brisbane,25,20,0.44,0
dl_649,24,exit_to_Brisbane,24,19,0.44,0
dl_649,23,exit_to_Brisbane,23,17,0.44,0
dl_649,22,Gowrie_exit,22,19,0.44,0
dl_649,17,exit_to_Brisbane,17,14,0.44,0
dl_649,15,exit_to_Brisbane,15,2,0.44,0
dl_649,16,Gowrie_exit,16,14,0.44,0
dl_649,20,exit_to_Brisbane,20,16,0.44,0
dl_649,19,Gowrie_exit,19,16,0.44,0
dl_649,21,Gowrie_exit,22,19,0.44,0
dl_649,4,Wyreema_exit,4,3,0.44,0
dl_649,1,Gowrie_exit,1,2,0.44,0
dl_649,3,Gowrie_exit,1,2,0.44,0
dl_650,14,,,,,
dl_650,35,exit_to_Brisbane,35,28,0.44,0
dl_650,26,Gowrie_exit,26,21,0.44,0
dl_650,25,exit_to_Brisbane,25,20,0.44,0
dl_650,24,exit_to_Brisbane,24,19,0.44,0
dl_650,23,exit_to_Brisbane,23,17,0.44,0
dl_650,22,Gowrie_exit,22,19,0.44,0
dl_650,17,exit_to_Brisbane,17,14,0.44,0
dl_650,15,exit_to_Brisbane,15,2,0.44,0
dl_650,16,Gowrie_exit,16,14,0.44,0
dl_650,20,exit_to_Brisbane,20,16,0.44,0
dl_650,19,Gowrie_exit,19,16,0.44,0
dl_650,21,Gowrie_exit,22,19,0.44,0
dl_650,4,Wyreema_exit,4,3,0.44,0
dl_650,1,Gowrie_exit,1,2,0.44,0
dl_650,3,Gowrie_exit,1,2,0.44,0
dl_651,11,,,,,
dl_651,24,exit_to_Brisbane,24,19,0.44,0
dl_651,23,exit_to_Brisbane,23,17,0.44,0
dl_651,22,Gowrie_exit,22,19,0.44,0
dl_651,17,exit_to_Brisbane,17,14,0.44,0
dl_651,15,exit_to_Brisbane,15,2,0.44,0
dl_651,16,Gowrie_exit,16,14,0.44,0
dl_651,20,exit_to_Brisbane,20,16,0.44,0
dl_651,19,Gowrie_exit,19,16,0.44,0
dl_651,21,Gowrie_exit,22,19,0.44,0
dl_651,4,Wyreema_exit,4,3,0.44,0
dl_651,1,Gowrie_exit,1,2,0.44,0
dl_651,3,Gowrie_exit,1,2,0.44,0
dl_652,13,,,,,
dl_652,27,exit_to_Brisbane,27,21,0.44,0
dl_652,26,Gowrie_exit,26,21,0.44,0
dl_652,25,exit_to_Brisbane,25,20,0.44,0
dl_652,23,exit_to_Brisbane,23,17,0.44,0
dl_652,22,Gowrie_exit,22,19,0.44,0
dl_652,17,exit_to_Brisbane,17,14,0.44,0
dl_652,15,exit_to_Brisbane,15,2,0.44,0
dl_652,16,Gowrie_exit,16,14,0.44,0
dl_652,20,exit_to_Brisbane,20,16,0.44,0
dl_652,19,Gowrie_exit,19,16,0.44,0
dl_652,21,Gowrie_exit,22,19,0.44,0
dl_652,4,Wyreema_exit,4,3,0.44,0
dl_652,1,Gowrie_exit,1,2,0.44,0
dl_652,3,Gowrie_exit,1,2,0.44,0
dl_653,13,,,,,
dl_653,27,exit_to_Brisbane,27,21,0.44,0
dl_653,26,Gowrie_exit,26,21,0.44,0
dl_653,25,exit_to_Brisbane,25,20,0.44,0
dl_653,24,exit_to_Brisbane,24,19,0.44,0
dl_653,20,exit_to_Brisbane,20,16,0.44,0
dl_653,22,Gowrie_exit,22,19,0.44,0
dl_653,17,exit_to_Brisbane,17,14,0.44,0
dl_653,15,exit_to_Brisbane,15,2,0.44,0
dl_653,16,Gowrie_exit,16,14,0.44,0
dl_653,19,Gowrie_exit,19,16,0.44,0
dl_653,21,Gowrie_exit,22,19,0.44,0
dl_653,4,Wyreema_exit,4,3,0.44,0
dl_653,1,Gowrie_exit,1,2,0.44,0
dl_653,3,Gowrie_exit,1,2,0.44,0
dl_654,8,,,,,
dl_654,35,exit_to_Brisbane,35,28,0.44,0
dl_654,26,Gowrie_exit,26,21,0.44,0
dl_654,25,exit_to_Brisbane,25,20,0.44,0
dl_654,23,exit_to_Brisbane,23,17,0.44,0
dl_654,22,Gowrie_exit,22,19,0.44,0
dl_654,20,exit_to_Brisbane,20,16,0.44,0
dl_654,19,Gowrie_exit,19,16,0.44,0
dl_654,21,Gowrie_exit,22,19,0.44,0
dl_654,17,Gowrie_exit,17,15,0.44,0
dl_655,8,,,,,
dl_655,35,exit_to_Brisbane,35,28,0.44,0
dl_655,26,Gowrie_exit,26,21,0.44,0
dl_655,25,exit_to_Brisbane,25,20,0.44,0
dl_655,24,exit_to_Brisbane,24,19,0.44,0
dl_655,20,exit_to_Brisbane,20,16,0.44,0
dl_655,22,Gowrie_exit,22,19,0.44,0
dl_655,19,Gowrie_exit,19,16,0.44,0
dl_655,21,Gowrie_exit,22,19,0.44,0
dl_655,17,Gowrie_exit,17,15,0.44,0
dl_656,11,,,,,
dl_656,35,exit_to_Brisbane,35,28,0.44,0
dl_656,26,Gowrie_exit,26,21,0.44,0
dl_656,25,exit_to_Brisbane,25,20,0.44,0
dl_656,23,exit_to_Brisbane,23,17,0.44,0
dl_656,22,Gowrie_exit,22,19,0.44,0
dl_656,20,exit_to_Brisbane,20,16,0.44,0
dl_656,19,Gowrie_exit,19,16,0.44,0
dl_656,21,Gowrie_exit,22,19,0.44,0
dl_656,216,exit_to_Brisbane,218,13,0.44,0
dl_656,16,Gowrie_exit,16,14,0.44,0
dl_656,15,Gowrie_exit,15,13,0.44,0
dl_656,218,exit_to_Brisbane,218,13,0.44,0
dl_657,11,,,,,
dl_657,35,exit_to_Brisbane,35,28,0.44,0
dl_657,26,Gowrie_exit,26,21,0.44,0
dl_657,25,exit_to_Brisbane,25,20,0.44,0
dl_657,24,exit_to_Brisbane,24,19,0.44,0
dl_657,20,exit_to_Brisbane,20,16,0.44,0
dl_657,22,Gowrie_exit,22,19,0.44,0
dl_657,19,Gowrie_exit,19,16,0.44,0
dl_657,21,Gowrie_exit,22,19,0.44,0
dl_657,216,exit_to_Brisbane,218,13,0.44,0
dl_657,16,Gowrie_exit,16,14,0.44,0
dl_657,15,Gowrie_exit,15,13,0.44,0
dl_657,218,exit_to_Brisbane,218,13,0.44,0
dl_658,14,,,,,
dl_658,35,exit_to_Brisbane,35,28,0.44,0
dl_658,26,Gowrie_exit,26,21,0.44,0
dl_658,25,exit_to_Brisbane,25,20,0.44,0
dl_658,23,exit_to_Brisbane,23,17,0.44,0
dl_658,22,Gowrie_exit,22,19,0.44,0
dl_658,20,exit_to_Brisbane,20,16,0.44,0
dl_658,19,Gowrie_exit,19,16,0.44,0
dl_658,21,Gowrie_exit,22,19,0.44,0
dl_658,216,exit_to_Brisbane,218,13,0.44,0
dl_658,16,Gowrie_exit,16,14,0.44,0
dl_658,218,exit_to_Brisbane,218,13,0.44,0
dl_658,2,exit_to_Brisbane,2,3,0.44,0
dl_658,1,Gowrie_exit,1,2,0.44,0
dl_658,4,Wyreema_exit,4,3,0.44,0
dl_658,3,Gowrie_exit,1,2,0.44,0
dl_659,14,,,,,
dl_659,35,exit_to_Brisbane,35,28,0.44,0
dl_659,26,Gowrie_exit,26,21,0.44,0
dl_659,25,exit_to_Brisbane,25,20,0.44,0
dl_659,24,exit_to_Brisbane,24,19,0.44,0
dl_659,20,exit_to_Brisbane,20,16,0.44,0
dl_659,22,Gowrie_exit,22,19,0.44,0
dl_659,19,Gowrie_exit,19,16,0.44,0
dl_659,21,Gowrie_exit,22,19,0.44,0
dl_659,216,exit_to_Brisbane,218,13,0.44,0
dl_659,16,Gowrie_exit,16,14,0.44,0
dl_659,218,exit_to_Brisbane,218,13,0.44,0
dl_659,2,exit_to_Brisbane,2,3,0.44,0
dl_659,1,Gowrie_exit,1,2,0.44,0
dl_659,4,Wyreema_exit,4,3,0.44,0
dl_659,3,Gowrie_exit,1,2,0.44,0
dl_660,10,,,,,
dl_660,35,exit_to_Brisbane,35,28,0.44,0
dl_660,26,Gowrie_exit,26,21,0.44,0
dl_660,25,exit_to_Brisbane,25,20,0.44,0
dl_660,23,exit_to_Brisbane,23,17,0.44,0
dl_660,22,Gowrie_exit,22,19,0.44,0
dl_660,17,exit_to_Brisbane,17,14,0.44,0
dl_660,15,Gowrie_exit,15,13,0.44,0
dl_660,16,Gowrie_exit,16,14,0.44,0
dl_660,20,exit_to_Brisbane,20,16,0.44,0
dl_660,19,Gowrie_exit,19,16,0.44,0
dl_660,21,Gowrie_exit,22,19,0.44,0
dl_661,10,,,,,
dl_661,35,exit_to_Brisbane,35,28,0.44,0
dl_661,26,Gowrie_exit,26,21,0.44,0
dl_661,25,exit_to_Brisbane,25,20,0.44,0
dl_661,24,exit_to_Brisbane,24,19,0.44,0
dl_661,20,exit_to_Brisbane,20,16,0.44,0
dl_661,22,Gowrie_exit,22,19,0.44,0
dl_661,17,exit_to_Brisbane,17,14,0.44,0
dl_661,15,Gowrie_exit,15,13,0.44,0
dl_661,16,Gowrie_exit,16,14,0.44,0
dl_661,19,Gowrie_exit,19,16,0.44,0
dl_661,21,Gowrie_exit,22,19,0.44,0
dl_662,13,,,,,
dl_662,35,exit_to_Brisbane,35,28,0.44,0
dl_662,26,Gowrie_exit,26,21,0.44,0
dl_662,25,exit_to_Brisbane,25,20,0.44,0
dl_662,23,exit_to_Brisbane,23,17,0.44,0
dl_662,22,Gowrie_exit,22,19,0.44,0
dl_662,17,exit_to_Brisbane,17,14,0.44,0
dl_662,2,exit_to_Brisbane,2,3,0.44,0
dl_662,1,Gowrie_exit,1,2,0.44,0
dl_662,4,Wyreema_exit,4,3,0.44,0
dl_662,3,Gowrie_exit,1,2,0.44,0
dl_662,16,Gowrie_exit,16,14,0.44,0
dl_662,20,exit_to_Brisbane,20,16,0.44,0
dl_662,19,Gowrie_exit,19,16,0.44,0
dl_662,21,Gowrie_exit,22,19,0.44,0
dl_663,13,,,,,
dl_663,35,exit_to_Brisbane,35,28,0.44,0
dl_663,26,Gowrie_exit,26,21,0.44,0
dl_663,25,exit_to_Brisbane,25,20,0.44,0
dl_663,24,exit_to_Brisbane,24,19,0.44,0
dl_663,20,exit_to_Brisbane,20,16,0.44,0
dl_663,22,Gowrie_exit,22,19,0.44,0
dl_663,17,exit_to_Brisbane,17,14,0.44,0
dl_663,2,exit_to_Brisbane,2,3,0.44,0
dl_663,1,Gowrie_exit,1,2,0.44,0
dl_663,4,Wyreema_exit,4,3,0.44,0
dl_663,3,Gowrie_exit,1,2,0.44,0
dl_663,16,Gowrie_exit,16,14,0.44,0
dl_663,19,Gowrie_exit,19,16,0.44,0
dl_663,21,Gowrie_exit,22,19,0.44,0
dl_664,14,,,,,
dl_664,35,exit_to_Brisbane,35,28,0.44,0
dl_664,26,Gowrie_exit,26,21,0.44,0
dl_664,25,exit_to_Brisbane,25,20,0.44,0
dl_664,23,exit_to_Brisbane,23,17,0.44,0
dl_664,22,Gowrie_exit,22,19,0.44,0
dl_664,20,exit_to_Brisbane,20,16,0.44,0
dl_664,19,Gowrie_exit,19,16,0.44,0
dl_664,21,Gowrie_exit,22,19,0.44,0
dl_664,216,exit_to_Brisbane,218,13,0.44,0
dl_664,16,Gowrie_exit,16,14,0.44,0
dl_664,15,exit_to_Brisbane,15,2,0.44,0
dl_664,4,Wyreema_exit,4,3,0.44,0
dl_664,1,Gowrie_exit,1,2,0.44,0
dl_664,218,exit_to_Brisbane,218,13,0.44,0
dl_664,3,Gowrie_exit,1,2,0.44,0
dl_665,14,,,,,
dl_665,35,exit_to_Brisbane,35,28,0.44,0
dl_665,26,Gowrie_exit,26,21,0.44,0
dl_665,25,exit_to_Brisbane,25,20,0.44,0
dl_665,24,exit_to_Brisbane,24,19,0.44,0
dl_665,20,exit_to_Brisbane,20,16,0.44,0
dl_665,22,Gowrie_exit,22,19,0.44,0
dl_665,19,Gowrie_exit,19,16,0.44,0
dl_665,21,Gowrie_exit,22,19,0.44,0
dl_665,216,exit_to_Brisbane,218,13,0.44,0
dl_665,16,Gowrie_exit,16,14,0.44,0
dl_665,15,exit_to_Brisbane,15,2,0.44,0
dl_665,4,Wyreema_exit,4,3,0.44,0
dl_665,1,Gowrie_exit,1,2,0.44,0
dl_665,218,exit_to_Brisbane,218,13,0.44,0
dl_665,3,Gowrie_exit,1,2,0.44,0
dl_666,13,,,,,
dl_666,35,exit_to_Brisbane,35,28,0.44,0
dl_666,26,Gowrie_exit,26,21,0.44,0
dl_666,25,exit_to_Brisbane,25,20,0.44,0
dl_666,23,exit_to_Brisbane,23,17,0.44,0
dl_666,22,Gowrie_exit,22,19,0.44,0
dl_666,17,exit_to_Brisbane,17,14,0.44,0
dl_666,15,exit_to_Brisbane,15,2,0.44,0
dl_666,16,Gowrie_exit,16,14,0.44,0
dl_666,20,exit_to_Brisbane,20,16,0.44,0
dl_666,19,Gowrie_exit,19,16,0.44,0
dl_666,21,Gowrie_exit,22,19,0.44,0
dl_666,4,Wyreema_exit,4,3,0.44,0
dl_666,1,Gowrie_exit,1,2,0.44,0
dl_666,3,Gowrie_exit,1,2,0.44,0
dl_667,13,,,,,
dl_667,35,exit_to_Brisbane,35,28,0.44,0
dl_667,26,Gowrie_exit,26,21,0.44,0
dl_667,25,exit_to_Brisbane,25,20,0.44,0
dl_667,24,exit_to_Brisbane,24,19,0.44,0
dl_667,20,exit_to_Brisbane,20,16,0.44,0
dl_667,22,Gowrie_exit,22,19,0.44,0
dl_667,17,exit_to_Brisbane,17,14,0.44,0
dl_667,15,exit_to_Brisbane,15,2,0.44,0
dl_667,16,Gowrie_exit,16,14,0.44,0
dl_667,19,Gowrie_exit,19,16,0.44,0
dl_667,21,Gowrie_exit,22,19,0.44,0
dl_667,4,Wyreema_exit,4,3,0.44,0
dl_667,1,Gowrie_exit,1,2,0.44,0
dl_667,3,Gowrie_exit,1,2,0.44,0
dl_668,6,,,,,
dl_668,27,exit_to_Brisbane,27,21,0.44,0
dl_668,26,exit_to_Brisbane,26,20,0.44,0
dl_668,25,Wyreema_exit,25,21,0.44,0
dl_668,23,exit_to_Brisbane,23,17,0.44,0
dl_668,22,Gowrie_exit,22,19,0.44,0
dl_668,21,Gowrie_exit,22,19,0.44,0
dl_668,20,Wyreema_exit,20,17,0.44,0
dl_669,6,,,,,
dl_669,24,exit_to_Brisbane,24,19,0.44,0
dl_669,20,Wyreema_exit,20,17,0.44,0
dl_669,22,Gowrie_exit,22,19,0.44,0
dl_669,27,exit_to_Brisbane,27,21,0.44,0
dl_669,26,exit_to_Brisbane,26,20,0.44,0
dl_669,25,Wyreema_exit,25,21,0.44,0
dl_669,21,Gowrie_exit,22,19,0.44,0
dl_670,7,,,,,
dl_670,218,Gowrie_exit,216,14,0.44,0
dl_670,16,exit_to_Brisbane,16,13,0.44,0
dl_670,17,exit_to_Brisbane,17,14,0.44,0
dl_670,216,Gowrie_exit,216,14,0.44,0
dl_670,2,exit_to_Brisbane,2,3,0.44,0
dl_670,1,Wyreema_exit,1,2,0.44,0
dl_670,3,Wyreema_exit,1,2,0.44,0
dl_670,4,Gowrie_exit,4,3,0.44,0
dl_671,7,,,,,
dl_671,15,exit_to_Brisbane,15,2,0.44,0
dl_671,4,Gowrie_exit,4,3,0.44,0
dl_671,1,Wyreema_exit,1,2,0.44,0
dl_671,218,Gowrie_exit,216,14,0.44,0
dl_671,16,exit_to_Brisbane,16,13,0.44,0
dl_671,17,exit_to_Brisbane,17,14,0.44,0
dl_671,216,Gowrie_exit,216,14,0.44,0
dl_671,3,Wyreema_exit,1,2,0.44,0
dl_672,7,,,,,
dl_672,26,Gowrie_exit,26,21,0.44,0
dl_672,25,exit_to_Brisbane,25,20,0.44,0
dl_672,23,exit_to_Brisbane,23,17,0.44,0
dl_672,22,Wyreema_exit,22,19,0.44,0
dl_672,20,Gowrie_exit,20,17,0.44,0
dl_672,21,Wyreema_exit,22,19,0.44,0
dl_672,35,Wyreema_exit,35,28,0.44,0
dl_672,189,exit_to_Brisbane,30,24,0.44,0
dl_673,7,,,,,
dl_673,24,exit_to_Brisbane,24,19,0.44,0
dl_673,20,Gowrie_exit,20,17,0.44,0
dl_673,22,Wyreema_exit,22,19,0.44,0
dl_673,26,Gowrie_exit,26,21,0.44,0
dl_673,25,exit_to_Brisbane,25,20,0.44,0
dl_673,21,Wyreema_exit,22,19,0.44,0
dl_673,35,Wyreema_exit,35,28,0.44,0
dl_673,189,exit_to_Brisbane,30,24,0.44,0
dl_674,5,,,,,
dl_674,27,exit_to_Brisbane,27,21,0.44,0
dl_674,26,Wyreema_exit,26,21,0.44,0
dl_674,25,exit_to_Brisbane,25,20,0.44,0
dl_674,23,Gowrie_exit,23,19,0.44,0
dl_674,21,exit_to_Brisbane,21,17,0.44,0
dl_674,20,Wyreema_exit,20,17,0.44,0
dl_675,5,,,,,
dl_675,24,exit_to_Brisbane,24,19,0.44,0
dl_675,23,Gowrie_exit,23,19,0.44,0
dl_675,27,exit_to_Brisbane,27,21,0.44,0
dl_675,26,Wyreema_exit,26,21,0.44,0
dl_675,25,exit_to_Brisbane,25,20,0.44,0
dl_675,20,Wyreema_exit,20,17,0.44,0
dl_676,5,,,,,
dl_676,23,Wyreema_exit,23,19,0.44,0
dl_676,21,exit_to_Brisbane,21,17,0.44,0
dl_676,20,Gowrie_exit,20,17,0.44,0
dl_676,27,exit_to_Brisbane,27,21,0.44,0
dl_676,26,Gowrie_exit,26,21,0.44,0
dl_676,25,exit_to_Brisbane,25,20,0.44,0
dl_677,5,,,,,
dl_677,24,Gowrie_exit,24,20,0.44,0
dl_677,27,exit_to_Brisbane,27,21,0.44,0
dl_677,25,exit_to_Brisbane,25,20,0.44,0
dl_677,23,Wyreema_exit,23,19,0.44,0
dl_677,21,exit_to_Brisbane,21,17,0.44,0
dl_677,20,Gowrie_exit,20,17,0.44,0
dl_678,5,,,,,
dl_678,27,exit_to_Brisbane,27,21,0.44,0
dl_678,26,Gowrie_exit,26,21,0.44,0
dl_678,25,exit_to_Brisbane,25,20,0.44,0
dl_678,23,Gowrie_exit,23,19,0.44,0
dl_678,21,exit_to_Brisbane,21,17,0.44,0
dl_678,20,Wyreema_exit,20,17,0.44,0
dl_679,5,,,,,
dl_679,24,exit_to_Brisbane,24,19,0.44,0
dl_679,23,Gowrie_exit,23,19,0.44,0
dl_679,27,exit_to_Brisbane,27,21,0.44,0
dl_679,26,Gowrie_exit,26,21,0.44,0
dl_679,25,exit_to_Brisbane,25,20,0.44,0
dl_679,20,Wyreema_exit,20,17,0.44,0
dl_680,3,,,,,
dl_680,20,exit_to_Brisbane,20,16,0.44,0
dl_680,19,exit_to_Brisbane,19,15,0.44,0
dl_680,18,Wyreema_exit,18,16,0.44,0
dl_680,17,Wyreema_exit,17,15,0.44,0
dl_681,8,,,,,
dl_681,24,exit_to_Brisbane,24,19,0.44,0
dl_681,23,Gowrie_exit,23,19,0.44,0
dl_681,21,exit_to_Brisbane,21,17,0.44,0
dl_681,27,exit_to_Brisbane,27,21,0.44,0
dl_681,26,Gowrie_exit,26,21,0.44,0
dl_681,25,exit_to_Brisbane,25,20,0.44,0
dl_681,19,exit_to_Brisbane,19,15,0.44,0
dl_681,18,Wyreema_exit,18,16,0.44,0
dl_681,17,Wyreema_exit,17,15,0.44,0
dl_682,5,,,,,
dl_682,24,exit_to_Brisbane,24,19,0.44,0
dl_682,23,Gowrie_exit,23,19,0.44,0
dl_682,21,exit_to_Brisbane,21,17,0.44,0
dl_682,19,exit_to_Brisbane,19,15,0.44,0
dl_682,18,Wyreema_exit,18,16,0.44,0
dl_682,17,Wyreema_exit,17,15,0.44,0
dl_683,7,,,,,
dl_683,27,exit_to_Brisbane,27,21,0.44,0
dl_683,26,Gowrie_exit,26,21,0.44,0
dl_683,25,exit_to_Brisbane,25,20,0.44,0
dl_683,23,Gowrie_exit,23,19,0.44,0
dl_683,21,exit_to_Brisbane,21,17,0.44,0
dl_683,19,exit_to_Brisbane,19,15,0.44,0
dl_683,18,Wyreema_exit,18,16,0.44,0
dl_683,17,Wyreema_exit,17,15,0.44,0
dl_684,7,,,,,
dl_684,24,exit_to_Brisbane,24,19,0.44,0
dl_684,23,Gowrie_exit,23,19,0.44,0
dl_684,27,exit_to_Brisbane,27,21,0.44,0
dl_684,26,Gowrie_exit,26,21,0.44,0
dl_684,25,exit_to_Brisbane,25,20,0.44,0
dl_684,19,exit_to_Brisbane,19,15,0.44,0
dl_684,18,Wyreema_exit,18,16,0.44,0
dl_684,17,Wyreema_exit,17,15,0.44,0
dl_685,6,,,,,
dl_685,189,exit_to_Brisbane,30,24,0.44,0
dl_685,26,Gowrie_exit,26,21,0.44,0
dl_685,25,exit_to_Brisbane,25,20,0.44,0
dl_685,35,Wyreema_exit,35,28,0.44,0
dl_685,23,Gowrie_exit,23,19,0.44,0
dl_685,21,exit_to_Brisbane,21,17,0.44,0
dl_685,20,Wyreema_exit,20,17,0.44,0
dl_686,6,,,,,
dl_686,24,exit_to_Brisbane,24,19,0.44,0
dl_686,23,Gowrie_exit,23,19,0.44,0
dl_686,189,exit_to_Brisbane,30,24,0.44,0
dl_686,26,Gowrie_exit,26,21,0.44,0
dl_686,25,exit_to_Brisbane,25,20,0.44,0
dl_686,35,Wyreema_exit,35,28,0.44,0
dl_686,20,Wyreema_exit,20,17,0.44,0
dl_687,8,,,,,
dl_687,189,exit_to_Brisbane,30,24,0.44,0
dl_687,26,Gowrie_exit,26,21,0.44,0
dl_687,25,exit_to_Brisbane,25,20,0.44,0
dl_687,35,Wyreema_exit,35,28,0.44,0
dl_687,23,Gowrie_exit,23,19,0.44,0
dl_687,21,exit_to_Brisbane,21,17,0.44,0
dl_687,19,exit_to_Brisbane,19,15,0.44,0
dl_687,18,Wyreema_exit,18,16,0.44,0
dl_687,17,Wyreema_exit,17,15,0.44,0
dl_688,8,,,,,
dl_688,24,exit_to_Brisbane,24,19,0.44,0
dl_688,23,Gowrie_exit,23,19,0.44,0
dl_688,189,exit_to_Brisbane,30,24,0.44,0
dl_688,26,Gowrie_exit,26,21,0.44,0
dl_688,25,exit_to_Brisbane,25,20,0.44,0
dl_688,35,Wyreema_exit,35,28,0.44,0
dl_688,19,exit_to_Brisbane,19,15,0.44,0
dl_688,18,Wyreema_exit,18,16,0.44,0
dl_688,17,Wyreema_exit,17,15,0.44,0
dl_689,2,,,,,
dl_689,20,exit_to_Brisbane,20,16,0.44,0
dl_689,19,Wyreema_exit,19,16,0.44,0
dl_689,18,Wyreema_exit,18,16,0.44,0
dl_690,8,,,,,
dl_690,24,exit_to_Brisbane,24,19,0.44,0
dl_690,23,Gowrie_exit,23,19,0.44,0
dl_690,21,exit_to_Brisbane,21,17,0.44,0
dl_690,27,exit_to_Brisbane,27,21,0.44,0
dl_690,26,Gowrie_exit,26,21,0.44,0
dl_690,25,exit_to_Brisbane,25,20,0.44,0
dl_690,20,exit_to_Brisbane,20,16,0.44,0
dl_690,17,Wyreema_exit,17,15,0.44,0
dl_690,18,Wyreema_exit,18,16,0.44,0
dl_691,5,,,,,
dl_691,24,exit_to_Brisbane,24,19,0.44,0
dl_691,23,Gowrie_exit,23,19,0.44,0
dl_691,21,exit_to_Brisbane,21,17,0.44,0
dl_691,20,exit_to_Brisbane,20,16,0.44,0
dl_691,17,Wyreema_exit,17,15,0.44,0
dl_691,18,Wyreema_exit,18,16,0.44,0
dl_692,7,,,,,
dl_692,27,exit_to_Brisbane,27,21,0.44,0
dl_692,26,Gowrie_exit,26,21,0.44,0
dl_692,25,exit_to_Brisbane,25,20,0.44,0
dl_692,23,Gowrie_exit,23,19,0.44,0
dl_692,21,exit_to_Brisbane,21,17,0.44,0
dl_692,20,exit_to_Brisbane,20,16,0.44,0
dl_692,17,Wyreema_exit,17,15,0.44,0
dl_692,18,Wyreema_exit,18,16,0.44,0
dl_693,7,,,,,
dl_693,24,exit_to_Brisbane,24,19,0.44,0
dl_693,23,Gowrie_exit,23,19,0.44,0
dl_693,27,exit_to_Brisbane,27,21,0.44,0
dl_693,26,Gowrie_exit,26,21,0.44,0
dl_693,25,exit_to_Brisbane,25,20,0.44,0
dl_693,20,exit_to_Brisbane,20,16,0.44,0
dl_693,17,Wyreema_exit,17,15,0.44,0
dl_693,18,Wyreema_exit,18,16,0.44,0
dl_694,8,,,,,
dl_694,189,exit_to_Brisbane,30,24,0.44,0
dl_694,26,Gowrie_exit,26,21,0.44,0
dl_694,25,exit_to_Brisbane,25,20,0.44,0
dl_694,35,Wyreema_exit,35,28,0.44,0
dl_694,23,Gowrie_exit,23,19,0.44,0
dl_694,21,exit_to_Brisbane,21,17,0.44,0
dl_694,20,exit_to_Brisbane,20,16,0.44,0
dl_694,17,Wyreema_exit,17,15,0.44,0
dl_694,18,Wyreema_exit,18,16,0.44,0
dl_695,8,,,,,
dl_695,24,exit_to_Brisbane,24,19,0.44,0
dl_695,23,Gowrie_exit,23,19,0.44,0
dl_695,189,exit_to_Brisbane,30,24,0.44,0
dl_695,26,Gowrie_exit,26,21,0.44,0
dl_695,25,exit_to_Brisbane,25,20,0.44,0
dl_695,35,Wyreema_exit,35,28,0.44,0
dl_695,20,exit_to_Brisbane,20,16,0.44,0
dl_695,17,Wyreema_exit,17,15,0.44,0
dl_695,18,Wyreema_exit,18,16,0.44,0
dl_696,12,,,,,
dl_696,24,exit_to_Brisbane,24,19,0.44,0
dl_696,23,Gowrie_exit,23,19,0.44,0
dl_696,21,exit_to_Brisbane,21,17,0.44,0
dl_696,27,exit_to_Brisbane,27,21,0.44,0
dl_696,26,Gowrie_exit,26,21,0.44,0
dl_696,25,exit_to_Brisbane,25,20,0.44,0
dl_696,20,exit_to_Brisbane,20,16,0.44,0
dl_696,19,exit_to_Brisbane,19,15,0.44,0
dl_696,18,Wyreema_exit,18,16,0.44,0
dl_696,15,Wyreema_exit,15,13,0.44,0
dl_696,218,Wyreema_exit,216,14,0.44,0
dl_696,16,exit_to_Brisbane,16,13,0.44,0
dl_696,216,Wyreema_exit,216,14,0.44,0
dl_697,13,,,,,
dl_697,24,exit_to_Brisbane,24,19,0.44,0
dl_697,23,Gowrie_exit,23,19,0.44,0
dl_697,21,exit_to_Brisbane,21,17,0.44,0
dl_697,35,Wyreema_exit,35,28,0.44,0
dl_697,189,exit_to_Brisbane,30,24,0.44,0
dl_697,26,Gowrie_exit,26,21,0.44,0
dl_697,25,exit_to_Brisbane,25,20,0.44,0
dl_697,20,exit_to_Brisbane,20,16,0.44,0
dl_697,19,exit_to_Brisbane,19,15,0.44,0
dl_697,18,Wyreema_exit,18,16,0.44,0
dl_697,15,Wyreema_exit,15,13,0.44,0
dl_697,218,Wyreema_exit,216,14,0.44,0
dl_697,16,exit_to_Brisbane,16,13,0.44,0
dl_697,216,Wyreema_exit,216,14,0.44,0
dl_698,9,,,,,
dl_698,24,exit_to_Brisbane,24,19,0.44,0
dl_698,23,Gowrie_exit,23,19,0.44,0
dl_698,21,exit_to_Brisbane,21,17,0.44,0
dl_698,20,exit_to_Brisbane,20,16,0.44,0
dl_698,19,exit_to_Brisbane,19,15,0.44,0
dl_698,18,Wyreema_exit,18,16,0.44,0
dl_698,15,Wyreema_exit,15,13,0.44,0
dl_698,218,Wyreema_exit,216,14,0.44,0
dl_698,16,exit_to_Brisbane,16,13,0.44,0
dl_698,216,Wyreema_exit,216,14,0.44,0
dl_699,11,,,,,
dl_699,27,exit_to_Brisbane,27,21,0.44,0
dl_699,26,Gowrie_exit,26,21,0.44,0
dl_699,25,exit_to_Brisbane,25,20,0.44,0
dl_699,23,Gowrie_exit,23,19,0.44,0
dl_699,21,exit_to_Brisbane,21,17,0.44,0
dl_699,20,exit_to_Brisbane,20,16,0.44,0
dl_699,19,exit_to_Brisbane,19,15,0.44,0
dl_699,18,Wyreema_exit,18,16,0.44,0
dl_699,15,Wyreema_exit,15,13,0.44,0
dl_699,218,Wyreema_exit,216,14,0.44,0
dl_699,16,exit_to_Brisbane,16,13,0.44,0
dl_699,216,Wyreema_exit,216,14,0.44,0
dl_700,11,,,,,
dl_700,24,exit_to_Brisbane,24,19,0.44,0
dl_700,23,Gowrie_exit,23,19,0.44,0
dl_700,27,exit_to_Brisbane,27,21,0.44,0
dl_700,26,Gowrie_exit,26,21,0.44,0
dl_700,25,exit_to_Brisbane,25,20,0.44,0
dl_700,20,exit_to_Brisbane,20,16,0.44,0
dl_700,19,exit_to_Brisbane,19,15,0.44,0
dl_700,18,Wyreema_exit,18,16,0.44,0
dl_700,15,Wyreema_exit,15,13,0.44,0
dl_700,218,Wyreema_exit,216,14,0.44,0
dl_700,16,exit_to_Brisbane,16,13,0.44,0
dl_700,216,Wyreema_exit,216,14,0.44,0
dl_701,6,,,,,
dl_701,20,exit_to_Brisbane,20,16,0.44,0
dl_701,19,exit_to_Brisbane,19,15,0.44,0
dl_701,18,Wyreema_exit,18,16,0.44,0
dl_701,15,Wyreema_exit,15,13,0.44,0
dl_701,218,Wyreema_exit,216,14,0.44,0
dl_701,16,exit_to_Brisbane,16,13,0.44,0
dl_701,216,Wyreema_exit,216,14,0.44,0
dl_702,11,,,,,
dl_702,24,exit_to_Brisbane,24,19,0.44,0
dl_702,23,Gowrie_exit,23,19,0.44,0
dl_702,21,exit_to_Brisbane,21,17,0.44,0
dl_702,27,exit_to_Brisbane,27,21,0.44,0
dl_702,26,Gowrie_exit,26,21,0.44,0
dl_702,25,exit_to_Brisbane,25,20,0.44,0
dl_702,19,exit_to_Brisbane,19,15,0.44,0
dl_702,18,Wyreema_exit,18,16,0.44,0
dl_702,15,Wyreema_exit,15,13,0.44,0
dl_702,218,Wyreema_exit,216,14,0.44,0
dl_702,16,exit_to_Brisbane,16,13,0.44,0
dl_702,216,Wyreema_exit,216,14,0.44,0
dl_703,8,,,,,
dl_703,24,exit_to_Brisbane,24,19,0.44,0
dl_703,23,Gowrie_exit,23,19,0.44,0
dl_703,21,exit_to_Brisbane,21,17,0.44,0
dl_703,19,exit_to_Brisbane,19,15,0.44,0
dl_703,18,Wyreema_exit,18,16,0.44,0
dl_703,15,Wyreema_exit,15,13,0.44,0
dl_703,218,Wyreema_exit,216,14,0.44,0
dl_703,16,exit_to_Brisbane,16,13,0.44,0
dl_703,216,Wyreema_exit,216,14,0.44,0
dl_704,10,,,,,
dl_704,27,exit_to_Brisbane,27,21,0.44,0
dl_704,26,Gowrie_exit,26,21,0.44,0
dl_704,25,exit_to_Brisbane,25,20,0.44,0
dl_704,23,Gowrie_exit,23,19,0.44,0
dl_704,21,exit_to_Brisbane,21,17,0.44,0
dl_704,19,exit_to_Brisbane,19,15,0.44,0
dl_704,18,Wyreema_exit,18,16,0.44,0
dl_704,15,Wyreema_exit,15,13,0.44,0
dl_704,218,Wyreema_exit,216,14,0.44,0
dl_704,16,exit_to_Brisbane,16,13,0.44,0
dl_704,216,Wyreema_exit,216,14,0.44,0
dl_705,10,,,,,
dl_705,24,exit_to_Brisbane,24,19,0.44,0
dl_705,23,Gowrie_exit,23,19,0.44,0
dl_705,27,exit_to_Brisbane,27,21,0.44,0
dl_705,26,Gowrie_exit,26,21,0.44,0
dl_705,25,exit_to_Brisbane,25,20,0.44,0
dl_705,19,exit_to_Brisbane,19,15,0.44,0
dl_705,18,Wyreema_exit,18,16,0.44,0
dl_705,15,Wyreema_exit,15,13,0.44,0
dl_705,218,Wyreema_exit,216,14,0.44,0
dl_705,16,exit_to_Brisbane,16,13,0.44,0
dl_705,216,Wyreema_exit,216,14,0.44,0
dl_706,11,,,,,
dl_706,189,exit_to_Brisbane,30,24,0.44,0
dl_706,26,Gowrie_exit,26,21,0.44,0
dl_706,25,exit_to_Brisbane,25,20,0.44,0
dl_706,35,Wyreema_exit,35,28,0.44,0
dl_706,23,Gowrie_exit,23,19,0.44,0
dl_706,21,exit_to_Brisbane,21,17,0.44,0
dl_706,19,exit_to_Brisbane,19,15,0.44,0
dl_706,18,Wyreema_exit,18,16,0.44,0
dl_706,15,Wyreema_exit,15,13,0.44,0
dl_706,218,Wyreema_exit,216,14,0.44,0
dl_706,16,exit_to_Brisbane,16,13,0.44,0
dl_706,216,Wyreema_exit,216,14,0.44,0
dl_707,11,,,,,
dl_707,24,exit_to_Brisbane,24,19,0.44,0
dl_707,23,Gowrie_exit,23,19,0.44,0
dl_707,189,exit_to_Brisbane,30,24,0.44,0
dl_707,26,Gowrie_exit,26,21,0.44,0
dl_707,25,exit_to_Brisbane,25,20,0.44,0
dl_707,35,Wyreema_exit,35,28,0.44,0
dl_707,19,exit_to_Brisbane,19,15,0.44,0
dl_707,18,Wyreema_exit,18,16,0.44,0
dl_707,15,Wyreema_exit,15,13,0.44,0
dl_707,218,Wyreema_exit,216,14,0.44,0
dl_707,16,exit_to_Brisbane,16,13,0.44,0
dl_707,216,Wyreema_exit,216,14,0.44,0
dl_708,11,,,,,
dl_708,24,exit_to_Brisbane,24,19,0.44,0
dl_708,23,Gowrie_exit,23,19,0.44,0
dl_708,21,exit_to_Brisbane,21,17,0.44,0
dl_708,27,exit_to_Brisbane,27,21,0.44,0
dl_708,26,Gowrie_exit,26,21,0.44,0
dl_708,25,exit_to_Brisbane,25,20,0.44,0
dl_708,20,exit_to_Brisbane,20,16,0.44,0
dl_708,15,Wyreema_exit,15,13,0.44,0
dl_708,218,Wyreema_exit,216,14,0.44,0
dl_708,16,exit_to_Brisbane,16,13,0.44,0
dl_708,216,Wyreema_exit,216,14,0.44,0
dl_708,18,Wyreema_exit,18,16,0.44,0
dl_709,8,,,,,
dl_709,24,exit_to_Brisbane,24,19,0.44,0
dl_709,23,Gowrie_exit,23,19,0.44,0
dl_709,21,exit_to_Brisbane,21,17,0.44,0
dl_709,20,exit_to_Brisbane,20,16,0.44,0
dl_709,15,Wyreema_exit,15,13,0.44,0
dl_709,218,Wyreema_exit,216,14,0.44,0
dl_709,16,exit_to_Brisbane,16,13,0.44,0
dl_709,216,Wyreema_exit,216,14,0.44,0
dl_709,18,Wyreema_exit,18,16,0.44,0
dl_710,10,,,,,
dl_710,27,exit_to_Brisbane,27,21,0.44,0
dl_710,26,Gowrie_exit,26,21,0.44,0
dl_710,25,exit_to_Brisbane,25,20,0.44,0
dl_710,23,Gowrie_exit,23,19,0.44,0
dl_710,21,exit_to_Brisbane,21,17,0.44,0
dl_710,20,exit_to_Brisbane,20,16,0.44,0
dl_710,15,Wyreema_exit,15,13,0.44,0
dl_710,218,Wyreema_exit,216,14,0.44,0
dl_710,16,exit_to_Brisbane,16,13,0.44,0
dl_710,216,Wyreema_exit,216,14,0.44,0
dl_710,18,Wyreema_exit,18,16,0.44,0
dl_711,10,,,,,
dl_711,24,exit_to_Brisbane,24,19,0.44,0
dl_711,23,Gowrie_exit,23,19,0.44,0
dl_711,27,exit_to_Brisbane,27,21,0.44,0
dl_711,26,Gowrie_exit,26,21,0.44,0
dl_711,25,exit_to_Brisbane,25,20,0.44,0
dl_711,20,exit_to_Brisbane,20,16,0.44,0
dl_711,15,Wyreema_exit,15,13,0.44,0
dl_711,218,Wyreema_exit,216,14,0.44,0
dl_711,16,exit_to_Brisbane,16,13,0.44,0
dl_711,216,Wyreema_exit,216,14,0.44,0
dl_711,18,Wyreema_exit,18,16,0.44,0
dl_712,11,,,,,
dl_712,189,exit_to_Brisbane,30,24,0.44,0
dl_712,26,Gowrie_exit,26,21,0.44,0
dl_712,25,exit_to_Brisbane,25,20,0.44,0
dl_712,35,Wyreema_exit,35,28,0.44,0
dl_712,23,Gowrie_exit,23,19,0.44,0
dl_712,21,exit_to_Brisbane,21,17,0.44,0
dl_712,20,exit_to_Brisbane,20,16,0.44,0
dl_712,15,Wyreema_exit,15,13,0.44,0
dl_712,218,Wyreema_exit,216,14,0.44,0
dl_712,16,exit_to_Brisbane,16,13,0.44,0
dl_712,216,Wyreema_exit,216,14,0.44,0
dl_712,18,Wyreema_exit,18,16,0.44,0
dl_713,11,,,,,
dl_713,24,exit_to_Brisbane,24,19,0.44,0
dl_713,23,Gowrie_exit,23,19,0.44,0
dl_713,189,exit_to_Brisbane,30,24,0.44,0
dl_713,26,Gowrie_exit,26,21,0.44,0
dl_713,25,exit_to_Brisbane,25,20,0.44,0
dl_713,35,Wyreema_exit,35,28,0.44,0
dl_713,20,exit_to_Brisbane,20,16,0.44,0
dl_713,15,Wyreema_exit,15,13,0.44,0
dl_713,218,Wyreema_exit,216,14,0.44,0
dl_713,16,exit_to_Brisbane,16,13,0.44,0
dl_713,216,Wyreema_exit,216,14,0.44,0
dl_713,18,Wyreema_exit,18,16,0.44,0
dl_714,5,,,,,
dl_714,35,exit_to_Brisbane,35,28,0.44,0
dl_714,26,Gowrie_exit,26,21,0.44,0
dl_714,25,exit_to_Brisbane,25,20,0.44,0
dl_714,23,Gowrie_exit,23,19,0.44,0
dl_714,21,exit_to_Brisbane,21,17,0.44,0
dl_714,20,Wyreema_exit,20,17,0.44,0
dl_715,5,,,,,
dl_715,24,exit_to_Brisbane,24,19,0.44,0
dl_715,23,Gowrie_exit,23,19,0.44,0
dl_715,35,exit_to_Brisbane,35,28,0.44,0
dl_715,26,Gowrie_exit,26,21,0.44,0
dl_715,25,exit_to_Brisbane,25,20,0.44,0
dl_715,20,Wyreema_exit,20,17,0.44,0
dl_716,7,,,,,
dl_716,35,exit_to_Brisbane,35,28,0.44,0
dl_716,26,Gowrie_exit,26,21,0.44,0
dl_716,25,exit_to_Brisbane,25,20,0.44,0
dl_716,23,Gowrie_exit,23,19,0.44,0
dl_716,21,exit_to_Brisbane,21,17,0.44,0
dl_716,19,exit_to_Brisbane,19,15,0.44,0
dl_716,18,Wyreema_exit,18,16,0.44,0
dl_716,17,Wyreema_exit,17,15,0.44,0
dl_717,7,,,,,
dl_717,24,exit_to_Brisbane,24,19,0.44,0
dl_717,23,Gowrie_exit,23,19,0.44,0
dl_717,35,exit_to_Brisbane,35,28,0.44,0
dl_717,26,Gowrie_exit,26,21,0.44,0
dl_717,25,exit_to_Brisbane,25,20,0.44,0
dl_717,19,exit_to_Brisbane,19,15,0.44,0
dl_717,18,Wyreema_exit,18,16,0.44,0
dl_717,17,Wyreema_exit,17,15,0.44,0
dl_718,7,,,,,
dl_718,35,exit_to_Brisbane,35,28,0.44,0
dl_718,26,Gowrie_exit,26,21,0.44,0
dl_718,25,exit_to_Brisbane,25,20,0.44,0
dl_718,23,Gowrie_exit,23,19,0.44,0
dl_718,21,exit_to_Brisbane,21,17,0.44,0
dl_718,20,exit_to_Brisbane,20,16,0.44,0
dl_718,17,Wyreema_exit,17,15,0.44,0
dl_718,18,Wyreema_exit,18,16,0.44,0
dl_719,7,,,,,
dl_719,24,exit_to_Brisbane,24,19,0.44,0
dl_719,23,Gowrie_exit,23,19,0.44,0
dl_719,35,exit_to_Brisbane,35,28,0.44,0
dl_719,26,Gowrie_exit,26,21,0.44,0
dl_719,25,exit_to_Brisbane,25,20,0.44,0
dl_719,20,exit_to_Brisbane,20,16,0.44,0
dl_719,17,Wyreema_exit,17,15,0.44,0
dl_719,18,Wyreema_exit,18,16,0.44,0
dl_720,10,,,,,
dl_720,35,exit_to_Brisbane,35,28,0.44,0
dl_720,26,Gowrie_exit,26,21,0.44,0
dl_720,25,exit_to_Brisbane,25,20,0.44,0
dl_720,23,Gowrie_exit,23,19,0.44,0
dl_720,21,exit_to_Brisbane,21,17,0.44,0
dl_720,19,exit_to_Brisbane,19,15,0.44,0
dl_720,18,Wyreema_exit,18,16,0.44,0
dl_720,15,Wyreema_exit,15,13,0.44,0
dl_720,218,Wyreema_exit,216,14,0.44,0
dl_720,16,exit_to_Brisbane,16,13,0.44,0
dl_720,216,Wyreema_exit,216,14,0.44,0
dl_721,10,,,,,
dl_721,24,exit_to_Brisbane,24,19,0.44,0
dl_721,23,Gowrie_exit,23,19,0.44,0
dl_721,35,exit_to_Brisbane,35,28,0.44,0
dl_721,26,Gowrie_exit,26,21,0.44,0
dl_721,25,exit_to_Brisbane,25,20,0.44,0
dl_721,19,exit_to_Brisbane,19,15,0.44,0
dl_721,18,Wyreema_exit,18,16,0.44,0
dl_721,15,Wyreema_exit,15,13,0.44,0
dl_721,218,Wyreema_exit,216,14,0.44,0
dl_721,16,exit_to_Brisbane,16,13,0.44,0
dl_721,216,Wyreema_exit,216,14,0.44,0
dl_722,10,,,,,
dl_722,35,exit_to_Brisbane,35,28,0.44,0
dl_722,26,Gowrie_exit,26,21,0.44,0
dl_722,25,exit_to_Brisbane,25,20,0.44,0
dl_722,23,Gowrie_exit,23,19,0.44,0
dl_722,21,exit_to_Brisbane,21,17,0.44,0
dl_722,20,exit_to_Brisbane,20,16,0.44,0
dl_722,15,Wyreema_exit,15,13,0.44,0
dl_722,218,Wyreema_exit,216,14,0.44,0
dl_722,16,exit_to_Brisbane,16,13,0.44,0
dl_722,216,Wyreema_exit,216,14,0.44,0
dl_722,18,Wyreema_exit,18,16,0.44,0
dl_723,10,,,,,
dl_723,24,exit_to_Brisbane,24,19,0.44,0
dl_723,23,Gowrie_exit,23,19,0.44,0
dl_723,35,exit_to_Brisbane,35,28,0.44,0
dl_723,26,Gowrie_exit,26,21,0.44,0
dl_723,25,exit_to_Brisbane,25,20,0.44,0
dl_723,20,exit_to_Brisbane,20,16,0.44,0
dl_723,15,Wyreema_exit,15,13,0.44,0
dl_723,218,Wyreema_exit,216,14,0.44,0
dl_723,16,exit_to_Brisbane,16,13,0.44,0
dl_723,216,Wyreema_exit,216,14,0.44,0
dl_723,18,Wyreema_exit,18,16,0.44,0
dl_724,3,,,,,
dl_724,15,exit_to_Brisbane,15,2,0.44,0
dl_724,2,Wyreema_exit,2,2,0.44,0
dl_724,3,exit_to_Brisbane,3,3,0.44,0
dl_724,4,Wyreema_exit,4,3,0.44,0
dl_725,6,,,,,
dl_725,218,Gowrie_exit,216,14,0.44,0
dl_725,16,exit_to_Brisbane,16,13,0.44,0
dl_725,17,exit_to_Brisbane,17,14,0.44,0
dl_725,216,Gowrie_exit,216,14,0.44,0
dl_725,2,Wyreema_exit,2,2,0.44,0
dl_725,3,exit_to_Brisbane,3,3,0.44,0
dl_725,4,Wyreema_exit,4,3,0.44,0
dl_726,6,,,,,
dl_726,15,exit_to_Brisbane,15,2,0.44,0
dl_726,2,Wyreema_exit,2,2,0.44,0
dl_726,218,Gowrie_exit,216,14,0.44,0
dl_726,16,exit_to_Brisbane,16,13,0.44,0
dl_726,17,exit_to_Brisbane,17,14,0.44,0
dl_726,216,Gowrie_exit,216,14,0.44,0
dl_726,4,Wyreema_exit,4,3,0.44,0
dl_727,3,,,,,
dl_727,28,Gowrie_exit,28,23,0.44,0
dl_727,159,Wyreema_exit,159,119,0.44,0
dl_727,158,exit_to_Brisbane,158,119,0.44,0
dl_727,189,exit_to_Brisbane,30,24,0.44,0
dl_728,6,,,,,
dl_728,23,exit_to_Brisbane,23,17,0.44,0
dl_728,22,Wyreema_exit,22,19,0.44,0
dl_728,21,Wyreema_exit,22,19,0.44,0
dl_728,20,Wyreema_exit,20,17,0.44,0
dl_728,26,Gowrie_exit,26,21,0.44,0
dl_728,25,exit_to_Brisbane,25,20,0.44,0
dl_728,35,exit_to_Brisbane,35,28,0.44,0
dl_729,6,,,,,
dl_729,24,Gowrie_exit,24,20,0.44,0
dl_729,27,exit_to_Brisbane,27,21,0.44,0
dl_729,25,exit_to_Brisbane,25,20,0.44,0
dl_729,23,exit_to_Brisbane,23,17,0.44,0
dl_729,22,Wyreema_exit,22,19,0.44,0
dl_729,21,Wyreema_exit,22,19,0.44,0
dl_729,20,Wyreema_exit,20,17,0.44,0
dl_730,6,,,,,
dl_730,24,Gowrie_exit,24,20,0.44,0
dl_730,35,exit_to_Brisbane,35,28,0.44,0
dl_730,25,exit_to_Brisbane,25,20,0.44,0
dl_730,23,exit_to_Brisbane,23,17,0.44,0
dl_730,22,Wyreema_exit,22,19,0.44,0
dl_730,21,Wyreema_exit,22,19,0.44,0
dl_730,20,Wyreema_exit,20,17,0.44,0
dl_731,6,,,,,
dl_731,24,exit_to_Brisbane,24,19,0.44,0
dl_731,20,Wyreema_exit,20,17,0.44,0
dl_731,22,Wyreema_exit,22,19,0.44,0
dl_731,21,Wyreema_exit,22,19,0.44,0
dl_731,26,Gowrie_exit,26,21,0.44,0
dl_731,25,exit_to_Brisbane,25,20,0.44,0
dl_731,35,exit_to_Brisbane,35,28,0.44,0
dl_732,3,,,,,
dl_732,170,Wyreema_exit,170,131,0.44,0
dl_732,171,Gowrie_exit,171,131,0.44,0
dl_732,188,Wyreema_exit,188,146,0.44,0
dl_732,173,exit_to_Brisbane,173,132,0.44,0
dl_733,3,,,,,
dl_733,170,Wyreema_exit,170,131,0.44,0
dl_733,171,Gowrie_exit,171,131,0.44,0
dl_733,35,Wyreema_exit,35,28,0.44,0
dl_733,173,exit_to_Brisbane,173,132,0.44,0
dl_734,5,,,,,
dl_734,26,exit_to_Brisbane,26,20,0.44,0
dl_734,25,exit_to_Brisbane,25,20,0.44,0
dl_734,20,Gowrie_exit,20,17,0.44,0
dl_734,23,exit_to_Brisbane,23,17,0.44,0
dl_734,21,Gowrie_exit,22,19,0.44,0
dl_734,22,Gowrie_exit,22,19,0.44,0
dl_735,4,,,,,
dl_735,27,exit_to_Brisbane,27,21,0.44,0
dl_735,24,Gowrie_exit,24,20,0.44,0
dl_735,25,Gowrie_exit,25,21,0.44,0
dl_735,35,Wyreema_exit,35,28,0.44,0
dl_735,189,exit_to_Brisbane,30,24,0.44,0
dl_736,6,,,,,
dl_736,27,exit_to_Brisbane,27,21,0.44,0
dl_736,26,Wyreema_exit,26,21,0.44,0
dl_736,25,exit_to_Brisbane,25,20,0.44,0
dl_736,23,exit_to_Brisbane,23,17,0.44,0
dl_736,22,Wyreema_exit,22,19,0.44,0
dl_736,20,Gowrie_exit,20,17,0.44,0
dl_736,21,Wyreema_exit,22,19,0.44,0
dl_737,6,,,,,
dl_737,24,exit_to_Brisbane,24,19,0.44,0
dl_737,20,Gowrie_exit,20,17,0.44,0
dl_737,22,Wyreema_exit,22,19,0.44,0
dl_737,27,exit_to_Brisbane,27,21,0.44,0
dl_737,26,Wyreema_exit,26,21,0.44,0
dl_737,25,exit_to_Brisbane,25,20,0.44,0
dl_737,21,Wyreema_exit,22,19,0.44,0
dl_738,4,,,,,
dl_738,27,exit_to_Brisbane,27,21,0.44,0
dl_738,24,Gowrie_exit,24,20,0.44,0
dl_738,25,Gowrie_exit,25,21,0.44,0
dl_738,35,Wyreema_exit,35,28,0.44,0
dl_738,188,exit_to_Brisbane,188,147,0.44,0
dl_739,3,,,,,
dl_739,189,exit_to_Brisbane,30,24,0.44,0
dl_739,28,Gowrie_exit,28,23,0.44,0
dl_739,159,Wyreema_exit,159,119,0.44,0
dl_739,158,Wyreema_exit,158,119,0.44,0
dl_740,5,,,,,
dl_740,157,Gowrie_exit,157,119,0.44,0
dl_740,160,exit_to_Brisbane,160,120,0.44,0
dl_740,158,Wyreema_exit,158,119,0.44,0
dl_740,171,Gowrie_exit,171,131,0.44,0
dl_740,172,Wyreema_exit,172,132,0.44,0
dl_740,173,Gowrie_exit,173,132,0.44,0
dl_741,5,,,,,
dl_741,170,Wyreema_exit,170,131,0.44,0
dl_741,173,Gowrie_exit,173,132,0.44,0
dl_741,172,Gowrie_exit,172,131,0.44,0
dl_741,159,Gowrie_exit,159,120,0.44,0
dl_741,158,Wyreema_exit,158,119,0.44,0
dl_741,160,exit_to_Brisbane,160,120,0.44,0
dl_742,4,,,,,
dl_742,188,Wyreema_exit,188,146,0.44,0
dl_742,173,Gowrie_exit,173,132,0.44,0
dl_742,172,Gowrie_exit,172,131,0.44,0
dl_742,35,Wyreema_exit,35,28,0.44,0
dl_742,189,Wyreema_exit,188,146,0.44,0
dl_743,6,,,,,
dl_743,188,Wyreema_exit,188,146,0.44,0
dl_743,173,Gowrie_exit,173,132,0.44,0
dl_743,172,Gowrie_exit,172,131,0.44,0
dl_743,159,Gowrie_exit,159,120,0.44,0
dl_743,158,Wyreema_exit,158,119,0.44,0
dl_743,160,exit_to_Brisbane,160,120,0.44,0
dl_743,189,Wyreema_exit,188,146,0.44,0
dl_744,5,,,,,
dl_744,35,Wyreema_exit,35,28,0.44,0
dl_744,173,Gowrie_exit,173,132,0.44,0
dl_744,172,Gowrie_exit,172,131,0.44,0
dl_744,159,Gowrie_exit,159,120,0.44,0
dl_744,158,Wyreema_exit,158,119,0.44,0
dl_744,160,exit_to_Brisbane,160,120,0.44,0
dl_745,6,,,,,
dl_745,27,exit_to_Brisbane,27,21,0.44,0
dl_745,26,Wyreema_exit,26,21,0.44,0
dl_745,25,exit_to_Brisbane,25,20,0.44,0
dl_745,23,exit_to_Brisbane,23,17,0.44,0
dl_745,22,Gowrie_exit,22,19,0.44,0
dl_745,21,Gowrie_exit,22,19,0.44,0
dl_745,20,Wyreema_exit,20,17,0.44,0
dl_746,6,,,,,
dl_746,24,exit_to_Brisbane,24,19,0.44,0
dl_746,20,Wyreema_exit,20,17,0.44,0
dl_746,22,Gowrie_exit,22,19,0.44,0
dl_746,27,exit_to_Brisbane,27,21,0.44,0
dl_746,26,Wyreema_exit,26,21,0.44,0
dl_746,25,exit_to_Brisbane,25,20,0.44,0
dl_746,21,Gowrie_exit,22,19,0.44,0
dl_747,4,,,,,
dl_747,189,exit_to_Brisbane,30,24,0.44,0
dl_747,28,Gowrie_exit,28,23,0.44,0
dl_747,159,Wyreema_exit,159,119,0.44,0
dl_747,158,Gowrie_exit,158,120,0.44,0
dl_747,160,exit_to_Brisbane,160,120,0.44,0
dl_748,4,,,,,
dl_748,188,exit_to_Brisbane,188,147,0.44,0
dl_748,28,Gowrie_exit,28,23,0.44,0
dl_748,159,Wyreema_exit,159,119,0.44,0
dl_748,158,Gowrie_exit,158,120,0.44,0
dl_748,160,exit_to_Brisbane,160,120,0.44,0
dl_749,6,,,,,
dl_749,20,exit_to_Brisbane,20,16,0.44,0
dl_749,19,Wyreema_exit,19,16,0.44,0
dl_749,18,exit_to_Brisbane,18,15,0.44,0
dl_749,216,Wyreema_exit,216,14,0.44,0
dl_749,16,exit_to_Brisbane,16,13,0.44,0
dl_749,15,Gowrie_exit,15,13,0.44,0
dl_749,218,Wyreema_exit,216,14,0.44,0
dl_750,4,,,,,
dl_750,170,Wyreema_exit,170,131,0.44,0
dl_750,173,Gowrie_exit,173,132,0.44,0
dl_750,172,Gowrie_exit,172,131,0.44,0
dl_750,159,Wyreema_exit,159,119,0.44,0
dl_750,158,Wyreema_exit,158,119,0.44,0
dl_751,9,,,,,
dl_751,20,exit_to_Brisbane,20,16,0.44,0
dl_751,19,Wyreema_exit,19,16,0.44,0
dl_751,18,exit_to_Brisbane,18,15,0.44,0
dl_751,216,Wyreema_exit,216,14,0.44,0
dl_751,16,exit_to_Brisbane,16,13,0.44,0
dl_751,218,Wyreema_exit,216,14,0.44,0
dl_751,2,exit_to_Brisbane,2,3,0.44,0
dl_751,1,Gowrie_exit,1,2,0.44,0
dl_751,4,Wyreema_exit,4,3,0.44,0
dl_751,3,Gowrie_exit,1,2,0.44,0
dl_752,9,,,,,
dl_752,20,exit_to_Brisbane,20,16,0.44,0
dl_752,19,Wyreema_exit,19,16,0.44,0
dl_752,18,exit_to_Brisbane,18,15,0.44,0
dl_752,15,exit_to_Brisbane,15,2,0.44,0
dl_752,4,Wyreema_exit,4,3,0.44,0
dl_752,1,Gowrie_exit,1,2,0.44,0
dl_752,216,Wyreema_exit,216,14,0.44,0
dl_752,16,exit_to_Brisbane,16,13,0.44,0
dl_752,218,Wyreema_exit,216,14,0.44,0
dl_752,3,Gowrie_exit,1,2,0.44,0
dl_753,3,,,,,
dl_753,20,exit_to_Brisbane,20,16,0.44,0
dl_753,19,exit_to_Brisbane,19,15,0.44,0
dl_753,18,Wyreema_exit,18,16,0.44,0
dl_753,17,Gowrie_exit,17,15,0.44,0
dl_754,6,,,,,
dl_754,24,exit_to_Brisbane,24,19,0.44,0
dl_754,23,exit_to_Brisbane,23,17,0.44,0
dl_754,22,Wyreema_exit,22,19,0.44,0
dl_754,21,Wyreema_exit,22,19,0.44,0
dl_754,19,exit_to_Brisbane,19,15,0.44,0
dl_754,18,Wyreema_exit,18,16,0.44,0
dl_754,17,Gowrie_exit,17,15,0.44,0
dl_755,8,,,,,
dl_755,27,exit_to_Brisbane,27,21,0.44,0
dl_755,26,Gowrie_exit,26,21,0.44,0
dl_755,25,exit_to_Brisbane,25,20,0.44,0
dl_755,23,exit_to_Brisbane,23,17,0.44,0
dl_755,22,Wyreema_exit,22,19,0.44,0
dl_755,21,Wyreema_exit,22,19,0.44,0
dl_755,19,exit_to_Brisbane,19,15,0.44,0
dl_755,18,Wyreema_exit,18,16,0.44,0
dl_755,17,Gowrie_exit,17,15,0.44,0
dl_756,8,,,,,
dl_756,27,exit_to_Brisbane,27,21,0.44,0
dl_756,26,Gowrie_exit,26,21,0.44,0
dl_756,25,exit_to_Brisbane,25,20,0.44,0
dl_756,24,exit_to_Brisbane,24,19,0.44,0
dl_756,19,exit_to_Brisbane,19,15,0.44,0
dl_756,18,Wyreema_exit,18,16,0.44,0
dl_756,17,Gowrie_exit,17,15,0.44,0
dl_756,22,Wyreema_exit,22,19,0.44,0
dl_756,21,Wyreema_exit,22,19,0.44,0
dl_757,7,,,,,
dl_757,35,Wyreema_exit,35,28,0.44,0
dl_757,189,exit_to_Brisbane,30,24,0.44,0
dl_757,26,Gowrie_exit,26,21,0.44,0
dl_757,25,exit_to_Brisbane,25,20,0.44,0
dl_757,23,exit_to_Brisbane,23,17,0.44,0
dl_757,22,Wyreema_exit,22,19,0.44,0
dl_757,21,Wyreema_exit,22,19,0.44,0
dl_757,20,Wyreema_exit,20,17,0.44,0
dl_758,7,,,,,
dl_758,35,Wyreema_exit,35,28,0.44,0
dl_758,189,exit_to_Brisbane,30,24,0.44,0
dl_758,24,exit_to_Brisbane,24,19,0.44,0
dl_758,20,Wyreema_exit,20,17,0.44,0
dl_758,22,Wyreema_exit,22,19,0.44,0
dl_758,26,Gowrie_exit,26,21,0.44,0
dl_758,25,exit_to_Brisbane,25,20,0.44,0
dl_758,21,Wyreema_exit,22,19,0.44,0
dl_759,9,,,,,
dl_759,35,Wyreema_exit,35,28,0.44,0
dl_759,189,exit_to_Brisbane,30,24,0.44,0
dl_759,26,Gowrie_exit,26,21,0.44,0
dl_759,25,exit_to_Brisbane,25,20,0.44,0
dl_759,23,exit_to_Brisbane,23,17,0.44,0
dl_759,22,Wyreema_exit,22,19,0.44,0
dl_759,21,Wyreema_exit,22,19,0.44,0
dl_759,19,exit_to_Brisbane,19,15,0.44,0
dl_759,18,Wyreema_exit,18,16,0.44,0
dl_759,17,Gowrie_exit,17,15,0.44,0
dl_760,9,,,,,
dl_760,35,Wyreema_exit,35,28,0.44,0
dl_760,189,exit_to_Brisbane,30,24,0.44,0
dl_760,26,Gowrie_exit,26,21,0.44,0
dl_760,25,exit_to_Brisbane,25,20,0.44,0
dl_760,24,exit_to_Brisbane,24,19,0.44,0
dl_760,19,exit_to_Brisbane,19,15,0.44,0
dl_760,18,Wyreema_exit,18,16,0.44,0
dl_760,17,Gowrie_exit,17,15,0.44,0
dl_760,22,Wyreema_exit,22,19,0.44,0
dl_760,21,Wyreema_exit,22,19,0.44,0
dl_761,2,,,,,
dl_761,20,exit_to_Brisbane,20,16,0.44,0
dl_761,19,Gowrie_exit,19,16,0.44,0
dl_761,18,Wyreema_exit,18,16,0.44,0
dl_762,6,,,,,
dl_762,24,exit_to_Brisbane,24,19,0.44,0
dl_762,23,exit_to_Brisbane,23,17,0.44,0
dl_762,22,Wyreema_exit,22,19,0.44,0
dl_762,20,exit_to_Brisbane,20,16,0.44,0
dl_762,17,Gowrie_exit,17,15,0.44,0
dl_762,18,Wyreema_exit,18,16,0.44,0
dl_762,21,Wyreema_exit,22,19,0.44,0
dl_763,8,,,,,
dl_763,27,exit_to_Brisbane,27,21,0.44,0
dl_763,26,Gowrie_exit,26,21,0.44,0
dl_763,25,exit_to_Brisbane,25,20,0.44,0
dl_763,23,exit_to_Brisbane,23,17,0.44,0
dl_763,22,Wyreema_exit,22,19,0.44,0
dl_763,20,exit_to_Brisbane,20,16,0.44,0
dl_763,17,Gowrie_exit,17,15,0.44,0
dl_763,18,Wyreema_exit,18,16,0.44,0
dl_763,21,Wyreema_exit,22,19,0.44,0
dl_764,8,,,,,
dl_764,27,exit_to_Brisbane,27,21,0.44,0
dl_764,26,Gowrie_exit,26,21,0.44,0
dl_764,25,exit_to_Brisbane,25,20,0.44,0
dl_764,24,exit_to_Brisbane,24,19,0.44,0
dl_764,20,exit_to_Brisbane,20,16,0.44,0
dl_764,22,Wyreema_exit,22,19,0.44,0
dl_764,17,Gowrie_exit,17,15,0.44,0
dl_764,18,Wyreema_exit,18,16,0.44,0
dl_764,21,Wyreema_exit,22,19,0.44,0
dl_765,9,,,,,
dl_765,35,Wyreema_exit,35,28,0.44,0
dl_765,189,exit_to_Brisbane,30,24,0.44,0
dl_765,26,Gowrie_exit,26,21,0.44,0
dl_765,25,exit_to_Brisbane,25,20,0.44,0
dl_765,23,exit_to_Brisbane,23,17,0.44,0
dl_765,22,Wyreema_exit,22,19,0.44,0
dl_765,20,exit_to_Brisbane,20,16,0.44,0
dl_765,17,Gowrie_exit,17,15,0.44,0
dl_765,18,Wyreema_exit,18,16,0.44,0
dl_765,21,Wyreema_exit,22,19,0.44,0
dl_766,9,,,,,
dl_766,35,Wyreema_exit,35,28,0.44,0
dl_766,189,exit_to_Brisbane,30,24,0.44,0
dl_766,26,Gowrie_exit,26,21,0.44,0
dl_766,25,exit_to_Brisbane,25,20,0.44,0
dl_766,24,exit_to_Brisbane,24,19,0.44,0
dl_766,20,exit_to_Brisbane,20,16,0.44,0
dl_766,22,Wyreema_exit,22,19,0.44,0
dl_766,17,Gowrie_exit,17,15,0.44,0
dl_766,18,Wyreema_exit,18,16,0.44,0
dl_766,21,Wyreema_exit,22,19,0.44,0
dl_767,7,,,,,
dl_767,27,exit_to_Brisbane,27,21,0.44,0
dl_767,26,Gowrie_exit,26,21,0.44,0
dl_767,35,Wyreema_exit,35,28,0.44,0
dl_767,189,exit_to_Brisbane,30,24,0.44,0
dl_767,23,exit_to_Brisbane,23,17,0.44,0
dl_767,22,Wyreema_exit,22,19,0.44,0
dl_767,21,Wyreema_exit,22,19,0.44,0
dl_767,20,Wyreema_exit,20,17,0.44,0
dl_768,7,,,,,
dl_768,27,exit_to_Brisbane,27,21,0.44,0
dl_768,26,Gowrie_exit,26,21,0.44,0
dl_768,35,Wyreema_exit,35,28,0.44,0
dl_768,189,exit_to_Brisbane,30,24,0.44,0
dl_768,24,exit_to_Brisbane,24,19,0.44,0
dl_768,20,Wyreema_exit,20,17,0.44,0
dl_768,22,Wyreema_exit,22,19,0.44,0
dl_768,21,Wyreema_exit,22,19,0.44,0
dl_769,9,,,,,
dl_769,27,exit_to_Brisbane,27,21,0.44,0
dl_769,26,Gowrie_exit,26,21,0.44,0
dl_769,35,Wyreema_exit,35,28,0.44,0
dl_769,189,exit_to_Brisbane,30,24,0.44,0
dl_769,23,exit_to_Brisbane,23,17,0.44,0
dl_769,22,Wyreema_exit,22,19,0.44,0
dl_769,21,Wyreema_exit,22,19,0.44,0
dl_769,19,exit_to_Brisbane,19,15,0.44,0
dl_769,18,Wyreema_exit,18,16,0.44,0
dl_769,17,Gowrie_exit,17,15,0.44,0
dl_770,9,,,,,
dl_770,27,exit_to_Brisbane,27,21,0.44,0
dl_770,26,Gowrie_exit,26,21,0.44,0
dl_770,35,Wyreema_exit,35,28,0.44,0
dl_770,189,exit_to_Brisbane,30,24,0.44,0
dl_770,24,exit_to_Brisbane,24,19,0.44,0
dl_770,19,exit_to_Brisbane,19,15,0.44,0
dl_770,18,Wyreema_exit,18,16,0.44,0
dl_770,17,Gowrie_exit,17,15,0.44,0
dl_770,22,Wyreema_exit,22,19,0.44,0
dl_770,21,Wyreema_exit,22,19,0.44,0
dl_771,9,,,,,
dl_771,27,exit_to_Brisbane,27,21,0.44,0
dl_771,26,Gowrie_exit,26,21,0.44,0
dl_771,35,Wyreema_exit,35,28,0.44,0
dl_771,189,exit_to_Brisbane,30,24,0.44,0
dl_771,23,exit_to_Brisbane,23,17,0.44,0
dl_771,22,Wyreema_exit,22,19,0.44,0
dl_771,20,exit_to_Brisbane,20,16,0.44,0
dl_771,17,Gowrie_exit,17,15,0.44,0
dl_771,18,Wyreema_exit,18,16,0.44,0
dl_771,21,Wyreema_exit,22,19,0.44,0
dl_772,9,,,,,
dl_772,27,exit_to_Brisbane,27,21,0.44,0
dl_772,26,Gowrie_exit,26,21,0.44,0
dl_772,35,Wyreema_exit,35,28,0.44,0
dl_772,189,exit_to_Brisbane,30,24,0.44,0
dl_772,24,exit_to_Brisbane,24,19,0.44,0
dl_772,20,exit_to_Brisbane,20,16,0.44,0
dl_772,22,Wyreema_exit,22,19,0.44,0
dl_772,17,Gowrie_exit,17,15,0.44,0
dl_772,18,Wyreema_exit,18,16,0.44,0
dl_772,21,Wyreema_exit,22,19,0.44,0
dl_773,5,,,,,
dl_773,35,Gowrie_exit,35,29,0.44,0
dl_773,160,Wyreema_exit,160,120,0.44,0
dl_773,158,exit_to_Brisbane,158,119,0.44,0
dl_773,26,exit_to_Brisbane,26,20,0.44,0
dl_773,25,Gowrie_exit,25,21,0.44,0
dl_773,24,Gowrie_exit,24,20,0.44,0
dl_774,6,,,,,
dl_774,24,Gowrie_exit,24,20,0.44,0
dl_774,27,exit_to_Brisbane,27,21,0.44,0
dl_774,25,exit_to_Brisbane,25,20,0.44,0
dl_774,20,Gowrie_exit,20,17,0.44,0
dl_774,23,exit_to_Brisbane,23,17,0.44,0
dl_774,21,Gowrie_exit,22,19,0.44,0
dl_774,22,Gowrie_exit,22,19,0.44,0
dl_775,6,,,,,
dl_775,24,Gowrie_exit,24,20,0.44,0
dl_775,27,exit_to_Brisbane,27,21,0.44,0
dl_775,25,exit_to_Brisbane,25,20,0.44,0
dl_775,23,exit_to_Brisbane,23,17,0.44,0
dl_775,22,Gowrie_exit,22,19,0.44,0
dl_775,21,Gowrie_exit,22,19,0.44,0
dl_775,20,Wyreema_exit,20,17,0.44,0
dl_776,9,,,,,
dl_776,24,exit_to_Brisbane,24,19,0.44,0
dl_776,23,exit_to_Brisbane,23,17,0.44,0
dl_776,22,Gowrie_exit,22,19,0.44,0
dl_776,21,Gowrie_exit,22,19,0.44,0
dl_776,19,exit_to_Brisbane,19,15,0.44,0
dl_776,18,Wyreema_exit,18,16,0.44,0
dl_776,17,Wyreema_exit,17,15,0.44,0
dl_776,26,Gowrie_exit,26,21,0.44,0
dl_776,25,exit_to_Brisbane,25,20,0.44,0
dl_776,27,exit_to_Brisbane,27,21,0.44,0
dl_777,9,,,,,
dl_777,24,exit_to_Brisbane,24,19,0.44,0
dl_777,23,exit_to_Brisbane,23,17,0.44,0
dl_777,22,Gowrie_exit,22,19,0.44,0
dl_777,21,Gowrie_exit,22,19,0.44,0
dl_777,19,exit_to_Brisbane,19,15,0.44,0
dl_777,18,Wyreema_exit,18,16,0.44,0
dl_777,17,Wyreema_exit,17,15,0.44,0
dl_777,26,Gowrie_exit,26,21,0.44,0
dl_777,25,exit_to_Brisbane,25,20,0.44,0
dl_777,35,exit_to_Brisbane,35,28,0.44,0
dl_778,9,,,,,
dl_778,24,exit_to_Brisbane,24,19,0.44,0
dl_778,23,exit_to_Brisbane,23,17,0.44,0
dl_778,22,Gowrie_exit,22,19,0.44,0
dl_778,21,Gowrie_exit,22,19,0.44,0
dl_778,19,exit_to_Brisbane,19,15,0.44,0
dl_778,18,Wyreema_exit,18,16,0.44,0
dl_778,17,Wyreema_exit,17,15,0.44,0
dl_778,27,exit_to_Brisbane,27,21,0.44,0
dl_778,26,Gowrie_exit,26,21,0.44,0
dl_778,35,exit_to_Brisbane,35,28,0.44,0
dl_779,9,,,,,
dl_779,27,exit_to_Brisbane,27,21,0.44,0
dl_779,26,Gowrie_exit,26,21,0.44,0
dl_779,25,exit_to_Brisbane,25,20,0.44,0
dl_779,23,exit_to_Brisbane,23,17,0.44,0
dl_779,22,Gowrie_exit,22,19,0.44,0
dl_779,21,Gowrie_exit,22,19,0.44,0
dl_779,19,exit_to_Brisbane,19,15,0.44,0
dl_779,18,Wyreema_exit,18,16,0.44,0
dl_779,17,Wyreema_exit,17,15,0.44,0
dl_779,35,exit_to_Brisbane,35,28,0.44,0
dl_780,9,,,,,
dl_780,24,exit_to_Brisbane,24,19,0.44,0
dl_780,22,Gowrie_exit,22,19,0.44,0
dl_780,27,exit_to_Brisbane,27,21,0.44,0
dl_780,26,Gowrie_exit,26,21,0.44,0
dl_780,25,exit_to_Brisbane,25,20,0.44,0
dl_780,21,Gowrie_exit,22,19,0.44,0
dl_780,19,exit_to_Brisbane,19,15,0.44,0
dl_780,18,Wyreema_exit,18,16,0.44,0
dl_780,17,Wyreema_exit,17,15,0.44,0
dl_780,35,exit_to_Brisbane,35,28,0.44,0
dl_781,10,,,,,
dl_781,24,exit_to_Brisbane,24,19,0.44,0
dl_781,23,exit_to_Brisbane,23,17,0.44,0
dl_781,22,Gowrie_exit,22,19,0.44,0
dl_781,21,Gowrie_exit,22,19,0.44,0
dl_781,19,exit_to_Brisbane,19,15,0.44,0
dl_781,18,Wyreema_exit,18,16,0.44,0
dl_781,17,Wyreema_exit,17,15,0.44,0
dl_781,26,Gowrie_exit,26,21,0.44,0
dl_781,25,exit_to_Brisbane,25,20,0.44,0
dl_781,35,Wyreema_exit,35,28,0.44,0
dl_781,189,exit_to_Brisbane,30,24,0.44,0
dl_782,6,,,,,
dl_782,24,exit_to_Brisbane,24,19,0.44,0
dl_782,23,exit_to_Brisbane,23,17,0.44,0
dl_782,22,Gowrie_exit,22,19,0.44,0
dl_782,21,Gowrie_exit,22,19,0.44,0
dl_782,19,exit_to_Brisbane,19,15,0.44,0
dl_782,18,Wyreema_exit,18,16,0.44,0
dl_782,17,Wyreema_exit,17,15,0.44,0
dl_783,8,,,,,
dl_783,27,exit_to_Brisbane,27,21,0.44,0
dl_783,26,Gowrie_exit,26,21,0.44,0
dl_783,25,exit_to_Brisbane,25,20,0.44,0
dl_783,23,exit_to_Brisbane,23,17,0.44,0
dl_783,22,Gowrie_exit,22,19,0.44,0
dl_783,21,Gowrie_exit,22,19,0.44,0
dl_783,19,exit_to_Brisbane,19,15,0.44,0
dl_783,18,Wyreema_exit,18,16,0.44,0
dl_783,17,Wyreema_exit,17,15,0.44,0
dl_784,8,,,,,
dl_784,24,exit_to_Brisbane,24,19,0.44,0
dl_784,22,Gowrie_exit,22,19,0.44,0
dl_784,27,exit_to_Brisbane,27,21,0.44,0
dl_784,26,Gowrie_exit,26,21,0.44,0
dl_784,25,exit_to_Brisbane,25,20,0.44,0
dl_784,21,Gowrie_exit,22,19,0.44,0
dl_784,19,exit_to_Brisbane,19,15,0.44,0
dl_784,18,Wyreema_exit,18,16,0.44,0
dl_784,17,Wyreema_exit,17,15,0.44,0
dl_785,8,,,,,
dl_785,35,exit_to_Brisbane,35,28,0.44,0
dl_785,26,Gowrie_exit,26,21,0.44,0
dl_785,25,exit_to_Brisbane,25,20,0.44,0
dl_785,23,exit_to_Brisbane,23,17,0.44,0
dl_785,22,Gowrie_exit,22,19,0.44,0
dl_785,21,Gowrie_exit,22,19,0.44,0
dl_785,19,exit_to_Brisbane,19,15,0.44,0
dl_785,18,Wyreema_exit,18,16,0.44,0
dl_785,17,Wyreema_exit,17,15,0.44,0
dl_786,8,,,,,
dl_786,24,exit_to_Brisbane,24,19,0.44,0
dl_786,22,Gowrie_exit,22,19,0.44,0
dl_786,35,exit_to_Brisbane,35,28,0.44,0
dl_786,26,Gowrie_exit,26,21,0.44,0
dl_786,25,exit_to_Brisbane,25,20,0.44,0
dl_786,21,Gowrie_exit,22,19,0.44,0
dl_786,19,exit_to_Brisbane,19,15,0.44,0
dl_786,18,Wyreema_exit,18,16,0.44,0
dl_786,17,Wyreema_exit,17,15,0.44,0
dl_787,8,,,,,
dl_787,26,Gowrie_exit,26,21,0.44,0
dl_787,35,exit_to_Brisbane,35,28,0.44,0
dl_787,23,exit_to_Brisbane,23,17,0.44,0
dl_787,22,Gowrie_exit,22,19,0.44,0
dl_787,21,Gowrie_exit,22,19,0.44,0
dl_787,27,exit_to_Brisbane,27,21,0.44,0
dl_787,19,exit_to_Brisbane,19,15,0.44,0
dl_787,18,Wyreema_exit,18,16,0.44,0
dl_787,17,Wyreema_exit,17,15,0.44,0
dl_788,8,,,,,
dl_788,26,Gowrie_exit,26,21,0.44,0
dl_788,24,exit_to_Brisbane,24,19,0.44,0
dl_788,22,Gowrie_exit,22,19,0.44,0
dl_788,35,exit_to_Brisbane,35,28,0.44,0
dl_788,21,Gowrie_exit,22,19,0.44,0
dl_788,27,exit_to_Brisbane,27,21,0.44,0
dl_788,19,exit_to_Brisbane,19,15,0.44,0
dl_788,18,Wyreema_exit,18,16,0.44,0
dl_788,17,Wyreema_exit,17,15,0.44,0
dl_789,9,,,,,
dl_789,20,exit_to_Brisbane,20,16,0.44,0
dl_789,17,Wyreema_exit,17,15,0.44,0
dl_789,18,Wyreema_exit,18,16,0.44,0
dl_789,24,exit_to_Brisbane,24,19,0.44,0
dl_789,23,exit_to_Brisbane,23,17,0.44,0
dl_789,22,Gowrie_exit,22,19,0.44,0
dl_789,21,Gowrie_exit,22,19,0.44,0
dl_789,26,Gowrie_exit,26,21,0.44,0
dl_789,25,exit_to_Brisbane,25,20,0.44,0
dl_789,27,exit_to_Brisbane,27,21,0.44,0
dl_790,9,,,,,
dl_790,20,exit_to_Brisbane,20,16,0.44,0
dl_790,17,Wyreema_exit,17,15,0.44,0
dl_790,18,Wyreema_exit,18,16,0.44,0
dl_790,24,exit_to_Brisbane,24,19,0.44,0
dl_790,23,exit_to_Brisbane,23,17,0.44,0
dl_790,22,Gowrie_exit,22,19,0.44,0
dl_790,21,Gowrie_exit,22,19,0.44,0
dl_790,26,Gowrie_exit,26,21,0.44,0
dl_790,25,exit_to_Brisbane,25,20,0.44,0
dl_790,35,exit_to_Brisbane,35,28,0.44,0
dl_791,9,,,,,
dl_791,20,exit_to_Brisbane,20,16,0.44,0
dl_791,17,Wyreema_exit,17,15,0.44,0
dl_791,18,Wyreema_exit,18,16,0.44,0
dl_791,24,exit_to_Brisbane,24,19,0.44,0
dl_791,23,exit_to_Brisbane,23,17,0.44,0
dl_791,22,Gowrie_exit,22,19,0.44,0
dl_791,21,Gowrie_exit,22,19,0.44,0
dl_791,27,exit_to_Brisbane,27,21,0.44,0
dl_791,26,Gowrie_exit,26,21,0.44,0
dl_791,35,exit_to_Brisbane,35,28,0.44,0
dl_792,9,,,,,
dl_792,20,exit_to_Brisbane,20,16,0.44,0
dl_792,17,Wyreema_exit,17,15,0.44,0
dl_792,18,Wyreema_exit,18,16,0.44,0
dl_792,27,exit_to_Brisbane,27,21,0.44,0
dl_792,26,Gowrie_exit,26,21,0.44,0
dl_792,25,exit_to_Brisbane,25,20,0.44,0
dl_792,23,exit_to_Brisbane,23,17,0.44,0
dl_792,22,Gowrie_exit,22,19,0.44,0
dl_792,21,Gowrie_exit,22,19,0.44,0
dl_792,35,exit_to_Brisbane,35,28,0.44,0
dl_793,9,,,,,
dl_793,20,exit_to_Brisbane,20,16,0.44,0
dl_793,17,Wyreema_exit,17,15,0.44,0
dl_793,18,Wyreema_exit,18,16,0.44,0
dl_793,24,exit_to_Brisbane,24,19,0.44,0
dl_793,22,Gowrie_exit,22,19,0.44,0
dl_793,27,exit_to_Brisbane,27,21,0.44,0
dl_793,26,Gowrie_exit,26,21,0.44,0
dl_793,25,exit_to_Brisbane,25,20,0.44,0
dl_793,21,Gowrie_exit,22,19,0.44,0
dl_793,35,exit_to_Brisbane,35,28,0.44,0
dl_794,10,,,,,
dl_794,20,exit_to_Brisbane,20,16,0.44,0
dl_794,17,Wyreema_exit,17,15,0.44,0
dl_794,18,Wyreema_exit,18,16,0.44,0
dl_794,24,exit_to_Brisbane,24,19,0.44,0
dl_794,23,exit_to_Brisbane,23,17,0.44,0
dl_794,22,Gowrie_exit,22,19,0.44,0
dl_794,21,Gowrie_exit,22,19,0.44,0
dl_794,26,Gowrie_exit,26,21,0.44,0
dl_794,25,exit_to_Brisbane,25,20,0.44,0
dl_794,35,Wyreema_exit,35,28,0.44,0
dl_794,189,exit_to_Brisbane,30,24,0.44,0
dl_795,6,,,,,
dl_795,20,exit_to_Brisbane,20,16,0.44,0
dl_795,17,Wyreema_exit,17,15,0.44,0
dl_795,18,Wyreema_exit,18,16,0.44,0
dl_795,24,exit_to_Brisbane,24,19,0.44,0
dl_795,23,exit_to_Brisbane,23,17,0.44,0
dl_795,22,Gowrie_exit,22,19,0.44,0
dl_795,21,Gowrie_exit,22,19,0.44,0
dl_796,8,,,,,
dl_796,20,exit_to_Brisbane,20,16,0.44,0
dl_796,17,Wyreema_exit,17,15,0.44,0
dl_796,18,Wyreema_exit,18,16,0.44,0
dl_796,27,exit_to_Brisbane,27,21,0.44,0
dl_796,26,Gowrie_exit,26,21,0.44,0
dl_796,25,exit_to_Brisbane,25,20,0.44,0
dl_796,23,exit_to_Brisbane,23,17,0.44,0
dl_796,22,Gowrie_exit,22,19,0.44,0
dl_796,21,Gowrie_exit,22,19,0.44,0
dl_797,8,,,,,
dl_797,20,exit_to_Brisbane,20,16,0.44,0
dl_797,17,Wyreema_exit,17,15,0.44,0
dl_797,18,Wyreema_exit,18,16,0.44,0
dl_797,24,exit_to_Brisbane,24,19,0.44,0
dl_797,22,Gowrie_exit,22,19,0.44,0
dl_797,27,exit_to_Brisbane,27,21,0.44,0
dl_797,26,Gowrie_exit,26,21,0.44,0
dl_797,25,exit_to_Brisbane,25,20,0.44,0
dl_797,21,Gowrie_exit,22,19,0.44,0
dl_798,8,,,,,
dl_798,20,exit_to_Brisbane,20,16,0.44,0
dl_798,17,Wyreema_exit,17,15,0.44,0
dl_798,18,Wyreema_exit,18,16,0.44,0
dl_798,35,exit_to_Brisbane,35,28,0.44,0
dl_798,26,Gowrie_exit,26,21,0.44,0
dl_798,25,exit_to_Brisbane,25,20,0.44,0
dl_798,23,exit_to_Brisbane,23,17,0.44,0
dl_798,22,Gowrie_exit,22,19,0.44,0
dl_798,21,Gowrie_exit,22,19,0.44,0
dl_799,8,,,,,
dl_799,20,exit_to_Brisbane,20,16,0.44,0
dl_799,17,Wyreema_exit,17,15,0.44,0
dl_799,18,Wyreema_exit,18,16,0.44,0
dl_799,24,exit_to_Brisbane,24,19,0.44,0
dl_799,22,Gowrie_exit,22,19,0.44,0
dl_799,35,exit_to_Brisbane,35,28,0.44,0
dl_799,26,Gowrie_exit,26,21,0.44,0
dl_799,25,exit_to_Brisbane,25,20,0.44,0
dl_799,21,Gowrie_exit,22,19,0.44,0
dl_800,8,,,,,
dl_800,20,exit_to_Brisbane,20,16,0.44,0
dl_800,17,Wyreema_exit,17,15,0.44,0
dl_800,18,Wyreema_exit,18,16,0.44,0
dl_800,26,Gowrie_exit,26,21,0.44,0
dl_800,35,exit_to_Brisbane,35,28,0.44,0
dl_800,23,exit_to_Brisbane,23,17,0.44,0
dl_800,22,Gowrie_exit,22,19,0.44,0
dl_800,21,Gowrie_exit,22,19,0.44,0
dl_800,27,exit_to_Brisbane,27,21,0.44,0
dl_801,8,,,,,
dl_801,20,exit_to_Brisbane,20,16,0.44,0
dl_801,17,Wyreema_exit,17,15,0.44,0
dl_801,18,Wyreema_exit,18,16,0.44,0
dl_801,26,Gowrie_exit,26,21,0.44,0
dl_801,24,exit_to_Brisbane,24,19,0.44,0
dl_801,22,Gowrie_exit,22,19,0.44,0
dl_801,35,exit_to_Brisbane,35,28,0.44,0
dl_801,21,Gowrie_exit,22,19,0.44,0
dl_801,27,exit_to_Brisbane,27,21,0.44,0
dl_802,4,,,,,
dl_802,23,Wyreema_exit,23,19,0.44,0
dl_802,22,Gowrie_exit,22,19,0.44,0
dl_802,27,exit_to_Brisbane,27,21,0.44,0
dl_802,26,Gowrie_exit,26,21,0.44,0
dl_802,25,exit_to_Brisbane,25,20,0.44,0
dl_803,6,,,,,
dl_803,26,Gowrie_exit,26,21,0.44,0
dl_803,20,Wyreema_exit,20,17,0.44,0
dl_803,22,Gowrie_exit,22,19,0.44,0
dl_803,35,exit_to_Brisbane,35,28,0.44,0
dl_803,21,Gowrie_exit,22,19,0.44,0
dl_803,27,exit_to_Brisbane,27,21,0.44,0
dl_803,25,exit_to_Brisbane,25,20,0.44,0
dl_804,8,,,,,
dl_804,26,Gowrie_exit,26,21,0.44,0
dl_804,22,Gowrie_exit,22,19,0.44,0
dl_804,35,exit_to_Brisbane,35,28,0.44,0
dl_804,21,Gowrie_exit,22,19,0.44,0
dl_804,27,exit_to_Brisbane,27,21,0.44,0
dl_804,19,exit_to_Brisbane,19,15,0.44,0
dl_804,18,Wyreema_exit,18,16,0.44,0
dl_804,17,Wyreema_exit,17,15,0.44,0
dl_804,25,exit_to_Brisbane,25,20,0.44,0
dl_805,8,,,,,
dl_805,20,exit_to_Brisbane,20,16,0.44,0
dl_805,17,Wyreema_exit,17,15,0.44,0
dl_805,18,Wyreema_exit,18,16,0.44,0
dl_805,26,Gowrie_exit,26,21,0.44,0
dl_805,22,Gowrie_exit,22,19,0.44,0
dl_805,35,exit_to_Brisbane,35,28,0.44,0
dl_805,21,Gowrie_exit,22,19,0.44,0
dl_805,27,exit_to_Brisbane,27,21,0.44,0
dl_805,25,exit_to_Brisbane,25,20,0.44,0
dl_806,4,,,,,
dl_806,24,Gowrie_exit,24,20,0.44,0
dl_806,27,exit_to_Brisbane,27,21,0.44,0
dl_806,25,exit_to_Brisbane,25,20,0.44,0
dl_806,23,Wyreema_exit,23,19,0.44,0
dl_806,22,Gowrie_exit,22,19,0.44,0
dl_807,6,,,,,
dl_807,24,Gowrie_exit,24,20,0.44,0
dl_807,27,exit_to_Brisbane,27,21,0.44,0
dl_807,25,exit_to_Brisbane,25,20,0.44,0
dl_807,20,Wyreema_exit,20,17,0.44,0
dl_807,22,Gowrie_exit,22,19,0.44,0
dl_807,35,exit_to_Brisbane,35,28,0.44,0
dl_807,21,Gowrie_exit,22,19,0.44,0
dl_808,8,,,,,
dl_808,24,Gowrie_exit,24,20,0.44,0
dl_808,27,exit_to_Brisbane,27,21,0.44,0
dl_808,25,exit_to_Brisbane,25,20,0.44,0
dl_808,22,Gowrie_exit,22,19,0.44,0
dl_808,35,exit_to_Brisbane,35,28,0.44,0
dl_808,21,Gowrie_exit,22,19,0.44,0
dl_808,19,exit_to_Brisbane,19,15,0.44,0
dl_808,18,Wyreema_exit,18,16,0.44,0
dl_808,17,Wyreema_exit,17,15,0.44,0
dl_809,8,,,,,
dl_809,24,Gowrie_exit,24,20,0.44,0
dl_809,27,exit_to_Brisbane,27,21,0.44,0
dl_809,25,exit_to_Brisbane,25,20,0.44,0
dl_809,20,exit_to_Brisbane,20,16,0.44,0
dl_809,17,Wyreema_exit,17,15,0.44,0
dl_809,18,Wyreema_exit,18,16,0.44,0
dl_809,22,Gowrie_exit,22,19,0.44,0
dl_809,35,exit_to_Brisbane,35,28,0.44,0
dl_809,21,Gowrie_exit,22,19,0.44,0
dl_810,4,,,,,
dl_810,189,exit_to_Brisbane,30,24,0.44,0
dl_810,27,exit_to_Brisbane,27,21,0.44,0
dl_810,26,Gowrie_exit,26,21,0.44,0
dl_810,24,Gowrie_exit,24,20,0.44,0
dl_810,35,Wyreema_exit,35,28,0.44,0
dl_811,7,,,,,
dl_811,189,exit_to_Brisbane,30,24,0.44,0
dl_811,27,exit_to_Brisbane,27,21,0.44,0
dl_811,26,Gowrie_exit,26,21,0.44,0
dl_811,35,Wyreema_exit,35,28,0.44,0
dl_811,23,exit_to_Brisbane,23,17,0.44,0
dl_811,22,Gowrie_exit,22,19,0.44,0
dl_811,21,Gowrie_exit,22,19,0.44,0
dl_811,20,Wyreema_exit,20,17,0.44,0
dl_812,7,,,,,
dl_812,189,exit_to_Brisbane,30,24,0.44,0
dl_812,27,exit_to_Brisbane,27,21,0.44,0
dl_812,24,exit_to_Brisbane,24,19,0.44,0
dl_812,20,Wyreema_exit,20,17,0.44,0
dl_812,22,Gowrie_exit,22,19,0.44,0
dl_812,26,Gowrie_exit,26,21,0.44,0
dl_812,35,Wyreema_exit,35,28,0.44,0
dl_812,21,Gowrie_exit,22,19,0.44,0
dl_813,9,,,,,
dl_813,189,exit_to_Brisbane,30,24,0.44,0
dl_813,26,Gowrie_exit,26,21,0.44,0
dl_813,25,exit_to_Brisbane,25,20,0.44,0
dl_813,23,exit_to_Brisbane,23,17,0.44,0
dl_813,22,Gowrie_exit,22,19,0.44,0
dl_813,21,Gowrie_exit,22,19,0.44,0
dl_813,35,Wyreema_exit,35,28,0.44,0
dl_813,19,exit_to_Brisbane,19,15,0.44,0
dl_813,18,Wyreema_exit,18,16,0.44,0
dl_813,17,Wyreema_exit,17,15,0.44,0
dl_814,9,,,,,
dl_814,189,exit_to_Brisbane,30,24,0.44,0
dl_814,24,exit_to_Brisbane,24,19,0.44,0
dl_814,22,Gowrie_exit,22,19,0.44,0
dl_814,26,Gowrie_exit,26,21,0.44,0
dl_814,25,exit_to_Brisbane,25,20,0.44,0
dl_814,21,Gowrie_exit,22,19,0.44,0
dl_814,35,Wyreema_exit,35,28,0.44,0
dl_814,19,exit_to_Brisbane,19,15,0.44,0
dl_814,18,Wyreema_exit,18,16,0.44,0
dl_814,17,Wyreema_exit,17,15,0.44,0
dl_815,9,,,,,
dl_815,189,exit_to_Brisbane,30,24,0.44,0
dl_815,27,exit_to_Brisbane,27,21,0.44,0
dl_815,26,Gowrie_exit,26,21,0.44,0
dl_815,35,Wyreema_exit,35,28,0.44,0
dl_815,23,exit_to_Brisbane,23,17,0.44,0
dl_815,22,Gowrie_exit,22,19,0.44,0
dl_815,21,Gowrie_exit,22,19,0.44,0
dl_815,19,exit_to_Brisbane,19,15,0.44,0
dl_815,18,Wyreema_exit,18,16,0.44,0
dl_815,17,Wyreema_exit,17,15,0.44,0
dl_816,9,,,,,
dl_816,189,exit_to_Brisbane,30,24,0.44,0
dl_816,27,exit_to_Brisbane,27,21,0.44,0
dl_816,24,exit_to_Brisbane,24,19,0.44,0
dl_816,22,Gowrie_exit,22,19,0.44,0
dl_816,26,Gowrie_exit,26,21,0.44,0
dl_816,35,Wyreema_exit,35,28,0.44,0
dl_816,21,Gowrie_exit,22,19,0.44,0
dl_816,19,exit_to_Brisbane,19,15,0.44,0
dl_816,18,Wyreema_exit,18,16,0.44,0
dl_816,17,Wyreema_exit,17,15,0.44,0
dl_817,8,,,,,
dl_817,26,Gowrie_exit,26,21,0.44,0
dl_817,25,exit_to_Brisbane,25,20,0.44,0
dl_817,24,Gowrie_exit,24,20,0.44,0
dl_817,159,Wyreema_exit,159,119,0.44,0
dl_817,158,exit_to_Brisbane,158,119,0.44,0
dl_817,189,exit_to_Brisbane,30,24,0.44,0
dl_817,20,Wyreema_exit,20,17,0.44,0
dl_817,23,exit_to_Brisbane,23,17,0.44,0
dl_817,21,Wyreema_exit,22,19,0.44,0
dl_818,5,,,,,
dl_818,26,Gowrie_exit,26,21,0.44,0
dl_818,25,exit_to_Brisbane,25,20,0.44,0
dl_818,24,Gowrie_exit,24,20,0.44,0
dl_818,159,Wyreema_exit,159,119,0.44,0
dl_818,158,exit_to_Brisbane,158,119,0.44,0
dl_818,189,exit_to_Brisbane,30,24,0.44,0
dl_819,8,,,,,
dl_819,26,Gowrie_exit,26,21,0.44,0
dl_819,25,exit_to_Brisbane,25,20,0.44,0
dl_819,23,exit_to_Brisbane,23,17,0.44,0
dl_819,22,Gowrie_exit,22,19,0.44,0
dl_819,21,Gowrie_exit,22,19,0.44,0
dl_819,20,Wyreema_exit,20,17,0.44,0
dl_819,159,Wyreema_exit,159,119,0.44,0
dl_819,158,exit_to_Brisbane,158,119,0.44,0
dl_819,189,exit_to_Brisbane,30,24,0.44,0
dl_820,8,,,,,
dl_820,24,exit_to_Brisbane,24,19,0.44,0
dl_820,20,Wyreema_exit,20,17,0.44,0
dl_820,22,Gowrie_exit,22,19,0.44,0
dl_820,26,Gowrie_exit,26,21,0.44,0
dl_820,25,exit_to_Brisbane,25,20,0.44,0
dl_820,21,Gowrie_exit,22,19,0.44,0
dl_820,159,Wyreema_exit,159,119,0.44,0
dl_820,158,exit_to_Brisbane,158,119,0.44,0
dl_820,189,exit_to_Brisbane,30,24,0.44,0
dl_821,9,,,,,
dl_821,26,Gowrie_exit,26,21,0.44,0
dl_821,24,Gowrie_exit,24,20,0.44,0
dl_821,27,exit_to_Brisbane,27,21,0.44,0
dl_821,159,Wyreema_exit,159,119,0.44,0
dl_821,158,exit_to_Brisbane,158,119,0.44,0
dl_821,189,exit_to_Brisbane,30,24,0.44,0
dl_821,20,Wyreema_exit,20,17,0.44,0
dl_821,23,exit_to_Brisbane,23,17,0.44,0
dl_821,21,Wyreema_exit,22,19,0.44,0
dl_821,22,Wyreema_exit,22,19,0.44,0
dl_822,5,,,,,
dl_822,26,Gowrie_exit,26,21,0.44,0
dl_822,24,Gowrie_exit,24,20,0.44,0
dl_822,27,exit_to_Brisbane,27,21,0.44,0
dl_822,159,Wyreema_exit,159,119,0.44,0
dl_822,158,exit_to_Brisbane,158,119,0.44,0
dl_822,189,exit_to_Brisbane,30,24,0.44,0
dl_823,8,,,,,
dl_823,26,Gowrie_exit,26,21,0.44,0
dl_823,23,exit_to_Brisbane,23,17,0.44,0
dl_823,22,Gowrie_exit,22,19,0.44,0
dl_823,21,Gowrie_exit,22,19,0.44,0
dl_823,20,Wyreema_exit,20,17,0.44,0
dl_823,27,exit_to_Brisbane,27,21,0.44,0
dl_823,159,Wyreema_exit,159,119,0.44,0
dl_823,158,exit_to_Brisbane,158,119,0.44,0
dl_823,189,exit_to_Brisbane,30,24,0.44,0
dl_824,8,,,,,
dl_824,26,Gowrie_exit,26,21,0.44,0
dl_824,24,exit_to_Brisbane,24,19,0.44,0
dl_824,20,Wyreema_exit,20,17,0.44,0
dl_824,22,Gowrie_exit,22,19,0.44,0
dl_824,21,Gowrie_exit,22,19,0.44,0
dl_824,27,exit_to_Brisbane,27,21,0.44,0
dl_824,159,Wyreema_exit,159,119,0.44,0
dl_824,158,exit_to_Brisbane,158,119,0.44,0
dl_824,189,exit_to_Brisbane,30,24,0.44,0
dl_825,10,,,,,
dl_825,26,Gowrie_exit,26,21,0.44,0
dl_825,25,exit_to_Brisbane,25,20,0.44,0
dl_825,23,exit_to_Brisbane,23,17,0.44,0
dl_825,22,Gowrie_exit,22,19,0.44,0
dl_825,21,Gowrie_exit,22,19,0.44,0
dl_825,19,exit_to_Brisbane,19,15,0.44,0
dl_825,18,Wyreema_exit,18,16,0.44,0
dl_825,17,Wyreema_exit,17,15,0.44,0
dl_825,159,Wyreema_exit,159,119,0.44,0
dl_825,158,exit_to_Brisbane,158,119,0.44,0
dl_825,189,exit_to_Brisbane,30,24,0.44,0
dl_826,10,,,,,
dl_826,24,exit_to_Brisbane,24,19,0.44,0
dl_826,22,Gowrie_exit,22,19,0.44,0
dl_826,26,Gowrie_exit,26,21,0.44,0
dl_826,25,exit_to_Brisbane,25,20,0.44,0
dl_826,21,Gowrie_exit,22,19,0.44,0
dl_826,19,exit_to_Brisbane,19,15,0.44,0
dl_826,18,Wyreema_exit,18,16,0.44,0
dl_826,17,Wyreema_exit,17,15,0.44,0
dl_826,159,Wyreema_exit,159,119,0.44,0
dl_826,158,exit_to_Brisbane,158,119,0.44,0
dl_826,189,exit_to_Brisbane,30,24,0.44,0
dl_827,10,,,,,
dl_827,26,Gowrie_exit,26,21,0.44,0
dl_827,23,exit_to_Brisbane,23,17,0.44,0
dl_827,22,Gowrie_exit,22,19,0.44,0
dl_827,21,Gowrie_exit,22,19,0.44,0
dl_827,27,exit_to_Brisbane,27,21,0.44,0
dl_827,19,exit_to_Brisbane,19,15,0.44,0
dl_827,18,Wyreema_exit,18,16,0.44,0
dl_827,17,Wyreema_exit,17,15,0.44,0
dl_827,159,Wyreema_exit,159,119,0.44,0
dl_827,158,exit_to_Brisbane,158,119,0.44,0
dl_827,189,exit_to_Brisbane,30,24,0.44,0
dl_828,10,,,,,
dl_828,26,Gowrie_exit,26,21,0.44,0
dl_828,24,exit_to_Brisbane,24,19,0.44,0
dl_828,22,Gowrie_exit,22,19,0.44,0
dl_828,21,Gowrie_exit,22,19,0.44,0
dl_828,27,exit_to_Brisbane,27,21,0.44,0
dl_828,19,exit_to_Brisbane,19,15,0.44,0
dl_828,18,Wyreema_exit,18,16,0.44,0
dl_828,17,Wyreema_exit,17,15,0.44,0
dl_828,159,Wyreema_exit,159,119,0.44,0
dl_828,158,exit_to_Brisbane,158,119,0.44,0
dl_828,189,exit_to_Brisbane,30,24,0.44,0
dl_829,6,,,,,
dl_829,27,exit_to_Brisbane,27,21,0.44,0
dl_829,26,Gowrie_exit,26,21,0.44,0
dl_829,35,exit_to_Brisbane,35,28,0.44,0
dl_829,23,exit_to_Brisbane,23,17,0.44,0
dl_829,22,Wyreema_exit,22,19,0.44,0
dl_829,21,Wyreema_exit,22,19,0.44,0
dl_829,20,Wyreema_exit,20,17,0.44,0
dl_830,6,,,,,
dl_830,24,exit_to_Brisbane,24,19,0.44,0
dl_830,20,Wyreema_exit,20,17,0.44,0
dl_830,22,Wyreema_exit,22,19,0.44,0
dl_830,27,exit_to_Brisbane,27,21,0.44,0
dl_830,26,Gowrie_exit,26,21,0.44,0
dl_830,35,exit_to_Brisbane,35,28,0.44,0
dl_830,21,Wyreema_exit,22,19,0.44,0
dl_831,8,,,,,
dl_831,23,exit_to_Brisbane,23,17,0.44,0
dl_831,22,Wyreema_exit,22,19,0.44,0
dl_831,21,Wyreema_exit,22,19,0.44,0
dl_831,26,Gowrie_exit,26,21,0.44,0
dl_831,25,exit_to_Brisbane,25,20,0.44,0
dl_831,35,exit_to_Brisbane,35,28,0.44,0
dl_831,19,exit_to_Brisbane,19,15,0.44,0
dl_831,18,Wyreema_exit,18,16,0.44,0
dl_831,17,Gowrie_exit,17,15,0.44,0
dl_832,8,,,,,
dl_832,24,exit_to_Brisbane,24,19,0.44,0
dl_832,22,Wyreema_exit,22,19,0.44,0
dl_832,21,Wyreema_exit,22,19,0.44,0
dl_832,26,Gowrie_exit,26,21,0.44,0
dl_832,25,exit_to_Brisbane,25,20,0.44,0
dl_832,35,exit_to_Brisbane,35,28,0.44,0
dl_832,19,exit_to_Brisbane,19,15,0.44,0
dl_832,18,Wyreema_exit,18,16,0.44,0
dl_832,17,Gowrie_exit,17,15,0.44,0
dl_833,8,,,,,
dl_833,27,exit_to_Brisbane,27,21,0.44,0
dl_833,26,Gowrie_exit,26,21,0.44,0
dl_833,35,exit_to_Brisbane,35,28,0.44,0
dl_833,23,exit_to_Brisbane,23,17,0.44,0
dl_833,22,Wyreema_exit,22,19,0.44,0
dl_833,21,Wyreema_exit,22,19,0.44,0
dl_833,19,exit_to_Brisbane,19,15,0.44,0
dl_833,18,Wyreema_exit,18,16,0.44,0
dl_833,17,Gowrie_exit,17,15,0.44,0
dl_834,8,,,,,
dl_834,24,exit_to_Brisbane,24,19,0.44,0
dl_834,22,Wyreema_exit,22,19,0.44,0
dl_834,27,exit_to_Brisbane,27,21,0.44,0
dl_834,26,Gowrie_exit,26,21,0.44,0
dl_834,35,exit_to_Brisbane,35,28,0.44,0
dl_834,21,Wyreema_exit,22,19,0.44,0
dl_834,19,exit_to_Brisbane,19,15,0.44,0
dl_834,18,Wyreema_exit,18,16,0.44,0
dl_834,17,Gowrie_exit,17,15,0.44,0
dl_835,8,,,,,
dl_835,20,exit_to_Brisbane,20,16,0.44,0
dl_835,17,Gowrie_exit,17,15,0.44,0
dl_835,18,Wyreema_exit,18,16,0.44,0
dl_835,23,exit_to_Brisbane,23,17,0.44,0
dl_835,22,Wyreema_exit,22,19,0.44,0
dl_835,21,Wyreema_exit,22,19,0.44,0
dl_835,26,Gowrie_exit,26,21,0.44,0
dl_835,25,exit_to_Brisbane,25,20,0.44,0
dl_835,35,exit_to_Brisbane,35,28,0.44,0
dl_836,8,,,,,
dl_836,20,exit_to_Brisbane,20,16,0.44,0
dl_836,17,Gowrie_exit,17,15,0.44,0
dl_836,18,Wyreema_exit,18,16,0.44,0
dl_836,24,exit_to_Brisbane,24,19,0.44,0
dl_836,22,Wyreema_exit,22,19,0.44,0
dl_836,21,Wyreema_exit,22,19,0.44,0
dl_836,26,Gowrie_exit,26,21,0.44,0
dl_836,25,exit_to_Brisbane,25,20,0.44,0
dl_836,35,exit_to_Brisbane,35,28,0.44,0
dl_837,8,,,,,
dl_837,20,exit_to_Brisbane,20,16,0.44,0
dl_837,17,Gowrie_exit,17,15,0.44,0
dl_837,18,Wyreema_exit,18,16,0.44,0
dl_837,27,exit_to_Brisbane,27,21,0.44,0
dl_837,26,Gowrie_exit,26,21,0.44,0
dl_837,35,exit_to_Brisbane,35,28,0.44,0
dl_837,23,exit_to_Brisbane,23,17,0.44,0
dl_837,22,Wyreema_exit,22,19,0.44,0
dl_837,21,Wyreema_exit,22,19,0.44,0
dl_838,8,,,,,
dl_838,20,exit_to_Brisbane,20,16,0.44,0
dl_838,17,Gowrie_exit,17,15,0.44,0
dl_838,18,Wyreema_exit,18,16,0.44,0
dl_838,24,exit_to_Brisbane,24,19,0.44,0
dl_838,22,Wyreema_exit,22,19,0.44,0
dl_838,27,exit_to_Brisbane,27,21,0.44,0
dl_838,26,Gowrie_exit,26,21,0.44,0
dl_838,35,exit_to_Brisbane,35,28,0.44,0
dl_838,21,Wyreema_exit,22,19,0.44,0
dl_839,4,,,,,
dl_839,23,Wyreema_exit,23,19,0.44,0
dl_839,22,Wyreema_exit,22,19,0.44,0
dl_839,27,exit_to_Brisbane,27,21,0.44,0
dl_839,26,Gowrie_exit,26,21,0.44,0
dl_839,25,exit_to_Brisbane,25,20,0.44,0
dl_840,6,,,,,
dl_840,20,Wyreema_exit,20,17,0.44,0
dl_840,22,Wyreema_exit,22,19,0.44,0
dl_840,27,exit_to_Brisbane,27,21,0.44,0
dl_840,26,Gowrie_exit,26,21,0.44,0
dl_840,35,exit_to_Brisbane,35,28,0.44,0
dl_840,21,Wyreema_exit,22,19,0.44,0
dl_840,25,exit_to_Brisbane,25,20,0.44,0
dl_841,8,,,,,
dl_841,22,Wyreema_exit,22,19,0.44,0
dl_841,27,exit_to_Brisbane,27,21,0.44,0
dl_841,26,Gowrie_exit,26,21,0.44,0
dl_841,35,exit_to_Brisbane,35,28,0.44,0
dl_841,21,Wyreema_exit,22,19,0.44,0
dl_841,19,exit_to_Brisbane,19,15,0.44,0
dl_841,18,Wyreema_exit,18,16,0.44,0
dl_841,17,Gowrie_exit,17,15,0.44,0
dl_841,25,exit_to_Brisbane,25,20,0.44,0
dl_842,8,,,,,
dl_842,20,exit_to_Brisbane,20,16,0.44,0
dl_842,17,Gowrie_exit,17,15,0.44,0
dl_842,18,Wyreema_exit,18,16,0.44,0
dl_842,22,Wyreema_exit,22,19,0.44,0
dl_842,27,exit_to_Brisbane,27,21,0.44,0
dl_842,26,Gowrie_exit,26,21,0.44,0
dl_842,35,exit_to_Brisbane,35,28,0.44,0
dl_842,21,Wyreema_exit,22,19,0.44,0
dl_842,25,exit_to_Brisbane,25,20,0.44,0
dl_843,4,,,,,
dl_843,24,Gowrie_exit,24,20,0.44,0
dl_843,27,exit_to_Brisbane,27,21,0.44,0
dl_843,25,exit_to_Brisbane,25,20,0.44,0
dl_843,23,Wyreema_exit,23,19,0.44,0
dl_843,22,Wyreema_exit,22,19,0.44,0
dl_844,6,,,,,
dl_844,24,Gowrie_exit,24,20,0.44,0
dl_844,27,exit_to_Brisbane,27,21,0.44,0
dl_844,25,exit_to_Brisbane,25,20,0.44,0
dl_844,20,Wyreema_exit,20,17,0.44,0
dl_844,22,Wyreema_exit,22,19,0.44,0
dl_844,35,exit_to_Brisbane,35,28,0.44,0
dl_844,21,Wyreema_exit,22,19,0.44,0
dl_845,8,,,,,
dl_845,24,Gowrie_exit,24,20,0.44,0
dl_845,27,exit_to_Brisbane,27,21,0.44,0
dl_845,25,exit_to_Brisbane,25,20,0.44,0
dl_845,22,Wyreema_exit,22,19,0.44,0
dl_845,35,exit_to_Brisbane,35,28,0.44,0
dl_845,21,Wyreema_exit,22,19,0.44,0
dl_845,19,exit_to_Brisbane,19,15,0.44,0
dl_845,18,Wyreema_exit,18,16,0.44,0
dl_845,17,Gowrie_exit,17,15,0.44,0
dl_846,8,,,,,
dl_846,24,Gowrie_exit,24,20,0.44,0
dl_846,27,exit_to_Brisbane,27,21,0.44,0
dl_846,25,exit_to_Brisbane,25,20,0.44,0
dl_846,20,exit_to_Brisbane,20,16,0.44,0
dl_846,17,Gowrie_exit,17,15,0.44,0
dl_846,18,Wyreema_exit,18,16,0.44,0
dl_846,22,Wyreema_exit,22,19,0.44,0
dl_846,35,exit_to_Brisbane,35,28,0.44,0
dl_846,21,Wyreema_exit,22,19,0.44,0
dl_847,8,,,,,
dl_847,23,exit_to_Brisbane,23,17,0.44,0
dl_847,22,Wyreema_exit,22,19,0.44,0
dl_847,21,Wyreema_exit,22,19,0.44,0
dl_847,20,Wyreema_exit,20,17,0.44,0
dl_847,26,Gowrie_exit,26,21,0.44,0
dl_847,25,exit_to_Brisbane,25,20,0.44,0
dl_847,159,Gowrie_exit,159,120,0.44,0
dl_847,158,exit_to_Brisbane,158,119,0.44,0
dl_847,160,Wyreema_exit,160,120,0.44,0
dl_848,8,,,,,
dl_848,24,exit_to_Brisbane,24,19,0.44,0
dl_848,20,Wyreema_exit,20,17,0.44,0
dl_848,22,Wyreema_exit,22,19,0.44,0
dl_848,21,Wyreema_exit,22,19,0.44,0
dl_848,26,Gowrie_exit,26,21,0.44,0
dl_848,25,exit_to_Brisbane,25,20,0.44,0
dl_848,159,Gowrie_exit,159,120,0.44,0
dl_848,158,exit_to_Brisbane,158,119,0.44,0
dl_848,160,Wyreema_exit,160,120,0.44,0
dl_849,8,,,,,
dl_849,27,exit_to_Brisbane,27,21,0.44,0
dl_849,26,Gowrie_exit,26,21,0.44,0
dl_849,24,Wyreema_exit,24,20,0.44,0
dl_849,159,Gowrie_exit,159,120,0.44,0
dl_849,158,exit_to_Brisbane,158,119,0.44,0
dl_849,160,Wyreema_exit,160,120,0.44,0
dl_849,20,Gowrie_exit,20,17,0.44,0
dl_849,23,exit_to_Brisbane,23,17,0.44,0
dl_849,21,Wyreema_exit,22,19,0.44,0
dl_850,5,,,,,
dl_850,27,exit_to_Brisbane,27,21,0.44,0
dl_850,26,Gowrie_exit,26,21,0.44,0
dl_850,24,Wyreema_exit,24,20,0.44,0
dl_850,159,Gowrie_exit,159,120,0.44,0
dl_850,158,exit_to_Brisbane,158,119,0.44,0
dl_850,160,Wyreema_exit,160,120,0.44,0
dl_851,8,,,,,
dl_851,27,exit_to_Brisbane,27,21,0.44,0
dl_851,26,Gowrie_exit,26,21,0.44,0
dl_851,23,exit_to_Brisbane,23,17,0.44,0
dl_851,22,Wyreema_exit,22,19,0.44,0
dl_851,21,Wyreema_exit,22,19,0.44,0
dl_851,20,Wyreema_exit,20,17,0.44,0
dl_851,159,Gowrie_exit,159,120,0.44,0
dl_851,158,exit_to_Brisbane,158,119,0.44,0
dl_851,160,Wyreema_exit,160,120,0.44,0
dl_852,8,,,,,
dl_852,24,exit_to_Brisbane,24,19,0.44,0
dl_852,20,Wyreema_exit,20,17,0.44,0
dl_852,22,Wyreema_exit,22,19,0.44,0
dl_852,27,exit_to_Brisbane,27,21,0.44,0
dl_852,26,Gowrie_exit,26,21,0.44,0
dl_852,21,Wyreema_exit,22,19,0.44,0
dl_852,159,Gowrie_exit,159,120,0.44,0
dl_852,158,exit_to_Brisbane,158,119,0.44,0
dl_852,160,Wyreema_exit,160,120,0.44,0
dl_853,10,,,,,
dl_853,23,exit_to_Brisbane,23,17,0.44,0
dl_853,22,Wyreema_exit,22,19,0.44,0
dl_853,21,Wyreema_exit,22,19,0.44,0
dl_853,26,Gowrie_exit,26,21,0.44,0
dl_853,25,exit_to_Brisbane,25,20,0.44,0
dl_853,19,exit_to_Brisbane,19,15,0.44,0
dl_853,18,Wyreema_exit,18,16,0.44,0
dl_853,17,Gowrie_exit,17,15,0.44,0
dl_853,159,Gowrie_exit,159,120,0.44,0
dl_853,158,exit_to_Brisbane,158,119,0.44,0
dl_853,160,Wyreema_exit,160,120,0.44,0
dl_854,10,,,,,
dl_854,24,exit_to_Brisbane,24,19,0.44,0
dl_854,22,Wyreema_exit,22,19,0.44,0
dl_854,21,Wyreema_exit,22,19,0.44,0
dl_854,26,Gowrie_exit,26,21,0.44,0
dl_854,25,exit_to_Brisbane,25,20,0.44,0
dl_854,19,exit_to_Brisbane,19,15,0.44,0
dl_854,18,Wyreema_exit,18,16,0.44,0
dl_854,17,Gowrie_exit,17,15,0.44,0
dl_854,159,Gowrie_exit,159,120,0.44,0
dl_854,158,exit_to_Brisbane,158,119,0.44,0
dl_854,160,Wyreema_exit,160,120,0.44,0
dl_855,10,,,,,
dl_855,27,exit_to_Brisbane,27,21,0.44,0
dl_855,26,Gowrie_exit,26,21,0.44,0
dl_855,23,exit_to_Brisbane,23,17,0.44,0
dl_855,22,Wyreema_exit,22,19,0.44,0
dl_855,21,Wyreema_exit,22,19,0.44,0
dl_855,19,exit_to_Brisbane,19,15,0.44,0
dl_855,18,Wyreema_exit,18,16,0.44,0
dl_855,17,Gowrie_exit,17,15,0.44,0
dl_855,159,Gowrie_exit,159,120,0.44,0
dl_855,158,exit_to_Brisbane,158,119,0.44,0
dl_855,160,Wyreema_exit,160,120,0.44,0
dl_856,10,,,,,
dl_856,24,exit_to_Brisbane,24,19,0.44,0
dl_856,22,Wyreema_exit,22,19,0.44,0
dl_856,27,exit_to_Brisbane,27,21,0.44,0
dl_856,26,Gowrie_exit,26,21,0.44,0
dl_856,21,Wyreema_exit,22,19,0.44,0
dl_856,19,exit_to_Brisbane,19,15,0.44,0
dl_856,18,Wyreema_exit,18,16,0.44,0
dl_856,17,Gowrie_exit,17,15,0.44,0
dl_856,159,Gowrie_exit,159,120,0.44,0
dl_856,158,exit_to_Brisbane,158,119,0.44,0
dl_856,160,Wyreema_exit,160,120,0.44,0
dl_857,10,,,,,
dl_857,20,exit_to_Brisbane,20,16,0.44,0
dl_857,17,Gowrie_exit,17,15,0.44,0
dl_857,18,Wyreema_exit,18,16,0.44,0
dl_857,23,exit_to_Brisbane,23,17,0.44,0
dl_857,22,Wyreema_exit,22,19,0.44,0
dl_857,21,Wyreema_exit,22,19,0.44,0
dl_857,26,Gowrie_exit,26,21,0.44,0
dl_857,25,exit_to_Brisbane,25,20,0.44,0
dl_857,159,Gowrie_exit,159,120,0.44,0
dl_857,158,exit_to_Brisbane,158,119,0.44,0
dl_857,160,Wyreema_exit,160,120,0.44,0
dl_858,10,,,,,
dl_858,20,exit_to_Brisbane,20,16,0.44,0
dl_858,17,Gowrie_exit,17,15,0.44,0
dl_858,18,Wyreema_exit,18,16,0.44,0
dl_858,24,exit_to_Brisbane,24,19,0.44,0
dl_858,22,Wyreema_exit,22,19,0.44,0
dl_858,21,Wyreema_exit,22,19,0.44,0
dl_858,26,Gowrie_exit,26,21,0.44,0
dl_858,25,exit_to_Brisbane,25,20,0.44,0
dl_858,159,Gowrie_exit,159,120,0.44,0
dl_858,158,exit_to_Brisbane,158,119,0.44,0
dl_858,160,Wyreema_exit,160,120,0.44,0
dl_859,10,,,,,
dl_859,20,exit_to_Brisbane,20,16,0.44,0
dl_859,17,Gowrie_exit,17,15,0.44,0
dl_859,18,Wyreema_exit,18,16,0.44,0
dl_859,27,exit_to_Brisbane,27,21,0.44,0
dl_859,26,Gowrie_exit,26,21,0.44,0
dl_859,23,exit_to_Brisbane,23,17,0.44,0
dl_859,22,Wyreema_exit,22,19,0.44,0
dl_859,21,Wyreema_exit,22,19,0.44,0
dl_859,159,Gowrie_exit,159,120,0.44,0
dl_859,158,exit_to_Brisbane,158,119,0.44,0
dl_859,160,Wyreema_exit,160,120,0.44,0
dl_860,10,,,,,
dl_860,20,exit_to_Brisbane,20,16,0.44,0
dl_860,17,Gowrie_exit,17,15,0.44,0
dl_860,18,Wyreema_exit,18,16,0.44,0
dl_860,24,exit_to_Brisbane,24,19,0.44,0
dl_860,22,Wyreema_exit,22,19,0.44,0
dl_860,27,exit_to_Brisbane,27,21,0.44,0
dl_860,26,Gowrie_exit,26,21,0.44,0
dl_860,21,Wyreema_exit,22,19,0.44,0
dl_860,159,Gowrie_exit,159,120,0.44,0
dl_860,158,exit_to_Brisbane,158,119,0.44,0
dl_860,160,Wyreema_exit,160,120,0.44,0
dl_861,8,,,,,
dl_861,20,Wyreema_exit,20,17,0.44,0
dl_861,22,Wyreema_exit,22,19,0.44,0
dl_861,27,exit_to_Brisbane,27,21,0.44,0
dl_861,26,Gowrie_exit,26,21,0.44,0
dl_861,21,Wyreema_exit,22,19,0.44,0
dl_861,25,exit_to_Brisbane,25,20,0.44,0
dl_861,159,Gowrie_exit,159,120,0.44,0
dl_861,158,exit_to_Brisbane,158,119,0.44,0
dl_861,160,Wyreema_exit,160,120,0.44,0
dl_862,10,,,,,
dl_862,22,Wyreema_exit,22,19,0.44,0
dl_862,27,exit_to_Brisbane,27,21,0.44,0
dl_862,26,Gowrie_exit,26,21,0.44,0
dl_862,21,Wyreema_exit,22,19,0.44,0
dl_862,19,exit_to_Brisbane,19,15,0.44,0
dl_862,18,Wyreema_exit,18,16,0.44,0
dl_862,17,Gowrie_exit,17,15,0.44,0
dl_862,25,exit_to_Brisbane,25,20,0.44,0
dl_862,159,Gowrie_exit,159,120,0.44,0
dl_862,158,exit_to_Brisbane,158,119,0.44,0
dl_862,160,Wyreema_exit,160,120,0.44,0
dl_863,10,,,,,
dl_863,20,exit_to_Brisbane,20,16,0.44,0
dl_863,17,Gowrie_exit,17,15,0.44,0
dl_863,18,Wyreema_exit,18,16,0.44,0
dl_863,22,Wyreema_exit,22,19,0.44,0
dl_863,27,exit_to_Brisbane,27,21,0.44,0
dl_863,26,Gowrie_exit,26,21,0.44,0
dl_863,21,Wyreema_exit,22,19,0.44,0
dl_863,25,exit_to_Brisbane,25,20,0.44,0
dl_863,159,Gowrie_exit,159,120,0.44,0
dl_863,158,exit_to_Brisbane,158,119,0.44,0
dl_863,160,Wyreema_exit,160,120,0.44,0
dl_864,8,,,,,
dl_864,24,Gowrie_exit,24,20,0.44,0
dl_864,27,exit_to_Brisbane,27,21,0.44,0
dl_864,25,exit_to_Brisbane,25,20,0.44,0
dl_864,20,Wyreema_exit,20,17,0.44,0
dl_864,22,Wyreema_exit,22,19,0.44,0
dl_864,21,Wyreema_exit,22,19,0.44,0
dl_864,159,Gowrie_exit,159,120,0.44,0
dl_864,158,exit_to_Brisbane,158,119,0.44,0
dl_864,160,Wyreema_exit,160,120,0.44,0
dl_865,10,,,,,
dl_865,24,Gowrie_exit,24,20,0.44,0
dl_865,27,exit_to_Brisbane,27,21,0.44,0
dl_865,25,exit_to_Brisbane,25,20,0.44,0
dl_865,22,Wyreema_exit,22,19,0.44,0
dl_865,21,Wyreema_exit,22,19,0.44,0
dl_865,19,exit_to_Brisbane,19,15,0.44,0
dl_865,18,Wyreema_exit,18,16,0.44,0
dl_865,17,Gowrie_exit,17,15,0.44,0
dl_865,159,Gowrie_exit,159,120,0.44,0
dl_865,158,exit_to_Brisbane,158,119,0.44,0
dl_865,160,Wyreema_exit,160,120,0.44,0
dl_866,10,,,,,
dl_866,24,Gowrie_exit,24,20,0.44,0
dl_866,27,exit_to_Brisbane,27,21,0.44,0
dl_866,25,exit_to_Brisbane,25,20,0.44,0
dl_866,20,exit_to_Brisbane,20,16,0.44,0
dl_866,17,Gowrie_exit,17,15,0.44,0
dl_866,18,Wyreema_exit,18,16,0.44,0
dl_866,22,Wyreema_exit,22,19,0.44,0
dl_866,21,Wyreema_exit,22,19,0.44,0
dl_866,159,Gowrie_exit,159,120,0.44,0
dl_866,158,exit_to_Brisbane,158,119,0.44,0
dl_866,160,Wyreema_exit,160,120,0.44,0
dl_867,2,,,,,
dl_867,188,Wyreema_exit,188,146,0.44,0
dl_867,171,Gowrie_exit,171,131,0.44,0
dl_867,172,exit_to_Brisbane,172,131,0.44,0
dl_868,5,,,,,
dl_868,27,exit_to_Brisbane,27,21,0.44,0
dl_868,24,Gowrie_exit,24,20,0.44,0
dl_868,25,Gowrie_exit,25,21,0.44,0
dl_868,159,Gowrie_exit,159,120,0.44,0
dl_868,158,exit_to_Brisbane,158,119,0.44,0
dl_868,160,Wyreema_exit,160,120,0.44,0
dl_869,3,,,,,
dl_869,188,Wyreema_exit,188,146,0.44,0
dl_869,171,exit_to_Brisbane,171,131,0.44,0
dl_869,172,Wyreema_exit,172,132,0.44,0
dl_869,173,Gowrie_exit,173,132,0.44,0
dl_870,4,,,,,
dl_870,35,Wyreema_exit,35,28,0.44,0
dl_870,28,Gowrie_exit,28,23,0.44,0
dl_870,171,exit_to_Brisbane,171,131,0.44,0
dl_870,172,Wyreema_exit,172,132,0.44,0
dl_870,173,Gowrie_exit,173,132,0.44,0
dl_871,4,,,,,
dl_871,157,Gowrie_exit,157,119,0.44,0
dl_871,159,Wyreema_exit,159,119,0.44,0
dl_871,189,exit_to_Brisbane,30,24,0.44,0
dl_871,28,Gowrie_exit,28,23,0.44,0
dl_871,160,exit_to_Brisbane,160,120,0.44,0
dl_872,4,,,,,
dl_872,157,Gowrie_exit,157,119,0.44,0
dl_872,159,Wyreema_exit,159,119,0.44,0
dl_872,188,exit_to_Brisbane,188,147,0.44,0
dl_872,28,Gowrie_exit,28,23,0.44,0
dl_872,160,exit_to_Brisbane,160,120,0.44,0
dl_873,4,,,,,
dl_873,157,Gowrie_exit,157,119,0.44,0
dl_873,159,Wyreema_exit,159,119,0.44,0
dl_873,189,exit_to_Brisbane,30,24,0.44,0
dl_873,28,Gowrie_exit,28,23,0.44,0
dl_873,160,Wyreema_exit,160,120,0.44,0
dl_874,4,,,,,
dl_874,157,Gowrie_exit,157,119,0.44,0
dl_874,159,Wyreema_exit,159,119,0.44,0
dl_874,188,exit_to_Brisbane,188,147,0.44,0
dl_874,28,Gowrie_exit,28,23,0.44,0
dl_874,160,Wyreema_exit,160,120,0.44,0
dl_875,4,,,,,
dl_875,26,exit_to_Brisbane,26,20,0.44,0
dl_875,25,exit_to_Brisbane,25,20,0.44,0
dl_875,23,Gowrie_exit,23,19,0.44,0
dl_875,21,exit_to_Brisbane,21,17,0.44,0
dl_875,20,Gowrie_exit,20,17,0.44,0
dl_876,5,,,,,
dl_876,26,Gowrie_exit,26,21,0.44,0
dl_876,25,exit_to_Brisbane,25,20,0.44,0
dl_876,35,exit_to_Brisbane,35,28,0.44,0
dl_876,23,Wyreema_exit,23,19,0.44,0
dl_876,21,exit_to_Brisbane,21,17,0.44,0
dl_876,20,Gowrie_exit,20,17,0.44,0
dl_877,5,,,,,
dl_877,24,exit_to_Brisbane,24,19,0.44,0
dl_877,23,Wyreema_exit,23,19,0.44,0
dl_877,20,Gowrie_exit,20,17,0.44,0
dl_877,27,exit_to_Brisbane,27,21,0.44,0
dl_877,26,Gowrie_exit,26,21,0.44,0
dl_877,25,exit_to_Brisbane,25,20,0.44,0
dl_878,5,,,,,
dl_878,24,exit_to_Brisbane,24,19,0.44,0
dl_878,23,Wyreema_exit,23,19,0.44,0
dl_878,26,Gowrie_exit,26,21,0.44,0
dl_878,25,exit_to_Brisbane,25,20,0.44,0
dl_878,35,exit_to_Brisbane,35,28,0.44,0
dl_878,20,Gowrie_exit,20,17,0.44,0
dl_879,4,,,,,
dl_879,15,Wyreema_exit,15,13,0.44,0
dl_879,218,exit_to_Brisbane,218,13,0.44,0
dl_879,16,Gowrie_exit,16,14,0.44,0
dl_879,17,exit_to_Brisbane,17,14,0.44,0
dl_879,216,exit_to_Brisbane,218,13,0.44,0
dl_880,6,,,,,
dl_880,24,exit_to_Brisbane,24,19,0.44,0
dl_880,20,Gowrie_exit,20,17,0.44,0
dl_880,22,Gowrie_exit,22,19,0.44,0
dl_880,21,Gowrie_exit,22,19,0.44,0
dl_880,27,exit_to_Brisbane,27,21,0.44,0
dl_880,26,exit_to_Brisbane,26,20,0.44,0
dl_880,25,Wyreema_exit,25,21,0.44,0
dl_881,7,,,,,
dl_881,35,Wyreema_exit,35,28,0.44,0
dl_881,189,exit_to_Brisbane,30,24,0.44,0
dl_881,26,exit_to_Brisbane,26,20,0.44,0
dl_881,25,Gowrie_exit,25,21,0.44,0
dl_881,23,exit_to_Brisbane,23,17,0.44,0
dl_881,22,Gowrie_exit,22,19,0.44,0
dl_881,21,Gowrie_exit,22,19,0.44,0
dl_881,20,Wyreema_exit,20,17,0.44,0
dl_882,7,,,,,
dl_882,24,exit_to_Brisbane,24,19,0.44,0
dl_882,20,Wyreema_exit,20,17,0.44,0
dl_882,22,Gowrie_exit,22,19,0.44,0
dl_882,35,Wyreema_exit,35,28,0.44,0
dl_882,189,exit_to_Brisbane,30,24,0.44,0
dl_882,26,exit_to_Brisbane,26,20,0.44,0
dl_882,25,Gowrie_exit,25,21,0.44,0
dl_882,21,Gowrie_exit,22,19,0.44,0
dl_883,7,,,,,
dl_883,35,Wyreema_exit,35,28,0.44,0
dl_883,188,exit_to_Brisbane,188,147,0.44,0
dl_883,26,exit_to_Brisbane,26,20,0.44,0
dl_883,25,Gowrie_exit,25,21,0.44,0
dl_883,23,exit_to_Brisbane,23,17,0.44,0
dl_883,22,Gowrie_exit,22,19,0.44,0
dl_883,21,Gowrie_exit,22,19,0.44,0
dl_883,20,Wyreema_exit,20,17,0.44,0
dl_884,7,,,,,
dl_884,24,exit_to_Brisbane,24,19,0.44,0
dl_884,20,Wyreema_exit,20,17,0.44,0
dl_884,22,Gowrie_exit,22,19,0.44,0
dl_884,35,Wyreema_exit,35,28,0.44,0
dl_884,188,exit_to_Brisbane,188,147,0.44,0
dl_884,26,exit_to_Brisbane,26,20,0.44,0
dl_884,25,Gowrie_exit,25,21,0.44,0
dl_884,21,Gowrie_exit,22,19,0.44,0
dl_885,7,,,,,
dl_885,27,exit_to_Brisbane,27,21,0.44,0
dl_885,25,Gowrie_exit,25,21,0.44,0
dl_885,35,Wyreema_exit,35,28,0.44,0
dl_885,189,exit_to_Brisbane,30,24,0.44,0
dl_885,23,exit_to_Brisbane,23,17,0.44,0
dl_885,22,Gowrie_exit,22,19,0.44,0
dl_885,21,Gowrie_exit,22,19,0.44,0
dl_885,20,Wyreema_exit,20,17,0.44,0
dl_886,7,,,,,
dl_886,24,exit_to_Brisbane,24,19,0.44,0
dl_886,20,Wyreema_exit,20,17,0.44,0
dl_886,22,Gowrie_exit,22,19,0.44,0
dl_886,27,exit_to_Brisbane,27,21,0.44,0
dl_886,25,Gowrie_exit,25,21,0.44,0
dl_886,35,Wyreema_exit,35,28,0.44,0
dl_886,189,exit_to_Brisbane,30,24,0.44,0
dl_886,21,Gowrie_exit,22,19,0.44,0
dl_887,7,,,,,
dl_887,27,exit_to_Brisbane,27,21,0.44,0
dl_887,25,Gowrie_exit,25,21,0.44,0
dl_887,35,Wyreema_exit,35,28,0.44,0
dl_887,188,exit_to_Brisbane,188,147,0.44,0
dl_887,23,exit_to_Brisbane,23,17,0.44,0
dl_887,22,Gowrie_exit,22,19,0.44,0
dl_887,21,Gowrie_exit,22,19,0.44,0
dl_887,20,Wyreema_exit,20,17,0.44,0
dl_888,7,,,,,
dl_888,24,exit_to_Brisbane,24,19,0.44,0
dl_888,20,Wyreema_exit,20,17,0.44,0
dl_888,22,Gowrie_exit,22,19,0.44,0
dl_888,27,exit_to_Brisbane,27,21,0.44,0
dl_888,25,Gowrie_exit,25,21,0.44,0
dl_888,35,Wyreema_exit,35,28,0.44,0
dl_888,188,exit_to_Brisbane,188,147,0.44,0
dl_888,21,Gowrie_exit,22,19,0.44,0
dl_889,3,,,,,
dl_889,35,Wyreema_exit,35,28,0.44,0
dl_889,171,Gowrie_exit,171,131,0.44,0
dl_889,172,exit_to_Brisbane,172,131,0.44,0
dl_889,28,Gowrie_exit,28,23,0.44,0
dl_890,3,,,,,
dl_890,15,exit_to_Brisbane,15,2,0.44,0
dl_890,2,Gowrie_exit,2,2,0.44,0
dl_890,3,exit_to_Brisbane,3,3,0.44,0
dl_890,4,Wyreema_exit,4,3,0.44,0
dl_891,6,,,,,
dl_891,17,exit_to_Brisbane,17,14,0.44,0
dl_891,216,Gowrie_exit,216,14,0.44,0
dl_891,16,exit_to_Brisbane,16,13,0.44,0
dl_891,218,Gowrie_exit,216,14,0.44,0
dl_891,2,Gowrie_exit,2,2,0.44,0
dl_891,3,exit_to_Brisbane,3,3,0.44,0
dl_891,4,Wyreema_exit,4,3,0.44,0
dl_892,6,,,,,
dl_892,15,exit_to_Brisbane,15,2,0.44,0
dl_892,2,Gowrie_exit,2,2,0.44,0
dl_892,17,exit_to_Brisbane,17,14,0.44,0
dl_892,216,Gowrie_exit,216,14,0.44,0
dl_892,16,exit_to_Brisbane,16,13,0.44,0
dl_892,218,Gowrie_exit,216,14,0.44,0
dl_892,4,Wyreema_exit,4,3,0.44,0
dl_893,3,,,,,
dl_893,28,Gowrie_exit,28,23,0.44,0
dl_893,159,exit_to_Brisbane,159,119,0.44,0
dl_893,158,Wyreema_exit,158,119,0.44,0
dl_893,189,exit_to_Brisbane,30,24,0.44,0
dl_894,7,,,,,
dl_894,27,exit_to_Brisbane,27,21,0.44,0
dl_894,189,exit_to_Brisbane,30,24,0.44,0
dl_894,26,Gowrie_exit,26,21,0.44,0
dl_894,35,Wyreema_exit,35,28,0.44,0
dl_894,23,exit_to_Brisbane,23,17,0.44,0
dl_894,22,Wyreema_exit,22,19,0.44,0
dl_894,20,Gowrie_exit,20,17,0.44,0
dl_894,21,Wyreema_exit,22,19,0.44,0
dl_895,7,,,,,
dl_895,27,exit_to_Brisbane,27,21,0.44,0
dl_895,189,exit_to_Brisbane,30,24,0.44,0
dl_895,24,exit_to_Brisbane,24,19,0.44,0
dl_895,20,Gowrie_exit,20,17,0.44,0
dl_895,22,Wyreema_exit,22,19,0.44,0
dl_895,26,Gowrie_exit,26,21,0.44,0
dl_895,35,Wyreema_exit,35,28,0.44,0
dl_895,21,Wyreema_exit,22,19,0.44,0
dl_896,6,,,,,
dl_896,189,exit_to_Brisbane,30,24,0.44,0
dl_896,26,Gowrie_exit,26,21,0.44,0
dl_896,25,exit_to_Brisbane,25,20,0.44,0
dl_896,24,Gowrie_exit,24,20,0.44,0
dl_896,159,Gowrie_exit,159,120,0.44,0
dl_896,158,Wyreema_exit,158,119,0.44,0
dl_896,160,Wyreema_exit,160,120,0.44,0
dl_897,6,,,,,
dl_897,157,Gowrie_exit,157,119,0.44,0
dl_897,160,Wyreema_exit,160,120,0.44,0
dl_897,158,Wyreema_exit,158,119,0.44,0
dl_897,189,exit_to_Brisbane,30,24,0.44,0
dl_897,26,Gowrie_exit,26,21,0.44,0
dl_897,25,exit_to_Brisbane,25,20,0.44,0
dl_897,24,Gowrie_exit,24,20,0.44,0
dl_898,6,,,,,
dl_898,188,exit_to_Brisbane,188,147,0.44,0
dl_898,26,Gowrie_exit,26,21,0.44,0
dl_898,25,exit_to_Brisbane,25,20,0.44,0
dl_898,24,Gowrie_exit,24,20,0.44,0
dl_898,159,Gowrie_exit,159,120,0.44,0
dl_898,158,Wyreema_exit,158,119,0.44,0
dl_898,160,Wyreema_exit,160,120,0.44,0
dl_899,6,,,,,
dl_899,157,Gowrie_exit,157,119,0.44,0
dl_899,160,Wyreema_exit,160,120,0.44,0
dl_899,158,Wyreema_exit,158,119,0.44,0
dl_899,188,exit_to_Brisbane,188,147,0.44,0
dl_899,26,Gowrie_exit,26,21,0.44,0
dl_899,25,exit_to_Brisbane,25,20,0.44,0
dl_899,24,Gowrie_exit,24,20,0.44,0
dl_900,5,,,,,
dl_900,27,exit_to_Brisbane,27,21,0.44,0
dl_900,26,Gowrie_exit,26,21,0.44,0
dl_900,25,exit_to_Brisbane,25,20,0.44,0
dl_900,23,Gowrie_exit,23,19,0.44,0
dl_900,21,exit_to_Brisbane,21,17,0.44,0
dl_900,20,Gowrie_exit,20,17,0.44,0
dl_901,5,,,,,
dl_901,27,exit_to_Brisbane,27,21,0.44,0
dl_901,26,Gowrie_exit,26,21,0.44,0
dl_901,25,exit_to_Brisbane,25,20,0.44,0
dl_901,24,exit_to_Brisbane,24,19,0.44,0
dl_901,23,Gowrie_exit,23,19,0.44,0
dl_901,20,Gowrie_exit,20,17,0.44,0
dl_902,5,,,,,
dl_902,24,exit_to_Brisbane,24,19,0.44,0
dl_902,23,Gowrie_exit,23,19,0.44,0
dl_902,21,exit_to_Brisbane,21,17,0.44,0
dl_902,19,exit_to_Brisbane,19,15,0.44,0
dl_902,18,Gowrie_exit,18,16,0.44,0
dl_902,17,Gowrie_exit,17,15,0.44,0
dl_903,7,,,,,
dl_903,27,exit_to_Brisbane,27,21,0.44,0
dl_903,26,Gowrie_exit,26,21,0.44,0
dl_903,25,exit_to_Brisbane,25,20,0.44,0
dl_903,23,Gowrie_exit,23,19,0.44,0
dl_903,21,exit_to_Brisbane,21,17,0.44,0
dl_903,19,exit_to_Brisbane,19,15,0.44,0
dl_903,18,Gowrie_exit,18,16,0.44,0
dl_903,17,Gowrie_exit,17,15,0.44,0
dl_904,6,,,,,
dl_904,20,exit_to_Brisbane,20,16,0.44,0
dl_904,19,exit_to_Brisbane,19,15,0.44,0
dl_904,18,Gowrie_exit,18,16,0.44,0
dl_904,15,Wyreema_exit,15,13,0.44,0
dl_904,218,Gowrie_exit,216,14,0.44,0
dl_904,16,exit_to_Brisbane,16,13,0.44,0
dl_904,216,Gowrie_exit,216,14,0.44,0
dl_905,9,,,,,
dl_905,20,exit_to_Brisbane,20,16,0.44,0
dl_905,19,exit_to_Brisbane,19,15,0.44,0
dl_905,18,Gowrie_exit,18,16,0.44,0
dl_905,218,Gowrie_exit,216,14,0.44,0
dl_905,16,exit_to_Brisbane,16,13,0.44,0
dl_905,216,Gowrie_exit,216,14,0.44,0
dl_905,2,exit_to_Brisbane,2,3,0.44,0
dl_905,1,Wyreema_exit,1,2,0.44,0
dl_905,4,Wyreema_exit,4,3,0.44,0
dl_905,3,Wyreema_exit,1,2,0.44,0
dl_906,9,,,,,
dl_906,20,exit_to_Brisbane,20,16,0.44,0
dl_906,19,exit_to_Brisbane,19,15,0.44,0
dl_906,18,Gowrie_exit,18,16,0.44,0
dl_906,15,exit_to_Brisbane,15,2,0.44,0
dl_906,4,Wyreema_exit,4,3,0.44,0
dl_906,1,Wyreema_exit,1,2,0.44,0
dl_906,218,Gowrie_exit,216,14,0.44,0
dl_906,16,exit_to_Brisbane,16,13,0.44,0
dl_906,216,Gowrie_exit,216,14,0.44,0
dl_906,3,Wyreema_exit,1,2,0.44,0
dl_907,8,,,,,
dl_907,24,exit_to_Brisbane,24,19,0.44,0
dl_907,23,Gowrie_exit,23,19,0.44,0
dl_907,21,exit_to_Brisbane,21,17,0.44,0
dl_907,19,exit_to_Brisbane,19,15,0.44,0
dl_907,18,Gowrie_exit,18,16,0.44,0
dl_907,15,Wyreema_exit,15,13,0.44,0
dl_907,218,Gowrie_exit,216,14,0.44,0
dl_907,16,exit_to_Brisbane,16,13,0.44,0
dl_907,216,Gowrie_exit,216,14,0.44,0
dl_908,11,,,,,
dl_908,24,exit_to_Brisbane,24,19,0.44,0
dl_908,23,Gowrie_exit,23,19,0.44,0
dl_908,21,exit_to_Brisbane,21,17,0.44,0
dl_908,19,exit_to_Brisbane,19,15,0.44,0
dl_908,18,Gowrie_exit,18,16,0.44,0
dl_908,218,Gowrie_exit,216,14,0.44,0
dl_908,16,exit_to_Brisbane,16,13,0.44,0
dl_908,216,Gowrie_exit,216,14,0.44,0
dl_908,2,exit_to_Brisbane,2,3,0.44,0
dl_908,1,Wyreema_exit,1,2,0.44,0
dl_908,4,Wyreema_exit,4,3,0.44,0
dl_908,3,Wyreema_exit,1,2,0.44,0
dl_909,11,,,,,
dl_909,24,exit_to_Brisbane,24,19,0.44,0
dl_909,23,Gowrie_exit,23,19,0.44,0
dl_909,21,exit_to_Brisbane,21,17,0.44,0
dl_909,19,exit_to_Brisbane,19,15,0.44,0
dl_909,18,Gowrie_exit,18,16,0.44,0
dl_909,15,exit_to_Brisbane,15,2,0.44,0
dl_909,4,Wyreema_exit,4,3,0.44,0
dl_909,1,Wyreema_exit,1,2,0.44,0
dl_909,218,Gowrie_exit,216,14,0.44,0
dl_909,16,exit_to_Brisbane,16,13,0.44,0
dl_909,216,Gowrie_exit,216,14,0.44,0
dl_909,3,Wyreema_exit,1,2,0.44,0
dl_910,10,,,,,
dl_910,27,exit_to_Brisbane,27,21,0.44,0
dl_910,26,Gowrie_exit,26,21,0.44,0
dl_910,25,exit_to_Brisbane,25,20,0.44,0
dl_910,23,Gowrie_exit,23,19,0.44,0
dl_910,21,exit_to_Brisbane,21,17,0.44,0
dl_910,19,exit_to_Brisbane,19,15,0.44,0
dl_910,18,Gowrie_exit,18,16,0.44,0
dl_910,15,Wyreema_exit,15,13,0.44,0
dl_910,218,Gowrie_exit,216,14,0.44,0
dl_910,16,exit_to_Brisbane,16,13,0.44,0
dl_910,216,Gowrie_exit,216,14,0.44,0
dl_911,13,,,,,
dl_911,27,exit_to_Brisbane,27,21,0.44,0
dl_911,26,Gowrie_exit,26,21,0.44,0
dl_911,25,exit_to_Brisbane,25,20,0.44,0
dl_911,23,Gowrie_exit,23,19,0.44,0
dl_911,21,exit_to_Brisbane,21,17,0.44,0
dl_911,19,exit_to_Brisbane,19,15,0.44,0
dl_911,18,Gowrie_exit,18,16,0.44,0
dl_911,218,Gowrie_exit,216,14,0.44,0
dl_911,16,exit_to_Brisbane,16,13,0.44,0
dl_911,216,Gowrie_exit,216,14,0.44,0
dl_911,2,exit_to_Brisbane,2,3,0.44,0
dl_911,1,Wyreema_exit,1,2,0.44,0
dl_911,4,Wyreema_exit,4,3,0.44,0
dl_911,3,Wyreema_exit,1,2,0.44,0
dl_912,13,,,,,
dl_912,27,exit_to_Brisbane,27,21,0.44,0
dl_912,26,Gowrie_exit,26,21,0.44,0
dl_912,25,exit_to_Brisbane,25,20,0.44,0
dl_912,23,Gowrie_exit,23,19,0.44,0
dl_912,21,exit_to_Brisbane,21,17,0.44,0
dl_912,19,exit_to_Brisbane,19,15,0.44,0
dl_912,18,Gowrie_exit,18,16,0.44,0
dl_912,15,exit_to_Brisbane,15,2,0.44,0
dl_912,4,Wyreema_exit,4,3,0.44,0
dl_912,1,Wyreema_exit,1,2,0.44,0
dl_912,218,Gowrie_exit,216,14,0.44,0
dl_912,16,exit_to_Brisbane,16,13,0.44,0
dl_912,216,Gowrie_exit,216,14,0.44,0
dl_912,3,Wyreema_exit,1,2,0.44,0
dl_913,7,,,,,
dl_913,27,exit_to_Brisbane,27,21,0.44,0
dl_913,26,Gowrie_exit,26,21,0.44,0
dl_913,25,exit_to_Brisbane,25,20,0.44,0
dl_913,24,exit_to_Brisbane,24,19,0.44,0
dl_913,23,Gowrie_exit,23,19,0.44,0
dl_913,19,exit_to_Brisbane,19,15,0.44,0
dl_913,18,Gowrie_exit,18,16,0.44,0
dl_913,17,Gowrie_exit,17,15,0.44,0
dl_914,10,,,,,
dl_914,27,exit_to_Brisbane,27,21,0.44,0
dl_914,26,Gowrie_exit,26,21,0.44,0
dl_914,25,exit_to_Brisbane,25,20,0.44,0
dl_914,24,exit_to_Brisbane,24,19,0.44,0
dl_914,23,Gowrie_exit,23,19,0.44,0
dl_914,19,exit_to_Brisbane,19,15,0.44,0
dl_914,18,Gowrie_exit,18,16,0.44,0
dl_914,15,Wyreema_exit,15,13,0.44,0
dl_914,218,Gowrie_exit,216,14,0.44,0
dl_914,16,exit_to_Brisbane,16,13,0.44,0
dl_914,216,Gowrie_exit,216,14,0.44,0
dl_915,13,,,,,
dl_915,27,exit_to_Brisbane,27,21,0.44,0
dl_915,26,Gowrie_exit,26,21,0.44,0
dl_915,25,exit_to_Brisbane,25,20,0.44,0
dl_915,24,exit_to_Brisbane,24,19,0.44,0
dl_915,23,Gowrie_exit,23,19,0.44,0
dl_915,19,exit_to_Brisbane,19,15,0.44,0
dl_915,18,Gowrie_exit,18,16,0.44,0
dl_915,218,Gowrie_exit,216,14,0.44,0
dl_915,16,exit_to_Brisbane,16,13,0.44,0
dl_915,216,Gowrie_exit,216,14,0.44,0
dl_915,2,exit_to_Brisbane,2,3,0.44,0
dl_915,1,Wyreema_exit,1,2,0.44,0
dl_915,4,Wyreema_exit,4,3,0.44,0
dl_915,3,Wyreema_exit,1,2,0.44,0
dl_916,13,,,,,
dl_916,27,exit_to_Brisbane,27,21,0.44,0
dl_916,26,Gowrie_exit,26,21,0.44,0
dl_916,25,exit_to_Brisbane,25,20,0.44,0
dl_916,24,exit_to_Brisbane,24,19,0.44,0
dl_916,23,Gowrie_exit,23,19,0.44,0
dl_916,19,exit_to_Brisbane,19,15,0.44,0
dl_916,18,Gowrie_exit,18,16,0.44,0
dl_916,15,exit_to_Brisbane,15,2,0.44,0
dl_916,4,Wyreema_exit,4,3,0.44,0
dl_916,1,Wyreema_exit,1,2,0.44,0
dl_916,218,Gowrie_exit,216,14,0.44,0
dl_916,16,exit_to_Brisbane,16,13,0.44,0
dl_916,216,Gowrie_exit,216,14,0.44,0
dl_916,3,Wyreema_exit,1,2,0.44,0
dl_917,6,,,,,
dl_917,20,Wyreema_exit,20,17,0.44,0
dl_917,23,exit_to_Brisbane,23,17,0.44,0
dl_917,21,Wyreema_exit,22,19,0.44,0
dl_917,24,Wyreema_exit,24,20,0.44,0
dl_917,27,exit_to_Brisbane,27,21,0.44,0
dl_917,25,exit_to_Brisbane,25,20,0.44,0
dl_917,22,Wyreema_exit,22,19,0.44,0
dl_918,9,,,,,
dl_918,27,exit_to_Brisbane,27,21,0.44,0
dl_918,26,Gowrie_exit,26,21,0.44,0
dl_918,25,exit_to_Brisbane,25,20,0.44,0
dl_918,24,exit_to_Brisbane,24,19,0.44,0
dl_918,23,exit_to_Brisbane,23,17,0.44,0
dl_918,22,Gowrie_exit,22,19,0.44,0
dl_918,21,Gowrie_exit,22,19,0.44,0
dl_918,19,exit_to_Brisbane,19,15,0.44,0
dl_918,18,Gowrie_exit,18,16,0.44,0
dl_918,17,Wyreema_exit,17,15,0.44,0
dl_919,9,,,,,
dl_919,35,exit_to_Brisbane,35,28,0.44,0
dl_919,26,Gowrie_exit,26,21,0.44,0
dl_919,25,exit_to_Brisbane,25,20,0.44,0
dl_919,24,exit_to_Brisbane,24,19,0.44,0
dl_919,23,exit_to_Brisbane,23,17,0.44,0
dl_919,22,Gowrie_exit,22,19,0.44,0
dl_919,21,Gowrie_exit,22,19,0.44,0
dl_919,19,exit_to_Brisbane,19,15,0.44,0
dl_919,18,Gowrie_exit,18,16,0.44,0
dl_919,17,Wyreema_exit,17,15,0.44,0
dl_920,6,,,,,
dl_920,24,exit_to_Brisbane,24,19,0.44,0
dl_920,23,exit_to_Brisbane,23,17,0.44,0
dl_920,22,Gowrie_exit,22,19,0.44,0
dl_920,21,Gowrie_exit,22,19,0.44,0
dl_920,19,exit_to_Brisbane,19,15,0.44,0
dl_920,18,Gowrie_exit,18,16,0.44,0
dl_920,17,Wyreema_exit,17,15,0.44,0
dl_921,8,,,,,
dl_921,27,exit_to_Brisbane,27,21,0.44,0
dl_921,26,Gowrie_exit,26,21,0.44,0
dl_921,25,exit_to_Brisbane,25,20,0.44,0
dl_921,23,exit_to_Brisbane,23,17,0.44,0
dl_921,22,Gowrie_exit,22,19,0.44,0
dl_921,21,Gowrie_exit,22,19,0.44,0
dl_921,19,exit_to_Brisbane,19,15,0.44,0
dl_921,18,Gowrie_exit,18,16,0.44,0
dl_921,17,Wyreema_exit,17,15,0.44,0
dl_922,8,,,,,
dl_922,27,exit_to_Brisbane,27,21,0.44,0
dl_922,26,Gowrie_exit,26,21,0.44,0
dl_922,25,exit_to_Brisbane,25,20,0.44,0
dl_922,24,exit_to_Brisbane,24,19,0.44,0
dl_922,19,exit_to_Brisbane,19,15,0.44,0
dl_922,18,Gowrie_exit,18,16,0.44,0
dl_922,17,Wyreema_exit,17,15,0.44,0
dl_922,22,Gowrie_exit,22,19,0.44,0
dl_922,21,Gowrie_exit,22,19,0.44,0
dl_923,8,,,,,
dl_923,35,exit_to_Brisbane,35,28,0.44,0
dl_923,26,Gowrie_exit,26,21,0.44,0
dl_923,25,exit_to_Brisbane,25,20,0.44,0
dl_923,23,exit_to_Brisbane,23,17,0.44,0
dl_923,22,Gowrie_exit,22,19,0.44,0
dl_923,21,Gowrie_exit,22,19,0.44,0
dl_923,19,exit_to_Brisbane,19,15,0.44,0
dl_923,18,Gowrie_exit,18,16,0.44,0
dl_923,17,Wyreema_exit,17,15,0.44,0
dl_924,8,,,,,
dl_924,35,exit_to_Brisbane,35,28,0.44,0
dl_924,26,Gowrie_exit,26,21,0.44,0
dl_924,25,exit_to_Brisbane,25,20,0.44,0
dl_924,24,exit_to_Brisbane,24,19,0.44,0
dl_924,19,exit_to_Brisbane,19,15,0.44,0
dl_924,18,Gowrie_exit,18,16,0.44,0
dl_924,17,Wyreema_exit,17,15,0.44,0
dl_924,22,Gowrie_exit,22,19,0.44,0
dl_924,21,Gowrie_exit,22,19,0.44,0
dl_925,6,,,,,
dl_925,24,exit_to_Brisbane,24,19,0.44,0
dl_925,23,exit_to_Brisbane,23,17,0.44,0
dl_925,22,Gowrie_exit,22,19,0.44,0
dl_925,20,exit_to_Brisbane,20,16,0.44,0
dl_925,17,Wyreema_exit,17,15,0.44,0
dl_925,18,Gowrie_exit,18,16,0.44,0
dl_925,21,Gowrie_exit,22,19,0.44,0
dl_926,8,,,,,
dl_926,27,exit_to_Brisbane,27,21,0.44,0
dl_926,26,Gowrie_exit,26,21,0.44,0
dl_926,25,exit_to_Brisbane,25,20,0.44,0
dl_926,23,exit_to_Brisbane,23,17,0.44,0
dl_926,22,Gowrie_exit,22,19,0.44,0
dl_926,20,exit_to_Brisbane,20,16,0.44,0
dl_926,17,Wyreema_exit,17,15,0.44,0
dl_926,18,Gowrie_exit,18,16,0.44,0
dl_926,21,Gowrie_exit,22,19,0.44,0
dl_927,8,,,,,
dl_927,27,exit_to_Brisbane,27,21,0.44,0
dl_927,26,Gowrie_exit,26,21,0.44,0
dl_927,25,exit_to_Brisbane,25,20,0.44,0
dl_927,24,exit_to_Brisbane,24,19,0.44,0
dl_927,20,exit_to_Brisbane,20,16,0.44,0
dl_927,22,Gowrie_exit,22,19,0.44,0
dl_927,17,Wyreema_exit,17,15,0.44,0
dl_927,18,Gowrie_exit,18,16,0.44,0
dl_927,21,Gowrie_exit,22,19,0.44,0
dl_928,8,,,,,
dl_928,35,exit_to_Brisbane,35,28,0.44,0
dl_928,26,Gowrie_exit,26,21,0.44,0
dl_928,25,exit_to_Brisbane,25,20,0.44,0
dl_928,23,exit_to_Brisbane,23,17,0.44,0
dl_928,22,Gowrie_exit,22,19,0.44,0
dl_928,20,exit_to_Brisbane,20,16,0.44,0
dl_928,17,Wyreema_exit,17,15,0.44,0
dl_928,18,Gowrie_exit,18,16,0.44,0
dl_928,21,Gowrie_exit,22,19,0.44,0
dl_929,8,,,,,
dl_929,35,exit_to_Brisbane,35,28,0.44,0
dl_929,26,Gowrie_exit,26,21,0.44,0
dl_929,25,exit_to_Brisbane,25,20,0.44,0
dl_929,24,exit_to_Brisbane,24,19,0.44,0
dl_929,20,exit_to_Brisbane,20,16,0.44,0
dl_929,22,Gowrie_exit,22,19,0.44,0
dl_929,17,Wyreema_exit,17,15,0.44,0
dl_929,18,Gowrie_exit,18,16,0.44,0
dl_929,21,Gowrie_exit,22,19,0.44,0
dl_930,7,,,,,
dl_930,35,Wyreema_exit,35,28,0.44,0
dl_930,188,exit_to_Brisbane,188,147,0.44,0
dl_930,26,Gowrie_exit,26,21,0.44,0
dl_930,25,exit_to_Brisbane,25,20,0.44,0
dl_930,23,exit_to_Brisbane,23,17,0.44,0
dl_930,22,Wyreema_exit,22,19,0.44,0
dl_930,20,Gowrie_exit,20,17,0.44,0
dl_930,21,Wyreema_exit,22,19,0.44,0
dl_931,7,,,,,
dl_931,35,Wyreema_exit,35,28,0.44,0
dl_931,188,exit_to_Brisbane,188,147,0.44,0
dl_931,24,exit_to_Brisbane,24,19,0.44,0
dl_931,20,Gowrie_exit,20,17,0.44,0
dl_931,22,Wyreema_exit,22,19,0.44,0
dl_931,26,Gowrie_exit,26,21,0.44,0
dl_931,25,exit_to_Brisbane,25,20,0.44,0
dl_931,21,Wyreema_exit,22,19,0.44,0
dl_932,5,,,,,
dl_932,159,Gowrie_exit,159,120,0.44,0
dl_932,158,Wyreema_exit,158,119,0.44,0
dl_932,160,exit_to_Brisbane,160,120,0.44,0
dl_932,171,Gowrie_exit,171,131,0.44,0
dl_932,172,Wyreema_exit,172,132,0.44,0
dl_932,173,exit_to_Brisbane,173,132,0.44,0
dl_933,6,,,,,
dl_933,24,Wyreema_exit,24,20,0.44,0
dl_933,27,exit_to_Brisbane,27,21,0.44,0
dl_933,25,exit_to_Brisbane,25,20,0.44,0
dl_933,23,exit_to_Brisbane,23,17,0.44,0
dl_933,22,Wyreema_exit,22,19,0.44,0
dl_933,20,Gowrie_exit,20,17,0.44,0
dl_933,21,Wyreema_exit,22,19,0.44,0
dl_934,6,,,,,
dl_934,24,Wyreema_exit,24,20,0.44,0
dl_934,27,exit_to_Brisbane,27,21,0.44,0
dl_934,25,exit_to_Brisbane,25,20,0.44,0
dl_934,20,Gowrie_exit,20,17,0.44,0
dl_934,23,exit_to_Brisbane,23,17,0.44,0
dl_934,21,Gowrie_exit,22,19,0.44,0
dl_934,22,Gowrie_exit,22,19,0.44,0
dl_935,3,,,,,
dl_935,15,exit_to_Brisbane,15,2,0.44,0
dl_935,2,Wyreema_exit,2,2,0.44,0
dl_935,3,exit_to_Brisbane,3,3,0.44,0
dl_935,4,Gowrie_exit,4,3,0.44,0
dl_936,6,,,,,
dl_936,218,Gowrie_exit,216,14,0.44,0
dl_936,16,exit_to_Brisbane,16,13,0.44,0
dl_936,17,exit_to_Brisbane,17,14,0.44,0
dl_936,216,Gowrie_exit,216,14,0.44,0
dl_936,2,Wyreema_exit,2,2,0.44,0
dl_936,3,exit_to_Brisbane,3,3,0.44,0
dl_936,4,Gowrie_exit,4,3,0.44,0
dl_937,6,,,,,
dl_937,15,exit_to_Brisbane,15,2,0.44,0
dl_937,2,Wyreema_exit,2,2,0.44,0
dl_937,218,Gowrie_exit,216,14,0.44,0
dl_937,16,exit_to_Brisbane,16,13,0.44,0
dl_937,17,exit_to_Brisbane,17,14,0.44,0
dl_937,216,Gowrie_exit,216,14,0.44,0
dl_937,4,Gowrie_exit,4,3,0.44,0
dl_938,6,,,,,
dl_938,17,exit_to_Brisbane,17,14,0.44,0
dl_938,216,Wyreema_exit,216,14,0.44,0
dl_938,16,exit_to_Brisbane,16,13,0.44,0
dl_938,218,Wyreema_exit,216,14,0.44,0
dl_938,2,Gowrie_exit,2,2,0.44,0
dl_938,3,exit_to_Brisbane,3,3,0.44,0
dl_938,4,Wyreema_exit,4,3,0.44,0
dl_939,6,,,,,
dl_939,15,exit_to_Brisbane,15,2,0.44,0
dl_939,2,Gowrie_exit,2,2,0.44,0
dl_939,17,exit_to_Brisbane,17,14,0.44,0
dl_939,216,Wyreema_exit,216,14,0.44,0
dl_939,16,exit_to_Brisbane,16,13,0.44,0
dl_939,218,Wyreema_exit,216,14,0.44,0
dl_939,4,Wyreema_exit,4,3,0.44,0
dl_940,5,,,,,
dl_940,159,Gowrie_exit,159,120,0.44,0
dl_940,158,exit_to_Brisbane,158,119,0.44,0
dl_940,160,exit_to_Brisbane,160,120,0.44,0
dl_940,26,Gowrie_exit,26,21,0.44,0
dl_940,25,exit_to_Brisbane,25,20,0.44,0
dl_940,24,Wyreema_exit,24,20,0.44,0
dl_941,8,,,,,
dl_941,159,Gowrie_exit,159,120,0.44,0
dl_941,158,exit_to_Brisbane,158,119,0.44,0
dl_941,160,exit_to_Brisbane,160,120,0.44,0
dl_941,26,Gowrie_exit,26,21,0.44,0
dl_941,25,exit_to_Brisbane,25,20,0.44,0
dl_941,23,exit_to_Brisbane,23,17,0.44,0
dl_941,22,Wyreema_exit,22,19,0.44,0
dl_941,20,Gowrie_exit,20,17,0.44,0
dl_941,21,Wyreema_exit,22,19,0.44,0
dl_942,8,,,,,
dl_942,24,exit_to_Brisbane,24,19,0.44,0
dl_942,20,Gowrie_exit,20,17,0.44,0
dl_942,22,Wyreema_exit,22,19,0.44,0
dl_942,159,Gowrie_exit,159,120,0.44,0
dl_942,158,exit_to_Brisbane,158,119,0.44,0
dl_942,160,exit_to_Brisbane,160,120,0.44,0
dl_942,26,Gowrie_exit,26,21,0.44,0
dl_942,25,exit_to_Brisbane,25,20,0.44,0
dl_942,21,Wyreema_exit,22,19,0.44,0
dl_943,5,,,,,
dl_943,26,exit_to_Brisbane,26,20,0.44,0
dl_943,25,exit_to_Brisbane,25,20,0.44,0
dl_943,23,exit_to_Brisbane,23,17,0.44,0
dl_943,22,Gowrie_exit,22,19,0.44,0
dl_943,21,Gowrie_exit,22,19,0.44,0
dl_943,20,Wyreema_exit,20,17,0.44,0
dl_944,5,,,,,
dl_944,159,Gowrie_exit,159,120,0.44,0
dl_944,158,exit_to_Brisbane,158,119,0.44,0
dl_944,160,Wyreema_exit,160,120,0.44,0
dl_944,26,Gowrie_exit,26,21,0.44,0
dl_944,25,exit_to_Brisbane,25,20,0.44,0
dl_944,24,Gowrie_exit,24,20,0.44,0
dl_945,8,,,,,
dl_945,159,Gowrie_exit,159,120,0.44,0
dl_945,158,exit_to_Brisbane,158,119,0.44,0
dl_945,160,Wyreema_exit,160,120,0.44,0
dl_945,26,Gowrie_exit,26,21,0.44,0
dl_945,25,exit_to_Brisbane,25,20,0.44,0
dl_945,20,Gowrie_exit,20,17,0.44,0
dl_945,23,exit_to_Brisbane,23,17,0.44,0
dl_945,21,Gowrie_exit,22,19,0.44,0
dl_945,22,Gowrie_exit,22,19,0.44,0
dl_946,8,,,,,
dl_946,159,Gowrie_exit,159,120,0.44,0
dl_946,158,exit_to_Brisbane,158,119,0.44,0
dl_946,160,Wyreema_exit,160,120,0.44,0
dl_946,24,exit_to_Brisbane,24,19,0.44,0
dl_946,20,Gowrie_exit,20,17,0.44,0
dl_946,22,Gowrie_exit,22,19,0.44,0
dl_946,26,Gowrie_exit,26,21,0.44,0
dl_946,25,exit_to_Brisbane,25,20,0.44,0
dl_946,21,Gowrie_exit,22,19,0.44,0
dl_947,10,,,,,
dl_947,159,Gowrie_exit,159,120,0.44,0
dl_947,158,exit_to_Brisbane,158,119,0.44,0
dl_947,160,Wyreema_exit,160,120,0.44,0
dl_947,26,Gowrie_exit,26,21,0.44,0
dl_947,25,exit_to_Brisbane,25,20,0.44,0
dl_947,23,exit_to_Brisbane,23,17,0.44,0
dl_947,22,Gowrie_exit,22,19,0.44,0
dl_947,21,Gowrie_exit,22,19,0.44,0
dl_947,19,exit_to_Brisbane,19,15,0.44,0
dl_947,18,Gowrie_exit,18,16,0.44,0
dl_947,17,Wyreema_exit,17,15,0.44,0
dl_948,10,,,,,
dl_948,159,Gowrie_exit,159,120,0.44,0
dl_948,158,exit_to_Brisbane,158,119,0.44,0
dl_948,160,Wyreema_exit,160,120,0.44,0
dl_948,26,Gowrie_exit,26,21,0.44,0
dl_948,25,exit_to_Brisbane,25,20,0.44,0
dl_948,24,exit_to_Brisbane,24,19,0.44,0
dl_948,19,exit_to_Brisbane,19,15,0.44,0
dl_948,18,Gowrie_exit,18,16,0.44,0
dl_948,17,Wyreema_exit,17,15,0.44,0
dl_948,22,Gowrie_exit,22,19,0.44,0
dl_948,21,Gowrie_exit,22,19,0.44,0
dl_949,10,,,,,
dl_949,159,Gowrie_exit,159,120,0.44,0
dl_949,158,exit_to_Brisbane,158,119,0.44,0
dl_949,160,Wyreema_exit,160,120,0.44,0
dl_949,26,Gowrie_exit,26,21,0.44,0
dl_949,25,exit_to_Brisbane,25,20,0.44,0
dl_949,23,exit_to_Brisbane,23,17,0.44,0
dl_949,22,Gowrie_exit,22,19,0.44,0
dl_949,20,exit_to_Brisbane,20,16,0.44,0
dl_949,17,Wyreema_exit,17,15,0.44,0
dl_949,18,Gowrie_exit,18,16,0.44,0
dl_949,21,Gowrie_exit,22,19,0.44,0
dl_950,10,,,,,
dl_950,159,Gowrie_exit,159,120,0.44,0
dl_950,158,exit_to_Brisbane,158,119,0.44,0
dl_950,160,Wyreema_exit,160,120,0.44,0
dl_950,26,Gowrie_exit,26,21,0.44,0
dl_950,25,exit_to_Brisbane,25,20,0.44,0
dl_950,24,exit_to_Brisbane,24,19,0.44,0
dl_950,20,exit_to_Brisbane,20,16,0.44,0
dl_950,22,Gowrie_exit,22,19,0.44,0
dl_950,17,Wyreema_exit,17,15,0.44,0
dl_950,18,Gowrie_exit,18,16,0.44,0
dl_950,21,Gowrie_exit,22,19,0.44,0
dl_951,6,,,,,
dl_951,27,exit_to_Brisbane,27,21,0.44,0
dl_951,26,Gowrie_exit,26,21,0.44,0
dl_951,35,exit_to_Brisbane,35,28,0.44,0
dl_951,20,Gowrie_exit,20,17,0.44,0
dl_951,23,exit_to_Brisbane,23,17,0.44,0
dl_951,21,Gowrie_exit,22,19,0.44,0
dl_951,22,Gowrie_exit,22,19,0.44,0
dl_952,6,,,,,
dl_952,27,exit_to_Brisbane,27,21,0.44,0
dl_952,26,Gowrie_exit,26,21,0.44,0
dl_952,24,exit_to_Brisbane,24,19,0.44,0
dl_952,20,Gowrie_exit,20,17,0.44,0
dl_952,22,Gowrie_exit,22,19,0.44,0
dl_952,35,exit_to_Brisbane,35,28,0.44,0
dl_952,21,Gowrie_exit,22,19,0.44,0
dl_953,8,,,,,
dl_953,27,exit_to_Brisbane,27,21,0.44,0
dl_953,26,Gowrie_exit,26,21,0.44,0
dl_953,35,exit_to_Brisbane,35,28,0.44,0
dl_953,23,exit_to_Brisbane,23,17,0.44,0
dl_953,22,Gowrie_exit,22,19,0.44,0
dl_953,21,Gowrie_exit,22,19,0.44,0
dl_953,19,exit_to_Brisbane,19,15,0.44,0
dl_953,18,Gowrie_exit,18,16,0.44,0
dl_953,17,Wyreema_exit,17,15,0.44,0
dl_954,8,,,,,
dl_954,27,exit_to_Brisbane,27,21,0.44,0
dl_954,26,Gowrie_exit,26,21,0.44,0
dl_954,35,exit_to_Brisbane,35,28,0.44,0
dl_954,24,exit_to_Brisbane,24,19,0.44,0
dl_954,19,exit_to_Brisbane,19,15,0.44,0
dl_954,18,Gowrie_exit,18,16,0.44,0
dl_954,17,Wyreema_exit,17,15,0.44,0
dl_954,22,Gowrie_exit,22,19,0.44,0
dl_954,21,Gowrie_exit,22,19,0.44,0
dl_955,8,,,,,
dl_955,27,exit_to_Brisbane,27,21,0.44,0
dl_955,26,Gowrie_exit,26,21,0.44,0
dl_955,35,exit_to_Brisbane,35,28,0.44,0
dl_955,23,exit_to_Brisbane,23,17,0.44,0
dl_955,22,Gowrie_exit,22,19,0.44,0
dl_955,20,exit_to_Brisbane,20,16,0.44,0
dl_955,17,Wyreema_exit,17,15,0.44,0
dl_955,18,Gowrie_exit,18,16,0.44,0
dl_955,21,Gowrie_exit,22,19,0.44,0
dl_956,8,,,,,
dl_956,27,exit_to_Brisbane,27,21,0.44,0
dl_956,26,Gowrie_exit,26,21,0.44,0
dl_956,35,exit_to_Brisbane,35,28,0.44,0
dl_956,24,exit_to_Brisbane,24,19,0.44,0
dl_956,20,exit_to_Brisbane,20,16,0.44,0
dl_956,22,Gowrie_exit,22,19,0.44,0
dl_956,17,Wyreema_exit,17,15,0.44,0
dl_956,18,Gowrie_exit,18,16,0.44,0
dl_956,21,Gowrie_exit,22,19,0.44,0
dl_957,5,,,,,
dl_957,27,exit_to_Brisbane,27,21,0.44,0
dl_957,26,Gowrie_exit,26,21,0.44,0
dl_957,159,Gowrie_exit,159,120,0.44,0
dl_957,158,exit_to_Brisbane,158,119,0.44,0
dl_957,160,Wyreema_exit,160,120,0.44,0
dl_957,24,Gowrie_exit,24,20,0.44,0
dl_958,8,,,,,
dl_958,27,exit_to_Brisbane,27,21,0.44,0
dl_958,26,Gowrie_exit,26,21,0.44,0
dl_958,159,Gowrie_exit,159,120,0.44,0
dl_958,158,exit_to_Brisbane,158,119,0.44,0
dl_958,160,Wyreema_exit,160,120,0.44,0
dl_958,20,Gowrie_exit,20,17,0.44,0
dl_958,23,exit_to_Brisbane,23,17,0.44,0
dl_958,21,Gowrie_exit,22,19,0.44,0
dl_958,22,Gowrie_exit,22,19,0.44,0
dl_959,8,,,,,
dl_959,27,exit_to_Brisbane,27,21,0.44,0
dl_959,26,Gowrie_exit,26,21,0.44,0
dl_959,159,Gowrie_exit,159,120,0.44,0
dl_959,158,exit_to_Brisbane,158,119,0.44,0
dl_959,160,Wyreema_exit,160,120,0.44,0
dl_959,24,exit_to_Brisbane,24,19,0.44,0
dl_959,20,Gowrie_exit,20,17,0.44,0
dl_959,22,Gowrie_exit,22,19,0.44,0
dl_959,21,Gowrie_exit,22,19,0.44,0
dl_960,10,,,,,
dl_960,27,exit_to_Brisbane,27,21,0.44,0
dl_960,26,Gowrie_exit,26,21,0.44,0
dl_960,159,Gowrie_exit,159,120,0.44,0
dl_960,158,exit_to_Brisbane,158,119,0.44,0
dl_960,160,Wyreema_exit,160,120,0.44,0
dl_960,23,exit_to_Brisbane,23,17,0.44,0
dl_960,22,Gowrie_exit,22,19,0.44,0
dl_960,21,Gowrie_exit,22,19,0.44,0
dl_960,19,exit_to_Brisbane,19,15,0.44,0
dl_960,18,Gowrie_exit,18,16,0.44,0
dl_960,17,Wyreema_exit,17,15,0.44,0
dl_961,10,,,,,
dl_961,27,exit_to_Brisbane,27,21,0.44,0
dl_961,26,Gowrie_exit,26,21,0.44,0
dl_961,159,Gowrie_exit,159,120,0.44,0
dl_961,158,exit_to_Brisbane,158,119,0.44,0
dl_961,160,Wyreema_exit,160,120,0.44,0
dl_961,24,exit_to_Brisbane,24,19,0.44,0
dl_961,19,exit_to_Brisbane,19,15,0.44,0
dl_961,18,Gowrie_exit,18,16,0.44,0
dl_961,17,Wyreema_exit,17,15,0.44,0
dl_961,22,Gowrie_exit,22,19,0.44,0
dl_961,21,Gowrie_exit,22,19,0.44,0
dl_962,10,,,,,
dl_962,27,exit_to_Brisbane,27,21,0.44,0
dl_962,26,Gowrie_exit,26,21,0.44,0
dl_962,159,Gowrie_exit,159,120,0.44,0
dl_962,158,exit_to_Brisbane,158,119,0.44,0
dl_962,160,Wyreema_exit,160,120,0.44,0
dl_962,23,exit_to_Brisbane,23,17,0.44,0
dl_962,22,Gowrie_exit,22,19,0.44,0
dl_962,20,exit_to_Brisbane,20,16,0.44,0
dl_962,17,Wyreema_exit,17,15,0.44,0
dl_962,18,Gowrie_exit,18,16,0.44,0
dl_962,21,Gowrie_exit,22,19,0.44,0
dl_963,10,,,,,
dl_963,27,exit_to_Brisbane,27,21,0.44,0
dl_963,26,Gowrie_exit,26,21,0.44,0
dl_963,159,Gowrie_exit,159,120,0.44,0
dl_963,158,exit_to_Brisbane,158,119,0.44,0
dl_963,160,Wyreema_exit,160,120,0.44,0
dl_963,24,exit_to_Brisbane,24,19,0.44,0
dl_963,20,exit_to_Brisbane,20,16,0.44,0
dl_963,22,Gowrie_exit,22,19,0.44,0
dl_963,17,Wyreema_exit,17,15,0.44,0
dl_963,18,Gowrie_exit,18,16,0.44,0
dl_963,21,Gowrie_exit,22,19,0.44,0
dl_964,7,,,,,
dl_964,27,exit_to_Brisbane,27,21,0.44,0
dl_964,26,Gowrie_exit,26,21,0.44,0
dl_964,35,Wyreema_exit,35,28,0.44,0
dl_964,188,exit_to_Brisbane,188,147,0.44,0
dl_964,23,exit_to_Brisbane,23,17,0.44,0
dl_964,22,Wyreema_exit,22,19,0.44,0
dl_964,20,Gowrie_exit,20,17,0.44,0
dl_964,21,Wyreema_exit,22,19,0.44,0
dl_965,7,,,,,
dl_965,27,exit_to_Brisbane,27,21,0.44,0
dl_965,26,Gowrie_exit,26,21,0.44,0
dl_965,35,Wyreema_exit,35,28,0.44,0
dl_965,188,exit_to_Brisbane,188,147,0.44,0
dl_965,24,exit_to_Brisbane,24,19,0.44,0
dl_965,20,Gowrie_exit,20,17,0.44,0
dl_965,22,Wyreema_exit,22,19,0.44,0
dl_965,21,Wyreema_exit,22,19,0.44,0
dl_966,6,,,,,
dl_966,35,Wyreema_exit,35,28,0.44,0
dl_966,173,exit_to_Brisbane,173,132,0.44,0
dl_966,172,Gowrie_exit,172,131,0.44,0
dl_966,159,Gowrie_exit,159,120,0.44,0
dl_966,158,Wyreema_exit,158,119,0.44,0
dl_966,160,Wyreema_exit,160,120,0.44,0
dl_966,28,Gowrie_exit,28,23,0.44,0
dl_967,7,,,,,
dl_967,35,Wyreema_exit,35,28,0.44,0
dl_967,189,exit_to_Brisbane,30,24,0.44,0
dl_967,26,exit_to_Brisbane,26,20,0.44,0
dl_967,25,Gowrie_exit,25,21,0.44,0
dl_967,23,exit_to_Brisbane,23,17,0.44,0
dl_967,22,Wyreema_exit,22,19,0.44,0
dl_967,20,Gowrie_exit,20,17,0.44,0
dl_967,21,Wyreema_exit,22,19,0.44,0
dl_968,7,,,,,
dl_968,35,Wyreema_exit,35,28,0.44,0
dl_968,188,exit_to_Brisbane,188,147,0.44,0
dl_968,26,exit_to_Brisbane,26,20,0.44,0
dl_968,25,Gowrie_exit,25,21,0.44,0
dl_968,23,exit_to_Brisbane,23,17,0.44,0
dl_968,22,Wyreema_exit,22,19,0.44,0
dl_968,20,Gowrie_exit,20,17,0.44,0
dl_968,21,Wyreema_exit,22,19,0.44,0
dl_969,7,,,,,
dl_969,27,exit_to_Brisbane,27,21,0.44,0
dl_969,23,exit_to_Brisbane,23,17,0.44,0
dl_969,22,Wyreema_exit,22,19,0.44,0
dl_969,20,Gowrie_exit,20,17,0.44,0
dl_969,21,Wyreema_exit,22,19,0.44,0
dl_969,25,Gowrie_exit,25,21,0.44,0
dl_969,35,Wyreema_exit,35,28,0.44,0
dl_969,189,exit_to_Brisbane,30,24,0.44,0
dl_970,7,,,,,
dl_970,27,exit_to_Brisbane,27,21,0.44,0
dl_970,23,exit_to_Brisbane,23,17,0.44,0
dl_970,22,Wyreema_exit,22,19,0.44,0
dl_970,20,Gowrie_exit,20,17,0.44,0
dl_970,21,Wyreema_exit,22,19,0.44,0
dl_970,25,Gowrie_exit,25,21,0.44,0
dl_970,35,Wyreema_exit,35,28,0.44,0
dl_970,188,exit_to_Brisbane,188,147,0.44,0
dl_971,5,,,,,
dl_971,27,exit_to_Brisbane,27,21,0.44,0
dl_971,26,Wyreema_exit,26,21,0.44,0
dl_971,25,exit_to_Brisbane,25,20,0.44,0
dl_971,23,Gowrie_exit,23,19,0.44,0
dl_971,21,exit_to_Brisbane,21,17,0.44,0
dl_971,20,Gowrie_exit,20,17,0.44,0
dl_972,5,,,,,
dl_972,24,exit_to_Brisbane,24,19,0.44,0
dl_972,23,Gowrie_exit,23,19,0.44,0
dl_972,27,exit_to_Brisbane,27,21,0.44,0
dl_972,26,Wyreema_exit,26,21,0.44,0
dl_972,25,exit_to_Brisbane,25,20,0.44,0
dl_972,20,Gowrie_exit,20,17,0.44,0
dl_973,5,,,,,
dl_973,23,Gowrie_exit,23,19,0.44,0
dl_973,21,exit_to_Brisbane,21,17,0.44,0
dl_973,20,Gowrie_exit,20,17,0.44,0
dl_973,35,exit_to_Brisbane,35,28,0.44,0
dl_973,26,Gowrie_exit,26,21,0.44,0
dl_973,25,exit_to_Brisbane,25,20,0.44,0
dl_974,5,,,,,
dl_974,24,Gowrie_exit,24,20,0.44,0
dl_974,27,exit_to_Brisbane,27,21,0.44,0
dl_974,25,exit_to_Brisbane,25,20,0.44,0
dl_974,23,Gowrie_exit,23,19,0.44,0
dl_974,21,exit_to_Brisbane,21,17,0.44,0
dl_974,20,Gowrie_exit,20,17,0.44,0
dl_975,5,,,,,
dl_975,24,Gowrie_exit,24,20,0.44,0
dl_975,35,exit_to_Brisbane,35,28,0.44,0
dl_975,25,exit_to_Brisbane,25,20,0.44,0
dl_975,23,Gowrie_exit,23,19,0.44,0
dl_975,21,exit_to_Brisbane,21,17,0.44,0
dl_975,20,Gowrie_exit,20,17,0.44,0
dl_976,5,,,,,
dl_976,24,Gowrie_exit,24,20,0.44,0
dl_976,26,Gowrie_exit,26,21,0.44,0
dl_976,25,exit_to_Brisbane,25,20,0.44,0
dl_976,159,Gowrie_exit,159,120,0.44,0
dl_976,158,exit_to_Brisbane,158,119,0.44,0
dl_976,160,exit_to_Brisbane,160,120,0.44,0
dl_977,7,,,,,
dl_977,23,Gowrie_exit,23,19,0.44,0
dl_977,21,exit_to_Brisbane,21,17,0.44,0
dl_977,20,Gowrie_exit,20,17,0.44,0
dl_977,26,Gowrie_exit,26,21,0.44,0
dl_977,25,exit_to_Brisbane,25,20,0.44,0
dl_977,159,Gowrie_exit,159,120,0.44,0
dl_977,158,exit_to_Brisbane,158,119,0.44,0
dl_977,160,exit_to_Brisbane,160,120,0.44,0
dl_978,7,,,,,
dl_978,24,Gowrie_exit,24,20,0.44,0
dl_978,159,Gowrie_exit,159,120,0.44,0
dl_978,158,exit_to_Brisbane,158,119,0.44,0
dl_978,160,exit_to_Brisbane,160,120,0.44,0
dl_978,25,exit_to_Brisbane,25,20,0.44,0
dl_978,23,Gowrie_exit,23,19,0.44,0
dl_978,21,exit_to_Brisbane,21,17,0.44,0
dl_978,20,Gowrie_exit,20,17,0.44,0
dl_979,5,,,,,
dl_979,24,exit_to_Brisbane,24,19,0.44,0
dl_979,23,Gowrie_exit,23,19,0.44,0
dl_979,20,Gowrie_exit,20,17,0.44,0
dl_979,35,exit_to_Brisbane,35,28,0.44,0
dl_979,26,Gowrie_exit,26,21,0.44,0
dl_979,25,exit_to_Brisbane,25,20,0.44,0
dl_980,5,,,,,
dl_980,26,Gowrie_exit,26,21,0.44,0
dl_980,35,exit_to_Brisbane,35,28,0.44,0
dl_980,27,exit_to_Brisbane,27,21,0.44,0
dl_980,23,Gowrie_exit,23,19,0.44,0
dl_980,21,exit_to_Brisbane,21,17,0.44,0
dl_980,20,Gowrie_exit,20,17,0.44,0
dl_981,5,,,,,
dl_981,24,exit_to_Brisbane,24,19,0.44,0
dl_981,23,Gowrie_exit,23,19,0.44,0
dl_981,26,Gowrie_exit,26,21,0.44,0
dl_981,35,exit_to_Brisbane,35,28,0.44,0
dl_981,27,exit_to_Brisbane,27,21,0.44,0
dl_981,20,Gowrie_exit,20,17,0.44,0
dl_982,4,,,,,
dl_982,171,Wyreema_exit,171,132,0.44,0
dl_982,172,Gowrie_exit,172,131,0.44,0
dl_982,173,exit_to_Brisbane,173,132,0.44,0
dl_982,159,Wyreema_exit,159,119,0.44,0
dl_982,158,Wyreema_exit,158,119,0.44,0
dl_983,4,,,,,
dl_983,170,Wyreema_exit,170,131,0.44,0
dl_983,173,exit_to_Brisbane,173,132,0.44,0
dl_983,172,Gowrie_exit,172,131,0.44,0
dl_983,159,Wyreema_exit,159,119,0.44,0
dl_983,158,Wyreema_exit,158,119,0.44,0
dl_984,5,,,,,
dl_984,157,Gowrie_exit,157,119,0.44,0
dl_984,160,Wyreema_exit,160,120,0.44,0
dl_984,158,exit_to_Brisbane,158,119,0.44,0
dl_984,26,Gowrie_exit,26,21,0.44,0
dl_984,25,exit_to_Brisbane,25,20,0.44,0
dl_984,24,Wyreema_exit,24,20,0.44,0
dl_985,6,,,,,
dl_985,35,exit_to_Brisbane,35,28,0.44,0
dl_985,28,Wyreema_exit,28,23,0.44,0
dl_985,188,Gowrie_exit,31,26,0.44,0
dl_985,171,exit_to_Brisbane,171,131,0.44,0
dl_985,172,exit_to_Brisbane,172,131,0.44,0
dl_985,191,Wyreema_exit,191,146,0.44,0
dl_985,189,Gowrie_exit,31,26,0.44,0
dl_986,3,,,,,
dl_986,28,Gowrie_exit,28,23,0.44,0
dl_986,159,Wyreema_exit,159,119,0.44,0
dl_986,158,exit_to_Brisbane,158,119,0.44,0
dl_986,31,Gowrie_exit,31,26,0.44,0
dl_987,6,,,,,
dl_987,20,exit_to_Brisbane,20,16,0.44,0
dl_987,19,Gowrie_exit,19,16,0.44,0
dl_987,18,exit_to_Brisbane,18,15,0.44,0
dl_987,216,Wyreema_exit,216,14,0.44,0
dl_987,16,exit_to_Brisbane,16,13,0.44,0
dl_987,15,Gowrie_exit,15,13,0.44,0
dl_987,218,Wyreema_exit,216,14,0.44,0
dl_988,9,,,,,
dl_988,20,exit_to_Brisbane,20,16,0.44,0
dl_988,19,Gowrie_exit,19,16,0.44,0
dl_988,18,exit_to_Brisbane,18,15,0.44,0
dl_988,216,Wyreema_exit,216,14,0.44,0
dl_988,16,exit_to_Brisbane,16,13,0.44,0
dl_988,218,Wyreema_exit,216,14,0.44,0
dl_988,2,exit_to_Brisbane,2,3,0.44,0
dl_988,1,Gowrie_exit,1,2,0.44,0
dl_988,4,Wyreema_exit,4,3,0.44,0
dl_988,3,Gowrie_exit,1,2,0.44,0
dl_989,9,,,,,
dl_989,20,exit_to_Brisbane,20,16,0.44,0
dl_989,19,Gowrie_exit,19,16,0.44,0
dl_989,18,exit_to_Brisbane,18,15,0.44,0
dl_989,15,exit_to_Brisbane,15,2,0.44,0
dl_989,4,Wyreema_exit,4,3,0.44,0
dl_989,1,Gowrie_exit,1,2,0.44,0
dl_989,216,Wyreema_exit,216,14,0.44,0
dl_989,16,exit_to_Brisbane,16,13,0.44,0
dl_989,218,Wyreema_exit,216,14,0.44,0
dl_989,3,Gowrie_exit,1,2,0.44,0
dl_990,6,,,,,
dl_990,189,exit_to_Brisbane,30,24,0.44,0
dl_990,159,Gowrie_exit,159,120,0.44,0
dl_990,158,Wyreema_exit,158,119,0.44,0
dl_990,160,exit_to_Brisbane,160,120,0.44,0
dl_990,26,exit_to_Brisbane,26,20,0.44,0
dl_990,25,Gowrie_exit,25,21,0.44,0
dl_990,24,Gowrie_exit,24,20,0.44,0
dl_991,6,,,,,
dl_991,157,Gowrie_exit,157,119,0.44,0
dl_991,160,exit_to_Brisbane,160,120,0.44,0
dl_991,158,Wyreema_exit,158,119,0.44,0
dl_991,189,exit_to_Brisbane,30,24,0.44,0
dl_991,26,exit_to_Brisbane,26,20,0.44,0
dl_991,25,Gowrie_exit,25,21,0.44,0
dl_991,24,Gowrie_exit,24,20,0.44,0
dl_992,6,,,,,
dl_992,188,exit_to_Brisbane,188,147,0.44,0
dl_992,159,Gowrie_exit,159,120,0.44,0
dl_992,158,Wyreema_exit,158,119,0.44,0
dl_992,160,exit_to_Brisbane,160,120,0.44,0
dl_992,26,exit_to_Brisbane,26,20,0.44,0
dl_992,25,Gowrie_exit,25,21,0.44,0
dl_992,24,Gowrie_exit,24,20,0.44,0
dl_993,6,,,,,
dl_993,157,Gowrie_exit,157,119,0.44,0
dl_993,160,exit_to_Brisbane,160,120,0.44,0
dl_993,158,Wyreema_exit,158,119,0.44,0
dl_993,188,exit_to_Brisbane,188,147,0.44,0
dl_993,26,exit_to_Brisbane,26,20,0.44,0
dl_993,25,Gowrie_exit,25,21,0.44,0
dl_993,24,Gowrie_exit,24,20,0.44,0
dl_994,6,,,,,
dl_994,35,Gowrie_exit,35,29,0.44,0
dl_994,160,exit_to_Brisbane,160,120,0.44,0
dl_994,158,Wyreema_exit,158,119,0.44,0
dl_994,189,exit_to_Brisbane,30,24,0.44,0
dl_994,26,exit_to_Brisbane,26,20,0.44,0
dl_994,25,Gowrie_exit,25,21,0.44,0
dl_994,24,Gowrie_exit,24,20,0.44,0
dl_995,6,,,,,
dl_995,35,Gowrie_exit,35,29,0.44,0
dl_995,160,exit_to_Brisbane,160,120,0.44,0
dl_995,158,Wyreema_exit,158,119,0.44,0
dl_995,188,exit_to_Brisbane,188,147,0.44,0
dl_995,26,exit_to_Brisbane,26,20,0.44,0
dl_995,25,Gowrie_exit,25,21,0.44,0
dl_995,24,Gowrie_exit,24,20,0.44,0
dl_996,9,,,,,
dl_996,189,exit_to_Brisbane,30,24,0.44,0
dl_996,26,Gowrie_exit,26,21,0.44,0
dl_996,25,exit_to_Brisbane,25,20,0.44,0
dl_996,159,Gowrie_exit,159,120,0.44,0
dl_996,158,Wyreema_exit,158,119,0.44,0
dl_996,160,Wyreema_exit,160,120,0.44,0
dl_996,23,exit_to_Brisbane,23,17,0.44,0
dl_996,22,Gowrie_exit,22,19,0.44,0
dl_996,21,Gowrie_exit,22,19,0.44,0
dl_996,20,Wyreema_exit,20,17,0.44,0
dl_997,9,,,,,
dl_997,157,Gowrie_exit,157,119,0.44,0
dl_997,160,Wyreema_exit,160,120,0.44,0
dl_997,158,Wyreema_exit,158,119,0.44,0
dl_997,189,exit_to_Brisbane,30,24,0.44,0
dl_997,26,Gowrie_exit,26,21,0.44,0
dl_997,25,exit_to_Brisbane,25,20,0.44,0
dl_997,23,exit_to_Brisbane,23,17,0.44,0
dl_997,22,Gowrie_exit,22,19,0.44,0
dl_997,21,Gowrie_exit,22,19,0.44,0
dl_997,20,Wyreema_exit,20,17,0.44,0
dl_998,9,,,,,
dl_998,24,exit_to_Brisbane,24,19,0.44,0
dl_998,20,Wyreema_exit,20,17,0.44,0
dl_998,22,Gowrie_exit,22,19,0.44,0
dl_998,189,exit_to_Brisbane,30,24,0.44,0
dl_998,26,Gowrie_exit,26,21,0.44,0
dl_998,25,exit_to_Brisbane,25,20,0.44,0
dl_998,159,Gowrie_exit,159,120,0.44,0
dl_998,158,Wyreema_exit,158,119,0.44,0
dl_998,160,Wyreema_exit,160,120,0.44,0
dl_998,21,Gowrie_exit,22,19,0.44,0
dl_999,9,,,,,
dl_999,24,exit_to_Brisbane,24,19,0.44,0
dl_999,20,Wyreema_exit,20,17,0.44,0
dl_999,22,Gowrie_exit,22,19,0.44,0
dl_999,157,Gowrie_exit,157,119,0.44,0
dl_999,160,Wyreema_exit,160,120,0.44,0
dl_999,158,Wyreema_exit,158,119,0.44,0
dl_999,189,exit_to_Brisbane,30,24,0.44,0
dl_999,26,Gowrie_exit,26,21,0.44,0
dl_999,25,exit_to_Brisbane,25,20,0.44,0
dl_999,21,Gowrie_exit,22,19,0.44,0
dl_1000,9,,,,,
dl_1000,188,exit_to_Brisbane,188,147,0.44,0
dl_1000,26,Gowrie_exit,26,21,0.44,0
dl_1000,25,exit_to_Brisbane,25,20,0.44,0
dl_1000,159,Gowrie_exit,159,120,0.44,0
dl_1000,158,Wyreema_exit,158,119,0.44,0
dl_1000,160,Wyreema_exit,160,120,0.44,0
dl_1000,23,exit_to_Brisbane,23,17,0.44,0
dl_1000,22,Gowrie_exit,22,19,0.44,0
dl_1000,21,Gowrie_exit,22,19,0.44,0
dl_1000,20,Wyreema_exit,20,17,0.44,0
dl_1001,9,,,,,
dl_1001,157,Gowrie_exit,157,119,0.44,0
dl_1001,160,Wyreema_exit,160,120,0.44,0
dl_1001,158,Wyreema_exit,158,119,0.44,0
dl_1001,188,exit_to_Brisbane,188,147,0.44,0
dl_1001,26,Gowrie_exit,26,21,0.44,0
dl_1001,25,exit_to_Brisbane,25,20,0.44,0
dl_1001,23,exit_to_Brisbane,23,17,0.44,0
dl_1001,22,Gowrie_exit,22,19,0.44,0
dl_1001,21,Gowrie_exit,22,19,0.44,0
dl_1001,20,Wyreema_exit,20,17,0.44,0
dl_1002,9,,,,,
dl_1002,24,exit_to_Brisbane,24,19,0.44,0
dl_1002,20,Wyreema_exit,20,17,0.44,0
dl_1002,22,Gowrie_exit,22,19,0.44,0
dl_1002,188,exit_to_Brisbane,188,147,0.44,0
dl_1002,26,Gowrie_exit,26,21,0.44,0
dl_1002,25,exit_to_Brisbane,25,20,0.44,0
dl_1002,159,Gowrie_exit,159,120,0.44,0
dl_1002,158,Wyreema_exit,158,119,0.44,0
dl_1002,160,Wyreema_exit,160,120,0.44,0
dl_1002,21,Gowrie_exit,22,19,0.44,0
dl_1003,9,,,,,
dl_1003,24,exit_to_Brisbane,24,19,0.44,0
dl_1003,20,Wyreema_exit,20,17,0.44,0
dl_1003,22,Gowrie_exit,22,19,0.44,0
dl_1003,157,Gowrie_exit,157,119,0.44,0
dl_1003,160,Wyreema_exit,160,120,0.44,0
dl_1003,158,Wyreema_exit,158,119,0.44,0
dl_1003,188,exit_to_Brisbane,188,147,0.44,0
dl_1003,26,Gowrie_exit,26,21,0.44,0
dl_1003,25,exit_to_Brisbane,25,20,0.44,0
dl_1003,21,Gowrie_exit,22,19,0.44,0
dl_1004,6,,,,,
dl_1004,35,Gowrie_exit,35,29,0.44,0
dl_1004,160,Wyreema_exit,160,120,0.44,0
dl_1004,158,Wyreema_exit,158,119,0.44,0
dl_1004,189,exit_to_Brisbane,30,24,0.44,0
dl_1004,26,Gowrie_exit,26,21,0.44,0
dl_1004,25,exit_to_Brisbane,25,20,0.44,0
dl_1004,24,Gowrie_exit,24,20,0.44,0
dl_1005,9,,,,,
dl_1005,35,Gowrie_exit,35,29,0.44,0
dl_1005,160,Wyreema_exit,160,120,0.44,0
dl_1005,158,Wyreema_exit,158,119,0.44,0
dl_1005,189,exit_to_Brisbane,30,24,0.44,0
dl_1005,26,Gowrie_exit,26,21,0.44,0
dl_1005,25,exit_to_Brisbane,25,20,0.44,0
dl_1005,23,exit_to_Brisbane,23,17,0.44,0
dl_1005,22,Gowrie_exit,22,19,0.44,0
dl_1005,21,Gowrie_exit,22,19,0.44,0
dl_1005,20,Wyreema_exit,20,17,0.44,0
dl_1006,9,,,,,
dl_1006,24,exit_to_Brisbane,24,19,0.44,0
dl_1006,20,Wyreema_exit,20,17,0.44,0
dl_1006,22,Gowrie_exit,22,19,0.44,0
dl_1006,35,Gowrie_exit,35,29,0.44,0
dl_1006,160,Wyreema_exit,160,120,0.44,0
dl_1006,158,Wyreema_exit,158,119,0.44,0
dl_1006,189,exit_to_Brisbane,30,24,0.44,0
dl_1006,26,Gowrie_exit,26,21,0.44,0
dl_1006,25,exit_to_Brisbane,25,20,0.44,0
dl_1006,21,Gowrie_exit,22,19,0.44,0
dl_1007,6,,,,,
dl_1007,35,Gowrie_exit,35,29,0.44,0
dl_1007,160,Wyreema_exit,160,120,0.44,0
dl_1007,158,Wyreema_exit,158,119,0.44,0
dl_1007,188,exit_to_Brisbane,188,147,0.44,0
dl_1007,26,Gowrie_exit,26,21,0.44,0
dl_1007,25,exit_to_Brisbane,25,20,0.44,0
dl_1007,24,Gowrie_exit,24,20,0.44,0
dl_1008,9,,,,,
dl_1008,35,Gowrie_exit,35,29,0.44,0
dl_1008,160,Wyreema_exit,160,120,0.44,0
dl_1008,158,Wyreema_exit,158,119,0.44,0
dl_1008,188,exit_to_Brisbane,188,147,0.44,0
dl_1008,26,Gowrie_exit,26,21,0.44,0
dl_1008,25,exit_to_Brisbane,25,20,0.44,0
dl_1008,23,exit_to_Brisbane,23,17,0.44,0
dl_1008,22,Gowrie_exit,22,19,0.44,0
dl_1008,21,Gowrie_exit,22,19,0.44,0
dl_1008,20,Wyreema_exit,20,17,0.44,0
dl_1009,9,,,,,
dl_1009,24,exit_to_Brisbane,24,19,0.44,0
dl_1009,20,Wyreema_exit,20,17,0.44,0
dl_1009,22,Gowrie_exit,22,19,0.44,0
dl_1009,35,Gowrie_exit,35,29,0.44,0
dl_1009,160,Wyreema_exit,160,120,0.44,0
dl_1009,158,Wyreema_exit,158,119,0.44,0
dl_1009,188,exit_to_Brisbane,188,147,0.44,0
dl_1009,26,Gowrie_exit,26,21,0.44,0
dl_1009,25,exit_to_Brisbane,25,20,0.44,0
dl_1009,21,Gowrie_exit,22,19,0.44,0
dl_1010,4,,,,,
dl_1010,159,exit_to_Brisbane,159,119,0.44,0
dl_1010,158,exit_to_Brisbane,158,119,0.44,0
dl_1010,26,exit_to_Brisbane,26,20,0.44,0
dl_1010,25,Gowrie_exit,25,21,0.44,0
dl_1010,24,Wyreema_exit,24,20,0.44,0
dl_1011,7,,,,,
dl_1011,159,exit_to_Brisbane,159,119,0.44,0
dl_1011,158,exit_to_Brisbane,158,119,0.44,0
dl_1011,26,exit_to_Brisbane,26,20,0.44,0
dl_1011,25,Gowrie_exit,25,21,0.44,0
dl_1011,23,exit_to_Brisbane,23,17,0.44,0
dl_1011,22,Wyreema_exit,22,19,0.44,0
dl_1011,21,Wyreema_exit,22,19,0.44,0
dl_1011,20,Wyreema_exit,20,17,0.44,0
dl_1012,6,,,,,
dl_1012,27,exit_to_Brisbane,27,21,0.44,0
dl_1012,25,Gowrie_exit,25,21,0.44,0
dl_1012,35,exit_to_Brisbane,35,28,0.44,0
dl_1012,20,Gowrie_exit,20,17,0.44,0
dl_1012,23,exit_to_Brisbane,23,17,0.44,0
dl_1012,21,Gowrie_exit,22,19,0.44,0
dl_1012,22,Gowrie_exit,22,19,0.44,0
dl_1013,6,,,,,
dl_1013,24,exit_to_Brisbane,24,19,0.44,0
dl_1013,20,Gowrie_exit,20,17,0.44,0
dl_1013,22,Gowrie_exit,22,19,0.44,0
dl_1013,27,exit_to_Brisbane,27,21,0.44,0
dl_1013,25,Gowrie_exit,25,21,0.44,0
dl_1013,35,exit_to_Brisbane,35,28,0.44,0
dl_1013,21,Gowrie_exit,22,19,0.44,0
dl_1014,6,,,,,
dl_1014,20,Gowrie_exit,20,17,0.44,0
dl_1014,23,exit_to_Brisbane,23,17,0.44,0
dl_1014,21,Wyreema_exit,22,19,0.44,0
dl_1014,24,Gowrie_exit,24,20,0.44,0
dl_1014,35,exit_to_Brisbane,35,28,0.44,0
dl_1014,25,exit_to_Brisbane,25,20,0.44,0
dl_1014,22,Wyreema_exit,22,19,0.44,0
dl_1015,6,,,,,
dl_1015,20,Gowrie_exit,20,17,0.44,0
dl_1015,23,exit_to_Brisbane,23,17,0.44,0
dl_1015,21,Wyreema_exit,22,19,0.44,0
dl_1015,24,Gowrie_exit,24,20,0.44,0
dl_1015,26,exit_to_Brisbane,26,20,0.44,0
dl_1015,27,exit_to_Brisbane,27,21,0.44,0
dl_1015,22,Wyreema_exit,22,19,0.44,0
dl_1016,6,,,,,
dl_1016,20,Gowrie_exit,20,17,0.44,0
dl_1016,23,exit_to_Brisbane,23,17,0.44,0
dl_1016,21,Wyreema_exit,22,19,0.44,0
dl_1016,24,Gowrie_exit,24,20,0.44,0
dl_1016,26,exit_to_Brisbane,26,20,0.44,0
dl_1016,35,exit_to_Brisbane,35,28,0.44,0
dl_1016,22,Wyreema_exit,22,19,0.44,0
dl_1017,6,,,,,
dl_1017,20,Gowrie_exit,20,17,0.44,0
dl_1017,23,exit_to_Brisbane,23,17,0.44,0
dl_1017,21,Wyreema_exit,22,19,0.44,0
dl_1017,24,Gowrie_exit,24,20,0.44,0
dl_1017,27,exit_to_Brisbane,27,21,0.44,0
dl_1017,35,exit_to_Brisbane,35,28,0.44,0
dl_1017,22,Wyreema_exit,22,19,0.44,0
dl_1018,6,,,,,
dl_1018,189,exit_to_Brisbane,30,24,0.44,0
dl_1018,26,Gowrie_exit,26,21,0.44,0
dl_1018,25,exit_to_Brisbane,25,20,0.44,0
dl_1018,24,Wyreema_exit,24,20,0.44,0
dl_1018,159,Gowrie_exit,159,120,0.44,0
dl_1018,158,Wyreema_exit,158,119,0.44,0
dl_1018,160,Wyreema_exit,160,120,0.44,0
dl_1019,9,,,,,
dl_1019,26,Gowrie_exit,26,21,0.44,0
dl_1019,25,exit_to_Brisbane,25,20,0.44,0
dl_1019,23,exit_to_Brisbane,23,17,0.44,0
dl_1019,22,Wyreema_exit,22,19,0.44,0
dl_1019,20,Gowrie_exit,20,17,0.44,0
dl_1019,21,Wyreema_exit,22,19,0.44,0
dl_1019,189,exit_to_Brisbane,30,24,0.44,0
dl_1019,159,Gowrie_exit,159,120,0.44,0
dl_1019,158,Wyreema_exit,158,119,0.44,0
dl_1019,160,Wyreema_exit,160,120,0.44,0
dl_1020,9,,,,,
dl_1020,24,exit_to_Brisbane,24,19,0.44,0
dl_1020,20,Gowrie_exit,20,17,0.44,0
dl_1020,22,Wyreema_exit,22,19,0.44,0
dl_1020,26,Gowrie_exit,26,21,0.44,0
dl_1020,25,exit_to_Brisbane,25,20,0.44,0
dl_1020,21,Wyreema_exit,22,19,0.44,0
dl_1020,189,exit_to_Brisbane,30,24,0.44,0
dl_1020,159,Gowrie_exit,159,120,0.44,0
dl_1020,158,Wyreema_exit,158,119,0.44,0
dl_1020,160,Wyreema_exit,160,120,0.44,0
dl_1021,6,,,,,
dl_1021,27,exit_to_Brisbane,27,21,0.44,0
dl_1021,26,Gowrie_exit,26,21,0.44,0
dl_1021,189,exit_to_Brisbane,30,24,0.44,0
dl_1021,24,Wyreema_exit,24,20,0.44,0
dl_1021,159,Gowrie_exit,159,120,0.44,0
dl_1021,158,Wyreema_exit,158,119,0.44,0
dl_1021,160,Wyreema_exit,160,120,0.44,0
dl_1022,9,,,,,
dl_1022,27,exit_to_Brisbane,27,21,0.44,0
dl_1022,189,exit_to_Brisbane,30,24,0.44,0
dl_1022,26,Gowrie_exit,26,21,0.44,0
dl_1022,23,exit_to_Brisbane,23,17,0.44,0
dl_1022,22,Wyreema_exit,22,19,0.44,0
dl_1022,20,Gowrie_exit,20,17,0.44,0
dl_1022,21,Wyreema_exit,22,19,0.44,0
dl_1022,159,Gowrie_exit,159,120,0.44,0
dl_1022,158,Wyreema_exit,158,119,0.44,0
dl_1022,160,Wyreema_exit,160,120,0.44,0
dl_1023,9,,,,,
dl_1023,27,exit_to_Brisbane,27,21,0.44,0
dl_1023,189,exit_to_Brisbane,30,24,0.44,0
dl_1023,24,exit_to_Brisbane,24,19,0.44,0
dl_1023,20,Gowrie_exit,20,17,0.44,0
dl_1023,22,Wyreema_exit,22,19,0.44,0
dl_1023,26,Gowrie_exit,26,21,0.44,0
dl_1023,21,Wyreema_exit,22,19,0.44,0
dl_1023,159,Gowrie_exit,159,120,0.44,0
dl_1023,158,Wyreema_exit,158,119,0.44,0
dl_1023,160,Wyreema_exit,160,120,0.44,0
dl_1024,6,,,,,
dl_1024,31,Gowrie_exit,31,26,0.44,0
dl_1024,160,Wyreema_exit,160,120,0.44,0
dl_1024,158,Wyreema_exit,158,119,0.44,0
dl_1024,173,Gowrie_exit,173,132,0.44,0
dl_1024,171,Wyreema_exit,171,132,0.44,0
dl_1024,172,Gowrie_exit,172,131,0.44,0
dl_1024,188,Gowrie_exit,31,26,0.44,0
dl_1025,8,,,,,
dl_1025,26,Gowrie_exit,26,21,0.44,0
dl_1025,25,exit_to_Brisbane,25,20,0.44,0
dl_1025,20,Gowrie_exit,20,17,0.44,0
dl_1025,23,exit_to_Brisbane,23,17,0.44,0
dl_1025,21,Gowrie_exit,22,19,0.44,0
dl_1025,22,Gowrie_exit,22,19,0.44,0
dl_1025,159,Gowrie_exit,159,120,0.44,0
dl_1025,158,exit_to_Brisbane,158,119,0.44,0
dl_1025,160,exit_to_Brisbane,160,120,0.44,0
dl_1026,5,,,,,
dl_1026,157,Gowrie_exit,157,119,0.44,0
dl_1026,160,exit_to_Brisbane,160,120,0.44,0
dl_1026,158,exit_to_Brisbane,158,119,0.44,0
dl_1026,24,Gowrie_exit,24,20,0.44,0
dl_1026,26,Gowrie_exit,26,21,0.44,0
dl_1026,25,exit_to_Brisbane,25,20,0.44,0
dl_1027,8,,,,,
dl_1027,157,Gowrie_exit,157,119,0.44,0
dl_1027,160,exit_to_Brisbane,160,120,0.44,0
dl_1027,158,exit_to_Brisbane,158,119,0.44,0
dl_1027,26,Gowrie_exit,26,21,0.44,0
dl_1027,25,exit_to_Brisbane,25,20,0.44,0
dl_1027,20,Gowrie_exit,20,17,0.44,0
dl_1027,23,exit_to_Brisbane,23,17,0.44,0
dl_1027,21,Gowrie_exit,22,19,0.44,0
dl_1027,22,Gowrie_exit,22,19,0.44,0
dl_1028,6,,,,,
dl_1028,24,Gowrie_exit,24,20,0.44,0
dl_1028,35,exit_to_Brisbane,35,28,0.44,0
dl_1028,25,exit_to_Brisbane,25,20,0.44,0
dl_1028,20,Gowrie_exit,20,17,0.44,0
dl_1028,23,exit_to_Brisbane,23,17,0.44,0
dl_1028,21,Gowrie_exit,22,19,0.44,0
dl_1028,22,Gowrie_exit,22,19,0.44,0
dl_1029,8,,,,,
dl_1029,24,Gowrie_exit,24,20,0.44,0
dl_1029,25,exit_to_Brisbane,25,20,0.44,0
dl_1029,20,Gowrie_exit,20,17,0.44,0
dl_1029,23,exit_to_Brisbane,23,17,0.44,0
dl_1029,21,Gowrie_exit,22,19,0.44,0
dl_1029,22,Gowrie_exit,22,19,0.44,0
dl_1029,159,Gowrie_exit,159,120,0.44,0
dl_1029,158,exit_to_Brisbane,158,119,0.44,0
dl_1029,160,exit_to_Brisbane,160,120,0.44,0
dl_1030,8,,,,,
dl_1030,157,Gowrie_exit,157,119,0.44,0
dl_1030,160,exit_to_Brisbane,160,120,0.44,0
dl_1030,158,exit_to_Brisbane,158,119,0.44,0
dl_1030,24,Gowrie_exit,24,20,0.44,0
dl_1030,25,exit_to_Brisbane,25,20,0.44,0
dl_1030,20,Gowrie_exit,20,17,0.44,0
dl_1030,23,exit_to_Brisbane,23,17,0.44,0
dl_1030,21,Gowrie_exit,22,19,0.44,0
dl_1030,22,Gowrie_exit,22,19,0.44,0
dl_1031,5,,,,,
dl_1031,35,Gowrie_exit,35,29,0.44,0
dl_1031,160,exit_to_Brisbane,160,120,0.44,0
dl_1031,158,exit_to_Brisbane,158,119,0.44,0
dl_1031,24,Gowrie_exit,24,20,0.44,0
dl_1031,26,Gowrie_exit,26,21,0.44,0
dl_1031,25,exit_to_Brisbane,25,20,0.44,0
dl_1032,8,,,,,
dl_1032,35,Gowrie_exit,35,29,0.44,0
dl_1032,160,exit_to_Brisbane,160,120,0.44,0
dl_1032,158,exit_to_Brisbane,158,119,0.44,0
dl_1032,26,Gowrie_exit,26,21,0.44,0
dl_1032,25,exit_to_Brisbane,25,20,0.44,0
dl_1032,20,Gowrie_exit,20,17,0.44,0
dl_1032,23,exit_to_Brisbane,23,17,0.44,0
dl_1032,21,Gowrie_exit,22,19,0.44,0
dl_1032,22,Gowrie_exit,22,19,0.44,0
dl_1033,8,,,,,
dl_1033,35,Gowrie_exit,35,29,0.44,0
dl_1033,160,exit_to_Brisbane,160,120,0.44,0
dl_1033,158,exit_to_Brisbane,158,119,0.44,0
dl_1033,24,Gowrie_exit,24,20,0.44,0
dl_1033,25,exit_to_Brisbane,25,20,0.44,0
dl_1033,20,Gowrie_exit,20,17,0.44,0
dl_1033,23,exit_to_Brisbane,23,17,0.44,0
dl_1033,21,Gowrie_exit,22,19,0.44,0
dl_1033,22,Gowrie_exit,22,19,0.44,0
dl_1034,6,,,,,
dl_1034,20,exit_to_Brisbane,20,16,0.44,0
dl_1034,19,Gowrie_exit,19,16,0.44,0
dl_1034,18,exit_to_Brisbane,18,15,0.44,0
dl_1034,15,Wyreema_exit,15,13,0.44,0
dl_1034,218,Gowrie_exit,216,14,0.44,0
dl_1034,16,exit_to_Brisbane,16,13,0.44,0
dl_1034,216,Gowrie_exit,216,14,0.44,0
dl_1035,8,,,,,
dl_1035,20,exit_to_Brisbane,20,16,0.44,0
dl_1035,19,Gowrie_exit,19,16,0.44,0
dl_1035,18,exit_to_Brisbane,18,15,0.44,0
dl_1035,218,Gowrie_exit,216,14,0.44,0
dl_1035,16,exit_to_Brisbane,16,13,0.44,0
dl_1035,216,Gowrie_exit,216,14,0.44,0
dl_1035,2,Wyreema_exit,2,2,0.44,0
dl_1035,3,exit_to_Brisbane,3,3,0.44,0
dl_1035,4,Gowrie_exit,4,3,0.44,0
dl_1036,8,,,,,
dl_1036,20,exit_to_Brisbane,20,16,0.44,0
dl_1036,19,Gowrie_exit,19,16,0.44,0
dl_1036,18,exit_to_Brisbane,18,15,0.44,0
dl_1036,15,exit_to_Brisbane,15,2,0.44,0
dl_1036,2,Wyreema_exit,2,2,0.44,0
dl_1036,218,Gowrie_exit,216,14,0.44,0
dl_1036,16,exit_to_Brisbane,16,13,0.44,0
dl_1036,216,Gowrie_exit,216,14,0.44,0
dl_1036,4,Gowrie_exit,4,3,0.44,0
dl_1037,8,,,,,
dl_1037,20,exit_to_Brisbane,20,16,0.44,0
dl_1037,19,Gowrie_exit,19,16,0.44,0
dl_1037,18,exit_to_Brisbane,18,15,0.44,0
dl_1037,216,Wyreema_exit,216,14,0.44,0
dl_1037,16,exit_to_Brisbane,16,13,0.44,0
dl_1037,218,Wyreema_exit,216,14,0.44,0
dl_1037,2,Gowrie_exit,2,2,0.44,0
dl_1037,3,exit_to_Brisbane,3,3,0.44,0
dl_1037,4,Wyreema_exit,4,3,0.44,0
dl_1038,8,,,,,
dl_1038,20,exit_to_Brisbane,20,16,0.44,0
dl_1038,19,Gowrie_exit,19,16,0.44,0
dl_1038,18,exit_to_Brisbane,18,15,0.44,0
dl_1038,15,exit_to_Brisbane,15,2,0.44,0
dl_1038,2,Gowrie_exit,2,2,0.44,0
dl_1038,216,Wyreema_exit,216,14,0.44,0
dl_1038,16,exit_to_Brisbane,16,13,0.44,0
dl_1038,218,Wyreema_exit,216,14,0.44,0
dl_1038,4,Wyreema_exit,4,3,0.44,0
dl_1039,8,,,,,
dl_1039,24,exit_to_Brisbane,24,19,0.44,0
dl_1039,20,Gowrie_exit,20,17,0.44,0
dl_1039,22,Wyreema_exit,22,19,0.44,0
dl_1039,26,exit_to_Brisbane,26,20,0.44,0
dl_1039,25,Gowrie_exit,25,21,0.44,0
dl_1039,21,Wyreema_exit,22,19,0.44,0
dl_1039,159,Gowrie_exit,159,120,0.44,0
dl_1039,158,exit_to_Brisbane,158,119,0.44,0
dl_1039,160,exit_to_Brisbane,160,120,0.44,0
dl_1040,5,,,,,
dl_1040,27,exit_to_Brisbane,27,21,0.44,0
dl_1040,24,Wyreema_exit,24,20,0.44,0
dl_1040,25,Gowrie_exit,25,21,0.44,0
dl_1040,159,Gowrie_exit,159,120,0.44,0
dl_1040,158,exit_to_Brisbane,158,119,0.44,0
dl_1040,160,exit_to_Brisbane,160,120,0.44,0
dl_1041,8,,,,,
dl_1041,27,exit_to_Brisbane,27,21,0.44,0
dl_1041,25,Gowrie_exit,25,21,0.44,0
dl_1041,23,exit_to_Brisbane,23,17,0.44,0
dl_1041,22,Wyreema_exit,22,19,0.44,0
dl_1041,20,Gowrie_exit,20,17,0.44,0
dl_1041,21,Wyreema_exit,22,19,0.44,0
dl_1041,159,Gowrie_exit,159,120,0.44,0
dl_1041,158,exit_to_Brisbane,158,119,0.44,0
dl_1041,160,exit_to_Brisbane,160,120,0.44,0
dl_1042,8,,,,,
dl_1042,24,exit_to_Brisbane,24,19,0.44,0
dl_1042,20,Gowrie_exit,20,17,0.44,0
dl_1042,22,Wyreema_exit,22,19,0.44,0
dl_1042,27,exit_to_Brisbane,27,21,0.44,0
dl_1042,25,Gowrie_exit,25,21,0.44,0
dl_1042,21,Wyreema_exit,22,19,0.44,0
dl_1042,159,Gowrie_exit,159,120,0.44,0
dl_1042,158,exit_to_Brisbane,158,119,0.44,0
dl_1042,160,exit_to_Brisbane,160,120,0.44,0
dl_1043,8,,,,,
dl_1043,27,exit_to_Brisbane,27,21,0.44,0
dl_1043,26,exit_to_Brisbane,26,20,0.44,0
dl_1043,25,Gowrie_exit,25,21,0.44,0
dl_1043,23,exit_to_Brisbane,23,17,0.44,0
dl_1043,22,Wyreema_exit,22,19,0.44,0
dl_1043,21,Wyreema_exit,22,19,0.44,0
dl_1043,19,exit_to_Brisbane,19,15,0.44,0
dl_1043,18,Gowrie_exit,18,16,0.44,0
dl_1043,17,Wyreema_exit,17,15,0.44,0
dl_1044,8,,,,,
dl_1044,24,exit_to_Brisbane,24,19,0.44,0
dl_1044,19,exit_to_Brisbane,19,15,0.44,0
dl_1044,18,Gowrie_exit,18,16,0.44,0
dl_1044,17,Wyreema_exit,17,15,0.44,0
dl_1044,22,Wyreema_exit,22,19,0.44,0
dl_1044,27,exit_to_Brisbane,27,21,0.44,0
dl_1044,26,exit_to_Brisbane,26,20,0.44,0
dl_1044,25,Gowrie_exit,25,21,0.44,0
dl_1044,21,Wyreema_exit,22,19,0.44,0
dl_1045,8,,,,,
dl_1045,35,exit_to_Brisbane,35,28,0.44,0
dl_1045,26,exit_to_Brisbane,26,20,0.44,0
dl_1045,25,Gowrie_exit,25,21,0.44,0
dl_1045,23,exit_to_Brisbane,23,17,0.44,0
dl_1045,22,Wyreema_exit,22,19,0.44,0
dl_1045,21,Wyreema_exit,22,19,0.44,0
dl_1045,19,exit_to_Brisbane,19,15,0.44,0
dl_1045,18,Gowrie_exit,18,16,0.44,0
dl_1045,17,Wyreema_exit,17,15,0.44,0
dl_1046,8,,,,,
dl_1046,24,exit_to_Brisbane,24,19,0.44,0
dl_1046,19,exit_to_Brisbane,19,15,0.44,0
dl_1046,18,Gowrie_exit,18,16,0.44,0
dl_1046,17,Wyreema_exit,17,15,0.44,0
dl_1046,22,Wyreema_exit,22,19,0.44,0
dl_1046,35,exit_to_Brisbane,35,28,0.44,0
dl_1046,26,exit_to_Brisbane,26,20,0.44,0
dl_1046,25,Gowrie_exit,25,21,0.44,0
dl_1046,21,Wyreema_exit,22,19,0.44,0
dl_1047,8,,,,,
dl_1047,27,exit_to_Brisbane,27,21,0.44,0
dl_1047,26,exit_to_Brisbane,26,20,0.44,0
dl_1047,25,Gowrie_exit,25,21,0.44,0
dl_1047,23,exit_to_Brisbane,23,17,0.44,0
dl_1047,22,Wyreema_exit,22,19,0.44,0
dl_1047,20,exit_to_Brisbane,20,16,0.44,0
dl_1047,17,Wyreema_exit,17,15,0.44,0
dl_1047,18,Gowrie_exit,18,16,0.44,0
dl_1047,21,Wyreema_exit,22,19,0.44,0
dl_1048,8,,,,,
dl_1048,24,exit_to_Brisbane,24,19,0.44,0
dl_1048,20,exit_to_Brisbane,20,16,0.44,0
dl_1048,22,Wyreema_exit,22,19,0.44,0
dl_1048,27,exit_to_Brisbane,27,21,0.44,0
dl_1048,26,exit_to_Brisbane,26,20,0.44,0
dl_1048,25,Gowrie_exit,25,21,0.44,0
dl_1048,17,Wyreema_exit,17,15,0.44,0
dl_1048,18,Gowrie_exit,18,16,0.44,0
dl_1048,21,Wyreema_exit,22,19,0.44,0
dl_1049,8,,,,,
dl_1049,35,exit_to_Brisbane,35,28,0.44,0
dl_1049,26,exit_to_Brisbane,26,20,0.44,0
dl_1049,25,Gowrie_exit,25,21,0.44,0
dl_1049,23,exit_to_Brisbane,23,17,0.44,0
dl_1049,22,Wyreema_exit,22,19,0.44,0
dl_1049,20,exit_to_Brisbane,20,16,0.44,0
dl_1049,17,Wyreema_exit,17,15,0.44,0
dl_1049,18,Gowrie_exit,18,16,0.44,0
dl_1049,21,Wyreema_exit,22,19,0.44,0
dl_1050,8,,,,,
dl_1050,24,exit_to_Brisbane,24,19,0.44,0
dl_1050,20,exit_to_Brisbane,20,16,0.44,0
dl_1050,22,Wyreema_exit,22,19,0.44,0
dl_1050,35,exit_to_Brisbane,35,28,0.44,0
dl_1050,26,exit_to_Brisbane,26,20,0.44,0
dl_1050,25,Gowrie_exit,25,21,0.44,0
dl_1050,17,Wyreema_exit,17,15,0.44,0
dl_1050,18,Gowrie_exit,18,16,0.44,0
dl_1050,21,Wyreema_exit,22,19,0.44,0
dl_1051,8,,,,,
dl_1051,27,exit_to_Brisbane,27,21,0.44,0
dl_1051,25,Gowrie_exit,25,21,0.44,0
dl_1051,35,exit_to_Brisbane,35,28,0.44,0
dl_1051,23,exit_to_Brisbane,23,17,0.44,0
dl_1051,22,Wyreema_exit,22,19,0.44,0
dl_1051,21,Wyreema_exit,22,19,0.44,0
dl_1051,19,exit_to_Brisbane,19,15,0.44,0
dl_1051,18,Gowrie_exit,18,16,0.44,0
dl_1051,17,Wyreema_exit,17,15,0.44,0
dl_1052,8,,,,,
dl_1052,24,exit_to_Brisbane,24,19,0.44,0
dl_1052,19,exit_to_Brisbane,19,15,0.44,0
dl_1052,18,Gowrie_exit,18,16,0.44,0
dl_1052,17,Wyreema_exit,17,15,0.44,0
dl_1052,22,Wyreema_exit,22,19,0.44,0
dl_1052,27,exit_to_Brisbane,27,21,0.44,0
dl_1052,25,Gowrie_exit,25,21,0.44,0
dl_1052,35,exit_to_Brisbane,35,28,0.44,0
dl_1052,21,Wyreema_exit,22,19,0.44,0
dl_1053,8,,,,,
dl_1053,27,exit_to_Brisbane,27,21,0.44,0
dl_1053,25,Gowrie_exit,25,21,0.44,0
dl_1053,35,exit_to_Brisbane,35,28,0.44,0
dl_1053,23,exit_to_Brisbane,23,17,0.44,0
dl_1053,22,Wyreema_exit,22,19,0.44,0
dl_1053,20,exit_to_Brisbane,20,16,0.44,0
dl_1053,17,Wyreema_exit,17,15,0.44,0
dl_1053,18,Gowrie_exit,18,16,0.44,0
dl_1053,21,Wyreema_exit,22,19,0.44,0
dl_1054,8,,,,,
dl_1054,24,exit_to_Brisbane,24,19,0.44,0
dl_1054,20,exit_to_Brisbane,20,16,0.44,0
dl_1054,22,Wyreema_exit,22,19,0.44,0
dl_1054,27,exit_to_Brisbane,27,21,0.44,0
dl_1054,25,Gowrie_exit,25,21,0.44,0
dl_1054,35,exit_to_Brisbane,35,28,0.44,0
dl_1054,17,Wyreema_exit,17,15,0.44,0
dl_1054,18,Gowrie_exit,18,16,0.44,0
dl_1054,21,Wyreema_exit,22,19,0.44,0
dl_1055,5,,,,,
dl_1055,157,Gowrie_exit,157,119,0.44,0
dl_1055,160,Wyreema_exit,160,120,0.44,0
dl_1055,158,exit_to_Brisbane,158,119,0.44,0
dl_1055,26,Gowrie_exit,26,21,0.44,0
dl_1055,25,exit_to_Brisbane,25,20,0.44,0
dl_1055,24,Gowrie_exit,24,20,0.44,0
dl_1056,8,,,,,
dl_1056,157,Gowrie_exit,157,119,0.44,0
dl_1056,160,Wyreema_exit,160,120,0.44,0
dl_1056,158,exit_to_Brisbane,158,119,0.44,0
dl_1056,26,Gowrie_exit,26,21,0.44,0
dl_1056,25,exit_to_Brisbane,25,20,0.44,0
dl_1056,20,Gowrie_exit,20,17,0.44,0
dl_1056,23,exit_to_Brisbane,23,17,0.44,0
dl_1056,21,Gowrie_exit,22,19,0.44,0
dl_1056,22,Gowrie_exit,22,19,0.44,0
dl_1057,8,,,,,
dl_1057,24,exit_to_Brisbane,24,19,0.44,0
dl_1057,20,Gowrie_exit,20,17,0.44,0
dl_1057,22,Gowrie_exit,22,19,0.44,0
dl_1057,157,Gowrie_exit,157,119,0.44,0
dl_1057,160,Wyreema_exit,160,120,0.44,0
dl_1057,158,exit_to_Brisbane,158,119,0.44,0
dl_1057,26,Gowrie_exit,26,21,0.44,0
dl_1057,25,exit_to_Brisbane,25,20,0.44,0
dl_1057,21,Gowrie_exit,22,19,0.44,0
dl_1058,7,,,,,
dl_1058,189,exit_to_Brisbane,30,24,0.44,0
dl_1058,26,Gowrie_exit,26,21,0.44,0
dl_1058,25,exit_to_Brisbane,25,20,0.44,0
dl_1058,35,Wyreema_exit,35,28,0.44,0
dl_1058,20,Gowrie_exit,20,17,0.44,0
dl_1058,23,exit_to_Brisbane,23,17,0.44,0
dl_1058,21,Gowrie_exit,22,19,0.44,0
dl_1058,22,Gowrie_exit,22,19,0.44,0
dl_1059,7,,,,,
dl_1059,189,exit_to_Brisbane,30,24,0.44,0
dl_1059,27,exit_to_Brisbane,27,21,0.44,0
dl_1059,26,Gowrie_exit,26,21,0.44,0
dl_1059,35,Wyreema_exit,35,28,0.44,0
dl_1059,20,Gowrie_exit,20,17,0.44,0
dl_1059,23,exit_to_Brisbane,23,17,0.44,0
dl_1059,21,Gowrie_exit,22,19,0.44,0
dl_1059,22,Gowrie_exit,22,19,0.44,0
dl_1060,7,,,,,
dl_1060,35,Wyreema_exit,35,28,0.44,0
dl_1060,188,exit_to_Brisbane,188,147,0.44,0
dl_1060,26,Gowrie_exit,26,21,0.44,0
dl_1060,25,exit_to_Brisbane,25,20,0.44,0
dl_1060,20,Gowrie_exit,20,17,0.44,0
dl_1060,23,exit_to_Brisbane,23,17,0.44,0
dl_1060,21,Gowrie_exit,22,19,0.44,0
dl_1060,22,Gowrie_exit,22,19,0.44,0
dl_1061,4,,,,,
dl_1061,27,exit_to_Brisbane,27,21,0.44,0
dl_1061,26,Gowrie_exit,26,21,0.44,0
dl_1061,35,Wyreema_exit,35,28,0.44,0
dl_1061,188,exit_to_Brisbane,188,147,0.44,0
dl_1061,24,Gowrie_exit,24,20,0.44,0
dl_1062,7,,,,,
dl_1062,27,exit_to_Brisbane,27,21,0.44,0
dl_1062,26,Gowrie_exit,26,21,0.44,0
dl_1062,35,Wyreema_exit,35,28,0.44,0
dl_1062,188,exit_to_Brisbane,188,147,0.44,0
dl_1062,20,Gowrie_exit,20,17,0.44,0
dl_1062,23,exit_to_Brisbane,23,17,0.44,0
dl_1062,21,Gowrie_exit,22,19,0.44,0
dl_1062,22,Gowrie_exit,22,19,0.44,0
dl_1063,7,,,,,
dl_1063,24,exit_to_Brisbane,24,19,0.44,0
dl_1063,20,Gowrie_exit,20,17,0.44,0
dl_1063,22,Gowrie_exit,22,19,0.44,0
dl_1063,189,exit_to_Brisbane,30,24,0.44,0
dl_1063,26,Gowrie_exit,26,21,0.44,0
dl_1063,25,exit_to_Brisbane,25,20,0.44,0
dl_1063,35,Wyreema_exit,35,28,0.44,0
dl_1063,21,Gowrie_exit,22,19,0.44,0
dl_1064,7,,,,,
dl_1064,24,exit_to_Brisbane,24,19,0.44,0
dl_1064,20,Gowrie_exit,20,17,0.44,0
dl_1064,22,Gowrie_exit,22,19,0.44,0
dl_1064,189,exit_to_Brisbane,30,24,0.44,0
dl_1064,27,exit_to_Brisbane,27,21,0.44,0
dl_1064,26,Gowrie_exit,26,21,0.44,0
dl_1064,35,Wyreema_exit,35,28,0.44,0
dl_1064,21,Gowrie_exit,22,19,0.44,0
dl_1065,7,,,,,
dl_1065,24,exit_to_Brisbane,24,19,0.44,0
dl_1065,20,Gowrie_exit,20,17,0.44,0
dl_1065,22,Gowrie_exit,22,19,0.44,0
dl_1065,35,Wyreema_exit,35,28,0.44,0
dl_1065,188,exit_to_Brisbane,188,147,0.44,0
dl_1065,26,Gowrie_exit,26,21,0.44,0
dl_1065,25,exit_to_Brisbane,25,20,0.44,0
dl_1065,21,Gowrie_exit,22,19,0.44,0
dl_1066,7,,,,,
dl_1066,24,exit_to_Brisbane,24,19,0.44,0
dl_1066,20,Gowrie_exit,20,17,0.44,0
dl_1066,22,Gowrie_exit,22,19,0.44,0
dl_1066,27,exit_to_Brisbane,27,21,0.44,0
dl_1066,26,Gowrie_exit,26,21,0.44,0
dl_1066,35,Wyreema_exit,35,28,0.44,0
dl_1066,188,exit_to_Brisbane,188,147,0.44,0
dl_1066,21,Gowrie_exit,22,19,0.44,0
dl_1067,5,,,,,
dl_1067,35,exit_to_Brisbane,35,28,0.44,0
dl_1067,24,Gowrie_exit,24,20,0.44,0
dl_1067,25,Gowrie_exit,25,21,0.44,0
dl_1067,159,Gowrie_exit,159,120,0.44,0
dl_1067,158,exit_to_Brisbane,158,119,0.44,0
dl_1067,160,Wyreema_exit,160,120,0.44,0
dl_1068,3,,,,,
dl_1068,35,Gowrie_exit,35,29,0.44,0
dl_1068,159,exit_to_Brisbane,159,119,0.44,0
dl_1068,28,Gowrie_exit,28,23,0.44,0
dl_1068,160,exit_to_Brisbane,160,120,0.44,0
dl_1069,7,,,,,
dl_1069,218,exit_to_Brisbane,218,13,0.44,0
dl_1069,16,Gowrie_exit,16,14,0.44,0
dl_1069,17,exit_to_Brisbane,17,14,0.44,0
dl_1069,216,exit_to_Brisbane,218,13,0.44,0
dl_1069,2,exit_to_Brisbane,2,3,0.44,0
dl_1069,1,Wyreema_exit,1,2,0.44,0
dl_1069,3,Wyreema_exit,1,2,0.44,0
dl_1069,4,Gowrie_exit,4,3,0.44,0
dl_1070,7,,,,,
dl_1070,15,exit_to_Brisbane,15,2,0.44,0
dl_1070,4,Gowrie_exit,4,3,0.44,0
dl_1070,1,Wyreema_exit,1,2,0.44,0
dl_1070,218,exit_to_Brisbane,218,13,0.44,0
dl_1070,16,Gowrie_exit,16,14,0.44,0
dl_1070,17,exit_to_Brisbane,17,14,0.44,0
dl_1070,216,exit_to_Brisbane,218,13,0.44,0
dl_1070,3,Wyreema_exit,1,2,0.44,0
dl_1071,5,,,,,
dl_1071,24,exit_to_Brisbane,24,19,0.44,0
dl_1071,23,Wyreema_exit,23,19,0.44,0
dl_1071,21,exit_to_Brisbane,21,17,0.44,0
dl_1071,19,exit_to_Brisbane,19,15,0.44,0
dl_1071,18,Gowrie_exit,18,16,0.44,0
dl_1071,17,Wyreema_exit,17,15,0.44,0
dl_1072,6,,,,,
dl_1072,26,exit_to_Brisbane,26,20,0.44,0
dl_1072,25,exit_to_Brisbane,25,20,0.44,0
dl_1072,23,Wyreema_exit,23,19,0.44,0
dl_1072,21,exit_to_Brisbane,21,17,0.44,0
dl_1072,19,exit_to_Brisbane,19,15,0.44,0
dl_1072,18,Gowrie_exit,18,16,0.44,0
dl_1072,17,Wyreema_exit,17,15,0.44,0
dl_1073,6,,,,,
dl_1073,24,exit_to_Brisbane,24,19,0.44,0
dl_1073,23,Wyreema_exit,23,19,0.44,0
dl_1073,26,exit_to_Brisbane,26,20,0.44,0
dl_1073,25,exit_to_Brisbane,25,20,0.44,0
dl_1073,19,exit_to_Brisbane,19,15,0.44,0
dl_1073,18,Gowrie_exit,18,16,0.44,0
dl_1073,17,Wyreema_exit,17,15,0.44,0
dl_1074,8,,,,,
dl_1074,24,exit_to_Brisbane,24,19,0.44,0
dl_1074,23,Wyreema_exit,23,19,0.44,0
dl_1074,21,exit_to_Brisbane,21,17,0.44,0
dl_1074,19,exit_to_Brisbane,19,15,0.44,0
dl_1074,18,Gowrie_exit,18,16,0.44,0
dl_1074,216,exit_to_Brisbane,218,13,0.44,0
dl_1074,16,Wyreema_exit,16,14,0.44,0
dl_1074,15,Gowrie_exit,15,13,0.44,0
dl_1074,218,exit_to_Brisbane,218,13,0.44,0
dl_1075,9,,,,,
dl_1075,26,exit_to_Brisbane,26,20,0.44,0
dl_1075,25,exit_to_Brisbane,25,20,0.44,0
dl_1075,23,Wyreema_exit,23,19,0.44,0
dl_1075,21,exit_to_Brisbane,21,17,0.44,0
dl_1075,19,exit_to_Brisbane,19,15,0.44,0
dl_1075,18,Gowrie_exit,18,16,0.44,0
dl_1075,216,exit_to_Brisbane,218,13,0.44,0
dl_1075,16,Wyreema_exit,16,14,0.44,0
dl_1075,15,Gowrie_exit,15,13,0.44,0
dl_1075,218,exit_to_Brisbane,218,13,0.44,0
dl_1076,9,,,,,
dl_1076,20,exit_to_Brisbane,20,16,0.44,0
dl_1076,19,exit_to_Brisbane,19,15,0.44,0
dl_1076,18,Gowrie_exit,18,16,0.44,0
dl_1076,216,exit_to_Brisbane,218,13,0.44,0
dl_1076,16,Wyreema_exit,16,14,0.44,0
dl_1076,218,exit_to_Brisbane,218,13,0.44,0
dl_1076,2,exit_to_Brisbane,2,3,0.44,0
dl_1076,1,Gowrie_exit,1,2,0.44,0
dl_1076,4,Wyreema_exit,4,3,0.44,0
dl_1076,3,Gowrie_exit,1,2,0.44,0
dl_1077,11,,,,,
dl_1077,24,exit_to_Brisbane,24,19,0.44,0
dl_1077,23,Wyreema_exit,23,19,0.44,0
dl_1077,21,exit_to_Brisbane,21,17,0.44,0
dl_1077,19,exit_to_Brisbane,19,15,0.44,0
dl_1077,18,Gowrie_exit,18,16,0.44,0
dl_1077,216,exit_to_Brisbane,218,13,0.44,0
dl_1077,16,Wyreema_exit,16,14,0.44,0
dl_1077,218,exit_to_Brisbane,218,13,0.44,0
dl_1077,2,exit_to_Brisbane,2,3,0.44,0
dl_1077,1,Gowrie_exit,1,2,0.44,0
dl_1077,4,Wyreema_exit,4,3,0.44,0
dl_1077,3,Gowrie_exit,1,2,0.44,0
dl_1078,12,,,,,
dl_1078,26,exit_to_Brisbane,26,20,0.44,0
dl_1078,25,exit_to_Brisbane,25,20,0.44,0
dl_1078,23,Wyreema_exit,23,19,0.44,0
dl_1078,21,exit_to_Brisbane,21,17,0.44,0
dl_1078,19,exit_to_Brisbane,19,15,0.44,0
dl_1078,18,Gowrie_exit,18,16,0.44,0
dl_1078,216,exit_to_Brisbane,218,13,0.44,0
dl_1078,16,Wyreema_exit,16,14,0.44,0
dl_1078,218,exit_to_Brisbane,218,13,0.44,0
dl_1078,2,exit_to_Brisbane,2,3,0.44,0
dl_1078,1,Gowrie_exit,1,2,0.44,0
dl_1078,4,Wyreema_exit,4,3,0.44,0
dl_1078,3,Gowrie_exit,1,2,0.44,0
dl_1079,9,,,,,
dl_1079,24,exit_to_Brisbane,24,19,0.44,0
dl_1079,23,Wyreema_exit,23,19,0.44,0
dl_1079,26,exit_to_Brisbane,26,20,0.44,0
dl_1079,25,exit_to_Brisbane,25,20,0.44,0
dl_1079,19,exit_to_Brisbane,19,15,0.44,0
dl_1079,18,Gowrie_exit,18,16,0.44,0
dl_1079,216,exit_to_Brisbane,218,13,0.44,0
dl_1079,16,Wyreema_exit,16,14,0.44,0
dl_1079,15,Gowrie_exit,15,13,0.44,0
dl_1079,218,exit_to_Brisbane,218,13,0.44,0
dl_1080,12,,,,,
dl_1080,24,exit_to_Brisbane,24,19,0.44,0
dl_1080,23,Wyreema_exit,23,19,0.44,0
dl_1080,26,exit_to_Brisbane,26,20,0.44,0
dl_1080,25,exit_to_Brisbane,25,20,0.44,0
dl_1080,19,exit_to_Brisbane,19,15,0.44,0
dl_1080,18,Gowrie_exit,18,16,0.44,0
dl_1080,216,exit_to_Brisbane,218,13,0.44,0
dl_1080,16,Wyreema_exit,16,14,0.44,0
dl_1080,218,exit_to_Brisbane,218,13,0.44,0
dl_1080,2,exit_to_Brisbane,2,3,0.44,0
dl_1080,1,Gowrie_exit,1,2,0.44,0
dl_1080,4,Wyreema_exit,4,3,0.44,0
dl_1080,3,Gowrie_exit,1,2,0.44,0
dl_1081,9,,,,,
dl_1081,20,exit_to_Brisbane,20,16,0.44,0
dl_1081,19,exit_to_Brisbane,19,15,0.44,0
dl_1081,18,Gowrie_exit,18,16,0.44,0
dl_1081,15,exit_to_Brisbane,15,2,0.44,0
dl_1081,4,Wyreema_exit,4,3,0.44,0
dl_1081,1,Gowrie_exit,1,2,0.44,0
dl_1081,216,exit_to_Brisbane,218,13,0.44,0
dl_1081,16,Wyreema_exit,16,14,0.44,0
dl_1081,218,exit_to_Brisbane,218,13,0.44,0
dl_1081,3,Gowrie_exit,1,2,0.44,0
dl_1082,11,,,,,
dl_1082,24,exit_to_Brisbane,24,19,0.44,0
dl_1082,23,Wyreema_exit,23,19,0.44,0
dl_1082,21,exit_to_Brisbane,21,17,0.44,0
dl_1082,19,exit_to_Brisbane,19,15,0.44,0
dl_1082,18,Gowrie_exit,18,16,0.44,0
dl_1082,15,exit_to_Brisbane,15,2,0.44,0
dl_1082,4,Wyreema_exit,4,3,0.44,0
dl_1082,1,Gowrie_exit,1,2,0.44,0
dl_1082,216,exit_to_Brisbane,218,13,0.44,0
dl_1082,16,Wyreema_exit,16,14,0.44,0
dl_1082,218,exit_to_Brisbane,218,13,0.44,0
dl_1082,3,Gowrie_exit,1,2,0.44,0
dl_1083,12,,,,,
dl_1083,26,exit_to_Brisbane,26,20,0.44,0
dl_1083,25,exit_to_Brisbane,25,20,0.44,0
dl_1083,23,Wyreema_exit,23,19,0.44,0
dl_1083,21,exit_to_Brisbane,21,17,0.44,0
dl_1083,19,exit_to_Brisbane,19,15,0.44,0
dl_1083,18,Gowrie_exit,18,16,0.44,0
dl_1083,15,exit_to_Brisbane,15,2,0.44,0
dl_1083,4,Wyreema_exit,4,3,0.44,0
dl_1083,1,Gowrie_exit,1,2,0.44,0
dl_1083,216,exit_to_Brisbane,218,13,0.44,0
dl_1083,16,Wyreema_exit,16,14,0.44,0
dl_1083,218,exit_to_Brisbane,218,13,0.44,0
dl_1083,3,Gowrie_exit,1,2,0.44,0
dl_1084,12,,,,,
dl_1084,24,exit_to_Brisbane,24,19,0.44,0
dl_1084,23,Wyreema_exit,23,19,0.44,0
dl_1084,26,exit_to_Brisbane,26,20,0.44,0
dl_1084,25,exit_to_Brisbane,25,20,0.44,0
dl_1084,19,exit_to_Brisbane,19,15,0.44,0
dl_1084,18,Gowrie_exit,18,16,0.44,0
dl_1084,15,exit_to_Brisbane,15,2,0.44,0
dl_1084,4,Wyreema_exit,4,3,0.44,0
dl_1084,1,Gowrie_exit,1,2,0.44,0
dl_1084,216,exit_to_Brisbane,218,13,0.44,0
dl_1084,16,Wyreema_exit,16,14,0.44,0
dl_1084,218,exit_to_Brisbane,218,13,0.44,0
dl_1084,3,Gowrie_exit,1,2,0.44,0
dl_1085,5,,,,,
dl_1085,27,exit_to_Brisbane,27,21,0.44,0
dl_1085,26,exit_to_Brisbane,26,20,0.44,0
dl_1085,25,Wyreema_exit,25,21,0.44,0
dl_1085,23,Gowrie_exit,23,19,0.44,0
dl_1085,21,exit_to_Brisbane,21,17,0.44,0
dl_1085,20,Wyreema_exit,20,17,0.44,0
dl_1086,5,,,,,
dl_1086,24,exit_to_Brisbane,24,19,0.44,0
dl_1086,23,Gowrie_exit,23,19,0.44,0
dl_1086,27,exit_to_Brisbane,27,21,0.44,0
dl_1086,26,exit_to_Brisbane,26,20,0.44,0
dl_1086,25,Wyreema_exit,25,21,0.44,0
dl_1086,20,Wyreema_exit,20,17,0.44,0
dl_1087,5,,,,,
dl_1087,23,Gowrie_exit,23,19,0.44,0
dl_1087,21,exit_to_Brisbane,21,17,0.44,0
dl_1087,20,Gowrie_exit,20,17,0.44,0
dl_1087,27,exit_to_Brisbane,27,21,0.44,0
dl_1087,26,exit_to_Brisbane,26,20,0.44,0
dl_1087,25,Wyreema_exit,25,21,0.44,0
dl_1088,5,,,,,
dl_1088,24,Wyreema_exit,24,20,0.44,0
dl_1088,26,exit_to_Brisbane,26,20,0.44,0
dl_1088,23,Gowrie_exit,23,19,0.44,0
dl_1088,21,exit_to_Brisbane,21,17,0.44,0
dl_1088,20,Gowrie_exit,20,17,0.44,0
dl_1088,27,exit_to_Brisbane,27,21,0.44,0
dl_1089,5,,,,,
dl_1089,23,Gowrie_exit,23,19,0.44,0
dl_1089,21,exit_to_Brisbane,21,17,0.44,0
dl_1089,20,Gowrie_exit,20,17,0.44,0
dl_1089,27,exit_to_Brisbane,27,21,0.44,0
dl_1089,26,exit_to_Brisbane,26,20,0.44,0
dl_1089,25,Gowrie_exit,25,21,0.44,0
dl_1090,5,,,,,
dl_1090,24,Gowrie_exit,24,20,0.44,0
dl_1090,26,exit_to_Brisbane,26,20,0.44,0
dl_1090,23,Gowrie_exit,23,19,0.44,0
dl_1090,21,exit_to_Brisbane,21,17,0.44,0
dl_1090,20,Gowrie_exit,20,17,0.44,0
dl_1090,27,exit_to_Brisbane,27,21,0.44,0
dl_1091,5,,,,,
dl_1091,24,exit_to_Brisbane,24,19,0.44,0
dl_1091,23,Gowrie_exit,23,19,0.44,0
dl_1091,20,Gowrie_exit,20,17,0.44,0
dl_1091,27,exit_to_Brisbane,27,21,0.44,0
dl_1091,26,exit_to_Brisbane,26,20,0.44,0
dl_1091,25,Gowrie_exit,25,21,0.44,0
dl_1092,5,,,,,
dl_1092,23,Gowrie_exit,23,19,0.44,0
dl_1092,21,exit_to_Brisbane,21,17,0.44,0
dl_1092,20,Gowrie_exit,20,17,0.44,0
dl_1092,26,exit_to_Brisbane,26,20,0.44,0
dl_1092,25,Gowrie_exit,25,21,0.44,0
dl_1092,35,exit_to_Brisbane,35,28,0.44,0
dl_1093,5,,,,,
dl_1093,24,exit_to_Brisbane,24,19,0.44,0
dl_1093,23,Gowrie_exit,23,19,0.44,0
dl_1093,20,Gowrie_exit,20,17,0.44,0
dl_1093,26,exit_to_Brisbane,26,20,0.44,0
dl_1093,25,Gowrie_exit,25,21,0.44,0
dl_1093,35,exit_to_Brisbane,35,28,0.44,0
dl_1094,5,,,,,
dl_1094,27,exit_to_Brisbane,27,21,0.44,0
dl_1094,23,Gowrie_exit,23,19,0.44,0
dl_1094,21,exit_to_Brisbane,21,17,0.44,0
dl_1094,20,Gowrie_exit,20,17,0.44,0
dl_1094,25,Gowrie_exit,25,21,0.44,0
dl_1094,35,exit_to_Brisbane,35,28,0.44,0
dl_1095,5,,,,,
dl_1095,27,exit_to_Brisbane,27,21,0.44,0
dl_1095,24,exit_to_Brisbane,24,19,0.44,0
dl_1095,25,Gowrie_exit,25,21,0.44,0
dl_1095,23,Gowrie_exit,23,19,0.44,0
dl_1095,20,Gowrie_exit,20,17,0.44,0
dl_1095,35,exit_to_Brisbane,35,28,0.44,0
dl_1096,8,,,,,
dl_1096,24,exit_to_Brisbane,24,19,0.44,0
dl_1096,23,Gowrie_exit,23,19,0.44,0
dl_1096,21,exit_to_Brisbane,21,17,0.44,0
dl_1096,19,exit_to_Brisbane,19,15,0.44,0
dl_1096,18,Gowrie_exit,18,16,0.44,0
dl_1096,17,Wyreema_exit,17,15,0.44,0
dl_1096,26,exit_to_Brisbane,26,20,0.44,0
dl_1096,25,Gowrie_exit,25,21,0.44,0
dl_1096,27,exit_to_Brisbane,27,21,0.44,0
dl_1097,8,,,,,
dl_1097,24,exit_to_Brisbane,24,19,0.44,0
dl_1097,23,Gowrie_exit,23,19,0.44,0
dl_1097,21,exit_to_Brisbane,21,17,0.44,0
dl_1097,19,exit_to_Brisbane,19,15,0.44,0
dl_1097,18,Gowrie_exit,18,16,0.44,0
dl_1097,17,Wyreema_exit,17,15,0.44,0
dl_1097,35,exit_to_Brisbane,35,28,0.44,0
dl_1097,26,exit_to_Brisbane,26,20,0.44,0
dl_1097,25,Gowrie_exit,25,21,0.44,0
dl_1098,8,,,,,
dl_1098,24,exit_to_Brisbane,24,19,0.44,0
dl_1098,23,Gowrie_exit,23,19,0.44,0
dl_1098,21,exit_to_Brisbane,21,17,0.44,0
dl_1098,19,exit_to_Brisbane,19,15,0.44,0
dl_1098,18,Gowrie_exit,18,16,0.44,0
dl_1098,17,Wyreema_exit,17,15,0.44,0
dl_1098,25,Gowrie_exit,25,21,0.44,0
dl_1098,35,exit_to_Brisbane,35,28,0.44,0
dl_1098,27,exit_to_Brisbane,27,21,0.44,0
dl_1099,8,,,,,
dl_1099,23,Gowrie_exit,23,19,0.44,0
dl_1099,21,exit_to_Brisbane,21,17,0.44,0
dl_1099,27,exit_to_Brisbane,27,21,0.44,0
dl_1099,26,exit_to_Brisbane,26,20,0.44,0
dl_1099,25,Gowrie_exit,25,21,0.44,0
dl_1099,19,exit_to_Brisbane,19,15,0.44,0
dl_1099,18,Gowrie_exit,18,16,0.44,0
dl_1099,17,Wyreema_exit,17,15,0.44,0
dl_1099,35,exit_to_Brisbane,35,28,0.44,0
dl_1100,5,,,,,
dl_1100,24,exit_to_Brisbane,24,19,0.44,0
dl_1100,23,Gowrie_exit,23,19,0.44,0
dl_1100,21,exit_to_Brisbane,21,17,0.44,0
dl_1100,19,exit_to_Brisbane,19,15,0.44,0
dl_1100,18,Gowrie_exit,18,16,0.44,0
dl_1100,17,Wyreema_exit,17,15,0.44,0
dl_1101,7,,,,,
dl_1101,23,Gowrie_exit,23,19,0.44,0
dl_1101,21,exit_to_Brisbane,21,17,0.44,0
dl_1101,27,exit_to_Brisbane,27,21,0.44,0
dl_1101,26,exit_to_Brisbane,26,20,0.44,0
dl_1101,25,Gowrie_exit,25,21,0.44,0
dl_1101,19,exit_to_Brisbane,19,15,0.44,0
dl_1101,18,Gowrie_exit,18,16,0.44,0
dl_1101,17,Wyreema_exit,17,15,0.44,0
dl_1102,7,,,,,
dl_1102,24,exit_to_Brisbane,24,19,0.44,0
dl_1102,23,Gowrie_exit,23,19,0.44,0
dl_1102,27,exit_to_Brisbane,27,21,0.44,0
dl_1102,26,exit_to_Brisbane,26,20,0.44,0
dl_1102,25,Gowrie_exit,25,21,0.44,0
dl_1102,19,exit_to_Brisbane,19,15,0.44,0
dl_1102,18,Gowrie_exit,18,16,0.44,0
dl_1102,17,Wyreema_exit,17,15,0.44,0
dl_1103,7,,,,,
dl_1103,23,Gowrie_exit,23,19,0.44,0
dl_1103,21,exit_to_Brisbane,21,17,0.44,0
dl_1103,26,exit_to_Brisbane,26,20,0.44,0
dl_1103,25,Gowrie_exit,25,21,0.44,0
dl_1103,35,exit_to_Brisbane,35,28,0.44,0
dl_1103,19,exit_to_Brisbane,19,15,0.44,0
dl_1103,18,Gowrie_exit,18,16,0.44,0
dl_1103,17,Wyreema_exit,17,15,0.44,0
dl_1104,7,,,,,
dl_1104,24,exit_to_Brisbane,24,19,0.44,0
dl_1104,23,Gowrie_exit,23,19,0.44,0
dl_1104,26,exit_to_Brisbane,26,20,0.44,0
dl_1104,25,Gowrie_exit,25,21,0.44,0
dl_1104,35,exit_to_Brisbane,35,28,0.44,0
dl_1104,19,exit_to_Brisbane,19,15,0.44,0
dl_1104,18,Gowrie_exit,18,16,0.44,0
dl_1104,17,Wyreema_exit,17,15,0.44,0
dl_1105,7,,,,,
dl_1105,27,exit_to_Brisbane,27,21,0.44,0
dl_1105,23,Gowrie_exit,23,19,0.44,0
dl_1105,21,exit_to_Brisbane,21,17,0.44,0
dl_1105,25,Gowrie_exit,25,21,0.44,0
dl_1105,35,exit_to_Brisbane,35,28,0.44,0
dl_1105,19,exit_to_Brisbane,19,15,0.44,0
dl_1105,18,Gowrie_exit,18,16,0.44,0
dl_1105,17,Wyreema_exit,17,15,0.44,0
dl_1106,7,,,,,
dl_1106,27,exit_to_Brisbane,27,21,0.44,0
dl_1106,24,exit_to_Brisbane,24,19,0.44,0
dl_1106,25,Gowrie_exit,25,21,0.44,0
dl_1106,23,Gowrie_exit,23,19,0.44,0
dl_1106,35,exit_to_Brisbane,35,28,0.44,0
dl_1106,19,exit_to_Brisbane,19,15,0.44,0
dl_1106,18,Gowrie_exit,18,16,0.44,0
dl_1106,17,Wyreema_exit,17,15,0.44,0
dl_1107,8,,,,,
dl_1107,20,exit_to_Brisbane,20,16,0.44,0
dl_1107,17,Wyreema_exit,17,15,0.44,0
dl_1107,18,Gowrie_exit,18,16,0.44,0
dl_1107,24,exit_to_Brisbane,24,19,0.44,0
dl_1107,23,Gowrie_exit,23,19,0.44,0
dl_1107,21,exit_to_Brisbane,21,17,0.44,0
dl_1107,26,exit_to_Brisbane,26,20,0.44,0
dl_1107,25,Gowrie_exit,25,21,0.44,0
dl_1107,27,exit_to_Brisbane,27,21,0.44,0
dl_1108,8,,,,,
dl_1108,20,exit_to_Brisbane,20,16,0.44,0
dl_1108,17,Wyreema_exit,17,15,0.44,0
dl_1108,18,Gowrie_exit,18,16,0.44,0
dl_1108,24,exit_to_Brisbane,24,19,0.44,0
dl_1108,23,Gowrie_exit,23,19,0.44,0
dl_1108,21,exit_to_Brisbane,21,17,0.44,0
dl_1108,35,exit_to_Brisbane,35,28,0.44,0
dl_1108,26,exit_to_Brisbane,26,20,0.44,0
dl_1108,25,Gowrie_exit,25,21,0.44,0
dl_1109,8,,,,,
dl_1109,20,exit_to_Brisbane,20,16,0.44,0
dl_1109,17,Wyreema_exit,17,15,0.44,0
dl_1109,18,Gowrie_exit,18,16,0.44,0
dl_1109,24,exit_to_Brisbane,24,19,0.44,0
dl_1109,23,Gowrie_exit,23,19,0.44,0
dl_1109,21,exit_to_Brisbane,21,17,0.44,0
dl_1109,25,Gowrie_exit,25,21,0.44,0
dl_1109,35,exit_to_Brisbane,35,28,0.44,0
dl_1109,27,exit_to_Brisbane,27,21,0.44,0
dl_1110,8,,,,,
dl_1110,20,exit_to_Brisbane,20,16,0.44,0
dl_1110,17,Wyreema_exit,17,15,0.44,0
dl_1110,18,Gowrie_exit,18,16,0.44,0
dl_1110,23,Gowrie_exit,23,19,0.44,0
dl_1110,21,exit_to_Brisbane,21,17,0.44,0
dl_1110,27,exit_to_Brisbane,27,21,0.44,0
dl_1110,26,exit_to_Brisbane,26,20,0.44,0
dl_1110,25,Gowrie_exit,25,21,0.44,0
dl_1110,35,exit_to_Brisbane,35,28,0.44,0
dl_1111,8,,,,,
dl_1111,20,exit_to_Brisbane,20,16,0.44,0
dl_1111,17,Wyreema_exit,17,15,0.44,0
dl_1111,18,Gowrie_exit,18,16,0.44,0
dl_1111,24,exit_to_Brisbane,24,19,0.44,0
dl_1111,23,Gowrie_exit,23,19,0.44,0
dl_1111,27,exit_to_Brisbane,27,21,0.44,0
dl_1111,26,exit_to_Brisbane,26,20,0.44,0
dl_1111,25,Gowrie_exit,25,21,0.44,0
dl_1111,35,exit_to_Brisbane,35,28,0.44,0
dl_1112,5,,,,,
dl_1112,20,exit_to_Brisbane,20,16,0.44,0
dl_1112,17,Wyreema_exit,17,15,0.44,0
dl_1112,18,Gowrie_exit,18,16,0.44,0
dl_1112,24,exit_to_Brisbane,24,19,0.44,0
dl_1112,23,Gowrie_exit,23,19,0.44,0
dl_1112,21,exit_to_Brisbane,21,17,0.44,0
dl_1113,7,,,,,
dl_1113,20,exit_to_Brisbane,20,16,0.44,0
dl_1113,17,Wyreema_exit,17,15,0.44,0
dl_1113,18,Gowrie_exit,18,16,0.44,0
dl_1113,23,Gowrie_exit,23,19,0.44,0
dl_1113,21,exit_to_Brisbane,21,17,0.44,0
dl_1113,27,exit_to_Brisbane,27,21,0.44,0
dl_1113,26,exit_to_Brisbane,26,20,0.44,0
dl_1113,25,Gowrie_exit,25,21,0.44,0
dl_1114,7,,,,,
dl_1114,20,exit_to_Brisbane,20,16,0.44,0
dl_1114,17,Wyreema_exit,17,15,0.44,0
dl_1114,18,Gowrie_exit,18,16,0.44,0
dl_1114,24,exit_to_Brisbane,24,19,0.44,0
dl_1114,23,Gowrie_exit,23,19,0.44,0
dl_1114,27,exit_to_Brisbane,27,21,0.44,0
dl_1114,26,exit_to_Brisbane,26,20,0.44,0
dl_1114,25,Gowrie_exit,25,21,0.44,0
dl_1115,7,,,,,
dl_1115,20,exit_to_Brisbane,20,16,0.44,0
dl_1115,17,Wyreema_exit,17,15,0.44,0
dl_1115,18,Gowrie_exit,18,16,0.44,0
dl_1115,23,Gowrie_exit,23,19,0.44,0
dl_1115,21,exit_to_Brisbane,21,17,0.44,0
dl_1115,26,exit_to_Brisbane,26,20,0.44,0
dl_1115,25,Gowrie_exit,25,21,0.44,0
dl_1115,35,exit_to_Brisbane,35,28,0.44,0
dl_1116,7,,,,,
dl_1116,20,exit_to_Brisbane,20,16,0.44,0
dl_1116,17,Wyreema_exit,17,15,0.44,0
dl_1116,18,Gowrie_exit,18,16,0.44,0
dl_1116,24,exit_to_Brisbane,24,19,0.44,0
dl_1116,23,Gowrie_exit,23,19,0.44,0
dl_1116,26,exit_to_Brisbane,26,20,0.44,0
dl_1116,25,Gowrie_exit,25,21,0.44,0
dl_1116,35,exit_to_Brisbane,35,28,0.44,0
dl_1117,7,,,,,
dl_1117,20,exit_to_Brisbane,20,16,0.44,0
dl_1117,17,Wyreema_exit,17,15,0.44,0
dl_1117,18,Gowrie_exit,18,16,0.44,0
dl_1117,27,exit_to_Brisbane,27,21,0.44,0
dl_1117,23,Gowrie_exit,23,19,0.44,0
dl_1117,21,exit_to_Brisbane,21,17,0.44,0
dl_1117,25,Gowrie_exit,25,21,0.44,0
dl_1117,35,exit_to_Brisbane,35,28,0.44,0
dl_1118,7,,,,,
dl_1118,20,exit_to_Brisbane,20,16,0.44,0
dl_1118,17,Wyreema_exit,17,15,0.44,0
dl_1118,18,Gowrie_exit,18,16,0.44,0
dl_1118,27,exit_to_Brisbane,27,21,0.44,0
dl_1118,24,exit_to_Brisbane,24,19,0.44,0
dl_1118,25,Gowrie_exit,25,21,0.44,0
dl_1118,23,Gowrie_exit,23,19,0.44,0
dl_1118,35,exit_to_Brisbane,35,28,0.44,0
dl_1119,4,,,,,
dl_1119,27,exit_to_Brisbane,27,21,0.44,0
dl_1119,26,exit_to_Brisbane,26,20,0.44,0
dl_1119,25,Gowrie_exit,25,21,0.44,0
dl_1119,23,Gowrie_exit,23,19,0.44,0
dl_1119,22,Gowrie_exit,22,19,0.44,0
dl_1120,5,,,,,
dl_1120,27,exit_to_Brisbane,27,21,0.44,0
dl_1120,26,exit_to_Brisbane,26,20,0.44,0
dl_1120,25,Gowrie_exit,25,21,0.44,0
dl_1120,23,Gowrie_exit,23,19,0.44,0
dl_1120,20,Gowrie_exit,20,17,0.44,0
dl_1120,35,exit_to_Brisbane,35,28,0.44,0
dl_1121,7,,,,,
dl_1121,27,exit_to_Brisbane,27,21,0.44,0
dl_1121,26,exit_to_Brisbane,26,20,0.44,0
dl_1121,25,Gowrie_exit,25,21,0.44,0
dl_1121,23,Gowrie_exit,23,19,0.44,0
dl_1121,35,exit_to_Brisbane,35,28,0.44,0
dl_1121,19,exit_to_Brisbane,19,15,0.44,0
dl_1121,18,Gowrie_exit,18,16,0.44,0
dl_1121,17,Wyreema_exit,17,15,0.44,0
dl_1122,7,,,,,
dl_1122,20,exit_to_Brisbane,20,16,0.44,0
dl_1122,17,Wyreema_exit,17,15,0.44,0
dl_1122,18,Gowrie_exit,18,16,0.44,0
dl_1122,27,exit_to_Brisbane,27,21,0.44,0
dl_1122,26,exit_to_Brisbane,26,20,0.44,0
dl_1122,25,Gowrie_exit,25,21,0.44,0
dl_1122,23,Gowrie_exit,23,19,0.44,0
dl_1122,35,exit_to_Brisbane,35,28,0.44,0
dl_1123,7,,,,,
dl_1123,24,exit_to_Brisbane,24,19,0.44,0
dl_1123,23,Gowrie_exit,23,19,0.44,0
dl_1123,21,exit_to_Brisbane,21,17,0.44,0
dl_1123,19,Wyreema_exit,19,16,0.44,0
dl_1123,18,Gowrie_exit,18,16,0.44,0
dl_1123,26,exit_to_Brisbane,26,20,0.44,0
dl_1123,25,Gowrie_exit,25,21,0.44,0
dl_1123,27,exit_to_Brisbane,27,21,0.44,0
dl_1124,7,,,,,
dl_1124,24,exit_to_Brisbane,24,19,0.44,0
dl_1124,23,Gowrie_exit,23,19,0.44,0
dl_1124,21,exit_to_Brisbane,21,17,0.44,0
dl_1124,17,Wyreema_exit,17,15,0.44,0
dl_1124,18,Gowrie_exit,18,16,0.44,0
dl_1124,27,exit_to_Brisbane,27,21,0.44,0
dl_1124,26,exit_to_Brisbane,26,20,0.44,0
dl_1124,25,Gowrie_exit,25,21,0.44,0
dl_1125,7,,,,,
dl_1125,24,exit_to_Brisbane,24,19,0.44,0
dl_1125,23,Gowrie_exit,23,19,0.44,0
dl_1125,21,exit_to_Brisbane,21,17,0.44,0
dl_1125,19,Wyreema_exit,19,16,0.44,0
dl_1125,18,Gowrie_exit,18,16,0.44,0
dl_1125,35,exit_to_Brisbane,35,28,0.44,0
dl_1125,26,exit_to_Brisbane,26,20,0.44,0
dl_1125,25,Gowrie_exit,25,21,0.44,0
dl_1126,7,,,,,
dl_1126,24,exit_to_Brisbane,24,19,0.44,0
dl_1126,23,Gowrie_exit,23,19,0.44,0
dl_1126,21,exit_to_Brisbane,21,17,0.44,0
dl_1126,17,Wyreema_exit,17,15,0.44,0
dl_1126,18,Gowrie_exit,18,16,0.44,0
dl_1126,26,exit_to_Brisbane,26,20,0.44,0
dl_1126,25,Gowrie_exit,25,21,0.44,0
dl_1126,35,exit_to_Brisbane,35,28,0.44,0
dl_1127,7,,,,,
dl_1127,24,exit_to_Brisbane,24,19,0.44,0
dl_1127,23,Gowrie_exit,23,19,0.44,0
dl_1127,21,exit_to_Brisbane,21,17,0.44,0
dl_1127,19,Wyreema_exit,19,16,0.44,0
dl_1127,18,Gowrie_exit,18,16,0.44,0
dl_1127,25,Gowrie_exit,25,21,0.44,0
dl_1127,35,exit_to_Brisbane,35,28,0.44,0
dl_1127,27,exit_to_Brisbane,27,21,0.44,0
dl_1128,7,,,,,
dl_1128,24,exit_to_Brisbane,24,19,0.44,0
dl_1128,23,Gowrie_exit,23,19,0.44,0
dl_1128,21,exit_to_Brisbane,21,17,0.44,0
dl_1128,17,Wyreema_exit,17,15,0.44,0
dl_1128,18,Gowrie_exit,18,16,0.44,0
dl_1128,27,exit_to_Brisbane,27,21,0.44,0
dl_1128,25,Gowrie_exit,25,21,0.44,0
dl_1128,35,exit_to_Brisbane,35,28,0.44,0
dl_1129,7,,,,,
dl_1129,23,Gowrie_exit,23,19,0.44,0
dl_1129,21,exit_to_Brisbane,21,17,0.44,0
dl_1129,27,exit_to_Brisbane,27,21,0.44,0
dl_1129,26,exit_to_Brisbane,26,20,0.44,0
dl_1129,25,Gowrie_exit,25,21,0.44,0
dl_1129,19,Wyreema_exit,19,16,0.44,0
dl_1129,18,Gowrie_exit,18,16,0.44,0
dl_1129,35,exit_to_Brisbane,35,28,0.44,0
dl_1130,7,,,,,
dl_1130,23,Gowrie_exit,23,19,0.44,0
dl_1130,21,exit_to_Brisbane,21,17,0.44,0
dl_1130,27,exit_to_Brisbane,27,21,0.44,0
dl_1130,26,exit_to_Brisbane,26,20,0.44,0
dl_1130,25,Gowrie_exit,25,21,0.44,0
dl_1130,17,Wyreema_exit,17,15,0.44,0
dl_1130,18,Gowrie_exit,18,16,0.44,0
dl_1130,35,exit_to_Brisbane,35,28,0.44,0
dl_1131,11,,,,,
dl_1131,24,exit_to_Brisbane,24,19,0.44,0
dl_1131,23,Gowrie_exit,23,19,0.44,0
dl_1131,21,exit_to_Brisbane,21,17,0.44,0
dl_1131,19,exit_to_Brisbane,19,15,0.44,0
dl_1131,18,Gowrie_exit,18,16,0.44,0
dl_1131,216,exit_to_Brisbane,218,13,0.44,0
dl_1131,16,Wyreema_exit,16,14,0.44,0
dl_1131,15,Wyreema_exit,15,13,0.44,0
dl_1131,218,exit_to_Brisbane,218,13,0.44,0
dl_1131,26,exit_to_Brisbane,26,20,0.44,0
dl_1131,25,Gowrie_exit,25,21,0.44,0
dl_1131,27,exit_to_Brisbane,27,21,0.44,0
dl_1132,11,,,,,
dl_1132,24,exit_to_Brisbane,24,19,0.44,0
dl_1132,23,Gowrie_exit,23,19,0.44,0
dl_1132,21,exit_to_Brisbane,21,17,0.44,0
dl_1132,19,exit_to_Brisbane,19,15,0.44,0
dl_1132,18,Gowrie_exit,18,16,0.44,0
dl_1132,216,exit_to_Brisbane,218,13,0.44,0
dl_1132,16,Wyreema_exit,16,14,0.44,0
dl_1132,15,Wyreema_exit,15,13,0.44,0
dl_1132,218,exit_to_Brisbane,218,13,0.44,0
dl_1132,35,exit_to_Brisbane,35,28,0.44,0
dl_1132,26,exit_to_Brisbane,26,20,0.44,0
dl_1132,25,Gowrie_exit,25,21,0.44,0
dl_1133,11,,,,,
dl_1133,24,exit_to_Brisbane,24,19,0.44,0
dl_1133,23,Gowrie_exit,23,19,0.44,0
dl_1133,21,exit_to_Brisbane,21,17,0.44,0
dl_1133,19,exit_to_Brisbane,19,15,0.44,0
dl_1133,18,Gowrie_exit,18,16,0.44,0
dl_1133,216,exit_to_Brisbane,218,13,0.44,0
dl_1133,16,Wyreema_exit,16,14,0.44,0
dl_1133,15,Wyreema_exit,15,13,0.44,0
dl_1133,218,exit_to_Brisbane,218,13,0.44,0
dl_1133,25,Gowrie_exit,25,21,0.44,0
dl_1133,35,exit_to_Brisbane,35,28,0.44,0
dl_1133,27,exit_to_Brisbane,27,21,0.44,0
dl_1134,11,,,,,
dl_1134,23,Gowrie_exit,23,19,0.44,0
dl_1134,21,exit_to_Brisbane,21,17,0.44,0
dl_1134,27,exit_to_Brisbane,27,21,0.44,0
dl_1134,26,exit_to_Brisbane,26,20,0.44,0
dl_1134,25,Gowrie_exit,25,21,0.44,0
dl_1134,19,exit_to_Brisbane,19,15,0.44,0
dl_1134,18,Gowrie_exit,18,16,0.44,0
dl_1134,216,exit_to_Brisbane,218,13,0.44,0
dl_1134,16,Wyreema_exit,16,14,0.44,0
dl_1134,15,Wyreema_exit,15,13,0.44,0
dl_1134,218,exit_to_Brisbane,218,13,0.44,0
dl_1134,35,exit_to_Brisbane,35,28,0.44,0
dl_1135,11,,,,,
dl_1135,24,exit_to_Brisbane,24,19,0.44,0
dl_1135,23,Gowrie_exit,23,19,0.44,0
dl_1135,27,exit_to_Brisbane,27,21,0.44,0
dl_1135,26,exit_to_Brisbane,26,20,0.44,0
dl_1135,25,Gowrie_exit,25,21,0.44,0
dl_1135,19,exit_to_Brisbane,19,15,0.44,0
dl_1135,18,Gowrie_exit,18,16,0.44,0
dl_1135,216,exit_to_Brisbane,218,13,0.44,0
dl_1135,16,Wyreema_exit,16,14,0.44,0
dl_1135,15,Wyreema_exit,15,13,0.44,0
dl_1135,218,exit_to_Brisbane,218,13,0.44,0
dl_1135,35,exit_to_Brisbane,35,28,0.44,0
dl_1136,12,,,,,
dl_1136,20,exit_to_Brisbane,20,16,0.44,0
dl_1136,19,exit_to_Brisbane,19,15,0.44,0
dl_1136,18,Gowrie_exit,18,16,0.44,0
dl_1136,24,exit_to_Brisbane,24,19,0.44,0
dl_1136,23,Gowrie_exit,23,19,0.44,0
dl_1136,21,exit_to_Brisbane,21,17,0.44,0
dl_1136,216,exit_to_Brisbane,218,13,0.44,0
dl_1136,16,Wyreema_exit,16,14,0.44,0
dl_1136,218,exit_to_Brisbane,218,13,0.44,0
dl_1136,2,exit_to_Brisbane,2,3,0.44,0
dl_1136,1,Wyreema_exit,1,2,0.44,0
dl_1136,3,Wyreema_exit,1,2,0.44,0
dl_1136,4,Gowrie_exit,4,3,0.44,0
dl_1137,14,,,,,
dl_1137,20,exit_to_Brisbane,20,16,0.44,0
dl_1137,19,exit_to_Brisbane,19,15,0.44,0
dl_1137,18,Gowrie_exit,18,16,0.44,0
dl_1137,27,exit_to_Brisbane,27,21,0.44,0
dl_1137,26,exit_to_Brisbane,26,20,0.44,0
dl_1137,25,Gowrie_exit,25,21,0.44,0
dl_1137,23,Gowrie_exit,23,19,0.44,0
dl_1137,21,exit_to_Brisbane,21,17,0.44,0
dl_1137,216,exit_to_Brisbane,218,13,0.44,0
dl_1137,16,Wyreema_exit,16,14,0.44,0
dl_1137,218,exit_to_Brisbane,218,13,0.44,0
dl_1137,2,exit_to_Brisbane,2,3,0.44,0
dl_1137,1,Wyreema_exit,1,2,0.44,0
dl_1137,3,Wyreema_exit,1,2,0.44,0
dl_1137,4,Gowrie_exit,4,3,0.44,0
dl_1138,14,,,,,
dl_1138,20,exit_to_Brisbane,20,16,0.44,0
dl_1138,19,exit_to_Brisbane,19,15,0.44,0
dl_1138,18,Gowrie_exit,18,16,0.44,0
dl_1138,24,exit_to_Brisbane,24,19,0.44,0
dl_1138,23,Gowrie_exit,23,19,0.44,0
dl_1138,27,exit_to_Brisbane,27,21,0.44,0
dl_1138,26,exit_to_Brisbane,26,20,0.44,0
dl_1138,25,Gowrie_exit,25,21,0.44,0
dl_1138,216,exit_to_Brisbane,218,13,0.44,0
dl_1138,16,Wyreema_exit,16,14,0.44,0
dl_1138,218,exit_to_Brisbane,218,13,0.44,0
dl_1138,2,exit_to_Brisbane,2,3,0.44,0
dl_1138,1,Wyreema_exit,1,2,0.44,0
dl_1138,3,Wyreema_exit,1,2,0.44,0
dl_1138,4,Gowrie_exit,4,3,0.44,0
dl_1139,14,,,,,
dl_1139,20,exit_to_Brisbane,20,16,0.44,0
dl_1139,19,exit_to_Brisbane,19,15,0.44,0
dl_1139,18,Gowrie_exit,18,16,0.44,0
dl_1139,35,exit_to_Brisbane,35,28,0.44,0
dl_1139,26,exit_to_Brisbane,26,20,0.44,0
dl_1139,25,Gowrie_exit,25,21,0.44,0
dl_1139,23,Gowrie_exit,23,19,0.44,0
dl_1139,21,exit_to_Brisbane,21,17,0.44,0
dl_1139,216,exit_to_Brisbane,218,13,0.44,0
dl_1139,16,Wyreema_exit,16,14,0.44,0
dl_1139,218,exit_to_Brisbane,218,13,0.44,0
dl_1139,2,exit_to_Brisbane,2,3,0.44,0
dl_1139,1,Wyreema_exit,1,2,0.44,0
dl_1139,3,Wyreema_exit,1,2,0.44,0
dl_1139,4,Gowrie_exit,4,3,0.44,0
dl_1140,14,,,,,
dl_1140,20,exit_to_Brisbane,20,16,0.44,0
dl_1140,19,exit_to_Brisbane,19,15,0.44,0
dl_1140,18,Gowrie_exit,18,16,0.44,0
dl_1140,24,exit_to_Brisbane,24,19,0.44,0
dl_1140,23,Gowrie_exit,23,19,0.44,0
dl_1140,35,exit_to_Brisbane,35,28,0.44,0
dl_1140,26,exit_to_Brisbane,26,20,0.44,0
dl_1140,25,Gowrie_exit,25,21,0.44,0
dl_1140,216,exit_to_Brisbane,218,13,0.44,0
dl_1140,16,Wyreema_exit,16,14,0.44,0
dl_1140,218,exit_to_Brisbane,218,13,0.44,0
dl_1140,2,exit_to_Brisbane,2,3,0.44,0
dl_1140,1,Wyreema_exit,1,2,0.44,0
dl_1140,3,Wyreema_exit,1,2,0.44,0
dl_1140,4,Gowrie_exit,4,3,0.44,0
dl_1141,14,,,,,
dl_1141,20,exit_to_Brisbane,20,16,0.44,0
dl_1141,19,exit_to_Brisbane,19,15,0.44,0
dl_1141,18,Gowrie_exit,18,16,0.44,0
dl_1141,27,exit_to_Brisbane,27,21,0.44,0
dl_1141,25,Gowrie_exit,25,21,0.44,0
dl_1141,35,exit_to_Brisbane,35,28,0.44,0
dl_1141,23,Gowrie_exit,23,19,0.44,0
dl_1141,21,exit_to_Brisbane,21,17,0.44,0
dl_1141,216,exit_to_Brisbane,218,13,0.44,0
dl_1141,16,Wyreema_exit,16,14,0.44,0
dl_1141,218,exit_to_Brisbane,218,13,0.44,0
dl_1141,2,exit_to_Brisbane,2,3,0.44,0
dl_1141,1,Wyreema_exit,1,2,0.44,0
dl_1141,3,Wyreema_exit,1,2,0.44,0
dl_1141,4,Gowrie_exit,4,3,0.44,0
dl_1142,14,,,,,
dl_1142,20,exit_to_Brisbane,20,16,0.44,0
dl_1142,19,exit_to_Brisbane,19,15,0.44,0
dl_1142,18,Gowrie_exit,18,16,0.44,0
dl_1142,24,exit_to_Brisbane,24,19,0.44,0
dl_1142,23,Gowrie_exit,23,19,0.44,0
dl_1142,27,exit_to_Brisbane,27,21,0.44,0
dl_1142,25,Gowrie_exit,25,21,0.44,0
dl_1142,35,exit_to_Brisbane,35,28,0.44,0
dl_1142,216,exit_to_Brisbane,218,13,0.44,0
dl_1142,16,Wyreema_exit,16,14,0.44,0
dl_1142,218,exit_to_Brisbane,218,13,0.44,0
dl_1142,2,exit_to_Brisbane,2,3,0.44,0
dl_1142,1,Wyreema_exit,1,2,0.44,0
dl_1142,3,Wyreema_exit,1,2,0.44,0
dl_1142,4,Gowrie_exit,4,3,0.44,0
dl_1143,14,,,,,
dl_1143,20,exit_to_Brisbane,20,16,0.44,0
dl_1143,19,exit_to_Brisbane,19,15,0.44,0
dl_1143,18,Gowrie_exit,18,16,0.44,0
dl_1143,27,exit_to_Brisbane,27,21,0.44,0
dl_1143,26,exit_to_Brisbane,26,20,0.44,0
dl_1143,25,Gowrie_exit,25,21,0.44,0
dl_1143,23,Gowrie_exit,23,19,0.44,0
dl_1143,35,exit_to_Brisbane,35,28,0.44,0
dl_1143,216,exit_to_Brisbane,218,13,0.44,0
dl_1143,16,Wyreema_exit,16,14,0.44,0
dl_1143,218,exit_to_Brisbane,218,13,0.44,0
dl_1143,2,exit_to_Brisbane,2,3,0.44,0
dl_1143,1,Wyreema_exit,1,2,0.44,0
dl_1143,3,Wyreema_exit,1,2,0.44,0
dl_1143,4,Gowrie_exit,4,3,0.44,0
dl_1144,14,,,,,
dl_1144,24,exit_to_Brisbane,24,19,0.44,0
dl_1144,23,Gowrie_exit,23,19,0.44,0
dl_1144,21,exit_to_Brisbane,21,17,0.44,0
dl_1144,19,exit_to_Brisbane,19,15,0.44,0
dl_1144,18,Gowrie_exit,18,16,0.44,0
dl_1144,27,exit_to_Brisbane,27,21,0.44,0
dl_1144,26,exit_to_Brisbane,26,20,0.44,0
dl_1144,25,Gowrie_exit,25,21,0.44,0
dl_1144,216,exit_to_Brisbane,218,13,0.44,0
dl_1144,16,Wyreema_exit,16,14,0.44,0
dl_1144,218,exit_to_Brisbane,218,13,0.44,0
dl_1144,2,exit_to_Brisbane,2,3,0.44,0
dl_1144,1,Wyreema_exit,1,2,0.44,0
dl_1144,3,Wyreema_exit,1,2,0.44,0
dl_1144,4,Gowrie_exit,4,3,0.44,0
dl_1145,14,,,,,
dl_1145,24,exit_to_Brisbane,24,19,0.44,0
dl_1145,23,Gowrie_exit,23,19,0.44,0
dl_1145,21,exit_to_Brisbane,21,17,0.44,0
dl_1145,19,exit_to_Brisbane,19,15,0.44,0
dl_1145,18,Gowrie_exit,18,16,0.44,0
dl_1145,35,exit_to_Brisbane,35,28,0.44,0
dl_1145,26,exit_to_Brisbane,26,20,0.44,0
dl_1145,25,Gowrie_exit,25,21,0.44,0
dl_1145,216,exit_to_Brisbane,218,13,0.44,0
dl_1145,16,Wyreema_exit,16,14,0.44,0
dl_1145,218,exit_to_Brisbane,218,13,0.44,0
dl_1145,2,exit_to_Brisbane,2,3,0.44,0
dl_1145,1,Wyreema_exit,1,2,0.44,0
dl_1145,3,Wyreema_exit,1,2,0.44,0
dl_1145,4,Gowrie_exit,4,3,0.44,0
dl_1146,14,,,,,
dl_1146,24,exit_to_Brisbane,24,19,0.44,0
dl_1146,23,Gowrie_exit,23,19,0.44,0
dl_1146,21,exit_to_Brisbane,21,17,0.44,0
dl_1146,19,exit_to_Brisbane,19,15,0.44,0
dl_1146,18,Gowrie_exit,18,16,0.44,0
dl_1146,27,exit_to_Brisbane,27,21,0.44,0
dl_1146,25,Gowrie_exit,25,21,0.44,0
dl_1146,35,exit_to_Brisbane,35,28,0.44,0
dl_1146,216,exit_to_Brisbane,218,13,0.44,0
dl_1146,16,Wyreema_exit,16,14,0.44,0
dl_1146,218,exit_to_Brisbane,218,13,0.44,0
dl_1146,2,exit_to_Brisbane,2,3,0.44,0
dl_1146,1,Wyreema_exit,1,2,0.44,0
dl_1146,3,Wyreema_exit,1,2,0.44,0
dl_1146,4,Gowrie_exit,4,3,0.44,0
dl_1147,14,,,,,
dl_1147,23,Gowrie_exit,23,19,0.44,0
dl_1147,21,exit_to_Brisbane,21,17,0.44,0
dl_1147,27,exit_to_Brisbane,27,21,0.44,0
dl_1147,26,exit_to_Brisbane,26,20,0.44,0
dl_1147,25,Gowrie_exit,25,21,0.44,0
dl_1147,19,exit_to_Brisbane,19,15,0.44,0
dl_1147,18,Gowrie_exit,18,16,0.44,0
dl_1147,35,exit_to_Brisbane,35,28,0.44,0
dl_1147,216,exit_to_Brisbane,218,13,0.44,0
dl_1147,16,Wyreema_exit,16,14,0.44,0
dl_1147,218,exit_to_Brisbane,218,13,0.44,0
dl_1147,2,exit_to_Brisbane,2,3,0.44,0
dl_1147,1,Wyreema_exit,1,2,0.44,0
dl_1147,3,Wyreema_exit,1,2,0.44,0
dl_1147,4,Gowrie_exit,4,3,0.44,0
dl_1148,14,,,,,
dl_1148,24,exit_to_Brisbane,24,19,0.44,0
dl_1148,23,Gowrie_exit,23,19,0.44,0
dl_1148,27,exit_to_Brisbane,27,21,0.44,0
dl_1148,26,exit_to_Brisbane,26,20,0.44,0
dl_1148,25,Gowrie_exit,25,21,0.44,0
dl_1148,19,exit_to_Brisbane,19,15,0.44,0
dl_1148,18,Gowrie_exit,18,16,0.44,0
dl_1148,35,exit_to_Brisbane,35,28,0.44,0
dl_1148,216,exit_to_Brisbane,218,13,0.44,0
dl_1148,16,Wyreema_exit,16,14,0.44,0
dl_1148,218,exit_to_Brisbane,218,13,0.44,0
dl_1148,2,exit_to_Brisbane,2,3,0.44,0
dl_1148,1,Wyreema_exit,1,2,0.44,0
dl_1148,3,Wyreema_exit,1,2,0.44,0
dl_1148,4,Gowrie_exit,4,3,0.44,0
dl_1149,8,,,,,
dl_1149,24,exit_to_Brisbane,24,19,0.44,0
dl_1149,23,Gowrie_exit,23,19,0.44,0
dl_1149,21,exit_to_Brisbane,21,17,0.44,0
dl_1149,19,exit_to_Brisbane,19,15,0.44,0
dl_1149,18,Gowrie_exit,18,16,0.44,0
dl_1149,216,exit_to_Brisbane,218,13,0.44,0
dl_1149,16,Wyreema_exit,16,14,0.44,0
dl_1149,15,Wyreema_exit,15,13,0.44,0
dl_1149,218,exit_to_Brisbane,218,13,0.44,0
dl_1150,10,,,,,
dl_1150,23,Gowrie_exit,23,19,0.44,0
dl_1150,21,exit_to_Brisbane,21,17,0.44,0
dl_1150,27,exit_to_Brisbane,27,21,0.44,0
dl_1150,26,exit_to_Brisbane,26,20,0.44,0
dl_1150,25,Gowrie_exit,25,21,0.44,0
dl_1150,19,exit_to_Brisbane,19,15,0.44,0
dl_1150,18,Gowrie_exit,18,16,0.44,0
dl_1150,216,exit_to_Brisbane,218,13,0.44,0
dl_1150,16,Wyreema_exit,16,14,0.44,0
dl_1150,15,Wyreema_exit,15,13,0.44,0
dl_1150,218,exit_to_Brisbane,218,13,0.44,0
dl_1151,10,,,,,
dl_1151,24,exit_to_Brisbane,24,19,0.44,0
dl_1151,23,Gowrie_exit,23,19,0.44,0
dl_1151,27,exit_to_Brisbane,27,21,0.44,0
dl_1151,26,exit_to_Brisbane,26,20,0.44,0
dl_1151,25,Gowrie_exit,25,21,0.44,0
dl_1151,19,exit_to_Brisbane,19,15,0.44,0
dl_1151,18,Gowrie_exit,18,16,0.44,0
dl_1151,216,exit_to_Brisbane,218,13,0.44,0
dl_1151,16,Wyreema_exit,16,14,0.44,0
dl_1151,15,Wyreema_exit,15,13,0.44,0
dl_1151,218,exit_to_Brisbane,218,13,0.44,0
dl_1152,9,,,,,
dl_1152,20,exit_to_Brisbane,20,16,0.44,0
dl_1152,19,exit_to_Brisbane,19,15,0.44,0
dl_1152,18,Gowrie_exit,18,16,0.44,0
dl_1152,216,exit_to_Brisbane,218,13,0.44,0
dl_1152,16,Wyreema_exit,16,14,0.44,0
dl_1152,218,exit_to_Brisbane,218,13,0.44,0
dl_1152,2,exit_to_Brisbane,2,3,0.44,0
dl_1152,1,Wyreema_exit,1,2,0.44,0
dl_1152,3,Wyreema_exit,1,2,0.44,0
dl_1152,4,Gowrie_exit,4,3,0.44,0
dl_1153,11,,,,,
dl_1153,24,exit_to_Brisbane,24,19,0.44,0
dl_1153,23,Gowrie_exit,23,19,0.44,0
dl_1153,21,exit_to_Brisbane,21,17,0.44,0
dl_1153,19,exit_to_Brisbane,19,15,0.44,0
dl_1153,18,Gowrie_exit,18,16,0.44,0
dl_1153,216,exit_to_Brisbane,218,13,0.44,0
dl_1153,16,Wyreema_exit,16,14,0.44,0
dl_1153,218,exit_to_Brisbane,218,13,0.44,0
dl_1153,2,exit_to_Brisbane,2,3,0.44,0
dl_1153,1,Wyreema_exit,1,2,0.44,0
dl_1153,3,Wyreema_exit,1,2,0.44,0
dl_1153,4,Gowrie_exit,4,3,0.44,0
dl_1154,13,,,,,
dl_1154,23,Gowrie_exit,23,19,0.44,0
dl_1154,21,exit_to_Brisbane,21,17,0.44,0
dl_1154,27,exit_to_Brisbane,27,21,0.44,0
dl_1154,26,exit_to_Brisbane,26,20,0.44,0
dl_1154,25,Gowrie_exit,25,21,0.44,0
dl_1154,19,exit_to_Brisbane,19,15,0.44,0
dl_1154,18,Gowrie_exit,18,16,0.44,0
dl_1154,216,exit_to_Brisbane,218,13,0.44,0
dl_1154,16,Wyreema_exit,16,14,0.44,0
dl_1154,218,exit_to_Brisbane,218,13,0.44,0
dl_1154,2,exit_to_Brisbane,2,3,0.44,0
dl_1154,1,Wyreema_exit,1,2,0.44,0
dl_1154,3,Wyreema_exit,1,2,0.44,0
dl_1154,4,Gowrie_exit,4,3,0.44,0
dl_1155,13,,,,,
dl_1155,24,exit_to_Brisbane,24,19,0.44,0
dl_1155,23,Gowrie_exit,23,19,0.44,0
dl_1155,27,exit_to_Brisbane,27,21,0.44,0
dl_1155,26,exit_to_Brisbane,26,20,0.44,0
dl_1155,25,Gowrie_exit,25,21,0.44,0
dl_1155,19,exit_to_Brisbane,19,15,0.44,0
dl_1155,18,Gowrie_exit,18,16,0.44,0
dl_1155,216,exit_to_Brisbane,218,13,0.44,0
dl_1155,16,Wyreema_exit,16,14,0.44,0
dl_1155,218,exit_to_Brisbane,218,13,0.44,0
dl_1155,2,exit_to_Brisbane,2,3,0.44,0
dl_1155,1,Wyreema_exit,1,2,0.44,0
dl_1155,3,Wyreema_exit,1,2,0.44,0
dl_1155,4,Gowrie_exit,4,3,0.44,0
dl_1156,10,,,,,
dl_1156,23,Gowrie_exit,23,19,0.44,0
dl_1156,21,exit_to_Brisbane,21,17,0.44,0
dl_1156,26,exit_to_Brisbane,26,20,0.44,0
dl_1156,25,Gowrie_exit,25,21,0.44,0
dl_1156,35,exit_to_Brisbane,35,28,0.44,0
dl_1156,19,exit_to_Brisbane,19,15,0.44,0
dl_1156,18,Gowrie_exit,18,16,0.44,0
dl_1156,216,exit_to_Brisbane,218,13,0.44,0
dl_1156,16,Wyreema_exit,16,14,0.44,0
dl_1156,15,Wyreema_exit,15,13,0.44,0
dl_1156,218,exit_to_Brisbane,218,13,0.44,0
dl_1157,10,,,,,
dl_1157,24,exit_to_Brisbane,24,19,0.44,0
dl_1157,23,Gowrie_exit,23,19,0.44,0
dl_1157,26,exit_to_Brisbane,26,20,0.44,0
dl_1157,25,Gowrie_exit,25,21,0.44,0
dl_1157,35,exit_to_Brisbane,35,28,0.44,0
dl_1157,19,exit_to_Brisbane,19,15,0.44,0
dl_1157,18,Gowrie_exit,18,16,0.44,0
dl_1157,216,exit_to_Brisbane,218,13,0.44,0
dl_1157,16,Wyreema_exit,16,14,0.44,0
dl_1157,15,Wyreema_exit,15,13,0.44,0
dl_1157,218,exit_to_Brisbane,218,13,0.44,0
dl_1158,13,,,,,
dl_1158,23,Gowrie_exit,23,19,0.44,0
dl_1158,21,exit_to_Brisbane,21,17,0.44,0
dl_1158,26,exit_to_Brisbane,26,20,0.44,0
dl_1158,25,Gowrie_exit,25,21,0.44,0
dl_1158,35,exit_to_Brisbane,35,28,0.44,0
dl_1158,19,exit_to_Brisbane,19,15,0.44,0
dl_1158,18,Gowrie_exit,18,16,0.44,0
dl_1158,216,exit_to_Brisbane,218,13,0.44,0
dl_1158,16,Wyreema_exit,16,14,0.44,0
dl_1158,218,exit_to_Brisbane,218,13,0.44,0
dl_1158,2,exit_to_Brisbane,2,3,0.44,0
dl_1158,1,Wyreema_exit,1,2,0.44,0
dl_1158,3,Wyreema_exit,1,2,0.44,0
dl_1158,4,Gowrie_exit,4,3,0.44,0
dl_1159,13,,,,,
dl_1159,24,exit_to_Brisbane,24,19,0.44,0
dl_1159,23,Gowrie_exit,23,19,0.44,0
dl_1159,26,exit_to_Brisbane,26,20,0.44,0
dl_1159,25,Gowrie_exit,25,21,0.44,0
dl_1159,35,exit_to_Brisbane,35,28,0.44,0
dl_1159,19,exit_to_Brisbane,19,15,0.44,0
dl_1159,18,Gowrie_exit,18,16,0.44,0
dl_1159,216,exit_to_Brisbane,218,13,0.44,0
dl_1159,16,Wyreema_exit,16,14,0.44,0
dl_1159,218,exit_to_Brisbane,218,13,0.44,0
dl_1159,2,exit_to_Brisbane,2,3,0.44,0
dl_1159,1,Wyreema_exit,1,2,0.44,0
dl_1159,3,Wyreema_exit,1,2,0.44,0
dl_1159,4,Gowrie_exit,4,3,0.44,0
dl_1160,11,,,,,
dl_1160,20,exit_to_Brisbane,20,16,0.44,0
dl_1160,216,exit_to_Brisbane,218,13,0.44,0
dl_1160,16,Wyreema_exit,16,14,0.44,0
dl_1160,15,Wyreema_exit,15,13,0.44,0
dl_1160,218,exit_to_Brisbane,218,13,0.44,0
dl_1160,18,Gowrie_exit,18,16,0.44,0
dl_1160,24,exit_to_Brisbane,24,19,0.44,0
dl_1160,23,Gowrie_exit,23,19,0.44,0
dl_1160,21,exit_to_Brisbane,21,17,0.44,0
dl_1160,26,exit_to_Brisbane,26,20,0.44,0
dl_1160,25,Gowrie_exit,25,21,0.44,0
dl_1160,27,exit_to_Brisbane,27,21,0.44,0
dl_1161,11,,,,,
dl_1161,20,exit_to_Brisbane,20,16,0.44,0
dl_1161,216,exit_to_Brisbane,218,13,0.44,0
dl_1161,16,Wyreema_exit,16,14,0.44,0
dl_1161,15,Wyreema_exit,15,13,0.44,0
dl_1161,218,exit_to_Brisbane,218,13,0.44,0
dl_1161,18,Gowrie_exit,18,16,0.44,0
dl_1161,24,exit_to_Brisbane,24,19,0.44,0
dl_1161,23,Gowrie_exit,23,19,0.44,0
dl_1161,21,exit_to_Brisbane,21,17,0.44,0
dl_1161,35,exit_to_Brisbane,35,28,0.44,0
dl_1161,26,exit_to_Brisbane,26,20,0.44,0
dl_1161,25,Gowrie_exit,25,21,0.44,0
dl_1162,11,,,,,
dl_1162,20,exit_to_Brisbane,20,16,0.44,0
dl_1162,216,exit_to_Brisbane,218,13,0.44,0
dl_1162,16,Wyreema_exit,16,14,0.44,0
dl_1162,15,Wyreema_exit,15,13,0.44,0
dl_1162,218,exit_to_Brisbane,218,13,0.44,0
dl_1162,18,Gowrie_exit,18,16,0.44,0
dl_1162,24,exit_to_Brisbane,24,19,0.44,0
dl_1162,23,Gowrie_exit,23,19,0.44,0
dl_1162,21,exit_to_Brisbane,21,17,0.44,0
dl_1162,25,Gowrie_exit,25,21,0.44,0
dl_1162,35,exit_to_Brisbane,35,28,0.44,0
dl_1162,27,exit_to_Brisbane,27,21,0.44,0
dl_1163,11,,,,,
dl_1163,20,exit_to_Brisbane,20,16,0.44,0
dl_1163,216,exit_to_Brisbane,218,13,0.44,0
dl_1163,16,Wyreema_exit,16,14,0.44,0
dl_1163,15,Wyreema_exit,15,13,0.44,0
dl_1163,218,exit_to_Brisbane,218,13,0.44,0
dl_1163,18,Gowrie_exit,18,16,0.44,0
dl_1163,23,Gowrie_exit,23,19,0.44,0
dl_1163,21,exit_to_Brisbane,21,17,0.44,0
dl_1163,27,exit_to_Brisbane,27,21,0.44,0
dl_1163,26,exit_to_Brisbane,26,20,0.44,0
dl_1163,25,Gowrie_exit,25,21,0.44,0
dl_1163,35,exit_to_Brisbane,35,28,0.44,0
dl_1164,11,,,,,
dl_1164,20,exit_to_Brisbane,20,16,0.44,0
dl_1164,216,exit_to_Brisbane,218,13,0.44,0
dl_1164,16,Wyreema_exit,16,14,0.44,0
dl_1164,15,Wyreema_exit,15,13,0.44,0
dl_1164,218,exit_to_Brisbane,218,13,0.44,0
dl_1164,18,Gowrie_exit,18,16,0.44,0
dl_1164,24,exit_to_Brisbane,24,19,0.44,0
dl_1164,23,Gowrie_exit,23,19,0.44,0
dl_1164,27,exit_to_Brisbane,27,21,0.44,0
dl_1164,26,exit_to_Brisbane,26,20,0.44,0
dl_1164,25,Gowrie_exit,25,21,0.44,0
dl_1164,35,exit_to_Brisbane,35,28,0.44,0
dl_1165,14,,,,,
dl_1165,20,exit_to_Brisbane,20,16,0.44,0
dl_1165,216,exit_to_Brisbane,218,13,0.44,0
dl_1165,16,Wyreema_exit,16,14,0.44,0
dl_1165,218,exit_to_Brisbane,218,13,0.44,0
dl_1165,2,exit_to_Brisbane,2,3,0.44,0
dl_1165,1,Wyreema_exit,1,2,0.44,0
dl_1165,3,Wyreema_exit,1,2,0.44,0
dl_1165,4,Gowrie_exit,4,3,0.44,0
dl_1165,18,Gowrie_exit,18,16,0.44,0
dl_1165,24,exit_to_Brisbane,24,19,0.44,0
dl_1165,23,Gowrie_exit,23,19,0.44,0
dl_1165,21,exit_to_Brisbane,21,17,0.44,0
dl_1165,27,exit_to_Brisbane,27,21,0.44,0
dl_1165,26,exit_to_Brisbane,26,20,0.44,0
dl_1165,25,Gowrie_exit,25,21,0.44,0
dl_1166,14,,,,,
dl_1166,20,exit_to_Brisbane,20,16,0.44,0
dl_1166,216,exit_to_Brisbane,218,13,0.44,0
dl_1166,16,Wyreema_exit,16,14,0.44,0
dl_1166,218,exit_to_Brisbane,218,13,0.44,0
dl_1166,2,exit_to_Brisbane,2,3,0.44,0
dl_1166,1,Wyreema_exit,1,2,0.44,0
dl_1166,3,Wyreema_exit,1,2,0.44,0
dl_1166,4,Gowrie_exit,4,3,0.44,0
dl_1166,18,Gowrie_exit,18,16,0.44,0
dl_1166,24,exit_to_Brisbane,24,19,0.44,0
dl_1166,23,Gowrie_exit,23,19,0.44,0
dl_1166,21,exit_to_Brisbane,21,17,0.44,0
dl_1166,35,exit_to_Brisbane,35,28,0.44,0
dl_1166,26,exit_to_Brisbane,26,20,0.44,0
dl_1166,25,Gowrie_exit,25,21,0.44,0
dl_1167,14,,,,,
dl_1167,20,exit_to_Brisbane,20,16,0.44,0
dl_1167,216,exit_to_Brisbane,218,13,0.44,0
dl_1167,16,Wyreema_exit,16,14,0.44,0
dl_1167,218,exit_to_Brisbane,218,13,0.44,0
dl_1167,2,exit_to_Brisbane,2,3,0.44,0
dl_1167,1,Wyreema_exit,1,2,0.44,0
dl_1167,3,Wyreema_exit,1,2,0.44,0
dl_1167,4,Gowrie_exit,4,3,0.44,0
dl_1167,18,Gowrie_exit,18,16,0.44,0
dl_1167,24,exit_to_Brisbane,24,19,0.44,0
dl_1167,23,Gowrie_exit,23,19,0.44,0
dl_1167,21,exit_to_Brisbane,21,17,0.44,0
dl_1167,27,exit_to_Brisbane,27,21,0.44,0
dl_1167,25,Gowrie_exit,25,21,0.44,0
dl_1167,35,exit_to_Brisbane,35,28,0.44,0
dl_1168,14,,,,,
dl_1168,20,exit_to_Brisbane,20,16,0.44,0
dl_1168,216,exit_to_Brisbane,218,13,0.44,0
dl_1168,16,Wyreema_exit,16,14,0.44,0
dl_1168,218,exit_to_Brisbane,218,13,0.44,0
dl_1168,2,exit_to_Brisbane,2,3,0.44,0
dl_1168,1,Wyreema_exit,1,2,0.44,0
dl_1168,3,Wyreema_exit,1,2,0.44,0
dl_1168,4,Gowrie_exit,4,3,0.44,0
dl_1168,18,Gowrie_exit,18,16,0.44,0
dl_1168,23,Gowrie_exit,23,19,0.44,0
dl_1168,21,exit_to_Brisbane,21,17,0.44,0
dl_1168,27,exit_to_Brisbane,27,21,0.44,0
dl_1168,26,exit_to_Brisbane,26,20,0.44,0
dl_1168,25,Gowrie_exit,25,21,0.44,0
dl_1168,35,exit_to_Brisbane,35,28,0.44,0
dl_1169,14,,,,,
dl_1169,20,exit_to_Brisbane,20,16,0.44,0
dl_1169,216,exit_to_Brisbane,218,13,0.44,0
dl_1169,16,Wyreema_exit,16,14,0.44,0
dl_1169,218,exit_to_Brisbane,218,13,0.44,0
dl_1169,2,exit_to_Brisbane,2,3,0.44,0
dl_1169,1,Wyreema_exit,1,2,0.44,0
dl_1169,3,Wyreema_exit,1,2,0.44,0
dl_1169,4,Gowrie_exit,4,3,0.44,0
dl_1169,18,Gowrie_exit,18,16,0.44,0
dl_1169,24,exit_to_Brisbane,24,19,0.44,0
dl_1169,23,Gowrie_exit,23,19,0.44,0
dl_1169,27,exit_to_Brisbane,27,21,0.44,0
dl_1169,26,exit_to_Brisbane,26,20,0.44,0
dl_1169,25,Gowrie_exit,25,21,0.44,0
dl_1169,35,exit_to_Brisbane,35,28,0.44,0
dl_1170,8,,,,,
dl_1170,20,exit_to_Brisbane,20,16,0.44,0
dl_1170,216,exit_to_Brisbane,218,13,0.44,0
dl_1170,16,Wyreema_exit,16,14,0.44,0
dl_1170,15,Wyreema_exit,15,13,0.44,0
dl_1170,218,exit_to_Brisbane,218,13,0.44,0
dl_1170,18,Gowrie_exit,18,16,0.44,0
dl_1170,24,exit_to_Brisbane,24,19,0.44,0
dl_1170,23,Gowrie_exit,23,19,0.44,0
dl_1170,21,exit_to_Brisbane,21,17,0.44,0
dl_1171,10,,,,,
dl_1171,20,exit_to_Brisbane,20,16,0.44,0
dl_1171,216,exit_to_Brisbane,218,13,0.44,0
dl_1171,16,Wyreema_exit,16,14,0.44,0
dl_1171,15,Wyreema_exit,15,13,0.44,0
dl_1171,218,exit_to_Brisbane,218,13,0.44,0
dl_1171,18,Gowrie_exit,18,16,0.44,0
dl_1171,23,Gowrie_exit,23,19,0.44,0
dl_1171,21,exit_to_Brisbane,21,17,0.44,0
dl_1171,27,exit_to_Brisbane,27,21,0.44,0
dl_1171,26,exit_to_Brisbane,26,20,0.44,0
dl_1171,25,Gowrie_exit,25,21,0.44,0
dl_1172,10,,,,,
dl_1172,20,exit_to_Brisbane,20,16,0.44,0
dl_1172,216,exit_to_Brisbane,218,13,0.44,0
dl_1172,16,Wyreema_exit,16,14,0.44,0
dl_1172,15,Wyreema_exit,15,13,0.44,0
dl_1172,218,exit_to_Brisbane,218,13,0.44,0
dl_1172,18,Gowrie_exit,18,16,0.44,0
dl_1172,24,exit_to_Brisbane,24,19,0.44,0
dl_1172,23,Gowrie_exit,23,19,0.44,0
dl_1172,27,exit_to_Brisbane,27,21,0.44,0
dl_1172,26,exit_to_Brisbane,26,20,0.44,0
dl_1172,25,Gowrie_exit,25,21,0.44,0
dl_1173,11,,,,,
dl_1173,20,exit_to_Brisbane,20,16,0.44,0
dl_1173,216,exit_to_Brisbane,218,13,0.44,0
dl_1173,16,Wyreema_exit,16,14,0.44,0
dl_1173,218,exit_to_Brisbane,218,13,0.44,0
dl_1173,2,exit_to_Brisbane,2,3,0.44,0
dl_1173,1,Wyreema_exit,1,2,0.44,0
dl_1173,3,Wyreema_exit,1,2,0.44,0
dl_1173,4,Gowrie_exit,4,3,0.44,0
dl_1173,18,Gowrie_exit,18,16,0.44,0
dl_1173,24,exit_to_Brisbane,24,19,0.44,0
dl_1173,23,Gowrie_exit,23,19,0.44,0
dl_1173,21,exit_to_Brisbane,21,17,0.44,0
dl_1174,13,,,,,
dl_1174,20,exit_to_Brisbane,20,16,0.44,0
dl_1174,216,exit_to_Brisbane,218,13,0.44,0
dl_1174,16,Wyreema_exit,16,14,0.44,0
dl_1174,218,exit_to_Brisbane,218,13,0.44,0
dl_1174,2,exit_to_Brisbane,2,3,0.44,0
dl_1174,1,Wyreema_exit,1,2,0.44,0
dl_1174,3,Wyreema_exit,1,2,0.44,0
dl_1174,4,Gowrie_exit,4,3,0.44,0
dl_1174,18,Gowrie_exit,18,16,0.44,0
dl_1174,23,Gowrie_exit,23,19,0.44,0
dl_1174,21,exit_to_Brisbane,21,17,0.44,0
dl_1174,27,exit_to_Brisbane,27,21,0.44,0
dl_1174,26,exit_to_Brisbane,26,20,0.44,0
dl_1174,25,Gowrie_exit,25,21,0.44,0
dl_1175,13,,,,,
dl_1175,20,exit_to_Brisbane,20,16,0.44,0
dl_1175,216,exit_to_Brisbane,218,13,0.44,0
dl_1175,16,Wyreema_exit,16,14,0.44,0
dl_1175,218,exit_to_Brisbane,218,13,0.44,0
dl_1175,2,exit_to_Brisbane,2,3,0.44,0
dl_1175,1,Wyreema_exit,1,2,0.44,0
dl_1175,3,Wyreema_exit,1,2,0.44,0
dl_1175,4,Gowrie_exit,4,3,0.44,0
dl_1175,18,Gowrie_exit,18,16,0.44,0
dl_1175,24,exit_to_Brisbane,24,19,0.44,0
dl_1175,23,Gowrie_exit,23,19,0.44,0
dl_1175,27,exit_to_Brisbane,27,21,0.44,0
dl_1175,26,exit_to_Brisbane,26,20,0.44,0
dl_1175,25,Gowrie_exit,25,21,0.44,0
dl_1176,10,,,,,
dl_1176,20,exit_to_Brisbane,20,16,0.44,0
dl_1176,216,exit_to_Brisbane,218,13,0.44,0
dl_1176,16,Wyreema_exit,16,14,0.44,0
dl_1176,15,Wyreema_exit,15,13,0.44,0
dl_1176,218,exit_to_Brisbane,218,13,0.44,0
dl_1176,18,Gowrie_exit,18,16,0.44,0
dl_1176,23,Gowrie_exit,23,19,0.44,0
dl_1176,21,exit_to_Brisbane,21,17,0.44,0
dl_1176,26,exit_to_Brisbane,26,20,0.44,0
dl_1176,25,Gowrie_exit,25,21,0.44,0
dl_1176,35,exit_to_Brisbane,35,28,0.44,0
dl_1177,10,,,,,
dl_1177,20,exit_to_Brisbane,20,16,0.44,0
dl_1177,216,exit_to_Brisbane,218,13,0.44,0
dl_1177,16,Wyreema_exit,16,14,0.44,0
dl_1177,15,Wyreema_exit,15,13,0.44,0
dl_1177,218,exit_to_Brisbane,218,13,0.44,0
dl_1177,18,Gowrie_exit,18,16,0.44,0
dl_1177,24,exit_to_Brisbane,24,19,0.44,0
dl_1177,23,Gowrie_exit,23,19,0.44,0
dl_1177,26,exit_to_Brisbane,26,20,0.44,0
dl_1177,25,Gowrie_exit,25,21,0.44,0
dl_1177,35,exit_to_Brisbane,35,28,0.44,0
dl_1178,13,,,,,
dl_1178,20,exit_to_Brisbane,20,16,0.44,0
dl_1178,216,exit_to_Brisbane,218,13,0.44,0
dl_1178,16,Wyreema_exit,16,14,0.44,0
dl_1178,218,exit_to_Brisbane,218,13,0.44,0
dl_1178,2,exit_to_Brisbane,2,3,0.44,0
dl_1178,1,Wyreema_exit,1,2,0.44,0
dl_1178,3,Wyreema_exit,1,2,0.44,0
dl_1178,4,Gowrie_exit,4,3,0.44,0
dl_1178,18,Gowrie_exit,18,16,0.44,0
dl_1178,23,Gowrie_exit,23,19,0.44,0
dl_1178,21,exit_to_Brisbane,21,17,0.44,0
dl_1178,26,exit_to_Brisbane,26,20,0.44,0
dl_1178,25,Gowrie_exit,25,21,0.44,0
dl_1178,35,exit_to_Brisbane,35,28,0.44,0
dl_1179,13,,,,,
dl_1179,20,exit_to_Brisbane,20,16,0.44,0
dl_1179,216,exit_to_Brisbane,218,13,0.44,0
dl_1179,16,Wyreema_exit,16,14,0.44,0
dl_1179,218,exit_to_Brisbane,218,13,0.44,0
dl_1179,2,exit_to_Brisbane,2,3,0.44,0
dl_1179,1,Wyreema_exit,1,2,0.44,0
dl_1179,3,Wyreema_exit,1,2,0.44,0
dl_1179,4,Gowrie_exit,4,3,0.44,0
dl_1179,18,Gowrie_exit,18,16,0.44,0
dl_1179,24,exit_to_Brisbane,24,19,0.44,0
dl_1179,23,Gowrie_exit,23,19,0.44,0
dl_1179,26,exit_to_Brisbane,26,20,0.44,0
dl_1179,25,Gowrie_exit,25,21,0.44,0
dl_1179,35,exit_to_Brisbane,35,28,0.44,0
dl_1180,12,,,,,
dl_1180,20,exit_to_Brisbane,20,16,0.44,0
dl_1180,19,exit_to_Brisbane,19,15,0.44,0
dl_1180,18,Gowrie_exit,18,16,0.44,0
dl_1180,24,exit_to_Brisbane,24,19,0.44,0
dl_1180,23,Gowrie_exit,23,19,0.44,0
dl_1180,21,exit_to_Brisbane,21,17,0.44,0
dl_1180,15,exit_to_Brisbane,15,2,0.44,0
dl_1180,4,Gowrie_exit,4,3,0.44,0
dl_1180,1,Wyreema_exit,1,2,0.44,0
dl_1180,216,exit_to_Brisbane,218,13,0.44,0
dl_1180,16,Wyreema_exit,16,14,0.44,0
dl_1180,218,exit_to_Brisbane,218,13,0.44,0
dl_1180,3,Wyreema_exit,1,2,0.44,0
dl_1181,14,,,,,
dl_1181,20,exit_to_Brisbane,20,16,0.44,0
dl_1181,19,exit_to_Brisbane,19,15,0.44,0
dl_1181,18,Gowrie_exit,18,16,0.44,0
dl_1181,27,exit_to_Brisbane,27,21,0.44,0
dl_1181,26,exit_to_Brisbane,26,20,0.44,0
dl_1181,25,Gowrie_exit,25,21,0.44,0
dl_1181,23,Gowrie_exit,23,19,0.44,0
dl_1181,21,exit_to_Brisbane,21,17,0.44,0
dl_1181,15,exit_to_Brisbane,15,2,0.44,0
dl_1181,4,Gowrie_exit,4,3,0.44,0
dl_1181,1,Wyreema_exit,1,2,0.44,0
dl_1181,216,exit_to_Brisbane,218,13,0.44,0
dl_1181,16,Wyreema_exit,16,14,0.44,0
dl_1181,218,exit_to_Brisbane,218,13,0.44,0
dl_1181,3,Wyreema_exit,1,2,0.44,0
dl_1182,14,,,,,
dl_1182,20,exit_to_Brisbane,20,16,0.44,0
dl_1182,19,exit_to_Brisbane,19,15,0.44,0
dl_1182,18,Gowrie_exit,18,16,0.44,0
dl_1182,24,exit_to_Brisbane,24,19,0.44,0
dl_1182,23,Gowrie_exit,23,19,0.44,0
dl_1182,27,exit_to_Brisbane,27,21,0.44,0
dl_1182,26,exit_to_Brisbane,26,20,0.44,0
dl_1182,25,Gowrie_exit,25,21,0.44,0
dl_1182,15,exit_to_Brisbane,15,2,0.44,0
dl_1182,4,Gowrie_exit,4,3,0.44,0
dl_1182,1,Wyreema_exit,1,2,0.44,0
dl_1182,216,exit_to_Brisbane,218,13,0.44,0
dl_1182,16,Wyreema_exit,16,14,0.44,0
dl_1182,218,exit_to_Brisbane,218,13,0.44,0
dl_1182,3,Wyreema_exit,1,2,0.44,0
dl_1183,14,,,,,
dl_1183,20,exit_to_Brisbane,20,16,0.44,0
dl_1183,19,exit_to_Brisbane,19,15,0.44,0
dl_1183,18,Gowrie_exit,18,16,0.44,0
dl_1183,35,exit_to_Brisbane,35,28,0.44,0
dl_1183,26,exit_to_Brisbane,26,20,0.44,0
dl_1183,25,Gowrie_exit,25,21,0.44,0
dl_1183,23,Gowrie_exit,23,19,0.44,0
dl_1183,21,exit_to_Brisbane,21,17,0.44,0
dl_1183,15,exit_to_Brisbane,15,2,0.44,0
dl_1183,4,Gowrie_exit,4,3,0.44,0
dl_1183,1,Wyreema_exit,1,2,0.44,0
dl_1183,216,exit_to_Brisbane,218,13,0.44,0
dl_1183,16,Wyreema_exit,16,14,0.44,0
dl_1183,218,exit_to_Brisbane,218,13,0.44,0
dl_1183,3,Wyreema_exit,1,2,0.44,0
dl_1184,14,,,,,
dl_1184,20,exit_to_Brisbane,20,16,0.44,0
dl_1184,19,exit_to_Brisbane,19,15,0.44,0
dl_1184,18,Gowrie_exit,18,16,0.44,0
dl_1184,24,exit_to_Brisbane,24,19,0.44,0
dl_1184,23,Gowrie_exit,23,19,0.44,0
dl_1184,35,exit_to_Brisbane,35,28,0.44,0
dl_1184,26,exit_to_Brisbane,26,20,0.44,0
dl_1184,25,Gowrie_exit,25,21,0.44,0
dl_1184,15,exit_to_Brisbane,15,2,0.44,0
dl_1184,4,Gowrie_exit,4,3,0.44,0
dl_1184,1,Wyreema_exit,1,2,0.44,0
dl_1184,216,exit_to_Brisbane,218,13,0.44,0
dl_1184,16,Wyreema_exit,16,14,0.44,0
dl_1184,218,exit_to_Brisbane,218,13,0.44,0
dl_1184,3,Wyreema_exit,1,2,0.44,0
dl_1185,14,,,,,
dl_1185,20,exit_to_Brisbane,20,16,0.44,0
dl_1185,19,exit_to_Brisbane,19,15,0.44,0
dl_1185,18,Gowrie_exit,18,16,0.44,0
dl_1185,27,exit_to_Brisbane,27,21,0.44,0
dl_1185,25,Gowrie_exit,25,21,0.44,0
dl_1185,35,exit_to_Brisbane,35,28,0.44,0
dl_1185,23,Gowrie_exit,23,19,0.44,0
dl_1185,21,exit_to_Brisbane,21,17,0.44,0
dl_1185,15,exit_to_Brisbane,15,2,0.44,0
dl_1185,4,Gowrie_exit,4,3,0.44,0
dl_1185,1,Wyreema_exit,1,2,0.44,0
dl_1185,216,exit_to_Brisbane,218,13,0.44,0
dl_1185,16,Wyreema_exit,16,14,0.44,0
dl_1185,218,exit_to_Brisbane,218,13,0.44,0
dl_1185,3,Wyreema_exit,1,2,0.44,0
dl_1186,14,,,,,
dl_1186,20,exit_to_Brisbane,20,16,0.44,0
dl_1186,19,exit_to_Brisbane,19,15,0.44,0
dl_1186,18,Gowrie_exit,18,16,0.44,0
dl_1186,24,exit_to_Brisbane,24,19,0.44,0
dl_1186,23,Gowrie_exit,23,19,0.44,0
dl_1186,27,exit_to_Brisbane,27,21,0.44,0
dl_1186,25,Gowrie_exit,25,21,0.44,0
dl_1186,35,exit_to_Brisbane,35,28,0.44,0
dl_1186,15,exit_to_Brisbane,15,2,0.44,0
dl_1186,4,Gowrie_exit,4,3,0.44,0
dl_1186,1,Wyreema_exit,1,2,0.44,0
dl_1186,216,exit_to_Brisbane,218,13,0.44,0
dl_1186,16,Wyreema_exit,16,14,0.44,0
dl_1186,218,exit_to_Brisbane,218,13,0.44,0
dl_1186,3,Wyreema_exit,1,2,0.44,0
dl_1187,14,,,,,
dl_1187,20,exit_to_Brisbane,20,16,0.44,0
dl_1187,19,exit_to_Brisbane,19,15,0.44,0
dl_1187,18,Gowrie_exit,18,16,0.44,0
dl_1187,27,exit_to_Brisbane,27,21,0.44,0
dl_1187,26,exit_to_Brisbane,26,20,0.44,0
dl_1187,25,Gowrie_exit,25,21,0.44,0
dl_1187,23,Gowrie_exit,23,19,0.44,0
dl_1187,35,exit_to_Brisbane,35,28,0.44,0
dl_1187,15,exit_to_Brisbane,15,2,0.44,0
dl_1187,4,Gowrie_exit,4,3,0.44,0
dl_1187,1,Wyreema_exit,1,2,0.44,0
dl_1187,216,exit_to_Brisbane,218,13,0.44,0
dl_1187,16,Wyreema_exit,16,14,0.44,0
dl_1187,218,exit_to_Brisbane,218,13,0.44,0
dl_1187,3,Wyreema_exit,1,2,0.44,0
dl_1188,14,,,,,
dl_1188,24,exit_to_Brisbane,24,19,0.44,0
dl_1188,23,Gowrie_exit,23,19,0.44,0
dl_1188,21,exit_to_Brisbane,21,17,0.44,0
dl_1188,19,exit_to_Brisbane,19,15,0.44,0
dl_1188,18,Gowrie_exit,18,16,0.44,0
dl_1188,27,exit_to_Brisbane,27,21,0.44,0
dl_1188,26,exit_to_Brisbane,26,20,0.44,0
dl_1188,25,Gowrie_exit,25,21,0.44,0
dl_1188,15,exit_to_Brisbane,15,2,0.44,0
dl_1188,4,Gowrie_exit,4,3,0.44,0
dl_1188,1,Wyreema_exit,1,2,0.44,0
dl_1188,216,exit_to_Brisbane,218,13,0.44,0
dl_1188,16,Wyreema_exit,16,14,0.44,0
dl_1188,218,exit_to_Brisbane,218,13,0.44,0
dl_1188,3,Wyreema_exit,1,2,0.44,0
dl_1189,14,,,,,
dl_1189,24,exit_to_Brisbane,24,19,0.44,0
dl_1189,23,Gowrie_exit,23,19,0.44,0
dl_1189,21,exit_to_Brisbane,21,17,0.44,0
dl_1189,19,exit_to_Brisbane,19,15,0.44,0
dl_1189,18,Gowrie_exit,18,16,0.44,0
dl_1189,35,exit_to_Brisbane,35,28,0.44,0
dl_1189,26,exit_to_Brisbane,26,20,0.44,0
dl_1189,25,Gowrie_exit,25,21,0.44,0
dl_1189,15,exit_to_Brisbane,15,2,0.44,0
dl_1189,4,Gowrie_exit,4,3,0.44,0
dl_1189,1,Wyreema_exit,1,2,0.44,0
dl_1189,216,exit_to_Brisbane,218,13,0.44,0
dl_1189,16,Wyreema_exit,16,14,0.44,0
dl_1189,218,exit_to_Brisbane,218,13,0.44,0
dl_1189,3,Wyreema_exit,1,2,0.44,0
dl_1190,14,,,,,
dl_1190,24,exit_to_Brisbane,24,19,0.44,0
dl_1190,23,Gowrie_exit,23,19,0.44,0
dl_1190,21,exit_to_Brisbane,21,17,0.44,0
dl_1190,19,exit_to_Brisbane,19,15,0.44,0
dl_1190,18,Gowrie_exit,18,16,0.44,0
dl_1190,27,exit_to_Brisbane,27,21,0.44,0
dl_1190,25,Gowrie_exit,25,21,0.44,0
dl_1190,35,exit_to_Brisbane,35,28,0.44,0
dl_1190,15,exit_to_Brisbane,15,2,0.44,0
dl_1190,4,Gowrie_exit,4,3,0.44,0
dl_1190,1,Wyreema_exit,1,2,0.44,0
dl_1190,216,exit_to_Brisbane,218,13,0.44,0
dl_1190,16,Wyreema_exit,16,14,0.44,0
dl_1190,218,exit_to_Brisbane,218,13,0.44,0
dl_1190,3,Wyreema_exit,1,2,0.44,0
dl_1191,14,,,,,
dl_1191,23,Gowrie_exit,23,19,0.44,0
dl_1191,21,exit_to_Brisbane,21,17,0.44,0
dl_1191,27,exit_to_Brisbane,27,21,0.44,0
dl_1191,26,exit_to_Brisbane,26,20,0.44,0
dl_1191,25,Gowrie_exit,25,21,0.44,0
dl_1191,19,exit_to_Brisbane,19,15,0.44,0
dl_1191,18,Gowrie_exit,18,16,0.44,0
dl_1191,35,exit_to_Brisbane,35,28,0.44,0
dl_1191,15,exit_to_Brisbane,15,2,0.44,0
dl_1191,4,Gowrie_exit,4,3,0.44,0
dl_1191,1,Wyreema_exit,1,2,0.44,0
dl_1191,216,exit_to_Brisbane,218,13,0.44,0
dl_1191,16,Wyreema_exit,16,14,0.44,0
dl_1191,218,exit_to_Brisbane,218,13,0.44,0
dl_1191,3,Wyreema_exit,1,2,0.44,0
dl_1192,14,,,,,
dl_1192,24,exit_to_Brisbane,24,19,0.44,0
dl_1192,23,Gowrie_exit,23,19,0.44,0
dl_1192,27,exit_to_Brisbane,27,21,0.44,0
dl_1192,26,exit_to_Brisbane,26,20,0.44,0
dl_1192,25,Gowrie_exit,25,21,0.44,0
dl_1192,19,exit_to_Brisbane,19,15,0.44,0
dl_1192,18,Gowrie_exit,18,16,0.44,0
dl_1192,35,exit_to_Brisbane,35,28,0.44,0
dl_1192,15,exit_to_Brisbane,15,2,0.44,0
dl_1192,4,Gowrie_exit,4,3,0.44,0
dl_1192,1,Wyreema_exit,1,2,0.44,0
dl_1192,216,exit_to_Brisbane,218,13,0.44,0
dl_1192,16,Wyreema_exit,16,14,0.44,0
dl_1192,218,exit_to_Brisbane,218,13,0.44,0
dl_1192,3,Wyreema_exit,1,2,0.44,0
dl_1193,9,,,,,
dl_1193,20,exit_to_Brisbane,20,16,0.44,0
dl_1193,19,exit_to_Brisbane,19,15,0.44,0
dl_1193,18,Gowrie_exit,18,16,0.44,0
dl_1193,15,exit_to_Brisbane,15,2,0.44,0
dl_1193,4,Gowrie_exit,4,3,0.44,0
dl_1193,1,Wyreema_exit,1,2,0.44,0
dl_1193,216,exit_to_Brisbane,218,13,0.44,0
dl_1193,16,Wyreema_exit,16,14,0.44,0
dl_1193,218,exit_to_Brisbane,218,13,0.44,0
dl_1193,3,Wyreema_exit,1,2,0.44,0
dl_1194,11,,,,,
dl_1194,24,exit_to_Brisbane,24,19,0.44,0
dl_1194,23,Gowrie_exit,23,19,0.44,0
dl_1194,21,exit_to_Brisbane,21,17,0.44,0
dl_1194,19,exit_to_Brisbane,19,15,0.44,0
dl_1194,18,Gowrie_exit,18,16,0.44,0
dl_1194,15,exit_to_Brisbane,15,2,0.44,0
dl_1194,4,Gowrie_exit,4,3,0.44,0
dl_1194,1,Wyreema_exit,1,2,0.44,0
dl_1194,216,exit_to_Brisbane,218,13,0.44,0
dl_1194,16,Wyreema_exit,16,14,0.44,0
dl_1194,218,exit_to_Brisbane,218,13,0.44,0
dl_1194,3,Wyreema_exit,1,2,0.44,0
dl_1195,13,,,,,
dl_1195,23,Gowrie_exit,23,19,0.44,0
dl_1195,21,exit_to_Brisbane,21,17,0.44,0
dl_1195,27,exit_to_Brisbane,27,21,0.44,0
dl_1195,26,exit_to_Brisbane,26,20,0.44,0
dl_1195,25,Gowrie_exit,25,21,0.44,0
dl_1195,19,exit_to_Brisbane,19,15,0.44,0
dl_1195,18,Gowrie_exit,18,16,0.44,0
dl_1195,15,exit_to_Brisbane,15,2,0.44,0
dl_1195,4,Gowrie_exit,4,3,0.44,0
dl_1195,1,Wyreema_exit,1,2,0.44,0
dl_1195,216,exit_to_Brisbane,218,13,0.44,0
dl_1195,16,Wyreema_exit,16,14,0.44,0
dl_1195,218,exit_to_Brisbane,218,13,0.44,0
dl_1195,3,Wyreema_exit,1,2,0.44,0
dl_1196,13,,,,,
dl_1196,24,exit_to_Brisbane,24,19,0.44,0
dl_1196,23,Gowrie_exit,23,19,0.44,0
dl_1196,27,exit_to_Brisbane,27,21,0.44,0
dl_1196,26,exit_to_Brisbane,26,20,0.44,0
dl_1196,25,Gowrie_exit,25,21,0.44,0
dl_1196,19,exit_to_Brisbane,19,15,0.44,0
dl_1196,18,Gowrie_exit,18,16,0.44,0
dl_1196,15,exit_to_Brisbane,15,2,0.44,0
dl_1196,4,Gowrie_exit,4,3,0.44,0
dl_1196,1,Wyreema_exit,1,2,0.44,0
dl_1196,216,exit_to_Brisbane,218,13,0.44,0
dl_1196,16,Wyreema_exit,16,14,0.44,0
dl_1196,218,exit_to_Brisbane,218,13,0.44,0
dl_1196,3,Wyreema_exit,1,2,0.44,0
dl_1197,13,,,,,
dl_1197,23,Gowrie_exit,23,19,0.44,0
dl_1197,21,exit_to_Brisbane,21,17,0.44,0
dl_1197,26,exit_to_Brisbane,26,20,0.44,0
dl_1197,25,Gowrie_exit,25,21,0.44,0
dl_1197,35,exit_to_Brisbane,35,28,0.44,0
dl_1197,19,exit_to_Brisbane,19,15,0.44,0
dl_1197,18,Gowrie_exit,18,16,0.44,0
dl_1197,15,exit_to_Brisbane,15,2,0.44,0
dl_1197,4,Gowrie_exit,4,3,0.44,0
dl_1197,1,Wyreema_exit,1,2,0.44,0
dl_1197,216,exit_to_Brisbane,218,13,0.44,0
dl_1197,16,Wyreema_exit,16,14,0.44,0
dl_1197,218,exit_to_Brisbane,218,13,0.44,0
dl_1197,3,Wyreema_exit,1,2,0.44,0
dl_1198,13,,,,,
dl_1198,24,exit_to_Brisbane,24,19,0.44,0
dl_1198,23,Gowrie_exit,23,19,0.44,0
dl_1198,26,exit_to_Brisbane,26,20,0.44,0
dl_1198,25,Gowrie_exit,25,21,0.44,0
dl_1198,35,exit_to_Brisbane,35,28,0.44,0
dl_1198,19,exit_to_Brisbane,19,15,0.44,0
dl_1198,18,Gowrie_exit,18,16,0.44,0
dl_1198,15,exit_to_Brisbane,15,2,0.44,0
dl_1198,4,Gowrie_exit,4,3,0.44,0
dl_1198,1,Wyreema_exit,1,2,0.44,0
dl_1198,216,exit_to_Brisbane,218,13,0.44,0
dl_1198,16,Wyreema_exit,16,14,0.44,0
dl_1198,218,exit_to_Brisbane,218,13,0.44,0
dl_1198,3,Wyreema_exit,1,2,0.44,0
dl_1199,14,,,,,
dl_1199,20,exit_to_Brisbane,20,16,0.44,0
dl_1199,15,exit_to_Brisbane,15,2,0.44,0
dl_1199,4,Gowrie_exit,4,3,0.44,0
dl_1199,1,Wyreema_exit,1,2,0.44,0
dl_1199,216,exit_to_Brisbane,218,13,0.44,0
dl_1199,16,Wyreema_exit,16,14,0.44,0
dl_1199,218,exit_to_Brisbane,218,13,0.44,0
dl_1199,3,Wyreema_exit,1,2,0.44,0
dl_1199,18,Gowrie_exit,18,16,0.44,0
dl_1199,24,exit_to_Brisbane,24,19,0.44,0
dl_1199,23,Gowrie_exit,23,19,0.44,0
dl_1199,21,exit_to_Brisbane,21,17,0.44,0
dl_1199,27,exit_to_Brisbane,27,21,0.44,0
dl_1199,26,exit_to_Brisbane,26,20,0.44,0
dl_1199,25,Gowrie_exit,25,21,0.44,0
dl_1200,14,,,,,
dl_1200,20,exit_to_Brisbane,20,16,0.44,0
dl_1200,15,exit_to_Brisbane,15,2,0.44,0
dl_1200,4,Gowrie_exit,4,3,0.44,0
dl_1200,1,Wyreema_exit,1,2,0.44,0
dl_1200,216,exit_to_Brisbane,218,13,0.44,0
dl_1200,16,Wyreema_exit,16,14,0.44,0
dl_1200,218,exit_to_Brisbane,218,13,0.44,0
dl_1200,3,Wyreema_exit,1,2,0.44,0
dl_1200,18,Gowrie_exit,18,16,0.44,0
dl_1200,24,exit_to_Brisbane,24,19,0.44,0
dl_1200,23,Gowrie_exit,23,19,0.44,0
dl_1200,21,exit_to_Brisbane,21,17,0.44,0
dl_1200,35,exit_to_Brisbane,35,28,0.44,0
dl_1200,26,exit_to_Brisbane,26,20,0.44,0
dl_1200,25,Gowrie_exit,25,21,0.44,0
dl_1201,14,,,,,
dl_1201,20,exit_to_Brisbane,20,16,0.44,0
dl_1201,15,exit_to_Brisbane,15,2,0.44,0
dl_1201,4,Gowrie_exit,4,3,0.44,0
dl_1201,1,Wyreema_exit,1,2,0.44,0
dl_1201,216,exit_to_Brisbane,218,13,0.44,0
dl_1201,16,Wyreema_exit,16,14,0.44,0
dl_1201,218,exit_to_Brisbane,218,13,0.44,0
dl_1201,3,Wyreema_exit,1,2,0.44,0
dl_1201,18,Gowrie_exit,18,16,0.44,0
dl_1201,24,exit_to_Brisbane,24,19,0.44,0
dl_1201,23,Gowrie_exit,23,19,0.44,0
dl_1201,21,exit_to_Brisbane,21,17,0.44,0
dl_1201,27,exit_to_Brisbane,27,21,0.44,0
dl_1201,25,Gowrie_exit,25,21,0.44,0
dl_1201,35,exit_to_Brisbane,35,28,0.44,0
dl_1202,14,,,,,
dl_1202,20,exit_to_Brisbane,20,16,0.44,0
dl_1202,15,exit_to_Brisbane,15,2,0.44,0
dl_1202,4,Gowrie_exit,4,3,0.44,0
dl_1202,1,Wyreema_exit,1,2,0.44,0
dl_1202,216,exit_to_Brisbane,218,13,0.44,0
dl_1202,16,Wyreema_exit,16,14,0.44,0
dl_1202,218,exit_to_Brisbane,218,13,0.44,0
dl_1202,3,Wyreema_exit,1,2,0.44,0
dl_1202,18,Gowrie_exit,18,16,0.44,0
dl_1202,23,Gowrie_exit,23,19,0.44,0
dl_1202,21,exit_to_Brisbane,21,17,0.44,0
dl_1202,27,exit_to_Brisbane,27,21,0.44,0
dl_1202,26,exit_to_Brisbane,26,20,0.44,0
dl_1202,25,Gowrie_exit,25,21,0.44,0
dl_1202,35,exit_to_Brisbane,35,28,0.44,0
dl_1203,14,,,,,
dl_1203,20,exit_to_Brisbane,20,16,0.44,0
dl_1203,15,exit_to_Brisbane,15,2,0.44,0
dl_1203,4,Gowrie_exit,4,3,0.44,0
dl_1203,1,Wyreema_exit,1,2,0.44,0
dl_1203,216,exit_to_Brisbane,218,13,0.44,0
dl_1203,16,Wyreema_exit,16,14,0.44,0
dl_1203,218,exit_to_Brisbane,218,13,0.44,0
dl_1203,3,Wyreema_exit,1,2,0.44,0
dl_1203,18,Gowrie_exit,18,16,0.44,0
dl_1203,24,exit_to_Brisbane,24,19,0.44,0
dl_1203,23,Gowrie_exit,23,19,0.44,0
dl_1203,27,exit_to_Brisbane,27,21,0.44,0
dl_1203,26,exit_to_Brisbane,26,20,0.44,0
dl_1203,25,Gowrie_exit,25,21,0.44,0
dl_1203,35,exit_to_Brisbane,35,28,0.44,0
dl_1204,11,,,,,
dl_1204,20,exit_to_Brisbane,20,16,0.44,0
dl_1204,15,exit_to_Brisbane,15,2,0.44,0
dl_1204,4,Gowrie_exit,4,3,0.44,0
dl_1204,1,Wyreema_exit,1,2,0.44,0
dl_1204,216,exit_to_Brisbane,218,13,0.44,0
dl_1204,16,Wyreema_exit,16,14,0.44,0
dl_1204,218,exit_to_Brisbane,218,13,0.44,0
dl_1204,3,Wyreema_exit,1,2,0.44,0
dl_1204,18,Gowrie_exit,18,16,0.44,0
dl_1204,24,exit_to_Brisbane,24,19,0.44,0
dl_1204,23,Gowrie_exit,23,19,0.44,0
dl_1204,21,exit_to_Brisbane,21,17,0.44,0
dl_1205,13,,,,,
dl_1205,20,exit_to_Brisbane,20,16,0.44,0
dl_1205,15,exit_to_Brisbane,15,2,0.44,0
dl_1205,4,Gowrie_exit,4,3,0.44,0
dl_1205,1,Wyreema_exit,1,2,0.44,0
dl_1205,216,exit_to_Brisbane,218,13,0.44,0
dl_1205,16,Wyreema_exit,16,14,0.44,0
dl_1205,218,exit_to_Brisbane,218,13,0.44,0
dl_1205,3,Wyreema_exit,1,2,0.44,0
dl_1205,18,Gowrie_exit,18,16,0.44,0
dl_1205,23,Gowrie_exit,23,19,0.44,0
dl_1205,21,exit_to_Brisbane,21,17,0.44,0
dl_1205,27,exit_to_Brisbane,27,21,0.44,0
dl_1205,26,exit_to_Brisbane,26,20,0.44,0
dl_1205,25,Gowrie_exit,25,21,0.44,0
dl_1206,13,,,,,
dl_1206,20,exit_to_Brisbane,20,16,0.44,0
dl_1206,15,exit_to_Brisbane,15,2,0.44,0
dl_1206,4,Gowrie_exit,4,3,0.44,0
dl_1206,1,Wyreema_exit,1,2,0.44,0
dl_1206,216,exit_to_Brisbane,218,13,0.44,0
dl_1206,16,Wyreema_exit,16,14,0.44,0
dl_1206,218,exit_to_Brisbane,218,13,0.44,0
dl_1206,3,Wyreema_exit,1,2,0.44,0
dl_1206,18,Gowrie_exit,18,16,0.44,0
dl_1206,24,exit_to_Brisbane,24,19,0.44,0
dl_1206,23,Gowrie_exit,23,19,0.44,0
dl_1206,27,exit_to_Brisbane,27,21,0.44,0
dl_1206,26,exit_to_Brisbane,26,20,0.44,0
dl_1206,25,Gowrie_exit,25,21,0.44,0
dl_1207,13,,,,,
dl_1207,20,exit_to_Brisbane,20,16,0.44,0
dl_1207,15,exit_to_Brisbane,15,2,0.44,0
dl_1207,4,Gowrie_exit,4,3,0.44,0
dl_1207,1,Wyreema_exit,1,2,0.44,0
dl_1207,216,exit_to_Brisbane,218,13,0.44,0
dl_1207,16,Wyreema_exit,16,14,0.44,0
dl_1207,218,exit_to_Brisbane,218,13,0.44,0
dl_1207,3,Wyreema_exit,1,2,0.44,0
dl_1207,18,Gowrie_exit,18,16,0.44,0
dl_1207,23,Gowrie_exit,23,19,0.44,0
dl_1207,21,exit_to_Brisbane,21,17,0.44,0
dl_1207,26,exit_to_Brisbane,26,20,0.44,0
dl_1207,25,Gowrie_exit,25,21,0.44,0
dl_1207,35,exit_to_Brisbane,35,28,0.44,0
dl_1208,13,,,,,
dl_1208,20,exit_to_Brisbane,20,16,0.44,0
dl_1208,15,exit_to_Brisbane,15,2,0.44,0
dl_1208,4,Gowrie_exit,4,3,0.44,0
dl_1208,1,Wyreema_exit,1,2,0.44,0
dl_1208,216,exit_to_Brisbane,218,13,0.44,0
dl_1208,16,Wyreema_exit,16,14,0.44,0
dl_1208,218,exit_to_Brisbane,218,13,0.44,0
dl_1208,3,Wyreema_exit,1,2,0.44,0
dl_1208,18,Gowrie_exit,18,16,0.44,0
dl_1208,24,exit_to_Brisbane,24,19,0.44,0
dl_1208,23,Gowrie_exit,23,19,0.44,0
dl_1208,26,exit_to_Brisbane,26,20,0.44,0
dl_1208,25,Gowrie_exit,25,21,0.44,0
dl_1208,35,exit_to_Brisbane,35,28,0.44,0
dl_1209,10,,,,,
dl_1209,27,exit_to_Brisbane,27,21,0.44,0
dl_1209,23,Gowrie_exit,23,19,0.44,0
dl_1209,21,exit_to_Brisbane,21,17,0.44,0
dl_1209,25,Gowrie_exit,25,21,0.44,0
dl_1209,35,exit_to_Brisbane,35,28,0.44,0
dl_1209,19,exit_to_Brisbane,19,15,0.44,0
dl_1209,18,Gowrie_exit,18,16,0.44,0
dl_1209,216,exit_to_Brisbane,218,13,0.44,0
dl_1209,16,Wyreema_exit,16,14,0.44,0
dl_1209,15,Wyreema_exit,15,13,0.44,0
dl_1209,218,exit_to_Brisbane,218,13,0.44,0
dl_1210,10,,,,,
dl_1210,27,exit_to_Brisbane,27,21,0.44,0
dl_1210,24,exit_to_Brisbane,24,19,0.44,0
dl_1210,25,Gowrie_exit,25,21,0.44,0
dl_1210,23,Gowrie_exit,23,19,0.44,0
dl_1210,35,exit_to_Brisbane,35,28,0.44,0
dl_1210,19,exit_to_Brisbane,19,15,0.44,0
dl_1210,18,Gowrie_exit,18,16,0.44,0
dl_1210,216,exit_to_Brisbane,218,13,0.44,0
dl_1210,16,Wyreema_exit,16,14,0.44,0
dl_1210,15,Wyreema_exit,15,13,0.44,0
dl_1210,218,exit_to_Brisbane,218,13,0.44,0
dl_1211,13,,,,,
dl_1211,27,exit_to_Brisbane,27,21,0.44,0
dl_1211,23,Gowrie_exit,23,19,0.44,0
dl_1211,21,exit_to_Brisbane,21,17,0.44,0
dl_1211,25,Gowrie_exit,25,21,0.44,0
dl_1211,35,exit_to_Brisbane,35,28,0.44,0
dl_1211,19,exit_to_Brisbane,19,15,0.44,0
dl_1211,18,Gowrie_exit,18,16,0.44,0
dl_1211,216,exit_to_Brisbane,218,13,0.44,0
dl_1211,16,Wyreema_exit,16,14,0.44,0
dl_1211,218,exit_to_Brisbane,218,13,0.44,0
dl_1211,2,exit_to_Brisbane,2,3,0.44,0
dl_1211,1,Wyreema_exit,1,2,0.44,0
dl_1211,3,Wyreema_exit,1,2,0.44,0
dl_1211,4,Gowrie_exit,4,3,0.44,0
dl_1212,13,,,,,
dl_1212,27,exit_to_Brisbane,27,21,0.44,0
dl_1212,24,exit_to_Brisbane,24,19,0.44,0
dl_1212,25,Gowrie_exit,25,21,0.44,0
dl_1212,23,Gowrie_exit,23,19,0.44,0
dl_1212,35,exit_to_Brisbane,35,28,0.44,0
dl_1212,19,exit_to_Brisbane,19,15,0.44,0
dl_1212,18,Gowrie_exit,18,16,0.44,0
dl_1212,216,exit_to_Brisbane,218,13,0.44,0
dl_1212,16,Wyreema_exit,16,14,0.44,0
dl_1212,218,exit_to_Brisbane,218,13,0.44,0
dl_1212,2,exit_to_Brisbane,2,3,0.44,0
dl_1212,1,Wyreema_exit,1,2,0.44,0
dl_1212,3,Wyreema_exit,1,2,0.44,0
dl_1212,4,Gowrie_exit,4,3,0.44,0
dl_1213,10,,,,,
dl_1213,20,exit_to_Brisbane,20,16,0.44,0
dl_1213,216,exit_to_Brisbane,218,13,0.44,0
dl_1213,16,Wyreema_exit,16,14,0.44,0
dl_1213,15,Wyreema_exit,15,13,0.44,0
dl_1213,218,exit_to_Brisbane,218,13,0.44,0
dl_1213,18,Gowrie_exit,18,16,0.44,0
dl_1213,27,exit_to_Brisbane,27,21,0.44,0
dl_1213,23,Gowrie_exit,23,19,0.44,0
dl_1213,21,exit_to_Brisbane,21,17,0.44,0
dl_1213,25,Gowrie_exit,25,21,0.44,0
dl_1213,35,exit_to_Brisbane,35,28,0.44,0
dl_1214,10,,,,,
dl_1214,20,exit_to_Brisbane,20,16,0.44,0
dl_1214,216,exit_to_Brisbane,218,13,0.44,0
dl_1214,16,Wyreema_exit,16,14,0.44,0
dl_1214,15,Wyreema_exit,15,13,0.44,0
dl_1214,218,exit_to_Brisbane,218,13,0.44,0
dl_1214,18,Gowrie_exit,18,16,0.44,0
dl_1214,27,exit_to_Brisbane,27,21,0.44,0
dl_1214,24,exit_to_Brisbane,24,19,0.44,0
dl_1214,25,Gowrie_exit,25,21,0.44,0
dl_1214,23,Gowrie_exit,23,19,0.44,0
dl_1214,35,exit_to_Brisbane,35,28,0.44,0
dl_1215,13,,,,,
dl_1215,20,exit_to_Brisbane,20,16,0.44,0
dl_1215,216,exit_to_Brisbane,218,13,0.44,0
dl_1215,16,Wyreema_exit,16,14,0.44,0
dl_1215,218,exit_to_Brisbane,218,13,0.44,0
dl_1215,2,exit_to_Brisbane,2,3,0.44,0
dl_1215,1,Wyreema_exit,1,2,0.44,0
dl_1215,3,Wyreema_exit,1,2,0.44,0
dl_1215,4,Gowrie_exit,4,3,0.44,0
dl_1215,18,Gowrie_exit,18,16,0.44,0
dl_1215,27,exit_to_Brisbane,27,21,0.44,0
dl_1215,23,Gowrie_exit,23,19,0.44,0
dl_1215,21,exit_to_Brisbane,21,17,0.44,0
dl_1215,25,Gowrie_exit,25,21,0.44,0
dl_1215,35,exit_to_Brisbane,35,28,0.44,0
dl_1216,13,,,,,
dl_1216,20,exit_to_Brisbane,20,16,0.44,0
dl_1216,216,exit_to_Brisbane,218,13,0.44,0
dl_1216,16,Wyreema_exit,16,14,0.44,0
dl_1216,218,exit_to_Brisbane,218,13,0.44,0
dl_1216,2,exit_to_Brisbane,2,3,0.44,0
dl_1216,1,Wyreema_exit,1,2,0.44,0
dl_1216,3,Wyreema_exit,1,2,0.44,0
dl_1216,4,Gowrie_exit,4,3,0.44,0
dl_1216,18,Gowrie_exit,18,16,0.44,0
dl_1216,27,exit_to_Brisbane,27,21,0.44,0
dl_1216,24,exit_to_Brisbane,24,19,0.44,0
dl_1216,25,Gowrie_exit,25,21,0.44,0
dl_1216,23,Gowrie_exit,23,19,0.44,0
dl_1216,35,exit_to_Brisbane,35,28,0.44,0
dl_1217,13,,,,,
dl_1217,27,exit_to_Brisbane,27,21,0.44,0
dl_1217,23,Gowrie_exit,23,19,0.44,0
dl_1217,21,exit_to_Brisbane,21,17,0.44,0
dl_1217,25,Gowrie_exit,25,21,0.44,0
dl_1217,35,exit_to_Brisbane,35,28,0.44,0
dl_1217,19,exit_to_Brisbane,19,15,0.44,0
dl_1217,18,Gowrie_exit,18,16,0.44,0
dl_1217,15,exit_to_Brisbane,15,2,0.44,0
dl_1217,4,Gowrie_exit,4,3,0.44,0
dl_1217,1,Wyreema_exit,1,2,0.44,0
dl_1217,216,exit_to_Brisbane,218,13,0.44,0
dl_1217,16,Wyreema_exit,16,14,0.44,0
dl_1217,218,exit_to_Brisbane,218,13,0.44,0
dl_1217,3,Wyreema_exit,1,2,0.44,0
dl_1218,13,,,,,
dl_1218,27,exit_to_Brisbane,27,21,0.44,0
dl_1218,24,exit_to_Brisbane,24,19,0.44,0
dl_1218,25,Gowrie_exit,25,21,0.44,0
dl_1218,23,Gowrie_exit,23,19,0.44,0
dl_1218,35,exit_to_Brisbane,35,28,0.44,0
dl_1218,19,exit_to_Brisbane,19,15,0.44,0
dl_1218,18,Gowrie_exit,18,16,0.44,0
dl_1218,15,exit_to_Brisbane,15,2,0.44,0
dl_1218,4,Gowrie_exit,4,3,0.44,0
dl_1218,1,Wyreema_exit,1,2,0.44,0
dl_1218,216,exit_to_Brisbane,218,13,0.44,0
dl_1218,16,Wyreema_exit,16,14,0.44,0
dl_1218,218,exit_to_Brisbane,218,13,0.44,0
dl_1218,3,Wyreema_exit,1,2,0.44,0
dl_1219,13,,,,,
dl_1219,20,exit_to_Brisbane,20,16,0.44,0
dl_1219,15,exit_to_Brisbane,15,2,0.44,0
dl_1219,4,Gowrie_exit,4,3,0.44,0
dl_1219,1,Wyreema_exit,1,2,0.44,0
dl_1219,216,exit_to_Brisbane,218,13,0.44,0
dl_1219,16,Wyreema_exit,16,14,0.44,0
dl_1219,218,exit_to_Brisbane,218,13,0.44,0
dl_1219,3,Wyreema_exit,1,2,0.44,0
dl_1219,18,Gowrie_exit,18,16,0.44,0
dl_1219,27,exit_to_Brisbane,27,21,0.44,0
dl_1219,23,Gowrie_exit,23,19,0.44,0
dl_1219,21,exit_to_Brisbane,21,17,0.44,0
dl_1219,25,Gowrie_exit,25,21,0.44,0
dl_1219,35,exit_to_Brisbane,35,28,0.44,0
dl_1220,13,,,,,
dl_1220,20,exit_to_Brisbane,20,16,0.44,0
dl_1220,15,exit_to_Brisbane,15,2,0.44,0
dl_1220,4,Gowrie_exit,4,3,0.44,0
dl_1220,1,Wyreema_exit,1,2,0.44,0
dl_1220,216,exit_to_Brisbane,218,13,0.44,0
dl_1220,16,Wyreema_exit,16,14,0.44,0
dl_1220,218,exit_to_Brisbane,218,13,0.44,0
dl_1220,3,Wyreema_exit,1,2,0.44,0
dl_1220,18,Gowrie_exit,18,16,0.44,0
dl_1220,27,exit_to_Brisbane,27,21,0.44,0
dl_1220,24,exit_to_Brisbane,24,19,0.44,0
dl_1220,25,Gowrie_exit,25,21,0.44,0
dl_1220,23,Gowrie_exit,23,19,0.44,0
dl_1220,35,exit_to_Brisbane,35,28,0.44,0
dl_1221,9,,,,,
dl_1221,26,Gowrie_exit,26,21,0.44,0
dl_1221,25,exit_to_Brisbane,25,20,0.44,0
dl_1221,23,exit_to_Brisbane,23,17,0.44,0
dl_1221,22,Gowrie_exit,22,19,0.44,0
dl_1221,21,Gowrie_exit,22,19,0.44,0
dl_1221,19,Wyreema_exit,19,16,0.44,0
dl_1221,18,exit_to_Brisbane,18,15,0.44,0
dl_1221,17,Wyreema_exit,17,15,0.44,0
dl_1221,35,Wyreema_exit,35,28,0.44,0
dl_1221,189,exit_to_Brisbane,30,24,0.44,0
dl_1222,9,,,,,
dl_1222,24,exit_to_Brisbane,24,19,0.44,0
dl_1222,22,Gowrie_exit,22,19,0.44,0
dl_1222,26,Gowrie_exit,26,21,0.44,0
dl_1222,25,exit_to_Brisbane,25,20,0.44,0
dl_1222,21,Gowrie_exit,22,19,0.44,0
dl_1222,19,Wyreema_exit,19,16,0.44,0
dl_1222,18,exit_to_Brisbane,18,15,0.44,0
dl_1222,17,Wyreema_exit,17,15,0.44,0
dl_1222,35,Wyreema_exit,35,28,0.44,0
dl_1222,189,exit_to_Brisbane,30,24,0.44,0
dl_1223,9,,,,,
dl_1223,27,exit_to_Brisbane,27,21,0.44,0
dl_1223,26,Gowrie_exit,26,21,0.44,0
dl_1223,23,exit_to_Brisbane,23,17,0.44,0
dl_1223,22,Gowrie_exit,22,19,0.44,0
dl_1223,21,Gowrie_exit,22,19,0.44,0
dl_1223,19,Wyreema_exit,19,16,0.44,0
dl_1223,18,exit_to_Brisbane,18,15,0.44,0
dl_1223,17,Wyreema_exit,17,15,0.44,0
dl_1223,35,Wyreema_exit,35,28,0.44,0
dl_1223,189,exit_to_Brisbane,30,24,0.44,0
dl_1224,9,,,,,
dl_1224,27,exit_to_Brisbane,27,21,0.44,0
dl_1224,26,Gowrie_exit,26,21,0.44,0
dl_1224,24,exit_to_Brisbane,24,19,0.44,0
dl_1224,22,Gowrie_exit,22,19,0.44,0
dl_1224,21,Gowrie_exit,22,19,0.44,0
dl_1224,19,Wyreema_exit,19,16,0.44,0
dl_1224,18,exit_to_Brisbane,18,15,0.44,0
dl_1224,17,Wyreema_exit,17,15,0.44,0
dl_1224,35,Wyreema_exit,35,28,0.44,0
dl_1224,189,exit_to_Brisbane,30,24,0.44,0
dl_1225,9,,,,,
dl_1225,20,exit_to_Brisbane,20,16,0.44,0
dl_1225,19,Wyreema_exit,19,16,0.44,0
dl_1225,24,exit_to_Brisbane,24,19,0.44,0
dl_1225,23,exit_to_Brisbane,23,17,0.44,0
dl_1225,22,Gowrie_exit,22,19,0.44,0
dl_1225,21,Gowrie_exit,22,19,0.44,0
dl_1225,17,Wyreema_exit,17,15,0.44,0
dl_1225,27,exit_to_Brisbane,27,21,0.44,0
dl_1225,26,Gowrie_exit,26,21,0.44,0
dl_1225,25,exit_to_Brisbane,25,20,0.44,0
dl_1226,6,,,,,
dl_1226,20,exit_to_Brisbane,20,16,0.44,0
dl_1226,19,Wyreema_exit,19,16,0.44,0
dl_1226,24,exit_to_Brisbane,24,19,0.44,0
dl_1226,23,exit_to_Brisbane,23,17,0.44,0
dl_1226,22,Gowrie_exit,22,19,0.44,0
dl_1226,21,Gowrie_exit,22,19,0.44,0
dl_1226,17,Wyreema_exit,17,15,0.44,0
dl_1227,8,,,,,
dl_1227,20,exit_to_Brisbane,20,16,0.44,0
dl_1227,19,Wyreema_exit,19,16,0.44,0
dl_1227,27,exit_to_Brisbane,27,21,0.44,0
dl_1227,26,Gowrie_exit,26,21,0.44,0
dl_1227,25,exit_to_Brisbane,25,20,0.44,0
dl_1227,23,exit_to_Brisbane,23,17,0.44,0
dl_1227,22,Gowrie_exit,22,19,0.44,0
dl_1227,21,Gowrie_exit,22,19,0.44,0
dl_1227,17,Wyreema_exit,17,15,0.44,0
dl_1228,8,,,,,
dl_1228,20,exit_to_Brisbane,20,16,0.44,0
dl_1228,19,Wyreema_exit,19,16,0.44,0
dl_1228,24,exit_to_Brisbane,24,19,0.44,0
dl_1228,22,Gowrie_exit,22,19,0.44,0
dl_1228,27,exit_to_Brisbane,27,21,0.44,0
dl_1228,26,Gowrie_exit,26,21,0.44,0
dl_1228,25,exit_to_Brisbane,25,20,0.44,0
dl_1228,21,Gowrie_exit,22,19,0.44,0
dl_1228,17,Wyreema_exit,17,15,0.44,0
dl_1229,9,,,,,
dl_1229,20,exit_to_Brisbane,20,16,0.44,0
dl_1229,19,Wyreema_exit,19,16,0.44,0
dl_1229,26,Gowrie_exit,26,21,0.44,0
dl_1229,25,exit_to_Brisbane,25,20,0.44,0
dl_1229,23,exit_to_Brisbane,23,17,0.44,0
dl_1229,22,Gowrie_exit,22,19,0.44,0
dl_1229,21,Gowrie_exit,22,19,0.44,0
dl_1229,17,Wyreema_exit,17,15,0.44,0
dl_1229,35,Wyreema_exit,35,28,0.44,0
dl_1229,189,exit_to_Brisbane,30,24,0.44,0
dl_1230,9,,,,,
dl_1230,20,exit_to_Brisbane,20,16,0.44,0
dl_1230,19,Wyreema_exit,19,16,0.44,0
dl_1230,24,exit_to_Brisbane,24,19,0.44,0
dl_1230,22,Gowrie_exit,22,19,0.44,0
dl_1230,26,Gowrie_exit,26,21,0.44,0
dl_1230,25,exit_to_Brisbane,25,20,0.44,0
dl_1230,21,Gowrie_exit,22,19,0.44,0
dl_1230,17,Wyreema_exit,17,15,0.44,0
dl_1230,35,Wyreema_exit,35,28,0.44,0
dl_1230,189,exit_to_Brisbane,30,24,0.44,0
dl_1231,9,,,,,
dl_1231,27,exit_to_Brisbane,27,21,0.44,0
dl_1231,26,Gowrie_exit,26,21,0.44,0
dl_1231,20,exit_to_Brisbane,20,16,0.44,0
dl_1231,19,Wyreema_exit,19,16,0.44,0
dl_1231,23,exit_to_Brisbane,23,17,0.44,0
dl_1231,22,Gowrie_exit,22,19,0.44,0
dl_1231,21,Gowrie_exit,22,19,0.44,0
dl_1231,17,Wyreema_exit,17,15,0.44,0
dl_1231,35,Wyreema_exit,35,28,0.44,0
dl_1231,189,exit_to_Brisbane,30,24,0.44,0
dl_1232,9,,,,,
dl_1232,27,exit_to_Brisbane,27,21,0.44,0
dl_1232,26,Gowrie_exit,26,21,0.44,0
dl_1232,20,exit_to_Brisbane,20,16,0.44,0
dl_1232,19,Wyreema_exit,19,16,0.44,0
dl_1232,24,exit_to_Brisbane,24,19,0.44,0
dl_1232,22,Gowrie_exit,22,19,0.44,0
dl_1232,21,Gowrie_exit,22,19,0.44,0
dl_1232,17,Wyreema_exit,17,15,0.44,0
dl_1232,35,Wyreema_exit,35,28,0.44,0
dl_1232,189,exit_to_Brisbane,30,24,0.44,0
dl_1233,7,,,,,
dl_1233,189,exit_to_Brisbane,30,24,0.44,0
dl_1233,27,exit_to_Brisbane,27,21,0.44,0
dl_1233,20,Wyreema_exit,20,17,0.44,0
dl_1233,22,Gowrie_exit,22,19,0.44,0
dl_1233,26,Gowrie_exit,26,21,0.44,0
dl_1233,35,Wyreema_exit,35,28,0.44,0
dl_1233,21,Gowrie_exit,22,19,0.44,0
dl_1233,25,exit_to_Brisbane,25,20,0.44,0
dl_1234,9,,,,,
dl_1234,27,exit_to_Brisbane,27,21,0.44,0
dl_1234,26,Gowrie_exit,26,21,0.44,0
dl_1234,22,Gowrie_exit,22,19,0.44,0
dl_1234,21,Gowrie_exit,22,19,0.44,0
dl_1234,19,Wyreema_exit,19,16,0.44,0
dl_1234,18,exit_to_Brisbane,18,15,0.44,0
dl_1234,17,Wyreema_exit,17,15,0.44,0
dl_1234,35,Wyreema_exit,35,28,0.44,0
dl_1234,189,exit_to_Brisbane,30,24,0.44,0
dl_1234,25,exit_to_Brisbane,25,20,0.44,0
dl_1235,9,,,,,
dl_1235,27,exit_to_Brisbane,27,21,0.44,0
dl_1235,26,Gowrie_exit,26,21,0.44,0
dl_1235,20,exit_to_Brisbane,20,16,0.44,0
dl_1235,19,Wyreema_exit,19,16,0.44,0
dl_1235,22,Gowrie_exit,22,19,0.44,0
dl_1235,21,Gowrie_exit,22,19,0.44,0
dl_1235,17,Wyreema_exit,17,15,0.44,0
dl_1235,35,Wyreema_exit,35,28,0.44,0
dl_1235,189,exit_to_Brisbane,30,24,0.44,0
dl_1235,25,exit_to_Brisbane,25,20,0.44,0
dl_1236,7,,,,,
dl_1236,24,Gowrie_exit,24,20,0.44,0
dl_1236,27,exit_to_Brisbane,27,21,0.44,0
dl_1236,25,exit_to_Brisbane,25,20,0.44,0
dl_1236,189,exit_to_Brisbane,30,24,0.44,0
dl_1236,20,Wyreema_exit,20,17,0.44,0
dl_1236,22,Gowrie_exit,22,19,0.44,0
dl_1236,35,Wyreema_exit,35,28,0.44,0
dl_1236,21,Gowrie_exit,22,19,0.44,0
dl_1237,9,,,,,
dl_1237,24,Gowrie_exit,24,20,0.44,0
dl_1237,27,exit_to_Brisbane,27,21,0.44,0
dl_1237,25,exit_to_Brisbane,25,20,0.44,0
dl_1237,22,Gowrie_exit,22,19,0.44,0
dl_1237,21,Gowrie_exit,22,19,0.44,0
dl_1237,19,Wyreema_exit,19,16,0.44,0
dl_1237,18,exit_to_Brisbane,18,15,0.44,0
dl_1237,17,Wyreema_exit,17,15,0.44,0
dl_1237,35,Wyreema_exit,35,28,0.44,0
dl_1237,189,exit_to_Brisbane,30,24,0.44,0
dl_1238,9,,,,,
dl_1238,24,Gowrie_exit,24,20,0.44,0
dl_1238,27,exit_to_Brisbane,27,21,0.44,0
dl_1238,25,exit_to_Brisbane,25,20,0.44,0
dl_1238,20,exit_to_Brisbane,20,16,0.44,0
dl_1238,19,Wyreema_exit,19,16,0.44,0
dl_1238,22,Gowrie_exit,22,19,0.44,0
dl_1238,21,Gowrie_exit,22,19,0.44,0
dl_1238,17,Wyreema_exit,17,15,0.44,0
dl_1238,35,Wyreema_exit,35,28,0.44,0
dl_1238,189,exit_to_Brisbane,30,24,0.44,0
dl_1239,8,,,,,
dl_1239,35,exit_to_Brisbane,35,28,0.44,0
dl_1239,26,Gowrie_exit,26,21,0.44,0
dl_1239,25,exit_to_Brisbane,25,20,0.44,0
dl_1239,23,exit_to_Brisbane,23,17,0.44,0
dl_1239,22,Gowrie_exit,22,19,0.44,0
dl_1239,21,Gowrie_exit,22,19,0.44,0
dl_1239,19,Wyreema_exit,19,16,0.44,0
dl_1239,18,exit_to_Brisbane,18,15,0.44,0
dl_1239,17,Wyreema_exit,17,15,0.44,0
dl_1240,8,,,,,
dl_1240,24,exit_to_Brisbane,24,19,0.44,0
dl_1240,22,Gowrie_exit,22,19,0.44,0
dl_1240,35,exit_to_Brisbane,35,28,0.44,0
dl_1240,26,Gowrie_exit,26,21,0.44,0
dl_1240,25,exit_to_Brisbane,25,20,0.44,0
dl_1240,21,Gowrie_exit,22,19,0.44,0
dl_1240,19,Wyreema_exit,19,16,0.44,0
dl_1240,18,exit_to_Brisbane,18,15,0.44,0
dl_1240,17,Wyreema_exit,17,15,0.44,0
dl_1241,8,,,,,
dl_1241,20,exit_to_Brisbane,20,16,0.44,0
dl_1241,19,Wyreema_exit,19,16,0.44,0
dl_1241,35,exit_to_Brisbane,35,28,0.44,0
dl_1241,26,Gowrie_exit,26,21,0.44,0
dl_1241,25,exit_to_Brisbane,25,20,0.44,0
dl_1241,23,exit_to_Brisbane,23,17,0.44,0
dl_1241,22,Gowrie_exit,22,19,0.44,0
dl_1241,21,Gowrie_exit,22,19,0.44,0
dl_1241,17,Wyreema_exit,17,15,0.44,0
dl_1242,8,,,,,
dl_1242,20,exit_to_Brisbane,20,16,0.44,0
dl_1242,19,Wyreema_exit,19,16,0.44,0
dl_1242,24,exit_to_Brisbane,24,19,0.44,0
dl_1242,22,Gowrie_exit,22,19,0.44,0
dl_1242,35,exit_to_Brisbane,35,28,0.44,0
dl_1242,26,Gowrie_exit,26,21,0.44,0
dl_1242,25,exit_to_Brisbane,25,20,0.44,0
dl_1242,21,Gowrie_exit,22,19,0.44,0
dl_1242,17,Wyreema_exit,17,15,0.44,0
dl_1243,8,,,,,
dl_1243,26,Gowrie_exit,26,21,0.44,0
dl_1243,35,exit_to_Brisbane,35,28,0.44,0
dl_1243,23,exit_to_Brisbane,23,17,0.44,0
dl_1243,22,Gowrie_exit,22,19,0.44,0
dl_1243,21,Gowrie_exit,22,19,0.44,0
dl_1243,27,exit_to_Brisbane,27,21,0.44,0
dl_1243,19,Wyreema_exit,19,16,0.44,0
dl_1243,18,exit_to_Brisbane,18,15,0.44,0
dl_1243,17,Wyreema_exit,17,15,0.44,0
dl_1244,8,,,,,
dl_1244,26,Gowrie_exit,26,21,0.44,0
dl_1244,24,exit_to_Brisbane,24,19,0.44,0
dl_1244,22,Gowrie_exit,22,19,0.44,0
dl_1244,35,exit_to_Brisbane,35,28,0.44,0
dl_1244,21,Gowrie_exit,22,19,0.44,0
dl_1244,27,exit_to_Brisbane,27,21,0.44,0
dl_1244,19,Wyreema_exit,19,16,0.44,0
dl_1244,18,exit_to_Brisbane,18,15,0.44,0
dl_1244,17,Wyreema_exit,17,15,0.44,0
dl_1245,8,,,,,
dl_1245,20,exit_to_Brisbane,20,16,0.44,0
dl_1245,19,Wyreema_exit,19,16,0.44,0
dl_1245,26,Gowrie_exit,26,21,0.44,0
dl_1245,35,exit_to_Brisbane,35,28,0.44,0
dl_1245,23,exit_to_Brisbane,23,17,0.44,0
dl_1245,22,Gowrie_exit,22,19,0.44,0
dl_1245,21,Gowrie_exit,22,19,0.44,0
dl_1245,27,exit_to_Brisbane,27,21,0.44,0
dl_1245,17,Wyreema_exit,17,15,0.44,0
dl_1246,8,,,,,
dl_1246,20,exit_to_Brisbane,20,16,0.44,0
dl_1246,19,Wyreema_exit,19,16,0.44,0
dl_1246,26,Gowrie_exit,26,21,0.44,0
dl_1246,24,exit_to_Brisbane,24,19,0.44,0
dl_1246,22,Gowrie_exit,22,19,0.44,0
dl_1246,35,exit_to_Brisbane,35,28,0.44,0
dl_1246,21,Gowrie_exit,22,19,0.44,0
dl_1246,27,exit_to_Brisbane,27,21,0.44,0
dl_1246,17,Wyreema_exit,17,15,0.44,0
dl_1247,12,,,,,
dl_1247,24,exit_to_Brisbane,24,19,0.44,0
dl_1247,23,exit_to_Brisbane,23,17,0.44,0
dl_1247,22,Gowrie_exit,22,19,0.44,0
dl_1247,21,Gowrie_exit,22,19,0.44,0
dl_1247,19,Wyreema_exit,19,16,0.44,0
dl_1247,18,exit_to_Brisbane,18,15,0.44,0
dl_1247,216,Wyreema_exit,216,14,0.44,0
dl_1247,16,exit_to_Brisbane,16,13,0.44,0
dl_1247,15,Gowrie_exit,15,13,0.44,0
dl_1247,218,Wyreema_exit,216,14,0.44,0
dl_1247,26,Gowrie_exit,26,21,0.44,0
dl_1247,25,exit_to_Brisbane,25,20,0.44,0
dl_1247,27,exit_to_Brisbane,27,21,0.44,0
dl_1248,12,,,,,
dl_1248,24,exit_to_Brisbane,24,19,0.44,0
dl_1248,23,exit_to_Brisbane,23,17,0.44,0
dl_1248,22,Gowrie_exit,22,19,0.44,0
dl_1248,21,Gowrie_exit,22,19,0.44,0
dl_1248,19,Wyreema_exit,19,16,0.44,0
dl_1248,18,exit_to_Brisbane,18,15,0.44,0
dl_1248,216,Wyreema_exit,216,14,0.44,0
dl_1248,16,exit_to_Brisbane,16,13,0.44,0
dl_1248,15,Gowrie_exit,15,13,0.44,0
dl_1248,218,Wyreema_exit,216,14,0.44,0
dl_1248,26,Gowrie_exit,26,21,0.44,0
dl_1248,25,exit_to_Brisbane,25,20,0.44,0
dl_1248,35,exit_to_Brisbane,35,28,0.44,0
dl_1249,12,,,,,
dl_1249,24,exit_to_Brisbane,24,19,0.44,0
dl_1249,23,exit_to_Brisbane,23,17,0.44,0
dl_1249,22,Gowrie_exit,22,19,0.44,0
dl_1249,21,Gowrie_exit,22,19,0.44,0
dl_1249,19,Wyreema_exit,19,16,0.44,0
dl_1249,18,exit_to_Brisbane,18,15,0.44,0
dl_1249,216,Wyreema_exit,216,14,0.44,0
dl_1249,16,exit_to_Brisbane,16,13,0.44,0
dl_1249,15,Gowrie_exit,15,13,0.44,0
dl_1249,218,Wyreema_exit,216,14,0.44,0
dl_1249,27,exit_to_Brisbane,27,21,0.44,0
dl_1249,26,Gowrie_exit,26,21,0.44,0
dl_1249,35,exit_to_Brisbane,35,28,0.44,0
dl_1250,12,,,,,
dl_1250,27,exit_to_Brisbane,27,21,0.44,0
dl_1250,26,Gowrie_exit,26,21,0.44,0
dl_1250,25,exit_to_Brisbane,25,20,0.44,0
dl_1250,23,exit_to_Brisbane,23,17,0.44,0
dl_1250,22,Gowrie_exit,22,19,0.44,0
dl_1250,21,Gowrie_exit,22,19,0.44,0
dl_1250,19,Wyreema_exit,19,16,0.44,0
dl_1250,18,exit_to_Brisbane,18,15,0.44,0
dl_1250,216,Wyreema_exit,216,14,0.44,0
dl_1250,16,exit_to_Brisbane,16,13,0.44,0
dl_1250,15,Gowrie_exit,15,13,0.44,0
dl_1250,218,Wyreema_exit,216,14,0.44,0
dl_1250,35,exit_to_Brisbane,35,28,0.44,0
dl_1251,9,,,,,
dl_1251,24,exit_to_Brisbane,24,19,0.44,0
dl_1251,23,exit_to_Brisbane,23,17,0.44,0
dl_1251,22,Gowrie_exit,22,19,0.44,0
dl_1251,21,Gowrie_exit,22,19,0.44,0
dl_1251,19,Wyreema_exit,19,16,0.44,0
dl_1251,18,exit_to_Brisbane,18,15,0.44,0
dl_1251,216,Wyreema_exit,216,14,0.44,0
dl_1251,16,exit_to_Brisbane,16,13,0.44,0
dl_1251,15,Gowrie_exit,15,13,0.44,0
dl_1251,218,Wyreema_exit,216,14,0.44,0
dl_1252,11,,,,,
dl_1252,27,exit_to_Brisbane,27,21,0.44,0
dl_1252,26,Gowrie_exit,26,21,0.44,0
dl_1252,25,exit_to_Brisbane,25,20,0.44,0
dl_1252,23,exit_to_Brisbane,23,17,0.44,0
dl_1252,22,Gowrie_exit,22,19,0.44,0
dl_1252,21,Gowrie_exit,22,19,0.44,0
dl_1252,19,Wyreema_exit,19,16,0.44,0
dl_1252,18,exit_to_Brisbane,18,15,0.44,0
dl_1252,216,Wyreema_exit,216,14,0.44,0
dl_1252,16,exit_to_Brisbane,16,13,0.44,0
dl_1252,15,Gowrie_exit,15,13,0.44,0
dl_1252,218,Wyreema_exit,216,14,0.44,0
dl_1253,11,,,,,
dl_1253,24,exit_to_Brisbane,24,19,0.44,0
dl_1253,22,Gowrie_exit,22,19,0.44,0
dl_1253,27,exit_to_Brisbane,27,21,0.44,0
dl_1253,26,Gowrie_exit,26,21,0.44,0
dl_1253,25,exit_to_Brisbane,25,20,0.44,0
dl_1253,21,Gowrie_exit,22,19,0.44,0
dl_1253,19,Wyreema_exit,19,16,0.44,0
dl_1253,18,exit_to_Brisbane,18,15,0.44,0
dl_1253,216,Wyreema_exit,216,14,0.44,0
dl_1253,16,exit_to_Brisbane,16,13,0.44,0
dl_1253,15,Gowrie_exit,15,13,0.44,0
dl_1253,218,Wyreema_exit,216,14,0.44,0
dl_1254,11,,,,,
dl_1254,35,exit_to_Brisbane,35,28,0.44,0
dl_1254,26,Gowrie_exit,26,21,0.44,0
dl_1254,25,exit_to_Brisbane,25,20,0.44,0
dl_1254,23,exit_to_Brisbane,23,17,0.44,0
dl_1254,22,Gowrie_exit,22,19,0.44,0
dl_1254,21,Gowrie_exit,22,19,0.44,0
dl_1254,19,Wyreema_exit,19,16,0.44,0
dl_1254,18,exit_to_Brisbane,18,15,0.44,0
dl_1254,216,Wyreema_exit,216,14,0.44,0
dl_1254,16,exit_to_Brisbane,16,13,0.44,0
dl_1254,15,Gowrie_exit,15,13,0.44,0
dl_1254,218,Wyreema_exit,216,14,0.44,0
dl_1255,11,,,,,
dl_1255,24,exit_to_Brisbane,24,19,0.44,0
dl_1255,22,Gowrie_exit,22,19,0.44,0
dl_1255,35,exit_to_Brisbane,35,28,0.44,0
dl_1255,26,Gowrie_exit,26,21,0.44,0
dl_1255,25,exit_to_Brisbane,25,20,0.44,0
dl_1255,21,Gowrie_exit,22,19,0.44,0
dl_1255,19,Wyreema_exit,19,16,0.44,0
dl_1255,18,exit_to_Brisbane,18,15,0.44,0
dl_1255,216,Wyreema_exit,216,14,0.44,0
dl_1255,16,exit_to_Brisbane,16,13,0.44,0
dl_1255,15,Gowrie_exit,15,13,0.44,0
dl_1255,218,Wyreema_exit,216,14,0.44,0
dl_1256,12,,,,,
dl_1256,20,exit_to_Brisbane,20,16,0.44,0
dl_1256,19,Wyreema_exit,19,16,0.44,0
dl_1256,24,exit_to_Brisbane,24,19,0.44,0
dl_1256,23,exit_to_Brisbane,23,17,0.44,0
dl_1256,22,Gowrie_exit,22,19,0.44,0
dl_1256,21,Gowrie_exit,22,19,0.44,0
dl_1256,216,Wyreema_exit,216,14,0.44,0
dl_1256,16,exit_to_Brisbane,16,13,0.44,0
dl_1256,15,Gowrie_exit,15,13,0.44,0
dl_1256,218,Wyreema_exit,216,14,0.44,0
dl_1256,26,Gowrie_exit,26,21,0.44,0
dl_1256,25,exit_to_Brisbane,25,20,0.44,0
dl_1256,27,exit_to_Brisbane,27,21,0.44,0
dl_1257,12,,,,,
dl_1257,20,exit_to_Brisbane,20,16,0.44,0
dl_1257,19,Wyreema_exit,19,16,0.44,0
dl_1257,24,exit_to_Brisbane,24,19,0.44,0
dl_1257,23,exit_to_Brisbane,23,17,0.44,0
dl_1257,22,Gowrie_exit,22,19,0.44,0
dl_1257,21,Gowrie_exit,22,19,0.44,0
dl_1257,216,Wyreema_exit,216,14,0.44,0
dl_1257,16,exit_to_Brisbane,16,13,0.44,0
dl_1257,15,Gowrie_exit,15,13,0.44,0
dl_1257,218,Wyreema_exit,216,14,0.44,0
dl_1257,26,Gowrie_exit,26,21,0.44,0
dl_1257,25,exit_to_Brisbane,25,20,0.44,0
dl_1257,35,exit_to_Brisbane,35,28,0.44,0
dl_1258,12,,,,,
dl_1258,20,exit_to_Brisbane,20,16,0.44,0
dl_1258,19,Wyreema_exit,19,16,0.44,0
dl_1258,24,exit_to_Brisbane,24,19,0.44,0
dl_1258,23,exit_to_Brisbane,23,17,0.44,0
dl_1258,22,Gowrie_exit,22,19,0.44,0
dl_1258,21,Gowrie_exit,22,19,0.44,0
dl_1258,216,Wyreema_exit,216,14,0.44,0
dl_1258,16,exit_to_Brisbane,16,13,0.44,0
dl_1258,15,Gowrie_exit,15,13,0.44,0
dl_1258,218,Wyreema_exit,216,14,0.44,0
dl_1258,27,exit_to_Brisbane,27,21,0.44,0
dl_1258,26,Gowrie_exit,26,21,0.44,0
dl_1258,35,exit_to_Brisbane,35,28,0.44,0
dl_1259,12,,,,,
dl_1259,20,exit_to_Brisbane,20,16,0.44,0
dl_1259,19,Wyreema_exit,19,16,0.44,0
dl_1259,27,exit_to_Brisbane,27,21,0.44,0
dl_1259,26,Gowrie_exit,26,21,0.44,0
dl_1259,25,exit_to_Brisbane,25,20,0.44,0
dl_1259,23,exit_to_Brisbane,23,17,0.44,0
dl_1259,22,Gowrie_exit,22,19,0.44,0
dl_1259,21,Gowrie_exit,22,19,0.44,0
dl_1259,216,Wyreema_exit,216,14,0.44,0
dl_1259,16,exit_to_Brisbane,16,13,0.44,0
dl_1259,15,Gowrie_exit,15,13,0.44,0
dl_1259,218,Wyreema_exit,216,14,0.44,0
dl_1259,35,exit_to_Brisbane,35,28,0.44,0
dl_1260,9,,,,,
dl_1260,20,exit_to_Brisbane,20,16,0.44,0
dl_1260,19,Wyreema_exit,19,16,0.44,0
dl_1260,24,exit_to_Brisbane,24,19,0.44,0
dl_1260,23,exit_to_Brisbane,23,17,0.44,0
dl_1260,22,Gowrie_exit,22,19,0.44,0
dl_1260,21,Gowrie_exit,22,19,0.44,0
dl_1260,216,Wyreema_exit,216,14,0.44,0
dl_1260,16,exit_to_Brisbane,16,13,0.44,0
dl_1260,15,Gowrie_exit,15,13,0.44,0
dl_1260,218,Wyreema_exit,216,14,0.44,0
dl_1261,11,,,,,
dl_1261,20,exit_to_Brisbane,20,16,0.44,0
dl_1261,19,Wyreema_exit,19,16,0.44,0
dl_1261,27,exit_to_Brisbane,27,21,0.44,0
dl_1261,26,Gowrie_exit,26,21,0.44,0
dl_1261,25,exit_to_Brisbane,25,20,0.44,0
dl_1261,23,exit_to_Brisbane,23,17,0.44,0
dl_1261,22,Gowrie_exit,22,19,0.44,0
dl_1261,21,Gowrie_exit,22,19,0.44,0
dl_1261,216,Wyreema_exit,216,14,0.44,0
dl_1261,16,exit_to_Brisbane,16,13,0.44,0
dl_1261,15,Gowrie_exit,15,13,0.44,0
dl_1261,218,Wyreema_exit,216,14,0.44,0
dl_1262,11,,,,,
dl_1262,20,exit_to_Brisbane,20,16,0.44,0
dl_1262,19,Wyreema_exit,19,16,0.44,0
dl_1262,24,exit_to_Brisbane,24,19,0.44,0
dl_1262,22,Gowrie_exit,22,19,0.44,0
dl_1262,27,exit_to_Brisbane,27,21,0.44,0
dl_1262,26,Gowrie_exit,26,21,0.44,0
dl_1262,25,exit_to_Brisbane,25,20,0.44,0
dl_1262,21,Gowrie_exit,22,19,0.44,0
dl_1262,216,Wyreema_exit,216,14,0.44,0
dl_1262,16,exit_to_Brisbane,16,13,0.44,0
dl_1262,15,Gowrie_exit,15,13,0.44,0
dl_1262,218,Wyreema_exit,216,14,0.44,0
dl_1263,11,,,,,
dl_1263,20,exit_to_Brisbane,20,16,0.44,0
dl_1263,19,Wyreema_exit,19,16,0.44,0
dl_1263,35,exit_to_Brisbane,35,28,0.44,0
dl_1263,26,Gowrie_exit,26,21,0.44,0
dl_1263,25,exit_to_Brisbane,25,20,0.44,0
dl_1263,23,exit_to_Brisbane,23,17,0.44,0
dl_1263,22,Gowrie_exit,22,19,0.44,0
dl_1263,21,Gowrie_exit,22,19,0.44,0
dl_1263,216,Wyreema_exit,216,14,0.44,0
dl_1263,16,exit_to_Brisbane,16,13,0.44,0
dl_1263,15,Gowrie_exit,15,13,0.44,0
dl_1263,218,Wyreema_exit,216,14,0.44,0
dl_1264,11,,,,,
dl_1264,20,exit_to_Brisbane,20,16,0.44,0
dl_1264,19,Wyreema_exit,19,16,0.44,0
dl_1264,24,exit_to_Brisbane,24,19,0.44,0
dl_1264,22,Gowrie_exit,22,19,0.44,0
dl_1264,35,exit_to_Brisbane,35,28,0.44,0
dl_1264,26,Gowrie_exit,26,21,0.44,0
dl_1264,25,exit_to_Brisbane,25,20,0.44,0
dl_1264,21,Gowrie_exit,22,19,0.44,0
dl_1264,216,Wyreema_exit,216,14,0.44,0
dl_1264,16,exit_to_Brisbane,16,13,0.44,0
dl_1264,15,Gowrie_exit,15,13,0.44,0
dl_1264,218,Wyreema_exit,216,14,0.44,0
dl_1265,5,,,,,
dl_1265,159,Gowrie_exit,159,120,0.44,0
dl_1265,158,Wyreema_exit,158,119,0.44,0
dl_1265,160,Wyreema_exit,160,120,0.44,0
dl_1265,171,Gowrie_exit,171,131,0.44,0
dl_1265,172,Wyreema_exit,172,132,0.44,0
dl_1265,173,Gowrie_exit,173,132,0.44,0
dl_1266,5,,,,,
dl_1266,157,Gowrie_exit,157,119,0.44,0
dl_1266,160,Wyreema_exit,160,120,0.44,0
dl_1266,158,Wyreema_exit,158,119,0.44,0
dl_1266,171,Gowrie_exit,171,131,0.44,0
dl_1266,172,Wyreema_exit,172,132,0.44,0
dl_1266,173,Gowrie_exit,173,132,0.44,0
dl_1267,3,,,,,
dl_1267,157,Gowrie_exit,157,119,0.44,0
dl_1267,159,exit_to_Brisbane,159,119,0.44,0
dl_1267,28,Gowrie_exit,28,23,0.44,0
dl_1267,160,Wyreema_exit,160,120,0.44,0
dl_1268,3,,,,,
dl_1268,35,Gowrie_exit,35,29,0.44,0
dl_1268,159,exit_to_Brisbane,159,119,0.44,0
dl_1268,28,Gowrie_exit,28,23,0.44,0
dl_1268,160,Wyreema_exit,160,120,0.44,0
dl_1269,8,,,,,
dl_1269,27,exit_to_Brisbane,27,21,0.44,0
dl_1269,26,Gowrie_exit,26,21,0.44,0
dl_1269,25,exit_to_Brisbane,25,20,0.44,0
dl_1269,23,exit_to_Brisbane,23,17,0.44,0
dl_1269,22,Gowrie_exit,22,19,0.44,0
dl_1269,21,Gowrie_exit,22,19,0.44,0
dl_1269,19,exit_to_Brisbane,19,15,0.44,0
dl_1269,18,Gowrie_exit,18,16,0.44,0
dl_1269,17,Gowrie_exit,17,15,0.44,0
dl_1270,8,,,,,
dl_1270,27,exit_to_Brisbane,27,21,0.44,0
dl_1270,26,Gowrie_exit,26,21,0.44,0
dl_1270,25,exit_to_Brisbane,25,20,0.44,0
dl_1270,24,exit_to_Brisbane,24,19,0.44,0
dl_1270,19,exit_to_Brisbane,19,15,0.44,0
dl_1270,18,Gowrie_exit,18,16,0.44,0
dl_1270,17,Gowrie_exit,17,15,0.44,0
dl_1270,22,Gowrie_exit,22,19,0.44,0
dl_1270,21,Gowrie_exit,22,19,0.44,0
dl_1271,8,,,,,
dl_1271,35,exit_to_Brisbane,35,28,0.44,0
dl_1271,26,Gowrie_exit,26,21,0.44,0
dl_1271,25,exit_to_Brisbane,25,20,0.44,0
dl_1271,23,exit_to_Brisbane,23,17,0.44,0
dl_1271,22,Gowrie_exit,22,19,0.44,0
dl_1271,21,Gowrie_exit,22,19,0.44,0
dl_1271,19,exit_to_Brisbane,19,15,0.44,0
dl_1271,18,Gowrie_exit,18,16,0.44,0
dl_1271,17,Gowrie_exit,17,15,0.44,0
dl_1272,8,,,,,
dl_1272,35,exit_to_Brisbane,35,28,0.44,0
dl_1272,26,Gowrie_exit,26,21,0.44,0
dl_1272,25,exit_to_Brisbane,25,20,0.44,0
dl_1272,24,exit_to_Brisbane,24,19,0.44,0
dl_1272,19,exit_to_Brisbane,19,15,0.44,0
dl_1272,18,Gowrie_exit,18,16,0.44,0
dl_1272,17,Gowrie_exit,17,15,0.44,0
dl_1272,22,Gowrie_exit,22,19,0.44,0
dl_1272,21,Gowrie_exit,22,19,0.44,0
dl_1273,7,,,,,
dl_1273,35,Wyreema_exit,35,28,0.44,0
dl_1273,189,exit_to_Brisbane,30,24,0.44,0
dl_1273,24,exit_to_Brisbane,24,19,0.44,0
dl_1273,20,Gowrie_exit,20,17,0.44,0
dl_1273,22,Wyreema_exit,22,19,0.44,0
dl_1273,26,exit_to_Brisbane,26,20,0.44,0
dl_1273,25,Gowrie_exit,25,21,0.44,0
dl_1273,21,Wyreema_exit,22,19,0.44,0
dl_1274,7,,,,,
dl_1274,35,Wyreema_exit,35,28,0.44,0
dl_1274,188,exit_to_Brisbane,188,147,0.44,0
dl_1274,24,exit_to_Brisbane,24,19,0.44,0
dl_1274,20,Gowrie_exit,20,17,0.44,0
dl_1274,22,Wyreema_exit,22,19,0.44,0
dl_1274,26,exit_to_Brisbane,26,20,0.44,0
dl_1274,25,Gowrie_exit,25,21,0.44,0
dl_1274,21,Wyreema_exit,22,19,0.44,0
dl_1275,7,,,,,
dl_1275,27,exit_to_Brisbane,27,21,0.44,0
dl_1275,24,exit_to_Brisbane,24,19,0.44,0
dl_1275,25,Gowrie_exit,25,21,0.44,0
dl_1275,35,Wyreema_exit,35,28,0.44,0
dl_1275,189,exit_to_Brisbane,30,24,0.44,0
dl_1275,20,Gowrie_exit,20,17,0.44,0
dl_1275,22,Wyreema_exit,22,19,0.44,0
dl_1275,21,Wyreema_exit,22,19,0.44,0
dl_1276,7,,,,,
dl_1276,27,exit_to_Brisbane,27,21,0.44,0
dl_1276,24,exit_to_Brisbane,24,19,0.44,0
dl_1276,25,Gowrie_exit,25,21,0.44,0
dl_1276,35,Wyreema_exit,35,28,0.44,0
dl_1276,188,exit_to_Brisbane,188,147,0.44,0
dl_1276,20,Gowrie_exit,20,17,0.44,0
dl_1276,22,Wyreema_exit,22,19,0.44,0
dl_1276,21,Wyreema_exit,22,19,0.44,0
dl_1277,8,,,,,
dl_1277,27,exit_to_Brisbane,27,21,0.44,0
dl_1277,26,exit_to_Brisbane,26,20,0.44,0
dl_1277,25,Gowrie_exit,25,21,0.44,0
dl_1277,23,exit_to_Brisbane,23,17,0.44,0
dl_1277,22,Wyreema_exit,22,19,0.44,0
dl_1277,21,Wyreema_exit,22,19,0.44,0
dl_1277,19,exit_to_Brisbane,19,15,0.44,0
dl_1277,18,Gowrie_exit,18,16,0.44,0
dl_1277,17,Gowrie_exit,17,15,0.44,0
dl_1278,8,,,,,
dl_1278,24,exit_to_Brisbane,24,19,0.44,0
dl_1278,19,exit_to_Brisbane,19,15,0.44,0
dl_1278,18,Gowrie_exit,18,16,0.44,0
dl_1278,17,Gowrie_exit,17,15,0.44,0
dl_1278,22,Wyreema_exit,22,19,0.44,0
dl_1278,27,exit_to_Brisbane,27,21,0.44,0
dl_1278,26,exit_to_Brisbane,26,20,0.44,0
dl_1278,25,Gowrie_exit,25,21,0.44,0
dl_1278,21,Wyreema_exit,22,19,0.44,0
dl_1279,8,,,,,
dl_1279,35,exit_to_Brisbane,35,28,0.44,0
dl_1279,26,exit_to_Brisbane,26,20,0.44,0
dl_1279,25,Gowrie_exit,25,21,0.44,0
dl_1279,23,exit_to_Brisbane,23,17,0.44,0
dl_1279,22,Wyreema_exit,22,19,0.44,0
dl_1279,21,Wyreema_exit,22,19,0.44,0
dl_1279,19,exit_to_Brisbane,19,15,0.44,0
dl_1279,18,Gowrie_exit,18,16,0.44,0
dl_1279,17,Gowrie_exit,17,15,0.44,0
dl_1280,8,,,,,
dl_1280,24,exit_to_Brisbane,24,19,0.44,0
dl_1280,19,exit_to_Brisbane,19,15,0.44,0
dl_1280,18,Gowrie_exit,18,16,0.44,0
dl_1280,17,Gowrie_exit,17,15,0.44,0
dl_1280,22,Wyreema_exit,22,19,0.44,0
dl_1280,35,exit_to_Brisbane,35,28,0.44,0
dl_1280,26,exit_to_Brisbane,26,20,0.44,0
dl_1280,25,Gowrie_exit,25,21,0.44,0
dl_1280,21,Wyreema_exit,22,19,0.44,0
dl_1281,8,,,,,
dl_1281,27,exit_to_Brisbane,27,21,0.44,0
dl_1281,26,exit_to_Brisbane,26,20,0.44,0
dl_1281,25,Gowrie_exit,25,21,0.44,0
dl_1281,23,exit_to_Brisbane,23,17,0.44,0
dl_1281,22,Wyreema_exit,22,19,0.44,0
dl_1281,20,exit_to_Brisbane,20,16,0.44,0
dl_1281,17,Gowrie_exit,17,15,0.44,0
dl_1281,18,Gowrie_exit,18,16,0.44,0
dl_1281,21,Wyreema_exit,22,19,0.44,0
dl_1282,8,,,,,
dl_1282,24,exit_to_Brisbane,24,19,0.44,0
dl_1282,20,exit_to_Brisbane,20,16,0.44,0
dl_1282,22,Wyreema_exit,22,19,0.44,0
dl_1282,27,exit_to_Brisbane,27,21,0.44,0
dl_1282,26,exit_to_Brisbane,26,20,0.44,0
dl_1282,25,Gowrie_exit,25,21,0.44,0
dl_1282,17,Gowrie_exit,17,15,0.44,0
dl_1282,18,Gowrie_exit,18,16,0.44,0
dl_1282,21,Wyreema_exit,22,19,0.44,0
dl_1283,8,,,,,
dl_1283,35,exit_to_Brisbane,35,28,0.44,0
dl_1283,26,exit_to_Brisbane,26,20,0.44,0
dl_1283,25,Gowrie_exit,25,21,0.44,0
dl_1283,23,exit_to_Brisbane,23,17,0.44,0
dl_1283,22,Wyreema_exit,22,19,0.44,0
dl_1283,20,exit_to_Brisbane,20,16,0.44,0
dl_1283,17,Gowrie_exit,17,15,0.44,0
dl_1283,18,Gowrie_exit,18,16,0.44,0
dl_1283,21,Wyreema_exit,22,19,0.44,0
dl_1284,8,,,,,
dl_1284,24,exit_to_Brisbane,24,19,0.44,0
dl_1284,20,exit_to_Brisbane,20,16,0.44,0
dl_1284,22,Wyreema_exit,22,19,0.44,0
dl_1284,35,exit_to_Brisbane,35,28,0.44,0
dl_1284,26,exit_to_Brisbane,26,20,0.44,0
dl_1284,25,Gowrie_exit,25,21,0.44,0
dl_1284,17,Gowrie_exit,17,15,0.44,0
dl_1284,18,Gowrie_exit,18,16,0.44,0
dl_1284,21,Wyreema_exit,22,19,0.44,0
dl_1285,9,,,,,
dl_1285,24,exit_to_Brisbane,24,19,0.44,0
dl_1285,23,exit_to_Brisbane,23,17,0.44,0
dl_1285,22,Wyreema_exit,22,19,0.44,0
dl_1285,20,exit_to_Brisbane,20,16,0.44,0
dl_1285,19,exit_to_Brisbane,19,15,0.44,0
dl_1285,18,Gowrie_exit,18,16,0.44,0
dl_1285,216,exit_to_Brisbane,218,13,0.44,0
dl_1285,16,Gowrie_exit,16,14,0.44,0
dl_1285,15,Gowrie_exit,15,13,0.44,0
dl_1285,218,exit_to_Brisbane,218,13,0.44,0
dl_1286,11,,,,,
dl_1286,27,exit_to_Brisbane,27,21,0.44,0
dl_1286,26,exit_to_Brisbane,26,20,0.44,0
dl_1286,25,Gowrie_exit,25,21,0.44,0
dl_1286,23,exit_to_Brisbane,23,17,0.44,0
dl_1286,22,Wyreema_exit,22,19,0.44,0
dl_1286,20,exit_to_Brisbane,20,16,0.44,0
dl_1286,19,exit_to_Brisbane,19,15,0.44,0
dl_1286,18,Gowrie_exit,18,16,0.44,0
dl_1286,216,exit_to_Brisbane,218,13,0.44,0
dl_1286,16,Gowrie_exit,16,14,0.44,0
dl_1286,15,Gowrie_exit,15,13,0.44,0
dl_1286,218,exit_to_Brisbane,218,13,0.44,0
dl_1287,11,,,,,
dl_1287,24,exit_to_Brisbane,24,19,0.44,0
dl_1287,20,exit_to_Brisbane,20,16,0.44,0
dl_1287,22,Wyreema_exit,22,19,0.44,0
dl_1287,27,exit_to_Brisbane,27,21,0.44,0
dl_1287,26,exit_to_Brisbane,26,20,0.44,0
dl_1287,25,Gowrie_exit,25,21,0.44,0
dl_1287,19,exit_to_Brisbane,19,15,0.44,0
dl_1287,18,Gowrie_exit,18,16,0.44,0
dl_1287,216,exit_to_Brisbane,218,13,0.44,0
dl_1287,16,Gowrie_exit,16,14,0.44,0
dl_1287,15,Gowrie_exit,15,13,0.44,0
dl_1287,218,exit_to_Brisbane,218,13,0.44,0
dl_1288,6,,,,,
dl_1288,20,exit_to_Brisbane,20,16,0.44,0
dl_1288,19,exit_to_Brisbane,19,15,0.44,0
dl_1288,18,Gowrie_exit,18,16,0.44,0
dl_1288,216,exit_to_Brisbane,218,13,0.44,0
dl_1288,16,Gowrie_exit,16,14,0.44,0
dl_1288,15,Gowrie_exit,15,13,0.44,0
dl_1288,218,exit_to_Brisbane,218,13,0.44,0
dl_1289,12,,,,,
dl_1289,24,exit_to_Brisbane,24,19,0.44,0
dl_1289,23,exit_to_Brisbane,23,17,0.44,0
dl_1289,22,Wyreema_exit,22,19,0.44,0
dl_1289,27,exit_to_Brisbane,27,21,0.44,0
dl_1289,26,exit_to_Brisbane,26,20,0.44,0
dl_1289,25,Gowrie_exit,25,21,0.44,0
dl_1289,21,Wyreema_exit,22,19,0.44,0
dl_1289,19,exit_to_Brisbane,19,15,0.44,0
dl_1289,18,Gowrie_exit,18,16,0.44,0
dl_1289,216,exit_to_Brisbane,218,13,0.44,0
dl_1289,16,Gowrie_exit,16,14,0.44,0
dl_1289,15,Gowrie_exit,15,13,0.44,0
dl_1289,218,exit_to_Brisbane,218,13,0.44,0
dl_1290,13,,,,,
dl_1290,24,exit_to_Brisbane,24,19,0.44,0
dl_1290,23,exit_to_Brisbane,23,17,0.44,0
dl_1290,22,Wyreema_exit,22,19,0.44,0
dl_1290,35,Wyreema_exit,35,28,0.44,0
dl_1290,189,exit_to_Brisbane,30,24,0.44,0
dl_1290,26,exit_to_Brisbane,26,20,0.44,0
dl_1290,25,Gowrie_exit,25,21,0.44,0
dl_1290,21,Wyreema_exit,22,19,0.44,0
dl_1290,19,exit_to_Brisbane,19,15,0.44,0
dl_1290,18,Gowrie_exit,18,16,0.44,0
dl_1290,216,exit_to_Brisbane,218,13,0.44,0
dl_1290,16,Gowrie_exit,16,14,0.44,0
dl_1290,15,Gowrie_exit,15,13,0.44,0
dl_1290,218,exit_to_Brisbane,218,13,0.44,0
dl_1291,13,,,,,
dl_1291,24,exit_to_Brisbane,24,19,0.44,0
dl_1291,23,exit_to_Brisbane,23,17,0.44,0
dl_1291,22,Wyreema_exit,22,19,0.44,0
dl_1291,27,exit_to_Brisbane,27,21,0.44,0
dl_1291,25,Gowrie_exit,25,21,0.44,0
dl_1291,35,Wyreema_exit,35,28,0.44,0
dl_1291,189,exit_to_Brisbane,30,24,0.44,0
dl_1291,21,Wyreema_exit,22,19,0.44,0
dl_1291,19,exit_to_Brisbane,19,15,0.44,0
dl_1291,18,Gowrie_exit,18,16,0.44,0
dl_1291,216,exit_to_Brisbane,218,13,0.44,0
dl_1291,16,Gowrie_exit,16,14,0.44,0
dl_1291,15,Gowrie_exit,15,13,0.44,0
dl_1291,218,exit_to_Brisbane,218,13,0.44,0
dl_1292,13,,,,,
dl_1292,27,exit_to_Brisbane,27,21,0.44,0
dl_1292,26,exit_to_Brisbane,26,20,0.44,0
dl_1292,25,Gowrie_exit,25,21,0.44,0
dl_1292,23,exit_to_Brisbane,23,17,0.44,0
dl_1292,22,Wyreema_exit,22,19,0.44,0
dl_1292,35,Wyreema_exit,35,28,0.44,0
dl_1292,189,exit_to_Brisbane,30,24,0.44,0
dl_1292,21,Wyreema_exit,22,19,0.44,0
dl_1292,19,exit_to_Brisbane,19,15,0.44,0
dl_1292,18,Gowrie_exit,18,16,0.44,0
dl_1292,216,exit_to_Brisbane,218,13,0.44,0
dl_1292,16,Gowrie_exit,16,14,0.44,0
dl_1292,15,Gowrie_exit,15,13,0.44,0
dl_1292,218,exit_to_Brisbane,218,13,0.44,0
dl_1293,13,,,,,
dl_1293,24,exit_to_Brisbane,24,19,0.44,0
dl_1293,23,exit_to_Brisbane,23,17,0.44,0
dl_1293,22,Wyreema_exit,22,19,0.44,0
dl_1293,35,Wyreema_exit,35,28,0.44,0
dl_1293,188,exit_to_Brisbane,188,147,0.44,0
dl_1293,26,exit_to_Brisbane,26,20,0.44,0
dl_1293,25,Gowrie_exit,25,21,0.44,0
dl_1293,21,Wyreema_exit,22,19,0.44,0
dl_1293,19,exit_to_Brisbane,19,15,0.44,0
dl_1293,18,Gowrie_exit,18,16,0.44,0
dl_1293,216,exit_to_Brisbane,218,13,0.44,0
dl_1293,16,Gowrie_exit,16,14,0.44,0
dl_1293,15,Gowrie_exit,15,13,0.44,0
dl_1293,218,exit_to_Brisbane,218,13,0.44,0
dl_1294,13,,,,,
dl_1294,24,exit_to_Brisbane,24,19,0.44,0
dl_1294,23,exit_to_Brisbane,23,17,0.44,0
dl_1294,22,Wyreema_exit,22,19,0.44,0
dl_1294,27,exit_to_Brisbane,27,21,0.44,0
dl_1294,25,Gowrie_exit,25,21,0.44,0
dl_1294,35,Wyreema_exit,35,28,0.44,0
dl_1294,188,exit_to_Brisbane,188,147,0.44,0
dl_1294,21,Wyreema_exit,22,19,0.44,0
dl_1294,19,exit_to_Brisbane,19,15,0.44,0
dl_1294,18,Gowrie_exit,18,16,0.44,0
dl_1294,216,exit_to_Brisbane,218,13,0.44,0
dl_1294,16,Gowrie_exit,16,14,0.44,0
dl_1294,15,Gowrie_exit,15,13,0.44,0
dl_1294,218,exit_to_Brisbane,218,13,0.44,0
dl_1295,13,,,,,
dl_1295,27,exit_to_Brisbane,27,21,0.44,0
dl_1295,26,exit_to_Brisbane,26,20,0.44,0
dl_1295,25,Gowrie_exit,25,21,0.44,0
dl_1295,23,exit_to_Brisbane,23,17,0.44,0
dl_1295,22,Wyreema_exit,22,19,0.44,0
dl_1295,35,Wyreema_exit,35,28,0.44,0
dl_1295,188,exit_to_Brisbane,188,147,0.44,0
dl_1295,21,Wyreema_exit,22,19,0.44,0
dl_1295,19,exit_to_Brisbane,19,15,0.44,0
dl_1295,18,Gowrie_exit,18,16,0.44,0
dl_1295,216,exit_to_Brisbane,218,13,0.44,0
dl_1295,16,Gowrie_exit,16,14,0.44,0
dl_1295,15,Gowrie_exit,15,13,0.44,0
dl_1295,218,exit_to_Brisbane,218,13,0.44,0
dl_1296,9,,,,,
dl_1296,24,exit_to_Brisbane,24,19,0.44,0
dl_1296,23,exit_to_Brisbane,23,17,0.44,0
dl_1296,22,Wyreema_exit,22,19,0.44,0
dl_1296,21,Wyreema_exit,22,19,0.44,0
dl_1296,19,exit_to_Brisbane,19,15,0.44,0
dl_1296,18,Gowrie_exit,18,16,0.44,0
dl_1296,216,exit_to_Brisbane,218,13,0.44,0
dl_1296,16,Gowrie_exit,16,14,0.44,0
dl_1296,15,Gowrie_exit,15,13,0.44,0
dl_1296,218,exit_to_Brisbane,218,13,0.44,0
dl_1297,11,,,,,
dl_1297,27,exit_to_Brisbane,27,21,0.44,0
dl_1297,26,exit_to_Brisbane,26,20,0.44,0
dl_1297,25,Gowrie_exit,25,21,0.44,0
dl_1297,23,exit_to_Brisbane,23,17,0.44,0
dl_1297,22,Wyreema_exit,22,19,0.44,0
dl_1297,21,Wyreema_exit,22,19,0.44,0
dl_1297,19,exit_to_Brisbane,19,15,0.44,0
dl_1297,18,Gowrie_exit,18,16,0.44,0
dl_1297,216,exit_to_Brisbane,218,13,0.44,0
dl_1297,16,Gowrie_exit,16,14,0.44,0
dl_1297,15,Gowrie_exit,15,13,0.44,0
dl_1297,218,exit_to_Brisbane,218,13,0.44,0
dl_1298,11,,,,,
dl_1298,24,exit_to_Brisbane,24,19,0.44,0
dl_1298,19,exit_to_Brisbane,19,15,0.44,0
dl_1298,18,Gowrie_exit,18,16,0.44,0
dl_1298,216,exit_to_Brisbane,218,13,0.44,0
dl_1298,16,Gowrie_exit,16,14,0.44,0
dl_1298,15,Gowrie_exit,15,13,0.44,0
dl_1298,218,exit_to_Brisbane,218,13,0.44,0
dl_1298,22,Wyreema_exit,22,19,0.44,0
dl_1298,27,exit_to_Brisbane,27,21,0.44,0
dl_1298,26,exit_to_Brisbane,26,20,0.44,0
dl_1298,25,Gowrie_exit,25,21,0.44,0
dl_1298,21,Wyreema_exit,22,19,0.44,0
dl_1299,11,,,,,
dl_1299,35,exit_to_Brisbane,35,28,0.44,0
dl_1299,26,exit_to_Brisbane,26,20,0.44,0
dl_1299,25,Gowrie_exit,25,21,0.44,0
dl_1299,23,exit_to_Brisbane,23,17,0.44,0
dl_1299,22,Wyreema_exit,22,19,0.44,0
dl_1299,21,Wyreema_exit,22,19,0.44,0
dl_1299,19,exit_to_Brisbane,19,15,0.44,0
dl_1299,18,Gowrie_exit,18,16,0.44,0
dl_1299,216,exit_to_Brisbane,218,13,0.44,0
dl_1299,16,Gowrie_exit,16,14,0.44,0
dl_1299,15,Gowrie_exit,15,13,0.44,0
dl_1299,218,exit_to_Brisbane,218,13,0.44,0
dl_1300,11,,,,,
dl_1300,24,exit_to_Brisbane,24,19,0.44,0
dl_1300,19,exit_to_Brisbane,19,15,0.44,0
dl_1300,18,Gowrie_exit,18,16,0.44,0
dl_1300,216,exit_to_Brisbane,218,13,0.44,0
dl_1300,16,Gowrie_exit,16,14,0.44,0
dl_1300,15,Gowrie_exit,15,13,0.44,0
dl_1300,218,exit_to_Brisbane,218,13,0.44,0
dl_1300,22,Wyreema_exit,22,19,0.44,0
dl_1300,35,exit_to_Brisbane,35,28,0.44,0
dl_1300,26,exit_to_Brisbane,26,20,0.44,0
dl_1300,25,Gowrie_exit,25,21,0.44,0
dl_1300,21,Wyreema_exit,22,19,0.44,0
dl_1301,12,,,,,
dl_1301,24,exit_to_Brisbane,24,19,0.44,0
dl_1301,23,exit_to_Brisbane,23,17,0.44,0
dl_1301,22,Wyreema_exit,22,19,0.44,0
dl_1301,27,exit_to_Brisbane,27,21,0.44,0
dl_1301,26,exit_to_Brisbane,26,20,0.44,0
dl_1301,25,Gowrie_exit,25,21,0.44,0
dl_1301,20,exit_to_Brisbane,20,16,0.44,0
dl_1301,216,exit_to_Brisbane,218,13,0.44,0
dl_1301,16,Gowrie_exit,16,14,0.44,0
dl_1301,15,Gowrie_exit,15,13,0.44,0
dl_1301,218,exit_to_Brisbane,218,13,0.44,0
dl_1301,18,Gowrie_exit,18,16,0.44,0
dl_1301,21,Wyreema_exit,22,19,0.44,0
dl_1302,13,,,,,
dl_1302,24,exit_to_Brisbane,24,19,0.44,0
dl_1302,23,exit_to_Brisbane,23,17,0.44,0
dl_1302,22,Wyreema_exit,22,19,0.44,0
dl_1302,35,Wyreema_exit,35,28,0.44,0
dl_1302,189,exit_to_Brisbane,30,24,0.44,0
dl_1302,26,exit_to_Brisbane,26,20,0.44,0
dl_1302,25,Gowrie_exit,25,21,0.44,0
dl_1302,20,exit_to_Brisbane,20,16,0.44,0
dl_1302,216,exit_to_Brisbane,218,13,0.44,0
dl_1302,16,Gowrie_exit,16,14,0.44,0
dl_1302,15,Gowrie_exit,15,13,0.44,0
dl_1302,218,exit_to_Brisbane,218,13,0.44,0
dl_1302,18,Gowrie_exit,18,16,0.44,0
dl_1302,21,Wyreema_exit,22,19,0.44,0
dl_1303,13,,,,,
dl_1303,24,exit_to_Brisbane,24,19,0.44,0
dl_1303,23,exit_to_Brisbane,23,17,0.44,0
dl_1303,22,Wyreema_exit,22,19,0.44,0
dl_1303,27,exit_to_Brisbane,27,21,0.44,0
dl_1303,25,Gowrie_exit,25,21,0.44,0
dl_1303,35,Wyreema_exit,35,28,0.44,0
dl_1303,189,exit_to_Brisbane,30,24,0.44,0
dl_1303,20,exit_to_Brisbane,20,16,0.44,0
dl_1303,216,exit_to_Brisbane,218,13,0.44,0
dl_1303,16,Gowrie_exit,16,14,0.44,0
dl_1303,15,Gowrie_exit,15,13,0.44,0
dl_1303,218,exit_to_Brisbane,218,13,0.44,0
dl_1303,18,Gowrie_exit,18,16,0.44,0
dl_1303,21,Wyreema_exit,22,19,0.44,0
dl_1304,13,,,,,
dl_1304,27,exit_to_Brisbane,27,21,0.44,0
dl_1304,26,exit_to_Brisbane,26,20,0.44,0
dl_1304,25,Gowrie_exit,25,21,0.44,0
dl_1304,23,exit_to_Brisbane,23,17,0.44,0
dl_1304,22,Wyreema_exit,22,19,0.44,0
dl_1304,35,Wyreema_exit,35,28,0.44,0
dl_1304,189,exit_to_Brisbane,30,24,0.44,0
dl_1304,20,exit_to_Brisbane,20,16,0.44,0
dl_1304,216,exit_to_Brisbane,218,13,0.44,0
dl_1304,16,Gowrie_exit,16,14,0.44,0
dl_1304,15,Gowrie_exit,15,13,0.44,0
dl_1304,218,exit_to_Brisbane,218,13,0.44,0
dl_1304,18,Gowrie_exit,18,16,0.44,0
dl_1304,21,Wyreema_exit,22,19,0.44,0
dl_1305,13,,,,,
dl_1305,24,exit_to_Brisbane,24,19,0.44,0
dl_1305,23,exit_to_Brisbane,23,17,0.44,0
dl_1305,22,Wyreema_exit,22,19,0.44,0
dl_1305,35,Wyreema_exit,35,28,0.44,0
dl_1305,188,exit_to_Brisbane,188,147,0.44,0
dl_1305,26,exit_to_Brisbane,26,20,0.44,0
dl_1305,25,Gowrie_exit,25,21,0.44,0
dl_1305,20,exit_to_Brisbane,20,16,0.44,0
dl_1305,216,exit_to_Brisbane,218,13,0.44,0
dl_1305,16,Gowrie_exit,16,14,0.44,0
dl_1305,15,Gowrie_exit,15,13,0.44,0
dl_1305,218,exit_to_Brisbane,218,13,0.44,0
dl_1305,18,Gowrie_exit,18,16,0.44,0
dl_1305,21,Wyreema_exit,22,19,0.44,0
dl_1306,13,,,,,
dl_1306,24,exit_to_Brisbane,24,19,0.44,0
dl_1306,23,exit_to_Brisbane,23,17,0.44,0
dl_1306,22,Wyreema_exit,22,19,0.44,0
dl_1306,27,exit_to_Brisbane,27,21,0.44,0
dl_1306,25,Gowrie_exit,25,21,0.44,0
dl_1306,35,Wyreema_exit,35,28,0.44,0
dl_1306,188,exit_to_Brisbane,188,147,0.44,0
dl_1306,20,exit_to_Brisbane,20,16,0.44,0
dl_1306,216,exit_to_Brisbane,218,13,0.44,0
dl_1306,16,Gowrie_exit,16,14,0.44,0
dl_1306,15,Gowrie_exit,15,13,0.44,0
dl_1306,218,exit_to_Brisbane,218,13,0.44,0
dl_1306,18,Gowrie_exit,18,16,0.44,0
dl_1306,21,Wyreema_exit,22,19,0.44,0
dl_1307,13,,,,,
dl_1307,27,exit_to_Brisbane,27,21,0.44,0
dl_1307,26,exit_to_Brisbane,26,20,0.44,0
dl_1307,25,Gowrie_exit,25,21,0.44,0
dl_1307,23,exit_to_Brisbane,23,17,0.44,0
dl_1307,22,Wyreema_exit,22,19,0.44,0
dl_1307,35,Wyreema_exit,35,28,0.44,0
dl_1307,188,exit_to_Brisbane,188,147,0.44,0
dl_1307,20,exit_to_Brisbane,20,16,0.44,0
dl_1307,216,exit_to_Brisbane,218,13,0.44,0
dl_1307,16,Gowrie_exit,16,14,0.44,0
dl_1307,15,Gowrie_exit,15,13,0.44,0
dl_1307,218,exit_to_Brisbane,218,13,0.44,0
dl_1307,18,Gowrie_exit,18,16,0.44,0
dl_1307,21,Wyreema_exit,22,19,0.44,0
dl_1308,9,,,,,
dl_1308,24,exit_to_Brisbane,24,19,0.44,0
dl_1308,23,exit_to_Brisbane,23,17,0.44,0
dl_1308,22,Wyreema_exit,22,19,0.44,0
dl_1308,20,exit_to_Brisbane,20,16,0.44,0
dl_1308,216,exit_to_Brisbane,218,13,0.44,0
dl_1308,16,Gowrie_exit,16,14,0.44,0
dl_1308,15,Gowrie_exit,15,13,0.44,0
dl_1308,218,exit_to_Brisbane,218,13,0.44,0
dl_1308,18,Gowrie_exit,18,16,0.44,0
dl_1308,21,Wyreema_exit,22,19,0.44,0
dl_1309,11,,,,,
dl_1309,27,exit_to_Brisbane,27,21,0.44,0
dl_1309,26,exit_to_Brisbane,26,20,0.44,0
dl_1309,25,Gowrie_exit,25,21,0.44,0
dl_1309,23,exit_to_Brisbane,23,17,0.44,0
dl_1309,22,Wyreema_exit,22,19,0.44,0
dl_1309,20,exit_to_Brisbane,20,16,0.44,0
dl_1309,216,exit_to_Brisbane,218,13,0.44,0
dl_1309,16,Gowrie_exit,16,14,0.44,0
dl_1309,15,Gowrie_exit,15,13,0.44,0
dl_1309,218,exit_to_Brisbane,218,13,0.44,0
dl_1309,18,Gowrie_exit,18,16,0.44,0
dl_1309,21,Wyreema_exit,22,19,0.44,0
dl_1310,11,,,,,
dl_1310,24,exit_to_Brisbane,24,19,0.44,0
dl_1310,20,exit_to_Brisbane,20,16,0.44,0
dl_1310,22,Wyreema_exit,22,19,0.44,0
dl_1310,27,exit_to_Brisbane,27,21,0.44,0
dl_1310,26,exit_to_Brisbane,26,20,0.44,0
dl_1310,25,Gowrie_exit,25,21,0.44,0
dl_1310,216,exit_to_Brisbane,218,13,0.44,0
dl_1310,16,Gowrie_exit,16,14,0.44,0
dl_1310,15,Gowrie_exit,15,13,0.44,0
dl_1310,218,exit_to_Brisbane,218,13,0.44,0
dl_1310,18,Gowrie_exit,18,16,0.44,0
dl_1310,21,Wyreema_exit,22,19,0.44,0
dl_1311,11,,,,,
dl_1311,35,exit_to_Brisbane,35,28,0.44,0
dl_1311,26,exit_to_Brisbane,26,20,0.44,0
dl_1311,25,Gowrie_exit,25,21,0.44,0
dl_1311,23,exit_to_Brisbane,23,17,0.44,0
dl_1311,22,Wyreema_exit,22,19,0.44,0
dl_1311,20,exit_to_Brisbane,20,16,0.44,0
dl_1311,216,exit_to_Brisbane,218,13,0.44,0
dl_1311,16,Gowrie_exit,16,14,0.44,0
dl_1311,15,Gowrie_exit,15,13,0.44,0
dl_1311,218,exit_to_Brisbane,218,13,0.44,0
dl_1311,18,Gowrie_exit,18,16,0.44,0
dl_1311,21,Wyreema_exit,22,19,0.44,0
dl_1312,11,,,,,
dl_1312,24,exit_to_Brisbane,24,19,0.44,0
dl_1312,20,exit_to_Brisbane,20,16,0.44,0
dl_1312,22,Wyreema_exit,22,19,0.44,0
dl_1312,35,exit_to_Brisbane,35,28,0.44,0
dl_1312,26,exit_to_Brisbane,26,20,0.44,0
dl_1312,25,Gowrie_exit,25,21,0.44,0
dl_1312,216,exit_to_Brisbane,218,13,0.44,0
dl_1312,16,Gowrie_exit,16,14,0.44,0
dl_1312,15,Gowrie_exit,15,13,0.44,0
dl_1312,218,exit_to_Brisbane,218,13,0.44,0
dl_1312,18,Gowrie_exit,18,16,0.44,0
dl_1312,21,Wyreema_exit,22,19,0.44,0
dl_1313,8,,,,,
dl_1313,27,exit_to_Brisbane,27,21,0.44,0
dl_1313,25,Gowrie_exit,25,21,0.44,0
dl_1313,35,exit_to_Brisbane,35,28,0.44,0
dl_1313,23,exit_to_Brisbane,23,17,0.44,0
dl_1313,22,Wyreema_exit,22,19,0.44,0
dl_1313,21,Wyreema_exit,22,19,0.44,0
dl_1313,19,exit_to_Brisbane,19,15,0.44,0
dl_1313,18,Gowrie_exit,18,16,0.44,0
dl_1313,17,Gowrie_exit,17,15,0.44,0
dl_1314,8,,,,,
dl_1314,24,exit_to_Brisbane,24,19,0.44,0
dl_1314,19,exit_to_Brisbane,19,15,0.44,0
dl_1314,18,Gowrie_exit,18,16,0.44,0
dl_1314,17,Gowrie_exit,17,15,0.44,0
dl_1314,22,Wyreema_exit,22,19,0.44,0
dl_1314,27,exit_to_Brisbane,27,21,0.44,0
dl_1314,25,Gowrie_exit,25,21,0.44,0
dl_1314,35,exit_to_Brisbane,35,28,0.44,0
dl_1314,21,Wyreema_exit,22,19,0.44,0
dl_1315,8,,,,,
dl_1315,27,exit_to_Brisbane,27,21,0.44,0
dl_1315,25,Gowrie_exit,25,21,0.44,0
dl_1315,35,exit_to_Brisbane,35,28,0.44,0
dl_1315,23,exit_to_Brisbane,23,17,0.44,0
dl_1315,22,Wyreema_exit,22,19,0.44,0
dl_1315,20,exit_to_Brisbane,20,16,0.44,0
dl_1315,17,Gowrie_exit,17,15,0.44,0
dl_1315,18,Gowrie_exit,18,16,0.44,0
dl_1315,21,Wyreema_exit,22,19,0.44,0
dl_1316,8,,,,,
dl_1316,24,exit_to_Brisbane,24,19,0.44,0
dl_1316,20,exit_to_Brisbane,20,16,0.44,0
dl_1316,22,Wyreema_exit,22,19,0.44,0
dl_1316,27,exit_to_Brisbane,27,21,0.44,0
dl_1316,25,Gowrie_exit,25,21,0.44,0
dl_1316,35,exit_to_Brisbane,35,28,0.44,0
dl_1316,17,Gowrie_exit,17,15,0.44,0
dl_1316,18,Gowrie_exit,18,16,0.44,0
dl_1316,21,Wyreema_exit,22,19,0.44,0
dl_1317,11,,,,,
dl_1317,27,exit_to_Brisbane,27,21,0.44,0
dl_1317,25,Gowrie_exit,25,21,0.44,0
dl_1317,35,exit_to_Brisbane,35,28,0.44,0
dl_1317,23,exit_to_Brisbane,23,17,0.44,0
dl_1317,22,Wyreema_exit,22,19,0.44,0
dl_1317,21,Wyreema_exit,22,19,0.44,0
dl_1317,19,exit_to_Brisbane,19,15,0.44,0
dl_1317,18,Gowrie_exit,18,16,0.44,0
dl_1317,216,exit_to_Brisbane,218,13,0.44,0
dl_1317,16,Gowrie_exit,16,14,0.44,0
dl_1317,15,Gowrie_exit,15,13,0.44,0
dl_1317,218,exit_to_Brisbane,218,13,0.44,0
dl_1318,11,,,,,
dl_1318,24,exit_to_Brisbane,24,19,0.44,0
dl_1318,19,exit_to_Brisbane,19,15,0.44,0
dl_1318,18,Gowrie_exit,18,16,0.44,0
dl_1318,216,exit_to_Brisbane,218,13,0.44,0
dl_1318,16,Gowrie_exit,16,14,0.44,0
dl_1318,15,Gowrie_exit,15,13,0.44,0
dl_1318,218,exit_to_Brisbane,218,13,0.44,0
dl_1318,22,Wyreema_exit,22,19,0.44,0
dl_1318,27,exit_to_Brisbane,27,21,0.44,0
dl_1318,25,Gowrie_exit,25,21,0.44,0
dl_1318,35,exit_to_Brisbane,35,28,0.44,0
dl_1318,21,Wyreema_exit,22,19,0.44,0
dl_1319,11,,,,,
dl_1319,27,exit_to_Brisbane,27,21,0.44,0
dl_1319,25,Gowrie_exit,25,21,0.44,0
dl_1319,35,exit_to_Brisbane,35,28,0.44,0
dl_1319,23,exit_to_Brisbane,23,17,0.44,0
dl_1319,22,Wyreema_exit,22,19,0.44,0
dl_1319,20,exit_to_Brisbane,20,16,0.44,0
dl_1319,216,exit_to_Brisbane,218,13,0.44,0
dl_1319,16,Gowrie_exit,16,14,0.44,0
dl_1319,15,Gowrie_exit,15,13,0.44,0
dl_1319,218,exit_to_Brisbane,218,13,0.44,0
dl_1319,18,Gowrie_exit,18,16,0.44,0
dl_1319,21,Wyreema_exit,22,19,0.44,0
dl_1320,11,,,,,
dl_1320,24,exit_to_Brisbane,24,19,0.44,0
dl_1320,20,exit_to_Brisbane,20,16,0.44,0
dl_1320,22,Wyreema_exit,22,19,0.44,0
dl_1320,27,exit_to_Brisbane,27,21,0.44,0
dl_1320,25,Gowrie_exit,25,21,0.44,0
dl_1320,35,exit_to_Brisbane,35,28,0.44,0
dl_1320,216,exit_to_Brisbane,218,13,0.44,0
dl_1320,16,Gowrie_exit,16,14,0.44,0
dl_1320,15,Gowrie_exit,15,13,0.44,0
dl_1320,218,exit_to_Brisbane,218,13,0.44,0
dl_1320,18,Gowrie_exit,18,16,0.44,0
dl_1320,21,Wyreema_exit,22,19,0.44,0
dl_1321,8,,,,,
dl_1321,24,exit_to_Brisbane,24,19,0.44,0
dl_1321,23,exit_to_Brisbane,23,17,0.44,0
dl_1321,22,Wyreema_exit,22,19,0.44,0
dl_1321,20,exit_to_Brisbane,20,16,0.44,0
dl_1321,19,exit_to_Brisbane,19,15,0.44,0
dl_1321,18,Gowrie_exit,18,16,0.44,0
dl_1321,17,exit_to_Brisbane,17,14,0.44,0
dl_1321,15,Gowrie_exit,15,13,0.44,0
dl_1321,16,Gowrie_exit,16,14,0.44,0
dl_1322,10,,,,,
dl_1322,27,exit_to_Brisbane,27,21,0.44,0
dl_1322,26,exit_to_Brisbane,26,20,0.44,0
dl_1322,25,Gowrie_exit,25,21,0.44,0
dl_1322,23,exit_to_Brisbane,23,17,0.44,0
dl_1322,22,Wyreema_exit,22,19,0.44,0
dl_1322,20,exit_to_Brisbane,20,16,0.44,0
dl_1322,19,exit_to_Brisbane,19,15,0.44,0
dl_1322,18,Gowrie_exit,18,16,0.44,0
dl_1322,17,exit_to_Brisbane,17,14,0.44,0
dl_1322,15,Gowrie_exit,15,13,0.44,0
dl_1322,16,Gowrie_exit,16,14,0.44,0
dl_1323,10,,,,,
dl_1323,24,exit_to_Brisbane,24,19,0.44,0
dl_1323,20,exit_to_Brisbane,20,16,0.44,0
dl_1323,22,Wyreema_exit,22,19,0.44,0
dl_1323,27,exit_to_Brisbane,27,21,0.44,0
dl_1323,26,exit_to_Brisbane,26,20,0.44,0
dl_1323,25,Gowrie_exit,25,21,0.44,0
dl_1323,19,exit_to_Brisbane,19,15,0.44,0
dl_1323,18,Gowrie_exit,18,16,0.44,0
dl_1323,17,exit_to_Brisbane,17,14,0.44,0
dl_1323,15,Gowrie_exit,15,13,0.44,0
dl_1323,16,Gowrie_exit,16,14,0.44,0
dl_1324,5,,,,,
dl_1324,20,exit_to_Brisbane,20,16,0.44,0
dl_1324,19,exit_to_Brisbane,19,15,0.44,0
dl_1324,18,Gowrie_exit,18,16,0.44,0
dl_1324,17,exit_to_Brisbane,17,14,0.44,0
dl_1324,15,Gowrie_exit,15,13,0.44,0
dl_1324,16,Gowrie_exit,16,14,0.44,0
dl_1325,11,,,,,
dl_1325,24,exit_to_Brisbane,24,19,0.44,0
dl_1325,23,exit_to_Brisbane,23,17,0.44,0
dl_1325,22,Wyreema_exit,22,19,0.44,0
dl_1325,27,exit_to_Brisbane,27,21,0.44,0
dl_1325,26,exit_to_Brisbane,26,20,0.44,0
dl_1325,25,Gowrie_exit,25,21,0.44,0
dl_1325,21,Wyreema_exit,22,19,0.44,0
dl_1325,19,exit_to_Brisbane,19,15,0.44,0
dl_1325,18,Gowrie_exit,18,16,0.44,0
dl_1325,17,exit_to_Brisbane,17,14,0.44,0
dl_1325,15,Gowrie_exit,15,13,0.44,0
dl_1325,16,Gowrie_exit,16,14,0.44,0
dl_1326,12,,,,,
dl_1326,24,exit_to_Brisbane,24,19,0.44,0
dl_1326,23,exit_to_Brisbane,23,17,0.44,0
dl_1326,22,Wyreema_exit,22,19,0.44,0
dl_1326,35,Wyreema_exit,35,28,0.44,0
dl_1326,189,exit_to_Brisbane,30,24,0.44,0
dl_1326,26,exit_to_Brisbane,26,20,0.44,0
dl_1326,25,Gowrie_exit,25,21,0.44,0
dl_1326,21,Wyreema_exit,22,19,0.44,0
dl_1326,19,exit_to_Brisbane,19,15,0.44,0
dl_1326,18,Gowrie_exit,18,16,0.44,0
dl_1326,17,exit_to_Brisbane,17,14,0.44,0
dl_1326,15,Gowrie_exit,15,13,0.44,0
dl_1326,16,Gowrie_exit,16,14,0.44,0
dl_1327,12,,,,,
dl_1327,24,exit_to_Brisbane,24,19,0.44,0
dl_1327,23,exit_to_Brisbane,23,17,0.44,0
dl_1327,22,Wyreema_exit,22,19,0.44,0
dl_1327,27,exit_to_Brisbane,27,21,0.44,0
dl_1327,25,Gowrie_exit,25,21,0.44,0
dl_1327,35,Wyreema_exit,35,28,0.44,0
dl_1327,189,exit_to_Brisbane,30,24,0.44,0
dl_1327,21,Wyreema_exit,22,19,0.44,0
dl_1327,19,exit_to_Brisbane,19,15,0.44,0
dl_1327,18,Gowrie_exit,18,16,0.44,0
dl_1327,17,exit_to_Brisbane,17,14,0.44,0
dl_1327,15,Gowrie_exit,15,13,0.44,0
dl_1327,16,Gowrie_exit,16,14,0.44,0
dl_1328,12,,,,,
dl_1328,27,exit_to_Brisbane,27,21,0.44,0
dl_1328,26,exit_to_Brisbane,26,20,0.44,0
dl_1328,25,Gowrie_exit,25,21,0.44,0
dl_1328,23,exit_to_Brisbane,23,17,0.44,0
dl_1328,22,Wyreema_exit,22,19,0.44,0
dl_1328,35,Wyreema_exit,35,28,0.44,0
dl_1328,189,exit_to_Brisbane,30,24,0.44,0
dl_1328,21,Wyreema_exit,22,19,0.44,0
dl_1328,19,exit_to_Brisbane,19,15,0.44,0
dl_1328,18,Gowrie_exit,18,16,0.44,0
dl_1328,17,exit_to_Brisbane,17,14,0.44,0
dl_1328,15,Gowrie_exit,15,13,0.44,0
dl_1328,16,Gowrie_exit,16,14,0.44,0
dl_1329,12,,,,,
dl_1329,24,exit_to_Brisbane,24,19,0.44,0
dl_1329,23,exit_to_Brisbane,23,17,0.44,0
dl_1329,22,Wyreema_exit,22,19,0.44,0
dl_1329,35,Wyreema_exit,35,28,0.44,0
dl_1329,188,exit_to_Brisbane,188,147,0.44,0
dl_1329,26,exit_to_Brisbane,26,20,0.44,0
dl_1329,25,Gowrie_exit,25,21,0.44,0
dl_1329,21,Wyreema_exit,22,19,0.44,0
dl_1329,19,exit_to_Brisbane,19,15,0.44,0
dl_1329,18,Gowrie_exit,18,16,0.44,0
dl_1329,17,exit_to_Brisbane,17,14,0.44,0
dl_1329,15,Gowrie_exit,15,13,0.44,0
dl_1329,16,Gowrie_exit,16,14,0.44,0
dl_1330,12,,,,,
dl_1330,24,exit_to_Brisbane,24,19,0.44,0
dl_1330,23,exit_to_Brisbane,23,17,0.44,0
dl_1330,22,Wyreema_exit,22,19,0.44,0
dl_1330,27,exit_to_Brisbane,27,21,0.44,0
dl_1330,25,Gowrie_exit,25,21,0.44,0
dl_1330,35,Wyreema_exit,35,28,0.44,0
dl_1330,188,exit_to_Brisbane,188,147,0.44,0
dl_1330,21,Wyreema_exit,22,19,0.44,0
dl_1330,19,exit_to_Brisbane,19,15,0.44,0
dl_1330,18,Gowrie_exit,18,16,0.44,0
dl_1330,17,exit_to_Brisbane,17,14,0.44,0
dl_1330,15,Gowrie_exit,15,13,0.44,0
dl_1330,16,Gowrie_exit,16,14,0.44,0
dl_1331,12,,,,,
dl_1331,27,exit_to_Brisbane,27,21,0.44,0
dl_1331,26,exit_to_Brisbane,26,20,0.44,0
dl_1331,25,Gowrie_exit,25,21,0.44,0
dl_1331,23,exit_to_Brisbane,23,17,0.44,0
dl_1331,22,Wyreema_exit,22,19,0.44,0
dl_1331,35,Wyreema_exit,35,28,0.44,0
dl_1331,188,exit_to_Brisbane,188,147,0.44,0
dl_1331,21,Wyreema_exit,22,19,0.44,0
dl_1331,19,exit_to_Brisbane,19,15,0.44,0
dl_1331,18,Gowrie_exit,18,16,0.44,0
dl_1331,17,exit_to_Brisbane,17,14,0.44,0
dl_1331,15,Gowrie_exit,15,13,0.44,0
dl_1331,16,Gowrie_exit,16,14,0.44,0
dl_1332,8,,,,,
dl_1332,24,exit_to_Brisbane,24,19,0.44,0
dl_1332,23,exit_to_Brisbane,23,17,0.44,0
dl_1332,22,Wyreema_exit,22,19,0.44,0
dl_1332,21,Wyreema_exit,22,19,0.44,0
dl_1332,19,exit_to_Brisbane,19,15,0.44,0
dl_1332,18,Gowrie_exit,18,16,0.44,0
dl_1332,17,exit_to_Brisbane,17,14,0.44,0
dl_1332,15,Gowrie_exit,15,13,0.44,0
dl_1332,16,Gowrie_exit,16,14,0.44,0
dl_1333,10,,,,,
dl_1333,27,exit_to_Brisbane,27,21,0.44,0
dl_1333,26,exit_to_Brisbane,26,20,0.44,0
dl_1333,25,Gowrie_exit,25,21,0.44,0
dl_1333,23,exit_to_Brisbane,23,17,0.44,0
dl_1333,22,Wyreema_exit,22,19,0.44,0
dl_1333,21,Wyreema_exit,22,19,0.44,0
dl_1333,19,exit_to_Brisbane,19,15,0.44,0
dl_1333,18,Gowrie_exit,18,16,0.44,0
dl_1333,17,exit_to_Brisbane,17,14,0.44,0
dl_1333,15,Gowrie_exit,15,13,0.44,0
dl_1333,16,Gowrie_exit,16,14,0.44,0
dl_1334,10,,,,,
dl_1334,24,exit_to_Brisbane,24,19,0.44,0
dl_1334,19,exit_to_Brisbane,19,15,0.44,0
dl_1334,18,Gowrie_exit,18,16,0.44,0
dl_1334,17,exit_to_Brisbane,17,14,0.44,0
dl_1334,15,Gowrie_exit,15,13,0.44,0
dl_1334,16,Gowrie_exit,16,14,0.44,0
dl_1334,22,Wyreema_exit,22,19,0.44,0
dl_1334,27,exit_to_Brisbane,27,21,0.44,0
dl_1334,26,exit_to_Brisbane,26,20,0.44,0
dl_1334,25,Gowrie_exit,25,21,0.44,0
dl_1334,21,Wyreema_exit,22,19,0.44,0
dl_1335,10,,,,,
dl_1335,35,exit_to_Brisbane,35,28,0.44,0
dl_1335,26,exit_to_Brisbane,26,20,0.44,0
dl_1335,25,Gowrie_exit,25,21,0.44,0
dl_1335,23,exit_to_Brisbane,23,17,0.44,0
dl_1335,22,Wyreema_exit,22,19,0.44,0
dl_1335,21,Wyreema_exit,22,19,0.44,0
dl_1335,19,exit_to_Brisbane,19,15,0.44,0
dl_1335,18,Gowrie_exit,18,16,0.44,0
dl_1335,17,exit_to_Brisbane,17,14,0.44,0
dl_1335,15,Gowrie_exit,15,13,0.44,0
dl_1335,16,Gowrie_exit,16,14,0.44,0
dl_1336,10,,,,,
dl_1336,24,exit_to_Brisbane,24,19,0.44,0
dl_1336,19,exit_to_Brisbane,19,15,0.44,0
dl_1336,18,Gowrie_exit,18,16,0.44,0
dl_1336,17,exit_to_Brisbane,17,14,0.44,0
dl_1336,15,Gowrie_exit,15,13,0.44,0
dl_1336,16,Gowrie_exit,16,14,0.44,0
dl_1336,22,Wyreema_exit,22,19,0.44,0
dl_1336,35,exit_to_Brisbane,35,28,0.44,0
dl_1336,26,exit_to_Brisbane,26,20,0.44,0
dl_1336,25,Gowrie_exit,25,21,0.44,0
dl_1336,21,Wyreema_exit,22,19,0.44,0
dl_1337,11,,,,,
dl_1337,24,exit_to_Brisbane,24,19,0.44,0
dl_1337,23,exit_to_Brisbane,23,17,0.44,0
dl_1337,22,Wyreema_exit,22,19,0.44,0
dl_1337,27,exit_to_Brisbane,27,21,0.44,0
dl_1337,26,exit_to_Brisbane,26,20,0.44,0
dl_1337,25,Gowrie_exit,25,21,0.44,0
dl_1337,20,exit_to_Brisbane,20,16,0.44,0
dl_1337,17,exit_to_Brisbane,17,14,0.44,0
dl_1337,18,Gowrie_exit,18,16,0.44,0
dl_1337,21,Wyreema_exit,22,19,0.44,0
dl_1337,15,Gowrie_exit,15,13,0.44,0
dl_1337,16,Gowrie_exit,16,14,0.44,0
dl_1338,12,,,,,
dl_1338,24,exit_to_Brisbane,24,19,0.44,0
dl_1338,23,exit_to_Brisbane,23,17,0.44,0
dl_1338,22,Wyreema_exit,22,19,0.44,0
dl_1338,35,Wyreema_exit,35,28,0.44,0
dl_1338,189,exit_to_Brisbane,30,24,0.44,0
dl_1338,26,exit_to_Brisbane,26,20,0.44,0
dl_1338,25,Gowrie_exit,25,21,0.44,0
dl_1338,20,exit_to_Brisbane,20,16,0.44,0
dl_1338,17,exit_to_Brisbane,17,14,0.44,0
dl_1338,18,Gowrie_exit,18,16,0.44,0
dl_1338,21,Wyreema_exit,22,19,0.44,0
dl_1338,15,Gowrie_exit,15,13,0.44,0
dl_1338,16,Gowrie_exit,16,14,0.44,0
dl_1339,12,,,,,
dl_1339,24,exit_to_Brisbane,24,19,0.44,0
dl_1339,23,exit_to_Brisbane,23,17,0.44,0
dl_1339,22,Wyreema_exit,22,19,0.44,0
dl_1339,27,exit_to_Brisbane,27,21,0.44,0
dl_1339,25,Gowrie_exit,25,21,0.44,0
dl_1339,35,Wyreema_exit,35,28,0.44,0
dl_1339,189,exit_to_Brisbane,30,24,0.44,0
dl_1339,20,exit_to_Brisbane,20,16,0.44,0
dl_1339,17,exit_to_Brisbane,17,14,0.44,0
dl_1339,18,Gowrie_exit,18,16,0.44,0
dl_1339,21,Wyreema_exit,22,19,0.44,0
dl_1339,15,Gowrie_exit,15,13,0.44,0
dl_1339,16,Gowrie_exit,16,14,0.44,0
dl_1340,12,,,,,
dl_1340,27,exit_to_Brisbane,27,21,0.44,0
dl_1340,26,exit_to_Brisbane,26,20,0.44,0
dl_1340,25,Gowrie_exit,25,21,0.44,0
dl_1340,23,exit_to_Brisbane,23,17,0.44,0
dl_1340,22,Wyreema_exit,22,19,0.44,0
dl_1340,35,Wyreema_exit,35,28,0.44,0
dl_1340,189,exit_to_Brisbane,30,24,0.44,0
dl_1340,20,exit_to_Brisbane,20,16,0.44,0
dl_1340,17,exit_to_Brisbane,17,14,0.44,0
dl_1340,18,Gowrie_exit,18,16,0.44,0
dl_1340,21,Wyreema_exit,22,19,0.44,0
dl_1340,15,Gowrie_exit,15,13,0.44,0
dl_1340,16,Gowrie_exit,16,14,0.44,0
dl_1341,12,,,,,
dl_1341,24,exit_to_Brisbane,24,19,0.44,0
dl_1341,23,exit_to_Brisbane,23,17,0.44,0
dl_1341,22,Wyreema_exit,22,19,0.44,0
dl_1341,35,Wyreema_exit,35,28,0.44,0
dl_1341,188,exit_to_Brisbane,188,147,0.44,0
dl_1341,26,exit_to_Brisbane,26,20,0.44,0
dl_1341,25,Gowrie_exit,25,21,0.44,0
dl_1341,20,exit_to_Brisbane,20,16,0.44,0
dl_1341,17,exit_to_Brisbane,17,14,0.44,0
dl_1341,18,Gowrie_exit,18,16,0.44,0
dl_1341,21,Wyreema_exit,22,19,0.44,0
dl_1341,15,Gowrie_exit,15,13,0.44,0
dl_1341,16,Gowrie_exit,16,14,0.44,0
dl_1342,12,,,,,
dl_1342,24,exit_to_Brisbane,24,19,0.44,0
dl_1342,23,exit_to_Brisbane,23,17,0.44,0
dl_1342,22,Wyreema_exit,22,19,0.44,0
dl_1342,27,exit_to_Brisbane,27,21,0.44,0
dl_1342,25,Gowrie_exit,25,21,0.44,0
dl_1342,35,Wyreema_exit,35,28,0.44,0
dl_1342,188,exit_to_Brisbane,188,147,0.44,0
dl_1342,20,exit_to_Brisbane,20,16,0.44,0
dl_1342,17,exit_to_Brisbane,17,14,0.44,0
dl_1342,18,Gowrie_exit,18,16,0.44,0
dl_1342,21,Wyreema_exit,22,19,0.44,0
dl_1342,15,Gowrie_exit,15,13,0.44,0
dl_1342,16,Gowrie_exit,16,14,0.44,0
dl_1343,12,,,,,
dl_1343,27,exit_to_Brisbane,27,21,0.44,0
dl_1343,26,exit_to_Brisbane,26,20,0.44,0
dl_1343,25,Gowrie_exit,25,21,0.44,0
dl_1343,23,exit_to_Brisbane,23,17,0.44,0
dl_1343,22,Wyreema_exit,22,19,0.44,0
dl_1343,35,Wyreema_exit,35,28,0.44,0
dl_1343,188,exit_to_Brisbane,188,147,0.44,0
dl_1343,20,exit_to_Brisbane,20,16,0.44,0
dl_1343,17,exit_to_Brisbane,17,14,0.44,0
dl_1343,18,Gowrie_exit,18,16,0.44,0
dl_1343,21,Wyreema_exit,22,19,0.44,0
dl_1343,15,Gowrie_exit,15,13,0.44,0
dl_1343,16,Gowrie_exit,16,14,0.44,0
dl_1344,8,,,,,
dl_1344,24,exit_to_Brisbane,24,19,0.44,0
dl_1344,23,exit_to_Brisbane,23,17,0.44,0
dl_1344,22,Wyreema_exit,22,19,0.44,0
dl_1344,20,exit_to_Brisbane,20,16,0.44,0
dl_1344,17,exit_to_Brisbane,17,14,0.44,0
dl_1344,18,Gowrie_exit,18,16,0.44,0
dl_1344,21,Wyreema_exit,22,19,0.44,0
dl_1344,15,Gowrie_exit,15,13,0.44,0
dl_1344,16,Gowrie_exit,16,14,0.44,0
dl_1345,10,,,,,
dl_1345,27,exit_to_Brisbane,27,21,0.44,0
dl_1345,26,exit_to_Brisbane,26,20,0.44,0
dl_1345,25,Gowrie_exit,25,21,0.44,0
dl_1345,23,exit_to_Brisbane,23,17,0.44,0
dl_1345,22,Wyreema_exit,22,19,0.44,0
dl_1345,20,exit_to_Brisbane,20,16,0.44,0
dl_1345,17,exit_to_Brisbane,17,14,0.44,0
dl_1345,18,Gowrie_exit,18,16,0.44,0
dl_1345,21,Wyreema_exit,22,19,0.44,0
dl_1345,15,Gowrie_exit,15,13,0.44,0
dl_1345,16,Gowrie_exit,16,14,0.44,0
dl_1346,10,,,,,
dl_1346,24,exit_to_Brisbane,24,19,0.44,0
dl_1346,20,exit_to_Brisbane,20,16,0.44,0
dl_1346,22,Wyreema_exit,22,19,0.44,0
dl_1346,27,exit_to_Brisbane,27,21,0.44,0
dl_1346,26,exit_to_Brisbane,26,20,0.44,0
dl_1346,25,Gowrie_exit,25,21,0.44,0
dl_1346,17,exit_to_Brisbane,17,14,0.44,0
dl_1346,18,Gowrie_exit,18,16,0.44,0
dl_1346,21,Wyreema_exit,22,19,0.44,0
dl_1346,15,Gowrie_exit,15,13,0.44,0
dl_1346,16,Gowrie_exit,16,14,0.44,0
dl_1347,10,,,,,
dl_1347,35,exit_to_Brisbane,35,28,0.44,0
dl_1347,26,exit_to_Brisbane,26,20,0.44,0
dl_1347,25,Gowrie_exit,25,21,0.44,0
dl_1347,23,exit_to_Brisbane,23,17,0.44,0
dl_1347,22,Wyreema_exit,22,19,0.44,0
dl_1347,20,exit_to_Brisbane,20,16,0.44,0
dl_1347,17,exit_to_Brisbane,17,14,0.44,0
dl_1347,18,Gowrie_exit,18,16,0.44,0
dl_1347,21,Wyreema_exit,22,19,0.44,0
dl_1347,15,Gowrie_exit,15,13,0.44,0
dl_1347,16,Gowrie_exit,16,14,0.44,0
dl_1348,10,,,,,
dl_1348,24,exit_to_Brisbane,24,19,0.44,0
dl_1348,20,exit_to_Brisbane,20,16,0.44,0
dl_1348,22,Wyreema_exit,22,19,0.44,0
dl_1348,35,exit_to_Brisbane,35,28,0.44,0
dl_1348,26,exit_to_Brisbane,26,20,0.44,0
dl_1348,25,Gowrie_exit,25,21,0.44,0
dl_1348,17,exit_to_Brisbane,17,14,0.44,0
dl_1348,18,Gowrie_exit,18,16,0.44,0
dl_1348,21,Wyreema_exit,22,19,0.44,0
dl_1348,15,Gowrie_exit,15,13,0.44,0
dl_1348,16,Gowrie_exit,16,14,0.44,0
dl_1349,10,,,,,
dl_1349,27,exit_to_Brisbane,27,21,0.44,0
dl_1349,25,Gowrie_exit,25,21,0.44,0
dl_1349,35,exit_to_Brisbane,35,28,0.44,0
dl_1349,23,exit_to_Brisbane,23,17,0.44,0
dl_1349,22,Wyreema_exit,22,19,0.44,0
dl_1349,21,Wyreema_exit,22,19,0.44,0
dl_1349,19,exit_to_Brisbane,19,15,0.44,0
dl_1349,18,Gowrie_exit,18,16,0.44,0
dl_1349,17,exit_to_Brisbane,17,14,0.44,0
dl_1349,15,Gowrie_exit,15,13,0.44,0
dl_1349,16,Gowrie_exit,16,14,0.44,0
dl_1350,10,,,,,
dl_1350,24,exit_to_Brisbane,24,19,0.44,0
dl_1350,19,exit_to_Brisbane,19,15,0.44,0
dl_1350,18,Gowrie_exit,18,16,0.44,0
dl_1350,17,exit_to_Brisbane,17,14,0.44,0
dl_1350,15,Gowrie_exit,15,13,0.44,0
dl_1350,16,Gowrie_exit,16,14,0.44,0
dl_1350,22,Wyreema_exit,22,19,0.44,0
dl_1350,27,exit_to_Brisbane,27,21,0.44,0
dl_1350,25,Gowrie_exit,25,21,0.44,0
dl_1350,35,exit_to_Brisbane,35,28,0.44,0
dl_1350,21,Wyreema_exit,22,19,0.44,0
dl_1351,10,,,,,
dl_1351,27,exit_to_Brisbane,27,21,0.44,0
dl_1351,25,Gowrie_exit,25,21,0.44,0
dl_1351,35,exit_to_Brisbane,35,28,0.44,0
dl_1351,23,exit_to_Brisbane,23,17,0.44,0
dl_1351,22,Wyreema_exit,22,19,0.44,0
dl_1351,20,exit_to_Brisbane,20,16,0.44,0
dl_1351,17,exit_to_Brisbane,17,14,0.44,0
dl_1351,18,Gowrie_exit,18,16,0.44,0
dl_1351,21,Wyreema_exit,22,19,0.44,0
dl_1351,15,Gowrie_exit,15,13,0.44,0
dl_1351,16,Gowrie_exit,16,14,0.44,0
dl_1352,10,,,,,
dl_1352,24,exit_to_Brisbane,24,19,0.44,0
dl_1352,20,exit_to_Brisbane,20,16,0.44,0
dl_1352,22,Wyreema_exit,22,19,0.44,0
dl_1352,27,exit_to_Brisbane,27,21,0.44,0
dl_1352,25,Gowrie_exit,25,21,0.44,0
dl_1352,35,exit_to_Brisbane,35,28,0.44,0
dl_1352,17,exit_to_Brisbane,17,14,0.44,0
dl_1352,18,Gowrie_exit,18,16,0.44,0
dl_1352,21,Wyreema_exit,22,19,0.44,0
dl_1352,15,Gowrie_exit,15,13,0.44,0
dl_1352,16,Gowrie_exit,16,14,0.44,0
dl_1353,4,,,,,
dl_1353,27,exit_to_Brisbane,27,21,0.44,0
dl_1353,26,exit_to_Brisbane,26,20,0.44,0
dl_1353,25,Gowrie_exit,25,21,0.44,0
dl_1353,23,Gowrie_exit,23,19,0.44,0
dl_1353,22,Wyreema_exit,22,19,0.44,0
dl_1354,6,,,,,
dl_1354,27,exit_to_Brisbane,27,21,0.44,0
dl_1354,26,exit_to_Brisbane,26,20,0.44,0
dl_1354,25,Gowrie_exit,25,21,0.44,0
dl_1354,20,Gowrie_exit,20,17,0.44,0
dl_1354,22,Wyreema_exit,22,19,0.44,0
dl_1354,35,exit_to_Brisbane,35,28,0.44,0
dl_1354,21,Wyreema_exit,22,19,0.44,0
dl_1355,8,,,,,
dl_1355,27,exit_to_Brisbane,27,21,0.44,0
dl_1355,26,exit_to_Brisbane,26,20,0.44,0
dl_1355,25,Gowrie_exit,25,21,0.44,0
dl_1355,19,exit_to_Brisbane,19,15,0.44,0
dl_1355,18,Gowrie_exit,18,16,0.44,0
dl_1355,17,Gowrie_exit,17,15,0.44,0
dl_1355,22,Wyreema_exit,22,19,0.44,0
dl_1355,35,exit_to_Brisbane,35,28,0.44,0
dl_1355,21,Wyreema_exit,22,19,0.44,0
dl_1356,8,,,,,
dl_1356,27,exit_to_Brisbane,27,21,0.44,0
dl_1356,26,exit_to_Brisbane,26,20,0.44,0
dl_1356,25,Gowrie_exit,25,21,0.44,0
dl_1356,20,exit_to_Brisbane,20,16,0.44,0
dl_1356,22,Wyreema_exit,22,19,0.44,0
dl_1356,35,exit_to_Brisbane,35,28,0.44,0
dl_1356,17,Gowrie_exit,17,15,0.44,0
dl_1356,18,Gowrie_exit,18,16,0.44,0
dl_1356,21,Wyreema_exit,22,19,0.44,0
dl_1357,11,,,,,
dl_1357,27,exit_to_Brisbane,27,21,0.44,0
dl_1357,26,exit_to_Brisbane,26,20,0.44,0
dl_1357,25,Gowrie_exit,25,21,0.44,0
dl_1357,19,exit_to_Brisbane,19,15,0.44,0
dl_1357,18,Gowrie_exit,18,16,0.44,0
dl_1357,216,exit_to_Brisbane,218,13,0.44,0
dl_1357,16,Gowrie_exit,16,14,0.44,0
dl_1357,15,Gowrie_exit,15,13,0.44,0
dl_1357,218,exit_to_Brisbane,218,13,0.44,0
dl_1357,22,Wyreema_exit,22,19,0.44,0
dl_1357,35,exit_to_Brisbane,35,28,0.44,0
dl_1357,21,Wyreema_exit,22,19,0.44,0
dl_1358,11,,,,,
dl_1358,27,exit_to_Brisbane,27,21,0.44,0
dl_1358,26,exit_to_Brisbane,26,20,0.44,0
dl_1358,25,Gowrie_exit,25,21,0.44,0
dl_1358,20,exit_to_Brisbane,20,16,0.44,0
dl_1358,22,Wyreema_exit,22,19,0.44,0
dl_1358,35,exit_to_Brisbane,35,28,0.44,0
dl_1358,216,exit_to_Brisbane,218,13,0.44,0
dl_1358,16,Gowrie_exit,16,14,0.44,0
dl_1358,15,Gowrie_exit,15,13,0.44,0
dl_1358,218,exit_to_Brisbane,218,13,0.44,0
dl_1358,18,Gowrie_exit,18,16,0.44,0
dl_1358,21,Wyreema_exit,22,19,0.44,0
dl_1359,10,,,,,
dl_1359,27,exit_to_Brisbane,27,21,0.44,0
dl_1359,26,exit_to_Brisbane,26,20,0.44,0
dl_1359,25,Gowrie_exit,25,21,0.44,0
dl_1359,19,exit_to_Brisbane,19,15,0.44,0
dl_1359,18,Gowrie_exit,18,16,0.44,0
dl_1359,17,exit_to_Brisbane,17,14,0.44,0
dl_1359,15,Gowrie_exit,15,13,0.44,0
dl_1359,16,Gowrie_exit,16,14,0.44,0
dl_1359,22,Wyreema_exit,22,19,0.44,0
dl_1359,35,exit_to_Brisbane,35,28,0.44,0
dl_1359,21,Wyreema_exit,22,19,0.44,0
dl_1360,10,,,,,
dl_1360,27,exit_to_Brisbane,27,21,0.44,0
dl_1360,26,exit_to_Brisbane,26,20,0.44,0
dl_1360,25,Gowrie_exit,25,21,0.44,0
dl_1360,20,exit_to_Brisbane,20,16,0.44,0
dl_1360,22,Wyreema_exit,22,19,0.44,0
dl_1360,35,exit_to_Brisbane,35,28,0.44,0
dl_1360,17,exit_to_Brisbane,17,14,0.44,0
dl_1360,18,Gowrie_exit,18,16,0.44,0
dl_1360,21,Wyreema_exit,22,19,0.44,0
dl_1360,15,Gowrie_exit,15,13,0.44,0
dl_1360,16,Gowrie_exit,16,14,0.44,0
dl_1361,9,,,,,
dl_1361,35,Wyreema_exit,35,28,0.44,0
dl_1361,189,exit_to_Brisbane,30,24,0.44,0
dl_1361,26,exit_to_Brisbane,26,20,0.44,0
dl_1361,25,Gowrie_exit,25,21,0.44,0
dl_1361,23,exit_to_Brisbane,23,17,0.44,0
dl_1361,22,Wyreema_exit,22,19,0.44,0
dl_1361,21,Wyreema_exit,22,19,0.44,0
dl_1361,19,exit_to_Brisbane,19,15,0.44,0
dl_1361,18,Gowrie_exit,18,16,0.44,0
dl_1361,17,Gowrie_exit,17,15,0.44,0
dl_1362,9,,,,,
dl_1362,24,exit_to_Brisbane,24,19,0.44,0
dl_1362,19,exit_to_Brisbane,19,15,0.44,0
dl_1362,18,Gowrie_exit,18,16,0.44,0
dl_1362,17,Gowrie_exit,17,15,0.44,0
dl_1362,22,Wyreema_exit,22,19,0.44,0
dl_1362,35,Wyreema_exit,35,28,0.44,0
dl_1362,189,exit_to_Brisbane,30,24,0.44,0
dl_1362,26,exit_to_Brisbane,26,20,0.44,0
dl_1362,25,Gowrie_exit,25,21,0.44,0
dl_1362,21,Wyreema_exit,22,19,0.44,0
dl_1363,9,,,,,
dl_1363,35,Wyreema_exit,35,28,0.44,0
dl_1363,189,exit_to_Brisbane,30,24,0.44,0
dl_1363,26,exit_to_Brisbane,26,20,0.44,0
dl_1363,25,Gowrie_exit,25,21,0.44,0
dl_1363,23,exit_to_Brisbane,23,17,0.44,0
dl_1363,22,Wyreema_exit,22,19,0.44,0
dl_1363,20,exit_to_Brisbane,20,16,0.44,0
dl_1363,17,Gowrie_exit,17,15,0.44,0
dl_1363,18,Gowrie_exit,18,16,0.44,0
dl_1363,21,Wyreema_exit,22,19,0.44,0
dl_1364,9,,,,,
dl_1364,24,exit_to_Brisbane,24,19,0.44,0
dl_1364,20,exit_to_Brisbane,20,16,0.44,0
dl_1364,22,Wyreema_exit,22,19,0.44,0
dl_1364,35,Wyreema_exit,35,28,0.44,0
dl_1364,189,exit_to_Brisbane,30,24,0.44,0
dl_1364,26,exit_to_Brisbane,26,20,0.44,0
dl_1364,25,Gowrie_exit,25,21,0.44,0
dl_1364,17,Gowrie_exit,17,15,0.44,0
dl_1364,18,Gowrie_exit,18,16,0.44,0
dl_1364,21,Wyreema_exit,22,19,0.44,0
dl_1365,12,,,,,
dl_1365,35,Wyreema_exit,35,28,0.44,0
dl_1365,189,exit_to_Brisbane,30,24,0.44,0
dl_1365,26,exit_to_Brisbane,26,20,0.44,0
dl_1365,25,Gowrie_exit,25,21,0.44,0
dl_1365,23,exit_to_Brisbane,23,17,0.44,0
dl_1365,22,Wyreema_exit,22,19,0.44,0
dl_1365,21,Wyreema_exit,22,19,0.44,0
dl_1365,19,exit_to_Brisbane,19,15,0.44,0
dl_1365,18,Gowrie_exit,18,16,0.44,0
dl_1365,216,exit_to_Brisbane,218,13,0.44,0
dl_1365,16,Gowrie_exit,16,14,0.44,0
dl_1365,15,Gowrie_exit,15,13,0.44,0
dl_1365,218,exit_to_Brisbane,218,13,0.44,0
dl_1366,12,,,,,
dl_1366,24,exit_to_Brisbane,24,19,0.44,0
dl_1366,19,exit_to_Brisbane,19,15,0.44,0
dl_1366,18,Gowrie_exit,18,16,0.44,0
dl_1366,216,exit_to_Brisbane,218,13,0.44,0
dl_1366,16,Gowrie_exit,16,14,0.44,0
dl_1366,15,Gowrie_exit,15,13,0.44,0
dl_1366,218,exit_to_Brisbane,218,13,0.44,0
dl_1366,22,Wyreema_exit,22,19,0.44,0
dl_1366,35,Wyreema_exit,35,28,0.44,0
dl_1366,189,exit_to_Brisbane,30,24,0.44,0
dl_1366,26,exit_to_Brisbane,26,20,0.44,0
dl_1366,25,Gowrie_exit,25,21,0.44,0
dl_1366,21,Wyreema_exit,22,19,0.44,0
dl_1367,12,,,,,
dl_1367,35,Wyreema_exit,35,28,0.44,0
dl_1367,189,exit_to_Brisbane,30,24,0.44,0
dl_1367,26,exit_to_Brisbane,26,20,0.44,0
dl_1367,25,Gowrie_exit,25,21,0.44,0
dl_1367,23,exit_to_Brisbane,23,17,0.44,0
dl_1367,22,Wyreema_exit,22,19,0.44,0
dl_1367,20,exit_to_Brisbane,20,16,0.44,0
dl_1367,216,exit_to_Brisbane,218,13,0.44,0
dl_1367,16,Gowrie_exit,16,14,0.44,0
dl_1367,15,Gowrie_exit,15,13,0.44,0
dl_1367,218,exit_to_Brisbane,218,13,0.44,0
dl_1367,18,Gowrie_exit,18,16,0.44,0
dl_1367,21,Wyreema_exit,22,19,0.44,0
dl_1368,12,,,,,
dl_1368,24,exit_to_Brisbane,24,19,0.44,0
dl_1368,20,exit_to_Brisbane,20,16,0.44,0
dl_1368,22,Wyreema_exit,22,19,0.44,0
dl_1368,35,Wyreema_exit,35,28,0.44,0
dl_1368,189,exit_to_Brisbane,30,24,0.44,0
dl_1368,26,exit_to_Brisbane,26,20,0.44,0
dl_1368,25,Gowrie_exit,25,21,0.44,0
dl_1368,216,exit_to_Brisbane,218,13,0.44,0
dl_1368,16,Gowrie_exit,16,14,0.44,0
dl_1368,15,Gowrie_exit,15,13,0.44,0
dl_1368,218,exit_to_Brisbane,218,13,0.44,0
dl_1368,18,Gowrie_exit,18,16,0.44,0
dl_1368,21,Wyreema_exit,22,19,0.44,0
dl_1369,9,,,,,
dl_1369,27,exit_to_Brisbane,27,21,0.44,0
dl_1369,25,Gowrie_exit,25,21,0.44,0
dl_1369,35,Wyreema_exit,35,28,0.44,0
dl_1369,189,exit_to_Brisbane,30,24,0.44,0
dl_1369,23,exit_to_Brisbane,23,17,0.44,0
dl_1369,22,Wyreema_exit,22,19,0.44,0
dl_1369,21,Wyreema_exit,22,19,0.44,0
dl_1369,19,exit_to_Brisbane,19,15,0.44,0
dl_1369,18,Gowrie_exit,18,16,0.44,0
dl_1369,17,Gowrie_exit,17,15,0.44,0
dl_1370,9,,,,,
dl_1370,24,exit_to_Brisbane,24,19,0.44,0
dl_1370,19,exit_to_Brisbane,19,15,0.44,0
dl_1370,18,Gowrie_exit,18,16,0.44,0
dl_1370,17,Gowrie_exit,17,15,0.44,0
dl_1370,22,Wyreema_exit,22,19,0.44,0
dl_1370,27,exit_to_Brisbane,27,21,0.44,0
dl_1370,25,Gowrie_exit,25,21,0.44,0
dl_1370,35,Wyreema_exit,35,28,0.44,0
dl_1370,189,exit_to_Brisbane,30,24,0.44,0
dl_1370,21,Wyreema_exit,22,19,0.44,0
dl_1371,9,,,,,
dl_1371,27,exit_to_Brisbane,27,21,0.44,0
dl_1371,25,Gowrie_exit,25,21,0.44,0
dl_1371,35,Wyreema_exit,35,28,0.44,0
dl_1371,189,exit_to_Brisbane,30,24,0.44,0
dl_1371,23,exit_to_Brisbane,23,17,0.44,0
dl_1371,22,Wyreema_exit,22,19,0.44,0
dl_1371,20,exit_to_Brisbane,20,16,0.44,0
dl_1371,17,Gowrie_exit,17,15,0.44,0
dl_1371,18,Gowrie_exit,18,16,0.44,0
dl_1371,21,Wyreema_exit,22,19,0.44,0
dl_1372,9,,,,,
dl_1372,24,exit_to_Brisbane,24,19,0.44,0
dl_1372,20,exit_to_Brisbane,20,16,0.44,0
dl_1372,22,Wyreema_exit,22,19,0.44,0
dl_1372,27,exit_to_Brisbane,27,21,0.44,0
dl_1372,25,Gowrie_exit,25,21,0.44,0
dl_1372,35,Wyreema_exit,35,28,0.44,0
dl_1372,189,exit_to_Brisbane,30,24,0.44,0
dl_1372,17,Gowrie_exit,17,15,0.44,0
dl_1372,18,Gowrie_exit,18,16,0.44,0
dl_1372,21,Wyreema_exit,22,19,0.44,0
dl_1373,12,,,,,
dl_1373,27,exit_to_Brisbane,27,21,0.44,0
dl_1373,25,Gowrie_exit,25,21,0.44,0
dl_1373,35,Wyreema_exit,35,28,0.44,0
dl_1373,189,exit_to_Brisbane,30,24,0.44,0
dl_1373,23,exit_to_Brisbane,23,17,0.44,0
dl_1373,22,Wyreema_exit,22,19,0.44,0
dl_1373,21,Wyreema_exit,22,19,0.44,0
dl_1373,19,exit_to_Brisbane,19,15,0.44,0
dl_1373,18,Gowrie_exit,18,16,0.44,0
dl_1373,216,exit_to_Brisbane,218,13,0.44,0
dl_1373,16,Gowrie_exit,16,14,0.44,0
dl_1373,15,Gowrie_exit,15,13,0.44,0
dl_1373,218,exit_to_Brisbane,218,13,0.44,0
dl_1374,12,,,,,
dl_1374,24,exit_to_Brisbane,24,19,0.44,0
dl_1374,19,exit_to_Brisbane,19,15,0.44,0
dl_1374,18,Gowrie_exit,18,16,0.44,0
dl_1374,216,exit_to_Brisbane,218,13,0.44,0
dl_1374,16,Gowrie_exit,16,14,0.44,0
dl_1374,15,Gowrie_exit,15,13,0.44,0
dl_1374,218,exit_to_Brisbane,218,13,0.44,0
dl_1374,22,Wyreema_exit,22,19,0.44,0
dl_1374,27,exit_to_Brisbane,27,21,0.44,0
dl_1374,25,Gowrie_exit,25,21,0.44,0
dl_1374,35,Wyreema_exit,35,28,0.44,0
dl_1374,189,exit_to_Brisbane,30,24,0.44,0
dl_1374,21,Wyreema_exit,22,19,0.44,0
dl_1375,12,,,,,
dl_1375,27,exit_to_Brisbane,27,21,0.44,0
dl_1375,25,Gowrie_exit,25,21,0.44,0
dl_1375,35,Wyreema_exit,35,28,0.44,0
dl_1375,189,exit_to_Brisbane,30,24,0.44,0
dl_1375,23,exit_to_Brisbane,23,17,0.44,0
dl_1375,22,Wyreema_exit,22,19,0.44,0
dl_1375,20,exit_to_Brisbane,20,16,0.44,0
dl_1375,216,exit_to_Brisbane,218,13,0.44,0
dl_1375,16,Gowrie_exit,16,14,0.44,0
dl_1375,15,Gowrie_exit,15,13,0.44,0
dl_1375,218,exit_to_Brisbane,218,13,0.44,0
dl_1375,18,Gowrie_exit,18,16,0.44,0
dl_1375,21,Wyreema_exit,22,19,0.44,0
dl_1376,12,,,,,
dl_1376,24,exit_to_Brisbane,24,19,0.44,0
dl_1376,20,exit_to_Brisbane,20,16,0.44,0
dl_1376,22,Wyreema_exit,22,19,0.44,0
dl_1376,27,exit_to_Brisbane,27,21,0.44,0
dl_1376,25,Gowrie_exit,25,21,0.44,0
dl_1376,35,Wyreema_exit,35,28,0.44,0
dl_1376,189,exit_to_Brisbane,30,24,0.44,0
dl_1376,216,exit_to_Brisbane,218,13,0.44,0
dl_1376,16,Gowrie_exit,16,14,0.44,0
dl_1376,15,Gowrie_exit,15,13,0.44,0
dl_1376,218,exit_to_Brisbane,218,13,0.44,0
dl_1376,18,Gowrie_exit,18,16,0.44,0
dl_1376,21,Wyreema_exit,22,19,0.44,0
dl_1377,11,,,,,
dl_1377,35,Wyreema_exit,35,28,0.44,0
dl_1377,189,exit_to_Brisbane,30,24,0.44,0
dl_1377,26,exit_to_Brisbane,26,20,0.44,0
dl_1377,25,Gowrie_exit,25,21,0.44,0
dl_1377,23,exit_to_Brisbane,23,17,0.44,0
dl_1377,22,Wyreema_exit,22,19,0.44,0
dl_1377,21,Wyreema_exit,22,19,0.44,0
dl_1377,19,exit_to_Brisbane,19,15,0.44,0
dl_1377,18,Gowrie_exit,18,16,0.44,0
dl_1377,17,exit_to_Brisbane,17,14,0.44,0
dl_1377,15,Gowrie_exit,15,13,0.44,0
dl_1377,16,Gowrie_exit,16,14,0.44,0
dl_1378,11,,,,,
dl_1378,24,exit_to_Brisbane,24,19,0.44,0
dl_1378,19,exit_to_Brisbane,19,15,0.44,0
dl_1378,18,Gowrie_exit,18,16,0.44,0
dl_1378,17,exit_to_Brisbane,17,14,0.44,0
dl_1378,15,Gowrie_exit,15,13,0.44,0
dl_1378,16,Gowrie_exit,16,14,0.44,0
dl_1378,22,Wyreema_exit,22,19,0.44,0
dl_1378,35,Wyreema_exit,35,28,0.44,0
dl_1378,189,exit_to_Brisbane,30,24,0.44,0
dl_1378,26,exit_to_Brisbane,26,20,0.44,0
dl_1378,25,Gowrie_exit,25,21,0.44,0
dl_1378,21,Wyreema_exit,22,19,0.44,0
dl_1379,11,,,,,
dl_1379,35,Wyreema_exit,35,28,0.44,0
dl_1379,189,exit_to_Brisbane,30,24,0.44,0
dl_1379,26,exit_to_Brisbane,26,20,0.44,0
dl_1379,25,Gowrie_exit,25,21,0.44,0
dl_1379,23,exit_to_Brisbane,23,17,0.44,0
dl_1379,22,Wyreema_exit,22,19,0.44,0
dl_1379,20,exit_to_Brisbane,20,16,0.44,0
dl_1379,17,exit_to_Brisbane,17,14,0.44,0
dl_1379,18,Gowrie_exit,18,16,0.44,0
dl_1379,21,Wyreema_exit,22,19,0.44,0
dl_1379,15,Gowrie_exit,15,13,0.44,0
dl_1379,16,Gowrie_exit,16,14,0.44,0
dl_1380,11,,,,,
dl_1380,24,exit_to_Brisbane,24,19,0.44,0
dl_1380,20,exit_to_Brisbane,20,16,0.44,0
dl_1380,22,Wyreema_exit,22,19,0.44,0
dl_1380,35,Wyreema_exit,35,28,0.44,0
dl_1380,189,exit_to_Brisbane,30,24,0.44,0
dl_1380,26,exit_to_Brisbane,26,20,0.44,0
dl_1380,25,Gowrie_exit,25,21,0.44,0
dl_1380,17,exit_to_Brisbane,17,14,0.44,0
dl_1380,18,Gowrie_exit,18,16,0.44,0
dl_1380,21,Wyreema_exit,22,19,0.44,0
dl_1380,15,Gowrie_exit,15,13,0.44,0
dl_1380,16,Gowrie_exit,16,14,0.44,0
dl_1381,11,,,,,
dl_1381,27,exit_to_Brisbane,27,21,0.44,0
dl_1381,25,Gowrie_exit,25,21,0.44,0
dl_1381,35,Wyreema_exit,35,28,0.44,0
dl_1381,189,exit_to_Brisbane,30,24,0.44,0
dl_1381,23,exit_to_Brisbane,23,17,0.44,0
dl_1381,22,Wyreema_exit,22,19,0.44,0
dl_1381,21,Wyreema_exit,22,19,0.44,0
dl_1381,19,exit_to_Brisbane,19,15,0.44,0
dl_1381,18,Gowrie_exit,18,16,0.44,0
dl_1381,17,exit_to_Brisbane,17,14,0.44,0
dl_1381,15,Gowrie_exit,15,13,0.44,0
dl_1381,16,Gowrie_exit,16,14,0.44,0
dl_1382,11,,,,,
dl_1382,24,exit_to_Brisbane,24,19,0.44,0
dl_1382,19,exit_to_Brisbane,19,15,0.44,0
dl_1382,18,Gowrie_exit,18,16,0.44,0
dl_1382,17,exit_to_Brisbane,17,14,0.44,0
dl_1382,15,Gowrie_exit,15,13,0.44,0
dl_1382,16,Gowrie_exit,16,14,0.44,0
dl_1382,22,Wyreema_exit,22,19,0.44,0
dl_1382,27,exit_to_Brisbane,27,21,0.44,0
dl_1382,25,Gowrie_exit,25,21,0.44,0
dl_1382,35,Wyreema_exit,35,28,0.44,0
dl_1382,189,exit_to_Brisbane,30,24,0.44,0
dl_1382,21,Wyreema_exit,22,19,0.44,0
dl_1383,11,,,,,
dl_1383,27,exit_to_Brisbane,27,21,0.44,0
dl_1383,25,Gowrie_exit,25,21,0.44,0
dl_1383,35,Wyreema_exit,35,28,0.44,0
dl_1383,189,exit_to_Brisbane,30,24,0.44,0
dl_1383,23,exit_to_Brisbane,23,17,0.44,0
dl_1383,22,Wyreema_exit,22,19,0.44,0
dl_1383,20,exit_to_Brisbane,20,16,0.44,0
dl_1383,17,exit_to_Brisbane,17,14,0.44,0
dl_1383,18,Gowrie_exit,18,16,0.44,0
dl_1383,21,Wyreema_exit,22,19,0.44,0
dl_1383,15,Gowrie_exit,15,13,0.44,0
dl_1383,16,Gowrie_exit,16,14,0.44,0
dl_1384,11,,,,,
dl_1384,24,exit_to_Brisbane,24,19,0.44,0
dl_1384,20,exit_to_Brisbane,20,16,0.44,0
dl_1384,22,Wyreema_exit,22,19,0.44,0
dl_1384,27,exit_to_Brisbane,27,21,0.44,0
dl_1384,25,Gowrie_exit,25,21,0.44,0
dl_1384,35,Wyreema_exit,35,28,0.44,0
dl_1384,189,exit_to_Brisbane,30,24,0.44,0
dl_1384,17,exit_to_Brisbane,17,14,0.44,0
dl_1384,18,Gowrie_exit,18,16,0.44,0
dl_1384,21,Wyreema_exit,22,19,0.44,0
dl_1384,15,Gowrie_exit,15,13,0.44,0
dl_1384,16,Gowrie_exit,16,14,0.44,0
dl_1385,6,,,,,
dl_1385,157,Gowrie_exit,157,119,0.44,0
dl_1385,160,Wyreema_exit,160,120,0.44,0
dl_1385,158,Wyreema_exit,158,119,0.44,0
dl_1385,28,Gowrie_exit,28,23,0.44,0
dl_1385,171,Wyreema_exit,171,132,0.44,0
dl_1385,172,exit_to_Brisbane,172,131,0.44,0
dl_1385,173,Gowrie_exit,173,132,0.44,0
dl_1386,6,,,,,
dl_1386,35,Gowrie_exit,35,29,0.44,0
dl_1386,160,Wyreema_exit,160,120,0.44,0
dl_1386,158,Wyreema_exit,158,119,0.44,0
dl_1386,28,Gowrie_exit,28,23,0.44,0
dl_1386,171,Wyreema_exit,171,132,0.44,0
dl_1386,172,exit_to_Brisbane,172,131,0.44,0
dl_1386,173,Gowrie_exit,173,132,0.44,0
dl_1387,6,,,,,
dl_1387,24,exit_to_Brisbane,24,19,0.44,0
dl_1387,23,exit_to_Brisbane,23,17,0.44,0
dl_1387,22,Gowrie_exit,22,19,0.44,0
dl_1387,21,Gowrie_exit,22,19,0.44,0
dl_1387,19,exit_to_Brisbane,19,15,0.44,0
dl_1387,18,Wyreema_exit,18,16,0.44,0
dl_1387,17,Gowrie_exit,17,15,0.44,0
dl_1388,8,,,,,
dl_1388,27,exit_to_Brisbane,27,21,0.44,0
dl_1388,26,Gowrie_exit,26,21,0.44,0
dl_1388,25,exit_to_Brisbane,25,20,0.44,0
dl_1388,23,exit_to_Brisbane,23,17,0.44,0
dl_1388,22,Gowrie_exit,22,19,0.44,0
dl_1388,21,Gowrie_exit,22,19,0.44,0
dl_1388,19,exit_to_Brisbane,19,15,0.44,0
dl_1388,18,Wyreema_exit,18,16,0.44,0
dl_1388,17,Gowrie_exit,17,15,0.44,0
dl_1389,8,,,,,
dl_1389,27,exit_to_Brisbane,27,21,0.44,0
dl_1389,26,Gowrie_exit,26,21,0.44,0
dl_1389,25,exit_to_Brisbane,25,20,0.44,0
dl_1389,24,exit_to_Brisbane,24,19,0.44,0
dl_1389,19,exit_to_Brisbane,19,15,0.44,0
dl_1389,18,Wyreema_exit,18,16,0.44,0
dl_1389,17,Gowrie_exit,17,15,0.44,0
dl_1389,22,Gowrie_exit,22,19,0.44,0
dl_1389,21,Gowrie_exit,22,19,0.44,0
dl_1390,8,,,,,
dl_1390,35,exit_to_Brisbane,35,28,0.44,0
dl_1390,26,Gowrie_exit,26,21,0.44,0
dl_1390,25,exit_to_Brisbane,25,20,0.44,0
dl_1390,23,exit_to_Brisbane,23,17,0.44,0
dl_1390,22,Gowrie_exit,22,19,0.44,0
dl_1390,21,Gowrie_exit,22,19,0.44,0
dl_1390,19,exit_to_Brisbane,19,15,0.44,0
dl_1390,18,Wyreema_exit,18,16,0.44,0
dl_1390,17,Gowrie_exit,17,15,0.44,0
dl_1391,8,,,,,
dl_1391,35,exit_to_Brisbane,35,28,0.44,0
dl_1391,26,Gowrie_exit,26,21,0.44,0
dl_1391,25,exit_to_Brisbane,25,20,0.44,0
dl_1391,24,exit_to_Brisbane,24,19,0.44,0
dl_1391,19,exit_to_Brisbane,19,15,0.44,0
dl_1391,18,Wyreema_exit,18,16,0.44,0
dl_1391,17,Gowrie_exit,17,15,0.44,0
dl_1391,22,Gowrie_exit,22,19,0.44,0
dl_1391,21,Gowrie_exit,22,19,0.44,0
dl_1392,6,,,,,
dl_1392,24,exit_to_Brisbane,24,19,0.44,0
dl_1392,23,exit_to_Brisbane,23,17,0.44,0
dl_1392,22,Gowrie_exit,22,19,0.44,0
dl_1392,20,exit_to_Brisbane,20,16,0.44,0
dl_1392,17,Gowrie_exit,17,15,0.44,0
dl_1392,18,Wyreema_exit,18,16,0.44,0
dl_1392,21,Gowrie_exit,22,19,0.44,0
dl_1393,8,,,,,
dl_1393,27,exit_to_Brisbane,27,21,0.44,0
dl_1393,26,Gowrie_exit,26,21,0.44,0
dl_1393,25,exit_to_Brisbane,25,20,0.44,0
dl_1393,23,exit_to_Brisbane,23,17,0.44,0
dl_1393,22,Gowrie_exit,22,19,0.44,0
dl_1393,20,exit_to_Brisbane,20,16,0.44,0
dl_1393,17,Gowrie_exit,17,15,0.44,0
dl_1393,18,Wyreema_exit,18,16,0.44,0
dl_1393,21,Gowrie_exit,22,19,0.44,0
dl_1394,8,,,,,
dl_1394,27,exit_to_Brisbane,27,21,0.44,0
dl_1394,26,Gowrie_exit,26,21,0.44,0
dl_1394,25,exit_to_Brisbane,25,20,0.44,0
dl_1394,24,exit_to_Brisbane,24,19,0.44,0
dl_1394,20,exit_to_Brisbane,20,16,0.44,0
dl_1394,22,Gowrie_exit,22,19,0.44,0
dl_1394,17,Gowrie_exit,17,15,0.44,0
dl_1394,18,Wyreema_exit,18,16,0.44,0
dl_1394,21,Gowrie_exit,22,19,0.44,0
dl_1395,8,,,,,
dl_1395,35,exit_to_Brisbane,35,28,0.44,0
dl_1395,26,Gowrie_exit,26,21,0.44,0
dl_1395,25,exit_to_Brisbane,25,20,0.44,0
dl_1395,23,exit_to_Brisbane,23,17,0.44,0
dl_1395,22,Gowrie_exit,22,19,0.44,0
dl_1395,20,exit_to_Brisbane,20,16,0.44,0
dl_1395,17,Gowrie_exit,17,15,0.44,0
dl_1395,18,Wyreema_exit,18,16,0.44,0
dl_1395,21,Gowrie_exit,22,19,0.44,0
dl_1396,8,,,,,
dl_1396,35,exit_to_Brisbane,35,28,0.44,0
dl_1396,26,Gowrie_exit,26,21,0.44,0
dl_1396,25,exit_to_Brisbane,25,20,0.44,0
dl_1396,24,exit_to_Brisbane,24,19,0.44,0
dl_1396,20,exit_to_Brisbane,20,16,0.44,0
dl_1396,22,Gowrie_exit,22,19,0.44,0
dl_1396,17,Gowrie_exit,17,15,0.44,0
dl_1396,18,Wyreema_exit,18,16,0.44,0
dl_1396,21,Gowrie_exit,22,19,0.44,0
dl_1397,8,,,,,
dl_1397,27,exit_to_Brisbane,27,21,0.44,0
dl_1397,26,Gowrie_exit,26,21,0.44,0
dl_1397,35,exit_to_Brisbane,35,28,0.44,0
dl_1397,23,exit_to_Brisbane,23,17,0.44,0
dl_1397,22,Gowrie_exit,22,19,0.44,0
dl_1397,21,Gowrie_exit,22,19,0.44,0
dl_1397,19,exit_to_Brisbane,19,15,0.44,0
dl_1397,18,Wyreema_exit,18,16,0.44,0
dl_1397,17,Gowrie_exit,17,15,0.44,0
dl_1398,8,,,,,
dl_1398,27,exit_to_Brisbane,27,21,0.44,0
dl_1398,26,Gowrie_exit,26,21,0.44,0
dl_1398,35,exit_to_Brisbane,35,28,0.44,0
dl_1398,24,exit_to_Brisbane,24,19,0.44,0
dl_1398,19,exit_to_Brisbane,19,15,0.44,0
dl_1398,18,Wyreema_exit,18,16,0.44,0
dl_1398,17,Gowrie_exit,17,15,0.44,0
dl_1398,22,Gowrie_exit,22,19,0.44,0
dl_1398,21,Gowrie_exit,22,19,0.44,0
dl_1399,8,,,,,
dl_1399,27,exit_to_Brisbane,27,21,0.44,0
dl_1399,26,Gowrie_exit,26,21,0.44,0
dl_1399,35,exit_to_Brisbane,35,28,0.44,0
dl_1399,23,exit_to_Brisbane,23,17,0.44,0
dl_1399,22,Gowrie_exit,22,19,0.44,0
dl_1399,20,exit_to_Brisbane,20,16,0.44,0
dl_1399,17,Gowrie_exit,17,15,0.44,0
dl_1399,18,Wyreema_exit,18,16,0.44,0
dl_1399,21,Gowrie_exit,22,19,0.44,0
dl_1400,8,,,,,
dl_1400,27,exit_to_Brisbane,27,21,0.44,0
dl_1400,26,Gowrie_exit,26,21,0.44,0
dl_1400,35,exit_to_Brisbane,35,28,0.44,0
dl_1400,24,exit_to_Brisbane,24,19,0.44,0
dl_1400,20,exit_to_Brisbane,20,16,0.44,0
dl_1400,22,Gowrie_exit,22,19,0.44,0
dl_1400,17,Gowrie_exit,17,15,0.44,0
dl_1400,18,Wyreema_exit,18,16,0.44,0
dl_1400,21,Gowrie_exit,22,19,0.44,0
dl_1401,4,,,,,
dl_1401,159,exit_to_Brisbane,159,119,0.44,0
dl_1401,158,exit_to_Brisbane,158,119,0.44,0
dl_1401,26,Gowrie_exit,26,21,0.44,0
dl_1401,25,exit_to_Brisbane,25,20,0.44,0
dl_1401,24,Wyreema_exit,24,20,0.44,0
dl_1402,7,,,,,
dl_1402,159,exit_to_Brisbane,159,119,0.44,0
dl_1402,158,exit_to_Brisbane,158,119,0.44,0
dl_1402,23,exit_to_Brisbane,23,17,0.44,0
dl_1402,22,Wyreema_exit,22,19,0.44,0
dl_1402,21,Wyreema_exit,22,19,0.44,0
dl_1402,20,Wyreema_exit,20,17,0.44,0
dl_1402,26,Gowrie_exit,26,21,0.44,0
dl_1402,25,exit_to_Brisbane,25,20,0.44,0
dl_1403,7,,,,,
dl_1403,159,exit_to_Brisbane,159,119,0.44,0
dl_1403,158,exit_to_Brisbane,158,119,0.44,0
dl_1403,24,exit_to_Brisbane,24,19,0.44,0
dl_1403,20,Wyreema_exit,20,17,0.44,0
dl_1403,22,Wyreema_exit,22,19,0.44,0
dl_1403,21,Wyreema_exit,22,19,0.44,0
dl_1403,26,Gowrie_exit,26,21,0.44,0
dl_1403,25,exit_to_Brisbane,25,20,0.44,0
dl_1404,4,,,,,
dl_1404,27,exit_to_Brisbane,27,21,0.44,0
dl_1404,26,Gowrie_exit,26,21,0.44,0
dl_1404,159,exit_to_Brisbane,159,119,0.44,0
dl_1404,158,exit_to_Brisbane,158,119,0.44,0
dl_1404,24,Wyreema_exit,24,20,0.44,0
dl_1405,7,,,,,
dl_1405,27,exit_to_Brisbane,27,21,0.44,0
dl_1405,26,Gowrie_exit,26,21,0.44,0
dl_1405,159,exit_to_Brisbane,159,119,0.44,0
dl_1405,158,exit_to_Brisbane,158,119,0.44,0
dl_1405,23,exit_to_Brisbane,23,17,0.44,0
dl_1405,22,Wyreema_exit,22,19,0.44,0
dl_1405,21,Wyreema_exit,22,19,0.44,0
dl_1405,20,Wyreema_exit,20,17,0.44,0
dl_1406,7,,,,,
dl_1406,27,exit_to_Brisbane,27,21,0.44,0
dl_1406,26,Gowrie_exit,26,21,0.44,0
dl_1406,159,exit_to_Brisbane,159,119,0.44,0
dl_1406,158,exit_to_Brisbane,158,119,0.44,0
dl_1406,24,exit_to_Brisbane,24,19,0.44,0
dl_1406,20,Wyreema_exit,20,17,0.44,0
dl_1406,22,Wyreema_exit,22,19,0.44,0
dl_1406,21,Wyreema_exit,22,19,0.44,0
dl_1407,6,,,,,
dl_1407,20,Wyreema_exit,20,17,0.44,0
dl_1407,23,exit_to_Brisbane,23,17,0.44,0
dl_1407,21,Gowrie_exit,22,19,0.44,0
dl_1407,24,Wyreema_exit,24,20,0.44,0
dl_1407,27,exit_to_Brisbane,27,21,0.44,0
dl_1407,25,exit_to_Brisbane,25,20,0.44,0
dl_1407,22,Gowrie_exit,22,19,0.44,0
dl_1408,5,,,,,
dl_1408,35,exit_to_Brisbane,35,28,0.44,0
dl_1408,26,exit_to_Brisbane,26,20,0.44,0
dl_1408,25,Gowrie_exit,25,21,0.44,0
dl_1408,23,Gowrie_exit,23,19,0.44,0
dl_1408,21,exit_to_Brisbane,21,17,0.44,0
dl_1408,20,Wyreema_exit,20,17,0.44,0
dl_1409,6,,,,,
dl_1409,24,exit_to_Brisbane,24,19,0.44,0
dl_1409,23,exit_to_Brisbane,23,17,0.44,0
dl_1409,22,Wyreema_exit,22,19,0.44,0
dl_1409,21,Wyreema_exit,22,19,0.44,0
dl_1409,19,Gowrie_exit,19,16,0.44,0
dl_1409,18,exit_to_Brisbane,18,15,0.44,0
dl_1409,17,Wyreema_exit,17,15,0.44,0
dl_1410,8,,,,,
dl_1410,27,exit_to_Brisbane,27,21,0.44,0
dl_1410,26,Gowrie_exit,26,21,0.44,0
dl_1410,25,exit_to_Brisbane,25,20,0.44,0
dl_1410,23,exit_to_Brisbane,23,17,0.44,0
dl_1410,22,Wyreema_exit,22,19,0.44,0
dl_1410,21,Wyreema_exit,22,19,0.44,0
dl_1410,19,Gowrie_exit,19,16,0.44,0
dl_1410,18,exit_to_Brisbane,18,15,0.44,0
dl_1410,17,Wyreema_exit,17,15,0.44,0
dl_1411,8,,,,,
dl_1411,27,exit_to_Brisbane,27,21,0.44,0
dl_1411,26,Gowrie_exit,26,21,0.44,0
dl_1411,25,exit_to_Brisbane,25,20,0.44,0
dl_1411,24,exit_to_Brisbane,24,19,0.44,0
dl_1411,19,Gowrie_exit,19,16,0.44,0
dl_1411,18,exit_to_Brisbane,18,15,0.44,0
dl_1411,17,Wyreema_exit,17,15,0.44,0
dl_1411,22,Wyreema_exit,22,19,0.44,0
dl_1411,21,Wyreema_exit,22,19,0.44,0
dl_1412,5,,,,,
dl_1412,27,exit_to_Brisbane,27,21,0.44,0
dl_1412,24,Wyreema_exit,24,20,0.44,0
dl_1412,25,Gowrie_exit,25,21,0.44,0
dl_1412,159,Gowrie_exit,159,120,0.44,0
dl_1412,158,exit_to_Brisbane,158,119,0.44,0
dl_1412,160,Wyreema_exit,160,120,0.44,0
dl_1413,5,,,,,
dl_1413,171,Wyreema_exit,171,132,0.44,0
dl_1413,172,Gowrie_exit,172,131,0.44,0
dl_1413,173,exit_to_Brisbane,173,132,0.44,0
dl_1413,159,Wyreema_exit,159,119,0.44,0
dl_1413,158,Gowrie_exit,158,120,0.44,0
dl_1413,160,exit_to_Brisbane,160,120,0.44,0
dl_1414,5,,,,,
dl_1414,157,Gowrie_exit,157,119,0.44,0
dl_1414,159,Wyreema_exit,159,119,0.44,0
dl_1414,171,Wyreema_exit,171,132,0.44,0
dl_1414,172,Gowrie_exit,172,131,0.44,0
dl_1414,173,exit_to_Brisbane,173,132,0.44,0
dl_1414,160,exit_to_Brisbane,160,120,0.44,0
dl_1415,5,,,,,
dl_1415,35,Gowrie_exit,35,29,0.44,0
dl_1415,159,Wyreema_exit,159,119,0.44,0
dl_1415,171,Wyreema_exit,171,132,0.44,0
dl_1415,172,Gowrie_exit,172,131,0.44,0
dl_1415,173,exit_to_Brisbane,173,132,0.44,0
dl_1415,160,exit_to_Brisbane,160,120,0.44,0
dl_1416,4,,,,,
dl_1416,159,Wyreema_exit,159,119,0.44,0
dl_1416,158,Wyreema_exit,158,119,0.44,0
dl_1416,171,Gowrie_exit,171,131,0.44,0
dl_1416,172,Wyreema_exit,172,132,0.44,0
dl_1416,173,Gowrie_exit,173,132,0.44,0
dl_1417,4,,,,,
dl_1417,170,Wyreema_exit,170,131,0.44,0
dl_1417,171,Gowrie_exit,171,131,0.44,0
dl_1417,159,Wyreema_exit,159,119,0.44,0
dl_1417,158,Wyreema_exit,158,119,0.44,0
dl_1417,173,Gowrie_exit,173,132,0.44,0
dl_1418,4,,,,,
dl_1418,188,Wyreema_exit,188,146,0.44,0
dl_1418,171,Gowrie_exit,171,131,0.44,0
dl_1418,35,Wyreema_exit,35,28,0.44,0
dl_1418,173,Gowrie_exit,173,132,0.44,0
dl_1418,189,Wyreema_exit,188,146,0.44,0
dl_1419,5,,,,,
dl_1419,188,Wyreema_exit,188,146,0.44,0
dl_1419,171,Gowrie_exit,171,131,0.44,0
dl_1419,159,Wyreema_exit,159,119,0.44,0
dl_1419,158,Wyreema_exit,158,119,0.44,0
dl_1419,173,Gowrie_exit,173,132,0.44,0
dl_1419,189,Wyreema_exit,188,146,0.44,0
dl_1420,6,,,,,
dl_1420,28,Gowrie_exit,28,23,0.44,0
dl_1420,159,Gowrie_exit,159,120,0.44,0
dl_1420,158,Wyreema_exit,158,119,0.44,0
dl_1420,160,exit_to_Brisbane,160,120,0.44,0
dl_1420,173,exit_to_Brisbane,173,132,0.44,0
dl_1420,171,Wyreema_exit,171,132,0.44,0
dl_1420,172,exit_to_Brisbane,172,131,0.44,0
dl_1421,6,,,,,
dl_1421,157,Gowrie_exit,157,119,0.44,0
dl_1421,160,exit_to_Brisbane,160,120,0.44,0
dl_1421,158,Wyreema_exit,158,119,0.44,0
dl_1421,28,Gowrie_exit,28,23,0.44,0
dl_1421,173,exit_to_Brisbane,173,132,0.44,0
dl_1421,171,Wyreema_exit,171,132,0.44,0
dl_1421,172,exit_to_Brisbane,172,131,0.44,0
dl_1422,6,,,,,
dl_1422,35,Gowrie_exit,35,29,0.44,0
dl_1422,160,exit_to_Brisbane,160,120,0.44,0
dl_1422,158,Wyreema_exit,158,119,0.44,0
dl_1422,28,Gowrie_exit,28,23,0.44,0
dl_1422,173,exit_to_Brisbane,173,132,0.44,0
dl_1422,171,Wyreema_exit,171,132,0.44,0
dl_1422,172,exit_to_Brisbane,172,131,0.44,0
dl_1423,9,,,,,
dl_1423,20,exit_to_Brisbane,20,16,0.44,0
dl_1423,19,Gowrie_exit,19,16,0.44,0
dl_1423,18,exit_to_Brisbane,18,15,0.44,0
dl_1423,218,Gowrie_exit,216,14,0.44,0
dl_1423,16,exit_to_Brisbane,16,13,0.44,0
dl_1423,216,Gowrie_exit,216,14,0.44,0
dl_1423,2,exit_to_Brisbane,2,3,0.44,0
dl_1423,1,Wyreema_exit,1,2,0.44,0
dl_1423,4,Wyreema_exit,4,3,0.44,0
dl_1423,3,Wyreema_exit,1,2,0.44,0
dl_1424,9,,,,,
dl_1424,20,exit_to_Brisbane,20,16,0.44,0
dl_1424,19,Gowrie_exit,19,16,0.44,0
dl_1424,18,exit_to_Brisbane,18,15,0.44,0
dl_1424,15,exit_to_Brisbane,15,2,0.44,0
dl_1424,4,Wyreema_exit,4,3,0.44,0
dl_1424,1,Wyreema_exit,1,2,0.44,0
dl_1424,218,Gowrie_exit,216,14,0.44,0
dl_1424,16,exit_to_Brisbane,16,13,0.44,0
dl_1424,216,Gowrie_exit,216,14,0.44,0
dl_1424,3,Wyreema_exit,1,2,0.44,0
dl_1425,3,,,,,
dl_1425,170,Wyreema_exit,170,131,0.44,0
dl_1425,171,exit_to_Brisbane,171,131,0.44,0
dl_1425,188,Wyreema_exit,188,146,0.44,0
dl_1425,173,Gowrie_exit,173,132,0.44,0
dl_1426,4,,,,,
dl_1426,170,Wyreema_exit,170,131,0.44,0
dl_1426,171,exit_to_Brisbane,171,131,0.44,0
dl_1426,35,Wyreema_exit,35,28,0.44,0
dl_1426,28,Gowrie_exit,28,23,0.44,0
dl_1426,173,Gowrie_exit,173,132,0.44,0
dl_1427,4,,,,,
dl_1427,157,Gowrie_exit,157,119,0.44,0
dl_1427,160,Wyreema_exit,160,120,0.44,0
dl_1427,158,exit_to_Brisbane,158,119,0.44,0
dl_1427,26,Gowrie_exit,26,21,0.44,0
dl_1427,25,Gowrie_exit,25,21,0.44,0
dl_1428,5,,,,,
dl_1428,27,exit_to_Brisbane,27,21,0.44,0
dl_1428,26,Gowrie_exit,26,21,0.44,0
dl_1428,25,exit_to_Brisbane,25,20,0.44,0
dl_1428,23,Wyreema_exit,23,19,0.44,0
dl_1428,21,exit_to_Brisbane,21,17,0.44,0
dl_1428,20,Wyreema_exit,20,17,0.44,0
dl_1429,5,,,,,
dl_1429,27,exit_to_Brisbane,27,21,0.44,0
dl_1429,26,Gowrie_exit,26,21,0.44,0
dl_1429,25,exit_to_Brisbane,25,20,0.44,0
dl_1429,24,exit_to_Brisbane,24,19,0.44,0
dl_1429,23,Wyreema_exit,23,19,0.44,0
dl_1429,20,Wyreema_exit,20,17,0.44,0
dl_1430,7,,,,,
dl_1430,31,Gowrie_exit,31,26,0.44,0
dl_1430,160,exit_to_Brisbane,160,120,0.44,0
dl_1430,158,Wyreema_exit,158,119,0.44,0
dl_1430,173,Gowrie_exit,173,132,0.44,0
dl_1430,171,Wyreema_exit,171,132,0.44,0
dl_1430,172,Gowrie_exit,172,131,0.44,0
dl_1430,188,Gowrie_exit,31,26,0.44,0
dl_1430,28,Gowrie_exit,28,23,0.44,0
dl_1431,8,,,,,
dl_1431,27,exit_to_Brisbane,27,21,0.44,0
dl_1431,26,exit_to_Brisbane,26,20,0.44,0
dl_1431,25,Gowrie_exit,25,21,0.44,0
dl_1431,23,exit_to_Brisbane,23,17,0.44,0
dl_1431,22,Gowrie_exit,22,19,0.44,0
dl_1431,21,Gowrie_exit,22,19,0.44,0
dl_1431,19,exit_to_Brisbane,19,15,0.44,0
dl_1431,18,Gowrie_exit,18,16,0.44,0
dl_1431,17,Gowrie_exit,17,15,0.44,0
dl_1432,8,,,,,
dl_1432,35,exit_to_Brisbane,35,28,0.44,0
dl_1432,26,exit_to_Brisbane,26,20,0.44,0
dl_1432,25,Gowrie_exit,25,21,0.44,0
dl_1432,23,exit_to_Brisbane,23,17,0.44,0
dl_1432,22,Gowrie_exit,22,19,0.44,0
dl_1432,21,Gowrie_exit,22,19,0.44,0
dl_1432,19,exit_to_Brisbane,19,15,0.44,0
dl_1432,18,Gowrie_exit,18,16,0.44,0
dl_1432,17,Gowrie_exit,17,15,0.44,0
dl_1433,8,,,,,
dl_1433,27,exit_to_Brisbane,27,21,0.44,0
dl_1433,26,exit_to_Brisbane,26,20,0.44,0
dl_1433,25,Gowrie_exit,25,21,0.44,0
dl_1433,24,exit_to_Brisbane,24,19,0.44,0
dl_1433,19,exit_to_Brisbane,19,15,0.44,0
dl_1433,18,Gowrie_exit,18,16,0.44,0
dl_1433,17,Gowrie_exit,17,15,0.44,0
dl_1433,22,Gowrie_exit,22,19,0.44,0
dl_1433,21,Gowrie_exit,22,19,0.44,0
dl_1434,8,,,,,
dl_1434,35,exit_to_Brisbane,35,28,0.44,0
dl_1434,26,exit_to_Brisbane,26,20,0.44,0
dl_1434,25,Gowrie_exit,25,21,0.44,0
dl_1434,24,exit_to_Brisbane,24,19,0.44,0
dl_1434,19,exit_to_Brisbane,19,15,0.44,0
dl_1434,18,Gowrie_exit,18,16,0.44,0
dl_1434,17,Gowrie_exit,17,15,0.44,0
dl_1434,22,Gowrie_exit,22,19,0.44,0
dl_1434,21,Gowrie_exit,22,19,0.44,0
dl_1435,8,,,,,
dl_1435,27,exit_to_Brisbane,27,21,0.44,0
dl_1435,23,exit_to_Brisbane,23,17,0.44,0
dl_1435,22,Gowrie_exit,22,19,0.44,0
dl_1435,21,Gowrie_exit,22,19,0.44,0
dl_1435,19,exit_to_Brisbane,19,15,0.44,0
dl_1435,18,Gowrie_exit,18,16,0.44,0
dl_1435,17,Gowrie_exit,17,15,0.44,0
dl_1435,25,Gowrie_exit,25,21,0.44,0
dl_1435,35,exit_to_Brisbane,35,28,0.44,0
dl_1436,8,,,,,
dl_1436,27,exit_to_Brisbane,27,21,0.44,0
dl_1436,24,exit_to_Brisbane,24,19,0.44,0
dl_1436,25,Gowrie_exit,25,21,0.44,0
dl_1436,35,exit_to_Brisbane,35,28,0.44,0
dl_1436,19,exit_to_Brisbane,19,15,0.44,0
dl_1436,18,Gowrie_exit,18,16,0.44,0
dl_1436,17,Gowrie_exit,17,15,0.44,0
dl_1436,22,Gowrie_exit,22,19,0.44,0
dl_1436,21,Gowrie_exit,22,19,0.44,0
dl_1437,8,,,,,
dl_1437,159,Gowrie_exit,159,120,0.44,0
dl_1437,158,exit_to_Brisbane,158,119,0.44,0
dl_1437,160,Wyreema_exit,160,120,0.44,0
dl_1437,26,exit_to_Brisbane,26,20,0.44,0
dl_1437,25,Gowrie_exit,25,21,0.44,0
dl_1437,20,Gowrie_exit,20,17,0.44,0
dl_1437,23,exit_to_Brisbane,23,17,0.44,0
dl_1437,21,Gowrie_exit,22,19,0.44,0
dl_1437,22,Gowrie_exit,22,19,0.44,0
dl_1438,8,,,,,
dl_1438,157,Gowrie_exit,157,119,0.44,0
dl_1438,160,Wyreema_exit,160,120,0.44,0
dl_1438,158,exit_to_Brisbane,158,119,0.44,0
dl_1438,26,exit_to_Brisbane,26,20,0.44,0
dl_1438,25,Gowrie_exit,25,21,0.44,0
dl_1438,20,Gowrie_exit,20,17,0.44,0
dl_1438,23,exit_to_Brisbane,23,17,0.44,0
dl_1438,21,Gowrie_exit,22,19,0.44,0
dl_1438,22,Gowrie_exit,22,19,0.44,0
dl_1439,8,,,,,
dl_1439,159,Gowrie_exit,159,120,0.44,0
dl_1439,158,exit_to_Brisbane,158,119,0.44,0
dl_1439,160,Wyreema_exit,160,120,0.44,0
dl_1439,26,exit_to_Brisbane,26,20,0.44,0
dl_1439,25,Gowrie_exit,25,21,0.44,0
dl_1439,24,exit_to_Brisbane,24,19,0.44,0
dl_1439,20,Gowrie_exit,20,17,0.44,0
dl_1439,22,Gowrie_exit,22,19,0.44,0
dl_1439,21,Gowrie_exit,22,19,0.44,0
dl_1440,8,,,,,
dl_1440,157,Gowrie_exit,157,119,0.44,0
dl_1440,160,Wyreema_exit,160,120,0.44,0
dl_1440,158,exit_to_Brisbane,158,119,0.44,0
dl_1440,26,exit_to_Brisbane,26,20,0.44,0
dl_1440,25,Gowrie_exit,25,21,0.44,0
dl_1440,24,exit_to_Brisbane,24,19,0.44,0
dl_1440,20,Gowrie_exit,20,17,0.44,0
dl_1440,22,Gowrie_exit,22,19,0.44,0
dl_1440,21,Gowrie_exit,22,19,0.44,0
dl_1441,10,,,,,
dl_1441,159,Gowrie_exit,159,120,0.44,0
dl_1441,158,exit_to_Brisbane,158,119,0.44,0
dl_1441,160,Wyreema_exit,160,120,0.44,0
dl_1441,26,exit_to_Brisbane,26,20,0.44,0
dl_1441,25,Gowrie_exit,25,21,0.44,0
dl_1441,23,exit_to_Brisbane,23,17,0.44,0
dl_1441,22,Gowrie_exit,22,19,0.44,0
dl_1441,21,Gowrie_exit,22,19,0.44,0
dl_1441,19,exit_to_Brisbane,19,15,0.44,0
dl_1441,18,Gowrie_exit,18,16,0.44,0
dl_1441,17,Gowrie_exit,17,15,0.44,0
dl_1442,10,,,,,
dl_1442,157,Gowrie_exit,157,119,0.44,0
dl_1442,160,Wyreema_exit,160,120,0.44,0
dl_1442,158,exit_to_Brisbane,158,119,0.44,0
dl_1442,26,exit_to_Brisbane,26,20,0.44,0
dl_1442,25,Gowrie_exit,25,21,0.44,0
dl_1442,23,exit_to_Brisbane,23,17,0.44,0
dl_1442,22,Gowrie_exit,22,19,0.44,0
dl_1442,21,Gowrie_exit,22,19,0.44,0
dl_1442,19,exit_to_Brisbane,19,15,0.44,0
dl_1442,18,Gowrie_exit,18,16,0.44,0
dl_1442,17,Gowrie_exit,17,15,0.44,0
dl_1443,10,,,,,
dl_1443,159,Gowrie_exit,159,120,0.44,0
dl_1443,158,exit_to_Brisbane,158,119,0.44,0
dl_1443,160,Wyreema_exit,160,120,0.44,0
dl_1443,26,exit_to_Brisbane,26,20,0.44,0
dl_1443,25,Gowrie_exit,25,21,0.44,0
dl_1443,24,exit_to_Brisbane,24,19,0.44,0
dl_1443,19,exit_to_Brisbane,19,15,0.44,0
dl_1443,18,Gowrie_exit,18,16,0.44,0
dl_1443,17,Gowrie_exit,17,15,0.44,0
dl_1443,22,Gowrie_exit,22,19,0.44,0
dl_1443,21,Gowrie_exit,22,19,0.44,0
dl_1444,10,,,,,
dl_1444,157,Gowrie_exit,157,119,0.44,0
dl_1444,160,Wyreema_exit,160,120,0.44,0
dl_1444,158,exit_to_Brisbane,158,119,0.44,0
dl_1444,26,exit_to_Brisbane,26,20,0.44,0
dl_1444,25,Gowrie_exit,25,21,0.44,0
dl_1444,24,exit_to_Brisbane,24,19,0.44,0
dl_1444,19,exit_to_Brisbane,19,15,0.44,0
dl_1444,18,Gowrie_exit,18,16,0.44,0
dl_1444,17,Gowrie_exit,17,15,0.44,0
dl_1444,22,Gowrie_exit,22,19,0.44,0
dl_1444,21,Gowrie_exit,22,19,0.44,0
dl_1445,8,,,,,
dl_1445,35,Gowrie_exit,35,29,0.44,0
dl_1445,160,Wyreema_exit,160,120,0.44,0
dl_1445,158,exit_to_Brisbane,158,119,0.44,0
dl_1445,26,exit_to_Brisbane,26,20,0.44,0
dl_1445,25,Gowrie_exit,25,21,0.44,0
dl_1445,20,Gowrie_exit,20,17,0.44,0
dl_1445,23,exit_to_Brisbane,23,17,0.44,0
dl_1445,21,Gowrie_exit,22,19,0.44,0
dl_1445,22,Gowrie_exit,22,19,0.44,0
dl_1446,8,,,,,
dl_1446,35,Gowrie_exit,35,29,0.44,0
dl_1446,160,Wyreema_exit,160,120,0.44,0
dl_1446,158,exit_to_Brisbane,158,119,0.44,0
dl_1446,26,exit_to_Brisbane,26,20,0.44,0
dl_1446,25,Gowrie_exit,25,21,0.44,0
dl_1446,24,exit_to_Brisbane,24,19,0.44,0
dl_1446,20,Gowrie_exit,20,17,0.44,0
dl_1446,22,Gowrie_exit,22,19,0.44,0
dl_1446,21,Gowrie_exit,22,19,0.44,0
dl_1447,10,,,,,
dl_1447,35,Gowrie_exit,35,29,0.44,0
dl_1447,160,Wyreema_exit,160,120,0.44,0
dl_1447,158,exit_to_Brisbane,158,119,0.44,0
dl_1447,26,exit_to_Brisbane,26,20,0.44,0
dl_1447,25,Gowrie_exit,25,21,0.44,0
dl_1447,23,exit_to_Brisbane,23,17,0.44,0
dl_1447,22,Gowrie_exit,22,19,0.44,0
dl_1447,21,Gowrie_exit,22,19,0.44,0
dl_1447,19,exit_to_Brisbane,19,15,0.44,0
dl_1447,18,Gowrie_exit,18,16,0.44,0
dl_1447,17,Gowrie_exit,17,15,0.44,0
dl_1448,10,,,,,
dl_1448,35,Gowrie_exit,35,29,0.44,0
dl_1448,160,Wyreema_exit,160,120,0.44,0
dl_1448,158,exit_to_Brisbane,158,119,0.44,0
dl_1448,26,exit_to_Brisbane,26,20,0.44,0
dl_1448,25,Gowrie_exit,25,21,0.44,0
dl_1448,24,exit_to_Brisbane,24,19,0.44,0
dl_1448,19,exit_to_Brisbane,19,15,0.44,0
dl_1448,18,Gowrie_exit,18,16,0.44,0
dl_1448,17,Gowrie_exit,17,15,0.44,0
dl_1448,22,Gowrie_exit,22,19,0.44,0
dl_1448,21,Gowrie_exit,22,19,0.44,0
dl_1449,8,,,,,
dl_1449,27,exit_to_Brisbane,27,21,0.44,0
dl_1449,25,Gowrie_exit,25,21,0.44,0
dl_1449,20,Gowrie_exit,20,17,0.44,0
dl_1449,23,exit_to_Brisbane,23,17,0.44,0
dl_1449,21,Gowrie_exit,22,19,0.44,0
dl_1449,22,Gowrie_exit,22,19,0.44,0
dl_1449,159,Gowrie_exit,159,120,0.44,0
dl_1449,158,exit_to_Brisbane,158,119,0.44,0
dl_1449,160,Wyreema_exit,160,120,0.44,0
dl_1450,8,,,,,
dl_1450,24,exit_to_Brisbane,24,19,0.44,0
dl_1450,20,Gowrie_exit,20,17,0.44,0
dl_1450,22,Gowrie_exit,22,19,0.44,0
dl_1450,27,exit_to_Brisbane,27,21,0.44,0
dl_1450,25,Gowrie_exit,25,21,0.44,0
dl_1450,21,Gowrie_exit,22,19,0.44,0
dl_1450,159,Gowrie_exit,159,120,0.44,0
dl_1450,158,exit_to_Brisbane,158,119,0.44,0
dl_1450,160,Wyreema_exit,160,120,0.44,0
dl_1451,5,,,,,
dl_1451,170,Wyreema_exit,170,131,0.44,0
dl_1451,173,exit_to_Brisbane,173,132,0.44,0
dl_1451,172,Gowrie_exit,172,131,0.44,0
dl_1451,159,Wyreema_exit,159,119,0.44,0
dl_1451,158,Gowrie_exit,158,120,0.44,0
dl_1451,160,exit_to_Brisbane,160,120,0.44,0
dl_1452,6,,,,,
dl_1452,188,Wyreema_exit,188,146,0.44,0
dl_1452,173,exit_to_Brisbane,173,132,0.44,0
dl_1452,172,Gowrie_exit,172,131,0.44,0
dl_1452,159,Wyreema_exit,159,119,0.44,0
dl_1452,158,Gowrie_exit,158,120,0.44,0
dl_1452,160,exit_to_Brisbane,160,120,0.44,0
dl_1452,189,Wyreema_exit,188,146,0.44,0
dl_1453,6,,,,,
dl_1453,35,Wyreema_exit,35,28,0.44,0
dl_1453,173,exit_to_Brisbane,173,132,0.44,0
dl_1453,172,Gowrie_exit,172,131,0.44,0
dl_1453,159,Wyreema_exit,159,119,0.44,0
dl_1453,158,Gowrie_exit,158,120,0.44,0
dl_1453,160,exit_to_Brisbane,160,120,0.44,0
dl_1453,28,Gowrie_exit,28,23,0.44,0
dl_1454,5,,,,,
dl_1454,27,exit_to_Brisbane,27,21,0.44,0
dl_1454,24,Gowrie_exit,24,20,0.44,0
dl_1454,25,Gowrie_exit,25,21,0.44,0
dl_1454,159,Gowrie_exit,159,120,0.44,0
dl_1454,158,exit_to_Brisbane,158,119,0.44,0
dl_1454,160,exit_to_Brisbane,160,120,0.44,0
dl_1455,3,,,,,
dl_1455,15,exit_to_Brisbane,15,2,0.44,0
dl_1455,2,Gowrie_exit,2,2,0.44,0
dl_1455,3,exit_to_Brisbane,3,3,0.44,0
dl_1455,4,Gowrie_exit,4,3,0.44,0
dl_1456,6,,,,,
dl_1456,17,exit_to_Brisbane,17,14,0.44,0
dl_1456,216,Wyreema_exit,216,14,0.44,0
dl_1456,16,exit_to_Brisbane,16,13,0.44,0
dl_1456,218,Wyreema_exit,216,14,0.44,0
dl_1456,2,Gowrie_exit,2,2,0.44,0
dl_1456,3,exit_to_Brisbane,3,3,0.44,0
dl_1456,4,Gowrie_exit,4,3,0.44,0
dl_1457,6,,,,,
dl_1457,15,exit_to_Brisbane,15,2,0.44,0
dl_1457,2,Gowrie_exit,2,2,0.44,0
dl_1457,17,exit_to_Brisbane,17,14,0.44,0
dl_1457,216,Wyreema_exit,216,14,0.44,0
dl_1457,16,exit_to_Brisbane,16,13,0.44,0
dl_1457,218,Wyreema_exit,216,14,0.44,0
dl_1457,4,Gowrie_exit,4,3,0.44,0
dl_1458,5,,,,,
dl_1458,159,Wyreema_exit,159,119,0.44,0
dl_1458,158,Gowrie_exit,158,120,0.44,0
dl_1458,160,exit_to_Brisbane,160,120,0.44,0
dl_1458,173,Gowrie_exit,173,132,0.44,0
dl_1458,171,Wyreema_exit,171,132,0.44,0
dl_1458,172,Gowrie_exit,172,131,0.44,0
dl_1459,5,,,,,
dl_1459,157,Gowrie_exit,157,119,0.44,0
dl_1459,159,Wyreema_exit,159,119,0.44,0
dl_1459,160,exit_to_Brisbane,160,120,0.44,0
dl_1459,173,Gowrie_exit,173,132,0.44,0
dl_1459,171,Wyreema_exit,171,132,0.44,0
dl_1459,172,Gowrie_exit,172,131,0.44,0
dl_1460,5,,,,,
dl_1460,35,Gowrie_exit,35,29,0.44,0
dl_1460,159,Wyreema_exit,159,119,0.44,0
dl_1460,160,exit_to_Brisbane,160,120,0.44,0
dl_1460,173,Gowrie_exit,173,132,0.44,0
dl_1460,171,Wyreema_exit,171,132,0.44,0
dl_1460,172,Gowrie_exit,172,131,0.44,0
dl_1461,5,,,,,
dl_1461,160,exit_to_Brisbane,160,120,0.44,0
dl_1461,159,Gowrie_exit,159,120,0.44,0
dl_1461,158,exit_to_Brisbane,158,119,0.44,0
dl_1461,35,exit_to_Brisbane,35,28,0.44,0
dl_1461,24,Gowrie_exit,24,20,0.44,0
dl_1461,25,Gowrie_exit,25,21,0.44,0
dl_1462,4,,,,,
dl_1462,27,exit_to_Brisbane,27,21,0.44,0
dl_1462,26,exit_to_Brisbane,26,20,0.44,0
dl_1462,25,Gowrie_exit,25,21,0.44,0
dl_1462,23,Wyreema_exit,23,19,0.44,0
dl_1462,22,Gowrie_exit,22,19,0.44,0
dl_1463,4,,,,,
dl_1463,35,exit_to_Brisbane,35,28,0.44,0
dl_1463,26,exit_to_Brisbane,26,20,0.44,0
dl_1463,25,Gowrie_exit,25,21,0.44,0
dl_1463,23,Wyreema_exit,23,19,0.44,0
dl_1463,22,Gowrie_exit,22,19,0.44,0
dl_1464,4,,,,,
dl_1464,27,exit_to_Brisbane,27,21,0.44,0
dl_1464,23,Wyreema_exit,23,19,0.44,0
dl_1464,22,Gowrie_exit,22,19,0.44,0
dl_1464,25,Gowrie_exit,25,21,0.44,0
dl_1464,35,exit_to_Brisbane,35,28,0.44,0
dl_1465,6,,,,,
dl_1465,160,exit_to_Brisbane,160,120,0.44,0
dl_1465,159,Gowrie_exit,159,120,0.44,0
dl_1465,158,exit_to_Brisbane,158,119,0.44,0
dl_1465,26,exit_to_Brisbane,26,20,0.44,0
dl_1465,25,Gowrie_exit,25,21,0.44,0
dl_1465,23,Wyreema_exit,23,19,0.44,0
dl_1465,22,Gowrie_exit,22,19,0.44,0
dl_1466,6,,,,,
dl_1466,160,exit_to_Brisbane,160,120,0.44,0
dl_1466,159,Gowrie_exit,159,120,0.44,0
dl_1466,158,exit_to_Brisbane,158,119,0.44,0
dl_1466,27,exit_to_Brisbane,27,21,0.44,0
dl_1466,23,Wyreema_exit,23,19,0.44,0
dl_1466,22,Gowrie_exit,22,19,0.44,0
dl_1466,25,Gowrie_exit,25,21,0.44,0
dl_1467,8,,,,,
dl_1467,27,exit_to_Brisbane,27,21,0.44,0
dl_1467,26,exit_to_Brisbane,26,20,0.44,0
dl_1467,25,Gowrie_exit,25,21,0.44,0
dl_1467,23,exit_to_Brisbane,23,17,0.44,0
dl_1467,22,Wyreema_exit,22,19,0.44,0
dl_1467,21,Wyreema_exit,22,19,0.44,0
dl_1467,19,exit_to_Brisbane,19,15,0.44,0
dl_1467,18,Wyreema_exit,18,16,0.44,0
dl_1467,17,Gowrie_exit,17,15,0.44,0
dl_1468,8,,,,,
dl_1468,24,exit_to_Brisbane,24,19,0.44,0
dl_1468,19,exit_to_Brisbane,19,15,0.44,0
dl_1468,18,Wyreema_exit,18,16,0.44,0
dl_1468,17,Gowrie_exit,17,15,0.44,0
dl_1468,22,Wyreema_exit,22,19,0.44,0
dl_1468,27,exit_to_Brisbane,27,21,0.44,0
dl_1468,26,exit_to_Brisbane,26,20,0.44,0
dl_1468,25,Gowrie_exit,25,21,0.44,0
dl_1468,21,Wyreema_exit,22,19,0.44,0
dl_1469,8,,,,,
dl_1469,35,exit_to_Brisbane,35,28,0.44,0
dl_1469,26,exit_to_Brisbane,26,20,0.44,0
dl_1469,25,Gowrie_exit,25,21,0.44,0
dl_1469,23,exit_to_Brisbane,23,17,0.44,0
dl_1469,22,Wyreema_exit,22,19,0.44,0
dl_1469,21,Wyreema_exit,22,19,0.44,0
dl_1469,19,exit_to_Brisbane,19,15,0.44,0
dl_1469,18,Wyreema_exit,18,16,0.44,0
dl_1469,17,Gowrie_exit,17,15,0.44,0
dl_1470,8,,,,,
dl_1470,24,exit_to_Brisbane,24,19,0.44,0
dl_1470,19,exit_to_Brisbane,19,15,0.44,0
dl_1470,18,Wyreema_exit,18,16,0.44,0
dl_1470,17,Gowrie_exit,17,15,0.44,0
dl_1470,22,Wyreema_exit,22,19,0.44,0
dl_1470,35,exit_to_Brisbane,35,28,0.44,0
dl_1470,26,exit_to_Brisbane,26,20,0.44,0
dl_1470,25,Gowrie_exit,25,21,0.44,0
dl_1470,21,Wyreema_exit,22,19,0.44,0
dl_1471,8,,,,,
dl_1471,27,exit_to_Brisbane,27,21,0.44,0
dl_1471,25,Gowrie_exit,25,21,0.44,0
dl_1471,35,exit_to_Brisbane,35,28,0.44,0
dl_1471,23,exit_to_Brisbane,23,17,0.44,0
dl_1471,22,Wyreema_exit,22,19,0.44,0
dl_1471,21,Wyreema_exit,22,19,0.44,0
dl_1471,19,exit_to_Brisbane,19,15,0.44,0
dl_1471,18,Wyreema_exit,18,16,0.44,0
dl_1471,17,Gowrie_exit,17,15,0.44,0
dl_1472,8,,,,,
dl_1472,24,exit_to_Brisbane,24,19,0.44,0
dl_1472,19,exit_to_Brisbane,19,15,0.44,0
dl_1472,18,Wyreema_exit,18,16,0.44,0
dl_1472,17,Gowrie_exit,17,15,0.44,0
dl_1472,22,Wyreema_exit,22,19,0.44,0
dl_1472,27,exit_to_Brisbane,27,21,0.44,0
dl_1472,25,Gowrie_exit,25,21,0.44,0
dl_1472,35,exit_to_Brisbane,35,28,0.44,0
dl_1472,21,Wyreema_exit,22,19,0.44,0
dl_1473,4,,,,,
dl_1473,23,Wyreema_exit,23,19,0.44,0
dl_1473,22,Wyreema_exit,22,19,0.44,0
dl_1473,27,exit_to_Brisbane,27,21,0.44,0
dl_1473,26,exit_to_Brisbane,26,20,0.44,0
dl_1473,25,Gowrie_exit,25,21,0.44,0
dl_1474,6,,,,,
dl_1474,20,Wyreema_exit,20,17,0.44,0
dl_1474,22,Wyreema_exit,22,19,0.44,0
dl_1474,27,exit_to_Brisbane,27,21,0.44,0
dl_1474,25,Gowrie_exit,25,21,0.44,0
dl_1474,35,exit_to_Brisbane,35,28,0.44,0
dl_1474,21,Wyreema_exit,22,19,0.44,0
dl_1474,26,exit_to_Brisbane,26,20,0.44,0
dl_1475,8,,,,,
dl_1475,19,exit_to_Brisbane,19,15,0.44,0
dl_1475,18,Wyreema_exit,18,16,0.44,0
dl_1475,17,Gowrie_exit,17,15,0.44,0
dl_1475,22,Wyreema_exit,22,19,0.44,0
dl_1475,27,exit_to_Brisbane,27,21,0.44,0
dl_1475,25,Gowrie_exit,25,21,0.44,0
dl_1475,35,exit_to_Brisbane,35,28,0.44,0
dl_1475,21,Wyreema_exit,22,19,0.44,0
dl_1475,26,exit_to_Brisbane,26,20,0.44,0
dl_1476,8,,,,,
dl_1476,27,exit_to_Brisbane,27,21,0.44,0
dl_1476,26,exit_to_Brisbane,26,20,0.44,0
dl_1476,25,Gowrie_exit,25,21,0.44,0
dl_1476,23,exit_to_Brisbane,23,17,0.44,0
dl_1476,22,Wyreema_exit,22,19,0.44,0
dl_1476,20,exit_to_Brisbane,20,16,0.44,0
dl_1476,17,Gowrie_exit,17,15,0.44,0
dl_1476,18,Wyreema_exit,18,16,0.44,0
dl_1476,21,Wyreema_exit,22,19,0.44,0
dl_1477,8,,,,,
dl_1477,24,exit_to_Brisbane,24,19,0.44,0
dl_1477,20,exit_to_Brisbane,20,16,0.44,0
dl_1477,22,Wyreema_exit,22,19,0.44,0
dl_1477,27,exit_to_Brisbane,27,21,0.44,0
dl_1477,26,exit_to_Brisbane,26,20,0.44,0
dl_1477,25,Gowrie_exit,25,21,0.44,0
dl_1477,17,Gowrie_exit,17,15,0.44,0
dl_1477,18,Wyreema_exit,18,16,0.44,0
dl_1477,21,Wyreema_exit,22,19,0.44,0
dl_1478,8,,,,,
dl_1478,35,exit_to_Brisbane,35,28,0.44,0
dl_1478,26,exit_to_Brisbane,26,20,0.44,0
dl_1478,25,Gowrie_exit,25,21,0.44,0
dl_1478,23,exit_to_Brisbane,23,17,0.44,0
dl_1478,22,Wyreema_exit,22,19,0.44,0
dl_1478,20,exit_to_Brisbane,20,16,0.44,0
dl_1478,17,Gowrie_exit,17,15,0.44,0
dl_1478,18,Wyreema_exit,18,16,0.44,0
dl_1478,21,Wyreema_exit,22,19,0.44,0
dl_1479,8,,,,,
dl_1479,24,exit_to_Brisbane,24,19,0.44,0
dl_1479,20,exit_to_Brisbane,20,16,0.44,0
dl_1479,22,Wyreema_exit,22,19,0.44,0
dl_1479,35,exit_to_Brisbane,35,28,0.44,0
dl_1479,26,exit_to_Brisbane,26,20,0.44,0
dl_1479,25,Gowrie_exit,25,21,0.44,0
dl_1479,17,Gowrie_exit,17,15,0.44,0
dl_1479,18,Wyreema_exit,18,16,0.44,0
dl_1479,21,Wyreema_exit,22,19,0.44,0
dl_1480,8,,,,,
dl_1480,27,exit_to_Brisbane,27,21,0.44,0
dl_1480,25,Gowrie_exit,25,21,0.44,0
dl_1480,35,exit_to_Brisbane,35,28,0.44,0
dl_1480,23,exit_to_Brisbane,23,17,0.44,0
dl_1480,22,Wyreema_exit,22,19,0.44,0
dl_1480,20,exit_to_Brisbane,20,16,0.44,0
dl_1480,17,Gowrie_exit,17,15,0.44,0
dl_1480,18,Wyreema_exit,18,16,0.44,0
dl_1480,21,Wyreema_exit,22,19,0.44,0
dl_1481,8,,,,,
dl_1481,24,exit_to_Brisbane,24,19,0.44,0
dl_1481,20,exit_to_Brisbane,20,16,0.44,0
dl_1481,22,Wyreema_exit,22,19,0.44,0
dl_1481,27,exit_to_Brisbane,27,21,0.44,0
dl_1481,25,Gowrie_exit,25,21,0.44,0
dl_1481,35,exit_to_Brisbane,35,28,0.44,0
dl_1481,17,Gowrie_exit,17,15,0.44,0
dl_1481,18,Wyreema_exit,18,16,0.44,0
dl_1481,21,Wyreema_exit,22,19,0.44,0
dl_1482,8,,,,,
dl_1482,20,exit_to_Brisbane,20,16,0.44,0
dl_1482,22,Wyreema_exit,22,19,0.44,0
dl_1482,27,exit_to_Brisbane,27,21,0.44,0
dl_1482,25,Gowrie_exit,25,21,0.44,0
dl_1482,35,exit_to_Brisbane,35,28,0.44,0
dl_1482,17,Gowrie_exit,17,15,0.44,0
dl_1482,18,Wyreema_exit,18,16,0.44,0
dl_1482,21,Wyreema_exit,22,19,0.44,0
dl_1482,26,exit_to_Brisbane,26,20,0.44,0
dl_1483,5,,,,,
dl_1483,24,exit_to_Brisbane,24,19,0.44,0
dl_1483,23,Gowrie_exit,23,19,0.44,0
dl_1483,21,exit_to_Brisbane,21,17,0.44,0
dl_1483,19,Gowrie_exit,19,16,0.44,0
dl_1483,18,exit_to_Brisbane,18,15,0.44,0
dl_1483,17,Wyreema_exit,17,15,0.44,0
dl_1484,7,,,,,
dl_1484,27,exit_to_Brisbane,27,21,0.44,0
dl_1484,26,exit_to_Brisbane,26,20,0.44,0
dl_1484,25,Gowrie_exit,25,21,0.44,0
dl_1484,23,Gowrie_exit,23,19,0.44,0
dl_1484,21,exit_to_Brisbane,21,17,0.44,0
dl_1484,19,Gowrie_exit,19,16,0.44,0
dl_1484,18,exit_to_Brisbane,18,15,0.44,0
dl_1484,17,Wyreema_exit,17,15,0.44,0
dl_1485,7,,,,,
dl_1485,27,exit_to_Brisbane,27,21,0.44,0
dl_1485,26,exit_to_Brisbane,26,20,0.44,0
dl_1485,25,Gowrie_exit,25,21,0.44,0
dl_1485,24,exit_to_Brisbane,24,19,0.44,0
dl_1485,23,Gowrie_exit,23,19,0.44,0
dl_1485,19,Gowrie_exit,19,16,0.44,0
dl_1485,18,exit_to_Brisbane,18,15,0.44,0
dl_1485,17,Wyreema_exit,17,15,0.44,0
dl_1486,6,,,,,
dl_1486,218,Wyreema_exit,216,14,0.44,0
dl_1486,16,exit_to_Brisbane,16,13,0.44,0
dl_1486,17,exit_to_Brisbane,17,14,0.44,0
dl_1486,216,Wyreema_exit,216,14,0.44,0
dl_1486,2,Wyreema_exit,2,2,0.44,0
dl_1486,3,exit_to_Brisbane,3,3,0.44,0
dl_1486,4,Wyreema_exit,4,3,0.44,0
dl_1487,6,,,,,
dl_1487,15,exit_to_Brisbane,15,2,0.44,0
dl_1487,2,Wyreema_exit,2,2,0.44,0
dl_1487,218,Wyreema_exit,216,14,0.44,0
dl_1487,16,exit_to_Brisbane,16,13,0.44,0
dl_1487,17,exit_to_Brisbane,17,14,0.44,0
dl_1487,216,Wyreema_exit,216,14,0.44,0
dl_1487,4,Wyreema_exit,4,3,0.44,0
dl_1488,5,,,,,
dl_1488,157,Gowrie_exit,157,119,0.44,0
dl_1488,160,exit_to_Brisbane,160,120,0.44,0
dl_1488,158,exit_to_Brisbane,158,119,0.44,0
dl_1488,26,Gowrie_exit,26,21,0.44,0
dl_1488,25,exit_to_Brisbane,25,20,0.44,0
dl_1488,24,Wyreema_exit,24,20,0.44,0
dl_1489,5,,,,,
dl_1489,35,Gowrie_exit,35,29,0.44,0
dl_1489,160,exit_to_Brisbane,160,120,0.44,0
dl_1489,158,exit_to_Brisbane,158,119,0.44,0
dl_1489,26,Gowrie_exit,26,21,0.44,0
dl_1489,25,exit_to_Brisbane,25,20,0.44,0
dl_1489,24,Wyreema_exit,24,20,0.44,0
dl_1490,5,,,,,
dl_1490,170,Wyreema_exit,170,131,0.44,0
dl_1490,173,Gowrie_exit,173,132,0.44,0
dl_1490,172,Gowrie_exit,172,131,0.44,0
dl_1490,159,Wyreema_exit,159,119,0.44,0
dl_1490,158,Gowrie_exit,158,120,0.44,0
dl_1490,160,exit_to_Brisbane,160,120,0.44,0
dl_1491,5,,,,,
dl_1491,157,Gowrie_exit,157,119,0.44,0
dl_1491,159,Wyreema_exit,159,119,0.44,0
dl_1491,170,Wyreema_exit,170,131,0.44,0
dl_1491,173,Gowrie_exit,173,132,0.44,0
dl_1491,172,Gowrie_exit,172,131,0.44,0
dl_1491,160,exit_to_Brisbane,160,120,0.44,0
dl_1492,5,,,,,
dl_1492,35,Gowrie_exit,35,29,0.44,0
dl_1492,159,Wyreema_exit,159,119,0.44,0
dl_1492,170,Wyreema_exit,170,131,0.44,0
dl_1492,173,Gowrie_exit,173,132,0.44,0
dl_1492,172,Gowrie_exit,172,131,0.44,0
dl_1492,160,exit_to_Brisbane,160,120,0.44,0
dl_1493,3,,,,,
dl_1493,188,Gowrie_exit,188,147,0.44,0
dl_1493,28,Gowrie_exit,28,23,0.44,0
dl_1493,159,Wyreema_exit,159,119,0.44,0
dl_1493,158,exit_to_Brisbane,158,119,0.44,0
dl_1494,5,,,,,
dl_1494,173,Gowrie_exit,173,132,0.44,0
dl_1494,171,Wyreema_exit,171,132,0.44,0
dl_1494,172,Gowrie_exit,172,131,0.44,0
dl_1494,28,Gowrie_exit,28,23,0.44,0
dl_1494,159,Wyreema_exit,159,119,0.44,0
dl_1494,158,exit_to_Brisbane,158,119,0.44,0
dl_1495,6,,,,,
dl_1495,20,exit_to_Brisbane,20,16,0.44,0
dl_1495,19,Wyreema_exit,19,16,0.44,0
dl_1495,18,exit_to_Brisbane,18,15,0.44,0
dl_1495,216,Gowrie_exit,216,14,0.44,0
dl_1495,16,exit_to_Brisbane,16,13,0.44,0
dl_1495,15,Gowrie_exit,15,13,0.44,0
dl_1495,218,Gowrie_exit,216,14,0.44,0
dl_1496,9,,,,,
dl_1496,20,exit_to_Brisbane,20,16,0.44,0
dl_1496,19,Wyreema_exit,19,16,0.44,0
dl_1496,18,exit_to_Brisbane,18,15,0.44,0
dl_1496,216,Gowrie_exit,216,14,0.44,0
dl_1496,16,exit_to_Brisbane,16,13,0.44,0
dl_1496,218,Gowrie_exit,216,14,0.44,0
dl_1496,2,exit_to_Brisbane,2,3,0.44,0
dl_1496,1,Gowrie_exit,1,2,0.44,0
dl_1496,4,Gowrie_exit,4,3,0.44,0
dl_1496,3,Gowrie_exit,1,2,0.44,0
dl_1497,9,,,,,
dl_1497,20,exit_to_Brisbane,20,16,0.44,0
dl_1497,19,Wyreema_exit,19,16,0.44,0
dl_1497,18,exit_to_Brisbane,18,15,0.44,0
dl_1497,15,exit_to_Brisbane,15,2,0.44,0
dl_1497,4,Gowrie_exit,4,3,0.44,0
dl_1497,1,Gowrie_exit,1,2,0.44,0
dl_1497,216,Gowrie_exit,216,14,0.44,0
dl_1497,16,exit_to_Brisbane,16,13,0.44,0
dl_1497,218,Gowrie_exit,216,14,0.44,0
dl_1497,3,Gowrie_exit,1,2,0.44,0
dl_1498,9,,,,,
dl_1498,27,exit_to_Brisbane,27,21,0.44,0
dl_1498,26,Gowrie_exit,26,21,0.44,0
dl_1498,25,exit_to_Brisbane,25,20,0.44,0
dl_1498,24,exit_to_Brisbane,24,19,0.44,0
dl_1498,23,exit_to_Brisbane,23,17,0.44,0
dl_1498,22,Wyreema_exit,22,19,0.44,0
dl_1498,21,Wyreema_exit,22,19,0.44,0
dl_1498,19,exit_to_Brisbane,19,15,0.44,0
dl_1498,18,Wyreema_exit,18,16,0.44,0
dl_1498,17,Wyreema_exit,17,15,0.44,0
dl_1499,9,,,,,
dl_1499,35,exit_to_Brisbane,35,28,0.44,0
dl_1499,26,Gowrie_exit,26,21,0.44,0
dl_1499,25,exit_to_Brisbane,25,20,0.44,0
dl_1499,24,exit_to_Brisbane,24,19,0.44,0
dl_1499,23,exit_to_Brisbane,23,17,0.44,0
dl_1499,22,Wyreema_exit,22,19,0.44,0
dl_1499,21,Wyreema_exit,22,19,0.44,0
dl_1499,19,exit_to_Brisbane,19,15,0.44,0
dl_1499,18,Wyreema_exit,18,16,0.44,0
dl_1499,17,Wyreema_exit,17,15,0.44,0
dl_1500,9,,,,,
dl_1500,27,exit_to_Brisbane,27,21,0.44,0
dl_1500,26,Gowrie_exit,26,21,0.44,0
dl_1500,35,exit_to_Brisbane,35,28,0.44,0
dl_1500,24,exit_to_Brisbane,24,19,0.44,0
dl_1500,23,exit_to_Brisbane,23,17,0.44,0
dl_1500,22,Wyreema_exit,22,19,0.44,0
dl_1500,21,Wyreema_exit,22,19,0.44,0
dl_1500,19,exit_to_Brisbane,19,15,0.44,0
dl_1500,18,Wyreema_exit,18,16,0.44,0
dl_1500,17,Wyreema_exit,17,15,0.44,0
dl_1501,6,,,,,
dl_1501,24,exit_to_Brisbane,24,19,0.44,0
dl_1501,23,exit_to_Brisbane,23,17,0.44,0
dl_1501,22,Wyreema_exit,22,19,0.44,0
dl_1501,21,Wyreema_exit,22,19,0.44,0
dl_1501,19,exit_to_Brisbane,19,15,0.44,0
dl_1501,18,Wyreema_exit,18,16,0.44,0
dl_1501,17,Wyreema_exit,17,15,0.44,0
dl_1502,8,,,,,
dl_1502,27,exit_to_Brisbane,27,21,0.44,0
dl_1502,26,Gowrie_exit,26,21,0.44,0
dl_1502,25,exit_to_Brisbane,25,20,0.44,0
dl_1502,23,exit_to_Brisbane,23,17,0.44,0
dl_1502,22,Wyreema_exit,22,19,0.44,0
dl_1502,21,Wyreema_exit,22,19,0.44,0
dl_1502,19,exit_to_Brisbane,19,15,0.44,0
dl_1502,18,Wyreema_exit,18,16,0.44,0
dl_1502,17,Wyreema_exit,17,15,0.44,0
dl_1503,8,,,,,
dl_1503,35,exit_to_Brisbane,35,28,0.44,0
dl_1503,26,Gowrie_exit,26,21,0.44,0
dl_1503,25,exit_to_Brisbane,25,20,0.44,0
dl_1503,23,exit_to_Brisbane,23,17,0.44,0
dl_1503,22,Wyreema_exit,22,19,0.44,0
dl_1503,21,Wyreema_exit,22,19,0.44,0
dl_1503,19,exit_to_Brisbane,19,15,0.44,0
dl_1503,18,Wyreema_exit,18,16,0.44,0
dl_1503,17,Wyreema_exit,17,15,0.44,0
dl_1504,8,,,,,
dl_1504,27,exit_to_Brisbane,27,21,0.44,0
dl_1504,26,Gowrie_exit,26,21,0.44,0
dl_1504,25,exit_to_Brisbane,25,20,0.44,0
dl_1504,24,exit_to_Brisbane,24,19,0.44,0
dl_1504,19,exit_to_Brisbane,19,15,0.44,0
dl_1504,18,Wyreema_exit,18,16,0.44,0
dl_1504,17,Wyreema_exit,17,15,0.44,0
dl_1504,22,Wyreema_exit,22,19,0.44,0
dl_1504,21,Wyreema_exit,22,19,0.44,0
dl_1505,8,,,,,
dl_1505,35,exit_to_Brisbane,35,28,0.44,0
dl_1505,26,Gowrie_exit,26,21,0.44,0
dl_1505,25,exit_to_Brisbane,25,20,0.44,0
dl_1505,24,exit_to_Brisbane,24,19,0.44,0
dl_1505,19,exit_to_Brisbane,19,15,0.44,0
dl_1505,18,Wyreema_exit,18,16,0.44,0
dl_1505,17,Wyreema_exit,17,15,0.44,0
dl_1505,22,Wyreema_exit,22,19,0.44,0
dl_1505,21,Wyreema_exit,22,19,0.44,0
dl_1506,9,,,,,
dl_1506,159,exit_to_Brisbane,159,119,0.44,0
dl_1506,158,exit_to_Brisbane,158,119,0.44,0
dl_1506,26,Gowrie_exit,26,21,0.44,0
dl_1506,25,exit_to_Brisbane,25,20,0.44,0
dl_1506,23,exit_to_Brisbane,23,17,0.44,0
dl_1506,22,Wyreema_exit,22,19,0.44,0
dl_1506,21,Wyreema_exit,22,19,0.44,0
dl_1506,19,exit_to_Brisbane,19,15,0.44,0
dl_1506,18,Wyreema_exit,18,16,0.44,0
dl_1506,17,Wyreema_exit,17,15,0.44,0
dl_1507,9,,,,,
dl_1507,159,exit_to_Brisbane,159,119,0.44,0
dl_1507,158,exit_to_Brisbane,158,119,0.44,0
dl_1507,26,Gowrie_exit,26,21,0.44,0
dl_1507,25,exit_to_Brisbane,25,20,0.44,0
dl_1507,24,exit_to_Brisbane,24,19,0.44,0
dl_1507,19,exit_to_Brisbane,19,15,0.44,0
dl_1507,18,Wyreema_exit,18,16,0.44,0
dl_1507,17,Wyreema_exit,17,15,0.44,0
dl_1507,22,Wyreema_exit,22,19,0.44,0
dl_1507,21,Wyreema_exit,22,19,0.44,0
dl_1508,9,,,,,
dl_1508,27,exit_to_Brisbane,27,21,0.44,0
dl_1508,26,Gowrie_exit,26,21,0.44,0
dl_1508,25,exit_to_Brisbane,25,20,0.44,0
dl_1508,24,exit_to_Brisbane,24,19,0.44,0
dl_1508,23,exit_to_Brisbane,23,17,0.44,0
dl_1508,22,Wyreema_exit,22,19,0.44,0
dl_1508,20,exit_to_Brisbane,20,16,0.44,0
dl_1508,17,Wyreema_exit,17,15,0.44,0
dl_1508,18,Wyreema_exit,18,16,0.44,0
dl_1508,21,Wyreema_exit,22,19,0.44,0
dl_1509,9,,,,,
dl_1509,35,exit_to_Brisbane,35,28,0.44,0
dl_1509,26,Gowrie_exit,26,21,0.44,0
dl_1509,25,exit_to_Brisbane,25,20,0.44,0
dl_1509,24,exit_to_Brisbane,24,19,0.44,0
dl_1509,23,exit_to_Brisbane,23,17,0.44,0
dl_1509,22,Wyreema_exit,22,19,0.44,0
dl_1509,20,exit_to_Brisbane,20,16,0.44,0
dl_1509,17,Wyreema_exit,17,15,0.44,0
dl_1509,18,Wyreema_exit,18,16,0.44,0
dl_1509,21,Wyreema_exit,22,19,0.44,0
dl_1510,9,,,,,
dl_1510,27,exit_to_Brisbane,27,21,0.44,0
dl_1510,26,Gowrie_exit,26,21,0.44,0
dl_1510,35,exit_to_Brisbane,35,28,0.44,0
dl_1510,24,exit_to_Brisbane,24,19,0.44,0
dl_1510,23,exit_to_Brisbane,23,17,0.44,0
dl_1510,22,Wyreema_exit,22,19,0.44,0
dl_1510,20,exit_to_Brisbane,20,16,0.44,0
dl_1510,17,Wyreema_exit,17,15,0.44,0
dl_1510,18,Wyreema_exit,18,16,0.44,0
dl_1510,21,Wyreema_exit,22,19,0.44,0
dl_1511,6,,,,,
dl_1511,24,exit_to_Brisbane,24,19,0.44,0
dl_1511,23,exit_to_Brisbane,23,17,0.44,0
dl_1511,22,Wyreema_exit,22,19,0.44,0
dl_1511,20,exit_to_Brisbane,20,16,0.44,0
dl_1511,17,Wyreema_exit,17,15,0.44,0
dl_1511,18,Wyreema_exit,18,16,0.44,0
dl_1511,21,Wyreema_exit,22,19,0.44,0
dl_1512,8,,,,,
dl_1512,27,exit_to_Brisbane,27,21,0.44,0
dl_1512,26,Gowrie_exit,26,21,0.44,0
dl_1512,25,exit_to_Brisbane,25,20,0.44,0
dl_1512,23,exit_to_Brisbane,23,17,0.44,0
dl_1512,22,Wyreema_exit,22,19,0.44,0
dl_1512,20,exit_to_Brisbane,20,16,0.44,0
dl_1512,17,Wyreema_exit,17,15,0.44,0
dl_1512,18,Wyreema_exit,18,16,0.44,0
dl_1512,21,Wyreema_exit,22,19,0.44,0
dl_1513,8,,,,,
dl_1513,35,exit_to_Brisbane,35,28,0.44,0
dl_1513,26,Gowrie_exit,26,21,0.44,0
dl_1513,25,exit_to_Brisbane,25,20,0.44,0
dl_1513,23,exit_to_Brisbane,23,17,0.44,0
dl_1513,22,Wyreema_exit,22,19,0.44,0
dl_1513,20,exit_to_Brisbane,20,16,0.44,0
dl_1513,17,Wyreema_exit,17,15,0.44,0
dl_1513,18,Wyreema_exit,18,16,0.44,0
dl_1513,21,Wyreema_exit,22,19,0.44,0
dl_1514,8,,,,,
dl_1514,27,exit_to_Brisbane,27,21,0.44,0
dl_1514,26,Gowrie_exit,26,21,0.44,0
dl_1514,25,exit_to_Brisbane,25,20,0.44,0
dl_1514,24,exit_to_Brisbane,24,19,0.44,0
dl_1514,20,exit_to_Brisbane,20,16,0.44,0
dl_1514,22,Wyreema_exit,22,19,0.44,0
dl_1514,17,Wyreema_exit,17,15,0.44,0
dl_1514,18,Wyreema_exit,18,16,0.44,0
dl_1514,21,Wyreema_exit,22,19,0.44,0
dl_1515,8,,,,,
dl_1515,35,exit_to_Brisbane,35,28,0.44,0
dl_1515,26,Gowrie_exit,26,21,0.44,0
dl_1515,25,exit_to_Brisbane,25,20,0.44,0
dl_1515,24,exit_to_Brisbane,24,19,0.44,0
dl_1515,20,exit_to_Brisbane,20,16,0.44,0
dl_1515,22,Wyreema_exit,22,19,0.44,0
dl_1515,17,Wyreema_exit,17,15,0.44,0
dl_1515,18,Wyreema_exit,18,16,0.44,0
dl_1515,21,Wyreema_exit,22,19,0.44,0
dl_1516,9,,,,,
dl_1516,159,exit_to_Brisbane,159,119,0.44,0
dl_1516,158,exit_to_Brisbane,158,119,0.44,0
dl_1516,26,Gowrie_exit,26,21,0.44,0
dl_1516,25,exit_to_Brisbane,25,20,0.44,0
dl_1516,23,exit_to_Brisbane,23,17,0.44,0
dl_1516,22,Wyreema_exit,22,19,0.44,0
dl_1516,20,exit_to_Brisbane,20,16,0.44,0
dl_1516,17,Wyreema_exit,17,15,0.44,0
dl_1516,18,Wyreema_exit,18,16,0.44,0
dl_1516,21,Wyreema_exit,22,19,0.44,0
dl_1517,9,,,,,
dl_1517,159,exit_to_Brisbane,159,119,0.44,0
dl_1517,158,exit_to_Brisbane,158,119,0.44,0
dl_1517,26,Gowrie_exit,26,21,0.44,0
dl_1517,25,exit_to_Brisbane,25,20,0.44,0
dl_1517,24,exit_to_Brisbane,24,19,0.44,0
dl_1517,20,exit_to_Brisbane,20,16,0.44,0
dl_1517,22,Wyreema_exit,22,19,0.44,0
dl_1517,17,Wyreema_exit,17,15,0.44,0
dl_1517,18,Wyreema_exit,18,16,0.44,0
dl_1517,21,Wyreema_exit,22,19,0.44,0
dl_1518,9,,,,,
dl_1518,35,Wyreema_exit,35,28,0.44,0
dl_1518,189,exit_to_Brisbane,30,24,0.44,0
dl_1518,26,Gowrie_exit,26,21,0.44,0
dl_1518,25,exit_to_Brisbane,25,20,0.44,0
dl_1518,23,exit_to_Brisbane,23,17,0.44,0
dl_1518,22,Wyreema_exit,22,19,0.44,0
dl_1518,21,Wyreema_exit,22,19,0.44,0
dl_1518,19,exit_to_Brisbane,19,15,0.44,0
dl_1518,18,Gowrie_exit,18,16,0.44,0
dl_1518,17,Wyreema_exit,17,15,0.44,0
dl_1519,9,,,,,
dl_1519,24,exit_to_Brisbane,24,19,0.44,0
dl_1519,19,exit_to_Brisbane,19,15,0.44,0
dl_1519,18,Gowrie_exit,18,16,0.44,0
dl_1519,17,Wyreema_exit,17,15,0.44,0
dl_1519,22,Wyreema_exit,22,19,0.44,0
dl_1519,35,Wyreema_exit,35,28,0.44,0
dl_1519,189,exit_to_Brisbane,30,24,0.44,0
dl_1519,26,Gowrie_exit,26,21,0.44,0
dl_1519,25,exit_to_Brisbane,25,20,0.44,0
dl_1519,21,Wyreema_exit,22,19,0.44,0
dl_1520,9,,,,,
dl_1520,35,Wyreema_exit,35,28,0.44,0
dl_1520,189,exit_to_Brisbane,30,24,0.44,0
dl_1520,26,Gowrie_exit,26,21,0.44,0
dl_1520,25,exit_to_Brisbane,25,20,0.44,0
dl_1520,23,exit_to_Brisbane,23,17,0.44,0
dl_1520,22,Wyreema_exit,22,19,0.44,0
dl_1520,20,exit_to_Brisbane,20,16,0.44,0
dl_1520,17,Wyreema_exit,17,15,0.44,0
dl_1520,18,Gowrie_exit,18,16,0.44,0
dl_1520,21,Wyreema_exit,22,19,0.44,0
dl_1521,9,,,,,
dl_1521,24,exit_to_Brisbane,24,19,0.44,0
dl_1521,20,exit_to_Brisbane,20,16,0.44,0
dl_1521,22,Wyreema_exit,22,19,0.44,0
dl_1521,35,Wyreema_exit,35,28,0.44,0
dl_1521,189,exit_to_Brisbane,30,24,0.44,0
dl_1521,26,Gowrie_exit,26,21,0.44,0
dl_1521,25,exit_to_Brisbane,25,20,0.44,0
dl_1521,17,Wyreema_exit,17,15,0.44,0
dl_1521,18,Gowrie_exit,18,16,0.44,0
dl_1521,21,Wyreema_exit,22,19,0.44,0
dl_1522,7,,,,,
dl_1522,189,exit_to_Brisbane,30,24,0.44,0
dl_1522,26,exit_to_Brisbane,26,20,0.44,0
dl_1522,25,Gowrie_exit,25,21,0.44,0
dl_1522,23,exit_to_Brisbane,23,17,0.44,0
dl_1522,22,Wyreema_exit,22,19,0.44,0
dl_1522,21,Wyreema_exit,22,19,0.44,0
dl_1522,20,Wyreema_exit,20,17,0.44,0
dl_1522,35,Wyreema_exit,35,28,0.44,0
dl_1523,7,,,,,
dl_1523,189,exit_to_Brisbane,30,24,0.44,0
dl_1523,24,exit_to_Brisbane,24,19,0.44,0
dl_1523,20,Wyreema_exit,20,17,0.44,0
dl_1523,22,Wyreema_exit,22,19,0.44,0
dl_1523,26,exit_to_Brisbane,26,20,0.44,0
dl_1523,25,Gowrie_exit,25,21,0.44,0
dl_1523,21,Wyreema_exit,22,19,0.44,0
dl_1523,35,Wyreema_exit,35,28,0.44,0
dl_1524,7,,,,,
dl_1524,188,exit_to_Brisbane,188,147,0.44,0
dl_1524,26,exit_to_Brisbane,26,20,0.44,0
dl_1524,25,Gowrie_exit,25,21,0.44,0
dl_1524,23,exit_to_Brisbane,23,17,0.44,0
dl_1524,22,Wyreema_exit,22,19,0.44,0
dl_1524,21,Wyreema_exit,22,19,0.44,0
dl_1524,20,Wyreema_exit,20,17,0.44,0
dl_1524,35,Wyreema_exit,35,28,0.44,0
dl_1525,7,,,,,
dl_1525,188,exit_to_Brisbane,188,147,0.44,0
dl_1525,24,exit_to_Brisbane,24,19,0.44,0
dl_1525,20,Wyreema_exit,20,17,0.44,0
dl_1525,22,Wyreema_exit,22,19,0.44,0
dl_1525,26,exit_to_Brisbane,26,20,0.44,0
dl_1525,25,Gowrie_exit,25,21,0.44,0
dl_1525,21,Wyreema_exit,22,19,0.44,0
dl_1525,35,Wyreema_exit,35,28,0.44,0
dl_1526,7,,,,,
dl_1526,159,exit_to_Brisbane,159,119,0.44,0
dl_1526,158,exit_to_Brisbane,158,119,0.44,0
dl_1526,24,exit_to_Brisbane,24,19,0.44,0
dl_1526,20,Wyreema_exit,20,17,0.44,0
dl_1526,22,Wyreema_exit,22,19,0.44,0
dl_1526,26,exit_to_Brisbane,26,20,0.44,0
dl_1526,25,Gowrie_exit,25,21,0.44,0
dl_1526,21,Wyreema_exit,22,19,0.44,0
dl_1527,9,,,,,
dl_1527,159,exit_to_Brisbane,159,119,0.44,0
dl_1527,158,exit_to_Brisbane,158,119,0.44,0
dl_1527,26,exit_to_Brisbane,26,20,0.44,0
dl_1527,25,Gowrie_exit,25,21,0.44,0
dl_1527,23,exit_to_Brisbane,23,17,0.44,0
dl_1527,22,Wyreema_exit,22,19,0.44,0
dl_1527,21,Wyreema_exit,22,19,0.44,0
dl_1527,19,exit_to_Brisbane,19,15,0.44,0
dl_1527,18,Wyreema_exit,18,16,0.44,0
dl_1527,17,Gowrie_exit,17,15,0.44,0
dl_1528,9,,,,,
dl_1528,159,exit_to_Brisbane,159,119,0.44,0
dl_1528,158,exit_to_Brisbane,158,119,0.44,0
dl_1528,24,exit_to_Brisbane,24,19,0.44,0
dl_1528,19,exit_to_Brisbane,19,15,0.44,0
dl_1528,18,Wyreema_exit,18,16,0.44,0
dl_1528,17,Gowrie_exit,17,15,0.44,0
dl_1528,22,Wyreema_exit,22,19,0.44,0
dl_1528,26,exit_to_Brisbane,26,20,0.44,0
dl_1528,25,Gowrie_exit,25,21,0.44,0
dl_1528,21,Wyreema_exit,22,19,0.44,0
dl_1529,9,,,,,
dl_1529,159,exit_to_Brisbane,159,119,0.44,0
dl_1529,158,exit_to_Brisbane,158,119,0.44,0
dl_1529,26,exit_to_Brisbane,26,20,0.44,0
dl_1529,25,Gowrie_exit,25,21,0.44,0
dl_1529,23,exit_to_Brisbane,23,17,0.44,0
dl_1529,22,Wyreema_exit,22,19,0.44,0
dl_1529,20,exit_to_Brisbane,20,16,0.44,0
dl_1529,17,Gowrie_exit,17,15,0.44,0
dl_1529,18,Wyreema_exit,18,16,0.44,0
dl_1529,21,Wyreema_exit,22,19,0.44,0
dl_1530,9,,,,,
dl_1530,159,exit_to_Brisbane,159,119,0.44,0
dl_1530,158,exit_to_Brisbane,158,119,0.44,0
dl_1530,24,exit_to_Brisbane,24,19,0.44,0
dl_1530,20,exit_to_Brisbane,20,16,0.44,0
dl_1530,22,Wyreema_exit,22,19,0.44,0
dl_1530,26,exit_to_Brisbane,26,20,0.44,0
dl_1530,25,Gowrie_exit,25,21,0.44,0
dl_1530,17,Gowrie_exit,17,15,0.44,0
dl_1530,18,Wyreema_exit,18,16,0.44,0
dl_1530,21,Wyreema_exit,22,19,0.44,0
dl_1531,4,,,,,
dl_1531,27,exit_to_Brisbane,27,21,0.44,0
dl_1531,24,Wyreema_exit,24,20,0.44,0
dl_1531,25,Gowrie_exit,25,21,0.44,0
dl_1531,159,exit_to_Brisbane,159,119,0.44,0
dl_1531,158,exit_to_Brisbane,158,119,0.44,0
dl_1532,7,,,,,
dl_1532,27,exit_to_Brisbane,27,21,0.44,0
dl_1532,23,exit_to_Brisbane,23,17,0.44,0
dl_1532,22,Wyreema_exit,22,19,0.44,0
dl_1532,21,Wyreema_exit,22,19,0.44,0
dl_1532,20,Wyreema_exit,20,17,0.44,0
dl_1532,25,Gowrie_exit,25,21,0.44,0
dl_1532,159,exit_to_Brisbane,159,119,0.44,0
dl_1532,158,exit_to_Brisbane,158,119,0.44,0
dl_1533,7,,,,,
dl_1533,27,exit_to_Brisbane,27,21,0.44,0
dl_1533,24,exit_to_Brisbane,24,19,0.44,0
dl_1533,25,Gowrie_exit,25,21,0.44,0
dl_1533,159,exit_to_Brisbane,159,119,0.44,0
dl_1533,158,exit_to_Brisbane,158,119,0.44,0
dl_1533,20,Wyreema_exit,20,17,0.44,0
dl_1533,22,Wyreema_exit,22,19,0.44,0
dl_1533,21,Wyreema_exit,22,19,0.44,0
dl_1534,9,,,,,
dl_1534,27,exit_to_Brisbane,27,21,0.44,0
dl_1534,23,exit_to_Brisbane,23,17,0.44,0
dl_1534,22,Wyreema_exit,22,19,0.44,0
dl_1534,21,Wyreema_exit,22,19,0.44,0
dl_1534,19,exit_to_Brisbane,19,15,0.44,0
dl_1534,18,Wyreema_exit,18,16,0.44,0
dl_1534,17,Gowrie_exit,17,15,0.44,0
dl_1534,25,Gowrie_exit,25,21,0.44,0
dl_1534,159,exit_to_Brisbane,159,119,0.44,0
dl_1534,158,exit_to_Brisbane,158,119,0.44,0
dl_1535,9,,,,,
dl_1535,27,exit_to_Brisbane,27,21,0.44,0
dl_1535,24,exit_to_Brisbane,24,19,0.44,0
dl_1535,25,Gowrie_exit,25,21,0.44,0
dl_1535,159,exit_to_Brisbane,159,119,0.44,0
dl_1535,158,exit_to_Brisbane,158,119,0.44,0
dl_1535,19,exit_to_Brisbane,19,15,0.44,0
dl_1535,18,Wyreema_exit,18,16,0.44,0
dl_1535,17,Gowrie_exit,17,15,0.44,0
dl_1535,22,Wyreema_exit,22,19,0.44,0
dl_1535,21,Wyreema_exit,22,19,0.44,0
dl_1536,9,,,,,
dl_1536,27,exit_to_Brisbane,27,21,0.44,0
dl_1536,23,exit_to_Brisbane,23,17,0.44,0
dl_1536,22,Wyreema_exit,22,19,0.44,0
dl_1536,20,exit_to_Brisbane,20,16,0.44,0
dl_1536,17,Gowrie_exit,17,15,0.44,0
dl_1536,18,Wyreema_exit,18,16,0.44,0
dl_1536,21,Wyreema_exit,22,19,0.44,0
dl_1536,25,Gowrie_exit,25,21,0.44,0
dl_1536,159,exit_to_Brisbane,159,119,0.44,0
dl_1536,158,exit_to_Brisbane,158,119,0.44,0
dl_1537,9,,,,,
dl_1537,27,exit_to_Brisbane,27,21,0.44,0
dl_1537,24,exit_to_Brisbane,24,19,0.44,0
dl_1537,25,Gowrie_exit,25,21,0.44,0
dl_1537,159,exit_to_Brisbane,159,119,0.44,0
dl_1537,158,exit_to_Brisbane,158,119,0.44,0
dl_1537,20,exit_to_Brisbane,20,16,0.44,0
dl_1537,22,Wyreema_exit,22,19,0.44,0
dl_1537,17,Gowrie_exit,17,15,0.44,0
dl_1537,18,Wyreema_exit,18,16,0.44,0
dl_1537,21,Wyreema_exit,22,19,0.44,0
dl_1538,7,,,,,
dl_1538,27,exit_to_Brisbane,27,21,0.44,0
dl_1538,26,exit_to_Brisbane,26,20,0.44,0
dl_1538,25,Gowrie_exit,25,21,0.44,0
dl_1538,20,Wyreema_exit,20,17,0.44,0
dl_1538,22,Wyreema_exit,22,19,0.44,0
dl_1538,21,Wyreema_exit,22,19,0.44,0
dl_1538,159,exit_to_Brisbane,159,119,0.44,0
dl_1538,158,exit_to_Brisbane,158,119,0.44,0
dl_1539,9,,,,,
dl_1539,27,exit_to_Brisbane,27,21,0.44,0
dl_1539,26,exit_to_Brisbane,26,20,0.44,0
dl_1539,25,Gowrie_exit,25,21,0.44,0
dl_1539,19,exit_to_Brisbane,19,15,0.44,0
dl_1539,18,Wyreema_exit,18,16,0.44,0
dl_1539,17,Gowrie_exit,17,15,0.44,0
dl_1539,22,Wyreema_exit,22,19,0.44,0
dl_1539,21,Wyreema_exit,22,19,0.44,0
dl_1539,159,exit_to_Brisbane,159,119,0.44,0
dl_1539,158,exit_to_Brisbane,158,119,0.44,0
dl_1540,9,,,,,
dl_1540,27,exit_to_Brisbane,27,21,0.44,0
dl_1540,26,exit_to_Brisbane,26,20,0.44,0
dl_1540,25,Gowrie_exit,25,21,0.44,0
dl_1540,20,exit_to_Brisbane,20,16,0.44,0
dl_1540,22,Wyreema_exit,22,19,0.44,0
dl_1540,17,Gowrie_exit,17,15,0.44,0
dl_1540,18,Wyreema_exit,18,16,0.44,0
dl_1540,21,Wyreema_exit,22,19,0.44,0
dl_1540,159,exit_to_Brisbane,159,119,0.44,0
dl_1540,158,exit_to_Brisbane,158,119,0.44,0
dl_1541,8,,,,,
dl_1541,26,exit_to_Brisbane,26,20,0.44,0
dl_1541,25,Gowrie_exit,25,21,0.44,0
dl_1541,159,Gowrie_exit,159,120,0.44,0
dl_1541,158,exit_to_Brisbane,158,119,0.44,0
dl_1541,160,Wyreema_exit,160,120,0.44,0
dl_1541,23,exit_to_Brisbane,23,17,0.44,0
dl_1541,22,Wyreema_exit,22,19,0.44,0
dl_1541,20,Gowrie_exit,20,17,0.44,0
dl_1541,21,Wyreema_exit,22,19,0.44,0
dl_1542,8,,,,,
dl_1542,24,exit_to_Brisbane,24,19,0.44,0
dl_1542,20,Gowrie_exit,20,17,0.44,0
dl_1542,22,Wyreema_exit,22,19,0.44,0
dl_1542,26,exit_to_Brisbane,26,20,0.44,0
dl_1542,25,Gowrie_exit,25,21,0.44,0
dl_1542,159,Gowrie_exit,159,120,0.44,0
dl_1542,158,exit_to_Brisbane,158,119,0.44,0
dl_1542,160,Wyreema_exit,160,120,0.44,0
dl_1542,21,Wyreema_exit,22,19,0.44,0
dl_1543,8,,,,,
dl_1543,27,exit_to_Brisbane,27,21,0.44,0
dl_1543,25,Gowrie_exit,25,21,0.44,0
dl_1543,159,Gowrie_exit,159,120,0.44,0
dl_1543,158,exit_to_Brisbane,158,119,0.44,0
dl_1543,160,Wyreema_exit,160,120,0.44,0
dl_1543,23,exit_to_Brisbane,23,17,0.44,0
dl_1543,22,Wyreema_exit,22,19,0.44,0
dl_1543,20,Gowrie_exit,20,17,0.44,0
dl_1543,21,Wyreema_exit,22,19,0.44,0
dl_1544,8,,,,,
dl_1544,24,exit_to_Brisbane,24,19,0.44,0
dl_1544,20,Gowrie_exit,20,17,0.44,0
dl_1544,22,Wyreema_exit,22,19,0.44,0
dl_1544,27,exit_to_Brisbane,27,21,0.44,0
dl_1544,25,Gowrie_exit,25,21,0.44,0
dl_1544,159,Gowrie_exit,159,120,0.44,0
dl_1544,158,exit_to_Brisbane,158,119,0.44,0
dl_1544,160,Wyreema_exit,160,120,0.44,0
dl_1544,21,Wyreema_exit,22,19,0.44,0
dl_1545,6,,,,,
dl_1545,24,Gowrie_exit,24,20,0.44,0
dl_1545,35,exit_to_Brisbane,35,28,0.44,0
dl_1545,25,exit_to_Brisbane,25,20,0.44,0
dl_1545,23,exit_to_Brisbane,23,17,0.44,0
dl_1545,22,Gowrie_exit,22,19,0.44,0
dl_1545,21,Gowrie_exit,22,19,0.44,0
dl_1545,20,Wyreema_exit,20,17,0.44,0
dl_1546,6,,,,,
dl_1546,24,exit_to_Brisbane,24,19,0.44,0
dl_1546,20,Wyreema_exit,20,17,0.44,0
dl_1546,22,Wyreema_exit,22,19,0.44,0
dl_1546,21,Wyreema_exit,22,19,0.44,0
dl_1546,26,exit_to_Brisbane,26,20,0.44,0
dl_1546,25,Wyreema_exit,25,21,0.44,0
dl_1546,27,exit_to_Brisbane,27,21,0.44,0
dl_1547,2,,,,,
dl_1547,160,exit_to_Brisbane,160,120,0.44,0
dl_1547,159,Gowrie_exit,159,120,0.44,0
dl_1547,158,Gowrie_exit,158,120,0.44,0
dl_1548,8,,,,,
dl_1548,159,Gowrie_exit,159,120,0.44,0
dl_1548,158,exit_to_Brisbane,158,119,0.44,0
dl_1548,160,exit_to_Brisbane,160,120,0.44,0
dl_1548,26,exit_to_Brisbane,26,20,0.44,0
dl_1548,25,Gowrie_exit,25,21,0.44,0
dl_1548,23,exit_to_Brisbane,23,17,0.44,0
dl_1548,22,Wyreema_exit,22,19,0.44,0
dl_1548,21,Wyreema_exit,22,19,0.44,0
dl_1548,20,Wyreema_exit,20,17,0.44,0
dl_1549,8,,,,,
dl_1549,157,Gowrie_exit,157,119,0.44,0
dl_1549,160,exit_to_Brisbane,160,120,0.44,0
dl_1549,158,exit_to_Brisbane,158,119,0.44,0
dl_1549,26,exit_to_Brisbane,26,20,0.44,0
dl_1549,25,Gowrie_exit,25,21,0.44,0
dl_1549,23,exit_to_Brisbane,23,17,0.44,0
dl_1549,22,Wyreema_exit,22,19,0.44,0
dl_1549,21,Wyreema_exit,22,19,0.44,0
dl_1549,20,Wyreema_exit,20,17,0.44,0
dl_1550,5,,,,,
dl_1550,173,Gowrie_exit,173,132,0.44,0
dl_1550,171,Wyreema_exit,171,132,0.44,0
dl_1550,172,Gowrie_exit,172,131,0.44,0
dl_1550,159,Wyreema_exit,159,119,0.44,0
dl_1550,158,Gowrie_exit,158,120,0.44,0
dl_1550,160,Wyreema_exit,160,120,0.44,0
dl_1551,8,,,,,
dl_1551,27,exit_to_Brisbane,27,21,0.44,0
dl_1551,26,Gowrie_exit,26,21,0.44,0
dl_1551,35,exit_to_Brisbane,35,28,0.44,0
dl_1551,23,exit_to_Brisbane,23,17,0.44,0
dl_1551,22,Wyreema_exit,22,19,0.44,0
dl_1551,21,Wyreema_exit,22,19,0.44,0
dl_1551,19,exit_to_Brisbane,19,15,0.44,0
dl_1551,18,Wyreema_exit,18,16,0.44,0
dl_1551,17,Wyreema_exit,17,15,0.44,0
dl_1552,8,,,,,
dl_1552,27,exit_to_Brisbane,27,21,0.44,0
dl_1552,26,Gowrie_exit,26,21,0.44,0
dl_1552,35,exit_to_Brisbane,35,28,0.44,0
dl_1552,24,exit_to_Brisbane,24,19,0.44,0
dl_1552,19,exit_to_Brisbane,19,15,0.44,0
dl_1552,18,Wyreema_exit,18,16,0.44,0
dl_1552,17,Wyreema_exit,17,15,0.44,0
dl_1552,22,Wyreema_exit,22,19,0.44,0
dl_1552,21,Wyreema_exit,22,19,0.44,0
dl_1553,8,,,,,
dl_1553,27,exit_to_Brisbane,27,21,0.44,0
dl_1553,26,Gowrie_exit,26,21,0.44,0
dl_1553,35,exit_to_Brisbane,35,28,0.44,0
dl_1553,23,exit_to_Brisbane,23,17,0.44,0
dl_1553,22,Wyreema_exit,22,19,0.44,0
dl_1553,20,exit_to_Brisbane,20,16,0.44,0
dl_1553,17,Wyreema_exit,17,15,0.44,0
dl_1553,18,Wyreema_exit,18,16,0.44,0
dl_1553,21,Wyreema_exit,22,19,0.44,0
dl_1554,8,,,,,
dl_1554,27,exit_to_Brisbane,27,21,0.44,0
dl_1554,26,Gowrie_exit,26,21,0.44,0
dl_1554,35,exit_to_Brisbane,35,28,0.44,0
dl_1554,24,exit_to_Brisbane,24,19,0.44,0
dl_1554,20,exit_to_Brisbane,20,16,0.44,0
dl_1554,22,Wyreema_exit,22,19,0.44,0
dl_1554,17,Wyreema_exit,17,15,0.44,0
dl_1554,18,Wyreema_exit,18,16,0.44,0
dl_1554,21,Wyreema_exit,22,19,0.44,0
dl_1555,5,,,,,
dl_1555,171,exit_to_Brisbane,171,131,0.44,0
dl_1555,172,Gowrie_exit,172,131,0.44,0
dl_1555,28,Gowrie_exit,28,23,0.44,0
dl_1555,159,Gowrie_exit,159,120,0.44,0
dl_1555,158,Wyreema_exit,158,119,0.44,0
dl_1555,160,Wyreema_exit,160,120,0.44,0
dl_1556,5,,,,,
dl_1556,28,Gowrie_exit,28,23,0.44,0
dl_1556,171,exit_to_Brisbane,171,131,0.44,0
dl_1556,172,exit_to_Brisbane,172,131,0.44,0
dl_1556,159,Gowrie_exit,159,120,0.44,0
dl_1556,158,Wyreema_exit,158,119,0.44,0
dl_1556,160,Wyreema_exit,160,120,0.44,0
dl_1557,4,,,,,
dl_1557,35,Gowrie_exit,35,29,0.44,0
dl_1557,160,Wyreema_exit,160,120,0.44,0
dl_1557,158,Wyreema_exit,158,119,0.44,0
dl_1557,171,Gowrie_exit,171,131,0.44,0
dl_1557,172,Gowrie_exit,172,131,0.44,0
dl_1558,5,,,,,
dl_1558,188,Gowrie_exit,31,26,0.44,0
dl_1558,160,Wyreema_exit,160,120,0.44,0
dl_1558,158,Wyreema_exit,158,119,0.44,0
dl_1558,171,Gowrie_exit,171,131,0.44,0
dl_1558,172,Gowrie_exit,172,131,0.44,0
dl_1558,31,Gowrie_exit,31,26,0.44,0
dl_1559,5,,,,,
dl_1559,187,Gowrie_exit,188,147,0.44,0
dl_1559,160,Wyreema_exit,160,120,0.44,0
dl_1559,158,Wyreema_exit,158,119,0.44,0
dl_1559,171,Gowrie_exit,171,131,0.44,0
dl_1559,172,Gowrie_exit,172,131,0.44,0
dl_1559,188,Gowrie_exit,188,147,0.44,0
dl_1560,5,,,,,
dl_1560,170,Wyreema_exit,170,131,0.44,0
dl_1560,173,Gowrie_exit,173,132,0.44,0
dl_1560,172,Gowrie_exit,172,131,0.44,0
dl_1560,28,Gowrie_exit,28,23,0.44,0
dl_1560,159,Wyreema_exit,159,119,0.44,0
dl_1560,158,exit_to_Brisbane,158,119,0.44,0
dl_1561,7,,,,,
dl_1561,27,exit_to_Brisbane,27,21,0.44,0
dl_1561,26,Wyreema_exit,26,21,0.44,0
dl_1561,171,exit_to_Brisbane,171,131,0.44,0
dl_1561,172,Gowrie_exit,172,131,0.44,0
dl_1561,188,exit_to_Brisbane,30,24,0.44,0
dl_1561,191,Wyreema_exit,191,146,0.44,0
dl_1561,30,exit_to_Brisbane,30,24,0.44,0
dl_1561,24,Gowrie_exit,24,20,0.44,0
dl_1562,10,,,,,
dl_1562,27,exit_to_Brisbane,27,21,0.44,0
dl_1562,26,Wyreema_exit,26,21,0.44,0
dl_1562,171,exit_to_Brisbane,171,131,0.44,0
dl_1562,172,Gowrie_exit,172,131,0.44,0
dl_1562,188,exit_to_Brisbane,30,24,0.44,0
dl_1562,191,Wyreema_exit,191,146,0.44,0
dl_1562,30,exit_to_Brisbane,30,24,0.44,0
dl_1562,20,Gowrie_exit,20,17,0.44,0
dl_1562,23,exit_to_Brisbane,23,17,0.44,0
dl_1562,21,Gowrie_exit,22,19,0.44,0
dl_1562,22,Gowrie_exit,22,19,0.44,0
dl_1563,10,,,,,
dl_1563,27,exit_to_Brisbane,27,21,0.44,0
dl_1563,26,Wyreema_exit,26,21,0.44,0
dl_1563,171,exit_to_Brisbane,171,131,0.44,0
dl_1563,172,Gowrie_exit,172,131,0.44,0
dl_1563,188,exit_to_Brisbane,30,24,0.44,0
dl_1563,191,Wyreema_exit,191,146,0.44,0
dl_1563,30,exit_to_Brisbane,30,24,0.44,0
dl_1563,24,exit_to_Brisbane,24,19,0.44,0
dl_1563,20,Gowrie_exit,20,17,0.44,0
dl_1563,22,Gowrie_exit,22,19,0.44,0
dl_1563,21,Gowrie_exit,22,19,0.44,0
dl_1564,4,,,,,
dl_1564,24,exit_to_Brisbane,24,19,0.44,0
dl_1564,23,Wyreema_exit,23,19,0.44,0
dl_1564,26,exit_to_Brisbane,26,20,0.44,0
dl_1564,25,exit_to_Brisbane,25,20,0.44,0
dl_1564,20,Wyreema_exit,20,17,0.44,0
dl_1565,5,,,,,
dl_1565,26,Gowrie_exit,26,21,0.44,0
dl_1565,25,exit_to_Brisbane,25,20,0.44,0
dl_1565,35,exit_to_Brisbane,35,28,0.44,0
dl_1565,23,Wyreema_exit,23,19,0.44,0
dl_1565,21,exit_to_Brisbane,21,17,0.44,0
dl_1565,20,Wyreema_exit,20,17,0.44,0
dl_1566,5,,,,,
dl_1566,24,exit_to_Brisbane,24,19,0.44,0
dl_1566,23,Wyreema_exit,23,19,0.44,0
dl_1566,26,Gowrie_exit,26,21,0.44,0
dl_1566,25,exit_to_Brisbane,25,20,0.44,0
dl_1566,35,exit_to_Brisbane,35,28,0.44,0
dl_1566,20,Wyreema_exit,20,17,0.44,0
dl_1567,5,,,,,
dl_1567,27,exit_to_Brisbane,27,21,0.44,0
dl_1567,26,Gowrie_exit,26,21,0.44,0
dl_1567,35,exit_to_Brisbane,35,28,0.44,0
dl_1567,23,Wyreema_exit,23,19,0.44,0
dl_1567,21,exit_to_Brisbane,21,17,0.44,0
dl_1567,20,Wyreema_exit,20,17,0.44,0
dl_1568,5,,,,,
dl_1568,24,exit_to_Brisbane,24,19,0.44,0
dl_1568,23,Wyreema_exit,23,19,0.44,0
dl_1568,27,exit_to_Brisbane,27,21,0.44,0
dl_1568,26,Gowrie_exit,26,21,0.44,0
dl_1568,35,exit_to_Brisbane,35,28,0.44,0
dl_1568,20,Wyreema_exit,20,17,0.44,0
dl_1569,6,,,,,
dl_1569,35,Wyreema_exit,35,28,0.44,0
dl_1569,188,exit_to_Brisbane,188,147,0.44,0
dl_1569,26,Gowrie_exit,26,21,0.44,0
dl_1569,25,exit_to_Brisbane,25,20,0.44,0
dl_1569,23,Gowrie_exit,23,19,0.44,0
dl_1569,21,exit_to_Brisbane,21,17,0.44,0
dl_1569,20,Wyreema_exit,20,17,0.44,0
dl_1570,6,,,,,
dl_1570,35,Wyreema_exit,35,28,0.44,0
dl_1570,188,exit_to_Brisbane,188,147,0.44,0
dl_1570,24,exit_to_Brisbane,24,19,0.44,0
dl_1570,23,Gowrie_exit,23,19,0.44,0
dl_1570,26,Gowrie_exit,26,21,0.44,0
dl_1570,25,exit_to_Brisbane,25,20,0.44,0
dl_1570,20,Wyreema_exit,20,17,0.44,0
dl_1571,6,,,,,
dl_1571,20,Gowrie_exit,20,17,0.44,0
dl_1571,23,exit_to_Brisbane,23,17,0.44,0
dl_1571,21,Gowrie_exit,22,19,0.44,0
dl_1571,24,Gowrie_exit,24,20,0.44,0
dl_1571,26,exit_to_Brisbane,26,20,0.44,0
dl_1571,27,exit_to_Brisbane,27,21,0.44,0
dl_1571,22,Gowrie_exit,22,19,0.44,0
dl_1572,6,,,,,
dl_1572,20,Gowrie_exit,20,17,0.44,0
dl_1572,23,exit_to_Brisbane,23,17,0.44,0
dl_1572,21,Gowrie_exit,22,19,0.44,0
dl_1572,24,Gowrie_exit,24,20,0.44,0
dl_1572,26,exit_to_Brisbane,26,20,0.44,0
dl_1572,22,Gowrie_exit,22,19,0.44,0
dl_1572,35,exit_to_Brisbane,35,28,0.44,0
dl_1573,6,,,,,
dl_1573,20,Gowrie_exit,20,17,0.44,0
dl_1573,23,exit_to_Brisbane,23,17,0.44,0
dl_1573,21,Gowrie_exit,22,19,0.44,0
dl_1573,27,exit_to_Brisbane,27,21,0.44,0
dl_1573,24,Gowrie_exit,24,20,0.44,0
dl_1573,35,exit_to_Brisbane,35,28,0.44,0
dl_1573,22,Gowrie_exit,22,19,0.44,0
dl_1574,4,,,,,
dl_1574,159,exit_to_Brisbane,159,119,0.44,0
dl_1574,158,exit_to_Brisbane,158,119,0.44,0
dl_1574,26,Gowrie_exit,26,21,0.44,0
dl_1574,25,exit_to_Brisbane,25,20,0.44,0
dl_1574,24,Gowrie_exit,24,20,0.44,0
dl_1575,7,,,,,
dl_1575,159,exit_to_Brisbane,159,119,0.44,0
dl_1575,158,exit_to_Brisbane,158,119,0.44,0
dl_1575,26,Gowrie_exit,26,21,0.44,0
dl_1575,25,exit_to_Brisbane,25,20,0.44,0
dl_1575,23,exit_to_Brisbane,23,17,0.44,0
dl_1575,22,Gowrie_exit,22,19,0.44,0
dl_1575,21,Gowrie_exit,22,19,0.44,0
dl_1575,20,Wyreema_exit,20,17,0.44,0
dl_1576,7,,,,,
dl_1576,159,exit_to_Brisbane,159,119,0.44,0
dl_1576,158,exit_to_Brisbane,158,119,0.44,0
dl_1576,24,exit_to_Brisbane,24,19,0.44,0
dl_1576,20,Wyreema_exit,20,17,0.44,0
dl_1576,22,Gowrie_exit,22,19,0.44,0
dl_1576,26,Gowrie_exit,26,21,0.44,0
dl_1576,25,exit_to_Brisbane,25,20,0.44,0
dl_1576,21,Gowrie_exit,22,19,0.44,0
dl_1577,5,,,,,
dl_1577,159,Wyreema_exit,159,119,0.44,0
dl_1577,158,exit_to_Brisbane,158,119,0.44,0
dl_1577,31,Gowrie_exit,31,26,0.44,0
dl_1577,26,Gowrie_exit,26,21,0.44,0
dl_1577,25,exit_to_Brisbane,25,20,0.44,0
dl_1577,24,Gowrie_exit,24,20,0.44,0
dl_1578,8,,,,,
dl_1578,159,Wyreema_exit,159,119,0.44,0
dl_1578,158,exit_to_Brisbane,158,119,0.44,0
dl_1578,31,Gowrie_exit,31,26,0.44,0
dl_1578,26,Gowrie_exit,26,21,0.44,0
dl_1578,25,exit_to_Brisbane,25,20,0.44,0
dl_1578,23,exit_to_Brisbane,23,17,0.44,0
dl_1578,22,Gowrie_exit,22,19,0.44,0
dl_1578,21,Gowrie_exit,22,19,0.44,0
dl_1578,20,Wyreema_exit,20,17,0.44,0
dl_1579,5,,,,,
dl_1579,27,exit_to_Brisbane,27,21,0.44,0
dl_1579,26,Gowrie_exit,26,21,0.44,0
dl_1579,159,Wyreema_exit,159,119,0.44,0
dl_1579,158,exit_to_Brisbane,158,119,0.44,0
dl_1579,31,Gowrie_exit,31,26,0.44,0
dl_1579,24,Gowrie_exit,24,20,0.44,0
dl_1580,8,,,,,
dl_1580,27,exit_to_Brisbane,27,21,0.44,0
dl_1580,26,Gowrie_exit,26,21,0.44,0
dl_1580,159,Wyreema_exit,159,119,0.44,0
dl_1580,158,exit_to_Brisbane,158,119,0.44,0
dl_1580,31,Gowrie_exit,31,26,0.44,0
dl_1580,23,exit_to_Brisbane,23,17,0.44,0
dl_1580,22,Gowrie_exit,22,19,0.44,0
dl_1580,21,Gowrie_exit,22,19,0.44,0
dl_1580,20,Wyreema_exit,20,17,0.44,0
dl_1581,8,,,,,
dl_1581,159,Wyreema_exit,159,119,0.44,0
dl_1581,158,exit_to_Brisbane,158,119,0.44,0
dl_1581,31,Gowrie_exit,31,26,0.44,0
dl_1581,24,exit_to_Brisbane,24,19,0.44,0
dl_1581,20,Wyreema_exit,20,17,0.44,0
dl_1581,22,Gowrie_exit,22,19,0.44,0
dl_1581,26,Gowrie_exit,26,21,0.44,0
dl_1581,25,exit_to_Brisbane,25,20,0.44,0
dl_1581,21,Gowrie_exit,22,19,0.44,0
dl_1582,8,,,,,
dl_1582,27,exit_to_Brisbane,27,21,0.44,0
dl_1582,26,Gowrie_exit,26,21,0.44,0
dl_1582,159,Wyreema_exit,159,119,0.44,0
dl_1582,158,exit_to_Brisbane,158,119,0.44,0
dl_1582,31,Gowrie_exit,31,26,0.44,0
dl_1582,24,exit_to_Brisbane,24,19,0.44,0
dl_1582,20,Wyreema_exit,20,17,0.44,0
dl_1582,22,Gowrie_exit,22,19,0.44,0
dl_1582,21,Gowrie_exit,22,19,0.44,0
dl_1583,6,,,,,
dl_1583,26,exit_to_Brisbane,26,20,0.44,0
dl_1583,25,Wyreema_exit,25,21,0.44,0
dl_1583,27,exit_to_Brisbane,27,21,0.44,0
dl_1583,23,exit_to_Brisbane,23,17,0.44,0
dl_1583,22,Wyreema_exit,22,19,0.44,0
dl_1583,20,Gowrie_exit,20,17,0.44,0
dl_1583,21,Wyreema_exit,22,19,0.44,0
dl_1584,6,,,,,
dl_1584,24,exit_to_Brisbane,24,19,0.44,0
dl_1584,20,Gowrie_exit,20,17,0.44,0
dl_1584,22,Wyreema_exit,22,19,0.44,0
dl_1584,26,exit_to_Brisbane,26,20,0.44,0
dl_1584,25,Wyreema_exit,25,21,0.44,0
dl_1584,27,exit_to_Brisbane,27,21,0.44,0
dl_1584,21,Wyreema_exit,22,19,0.44,0
dl_1585,5,,,,,
dl_1585,159,Gowrie_exit,159,120,0.44,0
dl_1585,158,Wyreema_exit,158,119,0.44,0
dl_1585,160,Wyreema_exit,160,120,0.44,0
dl_1585,171,Gowrie_exit,171,131,0.44,0
dl_1585,172,Wyreema_exit,172,132,0.44,0
dl_1585,173,exit_to_Brisbane,173,132,0.44,0
dl_1586,5,,,,,
dl_1586,157,Gowrie_exit,157,119,0.44,0
dl_1586,160,Wyreema_exit,160,120,0.44,0
dl_1586,158,Wyreema_exit,158,119,0.44,0
dl_1586,171,Gowrie_exit,171,131,0.44,0
dl_1586,172,Wyreema_exit,172,132,0.44,0
dl_1586,173,exit_to_Brisbane,173,132,0.44,0
dl_1587,7,,,,,
dl_1587,17,exit_to_Brisbane,17,14,0.44,0
dl_1587,216,exit_to_Brisbane,218,13,0.44,0
dl_1587,16,Wyreema_exit,16,14,0.44,0
dl_1587,218,exit_to_Brisbane,218,13,0.44,0
dl_1587,2,exit_to_Brisbane,2,3,0.44,0
dl_1587,1,Gowrie_exit,1,2,0.44,0
dl_1587,4,Gowrie_exit,4,3,0.44,0
dl_1587,3,Gowrie_exit,1,2,0.44,0
dl_1588,7,,,,,
dl_1588,15,exit_to_Brisbane,15,2,0.44,0
dl_1588,4,Gowrie_exit,4,3,0.44,0
dl_1588,1,Gowrie_exit,1,2,0.44,0
dl_1588,17,exit_to_Brisbane,17,14,0.44,0
dl_1588,216,exit_to_Brisbane,218,13,0.44,0
dl_1588,16,Wyreema_exit,16,14,0.44,0
dl_1588,218,exit_to_Brisbane,218,13,0.44,0
dl_1588,3,Gowrie_exit,1,2,0.44,0
dl_1589,9,,,,,
dl_1589,24,exit_to_Brisbane,24,19,0.44,0
dl_1589,23,exit_to_Brisbane,23,17,0.44,0
dl_1589,22,Wyreema_exit,22,19,0.44,0
dl_1589,20,exit_to_Brisbane,20,16,0.44,0
dl_1589,19,exit_to_Brisbane,19,15,0.44,0
dl_1589,18,Wyreema_exit,18,16,0.44,0
dl_1589,216,exit_to_Brisbane,218,13,0.44,0
dl_1589,16,Wyreema_exit,16,14,0.44,0
dl_1589,15,Gowrie_exit,15,13,0.44,0
dl_1589,218,exit_to_Brisbane,218,13,0.44,0
dl_1590,11,,,,,
dl_1590,27,exit_to_Brisbane,27,21,0.44,0
dl_1590,26,Gowrie_exit,26,21,0.44,0
dl_1590,25,exit_to_Brisbane,25,20,0.44,0
dl_1590,23,exit_to_Brisbane,23,17,0.44,0
dl_1590,22,Wyreema_exit,22,19,0.44,0
dl_1590,20,exit_to_Brisbane,20,16,0.44,0
dl_1590,19,exit_to_Brisbane,19,15,0.44,0
dl_1590,18,Wyreema_exit,18,16,0.44,0
dl_1590,216,exit_to_Brisbane,218,13,0.44,0
dl_1590,16,Wyreema_exit,16,14,0.44,0
dl_1590,15,Gowrie_exit,15,13,0.44,0
dl_1590,218,exit_to_Brisbane,218,13,0.44,0
dl_1591,11,,,,,
dl_1591,24,exit_to_Brisbane,24,19,0.44,0
dl_1591,20,exit_to_Brisbane,20,16,0.44,0
dl_1591,22,Wyreema_exit,22,19,0.44,0
dl_1591,27,exit_to_Brisbane,27,21,0.44,0
dl_1591,26,Gowrie_exit,26,21,0.44,0
dl_1591,25,exit_to_Brisbane,25,20,0.44,0
dl_1591,19,exit_to_Brisbane,19,15,0.44,0
dl_1591,18,Wyreema_exit,18,16,0.44,0
dl_1591,216,exit_to_Brisbane,218,13,0.44,0
dl_1591,16,Wyreema_exit,16,14,0.44,0
dl_1591,15,Gowrie_exit,15,13,0.44,0
dl_1591,218,exit_to_Brisbane,218,13,0.44,0
dl_1592,11,,,,,
dl_1592,26,Gowrie_exit,26,21,0.44,0
dl_1592,25,exit_to_Brisbane,25,20,0.44,0
dl_1592,35,exit_to_Brisbane,35,28,0.44,0
dl_1592,23,exit_to_Brisbane,23,17,0.44,0
dl_1592,22,Wyreema_exit,22,19,0.44,0
dl_1592,20,exit_to_Brisbane,20,16,0.44,0
dl_1592,19,exit_to_Brisbane,19,15,0.44,0
dl_1592,18,Wyreema_exit,18,16,0.44,0
dl_1592,216,exit_to_Brisbane,218,13,0.44,0
dl_1592,16,Wyreema_exit,16,14,0.44,0
dl_1592,15,Gowrie_exit,15,13,0.44,0
dl_1592,218,exit_to_Brisbane,218,13,0.44,0
dl_1593,11,,,,,
dl_1593,24,exit_to_Brisbane,24,19,0.44,0
dl_1593,20,exit_to_Brisbane,20,16,0.44,0
dl_1593,22,Wyreema_exit,22,19,0.44,0
dl_1593,26,Gowrie_exit,26,21,0.44,0
dl_1593,25,exit_to_Brisbane,25,20,0.44,0
dl_1593,35,exit_to_Brisbane,35,28,0.44,0
dl_1593,19,exit_to_Brisbane,19,15,0.44,0
dl_1593,18,Wyreema_exit,18,16,0.44,0
dl_1593,216,exit_to_Brisbane,218,13,0.44,0
dl_1593,16,Wyreema_exit,16,14,0.44,0
dl_1593,15,Gowrie_exit,15,13,0.44,0
dl_1593,218,exit_to_Brisbane,218,13,0.44,0
dl_1594,12,,,,,
dl_1594,24,exit_to_Brisbane,24,19,0.44,0
dl_1594,23,exit_to_Brisbane,23,17,0.44,0
dl_1594,22,Wyreema_exit,22,19,0.44,0
dl_1594,20,exit_to_Brisbane,20,16,0.44,0
dl_1594,19,exit_to_Brisbane,19,15,0.44,0
dl_1594,18,Wyreema_exit,18,16,0.44,0
dl_1594,216,exit_to_Brisbane,218,13,0.44,0
dl_1594,16,Wyreema_exit,16,14,0.44,0
dl_1594,218,exit_to_Brisbane,218,13,0.44,0
dl_1594,2,exit_to_Brisbane,2,3,0.44,0
dl_1594,1,Gowrie_exit,1,2,0.44,0
dl_1594,4,Gowrie_exit,4,3,0.44,0
dl_1594,3,Gowrie_exit,1,2,0.44,0
dl_1595,14,,,,,
dl_1595,27,exit_to_Brisbane,27,21,0.44,0
dl_1595,26,Gowrie_exit,26,21,0.44,0
dl_1595,25,exit_to_Brisbane,25,20,0.44,0
dl_1595,23,exit_to_Brisbane,23,17,0.44,0
dl_1595,22,Wyreema_exit,22,19,0.44,0
dl_1595,20,exit_to_Brisbane,20,16,0.44,0
dl_1595,19,exit_to_Brisbane,19,15,0.44,0
dl_1595,18,Wyreema_exit,18,16,0.44,0
dl_1595,216,exit_to_Brisbane,218,13,0.44,0
dl_1595,16,Wyreema_exit,16,14,0.44,0
dl_1595,218,exit_to_Brisbane,218,13,0.44,0
dl_1595,2,exit_to_Brisbane,2,3,0.44,0
dl_1595,1,Gowrie_exit,1,2,0.44,0
dl_1595,4,Gowrie_exit,4,3,0.44,0
dl_1595,3,Gowrie_exit,1,2,0.44,0
dl_1596,14,,,,,
dl_1596,24,exit_to_Brisbane,24,19,0.44,0
dl_1596,20,exit_to_Brisbane,20,16,0.44,0
dl_1596,22,Wyreema_exit,22,19,0.44,0
dl_1596,27,exit_to_Brisbane,27,21,0.44,0
dl_1596,26,Gowrie_exit,26,21,0.44,0
dl_1596,25,exit_to_Brisbane,25,20,0.44,0
dl_1596,19,exit_to_Brisbane,19,15,0.44,0
dl_1596,18,Wyreema_exit,18,16,0.44,0
dl_1596,216,exit_to_Brisbane,218,13,0.44,0
dl_1596,16,Wyreema_exit,16,14,0.44,0
dl_1596,218,exit_to_Brisbane,218,13,0.44,0
dl_1596,2,exit_to_Brisbane,2,3,0.44,0
dl_1596,1,Gowrie_exit,1,2,0.44,0
dl_1596,4,Gowrie_exit,4,3,0.44,0
dl_1596,3,Gowrie_exit,1,2,0.44,0
dl_1597,14,,,,,
dl_1597,26,Gowrie_exit,26,21,0.44,0
dl_1597,25,exit_to_Brisbane,25,20,0.44,0
dl_1597,35,exit_to_Brisbane,35,28,0.44,0
dl_1597,23,exit_to_Brisbane,23,17,0.44,0
dl_1597,22,Wyreema_exit,22,19,0.44,0
dl_1597,20,exit_to_Brisbane,20,16,0.44,0
dl_1597,19,exit_to_Brisbane,19,15,0.44,0
dl_1597,18,Wyreema_exit,18,16,0.44,0
dl_1597,216,exit_to_Brisbane,218,13,0.44,0
dl_1597,16,Wyreema_exit,16,14,0.44,0
dl_1597,218,exit_to_Brisbane,218,13,0.44,0
dl_1597,2,exit_to_Brisbane,2,3,0.44,0
dl_1597,1,Gowrie_exit,1,2,0.44,0
dl_1597,4,Gowrie_exit,4,3,0.44,0
dl_1597,3,Gowrie_exit,1,2,0.44,0
dl_1598,14,,,,,
dl_1598,24,exit_to_Brisbane,24,19,0.44,0
dl_1598,20,exit_to_Brisbane,20,16,0.44,0
dl_1598,22,Wyreema_exit,22,19,0.44,0
dl_1598,26,Gowrie_exit,26,21,0.44,0
dl_1598,25,exit_to_Brisbane,25,20,0.44,0
dl_1598,35,exit_to_Brisbane,35,28,0.44,0
dl_1598,19,exit_to_Brisbane,19,15,0.44,0
dl_1598,18,Wyreema_exit,18,16,0.44,0
dl_1598,216,exit_to_Brisbane,218,13,0.44,0
dl_1598,16,Wyreema_exit,16,14,0.44,0
dl_1598,218,exit_to_Brisbane,218,13,0.44,0
dl_1598,2,exit_to_Brisbane,2,3,0.44,0
dl_1598,1,Gowrie_exit,1,2,0.44,0
dl_1598,4,Gowrie_exit,4,3,0.44,0
dl_1598,3,Gowrie_exit,1,2,0.44,0
dl_1599,12,,,,,
dl_1599,24,exit_to_Brisbane,24,19,0.44,0
dl_1599,23,exit_to_Brisbane,23,17,0.44,0
dl_1599,22,Wyreema_exit,22,19,0.44,0
dl_1599,20,exit_to_Brisbane,20,16,0.44,0
dl_1599,19,exit_to_Brisbane,19,15,0.44,0
dl_1599,18,Wyreema_exit,18,16,0.44,0
dl_1599,15,exit_to_Brisbane,15,2,0.44,0
dl_1599,4,Gowrie_exit,4,3,0.44,0
dl_1599,1,Gowrie_exit,1,2,0.44,0
dl_1599,216,exit_to_Brisbane,218,13,0.44,0
dl_1599,16,Wyreema_exit,16,14,0.44,0
dl_1599,218,exit_to_Brisbane,218,13,0.44,0
dl_1599,3,Gowrie_exit,1,2,0.44,0
dl_1600,14,,,,,
dl_1600,27,exit_to_Brisbane,27,21,0.44,0
dl_1600,26,Gowrie_exit,26,21,0.44,0
dl_1600,25,exit_to_Brisbane,25,20,0.44,0
dl_1600,23,exit_to_Brisbane,23,17,0.44,0
dl_1600,22,Wyreema_exit,22,19,0.44,0
dl_1600,20,exit_to_Brisbane,20,16,0.44,0
dl_1600,19,exit_to_Brisbane,19,15,0.44,0
dl_1600,18,Wyreema_exit,18,16,0.44,0
dl_1600,15,exit_to_Brisbane,15,2,0.44,0
dl_1600,4,Gowrie_exit,4,3,0.44,0
dl_1600,1,Gowrie_exit,1,2,0.44,0
dl_1600,216,exit_to_Brisbane,218,13,0.44,0
dl_1600,16,Wyreema_exit,16,14,0.44,0
dl_1600,218,exit_to_Brisbane,218,13,0.44,0
dl_1600,3,Gowrie_exit,1,2,0.44,0
dl_1601,14,,,,,
dl_1601,24,exit_to_Brisbane,24,19,0.44,0
dl_1601,20,exit_to_Brisbane,20,16,0.44,0
dl_1601,22,Wyreema_exit,22,19,0.44,0
dl_1601,27,exit_to_Brisbane,27,21,0.44,0
dl_1601,26,Gowrie_exit,26,21,0.44,0
dl_1601,25,exit_to_Brisbane,25,20,0.44,0
dl_1601,19,exit_to_Brisbane,19,15,0.44,0
dl_1601,18,Wyreema_exit,18,16,0.44,0
dl_1601,15,exit_to_Brisbane,15,2,0.44,0
dl_1601,4,Gowrie_exit,4,3,0.44,0
dl_1601,1,Gowrie_exit,1,2,0.44,0
dl_1601,216,exit_to_Brisbane,218,13,0.44,0
dl_1601,16,Wyreema_exit,16,14,0.44,0
dl_1601,218,exit_to_Brisbane,218,13,0.44,0
dl_1601,3,Gowrie_exit,1,2,0.44,0
dl_1602,14,,,,,
dl_1602,26,Gowrie_exit,26,21,0.44,0
dl_1602,25,exit_to_Brisbane,25,20,0.44,0
dl_1602,35,exit_to_Brisbane,35,28,0.44,0
dl_1602,23,exit_to_Brisbane,23,17,0.44,0
dl_1602,22,Wyreema_exit,22,19,0.44,0
dl_1602,20,exit_to_Brisbane,20,16,0.44,0
dl_1602,19,exit_to_Brisbane,19,15,0.44,0
dl_1602,18,Wyreema_exit,18,16,0.44,0
dl_1602,15,exit_to_Brisbane,15,2,0.44,0
dl_1602,4,Gowrie_exit,4,3,0.44,0
dl_1602,1,Gowrie_exit,1,2,0.44,0
dl_1602,216,exit_to_Brisbane,218,13,0.44,0
dl_1602,16,Wyreema_exit,16,14,0.44,0
dl_1602,218,exit_to_Brisbane,218,13,0.44,0
dl_1602,3,Gowrie_exit,1,2,0.44,0
dl_1603,14,,,,,
dl_1603,24,exit_to_Brisbane,24,19,0.44,0
dl_1603,20,exit_to_Brisbane,20,16,0.44,0
dl_1603,22,Wyreema_exit,22,19,0.44,0
dl_1603,26,Gowrie_exit,26,21,0.44,0
dl_1603,25,exit_to_Brisbane,25,20,0.44,0
dl_1603,35,exit_to_Brisbane,35,28,0.44,0
dl_1603,19,exit_to_Brisbane,19,15,0.44,0
dl_1603,18,Wyreema_exit,18,16,0.44,0
dl_1603,15,exit_to_Brisbane,15,2,0.44,0
dl_1603,4,Gowrie_exit,4,3,0.44,0
dl_1603,1,Gowrie_exit,1,2,0.44,0
dl_1603,216,exit_to_Brisbane,218,13,0.44,0
dl_1603,16,Wyreema_exit,16,14,0.44,0
dl_1603,218,exit_to_Brisbane,218,13,0.44,0
dl_1603,3,Gowrie_exit,1,2,0.44,0
dl_1604,11,,,,,
dl_1604,27,exit_to_Brisbane,27,21,0.44,0
dl_1604,26,Gowrie_exit,26,21,0.44,0
dl_1604,35,exit_to_Brisbane,35,28,0.44,0
dl_1604,23,exit_to_Brisbane,23,17,0.44,0
dl_1604,22,Wyreema_exit,22,19,0.44,0
dl_1604,20,exit_to_Brisbane,20,16,0.44,0
dl_1604,19,exit_to_Brisbane,19,15,0.44,0
dl_1604,18,Wyreema_exit,18,16,0.44,0
dl_1604,216,exit_to_Brisbane,218,13,0.44,0
dl_1604,16,Wyreema_exit,16,14,0.44,0
dl_1604,15,Gowrie_exit,15,13,0.44,0
dl_1604,218,exit_to_Brisbane,218,13,0.44,0
dl_1605,11,,,,,
dl_1605,24,exit_to_Brisbane,24,19,0.44,0
dl_1605,20,exit_to_Brisbane,20,16,0.44,0
dl_1605,22,Wyreema_exit,22,19,0.44,0
dl_1605,27,exit_to_Brisbane,27,21,0.44,0
dl_1605,26,Gowrie_exit,26,21,0.44,0
dl_1605,35,exit_to_Brisbane,35,28,0.44,0
dl_1605,19,exit_to_Brisbane,19,15,0.44,0
dl_1605,18,Wyreema_exit,18,16,0.44,0
dl_1605,216,exit_to_Brisbane,218,13,0.44,0
dl_1605,16,Wyreema_exit,16,14,0.44,0
dl_1605,15,Gowrie_exit,15,13,0.44,0
dl_1605,218,exit_to_Brisbane,218,13,0.44,0
dl_1606,14,,,,,
dl_1606,27,exit_to_Brisbane,27,21,0.44,0
dl_1606,26,Gowrie_exit,26,21,0.44,0
dl_1606,35,exit_to_Brisbane,35,28,0.44,0
dl_1606,23,exit_to_Brisbane,23,17,0.44,0
dl_1606,22,Wyreema_exit,22,19,0.44,0
dl_1606,20,exit_to_Brisbane,20,16,0.44,0
dl_1606,19,exit_to_Brisbane,19,15,0.44,0
dl_1606,18,Wyreema_exit,18,16,0.44,0
dl_1606,216,exit_to_Brisbane,218,13,0.44,0
dl_1606,16,Wyreema_exit,16,14,0.44,0
dl_1606,218,exit_to_Brisbane,218,13,0.44,0
dl_1606,2,exit_to_Brisbane,2,3,0.44,0
dl_1606,1,Gowrie_exit,1,2,0.44,0
dl_1606,4,Gowrie_exit,4,3,0.44,0
dl_1606,3,Gowrie_exit,1,2,0.44,0
dl_1607,14,,,,,
dl_1607,24,exit_to_Brisbane,24,19,0.44,0
dl_1607,20,exit_to_Brisbane,20,16,0.44,0
dl_1607,22,Wyreema_exit,22,19,0.44,0
dl_1607,27,exit_to_Brisbane,27,21,0.44,0
dl_1607,26,Gowrie_exit,26,21,0.44,0
dl_1607,35,exit_to_Brisbane,35,28,0.44,0
dl_1607,19,exit_to_Brisbane,19,15,0.44,0
dl_1607,18,Wyreema_exit,18,16,0.44,0
dl_1607,216,exit_to_Brisbane,218,13,0.44,0
dl_1607,16,Wyreema_exit,16,14,0.44,0
dl_1607,218,exit_to_Brisbane,218,13,0.44,0
dl_1607,2,exit_to_Brisbane,2,3,0.44,0
dl_1607,1,Gowrie_exit,1,2,0.44,0
dl_1607,4,Gowrie_exit,4,3,0.44,0
dl_1607,3,Gowrie_exit,1,2,0.44,0
dl_1608,14,,,,,
dl_1608,27,exit_to_Brisbane,27,21,0.44,0
dl_1608,26,Gowrie_exit,26,21,0.44,0
dl_1608,35,exit_to_Brisbane,35,28,0.44,0
dl_1608,23,exit_to_Brisbane,23,17,0.44,0
dl_1608,22,Wyreema_exit,22,19,0.44,0
dl_1608,20,exit_to_Brisbane,20,16,0.44,0
dl_1608,19,exit_to_Brisbane,19,15,0.44,0
dl_1608,18,Wyreema_exit,18,16,0.44,0
dl_1608,15,exit_to_Brisbane,15,2,0.44,0
dl_1608,4,Gowrie_exit,4,3,0.44,0
dl_1608,1,Gowrie_exit,1,2,0.44,0
dl_1608,216,exit_to_Brisbane,218,13,0.44,0
dl_1608,16,Wyreema_exit,16,14,0.44,0
dl_1608,218,exit_to_Brisbane,218,13,0.44,0
dl_1608,3,Gowrie_exit,1,2,0.44,0
dl_1609,14,,,,,
dl_1609,24,exit_to_Brisbane,24,19,0.44,0
dl_1609,20,exit_to_Brisbane,20,16,0.44,0
dl_1609,22,Wyreema_exit,22,19,0.44,0
dl_1609,27,exit_to_Brisbane,27,21,0.44,0
dl_1609,26,Gowrie_exit,26,21,0.44,0
dl_1609,35,exit_to_Brisbane,35,28,0.44,0
dl_1609,19,exit_to_Brisbane,19,15,0.44,0
dl_1609,18,Wyreema_exit,18,16,0.44,0
dl_1609,15,exit_to_Brisbane,15,2,0.44,0
dl_1609,4,Gowrie_exit,4,3,0.44,0
dl_1609,1,Gowrie_exit,1,2,0.44,0
dl_1609,216,exit_to_Brisbane,218,13,0.44,0
dl_1609,16,Wyreema_exit,16,14,0.44,0
dl_1609,218,exit_to_Brisbane,218,13,0.44,0
dl_1609,3,Gowrie_exit,1,2,0.44,0
dl_1610,6,,,,,
dl_1610,20,exit_to_Brisbane,20,16,0.44,0
dl_1610,19,exit_to_Brisbane,19,15,0.44,0
dl_1610,18,Wyreema_exit,18,16,0.44,0
dl_1610,216,exit_to_Brisbane,218,13,0.44,0
dl_1610,16,Wyreema_exit,16,14,0.44,0
dl_1610,15,Gowrie_exit,15,13,0.44,0
dl_1610,218,exit_to_Brisbane,218,13,0.44,0
dl_1611,9,,,,,
dl_1611,20,exit_to_Brisbane,20,16,0.44,0
dl_1611,19,exit_to_Brisbane,19,15,0.44,0
dl_1611,18,Wyreema_exit,18,16,0.44,0
dl_1611,216,exit_to_Brisbane,218,13,0.44,0
dl_1611,16,Wyreema_exit,16,14,0.44,0
dl_1611,218,exit_to_Brisbane,218,13,0.44,0
dl_1611,2,exit_to_Brisbane,2,3,0.44,0
dl_1611,1,Gowrie_exit,1,2,0.44,0
dl_1611,4,Gowrie_exit,4,3,0.44,0
dl_1611,3,Gowrie_exit,1,2,0.44,0
dl_1612,9,,,,,
dl_1612,20,exit_to_Brisbane,20,16,0.44,0
dl_1612,19,exit_to_Brisbane,19,15,0.44,0
dl_1612,18,Wyreema_exit,18,16,0.44,0
dl_1612,15,exit_to_Brisbane,15,2,0.44,0
dl_1612,4,Gowrie_exit,4,3,0.44,0
dl_1612,1,Gowrie_exit,1,2,0.44,0
dl_1612,216,exit_to_Brisbane,218,13,0.44,0
dl_1612,16,Wyreema_exit,16,14,0.44,0
dl_1612,218,exit_to_Brisbane,218,13,0.44,0
dl_1612,3,Gowrie_exit,1,2,0.44,0
dl_1613,12,,,,,
dl_1613,24,exit_to_Brisbane,24,19,0.44,0
dl_1613,23,exit_to_Brisbane,23,17,0.44,0
dl_1613,22,Wyreema_exit,22,19,0.44,0
dl_1613,21,Wyreema_exit,22,19,0.44,0
dl_1613,27,exit_to_Brisbane,27,21,0.44,0
dl_1613,26,Gowrie_exit,26,21,0.44,0
dl_1613,25,exit_to_Brisbane,25,20,0.44,0
dl_1613,19,exit_to_Brisbane,19,15,0.44,0
dl_1613,18,Wyreema_exit,18,16,0.44,0
dl_1613,216,exit_to_Brisbane,218,13,0.44,0
dl_1613,16,Wyreema_exit,16,14,0.44,0
dl_1613,15,Gowrie_exit,15,13,0.44,0
dl_1613,218,exit_to_Brisbane,218,13,0.44,0
dl_1614,12,,,,,
dl_1614,24,exit_to_Brisbane,24,19,0.44,0
dl_1614,23,exit_to_Brisbane,23,17,0.44,0
dl_1614,22,Wyreema_exit,22,19,0.44,0
dl_1614,21,Wyreema_exit,22,19,0.44,0
dl_1614,26,Gowrie_exit,26,21,0.44,0
dl_1614,25,exit_to_Brisbane,25,20,0.44,0
dl_1614,35,exit_to_Brisbane,35,28,0.44,0
dl_1614,19,exit_to_Brisbane,19,15,0.44,0
dl_1614,18,Wyreema_exit,18,16,0.44,0
dl_1614,216,exit_to_Brisbane,218,13,0.44,0
dl_1614,16,Wyreema_exit,16,14,0.44,0
dl_1614,15,Gowrie_exit,15,13,0.44,0
dl_1614,218,exit_to_Brisbane,218,13,0.44,0
dl_1615,15,,,,,
dl_1615,24,exit_to_Brisbane,24,19,0.44,0
dl_1615,23,exit_to_Brisbane,23,17,0.44,0
dl_1615,22,Wyreema_exit,22,19,0.44,0
dl_1615,21,Wyreema_exit,22,19,0.44,0
dl_1615,27,exit_to_Brisbane,27,21,0.44,0
dl_1615,26,Gowrie_exit,26,21,0.44,0
dl_1615,25,exit_to_Brisbane,25,20,0.44,0
dl_1615,19,exit_to_Brisbane,19,15,0.44,0
dl_1615,18,Wyreema_exit,18,16,0.44,0
dl_1615,216,exit_to_Brisbane,218,13,0.44,0
dl_1615,16,Wyreema_exit,16,14,0.44,0
dl_1615,218,exit_to_Brisbane,218,13,0.44,0
dl_1615,2,exit_to_Brisbane,2,3,0.44,0
dl_1615,1,Gowrie_exit,1,2,0.44,0
dl_1615,4,Gowrie_exit,4,3,0.44,0
dl_1615,3,Gowrie_exit,1,2,0.44,0
dl_1616,15,,,,,
dl_1616,24,exit_to_Brisbane,24,19,0.44,0
dl_1616,23,exit_to_Brisbane,23,17,0.44,0
dl_1616,22,Wyreema_exit,22,19,0.44,0
dl_1616,21,Wyreema_exit,22,19,0.44,0
dl_1616,26,Gowrie_exit,26,21,0.44,0
dl_1616,25,exit_to_Brisbane,25,20,0.44,0
dl_1616,35,exit_to_Brisbane,35,28,0.44,0
dl_1616,19,exit_to_Brisbane,19,15,0.44,0
dl_1616,18,Wyreema_exit,18,16,0.44,0
dl_1616,216,exit_to_Brisbane,218,13,0.44,0
dl_1616,16,Wyreema_exit,16,14,0.44,0
dl_1616,218,exit_to_Brisbane,218,13,0.44,0
dl_1616,2,exit_to_Brisbane,2,3,0.44,0
dl_1616,1,Gowrie_exit,1,2,0.44,0
dl_1616,4,Gowrie_exit,4,3,0.44,0
dl_1616,3,Gowrie_exit,1,2,0.44,0
dl_1617,12,,,,,
dl_1617,24,exit_to_Brisbane,24,19,0.44,0
dl_1617,23,exit_to_Brisbane,23,17,0.44,0
dl_1617,22,Wyreema_exit,22,19,0.44,0
dl_1617,21,Wyreema_exit,22,19,0.44,0
dl_1617,27,exit_to_Brisbane,27,21,0.44,0
dl_1617,26,Gowrie_exit,26,21,0.44,0
dl_1617,35,exit_to_Brisbane,35,28,0.44,0
dl_1617,19,exit_to_Brisbane,19,15,0.44,0
dl_1617,18,Wyreema_exit,18,16,0.44,0
dl_1617,216,exit_to_Brisbane,218,13,0.44,0
dl_1617,16,Wyreema_exit,16,14,0.44,0
dl_1617,15,Gowrie_exit,15,13,0.44,0
dl_1617,218,exit_to_Brisbane,218,13,0.44,0
dl_1618,15,,,,,
dl_1618,24,exit_to_Brisbane,24,19,0.44,0
dl_1618,23,exit_to_Brisbane,23,17,0.44,0
dl_1618,22,Wyreema_exit,22,19,0.44,0
dl_1618,21,Wyreema_exit,22,19,0.44,0
dl_1618,27,exit_to_Brisbane,27,21,0.44,0
dl_1618,26,Gowrie_exit,26,21,0.44,0
dl_1618,35,exit_to_Brisbane,35,28,0.44,0
dl_1618,19,exit_to_Brisbane,19,15,0.44,0
dl_1618,18,Wyreema_exit,18,16,0.44,0
dl_1618,216,exit_to_Brisbane,218,13,0.44,0
dl_1618,16,Wyreema_exit,16,14,0.44,0
dl_1618,218,exit_to_Brisbane,218,13,0.44,0
dl_1618,2,exit_to_Brisbane,2,3,0.44,0
dl_1618,1,Gowrie_exit,1,2,0.44,0
dl_1618,4,Gowrie_exit,4,3,0.44,0
dl_1618,3,Gowrie_exit,1,2,0.44,0
dl_1619,15,,,,,
dl_1619,24,exit_to_Brisbane,24,19,0.44,0
dl_1619,23,exit_to_Brisbane,23,17,0.44,0
dl_1619,22,Wyreema_exit,22,19,0.44,0
dl_1619,21,Wyreema_exit,22,19,0.44,0
dl_1619,27,exit_to_Brisbane,27,21,0.44,0
dl_1619,26,Gowrie_exit,26,21,0.44,0
dl_1619,25,exit_to_Brisbane,25,20,0.44,0
dl_1619,19,exit_to_Brisbane,19,15,0.44,0
dl_1619,18,Wyreema_exit,18,16,0.44,0
dl_1619,15,exit_to_Brisbane,15,2,0.44,0
dl_1619,4,Gowrie_exit,4,3,0.44,0
dl_1619,1,Gowrie_exit,1,2,0.44,0
dl_1619,216,exit_to_Brisbane,218,13,0.44,0
dl_1619,16,Wyreema_exit,16,14,0.44,0
dl_1619,218,exit_to_Brisbane,218,13,0.44,0
dl_1619,3,Gowrie_exit,1,2,0.44,0
dl_1620,15,,,,,
dl_1620,24,exit_to_Brisbane,24,19,0.44,0
dl_1620,23,exit_to_Brisbane,23,17,0.44,0
dl_1620,22,Wyreema_exit,22,19,0.44,0
dl_1620,21,Wyreema_exit,22,19,0.44,0
dl_1620,26,Gowrie_exit,26,21,0.44,0
dl_1620,25,exit_to_Brisbane,25,20,0.44,0
dl_1620,35,exit_to_Brisbane,35,28,0.44,0
dl_1620,19,exit_to_Brisbane,19,15,0.44,0
dl_1620,18,Wyreema_exit,18,16,0.44,0
dl_1620,15,exit_to_Brisbane,15,2,0.44,0
dl_1620,4,Gowrie_exit,4,3,0.44,0
dl_1620,1,Gowrie_exit,1,2,0.44,0
dl_1620,216,exit_to_Brisbane,218,13,0.44,0
dl_1620,16,Wyreema_exit,16,14,0.44,0
dl_1620,218,exit_to_Brisbane,218,13,0.44,0
dl_1620,3,Gowrie_exit,1,2,0.44,0
dl_1621,15,,,,,
dl_1621,24,exit_to_Brisbane,24,19,0.44,0
dl_1621,23,exit_to_Brisbane,23,17,0.44,0
dl_1621,22,Wyreema_exit,22,19,0.44,0
dl_1621,21,Wyreema_exit,22,19,0.44,0
dl_1621,27,exit_to_Brisbane,27,21,0.44,0
dl_1621,26,Gowrie_exit,26,21,0.44,0
dl_1621,35,exit_to_Brisbane,35,28,0.44,0
dl_1621,19,exit_to_Brisbane,19,15,0.44,0
dl_1621,18,Wyreema_exit,18,16,0.44,0
dl_1621,15,exit_to_Brisbane,15,2,0.44,0
dl_1621,4,Gowrie_exit,4,3,0.44,0
dl_1621,1,Gowrie_exit,1,2,0.44,0
dl_1621,216,exit_to_Brisbane,218,13,0.44,0
dl_1621,16,Wyreema_exit,16,14,0.44,0
dl_1621,218,exit_to_Brisbane,218,13,0.44,0
dl_1621,3,Gowrie_exit,1,2,0.44,0
dl_1622,12,,,,,
dl_1622,27,exit_to_Brisbane,27,21,0.44,0
dl_1622,26,Gowrie_exit,26,21,0.44,0
dl_1622,25,exit_to_Brisbane,25,20,0.44,0
dl_1622,23,exit_to_Brisbane,23,17,0.44,0
dl_1622,22,Wyreema_exit,22,19,0.44,0
dl_1622,21,Wyreema_exit,22,19,0.44,0
dl_1622,35,exit_to_Brisbane,35,28,0.44,0
dl_1622,19,exit_to_Brisbane,19,15,0.44,0
dl_1622,18,Wyreema_exit,18,16,0.44,0
dl_1622,216,exit_to_Brisbane,218,13,0.44,0
dl_1622,16,Wyreema_exit,16,14,0.44,0
dl_1622,15,Gowrie_exit,15,13,0.44,0
dl_1622,218,exit_to_Brisbane,218,13,0.44,0
dl_1623,15,,,,,
dl_1623,27,exit_to_Brisbane,27,21,0.44,0
dl_1623,26,Gowrie_exit,26,21,0.44,0
dl_1623,25,exit_to_Brisbane,25,20,0.44,0
dl_1623,23,exit_to_Brisbane,23,17,0.44,0
dl_1623,22,Wyreema_exit,22,19,0.44,0
dl_1623,21,Wyreema_exit,22,19,0.44,0
dl_1623,35,exit_to_Brisbane,35,28,0.44,0
dl_1623,19,exit_to_Brisbane,19,15,0.44,0
dl_1623,18,Wyreema_exit,18,16,0.44,0
dl_1623,216,exit_to_Brisbane,218,13,0.44,0
dl_1623,16,Wyreema_exit,16,14,0.44,0
dl_1623,218,exit_to_Brisbane,218,13,0.44,0
dl_1623,2,exit_to_Brisbane,2,3,0.44,0
dl_1623,1,Gowrie_exit,1,2,0.44,0
dl_1623,4,Gowrie_exit,4,3,0.44,0
dl_1623,3,Gowrie_exit,1,2,0.44,0
dl_1624,15,,,,,
dl_1624,27,exit_to_Brisbane,27,21,0.44,0
dl_1624,26,Gowrie_exit,26,21,0.44,0
dl_1624,25,exit_to_Brisbane,25,20,0.44,0
dl_1624,23,exit_to_Brisbane,23,17,0.44,0
dl_1624,22,Wyreema_exit,22,19,0.44,0
dl_1624,21,Wyreema_exit,22,19,0.44,0
dl_1624,35,exit_to_Brisbane,35,28,0.44,0
dl_1624,19,exit_to_Brisbane,19,15,0.44,0
dl_1624,18,Wyreema_exit,18,16,0.44,0
dl_1624,15,exit_to_Brisbane,15,2,0.44,0
dl_1624,4,Gowrie_exit,4,3,0.44,0
dl_1624,1,Gowrie_exit,1,2,0.44,0
dl_1624,216,exit_to_Brisbane,218,13,0.44,0
dl_1624,16,Wyreema_exit,16,14,0.44,0
dl_1624,218,exit_to_Brisbane,218,13,0.44,0
dl_1624,3,Gowrie_exit,1,2,0.44,0
dl_1625,9,,,,,
dl_1625,24,exit_to_Brisbane,24,19,0.44,0
dl_1625,23,exit_to_Brisbane,23,17,0.44,0
dl_1625,22,Wyreema_exit,22,19,0.44,0
dl_1625,21,Wyreema_exit,22,19,0.44,0
dl_1625,19,exit_to_Brisbane,19,15,0.44,0
dl_1625,18,Wyreema_exit,18,16,0.44,0
dl_1625,216,exit_to_Brisbane,218,13,0.44,0
dl_1625,16,Wyreema_exit,16,14,0.44,0
dl_1625,15,Gowrie_exit,15,13,0.44,0
dl_1625,218,exit_to_Brisbane,218,13,0.44,0
dl_1626,12,,,,,
dl_1626,24,exit_to_Brisbane,24,19,0.44,0
dl_1626,23,exit_to_Brisbane,23,17,0.44,0
dl_1626,22,Wyreema_exit,22,19,0.44,0
dl_1626,21,Wyreema_exit,22,19,0.44,0
dl_1626,19,exit_to_Brisbane,19,15,0.44,0
dl_1626,18,Wyreema_exit,18,16,0.44,0
dl_1626,216,exit_to_Brisbane,218,13,0.44,0
dl_1626,16,Wyreema_exit,16,14,0.44,0
dl_1626,218,exit_to_Brisbane,218,13,0.44,0
dl_1626,2,exit_to_Brisbane,2,3,0.44,0
dl_1626,1,Gowrie_exit,1,2,0.44,0
dl_1626,4,Gowrie_exit,4,3,0.44,0
dl_1626,3,Gowrie_exit,1,2,0.44,0
dl_1627,12,,,,,
dl_1627,24,exit_to_Brisbane,24,19,0.44,0
dl_1627,23,exit_to_Brisbane,23,17,0.44,0
dl_1627,22,Wyreema_exit,22,19,0.44,0
dl_1627,21,Wyreema_exit,22,19,0.44,0
dl_1627,19,exit_to_Brisbane,19,15,0.44,0
dl_1627,18,Wyreema_exit,18,16,0.44,0
dl_1627,15,exit_to_Brisbane,15,2,0.44,0
dl_1627,4,Gowrie_exit,4,3,0.44,0
dl_1627,1,Gowrie_exit,1,2,0.44,0
dl_1627,216,exit_to_Brisbane,218,13,0.44,0
dl_1627,16,Wyreema_exit,16,14,0.44,0
dl_1627,218,exit_to_Brisbane,218,13,0.44,0
dl_1627,3,Gowrie_exit,1,2,0.44,0
dl_1628,11,,,,,
dl_1628,27,exit_to_Brisbane,27,21,0.44,0
dl_1628,26,Gowrie_exit,26,21,0.44,0
dl_1628,25,exit_to_Brisbane,25,20,0.44,0
dl_1628,23,exit_to_Brisbane,23,17,0.44,0
dl_1628,22,Wyreema_exit,22,19,0.44,0
dl_1628,21,Wyreema_exit,22,19,0.44,0
dl_1628,19,exit_to_Brisbane,19,15,0.44,0
dl_1628,18,Wyreema_exit,18,16,0.44,0
dl_1628,216,exit_to_Brisbane,218,13,0.44,0
dl_1628,16,Wyreema_exit,16,14,0.44,0
dl_1628,15,Gowrie_exit,15,13,0.44,0
dl_1628,218,exit_to_Brisbane,218,13,0.44,0
dl_1629,14,,,,,
dl_1629,27,exit_to_Brisbane,27,21,0.44,0
dl_1629,26,Gowrie_exit,26,21,0.44,0
dl_1629,25,exit_to_Brisbane,25,20,0.44,0
dl_1629,23,exit_to_Brisbane,23,17,0.44,0
dl_1629,22,Wyreema_exit,22,19,0.44,0
dl_1629,21,Wyreema_exit,22,19,0.44,0
dl_1629,19,exit_to_Brisbane,19,15,0.44,0
dl_1629,18,Wyreema_exit,18,16,0.44,0
dl_1629,216,exit_to_Brisbane,218,13,0.44,0
dl_1629,16,Wyreema_exit,16,14,0.44,0
dl_1629,218,exit_to_Brisbane,218,13,0.44,0
dl_1629,2,exit_to_Brisbane,2,3,0.44,0
dl_1629,1,Gowrie_exit,1,2,0.44,0
dl_1629,4,Gowrie_exit,4,3,0.44,0
dl_1629,3,Gowrie_exit,1,2,0.44,0
dl_1630,14,,,,,
dl_1630,27,exit_to_Brisbane,27,21,0.44,0
dl_1630,26,Gowrie_exit,26,21,0.44,0
dl_1630,25,exit_to_Brisbane,25,20,0.44,0
dl_1630,23,exit_to_Brisbane,23,17,0.44,0
dl_1630,22,Wyreema_exit,22,19,0.44,0
dl_1630,21,Wyreema_exit,22,19,0.44,0
dl_1630,19,exit_to_Brisbane,19,15,0.44,0
dl_1630,18,Wyreema_exit,18,16,0.44,0
dl_1630,15,exit_to_Brisbane,15,2,0.44,0
dl_1630,4,Gowrie_exit,4,3,0.44,0
dl_1630,1,Gowrie_exit,1,2,0.44,0
dl_1630,216,exit_to_Brisbane,218,13,0.44,0
dl_1630,16,Wyreema_exit,16,14,0.44,0
dl_1630,218,exit_to_Brisbane,218,13,0.44,0
dl_1630,3,Gowrie_exit,1,2,0.44,0
dl_1631,11,,,,,
dl_1631,24,exit_to_Brisbane,24,19,0.44,0
dl_1631,19,exit_to_Brisbane,19,15,0.44,0
dl_1631,18,Wyreema_exit,18,16,0.44,0
dl_1631,216,exit_to_Brisbane,218,13,0.44,0
dl_1631,16,Wyreema_exit,16,14,0.44,0
dl_1631,15,Gowrie_exit,15,13,0.44,0
dl_1631,218,exit_to_Brisbane,218,13,0.44,0
dl_1631,22,Wyreema_exit,22,19,0.44,0
dl_1631,27,exit_to_Brisbane,27,21,0.44,0
dl_1631,26,Gowrie_exit,26,21,0.44,0
dl_1631,25,exit_to_Brisbane,25,20,0.44,0
dl_1631,21,Wyreema_exit,22,19,0.44,0
dl_1632,14,,,,,
dl_1632,24,exit_to_Brisbane,24,19,0.44,0
dl_1632,19,exit_to_Brisbane,19,15,0.44,0
dl_1632,18,Wyreema_exit,18,16,0.44,0
dl_1632,216,exit_to_Brisbane,218,13,0.44,0
dl_1632,16,Wyreema_exit,16,14,0.44,0
dl_1632,218,exit_to_Brisbane,218,13,0.44,0
dl_1632,2,exit_to_Brisbane,2,3,0.44,0
dl_1632,1,Gowrie_exit,1,2,0.44,0
dl_1632,4,Gowrie_exit,4,3,0.44,0
dl_1632,3,Gowrie_exit,1,2,0.44,0
dl_1632,22,Wyreema_exit,22,19,0.44,0
dl_1632,27,exit_to_Brisbane,27,21,0.44,0
dl_1632,26,Gowrie_exit,26,21,0.44,0
dl_1632,25,exit_to_Brisbane,25,20,0.44,0
dl_1632,21,Wyreema_exit,22,19,0.44,0
dl_1633,14,,,,,
dl_1633,24,exit_to_Brisbane,24,19,0.44,0
dl_1633,19,exit_to_Brisbane,19,15,0.44,0
dl_1633,18,Wyreema_exit,18,16,0.44,0
dl_1633,15,exit_to_Brisbane,15,2,0.44,0
dl_1633,4,Gowrie_exit,4,3,0.44,0
dl_1633,1,Gowrie_exit,1,2,0.44,0
dl_1633,216,exit_to_Brisbane,218,13,0.44,0
dl_1633,16,Wyreema_exit,16,14,0.44,0
dl_1633,218,exit_to_Brisbane,218,13,0.44,0
dl_1633,3,Gowrie_exit,1,2,0.44,0
dl_1633,22,Wyreema_exit,22,19,0.44,0
dl_1633,27,exit_to_Brisbane,27,21,0.44,0
dl_1633,26,Gowrie_exit,26,21,0.44,0
dl_1633,25,exit_to_Brisbane,25,20,0.44,0
dl_1633,21,Wyreema_exit,22,19,0.44,0
dl_1634,2,,,,,
dl_1634,216,Gowrie_exit,216,14,0.44,0
dl_1634,16,Wyreema_exit,16,14,0.44,0
dl_1634,17,exit_to_Brisbane,17,14,0.44,0
dl_1635,8,,,,,
dl_1635,24,exit_to_Brisbane,24,19,0.44,0
dl_1635,23,exit_to_Brisbane,23,17,0.44,0
dl_1635,22,Wyreema_exit,22,19,0.44,0
dl_1635,20,exit_to_Brisbane,20,16,0.44,0
dl_1635,19,exit_to_Brisbane,19,15,0.44,0
dl_1635,18,Wyreema_exit,18,16,0.44,0
dl_1635,17,exit_to_Brisbane,17,14,0.44,0
dl_1635,15,Gowrie_exit,15,13,0.44,0
dl_1635,16,Wyreema_exit,16,14,0.44,0
dl_1636,10,,,,,
dl_1636,27,exit_to_Brisbane,27,21,0.44,0
dl_1636,26,Gowrie_exit,26,21,0.44,0
dl_1636,25,exit_to_Brisbane,25,20,0.44,0
dl_1636,23,exit_to_Brisbane,23,17,0.44,0
dl_1636,22,Wyreema_exit,22,19,0.44,0
dl_1636,20,exit_to_Brisbane,20,16,0.44,0
dl_1636,19,exit_to_Brisbane,19,15,0.44,0
dl_1636,18,Wyreema_exit,18,16,0.44,0
dl_1636,17,exit_to_Brisbane,17,14,0.44,0
dl_1636,15,Gowrie_exit,15,13,0.44,0
dl_1636,16,Wyreema_exit,16,14,0.44,0
dl_1637,10,,,,,
dl_1637,24,exit_to_Brisbane,24,19,0.44,0
dl_1637,20,exit_to_Brisbane,20,16,0.44,0
dl_1637,22,Wyreema_exit,22,19,0.44,0
dl_1637,27,exit_to_Brisbane,27,21,0.44,0
dl_1637,26,Gowrie_exit,26,21,0.44,0
dl_1637,25,exit_to_Brisbane,25,20,0.44,0
dl_1637,19,exit_to_Brisbane,19,15,0.44,0
dl_1637,18,Wyreema_exit,18,16,0.44,0
dl_1637,17,exit_to_Brisbane,17,14,0.44,0
dl_1637,15,Gowrie_exit,15,13,0.44,0
dl_1637,16,Wyreema_exit,16,14,0.44,0
dl_1638,10,,,,,
dl_1638,26,Gowrie_exit,26,21,0.44,0
dl_1638,25,exit_to_Brisbane,25,20,0.44,0
dl_1638,35,exit_to_Brisbane,35,28,0.44,0
dl_1638,23,exit_to_Brisbane,23,17,0.44,0
dl_1638,22,Wyreema_exit,22,19,0.44,0
dl_1638,20,exit_to_Brisbane,20,16,0.44,0
dl_1638,19,exit_to_Brisbane,19,15,0.44,0
dl_1638,18,Wyreema_exit,18,16,0.44,0
dl_1638,17,exit_to_Brisbane,17,14,0.44,0
dl_1638,15,Gowrie_exit,15,13,0.44,0
dl_1638,16,Wyreema_exit,16,14,0.44,0
dl_1639,10,,,,,
dl_1639,24,exit_to_Brisbane,24,19,0.44,0
dl_1639,20,exit_to_Brisbane,20,16,0.44,0
dl_1639,22,Wyreema_exit,22,19,0.44,0
dl_1639,26,Gowrie_exit,26,21,0.44,0
dl_1639,25,exit_to_Brisbane,25,20,0.44,0
dl_1639,35,exit_to_Brisbane,35,28,0.44,0
dl_1639,19,exit_to_Brisbane,19,15,0.44,0
dl_1639,18,Wyreema_exit,18,16,0.44,0
dl_1639,17,exit_to_Brisbane,17,14,0.44,0
dl_1639,15,Gowrie_exit,15,13,0.44,0
dl_1639,16,Wyreema_exit,16,14,0.44,0
dl_1640,11,,,,,
dl_1640,24,exit_to_Brisbane,24,19,0.44,0
dl_1640,23,exit_to_Brisbane,23,17,0.44,0
dl_1640,22,Wyreema_exit,22,19,0.44,0
dl_1640,20,exit_to_Brisbane,20,16,0.44,0
dl_1640,19,exit_to_Brisbane,19,15,0.44,0
dl_1640,18,Wyreema_exit,18,16,0.44,0
dl_1640,17,exit_to_Brisbane,17,14,0.44,0
dl_1640,16,Wyreema_exit,16,14,0.44,0
dl_1640,2,exit_to_Brisbane,2,3,0.44,0
dl_1640,1,Gowrie_exit,1,2,0.44,0
dl_1640,4,Gowrie_exit,4,3,0.44,0
dl_1640,3,Gowrie_exit,1,2,0.44,0
dl_1641,13,,,,,
dl_1641,27,exit_to_Brisbane,27,21,0.44,0
dl_1641,26,Gowrie_exit,26,21,0.44,0
dl_1641,25,exit_to_Brisbane,25,20,0.44,0
dl_1641,23,exit_to_Brisbane,23,17,0.44,0
dl_1641,22,Wyreema_exit,22,19,0.44,0
dl_1641,20,exit_to_Brisbane,20,16,0.44,0
dl_1641,19,exit_to_Brisbane,19,15,0.44,0
dl_1641,18,Wyreema_exit,18,16,0.44,0
dl_1641,17,exit_to_Brisbane,17,14,0.44,0
dl_1641,16,Wyreema_exit,16,14,0.44,0
dl_1641,2,exit_to_Brisbane,2,3,0.44,0
dl_1641,1,Gowrie_exit,1,2,0.44,0
dl_1641,4,Gowrie_exit,4,3,0.44,0
dl_1641,3,Gowrie_exit,1,2,0.44,0
dl_1642,13,,,,,
dl_1642,24,exit_to_Brisbane,24,19,0.44,0
dl_1642,20,exit_to_Brisbane,20,16,0.44,0
dl_1642,22,Wyreema_exit,22,19,0.44,0
dl_1642,27,exit_to_Brisbane,27,21,0.44,0
dl_1642,26,Gowrie_exit,26,21,0.44,0
dl_1642,25,exit_to_Brisbane,25,20,0.44,0
dl_1642,19,exit_to_Brisbane,19,15,0.44,0
dl_1642,18,Wyreema_exit,18,16,0.44,0
dl_1642,17,exit_to_Brisbane,17,14,0.44,0
dl_1642,16,Wyreema_exit,16,14,0.44,0
dl_1642,2,exit_to_Brisbane,2,3,0.44,0
dl_1642,1,Gowrie_exit,1,2,0.44,0
dl_1642,4,Gowrie_exit,4,3,0.44,0
dl_1642,3,Gowrie_exit,1,2,0.44,0
dl_1643,13,,,,,
dl_1643,26,Gowrie_exit,26,21,0.44,0
dl_1643,25,exit_to_Brisbane,25,20,0.44,0
dl_1643,35,exit_to_Brisbane,35,28,0.44,0
dl_1643,23,exit_to_Brisbane,23,17,0.44,0
dl_1643,22,Wyreema_exit,22,19,0.44,0
dl_1643,20,exit_to_Brisbane,20,16,0.44,0
dl_1643,19,exit_to_Brisbane,19,15,0.44,0
dl_1643,18,Wyreema_exit,18,16,0.44,0
dl_1643,17,exit_to_Brisbane,17,14,0.44,0
dl_1643,16,Wyreema_exit,16,14,0.44,0
dl_1643,2,exit_to_Brisbane,2,3,0.44,0
dl_1643,1,Gowrie_exit,1,2,0.44,0
dl_1643,4,Gowrie_exit,4,3,0.44,0
dl_1643,3,Gowrie_exit,1,2,0.44,0
dl_1644,13,,,,,
dl_1644,24,exit_to_Brisbane,24,19,0.44,0
dl_1644,20,exit_to_Brisbane,20,16,0.44,0
dl_1644,22,Wyreema_exit,22,19,0.44,0
dl_1644,26,Gowrie_exit,26,21,0.44,0
dl_1644,25,exit_to_Brisbane,25,20,0.44,0
dl_1644,35,exit_to_Brisbane,35,28,0.44,0
dl_1644,19,exit_to_Brisbane,19,15,0.44,0
dl_1644,18,Wyreema_exit,18,16,0.44,0
dl_1644,17,exit_to_Brisbane,17,14,0.44,0
dl_1644,16,Wyreema_exit,16,14,0.44,0
dl_1644,2,exit_to_Brisbane,2,3,0.44,0
dl_1644,1,Gowrie_exit,1,2,0.44,0
dl_1644,4,Gowrie_exit,4,3,0.44,0
dl_1644,3,Gowrie_exit,1,2,0.44,0
dl_1645,11,,,,,
dl_1645,24,exit_to_Brisbane,24,19,0.44,0
dl_1645,23,exit_to_Brisbane,23,17,0.44,0
dl_1645,22,Wyreema_exit,22,19,0.44,0
dl_1645,20,exit_to_Brisbane,20,16,0.44,0
dl_1645,19,exit_to_Brisbane,19,15,0.44,0
dl_1645,18,Wyreema_exit,18,16,0.44,0
dl_1645,15,exit_to_Brisbane,15,2,0.44,0
dl_1645,4,Gowrie_exit,4,3,0.44,0
dl_1645,1,Gowrie_exit,1,2,0.44,0
dl_1645,17,exit_to_Brisbane,17,14,0.44,0
dl_1645,16,Wyreema_exit,16,14,0.44,0
dl_1645,3,Gowrie_exit,1,2,0.44,0
dl_1646,13,,,,,
dl_1646,27,exit_to_Brisbane,27,21,0.44,0
dl_1646,26,Gowrie_exit,26,21,0.44,0
dl_1646,25,exit_to_Brisbane,25,20,0.44,0
dl_1646,23,exit_to_Brisbane,23,17,0.44,0
dl_1646,22,Wyreema_exit,22,19,0.44,0
dl_1646,20,exit_to_Brisbane,20,16,0.44,0
dl_1646,19,exit_to_Brisbane,19,15,0.44,0
dl_1646,18,Wyreema_exit,18,16,0.44,0
dl_1646,15,exit_to_Brisbane,15,2,0.44,0
dl_1646,4,Gowrie_exit,4,3,0.44,0
dl_1646,1,Gowrie_exit,1,2,0.44,0
dl_1646,17,exit_to_Brisbane,17,14,0.44,0
dl_1646,16,Wyreema_exit,16,14,0.44,0
dl_1646,3,Gowrie_exit,1,2,0.44,0
dl_1647,13,,,,,
dl_1647,24,exit_to_Brisbane,24,19,0.44,0
dl_1647,20,exit_to_Brisbane,20,16,0.44,0
dl_1647,22,Wyreema_exit,22,19,0.44,0
dl_1647,27,exit_to_Brisbane,27,21,0.44,0
dl_1647,26,Gowrie_exit,26,21,0.44,0
dl_1647,25,exit_to_Brisbane,25,20,0.44,0
dl_1647,19,exit_to_Brisbane,19,15,0.44,0
dl_1647,18,Wyreema_exit,18,16,0.44,0
dl_1647,15,exit_to_Brisbane,15,2,0.44,0
dl_1647,4,Gowrie_exit,4,3,0.44,0
dl_1647,1,Gowrie_exit,1,2,0.44,0
dl_1647,17,exit_to_Brisbane,17,14,0.44,0
dl_1647,16,Wyreema_exit,16,14,0.44,0
dl_1647,3,Gowrie_exit,1,2,0.44,0
dl_1648,13,,,,,
dl_1648,26,Gowrie_exit,26,21,0.44,0
dl_1648,25,exit_to_Brisbane,25,20,0.44,0
dl_1648,35,exit_to_Brisbane,35,28,0.44,0
dl_1648,23,exit_to_Brisbane,23,17,0.44,0
dl_1648,22,Wyreema_exit,22,19,0.44,0
dl_1648,20,exit_to_Brisbane,20,16,0.44,0
dl_1648,19,exit_to_Brisbane,19,15,0.44,0
dl_1648,18,Wyreema_exit,18,16,0.44,0
dl_1648,15,exit_to_Brisbane,15,2,0.44,0
dl_1648,4,Gowrie_exit,4,3,0.44,0
dl_1648,1,Gowrie_exit,1,2,0.44,0
dl_1648,17,exit_to_Brisbane,17,14,0.44,0
dl_1648,16,Wyreema_exit,16,14,0.44,0
dl_1648,3,Gowrie_exit,1,2,0.44,0
dl_1649,13,,,,,
dl_1649,24,exit_to_Brisbane,24,19,0.44,0
dl_1649,20,exit_to_Brisbane,20,16,0.44,0
dl_1649,22,Wyreema_exit,22,19,0.44,0
dl_1649,26,Gowrie_exit,26,21,0.44,0
dl_1649,25,exit_to_Brisbane,25,20,0.44,0
dl_1649,35,exit_to_Brisbane,35,28,0.44,0
dl_1649,19,exit_to_Brisbane,19,15,0.44,0
dl_1649,18,Wyreema_exit,18,16,0.44,0
dl_1649,15,exit_to_Brisbane,15,2,0.44,0
dl_1649,4,Gowrie_exit,4,3,0.44,0
dl_1649,1,Gowrie_exit,1,2,0.44,0
dl_1649,17,exit_to_Brisbane,17,14,0.44,0
dl_1649,16,Wyreema_exit,16,14,0.44,0
dl_1649,3,Gowrie_exit,1,2,0.44,0
dl_1650,10,,,,,
dl_1650,27,exit_to_Brisbane,27,21,0.44,0
dl_1650,26,Gowrie_exit,26,21,0.44,0
dl_1650,35,exit_to_Brisbane,35,28,0.44,0
dl_1650,23,exit_to_Brisbane,23,17,0.44,0
dl_1650,22,Wyreema_exit,22,19,0.44,0
dl_1650,20,exit_to_Brisbane,20,16,0.44,0
dl_1650,19,exit_to_Brisbane,19,15,0.44,0
dl_1650,18,Wyreema_exit,18,16,0.44,0
dl_1650,17,exit_to_Brisbane,17,14,0.44,0
dl_1650,15,Gowrie_exit,15,13,0.44,0
dl_1650,16,Wyreema_exit,16,14,0.44,0
dl_1651,10,,,,,
dl_1651,24,exit_to_Brisbane,24,19,0.44,0
dl_1651,20,exit_to_Brisbane,20,16,0.44,0
dl_1651,22,Wyreema_exit,22,19,0.44,0
dl_1651,27,exit_to_Brisbane,27,21,0.44,0
dl_1651,26,Gowrie_exit,26,21,0.44,0
dl_1651,35,exit_to_Brisbane,35,28,0.44,0
dl_1651,19,exit_to_Brisbane,19,15,0.44,0
dl_1651,18,Wyreema_exit,18,16,0.44,0
dl_1651,17,exit_to_Brisbane,17,14,0.44,0
dl_1651,15,Gowrie_exit,15,13,0.44,0
dl_1651,16,Wyreema_exit,16,14,0.44,0
dl_1652,13,,,,,
dl_1652,27,exit_to_Brisbane,27,21,0.44,0
dl_1652,26,Gowrie_exit,26,21,0.44,0
dl_1652,35,exit_to_Brisbane,35,28,0.44,0
dl_1652,23,exit_to_Brisbane,23,17,0.44,0
dl_1652,22,Wyreema_exit,22,19,0.44,0
dl_1652,20,exit_to_Brisbane,20,16,0.44,0
dl_1652,19,exit_to_Brisbane,19,15,0.44,0
dl_1652,18,Wyreema_exit,18,16,0.44,0
dl_1652,17,exit_to_Brisbane,17,14,0.44,0
dl_1652,16,Wyreema_exit,16,14,0.44,0
dl_1652,2,exit_to_Brisbane,2,3,0.44,0
dl_1652,1,Gowrie_exit,1,2,0.44,0
dl_1652,4,Gowrie_exit,4,3,0.44,0
dl_1652,3,Gowrie_exit,1,2,0.44,0
dl_1653,13,,,,,
dl_1653,24,exit_to_Brisbane,24,19,0.44,0
dl_1653,20,exit_to_Brisbane,20,16,0.44,0
dl_1653,22,Wyreema_exit,22,19,0.44,0
dl_1653,27,exit_to_Brisbane,27,21,0.44,0
dl_1653,26,Gowrie_exit,26,21,0.44,0
dl_1653,35,exit_to_Brisbane,35,28,0.44,0
dl_1653,19,exit_to_Brisbane,19,15,0.44,0
dl_1653,18,Wyreema_exit,18,16,0.44,0
dl_1653,17,exit_to_Brisbane,17,14,0.44,0
dl_1653,16,Wyreema_exit,16,14,0.44,0
dl_1653,2,exit_to_Brisbane,2,3,0.44,0
dl_1653,1,Gowrie_exit,1,2,0.44,0
dl_1653,4,Gowrie_exit,4,3,0.44,0
dl_1653,3,Gowrie_exit,1,2,0.44,0
dl_1654,13,,,,,
dl_1654,27,exit_to_Brisbane,27,21,0.44,0
dl_1654,26,Gowrie_exit,26,21,0.44,0
dl_1654,35,exit_to_Brisbane,35,28,0.44,0
dl_1654,23,exit_to_Brisbane,23,17,0.44,0
dl_1654,22,Wyreema_exit,22,19,0.44,0
dl_1654,20,exit_to_Brisbane,20,16,0.44,0
dl_1654,19,exit_to_Brisbane,19,15,0.44,0
dl_1654,18,Wyreema_exit,18,16,0.44,0
dl_1654,15,exit_to_Brisbane,15,2,0.44,0
dl_1654,4,Gowrie_exit,4,3,0.44,0
dl_1654,1,Gowrie_exit,1,2,0.44,0
dl_1654,17,exit_to_Brisbane,17,14,0.44,0
dl_1654,16,Wyreema_exit,16,14,0.44,0
dl_1654,3,Gowrie_exit,1,2,0.44,0
dl_1655,13,,,,,
dl_1655,24,exit_to_Brisbane,24,19,0.44,0
dl_1655,20,exit_to_Brisbane,20,16,0.44,0
dl_1655,22,Wyreema_exit,22,19,0.44,0
dl_1655,27,exit_to_Brisbane,27,21,0.44,0
dl_1655,26,Gowrie_exit,26,21,0.44,0
dl_1655,35,exit_to_Brisbane,35,28,0.44,0
dl_1655,19,exit_to_Brisbane,19,15,0.44,0
dl_1655,18,Wyreema_exit,18,16,0.44,0
dl_1655,15,exit_to_Brisbane,15,2,0.44,0
dl_1655,4,Gowrie_exit,4,3,0.44,0
dl_1655,1,Gowrie_exit,1,2,0.44,0
dl_1655,17,exit_to_Brisbane,17,14,0.44,0
dl_1655,16,Wyreema_exit,16,14,0.44,0
dl_1655,3,Gowrie_exit,1,2,0.44,0
dl_1656,5,,,,,
dl_1656,20,exit_to_Brisbane,20,16,0.44,0
dl_1656,19,exit_to_Brisbane,19,15,0.44,0
dl_1656,18,Wyreema_exit,18,16,0.44,0
dl_1656,17,exit_to_Brisbane,17,14,0.44,0
dl_1656,15,Gowrie_exit,15,13,0.44,0
dl_1656,16,Wyreema_exit,16,14,0.44,0
dl_1657,8,,,,,
dl_1657,20,exit_to_Brisbane,20,16,0.44,0
dl_1657,19,exit_to_Brisbane,19,15,0.44,0
dl_1657,18,Wyreema_exit,18,16,0.44,0
dl_1657,17,exit_to_Brisbane,17,14,0.44,0
dl_1657,16,Wyreema_exit,16,14,0.44,0
dl_1657,2,exit_to_Brisbane,2,3,0.44,0
dl_1657,1,Gowrie_exit,1,2,0.44,0
dl_1657,4,Gowrie_exit,4,3,0.44,0
dl_1657,3,Gowrie_exit,1,2,0.44,0
dl_1658,8,,,,,
dl_1658,20,exit_to_Brisbane,20,16,0.44,0
dl_1658,19,exit_to_Brisbane,19,15,0.44,0
dl_1658,18,Wyreema_exit,18,16,0.44,0
dl_1658,15,exit_to_Brisbane,15,2,0.44,0
dl_1658,4,Gowrie_exit,4,3,0.44,0
dl_1658,1,Gowrie_exit,1,2,0.44,0
dl_1658,17,exit_to_Brisbane,17,14,0.44,0
dl_1658,16,Wyreema_exit,16,14,0.44,0
dl_1658,3,Gowrie_exit,1,2,0.44,0
dl_1659,11,,,,,
dl_1659,24,exit_to_Brisbane,24,19,0.44,0
dl_1659,23,exit_to_Brisbane,23,17,0.44,0
dl_1659,22,Wyreema_exit,22,19,0.44,0
dl_1659,21,Wyreema_exit,22,19,0.44,0
dl_1659,27,exit_to_Brisbane,27,21,0.44,0
dl_1659,26,Gowrie_exit,26,21,0.44,0
dl_1659,25,exit_to_Brisbane,25,20,0.44,0
dl_1659,19,exit_to_Brisbane,19,15,0.44,0
dl_1659,18,Wyreema_exit,18,16,0.44,0
dl_1659,17,exit_to_Brisbane,17,14,0.44,0
dl_1659,15,Gowrie_exit,15,13,0.44,0
dl_1659,16,Wyreema_exit,16,14,0.44,0
dl_1660,11,,,,,
dl_1660,24,exit_to_Brisbane,24,19,0.44,0
dl_1660,23,exit_to_Brisbane,23,17,0.44,0
dl_1660,22,Wyreema_exit,22,19,0.44,0
dl_1660,21,Wyreema_exit,22,19,0.44,0
dl_1660,26,Gowrie_exit,26,21,0.44,0
dl_1660,25,exit_to_Brisbane,25,20,0.44,0
dl_1660,35,exit_to_Brisbane,35,28,0.44,0
dl_1660,19,exit_to_Brisbane,19,15,0.44,0
dl_1660,18,Wyreema_exit,18,16,0.44,0
dl_1660,17,exit_to_Brisbane,17,14,0.44,0
dl_1660,15,Gowrie_exit,15,13,0.44,0
dl_1660,16,Wyreema_exit,16,14,0.44,0
dl_1661,14,,,,,
dl_1661,24,exit_to_Brisbane,24,19,0.44,0
dl_1661,23,exit_to_Brisbane,23,17,0.44,0
dl_1661,22,Wyreema_exit,22,19,0.44,0
dl_1661,21,Wyreema_exit,22,19,0.44,0
dl_1661,27,exit_to_Brisbane,27,21,0.44,0
dl_1661,26,Gowrie_exit,26,21,0.44,0
dl_1661,25,exit_to_Brisbane,25,20,0.44,0
dl_1661,19,exit_to_Brisbane,19,15,0.44,0
dl_1661,18,Wyreema_exit,18,16,0.44,0
dl_1661,17,exit_to_Brisbane,17,14,0.44,0
dl_1661,16,Wyreema_exit,16,14,0.44,0
dl_1661,2,exit_to_Brisbane,2,3,0.44,0
dl_1661,1,Gowrie_exit,1,2,0.44,0
dl_1661,4,Gowrie_exit,4,3,0.44,0
dl_1661,3,Gowrie_exit,1,2,0.44,0
dl_1662,14,,,,,
dl_1662,24,exit_to_Brisbane,24,19,0.44,0
dl_1662,23,exit_to_Brisbane,23,17,0.44,0
dl_1662,22,Wyreema_exit,22,19,0.44,0
dl_1662,21,Wyreema_exit,22,19,0.44,0
dl_1662,26,Gowrie_exit,26,21,0.44,0
dl_1662,25,exit_to_Brisbane,25,20,0.44,0
dl_1662,35,exit_to_Brisbane,35,28,0.44,0
dl_1662,19,exit_to_Brisbane,19,15,0.44,0
dl_1662,18,Wyreema_exit,18,16,0.44,0
dl_1662,17,exit_to_Brisbane,17,14,0.44,0
dl_1662,16,Wyreema_exit,16,14,0.44,0
dl_1662,2,exit_to_Brisbane,2,3,0.44,0
dl_1662,1,Gowrie_exit,1,2,0.44,0
dl_1662,4,Gowrie_exit,4,3,0.44,0
dl_1662,3,Gowrie_exit,1,2,0.44,0
dl_1663,11,,,,,
dl_1663,24,exit_to_Brisbane,24,19,0.44,0
dl_1663,23,exit_to_Brisbane,23,17,0.44,0
dl_1663,22,Wyreema_exit,22,19,0.44,0
dl_1663,21,Wyreema_exit,22,19,0.44,0
dl_1663,27,exit_to_Brisbane,27,21,0.44,0
dl_1663,26,Gowrie_exit,26,21,0.44,0
dl_1663,35,exit_to_Brisbane,35,28,0.44,0
dl_1663,19,exit_to_Brisbane,19,15,0.44,0
dl_1663,18,Wyreema_exit,18,16,0.44,0
dl_1663,17,exit_to_Brisbane,17,14,0.44,0
dl_1663,15,Gowrie_exit,15,13,0.44,0
dl_1663,16,Wyreema_exit,16,14,0.44,0
dl_1664,14,,,,,
dl_1664,24,exit_to_Brisbane,24,19,0.44,0
dl_1664,23,exit_to_Brisbane,23,17,0.44,0
dl_1664,22,Wyreema_exit,22,19,0.44,0
dl_1664,21,Wyreema_exit,22,19,0.44,0
dl_1664,27,exit_to_Brisbane,27,21,0.44,0
dl_1664,26,Gowrie_exit,26,21,0.44,0
dl_1664,35,exit_to_Brisbane,35,28,0.44,0
dl_1664,19,exit_to_Brisbane,19,15,0.44,0
dl_1664,18,Wyreema_exit,18,16,0.44,0
dl_1664,17,exit_to_Brisbane,17,14,0.44,0
dl_1664,16,Wyreema_exit,16,14,0.44,0
dl_1664,2,exit_to_Brisbane,2,3,0.44,0
dl_1664,1,Gowrie_exit,1,2,0.44,0
dl_1664,4,Gowrie_exit,4,3,0.44,0
dl_1664,3,Gowrie_exit,1,2,0.44,0
dl_1665,14,,,,,
dl_1665,24,exit_to_Brisbane,24,19,0.44,0
dl_1665,23,exit_to_Brisbane,23,17,0.44,0
dl_1665,22,Wyreema_exit,22,19,0.44,0
dl_1665,21,Wyreema_exit,22,19,0.44,0
dl_1665,27,exit_to_Brisbane,27,21,0.44,0
dl_1665,26,Gowrie_exit,26,21,0.44,0
dl_1665,25,exit_to_Brisbane,25,20,0.44,0
dl_1665,19,exit_to_Brisbane,19,15,0.44,0
dl_1665,18,Wyreema_exit,18,16,0.44,0
dl_1665,15,exit_to_Brisbane,15,2,0.44,0
dl_1665,4,Gowrie_exit,4,3,0.44,0
dl_1665,1,Gowrie_exit,1,2,0.44,0
dl_1665,17,exit_to_Brisbane,17,14,0.44,0
dl_1665,16,Wyreema_exit,16,14,0.44,0
dl_1665,3,Gowrie_exit,1,2,0.44,0
dl_1666,14,,,,,
dl_1666,24,exit_to_Brisbane,24,19,0.44,0
dl_1666,23,exit_to_Brisbane,23,17,0.44,0
dl_1666,22,Wyreema_exit,22,19,0.44,0
dl_1666,21,Wyreema_exit,22,19,0.44,0
dl_1666,26,Gowrie_exit,26,21,0.44,0
dl_1666,25,exit_to_Brisbane,25,20,0.44,0
dl_1666,35,exit_to_Brisbane,35,28,0.44,0
dl_1666,19,exit_to_Brisbane,19,15,0.44,0
dl_1666,18,Wyreema_exit,18,16,0.44,0
dl_1666,15,exit_to_Brisbane,15,2,0.44,0
dl_1666,4,Gowrie_exit,4,3,0.44,0
dl_1666,1,Gowrie_exit,1,2,0.44,0
dl_1666,17,exit_to_Brisbane,17,14,0.44,0
dl_1666,16,Wyreema_exit,16,14,0.44,0
dl_1666,3,Gowrie_exit,1,2,0.44,0
dl_1667,14,,,,,
dl_1667,24,exit_to_Brisbane,24,19,0.44,0
dl_1667,23,exit_to_Brisbane,23,17,0.44,0
dl_1667,22,Wyreema_exit,22,19,0.44,0
dl_1667,21,Wyreema_exit,22,19,0.44,0
dl_1667,27,exit_to_Brisbane,27,21,0.44,0
dl_1667,26,Gowrie_exit,26,21,0.44,0
dl_1667,35,exit_to_Brisbane,35,28,0.44,0
dl_1667,19,exit_to_Brisbane,19,15,0.44,0
dl_1667,18,Wyreema_exit,18,16,0.44,0
dl_1667,15,exit_to_Brisbane,15,2,0.44,0
dl_1667,4,Gowrie_exit,4,3,0.44,0
dl_1667,1,Gowrie_exit,1,2,0.44,0
dl_1667,17,exit_to_Brisbane,17,14,0.44,0
dl_1667,16,Wyreema_exit,16,14,0.44,0
dl_1667,3,Gowrie_exit,1,2,0.44,0
dl_1668,11,,,,,
dl_1668,27,exit_to_Brisbane,27,21,0.44,0
dl_1668,26,Gowrie_exit,26,21,0.44,0
dl_1668,25,exit_to_Brisbane,25,20,0.44,0
dl_1668,23,exit_to_Brisbane,23,17,0.44,0
dl_1668,22,Wyreema_exit,22,19,0.44,0
dl_1668,21,Wyreema_exit,22,19,0.44,0
dl_1668,35,exit_to_Brisbane,35,28,0.44,0
dl_1668,19,exit_to_Brisbane,19,15,0.44,0
dl_1668,18,Wyreema_exit,18,16,0.44,0
dl_1668,17,exit_to_Brisbane,17,14,0.44,0
dl_1668,15,Gowrie_exit,15,13,0.44,0
dl_1668,16,Wyreema_exit,16,14,0.44,0
dl_1669,14,,,,,
dl_1669,27,exit_to_Brisbane,27,21,0.44,0
dl_1669,26,Gowrie_exit,26,21,0.44,0
dl_1669,25,exit_to_Brisbane,25,20,0.44,0
dl_1669,23,exit_to_Brisbane,23,17,0.44,0
dl_1669,22,Wyreema_exit,22,19,0.44,0
dl_1669,21,Wyreema_exit,22,19,0.44,0
dl_1669,35,exit_to_Brisbane,35,28,0.44,0
dl_1669,19,exit_to_Brisbane,19,15,0.44,0
dl_1669,18,Wyreema_exit,18,16,0.44,0
dl_1669,17,exit_to_Brisbane,17,14,0.44,0
dl_1669,16,Wyreema_exit,16,14,0.44,0
dl_1669,2,exit_to_Brisbane,2,3,0.44,0
dl_1669,1,Gowrie_exit,1,2,0.44,0
dl_1669,4,Gowrie_exit,4,3,0.44,0
dl_1669,3,Gowrie_exit,1,2,0.44,0
dl_1670,14,,,,,
dl_1670,27,exit_to_Brisbane,27,21,0.44,0
dl_1670,26,Gowrie_exit,26,21,0.44,0
dl_1670,25,exit_to_Brisbane,25,20,0.44,0
dl_1670,23,exit_to_Brisbane,23,17,0.44,0
dl_1670,22,Wyreema_exit,22,19,0.44,0
dl_1670,21,Wyreema_exit,22,19,0.44,0
dl_1670,35,exit_to_Brisbane,35,28,0.44,0
dl_1670,19,exit_to_Brisbane,19,15,0.44,0
dl_1670,18,Wyreema_exit,18,16,0.44,0
dl_1670,15,exit_to_Brisbane,15,2,0.44,0
dl_1670,4,Gowrie_exit,4,3,0.44,0
dl_1670,1,Gowrie_exit,1,2,0.44,0
dl_1670,17,exit_to_Brisbane,17,14,0.44,0
dl_1670,16,Wyreema_exit,16,14,0.44,0
dl_1670,3,Gowrie_exit,1,2,0.44,0
dl_1671,8,,,,,
dl_1671,24,exit_to_Brisbane,24,19,0.44,0
dl_1671,23,exit_to_Brisbane,23,17,0.44,0
dl_1671,22,Wyreema_exit,22,19,0.44,0
dl_1671,21,Wyreema_exit,22,19,0.44,0
dl_1671,19,exit_to_Brisbane,19,15,0.44,0
dl_1671,18,Wyreema_exit,18,16,0.44,0
dl_1671,17,exit_to_Brisbane,17,14,0.44,0
dl_1671,15,Gowrie_exit,15,13,0.44,0
dl_1671,16,Wyreema_exit,16,14,0.44,0
dl_1672,11,,,,,
dl_1672,24,exit_to_Brisbane,24,19,0.44,0
dl_1672,23,exit_to_Brisbane,23,17,0.44,0
dl_1672,22,Wyreema_exit,22,19,0.44,0
dl_1672,21,Wyreema_exit,22,19,0.44,0
dl_1672,19,exit_to_Brisbane,19,15,0.44,0
dl_1672,18,Wyreema_exit,18,16,0.44,0
dl_1672,17,exit_to_Brisbane,17,14,0.44,0
dl_1672,16,Wyreema_exit,16,14,0.44,0
dl_1672,2,exit_to_Brisbane,2,3,0.44,0
dl_1672,1,Gowrie_exit,1,2,0.44,0
dl_1672,4,Gowrie_exit,4,3,0.44,0
dl_1672,3,Gowrie_exit,1,2,0.44,0
dl_1673,11,,,,,
dl_1673,24,exit_to_Brisbane,24,19,0.44,0
dl_1673,23,exit_to_Brisbane,23,17,0.44,0
dl_1673,22,Wyreema_exit,22,19,0.44,0
dl_1673,21,Wyreema_exit,22,19,0.44,0
dl_1673,19,exit_to_Brisbane,19,15,0.44,0
dl_1673,18,Wyreema_exit,18,16,0.44,0
dl_1673,15,exit_to_Brisbane,15,2,0.44,0
dl_1673,4,Gowrie_exit,4,3,0.44,0
dl_1673,1,Gowrie_exit,1,2,0.44,0
dl_1673,17,exit_to_Brisbane,17,14,0.44,0
dl_1673,16,Wyreema_exit,16,14,0.44,0
dl_1673,3,Gowrie_exit,1,2,0.44,0
dl_1674,10,,,,,
dl_1674,27,exit_to_Brisbane,27,21,0.44,0
dl_1674,26,Gowrie_exit,26,21,0.44,0
dl_1674,25,exit_to_Brisbane,25,20,0.44,0
dl_1674,23,exit_to_Brisbane,23,17,0.44,0
dl_1674,22,Wyreema_exit,22,19,0.44,0
dl_1674,21,Wyreema_exit,22,19,0.44,0
dl_1674,19,exit_to_Brisbane,19,15,0.44,0
dl_1674,18,Wyreema_exit,18,16,0.44,0
dl_1674,17,exit_to_Brisbane,17,14,0.44,0
dl_1674,15,Gowrie_exit,15,13,0.44,0
dl_1674,16,Wyreema_exit,16,14,0.44,0
dl_1675,13,,,,,
dl_1675,27,exit_to_Brisbane,27,21,0.44,0
dl_1675,26,Gowrie_exit,26,21,0.44,0
dl_1675,25,exit_to_Brisbane,25,20,0.44,0
dl_1675,23,exit_to_Brisbane,23,17,0.44,0
dl_1675,22,Wyreema_exit,22,19,0.44,0
dl_1675,21,Wyreema_exit,22,19,0.44,0
dl_1675,19,exit_to_Brisbane,19,15,0.44,0
dl_1675,18,Wyreema_exit,18,16,0.44,0
dl_1675,17,exit_to_Brisbane,17,14,0.44,0
dl_1675,16,Wyreema_exit,16,14,0.44,0
dl_1675,2,exit_to_Brisbane,2,3,0.44,0
dl_1675,1,Gowrie_exit,1,2,0.44,0
dl_1675,4,Gowrie_exit,4,3,0.44,0
dl_1675,3,Gowrie_exit,1,2,0.44,0
dl_1676,13,,,,,
dl_1676,27,exit_to_Brisbane,27,21,0.44,0
dl_1676,26,Gowrie_exit,26,21,0.44,0
dl_1676,25,exit_to_Brisbane,25,20,0.44,0
dl_1676,23,exit_to_Brisbane,23,17,0.44,0
dl_1676,22,Wyreema_exit,22,19,0.44,0
dl_1676,21,Wyreema_exit,22,19,0.44,0
dl_1676,19,exit_to_Brisbane,19,15,0.44,0
dl_1676,18,Wyreema_exit,18,16,0.44,0
dl_1676,15,exit_to_Brisbane,15,2,0.44,0
dl_1676,4,Gowrie_exit,4,3,0.44,0
dl_1676,1,Gowrie_exit,1,2,0.44,0
dl_1676,17,exit_to_Brisbane,17,14,0.44,0
dl_1676,16,Wyreema_exit,16,14,0.44,0
dl_1676,3,Gowrie_exit,1,2,0.44,0
dl_1677,10,,,,,
dl_1677,24,exit_to_Brisbane,24,19,0.44,0
dl_1677,19,exit_to_Brisbane,19,15,0.44,0
dl_1677,18,Wyreema_exit,18,16,0.44,0
dl_1677,17,exit_to_Brisbane,17,14,0.44,0
dl_1677,15,Gowrie_exit,15,13,0.44,0
dl_1677,16,Wyreema_exit,16,14,0.44,0
dl_1677,22,Wyreema_exit,22,19,0.44,0
dl_1677,27,exit_to_Brisbane,27,21,0.44,0
dl_1677,26,Gowrie_exit,26,21,0.44,0
dl_1677,25,exit_to_Brisbane,25,20,0.44,0
dl_1677,21,Wyreema_exit,22,19,0.44,0
dl_1678,13,,,,,
dl_1678,24,exit_to_Brisbane,24,19,0.44,0
dl_1678,19,exit_to_Brisbane,19,15,0.44,0
dl_1678,18,Wyreema_exit,18,16,0.44,0
dl_1678,17,exit_to_Brisbane,17,14,0.44,0
dl_1678,16,Wyreema_exit,16,14,0.44,0
dl_1678,2,exit_to_Brisbane,2,3,0.44,0
dl_1678,1,Gowrie_exit,1,2,0.44,0
dl_1678,4,Gowrie_exit,4,3,0.44,0
dl_1678,3,Gowrie_exit,1,2,0.44,0
dl_1678,22,Wyreema_exit,22,19,0.44,0
dl_1678,27,exit_to_Brisbane,27,21,0.44,0
dl_1678,26,Gowrie_exit,26,21,0.44,0
dl_1678,25,exit_to_Brisbane,25,20,0.44,0
dl_1678,21,Wyreema_exit,22,19,0.44,0
dl_1679,13,,,,,
dl_1679,24,exit_to_Brisbane,24,19,0.44,0
dl_1679,19,exit_to_Brisbane,19,15,0.44,0
dl_1679,18,Wyreema_exit,18,16,0.44,0
dl_1679,15,exit_to_Brisbane,15,2,0.44,0
dl_1679,4,Gowrie_exit,4,3,0.44,0
dl_1679,1,Gowrie_exit,1,2,0.44,0
dl_1679,17,exit_to_Brisbane,17,14,0.44,0
dl_1679,16,Wyreema_exit,16,14,0.44,0
dl_1679,3,Gowrie_exit,1,2,0.44,0
dl_1679,22,Wyreema_exit,22,19,0.44,0
dl_1679,27,exit_to_Brisbane,27,21,0.44,0
dl_1679,26,Gowrie_exit,26,21,0.44,0
dl_1679,25,exit_to_Brisbane,25,20,0.44,0
dl_1679,21,Wyreema_exit,22,19,0.44,0
dl_1680,7,,,,,
dl_1680,17,exit_to_Brisbane,17,14,0.44,0
dl_1680,216,exit_to_Brisbane,218,13,0.44,0
dl_1680,16,Gowrie_exit,16,14,0.44,0
dl_1680,218,exit_to_Brisbane,218,13,0.44,0
dl_1680,2,exit_to_Brisbane,2,3,0.44,0
dl_1680,1,Gowrie_exit,1,2,0.44,0
dl_1680,4,Gowrie_exit,4,3,0.44,0
dl_1680,3,Gowrie_exit,1,2,0.44,0
dl_1681,7,,,,,
dl_1681,15,exit_to_Brisbane,15,2,0.44,0
dl_1681,4,Gowrie_exit,4,3,0.44,0
dl_1681,1,Gowrie_exit,1,2,0.44,0
dl_1681,17,exit_to_Brisbane,17,14,0.44,0
dl_1681,216,exit_to_Brisbane,218,13,0.44,0
dl_1681,16,Gowrie_exit,16,14,0.44,0
dl_1681,218,exit_to_Brisbane,218,13,0.44,0
dl_1681,3,Gowrie_exit,1,2,0.44,0
dl_1682,6,,,,,
dl_1682,17,exit_to_Brisbane,17,14,0.44,0
dl_1682,216,exit_to_Brisbane,218,13,0.44,0
dl_1682,16,Wyreema_exit,16,14,0.44,0
dl_1682,218,exit_to_Brisbane,218,13,0.44,0
dl_1682,2,Gowrie_exit,2,2,0.44,0
dl_1682,3,exit_to_Brisbane,3,3,0.44,0
dl_1682,4,Wyreema_exit,4,3,0.44,0
dl_1683,6,,,,,
dl_1683,15,exit_to_Brisbane,15,2,0.44,0
dl_1683,2,Gowrie_exit,2,2,0.44,0
dl_1683,17,exit_to_Brisbane,17,14,0.44,0
dl_1683,216,exit_to_Brisbane,218,13,0.44,0
dl_1683,16,Wyreema_exit,16,14,0.44,0
dl_1683,218,exit_to_Brisbane,218,13,0.44,0
dl_1683,4,Wyreema_exit,4,3,0.44,0
dl_1684,5,,,,,
dl_1684,28,Gowrie_exit,28,23,0.44,0
dl_1684,160,exit_to_Brisbane,160,120,0.44,0
dl_1684,158,exit_to_Brisbane,158,119,0.44,0
dl_1684,26,Gowrie_exit,26,21,0.44,0
dl_1684,25,exit_to_Brisbane,25,20,0.44,0
dl_1684,24,Wyreema_exit,24,20,0.44,0
dl_1685,5,,,,,
dl_1685,27,exit_to_Brisbane,27,21,0.44,0
dl_1685,26,Gowrie_exit,26,21,0.44,0
dl_1685,159,Gowrie_exit,159,120,0.44,0
dl_1685,158,exit_to_Brisbane,158,119,0.44,0
dl_1685,160,exit_to_Brisbane,160,120,0.44,0
dl_1685,24,Wyreema_exit,24,20,0.44,0
dl_1686,5,,,,,
dl_1686,27,exit_to_Brisbane,27,21,0.44,0
dl_1686,26,Gowrie_exit,26,21,0.44,0
dl_1686,24,Gowrie_exit,24,20,0.44,0
dl_1686,159,Gowrie_exit,159,120,0.44,0
dl_1686,158,exit_to_Brisbane,158,119,0.44,0
dl_1686,160,exit_to_Brisbane,160,120,0.44,0
dl_1687,5,,,,,
dl_1687,35,exit_to_Brisbane,35,28,0.44,0
dl_1687,26,Gowrie_exit,26,21,0.44,0
dl_1687,24,Gowrie_exit,24,20,0.44,0
dl_1687,159,Gowrie_exit,159,120,0.44,0
dl_1687,158,exit_to_Brisbane,158,119,0.44,0
dl_1687,160,exit_to_Brisbane,160,120,0.44,0
dl_1688,6,,,,,
dl_1688,26,exit_to_Brisbane,26,20,0.44,0
dl_1688,25,Gowrie_exit,25,21,0.44,0
dl_1688,24,Wyreema_exit,24,20,0.44,0
dl_1688,189,exit_to_Brisbane,30,24,0.44,0
dl_1688,159,Gowrie_exit,159,120,0.44,0
dl_1688,158,Wyreema_exit,158,119,0.44,0
dl_1688,160,Wyreema_exit,160,120,0.44,0
dl_1689,6,,,,,
dl_1689,26,exit_to_Brisbane,26,20,0.44,0
dl_1689,25,Gowrie_exit,25,21,0.44,0
dl_1689,24,Wyreema_exit,24,20,0.44,0
dl_1689,157,Gowrie_exit,157,119,0.44,0
dl_1689,160,Wyreema_exit,160,120,0.44,0
dl_1689,158,Wyreema_exit,158,119,0.44,0
dl_1689,189,exit_to_Brisbane,30,24,0.44,0
dl_1690,6,,,,,
dl_1690,26,exit_to_Brisbane,26,20,0.44,0
dl_1690,25,Gowrie_exit,25,21,0.44,0
dl_1690,24,Wyreema_exit,24,20,0.44,0
dl_1690,35,Gowrie_exit,35,29,0.44,0
dl_1690,160,Wyreema_exit,160,120,0.44,0
dl_1690,158,Wyreema_exit,158,119,0.44,0
dl_1690,189,exit_to_Brisbane,30,24,0.44,0
dl_1691,6,,,,,
dl_1691,189,exit_to_Brisbane,30,24,0.44,0
dl_1691,26,Gowrie_exit,26,21,0.44,0
dl_1691,25,exit_to_Brisbane,25,20,0.44,0
dl_1691,24,Wyreema_exit,24,20,0.44,0
dl_1691,159,Gowrie_exit,159,120,0.44,0
dl_1691,158,Wyreema_exit,158,119,0.44,0
dl_1691,160,exit_to_Brisbane,160,120,0.44,0
dl_1692,6,,,,,
dl_1692,188,exit_to_Brisbane,188,147,0.44,0
dl_1692,26,Gowrie_exit,26,21,0.44,0
dl_1692,25,exit_to_Brisbane,25,20,0.44,0
dl_1692,24,Wyreema_exit,24,20,0.44,0
dl_1692,159,Gowrie_exit,159,120,0.44,0
dl_1692,158,Wyreema_exit,158,119,0.44,0
dl_1692,160,exit_to_Brisbane,160,120,0.44,0
dl_1693,6,,,,,
dl_1693,20,exit_to_Brisbane,20,16,0.44,0
dl_1693,19,exit_to_Brisbane,19,15,0.44,0
dl_1693,18,Wyreema_exit,18,16,0.44,0
dl_1693,216,Gowrie_exit,216,14,0.44,0
dl_1693,16,exit_to_Brisbane,16,13,0.44,0
dl_1693,15,Gowrie_exit,15,13,0.44,0
dl_1693,218,Gowrie_exit,216,14,0.44,0
dl_1694,9,,,,,
dl_1694,24,exit_to_Brisbane,24,19,0.44,0
dl_1694,23,exit_to_Brisbane,23,17,0.44,0
dl_1694,22,Gowrie_exit,22,19,0.44,0
dl_1694,21,Gowrie_exit,22,19,0.44,0
dl_1694,19,exit_to_Brisbane,19,15,0.44,0
dl_1694,18,Wyreema_exit,18,16,0.44,0
dl_1694,216,Gowrie_exit,216,14,0.44,0
dl_1694,16,exit_to_Brisbane,16,13,0.44,0
dl_1694,15,Gowrie_exit,15,13,0.44,0
dl_1694,218,Gowrie_exit,216,14,0.44,0
dl_1695,11,,,,,
dl_1695,27,exit_to_Brisbane,27,21,0.44,0
dl_1695,26,Gowrie_exit,26,21,0.44,0
dl_1695,25,exit_to_Brisbane,25,20,0.44,0
dl_1695,23,exit_to_Brisbane,23,17,0.44,0
dl_1695,22,Gowrie_exit,22,19,0.44,0
dl_1695,21,Gowrie_exit,22,19,0.44,0
dl_1695,19,exit_to_Brisbane,19,15,0.44,0
dl_1695,18,Wyreema_exit,18,16,0.44,0
dl_1695,216,Gowrie_exit,216,14,0.44,0
dl_1695,16,exit_to_Brisbane,16,13,0.44,0
dl_1695,15,Gowrie_exit,15,13,0.44,0
dl_1695,218,Gowrie_exit,216,14,0.44,0
dl_1696,11,,,,,
dl_1696,27,exit_to_Brisbane,27,21,0.44,0
dl_1696,26,Gowrie_exit,26,21,0.44,0
dl_1696,25,exit_to_Brisbane,25,20,0.44,0
dl_1696,24,exit_to_Brisbane,24,19,0.44,0
dl_1696,19,exit_to_Brisbane,19,15,0.44,0
dl_1696,18,Wyreema_exit,18,16,0.44,0
dl_1696,216,Gowrie_exit,216,14,0.44,0
dl_1696,16,exit_to_Brisbane,16,13,0.44,0
dl_1696,15,Gowrie_exit,15,13,0.44,0
dl_1696,218,Gowrie_exit,216,14,0.44,0
dl_1696,22,Gowrie_exit,22,19,0.44,0
dl_1696,21,Gowrie_exit,22,19,0.44,0
dl_1697,9,,,,,
dl_1697,20,exit_to_Brisbane,20,16,0.44,0
dl_1697,19,exit_to_Brisbane,19,15,0.44,0
dl_1697,18,Wyreema_exit,18,16,0.44,0
dl_1697,216,Gowrie_exit,216,14,0.44,0
dl_1697,16,exit_to_Brisbane,16,13,0.44,0
dl_1697,218,Gowrie_exit,216,14,0.44,0
dl_1697,2,exit_to_Brisbane,2,3,0.44,0
dl_1697,1,Gowrie_exit,1,2,0.44,0
dl_1697,4,Gowrie_exit,4,3,0.44,0
dl_1697,3,Gowrie_exit,1,2,0.44,0
dl_1698,12,,,,,
dl_1698,24,exit_to_Brisbane,24,19,0.44,0
dl_1698,23,exit_to_Brisbane,23,17,0.44,0
dl_1698,22,Gowrie_exit,22,19,0.44,0
dl_1698,21,Gowrie_exit,22,19,0.44,0
dl_1698,19,exit_to_Brisbane,19,15,0.44,0
dl_1698,18,Wyreema_exit,18,16,0.44,0
dl_1698,216,Gowrie_exit,216,14,0.44,0
dl_1698,16,exit_to_Brisbane,16,13,0.44,0
dl_1698,218,Gowrie_exit,216,14,0.44,0
dl_1698,2,exit_to_Brisbane,2,3,0.44,0
dl_1698,1,Gowrie_exit,1,2,0.44,0
dl_1698,4,Gowrie_exit,4,3,0.44,0
dl_1698,3,Gowrie_exit,1,2,0.44,0
dl_1699,14,,,,,
dl_1699,27,exit_to_Brisbane,27,21,0.44,0
dl_1699,26,Gowrie_exit,26,21,0.44,0
dl_1699,25,exit_to_Brisbane,25,20,0.44,0
dl_1699,23,exit_to_Brisbane,23,17,0.44,0
dl_1699,22,Gowrie_exit,22,19,0.44,0
dl_1699,21,Gowrie_exit,22,19,0.44,0
dl_1699,19,exit_to_Brisbane,19,15,0.44,0
dl_1699,18,Wyreema_exit,18,16,0.44,0
dl_1699,216,Gowrie_exit,216,14,0.44,0
dl_1699,16,exit_to_Brisbane,16,13,0.44,0
dl_1699,218,Gowrie_exit,216,14,0.44,0
dl_1699,2,exit_to_Brisbane,2,3,0.44,0
dl_1699,1,Gowrie_exit,1,2,0.44,0
dl_1699,4,Gowrie_exit,4,3,0.44,0
dl_1699,3,Gowrie_exit,1,2,0.44,0
dl_1700,14,,,,,
dl_1700,27,exit_to_Brisbane,27,21,0.44,0
dl_1700,26,Gowrie_exit,26,21,0.44,0
dl_1700,25,exit_to_Brisbane,25,20,0.44,0
dl_1700,24,exit_to_Brisbane,24,19,0.44,0
dl_1700,19,exit_to_Brisbane,19,15,0.44,0
dl_1700,18,Wyreema_exit,18,16,0.44,0
dl_1700,216,Gowrie_exit,216,14,0.44,0
dl_1700,16,exit_to_Brisbane,16,13,0.44,0
dl_1700,218,Gowrie_exit,216,14,0.44,0
dl_1700,2,exit_to_Brisbane,2,3,0.44,0
dl_1700,1,Gowrie_exit,1,2,0.44,0
dl_1700,4,Gowrie_exit,4,3,0.44,0
dl_1700,3,Gowrie_exit,1,2,0.44,0
dl_1700,22,Gowrie_exit,22,19,0.44,0
dl_1700,21,Gowrie_exit,22,19,0.44,0
dl_1701,11,,,,,
dl_1701,35,exit_to_Brisbane,35,28,0.44,0
dl_1701,26,Gowrie_exit,26,21,0.44,0
dl_1701,25,exit_to_Brisbane,25,20,0.44,0
dl_1701,23,exit_to_Brisbane,23,17,0.44,0
dl_1701,22,Gowrie_exit,22,19,0.44,0
dl_1701,21,Gowrie_exit,22,19,0.44,0
dl_1701,19,exit_to_Brisbane,19,15,0.44,0
dl_1701,18,Wyreema_exit,18,16,0.44,0
dl_1701,216,Gowrie_exit,216,14,0.44,0
dl_1701,16,exit_to_Brisbane,16,13,0.44,0
dl_1701,15,Gowrie_exit,15,13,0.44,0
dl_1701,218,Gowrie_exit,216,14,0.44,0
dl_1702,11,,,,,
dl_1702,35,exit_to_Brisbane,35,28,0.44,0
dl_1702,26,Gowrie_exit,26,21,0.44,0
dl_1702,25,exit_to_Brisbane,25,20,0.44,0
dl_1702,24,exit_to_Brisbane,24,19,0.44,0
dl_1702,19,exit_to_Brisbane,19,15,0.44,0
dl_1702,18,Wyreema_exit,18,16,0.44,0
dl_1702,216,Gowrie_exit,216,14,0.44,0
dl_1702,16,exit_to_Brisbane,16,13,0.44,0
dl_1702,15,Gowrie_exit,15,13,0.44,0
dl_1702,218,Gowrie_exit,216,14,0.44,0
dl_1702,22,Gowrie_exit,22,19,0.44,0
dl_1702,21,Gowrie_exit,22,19,0.44,0
dl_1703,14,,,,,
dl_1703,35,exit_to_Brisbane,35,28,0.44,0
dl_1703,26,Gowrie_exit,26,21,0.44,0
dl_1703,25,exit_to_Brisbane,25,20,0.44,0
dl_1703,23,exit_to_Brisbane,23,17,0.44,0
dl_1703,22,Gowrie_exit,22,19,0.44,0
dl_1703,21,Gowrie_exit,22,19,0.44,0
dl_1703,19,exit_to_Brisbane,19,15,0.44,0
dl_1703,18,Wyreema_exit,18,16,0.44,0
dl_1703,216,Gowrie_exit,216,14,0.44,0
dl_1703,16,exit_to_Brisbane,16,13,0.44,0
dl_1703,218,Gowrie_exit,216,14,0.44,0
dl_1703,2,exit_to_Brisbane,2,3,0.44,0
dl_1703,1,Gowrie_exit,1,2,0.44,0
dl_1703,4,Gowrie_exit,4,3,0.44,0
dl_1703,3,Gowrie_exit,1,2,0.44,0
dl_1704,14,,,,,
dl_1704,35,exit_to_Brisbane,35,28,0.44,0
dl_1704,26,Gowrie_exit,26,21,0.44,0
dl_1704,25,exit_to_Brisbane,25,20,0.44,0
dl_1704,24,exit_to_Brisbane,24,19,0.44,0
dl_1704,19,exit_to_Brisbane,19,15,0.44,0
dl_1704,18,Wyreema_exit,18,16,0.44,0
dl_1704,216,Gowrie_exit,216,14,0.44,0
dl_1704,16,exit_to_Brisbane,16,13,0.44,0
dl_1704,218,Gowrie_exit,216,14,0.44,0
dl_1704,2,exit_to_Brisbane,2,3,0.44,0
dl_1704,1,Gowrie_exit,1,2,0.44,0
dl_1704,4,Gowrie_exit,4,3,0.44,0
dl_1704,3,Gowrie_exit,1,2,0.44,0
dl_1704,22,Gowrie_exit,22,19,0.44,0
dl_1704,21,Gowrie_exit,22,19,0.44,0
dl_1705,9,,,,,
dl_1705,20,exit_to_Brisbane,20,16,0.44,0
dl_1705,19,exit_to_Brisbane,19,15,0.44,0
dl_1705,18,Wyreema_exit,18,16,0.44,0
dl_1705,15,exit_to_Brisbane,15,2,0.44,0
dl_1705,4,Gowrie_exit,4,3,0.44,0
dl_1705,1,Gowrie_exit,1,2,0.44,0
dl_1705,216,Gowrie_exit,216,14,0.44,0
dl_1705,16,exit_to_Brisbane,16,13,0.44,0
dl_1705,218,Gowrie_exit,216,14,0.44,0
dl_1705,3,Gowrie_exit,1,2,0.44,0
dl_1706,12,,,,,
dl_1706,24,exit_to_Brisbane,24,19,0.44,0
dl_1706,23,exit_to_Brisbane,23,17,0.44,0
dl_1706,22,Gowrie_exit,22,19,0.44,0
dl_1706,21,Gowrie_exit,22,19,0.44,0
dl_1706,19,exit_to_Brisbane,19,15,0.44,0
dl_1706,18,Wyreema_exit,18,16,0.44,0
dl_1706,15,exit_to_Brisbane,15,2,0.44,0
dl_1706,4,Gowrie_exit,4,3,0.44,0
dl_1706,1,Gowrie_exit,1,2,0.44,0
dl_1706,216,Gowrie_exit,216,14,0.44,0
dl_1706,16,exit_to_Brisbane,16,13,0.44,0
dl_1706,218,Gowrie_exit,216,14,0.44,0
dl_1706,3,Gowrie_exit,1,2,0.44,0
dl_1707,14,,,,,
dl_1707,27,exit_to_Brisbane,27,21,0.44,0
dl_1707,26,Gowrie_exit,26,21,0.44,0
dl_1707,25,exit_to_Brisbane,25,20,0.44,0
dl_1707,23,exit_to_Brisbane,23,17,0.44,0
dl_1707,22,Gowrie_exit,22,19,0.44,0
dl_1707,21,Gowrie_exit,22,19,0.44,0
dl_1707,19,exit_to_Brisbane,19,15,0.44,0
dl_1707,18,Wyreema_exit,18,16,0.44,0
dl_1707,15,exit_to_Brisbane,15,2,0.44,0
dl_1707,4,Gowrie_exit,4,3,0.44,0
dl_1707,1,Gowrie_exit,1,2,0.44,0
dl_1707,216,Gowrie_exit,216,14,0.44,0
dl_1707,16,exit_to_Brisbane,16,13,0.44,0
dl_1707,218,Gowrie_exit,216,14,0.44,0
dl_1707,3,Gowrie_exit,1,2,0.44,0
dl_1708,14,,,,,
dl_1708,27,exit_to_Brisbane,27,21,0.44,0
dl_1708,26,Gowrie_exit,26,21,0.44,0
dl_1708,25,exit_to_Brisbane,25,20,0.44,0
dl_1708,24,exit_to_Brisbane,24,19,0.44,0
dl_1708,19,exit_to_Brisbane,19,15,0.44,0
dl_1708,18,Wyreema_exit,18,16,0.44,0
dl_1708,15,exit_to_Brisbane,15,2,0.44,0
dl_1708,4,Gowrie_exit,4,3,0.44,0
dl_1708,1,Gowrie_exit,1,2,0.44,0
dl_1708,216,Gowrie_exit,216,14,0.44,0
dl_1708,16,exit_to_Brisbane,16,13,0.44,0
dl_1708,218,Gowrie_exit,216,14,0.44,0
dl_1708,3,Gowrie_exit,1,2,0.44,0
dl_1708,22,Gowrie_exit,22,19,0.44,0
dl_1708,21,Gowrie_exit,22,19,0.44,0
dl_1709,14,,,,,
dl_1709,35,exit_to_Brisbane,35,28,0.44,0
dl_1709,26,Gowrie_exit,26,21,0.44,0
dl_1709,25,exit_to_Brisbane,25,20,0.44,0
dl_1709,23,exit_to_Brisbane,23,17,0.44,0
dl_1709,22,Gowrie_exit,22,19,0.44,0
dl_1709,21,Gowrie_exit,22,19,0.44,0
dl_1709,19,exit_to_Brisbane,19,15,0.44,0
dl_1709,18,Wyreema_exit,18,16,0.44,0
dl_1709,15,exit_to_Brisbane,15,2,0.44,0
dl_1709,4,Gowrie_exit,4,3,0.44,0
dl_1709,1,Gowrie_exit,1,2,0.44,0
dl_1709,216,Gowrie_exit,216,14,0.44,0
dl_1709,16,exit_to_Brisbane,16,13,0.44,0
dl_1709,218,Gowrie_exit,216,14,0.44,0
dl_1709,3,Gowrie_exit,1,2,0.44,0
dl_1710,14,,,,,
dl_1710,35,exit_to_Brisbane,35,28,0.44,0
dl_1710,26,Gowrie_exit,26,21,0.44,0
dl_1710,25,exit_to_Brisbane,25,20,0.44,0
dl_1710,24,exit_to_Brisbane,24,19,0.44,0
dl_1710,19,exit_to_Brisbane,19,15,0.44,0
dl_1710,18,Wyreema_exit,18,16,0.44,0
dl_1710,15,exit_to_Brisbane,15,2,0.44,0
dl_1710,4,Gowrie_exit,4,3,0.44,0
dl_1710,1,Gowrie_exit,1,2,0.44,0
dl_1710,216,Gowrie_exit,216,14,0.44,0
dl_1710,16,exit_to_Brisbane,16,13,0.44,0
dl_1710,218,Gowrie_exit,216,14,0.44,0
dl_1710,3,Gowrie_exit,1,2,0.44,0
dl_1710,22,Gowrie_exit,22,19,0.44,0
dl_1710,21,Gowrie_exit,22,19,0.44,0
dl_1711,9,,,,,
dl_1711,24,exit_to_Brisbane,24,19,0.44,0
dl_1711,23,exit_to_Brisbane,23,17,0.44,0
dl_1711,22,Gowrie_exit,22,19,0.44,0
dl_1711,20,exit_to_Brisbane,20,16,0.44,0
dl_1711,216,Gowrie_exit,216,14,0.44,0
dl_1711,16,exit_to_Brisbane,16,13,0.44,0
dl_1711,15,Gowrie_exit,15,13,0.44,0
dl_1711,218,Gowrie_exit,216,14,0.44,0
dl_1711,18,Wyreema_exit,18,16,0.44,0
dl_1711,21,Gowrie_exit,22,19,0.44,0
dl_1712,11,,,,,
dl_1712,27,exit_to_Brisbane,27,21,0.44,0
dl_1712,26,Gowrie_exit,26,21,0.44,0
dl_1712,25,exit_to_Brisbane,25,20,0.44,0
dl_1712,23,exit_to_Brisbane,23,17,0.44,0
dl_1712,22,Gowrie_exit,22,19,0.44,0
dl_1712,20,exit_to_Brisbane,20,16,0.44,0
dl_1712,216,Gowrie_exit,216,14,0.44,0
dl_1712,16,exit_to_Brisbane,16,13,0.44,0
dl_1712,15,Gowrie_exit,15,13,0.44,0
dl_1712,218,Gowrie_exit,216,14,0.44,0
dl_1712,18,Wyreema_exit,18,16,0.44,0
dl_1712,21,Gowrie_exit,22,19,0.44,0
dl_1713,11,,,,,
dl_1713,27,exit_to_Brisbane,27,21,0.44,0
dl_1713,26,Gowrie_exit,26,21,0.44,0
dl_1713,25,exit_to_Brisbane,25,20,0.44,0
dl_1713,24,exit_to_Brisbane,24,19,0.44,0
dl_1713,20,exit_to_Brisbane,20,16,0.44,0
dl_1713,22,Gowrie_exit,22,19,0.44,0
dl_1713,216,Gowrie_exit,216,14,0.44,0
dl_1713,16,exit_to_Brisbane,16,13,0.44,0
dl_1713,15,Gowrie_exit,15,13,0.44,0
dl_1713,218,Gowrie_exit,216,14,0.44,0
dl_1713,18,Wyreema_exit,18,16,0.44,0
dl_1713,21,Gowrie_exit,22,19,0.44,0
dl_1714,12,,,,,
dl_1714,24,exit_to_Brisbane,24,19,0.44,0
dl_1714,23,exit_to_Brisbane,23,17,0.44,0
dl_1714,22,Gowrie_exit,22,19,0.44,0
dl_1714,20,exit_to_Brisbane,20,16,0.44,0
dl_1714,216,Gowrie_exit,216,14,0.44,0
dl_1714,16,exit_to_Brisbane,16,13,0.44,0
dl_1714,218,Gowrie_exit,216,14,0.44,0
dl_1714,2,exit_to_Brisbane,2,3,0.44,0
dl_1714,1,Gowrie_exit,1,2,0.44,0
dl_1714,4,Gowrie_exit,4,3,0.44,0
dl_1714,3,Gowrie_exit,1,2,0.44,0
dl_1714,18,Wyreema_exit,18,16,0.44,0
dl_1714,21,Gowrie_exit,22,19,0.44,0
dl_1715,14,,,,,
dl_1715,27,exit_to_Brisbane,27,21,0.44,0
dl_1715,26,Gowrie_exit,26,21,0.44,0
dl_1715,25,exit_to_Brisbane,25,20,0.44,0
dl_1715,23,exit_to_Brisbane,23,17,0.44,0
dl_1715,22,Gowrie_exit,22,19,0.44,0
dl_1715,20,exit_to_Brisbane,20,16,0.44,0
dl_1715,216,Gowrie_exit,216,14,0.44,0
dl_1715,16,exit_to_Brisbane,16,13,0.44,0
dl_1715,218,Gowrie_exit,216,14,0.44,0
dl_1715,2,exit_to_Brisbane,2,3,0.44,0
dl_1715,1,Gowrie_exit,1,2,0.44,0
dl_1715,4,Gowrie_exit,4,3,0.44,0
dl_1715,3,Gowrie_exit,1,2,0.44,0
dl_1715,18,Wyreema_exit,18,16,0.44,0
dl_1715,21,Gowrie_exit,22,19,0.44,0
dl_1716,14,,,,,
dl_1716,27,exit_to_Brisbane,27,21,0.44,0
dl_1716,26,Gowrie_exit,26,21,0.44,0
dl_1716,25,exit_to_Brisbane,25,20,0.44,0
dl_1716,24,exit_to_Brisbane,24,19,0.44,0
dl_1716,20,exit_to_Brisbane,20,16,0.44,0
dl_1716,22,Gowrie_exit,22,19,0.44,0
dl_1716,216,Gowrie_exit,216,14,0.44,0
dl_1716,16,exit_to_Brisbane,16,13,0.44,0
dl_1716,218,Gowrie_exit,216,14,0.44,0
dl_1716,2,exit_to_Brisbane,2,3,0.44,0
dl_1716,1,Gowrie_exit,1,2,0.44,0
dl_1716,4,Gowrie_exit,4,3,0.44,0
dl_1716,3,Gowrie_exit,1,2,0.44,0
dl_1716,18,Wyreema_exit,18,16,0.44,0
dl_1716,21,Gowrie_exit,22,19,0.44,0
dl_1717,11,,,,,
dl_1717,35,exit_to_Brisbane,35,28,0.44,0
dl_1717,26,Gowrie_exit,26,21,0.44,0
dl_1717,25,exit_to_Brisbane,25,20,0.44,0
dl_1717,23,exit_to_Brisbane,23,17,0.44,0
dl_1717,22,Gowrie_exit,22,19,0.44,0
dl_1717,20,exit_to_Brisbane,20,16,0.44,0
dl_1717,216,Gowrie_exit,216,14,0.44,0
dl_1717,16,exit_to_Brisbane,16,13,0.44,0
dl_1717,15,Gowrie_exit,15,13,0.44,0
dl_1717,218,Gowrie_exit,216,14,0.44,0
dl_1717,18,Wyreema_exit,18,16,0.44,0
dl_1717,21,Gowrie_exit,22,19,0.44,0
dl_1718,11,,,,,
dl_1718,35,exit_to_Brisbane,35,28,0.44,0
dl_1718,26,Gowrie_exit,26,21,0.44,0
dl_1718,25,exit_to_Brisbane,25,20,0.44,0
dl_1718,24,exit_to_Brisbane,24,19,0.44,0
dl_1718,20,exit_to_Brisbane,20,16,0.44,0
dl_1718,22,Gowrie_exit,22,19,0.44,0
dl_1718,216,Gowrie_exit,216,14,0.44,0
dl_1718,16,exit_to_Brisbane,16,13,0.44,0
dl_1718,15,Gowrie_exit,15,13,0.44,0
dl_1718,218,Gowrie_exit,216,14,0.44,0
dl_1718,18,Wyreema_exit,18,16,0.44,0
dl_1718,21,Gowrie_exit,22,19,0.44,0
dl_1719,14,,,,,
dl_1719,35,exit_to_Brisbane,35,28,0.44,0
dl_1719,26,Gowrie_exit,26,21,0.44,0
dl_1719,25,exit_to_Brisbane,25,20,0.44,0
dl_1719,23,exit_to_Brisbane,23,17,0.44,0
dl_1719,22,Gowrie_exit,22,19,0.44,0
dl_1719,20,exit_to_Brisbane,20,16,0.44,0
dl_1719,216,Gowrie_exit,216,14,0.44,0
dl_1719,16,exit_to_Brisbane,16,13,0.44,0
dl_1719,218,Gowrie_exit,216,14,0.44,0
dl_1719,2,exit_to_Brisbane,2,3,0.44,0
dl_1719,1,Gowrie_exit,1,2,0.44,0
dl_1719,4,Gowrie_exit,4,3,0.44,0
dl_1719,3,Gowrie_exit,1,2,0.44,0
dl_1719,18,Wyreema_exit,18,16,0.44,0
dl_1719,21,Gowrie_exit,22,19,0.44,0
dl_1720,14,,,,,
dl_1720,35,exit_to_Brisbane,35,28,0.44,0
dl_1720,26,Gowrie_exit,26,21,0.44,0
dl_1720,25,exit_to_Brisbane,25,20,0.44,0
dl_1720,24,exit_to_Brisbane,24,19,0.44,0
dl_1720,20,exit_to_Brisbane,20,16,0.44,0
dl_1720,22,Gowrie_exit,22,19,0.44,0
dl_1720,216,Gowrie_exit,216,14,0.44,0
dl_1720,16,exit_to_Brisbane,16,13,0.44,0
dl_1720,218,Gowrie_exit,216,14,0.44,0
dl_1720,2,exit_to_Brisbane,2,3,0.44,0
dl_1720,1,Gowrie_exit,1,2,0.44,0
dl_1720,4,Gowrie_exit,4,3,0.44,0
dl_1720,3,Gowrie_exit,1,2,0.44,0
dl_1720,18,Wyreema_exit,18,16,0.44,0
dl_1720,21,Gowrie_exit,22,19,0.44,0
dl_1721,12,,,,,
dl_1721,24,exit_to_Brisbane,24,19,0.44,0
dl_1721,23,exit_to_Brisbane,23,17,0.44,0
dl_1721,22,Gowrie_exit,22,19,0.44,0
dl_1721,20,exit_to_Brisbane,20,16,0.44,0
dl_1721,15,exit_to_Brisbane,15,2,0.44,0
dl_1721,4,Gowrie_exit,4,3,0.44,0
dl_1721,1,Gowrie_exit,1,2,0.44,0
dl_1721,216,Gowrie_exit,216,14,0.44,0
dl_1721,16,exit_to_Brisbane,16,13,0.44,0
dl_1721,218,Gowrie_exit,216,14,0.44,0
dl_1721,3,Gowrie_exit,1,2,0.44,0
dl_1721,18,Wyreema_exit,18,16,0.44,0
dl_1721,21,Gowrie_exit,22,19,0.44,0
dl_1722,14,,,,,
dl_1722,27,exit_to_Brisbane,27,21,0.44,0
dl_1722,26,Gowrie_exit,26,21,0.44,0
dl_1722,25,exit_to_Brisbane,25,20,0.44,0
dl_1722,23,exit_to_Brisbane,23,17,0.44,0
dl_1722,22,Gowrie_exit,22,19,0.44,0
dl_1722,20,exit_to_Brisbane,20,16,0.44,0
dl_1722,15,exit_to_Brisbane,15,2,0.44,0
dl_1722,4,Gowrie_exit,4,3,0.44,0
dl_1722,1,Gowrie_exit,1,2,0.44,0
dl_1722,216,Gowrie_exit,216,14,0.44,0
dl_1722,16,exit_to_Brisbane,16,13,0.44,0
dl_1722,218,Gowrie_exit,216,14,0.44,0
dl_1722,3,Gowrie_exit,1,2,0.44,0
dl_1722,18,Wyreema_exit,18,16,0.44,0
dl_1722,21,Gowrie_exit,22,19,0.44,0
dl_1723,14,,,,,
dl_1723,27,exit_to_Brisbane,27,21,0.44,0
dl_1723,26,Gowrie_exit,26,21,0.44,0
dl_1723,25,exit_to_Brisbane,25,20,0.44,0
dl_1723,24,exit_to_Brisbane,24,19,0.44,0
dl_1723,20,exit_to_Brisbane,20,16,0.44,0
dl_1723,22,Gowrie_exit,22,19,0.44,0
dl_1723,15,exit_to_Brisbane,15,2,0.44,0
dl_1723,4,Gowrie_exit,4,3,0.44,0
dl_1723,1,Gowrie_exit,1,2,0.44,0
dl_1723,216,Gowrie_exit,216,14,0.44,0
dl_1723,16,exit_to_Brisbane,16,13,0.44,0
dl_1723,218,Gowrie_exit,216,14,0.44,0
dl_1723,3,Gowrie_exit,1,2,0.44,0
dl_1723,18,Wyreema_exit,18,16,0.44,0
dl_1723,21,Gowrie_exit,22,19,0.44,0
dl_1724,14,,,,,
dl_1724,35,exit_to_Brisbane,35,28,0.44,0
dl_1724,26,Gowrie_exit,26,21,0.44,0
dl_1724,25,exit_to_Brisbane,25,20,0.44,0
dl_1724,23,exit_to_Brisbane,23,17,0.44,0
dl_1724,22,Gowrie_exit,22,19,0.44,0
dl_1724,20,exit_to_Brisbane,20,16,0.44,0
dl_1724,15,exit_to_Brisbane,15,2,0.44,0
dl_1724,4,Gowrie_exit,4,3,0.44,0
dl_1724,1,Gowrie_exit,1,2,0.44,0
dl_1724,216,Gowrie_exit,216,14,0.44,0
dl_1724,16,exit_to_Brisbane,16,13,0.44,0
dl_1724,218,Gowrie_exit,216,14,0.44,0
dl_1724,3,Gowrie_exit,1,2,0.44,0
dl_1724,18,Wyreema_exit,18,16,0.44,0
dl_1724,21,Gowrie_exit,22,19,0.44,0
dl_1725,14,,,,,
dl_1725,35,exit_to_Brisbane,35,28,0.44,0
dl_1725,26,Gowrie_exit,26,21,0.44,0
dl_1725,25,exit_to_Brisbane,25,20,0.44,0
dl_1725,24,exit_to_Brisbane,24,19,0.44,0
dl_1725,20,exit_to_Brisbane,20,16,0.44,0
dl_1725,22,Gowrie_exit,22,19,0.44,0
dl_1725,15,exit_to_Brisbane,15,2,0.44,0
dl_1725,4,Gowrie_exit,4,3,0.44,0
dl_1725,1,Gowrie_exit,1,2,0.44,0
dl_1725,216,Gowrie_exit,216,14,0.44,0
dl_1725,16,exit_to_Brisbane,16,13,0.44,0
dl_1725,218,Gowrie_exit,216,14,0.44,0
dl_1725,3,Gowrie_exit,1,2,0.44,0
dl_1725,18,Wyreema_exit,18,16,0.44,0
dl_1725,21,Gowrie_exit,22,19,0.44,0
dl_1726,11,,,,,
dl_1726,27,exit_to_Brisbane,27,21,0.44,0
dl_1726,26,Gowrie_exit,26,21,0.44,0
dl_1726,35,exit_to_Brisbane,35,28,0.44,0
dl_1726,23,exit_to_Brisbane,23,17,0.44,0
dl_1726,22,Gowrie_exit,22,19,0.44,0
dl_1726,21,Gowrie_exit,22,19,0.44,0
dl_1726,19,exit_to_Brisbane,19,15,0.44,0
dl_1726,18,Wyreema_exit,18,16,0.44,0
dl_1726,216,Gowrie_exit,216,14,0.44,0
dl_1726,16,exit_to_Brisbane,16,13,0.44,0
dl_1726,15,Gowrie_exit,15,13,0.44,0
dl_1726,218,Gowrie_exit,216,14,0.44,0
dl_1727,11,,,,,
dl_1727,27,exit_to_Brisbane,27,21,0.44,0
dl_1727,26,Gowrie_exit,26,21,0.44,0
dl_1727,35,exit_to_Brisbane,35,28,0.44,0
dl_1727,24,exit_to_Brisbane,24,19,0.44,0
dl_1727,19,exit_to_Brisbane,19,15,0.44,0
dl_1727,18,Wyreema_exit,18,16,0.44,0
dl_1727,216,Gowrie_exit,216,14,0.44,0
dl_1727,16,exit_to_Brisbane,16,13,0.44,0
dl_1727,15,Gowrie_exit,15,13,0.44,0
dl_1727,218,Gowrie_exit,216,14,0.44,0
dl_1727,22,Gowrie_exit,22,19,0.44,0
dl_1727,21,Gowrie_exit,22,19,0.44,0
dl_1728,14,,,,,
dl_1728,27,exit_to_Brisbane,27,21,0.44,0
dl_1728,26,Gowrie_exit,26,21,0.44,0
dl_1728,35,exit_to_Brisbane,35,28,0.44,0
dl_1728,23,exit_to_Brisbane,23,17,0.44,0
dl_1728,22,Gowrie_exit,22,19,0.44,0
dl_1728,21,Gowrie_exit,22,19,0.44,0
dl_1728,19,exit_to_Brisbane,19,15,0.44,0
dl_1728,18,Wyreema_exit,18,16,0.44,0
dl_1728,216,Gowrie_exit,216,14,0.44,0
dl_1728,16,exit_to_Brisbane,16,13,0.44,0
dl_1728,218,Gowrie_exit,216,14,0.44,0
dl_1728,2,exit_to_Brisbane,2,3,0.44,0
dl_1728,1,Gowrie_exit,1,2,0.44,0
dl_1728,4,Gowrie_exit,4,3,0.44,0
dl_1728,3,Gowrie_exit,1,2,0.44,0
dl_1729,14,,,,,
dl_1729,27,exit_to_Brisbane,27,21,0.44,0
dl_1729,26,Gowrie_exit,26,21,0.44,0
dl_1729,35,exit_to_Brisbane,35,28,0.44,0
dl_1729,24,exit_to_Brisbane,24,19,0.44,0
dl_1729,19,exit_to_Brisbane,19,15,0.44,0
dl_1729,18,Wyreema_exit,18,16,0.44,0
dl_1729,216,Gowrie_exit,216,14,0.44,0
dl_1729,16,exit_to_Brisbane,16,13,0.44,0
dl_1729,218,Gowrie_exit,216,14,0.44,0
dl_1729,2,exit_to_Brisbane,2,3,0.44,0
dl_1729,1,Gowrie_exit,1,2,0.44,0
dl_1729,4,Gowrie_exit,4,3,0.44,0
dl_1729,3,Gowrie_exit,1,2,0.44,0
dl_1729,22,Gowrie_exit,22,19,0.44,0
dl_1729,21,Gowrie_exit,22,19,0.44,0
dl_1730,14,,,,,
dl_1730,27,exit_to_Brisbane,27,21,0.44,0
dl_1730,26,Gowrie_exit,26,21,0.44,0
dl_1730,35,exit_to_Brisbane,35,28,0.44,0
dl_1730,23,exit_to_Brisbane,23,17,0.44,0
dl_1730,22,Gowrie_exit,22,19,0.44,0
dl_1730,21,Gowrie_exit,22,19,0.44,0
dl_1730,19,exit_to_Brisbane,19,15,0.44,0
dl_1730,18,Wyreema_exit,18,16,0.44,0
dl_1730,15,exit_to_Brisbane,15,2,0.44,0
dl_1730,4,Gowrie_exit,4,3,0.44,0
dl_1730,1,Gowrie_exit,1,2,0.44,0
dl_1730,216,Gowrie_exit,216,14,0.44,0
dl_1730,16,exit_to_Brisbane,16,13,0.44,0
dl_1730,218,Gowrie_exit,216,14,0.44,0
dl_1730,3,Gowrie_exit,1,2,0.44,0
dl_1731,14,,,,,
dl_1731,27,exit_to_Brisbane,27,21,0.44,0
dl_1731,26,Gowrie_exit,26,21,0.44,0
dl_1731,35,exit_to_Brisbane,35,28,0.44,0
dl_1731,24,exit_to_Brisbane,24,19,0.44,0
dl_1731,19,exit_to_Brisbane,19,15,0.44,0
dl_1731,18,Wyreema_exit,18,16,0.44,0
dl_1731,15,exit_to_Brisbane,15,2,0.44,0
dl_1731,4,Gowrie_exit,4,3,0.44,0
dl_1731,1,Gowrie_exit,1,2,0.44,0
dl_1731,216,Gowrie_exit,216,14,0.44,0
dl_1731,16,exit_to_Brisbane,16,13,0.44,0
dl_1731,218,Gowrie_exit,216,14,0.44,0
dl_1731,3,Gowrie_exit,1,2,0.44,0
dl_1731,22,Gowrie_exit,22,19,0.44,0
dl_1731,21,Gowrie_exit,22,19,0.44,0
dl_1732,11,,,,,
dl_1732,27,exit_to_Brisbane,27,21,0.44,0
dl_1732,26,Gowrie_exit,26,21,0.44,0
dl_1732,35,exit_to_Brisbane,35,28,0.44,0
dl_1732,23,exit_to_Brisbane,23,17,0.44,0
dl_1732,22,Gowrie_exit,22,19,0.44,0
dl_1732,20,exit_to_Brisbane,20,16,0.44,0
dl_1732,216,Gowrie_exit,216,14,0.44,0
dl_1732,16,exit_to_Brisbane,16,13,0.44,0
dl_1732,15,Gowrie_exit,15,13,0.44,0
dl_1732,218,Gowrie_exit,216,14,0.44,0
dl_1732,18,Wyreema_exit,18,16,0.44,0
dl_1732,21,Gowrie_exit,22,19,0.44,0
dl_1733,11,,,,,
dl_1733,27,exit_to_Brisbane,27,21,0.44,0
dl_1733,26,Gowrie_exit,26,21,0.44,0
dl_1733,35,exit_to_Brisbane,35,28,0.44,0
dl_1733,24,exit_to_Brisbane,24,19,0.44,0
dl_1733,20,exit_to_Brisbane,20,16,0.44,0
dl_1733,22,Gowrie_exit,22,19,0.44,0
dl_1733,216,Gowrie_exit,216,14,0.44,0
dl_1733,16,exit_to_Brisbane,16,13,0.44,0
dl_1733,15,Gowrie_exit,15,13,0.44,0
dl_1733,218,Gowrie_exit,216,14,0.44,0
dl_1733,18,Wyreema_exit,18,16,0.44,0
dl_1733,21,Gowrie_exit,22,19,0.44,0
dl_1734,14,,,,,
dl_1734,27,exit_to_Brisbane,27,21,0.44,0
dl_1734,26,Gowrie_exit,26,21,0.44,0
dl_1734,35,exit_to_Brisbane,35,28,0.44,0
dl_1734,23,exit_to_Brisbane,23,17,0.44,0
dl_1734,22,Gowrie_exit,22,19,0.44,0
dl_1734,20,exit_to_Brisbane,20,16,0.44,0
dl_1734,216,Gowrie_exit,216,14,0.44,0
dl_1734,16,exit_to_Brisbane,16,13,0.44,0
dl_1734,218,Gowrie_exit,216,14,0.44,0
dl_1734,2,exit_to_Brisbane,2,3,0.44,0
dl_1734,1,Gowrie_exit,1,2,0.44,0
dl_1734,4,Gowrie_exit,4,3,0.44,0
dl_1734,3,Gowrie_exit,1,2,0.44,0
dl_1734,18,Wyreema_exit,18,16,0.44,0
dl_1734,21,Gowrie_exit,22,19,0.44,0
dl_1735,14,,,,,
dl_1735,27,exit_to_Brisbane,27,21,0.44,0
dl_1735,26,Gowrie_exit,26,21,0.44,0
dl_1735,35,exit_to_Brisbane,35,28,0.44,0
dl_1735,24,exit_to_Brisbane,24,19,0.44,0
dl_1735,20,exit_to_Brisbane,20,16,0.44,0
dl_1735,22,Gowrie_exit,22,19,0.44,0
dl_1735,216,Gowrie_exit,216,14,0.44,0
dl_1735,16,exit_to_Brisbane,16,13,0.44,0
dl_1735,218,Gowrie_exit,216,14,0.44,0
dl_1735,2,exit_to_Brisbane,2,3,0.44,0
dl_1735,1,Gowrie_exit,1,2,0.44,0
dl_1735,4,Gowrie_exit,4,3,0.44,0
dl_1735,3,Gowrie_exit,1,2,0.44,0
dl_1735,18,Wyreema_exit,18,16,0.44,0
dl_1735,21,Gowrie_exit,22,19,0.44,0
dl_1736,14,,,,,
dl_1736,27,exit_to_Brisbane,27,21,0.44,0
dl_1736,26,Gowrie_exit,26,21,0.44,0
dl_1736,35,exit_to_Brisbane,35,28,0.44,0
dl_1736,23,exit_to_Brisbane,23,17,0.44,0
dl_1736,22,Gowrie_exit,22,19,0.44,0
dl_1736,20,exit_to_Brisbane,20,16,0.44,0
dl_1736,15,exit_to_Brisbane,15,2,0.44,0
dl_1736,4,Gowrie_exit,4,3,0.44,0
dl_1736,1,Gowrie_exit,1,2,0.44,0
dl_1736,216,Gowrie_exit,216,14,0.44,0
dl_1736,16,exit_to_Brisbane,16,13,0.44,0
dl_1736,218,Gowrie_exit,216,14,0.44,0
dl_1736,3,Gowrie_exit,1,2,0.44,0
dl_1736,18,Wyreema_exit,18,16,0.44,0
dl_1736,21,Gowrie_exit,22,19,0.44,0
dl_1737,14,,,,,
dl_1737,27,exit_to_Brisbane,27,21,0.44,0
dl_1737,26,Gowrie_exit,26,21,0.44,0
dl_1737,35,exit_to_Brisbane,35,28,0.44,0
dl_1737,24,exit_to_Brisbane,24,19,0.44,0
dl_1737,20,exit_to_Brisbane,20,16,0.44,0
dl_1737,22,Gowrie_exit,22,19,0.44,0
dl_1737,15,exit_to_Brisbane,15,2,0.44,0
dl_1737,4,Gowrie_exit,4,3,0.44,0
dl_1737,1,Gowrie_exit,1,2,0.44,0
dl_1737,216,Gowrie_exit,216,14,0.44,0
dl_1737,16,exit_to_Brisbane,16,13,0.44,0
dl_1737,218,Gowrie_exit,216,14,0.44,0
dl_1737,3,Gowrie_exit,1,2,0.44,0
dl_1737,18,Wyreema_exit,18,16,0.44,0
dl_1737,21,Gowrie_exit,22,19,0.44,0
