constraint_id,segment_id/occupancy_limit,terminal,front_signal_segment_id,front_signal_head_node_id,min_length,max_length
dl_0,1,,,,,
dl_0,8,West_exit,7,4,0.8,0
dl_0,5,East_exit,6,5,0.8,0
dl_1,1,,,,,
dl_1,8,West_exit,7,4,0.8,0
dl_1,7,West_exit,7,4,0.8,0
dl_1,5,East_exit,5,4,0.8,0
dl_2,1,,,,,
dl_2,8,West_exit,6,4,0.8,0
dl_2,5,East_exit,7,5,0.8,0
dl_3,1,,,,,
dl_3,6,West_exit,6,4,0.8,0
dl_3,8,West_exit,6,4,0.8,0
dl_3,5,East_exit,5,4,0.8,0
dl_4,1,,,,,
dl_4,8,West_exit,8,5,0.8,0
dl_4,5,East_exit,7,5,0.8,0
dl_4,7,East_exit,7,5,0.8,0
dl_5,1,,,,,
dl_5,8,West_exit,8,5,0.8,0
dl_5,6,East_exit,6,5,0.8,0
dl_5,5,East_exit,6,5,0.8,0
dl_6,1,,,,,
dl_6,8,West_exit,8,5,0.8,0
dl_6,5,East_exit,5,4,0.8,0
dl_7,2,,,,,
dl_7,2,East_exit,4,3,0.8,0
dl_7,3,West_exit_short,3,2,0.44,0
dl_7,8,West_exit,7,4,0.8,0
dl_7,7,West_exit,7,4,0.8,0
dl_8,2,,,,,
dl_8,2,East_exit,4,3,0.8,0
dl_8,3,West_exit_short,3,2,0.44,0
dl_8,6,West_exit,6,4,0.8,0
dl_8,8,West_exit,6,4,0.8,0
dl_9,2,,,,,
dl_9,2,East_exit,4,3,0.8,0
dl_9,3,West_exit_short,3,2,0.44,0
dl_9,8,West_exit,8,5,0.8,0
dl_10,1,,,,,
dl_10,11,West_exit,10,6,0.8,0
dl_10,8,East_exit,9,7,0.8,0
dl_11,1,,,,,
dl_11,11,West_exit,10,6,0.8,0
dl_11,10,West_exit,10,6,0.8,0
dl_11,8,East_exit,8,6,0.8,0
dl_12,1,,,,,
dl_12,11,West_exit,10,6,0.8,0
dl_12,10,West_exit,10,6,0.8,0
dl_12,5,East_exit,7,5,0.8,0
dl_12,7,East_exit,7,5,0.8,0
dl_13,1,,,,,
dl_13,11,West_exit,10,6,0.8,0
dl_13,10,West_exit,10,6,0.8,0
dl_13,6,East_exit,6,5,0.8,0
dl_13,5,East_exit,6,5,0.8,0
dl_14,1,,,,,
dl_14,11,West_exit,10,6,0.8,0
dl_14,10,West_exit,10,6,0.8,0
dl_14,5,East_exit,5,4,0.8,0
dl_15,2,,,,,
dl_15,2,East_exit,4,3,0.8,0
dl_15,3,West_exit_short,3,2,0.44,0
dl_15,11,West_exit,10,6,0.8,0
dl_15,10,West_exit,10,6,0.8,0
dl_16,1,,,,,
dl_16,11,West_exit,9,6,0.8,0
dl_16,8,East_exit,10,7,0.8,0
dl_17,1,,,,,
dl_17,9,West_exit,9,6,0.8,0
dl_17,11,West_exit,9,6,0.8,0
dl_17,8,East_exit,8,6,0.8,0
dl_18,1,,,,,
dl_18,9,West_exit,9,6,0.8,0
dl_18,11,West_exit,9,6,0.8,0
dl_18,5,East_exit,7,5,0.8,0
dl_18,7,East_exit,7,5,0.8,0
dl_19,1,,,,,
dl_19,9,West_exit,9,6,0.8,0
dl_19,11,West_exit,9,6,0.8,0
dl_19,6,East_exit,6,5,0.8,0
dl_19,5,East_exit,6,5,0.8,0
dl_20,1,,,,,
dl_20,9,West_exit,9,6,0.8,0
dl_20,11,West_exit,9,6,0.8,0
dl_20,5,East_exit,5,4,0.8,0
dl_21,2,,,,,
dl_21,2,East_exit,4,3,0.8,0
dl_21,3,West_exit_short,3,2,0.44,0
dl_21,9,West_exit,9,6,0.8,0
dl_21,11,West_exit,9,6,0.8,0
dl_22,1,,,,,
dl_22,11,West_exit,11,7,0.8,0
dl_22,8,East_exit,10,7,0.8,0
dl_22,10,East_exit,10,7,0.8,0
dl_23,1,,,,,
dl_23,11,West_exit,11,7,0.8,0
dl_23,9,East_exit,9,7,0.8,0
dl_23,8,East_exit,9,7,0.8,0
dl_24,1,,,,,
dl_24,11,West_exit,11,7,0.8,0
dl_24,8,East_exit,8,6,0.8,0
dl_25,1,,,,,
dl_25,11,West_exit,11,7,0.8,0
dl_25,5,East_exit,7,5,0.8,0
dl_25,7,East_exit,7,5,0.8,0
dl_26,1,,,,,
dl_26,11,West_exit,11,7,0.8,0
dl_26,6,East_exit,6,5,0.8,0
dl_26,5,East_exit,6,5,0.8,0
dl_27,1,,,,,
dl_27,11,West_exit,11,7,0.8,0
dl_27,5,East_exit,5,4,0.8,0
dl_28,2,,,,,
dl_28,2,East_exit,4,3,0.8,0
dl_28,11,West_exit,11,7,0.8,0
dl_28,3,West_exit_short,3,2,0.44,0
dl_29,2,,,,,
dl_29,5,West_exit_short,5,3,0.44,0
dl_29,2,East_exit,4,3,0.8,0
dl_29,4,East_exit,4,3,0.8,0
dl_29,8,West_exit,7,4,0.8,0
dl_29,7,West_exit,7,4,0.8,0
dl_30,2,,,,,
dl_30,5,West_exit_short,5,3,0.44,0
dl_30,2,East_exit,4,3,0.8,0
dl_30,4,East_exit,4,3,0.8,0
dl_30,6,West_exit,6,4,0.8,0
dl_30,8,West_exit,6,4,0.8,0
dl_31,2,,,,,
dl_31,5,West_exit_short,5,3,0.44,0
dl_31,2,East_exit,4,3,0.8,0
dl_31,4,East_exit,4,3,0.8,0
dl_31,8,West_exit,8,5,0.8,0
dl_32,2,,,,,
dl_32,5,West_exit_short,5,3,0.44,0
dl_32,2,East_exit,4,3,0.8,0
dl_32,4,East_exit,4,3,0.8,0
dl_32,11,West_exit,10,6,0.8,0
dl_32,10,West_exit,10,6,0.8,0
dl_33,2,,,,,
dl_33,5,West_exit_short,5,3,0.44,0
dl_33,2,East_exit,4,3,0.8,0
dl_33,4,East_exit,4,3,0.8,0
dl_33,9,West_exit,9,6,0.8,0
dl_33,11,West_exit,9,6,0.8,0
dl_34,2,,,,,
dl_34,5,West_exit_short,5,3,0.44,0
dl_34,2,East_exit,4,3,0.8,0
dl_34,4,East_exit,4,3,0.8,0
dl_34,11,West_exit,11,7,0.8,0
dl_35,2,,,,,
dl_35,2,East_exit,3,3,0.8,0
dl_35,4,West_exit_short,4,2,0.44,0
dl_35,8,West_exit,7,4,0.8,0
dl_35,7,West_exit,7,4,0.8,0
dl_36,2,,,,,
dl_36,2,East_exit,3,3,0.8,0
dl_36,4,West_exit_short,4,2,0.44,0
dl_36,6,West_exit,6,4,0.8,0
dl_36,8,West_exit,6,4,0.8,0
dl_37,2,,,,,
dl_37,2,East_exit,3,3,0.8,0
dl_37,4,West_exit_short,4,2,0.44,0
dl_37,8,West_exit,8,5,0.8,0
dl_38,2,,,,,
dl_38,2,East_exit,3,3,0.8,0
dl_38,4,West_exit_short,4,2,0.44,0
dl_38,11,West_exit,10,6,0.8,0
dl_38,10,West_exit,10,6,0.8,0
dl_39,2,,,,,
dl_39,2,East_exit,3,3,0.8,0
dl_39,4,West_exit_short,4,2,0.44,0
dl_39,9,West_exit,9,6,0.8,0
dl_39,11,West_exit,9,6,0.8,0
dl_40,2,,,,,
dl_40,2,East_exit,3,3,0.8,0
dl_40,4,West_exit_short,4,2,0.44,0
dl_40,11,West_exit,11,7,0.8,0
dl_41,2,,,,,
dl_41,5,West_exit_short,5,3,0.44,0
dl_41,3,East_exit,3,3,0.8,0
dl_41,2,East_exit,3,3,0.8,0
dl_41,8,West_exit,7,4,0.8,0
dl_41,7,West_exit,7,4,0.8,0
dl_42,2,,,,,
dl_42,5,West_exit_short,5,3,0.44,0
dl_42,3,East_exit,3,3,0.8,0
dl_42,2,East_exit,3,3,0.8,0
dl_42,6,West_exit,6,4,0.8,0
dl_42,8,West_exit,6,4,0.8,0
dl_43,2,,,,,
dl_43,5,West_exit_short,5,3,0.44,0
dl_43,3,East_exit,3,3,0.8,0
dl_43,2,East_exit,3,3,0.8,0
dl_43,8,West_exit,8,5,0.8,0
dl_44,2,,,,,
dl_44,5,West_exit_short,5,3,0.44,0
dl_44,3,East_exit,3,3,0.8,0
dl_44,2,East_exit,3,3,0.8,0
dl_44,11,West_exit,10,6,0.8,0
dl_44,10,West_exit,10,6,0.8,0
dl_45,2,,,,,
dl_45,5,West_exit_short,5,3,0.44,0
dl_45,3,East_exit,3,3,0.8,0
dl_45,2,East_exit,3,3,0.8,0
dl_45,9,West_exit,9,6,0.8,0
dl_45,11,West_exit,9,6,0.8,0
dl_46,2,,,,,
dl_46,5,West_exit_short,5,3,0.44,0
dl_46,3,East_exit,3,3,0.8,0
dl_46,2,East_exit,3,3,0.8,0
dl_46,11,West_exit,11,7,0.8,0
dl_47,2,,,,,
dl_47,2,East_exit,2,2,0.8,0
dl_47,4,West_exit_short,4,2,0.44,0
dl_47,8,West_exit,7,4,0.8,0
dl_47,7,West_exit,7,4,0.8,0
dl_48,2,,,,,
dl_48,2,East_exit,2,2,0.8,0
dl_48,4,West_exit_short,4,2,0.44,0
dl_48,6,West_exit,6,4,0.8,0
dl_48,8,West_exit,6,4,0.8,0
dl_49,2,,,,,
dl_49,2,East_exit,2,2,0.8,0
dl_49,4,West_exit_short,4,2,0.44,0
dl_49,8,West_exit,8,5,0.8,0
dl_50,2,,,,,
dl_50,2,East_exit,2,2,0.8,0
dl_50,4,West_exit_short,4,2,0.44,0
dl_50,11,West_exit,10,6,0.8,0
dl_50,10,West_exit,10,6,0.8,0
dl_51,2,,,,,
dl_51,2,East_exit,2,2,0.8,0
dl_51,4,West_exit_short,4,2,0.44,0
dl_51,9,West_exit,9,6,0.8,0
dl_51,11,West_exit,9,6,0.8,0
dl_52,2,,,,,
dl_52,2,East_exit,2,2,0.8,0
dl_52,4,West_exit_short,4,2,0.44,0
dl_52,11,West_exit,11,7,0.8,0
dl_53,2,,,,,
dl_53,3,West_exit_short,3,2,0.44,0
dl_53,2,East_exit,2,2,0.8,0
dl_53,8,West_exit,7,4,0.8,0
dl_53,7,West_exit,7,4,0.8,0
dl_54,2,,,,,
dl_54,3,West_exit_short,3,2,0.44,0
dl_54,2,East_exit,2,2,0.8,0
dl_54,6,West_exit,6,4,0.8,0
dl_54,8,West_exit,6,4,0.8,0
dl_55,2,,,,,
dl_55,3,West_exit_short,3,2,0.44,0
dl_55,2,East_exit,2,2,0.8,0
dl_55,8,West_exit,8,5,0.8,0
dl_56,2,,,,,
dl_56,3,West_exit_short,3,2,0.44,0
dl_56,2,East_exit,2,2,0.8,0
dl_56,11,West_exit,10,6,0.8,0
dl_56,10,West_exit,10,6,0.8,0
dl_57,2,,,,,
dl_57,3,West_exit_short,3,2,0.44,0
dl_57,2,East_exit,2,2,0.8,0
dl_57,9,West_exit,9,6,0.8,0
dl_57,11,West_exit,9,6,0.8,0
dl_58,2,,,,,
dl_58,3,West_exit_short,3,2,0.44,0
dl_58,2,East_exit,2,2,0.8,0
dl_58,11,West_exit,11,7,0.8,0
dl_59,2,,,,,
dl_59,5,West_exit_short,5,3,0.44,0
dl_59,2,East_exit,2,2,0.8,0
dl_59,8,West_exit,7,4,0.8,0
dl_59,7,West_exit,7,4,0.8,0
dl_60,2,,,,,
dl_60,5,West_exit_short,5,3,0.44,0
dl_60,2,East_exit,2,2,0.8,0
dl_60,6,West_exit,6,4,0.8,0
dl_60,8,West_exit,6,4,0.8,0
dl_61,2,,,,,
dl_61,5,West_exit_short,5,3,0.44,0
dl_61,2,East_exit,2,2,0.8,0
dl_61,8,West_exit,8,5,0.8,0
dl_62,2,,,,,
dl_62,5,West_exit_short,5,3,0.44,0
dl_62,2,East_exit,2,2,0.8,0
dl_62,11,West_exit,10,6,0.8,0
dl_62,10,West_exit,10,6,0.8,0
dl_63,2,,,,,
dl_63,5,West_exit_short,5,3,0.44,0
dl_63,2,East_exit,2,2,0.8,0
dl_63,9,West_exit,9,6,0.8,0
dl_63,11,West_exit,9,6,0.8,0
dl_64,2,,,,,
dl_64,5,West_exit_short,5,3,0.44,0
dl_64,2,East_exit,2,2,0.8,0
dl_64,11,West_exit,11,7,0.8,0
dl_65,1,,,,,
dl_65,14,West_exit,13,8,0.8,0
dl_65,11,East_exit,12,9,0.8,0
dl_66,1,,,,,
dl_66,14,West_exit,13,8,0.8,0
dl_66,13,West_exit,13,8,0.8,0
dl_66,11,East_exit,11,8,0.8,0
dl_67,1,,,,,
dl_67,14,West_exit,13,8,0.8,0
dl_67,13,West_exit,13,8,0.8,0
dl_67,8,East_exit,10,7,0.8,0
dl_67,10,East_exit,10,7,0.8,0
dl_68,1,,,,,
dl_68,14,West_exit,13,8,0.8,0
dl_68,13,West_exit,13,8,0.8,0
dl_68,9,East_exit,9,7,0.8,0
dl_68,8,East_exit,9,7,0.8,0
dl_69,1,,,,,
dl_69,14,West_exit,13,8,0.8,0
dl_69,13,West_exit,13,8,0.8,0
dl_69,8,East_exit,8,6,0.8,0
dl_70,1,,,,,
dl_70,14,West_exit,13,8,0.8,0
dl_70,13,West_exit,13,8,0.8,0
dl_70,5,East_exit,7,5,0.8,0
dl_70,7,East_exit,7,5,0.8,0
dl_71,1,,,,,
dl_71,14,West_exit,13,8,0.8,0
dl_71,13,West_exit,13,8,0.8,0
dl_71,6,East_exit,6,5,0.8,0
dl_71,5,East_exit,6,5,0.8,0
dl_72,1,,,,,
dl_72,14,West_exit,13,8,0.8,0
dl_72,13,West_exit,13,8,0.8,0
dl_72,5,East_exit,5,4,0.8,0
dl_73,2,,,,,
dl_73,2,East_exit,4,3,0.8,0
dl_73,14,West_exit,13,8,0.8,0
dl_73,13,West_exit,13,8,0.8,0
dl_73,3,West_exit_short,3,2,0.44,0
dl_74,2,,,,,
dl_74,5,West_exit_short,5,3,0.44,0
dl_74,2,East_exit,4,3,0.8,0
dl_74,4,East_exit,4,3,0.8,0
dl_74,14,West_exit,13,8,0.8,0
dl_74,13,West_exit,13,8,0.8,0
dl_75,2,,,,,
dl_75,2,East_exit,3,3,0.8,0
dl_75,4,West_exit_short,4,2,0.44,0
dl_75,14,West_exit,13,8,0.8,0
dl_75,13,West_exit,13,8,0.8,0
dl_76,2,,,,,
dl_76,5,West_exit_short,5,3,0.44,0
dl_76,3,East_exit,3,3,0.8,0
dl_76,2,East_exit,3,3,0.8,0
dl_76,14,West_exit,13,8,0.8,0
dl_76,13,West_exit,13,8,0.8,0
dl_77,2,,,,,
dl_77,2,East_exit,2,2,0.8,0
dl_77,4,West_exit_short,4,2,0.44,0
dl_77,14,West_exit,13,8,0.8,0
dl_77,13,West_exit,13,8,0.8,0
dl_78,2,,,,,
dl_78,3,West_exit_short,3,2,0.44,0
dl_78,2,East_exit,2,2,0.8,0
dl_78,14,West_exit,13,8,0.8,0
dl_78,13,West_exit,13,8,0.8,0
dl_79,2,,,,,
dl_79,5,West_exit_short,5,3,0.44,0
dl_79,2,East_exit,2,2,0.8,0
dl_79,14,West_exit,13,8,0.8,0
dl_79,13,West_exit,13,8,0.8,0
dl_80,1,,,,,
dl_80,14,West_exit,12,8,0.8,0
dl_80,11,East_exit,13,9,0.8,0
dl_81,1,,,,,
dl_81,12,West_exit,12,8,0.8,0
dl_81,14,West_exit,12,8,0.8,0
dl_81,11,East_exit,11,8,0.8,0
dl_82,1,,,,,
dl_82,12,West_exit,12,8,0.8,0
dl_82,14,West_exit,12,8,0.8,0
dl_82,8,East_exit,10,7,0.8,0
dl_82,10,East_exit,10,7,0.8,0
dl_83,1,,,,,
dl_83,12,West_exit,12,8,0.8,0
dl_83,14,West_exit,12,8,0.8,0
dl_83,9,East_exit,9,7,0.8,0
dl_83,8,East_exit,9,7,0.8,0
dl_84,1,,,,,
dl_84,12,West_exit,12,8,0.8,0
dl_84,14,West_exit,12,8,0.8,0
dl_84,8,East_exit,8,6,0.8,0
dl_85,1,,,,,
dl_85,12,West_exit,12,8,0.8,0
dl_85,14,West_exit,12,8,0.8,0
dl_85,5,East_exit,7,5,0.8,0
dl_85,7,East_exit,7,5,0.8,0
dl_86,1,,,,,
dl_86,12,West_exit,12,8,0.8,0
dl_86,14,West_exit,12,8,0.8,0
dl_86,6,East_exit,6,5,0.8,0
dl_86,5,East_exit,6,5,0.8,0
dl_87,1,,,,,
dl_87,12,West_exit,12,8,0.8,0
dl_87,14,West_exit,12,8,0.8,0
dl_87,5,East_exit,5,4,0.8,0
dl_88,2,,,,,
dl_88,2,East_exit,4,3,0.8,0
dl_88,12,West_exit,12,8,0.8,0
dl_88,14,West_exit,12,8,0.8,0
dl_88,3,West_exit_short,3,2,0.44,0
dl_89,2,,,,,
dl_89,5,West_exit_short,5,3,0.44,0
dl_89,2,East_exit,4,3,0.8,0
dl_89,4,East_exit,4,3,0.8,0
dl_89,12,West_exit,12,8,0.8,0
dl_89,14,West_exit,12,8,0.8,0
dl_90,2,,,,,
dl_90,2,East_exit,3,3,0.8,0
dl_90,12,West_exit,12,8,0.8,0
dl_90,14,West_exit,12,8,0.8,0
dl_90,4,West_exit_short,4,2,0.44,0
dl_91,2,,,,,
dl_91,5,West_exit_short,5,3,0.44,0
dl_91,3,East_exit,3,3,0.8,0
dl_91,2,East_exit,3,3,0.8,0
dl_91,12,West_exit,12,8,0.8,0
dl_91,14,West_exit,12,8,0.8,0
dl_92,2,,,,,
dl_92,2,East_exit,2,2,0.8,0
dl_92,12,West_exit,12,8,0.8,0
dl_92,14,West_exit,12,8,0.8,0
dl_92,4,West_exit_short,4,2,0.44,0
dl_93,2,,,,,
dl_93,3,West_exit_short,3,2,0.44,0
dl_93,12,West_exit,12,8,0.8,0
dl_93,14,West_exit,12,8,0.8,0
dl_93,2,East_exit,2,2,0.8,0
dl_94,2,,,,,
dl_94,5,West_exit_short,5,3,0.44,0
dl_94,12,West_exit,12,8,0.8,0
dl_94,14,West_exit,12,8,0.8,0
dl_94,2,East_exit,2,2,0.8,0
dl_95,1,,,,,
dl_95,11,East_exit,13,9,0.8,0
dl_95,13,East_exit,13,9,0.8,0
dl_95,14,West_exit,14,9,0.8,0
dl_96,1,,,,,
dl_96,12,East_exit,12,9,0.8,0
dl_96,11,East_exit,12,9,0.8,0
dl_96,14,West_exit,14,9,0.8,0
dl_97,3,,,,,
dl_97,11,East_exit,11,8,0.8,0
dl_97,10,East_exit_short,10,7,0.44,0
dl_97,14,West_exit,14,9,0.8,0
dl_97,5,East_exit,7,5,0.8,0
dl_97,7,East_exit,7,5,0.8,0
dl_98,3,,,,,
dl_98,11,East_exit,11,8,0.8,0
dl_98,10,East_exit_short,10,7,0.44,0
dl_98,14,West_exit,14,9,0.8,0
dl_98,6,East_exit,6,5,0.8,0
dl_98,5,East_exit,6,5,0.8,0
dl_99,3,,,,,
dl_99,11,East_exit,11,8,0.8,0
dl_99,10,East_exit_short,10,7,0.44,0
dl_99,14,West_exit,14,9,0.8,0
dl_99,5,East_exit,5,4,0.8,0
dl_100,1,,,,,
dl_100,14,West_exit,14,9,0.8,0
dl_100,11,East_exit,11,8,0.8,0
dl_101,1,,,,,
dl_101,14,West_exit,14,9,0.8,0
dl_101,8,East_exit,10,7,0.8,0
dl_101,10,East_exit,10,7,0.8,0
dl_102,1,,,,,
dl_102,14,West_exit,14,9,0.8,0
dl_102,9,East_exit,9,7,0.8,0
dl_102,8,East_exit,9,7,0.8,0
dl_103,1,,,,,
dl_103,14,West_exit,14,9,0.8,0
dl_103,8,East_exit,8,6,0.8,0
dl_104,1,,,,,
dl_104,14,West_exit,14,9,0.8,0
dl_104,5,East_exit,7,5,0.8,0
dl_104,7,East_exit,7,5,0.8,0
dl_105,1,,,,,
dl_105,14,West_exit,14,9,0.8,0
dl_105,6,East_exit,6,5,0.8,0
dl_105,5,East_exit,6,5,0.8,0
dl_106,1,,,,,
dl_106,14,West_exit,14,9,0.8,0
dl_106,5,East_exit,5,4,0.8,0
dl_107,2,,,,,
dl_107,2,East_exit,4,3,0.8,0
dl_107,14,West_exit,14,9,0.8,0
dl_107,3,West_exit_short,3,2,0.44,0
dl_108,2,,,,,
dl_108,5,West_exit_short,5,3,0.44,0
dl_108,2,East_exit,4,3,0.8,0
dl_108,4,East_exit,4,3,0.8,0
dl_108,14,West_exit,14,9,0.8,0
dl_109,2,,,,,
dl_109,2,East_exit,3,3,0.8,0
dl_109,14,West_exit,14,9,0.8,0
dl_109,4,West_exit_short,4,2,0.44,0
dl_110,2,,,,,
dl_110,5,West_exit_short,5,3,0.44,0
dl_110,3,East_exit,3,3,0.8,0
dl_110,2,East_exit,3,3,0.8,0
dl_110,14,West_exit,14,9,0.8,0
dl_111,2,,,,,
dl_111,2,East_exit,2,2,0.8,0
dl_111,14,West_exit,14,9,0.8,0
dl_111,4,West_exit_short,4,2,0.44,0
dl_112,2,,,,,
dl_112,3,West_exit_short,3,2,0.44,0
dl_112,14,West_exit,14,9,0.8,0
dl_112,2,East_exit,2,2,0.8,0
dl_113,2,,,,,
dl_113,5,West_exit_short,5,3,0.44,0
dl_113,14,West_exit,14,9,0.8,0
dl_113,2,East_exit,2,2,0.8,0
dl_114,2,,,,,
dl_114,7,West_exit_short,7,4,0.44,0
dl_114,11,West_exit,10,6,0.8,0
dl_114,10,West_exit,10,6,0.8,0
dl_114,2,East_exit,4,3,0.8,0
dl_114,4,East_exit,4,3,0.8,0
dl_115,2,,,,,
dl_115,7,West_exit_short,7,4,0.44,0
dl_115,9,West_exit,9,6,0.8,0
dl_115,11,West_exit,9,6,0.8,0
dl_115,2,East_exit,4,3,0.8,0
dl_115,4,East_exit,4,3,0.8,0
dl_116,2,,,,,
dl_116,7,West_exit_short,7,4,0.44,0
dl_116,2,East_exit,4,3,0.8,0
dl_116,4,East_exit,4,3,0.8,0
dl_116,11,West_exit,11,7,0.8,0
dl_117,2,,,,,
dl_117,7,West_exit_short,7,4,0.44,0
dl_117,11,West_exit,10,6,0.8,0
dl_117,10,West_exit,10,6,0.8,0
dl_117,3,East_exit,3,3,0.8,0
dl_117,2,East_exit,3,3,0.8,0
dl_118,2,,,,,
dl_118,7,West_exit_short,7,4,0.44,0
dl_118,9,West_exit,9,6,0.8,0
dl_118,11,West_exit,9,6,0.8,0
dl_118,3,East_exit,3,3,0.8,0
dl_118,2,East_exit,3,3,0.8,0
dl_119,2,,,,,
dl_119,7,West_exit_short,7,4,0.44,0
dl_119,3,East_exit,3,3,0.8,0
dl_119,2,East_exit,3,3,0.8,0
dl_119,11,West_exit,11,7,0.8,0
dl_120,2,,,,,
dl_120,2,East_exit,2,2,0.8,0
dl_120,11,West_exit,10,6,0.8,0
dl_120,10,West_exit,10,6,0.8,0
dl_120,7,West_exit_short,7,4,0.44,0
dl_121,2,,,,,
dl_121,2,East_exit,2,2,0.8,0
dl_121,9,West_exit,9,6,0.8,0
dl_121,11,West_exit,9,6,0.8,0
dl_121,7,West_exit_short,7,4,0.44,0
dl_122,2,,,,,
dl_122,2,East_exit,2,2,0.8,0
dl_122,11,West_exit,11,7,0.8,0
dl_122,7,West_exit_short,7,4,0.44,0
dl_123,2,,,,,
dl_123,7,West_exit_short,7,4,0.44,0
dl_123,2,East_exit,4,3,0.8,0
dl_123,4,East_exit,4,3,0.8,0
dl_123,14,West_exit,13,8,0.8,0
dl_123,13,West_exit,13,8,0.8,0
dl_124,2,,,,,
dl_124,7,West_exit_short,7,4,0.44,0
dl_124,3,East_exit,3,3,0.8,0
dl_124,2,East_exit,3,3,0.8,0
dl_124,14,West_exit,13,8,0.8,0
dl_124,13,West_exit,13,8,0.8,0
dl_125,2,,,,,
dl_125,2,East_exit,2,2,0.8,0
dl_125,14,West_exit,13,8,0.8,0
dl_125,13,West_exit,13,8,0.8,0
dl_125,7,West_exit_short,7,4,0.44,0
dl_126,2,,,,,
dl_126,12,West_exit,12,8,0.8,0
dl_126,14,West_exit,12,8,0.8,0
dl_126,2,East_exit,4,3,0.8,0
dl_126,4,East_exit,4,3,0.8,0
dl_126,7,West_exit_short,7,4,0.44,0
dl_127,2,,,,,
dl_127,12,West_exit,12,8,0.8,0
dl_127,14,West_exit,12,8,0.8,0
dl_127,3,East_exit,3,3,0.8,0
dl_127,2,East_exit,3,3,0.8,0
dl_127,7,West_exit_short,7,4,0.44,0
dl_128,2,,,,,
dl_128,12,West_exit,12,8,0.8,0
dl_128,14,West_exit,12,8,0.8,0
dl_128,2,East_exit,2,2,0.8,0
dl_128,7,West_exit_short,7,4,0.44,0
dl_129,2,,,,,
dl_129,14,West_exit,14,9,0.8,0
dl_129,2,East_exit,4,3,0.8,0
dl_129,4,East_exit,4,3,0.8,0
dl_129,7,West_exit_short,7,4,0.44,0
dl_130,2,,,,,
dl_130,14,West_exit,14,9,0.8,0
dl_130,3,East_exit,3,3,0.8,0
dl_130,2,East_exit,3,3,0.8,0
dl_130,7,West_exit_short,7,4,0.44,0
dl_131,2,,,,,
dl_131,14,West_exit,14,9,0.8,0
dl_131,2,East_exit,2,2,0.8,0
dl_131,7,West_exit_short,7,4,0.44,0
dl_132,2,,,,,
dl_132,6,West_exit_short,6,4,0.44,0
dl_132,11,West_exit,10,6,0.8,0
dl_132,10,West_exit,10,6,0.8,0
dl_132,2,East_exit,4,3,0.8,0
dl_132,4,East_exit,4,3,0.8,0
dl_133,2,,,,,
dl_133,6,West_exit_short,6,4,0.44,0
dl_133,9,West_exit,9,6,0.8,0
dl_133,11,West_exit,9,6,0.8,0
dl_133,2,East_exit,4,3,0.8,0
dl_133,4,East_exit,4,3,0.8,0
dl_134,2,,,,,
dl_134,6,West_exit_short,6,4,0.44,0
dl_134,2,East_exit,4,3,0.8,0
dl_134,4,East_exit,4,3,0.8,0
dl_134,11,West_exit,11,7,0.8,0
dl_135,2,,,,,
dl_135,6,West_exit_short,6,4,0.44,0
dl_135,11,West_exit,10,6,0.8,0
dl_135,10,West_exit,10,6,0.8,0
dl_135,3,East_exit,3,3,0.8,0
dl_135,2,East_exit,3,3,0.8,0
dl_136,2,,,,,
dl_136,6,West_exit_short,6,4,0.44,0
dl_136,9,West_exit,9,6,0.8,0
dl_136,11,West_exit,9,6,0.8,0
dl_136,3,East_exit,3,3,0.8,0
dl_136,2,East_exit,3,3,0.8,0
dl_137,2,,,,,
dl_137,6,West_exit_short,6,4,0.44,0
dl_137,3,East_exit,3,3,0.8,0
dl_137,2,East_exit,3,3,0.8,0
dl_137,11,West_exit,11,7,0.8,0
dl_138,2,,,,,
dl_138,6,West_exit_short,6,4,0.44,0
dl_138,11,West_exit,10,6,0.8,0
dl_138,10,West_exit,10,6,0.8,0
dl_138,2,East_exit,2,2,0.8,0
dl_139,2,,,,,
dl_139,6,West_exit_short,6,4,0.44,0
dl_139,9,West_exit,9,6,0.8,0
dl_139,11,West_exit,9,6,0.8,0
dl_139,2,East_exit,2,2,0.8,0
dl_140,2,,,,,
dl_140,6,West_exit_short,6,4,0.44,0
dl_140,2,East_exit,2,2,0.8,0
dl_140,11,West_exit,11,7,0.8,0
dl_141,2,,,,,
dl_141,6,West_exit_short,6,4,0.44,0
dl_141,2,East_exit,4,3,0.8,0
dl_141,4,East_exit,4,3,0.8,0
dl_141,14,West_exit,13,8,0.8,0
dl_141,13,West_exit,13,8,0.8,0
dl_142,2,,,,,
dl_142,6,West_exit_short,6,4,0.44,0
dl_142,3,East_exit,3,3,0.8,0
dl_142,2,East_exit,3,3,0.8,0
dl_142,14,West_exit,13,8,0.8,0
dl_142,13,West_exit,13,8,0.8,0
dl_143,2,,,,,
dl_143,6,West_exit_short,6,4,0.44,0
dl_143,2,East_exit,2,2,0.8,0
dl_143,14,West_exit,13,8,0.8,0
dl_143,13,West_exit,13,8,0.8,0
dl_144,2,,,,,
dl_144,6,West_exit_short,6,4,0.44,0
dl_144,2,East_exit,4,3,0.8,0
dl_144,4,East_exit,4,3,0.8,0
dl_144,12,West_exit,12,8,0.8,0
dl_144,14,West_exit,12,8,0.8,0
dl_145,2,,,,,
dl_145,6,West_exit_short,6,4,0.44,0
dl_145,3,East_exit,3,3,0.8,0
dl_145,2,East_exit,3,3,0.8,0
dl_145,12,West_exit,12,8,0.8,0
dl_145,14,West_exit,12,8,0.8,0
dl_146,2,,,,,
dl_146,12,West_exit,12,8,0.8,0
dl_146,14,West_exit,12,8,0.8,0
dl_146,6,West_exit_short,6,4,0.44,0
dl_146,2,East_exit,2,2,0.8,0
dl_147,2,,,,,
dl_147,14,West_exit,14,9,0.8,0
dl_147,2,East_exit,4,3,0.8,0
dl_147,4,East_exit,4,3,0.8,0
dl_147,6,West_exit_short,6,4,0.44,0
dl_148,2,,,,,
dl_148,14,West_exit,14,9,0.8,0
dl_148,3,East_exit,3,3,0.8,0
dl_148,2,East_exit,3,3,0.8,0
dl_148,6,West_exit_short,6,4,0.44,0
dl_149,2,,,,,
dl_149,14,West_exit,14,9,0.8,0
dl_149,6,West_exit_short,6,4,0.44,0
dl_149,2,East_exit,2,2,0.8,0
dl_150,2,,,,,
dl_150,8,West_exit_short,8,5,0.44,0
dl_150,11,West_exit,10,6,0.8,0
dl_150,10,West_exit,10,6,0.8,0
dl_150,2,East_exit,4,3,0.8,0
dl_150,4,East_exit,4,3,0.8,0
dl_151,2,,,,,
dl_151,8,West_exit_short,8,5,0.44,0
dl_151,9,West_exit,9,6,0.8,0
dl_151,11,West_exit,9,6,0.8,0
dl_151,2,East_exit,4,3,0.8,0
dl_151,4,East_exit,4,3,0.8,0
dl_152,2,,,,,
dl_152,8,West_exit_short,8,5,0.44,0
dl_152,2,East_exit,4,3,0.8,0
dl_152,4,East_exit,4,3,0.8,0
dl_152,11,West_exit,11,7,0.8,0
dl_153,2,,,,,
dl_153,8,West_exit_short,8,5,0.44,0
dl_153,11,West_exit,10,6,0.8,0
dl_153,10,West_exit,10,6,0.8,0
dl_153,3,East_exit,3,3,0.8,0
dl_153,2,East_exit,3,3,0.8,0
dl_154,2,,,,,
dl_154,8,West_exit_short,8,5,0.44,0
dl_154,9,West_exit,9,6,0.8,0
dl_154,11,West_exit,9,6,0.8,0
dl_154,3,East_exit,3,3,0.8,0
dl_154,2,East_exit,3,3,0.8,0
dl_155,2,,,,,
dl_155,8,West_exit_short,8,5,0.44,0
dl_155,3,East_exit,3,3,0.8,0
dl_155,2,East_exit,3,3,0.8,0
dl_155,11,West_exit,11,7,0.8,0
dl_156,2,,,,,
dl_156,8,West_exit_short,8,5,0.44,0
dl_156,11,West_exit,10,6,0.8,0
dl_156,10,West_exit,10,6,0.8,0
dl_156,2,East_exit,2,2,0.8,0
dl_157,2,,,,,
dl_157,8,West_exit_short,8,5,0.44,0
dl_157,9,West_exit,9,6,0.8,0
dl_157,11,West_exit,9,6,0.8,0
dl_157,2,East_exit,2,2,0.8,0
dl_158,2,,,,,
dl_158,8,West_exit_short,8,5,0.44,0
dl_158,2,East_exit,2,2,0.8,0
dl_158,11,West_exit,11,7,0.8,0
dl_159,2,,,,,
dl_159,8,West_exit_short,8,5,0.44,0
dl_159,2,East_exit,4,3,0.8,0
dl_159,4,East_exit,4,3,0.8,0
dl_159,14,West_exit,13,8,0.8,0
dl_159,13,West_exit,13,8,0.8,0
dl_160,2,,,,,
dl_160,8,West_exit_short,8,5,0.44,0
dl_160,3,East_exit,3,3,0.8,0
dl_160,2,East_exit,3,3,0.8,0
dl_160,14,West_exit,13,8,0.8,0
dl_160,13,West_exit,13,8,0.8,0
dl_161,2,,,,,
dl_161,8,West_exit_short,8,5,0.44,0
dl_161,2,East_exit,2,2,0.8,0
dl_161,14,West_exit,13,8,0.8,0
dl_161,13,West_exit,13,8,0.8,0
dl_162,2,,,,,
dl_162,8,West_exit_short,8,5,0.44,0
dl_162,2,East_exit,4,3,0.8,0
dl_162,4,East_exit,4,3,0.8,0
dl_162,12,West_exit,12,8,0.8,0
dl_162,14,West_exit,12,8,0.8,0
dl_163,2,,,,,
dl_163,8,West_exit_short,8,5,0.44,0
dl_163,3,East_exit,3,3,0.8,0
dl_163,2,East_exit,3,3,0.8,0
dl_163,12,West_exit,12,8,0.8,0
dl_163,14,West_exit,12,8,0.8,0
dl_164,2,,,,,
dl_164,12,West_exit,12,8,0.8,0
dl_164,14,West_exit,12,8,0.8,0
dl_164,8,West_exit_short,8,5,0.44,0
dl_164,2,East_exit,2,2,0.8,0
dl_165,2,,,,,
dl_165,8,West_exit_short,8,5,0.44,0
dl_165,2,East_exit,4,3,0.8,0
dl_165,4,East_exit,4,3,0.8,0
dl_165,14,West_exit,14,9,0.8,0
dl_166,2,,,,,
dl_166,8,West_exit_short,8,5,0.44,0
dl_166,3,East_exit,3,3,0.8,0
dl_166,2,East_exit,3,3,0.8,0
dl_166,14,West_exit,14,9,0.8,0
dl_167,2,,,,,
dl_167,14,West_exit,14,9,0.8,0
dl_167,8,West_exit_short,8,5,0.44,0
dl_167,2,East_exit,2,2,0.8,0
dl_168,1,,,,,
dl_168,2,East_exit,3,3,0.8,0
dl_168,5,West_exit,4,2,0.8,0
dl_169,1,,,,,
dl_169,2,East_exit,2,2,0.8,0
dl_169,5,West_exit,4,2,0.8,0
dl_169,4,West_exit,4,2,0.8,0
dl_170,1,,,,,
dl_170,2,East_exit,4,3,0.8,0
dl_170,5,West_exit,3,2,0.8,0
dl_171,1,,,,,
dl_171,2,East_exit,2,2,0.8,0
dl_171,3,West_exit,3,2,0.8,0
dl_171,5,West_exit,3,2,0.8,0
dl_172,1,,,,,
dl_172,2,East_exit,4,3,0.8,0
dl_172,4,East_exit,4,3,0.8,0
dl_172,5,West_exit,5,3,0.8,0
dl_173,1,,,,,
dl_173,3,East_exit,3,3,0.8,0
dl_173,2,East_exit,3,3,0.8,0
dl_173,5,West_exit,5,3,0.8,0
dl_174,1,,,,,
dl_174,2,East_exit,2,2,0.8,0
dl_174,5,West_exit,5,3,0.8,0
dl_175,1,,,,,
dl_175,8,West_exit,7,4,0.8,0
dl_175,7,West_exit,7,4,0.8,0
dl_175,2,East_exit,4,3,0.8,0
dl_175,4,East_exit,4,3,0.8,0
dl_176,1,,,,,
dl_176,3,East_exit,3,3,0.8,0
dl_176,2,East_exit,3,3,0.8,0
dl_176,8,West_exit,7,4,0.8,0
dl_176,7,West_exit,7,4,0.8,0
dl_177,1,,,,,
dl_177,2,East_exit,2,2,0.8,0
dl_177,8,West_exit,7,4,0.8,0
dl_177,7,West_exit,7,4,0.8,0
dl_178,1,,,,,
dl_178,6,West_exit,6,4,0.8,0
dl_178,8,West_exit,6,4,0.8,0
dl_178,2,East_exit,4,3,0.8,0
dl_178,4,East_exit,4,3,0.8,0
dl_179,1,,,,,
dl_179,6,West_exit,6,4,0.8,0
dl_179,8,West_exit,6,4,0.8,0
dl_179,3,East_exit,3,3,0.8,0
dl_179,2,East_exit,3,3,0.8,0
dl_180,1,,,,,
dl_180,6,West_exit,6,4,0.8,0
dl_180,8,West_exit,6,4,0.8,0
dl_180,2,East_exit,2,2,0.8,0
dl_181,1,,,,,
dl_181,8,West_exit,8,5,0.8,0
dl_181,2,East_exit,4,3,0.8,0
dl_181,4,East_exit,4,3,0.8,0
dl_182,1,,,,,
dl_182,8,West_exit,8,5,0.8,0
dl_182,3,East_exit,3,3,0.8,0
dl_182,2,East_exit,3,3,0.8,0
dl_183,1,,,,,
dl_183,8,West_exit,8,5,0.8,0
dl_183,2,East_exit,2,2,0.8,0
dl_184,2,,,,,
dl_184,12,East_exit,12,9,0.8,0
dl_184,11,East_exit,12,9,0.8,0
dl_184,17,West_exit,15,10,0.8,0
dl_184,16,East_exit_short,16,11,0.44,0
dl_185,2,,,,,
dl_185,12,East_exit,12,9,0.8,0
dl_185,11,East_exit,12,9,0.8,0
dl_185,16,East_exit_short,16,11,0.44,0
dl_185,17,West_exit,17,11,0.8,0
dl_186,3,,,,,
dl_186,16,East_exit_short,16,11,0.44,0
dl_186,13,West_exit_short,13,8,0.44,0
dl_186,17,West_exit,15,10,0.8,0
dl_186,11,East_exit,11,8,0.8,0
dl_187,3,,,,,
dl_187,16,East_exit_short,16,11,0.44,0
dl_187,13,West_exit_short,13,8,0.44,0
dl_187,17,West_exit,17,11,0.8,0
dl_187,11,East_exit,11,8,0.8,0
dl_188,2,,,,,
dl_188,11,East_exit,13,9,0.8,0
dl_188,13,East_exit,13,9,0.8,0
dl_188,17,West_exit,15,10,0.8,0
dl_188,16,East_exit_short,16,11,0.44,0
dl_189,2,,,,,
dl_189,11,East_exit,13,9,0.8,0
dl_189,13,East_exit,13,9,0.8,0
dl_189,16,East_exit_short,16,11,0.44,0
dl_189,17,West_exit,17,11,0.8,0
dl_190,3,,,,,
dl_190,12,West_exit_short,12,8,0.44,0
dl_190,17,West_exit,15,10,0.8,0
dl_190,16,East_exit_short,16,11,0.44,0
dl_190,11,East_exit,11,8,0.8,0
dl_191,3,,,,,
dl_191,12,West_exit_short,12,8,0.44,0
dl_191,16,East_exit_short,16,11,0.44,0
dl_191,17,West_exit,17,11,0.8,0
dl_191,11,East_exit,11,8,0.8,0
dl_192,3,,,,,
dl_192,14,West_exit_short,14,9,0.44,0
dl_192,17,West_exit,15,10,0.8,0
dl_192,16,East_exit_short,16,11,0.44,0
dl_192,11,East_exit,11,8,0.8,0
dl_193,3,,,,,
dl_193,14,West_exit_short,14,9,0.44,0
dl_193,16,East_exit_short,16,11,0.44,0
dl_193,17,West_exit,17,11,0.8,0
dl_193,11,East_exit,11,8,0.8,0
dl_194,2,,,,,
dl_194,16,East_exit_short,16,11,0.44,0
dl_194,17,West_exit,15,10,0.8,0
dl_194,11,East_exit,11,8,0.8,0
dl_195,2,,,,,
dl_195,16,East_exit_short,16,11,0.44,0
dl_195,17,West_exit,15,10,0.8,0
dl_195,8,East_exit,10,7,0.8,0
dl_195,10,East_exit,10,7,0.8,0
dl_196,2,,,,,
dl_196,16,East_exit_short,16,11,0.44,0
dl_196,17,West_exit,17,11,0.8,0
dl_196,11,East_exit,11,8,0.8,0
dl_197,2,,,,,
dl_197,16,East_exit_short,16,11,0.44,0
dl_197,17,West_exit,17,11,0.8,0
dl_197,8,East_exit,10,7,0.8,0
dl_197,10,East_exit,10,7,0.8,0
dl_198,2,,,,,
dl_198,16,East_exit_short,16,11,0.44,0
dl_198,17,West_exit,15,10,0.8,0
dl_198,9,East_exit,9,7,0.8,0
dl_198,8,East_exit,9,7,0.8,0
dl_199,2,,,,,
dl_199,16,East_exit_short,16,11,0.44,0
dl_199,17,West_exit,17,11,0.8,0
dl_199,9,East_exit,9,7,0.8,0
dl_199,8,East_exit,9,7,0.8,0
dl_200,3,,,,,
dl_200,8,East_exit,8,6,0.8,0
dl_200,16,East_exit_short,16,11,0.44,0
dl_200,17,West_exit,15,10,0.8,0
dl_200,10,West_exit_short,10,6,0.44,0
dl_201,3,,,,,
dl_201,8,East_exit,8,6,0.8,0
dl_201,16,East_exit_short,16,11,0.44,0
dl_201,17,West_exit,17,11,0.8,0
dl_201,10,West_exit_short,10,6,0.44,0
dl_202,3,,,,,
dl_202,8,East_exit,8,6,0.8,0
dl_202,9,West_exit_short,9,6,0.44,0
dl_202,16,East_exit_short,16,11,0.44,0
dl_202,17,West_exit,15,10,0.8,0
dl_203,3,,,,,
dl_203,8,East_exit,8,6,0.8,0
dl_203,9,West_exit_short,9,6,0.44,0
dl_203,16,East_exit_short,16,11,0.44,0
dl_203,17,West_exit,17,11,0.8,0
dl_204,3,,,,,
dl_204,8,East_exit,8,6,0.8,0
dl_204,16,East_exit_short,16,11,0.44,0
dl_204,17,West_exit,15,10,0.8,0
dl_204,11,West_exit_short,11,7,0.44,0
dl_205,3,,,,,
dl_205,8,East_exit,8,6,0.8,0
dl_205,16,East_exit_short,16,11,0.44,0
dl_205,17,West_exit,17,11,0.8,0
dl_205,11,West_exit_short,11,7,0.44,0
dl_206,3,,,,,
dl_206,16,East_exit_short,16,11,0.44,0
dl_206,13,West_exit_short,13,8,0.44,0
dl_206,17,West_exit,15,10,0.8,0
dl_206,8,East_exit,8,6,0.8,0
dl_207,3,,,,,
dl_207,16,East_exit_short,16,11,0.44,0
dl_207,13,West_exit_short,13,8,0.44,0
dl_207,17,West_exit,17,11,0.8,0
dl_207,8,East_exit,8,6,0.8,0
dl_208,3,,,,,
dl_208,12,West_exit_short,12,8,0.44,0
dl_208,17,West_exit,15,10,0.8,0
dl_208,16,East_exit_short,16,11,0.44,0
dl_208,8,East_exit,8,6,0.8,0
dl_209,3,,,,,
dl_209,12,West_exit_short,12,8,0.44,0
dl_209,16,East_exit_short,16,11,0.44,0
dl_209,17,West_exit,17,11,0.8,0
dl_209,8,East_exit,8,6,0.8,0
dl_210,3,,,,,
dl_210,14,West_exit_short,14,9,0.44,0
dl_210,17,West_exit,15,10,0.8,0
dl_210,16,East_exit_short,16,11,0.44,0
dl_210,8,East_exit,8,6,0.8,0
dl_211,3,,,,,
dl_211,14,West_exit_short,14,9,0.44,0
dl_211,16,East_exit_short,16,11,0.44,0
dl_211,17,West_exit,17,11,0.8,0
dl_211,8,East_exit,8,6,0.8,0
dl_212,1,,,,,
dl_212,14,East_exit,16,11,0.8,0
dl_212,17,West_exit,15,10,0.8,0
dl_213,1,,,,,
dl_213,14,East_exit,16,11,0.8,0
dl_213,16,East_exit,16,11,0.8,0
dl_213,17,West_exit,17,11,0.8,0
dl_214,3,,,,,
dl_214,8,East_exit,10,7,0.8,0
dl_214,10,East_exit,10,7,0.8,0
dl_214,17,West_exit,16,10,0.8,0
dl_214,15,East_exit_short,15,11,0.44,0
dl_214,13,East_exit_short,13,9,0.44,0
dl_215,3,,,,,
dl_215,9,East_exit,9,7,0.8,0
dl_215,8,East_exit,9,7,0.8,0
dl_215,17,West_exit,16,10,0.8,0
dl_215,15,East_exit_short,15,11,0.44,0
dl_215,13,East_exit_short,13,9,0.44,0
dl_216,3,,,,,
dl_216,8,East_exit,8,6,0.8,0
dl_216,17,West_exit,16,10,0.8,0
dl_216,15,East_exit_short,15,11,0.44,0
dl_216,13,East_exit_short,13,9,0.44,0
dl_217,3,,,,,
dl_217,15,East_exit_short,15,11,0.44,0
dl_217,17,West_exit,16,10,0.8,0
dl_217,13,East_exit_short,13,9,0.44,0
dl_217,5,East_exit,7,5,0.8,0
dl_217,7,East_exit,7,5,0.8,0
dl_218,3,,,,,
dl_218,15,East_exit_short,15,11,0.44,0
dl_218,17,West_exit,16,10,0.8,0
dl_218,13,East_exit_short,13,9,0.44,0
dl_218,6,East_exit,6,5,0.8,0
dl_218,5,East_exit,6,5,0.8,0
dl_219,3,,,,,
dl_219,15,East_exit_short,15,11,0.44,0
dl_219,17,West_exit,16,10,0.8,0
dl_219,13,East_exit_short,13,9,0.44,0
dl_219,5,East_exit,5,4,0.8,0
dl_220,3,,,,,
dl_220,8,East_exit,10,7,0.8,0
dl_220,10,East_exit,10,7,0.8,0
dl_220,17,West_exit,16,10,0.8,0
dl_220,15,East_exit_short,15,11,0.44,0
dl_220,12,East_exit_short,12,9,0.44,0
dl_221,3,,,,,
dl_221,9,East_exit,9,7,0.8,0
dl_221,8,East_exit,9,7,0.8,0
dl_221,17,West_exit,16,10,0.8,0
dl_221,15,East_exit_short,15,11,0.44,0
dl_221,12,East_exit_short,12,9,0.44,0
dl_222,3,,,,,
dl_222,8,East_exit,8,6,0.8,0
dl_222,17,West_exit,16,10,0.8,0
dl_222,15,East_exit_short,15,11,0.44,0
dl_222,12,East_exit_short,12,9,0.44,0
dl_223,3,,,,,
dl_223,15,East_exit_short,15,11,0.44,0
dl_223,17,West_exit,16,10,0.8,0
dl_223,12,East_exit_short,12,9,0.44,0
dl_223,5,East_exit,7,5,0.8,0
dl_223,7,East_exit,7,5,0.8,0
dl_224,3,,,,,
dl_224,15,East_exit_short,15,11,0.44,0
dl_224,17,West_exit,16,10,0.8,0
dl_224,12,East_exit_short,12,9,0.44,0
dl_224,6,East_exit,6,5,0.8,0
dl_224,5,East_exit,6,5,0.8,0
dl_225,3,,,,,
dl_225,15,East_exit_short,15,11,0.44,0
dl_225,17,West_exit,16,10,0.8,0
dl_225,12,East_exit_short,12,9,0.44,0
dl_225,5,East_exit,5,4,0.8,0
dl_226,4,,,,,
dl_226,8,East_exit,10,7,0.8,0
dl_226,17,West_exit,16,10,0.8,0
dl_226,15,East_exit_short,15,11,0.44,0
dl_226,10,East_exit,10,7,0.8,0
dl_226,5,East_exit,7,5,0.8,0
dl_226,7,East_exit,7,5,0.8,0
dl_226,11,East_exit_short,11,8,0.44,0
dl_227,4,,,,,
dl_227,8,East_exit,10,7,0.8,0
dl_227,17,West_exit,16,10,0.8,0
dl_227,15,East_exit_short,15,11,0.44,0
dl_227,10,East_exit,10,7,0.8,0
dl_227,6,East_exit,6,5,0.8,0
dl_227,5,East_exit,6,5,0.8,0
dl_227,11,East_exit_short,11,8,0.44,0
dl_228,4,,,,,
dl_228,8,East_exit,10,7,0.8,0
dl_228,10,East_exit,10,7,0.8,0
dl_228,17,West_exit,16,10,0.8,0
dl_228,15,East_exit_short,15,11,0.44,0
dl_228,11,East_exit_short,11,8,0.44,0
dl_228,5,East_exit,5,4,0.8,0
dl_229,3,,,,,
dl_229,17,West_exit,16,10,0.8,0
dl_229,15,East_exit_short,15,11,0.44,0
dl_229,8,East_exit,10,7,0.8,0
dl_229,10,East_exit,10,7,0.8,0
dl_229,11,East_exit_short,11,8,0.44,0
dl_230,4,,,,,
dl_230,8,East_exit,9,7,0.8,0
dl_230,17,West_exit,16,10,0.8,0
dl_230,15,East_exit_short,15,11,0.44,0
dl_230,9,East_exit,9,7,0.8,0
dl_230,5,East_exit,7,5,0.8,0
dl_230,7,East_exit,7,5,0.8,0
dl_230,11,East_exit_short,11,8,0.44,0
dl_231,4,,,,,
dl_231,8,East_exit,9,7,0.8,0
dl_231,17,West_exit,16,10,0.8,0
dl_231,15,East_exit_short,15,11,0.44,0
dl_231,9,East_exit,9,7,0.8,0
dl_231,6,East_exit,6,5,0.8,0
dl_231,5,East_exit,6,5,0.8,0
dl_231,11,East_exit_short,11,8,0.44,0
dl_232,4,,,,,
dl_232,8,East_exit,9,7,0.8,0
dl_232,9,East_exit,9,7,0.8,0
dl_232,17,West_exit,16,10,0.8,0
dl_232,15,East_exit_short,15,11,0.44,0
dl_232,11,East_exit_short,11,8,0.44,0
dl_232,5,East_exit,5,4,0.8,0
dl_233,3,,,,,
dl_233,17,West_exit,16,10,0.8,0
dl_233,15,East_exit_short,15,11,0.44,0
dl_233,9,East_exit,9,7,0.8,0
dl_233,8,East_exit,9,7,0.8,0
dl_233,11,East_exit_short,11,8,0.44,0
dl_234,4,,,,,
dl_234,8,East_exit,8,6,0.8,0
dl_234,17,West_exit,16,10,0.8,0
dl_234,15,East_exit_short,15,11,0.44,0
dl_234,5,East_exit,7,5,0.8,0
dl_234,7,East_exit,7,5,0.8,0
dl_234,11,East_exit_short,11,8,0.44,0
dl_235,4,,,,,
dl_235,8,East_exit,8,6,0.8,0
dl_235,17,West_exit,16,10,0.8,0
dl_235,15,East_exit_short,15,11,0.44,0
dl_235,6,East_exit,6,5,0.8,0
dl_235,5,East_exit,6,5,0.8,0
dl_235,11,East_exit_short,11,8,0.44,0
dl_236,4,,,,,
dl_236,8,East_exit,8,6,0.8,0
dl_236,17,West_exit,16,10,0.8,0
dl_236,15,East_exit_short,15,11,0.44,0
dl_236,11,East_exit_short,11,8,0.44,0
dl_236,5,East_exit,5,4,0.8,0
dl_237,3,,,,,
dl_237,17,West_exit,16,10,0.8,0
dl_237,15,East_exit_short,15,11,0.44,0
dl_237,8,East_exit,8,6,0.8,0
dl_237,11,East_exit_short,11,8,0.44,0
dl_238,3,,,,,
dl_238,15,East_exit_short,15,11,0.44,0
dl_238,17,West_exit,16,10,0.8,0
dl_238,5,East_exit,7,5,0.8,0
dl_238,7,East_exit,7,5,0.8,0
dl_238,11,East_exit_short,11,8,0.44,0
dl_239,3,,,,,
dl_239,15,East_exit_short,15,11,0.44,0
dl_239,17,West_exit,16,10,0.8,0
dl_239,6,East_exit,6,5,0.8,0
dl_239,5,East_exit,6,5,0.8,0
dl_239,11,East_exit_short,11,8,0.44,0
dl_240,3,,,,,
dl_240,15,East_exit_short,15,11,0.44,0
dl_240,17,West_exit,16,10,0.8,0
dl_240,5,East_exit,5,4,0.8,0
dl_240,11,East_exit_short,11,8,0.44,0
dl_241,3,,,,,
dl_241,17,West_exit,16,10,0.8,0
dl_241,15,East_exit_short,15,11,0.44,0
dl_241,5,East_exit,7,5,0.8,0
dl_241,7,East_exit,7,5,0.8,0
dl_241,10,East_exit_short,10,7,0.44,0
dl_242,3,,,,,
dl_242,17,West_exit,16,10,0.8,0
dl_242,15,East_exit_short,15,11,0.44,0
dl_242,6,East_exit,6,5,0.8,0
dl_242,5,East_exit,6,5,0.8,0
dl_242,10,East_exit_short,10,7,0.44,0
dl_243,3,,,,,
dl_243,17,West_exit,16,10,0.8,0
dl_243,15,East_exit_short,15,11,0.44,0
dl_243,5,East_exit,5,4,0.8,0
dl_243,10,East_exit_short,10,7,0.44,0
dl_244,3,,,,,
dl_244,17,West_exit,16,10,0.8,0
dl_244,15,East_exit_short,15,11,0.44,0
dl_244,5,East_exit,7,5,0.8,0
dl_244,7,East_exit,7,5,0.8,0
dl_244,9,East_exit_short,9,7,0.44,0
dl_245,3,,,,,
dl_245,17,West_exit,16,10,0.8,0
dl_245,15,East_exit_short,15,11,0.44,0
dl_245,6,East_exit,6,5,0.8,0
dl_245,5,East_exit,6,5,0.8,0
dl_245,9,East_exit_short,9,7,0.44,0
dl_246,3,,,,,
dl_246,17,West_exit,16,10,0.8,0
dl_246,15,East_exit_short,15,11,0.44,0
dl_246,5,East_exit,5,4,0.8,0
dl_246,9,East_exit_short,9,7,0.44,0
dl_247,3,,,,,
dl_247,17,West_exit,16,10,0.8,0
dl_247,15,East_exit_short,15,11,0.44,0
dl_247,5,East_exit,7,5,0.8,0
dl_247,7,East_exit,7,5,0.8,0
dl_247,8,East_exit_short,8,6,0.44,0
dl_248,3,,,,,
dl_248,17,West_exit,16,10,0.8,0
dl_248,15,East_exit_short,15,11,0.44,0
dl_248,6,East_exit,6,5,0.8,0
dl_248,5,East_exit,6,5,0.8,0
dl_248,8,East_exit_short,8,6,0.44,0
dl_249,3,,,,,
dl_249,17,West_exit,16,10,0.8,0
dl_249,15,East_exit_short,15,11,0.44,0
dl_249,5,East_exit,5,4,0.8,0
dl_249,8,East_exit_short,8,6,0.44,0
dl_250,4,,,,,
dl_250,2,East_exit,4,3,0.8,0
dl_250,15,East_exit_short,15,11,0.44,0
dl_250,17,West_exit,16,10,0.8,0
dl_250,13,East_exit_short,13,9,0.44,0
dl_250,3,West_exit_short,3,2,0.44,0
dl_251,4,,,,,
dl_251,2,East_exit,4,3,0.8,0
dl_251,15,East_exit_short,15,11,0.44,0
dl_251,17,West_exit,16,10,0.8,0
dl_251,12,East_exit_short,12,9,0.44,0
dl_251,3,West_exit_short,3,2,0.44,0
dl_252,4,,,,,
dl_252,2,East_exit,4,3,0.8,0
dl_252,15,East_exit_short,15,11,0.44,0
dl_252,17,West_exit,16,10,0.8,0
dl_252,3,West_exit_short,3,2,0.44,0
dl_252,11,East_exit_short,11,8,0.44,0
dl_253,4,,,,,
dl_253,2,East_exit,4,3,0.8,0
dl_253,15,East_exit_short,15,11,0.44,0
dl_253,17,West_exit,16,10,0.8,0
dl_253,3,West_exit_short,3,2,0.44,0
dl_253,10,East_exit_short,10,7,0.44,0
dl_254,4,,,,,
dl_254,2,East_exit,4,3,0.8,0
dl_254,15,East_exit_short,15,11,0.44,0
dl_254,17,West_exit,16,10,0.8,0
dl_254,3,West_exit_short,3,2,0.44,0
dl_254,9,East_exit_short,9,7,0.44,0
dl_255,4,,,,,
dl_255,2,East_exit,4,3,0.8,0
dl_255,15,East_exit_short,15,11,0.44,0
dl_255,17,West_exit,16,10,0.8,0
dl_255,3,West_exit_short,3,2,0.44,0
dl_255,8,East_exit_short,8,6,0.44,0
dl_256,3,,,,,
dl_256,14,East_exit_short,14,10,0.44,0
dl_256,17,West_exit,16,10,0.8,0
dl_256,16,West_exit,16,10,0.8,0
dl_256,8,East_exit,10,7,0.8,0
dl_256,10,East_exit,10,7,0.8,0
dl_256,13,East_exit_short,13,9,0.44,0
dl_257,3,,,,,
dl_257,14,East_exit_short,14,10,0.44,0
dl_257,17,West_exit,16,10,0.8,0
dl_257,16,West_exit,16,10,0.8,0
dl_257,9,East_exit,9,7,0.8,0
dl_257,8,East_exit,9,7,0.8,0
dl_257,13,East_exit_short,13,9,0.44,0
dl_258,3,,,,,
dl_258,14,East_exit_short,14,10,0.44,0
dl_258,17,West_exit,16,10,0.8,0
dl_258,16,West_exit,16,10,0.8,0
dl_258,8,East_exit,8,6,0.8,0
dl_258,13,East_exit_short,13,9,0.44,0
dl_259,3,,,,,
dl_259,14,East_exit_short,14,10,0.44,0
dl_259,17,West_exit,16,10,0.8,0
dl_259,16,West_exit,16,10,0.8,0
dl_259,13,East_exit_short,13,9,0.44,0
dl_259,5,East_exit,7,5,0.8,0
dl_259,7,East_exit,7,5,0.8,0
dl_260,3,,,,,
dl_260,14,East_exit_short,14,10,0.44,0
dl_260,17,West_exit,16,10,0.8,0
dl_260,16,West_exit,16,10,0.8,0
dl_260,13,East_exit_short,13,9,0.44,0
dl_260,6,East_exit,6,5,0.8,0
dl_260,5,East_exit,6,5,0.8,0
dl_261,3,,,,,
dl_261,14,East_exit_short,14,10,0.44,0
dl_261,17,West_exit,16,10,0.8,0
dl_261,16,West_exit,16,10,0.8,0
dl_261,13,East_exit_short,13,9,0.44,0
dl_261,5,East_exit,5,4,0.8,0
dl_262,3,,,,,
dl_262,14,East_exit_short,14,10,0.44,0
dl_262,17,West_exit,16,10,0.8,0
dl_262,16,West_exit,16,10,0.8,0
dl_262,8,East_exit,10,7,0.8,0
dl_262,10,East_exit,10,7,0.8,0
dl_262,12,East_exit_short,12,9,0.44,0
dl_263,3,,,,,
dl_263,14,East_exit_short,14,10,0.44,0
dl_263,17,West_exit,16,10,0.8,0
dl_263,16,West_exit,16,10,0.8,0
dl_263,9,East_exit,9,7,0.8,0
dl_263,8,East_exit,9,7,0.8,0
dl_263,12,East_exit_short,12,9,0.44,0
dl_264,3,,,,,
dl_264,14,East_exit_short,14,10,0.44,0
dl_264,17,West_exit,16,10,0.8,0
dl_264,16,West_exit,16,10,0.8,0
dl_264,8,East_exit,8,6,0.8,0
dl_264,12,East_exit_short,12,9,0.44,0
dl_265,3,,,,,
dl_265,14,East_exit_short,14,10,0.44,0
dl_265,17,West_exit,16,10,0.8,0
dl_265,16,West_exit,16,10,0.8,0
dl_265,12,East_exit_short,12,9,0.44,0
dl_265,5,East_exit,7,5,0.8,0
dl_265,7,East_exit,7,5,0.8,0
dl_266,3,,,,,
dl_266,14,East_exit_short,14,10,0.44,0
dl_266,17,West_exit,16,10,0.8,0
dl_266,16,West_exit,16,10,0.8,0
dl_266,12,East_exit_short,12,9,0.44,0
dl_266,6,East_exit,6,5,0.8,0
dl_266,5,East_exit,6,5,0.8,0
dl_267,3,,,,,
dl_267,14,East_exit_short,14,10,0.44,0
dl_267,17,West_exit,16,10,0.8,0
dl_267,16,West_exit,16,10,0.8,0
dl_267,12,East_exit_short,12,9,0.44,0
dl_267,5,East_exit,5,4,0.8,0
dl_268,4,,,,,
dl_268,8,East_exit,10,7,0.8,0
dl_268,14,East_exit_short,14,10,0.44,0
dl_268,17,West_exit,16,10,0.8,0
dl_268,16,West_exit,16,10,0.8,0
dl_268,10,East_exit,10,7,0.8,0
dl_268,5,East_exit,7,5,0.8,0
dl_268,7,East_exit,7,5,0.8,0
dl_268,11,East_exit_short,11,8,0.44,0
dl_269,4,,,,,
dl_269,8,East_exit,10,7,0.8,0
dl_269,14,East_exit_short,14,10,0.44,0
dl_269,17,West_exit,16,10,0.8,0
dl_269,16,West_exit,16,10,0.8,0
dl_269,10,East_exit,10,7,0.8,0
dl_269,6,East_exit,6,5,0.8,0
dl_269,5,East_exit,6,5,0.8,0
dl_269,11,East_exit_short,11,8,0.44,0
dl_270,4,,,,,
dl_270,8,East_exit,10,7,0.8,0
dl_270,10,East_exit,10,7,0.8,0
dl_270,14,East_exit_short,14,10,0.44,0
dl_270,17,West_exit,16,10,0.8,0
dl_270,16,West_exit,16,10,0.8,0
dl_270,11,East_exit_short,11,8,0.44,0
dl_270,5,East_exit,5,4,0.8,0
dl_271,3,,,,,
dl_271,14,East_exit_short,14,10,0.44,0
dl_271,17,West_exit,16,10,0.8,0
dl_271,16,West_exit,16,10,0.8,0
dl_271,8,East_exit,10,7,0.8,0
dl_271,10,East_exit,10,7,0.8,0
dl_271,11,East_exit_short,11,8,0.44,0
dl_272,4,,,,,
dl_272,8,East_exit,9,7,0.8,0
dl_272,14,East_exit_short,14,10,0.44,0
dl_272,17,West_exit,16,10,0.8,0
dl_272,16,West_exit,16,10,0.8,0
dl_272,9,East_exit,9,7,0.8,0
dl_272,5,East_exit,7,5,0.8,0
dl_272,7,East_exit,7,5,0.8,0
dl_272,11,East_exit_short,11,8,0.44,0
dl_273,4,,,,,
dl_273,8,East_exit,9,7,0.8,0
dl_273,14,East_exit_short,14,10,0.44,0
dl_273,17,West_exit,16,10,0.8,0
dl_273,16,West_exit,16,10,0.8,0
dl_273,9,East_exit,9,7,0.8,0
dl_273,6,East_exit,6,5,0.8,0
dl_273,5,East_exit,6,5,0.8,0
dl_273,11,East_exit_short,11,8,0.44,0
dl_274,4,,,,,
dl_274,8,East_exit,9,7,0.8,0
dl_274,9,East_exit,9,7,0.8,0
dl_274,14,East_exit_short,14,10,0.44,0
dl_274,17,West_exit,16,10,0.8,0
dl_274,16,West_exit,16,10,0.8,0
dl_274,11,East_exit_short,11,8,0.44,0
dl_274,5,East_exit,5,4,0.8,0
dl_275,3,,,,,
dl_275,14,East_exit_short,14,10,0.44,0
dl_275,17,West_exit,16,10,0.8,0
dl_275,16,West_exit,16,10,0.8,0
dl_275,9,East_exit,9,7,0.8,0
dl_275,8,East_exit,9,7,0.8,0
dl_275,11,East_exit_short,11,8,0.44,0
dl_276,4,,,,,
dl_276,8,East_exit,8,6,0.8,0
dl_276,14,East_exit_short,14,10,0.44,0
dl_276,17,West_exit,16,10,0.8,0
dl_276,16,West_exit,16,10,0.8,0
dl_276,5,East_exit,7,5,0.8,0
dl_276,7,East_exit,7,5,0.8,0
dl_276,11,East_exit_short,11,8,0.44,0
dl_277,4,,,,,
dl_277,8,East_exit,8,6,0.8,0
dl_277,14,East_exit_short,14,10,0.44,0
dl_277,17,West_exit,16,10,0.8,0
dl_277,16,West_exit,16,10,0.8,0
dl_277,6,East_exit,6,5,0.8,0
dl_277,5,East_exit,6,5,0.8,0
dl_277,11,East_exit_short,11,8,0.44,0
dl_278,4,,,,,
dl_278,8,East_exit,8,6,0.8,0
dl_278,14,East_exit_short,14,10,0.44,0
dl_278,17,West_exit,16,10,0.8,0
dl_278,16,West_exit,16,10,0.8,0
dl_278,11,East_exit_short,11,8,0.44,0
dl_278,5,East_exit,5,4,0.8,0
dl_279,3,,,,,
dl_279,14,East_exit_short,14,10,0.44,0
dl_279,17,West_exit,16,10,0.8,0
dl_279,16,West_exit,16,10,0.8,0
dl_279,8,East_exit,8,6,0.8,0
dl_279,11,East_exit_short,11,8,0.44,0
dl_280,3,,,,,
dl_280,14,East_exit_short,14,10,0.44,0
dl_280,17,West_exit,16,10,0.8,0
dl_280,16,West_exit,16,10,0.8,0
dl_280,5,East_exit,7,5,0.8,0
dl_280,7,East_exit,7,5,0.8,0
dl_280,11,East_exit_short,11,8,0.44,0
dl_281,3,,,,,
dl_281,14,East_exit_short,14,10,0.44,0
dl_281,17,West_exit,16,10,0.8,0
dl_281,16,West_exit,16,10,0.8,0
dl_281,6,East_exit,6,5,0.8,0
dl_281,5,East_exit,6,5,0.8,0
dl_281,11,East_exit_short,11,8,0.44,0
dl_282,3,,,,,
dl_282,14,East_exit_short,14,10,0.44,0
dl_282,17,West_exit,16,10,0.8,0
dl_282,16,West_exit,16,10,0.8,0
dl_282,5,East_exit,5,4,0.8,0
dl_282,11,East_exit_short,11,8,0.44,0
dl_283,3,,,,,
dl_283,14,East_exit_short,14,10,0.44,0
dl_283,17,West_exit,16,10,0.8,0
dl_283,16,West_exit,16,10,0.8,0
dl_283,5,East_exit,7,5,0.8,0
dl_283,7,East_exit,7,5,0.8,0
dl_283,10,East_exit_short,10,7,0.44,0
dl_284,3,,,,,
dl_284,14,East_exit_short,14,10,0.44,0
dl_284,17,West_exit,16,10,0.8,0
dl_284,16,West_exit,16,10,0.8,0
dl_284,6,East_exit,6,5,0.8,0
dl_284,5,East_exit,6,5,0.8,0
dl_284,10,East_exit_short,10,7,0.44,0
dl_285,3,,,,,
dl_285,14,East_exit_short,14,10,0.44,0
dl_285,17,West_exit,16,10,0.8,0
dl_285,16,West_exit,16,10,0.8,0
dl_285,5,East_exit,5,4,0.8,0
dl_285,10,East_exit_short,10,7,0.44,0
dl_286,3,,,,,
dl_286,14,East_exit_short,14,10,0.44,0
dl_286,17,West_exit,16,10,0.8,0
dl_286,16,West_exit,16,10,0.8,0
dl_286,5,East_exit,7,5,0.8,0
dl_286,7,East_exit,7,5,0.8,0
dl_286,9,East_exit_short,9,7,0.44,0
dl_287,3,,,,,
dl_287,14,East_exit_short,14,10,0.44,0
dl_287,17,West_exit,16,10,0.8,0
dl_287,16,West_exit,16,10,0.8,0
dl_287,6,East_exit,6,5,0.8,0
dl_287,5,East_exit,6,5,0.8,0
dl_287,9,East_exit_short,9,7,0.44,0
dl_288,3,,,,,
dl_288,14,East_exit_short,14,10,0.44,0
dl_288,17,West_exit,16,10,0.8,0
dl_288,16,West_exit,16,10,0.8,0
dl_288,5,East_exit,5,4,0.8,0
dl_288,9,East_exit_short,9,7,0.44,0
dl_289,3,,,,,
dl_289,14,East_exit_short,14,10,0.44,0
dl_289,17,West_exit,16,10,0.8,0
dl_289,16,West_exit,16,10,0.8,0
dl_289,5,East_exit,7,5,0.8,0
dl_289,7,East_exit,7,5,0.8,0
dl_289,8,East_exit_short,8,6,0.44,0
dl_290,3,,,,,
dl_290,14,East_exit_short,14,10,0.44,0
dl_290,17,West_exit,16,10,0.8,0
dl_290,16,West_exit,16,10,0.8,0
dl_290,6,East_exit,6,5,0.8,0
dl_290,5,East_exit,6,5,0.8,0
dl_290,8,East_exit_short,8,6,0.44,0
dl_291,3,,,,,
dl_291,14,East_exit_short,14,10,0.44,0
dl_291,17,West_exit,16,10,0.8,0
dl_291,16,West_exit,16,10,0.8,0
dl_291,5,East_exit,5,4,0.8,0
dl_291,8,East_exit_short,8,6,0.44,0
dl_292,4,,,,,
dl_292,2,East_exit,4,3,0.8,0
dl_292,14,East_exit_short,14,10,0.44,0
dl_292,17,West_exit,16,10,0.8,0
dl_292,16,West_exit,16,10,0.8,0
dl_292,13,East_exit_short,13,9,0.44,0
dl_292,3,West_exit_short,3,2,0.44,0
dl_293,4,,,,,
dl_293,2,East_exit,4,3,0.8,0
dl_293,14,East_exit_short,14,10,0.44,0
dl_293,17,West_exit,16,10,0.8,0
dl_293,16,West_exit,16,10,0.8,0
dl_293,12,East_exit_short,12,9,0.44,0
dl_293,3,West_exit_short,3,2,0.44,0
dl_294,4,,,,,
dl_294,2,East_exit,4,3,0.8,0
dl_294,14,East_exit_short,14,10,0.44,0
dl_294,17,West_exit,16,10,0.8,0
dl_294,16,West_exit,16,10,0.8,0
dl_294,3,West_exit_short,3,2,0.44,0
dl_294,11,East_exit_short,11,8,0.44,0
dl_295,4,,,,,
dl_295,2,East_exit,4,3,0.8,0
dl_295,14,East_exit_short,14,10,0.44,0
dl_295,17,West_exit,16,10,0.8,0
dl_295,16,West_exit,16,10,0.8,0
dl_295,3,West_exit_short,3,2,0.44,0
dl_295,10,East_exit_short,10,7,0.44,0
dl_296,4,,,,,
dl_296,2,East_exit,4,3,0.8,0
dl_296,14,East_exit_short,14,10,0.44,0
dl_296,17,West_exit,16,10,0.8,0
dl_296,16,West_exit,16,10,0.8,0
dl_296,3,West_exit_short,3,2,0.44,0
dl_296,9,East_exit_short,9,7,0.44,0
dl_297,4,,,,,
dl_297,2,East_exit,4,3,0.8,0
dl_297,14,East_exit_short,14,10,0.44,0
dl_297,17,West_exit,16,10,0.8,0
dl_297,16,West_exit,16,10,0.8,0
dl_297,3,West_exit_short,3,2,0.44,0
dl_297,8,East_exit_short,8,6,0.44,0
dl_298,2,,,,,
dl_298,17,West_exit,15,10,0.8,0
dl_298,16,East_exit_short,16,11,0.44,0
dl_298,8,East_exit,8,6,0.8,0
dl_299,2,,,,,
dl_299,17,West_exit,15,10,0.8,0
dl_299,16,East_exit_short,16,11,0.44,0
dl_299,5,East_exit,7,5,0.8,0
dl_299,7,East_exit,7,5,0.8,0
dl_300,2,,,,,
dl_300,17,West_exit,15,10,0.8,0
dl_300,16,East_exit_short,16,11,0.44,0
dl_300,6,East_exit,6,5,0.8,0
dl_300,5,East_exit,6,5,0.8,0
dl_301,2,,,,,
dl_301,17,West_exit,15,10,0.8,0
dl_301,16,East_exit_short,16,11,0.44,0
dl_301,5,East_exit,5,4,0.8,0
dl_302,3,,,,,
dl_302,2,East_exit,4,3,0.8,0
dl_302,17,West_exit,15,10,0.8,0
dl_302,16,East_exit_short,16,11,0.44,0
dl_302,3,West_exit_short,3,2,0.44,0
dl_303,3,,,,,
dl_303,14,East_exit_short,14,10,0.44,0
dl_303,15,West_exit,15,10,0.8,0
dl_303,17,West_exit,15,10,0.8,0
dl_303,8,East_exit,10,7,0.8,0
dl_303,10,East_exit,10,7,0.8,0
dl_303,13,East_exit_short,13,9,0.44,0
dl_304,3,,,,,
dl_304,14,East_exit_short,14,10,0.44,0
dl_304,15,West_exit,15,10,0.8,0
dl_304,17,West_exit,15,10,0.8,0
dl_304,9,East_exit,9,7,0.8,0
dl_304,8,East_exit,9,7,0.8,0
dl_304,13,East_exit_short,13,9,0.44,0
dl_305,3,,,,,
dl_305,14,East_exit_short,14,10,0.44,0
dl_305,15,West_exit,15,10,0.8,0
dl_305,17,West_exit,15,10,0.8,0
dl_305,8,East_exit,8,6,0.8,0
dl_305,13,East_exit_short,13,9,0.44,0
dl_306,3,,,,,
dl_306,14,East_exit_short,14,10,0.44,0
dl_306,15,West_exit,15,10,0.8,0
dl_306,17,West_exit,15,10,0.8,0
dl_306,13,East_exit_short,13,9,0.44,0
dl_306,5,East_exit,7,5,0.8,0
dl_306,7,East_exit,7,5,0.8,0
dl_307,3,,,,,
dl_307,14,East_exit_short,14,10,0.44,0
dl_307,15,West_exit,15,10,0.8,0
dl_307,17,West_exit,15,10,0.8,0
dl_307,13,East_exit_short,13,9,0.44,0
dl_307,6,East_exit,6,5,0.8,0
dl_307,5,East_exit,6,5,0.8,0
dl_308,3,,,,,
dl_308,14,East_exit_short,14,10,0.44,0
dl_308,15,West_exit,15,10,0.8,0
dl_308,17,West_exit,15,10,0.8,0
dl_308,13,East_exit_short,13,9,0.44,0
dl_308,5,East_exit,5,4,0.8,0
dl_309,3,,,,,
dl_309,14,East_exit_short,14,10,0.44,0
dl_309,15,West_exit,15,10,0.8,0
dl_309,17,West_exit,15,10,0.8,0
dl_309,8,East_exit,10,7,0.8,0
dl_309,10,East_exit,10,7,0.8,0
dl_309,12,East_exit_short,12,9,0.44,0
dl_310,3,,,,,
dl_310,14,East_exit_short,14,10,0.44,0
dl_310,15,West_exit,15,10,0.8,0
dl_310,17,West_exit,15,10,0.8,0
dl_310,9,East_exit,9,7,0.8,0
dl_310,8,East_exit,9,7,0.8,0
dl_310,12,East_exit_short,12,9,0.44,0
dl_311,3,,,,,
dl_311,14,East_exit_short,14,10,0.44,0
dl_311,15,West_exit,15,10,0.8,0
dl_311,17,West_exit,15,10,0.8,0
dl_311,8,East_exit,8,6,0.8,0
dl_311,12,East_exit_short,12,9,0.44,0
dl_312,3,,,,,
dl_312,14,East_exit_short,14,10,0.44,0
dl_312,15,West_exit,15,10,0.8,0
dl_312,17,West_exit,15,10,0.8,0
dl_312,12,East_exit_short,12,9,0.44,0
dl_312,5,East_exit,7,5,0.8,0
dl_312,7,East_exit,7,5,0.8,0
dl_313,3,,,,,
dl_313,14,East_exit_short,14,10,0.44,0
dl_313,15,West_exit,15,10,0.8,0
dl_313,17,West_exit,15,10,0.8,0
dl_313,12,East_exit_short,12,9,0.44,0
dl_313,6,East_exit,6,5,0.8,0
dl_313,5,East_exit,6,5,0.8,0
dl_314,3,,,,,
dl_314,14,East_exit_short,14,10,0.44,0
dl_314,15,West_exit,15,10,0.8,0
dl_314,17,West_exit,15,10,0.8,0
dl_314,12,East_exit_short,12,9,0.44,0
dl_314,5,East_exit,5,4,0.8,0
dl_315,4,,,,,
dl_315,8,East_exit,10,7,0.8,0
dl_315,14,East_exit_short,14,10,0.44,0
dl_315,15,West_exit,15,10,0.8,0
dl_315,17,West_exit,15,10,0.8,0
dl_315,10,East_exit,10,7,0.8,0
dl_315,5,East_exit,7,5,0.8,0
dl_315,7,East_exit,7,5,0.8,0
dl_315,11,East_exit_short,11,8,0.44,0
dl_316,4,,,,,
dl_316,8,East_exit,10,7,0.8,0
dl_316,14,East_exit_short,14,10,0.44,0
dl_316,15,West_exit,15,10,0.8,0
dl_316,17,West_exit,15,10,0.8,0
dl_316,10,East_exit,10,7,0.8,0
dl_316,6,East_exit,6,5,0.8,0
dl_316,5,East_exit,6,5,0.8,0
dl_316,11,East_exit_short,11,8,0.44,0
dl_317,4,,,,,
dl_317,8,East_exit,10,7,0.8,0
dl_317,10,East_exit,10,7,0.8,0
dl_317,14,East_exit_short,14,10,0.44,0
dl_317,15,West_exit,15,10,0.8,0
dl_317,17,West_exit,15,10,0.8,0
dl_317,11,East_exit_short,11,8,0.44,0
dl_317,5,East_exit,5,4,0.8,0
dl_318,3,,,,,
dl_318,14,East_exit_short,14,10,0.44,0
dl_318,15,West_exit,15,10,0.8,0
dl_318,17,West_exit,15,10,0.8,0
dl_318,8,East_exit,10,7,0.8,0
dl_318,10,East_exit,10,7,0.8,0
dl_318,11,East_exit_short,11,8,0.44,0
dl_319,4,,,,,
dl_319,8,East_exit,9,7,0.8,0
dl_319,14,East_exit_short,14,10,0.44,0
dl_319,15,West_exit,15,10,0.8,0
dl_319,17,West_exit,15,10,0.8,0
dl_319,9,East_exit,9,7,0.8,0
dl_319,5,East_exit,7,5,0.8,0
dl_319,7,East_exit,7,5,0.8,0
dl_319,11,East_exit_short,11,8,0.44,0
dl_320,4,,,,,
dl_320,8,East_exit,9,7,0.8,0
dl_320,14,East_exit_short,14,10,0.44,0
dl_320,15,West_exit,15,10,0.8,0
dl_320,17,West_exit,15,10,0.8,0
dl_320,9,East_exit,9,7,0.8,0
dl_320,6,East_exit,6,5,0.8,0
dl_320,5,East_exit,6,5,0.8,0
dl_320,11,East_exit_short,11,8,0.44,0
dl_321,4,,,,,
dl_321,8,East_exit,9,7,0.8,0
dl_321,9,East_exit,9,7,0.8,0
dl_321,14,East_exit_short,14,10,0.44,0
dl_321,15,West_exit,15,10,0.8,0
dl_321,17,West_exit,15,10,0.8,0
dl_321,11,East_exit_short,11,8,0.44,0
dl_321,5,East_exit,5,4,0.8,0
dl_322,3,,,,,
dl_322,14,East_exit_short,14,10,0.44,0
dl_322,15,West_exit,15,10,0.8,0
dl_322,17,West_exit,15,10,0.8,0
dl_322,9,East_exit,9,7,0.8,0
dl_322,8,East_exit,9,7,0.8,0
dl_322,11,East_exit_short,11,8,0.44,0
dl_323,4,,,,,
dl_323,8,East_exit,8,6,0.8,0
dl_323,14,East_exit_short,14,10,0.44,0
dl_323,15,West_exit,15,10,0.8,0
dl_323,17,West_exit,15,10,0.8,0
dl_323,5,East_exit,7,5,0.8,0
dl_323,7,East_exit,7,5,0.8,0
dl_323,11,East_exit_short,11,8,0.44,0
dl_324,4,,,,,
dl_324,8,East_exit,8,6,0.8,0
dl_324,14,East_exit_short,14,10,0.44,0
dl_324,15,West_exit,15,10,0.8,0
dl_324,17,West_exit,15,10,0.8,0
dl_324,6,East_exit,6,5,0.8,0
dl_324,5,East_exit,6,5,0.8,0
dl_324,11,East_exit_short,11,8,0.44,0
dl_325,4,,,,,
dl_325,8,East_exit,8,6,0.8,0
dl_325,14,East_exit_short,14,10,0.44,0
dl_325,15,West_exit,15,10,0.8,0
dl_325,17,West_exit,15,10,0.8,0
dl_325,11,East_exit_short,11,8,0.44,0
dl_325,5,East_exit,5,4,0.8,0
dl_326,3,,,,,
dl_326,14,East_exit_short,14,10,0.44,0
dl_326,15,West_exit,15,10,0.8,0
dl_326,17,West_exit,15,10,0.8,0
dl_326,8,East_exit,8,6,0.8,0
dl_326,11,East_exit_short,11,8,0.44,0
dl_327,3,,,,,
dl_327,14,East_exit_short,14,10,0.44,0
dl_327,15,West_exit,15,10,0.8,0
dl_327,17,West_exit,15,10,0.8,0
dl_327,5,East_exit,7,5,0.8,0
dl_327,7,East_exit,7,5,0.8,0
dl_327,11,East_exit_short,11,8,0.44,0
dl_328,3,,,,,
dl_328,14,East_exit_short,14,10,0.44,0
dl_328,15,West_exit,15,10,0.8,0
dl_328,17,West_exit,15,10,0.8,0
dl_328,6,East_exit,6,5,0.8,0
dl_328,5,East_exit,6,5,0.8,0
dl_328,11,East_exit_short,11,8,0.44,0
dl_329,3,,,,,
dl_329,14,East_exit_short,14,10,0.44,0
dl_329,15,West_exit,15,10,0.8,0
dl_329,17,West_exit,15,10,0.8,0
dl_329,5,East_exit,5,4,0.8,0
dl_329,11,East_exit_short,11,8,0.44,0
dl_330,3,,,,,
dl_330,14,East_exit_short,14,10,0.44,0
dl_330,15,West_exit,15,10,0.8,0
dl_330,17,West_exit,15,10,0.8,0
dl_330,5,East_exit,7,5,0.8,0
dl_330,7,East_exit,7,5,0.8,0
dl_330,10,East_exit_short,10,7,0.44,0
dl_331,3,,,,,
dl_331,14,East_exit_short,14,10,0.44,0
dl_331,15,West_exit,15,10,0.8,0
dl_331,17,West_exit,15,10,0.8,0
dl_331,6,East_exit,6,5,0.8,0
dl_331,5,East_exit,6,5,0.8,0
dl_331,10,East_exit_short,10,7,0.44,0
dl_332,3,,,,,
dl_332,14,East_exit_short,14,10,0.44,0
dl_332,15,West_exit,15,10,0.8,0
dl_332,17,West_exit,15,10,0.8,0
dl_332,5,East_exit,5,4,0.8,0
dl_332,10,East_exit_short,10,7,0.44,0
dl_333,3,,,,,
dl_333,14,East_exit_short,14,10,0.44,0
dl_333,15,West_exit,15,10,0.8,0
dl_333,17,West_exit,15,10,0.8,0
dl_333,5,East_exit,7,5,0.8,0
dl_333,7,East_exit,7,5,0.8,0
dl_333,9,East_exit_short,9,7,0.44,0
dl_334,3,,,,,
dl_334,14,East_exit_short,14,10,0.44,0
dl_334,15,West_exit,15,10,0.8,0
dl_334,17,West_exit,15,10,0.8,0
dl_334,6,East_exit,6,5,0.8,0
dl_334,5,East_exit,6,5,0.8,0
dl_334,9,East_exit_short,9,7,0.44,0
dl_335,3,,,,,
dl_335,14,East_exit_short,14,10,0.44,0
dl_335,15,West_exit,15,10,0.8,0
dl_335,17,West_exit,15,10,0.8,0
dl_335,5,East_exit,5,4,0.8,0
dl_335,9,East_exit_short,9,7,0.44,0
dl_336,3,,,,,
dl_336,14,East_exit_short,14,10,0.44,0
dl_336,15,West_exit,15,10,0.8,0
dl_336,17,West_exit,15,10,0.8,0
dl_336,5,East_exit,7,5,0.8,0
dl_336,7,East_exit,7,5,0.8,0
dl_336,8,East_exit_short,8,6,0.44,0
dl_337,3,,,,,
dl_337,14,East_exit_short,14,10,0.44,0
dl_337,15,West_exit,15,10,0.8,0
dl_337,17,West_exit,15,10,0.8,0
dl_337,6,East_exit,6,5,0.8,0
dl_337,5,East_exit,6,5,0.8,0
dl_337,8,East_exit_short,8,6,0.44,0
dl_338,3,,,,,
dl_338,14,East_exit_short,14,10,0.44,0
dl_338,15,West_exit,15,10,0.8,0
dl_338,17,West_exit,15,10,0.8,0
dl_338,5,East_exit,5,4,0.8,0
dl_338,8,East_exit_short,8,6,0.44,0
dl_339,4,,,,,
dl_339,2,East_exit,4,3,0.8,0
dl_339,14,East_exit_short,14,10,0.44,0
dl_339,15,West_exit,15,10,0.8,0
dl_339,17,West_exit,15,10,0.8,0
dl_339,13,East_exit_short,13,9,0.44,0
dl_339,3,West_exit_short,3,2,0.44,0
dl_340,4,,,,,
dl_340,2,East_exit,4,3,0.8,0
dl_340,14,East_exit_short,14,10,0.44,0
dl_340,15,West_exit,15,10,0.8,0
dl_340,17,West_exit,15,10,0.8,0
dl_340,12,East_exit_short,12,9,0.44,0
dl_340,3,West_exit_short,3,2,0.44,0
dl_341,4,,,,,
dl_341,2,East_exit,4,3,0.8,0
dl_341,14,East_exit_short,14,10,0.44,0
dl_341,15,West_exit,15,10,0.8,0
dl_341,17,West_exit,15,10,0.8,0
dl_341,3,West_exit_short,3,2,0.44,0
dl_341,11,East_exit_short,11,8,0.44,0
dl_342,4,,,,,
dl_342,2,East_exit,4,3,0.8,0
dl_342,14,East_exit_short,14,10,0.44,0
dl_342,15,West_exit,15,10,0.8,0
dl_342,17,West_exit,15,10,0.8,0
dl_342,3,West_exit_short,3,2,0.44,0
dl_342,10,East_exit_short,10,7,0.44,0
dl_343,4,,,,,
dl_343,2,East_exit,4,3,0.8,0
dl_343,14,East_exit_short,14,10,0.44,0
dl_343,15,West_exit,15,10,0.8,0
dl_343,17,West_exit,15,10,0.8,0
dl_343,3,West_exit_short,3,2,0.44,0
dl_343,9,East_exit_short,9,7,0.44,0
dl_344,4,,,,,
dl_344,2,East_exit,4,3,0.8,0
dl_344,14,East_exit_short,14,10,0.44,0
dl_344,15,West_exit,15,10,0.8,0
dl_344,17,West_exit,15,10,0.8,0
dl_344,3,West_exit_short,3,2,0.44,0
dl_344,8,East_exit_short,8,6,0.44,0
dl_345,3,,,,,
dl_345,8,East_exit,8,6,0.8,0
dl_345,5,East_exit,7,5,0.8,0
dl_345,7,East_exit,7,5,0.8,0
dl_345,16,East_exit_short,16,11,0.44,0
dl_345,17,West_exit,17,11,0.8,0
dl_346,3,,,,,
dl_346,8,East_exit,8,6,0.8,0
dl_346,6,East_exit,6,5,0.8,0
dl_346,5,East_exit,6,5,0.8,0
dl_346,16,East_exit_short,16,11,0.44,0
dl_346,17,West_exit,17,11,0.8,0
dl_347,3,,,,,
dl_347,8,East_exit,8,6,0.8,0
dl_347,5,East_exit,5,4,0.8,0
dl_347,16,East_exit_short,16,11,0.44,0
dl_347,17,West_exit,17,11,0.8,0
dl_348,2,,,,,
dl_348,16,East_exit_short,16,11,0.44,0
dl_348,17,West_exit,17,11,0.8,0
dl_348,8,East_exit,8,6,0.8,0
dl_349,2,,,,,
dl_349,17,West_exit,17,11,0.8,0
dl_349,16,East_exit_short,16,11,0.44,0
dl_349,5,East_exit,7,5,0.8,0
dl_349,7,East_exit,7,5,0.8,0
dl_350,2,,,,,
dl_350,17,West_exit,17,11,0.8,0
dl_350,16,East_exit_short,16,11,0.44,0
dl_350,6,East_exit,6,5,0.8,0
dl_350,5,East_exit,6,5,0.8,0
dl_351,2,,,,,
dl_351,17,West_exit,17,11,0.8,0
dl_351,16,East_exit_short,16,11,0.44,0
dl_351,5,East_exit,5,4,0.8,0
dl_352,3,,,,,
dl_352,2,East_exit,4,3,0.8,0
dl_352,17,West_exit,17,11,0.8,0
dl_352,16,East_exit_short,16,11,0.44,0
dl_352,3,West_exit_short,3,2,0.44,0
dl_353,3,,,,,
dl_353,15,East_exit_short,15,11,0.44,0
dl_353,8,East_exit,10,7,0.8,0
dl_353,10,East_exit,10,7,0.8,0
dl_353,13,East_exit_short,13,9,0.44,0
dl_353,17,West_exit,17,11,0.8,0
dl_354,3,,,,,
dl_354,15,East_exit_short,15,11,0.44,0
dl_354,9,East_exit,9,7,0.8,0
dl_354,8,East_exit,9,7,0.8,0
dl_354,13,East_exit_short,13,9,0.44,0
dl_354,17,West_exit,17,11,0.8,0
dl_355,3,,,,,
dl_355,15,East_exit_short,15,11,0.44,0
dl_355,8,East_exit,8,6,0.8,0
dl_355,13,East_exit_short,13,9,0.44,0
dl_355,17,West_exit,17,11,0.8,0
dl_356,3,,,,,
dl_356,15,East_exit_short,15,11,0.44,0
dl_356,13,East_exit_short,13,9,0.44,0
dl_356,17,West_exit,17,11,0.8,0
dl_356,5,East_exit,7,5,0.8,0
dl_356,7,East_exit,7,5,0.8,0
dl_357,3,,,,,
dl_357,15,East_exit_short,15,11,0.44,0
dl_357,13,East_exit_short,13,9,0.44,0
dl_357,17,West_exit,17,11,0.8,0
dl_357,6,East_exit,6,5,0.8,0
dl_357,5,East_exit,6,5,0.8,0
dl_358,3,,,,,
dl_358,15,East_exit_short,15,11,0.44,0
dl_358,13,East_exit_short,13,9,0.44,0
dl_358,17,West_exit,17,11,0.8,0
dl_358,5,East_exit,5,4,0.8,0
dl_359,3,,,,,
dl_359,15,East_exit_short,15,11,0.44,0
dl_359,8,East_exit,10,7,0.8,0
dl_359,10,East_exit,10,7,0.8,0
dl_359,12,East_exit_short,12,9,0.44,0
dl_359,17,West_exit,17,11,0.8,0
dl_360,3,,,,,
dl_360,15,East_exit_short,15,11,0.44,0
dl_360,9,East_exit,9,7,0.8,0
dl_360,8,East_exit,9,7,0.8,0
dl_360,12,East_exit_short,12,9,0.44,0
dl_360,17,West_exit,17,11,0.8,0
dl_361,3,,,,,
dl_361,15,East_exit_short,15,11,0.44,0
dl_361,8,East_exit,8,6,0.8,0
dl_361,12,East_exit_short,12,9,0.44,0
dl_361,17,West_exit,17,11,0.8,0
dl_362,3,,,,,
dl_362,15,East_exit_short,15,11,0.44,0
dl_362,12,East_exit_short,12,9,0.44,0
dl_362,17,West_exit,17,11,0.8,0
dl_362,5,East_exit,7,5,0.8,0
dl_362,7,East_exit,7,5,0.8,0
dl_363,3,,,,,
dl_363,15,East_exit_short,15,11,0.44,0
dl_363,12,East_exit_short,12,9,0.44,0
dl_363,17,West_exit,17,11,0.8,0
dl_363,6,East_exit,6,5,0.8,0
dl_363,5,East_exit,6,5,0.8,0
dl_364,3,,,,,
dl_364,15,East_exit_short,15,11,0.44,0
dl_364,12,East_exit_short,12,9,0.44,0
dl_364,17,West_exit,17,11,0.8,0
dl_364,5,East_exit,5,4,0.8,0
dl_365,4,,,,,
dl_365,8,East_exit,10,7,0.8,0
dl_365,15,East_exit_short,15,11,0.44,0
dl_365,10,East_exit,10,7,0.8,0
dl_365,17,West_exit,17,11,0.8,0
dl_365,5,East_exit,7,5,0.8,0
dl_365,7,East_exit,7,5,0.8,0
dl_365,11,East_exit_short,11,8,0.44,0
dl_366,4,,,,,
dl_366,8,East_exit,10,7,0.8,0
dl_366,15,East_exit_short,15,11,0.44,0
dl_366,10,East_exit,10,7,0.8,0
dl_366,17,West_exit,17,11,0.8,0
dl_366,6,East_exit,6,5,0.8,0
dl_366,5,East_exit,6,5,0.8,0
dl_366,11,East_exit_short,11,8,0.44,0
dl_367,4,,,,,
dl_367,8,East_exit,10,7,0.8,0
dl_367,10,East_exit,10,7,0.8,0
dl_367,15,East_exit_short,15,11,0.44,0
dl_367,17,West_exit,17,11,0.8,0
dl_367,11,East_exit_short,11,8,0.44,0
dl_367,5,East_exit,5,4,0.8,0
dl_368,3,,,,,
dl_368,15,East_exit_short,15,11,0.44,0
dl_368,8,East_exit,10,7,0.8,0
dl_368,10,East_exit,10,7,0.8,0
dl_368,17,West_exit,17,11,0.8,0
dl_368,11,East_exit_short,11,8,0.44,0
dl_369,4,,,,,
dl_369,8,East_exit,9,7,0.8,0
dl_369,15,East_exit_short,15,11,0.44,0
dl_369,9,East_exit,9,7,0.8,0
dl_369,17,West_exit,17,11,0.8,0
dl_369,5,East_exit,7,5,0.8,0
dl_369,7,East_exit,7,5,0.8,0
dl_369,11,East_exit_short,11,8,0.44,0
dl_370,4,,,,,
dl_370,8,East_exit,9,7,0.8,0
dl_370,15,East_exit_short,15,11,0.44,0
dl_370,9,East_exit,9,7,0.8,0
dl_370,17,West_exit,17,11,0.8,0
dl_370,6,East_exit,6,5,0.8,0
dl_370,5,East_exit,6,5,0.8,0
dl_370,11,East_exit_short,11,8,0.44,0
dl_371,4,,,,,
dl_371,8,East_exit,9,7,0.8,0
dl_371,9,East_exit,9,7,0.8,0
dl_371,15,East_exit_short,15,11,0.44,0
dl_371,17,West_exit,17,11,0.8,0
dl_371,11,East_exit_short,11,8,0.44,0
dl_371,5,East_exit,5,4,0.8,0
dl_372,3,,,,,
dl_372,15,East_exit_short,15,11,0.44,0
dl_372,9,East_exit,9,7,0.8,0
dl_372,8,East_exit,9,7,0.8,0
dl_372,17,West_exit,17,11,0.8,0
dl_372,11,East_exit_short,11,8,0.44,0
dl_373,4,,,,,
dl_373,8,East_exit,8,6,0.8,0
dl_373,15,East_exit_short,15,11,0.44,0
dl_373,17,West_exit,17,11,0.8,0
dl_373,5,East_exit,7,5,0.8,0
dl_373,7,East_exit,7,5,0.8,0
dl_373,11,East_exit_short,11,8,0.44,0
dl_374,4,,,,,
dl_374,8,East_exit,8,6,0.8,0
dl_374,15,East_exit_short,15,11,0.44,0
dl_374,17,West_exit,17,11,0.8,0
dl_374,6,East_exit,6,5,0.8,0
dl_374,5,East_exit,6,5,0.8,0
dl_374,11,East_exit_short,11,8,0.44,0
dl_375,4,,,,,
dl_375,8,East_exit,8,6,0.8,0
dl_375,15,East_exit_short,15,11,0.44,0
dl_375,17,West_exit,17,11,0.8,0
dl_375,11,East_exit_short,11,8,0.44,0
dl_375,5,East_exit,5,4,0.8,0
dl_376,3,,,,,
dl_376,15,East_exit_short,15,11,0.44,0
dl_376,8,East_exit,8,6,0.8,0
dl_376,17,West_exit,17,11,0.8,0
dl_376,11,East_exit_short,11,8,0.44,0
dl_377,3,,,,,
dl_377,15,East_exit_short,15,11,0.44,0
dl_377,17,West_exit,17,11,0.8,0
dl_377,5,East_exit,7,5,0.8,0
dl_377,7,East_exit,7,5,0.8,0
dl_377,11,East_exit_short,11,8,0.44,0
dl_378,3,,,,,
dl_378,15,East_exit_short,15,11,0.44,0
dl_378,17,West_exit,17,11,0.8,0
dl_378,6,East_exit,6,5,0.8,0
dl_378,5,East_exit,6,5,0.8,0
dl_378,11,East_exit_short,11,8,0.44,0
dl_379,3,,,,,
dl_379,15,East_exit_short,15,11,0.44,0
dl_379,17,West_exit,17,11,0.8,0
dl_379,5,East_exit,5,4,0.8,0
dl_379,11,East_exit_short,11,8,0.44,0
dl_380,3,,,,,
dl_380,15,East_exit_short,15,11,0.44,0
dl_380,17,West_exit,17,11,0.8,0
dl_380,5,East_exit,7,5,0.8,0
dl_380,7,East_exit,7,5,0.8,0
dl_380,10,East_exit_short,10,7,0.44,0
dl_381,3,,,,,
dl_381,15,East_exit_short,15,11,0.44,0
dl_381,17,West_exit,17,11,0.8,0
dl_381,6,East_exit,6,5,0.8,0
dl_381,5,East_exit,6,5,0.8,0
dl_381,10,East_exit_short,10,7,0.44,0
dl_382,3,,,,,
dl_382,15,East_exit_short,15,11,0.44,0
dl_382,17,West_exit,17,11,0.8,0
dl_382,5,East_exit,5,4,0.8,0
dl_382,10,East_exit_short,10,7,0.44,0
dl_383,3,,,,,
dl_383,15,East_exit_short,15,11,0.44,0
dl_383,17,West_exit,17,11,0.8,0
dl_383,5,East_exit,7,5,0.8,0
dl_383,7,East_exit,7,5,0.8,0
dl_383,9,East_exit_short,9,7,0.44,0
dl_384,3,,,,,
dl_384,15,East_exit_short,15,11,0.44,0
dl_384,17,West_exit,17,11,0.8,0
dl_384,6,East_exit,6,5,0.8,0
dl_384,5,East_exit,6,5,0.8,0
dl_384,9,East_exit_short,9,7,0.44,0
dl_385,3,,,,,
dl_385,15,East_exit_short,15,11,0.44,0
dl_385,17,West_exit,17,11,0.8,0
dl_385,5,East_exit,5,4,0.8,0
dl_385,9,East_exit_short,9,7,0.44,0
dl_386,3,,,,,
dl_386,15,East_exit_short,15,11,0.44,0
dl_386,17,West_exit,17,11,0.8,0
dl_386,5,East_exit,7,5,0.8,0
dl_386,7,East_exit,7,5,0.8,0
dl_386,8,East_exit_short,8,6,0.44,0
dl_387,3,,,,,
dl_387,15,East_exit_short,15,11,0.44,0
dl_387,17,West_exit,17,11,0.8,0
dl_387,6,East_exit,6,5,0.8,0
dl_387,5,East_exit,6,5,0.8,0
dl_387,8,East_exit_short,8,6,0.44,0
dl_388,3,,,,,
dl_388,15,East_exit_short,15,11,0.44,0
dl_388,17,West_exit,17,11,0.8,0
dl_388,5,East_exit,5,4,0.8,0
dl_388,8,East_exit_short,8,6,0.44,0
dl_389,4,,,,,
dl_389,2,East_exit,4,3,0.8,0
dl_389,15,East_exit_short,15,11,0.44,0
dl_389,13,East_exit_short,13,9,0.44,0
dl_389,17,West_exit,17,11,0.8,0
dl_389,3,West_exit_short,3,2,0.44,0
dl_390,4,,,,,
dl_390,2,East_exit,4,3,0.8,0
dl_390,15,East_exit_short,15,11,0.44,0
dl_390,12,East_exit_short,12,9,0.44,0
dl_390,17,West_exit,17,11,0.8,0
dl_390,3,West_exit_short,3,2,0.44,0
dl_391,4,,,,,
dl_391,2,East_exit,4,3,0.8,0
dl_391,15,East_exit_short,15,11,0.44,0
dl_391,17,West_exit,17,11,0.8,0
dl_391,3,West_exit_short,3,2,0.44,0
dl_391,11,East_exit_short,11,8,0.44,0
dl_392,4,,,,,
dl_392,2,East_exit,4,3,0.8,0
dl_392,15,East_exit_short,15,11,0.44,0
dl_392,17,West_exit,17,11,0.8,0
dl_392,3,West_exit_short,3,2,0.44,0
dl_392,10,East_exit_short,10,7,0.44,0
dl_393,4,,,,,
dl_393,2,East_exit,4,3,0.8,0
dl_393,15,East_exit_short,15,11,0.44,0
dl_393,17,West_exit,17,11,0.8,0
dl_393,3,West_exit_short,3,2,0.44,0
dl_393,9,East_exit_short,9,7,0.44,0
dl_394,4,,,,,
dl_394,2,East_exit,4,3,0.8,0
dl_394,15,East_exit_short,15,11,0.44,0
dl_394,17,West_exit,17,11,0.8,0
dl_394,3,West_exit_short,3,2,0.44,0
dl_394,8,East_exit_short,8,6,0.44,0
dl_395,4,,,,,
dl_395,8,East_exit,10,7,0.8,0
dl_395,14,East_exit_short,14,10,0.44,0
dl_395,13,East_exit_short,13,9,0.44,0
dl_395,17,West_exit,17,11,0.8,0
dl_395,10,East_exit,10,7,0.8,0
dl_395,5,East_exit,7,5,0.8,0
dl_395,7,East_exit,7,5,0.8,0
dl_396,4,,,,,
dl_396,8,East_exit,10,7,0.8,0
dl_396,14,East_exit_short,14,10,0.44,0
dl_396,13,East_exit_short,13,9,0.44,0
dl_396,17,West_exit,17,11,0.8,0
dl_396,10,East_exit,10,7,0.8,0
dl_396,6,East_exit,6,5,0.8,0
dl_396,5,East_exit,6,5,0.8,0
dl_397,4,,,,,
dl_397,8,East_exit,10,7,0.8,0
dl_397,10,East_exit,10,7,0.8,0
dl_397,14,East_exit_short,14,10,0.44,0
dl_397,13,East_exit_short,13,9,0.44,0
dl_397,17,West_exit,17,11,0.8,0
dl_397,5,East_exit,5,4,0.8,0
dl_398,3,,,,,
dl_398,14,East_exit_short,14,10,0.44,0
dl_398,13,East_exit_short,13,9,0.44,0
dl_398,17,West_exit,17,11,0.8,0
dl_398,8,East_exit,10,7,0.8,0
dl_398,10,East_exit,10,7,0.8,0
dl_399,4,,,,,
dl_399,8,East_exit,9,7,0.8,0
dl_399,14,East_exit_short,14,10,0.44,0
dl_399,13,East_exit_short,13,9,0.44,0
dl_399,17,West_exit,17,11,0.8,0
dl_399,9,East_exit,9,7,0.8,0
dl_399,5,East_exit,7,5,0.8,0
dl_399,7,East_exit,7,5,0.8,0
dl_400,4,,,,,
dl_400,8,East_exit,9,7,0.8,0
dl_400,14,East_exit_short,14,10,0.44,0
dl_400,13,East_exit_short,13,9,0.44,0
dl_400,17,West_exit,17,11,0.8,0
dl_400,9,East_exit,9,7,0.8,0
dl_400,6,East_exit,6,5,0.8,0
dl_400,5,East_exit,6,5,0.8,0
dl_401,4,,,,,
dl_401,8,East_exit,9,7,0.8,0
dl_401,9,East_exit,9,7,0.8,0
dl_401,14,East_exit_short,14,10,0.44,0
dl_401,13,East_exit_short,13,9,0.44,0
dl_401,17,West_exit,17,11,0.8,0
dl_401,5,East_exit,5,4,0.8,0
dl_402,3,,,,,
dl_402,14,East_exit_short,14,10,0.44,0
dl_402,13,East_exit_short,13,9,0.44,0
dl_402,17,West_exit,17,11,0.8,0
dl_402,9,East_exit,9,7,0.8,0
dl_402,8,East_exit,9,7,0.8,0
dl_403,4,,,,,
dl_403,8,East_exit,8,6,0.8,0
dl_403,14,East_exit_short,14,10,0.44,0
dl_403,13,East_exit_short,13,9,0.44,0
dl_403,17,West_exit,17,11,0.8,0
dl_403,5,East_exit,7,5,0.8,0
dl_403,7,East_exit,7,5,0.8,0
dl_404,4,,,,,
dl_404,8,East_exit,8,6,0.8,0
dl_404,14,East_exit_short,14,10,0.44,0
dl_404,13,East_exit_short,13,9,0.44,0
dl_404,17,West_exit,17,11,0.8,0
dl_404,6,East_exit,6,5,0.8,0
dl_404,5,East_exit,6,5,0.8,0
dl_405,4,,,,,
dl_405,8,East_exit,8,6,0.8,0
dl_405,14,East_exit_short,14,10,0.44,0
dl_405,13,East_exit_short,13,9,0.44,0
dl_405,17,West_exit,17,11,0.8,0
dl_405,5,East_exit,5,4,0.8,0
dl_406,3,,,,,
dl_406,14,East_exit_short,14,10,0.44,0
dl_406,13,East_exit_short,13,9,0.44,0
dl_406,17,West_exit,17,11,0.8,0
dl_406,8,East_exit,8,6,0.8,0
dl_407,3,,,,,
dl_407,14,East_exit_short,14,10,0.44,0
dl_407,13,East_exit_short,13,9,0.44,0
dl_407,17,West_exit,17,11,0.8,0
dl_407,5,East_exit,7,5,0.8,0
dl_407,7,East_exit,7,5,0.8,0
dl_408,3,,,,,
dl_408,14,East_exit_short,14,10,0.44,0
dl_408,13,East_exit_short,13,9,0.44,0
dl_408,17,West_exit,17,11,0.8,0
dl_408,6,East_exit,6,5,0.8,0
dl_408,5,East_exit,6,5,0.8,0
dl_409,3,,,,,
dl_409,14,East_exit_short,14,10,0.44,0
dl_409,13,East_exit_short,13,9,0.44,0
dl_409,17,West_exit,17,11,0.8,0
dl_409,5,East_exit,5,4,0.8,0
dl_410,4,,,,,
dl_410,8,East_exit,10,7,0.8,0
dl_410,14,East_exit_short,14,10,0.44,0
dl_410,12,East_exit_short,12,9,0.44,0
dl_410,17,West_exit,17,11,0.8,0
dl_410,10,East_exit,10,7,0.8,0
dl_410,5,East_exit,7,5,0.8,0
dl_410,7,East_exit,7,5,0.8,0
dl_411,4,,,,,
dl_411,8,East_exit,10,7,0.8,0
dl_411,14,East_exit_short,14,10,0.44,0
dl_411,12,East_exit_short,12,9,0.44,0
dl_411,17,West_exit,17,11,0.8,0
dl_411,10,East_exit,10,7,0.8,0
dl_411,6,East_exit,6,5,0.8,0
dl_411,5,East_exit,6,5,0.8,0
dl_412,4,,,,,
dl_412,8,East_exit,10,7,0.8,0
dl_412,10,East_exit,10,7,0.8,0
dl_412,14,East_exit_short,14,10,0.44,0
dl_412,12,East_exit_short,12,9,0.44,0
dl_412,17,West_exit,17,11,0.8,0
dl_412,5,East_exit,5,4,0.8,0
dl_413,3,,,,,
dl_413,14,East_exit_short,14,10,0.44,0
dl_413,12,East_exit_short,12,9,0.44,0
dl_413,17,West_exit,17,11,0.8,0
dl_413,8,East_exit,10,7,0.8,0
dl_413,10,East_exit,10,7,0.8,0
dl_414,4,,,,,
dl_414,8,East_exit,9,7,0.8,0
dl_414,14,East_exit_short,14,10,0.44,0
dl_414,12,East_exit_short,12,9,0.44,0
dl_414,17,West_exit,17,11,0.8,0
dl_414,9,East_exit,9,7,0.8,0
dl_414,5,East_exit,7,5,0.8,0
dl_414,7,East_exit,7,5,0.8,0
dl_415,4,,,,,
dl_415,8,East_exit,9,7,0.8,0
dl_415,14,East_exit_short,14,10,0.44,0
dl_415,12,East_exit_short,12,9,0.44,0
dl_415,17,West_exit,17,11,0.8,0
dl_415,9,East_exit,9,7,0.8,0
dl_415,6,East_exit,6,5,0.8,0
dl_415,5,East_exit,6,5,0.8,0
dl_416,4,,,,,
dl_416,8,East_exit,9,7,0.8,0
dl_416,9,East_exit,9,7,0.8,0
dl_416,14,East_exit_short,14,10,0.44,0
dl_416,12,East_exit_short,12,9,0.44,0
dl_416,17,West_exit,17,11,0.8,0
dl_416,5,East_exit,5,4,0.8,0
dl_417,3,,,,,
dl_417,14,East_exit_short,14,10,0.44,0
dl_417,12,East_exit_short,12,9,0.44,0
dl_417,17,West_exit,17,11,0.8,0
dl_417,9,East_exit,9,7,0.8,0
dl_417,8,East_exit,9,7,0.8,0
dl_418,4,,,,,
dl_418,8,East_exit,8,6,0.8,0
dl_418,14,East_exit_short,14,10,0.44,0
dl_418,12,East_exit_short,12,9,0.44,0
dl_418,17,West_exit,17,11,0.8,0
dl_418,5,East_exit,7,5,0.8,0
dl_418,7,East_exit,7,5,0.8,0
dl_419,4,,,,,
dl_419,8,East_exit,8,6,0.8,0
dl_419,14,East_exit_short,14,10,0.44,0
dl_419,12,East_exit_short,12,9,0.44,0
dl_419,17,West_exit,17,11,0.8,0
dl_419,6,East_exit,6,5,0.8,0
dl_419,5,East_exit,6,5,0.8,0
dl_420,4,,,,,
dl_420,8,East_exit,8,6,0.8,0
dl_420,14,East_exit_short,14,10,0.44,0
dl_420,12,East_exit_short,12,9,0.44,0
dl_420,17,West_exit,17,11,0.8,0
dl_420,5,East_exit,5,4,0.8,0
dl_421,3,,,,,
dl_421,14,East_exit_short,14,10,0.44,0
dl_421,12,East_exit_short,12,9,0.44,0
dl_421,17,West_exit,17,11,0.8,0
dl_421,8,East_exit,8,6,0.8,0
dl_422,3,,,,,
dl_422,14,East_exit_short,14,10,0.44,0
dl_422,12,East_exit_short,12,9,0.44,0
dl_422,17,West_exit,17,11,0.8,0
dl_422,5,East_exit,7,5,0.8,0
dl_422,7,East_exit,7,5,0.8,0
dl_423,3,,,,,
dl_423,14,East_exit_short,14,10,0.44,0
dl_423,12,East_exit_short,12,9,0.44,0
dl_423,17,West_exit,17,11,0.8,0
dl_423,6,East_exit,6,5,0.8,0
dl_423,5,East_exit,6,5,0.8,0
dl_424,3,,,,,
dl_424,14,East_exit_short,14,10,0.44,0
dl_424,12,East_exit_short,12,9,0.44,0
dl_424,17,West_exit,17,11,0.8,0
dl_424,5,East_exit,5,4,0.8,0
dl_425,4,,,,,
dl_425,8,East_exit,10,7,0.8,0
dl_425,14,East_exit_short,14,10,0.44,0
dl_425,10,East_exit,10,7,0.8,0
dl_425,17,West_exit,17,11,0.8,0
dl_425,5,East_exit,7,5,0.8,0
dl_425,7,East_exit,7,5,0.8,0
dl_425,11,East_exit_short,11,8,0.44,0
dl_426,4,,,,,
dl_426,8,East_exit,10,7,0.8,0
dl_426,14,East_exit_short,14,10,0.44,0
dl_426,10,East_exit,10,7,0.8,0
dl_426,17,West_exit,17,11,0.8,0
dl_426,6,East_exit,6,5,0.8,0
dl_426,5,East_exit,6,5,0.8,0
dl_426,11,East_exit_short,11,8,0.44,0
dl_427,4,,,,,
dl_427,8,East_exit,10,7,0.8,0
dl_427,10,East_exit,10,7,0.8,0
dl_427,14,East_exit_short,14,10,0.44,0
dl_427,17,West_exit,17,11,0.8,0
dl_427,11,East_exit_short,11,8,0.44,0
dl_427,5,East_exit,5,4,0.8,0
dl_428,3,,,,,
dl_428,14,East_exit_short,14,10,0.44,0
dl_428,17,West_exit,17,11,0.8,0
dl_428,8,East_exit,10,7,0.8,0
dl_428,10,East_exit,10,7,0.8,0
dl_428,11,East_exit_short,11,8,0.44,0
dl_429,4,,,,,
dl_429,8,East_exit,9,7,0.8,0
dl_429,14,East_exit_short,14,10,0.44,0
dl_429,9,East_exit,9,7,0.8,0
dl_429,17,West_exit,17,11,0.8,0
dl_429,5,East_exit,7,5,0.8,0
dl_429,7,East_exit,7,5,0.8,0
dl_429,11,East_exit_short,11,8,0.44,0
dl_430,4,,,,,
dl_430,8,East_exit,9,7,0.8,0
dl_430,14,East_exit_short,14,10,0.44,0
dl_430,9,East_exit,9,7,0.8,0
dl_430,17,West_exit,17,11,0.8,0
dl_430,6,East_exit,6,5,0.8,0
dl_430,5,East_exit,6,5,0.8,0
dl_430,11,East_exit_short,11,8,0.44,0
dl_431,4,,,,,
dl_431,8,East_exit,9,7,0.8,0
dl_431,9,East_exit,9,7,0.8,0
dl_431,14,East_exit_short,14,10,0.44,0
dl_431,17,West_exit,17,11,0.8,0
dl_431,11,East_exit_short,11,8,0.44,0
dl_431,5,East_exit,5,4,0.8,0
dl_432,3,,,,,
dl_432,14,East_exit_short,14,10,0.44,0
dl_432,17,West_exit,17,11,0.8,0
dl_432,9,East_exit,9,7,0.8,0
dl_432,8,East_exit,9,7,0.8,0
dl_432,11,East_exit_short,11,8,0.44,0
dl_433,4,,,,,
dl_433,8,East_exit,8,6,0.8,0
dl_433,14,East_exit_short,14,10,0.44,0
dl_433,17,West_exit,17,11,0.8,0
dl_433,5,East_exit,7,5,0.8,0
dl_433,7,East_exit,7,5,0.8,0
dl_433,11,East_exit_short,11,8,0.44,0
dl_434,4,,,,,
dl_434,8,East_exit,8,6,0.8,0
dl_434,14,East_exit_short,14,10,0.44,0
dl_434,17,West_exit,17,11,0.8,0
dl_434,6,East_exit,6,5,0.8,0
dl_434,5,East_exit,6,5,0.8,0
dl_434,11,East_exit_short,11,8,0.44,0
dl_435,4,,,,,
dl_435,8,East_exit,8,6,0.8,0
dl_435,14,East_exit_short,14,10,0.44,0
dl_435,17,West_exit,17,11,0.8,0
dl_435,11,East_exit_short,11,8,0.44,0
dl_435,5,East_exit,5,4,0.8,0
dl_436,3,,,,,
dl_436,14,East_exit_short,14,10,0.44,0
dl_436,17,West_exit,17,11,0.8,0
dl_436,8,East_exit,8,6,0.8,0
dl_436,11,East_exit_short,11,8,0.44,0
dl_437,3,,,,,
dl_437,14,East_exit_short,14,10,0.44,0
dl_437,17,West_exit,17,11,0.8,0
dl_437,5,East_exit,7,5,0.8,0
dl_437,7,East_exit,7,5,0.8,0
dl_437,11,East_exit_short,11,8,0.44,0
dl_438,3,,,,,
dl_438,14,East_exit_short,14,10,0.44,0
dl_438,17,West_exit,17,11,0.8,0
dl_438,6,East_exit,6,5,0.8,0
dl_438,5,East_exit,6,5,0.8,0
dl_438,11,East_exit_short,11,8,0.44,0
dl_439,3,,,,,
dl_439,14,East_exit_short,14,10,0.44,0
dl_439,17,West_exit,17,11,0.8,0
dl_439,5,East_exit,5,4,0.8,0
dl_439,11,East_exit_short,11,8,0.44,0
dl_440,3,,,,,
dl_440,14,East_exit_short,14,10,0.44,0
dl_440,17,West_exit,17,11,0.8,0
dl_440,5,East_exit,7,5,0.8,0
dl_440,7,East_exit,7,5,0.8,0
dl_440,10,East_exit_short,10,7,0.44,0
dl_441,3,,,,,
dl_441,14,East_exit_short,14,10,0.44,0
dl_441,17,West_exit,17,11,0.8,0
dl_441,6,East_exit,6,5,0.8,0
dl_441,5,East_exit,6,5,0.8,0
dl_441,10,East_exit_short,10,7,0.44,0
dl_442,3,,,,,
dl_442,14,East_exit_short,14,10,0.44,0
dl_442,17,West_exit,17,11,0.8,0
dl_442,5,East_exit,5,4,0.8,0
dl_442,10,East_exit_short,10,7,0.44,0
dl_443,3,,,,,
dl_443,14,East_exit_short,14,10,0.44,0
dl_443,17,West_exit,17,11,0.8,0
dl_443,5,East_exit,7,5,0.8,0
dl_443,7,East_exit,7,5,0.8,0
dl_443,9,East_exit_short,9,7,0.44,0
dl_444,3,,,,,
dl_444,14,East_exit_short,14,10,0.44,0
dl_444,17,West_exit,17,11,0.8,0
dl_444,6,East_exit,6,5,0.8,0
dl_444,5,East_exit,6,5,0.8,0
dl_444,9,East_exit_short,9,7,0.44,0
dl_445,3,,,,,
dl_445,14,East_exit_short,14,10,0.44,0
dl_445,17,West_exit,17,11,0.8,0
dl_445,5,East_exit,5,4,0.8,0
dl_445,9,East_exit_short,9,7,0.44,0
dl_446,3,,,,,
dl_446,14,East_exit_short,14,10,0.44,0
dl_446,17,West_exit,17,11,0.8,0
dl_446,5,East_exit,7,5,0.8,0
dl_446,7,East_exit,7,5,0.8,0
dl_446,8,East_exit_short,8,6,0.44,0
dl_447,3,,,,,
dl_447,14,East_exit_short,14,10,0.44,0
dl_447,17,West_exit,17,11,0.8,0
dl_447,6,East_exit,6,5,0.8,0
dl_447,5,East_exit,6,5,0.8,0
dl_447,8,East_exit_short,8,6,0.44,0
dl_448,3,,,,,
dl_448,14,East_exit_short,14,10,0.44,0
dl_448,17,West_exit,17,11,0.8,0
dl_448,5,East_exit,5,4,0.8,0
dl_448,8,East_exit_short,8,6,0.44,0
dl_449,4,,,,,
dl_449,2,East_exit,4,3,0.8,0
dl_449,14,East_exit_short,14,10,0.44,0
dl_449,13,East_exit_short,13,9,0.44,0
dl_449,17,West_exit,17,11,0.8,0
dl_449,3,West_exit_short,3,2,0.44,0
dl_450,4,,,,,
dl_450,2,East_exit,4,3,0.8,0
dl_450,14,East_exit_short,14,10,0.44,0
dl_450,12,East_exit_short,12,9,0.44,0
dl_450,17,West_exit,17,11,0.8,0
dl_450,3,West_exit_short,3,2,0.44,0
dl_451,4,,,,,
dl_451,2,East_exit,4,3,0.8,0
dl_451,14,East_exit_short,14,10,0.44,0
dl_451,17,West_exit,17,11,0.8,0
dl_451,3,West_exit_short,3,2,0.44,0
dl_451,11,East_exit_short,11,8,0.44,0
dl_452,4,,,,,
dl_452,2,East_exit,4,3,0.8,0
dl_452,14,East_exit_short,14,10,0.44,0
dl_452,17,West_exit,17,11,0.8,0
dl_452,3,West_exit_short,3,2,0.44,0
dl_452,10,East_exit_short,10,7,0.44,0
dl_453,4,,,,,
dl_453,2,East_exit,4,3,0.8,0
dl_453,14,East_exit_short,14,10,0.44,0
dl_453,17,West_exit,17,11,0.8,0
dl_453,3,West_exit_short,3,2,0.44,0
dl_453,9,East_exit_short,9,7,0.44,0
dl_454,4,,,,,
dl_454,2,East_exit,4,3,0.8,0
dl_454,14,East_exit_short,14,10,0.44,0
dl_454,17,West_exit,17,11,0.8,0
dl_454,3,West_exit_short,3,2,0.44,0
dl_454,8,East_exit_short,8,6,0.44,0
dl_455,4,,,,,
dl_455,15,East_exit_short,15,11,0.44,0
dl_455,17,West_exit,16,10,0.8,0
dl_455,5,West_exit_short,5,3,0.44,0
dl_455,2,East_exit,4,3,0.8,0
dl_455,4,East_exit,4,3,0.8,0
dl_455,13,East_exit_short,13,9,0.44,0
dl_456,4,,,,,
dl_456,15,East_exit_short,15,11,0.44,0
dl_456,17,West_exit,16,10,0.8,0
dl_456,5,West_exit_short,5,3,0.44,0
dl_456,2,East_exit,4,3,0.8,0
dl_456,4,East_exit,4,3,0.8,0
dl_456,12,East_exit_short,12,9,0.44,0
dl_457,4,,,,,
dl_457,15,East_exit_short,15,11,0.44,0
dl_457,17,West_exit,16,10,0.8,0
dl_457,5,West_exit_short,5,3,0.44,0
dl_457,2,East_exit,4,3,0.8,0
dl_457,4,East_exit,4,3,0.8,0
dl_457,11,East_exit_short,11,8,0.44,0
dl_458,4,,,,,
dl_458,15,East_exit_short,15,11,0.44,0
dl_458,17,West_exit,16,10,0.8,0
dl_458,5,West_exit_short,5,3,0.44,0
dl_458,2,East_exit,4,3,0.8,0
dl_458,4,East_exit,4,3,0.8,0
dl_458,10,East_exit_short,10,7,0.44,0
dl_459,4,,,,,
dl_459,15,East_exit_short,15,11,0.44,0
dl_459,17,West_exit,16,10,0.8,0
dl_459,5,West_exit_short,5,3,0.44,0
dl_459,2,East_exit,4,3,0.8,0
dl_459,4,East_exit,4,3,0.8,0
dl_459,9,East_exit_short,9,7,0.44,0
dl_460,4,,,,,
dl_460,15,East_exit_short,15,11,0.44,0
dl_460,17,West_exit,16,10,0.8,0
dl_460,5,West_exit_short,5,3,0.44,0
dl_460,2,East_exit,4,3,0.8,0
dl_460,4,East_exit,4,3,0.8,0
dl_460,8,East_exit_short,8,6,0.44,0
dl_461,4,,,,,
dl_461,14,East_exit_short,14,10,0.44,0
dl_461,5,West_exit_short,5,3,0.44,0
dl_461,2,East_exit,4,3,0.8,0
dl_461,4,East_exit,4,3,0.8,0
dl_461,17,West_exit,16,10,0.8,0
dl_461,16,West_exit,16,10,0.8,0
dl_461,13,East_exit_short,13,9,0.44,0
dl_462,4,,,,,
dl_462,14,East_exit_short,14,10,0.44,0
dl_462,5,West_exit_short,5,3,0.44,0
dl_462,2,East_exit,4,3,0.8,0
dl_462,4,East_exit,4,3,0.8,0
dl_462,17,West_exit,16,10,0.8,0
dl_462,16,West_exit,16,10,0.8,0
dl_462,12,East_exit_short,12,9,0.44,0
dl_463,4,,,,,
dl_463,14,East_exit_short,14,10,0.44,0
dl_463,5,West_exit_short,5,3,0.44,0
dl_463,2,East_exit,4,3,0.8,0
dl_463,4,East_exit,4,3,0.8,0
dl_463,17,West_exit,16,10,0.8,0
dl_463,16,West_exit,16,10,0.8,0
dl_463,11,East_exit_short,11,8,0.44,0
dl_464,4,,,,,
dl_464,14,East_exit_short,14,10,0.44,0
dl_464,5,West_exit_short,5,3,0.44,0
dl_464,2,East_exit,4,3,0.8,0
dl_464,4,East_exit,4,3,0.8,0
dl_464,17,West_exit,16,10,0.8,0
dl_464,16,West_exit,16,10,0.8,0
dl_464,10,East_exit_short,10,7,0.44,0
dl_465,4,,,,,
dl_465,14,East_exit_short,14,10,0.44,0
dl_465,5,West_exit_short,5,3,0.44,0
dl_465,2,East_exit,4,3,0.8,0
dl_465,4,East_exit,4,3,0.8,0
dl_465,17,West_exit,16,10,0.8,0
dl_465,16,West_exit,16,10,0.8,0
dl_465,9,East_exit_short,9,7,0.44,0
dl_466,4,,,,,
dl_466,14,East_exit_short,14,10,0.44,0
dl_466,5,West_exit_short,5,3,0.44,0
dl_466,2,East_exit,4,3,0.8,0
dl_466,4,East_exit,4,3,0.8,0
dl_466,17,West_exit,16,10,0.8,0
dl_466,16,West_exit,16,10,0.8,0
dl_466,8,East_exit_short,8,6,0.44,0
dl_467,3,,,,,
dl_467,17,West_exit,15,10,0.8,0
dl_467,5,West_exit_short,5,3,0.44,0
dl_467,2,East_exit,4,3,0.8,0
dl_467,4,East_exit,4,3,0.8,0
dl_467,16,East_exit_short,16,11,0.44,0
dl_468,4,,,,,
dl_468,14,East_exit_short,14,10,0.44,0
dl_468,5,West_exit_short,5,3,0.44,0
dl_468,2,East_exit,4,3,0.8,0
dl_468,4,East_exit,4,3,0.8,0
dl_468,15,West_exit,15,10,0.8,0
dl_468,17,West_exit,15,10,0.8,0
dl_468,13,East_exit_short,13,9,0.44,0
dl_469,4,,,,,
dl_469,14,East_exit_short,14,10,0.44,0
dl_469,5,West_exit_short,5,3,0.44,0
dl_469,2,East_exit,4,3,0.8,0
dl_469,4,East_exit,4,3,0.8,0
dl_469,15,West_exit,15,10,0.8,0
dl_469,17,West_exit,15,10,0.8,0
dl_469,12,East_exit_short,12,9,0.44,0
dl_470,4,,,,,
dl_470,14,East_exit_short,14,10,0.44,0
dl_470,5,West_exit_short,5,3,0.44,0
dl_470,2,East_exit,4,3,0.8,0
dl_470,4,East_exit,4,3,0.8,0
dl_470,15,West_exit,15,10,0.8,0
dl_470,17,West_exit,15,10,0.8,0
dl_470,11,East_exit_short,11,8,0.44,0
dl_471,4,,,,,
dl_471,14,East_exit_short,14,10,0.44,0
dl_471,5,West_exit_short,5,3,0.44,0
dl_471,2,East_exit,4,3,0.8,0
dl_471,4,East_exit,4,3,0.8,0
dl_471,15,West_exit,15,10,0.8,0
dl_471,17,West_exit,15,10,0.8,0
dl_471,10,East_exit_short,10,7,0.44,0
dl_472,4,,,,,
dl_472,14,East_exit_short,14,10,0.44,0
dl_472,5,West_exit_short,5,3,0.44,0
dl_472,2,East_exit,4,3,0.8,0
dl_472,4,East_exit,4,3,0.8,0
dl_472,15,West_exit,15,10,0.8,0
dl_472,17,West_exit,15,10,0.8,0
dl_472,9,East_exit_short,9,7,0.44,0
dl_473,4,,,,,
dl_473,14,East_exit_short,14,10,0.44,0
dl_473,5,West_exit_short,5,3,0.44,0
dl_473,2,East_exit,4,3,0.8,0
dl_473,4,East_exit,4,3,0.8,0
dl_473,15,West_exit,15,10,0.8,0
dl_473,17,West_exit,15,10,0.8,0
dl_473,8,East_exit_short,8,6,0.44,0
dl_474,3,,,,,
dl_474,17,West_exit,17,11,0.8,0
dl_474,5,West_exit_short,5,3,0.44,0
dl_474,2,East_exit,4,3,0.8,0
dl_474,4,East_exit,4,3,0.8,0
dl_474,16,East_exit_short,16,11,0.44,0
dl_475,4,,,,,
dl_475,15,East_exit_short,15,11,0.44,0
dl_475,5,West_exit_short,5,3,0.44,0
dl_475,2,East_exit,4,3,0.8,0
dl_475,4,East_exit,4,3,0.8,0
dl_475,13,East_exit_short,13,9,0.44,0
dl_475,17,West_exit,17,11,0.8,0
dl_476,4,,,,,
dl_476,15,East_exit_short,15,11,0.44,0
dl_476,5,West_exit_short,5,3,0.44,0
dl_476,2,East_exit,4,3,0.8,0
dl_476,4,East_exit,4,3,0.8,0
dl_476,12,East_exit_short,12,9,0.44,0
dl_476,17,West_exit,17,11,0.8,0
dl_477,4,,,,,
dl_477,15,East_exit_short,15,11,0.44,0
dl_477,5,West_exit_short,5,3,0.44,0
dl_477,2,East_exit,4,3,0.8,0
dl_477,4,East_exit,4,3,0.8,0
dl_477,17,West_exit,17,11,0.8,0
dl_477,11,East_exit_short,11,8,0.44,0
dl_478,4,,,,,
dl_478,15,East_exit_short,15,11,0.44,0
dl_478,5,West_exit_short,5,3,0.44,0
dl_478,2,East_exit,4,3,0.8,0
dl_478,4,East_exit,4,3,0.8,0
dl_478,17,West_exit,17,11,0.8,0
dl_478,10,East_exit_short,10,7,0.44,0
dl_479,4,,,,,
dl_479,15,East_exit_short,15,11,0.44,0
dl_479,5,West_exit_short,5,3,0.44,0
dl_479,2,East_exit,4,3,0.8,0
dl_479,4,East_exit,4,3,0.8,0
dl_479,17,West_exit,17,11,0.8,0
dl_479,9,East_exit_short,9,7,0.44,0
dl_480,4,,,,,
dl_480,15,East_exit_short,15,11,0.44,0
dl_480,5,West_exit_short,5,3,0.44,0
dl_480,2,East_exit,4,3,0.8,0
dl_480,4,East_exit,4,3,0.8,0
dl_480,17,West_exit,17,11,0.8,0
dl_480,8,East_exit_short,8,6,0.44,0
dl_481,4,,,,,
dl_481,14,East_exit_short,14,10,0.44,0
dl_481,5,West_exit_short,5,3,0.44,0
dl_481,2,East_exit,4,3,0.8,0
dl_481,4,East_exit,4,3,0.8,0
dl_481,13,East_exit_short,13,9,0.44,0
dl_481,17,West_exit,17,11,0.8,0
dl_482,4,,,,,
dl_482,14,East_exit_short,14,10,0.44,0
dl_482,5,West_exit_short,5,3,0.44,0
dl_482,2,East_exit,4,3,0.8,0
dl_482,4,East_exit,4,3,0.8,0
dl_482,12,East_exit_short,12,9,0.44,0
dl_482,17,West_exit,17,11,0.8,0
dl_483,4,,,,,
dl_483,14,East_exit_short,14,10,0.44,0
dl_483,5,West_exit_short,5,3,0.44,0
dl_483,2,East_exit,4,3,0.8,0
dl_483,4,East_exit,4,3,0.8,0
dl_483,17,West_exit,17,11,0.8,0
dl_483,11,East_exit_short,11,8,0.44,0
dl_484,4,,,,,
dl_484,14,East_exit_short,14,10,0.44,0
dl_484,5,West_exit_short,5,3,0.44,0
dl_484,2,East_exit,4,3,0.8,0
dl_484,4,East_exit,4,3,0.8,0
dl_484,17,West_exit,17,11,0.8,0
dl_484,10,East_exit_short,10,7,0.44,0
dl_485,4,,,,,
dl_485,14,East_exit_short,14,10,0.44,0
dl_485,5,West_exit_short,5,3,0.44,0
dl_485,2,East_exit,4,3,0.8,0
dl_485,4,East_exit,4,3,0.8,0
dl_485,17,West_exit,17,11,0.8,0
dl_485,9,East_exit_short,9,7,0.44,0
dl_486,4,,,,,
dl_486,14,East_exit_short,14,10,0.44,0
dl_486,5,West_exit_short,5,3,0.44,0
dl_486,2,East_exit,4,3,0.8,0
dl_486,4,East_exit,4,3,0.8,0
dl_486,17,West_exit,17,11,0.8,0
dl_486,8,East_exit_short,8,6,0.44,0
dl_487,3,,,,,
dl_487,17,West_exit,16,10,0.8,0
dl_487,16,West_exit,16,10,0.8,0
dl_487,5,East_exit,7,5,0.8,0
dl_487,7,East_exit,7,5,0.8,0
dl_487,10,East_exit_short,10,7,0.44,0
dl_487,13,East_exit_short,13,9,0.44,0
dl_488,3,,,,,
dl_488,17,West_exit,16,10,0.8,0
dl_488,16,West_exit,16,10,0.8,0
dl_488,6,East_exit,6,5,0.8,0
dl_488,5,East_exit,6,5,0.8,0
dl_488,10,East_exit_short,10,7,0.44,0
dl_488,13,East_exit_short,13,9,0.44,0
dl_489,3,,,,,
dl_489,17,West_exit,16,10,0.8,0
dl_489,16,West_exit,16,10,0.8,0
dl_489,5,East_exit,5,4,0.8,0
dl_489,10,East_exit_short,10,7,0.44,0
dl_489,13,East_exit_short,13,9,0.44,0
dl_490,3,,,,,
dl_490,17,West_exit,16,10,0.8,0
dl_490,16,West_exit,16,10,0.8,0
dl_490,5,East_exit,7,5,0.8,0
dl_490,7,East_exit,7,5,0.8,0
dl_490,9,East_exit_short,9,7,0.44,0
dl_490,13,East_exit_short,13,9,0.44,0
dl_491,3,,,,,
dl_491,17,West_exit,16,10,0.8,0
dl_491,16,West_exit,16,10,0.8,0
dl_491,6,East_exit,6,5,0.8,0
dl_491,5,East_exit,6,5,0.8,0
dl_491,9,East_exit_short,9,7,0.44,0
dl_491,13,East_exit_short,13,9,0.44,0
dl_492,3,,,,,
dl_492,17,West_exit,16,10,0.8,0
dl_492,16,West_exit,16,10,0.8,0
dl_492,5,East_exit,5,4,0.8,0
dl_492,9,East_exit_short,9,7,0.44,0
dl_492,13,East_exit_short,13,9,0.44,0
dl_493,3,,,,,
dl_493,17,West_exit,16,10,0.8,0
dl_493,16,West_exit,16,10,0.8,0
dl_493,5,East_exit,7,5,0.8,0
dl_493,7,East_exit,7,5,0.8,0
dl_493,8,East_exit_short,8,6,0.44,0
dl_493,13,East_exit_short,13,9,0.44,0
dl_494,3,,,,,
dl_494,17,West_exit,16,10,0.8,0
dl_494,16,West_exit,16,10,0.8,0
dl_494,6,East_exit,6,5,0.8,0
dl_494,5,East_exit,6,5,0.8,0
dl_494,8,East_exit_short,8,6,0.44,0
dl_494,13,East_exit_short,13,9,0.44,0
dl_495,3,,,,,
dl_495,17,West_exit,16,10,0.8,0
dl_495,16,West_exit,16,10,0.8,0
dl_495,5,East_exit,5,4,0.8,0
dl_495,8,East_exit_short,8,6,0.44,0
dl_495,13,East_exit_short,13,9,0.44,0
dl_496,4,,,,,
dl_496,2,East_exit,4,3,0.8,0
dl_496,17,West_exit,16,10,0.8,0
dl_496,16,West_exit,16,10,0.8,0
dl_496,3,West_exit_short,3,2,0.44,0
dl_496,10,East_exit_short,10,7,0.44,0
dl_496,13,East_exit_short,13,9,0.44,0
dl_497,4,,,,,
dl_497,2,East_exit,4,3,0.8,0
dl_497,17,West_exit,16,10,0.8,0
dl_497,16,West_exit,16,10,0.8,0
dl_497,3,West_exit_short,3,2,0.44,0
dl_497,9,East_exit_short,9,7,0.44,0
dl_497,13,East_exit_short,13,9,0.44,0
dl_498,4,,,,,
dl_498,2,East_exit,4,3,0.8,0
dl_498,17,West_exit,16,10,0.8,0
dl_498,16,West_exit,16,10,0.8,0
dl_498,3,West_exit_short,3,2,0.44,0
dl_498,8,East_exit_short,8,6,0.44,0
dl_498,13,East_exit_short,13,9,0.44,0
dl_499,3,,,,,
dl_499,15,West_exit,15,10,0.8,0
dl_499,17,West_exit,15,10,0.8,0
dl_499,5,East_exit,7,5,0.8,0
dl_499,7,East_exit,7,5,0.8,0
dl_499,10,East_exit_short,10,7,0.44,0
dl_499,13,East_exit_short,13,9,0.44,0
dl_500,3,,,,,
dl_500,15,West_exit,15,10,0.8,0
dl_500,17,West_exit,15,10,0.8,0
dl_500,6,East_exit,6,5,0.8,0
dl_500,5,East_exit,6,5,0.8,0
dl_500,10,East_exit_short,10,7,0.44,0
dl_500,13,East_exit_short,13,9,0.44,0
dl_501,3,,,,,
dl_501,15,West_exit,15,10,0.8,0
dl_501,17,West_exit,15,10,0.8,0
dl_501,5,East_exit,5,4,0.8,0
dl_501,10,East_exit_short,10,7,0.44,0
dl_501,13,East_exit_short,13,9,0.44,0
dl_502,3,,,,,
dl_502,15,West_exit,15,10,0.8,0
dl_502,17,West_exit,15,10,0.8,0
dl_502,5,East_exit,7,5,0.8,0
dl_502,7,East_exit,7,5,0.8,0
dl_502,9,East_exit_short,9,7,0.44,0
dl_502,13,East_exit_short,13,9,0.44,0
dl_503,3,,,,,
dl_503,15,West_exit,15,10,0.8,0
dl_503,17,West_exit,15,10,0.8,0
dl_503,6,East_exit,6,5,0.8,0
dl_503,5,East_exit,6,5,0.8,0
dl_503,9,East_exit_short,9,7,0.44,0
dl_503,13,East_exit_short,13,9,0.44,0
dl_504,3,,,,,
dl_504,15,West_exit,15,10,0.8,0
dl_504,17,West_exit,15,10,0.8,0
dl_504,5,East_exit,5,4,0.8,0
dl_504,9,East_exit_short,9,7,0.44,0
dl_504,13,East_exit_short,13,9,0.44,0
dl_505,3,,,,,
dl_505,15,West_exit,15,10,0.8,0
dl_505,17,West_exit,15,10,0.8,0
dl_505,5,East_exit,7,5,0.8,0
dl_505,7,East_exit,7,5,0.8,0
dl_505,8,East_exit_short,8,6,0.44,0
dl_505,13,East_exit_short,13,9,0.44,0
dl_506,3,,,,,
dl_506,15,West_exit,15,10,0.8,0
dl_506,17,West_exit,15,10,0.8,0
dl_506,6,East_exit,6,5,0.8,0
dl_506,5,East_exit,6,5,0.8,0
dl_506,8,East_exit_short,8,6,0.44,0
dl_506,13,East_exit_short,13,9,0.44,0
dl_507,3,,,,,
dl_507,15,West_exit,15,10,0.8,0
dl_507,17,West_exit,15,10,0.8,0
dl_507,5,East_exit,5,4,0.8,0
dl_507,8,East_exit_short,8,6,0.44,0
dl_507,13,East_exit_short,13,9,0.44,0
dl_508,4,,,,,
dl_508,2,East_exit,4,3,0.8,0
dl_508,15,West_exit,15,10,0.8,0
dl_508,17,West_exit,15,10,0.8,0
dl_508,3,West_exit_short,3,2,0.44,0
dl_508,10,East_exit_short,10,7,0.44,0
dl_508,13,East_exit_short,13,9,0.44,0
dl_509,4,,,,,
dl_509,2,East_exit,4,3,0.8,0
dl_509,15,West_exit,15,10,0.8,0
dl_509,17,West_exit,15,10,0.8,0
dl_509,3,West_exit_short,3,2,0.44,0
dl_509,9,East_exit_short,9,7,0.44,0
dl_509,13,East_exit_short,13,9,0.44,0
dl_510,4,,,,,
dl_510,2,East_exit,4,3,0.8,0
dl_510,15,West_exit,15,10,0.8,0
dl_510,17,West_exit,15,10,0.8,0
dl_510,3,West_exit_short,3,2,0.44,0
dl_510,8,East_exit_short,8,6,0.44,0
dl_510,13,East_exit_short,13,9,0.44,0
dl_511,3,,,,,
dl_511,17,West_exit,17,11,0.8,0
dl_511,5,East_exit,7,5,0.8,0
dl_511,7,East_exit,7,5,0.8,0
dl_511,10,East_exit_short,10,7,0.44,0
dl_511,13,East_exit_short,13,9,0.44,0
dl_512,3,,,,,
dl_512,17,West_exit,17,11,0.8,0
dl_512,6,East_exit,6,5,0.8,0
dl_512,5,East_exit,6,5,0.8,0
dl_512,10,East_exit_short,10,7,0.44,0
dl_512,13,East_exit_short,13,9,0.44,0
dl_513,3,,,,,
dl_513,17,West_exit,17,11,0.8,0
dl_513,5,East_exit,5,4,0.8,0
dl_513,10,East_exit_short,10,7,0.44,0
dl_513,13,East_exit_short,13,9,0.44,0
dl_514,3,,,,,
dl_514,17,West_exit,17,11,0.8,0
dl_514,5,East_exit,7,5,0.8,0
dl_514,7,East_exit,7,5,0.8,0
dl_514,9,East_exit_short,9,7,0.44,0
dl_514,13,East_exit_short,13,9,0.44,0
dl_515,3,,,,,
dl_515,17,West_exit,17,11,0.8,0
dl_515,6,East_exit,6,5,0.8,0
dl_515,5,East_exit,6,5,0.8,0
dl_515,9,East_exit_short,9,7,0.44,0
dl_515,13,East_exit_short,13,9,0.44,0
dl_516,3,,,,,
dl_516,17,West_exit,17,11,0.8,0
dl_516,5,East_exit,5,4,0.8,0
dl_516,9,East_exit_short,9,7,0.44,0
dl_516,13,East_exit_short,13,9,0.44,0
dl_517,3,,,,,
dl_517,17,West_exit,17,11,0.8,0
dl_517,5,East_exit,7,5,0.8,0
dl_517,7,East_exit,7,5,0.8,0
dl_517,8,East_exit_short,8,6,0.44,0
dl_517,13,East_exit_short,13,9,0.44,0
dl_518,3,,,,,
dl_518,17,West_exit,17,11,0.8,0
dl_518,6,East_exit,6,5,0.8,0
dl_518,5,East_exit,6,5,0.8,0
dl_518,8,East_exit_short,8,6,0.44,0
dl_518,13,East_exit_short,13,9,0.44,0
dl_519,3,,,,,
dl_519,17,West_exit,17,11,0.8,0
dl_519,5,East_exit,5,4,0.8,0
dl_519,8,East_exit_short,8,6,0.44,0
dl_519,13,East_exit_short,13,9,0.44,0
dl_520,4,,,,,
dl_520,2,East_exit,4,3,0.8,0
dl_520,17,West_exit,17,11,0.8,0
dl_520,3,West_exit_short,3,2,0.44,0
dl_520,10,East_exit_short,10,7,0.44,0
dl_520,13,East_exit_short,13,9,0.44,0
dl_521,4,,,,,
dl_521,2,East_exit,4,3,0.8,0
dl_521,17,West_exit,17,11,0.8,0
dl_521,3,West_exit_short,3,2,0.44,0
dl_521,9,East_exit_short,9,7,0.44,0
dl_521,13,East_exit_short,13,9,0.44,0
dl_522,4,,,,,
dl_522,2,East_exit,4,3,0.8,0
dl_522,17,West_exit,17,11,0.8,0
dl_522,3,West_exit_short,3,2,0.44,0
dl_522,8,East_exit_short,8,6,0.44,0
dl_522,13,East_exit_short,13,9,0.44,0
dl_523,4,,,,,
dl_523,5,West_exit_short,5,3,0.44,0
dl_523,2,East_exit,4,3,0.8,0
dl_523,4,East_exit,4,3,0.8,0
dl_523,17,West_exit,16,10,0.8,0
dl_523,16,West_exit,16,10,0.8,0
dl_523,10,East_exit_short,10,7,0.44,0
dl_523,13,East_exit_short,13,9,0.44,0
dl_524,4,,,,,
dl_524,5,West_exit_short,5,3,0.44,0
dl_524,2,East_exit,4,3,0.8,0
dl_524,4,East_exit,4,3,0.8,0
dl_524,17,West_exit,16,10,0.8,0
dl_524,16,West_exit,16,10,0.8,0
dl_524,9,East_exit_short,9,7,0.44,0
dl_524,13,East_exit_short,13,9,0.44,0
dl_525,4,,,,,
dl_525,5,West_exit_short,5,3,0.44,0
dl_525,2,East_exit,4,3,0.8,0
dl_525,4,East_exit,4,3,0.8,0
dl_525,17,West_exit,16,10,0.8,0
dl_525,16,West_exit,16,10,0.8,0
dl_525,8,East_exit_short,8,6,0.44,0
dl_525,13,East_exit_short,13,9,0.44,0
dl_526,4,,,,,
dl_526,5,West_exit_short,5,3,0.44,0
dl_526,2,East_exit,4,3,0.8,0
dl_526,4,East_exit,4,3,0.8,0
dl_526,15,West_exit,15,10,0.8,0
dl_526,17,West_exit,15,10,0.8,0
dl_526,10,East_exit_short,10,7,0.44,0
dl_526,13,East_exit_short,13,9,0.44,0
dl_527,4,,,,,
dl_527,5,West_exit_short,5,3,0.44,0
dl_527,2,East_exit,4,3,0.8,0
dl_527,4,East_exit,4,3,0.8,0
dl_527,15,West_exit,15,10,0.8,0
dl_527,17,West_exit,15,10,0.8,0
dl_527,9,East_exit_short,9,7,0.44,0
dl_527,13,East_exit_short,13,9,0.44,0
dl_528,4,,,,,
dl_528,5,West_exit_short,5,3,0.44,0
dl_528,2,East_exit,4,3,0.8,0
dl_528,4,East_exit,4,3,0.8,0
dl_528,15,West_exit,15,10,0.8,0
dl_528,17,West_exit,15,10,0.8,0
dl_528,8,East_exit_short,8,6,0.44,0
dl_528,13,East_exit_short,13,9,0.44,0
dl_529,4,,,,,
dl_529,5,West_exit_short,5,3,0.44,0
dl_529,2,East_exit,4,3,0.8,0
dl_529,4,East_exit,4,3,0.8,0
dl_529,17,West_exit,17,11,0.8,0
dl_529,10,East_exit_short,10,7,0.44,0
dl_529,13,East_exit_short,13,9,0.44,0
dl_530,4,,,,,
dl_530,5,West_exit_short,5,3,0.44,0
dl_530,2,East_exit,4,3,0.8,0
dl_530,4,East_exit,4,3,0.8,0
dl_530,17,West_exit,17,11,0.8,0
dl_530,9,East_exit_short,9,7,0.44,0
dl_530,13,East_exit_short,13,9,0.44,0
dl_531,4,,,,,
dl_531,5,West_exit_short,5,3,0.44,0
dl_531,2,East_exit,4,3,0.8,0
dl_531,4,East_exit,4,3,0.8,0
dl_531,17,West_exit,17,11,0.8,0
dl_531,8,East_exit_short,8,6,0.44,0
dl_531,13,East_exit_short,13,9,0.44,0
dl_532,3,,,,,
dl_532,17,West_exit,16,10,0.8,0
dl_532,16,West_exit,16,10,0.8,0
dl_532,5,East_exit,7,5,0.8,0
dl_532,7,East_exit,7,5,0.8,0
dl_532,10,East_exit_short,10,7,0.44,0
dl_532,12,East_exit_short,12,9,0.44,0
dl_533,3,,,,,
dl_533,17,West_exit,16,10,0.8,0
dl_533,16,West_exit,16,10,0.8,0
dl_533,6,East_exit,6,5,0.8,0
dl_533,5,East_exit,6,5,0.8,0
dl_533,10,East_exit_short,10,7,0.44,0
dl_533,12,East_exit_short,12,9,0.44,0
dl_534,3,,,,,
dl_534,17,West_exit,16,10,0.8,0
dl_534,16,West_exit,16,10,0.8,0
dl_534,5,East_exit,5,4,0.8,0
dl_534,10,East_exit_short,10,7,0.44,0
dl_534,12,East_exit_short,12,9,0.44,0
dl_535,3,,,,,
dl_535,17,West_exit,16,10,0.8,0
dl_535,16,West_exit,16,10,0.8,0
dl_535,5,East_exit,7,5,0.8,0
dl_535,7,East_exit,7,5,0.8,0
dl_535,9,East_exit_short,9,7,0.44,0
dl_535,12,East_exit_short,12,9,0.44,0
dl_536,3,,,,,
dl_536,17,West_exit,16,10,0.8,0
dl_536,16,West_exit,16,10,0.8,0
dl_536,6,East_exit,6,5,0.8,0
dl_536,5,East_exit,6,5,0.8,0
dl_536,9,East_exit_short,9,7,0.44,0
dl_536,12,East_exit_short,12,9,0.44,0
dl_537,3,,,,,
dl_537,17,West_exit,16,10,0.8,0
dl_537,16,West_exit,16,10,0.8,0
dl_537,5,East_exit,5,4,0.8,0
dl_537,9,East_exit_short,9,7,0.44,0
dl_537,12,East_exit_short,12,9,0.44,0
dl_538,3,,,,,
dl_538,17,West_exit,16,10,0.8,0
dl_538,16,West_exit,16,10,0.8,0
dl_538,5,East_exit,7,5,0.8,0
dl_538,7,East_exit,7,5,0.8,0
dl_538,8,East_exit_short,8,6,0.44,0
dl_538,12,East_exit_short,12,9,0.44,0
dl_539,3,,,,,
dl_539,17,West_exit,16,10,0.8,0
dl_539,16,West_exit,16,10,0.8,0
dl_539,6,East_exit,6,5,0.8,0
dl_539,5,East_exit,6,5,0.8,0
dl_539,8,East_exit_short,8,6,0.44,0
dl_539,12,East_exit_short,12,9,0.44,0
dl_540,3,,,,,
dl_540,17,West_exit,16,10,0.8,0
dl_540,16,West_exit,16,10,0.8,0
dl_540,5,East_exit,5,4,0.8,0
dl_540,8,East_exit_short,8,6,0.44,0
dl_540,12,East_exit_short,12,9,0.44,0
dl_541,4,,,,,
dl_541,2,East_exit,4,3,0.8,0
dl_541,17,West_exit,16,10,0.8,0
dl_541,16,West_exit,16,10,0.8,0
dl_541,3,West_exit_short,3,2,0.44,0
dl_541,10,East_exit_short,10,7,0.44,0
dl_541,12,East_exit_short,12,9,0.44,0
dl_542,4,,,,,
dl_542,2,East_exit,4,3,0.8,0
dl_542,17,West_exit,16,10,0.8,0
dl_542,16,West_exit,16,10,0.8,0
dl_542,3,West_exit_short,3,2,0.44,0
dl_542,9,East_exit_short,9,7,0.44,0
dl_542,12,East_exit_short,12,9,0.44,0
dl_543,4,,,,,
dl_543,2,East_exit,4,3,0.8,0
dl_543,17,West_exit,16,10,0.8,0
dl_543,16,West_exit,16,10,0.8,0
dl_543,3,West_exit_short,3,2,0.44,0
dl_543,8,East_exit_short,8,6,0.44,0
dl_543,12,East_exit_short,12,9,0.44,0
dl_544,3,,,,,
dl_544,15,West_exit,15,10,0.8,0
dl_544,17,West_exit,15,10,0.8,0
dl_544,5,East_exit,7,5,0.8,0
dl_544,7,East_exit,7,5,0.8,0
dl_544,10,East_exit_short,10,7,0.44,0
dl_544,12,East_exit_short,12,9,0.44,0
dl_545,3,,,,,
dl_545,15,West_exit,15,10,0.8,0
dl_545,17,West_exit,15,10,0.8,0
dl_545,6,East_exit,6,5,0.8,0
dl_545,5,East_exit,6,5,0.8,0
dl_545,10,East_exit_short,10,7,0.44,0
dl_545,12,East_exit_short,12,9,0.44,0
dl_546,3,,,,,
dl_546,15,West_exit,15,10,0.8,0
dl_546,17,West_exit,15,10,0.8,0
dl_546,5,East_exit,5,4,0.8,0
dl_546,10,East_exit_short,10,7,0.44,0
dl_546,12,East_exit_short,12,9,0.44,0
dl_547,3,,,,,
dl_547,15,West_exit,15,10,0.8,0
dl_547,17,West_exit,15,10,0.8,0
dl_547,5,East_exit,7,5,0.8,0
dl_547,7,East_exit,7,5,0.8,0
dl_547,9,East_exit_short,9,7,0.44,0
dl_547,12,East_exit_short,12,9,0.44,0
dl_548,3,,,,,
dl_548,15,West_exit,15,10,0.8,0
dl_548,17,West_exit,15,10,0.8,0
dl_548,6,East_exit,6,5,0.8,0
dl_548,5,East_exit,6,5,0.8,0
dl_548,9,East_exit_short,9,7,0.44,0
dl_548,12,East_exit_short,12,9,0.44,0
dl_549,3,,,,,
dl_549,15,West_exit,15,10,0.8,0
dl_549,17,West_exit,15,10,0.8,0
dl_549,5,East_exit,5,4,0.8,0
dl_549,9,East_exit_short,9,7,0.44,0
dl_549,12,East_exit_short,12,9,0.44,0
dl_550,3,,,,,
dl_550,15,West_exit,15,10,0.8,0
dl_550,17,West_exit,15,10,0.8,0
dl_550,5,East_exit,7,5,0.8,0
dl_550,7,East_exit,7,5,0.8,0
dl_550,8,East_exit_short,8,6,0.44,0
dl_550,12,East_exit_short,12,9,0.44,0
dl_551,3,,,,,
dl_551,15,West_exit,15,10,0.8,0
dl_551,17,West_exit,15,10,0.8,0
dl_551,6,East_exit,6,5,0.8,0
dl_551,5,East_exit,6,5,0.8,0
dl_551,8,East_exit_short,8,6,0.44,0
dl_551,12,East_exit_short,12,9,0.44,0
dl_552,3,,,,,
dl_552,15,West_exit,15,10,0.8,0
dl_552,17,West_exit,15,10,0.8,0
dl_552,5,East_exit,5,4,0.8,0
dl_552,8,East_exit_short,8,6,0.44,0
dl_552,12,East_exit_short,12,9,0.44,0
dl_553,4,,,,,
dl_553,2,East_exit,4,3,0.8,0
dl_553,15,West_exit,15,10,0.8,0
dl_553,17,West_exit,15,10,0.8,0
dl_553,3,West_exit_short,3,2,0.44,0
dl_553,10,East_exit_short,10,7,0.44,0
dl_553,12,East_exit_short,12,9,0.44,0
dl_554,4,,,,,
dl_554,2,East_exit,4,3,0.8,0
dl_554,15,West_exit,15,10,0.8,0
dl_554,17,West_exit,15,10,0.8,0
dl_554,3,West_exit_short,3,2,0.44,0
dl_554,9,East_exit_short,9,7,0.44,0
dl_554,12,East_exit_short,12,9,0.44,0
dl_555,4,,,,,
dl_555,2,East_exit,4,3,0.8,0
dl_555,15,West_exit,15,10,0.8,0
dl_555,17,West_exit,15,10,0.8,0
dl_555,3,West_exit_short,3,2,0.44,0
dl_555,8,East_exit_short,8,6,0.44,0
dl_555,12,East_exit_short,12,9,0.44,0
dl_556,3,,,,,
dl_556,17,West_exit,17,11,0.8,0
dl_556,5,East_exit,7,5,0.8,0
dl_556,7,East_exit,7,5,0.8,0
dl_556,10,East_exit_short,10,7,0.44,0
dl_556,12,East_exit_short,12,9,0.44,0
dl_557,3,,,,,
dl_557,17,West_exit,17,11,0.8,0
dl_557,6,East_exit,6,5,0.8,0
dl_557,5,East_exit,6,5,0.8,0
dl_557,10,East_exit_short,10,7,0.44,0
dl_557,12,East_exit_short,12,9,0.44,0
dl_558,3,,,,,
dl_558,17,West_exit,17,11,0.8,0
dl_558,5,East_exit,5,4,0.8,0
dl_558,10,East_exit_short,10,7,0.44,0
dl_558,12,East_exit_short,12,9,0.44,0
dl_559,3,,,,,
dl_559,17,West_exit,17,11,0.8,0
dl_559,5,East_exit,7,5,0.8,0
dl_559,7,East_exit,7,5,0.8,0
dl_559,9,East_exit_short,9,7,0.44,0
dl_559,12,East_exit_short,12,9,0.44,0
dl_560,3,,,,,
dl_560,17,West_exit,17,11,0.8,0
dl_560,6,East_exit,6,5,0.8,0
dl_560,5,East_exit,6,5,0.8,0
dl_560,9,East_exit_short,9,7,0.44,0
dl_560,12,East_exit_short,12,9,0.44,0
dl_561,3,,,,,
dl_561,17,West_exit,17,11,0.8,0
dl_561,5,East_exit,5,4,0.8,0
dl_561,9,East_exit_short,9,7,0.44,0
dl_561,12,East_exit_short,12,9,0.44,0
dl_562,3,,,,,
dl_562,17,West_exit,17,11,0.8,0
dl_562,5,East_exit,7,5,0.8,0
dl_562,7,East_exit,7,5,0.8,0
dl_562,8,East_exit_short,8,6,0.44,0
dl_562,12,East_exit_short,12,9,0.44,0
dl_563,3,,,,,
dl_563,17,West_exit,17,11,0.8,0
dl_563,6,East_exit,6,5,0.8,0
dl_563,5,East_exit,6,5,0.8,0
dl_563,8,East_exit_short,8,6,0.44,0
dl_563,12,East_exit_short,12,9,0.44,0
dl_564,3,,,,,
dl_564,17,West_exit,17,11,0.8,0
dl_564,5,East_exit,5,4,0.8,0
dl_564,8,East_exit_short,8,6,0.44,0
dl_564,12,East_exit_short,12,9,0.44,0
dl_565,4,,,,,
dl_565,2,East_exit,4,3,0.8,0
dl_565,17,West_exit,17,11,0.8,0
dl_565,3,West_exit_short,3,2,0.44,0
dl_565,10,East_exit_short,10,7,0.44,0
dl_565,12,East_exit_short,12,9,0.44,0
dl_566,4,,,,,
dl_566,2,East_exit,4,3,0.8,0
dl_566,17,West_exit,17,11,0.8,0
dl_566,3,West_exit_short,3,2,0.44,0
dl_566,9,East_exit_short,9,7,0.44,0
dl_566,12,East_exit_short,12,9,0.44,0
dl_567,4,,,,,
dl_567,2,East_exit,4,3,0.8,0
dl_567,17,West_exit,17,11,0.8,0
dl_567,3,West_exit_short,3,2,0.44,0
dl_567,8,East_exit_short,8,6,0.44,0
dl_567,12,East_exit_short,12,9,0.44,0
dl_568,4,,,,,
dl_568,5,West_exit_short,5,3,0.44,0
dl_568,2,East_exit,4,3,0.8,0
dl_568,4,East_exit,4,3,0.8,0
dl_568,17,West_exit,16,10,0.8,0
dl_568,16,West_exit,16,10,0.8,0
dl_568,10,East_exit_short,10,7,0.44,0
dl_568,12,East_exit_short,12,9,0.44,0
dl_569,4,,,,,
dl_569,5,West_exit_short,5,3,0.44,0
dl_569,2,East_exit,4,3,0.8,0
dl_569,4,East_exit,4,3,0.8,0
dl_569,17,West_exit,16,10,0.8,0
dl_569,16,West_exit,16,10,0.8,0
dl_569,9,East_exit_short,9,7,0.44,0
dl_569,12,East_exit_short,12,9,0.44,0
dl_570,4,,,,,
dl_570,5,West_exit_short,5,3,0.44,0
dl_570,2,East_exit,4,3,0.8,0
dl_570,4,East_exit,4,3,0.8,0
dl_570,17,West_exit,16,10,0.8,0
dl_570,16,West_exit,16,10,0.8,0
dl_570,8,East_exit_short,8,6,0.44,0
dl_570,12,East_exit_short,12,9,0.44,0
dl_571,4,,,,,
dl_571,5,West_exit_short,5,3,0.44,0
dl_571,2,East_exit,4,3,0.8,0
dl_571,4,East_exit,4,3,0.8,0
dl_571,15,West_exit,15,10,0.8,0
dl_571,17,West_exit,15,10,0.8,0
dl_571,10,East_exit_short,10,7,0.44,0
dl_571,12,East_exit_short,12,9,0.44,0
dl_572,4,,,,,
dl_572,5,West_exit_short,5,3,0.44,0
dl_572,2,East_exit,4,3,0.8,0
dl_572,4,East_exit,4,3,0.8,0
dl_572,15,West_exit,15,10,0.8,0
dl_572,17,West_exit,15,10,0.8,0
dl_572,9,East_exit_short,9,7,0.44,0
dl_572,12,East_exit_short,12,9,0.44,0
dl_573,4,,,,,
dl_573,5,West_exit_short,5,3,0.44,0
dl_573,2,East_exit,4,3,0.8,0
dl_573,4,East_exit,4,3,0.8,0
dl_573,15,West_exit,15,10,0.8,0
dl_573,17,West_exit,15,10,0.8,0
dl_573,8,East_exit_short,8,6,0.44,0
dl_573,12,East_exit_short,12,9,0.44,0
dl_574,4,,,,,
dl_574,5,West_exit_short,5,3,0.44,0
dl_574,2,East_exit,4,3,0.8,0
dl_574,4,East_exit,4,3,0.8,0
dl_574,17,West_exit,17,11,0.8,0
dl_574,10,East_exit_short,10,7,0.44,0
dl_574,12,East_exit_short,12,9,0.44,0
dl_575,4,,,,,
dl_575,5,West_exit_short,5,3,0.44,0
dl_575,2,East_exit,4,3,0.8,0
dl_575,4,East_exit,4,3,0.8,0
dl_575,17,West_exit,17,11,0.8,0
dl_575,9,East_exit_short,9,7,0.44,0
dl_575,12,East_exit_short,12,9,0.44,0
dl_576,4,,,,,
dl_576,5,West_exit_short,5,3,0.44,0
dl_576,2,East_exit,4,3,0.8,0
dl_576,4,East_exit,4,3,0.8,0
dl_576,17,West_exit,17,11,0.8,0
dl_576,8,East_exit_short,8,6,0.44,0
dl_576,12,East_exit_short,12,9,0.44,0
dl_577,3,,,,,
dl_577,17,West_exit,16,10,0.8,0
dl_577,16,West_exit,16,10,0.8,0
dl_577,5,East_exit,7,5,0.8,0
dl_577,7,East_exit,7,5,0.8,0
dl_577,10,East_exit_short,10,7,0.44,0
dl_577,11,East_exit_short,11,8,0.44,0
dl_578,3,,,,,
dl_578,17,West_exit,16,10,0.8,0
dl_578,16,West_exit,16,10,0.8,0
dl_578,6,East_exit,6,5,0.8,0
dl_578,5,East_exit,6,5,0.8,0
dl_578,10,East_exit_short,10,7,0.44,0
dl_578,11,East_exit_short,11,8,0.44,0
dl_579,3,,,,,
dl_579,17,West_exit,16,10,0.8,0
dl_579,16,West_exit,16,10,0.8,0
dl_579,5,East_exit,5,4,0.8,0
dl_579,10,East_exit_short,10,7,0.44,0
dl_579,11,East_exit_short,11,8,0.44,0
dl_580,3,,,,,
dl_580,17,West_exit,16,10,0.8,0
dl_580,16,West_exit,16,10,0.8,0
dl_580,5,East_exit,7,5,0.8,0
dl_580,7,East_exit,7,5,0.8,0
dl_580,9,East_exit_short,9,7,0.44,0
dl_580,11,East_exit_short,11,8,0.44,0
dl_581,3,,,,,
dl_581,17,West_exit,16,10,0.8,0
dl_581,16,West_exit,16,10,0.8,0
dl_581,6,East_exit,6,5,0.8,0
dl_581,5,East_exit,6,5,0.8,0
dl_581,9,East_exit_short,9,7,0.44,0
dl_581,11,East_exit_short,11,8,0.44,0
dl_582,3,,,,,
dl_582,17,West_exit,16,10,0.8,0
dl_582,16,West_exit,16,10,0.8,0
dl_582,5,East_exit,5,4,0.8,0
dl_582,9,East_exit_short,9,7,0.44,0
dl_582,11,East_exit_short,11,8,0.44,0
dl_583,3,,,,,
dl_583,17,West_exit,16,10,0.8,0
dl_583,16,West_exit,16,10,0.8,0
dl_583,5,East_exit,7,5,0.8,0
dl_583,7,East_exit,7,5,0.8,0
dl_583,8,East_exit_short,8,6,0.44,0
dl_583,11,East_exit_short,11,8,0.44,0
dl_584,3,,,,,
dl_584,17,West_exit,16,10,0.8,0
dl_584,16,West_exit,16,10,0.8,0
dl_584,6,East_exit,6,5,0.8,0
dl_584,5,East_exit,6,5,0.8,0
dl_584,8,East_exit_short,8,6,0.44,0
dl_584,11,East_exit_short,11,8,0.44,0
dl_585,3,,,,,
dl_585,17,West_exit,16,10,0.8,0
dl_585,16,West_exit,16,10,0.8,0
dl_585,5,East_exit,5,4,0.8,0
dl_585,8,East_exit_short,8,6,0.44,0
dl_585,11,East_exit_short,11,8,0.44,0
dl_586,4,,,,,
dl_586,2,East_exit,4,3,0.8,0
dl_586,17,West_exit,16,10,0.8,0
dl_586,16,West_exit,16,10,0.8,0
dl_586,3,West_exit_short,3,2,0.44,0
dl_586,10,East_exit_short,10,7,0.44,0
dl_586,11,East_exit_short,11,8,0.44,0
dl_587,4,,,,,
dl_587,2,East_exit,4,3,0.8,0
dl_587,17,West_exit,16,10,0.8,0
dl_587,16,West_exit,16,10,0.8,0
dl_587,3,West_exit_short,3,2,0.44,0
dl_587,9,East_exit_short,9,7,0.44,0
dl_587,11,East_exit_short,11,8,0.44,0
dl_588,4,,,,,
dl_588,2,East_exit,4,3,0.8,0
dl_588,17,West_exit,16,10,0.8,0
dl_588,16,West_exit,16,10,0.8,0
dl_588,3,West_exit_short,3,2,0.44,0
dl_588,8,East_exit_short,8,6,0.44,0
dl_588,11,East_exit_short,11,8,0.44,0
dl_589,3,,,,,
dl_589,15,West_exit,15,10,0.8,0
dl_589,17,West_exit,15,10,0.8,0
dl_589,5,East_exit,7,5,0.8,0
dl_589,7,East_exit,7,5,0.8,0
dl_589,10,East_exit_short,10,7,0.44,0
dl_589,11,East_exit_short,11,8,0.44,0
dl_590,3,,,,,
dl_590,15,West_exit,15,10,0.8,0
dl_590,17,West_exit,15,10,0.8,0
dl_590,6,East_exit,6,5,0.8,0
dl_590,5,East_exit,6,5,0.8,0
dl_590,10,East_exit_short,10,7,0.44,0
dl_590,11,East_exit_short,11,8,0.44,0
dl_591,3,,,,,
dl_591,15,West_exit,15,10,0.8,0
dl_591,17,West_exit,15,10,0.8,0
dl_591,5,East_exit,5,4,0.8,0
dl_591,10,East_exit_short,10,7,0.44,0
dl_591,11,East_exit_short,11,8,0.44,0
dl_592,3,,,,,
dl_592,15,West_exit,15,10,0.8,0
dl_592,17,West_exit,15,10,0.8,0
dl_592,5,East_exit,7,5,0.8,0
dl_592,7,East_exit,7,5,0.8,0
dl_592,9,East_exit_short,9,7,0.44,0
dl_592,11,East_exit_short,11,8,0.44,0
dl_593,3,,,,,
dl_593,15,West_exit,15,10,0.8,0
dl_593,17,West_exit,15,10,0.8,0
dl_593,6,East_exit,6,5,0.8,0
dl_593,5,East_exit,6,5,0.8,0
dl_593,9,East_exit_short,9,7,0.44,0
dl_593,11,East_exit_short,11,8,0.44,0
dl_594,3,,,,,
dl_594,15,West_exit,15,10,0.8,0
dl_594,17,West_exit,15,10,0.8,0
dl_594,5,East_exit,5,4,0.8,0
dl_594,9,East_exit_short,9,7,0.44,0
dl_594,11,East_exit_short,11,8,0.44,0
dl_595,3,,,,,
dl_595,15,West_exit,15,10,0.8,0
dl_595,17,West_exit,15,10,0.8,0
dl_595,5,East_exit,7,5,0.8,0
dl_595,7,East_exit,7,5,0.8,0
dl_595,8,East_exit_short,8,6,0.44,0
dl_595,11,East_exit_short,11,8,0.44,0
dl_596,3,,,,,
dl_596,15,West_exit,15,10,0.8,0
dl_596,17,West_exit,15,10,0.8,0
dl_596,6,East_exit,6,5,0.8,0
dl_596,5,East_exit,6,5,0.8,0
dl_596,8,East_exit_short,8,6,0.44,0
dl_596,11,East_exit_short,11,8,0.44,0
dl_597,3,,,,,
dl_597,15,West_exit,15,10,0.8,0
dl_597,17,West_exit,15,10,0.8,0
dl_597,5,East_exit,5,4,0.8,0
dl_597,8,East_exit_short,8,6,0.44,0
dl_597,11,East_exit_short,11,8,0.44,0
dl_598,4,,,,,
dl_598,2,East_exit,4,3,0.8,0
dl_598,15,West_exit,15,10,0.8,0
dl_598,17,West_exit,15,10,0.8,0
dl_598,3,West_exit_short,3,2,0.44,0
dl_598,10,East_exit_short,10,7,0.44,0
dl_598,11,East_exit_short,11,8,0.44,0
dl_599,4,,,,,
dl_599,2,East_exit,4,3,0.8,0
dl_599,15,West_exit,15,10,0.8,0
dl_599,17,West_exit,15,10,0.8,0
dl_599,3,West_exit_short,3,2,0.44,0
dl_599,9,East_exit_short,9,7,0.44,0
dl_599,11,East_exit_short,11,8,0.44,0
dl_600,4,,,,,
dl_600,2,East_exit,4,3,0.8,0
dl_600,15,West_exit,15,10,0.8,0
dl_600,17,West_exit,15,10,0.8,0
dl_600,3,West_exit_short,3,2,0.44,0
dl_600,8,East_exit_short,8,6,0.44,0
dl_600,11,East_exit_short,11,8,0.44,0
dl_601,3,,,,,
dl_601,17,West_exit,17,11,0.8,0
dl_601,5,East_exit,7,5,0.8,0
dl_601,7,East_exit,7,5,0.8,0
dl_601,10,East_exit_short,10,7,0.44,0
dl_601,11,East_exit_short,11,8,0.44,0
dl_602,3,,,,,
dl_602,17,West_exit,17,11,0.8,0
dl_602,6,East_exit,6,5,0.8,0
dl_602,5,East_exit,6,5,0.8,0
dl_602,10,East_exit_short,10,7,0.44,0
dl_602,11,East_exit_short,11,8,0.44,0
dl_603,3,,,,,
dl_603,17,West_exit,17,11,0.8,0
dl_603,5,East_exit,5,4,0.8,0
dl_603,10,East_exit_short,10,7,0.44,0
dl_603,11,East_exit_short,11,8,0.44,0
dl_604,3,,,,,
dl_604,17,West_exit,17,11,0.8,0
dl_604,5,East_exit,7,5,0.8,0
dl_604,7,East_exit,7,5,0.8,0
dl_604,9,East_exit_short,9,7,0.44,0
dl_604,11,East_exit_short,11,8,0.44,0
dl_605,3,,,,,
dl_605,17,West_exit,17,11,0.8,0
dl_605,6,East_exit,6,5,0.8,0
dl_605,5,East_exit,6,5,0.8,0
dl_605,9,East_exit_short,9,7,0.44,0
dl_605,11,East_exit_short,11,8,0.44,0
dl_606,3,,,,,
dl_606,17,West_exit,17,11,0.8,0
dl_606,5,East_exit,5,4,0.8,0
dl_606,9,East_exit_short,9,7,0.44,0
dl_606,11,East_exit_short,11,8,0.44,0
dl_607,3,,,,,
dl_607,17,West_exit,17,11,0.8,0
dl_607,5,East_exit,7,5,0.8,0
dl_607,7,East_exit,7,5,0.8,0
dl_607,8,East_exit_short,8,6,0.44,0
dl_607,11,East_exit_short,11,8,0.44,0
dl_608,3,,,,,
dl_608,17,West_exit,17,11,0.8,0
dl_608,6,East_exit,6,5,0.8,0
dl_608,5,East_exit,6,5,0.8,0
dl_608,8,East_exit_short,8,6,0.44,0
dl_608,11,East_exit_short,11,8,0.44,0
dl_609,3,,,,,
dl_609,17,West_exit,17,11,0.8,0
dl_609,5,East_exit,5,4,0.8,0
dl_609,8,East_exit_short,8,6,0.44,0
dl_609,11,East_exit_short,11,8,0.44,0
dl_610,4,,,,,
dl_610,2,East_exit,4,3,0.8,0
dl_610,17,West_exit,17,11,0.8,0
dl_610,3,West_exit_short,3,2,0.44,0
dl_610,10,East_exit_short,10,7,0.44,0
dl_610,11,East_exit_short,11,8,0.44,0
dl_611,4,,,,,
dl_611,2,East_exit,4,3,0.8,0
dl_611,17,West_exit,17,11,0.8,0
dl_611,3,West_exit_short,3,2,0.44,0
dl_611,9,East_exit_short,9,7,0.44,0
dl_611,11,East_exit_short,11,8,0.44,0
dl_612,4,,,,,
dl_612,2,East_exit,4,3,0.8,0
dl_612,17,West_exit,17,11,0.8,0
dl_612,3,West_exit_short,3,2,0.44,0
dl_612,8,East_exit_short,8,6,0.44,0
dl_612,11,East_exit_short,11,8,0.44,0
dl_613,4,,,,,
dl_613,5,West_exit_short,5,3,0.44,0
dl_613,2,East_exit,4,3,0.8,0
dl_613,4,East_exit,4,3,0.8,0
dl_613,17,West_exit,16,10,0.8,0
dl_613,16,West_exit,16,10,0.8,0
dl_613,10,East_exit_short,10,7,0.44,0
dl_613,11,East_exit_short,11,8,0.44,0
dl_614,4,,,,,
dl_614,5,West_exit_short,5,3,0.44,0
dl_614,2,East_exit,4,3,0.8,0
dl_614,4,East_exit,4,3,0.8,0
dl_614,17,West_exit,16,10,0.8,0
dl_614,16,West_exit,16,10,0.8,0
dl_614,9,East_exit_short,9,7,0.44,0
dl_614,11,East_exit_short,11,8,0.44,0
dl_615,4,,,,,
dl_615,5,West_exit_short,5,3,0.44,0
dl_615,2,East_exit,4,3,0.8,0
dl_615,4,East_exit,4,3,0.8,0
dl_615,17,West_exit,16,10,0.8,0
dl_615,16,West_exit,16,10,0.8,0
dl_615,8,East_exit_short,8,6,0.44,0
dl_615,11,East_exit_short,11,8,0.44,0
dl_616,4,,,,,
dl_616,5,West_exit_short,5,3,0.44,0
dl_616,2,East_exit,4,3,0.8,0
dl_616,4,East_exit,4,3,0.8,0
dl_616,15,West_exit,15,10,0.8,0
dl_616,17,West_exit,15,10,0.8,0
dl_616,10,East_exit_short,10,7,0.44,0
dl_616,11,East_exit_short,11,8,0.44,0
dl_617,4,,,,,
dl_617,5,West_exit_short,5,3,0.44,0
dl_617,2,East_exit,4,3,0.8,0
dl_617,4,East_exit,4,3,0.8,0
dl_617,15,West_exit,15,10,0.8,0
dl_617,17,West_exit,15,10,0.8,0
dl_617,9,East_exit_short,9,7,0.44,0
dl_617,11,East_exit_short,11,8,0.44,0
dl_618,4,,,,,
dl_618,5,West_exit_short,5,3,0.44,0
dl_618,2,East_exit,4,3,0.8,0
dl_618,4,East_exit,4,3,0.8,0
dl_618,15,West_exit,15,10,0.8,0
dl_618,17,West_exit,15,10,0.8,0
dl_618,8,East_exit_short,8,6,0.44,0
dl_618,11,East_exit_short,11,8,0.44,0
dl_619,4,,,,,
dl_619,5,West_exit_short,5,3,0.44,0
dl_619,2,East_exit,4,3,0.8,0
dl_619,4,East_exit,4,3,0.8,0
dl_619,17,West_exit,17,11,0.8,0
dl_619,10,East_exit_short,10,7,0.44,0
dl_619,11,East_exit_short,11,8,0.44,0
dl_620,4,,,,,
dl_620,5,West_exit_short,5,3,0.44,0
dl_620,2,East_exit,4,3,0.8,0
dl_620,4,East_exit,4,3,0.8,0
dl_620,17,West_exit,17,11,0.8,0
dl_620,9,East_exit_short,9,7,0.44,0
dl_620,11,East_exit_short,11,8,0.44,0
dl_621,4,,,,,
dl_621,5,West_exit_short,5,3,0.44,0
dl_621,2,East_exit,4,3,0.8,0
dl_621,4,East_exit,4,3,0.8,0
dl_621,17,West_exit,17,11,0.8,0
dl_621,8,East_exit_short,8,6,0.44,0
dl_621,11,East_exit_short,11,8,0.44,0
dl_622,4,,,,,
dl_622,2,East_exit,4,3,0.8,0
dl_622,17,West_exit,16,10,0.8,0
dl_622,15,East_exit_short,15,11,0.44,0
dl_622,3,West_exit_short,3,2,0.44,0
dl_622,7,East_exit_short,7,5,0.44,0
dl_623,4,,,,,
dl_623,2,East_exit,4,3,0.8,0
dl_623,14,East_exit_short,14,10,0.44,0
dl_623,17,West_exit,16,10,0.8,0
dl_623,16,West_exit,16,10,0.8,0
dl_623,3,West_exit_short,3,2,0.44,0
dl_623,7,East_exit_short,7,5,0.44,0
dl_624,4,,,,,
dl_624,2,East_exit,4,3,0.8,0
dl_624,14,East_exit_short,14,10,0.44,0
dl_624,15,West_exit,15,10,0.8,0
dl_624,17,West_exit,15,10,0.8,0
dl_624,3,West_exit_short,3,2,0.44,0
dl_624,7,East_exit_short,7,5,0.44,0
dl_625,4,,,,,
dl_625,2,East_exit,4,3,0.8,0
dl_625,15,East_exit_short,15,11,0.44,0
dl_625,17,West_exit,17,11,0.8,0
dl_625,3,West_exit_short,3,2,0.44,0
dl_625,7,East_exit_short,7,5,0.44,0
dl_626,4,,,,,
dl_626,2,East_exit,4,3,0.8,0
dl_626,14,East_exit_short,14,10,0.44,0
dl_626,17,West_exit,17,11,0.8,0
dl_626,3,West_exit_short,3,2,0.44,0
dl_626,7,East_exit_short,7,5,0.44,0
dl_627,4,,,,,
dl_627,15,East_exit_short,15,11,0.44,0
dl_627,17,West_exit,16,10,0.8,0
dl_627,5,West_exit_short,5,3,0.44,0
dl_627,2,East_exit,4,3,0.8,0
dl_627,4,East_exit,4,3,0.8,0
dl_627,7,East_exit_short,7,5,0.44,0
dl_628,4,,,,,
dl_628,14,East_exit_short,14,10,0.44,0
dl_628,5,West_exit_short,5,3,0.44,0
dl_628,2,East_exit,4,3,0.8,0
dl_628,4,East_exit,4,3,0.8,0
dl_628,17,West_exit,16,10,0.8,0
dl_628,16,West_exit,16,10,0.8,0
dl_628,7,East_exit_short,7,5,0.44,0
dl_629,4,,,,,
dl_629,14,East_exit_short,14,10,0.44,0
dl_629,5,West_exit_short,5,3,0.44,0
dl_629,2,East_exit,4,3,0.8,0
dl_629,4,East_exit,4,3,0.8,0
dl_629,15,West_exit,15,10,0.8,0
dl_629,17,West_exit,15,10,0.8,0
dl_629,7,East_exit_short,7,5,0.44,0
dl_630,4,,,,,
dl_630,15,East_exit_short,15,11,0.44,0
dl_630,5,West_exit_short,5,3,0.44,0
dl_630,2,East_exit,4,3,0.8,0
dl_630,4,East_exit,4,3,0.8,0
dl_630,17,West_exit,17,11,0.8,0
dl_630,7,East_exit_short,7,5,0.44,0
dl_631,4,,,,,
dl_631,14,East_exit_short,14,10,0.44,0
dl_631,5,West_exit_short,5,3,0.44,0
dl_631,2,East_exit,4,3,0.8,0
dl_631,4,East_exit,4,3,0.8,0
dl_631,17,West_exit,17,11,0.8,0
dl_631,7,East_exit_short,7,5,0.44,0
dl_632,4,,,,,
dl_632,2,East_exit,4,3,0.8,0
dl_632,17,West_exit,16,10,0.8,0
dl_632,16,West_exit,16,10,0.8,0
dl_632,3,West_exit_short,3,2,0.44,0
dl_632,7,East_exit_short,7,5,0.44,0
dl_632,13,East_exit_short,13,9,0.44,0
dl_633,4,,,,,
dl_633,2,East_exit,4,3,0.8,0
dl_633,15,West_exit,15,10,0.8,0
dl_633,17,West_exit,15,10,0.8,0
dl_633,3,West_exit_short,3,2,0.44,0
dl_633,7,East_exit_short,7,5,0.44,0
dl_633,13,East_exit_short,13,9,0.44,0
dl_634,4,,,,,
dl_634,2,East_exit,4,3,0.8,0
dl_634,17,West_exit,17,11,0.8,0
dl_634,3,West_exit_short,3,2,0.44,0
dl_634,7,East_exit_short,7,5,0.44,0
dl_634,13,East_exit_short,13,9,0.44,0
dl_635,4,,,,,
dl_635,5,West_exit_short,5,3,0.44,0
dl_635,2,East_exit,4,3,0.8,0
dl_635,4,East_exit,4,3,0.8,0
dl_635,17,West_exit,16,10,0.8,0
dl_635,16,West_exit,16,10,0.8,0
dl_635,7,East_exit_short,7,5,0.44,0
dl_635,13,East_exit_short,13,9,0.44,0
dl_636,4,,,,,
dl_636,5,West_exit_short,5,3,0.44,0
dl_636,2,East_exit,4,3,0.8,0
dl_636,4,East_exit,4,3,0.8,0
dl_636,15,West_exit,15,10,0.8,0
dl_636,17,West_exit,15,10,0.8,0
dl_636,7,East_exit_short,7,5,0.44,0
dl_636,13,East_exit_short,13,9,0.44,0
dl_637,4,,,,,
dl_637,5,West_exit_short,5,3,0.44,0
dl_637,2,East_exit,4,3,0.8,0
dl_637,4,East_exit,4,3,0.8,0
dl_637,17,West_exit,17,11,0.8,0
dl_637,7,East_exit_short,7,5,0.44,0
dl_637,13,East_exit_short,13,9,0.44,0
dl_638,4,,,,,
dl_638,2,East_exit,4,3,0.8,0
dl_638,17,West_exit,16,10,0.8,0
dl_638,16,West_exit,16,10,0.8,0
dl_638,3,West_exit_short,3,2,0.44,0
dl_638,7,East_exit_short,7,5,0.44,0
dl_638,12,East_exit_short,12,9,0.44,0
dl_639,4,,,,,
dl_639,2,East_exit,4,3,0.8,0
dl_639,15,West_exit,15,10,0.8,0
dl_639,17,West_exit,15,10,0.8,0
dl_639,3,West_exit_short,3,2,0.44,0
dl_639,7,East_exit_short,7,5,0.44,0
dl_639,12,East_exit_short,12,9,0.44,0
dl_640,4,,,,,
dl_640,2,East_exit,4,3,0.8,0
dl_640,17,West_exit,17,11,0.8,0
dl_640,3,West_exit_short,3,2,0.44,0
dl_640,7,East_exit_short,7,5,0.44,0
dl_640,12,East_exit_short,12,9,0.44,0
dl_641,4,,,,,
dl_641,5,West_exit_short,5,3,0.44,0
dl_641,2,East_exit,4,3,0.8,0
dl_641,4,East_exit,4,3,0.8,0
dl_641,17,West_exit,16,10,0.8,0
dl_641,16,West_exit,16,10,0.8,0
dl_641,7,East_exit_short,7,5,0.44,0
dl_641,12,East_exit_short,12,9,0.44,0
dl_642,4,,,,,
dl_642,5,West_exit_short,5,3,0.44,0
dl_642,2,East_exit,4,3,0.8,0
dl_642,4,East_exit,4,3,0.8,0
dl_642,15,West_exit,15,10,0.8,0
dl_642,17,West_exit,15,10,0.8,0
dl_642,7,East_exit_short,7,5,0.44,0
dl_642,12,East_exit_short,12,9,0.44,0
dl_643,4,,,,,
dl_643,5,West_exit_short,5,3,0.44,0
dl_643,2,East_exit,4,3,0.8,0
dl_643,4,East_exit,4,3,0.8,0
dl_643,17,West_exit,17,11,0.8,0
dl_643,7,East_exit_short,7,5,0.44,0
dl_643,12,East_exit_short,12,9,0.44,0
dl_644,4,,,,,
dl_644,2,East_exit,4,3,0.8,0
dl_644,17,West_exit,16,10,0.8,0
dl_644,16,West_exit,16,10,0.8,0
dl_644,3,West_exit_short,3,2,0.44,0
dl_644,7,East_exit_short,7,5,0.44,0
dl_644,11,East_exit_short,11,8,0.44,0
dl_645,4,,,,,
dl_645,2,East_exit,4,3,0.8,0
dl_645,15,West_exit,15,10,0.8,0
dl_645,17,West_exit,15,10,0.8,0
dl_645,3,West_exit_short,3,2,0.44,0
dl_645,7,East_exit_short,7,5,0.44,0
dl_645,11,East_exit_short,11,8,0.44,0
dl_646,4,,,,,
dl_646,2,East_exit,4,3,0.8,0
dl_646,17,West_exit,17,11,0.8,0
dl_646,3,West_exit_short,3,2,0.44,0
dl_646,7,East_exit_short,7,5,0.44,0
dl_646,11,East_exit_short,11,8,0.44,0
dl_647,4,,,,,
dl_647,5,West_exit_short,5,3,0.44,0
dl_647,2,East_exit,4,3,0.8,0
dl_647,4,East_exit,4,3,0.8,0
dl_647,17,West_exit,16,10,0.8,0
dl_647,16,West_exit,16,10,0.8,0
dl_647,7,East_exit_short,7,5,0.44,0
dl_647,11,East_exit_short,11,8,0.44,0
dl_648,4,,,,,
dl_648,5,West_exit_short,5,3,0.44,0
dl_648,2,East_exit,4,3,0.8,0
dl_648,4,East_exit,4,3,0.8,0
dl_648,15,West_exit,15,10,0.8,0
dl_648,17,West_exit,15,10,0.8,0
dl_648,7,East_exit_short,7,5,0.44,0
dl_648,11,East_exit_short,11,8,0.44,0
dl_649,4,,,,,
dl_649,5,West_exit_short,5,3,0.44,0
dl_649,2,East_exit,4,3,0.8,0
dl_649,4,East_exit,4,3,0.8,0
dl_649,17,West_exit,17,11,0.8,0
dl_649,7,East_exit_short,7,5,0.44,0
dl_649,11,East_exit_short,11,8,0.44,0
dl_650,2,,,,,
dl_650,11,East_exit,13,9,0.8,0
dl_650,13,East_exit,13,9,0.8,0
dl_650,17,West_exit,16,10,0.8,0
dl_650,15,East_exit_short,15,11,0.44,0
dl_651,2,,,,,
dl_651,12,East_exit,12,9,0.8,0
dl_651,11,East_exit,12,9,0.8,0
dl_651,17,West_exit,16,10,0.8,0
dl_651,15,East_exit_short,15,11,0.44,0
dl_652,2,,,,,
dl_652,11,East_exit,11,8,0.8,0
dl_652,17,West_exit,16,10,0.8,0
dl_652,15,East_exit_short,15,11,0.44,0
dl_653,2,,,,,
dl_653,14,East_exit_short,14,10,0.44,0
dl_653,17,West_exit,16,10,0.8,0
dl_653,16,West_exit,16,10,0.8,0
dl_653,11,East_exit,13,9,0.8,0
dl_653,13,East_exit,13,9,0.8,0
dl_654,2,,,,,
dl_654,14,East_exit_short,14,10,0.44,0
dl_654,17,West_exit,16,10,0.8,0
dl_654,16,West_exit,16,10,0.8,0
dl_654,12,East_exit,12,9,0.8,0
dl_654,11,East_exit,12,9,0.8,0
dl_655,2,,,,,
dl_655,14,East_exit_short,14,10,0.44,0
dl_655,17,West_exit,16,10,0.8,0
dl_655,16,West_exit,16,10,0.8,0
dl_655,11,East_exit,11,8,0.8,0
dl_656,2,,,,,
dl_656,17,West_exit,16,10,0.8,0
dl_656,8,East_exit,10,7,0.8,0
dl_656,10,East_exit,10,7,0.8,0
dl_656,15,East_exit_short,15,11,0.44,0
dl_657,2,,,,,
dl_657,14,East_exit_short,14,10,0.44,0
dl_657,17,West_exit,16,10,0.8,0
dl_657,16,West_exit,16,10,0.8,0
dl_657,8,East_exit,10,7,0.8,0
dl_657,10,East_exit,10,7,0.8,0
dl_658,2,,,,,
dl_658,14,East_exit_short,14,10,0.44,0
dl_658,15,West_exit,15,10,0.8,0
dl_658,17,West_exit,15,10,0.8,0
dl_658,11,East_exit,13,9,0.8,0
dl_658,13,East_exit,13,9,0.8,0
dl_659,2,,,,,
dl_659,14,East_exit_short,14,10,0.44,0
dl_659,15,West_exit,15,10,0.8,0
dl_659,17,West_exit,15,10,0.8,0
dl_659,12,East_exit,12,9,0.8,0
dl_659,11,East_exit,12,9,0.8,0
dl_660,2,,,,,
dl_660,14,East_exit_short,14,10,0.44,0
dl_660,15,West_exit,15,10,0.8,0
dl_660,17,West_exit,15,10,0.8,0
dl_660,11,East_exit,11,8,0.8,0
dl_661,2,,,,,
dl_661,14,East_exit_short,14,10,0.44,0
dl_661,15,West_exit,15,10,0.8,0
dl_661,17,West_exit,15,10,0.8,0
dl_661,8,East_exit,10,7,0.8,0
dl_661,10,East_exit,10,7,0.8,0
dl_662,2,,,,,
dl_662,15,East_exit_short,15,11,0.44,0
dl_662,11,East_exit,13,9,0.8,0
dl_662,13,East_exit,13,9,0.8,0
dl_662,17,West_exit,17,11,0.8,0
dl_663,2,,,,,
dl_663,15,East_exit_short,15,11,0.44,0
dl_663,12,East_exit,12,9,0.8,0
dl_663,11,East_exit,12,9,0.8,0
dl_663,17,West_exit,17,11,0.8,0
dl_664,2,,,,,
dl_664,15,East_exit_short,15,11,0.44,0
dl_664,11,East_exit,11,8,0.8,0
dl_664,17,West_exit,17,11,0.8,0
dl_665,3,,,,,
dl_665,11,East_exit,13,9,0.8,0
dl_665,14,East_exit_short,14,10,0.44,0
dl_665,17,West_exit,17,11,0.8,0
dl_665,13,East_exit,13,9,0.8,0
dl_665,8,East_exit,10,7,0.8,0
dl_665,10,East_exit,10,7,0.8,0
dl_666,2,,,,,
dl_666,14,East_exit_short,14,10,0.44,0
dl_666,11,East_exit,13,9,0.8,0
dl_666,13,East_exit,13,9,0.8,0
dl_666,17,West_exit,17,11,0.8,0
dl_667,3,,,,,
dl_667,11,East_exit,12,9,0.8,0
dl_667,14,East_exit_short,14,10,0.44,0
dl_667,17,West_exit,17,11,0.8,0
dl_667,12,East_exit,12,9,0.8,0
dl_667,8,East_exit,10,7,0.8,0
dl_667,10,East_exit,10,7,0.8,0
dl_668,2,,,,,
dl_668,14,East_exit_short,14,10,0.44,0
dl_668,12,East_exit,12,9,0.8,0
dl_668,11,East_exit,12,9,0.8,0
dl_668,17,West_exit,17,11,0.8,0
dl_669,3,,,,,
dl_669,11,East_exit,11,8,0.8,0
dl_669,14,East_exit_short,14,10,0.44,0
dl_669,17,West_exit,17,11,0.8,0
dl_669,8,East_exit,10,7,0.8,0
dl_669,10,East_exit,10,7,0.8,0
dl_670,2,,,,,
dl_670,14,East_exit_short,14,10,0.44,0
dl_670,11,East_exit,11,8,0.8,0
dl_670,17,West_exit,17,11,0.8,0
dl_671,2,,,,,
dl_671,15,East_exit_short,15,11,0.44,0
dl_671,17,West_exit,17,11,0.8,0
dl_671,8,East_exit,10,7,0.8,0
dl_671,10,East_exit,10,7,0.8,0
dl_672,2,,,,,
dl_672,14,East_exit_short,14,10,0.44,0
dl_672,8,East_exit,10,7,0.8,0
dl_672,10,East_exit,10,7,0.8,0
dl_672,17,West_exit,17,11,0.8,0
dl_673,2,,,,,
dl_673,8,East_exit,10,7,0.8,0
dl_673,10,East_exit,10,7,0.8,0
dl_673,17,West_exit,16,10,0.8,0
dl_673,16,West_exit,16,10,0.8,0
dl_673,13,East_exit_short,13,9,0.44,0
dl_674,2,,,,,
dl_674,8,East_exit,10,7,0.8,0
dl_674,10,East_exit,10,7,0.8,0
dl_674,15,West_exit,15,10,0.8,0
dl_674,17,West_exit,15,10,0.8,0
dl_674,13,East_exit_short,13,9,0.44,0
dl_675,2,,,,,
dl_675,8,East_exit,10,7,0.8,0
dl_675,10,East_exit,10,7,0.8,0
dl_675,13,East_exit_short,13,9,0.44,0
dl_675,17,West_exit,17,11,0.8,0
dl_676,1,,,,,
dl_676,17,West_exit,16,10,0.8,0
dl_676,14,East_exit,15,11,0.8,0
dl_677,1,,,,,
dl_677,17,West_exit,16,10,0.8,0
dl_677,16,West_exit,16,10,0.8,0
dl_677,14,East_exit,14,10,0.8,0
dl_678,1,,,,,
dl_678,15,West_exit,15,10,0.8,0
dl_678,17,West_exit,15,10,0.8,0
dl_678,14,East_exit,14,10,0.8,0
dl_679,1,,,,,
dl_679,17,West_exit,17,11,0.8,0
dl_679,15,East_exit,15,11,0.8,0
dl_679,14,East_exit,15,11,0.8,0
dl_680,1,,,,,
dl_680,17,West_exit,17,11,0.8,0
dl_680,14,East_exit,14,10,0.8,0
dl_681,1,,,,,
dl_681,11,East_exit,13,9,0.8,0
dl_681,13,East_exit,13,9,0.8,0
dl_681,17,West_exit,16,10,0.8,0
dl_681,16,West_exit,16,10,0.8,0
dl_682,1,,,,,
dl_682,11,East_exit,13,9,0.8,0
dl_682,13,East_exit,13,9,0.8,0
dl_682,15,West_exit,15,10,0.8,0
dl_682,17,West_exit,15,10,0.8,0
dl_683,1,,,,,
dl_683,11,East_exit,13,9,0.8,0
dl_683,13,East_exit,13,9,0.8,0
dl_683,17,West_exit,17,11,0.8,0
dl_684,2,,,,,
dl_684,17,West_exit,16,10,0.8,0
dl_684,9,East_exit,9,7,0.8,0
dl_684,8,East_exit,9,7,0.8,0
dl_684,15,East_exit_short,15,11,0.44,0
dl_685,3,,,,,
dl_685,8,East_exit,8,6,0.8,0
dl_685,17,West_exit,16,10,0.8,0
dl_685,15,East_exit_short,15,11,0.44,0
dl_685,10,West_exit_short,10,6,0.44,0
dl_686,3,,,,,
dl_686,17,West_exit,16,10,0.8,0
dl_686,8,East_exit,8,6,0.8,0
dl_686,9,West_exit_short,9,6,0.44,0
dl_686,15,East_exit_short,15,11,0.44,0
dl_687,3,,,,,
dl_687,17,West_exit,16,10,0.8,0
dl_687,8,East_exit,8,6,0.8,0
dl_687,15,East_exit_short,15,11,0.44,0
dl_687,11,West_exit_short,11,7,0.44,0
dl_688,2,,,,,
dl_688,14,East_exit_short,14,10,0.44,0
dl_688,17,West_exit,16,10,0.8,0
dl_688,16,West_exit,16,10,0.8,0
dl_688,9,East_exit,9,7,0.8,0
dl_688,8,East_exit,9,7,0.8,0
dl_689,3,,,,,
dl_689,8,East_exit,8,6,0.8,0
dl_689,14,East_exit_short,14,10,0.44,0
dl_689,17,West_exit,16,10,0.8,0
dl_689,16,West_exit,16,10,0.8,0
dl_689,10,West_exit_short,10,6,0.44,0
dl_690,3,,,,,
dl_690,14,East_exit_short,14,10,0.44,0
dl_690,17,West_exit,16,10,0.8,0
dl_690,16,West_exit,16,10,0.8,0
dl_690,8,East_exit,8,6,0.8,0
dl_690,9,West_exit_short,9,6,0.44,0
dl_691,3,,,,,
dl_691,14,East_exit_short,14,10,0.44,0
dl_691,17,West_exit,16,10,0.8,0
dl_691,16,West_exit,16,10,0.8,0
dl_691,8,East_exit,8,6,0.8,0
dl_691,11,West_exit_short,11,7,0.44,0
dl_692,2,,,,,
dl_692,14,East_exit_short,14,10,0.44,0
dl_692,15,West_exit,15,10,0.8,0
dl_692,17,West_exit,15,10,0.8,0
dl_692,9,East_exit,9,7,0.8,0
dl_692,8,East_exit,9,7,0.8,0
dl_693,3,,,,,
dl_693,8,East_exit,8,6,0.8,0
dl_693,14,East_exit_short,14,10,0.44,0
dl_693,15,West_exit,15,10,0.8,0
dl_693,17,West_exit,15,10,0.8,0
dl_693,10,West_exit_short,10,6,0.44,0
dl_694,3,,,,,
dl_694,14,East_exit_short,14,10,0.44,0
dl_694,15,West_exit,15,10,0.8,0
dl_694,17,West_exit,15,10,0.8,0
dl_694,8,East_exit,8,6,0.8,0
dl_694,9,West_exit_short,9,6,0.44,0
dl_695,3,,,,,
dl_695,14,East_exit_short,14,10,0.44,0
dl_695,15,West_exit,15,10,0.8,0
dl_695,17,West_exit,15,10,0.8,0
dl_695,8,East_exit,8,6,0.8,0
dl_695,11,West_exit_short,11,7,0.44,0
dl_696,2,,,,,
dl_696,15,East_exit_short,15,11,0.44,0
dl_696,9,East_exit,9,7,0.8,0
dl_696,8,East_exit,9,7,0.8,0
dl_696,17,West_exit,17,11,0.8,0
dl_697,3,,,,,
dl_697,8,East_exit,8,6,0.8,0
dl_697,15,East_exit_short,15,11,0.44,0
dl_697,10,West_exit_short,10,6,0.44,0
dl_697,17,West_exit,17,11,0.8,0
dl_698,3,,,,,
dl_698,15,East_exit_short,15,11,0.44,0
dl_698,8,East_exit,8,6,0.8,0
dl_698,9,West_exit_short,9,6,0.44,0
dl_698,17,West_exit,17,11,0.8,0
dl_699,3,,,,,
dl_699,15,East_exit_short,15,11,0.44,0
dl_699,8,East_exit,8,6,0.8,0
dl_699,11,West_exit_short,11,7,0.44,0
dl_699,17,West_exit,17,11,0.8,0
dl_700,2,,,,,
dl_700,14,East_exit_short,14,10,0.44,0
dl_700,9,East_exit,9,7,0.8,0
dl_700,8,East_exit,9,7,0.8,0
dl_700,17,West_exit,17,11,0.8,0
dl_701,3,,,,,
dl_701,8,East_exit,8,6,0.8,0
dl_701,14,East_exit_short,14,10,0.44,0
dl_701,10,West_exit_short,10,6,0.44,0
dl_701,17,West_exit,17,11,0.8,0
dl_702,3,,,,,
dl_702,14,East_exit_short,14,10,0.44,0
dl_702,8,East_exit,8,6,0.8,0
dl_702,9,West_exit_short,9,6,0.44,0
dl_702,17,West_exit,17,11,0.8,0
dl_703,3,,,,,
dl_703,14,East_exit_short,14,10,0.44,0
dl_703,8,East_exit,8,6,0.8,0
dl_703,11,West_exit_short,11,7,0.44,0
dl_703,17,West_exit,17,11,0.8,0
dl_704,2,,,,,
dl_704,17,West_exit,16,10,0.8,0
dl_704,15,East_exit_short,15,11,0.44,0
dl_704,8,East_exit,8,6,0.8,0
dl_705,2,,,,,
dl_705,14,East_exit_short,14,10,0.44,0
dl_705,17,West_exit,16,10,0.8,0
dl_705,16,West_exit,16,10,0.8,0
dl_705,8,East_exit,8,6,0.8,0
dl_706,2,,,,,
dl_706,14,East_exit_short,14,10,0.44,0
dl_706,15,West_exit,15,10,0.8,0
dl_706,17,West_exit,15,10,0.8,0
dl_706,8,East_exit,8,6,0.8,0
dl_707,2,,,,,
dl_707,15,East_exit_short,15,11,0.44,0
dl_707,8,East_exit,8,6,0.8,0
dl_707,17,West_exit,17,11,0.8,0
dl_708,2,,,,,
dl_708,14,East_exit_short,14,10,0.44,0
dl_708,17,West_exit,17,11,0.8,0
dl_708,8,East_exit,8,6,0.8,0
dl_709,2,,,,,
dl_709,17,West_exit,16,10,0.8,0
dl_709,5,East_exit,7,5,0.8,0
dl_709,7,East_exit,7,5,0.8,0
dl_709,15,East_exit_short,15,11,0.44,0
dl_710,2,,,,,
dl_710,14,East_exit_short,14,10,0.44,0
dl_710,17,West_exit,16,10,0.8,0
dl_710,16,West_exit,16,10,0.8,0
dl_710,5,East_exit,7,5,0.8,0
dl_710,7,East_exit,7,5,0.8,0
dl_711,2,,,,,
dl_711,14,East_exit_short,14,10,0.44,0
dl_711,15,West_exit,15,10,0.8,0
dl_711,17,West_exit,15,10,0.8,0
dl_711,5,East_exit,7,5,0.8,0
dl_711,7,East_exit,7,5,0.8,0
dl_712,2,,,,,
dl_712,15,East_exit_short,15,11,0.44,0
dl_712,5,East_exit,7,5,0.8,0
dl_712,7,East_exit,7,5,0.8,0
dl_712,17,West_exit,17,11,0.8,0
dl_713,2,,,,,
dl_713,14,East_exit_short,14,10,0.44,0
dl_713,5,East_exit,7,5,0.8,0
dl_713,7,East_exit,7,5,0.8,0
dl_713,17,West_exit,17,11,0.8,0
dl_714,2,,,,,
dl_714,9,East_exit,9,7,0.8,0
dl_714,8,East_exit,9,7,0.8,0
dl_714,17,West_exit,16,10,0.8,0
dl_714,16,West_exit,16,10,0.8,0
dl_714,12,East_exit_short,12,9,0.44,0
dl_715,3,,,,,
dl_715,8,East_exit,8,6,0.8,0
dl_715,17,West_exit,16,10,0.8,0
dl_715,16,West_exit,16,10,0.8,0
dl_715,10,West_exit_short,10,6,0.44,0
dl_715,12,East_exit_short,12,9,0.44,0
dl_716,2,,,,,
dl_716,8,East_exit,10,7,0.8,0
dl_716,10,East_exit,10,7,0.8,0
dl_716,17,West_exit,16,10,0.8,0
dl_716,16,West_exit,16,10,0.8,0
dl_716,12,East_exit_short,12,9,0.44,0
dl_717,3,,,,,
dl_717,17,West_exit,16,10,0.8,0
dl_717,16,West_exit,16,10,0.8,0
dl_717,8,East_exit,8,6,0.8,0
dl_717,9,West_exit_short,9,6,0.44,0
dl_717,12,East_exit_short,12,9,0.44,0
dl_718,3,,,,,
dl_718,17,West_exit,16,10,0.8,0
dl_718,16,West_exit,16,10,0.8,0
dl_718,8,East_exit,8,6,0.8,0
dl_718,11,West_exit_short,11,7,0.44,0
dl_718,12,East_exit_short,12,9,0.44,0
dl_719,2,,,,,
dl_719,9,East_exit,9,7,0.8,0
dl_719,8,East_exit,9,7,0.8,0
dl_719,15,West_exit,15,10,0.8,0
dl_719,17,West_exit,15,10,0.8,0
dl_719,12,East_exit_short,12,9,0.44,0
dl_720,3,,,,,
dl_720,8,East_exit,8,6,0.8,0
dl_720,15,West_exit,15,10,0.8,0
dl_720,17,West_exit,15,10,0.8,0
dl_720,10,West_exit_short,10,6,0.44,0
dl_720,12,East_exit_short,12,9,0.44,0
dl_721,2,,,,,
dl_721,8,East_exit,10,7,0.8,0
dl_721,10,East_exit,10,7,0.8,0
dl_721,15,West_exit,15,10,0.8,0
dl_721,17,West_exit,15,10,0.8,0
dl_721,12,East_exit_short,12,9,0.44,0
dl_722,3,,,,,
dl_722,15,West_exit,15,10,0.8,0
dl_722,17,West_exit,15,10,0.8,0
dl_722,8,East_exit,8,6,0.8,0
dl_722,9,West_exit_short,9,6,0.44,0
dl_722,12,East_exit_short,12,9,0.44,0
dl_723,3,,,,,
dl_723,15,West_exit,15,10,0.8,0
dl_723,17,West_exit,15,10,0.8,0
dl_723,8,East_exit,8,6,0.8,0
dl_723,11,West_exit_short,11,7,0.44,0
dl_723,12,East_exit_short,12,9,0.44,0
dl_724,2,,,,,
dl_724,9,East_exit,9,7,0.8,0
dl_724,8,East_exit,9,7,0.8,0
dl_724,12,East_exit_short,12,9,0.44,0
dl_724,17,West_exit,17,11,0.8,0
dl_725,3,,,,,
dl_725,8,East_exit,8,6,0.8,0
dl_725,10,West_exit_short,10,6,0.44,0
dl_725,12,East_exit_short,12,9,0.44,0
dl_725,17,West_exit,17,11,0.8,0
dl_726,2,,,,,
dl_726,8,East_exit,10,7,0.8,0
dl_726,10,East_exit,10,7,0.8,0
dl_726,12,East_exit_short,12,9,0.44,0
dl_726,17,West_exit,17,11,0.8,0
dl_727,3,,,,,
dl_727,8,East_exit,8,6,0.8,0
dl_727,9,West_exit_short,9,6,0.44,0
dl_727,12,East_exit_short,12,9,0.44,0
dl_727,17,West_exit,17,11,0.8,0
dl_728,3,,,,,
dl_728,8,East_exit,8,6,0.8,0
dl_728,11,West_exit_short,11,7,0.44,0
dl_728,12,East_exit_short,12,9,0.44,0
dl_728,17,West_exit,17,11,0.8,0
dl_729,2,,,,,
dl_729,17,West_exit,16,10,0.8,0
dl_729,16,West_exit,16,10,0.8,0
dl_729,8,East_exit,8,6,0.8,0
dl_729,12,East_exit_short,12,9,0.44,0
dl_730,2,,,,,
dl_730,15,West_exit,15,10,0.8,0
dl_730,17,West_exit,15,10,0.8,0
dl_730,8,East_exit,8,6,0.8,0
dl_730,12,East_exit_short,12,9,0.44,0
dl_731,2,,,,,
dl_731,8,East_exit,8,6,0.8,0
dl_731,12,East_exit_short,12,9,0.44,0
dl_731,17,West_exit,17,11,0.8,0
dl_732,2,,,,,
dl_732,17,West_exit,16,10,0.8,0
dl_732,16,West_exit,16,10,0.8,0
dl_732,12,East_exit_short,12,9,0.44,0
dl_732,5,East_exit,7,5,0.8,0
dl_732,7,East_exit,7,5,0.8,0
dl_733,2,,,,,
dl_733,15,West_exit,15,10,0.8,0
dl_733,17,West_exit,15,10,0.8,0
dl_733,12,East_exit_short,12,9,0.44,0
dl_733,5,East_exit,7,5,0.8,0
dl_733,7,East_exit,7,5,0.8,0
dl_734,2,,,,,
dl_734,5,East_exit,7,5,0.8,0
dl_734,7,East_exit,7,5,0.8,0
dl_734,17,West_exit,17,11,0.8,0
dl_734,12,East_exit_short,12,9,0.44,0
dl_735,3,,,,,
dl_735,11,East_exit_short,11,8,0.44,0
dl_735,13,West_exit_short,13,8,0.44,0
dl_735,8,East_exit,10,7,0.8,0
dl_735,10,East_exit,10,7,0.8,0
dl_735,17,West_exit,16,10,0.8,0
dl_735,16,West_exit,16,10,0.8,0
dl_736,3,,,,,
dl_736,11,East_exit_short,11,8,0.44,0
dl_736,13,West_exit_short,13,8,0.44,0
dl_736,9,East_exit,9,7,0.8,0
dl_736,8,East_exit,9,7,0.8,0
dl_736,17,West_exit,16,10,0.8,0
dl_736,16,West_exit,16,10,0.8,0
dl_737,3,,,,,
dl_737,11,East_exit_short,11,8,0.44,0
dl_737,13,West_exit_short,13,8,0.44,0
dl_737,8,East_exit,8,6,0.8,0
dl_737,17,West_exit,16,10,0.8,0
dl_737,16,West_exit,16,10,0.8,0
dl_738,3,,,,,
dl_738,11,East_exit_short,11,8,0.44,0
dl_738,13,West_exit_short,13,8,0.44,0
dl_738,8,East_exit,10,7,0.8,0
dl_738,10,East_exit,10,7,0.8,0
dl_738,15,West_exit,15,10,0.8,0
dl_738,17,West_exit,15,10,0.8,0
dl_739,3,,,,,
dl_739,11,East_exit_short,11,8,0.44,0
dl_739,13,West_exit_short,13,8,0.44,0
dl_739,9,East_exit,9,7,0.8,0
dl_739,8,East_exit,9,7,0.8,0
dl_739,15,West_exit,15,10,0.8,0
dl_739,17,West_exit,15,10,0.8,0
dl_740,3,,,,,
dl_740,11,East_exit_short,11,8,0.44,0
dl_740,13,West_exit_short,13,8,0.44,0
dl_740,8,East_exit,8,6,0.8,0
dl_740,15,West_exit,15,10,0.8,0
dl_740,17,West_exit,15,10,0.8,0
dl_741,3,,,,,
dl_741,11,East_exit_short,11,8,0.44,0
dl_741,13,West_exit_short,13,8,0.44,0
dl_741,8,East_exit,10,7,0.8,0
dl_741,10,East_exit,10,7,0.8,0
dl_741,17,West_exit,17,11,0.8,0
dl_742,3,,,,,
dl_742,11,East_exit_short,11,8,0.44,0
dl_742,13,West_exit_short,13,8,0.44,0
dl_742,9,East_exit,9,7,0.8,0
dl_742,8,East_exit,9,7,0.8,0
dl_742,17,West_exit,17,11,0.8,0
dl_743,3,,,,,
dl_743,11,East_exit_short,11,8,0.44,0
dl_743,13,West_exit_short,13,8,0.44,0
dl_743,8,East_exit,8,6,0.8,0
dl_743,17,West_exit,17,11,0.8,0
dl_744,3,,,,,
dl_744,11,East_exit_short,11,8,0.44,0
dl_744,13,West_exit_short,13,8,0.44,0
dl_744,5,East_exit,7,5,0.8,0
dl_744,7,East_exit,7,5,0.8,0
dl_744,17,West_exit,16,10,0.8,0
dl_744,16,West_exit,16,10,0.8,0
dl_745,3,,,,,
dl_745,11,East_exit_short,11,8,0.44,0
dl_745,13,West_exit_short,13,8,0.44,0
dl_745,5,East_exit,7,5,0.8,0
dl_745,7,East_exit,7,5,0.8,0
dl_745,15,West_exit,15,10,0.8,0
dl_745,17,West_exit,15,10,0.8,0
dl_746,3,,,,,
dl_746,11,East_exit_short,11,8,0.44,0
dl_746,13,West_exit_short,13,8,0.44,0
dl_746,5,East_exit,7,5,0.8,0
dl_746,7,East_exit,7,5,0.8,0
dl_746,17,West_exit,17,11,0.8,0
dl_747,2,,,,,
dl_747,9,East_exit,9,7,0.8,0
dl_747,8,East_exit,9,7,0.8,0
dl_747,17,West_exit,16,10,0.8,0
dl_747,16,West_exit,16,10,0.8,0
dl_747,13,East_exit_short,13,9,0.44,0
dl_748,3,,,,,
dl_748,8,East_exit,8,6,0.8,0
dl_748,17,West_exit,16,10,0.8,0
dl_748,16,West_exit,16,10,0.8,0
dl_748,10,West_exit_short,10,6,0.44,0
dl_748,13,East_exit_short,13,9,0.44,0
dl_749,3,,,,,
dl_749,17,West_exit,16,10,0.8,0
dl_749,16,West_exit,16,10,0.8,0
dl_749,8,East_exit,8,6,0.8,0
dl_749,9,West_exit_short,9,6,0.44,0
dl_749,13,East_exit_short,13,9,0.44,0
dl_750,3,,,,,
dl_750,17,West_exit,16,10,0.8,0
dl_750,16,West_exit,16,10,0.8,0
dl_750,8,East_exit,8,6,0.8,0
dl_750,11,West_exit_short,11,7,0.44,0
dl_750,13,East_exit_short,13,9,0.44,0
dl_751,2,,,,,
dl_751,13,East_exit_short,13,9,0.44,0
dl_751,17,West_exit,16,10,0.8,0
dl_751,16,West_exit,16,10,0.8,0
dl_751,8,East_exit,8,6,0.8,0
dl_752,2,,,,,
dl_752,9,East_exit,9,7,0.8,0
dl_752,8,East_exit,9,7,0.8,0
dl_752,15,West_exit,15,10,0.8,0
dl_752,17,West_exit,15,10,0.8,0
dl_752,13,East_exit_short,13,9,0.44,0
dl_753,3,,,,,
dl_753,8,East_exit,8,6,0.8,0
dl_753,15,West_exit,15,10,0.8,0
dl_753,17,West_exit,15,10,0.8,0
dl_753,10,West_exit_short,10,6,0.44,0
dl_753,13,East_exit_short,13,9,0.44,0
dl_754,3,,,,,
dl_754,15,West_exit,15,10,0.8,0
dl_754,17,West_exit,15,10,0.8,0
dl_754,8,East_exit,8,6,0.8,0
dl_754,9,West_exit_short,9,6,0.44,0
dl_754,13,East_exit_short,13,9,0.44,0
dl_755,3,,,,,
dl_755,15,West_exit,15,10,0.8,0
dl_755,17,West_exit,15,10,0.8,0
dl_755,8,East_exit,8,6,0.8,0
dl_755,11,West_exit_short,11,7,0.44,0
dl_755,13,East_exit_short,13,9,0.44,0
dl_756,2,,,,,
dl_756,13,East_exit_short,13,9,0.44,0
dl_756,15,West_exit,15,10,0.8,0
dl_756,17,West_exit,15,10,0.8,0
dl_756,8,East_exit,8,6,0.8,0
dl_757,2,,,,,
dl_757,9,East_exit,9,7,0.8,0
dl_757,8,East_exit,9,7,0.8,0
dl_757,13,East_exit_short,13,9,0.44,0
dl_757,17,West_exit,17,11,0.8,0
dl_758,3,,,,,
dl_758,8,East_exit,8,6,0.8,0
dl_758,10,West_exit_short,10,6,0.44,0
dl_758,13,East_exit_short,13,9,0.44,0
dl_758,17,West_exit,17,11,0.8,0
dl_759,3,,,,,
dl_759,8,East_exit,8,6,0.8,0
dl_759,9,West_exit_short,9,6,0.44,0
dl_759,13,East_exit_short,13,9,0.44,0
dl_759,17,West_exit,17,11,0.8,0
dl_760,3,,,,,
dl_760,8,East_exit,8,6,0.8,0
dl_760,11,West_exit_short,11,7,0.44,0
dl_760,13,East_exit_short,13,9,0.44,0
dl_760,17,West_exit,17,11,0.8,0
dl_761,2,,,,,
dl_761,17,West_exit,17,11,0.8,0
dl_761,8,East_exit,8,6,0.8,0
dl_761,13,East_exit_short,13,9,0.44,0
dl_762,2,,,,,
dl_762,17,West_exit,16,10,0.8,0
dl_762,16,West_exit,16,10,0.8,0
dl_762,13,East_exit_short,13,9,0.44,0
dl_762,5,East_exit,7,5,0.8,0
dl_762,7,East_exit,7,5,0.8,0
dl_763,2,,,,,
dl_763,15,West_exit,15,10,0.8,0
dl_763,17,West_exit,15,10,0.8,0
dl_763,13,East_exit_short,13,9,0.44,0
dl_763,5,East_exit,7,5,0.8,0
dl_763,7,East_exit,7,5,0.8,0
dl_764,2,,,,,
dl_764,5,East_exit,7,5,0.8,0
dl_764,7,East_exit,7,5,0.8,0
dl_764,17,West_exit,17,11,0.8,0
dl_764,13,East_exit_short,13,9,0.44,0
dl_765,3,,,,,
dl_765,12,West_exit_short,12,8,0.44,0
dl_765,8,East_exit,10,7,0.8,0
dl_765,10,East_exit,10,7,0.8,0
dl_765,11,East_exit_short,11,8,0.44,0
dl_765,17,West_exit,16,10,0.8,0
dl_765,16,West_exit,16,10,0.8,0
dl_766,3,,,,,
dl_766,12,West_exit_short,12,8,0.44,0
dl_766,9,East_exit,9,7,0.8,0
dl_766,8,East_exit,9,7,0.8,0
dl_766,11,East_exit_short,11,8,0.44,0
dl_766,17,West_exit,16,10,0.8,0
dl_766,16,West_exit,16,10,0.8,0
dl_767,3,,,,,
dl_767,11,East_exit_short,11,8,0.44,0
dl_767,12,West_exit_short,12,8,0.44,0
dl_767,17,West_exit,16,10,0.8,0
dl_767,16,West_exit,16,10,0.8,0
dl_767,8,East_exit,8,6,0.8,0
dl_768,3,,,,,
dl_768,12,West_exit_short,12,8,0.44,0
dl_768,8,East_exit,10,7,0.8,0
dl_768,10,East_exit,10,7,0.8,0
dl_768,11,East_exit_short,11,8,0.44,0
dl_768,15,West_exit,15,10,0.8,0
dl_768,17,West_exit,15,10,0.8,0
dl_769,3,,,,,
dl_769,12,West_exit_short,12,8,0.44,0
dl_769,9,East_exit,9,7,0.8,0
dl_769,8,East_exit,9,7,0.8,0
dl_769,11,East_exit_short,11,8,0.44,0
dl_769,15,West_exit,15,10,0.8,0
dl_769,17,West_exit,15,10,0.8,0
dl_770,3,,,,,
dl_770,11,East_exit_short,11,8,0.44,0
dl_770,12,West_exit_short,12,8,0.44,0
dl_770,15,West_exit,15,10,0.8,0
dl_770,17,West_exit,15,10,0.8,0
dl_770,8,East_exit,8,6,0.8,0
dl_771,3,,,,,
dl_771,12,West_exit_short,12,8,0.44,0
dl_771,8,East_exit,10,7,0.8,0
dl_771,10,East_exit,10,7,0.8,0
dl_771,11,East_exit_short,11,8,0.44,0
dl_771,17,West_exit,17,11,0.8,0
dl_772,3,,,,,
dl_772,12,West_exit_short,12,8,0.44,0
dl_772,9,East_exit,9,7,0.8,0
dl_772,8,East_exit,9,7,0.8,0
dl_772,11,East_exit_short,11,8,0.44,0
dl_772,17,West_exit,17,11,0.8,0
dl_773,3,,,,,
dl_773,11,East_exit_short,11,8,0.44,0
dl_773,12,West_exit_short,12,8,0.44,0
dl_773,17,West_exit,17,11,0.8,0
dl_773,8,East_exit,8,6,0.8,0
dl_774,3,,,,,
dl_774,12,West_exit_short,12,8,0.44,0
dl_774,5,East_exit,7,5,0.8,0
dl_774,7,East_exit,7,5,0.8,0
dl_774,11,East_exit_short,11,8,0.44,0
dl_774,17,West_exit,16,10,0.8,0
dl_774,16,West_exit,16,10,0.8,0
dl_775,3,,,,,
dl_775,12,West_exit_short,12,8,0.44,0
dl_775,5,East_exit,7,5,0.8,0
dl_775,7,East_exit,7,5,0.8,0
dl_775,11,East_exit_short,11,8,0.44,0
dl_775,15,West_exit,15,10,0.8,0
dl_775,17,West_exit,15,10,0.8,0
dl_776,3,,,,,
dl_776,12,West_exit_short,12,8,0.44,0
dl_776,5,East_exit,7,5,0.8,0
dl_776,7,East_exit,7,5,0.8,0
dl_776,11,East_exit_short,11,8,0.44,0
dl_776,17,West_exit,17,11,0.8,0
dl_777,3,,,,,
dl_777,14,West_exit_short,14,9,0.44,0
dl_777,11,East_exit_short,11,8,0.44,0
dl_777,8,East_exit,10,7,0.8,0
dl_777,10,East_exit,10,7,0.8,0
dl_777,17,West_exit,16,10,0.8,0
dl_777,16,West_exit,16,10,0.8,0
dl_778,3,,,,,
dl_778,14,West_exit_short,14,9,0.44,0
dl_778,11,East_exit_short,11,8,0.44,0
dl_778,9,East_exit,9,7,0.8,0
dl_778,8,East_exit,9,7,0.8,0
dl_778,17,West_exit,16,10,0.8,0
dl_778,16,West_exit,16,10,0.8,0
dl_779,3,,,,,
dl_779,11,East_exit_short,11,8,0.44,0
dl_779,14,West_exit_short,14,9,0.44,0
dl_779,17,West_exit,16,10,0.8,0
dl_779,16,West_exit,16,10,0.8,0
dl_779,8,East_exit,8,6,0.8,0
dl_780,3,,,,,
dl_780,14,West_exit_short,14,9,0.44,0
dl_780,11,East_exit_short,11,8,0.44,0
dl_780,8,East_exit,10,7,0.8,0
dl_780,10,East_exit,10,7,0.8,0
dl_780,15,West_exit,15,10,0.8,0
dl_780,17,West_exit,15,10,0.8,0
dl_781,3,,,,,
dl_781,14,West_exit_short,14,9,0.44,0
dl_781,11,East_exit_short,11,8,0.44,0
dl_781,9,East_exit,9,7,0.8,0
dl_781,8,East_exit,9,7,0.8,0
dl_781,15,West_exit,15,10,0.8,0
dl_781,17,West_exit,15,10,0.8,0
dl_782,3,,,,,
dl_782,11,East_exit_short,11,8,0.44,0
dl_782,14,West_exit_short,14,9,0.44,0
dl_782,15,West_exit,15,10,0.8,0
dl_782,17,West_exit,15,10,0.8,0
dl_782,8,East_exit,8,6,0.8,0
dl_783,3,,,,,
dl_783,14,West_exit_short,14,9,0.44,0
dl_783,11,East_exit_short,11,8,0.44,0
dl_783,8,East_exit,10,7,0.8,0
dl_783,10,East_exit,10,7,0.8,0
dl_783,17,West_exit,17,11,0.8,0
dl_784,3,,,,,
dl_784,14,West_exit_short,14,9,0.44,0
dl_784,11,East_exit_short,11,8,0.44,0
dl_784,9,East_exit,9,7,0.8,0
dl_784,8,East_exit,9,7,0.8,0
dl_784,17,West_exit,17,11,0.8,0
dl_785,3,,,,,
dl_785,11,East_exit_short,11,8,0.44,0
dl_785,14,West_exit_short,14,9,0.44,0
dl_785,17,West_exit,17,11,0.8,0
dl_785,8,East_exit,8,6,0.8,0
dl_786,3,,,,,
dl_786,14,West_exit_short,14,9,0.44,0
dl_786,11,East_exit_short,11,8,0.44,0
dl_786,5,East_exit,7,5,0.8,0
dl_786,7,East_exit,7,5,0.8,0
dl_786,17,West_exit,16,10,0.8,0
dl_786,16,West_exit,16,10,0.8,0
dl_787,3,,,,,
dl_787,14,West_exit_short,14,9,0.44,0
dl_787,11,East_exit_short,11,8,0.44,0
dl_787,5,East_exit,7,5,0.8,0
dl_787,7,East_exit,7,5,0.8,0
dl_787,15,West_exit,15,10,0.8,0
dl_787,17,West_exit,15,10,0.8,0
dl_788,3,,,,,
dl_788,14,West_exit_short,14,9,0.44,0
dl_788,11,East_exit_short,11,8,0.44,0
dl_788,5,East_exit,7,5,0.8,0
dl_788,7,East_exit,7,5,0.8,0
dl_788,17,West_exit,17,11,0.8,0
dl_789,1,,,,,
dl_789,12,East_exit,12,9,0.8,0
dl_789,11,East_exit,12,9,0.8,0
dl_789,17,West_exit,16,10,0.8,0
dl_789,16,West_exit,16,10,0.8,0
dl_790,1,,,,,
dl_790,12,East_exit,12,9,0.8,0
dl_790,11,East_exit,12,9,0.8,0
dl_790,15,West_exit,15,10,0.8,0
dl_790,17,West_exit,15,10,0.8,0
dl_791,1,,,,,
dl_791,12,East_exit,12,9,0.8,0
dl_791,11,East_exit,12,9,0.8,0
dl_791,17,West_exit,17,11,0.8,0
dl_792,3,,,,,
dl_792,10,East_exit_short,10,7,0.44,0
dl_792,11,East_exit,11,8,0.8,0
dl_792,5,East_exit,7,5,0.8,0
dl_792,7,East_exit,7,5,0.8,0
dl_792,17,West_exit,16,10,0.8,0
dl_792,16,West_exit,16,10,0.8,0
dl_793,3,,,,,
dl_793,10,East_exit_short,10,7,0.44,0
dl_793,11,East_exit,11,8,0.8,0
dl_793,6,East_exit,6,5,0.8,0
dl_793,5,East_exit,6,5,0.8,0
dl_793,17,West_exit,16,10,0.8,0
dl_793,16,West_exit,16,10,0.8,0
dl_794,3,,,,,
dl_794,10,East_exit_short,10,7,0.44,0
dl_794,11,East_exit,11,8,0.8,0
dl_794,17,West_exit,16,10,0.8,0
dl_794,16,West_exit,16,10,0.8,0
dl_794,5,East_exit,5,4,0.8,0
dl_795,1,,,,,
dl_795,11,East_exit,11,8,0.8,0
dl_795,17,West_exit,16,10,0.8,0
dl_795,16,West_exit,16,10,0.8,0
dl_796,3,,,,,
dl_796,10,East_exit_short,10,7,0.44,0
dl_796,11,East_exit,11,8,0.8,0
dl_796,5,East_exit,7,5,0.8,0
dl_796,7,East_exit,7,5,0.8,0
dl_796,15,West_exit,15,10,0.8,0
dl_796,17,West_exit,15,10,0.8,0
dl_797,3,,,,,
dl_797,10,East_exit_short,10,7,0.44,0
dl_797,11,East_exit,11,8,0.8,0
dl_797,6,East_exit,6,5,0.8,0
dl_797,5,East_exit,6,5,0.8,0
dl_797,15,West_exit,15,10,0.8,0
dl_797,17,West_exit,15,10,0.8,0
dl_798,3,,,,,
dl_798,10,East_exit_short,10,7,0.44,0
dl_798,11,East_exit,11,8,0.8,0
dl_798,15,West_exit,15,10,0.8,0
dl_798,17,West_exit,15,10,0.8,0
dl_798,5,East_exit,5,4,0.8,0
dl_799,1,,,,,
dl_799,11,East_exit,11,8,0.8,0
dl_799,15,West_exit,15,10,0.8,0
dl_799,17,West_exit,15,10,0.8,0
dl_800,3,,,,,
dl_800,10,East_exit_short,10,7,0.44,0
dl_800,11,East_exit,11,8,0.8,0
dl_800,5,East_exit,7,5,0.8,0
dl_800,7,East_exit,7,5,0.8,0
dl_800,17,West_exit,17,11,0.8,0
dl_801,3,,,,,
dl_801,10,East_exit_short,10,7,0.44,0
dl_801,11,East_exit,11,8,0.8,0
dl_801,6,East_exit,6,5,0.8,0
dl_801,5,East_exit,6,5,0.8,0
dl_801,17,West_exit,17,11,0.8,0
dl_802,3,,,,,
dl_802,10,East_exit_short,10,7,0.44,0
dl_802,11,East_exit,11,8,0.8,0
dl_802,17,West_exit,17,11,0.8,0
dl_802,5,East_exit,5,4,0.8,0
dl_803,1,,,,,
dl_803,11,East_exit,11,8,0.8,0
dl_803,17,West_exit,17,11,0.8,0
dl_804,2,,,,,
dl_804,17,West_exit,16,10,0.8,0
dl_804,6,East_exit,6,5,0.8,0
dl_804,5,East_exit,6,5,0.8,0
dl_804,15,East_exit_short,15,11,0.44,0
dl_805,2,,,,,
dl_805,17,West_exit,16,10,0.8,0
dl_805,5,East_exit,5,4,0.8,0
dl_805,15,East_exit_short,15,11,0.44,0
dl_806,2,,,,,
dl_806,14,East_exit_short,14,10,0.44,0
dl_806,17,West_exit,16,10,0.8,0
dl_806,16,West_exit,16,10,0.8,0
dl_806,6,East_exit,6,5,0.8,0
dl_806,5,East_exit,6,5,0.8,0
dl_807,2,,,,,
dl_807,14,East_exit_short,14,10,0.44,0
dl_807,17,West_exit,16,10,0.8,0
dl_807,16,West_exit,16,10,0.8,0
dl_807,5,East_exit,5,4,0.8,0
dl_808,3,,,,,
dl_808,17,West_exit,16,10,0.8,0
dl_808,2,East_exit,4,3,0.8,0
dl_808,3,West_exit_short,3,2,0.44,0
dl_808,15,East_exit_short,15,11,0.44,0
dl_809,3,,,,,
dl_809,2,East_exit,4,3,0.8,0
dl_809,14,East_exit_short,14,10,0.44,0
dl_809,17,West_exit,16,10,0.8,0
dl_809,16,West_exit,16,10,0.8,0
dl_809,3,West_exit_short,3,2,0.44,0
dl_810,2,,,,,
dl_810,14,East_exit_short,14,10,0.44,0
dl_810,15,West_exit,15,10,0.8,0
dl_810,17,West_exit,15,10,0.8,0
dl_810,6,East_exit,6,5,0.8,0
dl_810,5,East_exit,6,5,0.8,0
dl_811,2,,,,,
dl_811,14,East_exit_short,14,10,0.44,0
dl_811,15,West_exit,15,10,0.8,0
dl_811,17,West_exit,15,10,0.8,0
dl_811,5,East_exit,5,4,0.8,0
dl_812,3,,,,,
dl_812,2,East_exit,4,3,0.8,0
dl_812,14,East_exit_short,14,10,0.44,0
dl_812,15,West_exit,15,10,0.8,0
dl_812,17,West_exit,15,10,0.8,0
dl_812,3,West_exit_short,3,2,0.44,0
dl_813,2,,,,,
dl_813,15,East_exit_short,15,11,0.44,0
dl_813,6,East_exit,6,5,0.8,0
dl_813,5,East_exit,6,5,0.8,0
dl_813,17,West_exit,17,11,0.8,0
dl_814,2,,,,,
dl_814,15,East_exit_short,15,11,0.44,0
dl_814,5,East_exit,5,4,0.8,0
dl_814,17,West_exit,17,11,0.8,0
dl_815,2,,,,,
dl_815,14,East_exit_short,14,10,0.44,0
dl_815,6,East_exit,6,5,0.8,0
dl_815,5,East_exit,6,5,0.8,0
dl_815,17,West_exit,17,11,0.8,0
dl_816,2,,,,,
dl_816,14,East_exit_short,14,10,0.44,0
dl_816,5,East_exit,5,4,0.8,0
dl_816,17,West_exit,17,11,0.8,0
dl_817,3,,,,,
dl_817,2,East_exit,4,3,0.8,0
dl_817,15,East_exit_short,15,11,0.44,0
dl_817,3,West_exit_short,3,2,0.44,0
dl_817,17,West_exit,17,11,0.8,0
dl_818,3,,,,,
dl_818,2,East_exit,4,3,0.8,0
dl_818,14,East_exit_short,14,10,0.44,0
dl_818,3,West_exit_short,3,2,0.44,0
dl_818,17,West_exit,17,11,0.8,0
dl_819,2,,,,,
dl_819,6,East_exit,6,5,0.8,0
dl_819,5,East_exit,6,5,0.8,0
dl_819,17,West_exit,16,10,0.8,0
dl_819,16,West_exit,16,10,0.8,0
dl_819,13,East_exit_short,13,9,0.44,0
dl_820,2,,,,,
dl_820,5,East_exit,5,4,0.8,0
dl_820,17,West_exit,16,10,0.8,0
dl_820,16,West_exit,16,10,0.8,0
dl_820,13,East_exit_short,13,9,0.44,0
dl_821,3,,,,,
dl_821,2,East_exit,4,3,0.8,0
dl_821,17,West_exit,16,10,0.8,0
dl_821,16,West_exit,16,10,0.8,0
dl_821,3,West_exit_short,3,2,0.44,0
dl_821,13,East_exit_short,13,9,0.44,0
dl_822,2,,,,,
dl_822,6,East_exit,6,5,0.8,0
dl_822,5,East_exit,6,5,0.8,0
dl_822,15,West_exit,15,10,0.8,0
dl_822,17,West_exit,15,10,0.8,0
dl_822,13,East_exit_short,13,9,0.44,0
dl_823,2,,,,,
dl_823,5,East_exit,5,4,0.8,0
dl_823,15,West_exit,15,10,0.8,0
dl_823,17,West_exit,15,10,0.8,0
dl_823,13,East_exit_short,13,9,0.44,0
dl_824,3,,,,,
dl_824,2,East_exit,4,3,0.8,0
dl_824,15,West_exit,15,10,0.8,0
dl_824,17,West_exit,15,10,0.8,0
dl_824,3,West_exit_short,3,2,0.44,0
dl_824,13,East_exit_short,13,9,0.44,0
dl_825,2,,,,,
dl_825,6,East_exit,6,5,0.8,0
dl_825,5,East_exit,6,5,0.8,0
dl_825,17,West_exit,17,11,0.8,0
dl_825,13,East_exit_short,13,9,0.44,0
dl_826,2,,,,,
dl_826,5,East_exit,5,4,0.8,0
dl_826,17,West_exit,17,11,0.8,0
dl_826,13,East_exit_short,13,9,0.44,0
dl_827,3,,,,,
dl_827,2,East_exit,4,3,0.8,0
dl_827,3,West_exit_short,3,2,0.44,0
dl_827,17,West_exit,17,11,0.8,0
dl_827,13,East_exit_short,13,9,0.44,0
dl_828,2,,,,,
dl_828,17,West_exit,16,10,0.8,0
dl_828,16,West_exit,16,10,0.8,0
dl_828,6,East_exit,6,5,0.8,0
dl_828,5,East_exit,6,5,0.8,0
dl_828,12,East_exit_short,12,9,0.44,0
dl_829,2,,,,,
dl_829,17,West_exit,16,10,0.8,0
dl_829,16,West_exit,16,10,0.8,0
dl_829,5,East_exit,5,4,0.8,0
dl_829,12,East_exit_short,12,9,0.44,0
dl_830,3,,,,,
dl_830,2,East_exit,4,3,0.8,0
dl_830,17,West_exit,16,10,0.8,0
dl_830,16,West_exit,16,10,0.8,0
dl_830,3,West_exit_short,3,2,0.44,0
dl_830,12,East_exit_short,12,9,0.44,0
dl_831,2,,,,,
dl_831,15,West_exit,15,10,0.8,0
dl_831,17,West_exit,15,10,0.8,0
dl_831,6,East_exit,6,5,0.8,0
dl_831,5,East_exit,6,5,0.8,0
dl_831,12,East_exit_short,12,9,0.44,0
dl_832,2,,,,,
dl_832,15,West_exit,15,10,0.8,0
dl_832,17,West_exit,15,10,0.8,0
dl_832,5,East_exit,5,4,0.8,0
dl_832,12,East_exit_short,12,9,0.44,0
dl_833,3,,,,,
dl_833,2,East_exit,4,3,0.8,0
dl_833,15,West_exit,15,10,0.8,0
dl_833,17,West_exit,15,10,0.8,0
dl_833,3,West_exit_short,3,2,0.44,0
dl_833,12,East_exit_short,12,9,0.44,0
dl_834,2,,,,,
dl_834,6,East_exit,6,5,0.8,0
dl_834,5,East_exit,6,5,0.8,0
dl_834,12,East_exit_short,12,9,0.44,0
dl_834,17,West_exit,17,11,0.8,0
dl_835,2,,,,,
dl_835,5,East_exit,5,4,0.8,0
dl_835,12,East_exit_short,12,9,0.44,0
dl_835,17,West_exit,17,11,0.8,0
dl_836,3,,,,,
dl_836,2,East_exit,4,3,0.8,0
dl_836,3,West_exit_short,3,2,0.44,0
dl_836,12,East_exit_short,12,9,0.44,0
dl_836,17,West_exit,17,11,0.8,0
dl_837,2,,,,,
dl_837,8,East_exit,10,7,0.8,0
dl_837,10,East_exit,10,7,0.8,0
dl_837,17,West_exit,16,10,0.8,0
dl_837,16,West_exit,16,10,0.8,0
dl_837,11,East_exit_short,11,8,0.44,0
dl_838,2,,,,,
dl_838,9,East_exit,9,7,0.8,0
dl_838,8,East_exit,9,7,0.8,0
dl_838,17,West_exit,16,10,0.8,0
dl_838,16,West_exit,16,10,0.8,0
dl_838,11,East_exit_short,11,8,0.44,0
dl_839,2,,,,,
dl_839,8,East_exit,8,6,0.8,0
dl_839,17,West_exit,16,10,0.8,0
dl_839,16,West_exit,16,10,0.8,0
dl_839,11,East_exit_short,11,8,0.44,0
dl_840,2,,,,,
dl_840,17,West_exit,16,10,0.8,0
dl_840,16,West_exit,16,10,0.8,0
dl_840,5,East_exit,7,5,0.8,0
dl_840,7,East_exit,7,5,0.8,0
dl_840,11,East_exit_short,11,8,0.44,0
dl_841,2,,,,,
dl_841,17,West_exit,16,10,0.8,0
dl_841,16,West_exit,16,10,0.8,0
dl_841,6,East_exit,6,5,0.8,0
dl_841,5,East_exit,6,5,0.8,0
dl_841,11,East_exit_short,11,8,0.44,0
dl_842,2,,,,,
dl_842,17,West_exit,16,10,0.8,0
dl_842,16,West_exit,16,10,0.8,0
dl_842,5,East_exit,5,4,0.8,0
dl_842,11,East_exit_short,11,8,0.44,0
dl_843,3,,,,,
dl_843,2,East_exit,4,3,0.8,0
dl_843,17,West_exit,16,10,0.8,0
dl_843,16,West_exit,16,10,0.8,0
dl_843,3,West_exit_short,3,2,0.44,0
dl_843,11,East_exit_short,11,8,0.44,0
dl_844,2,,,,,
dl_844,8,East_exit,10,7,0.8,0
dl_844,10,East_exit,10,7,0.8,0
dl_844,15,West_exit,15,10,0.8,0
dl_844,17,West_exit,15,10,0.8,0
dl_844,11,East_exit_short,11,8,0.44,0
dl_845,2,,,,,
dl_845,9,East_exit,9,7,0.8,0
dl_845,8,East_exit,9,7,0.8,0
dl_845,15,West_exit,15,10,0.8,0
dl_845,17,West_exit,15,10,0.8,0
dl_845,11,East_exit_short,11,8,0.44,0
dl_846,2,,,,,
dl_846,8,East_exit,8,6,0.8,0
dl_846,15,West_exit,15,10,0.8,0
dl_846,17,West_exit,15,10,0.8,0
dl_846,11,East_exit_short,11,8,0.44,0
dl_847,2,,,,,
dl_847,15,West_exit,15,10,0.8,0
dl_847,17,West_exit,15,10,0.8,0
dl_847,5,East_exit,7,5,0.8,0
dl_847,7,East_exit,7,5,0.8,0
dl_847,11,East_exit_short,11,8,0.44,0
dl_848,2,,,,,
dl_848,15,West_exit,15,10,0.8,0
dl_848,17,West_exit,15,10,0.8,0
dl_848,6,East_exit,6,5,0.8,0
dl_848,5,East_exit,6,5,0.8,0
dl_848,11,East_exit_short,11,8,0.44,0
dl_849,2,,,,,
dl_849,15,West_exit,15,10,0.8,0
dl_849,17,West_exit,15,10,0.8,0
dl_849,5,East_exit,5,4,0.8,0
dl_849,11,East_exit_short,11,8,0.44,0
dl_850,3,,,,,
dl_850,2,East_exit,4,3,0.8,0
dl_850,15,West_exit,15,10,0.8,0
dl_850,17,West_exit,15,10,0.8,0
dl_850,3,West_exit_short,3,2,0.44,0
dl_850,11,East_exit_short,11,8,0.44,0
dl_851,2,,,,,
dl_851,8,East_exit,10,7,0.8,0
dl_851,10,East_exit,10,7,0.8,0
dl_851,11,East_exit_short,11,8,0.44,0
dl_851,17,West_exit,17,11,0.8,0
dl_852,2,,,,,
dl_852,9,East_exit,9,7,0.8,0
dl_852,8,East_exit,9,7,0.8,0
dl_852,11,East_exit_short,11,8,0.44,0
dl_852,17,West_exit,17,11,0.8,0
dl_853,2,,,,,
dl_853,8,East_exit,8,6,0.8,0
dl_853,11,East_exit_short,11,8,0.44,0
dl_853,17,West_exit,17,11,0.8,0
dl_854,2,,,,,
dl_854,5,East_exit,7,5,0.8,0
dl_854,7,East_exit,7,5,0.8,0
dl_854,11,East_exit_short,11,8,0.44,0
dl_854,17,West_exit,17,11,0.8,0
dl_855,2,,,,,
dl_855,6,East_exit,6,5,0.8,0
dl_855,5,East_exit,6,5,0.8,0
dl_855,11,East_exit_short,11,8,0.44,0
dl_855,17,West_exit,17,11,0.8,0
dl_856,2,,,,,
dl_856,5,East_exit,5,4,0.8,0
dl_856,11,East_exit_short,11,8,0.44,0
dl_856,17,West_exit,17,11,0.8,0
dl_857,3,,,,,
dl_857,2,East_exit,4,3,0.8,0
dl_857,3,West_exit_short,3,2,0.44,0
dl_857,11,East_exit_short,11,8,0.44,0
dl_857,17,West_exit,17,11,0.8,0
dl_858,3,,,,,
dl_858,17,West_exit,16,10,0.8,0
dl_858,5,West_exit_short,5,3,0.44,0
dl_858,2,East_exit,4,3,0.8,0
dl_858,4,East_exit,4,3,0.8,0
dl_858,15,East_exit_short,15,11,0.44,0
dl_859,3,,,,,
dl_859,14,East_exit_short,14,10,0.44,0
dl_859,17,West_exit,16,10,0.8,0
dl_859,16,West_exit,16,10,0.8,0
dl_859,5,West_exit_short,5,3,0.44,0
dl_859,2,East_exit,4,3,0.8,0
dl_859,4,East_exit,4,3,0.8,0
dl_860,3,,,,,
dl_860,14,East_exit_short,14,10,0.44,0
dl_860,15,West_exit,15,10,0.8,0
dl_860,17,West_exit,15,10,0.8,0
dl_860,5,West_exit_short,5,3,0.44,0
dl_860,2,East_exit,4,3,0.8,0
dl_860,4,East_exit,4,3,0.8,0
dl_861,3,,,,,
dl_861,15,East_exit_short,15,11,0.44,0
dl_861,5,West_exit_short,5,3,0.44,0
dl_861,2,East_exit,4,3,0.8,0
dl_861,4,East_exit,4,3,0.8,0
dl_861,17,West_exit,17,11,0.8,0
dl_862,3,,,,,
dl_862,14,East_exit_short,14,10,0.44,0
dl_862,5,West_exit_short,5,3,0.44,0
dl_862,2,East_exit,4,3,0.8,0
dl_862,4,East_exit,4,3,0.8,0
dl_862,17,West_exit,17,11,0.8,0
dl_863,3,,,,,
dl_863,17,West_exit,16,10,0.8,0
dl_863,16,West_exit,16,10,0.8,0
dl_863,5,West_exit_short,5,3,0.44,0
dl_863,2,East_exit,4,3,0.8,0
dl_863,4,East_exit,4,3,0.8,0
dl_863,13,East_exit_short,13,9,0.44,0
dl_864,3,,,,,
dl_864,15,West_exit,15,10,0.8,0
dl_864,17,West_exit,15,10,0.8,0
dl_864,5,West_exit_short,5,3,0.44,0
dl_864,2,East_exit,4,3,0.8,0
dl_864,4,East_exit,4,3,0.8,0
dl_864,13,East_exit_short,13,9,0.44,0
dl_865,3,,,,,
dl_865,5,West_exit_short,5,3,0.44,0
dl_865,2,East_exit,4,3,0.8,0
dl_865,4,East_exit,4,3,0.8,0
dl_865,17,West_exit,17,11,0.8,0
dl_865,13,East_exit_short,13,9,0.44,0
dl_866,3,,,,,
dl_866,17,West_exit,16,10,0.8,0
dl_866,16,West_exit,16,10,0.8,0
dl_866,5,West_exit_short,5,3,0.44,0
dl_866,2,East_exit,4,3,0.8,0
dl_866,4,East_exit,4,3,0.8,0
dl_866,12,East_exit_short,12,9,0.44,0
dl_867,3,,,,,
dl_867,15,West_exit,15,10,0.8,0
dl_867,17,West_exit,15,10,0.8,0
dl_867,5,West_exit_short,5,3,0.44,0
dl_867,2,East_exit,4,3,0.8,0
dl_867,4,East_exit,4,3,0.8,0
dl_867,12,East_exit_short,12,9,0.44,0
dl_868,3,,,,,
dl_868,5,West_exit_short,5,3,0.44,0
dl_868,2,East_exit,4,3,0.8,0
dl_868,4,East_exit,4,3,0.8,0
dl_868,12,East_exit_short,12,9,0.44,0
dl_868,17,West_exit,17,11,0.8,0
dl_869,3,,,,,
dl_869,17,West_exit,16,10,0.8,0
dl_869,16,West_exit,16,10,0.8,0
dl_869,5,West_exit_short,5,3,0.44,0
dl_869,2,East_exit,4,3,0.8,0
dl_869,4,East_exit,4,3,0.8,0
dl_869,11,East_exit_short,11,8,0.44,0
dl_870,3,,,,,
dl_870,15,West_exit,15,10,0.8,0
dl_870,17,West_exit,15,10,0.8,0
dl_870,5,West_exit_short,5,3,0.44,0
dl_870,2,East_exit,4,3,0.8,0
dl_870,4,East_exit,4,3,0.8,0
dl_870,11,East_exit_short,11,8,0.44,0
dl_871,3,,,,,
dl_871,5,West_exit_short,5,3,0.44,0
dl_871,2,East_exit,4,3,0.8,0
dl_871,4,East_exit,4,3,0.8,0
dl_871,11,East_exit_short,11,8,0.44,0
dl_871,17,West_exit,17,11,0.8,0
dl_872,2,,,,,
dl_872,5,East_exit,7,5,0.8,0
dl_872,7,East_exit,7,5,0.8,0
dl_872,17,West_exit,16,10,0.8,0
dl_872,16,West_exit,16,10,0.8,0
dl_872,10,East_exit_short,10,7,0.44,0
dl_873,2,,,,,
dl_873,6,East_exit,6,5,0.8,0
dl_873,5,East_exit,6,5,0.8,0
dl_873,17,West_exit,16,10,0.8,0
dl_873,16,West_exit,16,10,0.8,0
dl_873,10,East_exit_short,10,7,0.44,0
dl_874,2,,,,,
dl_874,5,East_exit,5,4,0.8,0
dl_874,17,West_exit,16,10,0.8,0
dl_874,16,West_exit,16,10,0.8,0
dl_874,10,East_exit_short,10,7,0.44,0
dl_875,3,,,,,
dl_875,2,East_exit,4,3,0.8,0
dl_875,17,West_exit,16,10,0.8,0
dl_875,16,West_exit,16,10,0.8,0
dl_875,3,West_exit_short,3,2,0.44,0
dl_875,10,East_exit_short,10,7,0.44,0
dl_876,2,,,,,
dl_876,5,East_exit,7,5,0.8,0
dl_876,7,East_exit,7,5,0.8,0
dl_876,15,West_exit,15,10,0.8,0
dl_876,17,West_exit,15,10,0.8,0
dl_876,10,East_exit_short,10,7,0.44,0
dl_877,2,,,,,
dl_877,6,East_exit,6,5,0.8,0
dl_877,5,East_exit,6,5,0.8,0
dl_877,15,West_exit,15,10,0.8,0
dl_877,17,West_exit,15,10,0.8,0
dl_877,10,East_exit_short,10,7,0.44,0
dl_878,2,,,,,
dl_878,5,East_exit,5,4,0.8,0
dl_878,15,West_exit,15,10,0.8,0
dl_878,17,West_exit,15,10,0.8,0
dl_878,10,East_exit_short,10,7,0.44,0
dl_879,3,,,,,
dl_879,2,East_exit,4,3,0.8,0
dl_879,15,West_exit,15,10,0.8,0
dl_879,17,West_exit,15,10,0.8,0
dl_879,3,West_exit_short,3,2,0.44,0
dl_879,10,East_exit_short,10,7,0.44,0
dl_880,2,,,,,
dl_880,5,East_exit,7,5,0.8,0
dl_880,7,East_exit,7,5,0.8,0
dl_880,10,East_exit_short,10,7,0.44,0
dl_880,17,West_exit,17,11,0.8,0
dl_881,2,,,,,
dl_881,6,East_exit,6,5,0.8,0
dl_881,5,East_exit,6,5,0.8,0
dl_881,10,East_exit_short,10,7,0.44,0
dl_881,17,West_exit,17,11,0.8,0
dl_882,2,,,,,
dl_882,5,East_exit,5,4,0.8,0
dl_882,10,East_exit_short,10,7,0.44,0
dl_882,17,West_exit,17,11,0.8,0
dl_883,3,,,,,
dl_883,2,East_exit,4,3,0.8,0
dl_883,3,West_exit_short,3,2,0.44,0
dl_883,10,East_exit_short,10,7,0.44,0
dl_883,17,West_exit,17,11,0.8,0
dl_884,3,,,,,
dl_884,17,West_exit,16,10,0.8,0
dl_884,16,West_exit,16,10,0.8,0
dl_884,5,West_exit_short,5,3,0.44,0
dl_884,2,East_exit,4,3,0.8,0
dl_884,4,East_exit,4,3,0.8,0
dl_884,10,East_exit_short,10,7,0.44,0
dl_885,3,,,,,
dl_885,15,West_exit,15,10,0.8,0
dl_885,17,West_exit,15,10,0.8,0
dl_885,5,West_exit_short,5,3,0.44,0
dl_885,2,East_exit,4,3,0.8,0
dl_885,4,East_exit,4,3,0.8,0
dl_885,10,East_exit_short,10,7,0.44,0
dl_886,3,,,,,
dl_886,5,West_exit_short,5,3,0.44,0
dl_886,2,East_exit,4,3,0.8,0
dl_886,4,East_exit,4,3,0.8,0
dl_886,10,East_exit_short,10,7,0.44,0
dl_886,17,West_exit,17,11,0.8,0
dl_887,2,,,,,
dl_887,5,East_exit,7,5,0.8,0
dl_887,7,East_exit,7,5,0.8,0
dl_887,17,West_exit,16,10,0.8,0
dl_887,16,West_exit,16,10,0.8,0
dl_887,9,East_exit_short,9,7,0.44,0
dl_888,2,,,,,
dl_888,6,East_exit,6,5,0.8,0
dl_888,5,East_exit,6,5,0.8,0
dl_888,17,West_exit,16,10,0.8,0
dl_888,16,West_exit,16,10,0.8,0
dl_888,9,East_exit_short,9,7,0.44,0
dl_889,2,,,,,
dl_889,5,East_exit,5,4,0.8,0
dl_889,17,West_exit,16,10,0.8,0
dl_889,16,West_exit,16,10,0.8,0
dl_889,9,East_exit_short,9,7,0.44,0
dl_890,3,,,,,
dl_890,2,East_exit,4,3,0.8,0
dl_890,17,West_exit,16,10,0.8,0
dl_890,16,West_exit,16,10,0.8,0
dl_890,3,West_exit_short,3,2,0.44,0
dl_890,9,East_exit_short,9,7,0.44,0
dl_891,2,,,,,
dl_891,5,East_exit,7,5,0.8,0
dl_891,7,East_exit,7,5,0.8,0
dl_891,15,West_exit,15,10,0.8,0
dl_891,17,West_exit,15,10,0.8,0
dl_891,9,East_exit_short,9,7,0.44,0
dl_892,2,,,,,
dl_892,6,East_exit,6,5,0.8,0
dl_892,5,East_exit,6,5,0.8,0
dl_892,15,West_exit,15,10,0.8,0
dl_892,17,West_exit,15,10,0.8,0
dl_892,9,East_exit_short,9,7,0.44,0
dl_893,2,,,,,
dl_893,5,East_exit,5,4,0.8,0
dl_893,15,West_exit,15,10,0.8,0
dl_893,17,West_exit,15,10,0.8,0
dl_893,9,East_exit_short,9,7,0.44,0
dl_894,3,,,,,
dl_894,2,East_exit,4,3,0.8,0
dl_894,15,West_exit,15,10,0.8,0
dl_894,17,West_exit,15,10,0.8,0
dl_894,3,West_exit_short,3,2,0.44,0
dl_894,9,East_exit_short,9,7,0.44,0
dl_895,2,,,,,
dl_895,5,East_exit,7,5,0.8,0
dl_895,7,East_exit,7,5,0.8,0
dl_895,9,East_exit_short,9,7,0.44,0
dl_895,17,West_exit,17,11,0.8,0
dl_896,2,,,,,
dl_896,6,East_exit,6,5,0.8,0
dl_896,5,East_exit,6,5,0.8,0
dl_896,9,East_exit_short,9,7,0.44,0
dl_896,17,West_exit,17,11,0.8,0
dl_897,2,,,,,
dl_897,5,East_exit,5,4,0.8,0
dl_897,9,East_exit_short,9,7,0.44,0
dl_897,17,West_exit,17,11,0.8,0
dl_898,3,,,,,
dl_898,2,East_exit,4,3,0.8,0
dl_898,3,West_exit_short,3,2,0.44,0
dl_898,9,East_exit_short,9,7,0.44,0
dl_898,17,West_exit,17,11,0.8,0
dl_899,3,,,,,
dl_899,17,West_exit,16,10,0.8,0
dl_899,16,West_exit,16,10,0.8,0
dl_899,5,West_exit_short,5,3,0.44,0
dl_899,2,East_exit,4,3,0.8,0
dl_899,4,East_exit,4,3,0.8,0
dl_899,9,East_exit_short,9,7,0.44,0
dl_900,3,,,,,
dl_900,15,West_exit,15,10,0.8,0
dl_900,17,West_exit,15,10,0.8,0
dl_900,5,West_exit_short,5,3,0.44,0
dl_900,2,East_exit,4,3,0.8,0
dl_900,4,East_exit,4,3,0.8,0
dl_900,9,East_exit_short,9,7,0.44,0
dl_901,3,,,,,
dl_901,5,West_exit_short,5,3,0.44,0
dl_901,2,East_exit,4,3,0.8,0
dl_901,4,East_exit,4,3,0.8,0
dl_901,9,East_exit_short,9,7,0.44,0
dl_901,17,West_exit,17,11,0.8,0
dl_902,2,,,,,
dl_902,5,East_exit,7,5,0.8,0
dl_902,7,East_exit,7,5,0.8,0
dl_902,17,West_exit,16,10,0.8,0
dl_902,16,West_exit,16,10,0.8,0
dl_902,8,East_exit_short,8,6,0.44,0
dl_903,2,,,,,
dl_903,6,East_exit,6,5,0.8,0
dl_903,5,East_exit,6,5,0.8,0
dl_903,17,West_exit,16,10,0.8,0
dl_903,16,West_exit,16,10,0.8,0
dl_903,8,East_exit_short,8,6,0.44,0
dl_904,2,,,,,
dl_904,5,East_exit,5,4,0.8,0
dl_904,17,West_exit,16,10,0.8,0
dl_904,16,West_exit,16,10,0.8,0
dl_904,8,East_exit_short,8,6,0.44,0
dl_905,3,,,,,
dl_905,2,East_exit,4,3,0.8,0
dl_905,17,West_exit,16,10,0.8,0
dl_905,16,West_exit,16,10,0.8,0
dl_905,3,West_exit_short,3,2,0.44,0
dl_905,8,East_exit_short,8,6,0.44,0
dl_906,2,,,,,
dl_906,5,East_exit,7,5,0.8,0
dl_906,7,East_exit,7,5,0.8,0
dl_906,15,West_exit,15,10,0.8,0
dl_906,17,West_exit,15,10,0.8,0
dl_906,8,East_exit_short,8,6,0.44,0
dl_907,2,,,,,
dl_907,6,East_exit,6,5,0.8,0
dl_907,5,East_exit,6,5,0.8,0
dl_907,15,West_exit,15,10,0.8,0
dl_907,17,West_exit,15,10,0.8,0
dl_907,8,East_exit_short,8,6,0.44,0
dl_908,2,,,,,
dl_908,5,East_exit,5,4,0.8,0
dl_908,15,West_exit,15,10,0.8,0
dl_908,17,West_exit,15,10,0.8,0
dl_908,8,East_exit_short,8,6,0.44,0
dl_909,3,,,,,
dl_909,2,East_exit,4,3,0.8,0
dl_909,15,West_exit,15,10,0.8,0
dl_909,17,West_exit,15,10,0.8,0
dl_909,3,West_exit_short,3,2,0.44,0
dl_909,8,East_exit_short,8,6,0.44,0
dl_910,2,,,,,
dl_910,5,East_exit,7,5,0.8,0
dl_910,7,East_exit,7,5,0.8,0
dl_910,8,East_exit_short,8,6,0.44,0
dl_910,17,West_exit,17,11,0.8,0
dl_911,2,,,,,
dl_911,6,East_exit,6,5,0.8,0
dl_911,5,East_exit,6,5,0.8,0
dl_911,8,East_exit_short,8,6,0.44,0
dl_911,17,West_exit,17,11,0.8,0
dl_912,2,,,,,
dl_912,5,East_exit,5,4,0.8,0
dl_912,8,East_exit_short,8,6,0.44,0
dl_912,17,West_exit,17,11,0.8,0
dl_913,3,,,,,
dl_913,2,East_exit,4,3,0.8,0
dl_913,3,West_exit_short,3,2,0.44,0
dl_913,8,East_exit_short,8,6,0.44,0
dl_913,17,West_exit,17,11,0.8,0
dl_914,3,,,,,
dl_914,17,West_exit,16,10,0.8,0
dl_914,16,West_exit,16,10,0.8,0
dl_914,5,West_exit_short,5,3,0.44,0
dl_914,2,East_exit,4,3,0.8,0
dl_914,4,East_exit,4,3,0.8,0
dl_914,8,East_exit_short,8,6,0.44,0
dl_915,3,,,,,
dl_915,15,West_exit,15,10,0.8,0
dl_915,17,West_exit,15,10,0.8,0
dl_915,5,West_exit_short,5,3,0.44,0
dl_915,2,East_exit,4,3,0.8,0
dl_915,4,East_exit,4,3,0.8,0
dl_915,8,East_exit_short,8,6,0.44,0
dl_916,3,,,,,
dl_916,5,West_exit_short,5,3,0.44,0
dl_916,2,East_exit,4,3,0.8,0
dl_916,4,East_exit,4,3,0.8,0
dl_916,8,East_exit_short,8,6,0.44,0
dl_916,17,West_exit,17,11,0.8,0
dl_917,3,,,,,
dl_917,17,West_exit,15,10,0.8,0
dl_917,2,East_exit,3,3,0.8,0
dl_917,4,West_exit_short,4,2,0.44,0
dl_917,15,West_exit,15,10,0.8,0
dl_917,16,East_exit_short,16,11,0.44,0
dl_918,3,,,,,
dl_918,17,West_exit,15,10,0.8,0
dl_918,2,East_exit,2,2,0.8,0
dl_918,4,West_exit_short,4,2,0.44,0
dl_918,15,West_exit,15,10,0.8,0
dl_918,16,East_exit_short,16,11,0.44,0
dl_919,3,,,,,
dl_919,17,West_exit,17,11,0.8,0
dl_919,2,East_exit,3,3,0.8,0
dl_919,4,West_exit_short,4,2,0.44,0
dl_919,16,East_exit_short,16,11,0.44,0
dl_920,3,,,,,
dl_920,17,West_exit,17,11,0.8,0
dl_920,2,East_exit,2,2,0.8,0
dl_920,4,West_exit_short,4,2,0.44,0
dl_920,16,East_exit_short,16,11,0.44,0
dl_921,3,,,,,
dl_921,3,West_exit_short,3,2,0.44,0
dl_921,17,West_exit,15,10,0.8,0
dl_921,15,West_exit,15,10,0.8,0
dl_921,16,East_exit_short,16,11,0.44,0
dl_921,2,East_exit,2,2,0.8,0
dl_922,3,,,,,
dl_922,3,West_exit_short,3,2,0.44,0
dl_922,17,West_exit,17,11,0.8,0
dl_922,16,East_exit_short,16,11,0.44,0
dl_922,2,East_exit,2,2,0.8,0
dl_923,3,,,,,
dl_923,17,West_exit,15,10,0.8,0
dl_923,5,West_exit_short,5,3,0.44,0
dl_923,3,East_exit,3,3,0.8,0
dl_923,2,East_exit,3,3,0.8,0
dl_923,15,West_exit,15,10,0.8,0
dl_923,16,East_exit_short,16,11,0.44,0
dl_924,3,,,,,
dl_924,5,West_exit_short,5,3,0.44,0
dl_924,17,West_exit,15,10,0.8,0
dl_924,15,West_exit,15,10,0.8,0
dl_924,16,East_exit_short,16,11,0.44,0
dl_924,2,East_exit,2,2,0.8,0
dl_925,3,,,,,
dl_925,17,West_exit,17,11,0.8,0
dl_925,5,West_exit_short,5,3,0.44,0
dl_925,3,East_exit,3,3,0.8,0
dl_925,2,East_exit,3,3,0.8,0
dl_925,16,East_exit_short,16,11,0.44,0
dl_926,3,,,,,
dl_926,5,West_exit_short,5,3,0.44,0
dl_926,17,West_exit,17,11,0.8,0
dl_926,16,East_exit_short,16,11,0.44,0
dl_926,2,East_exit,2,2,0.8,0
dl_927,1,,,,,
dl_927,11,West_exit,10,6,0.8,0
dl_927,10,West_exit,10,6,0.8,0
dl_927,2,East_exit,4,3,0.8,0
dl_927,4,East_exit,4,3,0.8,0
dl_928,1,,,,,
dl_928,11,West_exit,10,6,0.8,0
dl_928,10,West_exit,10,6,0.8,0
dl_928,3,East_exit,3,3,0.8,0
dl_928,2,East_exit,3,3,0.8,0
dl_929,1,,,,,
dl_929,11,West_exit,10,6,0.8,0
dl_929,10,West_exit,10,6,0.8,0
dl_929,2,East_exit,2,2,0.8,0
dl_930,1,,,,,
dl_930,9,West_exit,9,6,0.8,0
dl_930,11,West_exit,9,6,0.8,0
dl_930,2,East_exit,4,3,0.8,0
dl_930,4,East_exit,4,3,0.8,0
dl_931,1,,,,,
dl_931,9,West_exit,9,6,0.8,0
dl_931,11,West_exit,9,6,0.8,0
dl_931,3,East_exit,3,3,0.8,0
dl_931,2,East_exit,3,3,0.8,0
dl_932,1,,,,,
dl_932,9,West_exit,9,6,0.8,0
dl_932,11,West_exit,9,6,0.8,0
dl_932,2,East_exit,2,2,0.8,0
dl_933,1,,,,,
dl_933,11,West_exit,11,7,0.8,0
dl_933,2,East_exit,4,3,0.8,0
dl_933,4,East_exit,4,3,0.8,0
dl_934,1,,,,,
dl_934,11,West_exit,11,7,0.8,0
dl_934,3,East_exit,3,3,0.8,0
dl_934,2,East_exit,3,3,0.8,0
dl_935,1,,,,,
dl_935,11,West_exit,11,7,0.8,0
dl_935,2,East_exit,2,2,0.8,0
dl_936,4,,,,,
dl_936,17,West_exit,15,10,0.8,0
dl_936,15,West_exit,15,10,0.8,0
dl_936,2,East_exit,4,3,0.8,0
dl_936,4,East_exit,4,3,0.8,0
dl_936,16,East_exit_short,16,11,0.44,0
dl_936,13,East_exit_short,13,9,0.44,0
dl_936,7,West_exit_short,7,4,0.44,0
dl_937,4,,,,,
dl_937,17,West_exit,15,10,0.8,0
dl_937,15,West_exit,15,10,0.8,0
dl_937,2,East_exit,4,3,0.8,0
dl_937,4,East_exit,4,3,0.8,0
dl_937,16,East_exit_short,16,11,0.44,0
dl_937,12,East_exit_short,12,9,0.44,0
dl_937,7,West_exit_short,7,4,0.44,0
dl_938,4,,,,,
dl_938,17,West_exit,15,10,0.8,0
dl_938,15,West_exit,15,10,0.8,0
dl_938,2,East_exit,4,3,0.8,0
dl_938,4,East_exit,4,3,0.8,0
dl_938,16,East_exit_short,16,11,0.44,0
dl_938,11,East_exit_short,11,8,0.44,0
dl_938,7,West_exit_short,7,4,0.44,0
dl_939,4,,,,,
dl_939,17,West_exit,15,10,0.8,0
dl_939,15,West_exit,15,10,0.8,0
dl_939,2,East_exit,4,3,0.8,0
dl_939,4,East_exit,4,3,0.8,0
dl_939,16,East_exit_short,16,11,0.44,0
dl_939,10,East_exit_short,10,7,0.44,0
dl_939,7,West_exit_short,7,4,0.44,0
dl_940,4,,,,,
dl_940,17,West_exit,15,10,0.8,0
dl_940,15,West_exit,15,10,0.8,0
dl_940,2,East_exit,4,3,0.8,0
dl_940,4,East_exit,4,3,0.8,0
dl_940,16,East_exit_short,16,11,0.44,0
dl_940,9,East_exit_short,9,7,0.44,0
dl_940,7,West_exit_short,7,4,0.44,0
dl_941,4,,,,,
dl_941,17,West_exit,15,10,0.8,0
dl_941,15,West_exit,15,10,0.8,0
dl_941,2,East_exit,4,3,0.8,0
dl_941,4,East_exit,4,3,0.8,0
dl_941,16,East_exit_short,16,11,0.44,0
dl_941,8,East_exit_short,8,6,0.44,0
dl_941,7,West_exit_short,7,4,0.44,0
dl_942,3,,,,,
dl_942,17,West_exit,15,10,0.8,0
dl_942,15,West_exit,15,10,0.8,0
dl_942,16,East_exit_short,16,11,0.44,0
dl_942,3,East_exit,3,3,0.8,0
dl_942,2,East_exit,3,3,0.8,0
dl_942,7,West_exit_short,7,4,0.44,0
dl_943,4,,,,,
dl_943,17,West_exit,15,10,0.8,0
dl_943,15,West_exit,15,10,0.8,0
dl_943,16,East_exit_short,16,11,0.44,0
dl_943,2,East_exit,2,2,0.8,0
dl_943,13,East_exit_short,13,9,0.44,0
dl_943,7,West_exit_short,7,4,0.44,0
dl_944,4,,,,,
dl_944,17,West_exit,15,10,0.8,0
dl_944,15,West_exit,15,10,0.8,0
dl_944,16,East_exit_short,16,11,0.44,0
dl_944,2,East_exit,2,2,0.8,0
dl_944,12,East_exit_short,12,9,0.44,0
dl_944,7,West_exit_short,7,4,0.44,0
dl_945,4,,,,,
dl_945,17,West_exit,15,10,0.8,0
dl_945,15,West_exit,15,10,0.8,0
dl_945,16,East_exit_short,16,11,0.44,0
dl_945,2,East_exit,2,2,0.8,0
dl_945,7,West_exit_short,7,4,0.44,0
dl_945,11,East_exit_short,11,8,0.44,0
dl_946,4,,,,,
dl_946,17,West_exit,15,10,0.8,0
dl_946,15,West_exit,15,10,0.8,0
dl_946,16,East_exit_short,16,11,0.44,0
dl_946,2,East_exit,2,2,0.8,0
dl_946,7,West_exit_short,7,4,0.44,0
dl_946,10,East_exit_short,10,7,0.44,0
dl_947,4,,,,,
dl_947,17,West_exit,15,10,0.8,0
dl_947,15,West_exit,15,10,0.8,0
dl_947,16,East_exit_short,16,11,0.44,0
dl_947,2,East_exit,2,2,0.8,0
dl_947,7,West_exit_short,7,4,0.44,0
dl_947,9,East_exit_short,9,7,0.44,0
dl_948,4,,,,,
dl_948,17,West_exit,15,10,0.8,0
dl_948,15,West_exit,15,10,0.8,0
dl_948,16,East_exit_short,16,11,0.44,0
dl_948,2,East_exit,2,2,0.8,0
dl_948,7,West_exit_short,7,4,0.44,0
dl_948,8,East_exit_short,8,6,0.44,0
dl_949,4,,,,,
dl_949,17,West_exit,17,11,0.8,0
dl_949,2,East_exit,4,3,0.8,0
dl_949,4,East_exit,4,3,0.8,0
dl_949,16,East_exit_short,16,11,0.44,0
dl_949,13,East_exit_short,13,9,0.44,0
dl_949,7,West_exit_short,7,4,0.44,0
dl_950,4,,,,,
dl_950,17,West_exit,17,11,0.8,0
dl_950,2,East_exit,4,3,0.8,0
dl_950,4,East_exit,4,3,0.8,0
dl_950,16,East_exit_short,16,11,0.44,0
dl_950,12,East_exit_short,12,9,0.44,0
dl_950,7,West_exit_short,7,4,0.44,0
dl_951,4,,,,,
dl_951,17,West_exit,17,11,0.8,0
dl_951,2,East_exit,4,3,0.8,0
dl_951,4,East_exit,4,3,0.8,0
dl_951,16,East_exit_short,16,11,0.44,0
dl_951,11,East_exit_short,11,8,0.44,0
dl_951,7,West_exit_short,7,4,0.44,0
dl_952,4,,,,,
dl_952,17,West_exit,17,11,0.8,0
dl_952,2,East_exit,4,3,0.8,0
dl_952,4,East_exit,4,3,0.8,0
dl_952,16,East_exit_short,16,11,0.44,0
dl_952,10,East_exit_short,10,7,0.44,0
dl_952,7,West_exit_short,7,4,0.44,0
dl_953,4,,,,,
dl_953,17,West_exit,17,11,0.8,0
dl_953,2,East_exit,4,3,0.8,0
dl_953,4,East_exit,4,3,0.8,0
dl_953,16,East_exit_short,16,11,0.44,0
dl_953,9,East_exit_short,9,7,0.44,0
dl_953,7,West_exit_short,7,4,0.44,0
dl_954,4,,,,,
dl_954,17,West_exit,17,11,0.8,0
dl_954,2,East_exit,4,3,0.8,0
dl_954,4,East_exit,4,3,0.8,0
dl_954,16,East_exit_short,16,11,0.44,0
dl_954,8,East_exit_short,8,6,0.44,0
dl_954,7,West_exit_short,7,4,0.44,0
dl_955,3,,,,,
dl_955,17,West_exit,17,11,0.8,0
dl_955,16,East_exit_short,16,11,0.44,0
dl_955,3,East_exit,3,3,0.8,0
dl_955,2,East_exit,3,3,0.8,0
dl_955,7,West_exit_short,7,4,0.44,0
dl_956,4,,,,,
dl_956,17,West_exit,17,11,0.8,0
dl_956,16,East_exit_short,16,11,0.44,0
dl_956,2,East_exit,2,2,0.8,0
dl_956,13,East_exit_short,13,9,0.44,0
dl_956,7,West_exit_short,7,4,0.44,0
dl_957,4,,,,,
dl_957,17,West_exit,17,11,0.8,0
dl_957,16,East_exit_short,16,11,0.44,0
dl_957,2,East_exit,2,2,0.8,0
dl_957,12,East_exit_short,12,9,0.44,0
dl_957,7,West_exit_short,7,4,0.44,0
dl_958,4,,,,,
dl_958,17,West_exit,17,11,0.8,0
dl_958,16,East_exit_short,16,11,0.44,0
dl_958,2,East_exit,2,2,0.8,0
dl_958,7,West_exit_short,7,4,0.44,0
dl_958,11,East_exit_short,11,8,0.44,0
dl_959,4,,,,,
dl_959,17,West_exit,17,11,0.8,0
dl_959,16,East_exit_short,16,11,0.44,0
dl_959,2,East_exit,2,2,0.8,0
dl_959,7,West_exit_short,7,4,0.44,0
dl_959,10,East_exit_short,10,7,0.44,0
dl_960,4,,,,,
dl_960,17,West_exit,17,11,0.8,0
dl_960,16,East_exit_short,16,11,0.44,0
dl_960,2,East_exit,2,2,0.8,0
dl_960,7,West_exit_short,7,4,0.44,0
dl_960,9,East_exit_short,9,7,0.44,0
dl_961,4,,,,,
dl_961,17,West_exit,17,11,0.8,0
dl_961,16,East_exit_short,16,11,0.44,0
dl_961,2,East_exit,2,2,0.8,0
dl_961,7,West_exit_short,7,4,0.44,0
dl_961,8,East_exit_short,8,6,0.44,0
dl_962,3,,,,,
dl_962,17,West_exit,15,10,0.8,0
dl_962,16,East_exit_short,16,11,0.44,0
dl_962,2,East_exit,4,3,0.8,0
dl_962,4,East_exit,4,3,0.8,0
dl_962,7,West_exit_short,7,4,0.44,0
dl_963,3,,,,,
dl_963,17,West_exit,15,10,0.8,0
dl_963,15,West_exit,15,10,0.8,0
dl_963,16,East_exit_short,16,11,0.44,0
dl_963,7,West_exit_short,7,4,0.44,0
dl_963,2,East_exit,2,2,0.8,0
dl_964,3,,,,,
dl_964,17,West_exit,17,11,0.8,0
dl_964,16,East_exit_short,16,11,0.44,0
dl_964,2,East_exit,4,3,0.8,0
dl_964,4,East_exit,4,3,0.8,0
dl_964,7,West_exit_short,7,4,0.44,0
dl_965,3,,,,,
dl_965,17,West_exit,17,11,0.8,0
dl_965,16,East_exit_short,16,11,0.44,0
dl_965,7,West_exit_short,7,4,0.44,0
dl_965,2,East_exit,2,2,0.8,0
dl_966,3,,,,,
dl_966,2,East_exit,3,3,0.8,0
dl_966,17,West_exit,16,10,0.8,0
dl_966,15,East_exit_short,15,11,0.44,0
dl_966,4,West_exit_short,4,2,0.44,0
dl_967,3,,,,,
dl_967,2,East_exit,3,3,0.8,0
dl_967,14,East_exit_short,14,10,0.44,0
dl_967,17,West_exit,16,10,0.8,0
dl_967,16,West_exit,16,10,0.8,0
dl_967,4,West_exit_short,4,2,0.44,0
dl_968,3,,,,,
dl_968,17,West_exit,16,10,0.8,0
dl_968,5,West_exit_short,5,3,0.44,0
dl_968,3,East_exit,3,3,0.8,0
dl_968,2,East_exit,3,3,0.8,0
dl_968,15,East_exit_short,15,11,0.44,0
dl_969,3,,,,,
dl_969,5,West_exit_short,5,3,0.44,0
dl_969,3,East_exit,3,3,0.8,0
dl_969,2,East_exit,3,3,0.8,0
dl_969,14,East_exit_short,14,10,0.44,0
dl_969,17,West_exit,16,10,0.8,0
dl_969,16,West_exit,16,10,0.8,0
dl_970,3,,,,,
dl_970,2,East_exit,3,3,0.8,0
dl_970,17,West_exit,16,10,0.8,0
dl_970,16,West_exit,16,10,0.8,0
dl_970,4,West_exit_short,4,2,0.44,0
dl_970,13,East_exit_short,13,9,0.44,0
dl_971,3,,,,,
dl_971,5,West_exit_short,5,3,0.44,0
dl_971,3,East_exit,3,3,0.8,0
dl_971,2,East_exit,3,3,0.8,0
dl_971,17,West_exit,16,10,0.8,0
dl_971,16,West_exit,16,10,0.8,0
dl_971,13,East_exit_short,13,9,0.44,0
dl_972,3,,,,,
dl_972,2,East_exit,3,3,0.8,0
dl_972,17,West_exit,16,10,0.8,0
dl_972,16,West_exit,16,10,0.8,0
dl_972,4,West_exit_short,4,2,0.44,0
dl_972,12,East_exit_short,12,9,0.44,0
dl_973,3,,,,,
dl_973,5,West_exit_short,5,3,0.44,0
dl_973,3,East_exit,3,3,0.8,0
dl_973,2,East_exit,3,3,0.8,0
dl_973,17,West_exit,16,10,0.8,0
dl_973,16,West_exit,16,10,0.8,0
dl_973,12,East_exit_short,12,9,0.44,0
dl_974,3,,,,,
dl_974,2,East_exit,3,3,0.8,0
dl_974,17,West_exit,16,10,0.8,0
dl_974,16,West_exit,16,10,0.8,0
dl_974,4,West_exit_short,4,2,0.44,0
dl_974,11,East_exit_short,11,8,0.44,0
dl_975,3,,,,,
dl_975,5,West_exit_short,5,3,0.44,0
dl_975,3,East_exit,3,3,0.8,0
dl_975,2,East_exit,3,3,0.8,0
dl_975,17,West_exit,16,10,0.8,0
dl_975,16,West_exit,16,10,0.8,0
dl_975,11,East_exit_short,11,8,0.44,0
dl_976,3,,,,,
dl_976,17,West_exit,16,10,0.8,0
dl_976,2,East_exit,2,2,0.8,0
dl_976,4,West_exit_short,4,2,0.44,0
dl_976,15,East_exit_short,15,11,0.44,0
dl_977,3,,,,,
dl_977,2,East_exit,2,2,0.8,0
dl_977,14,East_exit_short,14,10,0.44,0
dl_977,17,West_exit,16,10,0.8,0
dl_977,16,West_exit,16,10,0.8,0
dl_977,4,West_exit_short,4,2,0.44,0
dl_978,3,,,,,
dl_978,17,West_exit,16,10,0.8,0
dl_978,3,West_exit_short,3,2,0.44,0
dl_978,2,East_exit,2,2,0.8,0
dl_978,15,East_exit_short,15,11,0.44,0
dl_979,3,,,,,
dl_979,14,East_exit_short,14,10,0.44,0
dl_979,17,West_exit,16,10,0.8,0
dl_979,16,West_exit,16,10,0.8,0
dl_979,3,West_exit_short,3,2,0.44,0
dl_979,2,East_exit,2,2,0.8,0
dl_980,3,,,,,
dl_980,17,West_exit,16,10,0.8,0
dl_980,5,West_exit_short,5,3,0.44,0
dl_980,2,East_exit,2,2,0.8,0
dl_980,15,East_exit_short,15,11,0.44,0
dl_981,3,,,,,
dl_981,14,East_exit_short,14,10,0.44,0
dl_981,17,West_exit,16,10,0.8,0
dl_981,16,West_exit,16,10,0.8,0
dl_981,5,West_exit_short,5,3,0.44,0
dl_981,2,East_exit,2,2,0.8,0
dl_982,3,,,,,
dl_982,2,East_exit,2,2,0.8,0
dl_982,17,West_exit,16,10,0.8,0
dl_982,16,West_exit,16,10,0.8,0
dl_982,4,West_exit_short,4,2,0.44,0
dl_982,13,East_exit_short,13,9,0.44,0
dl_983,3,,,,,
dl_983,17,West_exit,16,10,0.8,0
dl_983,16,West_exit,16,10,0.8,0
dl_983,3,West_exit_short,3,2,0.44,0
dl_983,2,East_exit,2,2,0.8,0
dl_983,13,East_exit_short,13,9,0.44,0
dl_984,3,,,,,
dl_984,17,West_exit,16,10,0.8,0
dl_984,16,West_exit,16,10,0.8,0
dl_984,5,West_exit_short,5,3,0.44,0
dl_984,2,East_exit,2,2,0.8,0
dl_984,13,East_exit_short,13,9,0.44,0
dl_985,3,,,,,
dl_985,2,East_exit,2,2,0.8,0
dl_985,17,West_exit,16,10,0.8,0
dl_985,16,West_exit,16,10,0.8,0
dl_985,4,West_exit_short,4,2,0.44,0
dl_985,12,East_exit_short,12,9,0.44,0
dl_986,3,,,,,
dl_986,17,West_exit,16,10,0.8,0
dl_986,16,West_exit,16,10,0.8,0
dl_986,3,West_exit_short,3,2,0.44,0
dl_986,2,East_exit,2,2,0.8,0
dl_986,12,East_exit_short,12,9,0.44,0
dl_987,3,,,,,
dl_987,17,West_exit,16,10,0.8,0
dl_987,16,West_exit,16,10,0.8,0
dl_987,5,West_exit_short,5,3,0.44,0
dl_987,2,East_exit,2,2,0.8,0
dl_987,12,East_exit_short,12,9,0.44,0
dl_988,3,,,,,
dl_988,2,East_exit,2,2,0.8,0
dl_988,17,West_exit,16,10,0.8,0
dl_988,16,West_exit,16,10,0.8,0
dl_988,4,West_exit_short,4,2,0.44,0
dl_988,11,East_exit_short,11,8,0.44,0
dl_989,3,,,,,
dl_989,17,West_exit,16,10,0.8,0
dl_989,16,West_exit,16,10,0.8,0
dl_989,3,West_exit_short,3,2,0.44,0
dl_989,2,East_exit,2,2,0.8,0
dl_989,11,East_exit_short,11,8,0.44,0
dl_990,3,,,,,
dl_990,17,West_exit,16,10,0.8,0
dl_990,16,West_exit,16,10,0.8,0
dl_990,5,West_exit_short,5,3,0.44,0
dl_990,2,East_exit,2,2,0.8,0
dl_990,11,East_exit_short,11,8,0.44,0
dl_991,3,,,,,
dl_991,17,West_exit,16,10,0.8,0
dl_991,2,East_exit,4,3,0.8,0
dl_991,4,East_exit,4,3,0.8,0
dl_991,15,East_exit_short,15,11,0.44,0
dl_991,7,West_exit_short,7,4,0.44,0
dl_992,3,,,,,
dl_992,14,East_exit_short,14,10,0.44,0
dl_992,17,West_exit,16,10,0.8,0
dl_992,16,West_exit,16,10,0.8,0
dl_992,2,East_exit,4,3,0.8,0
dl_992,4,East_exit,4,3,0.8,0
dl_992,7,West_exit_short,7,4,0.44,0
dl_993,3,,,,,
dl_993,17,West_exit,16,10,0.8,0
dl_993,16,West_exit,16,10,0.8,0
dl_993,2,East_exit,4,3,0.8,0
dl_993,4,East_exit,4,3,0.8,0
dl_993,13,East_exit_short,13,9,0.44,0
dl_993,7,West_exit_short,7,4,0.44,0
dl_994,3,,,,,
dl_994,17,West_exit,16,10,0.8,0
dl_994,16,West_exit,16,10,0.8,0
dl_994,2,East_exit,4,3,0.8,0
dl_994,4,East_exit,4,3,0.8,0
dl_994,12,East_exit_short,12,9,0.44,0
dl_994,7,West_exit_short,7,4,0.44,0
dl_995,3,,,,,
dl_995,17,West_exit,16,10,0.8,0
dl_995,16,West_exit,16,10,0.8,0
dl_995,2,East_exit,4,3,0.8,0
dl_995,4,East_exit,4,3,0.8,0
dl_995,11,East_exit_short,11,8,0.44,0
dl_995,7,West_exit_short,7,4,0.44,0
dl_996,3,,,,,
dl_996,17,West_exit,16,10,0.8,0
dl_996,3,East_exit,3,3,0.8,0
dl_996,2,East_exit,3,3,0.8,0
dl_996,15,East_exit_short,15,11,0.44,0
dl_996,7,West_exit_short,7,4,0.44,0
dl_997,3,,,,,
dl_997,3,East_exit,3,3,0.8,0
dl_997,2,East_exit,3,3,0.8,0
dl_997,14,East_exit_short,14,10,0.44,0
dl_997,17,West_exit,16,10,0.8,0
dl_997,16,West_exit,16,10,0.8,0
dl_997,7,West_exit_short,7,4,0.44,0
dl_998,3,,,,,
dl_998,3,East_exit,3,3,0.8,0
dl_998,2,East_exit,3,3,0.8,0
dl_998,17,West_exit,16,10,0.8,0
dl_998,16,West_exit,16,10,0.8,0
dl_998,13,East_exit_short,13,9,0.44,0
dl_998,7,West_exit_short,7,4,0.44,0
dl_999,3,,,,,
dl_999,3,East_exit,3,3,0.8,0
dl_999,2,East_exit,3,3,0.8,0
dl_999,17,West_exit,16,10,0.8,0
dl_999,16,West_exit,16,10,0.8,0
dl_999,12,East_exit_short,12,9,0.44,0
dl_999,7,West_exit_short,7,4,0.44,0
dl_1000,3,,,,,
dl_1000,3,East_exit,3,3,0.8,0
dl_1000,2,East_exit,3,3,0.8,0
dl_1000,17,West_exit,16,10,0.8,0
dl_1000,16,West_exit,16,10,0.8,0
dl_1000,11,East_exit_short,11,8,0.44,0
dl_1000,7,West_exit_short,7,4,0.44,0
dl_1001,3,,,,,
dl_1001,17,West_exit,16,10,0.8,0
dl_1001,2,East_exit,2,2,0.8,0
dl_1001,15,East_exit_short,15,11,0.44,0
dl_1001,7,West_exit_short,7,4,0.44,0
dl_1002,3,,,,,
dl_1002,14,East_exit_short,14,10,0.44,0
dl_1002,17,West_exit,16,10,0.8,0
dl_1002,16,West_exit,16,10,0.8,0
dl_1002,2,East_exit,2,2,0.8,0
dl_1002,7,West_exit_short,7,4,0.44,0
dl_1003,3,,,,,
dl_1003,17,West_exit,16,10,0.8,0
dl_1003,16,West_exit,16,10,0.8,0
dl_1003,2,East_exit,2,2,0.8,0
dl_1003,7,West_exit_short,7,4,0.44,0
dl_1003,13,East_exit_short,13,9,0.44,0
dl_1004,3,,,,,
dl_1004,17,West_exit,16,10,0.8,0
dl_1004,16,West_exit,16,10,0.8,0
dl_1004,2,East_exit,2,2,0.8,0
dl_1004,7,West_exit_short,7,4,0.44,0
dl_1004,12,East_exit_short,12,9,0.44,0
dl_1005,3,,,,,
dl_1005,17,West_exit,16,10,0.8,0
dl_1005,16,West_exit,16,10,0.8,0
dl_1005,2,East_exit,2,2,0.8,0
dl_1005,7,West_exit_short,7,4,0.44,0
dl_1005,11,East_exit_short,11,8,0.44,0
dl_1006,3,,,,,
dl_1006,17,West_exit,16,10,0.8,0
dl_1006,2,East_exit,4,3,0.8,0
dl_1006,4,East_exit,4,3,0.8,0
dl_1006,15,East_exit_short,15,11,0.44,0
dl_1006,6,West_exit_short,6,4,0.44,0
dl_1007,3,,,,,
dl_1007,14,East_exit_short,14,10,0.44,0
dl_1007,17,West_exit,16,10,0.8,0
dl_1007,16,West_exit,16,10,0.8,0
dl_1007,2,East_exit,4,3,0.8,0
dl_1007,4,East_exit,4,3,0.8,0
dl_1007,6,West_exit_short,6,4,0.44,0
dl_1008,3,,,,,
dl_1008,17,West_exit,16,10,0.8,0
dl_1008,16,West_exit,16,10,0.8,0
dl_1008,2,East_exit,4,3,0.8,0
dl_1008,4,East_exit,4,3,0.8,0
dl_1008,13,East_exit_short,13,9,0.44,0
dl_1008,6,West_exit_short,6,4,0.44,0
dl_1009,3,,,,,
dl_1009,17,West_exit,16,10,0.8,0
dl_1009,16,West_exit,16,10,0.8,0
dl_1009,2,East_exit,4,3,0.8,0
dl_1009,4,East_exit,4,3,0.8,0
dl_1009,12,East_exit_short,12,9,0.44,0
dl_1009,6,West_exit_short,6,4,0.44,0
dl_1010,3,,,,,
dl_1010,17,West_exit,16,10,0.8,0
dl_1010,16,West_exit,16,10,0.8,0
dl_1010,2,East_exit,4,3,0.8,0
dl_1010,4,East_exit,4,3,0.8,0
dl_1010,11,East_exit_short,11,8,0.44,0
dl_1010,6,West_exit_short,6,4,0.44,0
dl_1011,3,,,,,
dl_1011,17,West_exit,16,10,0.8,0
dl_1011,3,East_exit,3,3,0.8,0
dl_1011,2,East_exit,3,3,0.8,0
dl_1011,15,East_exit_short,15,11,0.44,0
dl_1011,6,West_exit_short,6,4,0.44,0
dl_1012,3,,,,,
dl_1012,3,East_exit,3,3,0.8,0
dl_1012,2,East_exit,3,3,0.8,0
dl_1012,14,East_exit_short,14,10,0.44,0
dl_1012,17,West_exit,16,10,0.8,0
dl_1012,16,West_exit,16,10,0.8,0
dl_1012,6,West_exit_short,6,4,0.44,0
dl_1013,3,,,,,
dl_1013,3,East_exit,3,3,0.8,0
dl_1013,2,East_exit,3,3,0.8,0
dl_1013,17,West_exit,16,10,0.8,0
dl_1013,16,West_exit,16,10,0.8,0
dl_1013,13,East_exit_short,13,9,0.44,0
dl_1013,6,West_exit_short,6,4,0.44,0
dl_1014,3,,,,,
dl_1014,3,East_exit,3,3,0.8,0
dl_1014,2,East_exit,3,3,0.8,0
dl_1014,17,West_exit,16,10,0.8,0
dl_1014,16,West_exit,16,10,0.8,0
dl_1014,12,East_exit_short,12,9,0.44,0
dl_1014,6,West_exit_short,6,4,0.44,0
dl_1015,3,,,,,
dl_1015,3,East_exit,3,3,0.8,0
dl_1015,2,East_exit,3,3,0.8,0
dl_1015,17,West_exit,16,10,0.8,0
dl_1015,16,West_exit,16,10,0.8,0
dl_1015,11,East_exit_short,11,8,0.44,0
dl_1015,6,West_exit_short,6,4,0.44,0
dl_1016,3,,,,,
dl_1016,17,West_exit,16,10,0.8,0
dl_1016,2,East_exit,2,2,0.8,0
dl_1016,15,East_exit_short,15,11,0.44,0
dl_1016,6,West_exit_short,6,4,0.44,0
dl_1017,3,,,,,
dl_1017,14,East_exit_short,14,10,0.44,0
dl_1017,17,West_exit,16,10,0.8,0
dl_1017,16,West_exit,16,10,0.8,0
dl_1017,2,East_exit,2,2,0.8,0
dl_1017,6,West_exit_short,6,4,0.44,0
dl_1018,3,,,,,
dl_1018,17,West_exit,16,10,0.8,0
dl_1018,16,West_exit,16,10,0.8,0
dl_1018,2,East_exit,2,2,0.8,0
dl_1018,6,West_exit_short,6,4,0.44,0
dl_1018,13,East_exit_short,13,9,0.44,0
dl_1019,3,,,,,
dl_1019,17,West_exit,16,10,0.8,0
dl_1019,16,West_exit,16,10,0.8,0
dl_1019,2,East_exit,2,2,0.8,0
dl_1019,6,West_exit_short,6,4,0.44,0
dl_1019,12,East_exit_short,12,9,0.44,0
dl_1020,3,,,,,
dl_1020,17,West_exit,16,10,0.8,0
dl_1020,16,West_exit,16,10,0.8,0
dl_1020,2,East_exit,2,2,0.8,0
dl_1020,6,West_exit_short,6,4,0.44,0
dl_1020,11,East_exit_short,11,8,0.44,0
dl_1021,3,,,,,
dl_1021,17,West_exit,16,10,0.8,0
dl_1021,15,East_exit_short,15,11,0.44,0
dl_1021,8,West_exit_short,8,5,0.44,0
dl_1021,2,East_exit,4,3,0.8,0
dl_1021,4,East_exit,4,3,0.8,0
dl_1022,3,,,,,
dl_1022,14,East_exit_short,14,10,0.44,0
dl_1022,17,West_exit,16,10,0.8,0
dl_1022,16,West_exit,16,10,0.8,0
dl_1022,8,West_exit_short,8,5,0.44,0
dl_1022,2,East_exit,4,3,0.8,0
dl_1022,4,East_exit,4,3,0.8,0
dl_1023,3,,,,,
dl_1023,17,West_exit,16,10,0.8,0
dl_1023,16,West_exit,16,10,0.8,0
dl_1023,8,West_exit_short,8,5,0.44,0
dl_1023,2,East_exit,4,3,0.8,0
dl_1023,4,East_exit,4,3,0.8,0
dl_1023,13,East_exit_short,13,9,0.44,0
dl_1024,3,,,,,
dl_1024,17,West_exit,16,10,0.8,0
dl_1024,16,West_exit,16,10,0.8,0
dl_1024,8,West_exit_short,8,5,0.44,0
dl_1024,2,East_exit,4,3,0.8,0
dl_1024,4,East_exit,4,3,0.8,0
dl_1024,12,East_exit_short,12,9,0.44,0
dl_1025,3,,,,,
dl_1025,17,West_exit,16,10,0.8,0
dl_1025,16,West_exit,16,10,0.8,0
dl_1025,8,West_exit_short,8,5,0.44,0
dl_1025,2,East_exit,4,3,0.8,0
dl_1025,4,East_exit,4,3,0.8,0
dl_1025,11,East_exit_short,11,8,0.44,0
dl_1026,3,,,,,
dl_1026,17,West_exit,16,10,0.8,0
dl_1026,15,East_exit_short,15,11,0.44,0
dl_1026,8,West_exit_short,8,5,0.44,0
dl_1026,3,East_exit,3,3,0.8,0
dl_1026,2,East_exit,3,3,0.8,0
dl_1027,3,,,,,
dl_1027,14,East_exit_short,14,10,0.44,0
dl_1027,17,West_exit,16,10,0.8,0
dl_1027,16,West_exit,16,10,0.8,0
dl_1027,8,West_exit_short,8,5,0.44,0
dl_1027,3,East_exit,3,3,0.8,0
dl_1027,2,East_exit,3,3,0.8,0
dl_1028,3,,,,,
dl_1028,17,West_exit,16,10,0.8,0
dl_1028,16,West_exit,16,10,0.8,0
dl_1028,8,West_exit_short,8,5,0.44,0
dl_1028,3,East_exit,3,3,0.8,0
dl_1028,2,East_exit,3,3,0.8,0
dl_1028,13,East_exit_short,13,9,0.44,0
dl_1029,3,,,,,
dl_1029,17,West_exit,16,10,0.8,0
dl_1029,16,West_exit,16,10,0.8,0
dl_1029,8,West_exit_short,8,5,0.44,0
dl_1029,3,East_exit,3,3,0.8,0
dl_1029,2,East_exit,3,3,0.8,0
dl_1029,12,East_exit_short,12,9,0.44,0
dl_1030,3,,,,,
dl_1030,17,West_exit,16,10,0.8,0
dl_1030,16,West_exit,16,10,0.8,0
dl_1030,8,West_exit_short,8,5,0.44,0
dl_1030,3,East_exit,3,3,0.8,0
dl_1030,2,East_exit,3,3,0.8,0
dl_1030,11,East_exit_short,11,8,0.44,0
dl_1031,3,,,,,
dl_1031,17,West_exit,16,10,0.8,0
dl_1031,15,East_exit_short,15,11,0.44,0
dl_1031,8,West_exit_short,8,5,0.44,0
dl_1031,2,East_exit,2,2,0.8,0
dl_1032,3,,,,,
dl_1032,14,East_exit_short,14,10,0.44,0
dl_1032,17,West_exit,16,10,0.8,0
dl_1032,16,West_exit,16,10,0.8,0
dl_1032,8,West_exit_short,8,5,0.44,0
dl_1032,2,East_exit,2,2,0.8,0
dl_1033,3,,,,,
dl_1033,17,West_exit,16,10,0.8,0
dl_1033,16,West_exit,16,10,0.8,0
dl_1033,8,West_exit_short,8,5,0.44,0
dl_1033,2,East_exit,2,2,0.8,0
dl_1033,13,East_exit_short,13,9,0.44,0
dl_1034,3,,,,,
dl_1034,17,West_exit,16,10,0.8,0
dl_1034,16,West_exit,16,10,0.8,0
dl_1034,8,West_exit_short,8,5,0.44,0
dl_1034,2,East_exit,2,2,0.8,0
dl_1034,12,East_exit_short,12,9,0.44,0
dl_1035,3,,,,,
dl_1035,17,West_exit,16,10,0.8,0
dl_1035,16,West_exit,16,10,0.8,0
dl_1035,8,West_exit_short,8,5,0.44,0
dl_1035,2,East_exit,2,2,0.8,0
dl_1035,11,East_exit_short,11,8,0.44,0
dl_1036,3,,,,,
dl_1036,2,East_exit,3,3,0.8,0
dl_1036,4,West_exit_short,4,2,0.44,0
dl_1036,17,West_exit,16,10,0.8,0
dl_1036,16,West_exit,16,10,0.8,0
dl_1036,10,East_exit_short,10,7,0.44,0
dl_1037,3,,,,,
dl_1037,5,West_exit_short,5,3,0.44,0
dl_1037,3,East_exit,3,3,0.8,0
dl_1037,2,East_exit,3,3,0.8,0
dl_1037,17,West_exit,16,10,0.8,0
dl_1037,16,West_exit,16,10,0.8,0
dl_1037,10,East_exit_short,10,7,0.44,0
dl_1038,3,,,,,
dl_1038,2,East_exit,2,2,0.8,0
dl_1038,4,West_exit_short,4,2,0.44,0
dl_1038,17,West_exit,16,10,0.8,0
dl_1038,16,West_exit,16,10,0.8,0
dl_1038,10,East_exit_short,10,7,0.44,0
dl_1039,3,,,,,
dl_1039,3,West_exit_short,3,2,0.44,0
dl_1039,17,West_exit,16,10,0.8,0
dl_1039,16,West_exit,16,10,0.8,0
dl_1039,10,East_exit_short,10,7,0.44,0
dl_1039,2,East_exit,2,2,0.8,0
dl_1040,3,,,,,
dl_1040,5,West_exit_short,5,3,0.44,0
dl_1040,17,West_exit,16,10,0.8,0
dl_1040,16,West_exit,16,10,0.8,0
dl_1040,10,East_exit_short,10,7,0.44,0
dl_1040,2,East_exit,2,2,0.8,0
dl_1041,3,,,,,
dl_1041,17,West_exit,16,10,0.8,0
dl_1041,16,West_exit,16,10,0.8,0
dl_1041,2,East_exit,4,3,0.8,0
dl_1041,4,East_exit,4,3,0.8,0
dl_1041,10,East_exit_short,10,7,0.44,0
dl_1041,7,West_exit_short,7,4,0.44,0
dl_1042,3,,,,,
dl_1042,3,East_exit,3,3,0.8,0
dl_1042,2,East_exit,3,3,0.8,0
dl_1042,17,West_exit,16,10,0.8,0
dl_1042,16,West_exit,16,10,0.8,0
dl_1042,10,East_exit_short,10,7,0.44,0
dl_1042,7,West_exit_short,7,4,0.44,0
dl_1043,3,,,,,
dl_1043,17,West_exit,16,10,0.8,0
dl_1043,16,West_exit,16,10,0.8,0
dl_1043,10,East_exit_short,10,7,0.44,0
dl_1043,2,East_exit,2,2,0.8,0
dl_1043,7,West_exit_short,7,4,0.44,0
dl_1044,3,,,,,
dl_1044,17,West_exit,16,10,0.8,0
dl_1044,16,West_exit,16,10,0.8,0
dl_1044,2,East_exit,4,3,0.8,0
dl_1044,4,East_exit,4,3,0.8,0
dl_1044,10,East_exit_short,10,7,0.44,0
dl_1044,6,West_exit_short,6,4,0.44,0
dl_1045,3,,,,,
dl_1045,3,East_exit,3,3,0.8,0
dl_1045,2,East_exit,3,3,0.8,0
dl_1045,17,West_exit,16,10,0.8,0
dl_1045,16,West_exit,16,10,0.8,0
dl_1045,10,East_exit_short,10,7,0.44,0
dl_1045,6,West_exit_short,6,4,0.44,0
dl_1046,3,,,,,
dl_1046,17,West_exit,16,10,0.8,0
dl_1046,16,West_exit,16,10,0.8,0
dl_1046,10,East_exit_short,10,7,0.44,0
dl_1046,6,West_exit_short,6,4,0.44,0
dl_1046,2,East_exit,2,2,0.8,0
dl_1047,3,,,,,
dl_1047,17,West_exit,16,10,0.8,0
dl_1047,16,West_exit,16,10,0.8,0
dl_1047,10,East_exit_short,10,7,0.44,0
dl_1047,2,East_exit,4,3,0.8,0
dl_1047,4,East_exit,4,3,0.8,0
dl_1047,8,West_exit_short,8,5,0.44,0
dl_1048,3,,,,,
dl_1048,17,West_exit,16,10,0.8,0
dl_1048,16,West_exit,16,10,0.8,0
dl_1048,10,East_exit_short,10,7,0.44,0
dl_1048,3,East_exit,3,3,0.8,0
dl_1048,2,East_exit,3,3,0.8,0
dl_1048,8,West_exit_short,8,5,0.44,0
dl_1049,3,,,,,
dl_1049,17,West_exit,16,10,0.8,0
dl_1049,16,West_exit,16,10,0.8,0
dl_1049,10,East_exit_short,10,7,0.44,0
dl_1049,8,West_exit_short,8,5,0.44,0
dl_1049,2,East_exit,2,2,0.8,0
dl_1050,3,,,,,
dl_1050,2,East_exit,3,3,0.8,0
dl_1050,14,East_exit_short,14,10,0.44,0
dl_1050,15,West_exit,15,10,0.8,0
dl_1050,17,West_exit,15,10,0.8,0
dl_1050,4,West_exit_short,4,2,0.44,0
dl_1051,3,,,,,
dl_1051,5,West_exit_short,5,3,0.44,0
dl_1051,3,East_exit,3,3,0.8,0
dl_1051,2,East_exit,3,3,0.8,0
dl_1051,14,East_exit_short,14,10,0.44,0
dl_1051,15,West_exit,15,10,0.8,0
dl_1051,17,West_exit,15,10,0.8,0
dl_1052,3,,,,,
dl_1052,2,East_exit,3,3,0.8,0
dl_1052,15,West_exit,15,10,0.8,0
dl_1052,17,West_exit,15,10,0.8,0
dl_1052,4,West_exit_short,4,2,0.44,0
dl_1052,13,East_exit_short,13,9,0.44,0
dl_1053,3,,,,,
dl_1053,5,West_exit_short,5,3,0.44,0
dl_1053,3,East_exit,3,3,0.8,0
dl_1053,2,East_exit,3,3,0.8,0
dl_1053,15,West_exit,15,10,0.8,0
dl_1053,17,West_exit,15,10,0.8,0
dl_1053,13,East_exit_short,13,9,0.44,0
dl_1054,3,,,,,
dl_1054,2,East_exit,3,3,0.8,0
dl_1054,15,West_exit,15,10,0.8,0
dl_1054,17,West_exit,15,10,0.8,0
dl_1054,4,West_exit_short,4,2,0.44,0
dl_1054,12,East_exit_short,12,9,0.44,0
dl_1055,3,,,,,
dl_1055,5,West_exit_short,5,3,0.44,0
dl_1055,3,East_exit,3,3,0.8,0
dl_1055,2,East_exit,3,3,0.8,0
dl_1055,15,West_exit,15,10,0.8,0
dl_1055,17,West_exit,15,10,0.8,0
dl_1055,12,East_exit_short,12,9,0.44,0
dl_1056,3,,,,,
dl_1056,2,East_exit,3,3,0.8,0
dl_1056,15,West_exit,15,10,0.8,0
dl_1056,17,West_exit,15,10,0.8,0
dl_1056,4,West_exit_short,4,2,0.44,0
dl_1056,11,East_exit_short,11,8,0.44,0
dl_1057,3,,,,,
dl_1057,5,West_exit_short,5,3,0.44,0
dl_1057,3,East_exit,3,3,0.8,0
dl_1057,2,East_exit,3,3,0.8,0
dl_1057,15,West_exit,15,10,0.8,0
dl_1057,17,West_exit,15,10,0.8,0
dl_1057,11,East_exit_short,11,8,0.44,0
dl_1058,3,,,,,
dl_1058,2,East_exit,2,2,0.8,0
dl_1058,14,East_exit_short,14,10,0.44,0
dl_1058,15,West_exit,15,10,0.8,0
dl_1058,17,West_exit,15,10,0.8,0
dl_1058,4,West_exit_short,4,2,0.44,0
dl_1059,3,,,,,
dl_1059,3,West_exit_short,3,2,0.44,0
dl_1059,14,East_exit_short,14,10,0.44,0
dl_1059,15,West_exit,15,10,0.8,0
dl_1059,17,West_exit,15,10,0.8,0
dl_1059,2,East_exit,2,2,0.8,0
dl_1060,3,,,,,
dl_1060,5,West_exit_short,5,3,0.44,0
dl_1060,14,East_exit_short,14,10,0.44,0
dl_1060,15,West_exit,15,10,0.8,0
dl_1060,17,West_exit,15,10,0.8,0
dl_1060,2,East_exit,2,2,0.8,0
dl_1061,3,,,,,
dl_1061,2,East_exit,2,2,0.8,0
dl_1061,15,West_exit,15,10,0.8,0
dl_1061,17,West_exit,15,10,0.8,0
dl_1061,4,West_exit_short,4,2,0.44,0
dl_1061,13,East_exit_short,13,9,0.44,0
dl_1062,3,,,,,
dl_1062,3,West_exit_short,3,2,0.44,0
dl_1062,15,West_exit,15,10,0.8,0
dl_1062,17,West_exit,15,10,0.8,0
dl_1062,2,East_exit,2,2,0.8,0
dl_1062,13,East_exit_short,13,9,0.44,0
dl_1063,3,,,,,
dl_1063,5,West_exit_short,5,3,0.44,0
dl_1063,15,West_exit,15,10,0.8,0
dl_1063,17,West_exit,15,10,0.8,0
dl_1063,2,East_exit,2,2,0.8,0
dl_1063,13,East_exit_short,13,9,0.44,0
dl_1064,3,,,,,
dl_1064,2,East_exit,2,2,0.8,0
dl_1064,15,West_exit,15,10,0.8,0
dl_1064,17,West_exit,15,10,0.8,0
dl_1064,4,West_exit_short,4,2,0.44,0
dl_1064,12,East_exit_short,12,9,0.44,0
dl_1065,3,,,,,
dl_1065,3,West_exit_short,3,2,0.44,0
dl_1065,15,West_exit,15,10,0.8,0
dl_1065,17,West_exit,15,10,0.8,0
dl_1065,2,East_exit,2,2,0.8,0
dl_1065,12,East_exit_short,12,9,0.44,0
dl_1066,3,,,,,
dl_1066,5,West_exit_short,5,3,0.44,0
dl_1066,15,West_exit,15,10,0.8,0
dl_1066,17,West_exit,15,10,0.8,0
dl_1066,2,East_exit,2,2,0.8,0
dl_1066,12,East_exit_short,12,9,0.44,0
dl_1067,3,,,,,
dl_1067,2,East_exit,2,2,0.8,0
dl_1067,15,West_exit,15,10,0.8,0
dl_1067,17,West_exit,15,10,0.8,0
dl_1067,4,West_exit_short,4,2,0.44,0
dl_1067,11,East_exit_short,11,8,0.44,0
dl_1068,3,,,,,
dl_1068,3,West_exit_short,3,2,0.44,0
dl_1068,15,West_exit,15,10,0.8,0
dl_1068,17,West_exit,15,10,0.8,0
dl_1068,2,East_exit,2,2,0.8,0
dl_1068,11,East_exit_short,11,8,0.44,0
dl_1069,3,,,,,
dl_1069,5,West_exit_short,5,3,0.44,0
dl_1069,15,West_exit,15,10,0.8,0
dl_1069,17,West_exit,15,10,0.8,0
dl_1069,2,East_exit,2,2,0.8,0
dl_1069,11,East_exit_short,11,8,0.44,0
dl_1070,3,,,,,
dl_1070,14,East_exit_short,14,10,0.44,0
dl_1070,15,West_exit,15,10,0.8,0
dl_1070,17,West_exit,15,10,0.8,0
dl_1070,2,East_exit,4,3,0.8,0
dl_1070,4,East_exit,4,3,0.8,0
dl_1070,7,West_exit_short,7,4,0.44,0
dl_1071,3,,,,,
dl_1071,15,West_exit,15,10,0.8,0
dl_1071,17,West_exit,15,10,0.8,0
dl_1071,2,East_exit,4,3,0.8,0
dl_1071,4,East_exit,4,3,0.8,0
dl_1071,13,East_exit_short,13,9,0.44,0
dl_1071,7,West_exit_short,7,4,0.44,0
dl_1072,3,,,,,
dl_1072,15,West_exit,15,10,0.8,0
dl_1072,17,West_exit,15,10,0.8,0
dl_1072,2,East_exit,4,3,0.8,0
dl_1072,4,East_exit,4,3,0.8,0
dl_1072,12,East_exit_short,12,9,0.44,0
dl_1072,7,West_exit_short,7,4,0.44,0
dl_1073,3,,,,,
dl_1073,15,West_exit,15,10,0.8,0
dl_1073,17,West_exit,15,10,0.8,0
dl_1073,2,East_exit,4,3,0.8,0
dl_1073,4,East_exit,4,3,0.8,0
dl_1073,11,East_exit_short,11,8,0.44,0
dl_1073,7,West_exit_short,7,4,0.44,0
dl_1074,3,,,,,
dl_1074,3,East_exit,3,3,0.8,0
dl_1074,2,East_exit,3,3,0.8,0
dl_1074,14,East_exit_short,14,10,0.44,0
dl_1074,15,West_exit,15,10,0.8,0
dl_1074,17,West_exit,15,10,0.8,0
dl_1074,7,West_exit_short,7,4,0.44,0
dl_1075,3,,,,,
dl_1075,3,East_exit,3,3,0.8,0
dl_1075,2,East_exit,3,3,0.8,0
dl_1075,15,West_exit,15,10,0.8,0
dl_1075,17,West_exit,15,10,0.8,0
dl_1075,13,East_exit_short,13,9,0.44,0
dl_1075,7,West_exit_short,7,4,0.44,0
dl_1076,3,,,,,
dl_1076,3,East_exit,3,3,0.8,0
dl_1076,2,East_exit,3,3,0.8,0
dl_1076,15,West_exit,15,10,0.8,0
dl_1076,17,West_exit,15,10,0.8,0
dl_1076,12,East_exit_short,12,9,0.44,0
dl_1076,7,West_exit_short,7,4,0.44,0
dl_1077,3,,,,,
dl_1077,3,East_exit,3,3,0.8,0
dl_1077,2,East_exit,3,3,0.8,0
dl_1077,15,West_exit,15,10,0.8,0
dl_1077,17,West_exit,15,10,0.8,0
dl_1077,11,East_exit_short,11,8,0.44,0
dl_1077,7,West_exit_short,7,4,0.44,0
dl_1078,3,,,,,
dl_1078,14,East_exit_short,14,10,0.44,0
dl_1078,15,West_exit,15,10,0.8,0
dl_1078,17,West_exit,15,10,0.8,0
dl_1078,7,West_exit_short,7,4,0.44,0
dl_1078,2,East_exit,2,2,0.8,0
dl_1079,3,,,,,
dl_1079,15,West_exit,15,10,0.8,0
dl_1079,17,West_exit,15,10,0.8,0
dl_1079,2,East_exit,2,2,0.8,0
dl_1079,13,East_exit_short,13,9,0.44,0
dl_1079,7,West_exit_short,7,4,0.44,0
dl_1080,3,,,,,
dl_1080,15,West_exit,15,10,0.8,0
dl_1080,17,West_exit,15,10,0.8,0
dl_1080,2,East_exit,2,2,0.8,0
dl_1080,12,East_exit_short,12,9,0.44,0
dl_1080,7,West_exit_short,7,4,0.44,0
dl_1081,3,,,,,
dl_1081,15,West_exit,15,10,0.8,0
dl_1081,17,West_exit,15,10,0.8,0
dl_1081,2,East_exit,2,2,0.8,0
dl_1081,11,East_exit_short,11,8,0.44,0
dl_1081,7,West_exit_short,7,4,0.44,0
dl_1082,3,,,,,
dl_1082,17,West_exit,15,10,0.8,0
dl_1082,2,East_exit,4,3,0.8,0
dl_1082,4,East_exit,4,3,0.8,0
dl_1082,16,East_exit_short,16,11,0.44,0
dl_1082,6,West_exit_short,6,4,0.44,0
dl_1083,3,,,,,
dl_1083,14,East_exit_short,14,10,0.44,0
dl_1083,15,West_exit,15,10,0.8,0
dl_1083,17,West_exit,15,10,0.8,0
dl_1083,2,East_exit,4,3,0.8,0
dl_1083,4,East_exit,4,3,0.8,0
dl_1083,6,West_exit_short,6,4,0.44,0
dl_1084,3,,,,,
dl_1084,15,West_exit,15,10,0.8,0
dl_1084,17,West_exit,15,10,0.8,0
dl_1084,2,East_exit,4,3,0.8,0
dl_1084,4,East_exit,4,3,0.8,0
dl_1084,13,East_exit_short,13,9,0.44,0
dl_1084,6,West_exit_short,6,4,0.44,0
dl_1085,3,,,,,
dl_1085,15,West_exit,15,10,0.8,0
dl_1085,17,West_exit,15,10,0.8,0
dl_1085,2,East_exit,4,3,0.8,0
dl_1085,4,East_exit,4,3,0.8,0
dl_1085,12,East_exit_short,12,9,0.44,0
dl_1085,6,West_exit_short,6,4,0.44,0
dl_1086,3,,,,,
dl_1086,15,West_exit,15,10,0.8,0
dl_1086,17,West_exit,15,10,0.8,0
dl_1086,2,East_exit,4,3,0.8,0
dl_1086,4,East_exit,4,3,0.8,0
dl_1086,11,East_exit_short,11,8,0.44,0
dl_1086,6,West_exit_short,6,4,0.44,0
dl_1087,3,,,,,
dl_1087,17,West_exit,15,10,0.8,0
dl_1087,15,West_exit,15,10,0.8,0
dl_1087,3,East_exit,3,3,0.8,0
dl_1087,2,East_exit,3,3,0.8,0
dl_1087,16,East_exit_short,16,11,0.44,0
dl_1087,6,West_exit_short,6,4,0.44,0
dl_1088,3,,,,,
dl_1088,3,East_exit,3,3,0.8,0
dl_1088,2,East_exit,3,3,0.8,0
dl_1088,14,East_exit_short,14,10,0.44,0
dl_1088,15,West_exit,15,10,0.8,0
dl_1088,17,West_exit,15,10,0.8,0
dl_1088,6,West_exit_short,6,4,0.44,0
dl_1089,3,,,,,
dl_1089,3,East_exit,3,3,0.8,0
dl_1089,2,East_exit,3,3,0.8,0
dl_1089,15,West_exit,15,10,0.8,0
dl_1089,17,West_exit,15,10,0.8,0
dl_1089,13,East_exit_short,13,9,0.44,0
dl_1089,6,West_exit_short,6,4,0.44,0
dl_1090,3,,,,,
dl_1090,3,East_exit,3,3,0.8,0
dl_1090,2,East_exit,3,3,0.8,0
dl_1090,15,West_exit,15,10,0.8,0
dl_1090,17,West_exit,15,10,0.8,0
dl_1090,12,East_exit_short,12,9,0.44,0
dl_1090,6,West_exit_short,6,4,0.44,0
dl_1091,3,,,,,
dl_1091,3,East_exit,3,3,0.8,0
dl_1091,2,East_exit,3,3,0.8,0
dl_1091,15,West_exit,15,10,0.8,0
dl_1091,17,West_exit,15,10,0.8,0
dl_1091,11,East_exit_short,11,8,0.44,0
dl_1091,6,West_exit_short,6,4,0.44,0
dl_1092,3,,,,,
dl_1092,17,West_exit,15,10,0.8,0
dl_1092,15,West_exit,15,10,0.8,0
dl_1092,16,East_exit_short,16,11,0.44,0
dl_1092,6,West_exit_short,6,4,0.44,0
dl_1092,2,East_exit,2,2,0.8,0
dl_1093,3,,,,,
dl_1093,14,East_exit_short,14,10,0.44,0
dl_1093,15,West_exit,15,10,0.8,0
dl_1093,17,West_exit,15,10,0.8,0
dl_1093,6,West_exit_short,6,4,0.44,0
dl_1093,2,East_exit,2,2,0.8,0
dl_1094,3,,,,,
dl_1094,15,West_exit,15,10,0.8,0
dl_1094,17,West_exit,15,10,0.8,0
dl_1094,6,West_exit_short,6,4,0.44,0
dl_1094,2,East_exit,2,2,0.8,0
dl_1094,13,East_exit_short,13,9,0.44,0
dl_1095,3,,,,,
dl_1095,15,West_exit,15,10,0.8,0
dl_1095,17,West_exit,15,10,0.8,0
dl_1095,6,West_exit_short,6,4,0.44,0
dl_1095,2,East_exit,2,2,0.8,0
dl_1095,12,East_exit_short,12,9,0.44,0
dl_1096,3,,,,,
dl_1096,15,West_exit,15,10,0.8,0
dl_1096,17,West_exit,15,10,0.8,0
dl_1096,6,West_exit_short,6,4,0.44,0
dl_1096,2,East_exit,2,2,0.8,0
dl_1096,11,East_exit_short,11,8,0.44,0
dl_1097,3,,,,,
dl_1097,17,West_exit,15,10,0.8,0
dl_1097,16,East_exit_short,16,11,0.44,0
dl_1097,2,East_exit,4,3,0.8,0
dl_1097,4,East_exit,4,3,0.8,0
dl_1097,8,West_exit_short,8,5,0.44,0
dl_1098,3,,,,,
dl_1098,14,East_exit_short,14,10,0.44,0
dl_1098,15,West_exit,15,10,0.8,0
dl_1098,17,West_exit,15,10,0.8,0
dl_1098,2,East_exit,4,3,0.8,0
dl_1098,4,East_exit,4,3,0.8,0
dl_1098,8,West_exit_short,8,5,0.44,0
dl_1099,3,,,,,
dl_1099,15,West_exit,15,10,0.8,0
dl_1099,17,West_exit,15,10,0.8,0
dl_1099,2,East_exit,4,3,0.8,0
dl_1099,4,East_exit,4,3,0.8,0
dl_1099,8,West_exit_short,8,5,0.44,0
dl_1099,13,East_exit_short,13,9,0.44,0
dl_1100,3,,,,,
dl_1100,15,West_exit,15,10,0.8,0
dl_1100,17,West_exit,15,10,0.8,0
dl_1100,2,East_exit,4,3,0.8,0
dl_1100,4,East_exit,4,3,0.8,0
dl_1100,8,West_exit_short,8,5,0.44,0
dl_1100,12,East_exit_short,12,9,0.44,0
dl_1101,3,,,,,
dl_1101,15,West_exit,15,10,0.8,0
dl_1101,17,West_exit,15,10,0.8,0
dl_1101,2,East_exit,4,3,0.8,0
dl_1101,4,East_exit,4,3,0.8,0
dl_1101,8,West_exit_short,8,5,0.44,0
dl_1101,11,East_exit_short,11,8,0.44,0
dl_1102,3,,,,,
dl_1102,17,West_exit,15,10,0.8,0
dl_1102,16,East_exit_short,16,11,0.44,0
dl_1102,15,West_exit,15,10,0.8,0
dl_1102,3,East_exit,3,3,0.8,0
dl_1102,2,East_exit,3,3,0.8,0
dl_1102,8,West_exit_short,8,5,0.44,0
dl_1103,3,,,,,
dl_1103,3,East_exit,3,3,0.8,0
dl_1103,2,East_exit,3,3,0.8,0
dl_1103,14,East_exit_short,14,10,0.44,0
dl_1103,15,West_exit,15,10,0.8,0
dl_1103,17,West_exit,15,10,0.8,0
dl_1103,8,West_exit_short,8,5,0.44,0
dl_1104,3,,,,,
dl_1104,3,East_exit,3,3,0.8,0
dl_1104,2,East_exit,3,3,0.8,0
dl_1104,15,West_exit,15,10,0.8,0
dl_1104,17,West_exit,15,10,0.8,0
dl_1104,8,West_exit_short,8,5,0.44,0
dl_1104,13,East_exit_short,13,9,0.44,0
dl_1105,3,,,,,
dl_1105,3,East_exit,3,3,0.8,0
dl_1105,2,East_exit,3,3,0.8,0
dl_1105,15,West_exit,15,10,0.8,0
dl_1105,17,West_exit,15,10,0.8,0
dl_1105,8,West_exit_short,8,5,0.44,0
dl_1105,12,East_exit_short,12,9,0.44,0
dl_1106,3,,,,,
dl_1106,3,East_exit,3,3,0.8,0
dl_1106,2,East_exit,3,3,0.8,0
dl_1106,15,West_exit,15,10,0.8,0
dl_1106,17,West_exit,15,10,0.8,0
dl_1106,8,West_exit_short,8,5,0.44,0
dl_1106,11,East_exit_short,11,8,0.44,0
dl_1107,3,,,,,
dl_1107,17,West_exit,15,10,0.8,0
dl_1107,15,West_exit,15,10,0.8,0
dl_1107,16,East_exit_short,16,11,0.44,0
dl_1107,8,West_exit_short,8,5,0.44,0
dl_1107,2,East_exit,2,2,0.8,0
dl_1108,3,,,,,
dl_1108,14,East_exit_short,14,10,0.44,0
dl_1108,15,West_exit,15,10,0.8,0
dl_1108,17,West_exit,15,10,0.8,0
dl_1108,8,West_exit_short,8,5,0.44,0
dl_1108,2,East_exit,2,2,0.8,0
dl_1109,3,,,,,
dl_1109,15,West_exit,15,10,0.8,0
dl_1109,17,West_exit,15,10,0.8,0
dl_1109,8,West_exit_short,8,5,0.44,0
dl_1109,2,East_exit,2,2,0.8,0
dl_1109,13,East_exit_short,13,9,0.44,0
dl_1110,3,,,,,
dl_1110,15,West_exit,15,10,0.8,0
dl_1110,17,West_exit,15,10,0.8,0
dl_1110,8,West_exit_short,8,5,0.44,0
dl_1110,2,East_exit,2,2,0.8,0
dl_1110,12,East_exit_short,12,9,0.44,0
dl_1111,3,,,,,
dl_1111,15,West_exit,15,10,0.8,0
dl_1111,17,West_exit,15,10,0.8,0
dl_1111,8,West_exit_short,8,5,0.44,0
dl_1111,2,East_exit,2,2,0.8,0
dl_1111,11,East_exit_short,11,8,0.44,0
dl_1112,3,,,,,
dl_1112,2,East_exit,3,3,0.8,0
dl_1112,4,West_exit_short,4,2,0.44,0
dl_1112,15,West_exit,15,10,0.8,0
dl_1112,17,West_exit,15,10,0.8,0
dl_1112,10,East_exit_short,10,7,0.44,0
dl_1113,3,,,,,
dl_1113,5,West_exit_short,5,3,0.44,0
dl_1113,3,East_exit,3,3,0.8,0
dl_1113,2,East_exit,3,3,0.8,0
dl_1113,15,West_exit,15,10,0.8,0
dl_1113,17,West_exit,15,10,0.8,0
dl_1113,10,East_exit_short,10,7,0.44,0
dl_1114,3,,,,,
dl_1114,2,East_exit,2,2,0.8,0
dl_1114,4,West_exit_short,4,2,0.44,0
dl_1114,15,West_exit,15,10,0.8,0
dl_1114,17,West_exit,15,10,0.8,0
dl_1114,10,East_exit_short,10,7,0.44,0
dl_1115,3,,,,,
dl_1115,3,West_exit_short,3,2,0.44,0
dl_1115,2,East_exit,2,2,0.8,0
dl_1115,15,West_exit,15,10,0.8,0
dl_1115,17,West_exit,15,10,0.8,0
dl_1115,10,East_exit_short,10,7,0.44,0
dl_1116,3,,,,,
dl_1116,5,West_exit_short,5,3,0.44,0
dl_1116,2,East_exit,2,2,0.8,0
dl_1116,15,West_exit,15,10,0.8,0
dl_1116,17,West_exit,15,10,0.8,0
dl_1116,10,East_exit_short,10,7,0.44,0
dl_1117,3,,,,,
dl_1117,15,West_exit,15,10,0.8,0
dl_1117,17,West_exit,15,10,0.8,0
dl_1117,2,East_exit,4,3,0.8,0
dl_1117,4,East_exit,4,3,0.8,0
dl_1117,10,East_exit_short,10,7,0.44,0
dl_1117,7,West_exit_short,7,4,0.44,0
dl_1118,3,,,,,
dl_1118,3,East_exit,3,3,0.8,0
dl_1118,2,East_exit,3,3,0.8,0
dl_1118,15,West_exit,15,10,0.8,0
dl_1118,17,West_exit,15,10,0.8,0
dl_1118,10,East_exit_short,10,7,0.44,0
dl_1118,7,West_exit_short,7,4,0.44,0
dl_1119,3,,,,,
dl_1119,2,East_exit,2,2,0.8,0
dl_1119,15,West_exit,15,10,0.8,0
dl_1119,17,West_exit,15,10,0.8,0
dl_1119,10,East_exit_short,10,7,0.44,0
dl_1119,7,West_exit_short,7,4,0.44,0
dl_1120,3,,,,,
dl_1120,15,West_exit,15,10,0.8,0
dl_1120,17,West_exit,15,10,0.8,0
dl_1120,2,East_exit,4,3,0.8,0
dl_1120,4,East_exit,4,3,0.8,0
dl_1120,10,East_exit_short,10,7,0.44,0
dl_1120,6,West_exit_short,6,4,0.44,0
dl_1121,3,,,,,
dl_1121,3,East_exit,3,3,0.8,0
dl_1121,2,East_exit,3,3,0.8,0
dl_1121,15,West_exit,15,10,0.8,0
dl_1121,17,West_exit,15,10,0.8,0
dl_1121,10,East_exit_short,10,7,0.44,0
dl_1121,6,West_exit_short,6,4,0.44,0
dl_1122,3,,,,,
dl_1122,15,West_exit,15,10,0.8,0
dl_1122,17,West_exit,15,10,0.8,0
dl_1122,10,East_exit_short,10,7,0.44,0
dl_1122,6,West_exit_short,6,4,0.44,0
dl_1122,2,East_exit,2,2,0.8,0
dl_1123,3,,,,,
dl_1123,15,West_exit,15,10,0.8,0
dl_1123,17,West_exit,15,10,0.8,0
dl_1123,10,East_exit_short,10,7,0.44,0
dl_1123,2,East_exit,4,3,0.8,0
dl_1123,4,East_exit,4,3,0.8,0
dl_1123,8,West_exit_short,8,5,0.44,0
dl_1124,3,,,,,
dl_1124,3,East_exit,3,3,0.8,0
dl_1124,2,East_exit,3,3,0.8,0
dl_1124,15,West_exit,15,10,0.8,0
dl_1124,17,West_exit,15,10,0.8,0
dl_1124,10,East_exit_short,10,7,0.44,0
dl_1124,8,West_exit_short,8,5,0.44,0
dl_1125,3,,,,,
dl_1125,15,West_exit,15,10,0.8,0
dl_1125,17,West_exit,15,10,0.8,0
dl_1125,10,East_exit_short,10,7,0.44,0
dl_1125,8,West_exit_short,8,5,0.44,0
dl_1125,2,East_exit,2,2,0.8,0
dl_1126,3,,,,,
dl_1126,2,East_exit,3,3,0.8,0
dl_1126,15,East_exit_short,15,11,0.44,0
dl_1126,17,West_exit,17,11,0.8,0
dl_1126,4,West_exit_short,4,2,0.44,0
dl_1127,3,,,,,
dl_1127,2,East_exit,3,3,0.8,0
dl_1127,14,East_exit_short,14,10,0.44,0
dl_1127,17,West_exit,17,11,0.8,0
dl_1127,4,West_exit_short,4,2,0.44,0
dl_1128,3,,,,,
dl_1128,5,West_exit_short,5,3,0.44,0
dl_1128,3,East_exit,3,3,0.8,0
dl_1128,2,East_exit,3,3,0.8,0
dl_1128,15,East_exit_short,15,11,0.44,0
dl_1128,17,West_exit,17,11,0.8,0
dl_1129,3,,,,,
dl_1129,5,West_exit_short,5,3,0.44,0
dl_1129,3,East_exit,3,3,0.8,0
dl_1129,2,East_exit,3,3,0.8,0
dl_1129,14,East_exit_short,14,10,0.44,0
dl_1129,17,West_exit,17,11,0.8,0
dl_1130,3,,,,,
dl_1130,2,East_exit,3,3,0.8,0
dl_1130,17,West_exit,17,11,0.8,0
dl_1130,4,West_exit_short,4,2,0.44,0
dl_1130,13,East_exit_short,13,9,0.44,0
dl_1131,3,,,,,
dl_1131,5,West_exit_short,5,3,0.44,0
dl_1131,3,East_exit,3,3,0.8,0
dl_1131,2,East_exit,3,3,0.8,0
dl_1131,17,West_exit,17,11,0.8,0
dl_1131,13,East_exit_short,13,9,0.44,0
dl_1132,3,,,,,
dl_1132,2,East_exit,3,3,0.8,0
dl_1132,17,West_exit,17,11,0.8,0
dl_1132,4,West_exit_short,4,2,0.44,0
dl_1132,12,East_exit_short,12,9,0.44,0
dl_1133,3,,,,,
dl_1133,5,West_exit_short,5,3,0.44,0
dl_1133,3,East_exit,3,3,0.8,0
dl_1133,2,East_exit,3,3,0.8,0
dl_1133,17,West_exit,17,11,0.8,0
dl_1133,12,East_exit_short,12,9,0.44,0
dl_1134,3,,,,,
dl_1134,2,East_exit,3,3,0.8,0
dl_1134,17,West_exit,17,11,0.8,0
dl_1134,4,West_exit_short,4,2,0.44,0
dl_1134,11,East_exit_short,11,8,0.44,0
dl_1135,3,,,,,
dl_1135,5,West_exit_short,5,3,0.44,0
dl_1135,3,East_exit,3,3,0.8,0
dl_1135,2,East_exit,3,3,0.8,0
dl_1135,17,West_exit,17,11,0.8,0
dl_1135,11,East_exit_short,11,8,0.44,0
dl_1136,3,,,,,
dl_1136,2,East_exit,2,2,0.8,0
dl_1136,15,East_exit_short,15,11,0.44,0
dl_1136,17,West_exit,17,11,0.8,0
dl_1136,4,West_exit_short,4,2,0.44,0
dl_1137,3,,,,,
dl_1137,2,East_exit,2,2,0.8,0
dl_1137,14,East_exit_short,14,10,0.44,0
dl_1137,17,West_exit,17,11,0.8,0
dl_1137,4,West_exit_short,4,2,0.44,0
dl_1138,3,,,,,
dl_1138,3,West_exit_short,3,2,0.44,0
dl_1138,15,East_exit_short,15,11,0.44,0
dl_1138,17,West_exit,17,11,0.8,0
dl_1138,2,East_exit,2,2,0.8,0
dl_1139,3,,,,,
dl_1139,3,West_exit_short,3,2,0.44,0
dl_1139,14,East_exit_short,14,10,0.44,0
dl_1139,17,West_exit,17,11,0.8,0
dl_1139,2,East_exit,2,2,0.8,0
dl_1140,3,,,,,
dl_1140,5,West_exit_short,5,3,0.44,0
dl_1140,15,East_exit_short,15,11,0.44,0
dl_1140,17,West_exit,17,11,0.8,0
dl_1140,2,East_exit,2,2,0.8,0
dl_1141,3,,,,,
dl_1141,5,West_exit_short,5,3,0.44,0
dl_1141,14,East_exit_short,14,10,0.44,0
dl_1141,17,West_exit,17,11,0.8,0
dl_1141,2,East_exit,2,2,0.8,0
dl_1142,3,,,,,
dl_1142,2,East_exit,2,2,0.8,0
dl_1142,17,West_exit,17,11,0.8,0
dl_1142,4,West_exit_short,4,2,0.44,0
dl_1142,13,East_exit_short,13,9,0.44,0
dl_1143,3,,,,,
dl_1143,3,West_exit_short,3,2,0.44,0
dl_1143,17,West_exit,17,11,0.8,0
dl_1143,2,East_exit,2,2,0.8,0
dl_1143,13,East_exit_short,13,9,0.44,0
dl_1144,3,,,,,
dl_1144,5,West_exit_short,5,3,0.44,0
dl_1144,17,West_exit,17,11,0.8,0
dl_1144,2,East_exit,2,2,0.8,0
dl_1144,13,East_exit_short,13,9,0.44,0
dl_1145,3,,,,,
dl_1145,2,East_exit,2,2,0.8,0
dl_1145,17,West_exit,17,11,0.8,0
dl_1145,4,West_exit_short,4,2,0.44,0
dl_1145,12,East_exit_short,12,9,0.44,0
dl_1146,3,,,,,
dl_1146,3,West_exit_short,3,2,0.44,0
dl_1146,17,West_exit,17,11,0.8,0
dl_1146,2,East_exit,2,2,0.8,0
dl_1146,12,East_exit_short,12,9,0.44,0
dl_1147,3,,,,,
dl_1147,5,West_exit_short,5,3,0.44,0
dl_1147,17,West_exit,17,11,0.8,0
dl_1147,2,East_exit,2,2,0.8,0
dl_1147,12,East_exit_short,12,9,0.44,0
dl_1148,3,,,,,
dl_1148,2,East_exit,2,2,0.8,0
dl_1148,17,West_exit,17,11,0.8,0
dl_1148,4,West_exit_short,4,2,0.44,0
dl_1148,11,East_exit_short,11,8,0.44,0
dl_1149,3,,,,,
dl_1149,3,West_exit_short,3,2,0.44,0
dl_1149,17,West_exit,17,11,0.8,0
dl_1149,2,East_exit,2,2,0.8,0
dl_1149,11,East_exit_short,11,8,0.44,0
dl_1150,3,,,,,
dl_1150,5,West_exit_short,5,3,0.44,0
dl_1150,17,West_exit,17,11,0.8,0
dl_1150,2,East_exit,2,2,0.8,0
dl_1150,11,East_exit_short,11,8,0.44,0
dl_1151,3,,,,,
dl_1151,15,East_exit_short,15,11,0.44,0
dl_1151,2,East_exit,4,3,0.8,0
dl_1151,4,East_exit,4,3,0.8,0
dl_1151,17,West_exit,17,11,0.8,0
dl_1151,7,West_exit_short,7,4,0.44,0
dl_1152,3,,,,,
dl_1152,14,East_exit_short,14,10,0.44,0
dl_1152,2,East_exit,4,3,0.8,0
dl_1152,4,East_exit,4,3,0.8,0
dl_1152,17,West_exit,17,11,0.8,0
dl_1152,7,West_exit_short,7,4,0.44,0
dl_1153,3,,,,,
dl_1153,2,East_exit,4,3,0.8,0
dl_1153,4,East_exit,4,3,0.8,0
dl_1153,17,West_exit,17,11,0.8,0
dl_1153,13,East_exit_short,13,9,0.44,0
dl_1153,7,West_exit_short,7,4,0.44,0
dl_1154,3,,,,,
dl_1154,2,East_exit,4,3,0.8,0
dl_1154,4,East_exit,4,3,0.8,0
dl_1154,12,East_exit_short,12,9,0.44,0
dl_1154,17,West_exit,17,11,0.8,0
dl_1154,7,West_exit_short,7,4,0.44,0
dl_1155,3,,,,,
dl_1155,2,East_exit,4,3,0.8,0
dl_1155,4,East_exit,4,3,0.8,0
dl_1155,11,East_exit_short,11,8,0.44,0
dl_1155,17,West_exit,17,11,0.8,0
dl_1155,7,West_exit_short,7,4,0.44,0
dl_1156,3,,,,,
dl_1156,3,East_exit,3,3,0.8,0
dl_1156,2,East_exit,3,3,0.8,0
dl_1156,15,East_exit_short,15,11,0.44,0
dl_1156,17,West_exit,17,11,0.8,0
dl_1156,7,West_exit_short,7,4,0.44,0
dl_1157,3,,,,,
dl_1157,3,East_exit,3,3,0.8,0
dl_1157,2,East_exit,3,3,0.8,0
dl_1157,14,East_exit_short,14,10,0.44,0
dl_1157,17,West_exit,17,11,0.8,0
dl_1157,7,West_exit_short,7,4,0.44,0
dl_1158,3,,,,,
dl_1158,3,East_exit,3,3,0.8,0
dl_1158,2,East_exit,3,3,0.8,0
dl_1158,17,West_exit,17,11,0.8,0
dl_1158,13,East_exit_short,13,9,0.44,0
dl_1158,7,West_exit_short,7,4,0.44,0
dl_1159,3,,,,,
dl_1159,3,East_exit,3,3,0.8,0
dl_1159,2,East_exit,3,3,0.8,0
dl_1159,17,West_exit,17,11,0.8,0
dl_1159,12,East_exit_short,12,9,0.44,0
dl_1159,7,West_exit_short,7,4,0.44,0
dl_1160,3,,,,,
dl_1160,3,East_exit,3,3,0.8,0
dl_1160,2,East_exit,3,3,0.8,0
dl_1160,17,West_exit,17,11,0.8,0
dl_1160,11,East_exit_short,11,8,0.44,0
dl_1160,7,West_exit_short,7,4,0.44,0
dl_1161,3,,,,,
dl_1161,15,East_exit_short,15,11,0.44,0
dl_1161,17,West_exit,17,11,0.8,0
dl_1161,2,East_exit,2,2,0.8,0
dl_1161,7,West_exit_short,7,4,0.44,0
dl_1162,3,,,,,
dl_1162,14,East_exit_short,14,10,0.44,0
dl_1162,17,West_exit,17,11,0.8,0
dl_1162,7,West_exit_short,7,4,0.44,0
dl_1162,2,East_exit,2,2,0.8,0
dl_1163,3,,,,,
dl_1163,17,West_exit,17,11,0.8,0
dl_1163,2,East_exit,2,2,0.8,0
dl_1163,13,East_exit_short,13,9,0.44,0
dl_1163,7,West_exit_short,7,4,0.44,0
dl_1164,3,,,,,
dl_1164,17,West_exit,17,11,0.8,0
dl_1164,2,East_exit,2,2,0.8,0
dl_1164,12,East_exit_short,12,9,0.44,0
dl_1164,7,West_exit_short,7,4,0.44,0
dl_1165,3,,,,,
dl_1165,17,West_exit,17,11,0.8,0
dl_1165,2,East_exit,2,2,0.8,0
dl_1165,11,East_exit_short,11,8,0.44,0
dl_1165,7,West_exit_short,7,4,0.44,0
dl_1166,3,,,,,
dl_1166,17,West_exit,17,11,0.8,0
dl_1166,2,East_exit,4,3,0.8,0
dl_1166,4,East_exit,4,3,0.8,0
dl_1166,16,East_exit_short,16,11,0.44,0
dl_1166,6,West_exit_short,6,4,0.44,0
dl_1167,3,,,,,
dl_1167,15,East_exit_short,15,11,0.44,0
dl_1167,2,East_exit,4,3,0.8,0
dl_1167,4,East_exit,4,3,0.8,0
dl_1167,17,West_exit,17,11,0.8,0
dl_1167,6,West_exit_short,6,4,0.44,0
dl_1168,3,,,,,
dl_1168,14,East_exit_short,14,10,0.44,0
dl_1168,2,East_exit,4,3,0.8,0
dl_1168,4,East_exit,4,3,0.8,0
dl_1168,17,West_exit,17,11,0.8,0
dl_1168,6,West_exit_short,6,4,0.44,0
dl_1169,3,,,,,
dl_1169,2,East_exit,4,3,0.8,0
dl_1169,4,East_exit,4,3,0.8,0
dl_1169,17,West_exit,17,11,0.8,0
dl_1169,13,East_exit_short,13,9,0.44,0
dl_1169,6,West_exit_short,6,4,0.44,0
dl_1170,3,,,,,
dl_1170,2,East_exit,4,3,0.8,0
dl_1170,4,East_exit,4,3,0.8,0
dl_1170,12,East_exit_short,12,9,0.44,0
dl_1170,17,West_exit,17,11,0.8,0
dl_1170,6,West_exit_short,6,4,0.44,0
dl_1171,3,,,,,
dl_1171,2,East_exit,4,3,0.8,0
dl_1171,4,East_exit,4,3,0.8,0
dl_1171,11,East_exit_short,11,8,0.44,0
dl_1171,17,West_exit,17,11,0.8,0
dl_1171,6,West_exit_short,6,4,0.44,0
dl_1172,3,,,,,
dl_1172,17,West_exit,17,11,0.8,0
dl_1172,3,East_exit,3,3,0.8,0
dl_1172,2,East_exit,3,3,0.8,0
dl_1172,16,East_exit_short,16,11,0.44,0
dl_1172,6,West_exit_short,6,4,0.44,0
dl_1173,3,,,,,
dl_1173,3,East_exit,3,3,0.8,0
dl_1173,2,East_exit,3,3,0.8,0
dl_1173,15,East_exit_short,15,11,0.44,0
dl_1173,17,West_exit,17,11,0.8,0
dl_1173,6,West_exit_short,6,4,0.44,0
dl_1174,3,,,,,
dl_1174,3,East_exit,3,3,0.8,0
dl_1174,2,East_exit,3,3,0.8,0
dl_1174,14,East_exit_short,14,10,0.44,0
dl_1174,17,West_exit,17,11,0.8,0
dl_1174,6,West_exit_short,6,4,0.44,0
dl_1175,3,,,,,
dl_1175,3,East_exit,3,3,0.8,0
dl_1175,2,East_exit,3,3,0.8,0
dl_1175,17,West_exit,17,11,0.8,0
dl_1175,13,East_exit_short,13,9,0.44,0
dl_1175,6,West_exit_short,6,4,0.44,0
dl_1176,3,,,,,
dl_1176,3,East_exit,3,3,0.8,0
dl_1176,2,East_exit,3,3,0.8,0
dl_1176,17,West_exit,17,11,0.8,0
dl_1176,12,East_exit_short,12,9,0.44,0
dl_1176,6,West_exit_short,6,4,0.44,0
dl_1177,3,,,,,
dl_1177,3,East_exit,3,3,0.8,0
dl_1177,2,East_exit,3,3,0.8,0
dl_1177,17,West_exit,17,11,0.8,0
dl_1177,11,East_exit_short,11,8,0.44,0
dl_1177,6,West_exit_short,6,4,0.44,0
dl_1178,3,,,,,
dl_1178,17,West_exit,17,11,0.8,0
dl_1178,16,East_exit_short,16,11,0.44,0
dl_1178,6,West_exit_short,6,4,0.44,0
dl_1178,2,East_exit,2,2,0.8,0
dl_1179,3,,,,,
dl_1179,15,East_exit_short,15,11,0.44,0
dl_1179,17,West_exit,17,11,0.8,0
dl_1179,2,East_exit,2,2,0.8,0
dl_1179,6,West_exit_short,6,4,0.44,0
dl_1180,3,,,,,
dl_1180,14,East_exit_short,14,10,0.44,0
dl_1180,17,West_exit,17,11,0.8,0
dl_1180,6,West_exit_short,6,4,0.44,0
dl_1180,2,East_exit,2,2,0.8,0
dl_1181,3,,,,,
dl_1181,17,West_exit,17,11,0.8,0
dl_1181,6,West_exit_short,6,4,0.44,0
dl_1181,2,East_exit,2,2,0.8,0
dl_1181,13,East_exit_short,13,9,0.44,0
dl_1182,3,,,,,
dl_1182,17,West_exit,17,11,0.8,0
dl_1182,6,West_exit_short,6,4,0.44,0
dl_1182,2,East_exit,2,2,0.8,0
dl_1182,12,East_exit_short,12,9,0.44,0
dl_1183,3,,,,,
dl_1183,17,West_exit,17,11,0.8,0
dl_1183,6,West_exit_short,6,4,0.44,0
dl_1183,2,East_exit,2,2,0.8,0
dl_1183,11,East_exit_short,11,8,0.44,0
dl_1184,3,,,,,
dl_1184,17,West_exit,17,11,0.8,0
dl_1184,16,East_exit_short,16,11,0.44,0
dl_1184,2,East_exit,4,3,0.8,0
dl_1184,4,East_exit,4,3,0.8,0
dl_1184,8,West_exit_short,8,5,0.44,0
dl_1185,3,,,,,
dl_1185,15,East_exit_short,15,11,0.44,0
dl_1185,17,West_exit,17,11,0.8,0
dl_1185,2,East_exit,4,3,0.8,0
dl_1185,4,East_exit,4,3,0.8,0
dl_1185,8,West_exit_short,8,5,0.44,0
dl_1186,3,,,,,
dl_1186,14,East_exit_short,14,10,0.44,0
dl_1186,2,East_exit,4,3,0.8,0
dl_1186,4,East_exit,4,3,0.8,0
dl_1186,17,West_exit,17,11,0.8,0
dl_1186,8,West_exit_short,8,5,0.44,0
dl_1187,3,,,,,
dl_1187,2,East_exit,4,3,0.8,0
dl_1187,4,East_exit,4,3,0.8,0
dl_1187,17,West_exit,17,11,0.8,0
dl_1187,8,West_exit_short,8,5,0.44,0
dl_1187,13,East_exit_short,13,9,0.44,0
dl_1188,3,,,,,
dl_1188,2,East_exit,4,3,0.8,0
dl_1188,4,East_exit,4,3,0.8,0
dl_1188,17,West_exit,17,11,0.8,0
dl_1188,8,West_exit_short,8,5,0.44,0
dl_1188,12,East_exit_short,12,9,0.44,0
dl_1189,3,,,,,
dl_1189,2,East_exit,4,3,0.8,0
dl_1189,4,East_exit,4,3,0.8,0
dl_1189,17,West_exit,17,11,0.8,0
dl_1189,8,West_exit_short,8,5,0.44,0
dl_1189,11,East_exit_short,11,8,0.44,0
dl_1190,3,,,,,
dl_1190,17,West_exit,17,11,0.8,0
dl_1190,16,East_exit_short,16,11,0.44,0
dl_1190,3,East_exit,3,3,0.8,0
dl_1190,2,East_exit,3,3,0.8,0
dl_1190,8,West_exit_short,8,5,0.44,0
dl_1191,3,,,,,
dl_1191,15,East_exit_short,15,11,0.44,0
dl_1191,17,West_exit,17,11,0.8,0
dl_1191,3,East_exit,3,3,0.8,0
dl_1191,2,East_exit,3,3,0.8,0
dl_1191,8,West_exit_short,8,5,0.44,0
dl_1192,3,,,,,
dl_1192,3,East_exit,3,3,0.8,0
dl_1192,2,East_exit,3,3,0.8,0
dl_1192,14,East_exit_short,14,10,0.44,0
dl_1192,17,West_exit,17,11,0.8,0
dl_1192,8,West_exit_short,8,5,0.44,0
dl_1193,3,,,,,
dl_1193,3,East_exit,3,3,0.8,0
dl_1193,2,East_exit,3,3,0.8,0
dl_1193,17,West_exit,17,11,0.8,0
dl_1193,8,West_exit_short,8,5,0.44,0
dl_1193,13,East_exit_short,13,9,0.44,0
dl_1194,3,,,,,
dl_1194,3,East_exit,3,3,0.8,0
dl_1194,2,East_exit,3,3,0.8,0
dl_1194,17,West_exit,17,11,0.8,0
dl_1194,8,West_exit_short,8,5,0.44,0
dl_1194,12,East_exit_short,12,9,0.44,0
dl_1195,3,,,,,
dl_1195,3,East_exit,3,3,0.8,0
dl_1195,2,East_exit,3,3,0.8,0
dl_1195,17,West_exit,17,11,0.8,0
dl_1195,8,West_exit_short,8,5,0.44,0
dl_1195,11,East_exit_short,11,8,0.44,0
dl_1196,3,,,,,
dl_1196,17,West_exit,17,11,0.8,0
dl_1196,16,East_exit_short,16,11,0.44,0
dl_1196,8,West_exit_short,8,5,0.44,0
dl_1196,2,East_exit,2,2,0.8,0
dl_1197,3,,,,,
dl_1197,15,East_exit_short,15,11,0.44,0
dl_1197,17,West_exit,17,11,0.8,0
dl_1197,8,West_exit_short,8,5,0.44,0
dl_1197,2,East_exit,2,2,0.8,0
dl_1198,3,,,,,
dl_1198,14,East_exit_short,14,10,0.44,0
dl_1198,17,West_exit,17,11,0.8,0
dl_1198,8,West_exit_short,8,5,0.44,0
dl_1198,2,East_exit,2,2,0.8,0
dl_1199,3,,,,,
dl_1199,17,West_exit,17,11,0.8,0
dl_1199,8,West_exit_short,8,5,0.44,0
dl_1199,2,East_exit,2,2,0.8,0
dl_1199,13,East_exit_short,13,9,0.44,0
dl_1200,3,,,,,
dl_1200,17,West_exit,17,11,0.8,0
dl_1200,8,West_exit_short,8,5,0.44,0
dl_1200,2,East_exit,2,2,0.8,0
dl_1200,12,East_exit_short,12,9,0.44,0
dl_1201,3,,,,,
dl_1201,17,West_exit,17,11,0.8,0
dl_1201,8,West_exit_short,8,5,0.44,0
dl_1201,2,East_exit,2,2,0.8,0
dl_1201,11,East_exit_short,11,8,0.44,0
dl_1202,3,,,,,
dl_1202,2,East_exit,3,3,0.8,0
dl_1202,4,West_exit_short,4,2,0.44,0
dl_1202,10,East_exit_short,10,7,0.44,0
dl_1202,17,West_exit,17,11,0.8,0
dl_1203,3,,,,,
dl_1203,5,West_exit_short,5,3,0.44,0
dl_1203,3,East_exit,3,3,0.8,0
dl_1203,2,East_exit,3,3,0.8,0
dl_1203,10,East_exit_short,10,7,0.44,0
dl_1203,17,West_exit,17,11,0.8,0
dl_1204,3,,,,,
dl_1204,2,East_exit,2,2,0.8,0
dl_1204,4,West_exit_short,4,2,0.44,0
dl_1204,10,East_exit_short,10,7,0.44,0
dl_1204,17,West_exit,17,11,0.8,0
dl_1205,3,,,,,
dl_1205,3,West_exit_short,3,2,0.44,0
dl_1205,2,East_exit,2,2,0.8,0
dl_1205,10,East_exit_short,10,7,0.44,0
dl_1205,17,West_exit,17,11,0.8,0
dl_1206,3,,,,,
dl_1206,5,West_exit_short,5,3,0.44,0
dl_1206,2,East_exit,2,2,0.8,0
dl_1206,10,East_exit_short,10,7,0.44,0
dl_1206,17,West_exit,17,11,0.8,0
dl_1207,3,,,,,
dl_1207,2,East_exit,4,3,0.8,0
dl_1207,4,East_exit,4,3,0.8,0
dl_1207,10,East_exit_short,10,7,0.44,0
dl_1207,17,West_exit,17,11,0.8,0
dl_1207,7,West_exit_short,7,4,0.44,0
dl_1208,3,,,,,
dl_1208,3,East_exit,3,3,0.8,0
dl_1208,2,East_exit,3,3,0.8,0
dl_1208,10,East_exit_short,10,7,0.44,0
dl_1208,17,West_exit,17,11,0.8,0
dl_1208,7,West_exit_short,7,4,0.44,0
dl_1209,3,,,,,
dl_1209,2,East_exit,2,2,0.8,0
dl_1209,10,East_exit_short,10,7,0.44,0
dl_1209,17,West_exit,17,11,0.8,0
dl_1209,7,West_exit_short,7,4,0.44,0
dl_1210,3,,,,,
dl_1210,2,East_exit,4,3,0.8,0
dl_1210,4,East_exit,4,3,0.8,0
dl_1210,10,East_exit_short,10,7,0.44,0
dl_1210,17,West_exit,17,11,0.8,0
dl_1210,6,West_exit_short,6,4,0.44,0
dl_1211,3,,,,,
dl_1211,3,East_exit,3,3,0.8,0
dl_1211,2,East_exit,3,3,0.8,0
dl_1211,10,East_exit_short,10,7,0.44,0
dl_1211,17,West_exit,17,11,0.8,0
dl_1211,6,West_exit_short,6,4,0.44,0
dl_1212,3,,,,,
dl_1212,10,East_exit_short,10,7,0.44,0
dl_1212,17,West_exit,17,11,0.8,0
dl_1212,6,West_exit_short,6,4,0.44,0
dl_1212,2,East_exit,2,2,0.8,0
dl_1213,3,,,,,
dl_1213,2,East_exit,4,3,0.8,0
dl_1213,4,East_exit,4,3,0.8,0
dl_1213,10,East_exit_short,10,7,0.44,0
dl_1213,17,West_exit,17,11,0.8,0
dl_1213,8,West_exit_short,8,5,0.44,0
dl_1214,3,,,,,
dl_1214,3,East_exit,3,3,0.8,0
dl_1214,2,East_exit,3,3,0.8,0
dl_1214,10,East_exit_short,10,7,0.44,0
dl_1214,17,West_exit,17,11,0.8,0
dl_1214,8,West_exit_short,8,5,0.44,0
dl_1215,3,,,,,
dl_1215,10,East_exit_short,10,7,0.44,0
dl_1215,17,West_exit,17,11,0.8,0
dl_1215,8,West_exit_short,8,5,0.44,0
dl_1215,2,East_exit,2,2,0.8,0
dl_1216,1,,,,,
dl_1216,14,West_exit,13,8,0.8,0
dl_1216,13,West_exit,13,8,0.8,0
dl_1216,2,East_exit,4,3,0.8,0
dl_1216,4,East_exit,4,3,0.8,0
dl_1217,1,,,,,
dl_1217,12,West_exit,12,8,0.8,0
dl_1217,14,West_exit,12,8,0.8,0
dl_1217,2,East_exit,4,3,0.8,0
dl_1217,4,East_exit,4,3,0.8,0
dl_1218,2,,,,,
dl_1218,14,West_exit,14,9,0.8,0
dl_1218,2,East_exit,4,3,0.8,0
dl_1218,4,East_exit,4,3,0.8,0
dl_1218,13,East_exit_short,13,9,0.44,0
dl_1219,2,,,,,
dl_1219,14,West_exit,14,9,0.8,0
dl_1219,12,East_exit_short,12,9,0.44,0
dl_1219,2,East_exit,4,3,0.8,0
dl_1219,4,East_exit,4,3,0.8,0
dl_1220,2,,,,,
dl_1220,14,West_exit,14,9,0.8,0
dl_1220,2,East_exit,4,3,0.8,0
dl_1220,4,East_exit,4,3,0.8,0
dl_1220,11,East_exit_short,11,8,0.44,0
dl_1221,1,,,,,
dl_1221,14,West_exit,13,8,0.8,0
dl_1221,13,West_exit,13,8,0.8,0
dl_1221,3,East_exit,3,3,0.8,0
dl_1221,2,East_exit,3,3,0.8,0
dl_1222,1,,,,,
dl_1222,12,West_exit,12,8,0.8,0
dl_1222,14,West_exit,12,8,0.8,0
dl_1222,3,East_exit,3,3,0.8,0
dl_1222,2,East_exit,3,3,0.8,0
dl_1223,2,,,,,
dl_1223,14,West_exit,14,9,0.8,0
dl_1223,3,East_exit,3,3,0.8,0
dl_1223,2,East_exit,3,3,0.8,0
dl_1223,13,East_exit_short,13,9,0.44,0
dl_1224,2,,,,,
dl_1224,14,West_exit,14,9,0.8,0
dl_1224,12,East_exit_short,12,9,0.44,0
dl_1224,3,East_exit,3,3,0.8,0
dl_1224,2,East_exit,3,3,0.8,0
dl_1225,2,,,,,
dl_1225,14,West_exit,14,9,0.8,0
dl_1225,3,East_exit,3,3,0.8,0
dl_1225,2,East_exit,3,3,0.8,0
dl_1225,11,East_exit_short,11,8,0.44,0
dl_1226,1,,,,,
dl_1226,14,West_exit,13,8,0.8,0
dl_1226,13,West_exit,13,8,0.8,0
dl_1226,2,East_exit,2,2,0.8,0
dl_1227,1,,,,,
dl_1227,2,East_exit,2,2,0.8,0
dl_1227,12,West_exit,12,8,0.8,0
dl_1227,14,West_exit,12,8,0.8,0
dl_1228,2,,,,,
dl_1228,14,West_exit,14,9,0.8,0
dl_1228,13,East_exit_short,13,9,0.44,0
dl_1228,2,East_exit,2,2,0.8,0
dl_1229,2,,,,,
dl_1229,14,West_exit,14,9,0.8,0
dl_1229,12,East_exit_short,12,9,0.44,0
dl_1229,2,East_exit,2,2,0.8,0
dl_1230,2,,,,,
dl_1230,14,West_exit,14,9,0.8,0
dl_1230,11,East_exit_short,11,8,0.44,0
dl_1230,2,East_exit,2,2,0.8,0
dl_1231,1,,,,,
dl_1231,2,East_exit,4,3,0.8,0
dl_1231,4,East_exit,4,3,0.8,0
dl_1231,14,West_exit,14,9,0.8,0
dl_1232,1,,,,,
dl_1232,3,East_exit,3,3,0.8,0
dl_1232,2,East_exit,3,3,0.8,0
dl_1232,14,West_exit,14,9,0.8,0
dl_1233,1,,,,,
dl_1233,2,East_exit,2,2,0.8,0
dl_1233,14,West_exit,14,9,0.8,0
dl_1234,2,,,,,
dl_1234,17,West_exit,16,10,0.8,0
dl_1234,15,East_exit_short,15,11,0.44,0
dl_1234,2,East_exit,4,3,0.8,0
dl_1234,4,East_exit,4,3,0.8,0
dl_1235,2,,,,,
dl_1235,14,East_exit_short,14,10,0.44,0
dl_1235,17,West_exit,16,10,0.8,0
dl_1235,16,West_exit,16,10,0.8,0
dl_1235,2,East_exit,4,3,0.8,0
dl_1235,4,East_exit,4,3,0.8,0
dl_1236,2,,,,,
dl_1236,17,West_exit,16,10,0.8,0
dl_1236,16,West_exit,16,10,0.8,0
dl_1236,2,East_exit,4,3,0.8,0
dl_1236,4,East_exit,4,3,0.8,0
dl_1236,13,East_exit_short,13,9,0.44,0
dl_1237,2,,,,,
dl_1237,17,West_exit,16,10,0.8,0
dl_1237,16,West_exit,16,10,0.8,0
dl_1237,12,East_exit_short,12,9,0.44,0
dl_1237,2,East_exit,4,3,0.8,0
dl_1237,4,East_exit,4,3,0.8,0
dl_1238,2,,,,,
dl_1238,17,West_exit,16,10,0.8,0
dl_1238,16,West_exit,16,10,0.8,0
dl_1238,2,East_exit,4,3,0.8,0
dl_1238,4,East_exit,4,3,0.8,0
dl_1238,11,East_exit_short,11,8,0.44,0
dl_1239,2,,,,,
dl_1239,17,West_exit,16,10,0.8,0
dl_1239,15,East_exit_short,15,11,0.44,0
dl_1239,3,East_exit,3,3,0.8,0
dl_1239,2,East_exit,3,3,0.8,0
dl_1240,2,,,,,
dl_1240,14,East_exit_short,14,10,0.44,0
dl_1240,17,West_exit,16,10,0.8,0
dl_1240,16,West_exit,16,10,0.8,0
dl_1240,3,East_exit,3,3,0.8,0
dl_1240,2,East_exit,3,3,0.8,0
dl_1241,2,,,,,
dl_1241,17,West_exit,16,10,0.8,0
dl_1241,16,West_exit,16,10,0.8,0
dl_1241,3,East_exit,3,3,0.8,0
dl_1241,2,East_exit,3,3,0.8,0
dl_1241,13,East_exit_short,13,9,0.44,0
dl_1242,2,,,,,
dl_1242,17,West_exit,16,10,0.8,0
dl_1242,16,West_exit,16,10,0.8,0
dl_1242,12,East_exit_short,12,9,0.44,0
dl_1242,3,East_exit,3,3,0.8,0
dl_1242,2,East_exit,3,3,0.8,0
dl_1243,2,,,,,
dl_1243,17,West_exit,16,10,0.8,0
dl_1243,16,West_exit,16,10,0.8,0
dl_1243,3,East_exit,3,3,0.8,0
dl_1243,2,East_exit,3,3,0.8,0
dl_1243,11,East_exit_short,11,8,0.44,0
dl_1244,2,,,,,
dl_1244,17,West_exit,16,10,0.8,0
dl_1244,15,East_exit_short,15,11,0.44,0
dl_1244,2,East_exit,2,2,0.8,0
dl_1245,2,,,,,
dl_1245,14,East_exit_short,14,10,0.44,0
dl_1245,17,West_exit,16,10,0.8,0
dl_1245,16,West_exit,16,10,0.8,0
dl_1245,2,East_exit,2,2,0.8,0
dl_1246,2,,,,,
dl_1246,17,West_exit,16,10,0.8,0
dl_1246,16,West_exit,16,10,0.8,0
dl_1246,13,East_exit_short,13,9,0.44,0
dl_1246,2,East_exit,2,2,0.8,0
dl_1247,2,,,,,
dl_1247,17,West_exit,16,10,0.8,0
dl_1247,16,West_exit,16,10,0.8,0
dl_1247,12,East_exit_short,12,9,0.44,0
dl_1247,2,East_exit,2,2,0.8,0
dl_1248,2,,,,,
dl_1248,17,West_exit,16,10,0.8,0
dl_1248,16,West_exit,16,10,0.8,0
dl_1248,11,East_exit_short,11,8,0.44,0
dl_1248,2,East_exit,2,2,0.8,0
dl_1249,2,,,,,
dl_1249,17,West_exit,16,10,0.8,0
dl_1249,16,West_exit,16,10,0.8,0
dl_1249,10,East_exit_short,10,7,0.44,0
dl_1249,2,East_exit,4,3,0.8,0
dl_1249,4,East_exit,4,3,0.8,0
dl_1250,2,,,,,
dl_1250,17,West_exit,16,10,0.8,0
dl_1250,16,West_exit,16,10,0.8,0
dl_1250,10,East_exit_short,10,7,0.44,0
dl_1250,3,East_exit,3,3,0.8,0
dl_1250,2,East_exit,3,3,0.8,0
dl_1251,2,,,,,
dl_1251,17,West_exit,16,10,0.8,0
dl_1251,16,West_exit,16,10,0.8,0
dl_1251,10,East_exit_short,10,7,0.44,0
dl_1251,2,East_exit,2,2,0.8,0
dl_1252,2,,,,,
dl_1252,17,West_exit,15,10,0.8,0
dl_1252,16,East_exit_short,16,11,0.44,0
dl_1252,2,East_exit,4,3,0.8,0
dl_1252,4,East_exit,4,3,0.8,0
dl_1253,2,,,,,
dl_1253,14,East_exit_short,14,10,0.44,0
dl_1253,15,West_exit,15,10,0.8,0
dl_1253,17,West_exit,15,10,0.8,0
dl_1253,2,East_exit,4,3,0.8,0
dl_1253,4,East_exit,4,3,0.8,0
dl_1254,2,,,,,
dl_1254,15,West_exit,15,10,0.8,0
dl_1254,17,West_exit,15,10,0.8,0
dl_1254,2,East_exit,4,3,0.8,0
dl_1254,4,East_exit,4,3,0.8,0
dl_1254,13,East_exit_short,13,9,0.44,0
dl_1255,2,,,,,
dl_1255,15,West_exit,15,10,0.8,0
dl_1255,17,West_exit,15,10,0.8,0
dl_1255,12,East_exit_short,12,9,0.44,0
dl_1255,2,East_exit,4,3,0.8,0
dl_1255,4,East_exit,4,3,0.8,0
dl_1256,2,,,,,
dl_1256,15,West_exit,15,10,0.8,0
dl_1256,17,West_exit,15,10,0.8,0
dl_1256,2,East_exit,4,3,0.8,0
dl_1256,4,East_exit,4,3,0.8,0
dl_1256,11,East_exit_short,11,8,0.44,0
dl_1257,2,,,,,
dl_1257,17,West_exit,15,10,0.8,0
dl_1257,16,East_exit_short,16,11,0.44,0
dl_1257,3,East_exit,3,3,0.8,0
dl_1257,2,East_exit,3,3,0.8,0
dl_1258,2,,,,,
dl_1258,14,East_exit_short,14,10,0.44,0
dl_1258,15,West_exit,15,10,0.8,0
dl_1258,17,West_exit,15,10,0.8,0
dl_1258,3,East_exit,3,3,0.8,0
dl_1258,2,East_exit,3,3,0.8,0
dl_1259,2,,,,,
dl_1259,15,West_exit,15,10,0.8,0
dl_1259,17,West_exit,15,10,0.8,0
dl_1259,3,East_exit,3,3,0.8,0
dl_1259,2,East_exit,3,3,0.8,0
dl_1259,13,East_exit_short,13,9,0.44,0
dl_1260,2,,,,,
dl_1260,15,West_exit,15,10,0.8,0
dl_1260,17,West_exit,15,10,0.8,0
dl_1260,3,East_exit,3,3,0.8,0
dl_1260,2,East_exit,3,3,0.8,0
dl_1260,12,East_exit_short,12,9,0.44,0
dl_1261,2,,,,,
dl_1261,15,West_exit,15,10,0.8,0
dl_1261,17,West_exit,15,10,0.8,0
dl_1261,3,East_exit,3,3,0.8,0
dl_1261,2,East_exit,3,3,0.8,0
dl_1261,11,East_exit_short,11,8,0.44,0
dl_1262,2,,,,,
dl_1262,17,West_exit,15,10,0.8,0
dl_1262,16,East_exit_short,16,11,0.44,0
dl_1262,2,East_exit,2,2,0.8,0
dl_1263,2,,,,,
dl_1263,14,East_exit_short,14,10,0.44,0
dl_1263,15,West_exit,15,10,0.8,0
dl_1263,17,West_exit,15,10,0.8,0
dl_1263,2,East_exit,2,2,0.8,0
dl_1264,2,,,,,
dl_1264,15,West_exit,15,10,0.8,0
dl_1264,17,West_exit,15,10,0.8,0
dl_1264,13,East_exit_short,13,9,0.44,0
dl_1264,2,East_exit,2,2,0.8,0
dl_1265,2,,,,,
dl_1265,15,West_exit,15,10,0.8,0
dl_1265,17,West_exit,15,10,0.8,0
dl_1265,12,East_exit_short,12,9,0.44,0
dl_1265,2,East_exit,2,2,0.8,0
dl_1266,2,,,,,
dl_1266,15,West_exit,15,10,0.8,0
dl_1266,17,West_exit,15,10,0.8,0
dl_1266,11,East_exit_short,11,8,0.44,0
dl_1266,2,East_exit,2,2,0.8,0
dl_1267,2,,,,,
dl_1267,15,West_exit,15,10,0.8,0
dl_1267,17,West_exit,15,10,0.8,0
dl_1267,10,East_exit_short,10,7,0.44,0
dl_1267,2,East_exit,4,3,0.8,0
dl_1267,4,East_exit,4,3,0.8,0
dl_1268,2,,,,,
dl_1268,15,West_exit,15,10,0.8,0
dl_1268,17,West_exit,15,10,0.8,0
dl_1268,10,East_exit_short,10,7,0.44,0
dl_1268,3,East_exit,3,3,0.8,0
dl_1268,2,East_exit,3,3,0.8,0
dl_1269,2,,,,,
dl_1269,15,West_exit,15,10,0.8,0
dl_1269,17,West_exit,15,10,0.8,0
dl_1269,10,East_exit_short,10,7,0.44,0
dl_1269,2,East_exit,2,2,0.8,0
dl_1270,2,,,,,
dl_1270,17,West_exit,17,11,0.8,0
dl_1270,16,East_exit_short,16,11,0.44,0
dl_1270,2,East_exit,4,3,0.8,0
dl_1270,4,East_exit,4,3,0.8,0
dl_1271,2,,,,,
dl_1271,15,East_exit_short,15,11,0.44,0
dl_1271,17,West_exit,17,11,0.8,0
dl_1271,2,East_exit,4,3,0.8,0
dl_1271,4,East_exit,4,3,0.8,0
dl_1272,2,,,,,
dl_1272,14,East_exit_short,14,10,0.44,0
dl_1272,17,West_exit,17,11,0.8,0
dl_1272,2,East_exit,4,3,0.8,0
dl_1272,4,East_exit,4,3,0.8,0
dl_1273,2,,,,,
dl_1273,17,West_exit,17,11,0.8,0
dl_1273,2,East_exit,4,3,0.8,0
dl_1273,4,East_exit,4,3,0.8,0
dl_1273,13,East_exit_short,13,9,0.44,0
dl_1274,2,,,,,
dl_1274,12,East_exit_short,12,9,0.44,0
dl_1274,2,East_exit,4,3,0.8,0
dl_1274,4,East_exit,4,3,0.8,0
dl_1274,17,West_exit,17,11,0.8,0
dl_1275,2,,,,,
dl_1275,2,East_exit,4,3,0.8,0
dl_1275,4,East_exit,4,3,0.8,0
dl_1275,11,East_exit_short,11,8,0.44,0
dl_1275,17,West_exit,17,11,0.8,0
dl_1276,2,,,,,
dl_1276,17,West_exit,17,11,0.8,0
dl_1276,16,East_exit_short,16,11,0.44,0
dl_1276,3,East_exit,3,3,0.8,0
dl_1276,2,East_exit,3,3,0.8,0
dl_1277,2,,,,,
dl_1277,15,East_exit_short,15,11,0.44,0
dl_1277,17,West_exit,17,11,0.8,0
dl_1277,3,East_exit,3,3,0.8,0
dl_1277,2,East_exit,3,3,0.8,0
dl_1278,2,,,,,
dl_1278,14,East_exit_short,14,10,0.44,0
dl_1278,3,East_exit,3,3,0.8,0
dl_1278,2,East_exit,3,3,0.8,0
dl_1278,17,West_exit,17,11,0.8,0
dl_1279,2,,,,,
dl_1279,3,East_exit,3,3,0.8,0
dl_1279,2,East_exit,3,3,0.8,0
dl_1279,17,West_exit,17,11,0.8,0
dl_1279,13,East_exit_short,13,9,0.44,0
dl_1280,2,,,,,
dl_1280,12,East_exit_short,12,9,0.44,0
dl_1280,3,East_exit,3,3,0.8,0
dl_1280,2,East_exit,3,3,0.8,0
dl_1280,17,West_exit,17,11,0.8,0
dl_1281,2,,,,,
dl_1281,3,East_exit,3,3,0.8,0
dl_1281,2,East_exit,3,3,0.8,0
dl_1281,11,East_exit_short,11,8,0.44,0
dl_1281,17,West_exit,17,11,0.8,0
dl_1282,2,,,,,
dl_1282,17,West_exit,17,11,0.8,0
dl_1282,16,East_exit_short,16,11,0.44,0
dl_1282,2,East_exit,2,2,0.8,0
dl_1283,2,,,,,
dl_1283,15,East_exit_short,15,11,0.44,0
dl_1283,17,West_exit,17,11,0.8,0
dl_1283,2,East_exit,2,2,0.8,0
dl_1284,2,,,,,
dl_1284,14,East_exit_short,14,10,0.44,0
dl_1284,17,West_exit,17,11,0.8,0
dl_1284,2,East_exit,2,2,0.8,0
dl_1285,2,,,,,
dl_1285,17,West_exit,17,11,0.8,0
dl_1285,13,East_exit_short,13,9,0.44,0
dl_1285,2,East_exit,2,2,0.8,0
dl_1286,2,,,,,
dl_1286,12,East_exit_short,12,9,0.44,0
dl_1286,17,West_exit,17,11,0.8,0
dl_1286,2,East_exit,2,2,0.8,0
dl_1287,2,,,,,
dl_1287,11,East_exit_short,11,8,0.44,0
dl_1287,17,West_exit,17,11,0.8,0
dl_1287,2,East_exit,2,2,0.8,0
dl_1288,2,,,,,
dl_1288,2,East_exit,4,3,0.8,0
dl_1288,4,East_exit,4,3,0.8,0
dl_1288,10,East_exit_short,10,7,0.44,0
dl_1288,17,West_exit,17,11,0.8,0
dl_1289,2,,,,,
dl_1289,3,East_exit,3,3,0.8,0
dl_1289,2,East_exit,3,3,0.8,0
dl_1289,10,East_exit_short,10,7,0.44,0
dl_1289,17,West_exit,17,11,0.8,0
dl_1290,2,,,,,
dl_1290,10,East_exit_short,10,7,0.44,0
dl_1290,17,West_exit,17,11,0.8,0
dl_1290,2,East_exit,2,2,0.8,0
dl_1291,2,,,,,
dl_1291,17,West_exit,16,10,0.8,0
dl_1291,16,West_exit,16,10,0.8,0
dl_1291,9,East_exit_short,9,7,0.44,0
dl_1291,2,East_exit,4,3,0.8,0
dl_1291,4,East_exit,4,3,0.8,0
dl_1292,2,,,,,
dl_1292,15,West_exit,15,10,0.8,0
dl_1292,17,West_exit,15,10,0.8,0
dl_1292,9,East_exit_short,9,7,0.44,0
dl_1292,2,East_exit,4,3,0.8,0
dl_1292,4,East_exit,4,3,0.8,0
dl_1293,2,,,,,
dl_1293,2,East_exit,4,3,0.8,0
dl_1293,4,East_exit,4,3,0.8,0
dl_1293,9,East_exit_short,9,7,0.44,0
dl_1293,17,West_exit,17,11,0.8,0
dl_1294,2,,,,,
dl_1294,17,West_exit,16,10,0.8,0
dl_1294,16,West_exit,16,10,0.8,0
dl_1294,8,East_exit_short,8,6,0.44,0
dl_1294,2,East_exit,4,3,0.8,0
dl_1294,4,East_exit,4,3,0.8,0
dl_1295,2,,,,,
dl_1295,15,West_exit,15,10,0.8,0
dl_1295,17,West_exit,15,10,0.8,0
dl_1295,8,East_exit_short,8,6,0.44,0
dl_1295,2,East_exit,4,3,0.8,0
dl_1295,4,East_exit,4,3,0.8,0
dl_1296,2,,,,,
dl_1296,2,East_exit,4,3,0.8,0
dl_1296,4,East_exit,4,3,0.8,0
dl_1296,8,East_exit_short,8,6,0.44,0
dl_1296,17,West_exit,17,11,0.8,0
dl_1297,2,,,,,
dl_1297,17,West_exit,16,10,0.8,0
dl_1297,16,West_exit,16,10,0.8,0
dl_1297,3,East_exit,3,3,0.8,0
dl_1297,2,East_exit,3,3,0.8,0
dl_1297,9,East_exit_short,9,7,0.44,0
dl_1298,2,,,,,
dl_1298,15,West_exit,15,10,0.8,0
dl_1298,17,West_exit,15,10,0.8,0
dl_1298,3,East_exit,3,3,0.8,0
dl_1298,2,East_exit,3,3,0.8,0
dl_1298,9,East_exit_short,9,7,0.44,0
dl_1299,2,,,,,
dl_1299,3,East_exit,3,3,0.8,0
dl_1299,2,East_exit,3,3,0.8,0
dl_1299,9,East_exit_short,9,7,0.44,0
dl_1299,17,West_exit,17,11,0.8,0
dl_1300,2,,,,,
dl_1300,17,West_exit,16,10,0.8,0
dl_1300,16,West_exit,16,10,0.8,0
dl_1300,8,East_exit_short,8,6,0.44,0
dl_1300,3,East_exit,3,3,0.8,0
dl_1300,2,East_exit,3,3,0.8,0
dl_1301,2,,,,,
dl_1301,15,West_exit,15,10,0.8,0
dl_1301,17,West_exit,15,10,0.8,0
dl_1301,8,East_exit_short,8,6,0.44,0
dl_1301,3,East_exit,3,3,0.8,0
dl_1301,2,East_exit,3,3,0.8,0
dl_1302,2,,,,,
dl_1302,3,East_exit,3,3,0.8,0
dl_1302,2,East_exit,3,3,0.8,0
dl_1302,8,East_exit_short,8,6,0.44,0
dl_1302,17,West_exit,17,11,0.8,0
dl_1303,2,,,,,
dl_1303,17,West_exit,16,10,0.8,0
dl_1303,16,West_exit,16,10,0.8,0
dl_1303,2,East_exit,2,2,0.8,0
dl_1303,9,East_exit_short,9,7,0.44,0
dl_1304,2,,,,,
dl_1304,15,West_exit,15,10,0.8,0
dl_1304,17,West_exit,15,10,0.8,0
dl_1304,2,East_exit,2,2,0.8,0
dl_1304,9,East_exit_short,9,7,0.44,0
dl_1305,2,,,,,
dl_1305,2,East_exit,2,2,0.8,0
dl_1305,9,East_exit_short,9,7,0.44,0
dl_1305,17,West_exit,17,11,0.8,0
dl_1306,2,,,,,
dl_1306,17,West_exit,16,10,0.8,0
dl_1306,16,West_exit,16,10,0.8,0
dl_1306,2,East_exit,2,2,0.8,0
dl_1306,8,East_exit_short,8,6,0.44,0
dl_1307,2,,,,,
dl_1307,15,West_exit,15,10,0.8,0
dl_1307,17,West_exit,15,10,0.8,0
dl_1307,2,East_exit,2,2,0.8,0
dl_1307,8,East_exit_short,8,6,0.44,0
dl_1308,2,,,,,
dl_1308,2,East_exit,2,2,0.8,0
dl_1308,8,East_exit_short,8,6,0.44,0
dl_1308,17,West_exit,17,11,0.8,0
dl_1309,2,,,,,
dl_1309,7,East_exit_short,7,5,0.44,0
dl_1309,2,East_exit,4,3,0.8,0
dl_1309,4,East_exit,4,3,0.8,0
dl_1309,17,West_exit,16,10,0.8,0
dl_1309,16,West_exit,16,10,0.8,0
dl_1310,2,,,,,
dl_1310,7,East_exit_short,7,5,0.44,0
dl_1310,3,East_exit,3,3,0.8,0
dl_1310,2,East_exit,3,3,0.8,0
dl_1310,17,West_exit,16,10,0.8,0
dl_1310,16,West_exit,16,10,0.8,0
dl_1311,2,,,,,
dl_1311,7,East_exit_short,7,5,0.44,0
dl_1311,17,West_exit,16,10,0.8,0
dl_1311,16,West_exit,16,10,0.8,0
dl_1311,2,East_exit,2,2,0.8,0
dl_1312,2,,,,,
dl_1312,15,West_exit,15,10,0.8,0
dl_1312,17,West_exit,15,10,0.8,0
dl_1312,2,East_exit,4,3,0.8,0
dl_1312,4,East_exit,4,3,0.8,0
dl_1312,7,East_exit_short,7,5,0.44,0
dl_1313,2,,,,,
dl_1313,15,West_exit,15,10,0.8,0
dl_1313,17,West_exit,15,10,0.8,0
dl_1313,3,East_exit,3,3,0.8,0
dl_1313,2,East_exit,3,3,0.8,0
dl_1313,7,East_exit_short,7,5,0.44,0
dl_1314,2,,,,,
dl_1314,15,West_exit,15,10,0.8,0
dl_1314,17,West_exit,15,10,0.8,0
dl_1314,2,East_exit,2,2,0.8,0
dl_1314,7,East_exit_short,7,5,0.44,0
dl_1315,2,,,,,
dl_1315,2,East_exit,4,3,0.8,0
dl_1315,4,East_exit,4,3,0.8,0
dl_1315,17,West_exit,17,11,0.8,0
dl_1315,7,East_exit_short,7,5,0.44,0
dl_1316,2,,,,,
dl_1316,3,East_exit,3,3,0.8,0
dl_1316,2,East_exit,3,3,0.8,0
dl_1316,17,West_exit,17,11,0.8,0
dl_1316,7,East_exit_short,7,5,0.44,0
dl_1317,2,,,,,
dl_1317,2,East_exit,2,2,0.8,0
dl_1317,17,West_exit,17,11,0.8,0
dl_1317,7,East_exit_short,7,5,0.44,0
dl_1318,2,,,,,
dl_1318,6,East_exit_short,6,5,0.44,0
dl_1318,2,East_exit,4,3,0.8,0
dl_1318,4,East_exit,4,3,0.8,0
dl_1318,17,West_exit,16,10,0.8,0
dl_1318,16,West_exit,16,10,0.8,0
dl_1319,2,,,,,
dl_1319,6,East_exit_short,6,5,0.44,0
dl_1319,3,East_exit,3,3,0.8,0
dl_1319,2,East_exit,3,3,0.8,0
dl_1319,17,West_exit,16,10,0.8,0
dl_1319,16,West_exit,16,10,0.8,0
dl_1320,2,,,,,
dl_1320,6,East_exit_short,6,5,0.44,0
dl_1320,17,West_exit,16,10,0.8,0
dl_1320,16,West_exit,16,10,0.8,0
dl_1320,2,East_exit,2,2,0.8,0
dl_1321,2,,,,,
dl_1321,6,East_exit_short,6,5,0.44,0
dl_1321,2,East_exit,4,3,0.8,0
dl_1321,4,East_exit,4,3,0.8,0
dl_1321,15,West_exit,15,10,0.8,0
dl_1321,17,West_exit,15,10,0.8,0
dl_1322,2,,,,,
dl_1322,6,East_exit_short,6,5,0.44,0
dl_1322,3,East_exit,3,3,0.8,0
dl_1322,2,East_exit,3,3,0.8,0
dl_1322,15,West_exit,15,10,0.8,0
dl_1322,17,West_exit,15,10,0.8,0
dl_1323,2,,,,,
dl_1323,6,East_exit_short,6,5,0.44,0
dl_1323,15,West_exit,15,10,0.8,0
dl_1323,17,West_exit,15,10,0.8,0
dl_1323,2,East_exit,2,2,0.8,0
dl_1324,2,,,,,
dl_1324,2,East_exit,4,3,0.8,0
dl_1324,4,East_exit,4,3,0.8,0
dl_1324,6,East_exit_short,6,5,0.44,0
dl_1324,17,West_exit,17,11,0.8,0
dl_1325,2,,,,,
dl_1325,3,East_exit,3,3,0.8,0
dl_1325,2,East_exit,3,3,0.8,0
dl_1325,6,East_exit_short,6,5,0.44,0
dl_1325,17,West_exit,17,11,0.8,0
dl_1326,2,,,,,
dl_1326,2,East_exit,2,2,0.8,0
dl_1326,6,East_exit_short,6,5,0.44,0
dl_1326,17,West_exit,17,11,0.8,0
dl_1327,2,,,,,
dl_1327,5,East_exit_short,5,4,0.44,0
dl_1327,2,East_exit,4,3,0.8,0
dl_1327,4,East_exit,4,3,0.8,0
dl_1327,17,West_exit,16,10,0.8,0
dl_1327,16,West_exit,16,10,0.8,0
dl_1328,2,,,,,
dl_1328,5,East_exit_short,5,4,0.44,0
dl_1328,3,East_exit,3,3,0.8,0
dl_1328,2,East_exit,3,3,0.8,0
dl_1328,17,West_exit,16,10,0.8,0
dl_1328,16,West_exit,16,10,0.8,0
dl_1329,2,,,,,
dl_1329,5,East_exit_short,5,4,0.44,0
dl_1329,17,West_exit,16,10,0.8,0
dl_1329,16,West_exit,16,10,0.8,0
dl_1329,2,East_exit,2,2,0.8,0
dl_1330,2,,,,,
dl_1330,5,East_exit_short,5,4,0.44,0
dl_1330,2,East_exit,4,3,0.8,0
dl_1330,4,East_exit,4,3,0.8,0
dl_1330,15,West_exit,15,10,0.8,0
dl_1330,17,West_exit,15,10,0.8,0
dl_1331,2,,,,,
dl_1331,5,East_exit_short,5,4,0.44,0
dl_1331,3,East_exit,3,3,0.8,0
dl_1331,2,East_exit,3,3,0.8,0
dl_1331,15,West_exit,15,10,0.8,0
dl_1331,17,West_exit,15,10,0.8,0
dl_1332,2,,,,,
dl_1332,5,East_exit_short,5,4,0.44,0
dl_1332,15,West_exit,15,10,0.8,0
dl_1332,17,West_exit,15,10,0.8,0
dl_1332,2,East_exit,2,2,0.8,0
dl_1333,2,,,,,
dl_1333,2,East_exit,4,3,0.8,0
dl_1333,4,East_exit,4,3,0.8,0
dl_1333,5,East_exit_short,5,4,0.44,0
dl_1333,17,West_exit,17,11,0.8,0
dl_1334,2,,,,,
dl_1334,3,East_exit,3,3,0.8,0
dl_1334,2,East_exit,3,3,0.8,0
dl_1334,5,East_exit_short,5,4,0.44,0
dl_1334,17,West_exit,17,11,0.8,0
dl_1335,2,,,,,
dl_1335,2,East_exit,2,2,0.8,0
dl_1335,5,East_exit_short,5,4,0.44,0
dl_1335,17,West_exit,17,11,0.8,0
dl_1336,1,,,,,
dl_1336,8,East_exit,10,7,0.8,0
dl_1336,10,East_exit,10,7,0.8,0
dl_1336,17,West_exit,16,10,0.8,0
dl_1336,16,West_exit,16,10,0.8,0
dl_1337,1,,,,,
dl_1337,8,East_exit,10,7,0.8,0
dl_1337,10,East_exit,10,7,0.8,0
dl_1337,15,West_exit,15,10,0.8,0
dl_1337,17,West_exit,15,10,0.8,0
dl_1338,1,,,,,
dl_1338,8,East_exit,10,7,0.8,0
dl_1338,10,East_exit,10,7,0.8,0
dl_1338,17,West_exit,17,11,0.8,0
dl_1339,1,,,,,
dl_1339,9,East_exit,9,7,0.8,0
dl_1339,8,East_exit,9,7,0.8,0
dl_1339,17,West_exit,16,10,0.8,0
dl_1339,16,West_exit,16,10,0.8,0
dl_1340,1,,,,,
dl_1340,9,East_exit,9,7,0.8,0
dl_1340,8,East_exit,9,7,0.8,0
dl_1340,15,West_exit,15,10,0.8,0
dl_1340,17,West_exit,15,10,0.8,0
dl_1341,1,,,,,
dl_1341,9,East_exit,9,7,0.8,0
dl_1341,8,East_exit,9,7,0.8,0
dl_1341,17,West_exit,17,11,0.8,0
dl_1342,1,,,,,
dl_1342,8,East_exit,8,6,0.8,0
dl_1342,17,West_exit,16,10,0.8,0
dl_1342,16,West_exit,16,10,0.8,0
dl_1343,1,,,,,
dl_1343,8,East_exit,8,6,0.8,0
dl_1343,15,West_exit,15,10,0.8,0
dl_1343,17,West_exit,15,10,0.8,0
dl_1344,1,,,,,
dl_1344,8,East_exit,8,6,0.8,0
dl_1344,17,West_exit,17,11,0.8,0
dl_1345,1,,,,,
dl_1345,17,West_exit,16,10,0.8,0
dl_1345,16,West_exit,16,10,0.8,0
dl_1345,5,East_exit,7,5,0.8,0
dl_1345,7,East_exit,7,5,0.8,0
dl_1346,1,,,,,
dl_1346,17,West_exit,16,10,0.8,0
dl_1346,16,West_exit,16,10,0.8,0
dl_1346,6,East_exit,6,5,0.8,0
dl_1346,5,East_exit,6,5,0.8,0
dl_1347,1,,,,,
dl_1347,17,West_exit,16,10,0.8,0
dl_1347,16,West_exit,16,10,0.8,0
dl_1347,5,East_exit,5,4,0.8,0
dl_1348,1,,,,,
dl_1348,17,West_exit,16,10,0.8,0
dl_1348,16,West_exit,16,10,0.8,0
dl_1348,2,East_exit,4,3,0.8,0
dl_1348,4,East_exit,4,3,0.8,0
dl_1349,1,,,,,
dl_1349,3,East_exit,3,3,0.8,0
dl_1349,2,East_exit,3,3,0.8,0
dl_1349,17,West_exit,16,10,0.8,0
dl_1349,16,West_exit,16,10,0.8,0
dl_1350,1,,,,,
dl_1350,2,East_exit,2,2,0.8,0
dl_1350,17,West_exit,16,10,0.8,0
dl_1350,16,West_exit,16,10,0.8,0
dl_1351,1,,,,,
dl_1351,15,West_exit,15,10,0.8,0
dl_1351,17,West_exit,15,10,0.8,0
dl_1351,5,East_exit,7,5,0.8,0
dl_1351,7,East_exit,7,5,0.8,0
dl_1352,1,,,,,
dl_1352,15,West_exit,15,10,0.8,0
dl_1352,17,West_exit,15,10,0.8,0
dl_1352,6,East_exit,6,5,0.8,0
dl_1352,5,East_exit,6,5,0.8,0
dl_1353,1,,,,,
dl_1353,15,West_exit,15,10,0.8,0
dl_1353,17,West_exit,15,10,0.8,0
dl_1353,5,East_exit,5,4,0.8,0
dl_1354,1,,,,,
dl_1354,15,West_exit,15,10,0.8,0
dl_1354,17,West_exit,15,10,0.8,0
dl_1354,2,East_exit,4,3,0.8,0
dl_1354,4,East_exit,4,3,0.8,0
dl_1355,1,,,,,
dl_1355,15,West_exit,15,10,0.8,0
dl_1355,17,West_exit,15,10,0.8,0
dl_1355,3,East_exit,3,3,0.8,0
dl_1355,2,East_exit,3,3,0.8,0
dl_1356,1,,,,,
dl_1356,15,West_exit,15,10,0.8,0
dl_1356,17,West_exit,15,10,0.8,0
dl_1356,2,East_exit,2,2,0.8,0
dl_1357,1,,,,,
dl_1357,17,West_exit,17,11,0.8,0
dl_1357,5,East_exit,7,5,0.8,0
dl_1357,7,East_exit,7,5,0.8,0
dl_1358,1,,,,,
dl_1358,17,West_exit,17,11,0.8,0
dl_1358,6,East_exit,6,5,0.8,0
dl_1358,5,East_exit,6,5,0.8,0
dl_1359,1,,,,,
dl_1359,17,West_exit,17,11,0.8,0
dl_1359,5,East_exit,5,4,0.8,0
dl_1360,1,,,,,
dl_1360,17,West_exit,17,11,0.8,0
dl_1360,2,East_exit,4,3,0.8,0
dl_1360,4,East_exit,4,3,0.8,0
dl_1361,1,,,,,
dl_1361,17,West_exit,17,11,0.8,0
dl_1361,3,East_exit,3,3,0.8,0
dl_1361,2,East_exit,3,3,0.8,0
dl_1362,1,,,,,
dl_1362,17,West_exit,17,11,0.8,0
dl_1362,2,East_exit,2,2,0.8,0
