seed,deadlock_found,new_constraints,total_constraints,iterations,trains_completed,trains_per_hr,cpu_time
1,1,44,44,41,412,2.4524,0.751
2,1,3,47,4,378,2.2500,0.095
3,1,4,51,5,342,2.0357,0.086
4,1,16,67,17,362,2.1548,0.142
5,1,1,68,2,365,2.1726,0.046
6,1,1,69,2,399,2.3750,0.051
7,1,1,70,2,362,2.1548,0.035
8,1,1,71,2,346,2.0595,0.038
9,1,9,80,10,367,2.1845,0.225
10,1,2,82,3,428,2.5476,0.071
11,1,4,86,5,371,2.2083,0.071
12,1,3,89,4,398,2.3690,0.061
13,1,1,90,2,351,2.0893,0.044
14,0,0,90,1,363,2.1607,0.028
15,0,0,90,1,362,2.1548,0.027
16,0,0,90,1,380,2.2619,0.031
17,1,4,94,5,362,2.1548,0.090
18,1,1,95,2,398,2.3690,0.044
19,1,1,96,2,371,2.2083,0.031
20,0,0,96,1,340,2.0238,0.025
21,1,9,105,10,379,2.2560,0.131
22,1,2,107,3,356,2.1190,0.039
23,1,1,108,2,359,2.1369,0.036
24,0,0,108,1,351,2.0893,0.027
25,1,2,110,3,380,2.2619,0.084
26,1,1,111,2,388,2.3095,0.045
27,1,2,113,3,347,2.0655,0.043
28,1,1,114,2,390,2.3214,0.054
29,1,1,115,2,343,2.0417,0.042
30,1,1,116,2,389,2.3155,0.035
31,0,0,116,1,386,2.2976,0.029
32,0,0,116,1,399,2.3750,0.030
33,0,0,116,1,344,2.0476,0.026
34,0,0,116,1,380,2.2619,0.027
35,0,0,116,1,360,2.1429,0.026
36,1,1,117,2,368,2.1905,0.049
37,1,1,118,2,381,2.2679,0.035
38,1,1,119,2,340,2.0238,0.050
39,0,0,119,1,373,2.2202,0.028
40,1,2,121,3,388,2.3095,0.034
41,1,1,122,2,373,2.2202,0.038
42,0,0,122,1,369,2.1964,0.027
43,0,0,122,1,362,2.1548,0.027
44,0,0,122,1,372,2.2143,0.028
45,0,0,122,1,369,2.1964,0.028
46,0,0,122,1,380,2.2619,0.028
47,1,4,126,5,353,2.1012,0.104
48,1,5,131,6,381,2.2679,0.085
49,0,0,131,1,353,2.1012,0.028
50,0,0,131,1,360,2.1429,0.027
51,0,0,131,1,368,2.1905,0.027
52,0,0,131,1,378,2.2500,0.029
53,0,0,131,1,388,2.3095,0.028
54,0,0,131,1,338,2.0119,0.025
55,0,0,131,1,359,2.1369,0.028
56,1,6,137,7,370,2.2024,0.079
57,1,1,138,2,387,2.3036,0.034
58,0,0,138,1,377,2.2440,0.028
59,0,0,138,1,351,2.0893,0.026
60,0,0,138,1,366,2.1786,0.028
61,0,0,138,1,350,2.0833,0.026
62,1,4,142,5,356,2.1190,0.098
63,0,0,142,1,351,2.0893,0.026
64,1,1,143,2,361,2.1488,0.031
65,0,0,143,1,352,2.0952,0.026
66,1,1,144,2,365,2.1726,0.051
67,0,0,144,1,363,2.1607,0.026
68,1,2,146,3,354,2.1071,0.044
69,0,0,146,1,380,2.2619,0.030
70,0,0,146,1,362,2.1548,0.028
71,0,0,146,1,370,2.2024,0.027
72,1,1,147,2,362,2.1548,0.031
73,0,0,147,1,361,2.1488,0.027
74,1,1,148,2,331,1.9702,0.046
75,0,0,148,1,367,2.1845,0.028
76,1,1,149,2,388,2.3095,0.055
77,1,2,151,3,371,2.2083,0.052
78,0,0,151,1,388,2.3095,0.028
79,0,0,151,1,361,2.1488,0.026
80,0,0,151,1,382,2.2738,0.029
81,0,0,151,1,365,2.1726,0.027
82,0,0,151,1,383,2.2798,0.028
83,0,0,151,1,386,2.2976,0.028
84,0,0,151,1,367,2.1845,0.027
85,1,2,153,3,393,2.3393,0.076
86,0,0,153,1,358,2.1310,0.026
87,0,0,153,1,359,2.1369,0.028
88,0,0,153,1,384,2.2857,0.029
89,0,0,153,1,361,2.1488,0.027
90,0,0,153,1,391,2.3274,0.029
91,0,0,153,1,345,2.0536,0.025
92,0,0,153,1,366,2.1786,0.027
93,0,0,153,1,393,2.3393,0.029
94,0,0,153,1,348,2.0714,0.025
95,0,0,153,1,338,2.0119,0.024
96,0,0,153,1,377,2.2440,0.028
97,0,0,153,1,365,2.1726,0.028
98,0,0,153,1,363,2.1607,0.027
99,0,0,153,1,351,2.0893,0.027
100,0,0,153,1,374,2.2262,0.028
101,0,0,153,1,361,2.1488,0.026
102,0,0,153,1,365,2.1726,0.028
103,0,0,153,1,376,2.2381,0.027
104,0,0,153,1,409,2.4345,0.032
105,0,0,153,1,350,2.0833,0.027
106,0,0,153,1,358,2.1310,0.027
107,0,0,153,1,371,2.2083,0.028
108,0,0,153,1,360,2.1429,0.028
109,0,0,153,1,377,2.2440,0.030
110,0,0,153,1,365,2.1726,0.028
111,0,0,153,1,377,2.2440,0.029
112,0,0,153,1,380,2.2619,0.031
113,1,5,158,6,367,2.1845,0.043
114,0,0,158,1,345,2.0536,0.028
115,0,0,158,1,360,2.1429,0.029
116,1,1,159,2,367,2.1845,0.048
117,0,0,159,1,371,2.2083,0.028
118,0,0,159,1,376,2.2381,0.029
119,0,0,159,1,374,2.2262,0.029
120,0,0,159,1,331,1.9702,0.025
121,0,0,159,1,369,2.1964,0.029
122,0,0,159,1,341,2.0298,0.027
123,0,0,159,1,399,2.3750,0.032
124,0,0,159,1,355,2.1131,0.027
125,0,0,159,1,351,2.0893,0.029
126,0,0,159,1,357,2.1250,0.030
127,1,1,160,2,419,2.4940,0.038
128,0,0,160,1,375,2.2321,0.029
129,0,0,160,1,401,2.3869,0.032
130,0,0,160,1,353,2.1012,0.027
131,0,0,160,1,380,2.2619,0.030
132,0,0,160,1,374,2.2262,0.029
133,0,0,160,1,384,2.2857,0.031
134,0,0,160,1,379,2.2560,0.029
135,0,0,160,1,347,2.0655,0.027
136,1,4,164,5,378,2.2500,0.097
137,0,0,164,1,371,2.2083,0.029
138,0,0,164,1,366,2.1786,0.030
139,0,0,164,1,344,2.0476,0.029
140,0,0,164,1,322,1.9167,0.025
141,0,0,164,1,353,2.1012,0.028
142,0,0,164,1,353,2.1012,0.029
143,0,0,164,1,383,2.2798,0.030
144,0,0,164,1,399,2.3750,0.033
145,1,1,165,2,399,2.3750,0.036
146,0,0,165,1,380,2.2619,0.030
147,0,0,165,1,354,2.1071,0.029
148,0,0,165,1,378,2.2500,0.031
149,0,0,165,1,350,2.0833,0.028
150,0,0,165,1,398,2.3690,0.034
151,0,0,165,1,373,2.2202,0.031
152,0,0,165,1,353,2.1012,0.029
153,0,0,165,1,349,2.0774,0.028
154,1,1,166,2,381,2.2679,0.061
155,0,0,166,1,370,2.2024,0.031
156,0,0,166,1,373,2.2202,0.028
157,0,0,166,1,355,2.1131,0.028
158,0,0,166,1,352,2.0952,0.028
159,0,0,166,1,367,2.1845,0.030
160,0,0,166,1,398,2.3690,0.031
161,0,0,166,1,354,2.1071,0.028
162,0,0,166,1,360,2.1429,0.029
163,0,0,166,1,368,2.1905,0.029
164,0,0,166,1,371,2.2083,0.030
165,1,2,168,3,369,2.1964,0.038
166,0,0,168,1,398,2.3690,0.032
167,1,40,208,41,381,2.2679,1.228
168,0,0,208,1,353,2.1012,0.028
169,0,0,208,1,362,2.1548,0.028
170,0,0,208,1,352,2.0952,0.026
171,1,4,212,5,392,2.3333,0.090
172,0,0,212,1,353,2.1012,0.029
173,1,1,213,2,388,2.3095,0.036
174,0,0,213,1,333,1.9821,0.027
175,0,0,213,1,381,2.2679,0.031
176,0,0,213,1,340,2.0238,0.028
177,1,1,214,2,385,2.2917,0.034
178,0,0,214,1,374,2.2262,0.030
179,0,0,214,1,351,2.0893,0.028
180,0,0,214,1,353,2.1012,0.028
181,0,0,214,1,350,2.0833,0.029
182,0,0,214,1,370,2.2024,0.029
183,1,2,216,3,366,2.1786,0.073
184,0,0,216,1,355,2.1131,0.028
185,0,0,216,1,357,2.1250,0.029
186,1,4,220,5,380,2.2619,0.069
187,1,14,234,15,366,2.1786,0.145
188,0,0,234,1,377,2.2440,0.031
189,0,0,234,1,383,2.2798,0.032
190,0,0,234,1,369,2.1964,0.030
191,1,7,241,8,384,2.2857,0.229
192,0,0,241,1,361,2.1488,0.030
193,0,0,241,1,352,2.0952,0.028
194,0,0,241,1,371,2.2083,0.030
195,0,0,241,1,332,1.9762,0.027
196,0,0,241,1,346,2.0595,0.027
197,0,0,241,1,379,2.2560,0.031
198,0,0,241,1,394,2.3452,0.033
199,1,5,246,6,385,2.2917,0.071
200,0,0,246,1,370,2.2024,0.029
201,0,0,246,1,348,2.0714,0.027
202,0,0,246,1,374,2.2262,0.031
203,0,0,246,1,361,2.1488,0.030
204,0,0,246,1,378,2.2500,0.030
205,0,0,246,1,361,2.1488,0.029
206,0,0,246,1,366,2.1786,0.028
207,0,0,246,1,360,2.1429,0.028
208,0,0,246,1,394,2.3452,0.031
209,0,0,246,1,378,2.2500,0.028
210,0,0,246,1,372,2.2143,0.029
211,0,0,246,1,379,2.2560,0.031
212,0,0,246,1,376,2.2381,0.028
213,0,0,246,1,390,2.3214,0.030
214,0,0,246,1,381,2.2679,0.029
215,0,0,246,1,354,2.1071,0.027
216,0,0,246,1,369,2.1964,0.028
217,0,0,246,1,376,2.2381,0.031
218,0,0,246,1,384,2.2857,0.033
219,0,0,246,1,341,2.0298,0.026
220,0,0,246,1,352,2.0952,0.027
221,0,0,246,1,373,2.2202,0.029
222,0,0,246,1,402,2.3929,0.030
223,0,0,246,1,328,1.9524,0.026
224,0,0,246,1,356,2.1190,0.027
225,0,0,246,1,309,1.8393,0.024
226,0,0,246,1,393,2.3393,0.030
227,0,0,246,1,403,2.3988,0.030
228,0,0,246,1,386,2.2976,0.030
229,0,0,246,1,339,2.0179,0.026
230,0,0,246,1,389,2.3155,0.032
231,0,0,246,1,364,2.1667,0.030
232,0,0,246,1,351,2.0893,0.029
233,0,0,246,1,354,2.1071,0.028
234,0,0,246,1,374,2.2262,0.029
235,0,0,246,1,383,2.2798,0.032
236,0,0,246,1,380,2.2619,0.030
237,0,0,246,1,382,2.2738,0.030
238,0,0,246,1,364,2.1667,0.027
239,0,0,246,1,368,2.1905,0.029
240,0,0,246,1,393,2.3393,0.031
241,0,0,246,1,349,2.0774,0.027
242,0,0,246,1,358,2.1310,0.027
243,0,0,246,1,359,2.1369,0.028
244,0,0,246,1,353,2.1012,0.027
245,0,0,246,1,378,2.2500,0.029
246,0,0,246,1,366,2.1786,0.028
247,1,1,247,2,367,2.1845,0.038
248,0,0,247,1,397,2.3631,0.032
249,0,0,247,1,374,2.2262,0.030
250,0,0,247,1,400,2.3810,0.031
251,0,0,247,1,395,2.3512,0.030
252,0,0,247,1,345,2.0536,0.027
253,0,0,247,1,356,2.1190,0.028
254,1,4,251,5,418,2.4881,0.073
255,0,0,251,1,323,1.9226,0.024
256,0,0,251,1,363,2.1607,0.028
257,0,0,251,1,403,2.3988,0.029
258,0,0,251,1,417,2.4821,0.032
259,0,0,251,1,367,2.1845,0.029
260,0,0,251,1,372,2.2143,0.029
261,0,0,251,1,370,2.2024,0.027
262,0,0,251,1,388,2.3095,0.029
263,0,0,251,1,393,2.3393,0.030
264,0,0,251,1,343,2.0417,0.028
265,1,1,252,2,369,2.1964,0.055
266,0,0,252,1,369,2.1964,0.030
267,0,0,252,1,378,2.2500,0.030
268,0,0,252,1,340,2.0238,0.027
269,0,0,252,1,377,2.2440,0.029
270,0,0,252,1,391,2.3274,0.029
271,0,0,252,1,376,2.2381,0.028
272,0,0,252,1,390,2.3214,0.029
273,0,0,252,1,407,2.4226,0.032
274,1,3,255,4,400,2.3810,0.091
275,0,0,255,1,353,2.1012,0.026
276,0,0,255,1,353,2.1012,0.027
277,0,0,255,1,375,2.2321,0.029
278,0,0,255,1,379,2.2560,0.030
279,0,0,255,1,395,2.3512,0.029
280,0,0,255,1,357,2.1250,0.027
281,0,0,255,1,362,2.1548,0.028
282,0,0,255,1,393,2.3393,0.032
283,0,0,255,1,391,2.3274,0.030
284,0,0,255,1,344,2.0476,0.026
285,0,0,255,1,380,2.2619,0.029
286,0,0,255,1,368,2.1905,0.029
287,0,0,255,1,413,2.4583,0.031
288,0,0,255,1,381,2.2679,0.029
289,0,0,255,1,378,2.2500,0.028
290,0,0,255,1,381,2.2679,0.030
291,0,0,255,1,405,2.4107,0.032
292,0,0,255,1,396,2.3571,0.030
293,0,0,255,1,373,2.2202,0.028
294,0,0,255,1,321,1.9107,0.025
295,0,0,255,1,390,2.3214,0.030
296,1,2,257,3,380,2.2619,0.061
297,0,0,257,1,388,2.3095,0.031
298,0,0,257,1,385,2.2917,0.031
299,0,0,257,1,381,2.2679,0.031
300,0,0,257,1,366,2.1786,0.029
301,0,0,257,1,400,2.3810,0.031
302,0,0,257,1,384,2.2857,0.031
303,0,0,257,1,365,2.1726,0.029
304,0,0,257,1,383,2.2798,0.029
305,0,0,257,1,364,2.1667,0.028
306,0,0,257,1,351,2.0893,0.028
307,0,0,257,1,381,2.2679,0.030
308,0,0,257,1,364,2.1667,0.030
309,0,0,257,1,382,2.2738,0.030
310,0,0,257,1,358,2.1310,0.029
311,0,0,257,1,346,2.0595,0.028
312,0,0,257,1,389,2.3155,0.029
313,0,0,257,1,361,2.1488,0.029
314,0,0,257,1,382,2.2738,0.029
315,0,0,257,1,367,2.1845,0.029
316,0,0,257,1,365,2.1726,0.029
317,1,1,258,2,368,2.1905,0.054
318,0,0,258,1,361,2.1488,0.029
319,0,0,258,1,376,2.2381,0.029
320,0,0,258,1,369,2.1964,0.029
321,0,0,258,1,409,2.4345,0.031
322,1,2,260,3,393,2.3393,0.067
323,1,3,263,4,358,2.1310,0.100
324,0,0,263,1,382,2.2738,0.029
325,0,0,263,1,342,2.0357,0.027
326,0,0,263,1,348,2.0714,0.026
327,0,0,263,1,380,2.2619,0.031
328,0,0,263,1,358,2.1310,0.027
329,1,2,265,3,382,2.2738,0.051
330,0,0,265,1,373,2.2202,0.029
331,0,0,265,1,349,2.0774,0.028
332,0,0,265,1,392,2.3333,0.031
333,0,0,265,1,341,2.0298,0.027
334,0,0,265,1,367,2.1845,0.027
335,0,0,265,1,362,2.1548,0.029
336,1,3,268,4,390,2.3214,0.075
337,0,0,268,1,370,2.2024,0.030
338,0,0,268,1,351,2.0893,0.027
339,0,0,268,1,380,2.2619,0.031
340,1,2,270,3,384,2.2857,0.070
341,0,0,270,1,367,2.1845,0.028
342,0,0,270,1,396,2.3571,0.032
343,0,0,270,1,372,2.2143,0.031
344,0,0,270,1,368,2.1905,0.030
345,0,0,270,1,362,2.1548,0.029
346,0,0,270,1,345,2.0536,0.027
347,1,2,272,3,384,2.2857,0.049
348,0,0,272,1,363,2.1607,0.030
349,0,0,272,1,363,2.1607,0.027
350,0,0,272,1,371,2.2083,0.029
351,0,0,272,1,327,1.9464,0.025
352,0,0,272,1,356,2.1190,0.029
353,1,1,273,2,395,2.3512,0.040
354,0,0,273,1,374,2.2262,0.029
355,0,0,273,1,366,2.1786,0.029
356,0,0,273,1,345,2.0536,0.028
357,0,0,273,1,365,2.1726,0.028
358,0,0,273,1,382,2.2738,0.031
359,0,0,273,1,377,2.2440,0.030
360,0,0,273,1,377,2.2440,0.032
361,0,0,273,1,367,2.1845,0.029
362,0,0,273,1,358,2.1310,0.030
363,1,3,276,4,377,2.2440,0.117
364,0,0,276,1,343,2.0417,0.028
365,0,0,276,1,367,2.1845,0.029
366,0,0,276,1,371,2.2083,0.030
367,0,0,276,1,393,2.3393,0.032
368,0,0,276,1,335,1.9940,0.026
369,0,0,276,1,342,2.0357,0.029
370,1,1,277,2,391,2.3274,0.062
371,0,0,277,1,324,1.9286,0.026
372,0,0,277,1,381,2.2679,0.031
373,0,0,277,1,376,2.2381,0.029
374,0,0,277,1,359,2.1369,0.029
375,0,0,277,1,355,2.1131,0.029
376,1,6,283,7,357,2.1250,0.114
377,0,0,283,1,381,2.2679,0.031
378,0,0,283,1,357,2.1250,0.028
379,0,0,283,1,384,2.2857,0.030
380,0,0,283,1,359,2.1369,0.028
381,0,0,283,1,340,2.0238,0.027
382,0,0,283,1,350,2.0833,0.028
383,0,0,283,1,341,2.0298,0.027
384,0,0,283,1,341,2.0298,0.026
385,0,0,283,1,328,1.9524,0.024
386,0,0,283,1,408,2.4286,0.032
387,0,0,283,1,392,2.3333,0.031
388,0,0,283,1,344,2.0476,0.027
389,0,0,283,1,351,2.0893,0.027
390,0,0,283,1,378,2.2500,0.030
391,0,0,283,1,382,2.2738,0.031
392,0,0,283,1,409,2.4345,0.032
393,0,0,283,1,386,2.2976,0.031
394,0,0,283,1,375,2.2321,0.030
395,0,0,283,1,352,2.0952,0.028
396,0,0,283,1,337,2.0060,0.027
397,0,0,283,1,385,2.2917,0.031
398,0,0,283,1,367,2.1845,0.029
399,0,0,283,1,360,2.1429,0.029
400,0,0,283,1,400,2.3810,0.032
401,0,0,283,1,330,1.9643,0.026
402,0,0,283,1,370,2.2024,0.029
403,0,0,283,1,351,2.0893,0.028
404,0,0,283,1,393,2.3393,0.030
405,0,0,283,1,373,2.2202,0.029
406,0,0,283,1,384,2.2857,0.029
407,0,0,283,1,377,2.2440,0.029
408,0,0,283,1,376,2.2381,0.030
409,1,9,292,10,366,2.1786,0.082
410,0,0,292,1,356,2.1190,0.030
411,0,0,292,1,383,2.2798,0.032
412,0,0,292,1,384,2.2857,0.030
413,0,0,292,1,391,2.3274,0.031
414,0,0,292,1,379,2.2560,0.029
415,0,0,292,1,356,2.1190,0.030
416,0,0,292,1,377,2.2440,0.030
417,0,0,292,1,346,2.0595,0.028
418,0,0,292,1,376,2.2381,0.030
419,0,0,292,1,401,2.3869,0.033
420,1,6,298,7,379,2.2560,0.197
421,0,0,298,1,379,2.2560,0.033
422,0,0,298,1,370,2.2024,0.031
423,0,0,298,1,352,2.0952,0.029
424,0,0,298,1,383,2.2798,0.033
425,0,0,298,1,322,1.9167,0.027
426,0,0,298,1,369,2.1964,0.032
427,0,0,298,1,382,2.2738,0.032
428,0,0,298,1,355,2.1131,0.031
429,0,0,298,1,380,2.2619,0.032
430,0,0,298,1,355,2.1131,0.030
431,1,4,302,5,385,2.2917,0.107
432,1,7,309,8,395,2.3512,0.145
433,0,0,309,1,371,2.2083,0.032
434,0,0,309,1,364,2.1667,0.030
435,1,1,310,2,380,2.2619,0.058
436,0,0,310,1,382,2.2738,0.032
437,0,0,310,1,355,2.1131,0.029
438,0,0,310,1,366,2.1786,0.030
439,0,0,310,1,370,2.2024,0.030
440,0,0,310,1,377,2.2440,0.030
441,0,0,310,1,398,2.3690,0.032
442,0,0,310,1,399,2.3750,0.032
443,0,0,310,1,340,2.0238,0.028
444,0,0,310,1,392,2.3333,0.031
445,0,0,310,1,348,2.0714,0.029
446,0,0,310,1,402,2.3929,0.034
447,0,0,310,1,361,2.1488,0.030
448,0,0,310,1,363,2.1607,0.032
449,0,0,310,1,406,2.4167,0.033
450,0,0,310,1,362,2.1548,0.030
451,0,0,310,1,344,2.0476,0.028
452,0,0,310,1,367,2.1845,0.030
453,0,0,310,1,379,2.2560,0.031
454,0,0,310,1,361,2.1488,0.028
455,0,0,310,1,360,2.1429,0.029
456,0,0,310,1,355,2.1131,0.028
457,0,0,310,1,372,2.2143,0.029
458,0,0,310,1,410,2.4405,0.034
459,0,0,310,1,386,2.2976,0.031
460,0,0,310,1,367,2.1845,0.029
461,0,0,310,1,376,2.2381,0.031
462,0,0,310,1,398,2.3690,0.033
463,0,0,310,1,367,2.1845,0.030
464,0,0,310,1,365,2.1726,0.030
465,0,0,310,1,374,2.2262,0.030
466,0,0,310,1,389,2.3155,0.031
467,0,0,310,1,340,2.0238,0.028
468,0,0,310,1,357,2.1250,0.030
469,0,0,310,1,370,2.2024,0.029
470,0,0,310,1,365,2.1726,0.031
471,0,0,310,1,356,2.1190,0.028
472,0,0,310,1,350,2.0833,0.029
473,0,0,310,1,336,2.0000,0.029
474,0,0,310,1,374,2.2262,0.031
475,1,1,311,2,352,2.0952,0.053
476,0,0,311,1,390,2.3214,0.031
477,0,0,311,1,351,2.0893,0.028
478,0,0,311,1,373,2.2202,0.029
479,0,0,311,1,384,2.2857,0.032
480,0,0,311,1,350,2.0833,0.029
481,0,0,311,1,367,2.1845,0.030
482,1,9,320,10,415,2.4702,0.211
483,0,0,320,1,386,2.2976,0.032
484,0,0,320,1,341,2.0298,0.027
485,0,0,320,1,408,2.4286,0.031
486,0,0,320,1,385,2.2917,0.032
487,0,0,320,1,350,2.0833,0.028
488,0,0,320,1,381,2.2679,0.030
489,0,0,320,1,360,2.1429,0.028
490,0,0,320,1,361,2.1488,0.029
491,0,0,320,1,348,2.0714,0.029
492,0,0,320,1,387,2.3036,0.030
493,0,0,320,1,408,2.4286,0.033
494,0,0,320,1,341,2.0298,0.027
495,0,0,320,1,353,2.1012,0.029
496,0,0,320,1,375,2.2321,0.030
497,0,0,320,1,344,2.0476,0.028
498,0,0,320,1,389,2.3155,0.032
499,1,5,325,6,378,2.2500,0.135
500,0,0,325,1,391,2.3274,0.032
501,0,0,325,1,355,2.1131,0.029
502,0,0,325,1,383,2.2798,0.031
503,0,0,325,1,381,2.2679,0.032
504,0,0,325,1,380,2.2619,0.031
505,0,0,325,1,385,2.2917,0.031
506,0,0,325,1,349,2.0774,0.027
507,0,0,325,1,338,2.0119,0.027
508,0,0,325,1,366,2.1786,0.029
509,0,0,325,1,367,2.1845,0.029
510,1,2,327,3,372,2.2143,0.075
511,0,0,327,1,381,2.2679,0.031
512,0,0,327,1,359,2.1369,0.028
513,0,0,327,1,383,2.2798,0.030
514,0,0,327,1,401,2.3869,0.032
515,0,0,327,1,382,2.2738,0.030
516,0,0,327,1,357,2.1250,0.028
517,0,0,327,1,398,2.3690,0.032
518,0,0,327,1,358,2.1310,0.028
519,0,0,327,1,384,2.2857,0.030
520,0,0,327,1,355,2.1131,0.029
521,0,0,327,1,382,2.2738,0.033
522,0,0,327,1,386,2.2976,0.032
523,0,0,327,1,370,2.2024,0.029
524,0,0,327,1,380,2.2619,0.032
525,0,0,327,1,393,2.3393,0.033
526,0,0,327,1,388,2.3095,0.032
527,0,0,327,1,356,2.1190,0.028
528,0,0,327,1,342,2.0357,0.028
529,0,0,327,1,371,2.2083,0.031
530,0,0,327,1,356,2.1190,0.028
531,0,0,327,1,363,2.1607,0.028
532,1,3,330,4,390,2.3214,0.071
533,0,0,330,1,374,2.2262,0.031
534,0,0,330,1,404,2.4048,0.033
535,1,3,333,4,381,2.2679,0.114
536,0,0,333,1,378,2.2500,0.031
537,0,0,333,1,376,2.2381,0.029
538,0,0,333,1,395,2.3512,0.032
539,0,0,333,1,350,2.0833,0.028
540,0,0,333,1,360,2.1429,0.029
541,0,0,333,1,375,2.2321,0.029
542,0,0,333,1,351,2.0893,0.026
543,0,0,333,1,390,2.3214,0.032
544,0,0,333,1,374,2.2262,0.030
545,0,0,333,1,361,2.1488,0.028
546,0,0,333,1,397,2.3631,0.032
547,0,0,333,1,380,2.2619,0.029
548,0,0,333,1,402,2.3929,0.031
549,0,0,333,1,364,2.1667,0.029
550,0,0,333,1,361,2.1488,0.028
551,0,0,333,1,366,2.1786,0.029
552,0,0,333,1,351,2.0893,0.027
553,0,0,333,1,365,2.1726,0.028
554,0,0,333,1,404,2.4048,0.030
555,0,0,333,1,363,2.1607,0.027
556,0,0,333,1,361,2.1488,0.028
557,0,0,333,1,428,2.5476,0.033
558,0,0,333,1,383,2.2798,0.031
559,0,0,333,1,370,2.2024,0.028
560,1,1,334,2,422,2.5119,0.054
561,0,0,334,1,357,2.1250,0.028
562,0,0,334,1,383,2.2798,0.030
563,0,0,334,1,359,2.1369,0.027
564,0,0,334,1,384,2.2857,0.029
565,0,0,334,1,373,2.2202,0.029
566,0,0,334,1,377,2.2440,0.028
567,0,0,334,1,379,2.2560,0.029
568,0,0,334,1,377,2.2440,0.029
569,0,0,334,1,366,2.1786,0.028
570,1,4,338,5,396,2.3571,0.051
571,0,0,338,1,396,2.3571,0.030
572,0,0,338,1,390,2.3214,0.029
573,0,0,338,1,362,2.1548,0.029
574,0,0,338,1,364,2.1667,0.028
575,0,0,338,1,342,2.0357,0.026
576,0,0,338,1,356,2.1190,0.027
577,0,0,338,1,378,2.2500,0.030
578,0,0,338,1,412,2.4524,0.031
579,0,0,338,1,402,2.3929,0.031
580,0,0,338,1,379,2.2560,0.030
581,0,0,338,1,361,2.1488,0.028
582,0,0,338,1,377,2.2440,0.031
583,0,0,338,1,321,1.9107,0.025
584,0,0,338,1,366,2.1786,0.029
585,0,0,338,1,377,2.2440,0.030
586,0,0,338,1,372,2.2143,0.029
587,0,0,338,1,380,2.2619,0.030
588,0,0,338,1,387,2.3036,0.029
589,0,0,338,1,390,2.3214,0.030
590,0,0,338,1,363,2.1607,0.027
591,0,0,338,1,374,2.2262,0.029
592,0,0,338,1,365,2.1726,0.028
593,0,0,338,1,356,2.1190,0.028
594,0,0,338,1,350,2.0833,0.028
595,0,0,338,1,371,2.2083,0.030
596,0,0,338,1,351,2.0893,0.028
597,0,0,338,1,356,2.1190,0.028
598,0,0,338,1,369,2.1964,0.029
599,0,0,338,1,346,2.0595,0.026
600,0,0,338,1,352,2.0952,0.028
601,0,0,338,1,378,2.2500,0.031
602,0,0,338,1,391,2.3274,0.033
603,0,0,338,1,346,2.0595,0.027
604,0,0,338,1,355,2.1131,0.028
605,0,0,338,1,352,2.0952,0.027
606,0,0,338,1,353,2.1012,0.027
607,0,0,338,1,395,2.3512,0.030
608,0,0,338,1,359,2.1369,0.027
609,0,0,338,1,360,2.1429,0.029
610,0,0,338,1,364,2.1667,0.029
611,0,0,338,1,353,2.1012,0.027
612,0,0,338,1,399,2.3750,0.032
613,0,0,338,1,343,2.0417,0.028
614,0,0,338,1,400,2.3810,0.032
615,0,0,338,1,367,2.1845,0.028
616,1,3,341,4,365,2.1726,0.109
617,0,0,341,1,360,2.1429,0.030
618,0,0,341,1,392,2.3333,0.031
619,0,0,341,1,368,2.1905,0.030
620,0,0,341,1,360,2.1429,0.031
621,0,0,341,1,359,2.1369,0.029
622,0,0,341,1,399,2.3750,0.032
623,0,0,341,1,319,1.8988,0.027
624,0,0,341,1,355,2.1131,0.029
625,0,0,341,1,356,2.1190,0.031
626,0,0,341,1,353,2.1012,0.029
627,0,0,341,1,369,2.1964,0.029
628,1,2,343,3,373,2.2202,0.046
629,0,0,343,1,398,2.3690,0.032
630,0,0,343,1,361,2.1488,0.030
631,0,0,343,1,380,2.2619,0.031
632,0,0,343,1,344,2.0476,0.028
633,0,0,343,1,415,2.4702,0.034
634,0,0,343,1,373,2.2202,0.030
635,0,0,343,1,331,1.9702,0.026
636,0,0,343,1,381,2.2679,0.030
637,0,0,343,1,366,2.1786,0.028
638,0,0,343,1,379,2.2560,0.030
639,0,0,343,1,367,2.1845,0.029
640,0,0,343,1,365,2.1726,0.029
641,0,0,343,1,361,2.1488,0.029
642,0,0,343,1,390,2.3214,0.030
643,0,0,343,1,401,2.3869,0.032
644,0,0,343,1,402,2.3929,0.032
645,0,0,343,1,367,2.1845,0.030
646,0,0,343,1,366,2.1786,0.028
647,0,0,343,1,352,2.0952,0.029
648,0,0,343,1,380,2.2619,0.031
649,0,0,343,1,378,2.2500,0.030
650,0,0,343,1,363,2.1607,0.028
651,0,0,343,1,365,2.1726,0.028
652,0,0,343,1,328,1.9524,0.027
653,0,0,343,1,387,2.3036,0.031
654,0,0,343,1,387,2.3036,0.032
655,0,0,343,1,354,2.1071,0.027
656,0,0,343,1,399,2.3750,0.032
657,0,0,343,1,356,2.1190,0.028
658,0,0,343,1,363,2.1607,0.029
659,0,0,343,1,344,2.0476,0.027
660,0,0,343,1,393,2.3393,0.030
661,0,0,343,1,349,2.0774,0.027
662,0,0,343,1,383,2.2798,0.030
663,0,0,343,1,351,2.0893,0.026
664,0,0,343,1,347,2.0655,0.028
665,0,0,343,1,345,2.0536,0.028
666,0,0,343,1,384,2.2857,0.029
667,0,0,343,1,366,2.1786,0.028
668,0,0,343,1,353,2.1012,0.028
669,0,0,343,1,364,2.1667,0.030
670,0,0,343,1,352,2.0952,0.028
671,0,0,343,1,362,2.1548,0.029
672,0,0,343,1,363,2.1607,0.030
673,0,0,343,1,384,2.2857,0.030
674,0,0,343,1,352,2.0952,0.028
675,0,0,343,1,381,2.2679,0.031
676,1,1,344,2,344,2.0476,0.034
677,0,0,344,1,375,2.2321,0.031
678,0,0,344,1,379,2.2560,0.029
679,0,0,344,1,373,2.2202,0.029
680,0,0,344,1,372,2.2143,0.030
681,0,0,344,1,355,2.1131,0.027
682,0,0,344,1,410,2.4405,0.032
683,0,0,344,1,339,2.0179,0.027
684,0,0,344,1,367,2.1845,0.029
685,0,0,344,1,373,2.2202,0.029
686,0,0,344,1,364,2.1667,0.029
687,0,0,344,1,335,1.9940,0.027
688,0,0,344,1,361,2.1488,0.027
689,0,0,344,1,369,2.1964,0.027
690,0,0,344,1,363,2.1607,0.029
691,0,0,344,1,348,2.0714,0.028
692,1,1,345,2,377,2.2440,0.041
693,0,0,345,1,384,2.2857,0.031
694,0,0,345,1,356,2.1190,0.028
695,0,0,345,1,371,2.2083,0.029
696,0,0,345,1,362,2.1548,0.029
697,0,0,345,1,389,2.3155,0.032
698,0,0,345,1,378,2.2500,0.030
699,0,0,345,1,374,2.2262,0.030
700,0,0,345,1,364,2.1667,0.029
701,0,0,345,1,393,2.3393,0.031
702,0,0,345,1,403,2.3988,0.031
703,1,1,346,2,342,2.0357,0.037
704,0,0,346,1,361,2.1488,0.029
705,0,0,346,1,385,2.2917,0.030
706,0,0,346,1,390,2.3214,0.030
707,0,0,346,1,370,2.2024,0.028
708,1,3,349,4,376,2.2381,0.107
709,0,0,349,1,351,2.0893,0.028
710,0,0,349,1,380,2.2619,0.029
711,0,0,349,1,394,2.3452,0.030
712,0,0,349,1,380,2.2619,0.030
713,0,0,349,1,352,2.0952,0.028
714,0,0,349,1,346,2.0595,0.027
715,0,0,349,1,361,2.1488,0.029
716,0,0,349,1,375,2.2321,0.029
717,0,0,349,1,376,2.2381,0.030
718,0,0,349,1,355,2.1131,0.028
719,0,0,349,1,374,2.2262,0.030
720,0,0,349,1,364,2.1667,0.030
721,0,0,349,1,354,2.1071,0.028
722,0,0,349,1,388,2.3095,0.031
723,0,0,349,1,358,2.1310,0.028
724,0,0,349,1,369,2.1964,0.028
725,0,0,349,1,378,2.2500,0.030
726,0,0,349,1,398,2.3690,0.032
727,0,0,349,1,363,2.1607,0.028
728,0,0,349,1,384,2.2857,0.030
729,0,0,349,1,363,2.1607,0.028
730,0,0,349,1,369,2.1964,0.029
731,0,0,349,1,373,2.2202,0.029
732,0,0,349,1,350,2.0833,0.026
733,0,0,349,1,395,2.3512,0.030
734,0,0,349,1,370,2.2024,0.030
735,0,0,349,1,404,2.4048,0.030
736,0,0,349,1,416,2.4762,0.031
737,0,0,349,1,356,2.1190,0.029
738,0,0,349,1,343,2.0417,0.027
739,0,0,349,1,384,2.2857,0.031
740,0,0,349,1,361,2.1488,0.029
741,0,0,349,1,367,2.1845,0.029
742,0,0,349,1,363,2.1607,0.029
743,0,0,349,1,381,2.2679,0.031
744,0,0,349,1,368,2.1905,0.030
745,0,0,349,1,383,2.2798,0.031
746,0,0,349,1,360,2.1429,0.029
747,0,0,349,1,391,2.3274,0.032
748,0,0,349,1,388,2.3095,0.030
749,0,0,349,1,372,2.2143,0.032
750,0,0,349,1,354,2.1071,0.030
751,0,0,349,1,346,2.0595,0.029
752,0,0,349,1,401,2.3869,0.033
753,0,0,349,1,365,2.1726,0.031
754,0,0,349,1,341,2.0298,0.028
755,0,0,349,1,354,2.1071,0.032
756,0,0,349,1,335,1.9940,0.031
757,0,0,349,1,363,2.1607,0.032
758,0,0,349,1,350,2.0833,0.029
759,0,0,349,1,339,2.0179,0.030
760,0,0,349,1,378,2.2500,0.031
761,1,3,352,4,382,2.2738,0.109
762,0,0,352,1,398,2.3690,0.033
763,0,0,352,1,364,2.1667,0.030
764,0,0,352,1,384,2.2857,0.031
765,0,0,352,1,417,2.4821,0.033
766,0,0,352,1,400,2.3810,0.032
767,0,0,352,1,368,2.1905,0.029
768,0,0,352,1,365,2.1726,0.030
769,1,1,353,2,369,2.1964,0.044
770,0,0,353,1,349,2.0774,0.028
771,0,0,353,1,372,2.2143,0.029
772,0,0,353,1,399,2.3750,0.030
773,0,0,353,1,405,2.4107,0.032
774,0,0,353,1,385,2.2917,0.032
775,0,0,353,1,402,2.3929,0.033
776,0,0,353,1,393,2.3393,0.044
777,0,0,353,1,338,2.0119,0.027
778,0,0,353,1,373,2.2202,0.031
779,0,0,353,1,337,2.0060,0.026
780,0,0,353,1,351,2.0893,0.028
781,0,0,353,1,365,2.1726,0.030
782,0,0,353,1,376,2.2381,0.031
783,0,0,353,1,381,2.2679,0.030
784,0,0,353,1,350,2.0833,0.028
785,0,0,353,1,374,2.2262,0.031
786,0,0,353,1,378,2.2500,0.031
787,0,0,353,1,377,2.2440,0.030
788,1,98,451,99,446,2.6548,3.641
789,0,0,451,1,383,2.2798,0.033
790,0,0,451,1,379,2.2560,0.035
791,0,0,451,1,365,2.1726,0.031
792,0,0,451,1,367,2.1845,0.033
793,0,0,451,1,378,2.2500,0.033
794,0,0,451,1,397,2.3631,0.035
795,0,0,451,1,355,2.1131,0.032
796,0,0,451,1,360,2.1429,0.032
797,0,0,451,1,341,2.0298,0.030
798,0,0,451,1,385,2.2917,0.033
799,0,0,451,1,369,2.1964,0.032
800,0,0,451,1,363,2.1607,0.031
801,0,0,451,1,391,2.3274,0.033
802,0,0,451,1,398,2.3690,0.033
803,0,0,451,1,358,2.1310,0.031
804,0,0,451,1,363,2.1607,0.030
805,0,0,451,1,371,2.2083,0.032
806,0,0,451,1,361,2.1488,0.032
807,0,0,451,1,362,2.1548,0.032
808,0,0,451,1,365,2.1726,0.030
809,0,0,451,1,353,2.1012,0.028
810,0,0,451,1,360,2.1429,0.028
811,0,0,451,1,391,2.3274,0.032
812,0,0,451,1,350,2.0833,0.029
813,0,0,451,1,376,2.2381,0.032
814,0,0,451,1,364,2.1667,0.031
815,0,0,451,1,365,2.1726,0.030
816,0,0,451,1,368,2.1905,0.030
817,0,0,451,1,345,2.0536,0.027
818,0,0,451,1,380,2.2619,0.032
819,0,0,451,1,341,2.0298,0.028
820,0,0,451,1,346,2.0595,0.030
821,0,0,451,1,360,2.1429,0.031
822,0,0,451,1,352,2.0952,0.029
823,0,0,451,1,371,2.2083,0.031
824,0,0,451,1,357,2.1250,0.029
825,0,0,451,1,400,2.3810,0.034
826,0,0,451,1,363,2.1607,0.030
827,0,0,451,1,330,1.9643,0.027
828,0,0,451,1,361,2.1488,0.029
829,0,0,451,1,378,2.2500,0.030
830,1,1,452,2,379,2.2560,0.047
831,0,0,452,1,381,2.2679,0.029
832,0,0,452,1,372,2.2143,0.030
833,0,0,452,1,353,2.1012,0.028
834,0,0,452,1,345,2.0536,0.029
835,0,0,452,1,366,2.1786,0.030
836,0,0,452,1,377,2.2440,0.031
837,0,0,452,1,360,2.1429,0.030
838,0,0,452,1,373,2.2202,0.030
839,0,0,452,1,337,2.0060,0.028
840,0,0,452,1,368,2.1905,0.029
841,1,1,453,2,380,2.2619,0.036
842,0,0,453,1,361,2.1488,0.029
843,0,0,453,1,383,2.2798,0.030
844,0,0,453,1,359,2.1369,0.029
845,0,0,453,1,344,2.0476,0.028
846,0,0,453,1,387,2.3036,0.031
847,0,0,453,1,379,2.2560,0.032
848,0,0,453,1,380,2.2619,0.032
849,0,0,453,1,383,2.2798,0.030
850,0,0,453,1,389,2.3155,0.030
851,0,0,453,1,389,2.3155,0.033
852,0,0,453,1,338,2.0119,0.028
853,0,0,453,1,405,2.4107,0.032
854,0,0,453,1,384,2.2857,0.031
855,0,0,453,1,395,2.3512,0.033
856,0,0,453,1,318,1.8929,0.025
857,0,0,453,1,346,2.0595,0.029
858,0,0,453,1,361,2.1488,0.029
859,0,0,453,1,376,2.2381,0.031
860,0,0,453,1,360,2.1429,0.029
861,0,0,453,1,359,2.1369,0.030
862,0,0,453,1,366,2.1786,0.030
863,0,0,453,1,398,2.3690,0.033
864,0,0,453,1,373,2.2202,0.032
865,0,0,453,1,405,2.4107,0.034
866,1,2,455,3,385,2.2917,0.061
867,0,0,455,1,357,2.1250,0.029
868,0,0,455,1,385,2.2917,0.031
869,0,0,455,1,386,2.2976,0.032
870,0,0,455,1,362,2.1548,0.030
871,0,0,455,1,385,2.2917,0.031
872,0,0,455,1,372,2.2143,0.031
873,0,0,455,1,368,2.1905,0.029
874,0,0,455,1,380,2.2619,0.031
875,0,0,455,1,395,2.3512,0.031
876,0,0,455,1,341,2.0298,0.026
877,0,0,455,1,362,2.1548,0.028
878,0,0,455,1,366,2.1786,0.031
879,0,0,455,1,337,2.0060,0.027
880,0,0,455,1,388,2.3095,0.030
881,0,0,455,1,403,2.3988,0.031
882,0,0,455,1,367,2.1845,0.030
883,0,0,455,1,364,2.1667,0.029
884,0,0,455,1,363,2.1607,0.029
885,0,0,455,1,361,2.1488,0.031
886,0,0,455,1,410,2.4405,0.033
887,0,0,455,1,366,2.1786,0.031
888,0,0,455,1,385,2.2917,0.033
889,0,0,455,1,361,2.1488,0.029
890,0,0,455,1,346,2.0595,0.029
891,0,0,455,1,403,2.3988,0.033
892,0,0,455,1,378,2.2500,0.031
893,0,0,455,1,338,2.0119,0.027
894,0,0,455,1,339,2.0179,0.028
895,0,0,455,1,374,2.2262,0.031
896,0,0,455,1,381,2.2679,0.030
897,0,0,455,1,378,2.2500,0.030
898,0,0,455,1,352,2.0952,0.028
899,0,0,455,1,366,2.1786,0.028
900,0,0,455,1,377,2.2440,0.030
901,0,0,455,1,375,2.2321,0.029
902,0,0,455,1,358,2.1310,0.029
903,0,0,455,1,343,2.0417,0.026
904,0,0,455,1,378,2.2500,0.030
905,0,0,455,1,396,2.3571,0.032
906,0,0,455,1,371,2.2083,0.029
907,0,0,455,1,367,2.1845,0.031
908,0,0,455,1,374,2.2262,0.030
909,0,0,455,1,369,2.1964,0.029
910,0,0,455,1,389,2.3155,0.031
911,0,0,455,1,347,2.0655,0.028
912,0,0,455,1,390,2.3214,0.032
913,0,0,455,1,341,2.0298,0.028
914,0,0,455,1,376,2.2381,0.030
915,0,0,455,1,398,2.3690,0.032
916,0,0,455,1,387,2.3036,0.031
917,0,0,455,1,390,2.3214,0.031
918,0,0,455,1,369,2.1964,0.032
919,0,0,455,1,358,2.1310,0.029
920,0,0,455,1,362,2.1548,0.030
921,0,0,455,1,370,2.2024,0.031
922,0,0,455,1,381,2.2679,0.032
923,0,0,455,1,343,2.0417,0.030
924,0,0,455,1,345,2.0536,0.029
925,0,0,455,1,380,2.2619,0.032
926,0,0,455,1,379,2.2560,0.029
927,0,0,455,1,349,2.0774,0.028
928,0,0,455,1,414,2.4643,0.032
929,0,0,455,1,387,2.3036,0.030
930,0,0,455,1,367,2.1845,0.028
931,0,0,455,1,370,2.2024,0.031
932,0,0,455,1,394,2.3452,0.032
933,0,0,455,1,388,2.3095,0.030
934,0,0,455,1,333,1.9821,0.026
935,0,0,455,1,375,2.2321,0.030
936,0,0,455,1,397,2.3631,0.031
937,0,0,455,1,363,2.1607,0.029
938,1,5,460,6,371,2.2083,0.141
939,0,0,460,1,374,2.2262,0.029
940,0,0,460,1,346,2.0595,0.027
941,1,54,514,55,377,2.2440,0.309
942,0,0,514,1,351,2.0893,0.028
943,0,0,514,1,399,2.3750,0.033
944,0,0,514,1,333,1.9821,0.027
945,0,0,514,1,377,2.2440,0.030
946,0,0,514,1,345,2.0536,0.028
947,0,0,514,1,390,2.3214,0.031
948,0,0,514,1,387,2.3036,0.030
949,0,0,514,1,364,2.1667,0.030
950,0,0,514,1,347,2.0655,0.029
951,0,0,514,1,350,2.0833,0.028
952,0,0,514,1,344,2.0476,0.028
953,0,0,514,1,396,2.3571,0.032
954,0,0,514,1,385,2.2917,0.032
955,0,0,514,1,339,2.0179,0.028
956,0,0,514,1,347,2.0655,0.028
957,0,0,514,1,366,2.1786,0.028
958,0,0,514,1,360,2.1429,0.029
959,0,0,514,1,368,2.1905,0.031
960,0,0,514,1,384,2.2857,0.031
961,0,0,514,1,338,2.0119,0.027
962,0,0,514,1,362,2.1548,0.029
963,0,0,514,1,352,2.0952,0.028
964,0,0,514,1,386,2.2976,0.032
965,0,0,514,1,351,2.0893,0.028
966,0,0,514,1,345,2.0536,0.027
967,0,0,514,1,355,2.1131,0.029
968,0,0,514,1,389,2.3155,0.031
969,0,0,514,1,386,2.2976,0.032
970,0,0,514,1,352,2.0952,0.029
971,0,0,514,1,360,2.1429,0.028
972,0,0,514,1,387,2.3036,0.031
973,0,0,514,1,362,2.1548,0.029
974,1,2,516,3,360,2.1429,0.038
975,0,0,516,1,374,2.2262,0.032
976,0,0,516,1,358,2.1310,0.032
977,0,0,516,1,340,2.0238,0.028
978,0,0,516,1,367,2.1845,0.032
979,0,0,516,1,393,2.3393,0.033
980,0,0,516,1,356,2.1190,0.029
981,0,0,516,1,353,2.1012,0.032
982,0,0,516,1,378,2.2500,0.031
983,0,0,516,1,371,2.2083,0.031
984,0,0,516,1,365,2.1726,0.032
985,0,0,516,1,351,2.0893,0.031
986,0,0,516,1,363,2.1607,0.031
987,0,0,516,1,392,2.3333,0.035
988,0,0,516,1,389,2.3155,0.033
989,0,0,516,1,349,2.0774,0.031
990,0,0,516,1,392,2.3333,0.033
991,0,0,516,1,338,2.0119,0.028
992,0,0,516,1,357,2.1250,0.027
993,0,0,516,1,341,2.0298,0.027
994,0,0,516,1,315,1.8750,0.026
995,0,0,516,1,354,2.1071,0.030
996,0,0,516,1,385,2.2917,0.033
997,0,0,516,1,369,2.1964,0.034
998,0,0,516,1,401,2.3869,0.034
999,0,0,516,1,362,2.1548,0.031
1000,0,0,516,1,374,2.2262,0.032
1001,0,0,516,1,375,2.2321,0.034
1002,0,0,516,1,357,2.1250,0.031
1003,0,0,516,1,368,2.1905,0.031
1004,0,0,516,1,358,2.1310,0.031
1005,0,0,516,1,360,2.1429,0.029
1006,1,29,545,30,375,2.2321,0.613
1007,0,0,545,1,390,2.3214,0.034
1008,0,0,545,1,352,2.0952,0.028
1009,0,0,545,1,376,2.2381,0.031
1010,0,0,545,1,383,2.2798,0.035
1011,0,0,545,1,382,2.2738,0.033
1012,0,0,545,1,347,2.0655,0.029
1013,0,0,545,1,340,2.0238,0.029
1014,0,0,545,1,371,2.2083,0.029
1015,0,0,545,1,333,1.9821,0.026
1016,0,0,545,1,376,2.2381,0.030
1017,0,0,545,1,420,2.5000,0.034
1018,0,0,545,1,353,2.1012,0.030
1019,0,0,545,1,341,2.0298,0.029
1020,0,0,545,1,356,2.1190,0.030
1021,0,0,545,1,390,2.3214,0.033
1022,0,0,545,1,358,2.1310,0.028
1023,0,0,545,1,382,2.2738,0.032
1024,0,0,545,1,344,2.0476,0.031
1025,0,0,545,1,361,2.1488,0.031
1026,0,0,545,1,369,2.1964,0.032
1027,0,0,545,1,393,2.3393,0.033
1028,0,0,545,1,370,2.2024,0.031
1029,0,0,545,1,365,2.1726,0.031
1030,0,0,545,1,396,2.3571,0.034
1031,0,0,545,1,381,2.2679,0.032
1032,0,0,545,1,369,2.1964,0.030
1033,0,0,545,1,346,2.0595,0.028
1034,0,0,545,1,340,2.0238,0.029
1035,0,0,545,1,350,2.0833,0.030
1036,0,0,545,1,387,2.3036,0.031
1037,0,0,545,1,366,2.1786,0.032
1038,0,0,545,1,378,2.2500,0.033
1039,0,0,545,1,352,2.0952,0.030
1040,0,0,545,1,384,2.2857,0.035
1041,0,0,545,1,360,2.1429,0.031
1042,0,0,545,1,362,2.1548,0.031
1043,0,0,545,1,338,2.0119,0.029
1044,0,0,545,1,381,2.2679,0.032
1045,0,0,545,1,351,2.0893,0.032
1046,0,0,545,1,362,2.1548,0.029
1047,0,0,545,1,382,2.2738,0.034
1048,0,0,545,1,354,2.1071,0.029
1049,0,0,545,1,353,2.1012,0.029
1050,0,0,545,1,388,2.3095,0.032
1051,0,0,545,1,377,2.2440,0.033
1052,0,0,545,1,372,2.2143,0.031
1053,0,0,545,1,392,2.3333,0.034
1054,0,0,545,1,338,2.0119,0.028
1055,0,0,545,1,370,2.2024,0.031
1056,0,0,545,1,377,2.2440,0.034
1057,0,0,545,1,401,2.3869,0.035
1058,1,4,549,5,399,2.3750,0.152
1059,1,2,551,3,376,2.2381,0.087
1060,0,0,551,1,393,2.3393,0.034
1061,0,0,551,1,366,2.1786,1.114
1062,0,0,551,1,359,2.1369,0.032
1063,0,0,551,1,380,2.2619,0.034
1064,0,0,551,1,378,2.2500,0.032
1065,0,0,551,1,420,2.5000,0.036
1066,0,0,551,1,368,2.1905,0.032
1067,0,0,551,1,391,2.3274,0.032
1068,0,0,551,1,345,2.0536,0.031
1069,0,0,551,1,371,2.2083,0.032
1070,0,0,551,1,396,2.3571,0.034
1071,0,0,551,1,366,2.1786,0.031
1072,0,0,551,1,371,2.2083,0.032
1073,0,0,551,1,388,2.3095,0.034
1074,0,0,551,1,356,2.1190,0.030
1075,0,0,551,1,364,2.1667,0.031
1076,0,0,551,1,355,2.1131,0.031
1077,0,0,551,1,376,2.2381,0.035
1078,0,0,551,1,387,2.3036,0.035
1079,0,0,551,1,351,2.0893,0.031
1080,0,0,551,1,369,2.1964,0.032
1081,0,0,551,1,352,2.0952,0.031
1082,0,0,551,1,403,2.3988,0.036
1083,0,0,551,1,374,2.2262,0.032
1084,0,0,551,1,360,2.1429,0.032
1085,0,0,551,1,359,2.1369,0.030
1086,1,1,552,2,352,2.0952,0.056
1087,0,0,552,1,368,2.1905,0.032
1088,0,0,552,1,370,2.2024,0.032
1089,0,0,552,1,373,2.2202,0.031
1090,0,0,552,1,365,2.1726,0.031
1091,0,0,552,1,367,2.1845,0.032
1092,0,0,552,1,363,2.1607,0.029
1093,1,1,553,2,383,2.2798,0.049
1094,0,0,553,1,376,2.2381,0.031
1095,0,0,553,1,377,2.2440,0.031
1096,0,0,553,1,383,2.2798,0.031
1097,0,0,553,1,343,2.0417,0.029
1098,0,0,553,1,370,2.2024,0.032
1099,0,0,553,1,349,2.0774,0.029
1100,0,0,553,1,383,2.2798,0.032
1101,0,0,553,1,381,2.2679,0.032
1102,0,0,553,1,365,2.1726,0.031
1103,0,0,553,1,342,2.0357,0.029
1104,0,0,553,1,367,2.1845,0.032
1105,0,0,553,1,350,2.0833,0.031
1106,0,0,553,1,364,2.1667,0.030
1107,0,0,553,1,392,2.3333,0.034
1108,0,0,553,1,379,2.2560,0.032
1109,0,0,553,1,360,2.1429,0.029
1110,0,0,553,1,351,2.0893,0.029
1111,0,0,553,1,365,2.1726,0.030
1112,0,0,553,1,398,2.3690,0.035
1113,0,0,553,1,404,2.4048,0.035
1114,0,0,553,1,383,2.2798,0.034
1115,0,0,553,1,388,2.3095,0.034
1116,0,0,553,1,341,2.0298,0.029
1117,0,0,553,1,371,2.2083,0.032
1118,0,0,553,1,367,2.1845,0.029
1119,0,0,553,1,363,2.1607,0.032
1120,0,0,553,1,409,2.4345,0.035
1121,0,0,553,1,356,2.1190,0.032
1122,0,0,553,1,366,2.1786,0.031
1123,0,0,553,1,372,2.2143,0.032
1124,0,0,553,1,382,2.2738,0.031
1125,0,0,553,1,368,2.1905,0.031
1126,0,0,553,1,347,2.0655,0.029
1127,0,0,553,1,363,2.1607,0.032
1128,0,0,553,1,374,2.2262,0.030
1129,0,0,553,1,347,2.0655,0.029
1130,1,68,621,69,386,2.2976,1.076
1131,0,0,621,1,358,2.1310,0.030
1132,0,0,621,1,366,2.1786,0.030
1133,0,0,621,1,361,2.1488,0.030
1134,0,0,621,1,389,2.3155,0.032
1135,0,0,621,1,376,2.2381,0.032
1136,0,0,621,1,414,2.4643,0.035
1137,0,0,621,1,338,2.0119,0.029
1138,0,0,621,1,357,2.1250,0.030
1139,0,0,621,1,316,1.8810,0.027
1140,0,0,621,1,356,2.1190,0.030
1141,0,0,621,1,375,2.2321,0.032
1142,0,0,621,1,364,2.1667,0.031
1143,0,0,621,1,393,2.3393,0.033
1144,0,0,621,1,355,2.1131,0.030
1145,0,0,621,1,390,2.3214,0.034
1146,0,0,621,1,372,2.2143,0.031
1147,0,0,621,1,368,2.1905,0.031
1148,0,0,621,1,375,2.2321,0.030
1149,0,0,621,1,353,2.1012,0.029
1150,0,0,621,1,352,2.0952,0.030
1151,0,0,621,1,397,2.3631,0.033
1152,0,0,621,1,333,1.9821,0.028
1153,0,0,621,1,351,2.0893,0.031
1154,0,0,621,1,388,2.3095,0.033
1155,0,0,621,1,341,2.0298,0.027
1156,0,0,621,1,340,2.0238,0.028
1157,0,0,621,1,377,2.2440,0.031
1158,0,0,621,1,377,2.2440,0.031
1159,0,0,621,1,350,2.0833,0.029
1160,0,0,621,1,363,2.1607,0.031
1161,0,0,621,1,377,2.2440,0.031
1162,0,0,621,1,366,2.1786,0.030
1163,0,0,621,1,348,2.0714,0.028
1164,0,0,621,1,410,2.4405,0.034
1165,0,0,621,1,370,2.2024,0.033
1166,0,0,621,1,362,2.1548,0.030
1167,0,0,621,1,378,2.2500,0.031
1168,0,0,621,1,396,2.3571,0.032
1169,0,0,621,1,346,2.0595,0.029
1170,0,0,621,1,372,2.2143,0.030
1171,0,0,621,1,373,2.2202,0.032
1172,0,0,621,1,411,2.4464,0.035
1173,0,0,621,1,366,2.1786,0.032
1174,0,0,621,1,385,2.2917,0.030
1175,0,0,621,1,341,2.0298,0.027
1176,0,0,621,1,387,2.3036,0.033
1177,0,0,621,1,377,2.2440,0.031
1178,0,0,621,1,407,2.4226,0.035
1179,1,2,623,3,399,2.3750,0.037
1180,0,0,623,1,366,2.1786,0.031
1181,0,0,623,1,372,2.2143,0.030
1182,0,0,623,1,333,1.9821,0.031
1183,0,0,623,1,366,2.1786,0.032
1184,0,0,623,1,366,2.1786,0.030
1185,0,0,623,1,329,1.9583,0.026
1186,0,0,623,1,357,2.1250,0.030
1187,0,0,623,1,390,2.3214,0.032
1188,0,0,623,1,342,2.0357,0.029
1189,0,0,623,1,381,2.2679,0.033
1190,0,0,623,1,343,2.0417,0.030
1191,0,0,623,1,408,2.4286,0.034
1192,0,0,623,1,361,2.1488,0.030
1193,0,0,623,1,349,2.0774,0.031
1194,0,0,623,1,398,2.3690,0.034
1195,0,0,623,1,391,2.3274,0.033
1196,0,0,623,1,376,2.2381,0.033
1197,0,0,623,1,359,2.1369,0.031
1198,0,0,623,1,390,2.3214,0.034
1199,0,0,623,1,381,2.2679,0.031
1200,0,0,623,1,365,2.1726,0.032
1201,0,0,623,1,424,2.5238,0.039
1202,0,0,623,1,377,2.2440,0.032
1203,0,0,623,1,364,2.1667,0.030
1204,0,0,623,1,396,2.3571,0.034
1205,0,0,623,1,368,2.1905,0.033
1206,0,0,623,1,367,2.1845,0.032
1207,0,0,623,1,379,2.2560,0.032
1208,0,0,623,1,392,2.3333,0.033
1209,0,0,623,1,370,2.2024,0.032
1210,0,0,623,1,355,2.1131,0.030
1211,0,0,623,1,343,2.0417,0.030
1212,0,0,623,1,363,2.1607,0.030
1213,0,0,623,1,382,2.2738,0.031
1214,0,0,623,1,349,2.0774,0.030
1215,0,0,623,1,339,2.0179,0.029
1216,0,0,623,1,357,2.1250,0.030
1217,0,0,623,1,361,2.1488,0.031
1218,1,1,624,2,414,2.4643,0.069
1219,0,0,624,1,383,2.2798,0.033
1220,0,0,624,1,402,2.3929,0.035
1221,1,1,625,2,415,2.4702,0.057
1222,0,0,625,1,362,2.1548,0.029
1223,1,18,643,19,399,2.3750,0.372
1224,0,0,643,1,365,2.1726,0.030
1225,0,0,643,1,366,2.1786,0.031
1226,0,0,643,1,351,2.0893,0.028
1227,0,0,643,1,372,2.2143,0.030
1228,0,0,643,1,385,2.2917,0.033
1229,0,0,643,1,329,1.9583,0.026
1230,0,0,643,1,424,2.5238,0.036
1231,0,0,643,1,365,2.1726,0.032
1232,0,0,643,1,389,2.3155,0.037
1233,0,0,643,1,394,2.3452,0.034
1234,0,0,643,1,361,2.1488,0.030
1235,0,0,643,1,403,2.3988,0.034
1236,0,0,643,1,352,2.0952,0.031
1237,0,0,643,1,370,2.2024,0.035
1238,0,0,643,1,387,2.3036,0.033
1239,0,0,643,1,374,2.2262,0.032
1240,0,0,643,1,350,2.0833,0.030
1241,0,0,643,1,364,2.1667,0.032
1242,0,0,643,1,379,2.2560,0.033
1243,0,0,643,1,360,2.1429,0.031
1244,0,0,643,1,353,2.1012,0.031
1245,0,0,643,1,350,2.0833,0.029
1246,0,0,643,1,403,2.3988,0.034
1247,0,0,643,1,404,2.4048,0.035
1248,0,0,643,1,381,2.2679,0.032
1249,0,0,643,1,378,2.2500,0.031
1250,0,0,643,1,347,2.0655,0.029
1251,1,2,645,3,381,2.2679,0.071
1252,0,0,645,1,404,2.4048,0.033
1253,0,0,645,1,373,2.2202,0.032
1254,0,0,645,1,397,2.3631,0.034
1255,0,0,645,1,354,2.1071,0.028
1256,0,0,645,1,363,2.1607,0.031
1257,0,0,645,1,369,2.1964,0.031
1258,0,0,645,1,360,2.1429,0.031
1259,0,0,645,1,344,2.0476,0.028
1260,0,0,645,1,366,2.1786,0.031
1261,0,0,645,1,353,2.1012,0.030
1262,0,0,645,1,395,2.3512,0.035
1263,0,0,645,1,362,2.1548,0.033
1264,1,1,646,2,376,2.2381,0.049
1265,0,0,646,1,412,2.4524,0.040
1266,0,0,646,1,379,2.2560,0.036
1267,0,0,646,1,365,2.1726,0.033
1268,0,0,646,1,379,2.2560,0.035
1269,0,0,646,1,386,2.2976,0.036
1270,0,0,646,1,371,2.2083,0.033
1271,0,0,646,1,389,2.3155,0.036
1272,0,0,646,1,384,2.2857,0.035
1273,0,0,646,1,392,2.3333,0.037
1274,0,0,646,1,347,2.0655,0.031
1275,0,0,646,1,359,2.1369,0.033
1276,0,0,646,1,379,2.2560,0.033
1277,0,0,646,1,353,2.1012,0.031
1278,0,0,646,1,369,2.1964,0.036
1279,0,0,646,1,361,2.1488,0.033
1280,0,0,646,1,374,2.2262,0.034
1281,0,0,646,1,343,2.0417,0.031
1282,0,0,646,1,391,2.3274,0.035
1283,0,0,646,1,359,2.1369,0.031
1284,0,0,646,1,357,2.1250,0.031
1285,0,0,646,1,377,2.2440,0.036
1286,0,0,646,1,334,1.9881,0.030
1287,0,0,646,1,373,2.2202,0.034
1288,0,0,646,1,337,2.0060,0.029
1289,0,0,646,1,392,2.3333,0.036
1290,0,0,646,1,367,2.1845,0.034
1291,0,0,646,1,381,2.2679,0.033
1292,0,0,646,1,379,2.2560,0.033
1293,0,0,646,1,381,2.2679,0.035
1294,0,0,646,1,300,1.7857,0.028
1295,0,0,646,1,377,2.2440,0.034
1296,0,0,646,1,377,2.2440,0.034
1297,0,0,646,1,366,2.1786,0.035
1298,0,0,646,1,399,2.3750,0.037
1299,0,0,646,1,382,2.2738,0.035
1300,0,0,646,1,373,2.2202,0.035
1301,0,0,646,1,375,2.2321,0.035
1302,0,0,646,1,372,2.2143,0.035
1303,0,0,646,1,332,1.9762,0.030
1304,0,0,646,1,361,2.1488,0.033
1305,0,0,646,1,331,1.9702,0.030
1306,0,0,646,1,370,2.2024,0.034
1307,0,0,646,1,370,2.2024,0.034
1308,0,0,646,1,370,2.2024,0.032
1309,0,0,646,1,358,2.1310,0.032
1310,0,0,646,1,362,2.1548,0.034
1311,0,0,646,1,373,2.2202,0.034
1312,0,0,646,1,381,2.2679,0.036
1313,0,0,646,1,397,2.3631,0.035
1314,0,0,646,1,361,2.1488,0.032
1315,0,0,646,1,339,2.0179,0.030
1316,0,0,646,1,345,2.0536,0.032
1317,0,0,646,1,359,2.1369,0.033
1318,0,0,646,1,391,2.3274,0.035
1319,0,0,646,1,384,2.2857,0.035
1320,0,0,646,1,383,2.2798,0.034
1321,0,0,646,1,364,2.1667,0.034
1322,0,0,646,1,353,2.1012,0.032
1323,0,0,646,1,351,2.0893,0.032
1324,0,0,646,1,346,2.0595,0.034
1325,0,0,646,1,360,2.1429,0.034
1326,0,0,646,1,369,2.1964,0.032
1327,0,0,646,1,339,2.0179,0.028
1328,0,0,646,1,374,2.2262,0.032
1329,0,0,646,1,404,2.4048,0.037
1330,1,2,648,3,383,2.2798,0.064
1331,0,0,648,1,380,2.2619,0.033
1332,0,0,648,1,349,2.0774,0.030
1333,0,0,648,1,377,2.2440,0.034
1334,0,0,648,1,351,2.0893,0.032
1335,0,0,648,1,344,2.0476,0.031
1336,0,0,648,1,359,2.1369,0.030
1337,0,0,648,1,396,2.3571,0.034
1338,0,0,648,1,370,2.2024,0.033
1339,0,0,648,1,373,2.2202,0.034
1340,0,0,648,1,375,2.2321,0.033
1341,0,0,648,1,358,2.1310,0.031
1342,0,0,648,1,366,2.1786,0.030
1343,0,0,648,1,331,1.9702,0.029
1344,0,0,648,1,381,2.2679,0.032
1345,0,0,648,1,357,2.1250,0.030
1346,0,0,648,1,336,2.0000,0.028
1347,0,0,648,1,380,2.2619,0.033
1348,0,0,648,1,359,2.1369,0.032
1349,0,0,648,1,368,2.1905,0.033
1350,0,0,648,1,380,2.2619,0.034
1351,0,0,648,1,368,2.1905,0.032
1352,0,0,648,1,366,2.1786,0.033
1353,0,0,648,1,313,1.8631,0.027
1354,0,0,648,1,392,2.3333,0.032
1355,0,0,648,1,350,2.0833,0.032
1356,0,0,648,1,340,2.0238,0.029
1357,0,0,648,1,392,2.3333,0.034
1358,0,0,648,1,358,2.1310,0.030
1359,0,0,648,1,391,2.3274,0.034
1360,0,0,648,1,372,2.2143,0.033
1361,0,0,648,1,342,2.0357,0.029
1362,0,0,648,1,398,2.3690,0.033
1363,0,0,648,1,391,2.3274,0.035
1364,1,2,650,3,370,2.2024,0.070
1365,0,0,650,1,366,2.1786,0.031
1366,0,0,650,1,374,2.2262,0.034
1367,0,0,650,1,375,2.2321,0.032
1368,0,0,650,1,387,2.3036,0.033
1369,0,0,650,1,379,2.2560,0.033
1370,0,0,650,1,362,2.1548,0.030
1371,0,0,650,1,382,2.2738,0.032
1372,0,0,650,1,341,2.0298,0.030
1373,0,0,650,1,344,2.0476,0.030
1374,0,0,650,1,397,2.3631,0.032
1375,0,0,650,1,379,2.2560,0.030
1376,0,0,650,1,380,2.2619,0.031
1377,0,0,650,1,353,2.1012,0.029
1378,0,0,650,1,351,2.0893,0.028
1379,0,0,650,1,372,2.2143,0.031
1380,0,0,650,1,368,2.1905,0.032
1381,0,0,650,1,371,2.2083,0.031
1382,0,0,650,1,388,2.3095,0.034
1383,0,0,650,1,355,2.1131,0.033
1384,0,0,650,1,385,2.2917,0.032
1385,0,0,650,1,363,2.1607,0.032
1386,0,0,650,1,368,2.1905,0.030
1387,0,0,650,1,326,1.9405,0.029
1388,0,0,650,1,387,2.3036,0.033
1389,0,0,650,1,351,2.0893,0.031
1390,0,0,650,1,397,2.3631,0.033
1391,0,0,650,1,369,2.1964,0.031
1392,0,0,650,1,342,2.0357,0.030
1393,0,0,650,1,372,2.2143,0.031
1394,0,0,650,1,356,2.1190,0.030
1395,0,0,650,1,368,2.1905,0.032
1396,0,0,650,1,376,2.2381,0.033
1397,0,0,650,1,363,2.1607,0.032
1398,0,0,650,1,327,1.9464,0.026
1399,0,0,650,1,402,2.3929,0.034
1400,0,0,650,1,398,2.3690,0.034
1401,0,0,650,1,373,2.2202,0.032
1402,0,0,650,1,390,2.3214,0.034
1403,0,0,650,1,391,2.3274,0.032
1404,0,0,650,1,380,2.2619,0.031
1405,0,0,650,1,361,2.1488,0.030
1406,0,0,650,1,383,2.2798,0.032
1407,0,0,650,1,338,2.0119,0.028
1408,0,0,650,1,355,2.1131,0.029
1409,0,0,650,1,372,2.2143,0.031
1410,0,0,650,1,332,1.9762,0.027
1411,0,0,650,1,385,2.2917,0.031
1412,0,0,650,1,381,2.2679,0.031
1413,0,0,650,1,391,2.3274,0.032
1414,0,0,650,1,378,2.2500,0.032
1415,0,0,650,1,378,2.2500,0.032
1416,0,0,650,1,385,2.2917,0.032
1417,0,0,650,1,379,2.2560,0.032
1418,0,0,650,1,376,2.2381,0.032
1419,0,0,650,1,365,2.1726,0.030
1420,1,3,653,4,386,2.2976,0.068
1421,0,0,653,1,374,2.2262,0.033
1422,0,0,653,1,376,2.2381,0.033
1423,0,0,653,1,378,2.2500,0.033
1424,0,0,653,1,414,2.4643,0.038
1425,0,0,653,1,335,1.9940,0.030
1426,0,0,653,1,396,2.3571,0.035
1427,0,0,653,1,360,2.1429,0.032
1428,0,0,653,1,368,2.1905,0.032
1429,0,0,653,1,366,2.1786,0.033
1430,0,0,653,1,356,2.1190,0.028
1431,0,0,653,1,391,2.3274,0.033
1432,0,0,653,1,370,2.2024,0.031
1433,0,0,653,1,390,2.3214,0.031
1434,1,1,654,2,337,2.0060,0.044
1435,0,0,654,1,380,2.2619,0.032
1436,0,0,654,1,380,2.2619,0.031
1437,0,0,654,1,365,2.1726,0.029
1438,1,10,664,11,344,2.0476,0.053
1439,0,0,664,1,372,2.2143,0.031
1440,0,0,664,1,345,2.0536,0.027
1441,0,0,664,1,355,2.1131,0.030
1442,0,0,664,1,404,2.4048,0.033
1443,0,0,664,1,364,2.1667,0.031
1444,0,0,664,1,397,2.3631,0.033
1445,0,0,664,1,379,2.2560,0.032
1446,0,0,664,1,346,2.0595,0.028
1447,0,0,664,1,369,2.1964,0.032
1448,0,0,664,1,376,2.2381,0.030
1449,0,0,664,1,374,2.2262,0.033
1450,0,0,664,1,350,2.0833,0.029
1451,0,0,664,1,389,2.3155,0.033
1452,0,0,664,1,405,2.4107,0.034
1453,0,0,664,1,397,2.3631,0.034
1454,0,0,664,1,353,2.1012,0.030
1455,0,0,664,1,361,2.1488,0.031
1456,0,0,664,1,389,2.3155,0.034
1457,0,0,664,1,419,2.4940,0.038
1458,0,0,664,1,427,2.5417,0.041
1459,0,0,664,1,344,2.0476,0.030
1460,0,0,664,1,361,2.1488,0.031
1461,1,1,665,2,356,2.1190,0.054
1462,0,0,665,1,369,2.1964,0.034
1463,0,0,665,1,365,2.1726,0.195
1464,0,0,665,1,341,2.0298,0.030
1465,0,0,665,1,376,2.2381,0.035
1466,0,0,665,1,345,2.0536,0.030
1467,0,0,665,1,397,2.3631,0.037
1468,0,0,665,1,358,2.1310,0.032
1469,0,0,665,1,395,2.3512,0.034
1470,0,0,665,1,378,2.2500,0.034
1471,0,0,665,1,349,2.0774,0.033
1472,0,0,665,1,386,2.2976,0.037
1473,0,0,665,1,396,2.3571,0.038
1474,0,0,665,1,394,2.3452,0.038
1475,0,0,665,1,371,2.2083,0.036
1476,0,0,665,1,374,2.2262,0.035
1477,0,0,665,1,358,2.1310,0.033
1478,0,0,665,1,361,2.1488,0.035
1479,0,0,665,1,402,2.3929,0.038
1480,0,0,665,1,377,2.2440,0.036
1481,0,0,665,1,350,2.0833,0.035
1482,0,0,665,1,379,2.2560,0.035
1483,0,0,665,1,368,2.1905,0.036
1484,0,0,665,1,391,2.3274,0.036
1485,0,0,665,1,371,2.2083,0.035
1486,0,0,665,1,397,2.3631,0.037
1487,0,0,665,1,397,2.3631,0.035
1488,0,0,665,1,387,2.3036,0.037
1489,0,0,665,1,360,2.1429,0.032
1490,0,0,665,1,333,1.9821,0.029
1491,0,0,665,1,412,2.4524,0.037
1492,0,0,665,1,377,2.2440,0.033
1493,0,0,665,1,405,2.4107,0.036
1494,0,0,665,1,375,2.2321,0.032
1495,0,0,665,1,324,1.9286,0.031
1496,0,0,665,1,372,2.2143,0.035
1497,0,0,665,1,380,2.2619,0.036
1498,0,0,665,1,371,2.2083,0.034
1499,0,0,665,1,359,2.1369,0.034
1500,0,0,665,1,360,2.1429,0.034
1501,0,0,665,1,378,2.2500,0.035
1502,0,0,665,1,352,2.0952,0.033
1503,0,0,665,1,374,2.2262,0.035
1504,0,0,665,1,351,2.0893,0.033
1505,0,0,665,1,368,2.1905,0.033
1506,0,0,665,1,374,2.2262,0.034
1507,0,0,665,1,363,2.1607,0.033
1508,0,0,665,1,387,2.3036,0.035
1509,0,0,665,1,388,2.3095,0.035
1510,0,0,665,1,360,2.1429,0.033
1511,0,0,665,1,359,2.1369,0.034
1512,0,0,665,1,383,2.2798,0.035
1513,0,0,665,1,353,2.1012,0.031
1514,0,0,665,1,378,2.2500,0.035
1515,0,0,665,1,372,2.2143,0.034
1516,0,0,665,1,366,2.1786,0.033
1517,0,0,665,1,379,2.2560,0.035
1518,0,0,665,1,347,2.0655,0.031
1519,0,0,665,1,347,2.0655,0.031
1520,0,0,665,1,375,2.2321,0.034
1521,0,0,665,1,387,2.3036,0.036
1522,0,0,665,1,364,2.1667,0.031
1523,0,0,665,1,369,2.1964,0.032
1524,0,0,665,1,378,2.2500,0.033
1525,0,0,665,1,366,2.1786,0.032
1526,0,0,665,1,377,2.2440,0.032
1527,0,0,665,1,371,2.2083,0.032
1528,0,0,665,1,334,1.9881,0.028
1529,0,0,665,1,375,2.2321,0.034
1530,0,0,665,1,374,2.2262,0.033
1531,0,0,665,1,346,2.0595,0.030
1532,0,0,665,1,376,2.2381,0.032
1533,0,0,665,1,359,2.1369,0.029
1534,0,0,665,1,405,2.4107,0.034
1535,0,0,665,1,362,2.1548,0.031
1536,0,0,665,1,325,1.9345,0.029
1537,0,0,665,1,357,2.1250,0.031
1538,0,0,665,1,349,2.0774,0.030
1539,1,2,667,3,394,2.3452,0.067
1540,0,0,667,1,379,2.2560,0.033
1541,0,0,667,1,348,2.0714,0.034
1542,0,0,667,1,341,2.0298,0.031
1543,0,0,667,1,369,2.1964,0.031
1544,0,0,667,1,352,2.0952,0.029
1545,0,0,667,1,355,2.1131,0.032
1546,0,0,667,1,380,2.2619,0.033
1547,0,0,667,1,359,2.1369,0.031
1548,0,0,667,1,366,2.1786,0.032
1549,0,0,667,1,379,2.2560,0.033
1550,0,0,667,1,350,2.0833,0.030
1551,0,0,667,1,356,2.1190,0.030
1552,0,0,667,1,393,2.3393,0.034
1553,0,0,667,1,359,2.1369,0.031
1554,0,0,667,1,353,2.1012,0.030
1555,0,0,667,1,357,2.1250,0.032
1556,0,0,667,1,373,2.2202,0.033
1557,0,0,667,1,396,2.3571,0.034
1558,0,0,667,1,366,2.1786,0.032
1559,0,0,667,1,381,2.2679,0.033
1560,0,0,667,1,340,2.0238,0.030
1561,0,0,667,1,380,2.2619,0.033
1562,1,2,669,3,372,2.2143,0.056
1563,0,0,669,1,373,2.2202,0.032
1564,0,0,669,1,409,2.4345,0.036
1565,1,3,672,4,385,2.2917,0.083
1566,0,0,672,1,373,2.2202,0.031
1567,0,0,672,1,368,2.1905,0.031
1568,0,0,672,1,320,1.9048,0.027
1569,0,0,672,1,387,2.3036,0.034
1570,0,0,672,1,354,2.1071,0.031
1571,0,0,672,1,381,2.2679,0.033
1572,0,0,672,1,363,2.1607,0.031
1573,0,0,672,1,348,2.0714,0.030
1574,0,0,672,1,352,2.0952,0.030
1575,0,0,672,1,358,2.1310,0.030
1576,0,0,672,1,380,2.2619,0.034
1577,0,0,672,1,362,2.1548,0.032
1578,0,0,672,1,376,2.2381,0.032
1579,0,0,672,1,362,2.1548,0.031
1580,0,0,672,1,384,2.2857,0.034
1581,0,0,672,1,372,2.2143,0.030
1582,0,0,672,1,366,2.1786,0.031
1583,0,0,672,1,413,2.4583,0.037
1584,0,0,672,1,357,2.1250,0.031
1585,0,0,672,1,390,2.3214,0.032
1586,0,0,672,1,385,2.2917,0.033
1587,0,0,672,1,399,2.3750,0.036
1588,0,0,672,1,355,2.1131,0.031
1589,0,0,672,1,363,2.1607,0.030
1590,0,0,672,1,381,2.2679,0.033
1591,0,0,672,1,368,2.1905,0.032
1592,0,0,672,1,373,2.2202,0.031
1593,0,0,672,1,358,2.1310,0.032
1594,0,0,672,1,367,2.1845,0.031
1595,0,0,672,1,355,2.1131,0.029
1596,0,0,672,1,367,2.1845,0.032
1597,0,0,672,1,372,2.2143,0.030
1598,0,0,672,1,376,2.2381,0.030
1599,0,0,672,1,373,2.2202,0.031
1600,0,0,672,1,383,2.2798,0.032
1601,0,0,672,1,379,2.2560,0.032
1602,0,0,672,1,378,2.2500,0.032
1603,0,0,672,1,404,2.4048,0.034
1604,0,0,672,1,367,2.1845,0.046
1605,0,0,672,1,386,2.2976,0.032
1606,0,0,672,1,422,2.5119,0.039
1607,0,0,672,1,341,2.0298,0.028
1608,0,0,672,1,338,2.0119,0.027
1609,0,0,672,1,384,2.2857,0.032
1610,0,0,672,1,354,2.1071,0.030
1611,0,0,672,1,368,2.1905,0.031
1612,0,0,672,1,357,2.1250,0.030
1613,0,0,672,1,388,2.3095,0.033
1614,0,0,672,1,367,2.1845,0.031
1615,0,0,672,1,368,2.1905,0.030
1616,0,0,672,1,369,2.1964,0.033
1617,0,0,672,1,397,2.3631,0.034
1618,0,0,672,1,379,2.2560,0.031
1619,0,0,672,1,346,2.0595,0.029
1620,1,7,679,8,363,2.1607,0.057
1621,0,0,679,1,394,2.3452,0.033
1622,0,0,679,1,365,2.1726,0.030
1623,0,0,679,1,361,2.1488,0.031
1624,0,0,679,1,358,2.1310,0.031
1625,0,0,679,1,389,2.3155,0.032
1626,0,0,679,1,344,2.0476,0.029
1627,0,0,679,1,372,2.2143,0.030
1628,0,0,679,1,355,2.1131,0.029
1629,0,0,679,1,397,2.3631,0.033
1630,0,0,679,1,373,2.2202,0.031
1631,0,0,679,1,395,2.3512,0.032
1632,0,0,679,1,369,2.1964,0.031
1633,0,0,679,1,375,2.2321,0.031
1634,0,0,679,1,362,2.1548,0.031
1635,0,0,679,1,364,2.1667,0.031
1636,0,0,679,1,381,2.2679,0.034
1637,0,0,679,1,358,2.1310,0.030
1638,0,0,679,1,361,2.1488,0.030
1639,0,0,679,1,364,2.1667,0.031
1640,0,0,679,1,396,2.3571,0.033
1641,0,0,679,1,362,2.1548,0.030
1642,0,0,679,1,381,2.2679,0.032
1643,0,0,679,1,365,2.1726,0.032
1644,0,0,679,1,376,2.2381,0.032
1645,0,0,679,1,380,2.2619,0.033
1646,0,0,679,1,363,2.1607,0.031
1647,0,0,679,1,368,2.1905,0.032
1648,0,0,679,1,361,2.1488,0.030
1649,0,0,679,1,356,2.1190,0.033
1650,0,0,679,1,332,1.9762,0.030
1651,0,0,679,1,339,2.0179,0.030
1652,0,0,679,1,346,2.0595,0.030
1653,0,0,679,1,361,2.1488,0.030
1654,0,0,679,1,393,2.3393,0.032
1655,0,0,679,1,341,2.0298,0.030
1656,0,0,679,1,385,2.2917,0.032
1657,0,0,679,1,364,2.1667,0.031
1658,0,0,679,1,364,2.1667,0.030
1659,1,2,681,3,347,2.0655,0.065
1660,0,0,681,1,367,2.1845,0.029
1661,0,0,681,1,370,2.2024,0.030
1662,0,0,681,1,349,2.0774,0.028
1663,0,0,681,1,399,2.3750,0.033
1664,0,0,681,1,349,2.0774,0.029
1665,0,0,681,1,371,2.2083,0.031
1666,0,0,681,1,331,1.9702,0.027
1667,0,0,681,1,372,2.2143,0.030
1668,0,0,681,1,371,2.2083,0.032
1669,0,0,681,1,372,2.2143,0.031
1670,0,0,681,1,311,1.8512,0.027
1671,0,0,681,1,397,2.3631,0.032
1672,0,0,681,1,372,2.2143,0.031
1673,0,0,681,1,360,2.1429,0.030
1674,0,0,681,1,377,2.2440,0.031
1675,0,0,681,1,379,2.2560,0.032
1676,0,0,681,1,384,2.2857,0.032
1677,0,0,681,1,372,2.2143,0.032
1678,0,0,681,1,377,2.2440,0.031
1679,0,0,681,1,382,2.2738,0.031
1680,0,0,681,1,381,2.2679,0.033
1681,0,0,681,1,385,2.2917,0.034
1682,0,0,681,1,364,2.1667,0.031
1683,0,0,681,1,377,2.2440,0.032
1684,0,0,681,1,359,2.1369,0.031
1685,0,0,681,1,383,2.2798,0.033
1686,0,0,681,1,355,2.1131,0.031
1687,0,0,681,1,337,2.0060,0.027
1688,0,0,681,1,362,2.1548,0.030
1689,0,0,681,1,380,2.2619,0.030
1690,0,0,681,1,396,2.3571,0.032
1691,0,0,681,1,389,2.3155,0.032
1692,0,0,681,1,373,2.2202,0.030
1693,0,0,681,1,386,2.2976,0.031
1694,0,0,681,1,405,2.4107,0.033
1695,0,0,681,1,347,2.0655,0.028
1696,0,0,681,1,392,2.3333,0.032
1697,0,0,681,1,331,1.9702,0.028
1698,0,0,681,1,369,2.1964,0.030
1699,0,0,681,1,373,2.2202,0.030
1700,0,0,681,1,392,2.3333,0.033
1701,0,0,681,1,408,2.4286,0.033
1702,0,0,681,1,387,2.3036,0.033
1703,0,0,681,1,348,2.0714,0.030
1704,0,0,681,1,366,2.1786,0.030
1705,0,0,681,1,391,2.3274,0.033
1706,0,0,681,1,385,2.2917,0.037
1707,0,0,681,1,369,2.1964,0.031
1708,0,0,681,1,371,2.2083,0.031
1709,0,0,681,1,367,2.1845,0.029
1710,0,0,681,1,349,2.0774,0.029
1711,0,0,681,1,374,2.2262,0.032
1712,0,0,681,1,348,2.0714,0.028
1713,0,0,681,1,392,2.3333,0.032
1714,0,0,681,1,375,2.2321,0.030
1715,0,0,681,1,364,2.1667,0.032
1716,0,0,681,1,356,2.1190,0.029
1717,0,0,681,1,377,2.2440,0.030
1718,0,0,681,1,375,2.2321,0.030
1719,0,0,681,1,352,2.0952,0.029
1720,0,0,681,1,379,2.2560,0.033
1721,0,0,681,1,363,2.1607,0.030
1722,0,0,681,1,344,2.0476,0.029
1723,0,0,681,1,349,2.0774,0.029
1724,0,0,681,1,388,2.3095,0.033
1725,0,0,681,1,383,2.2798,0.032
1726,0,0,681,1,347,2.0655,0.028
1727,0,0,681,1,392,2.3333,0.032
1728,0,0,681,1,386,2.2976,0.034
1729,0,0,681,1,359,2.1369,0.035
1730,0,0,681,1,385,2.2917,0.035
1731,0,0,681,1,336,2.0000,0.030
1732,0,0,681,1,392,2.3333,0.038
1733,0,0,681,1,362,2.1548,0.032
1734,0,0,681,1,409,2.4345,0.036
1735,0,0,681,1,376,2.2381,0.032
1736,0,0,681,1,363,2.1607,0.031
1737,0,0,681,1,358,2.1310,0.032
1738,0,0,681,1,382,2.2738,0.033
1739,0,0,681,1,351,2.0893,0.036
1740,0,0,681,1,351,2.0893,0.034
1741,0,0,681,1,371,2.2083,0.036
1742,0,0,681,1,393,2.3393,0.038
1743,0,0,681,1,372,2.2143,0.033
1744,0,0,681,1,384,2.2857,0.036
1745,0,0,681,1,358,2.1310,0.035
1746,0,0,681,1,396,2.3571,0.036
1747,0,0,681,1,373,2.2202,0.034
1748,0,0,681,1,354,2.1071,0.032
1749,0,0,681,1,336,2.0000,0.031
1750,0,0,681,1,359,2.1369,0.035
1751,0,0,681,1,402,2.3929,0.037
1752,0,0,681,1,358,2.1310,0.032
1753,0,0,681,1,378,2.2500,0.036
1754,0,0,681,1,376,2.2381,0.035
1755,0,0,681,1,362,2.1548,0.031
1756,1,2,683,3,381,2.2679,0.089
1757,0,0,683,1,385,2.2917,0.035
1758,0,0,683,1,390,2.3214,0.034
1759,0,0,683,1,373,2.2202,0.033
1760,0,0,683,1,353,2.1012,0.031
1761,0,0,683,1,373,2.2202,0.033
1762,0,0,683,1,333,1.9821,0.028
1763,0,0,683,1,338,2.0119,0.029
1764,0,0,683,1,381,2.2679,0.033
1765,0,0,683,1,369,2.1964,0.032
1766,0,0,683,1,388,2.3095,0.035
1767,0,0,683,1,402,2.3929,0.034
1768,0,0,683,1,395,2.3512,0.036
1769,0,0,683,1,355,2.1131,0.031
1770,0,0,683,1,352,2.0952,0.032
1771,0,0,683,1,390,2.3214,0.035
1772,0,0,683,1,350,2.0833,0.030
1773,0,0,683,1,363,2.1607,0.031
1774,0,0,683,1,388,2.3095,0.032
1775,0,0,683,1,350,2.0833,0.031
1776,0,0,683,1,394,2.3452,0.035
1777,0,0,683,1,381,2.2679,0.033
1778,0,0,683,1,371,2.2083,0.032
1779,0,0,683,1,368,2.1905,0.030
1780,0,0,683,1,339,2.0179,0.030
1781,1,2,685,3,391,2.3274,0.043
1782,0,0,685,1,374,2.2262,0.032
1783,0,0,685,1,376,2.2381,0.031
1784,0,0,685,1,346,2.0595,0.033
1785,0,0,685,1,364,2.1667,0.032
1786,0,0,685,1,337,2.0060,0.030
1787,0,0,685,1,389,2.3155,0.035
1788,0,0,685,1,365,2.1726,0.032
1789,0,0,685,1,351,2.0893,0.031
1790,0,0,685,1,373,2.2202,0.032
1791,0,0,685,1,386,2.2976,0.033
1792,0,0,685,1,361,2.1488,0.032
1793,0,0,685,1,356,2.1190,0.030
1794,0,0,685,1,339,2.0179,0.029
1795,0,0,685,1,376,2.2381,0.033
1796,0,0,685,1,366,2.1786,0.030
1797,0,0,685,1,354,2.1071,0.031
1798,0,0,685,1,349,2.0774,0.030
1799,0,0,685,1,351,2.0893,0.029
1800,0,0,685,1,386,2.2976,0.033
1801,0,0,685,1,353,2.1012,0.031
1802,0,0,685,1,372,2.2143,0.032
1803,0,0,685,1,350,2.0833,0.031
1804,0,0,685,1,346,2.0595,0.031
1805,0,0,685,1,358,2.1310,0.032
1806,0,0,685,1,373,2.2202,0.031
1807,0,0,685,1,400,2.3810,0.034
1808,0,0,685,1,357,2.1250,0.031
1809,0,0,685,1,406,2.4167,0.034
1810,0,0,685,1,351,2.0893,0.029
1811,0,0,685,1,357,2.1250,0.031
1812,0,0,685,1,349,2.0774,0.030
1813,0,0,685,1,343,2.0417,0.030
1814,0,0,685,1,400,2.3810,0.035
1815,0,0,685,1,386,2.2976,0.033
1816,0,0,685,1,335,1.9940,0.029
1817,0,0,685,1,370,2.2024,0.032
1818,0,0,685,1,341,2.0298,0.029
1819,0,0,685,1,392,2.3333,0.034
1820,0,0,685,1,373,2.2202,0.032
1821,0,0,685,1,356,2.1190,0.031
1822,0,0,685,1,385,2.2917,0.034
1823,0,0,685,1,379,2.2560,0.032
1824,0,0,685,1,369,2.1964,0.030
1825,0,0,685,1,336,2.0000,0.029
1826,0,0,685,1,362,2.1548,0.030
1827,0,0,685,1,367,2.1845,0.031
1828,0,0,685,1,368,2.1905,0.033
1829,0,0,685,1,413,2.4583,0.036
1830,0,0,685,1,359,2.1369,0.062
1831,0,0,685,1,371,2.2083,0.031
1832,0,0,685,1,330,1.9643,0.027
1833,0,0,685,1,379,2.2560,0.032
1834,0,0,685,1,378,2.2500,0.032
1835,0,0,685,1,338,2.0119,0.028
1836,0,0,685,1,411,2.4464,0.036
1837,0,0,685,1,354,2.1071,0.031
1838,0,0,685,1,386,2.2976,0.032
1839,0,0,685,1,398,2.3690,0.033
1840,0,0,685,1,360,2.1429,0.030
1841,0,0,685,1,369,2.1964,0.031
1842,0,0,685,1,384,2.2857,0.034
1843,0,0,685,1,359,2.1369,0.031
1844,0,0,685,1,354,2.1071,0.029
1845,1,1,686,2,389,2.3155,0.054
1846,0,0,686,1,365,2.1726,0.032
1847,0,0,686,1,356,2.1190,0.030
1848,0,0,686,1,365,2.1726,0.030
1849,0,0,686,1,402,2.3929,0.034
1850,0,0,686,1,381,2.2679,0.031
1851,0,0,686,1,355,2.1131,0.031
1852,0,0,686,1,374,2.2262,0.032
1853,0,0,686,1,365,2.1726,0.030
1854,0,0,686,1,377,2.2440,0.032
1855,0,0,686,1,380,2.2619,0.032
1856,0,0,686,1,366,2.1786,0.031
1857,0,0,686,1,378,2.2500,0.033
1858,0,0,686,1,388,2.3095,0.034
1859,0,0,686,1,367,2.1845,0.033
1860,0,0,686,1,342,2.0357,0.028
1861,0,0,686,1,373,2.2202,0.033
1862,0,0,686,1,382,2.2738,0.033
1863,0,0,686,1,368,2.1905,0.031
1864,0,0,686,1,372,2.2143,0.032
1865,0,0,686,1,362,2.1548,0.030
1866,0,0,686,1,398,2.3690,0.034
1867,0,0,686,1,367,2.1845,0.031
1868,0,0,686,1,382,2.2738,0.032
1869,0,0,686,1,372,2.2143,0.031
1870,0,0,686,1,352,2.0952,0.029
1871,0,0,686,1,365,2.1726,0.031
1872,0,0,686,1,373,2.2202,0.033
1873,0,0,686,1,364,2.1667,0.033
1874,0,0,686,1,390,2.3214,0.034
1875,0,0,686,1,354,2.1071,0.029
1876,0,0,686,1,354,2.1071,0.030
1877,0,0,686,1,408,2.4286,0.036
1878,0,0,686,1,319,1.8988,0.028
1879,0,0,686,1,365,2.1726,0.031
1880,1,1,687,2,371,2.2083,0.051
1881,0,0,687,1,338,2.0119,0.029
1882,0,0,687,1,353,2.1012,0.030
1883,0,0,687,1,370,2.2024,0.031
1884,0,0,687,1,388,2.3095,0.032
1885,0,0,687,1,338,2.0119,0.029
1886,0,0,687,1,353,2.1012,0.030
1887,0,0,687,1,392,2.3333,0.035
1888,0,0,687,1,371,2.2083,0.030
1889,0,0,687,1,370,2.2024,0.031
1890,0,0,687,1,371,2.2083,0.031
1891,0,0,687,1,389,2.3155,0.033
1892,0,0,687,1,373,2.2202,0.031
1893,0,0,687,1,387,2.3036,0.034
1894,0,0,687,1,380,2.2619,0.034
1895,0,0,687,1,397,2.3631,0.034
1896,0,0,687,1,367,2.1845,0.029
1897,0,0,687,1,374,2.2262,0.031
1898,0,0,687,1,382,2.2738,0.031
1899,0,0,687,1,370,2.2024,0.031
1900,0,0,687,1,347,2.0655,0.029
1901,0,0,687,1,348,2.0714,0.030
1902,0,0,687,1,346,2.0595,0.029
1903,1,1,688,2,374,2.2262,0.050
1904,0,0,688,1,338,2.0119,0.028
1905,0,0,688,1,340,2.0238,0.028
1906,0,0,688,1,394,2.3452,0.032
1907,0,0,688,1,378,2.2500,0.031
1908,0,0,688,1,374,2.2262,0.030
1909,0,0,688,1,363,2.1607,0.030
1910,0,0,688,1,360,2.1429,0.031
1911,0,0,688,1,377,2.2440,0.033
1912,0,0,688,1,348,2.0714,0.029
1913,0,0,688,1,397,2.3631,0.033
1914,0,0,688,1,342,2.0357,0.028
1915,0,0,688,1,346,2.0595,0.028
1916,0,0,688,1,350,2.0833,0.030
1917,0,0,688,1,376,2.2381,0.033
1918,0,0,688,1,372,2.2143,0.030
1919,0,0,688,1,373,2.2202,0.032
1920,0,0,688,1,380,2.2619,0.033
1921,0,0,688,1,359,2.1369,0.028
1922,0,0,688,1,365,2.1726,0.031
1923,0,0,688,1,334,1.9881,0.028
1924,0,0,688,1,398,2.3690,0.033
1925,0,0,688,1,386,2.2976,0.033
1926,0,0,688,1,402,2.3929,0.034
1927,0,0,688,1,345,2.0536,0.029
1928,0,0,688,1,376,2.2381,0.032
1929,0,0,688,1,383,2.2798,0.030
1930,0,0,688,1,346,2.0595,0.029
1931,0,0,688,1,364,2.1667,0.030
1932,0,0,688,1,392,2.3333,0.032
1933,0,0,688,1,388,2.3095,0.033
1934,0,0,688,1,366,2.1786,0.031
1935,0,0,688,1,345,2.0536,0.028
1936,0,0,688,1,371,2.2083,0.030
1937,0,0,688,1,378,2.2500,0.031
1938,0,0,688,1,366,2.1786,0.030
1939,0,0,688,1,351,2.0893,0.029
1940,0,0,688,1,379,2.2560,0.031
1941,0,0,688,1,331,1.9702,0.026
1942,0,0,688,1,357,2.1250,0.030
1943,0,0,688,1,371,2.2083,0.031
1944,0,0,688,1,355,2.1131,0.030
1945,0,0,688,1,363,2.1607,0.031
1946,0,0,688,1,384,2.2857,0.033
1947,0,0,688,1,350,2.0833,0.031
1948,0,0,688,1,355,2.1131,0.030
1949,0,0,688,1,356,2.1190,0.031
1950,0,0,688,1,349,2.0774,0.033
1951,0,0,688,1,405,2.4107,0.034
1952,0,0,688,1,354,2.1071,0.029
1953,0,0,688,1,374,2.2262,0.031
1954,0,0,688,1,350,2.0833,0.028
1955,0,0,688,1,352,2.0952,0.031
1956,0,0,688,1,354,2.1071,0.029
1957,0,0,688,1,371,2.2083,0.030
1958,0,0,688,1,354,2.1071,0.028
1959,0,0,688,1,373,2.2202,0.032
1960,1,3,691,4,350,2.0833,0.080
1961,0,0,691,1,379,2.2560,0.032
1962,0,0,691,1,382,2.2738,0.033
1963,0,0,691,1,356,2.1190,0.029
1964,0,0,691,1,363,2.1607,0.029
1965,0,0,691,1,370,2.2024,0.031
1966,0,0,691,1,370,2.2024,0.031
1967,0,0,691,1,338,2.0119,0.030
1968,0,0,691,1,380,2.2619,0.033
1969,0,0,691,1,355,2.1131,0.030
1970,0,0,691,1,344,2.0476,0.029
1971,0,0,691,1,382,2.2738,0.032
1972,0,0,691,1,370,2.2024,0.033
1973,0,0,691,1,383,2.2798,0.034
1974,0,0,691,1,364,2.1667,0.029
1975,0,0,691,1,378,2.2500,0.033
1976,0,0,691,1,362,2.1548,0.030
1977,0,0,691,1,368,2.1905,0.032
1978,0,0,691,1,381,2.2679,0.035
1979,0,0,691,1,366,2.1786,0.033
1980,0,0,691,1,403,2.3988,0.035
1981,0,0,691,1,368,2.1905,0.032
1982,0,0,691,1,346,2.0595,0.032
1983,0,0,691,1,384,2.2857,0.036
1984,0,0,691,1,376,2.2381,0.033
1985,0,0,691,1,356,2.1190,0.031
1986,0,0,691,1,369,2.1964,0.032
1987,0,0,691,1,348,2.0714,0.030
1988,0,0,691,1,366,2.1786,0.032
1989,0,0,691,1,336,2.0000,0.029
1990,0,0,691,1,417,2.4821,0.038
1991,0,0,691,1,358,2.1310,0.033
1992,0,0,691,1,362,2.1548,0.033
1993,0,0,691,1,397,2.3631,0.035
1994,0,0,691,1,398,2.3690,0.036
1995,0,0,691,1,391,2.3274,0.035
1996,0,0,691,1,384,2.2857,0.033
1997,0,0,691,1,370,2.2024,0.033
1998,0,0,691,1,386,2.2976,0.034
1999,0,0,691,1,350,2.0833,0.030
2000,0,0,691,1,342,2.0357,0.030
2001,0,0,691,1,349,2.0774,0.032
2002,0,0,691,1,354,2.1071,0.030
2003,0,0,691,1,356,2.1190,0.031
2004,0,0,691,1,357,2.1250,0.033
2005,0,0,691,1,354,2.1071,0.029
2006,0,0,691,1,369,2.1964,0.033
2007,0,0,691,1,364,2.1667,0.032
2008,0,0,691,1,358,2.1310,0.032
2009,0,0,691,1,375,2.2321,0.032
2010,0,0,691,1,353,2.1012,0.030
2011,0,0,691,1,384,2.2857,0.033
2012,0,0,691,1,367,2.1845,0.032
2013,0,0,691,1,387,2.3036,0.035
2014,0,0,691,1,348,2.0714,0.030
2015,0,0,691,1,343,2.0417,0.030
2016,0,0,691,1,362,2.1548,0.031
2017,0,0,691,1,373,2.2202,0.032
2018,0,0,691,1,356,2.1190,0.032
2019,0,0,691,1,388,2.3095,0.035
2020,0,0,691,1,370,2.2024,0.032
2021,1,1,692,2,402,2.3929,0.070
2022,0,0,692,1,378,2.2500,0.033
2023,0,0,692,1,379,2.2560,0.034
2024,0,0,692,1,369,2.1964,0.032
2025,0,0,692,1,353,2.1012,0.031
2026,0,0,692,1,396,2.3571,0.034
2027,0,0,692,1,376,2.2381,0.033
2028,0,0,692,1,355,2.1131,0.032
2029,0,0,692,1,370,2.2024,0.032
2030,0,0,692,1,379,2.2560,0.032
2031,0,0,692,1,400,2.3810,0.037
2032,0,0,692,1,373,2.2202,0.032
2033,0,0,692,1,369,2.1964,0.032
2034,0,0,692,1,368,2.1905,0.033
2035,0,0,692,1,351,2.0893,0.030
2036,0,0,692,1,356,2.1190,0.030
2037,0,0,692,1,365,2.1726,0.030
2038,0,0,692,1,380,2.2619,0.033
2039,0,0,692,1,392,2.3333,0.036
2040,0,0,692,1,363,2.1607,0.031
2041,0,0,692,1,383,2.2798,0.034
2042,0,0,692,1,376,2.2381,0.033
2043,0,0,692,1,372,2.2143,0.034
2044,0,0,692,1,387,2.3036,0.035
2045,0,0,692,1,382,2.2738,0.033
2046,0,0,692,1,373,2.2202,0.033
2047,0,0,692,1,380,2.2619,0.033
2048,0,0,692,1,372,2.2143,0.032
2049,0,0,692,1,365,2.1726,0.030
2050,0,0,692,1,379,2.2560,0.032
2051,0,0,692,1,352,2.0952,0.030
2052,0,0,692,1,387,2.3036,0.034
2053,0,0,692,1,363,2.1607,0.031
2054,0,0,692,1,375,2.2321,0.033
2055,0,0,692,1,379,2.2560,0.033
2056,0,0,692,1,320,1.9048,0.029
2057,0,0,692,1,388,2.3095,0.033
2058,0,0,692,1,330,1.9643,0.028
2059,0,0,692,1,397,2.3631,0.033
2060,0,0,692,1,357,2.1250,0.031
2061,0,0,692,1,371,2.2083,0.032
2062,0,0,692,1,366,2.1786,0.032
2063,0,0,692,1,370,2.2024,0.032
2064,0,0,692,1,375,2.2321,0.032
2065,0,0,692,1,356,2.1190,0.030
2066,0,0,692,1,336,2.0000,0.028
2067,0,0,692,1,354,2.1071,0.029
2068,0,0,692,1,354,2.1071,0.029
2069,0,0,692,1,368,2.1905,0.033
2070,0,0,692,1,367,2.1845,0.030
2071,0,0,692,1,394,2.3452,0.034
2072,1,4,696,5,371,2.2083,0.066
2073,0,0,696,1,361,2.1488,0.030
2074,0,0,696,1,387,2.3036,0.033
2075,0,0,696,1,375,2.2321,0.031
2076,0,0,696,1,336,2.0000,0.029
2077,0,0,696,1,364,2.1667,0.031
2078,0,0,696,1,354,2.1071,0.031
2079,0,0,696,1,355,2.1131,0.031
2080,0,0,696,1,401,2.3869,0.034
2081,0,0,696,1,383,2.2798,0.033
2082,0,0,696,1,381,2.2679,0.032
2083,0,0,696,1,361,2.1488,0.032
2084,0,0,696,1,383,2.2798,0.034
2085,0,0,696,1,370,2.2024,0.033
2086,0,0,696,1,372,2.2143,0.031
2087,0,0,696,1,419,2.4940,0.037
2088,0,0,696,1,381,2.2679,0.032
2089,0,0,696,1,368,2.1905,0.029
2090,0,0,696,1,377,2.2440,0.033
2091,0,0,696,1,351,2.0893,0.030
2092,0,0,696,1,339,2.0179,0.029
2093,0,0,696,1,356,2.1190,0.031
2094,0,0,696,1,373,2.2202,0.032
2095,0,0,696,1,370,2.2024,0.030
2096,0,0,696,1,355,2.1131,0.029
2097,0,0,696,1,390,2.3214,0.032
2098,0,0,696,1,366,2.1786,0.030
2099,0,0,696,1,368,2.1905,0.032
2100,0,0,696,1,363,2.1607,0.030
2101,0,0,696,1,393,2.3393,0.033
2102,0,0,696,1,356,2.1190,0.033
2103,0,0,696,1,344,2.0476,0.029
2104,0,0,696,1,356,2.1190,0.031
2105,0,0,696,1,383,2.2798,0.032
2106,0,0,696,1,402,2.3929,0.034
2107,0,0,696,1,381,2.2679,0.034
2108,0,0,696,1,370,2.2024,0.031
2109,1,12,708,13,393,2.3393,0.367
2110,0,0,708,1,341,2.0298,0.029
2111,0,0,708,1,361,2.1488,0.032
2112,0,0,708,1,386,2.2976,0.035
2113,0,0,708,1,385,2.2917,0.033
2114,0,0,708,1,394,2.3452,0.034
2115,0,0,708,1,370,2.2024,0.032
2116,0,0,708,1,358,2.1310,0.029
2117,0,0,708,1,356,2.1190,0.031
2118,0,0,708,1,355,2.1131,0.030
2119,0,0,708,1,372,2.2143,0.031
2120,0,0,708,1,343,2.0417,0.028
2121,0,0,708,1,382,2.2738,0.033
2122,0,0,708,1,404,2.4048,0.035
2123,0,0,708,1,342,2.0357,0.028
2124,0,0,708,1,341,2.0298,0.028
2125,0,0,708,1,383,2.2798,0.032
2126,0,0,708,1,358,2.1310,0.031
2127,0,0,708,1,383,2.2798,0.033
2128,0,0,708,1,382,2.2738,0.032
2129,0,0,708,1,368,2.1905,0.031
2130,0,0,708,1,359,2.1369,0.031
2131,0,0,708,1,358,2.1310,0.032
2132,0,0,708,1,409,2.4345,0.037
2133,0,0,708,1,378,2.2500,0.033
2134,0,0,708,1,374,2.2262,0.033
2135,0,0,708,1,390,2.3214,0.033
2136,0,0,708,1,361,2.1488,0.031
2137,0,0,708,1,382,2.2738,0.033
2138,0,0,708,1,384,2.2857,0.032
2139,0,0,708,1,360,2.1429,0.031
2140,0,0,708,1,354,2.1071,0.030
2141,0,0,708,1,374,2.2262,0.031
2142,0,0,708,1,389,2.3155,0.033
2143,0,0,708,1,392,2.3333,0.034
2144,0,0,708,1,355,2.1131,0.031
2145,0,0,708,1,348,2.0714,0.045
2146,0,0,708,1,376,2.2381,0.032
2147,0,0,708,1,378,2.2500,0.032
2148,0,0,708,1,371,2.2083,0.030
2149,0,0,708,1,394,2.3452,0.033
2150,0,0,708,1,388,2.3095,0.033
2151,0,0,708,1,404,2.4048,0.035
2152,0,0,708,1,387,2.3036,0.031
2153,0,0,708,1,364,2.1667,0.030
2154,0,0,708,1,390,2.3214,0.032
2155,0,0,708,1,358,2.1310,0.031
2156,0,0,708,1,389,2.3155,0.033
2157,0,0,708,1,374,2.2262,0.031
2158,0,0,708,1,384,2.2857,0.031
2159,0,0,708,1,329,1.9583,0.029
2160,0,0,708,1,380,2.2619,0.032
2161,0,0,708,1,370,2.2024,0.031
2162,0,0,708,1,349,2.0774,0.029
2163,0,0,708,1,386,2.2976,0.033
2164,0,0,708,1,366,2.1786,0.030
2165,0,0,708,1,369,2.1964,0.029
2166,0,0,708,1,378,2.2500,0.030
2167,0,0,708,1,415,2.4702,0.035
2168,0,0,708,1,324,1.9286,0.027
2169,0,0,708,1,352,2.0952,0.029
2170,0,0,708,1,360,2.1429,0.030
2171,0,0,708,1,330,1.9643,0.028
2172,0,0,708,1,376,2.2381,0.031
2173,0,0,708,1,386,2.2976,0.031
2174,0,0,708,1,356,2.1190,0.030
2175,0,0,708,1,333,1.9821,0.027
2176,0,0,708,1,363,2.1607,0.031
2177,0,0,708,1,356,2.1190,0.030
2178,0,0,708,1,371,2.2083,0.030
2179,0,0,708,1,340,2.0238,0.029
2180,0,0,708,1,390,2.3214,0.033
2181,0,0,708,1,391,2.3274,0.036
2182,0,0,708,1,353,2.1012,0.030
2183,0,0,708,1,354,2.1071,0.030
2184,0,0,708,1,367,2.1845,0.031
2185,0,0,708,1,395,2.3512,0.036
2186,0,0,708,1,352,2.0952,0.032
2187,0,0,708,1,358,2.1310,0.032
2188,0,0,708,1,386,2.2976,0.034
2189,0,0,708,1,391,2.3274,0.035
2190,0,0,708,1,364,2.1667,0.034
2191,0,0,708,1,404,2.4048,0.037
2192,0,0,708,1,395,2.3512,0.038
2193,0,0,708,1,370,2.2024,0.037
2194,0,0,708,1,353,2.1012,0.031
2195,0,0,708,1,394,2.3452,0.038
2196,0,0,708,1,364,2.1667,0.033
2197,0,0,708,1,420,2.5000,0.039
2198,0,0,708,1,430,2.5595,0.042
2199,0,0,708,1,394,2.3452,0.037
2200,0,0,708,1,389,2.3155,0.037
2201,0,0,708,1,359,2.1369,0.033
2202,1,1,709,2,382,2.2738,0.066
2203,0,0,709,1,356,2.1190,0.033
2204,0,0,709,1,374,2.2262,0.035
2205,0,0,709,1,367,2.1845,0.035
2206,0,0,709,1,394,2.3452,0.036
2207,0,0,709,1,346,2.0595,0.032
2208,0,0,709,1,377,2.2440,0.034
2209,0,0,709,1,359,2.1369,0.034
2210,0,0,709,1,364,2.1667,0.033
2211,0,0,709,1,374,2.2262,0.034
2212,0,0,709,1,386,2.2976,0.036
2213,0,0,709,1,377,2.2440,0.036
2214,0,0,709,1,367,2.1845,0.035
2215,0,0,709,1,359,2.1369,0.032
2216,0,0,709,1,394,2.3452,0.037
2217,0,0,709,1,380,2.2619,0.035
2218,0,0,709,1,351,2.0893,0.032
2219,0,0,709,1,340,2.0238,0.032
2220,0,0,709,1,360,2.1429,0.035
2221,0,0,709,1,407,2.4226,0.041
2222,0,0,709,1,377,2.2440,0.033
2223,0,0,709,1,403,2.3988,0.038
2224,0,0,709,1,355,2.1131,0.033
2225,0,0,709,1,375,2.2321,0.035
2226,0,0,709,1,383,2.2798,0.035
2227,0,0,709,1,343,2.0417,0.033
2228,0,0,709,1,372,2.2143,0.034
2229,0,0,709,1,367,2.1845,0.037
2230,0,0,709,1,401,2.3869,0.038
2231,0,0,709,1,375,2.2321,0.036
2232,0,0,709,1,367,2.1845,0.034
2233,0,0,709,1,373,2.2202,0.035
2234,0,0,709,1,359,2.1369,0.033
2235,0,0,709,1,382,2.2738,0.036
2236,0,0,709,1,383,2.2798,0.033
2237,0,0,709,1,366,2.1786,0.034
2238,0,0,709,1,391,2.3274,0.037
2239,0,0,709,1,395,2.3512,0.037
2240,0,0,709,1,386,2.2976,0.035
2241,0,0,709,1,382,2.2738,0.037
2242,0,0,709,1,359,2.1369,0.032
2243,0,0,709,1,378,2.2500,0.036
2244,0,0,709,1,391,2.3274,0.034
2245,0,0,709,1,387,2.3036,0.034
2246,0,0,709,1,366,2.1786,0.031
2247,0,0,709,1,361,2.1488,0.032
2248,0,0,709,1,373,2.2202,0.032
2249,0,0,709,1,339,2.0179,0.029
2250,1,2,711,3,365,2.1726,0.054
2251,0,0,711,1,381,2.2679,0.034
2252,0,0,711,1,347,2.0655,0.032
2253,0,0,711,1,382,2.2738,0.033
2254,0,0,711,1,396,2.3571,0.034
2255,0,0,711,1,379,2.2560,0.033
2256,0,0,711,1,381,2.2679,0.034
2257,0,0,711,1,370,2.2024,0.032
2258,0,0,711,1,382,2.2738,0.034
2259,0,0,711,1,373,2.2202,0.035
2260,0,0,711,1,340,2.0238,0.031
2261,0,0,711,1,361,2.1488,0.030
2262,0,0,711,1,355,2.1131,0.031
2263,0,0,711,1,388,2.3095,0.034
2264,0,0,711,1,368,2.1905,0.031
2265,0,0,711,1,369,2.1964,0.032
2266,0,0,711,1,355,2.1131,0.030
2267,0,0,711,1,391,2.3274,0.035
2268,0,0,711,1,375,2.2321,0.033
2269,0,0,711,1,375,2.2321,0.032
2270,0,0,711,1,374,2.2262,0.031
2271,0,0,711,1,345,2.0536,0.029
2272,0,0,711,1,378,2.2500,0.032
2273,0,0,711,1,382,2.2738,0.033
2274,1,4,715,5,357,2.1250,0.139
2275,0,0,715,1,348,2.0714,0.030
2276,0,0,715,1,341,2.0298,0.028
2277,0,0,715,1,347,2.0655,0.030
2278,0,0,715,1,352,2.0952,0.029
2279,0,0,715,1,345,2.0536,0.029
2280,0,0,715,1,369,2.1964,0.032
2281,0,0,715,1,359,2.1369,0.030
2282,0,0,715,1,338,2.0119,0.028
2283,0,0,715,1,357,2.1250,0.031
2284,0,0,715,1,400,2.3810,0.036
2285,0,0,715,1,383,2.2798,0.032
2286,0,0,715,1,367,2.1845,0.031
2287,0,0,715,1,358,2.1310,0.031
2288,0,0,715,1,387,2.3036,0.033
2289,0,0,715,1,335,1.9940,0.029
2290,0,0,715,1,359,2.1369,0.030
2291,0,0,715,1,395,2.3512,0.034
2292,0,0,715,1,391,2.3274,0.032
2293,0,0,715,1,395,2.3512,0.033
2294,0,0,715,1,382,2.2738,0.033
2295,0,0,715,1,362,2.1548,0.031
2296,0,0,715,1,387,2.3036,0.033
2297,0,0,715,1,385,2.2917,0.032
2298,0,0,715,1,368,2.1905,0.029
2299,0,0,715,1,370,2.2024,0.033
2300,0,0,715,1,393,2.3393,0.033
2301,1,2,717,3,400,2.3810,0.075
2302,1,1,718,2,360,2.1429,0.052
2303,0,0,718,1,371,2.2083,0.056
2304,0,0,718,1,349,2.0774,0.031
2305,0,0,718,1,381,2.2679,0.032
2306,0,0,718,1,340,2.0238,0.029
2307,0,0,718,1,369,2.1964,0.031
2308,0,0,718,1,366,2.1786,0.031
2309,0,0,718,1,336,2.0000,0.028
2310,0,0,718,1,369,2.1964,0.031
2311,0,0,718,1,415,2.4702,0.035
2312,0,0,718,1,380,2.2619,0.033
2313,0,0,718,1,356,2.1190,0.031
2314,0,0,718,1,348,2.0714,0.030
2315,0,0,718,1,382,2.2738,0.032
2316,0,0,718,1,346,2.0595,0.030
2317,0,0,718,1,416,2.4762,0.037
2318,0,0,718,1,360,2.1429,0.033
2319,0,0,718,1,365,2.1726,0.030
2320,0,0,718,1,397,2.3631,0.034
2321,0,0,718,1,380,2.2619,0.031
2322,0,0,718,1,357,2.1250,0.029
2323,0,0,718,1,381,2.2679,0.033
2324,0,0,718,1,392,2.3333,0.033
2325,0,0,718,1,361,2.1488,0.031
2326,0,0,718,1,366,2.1786,0.031
2327,0,0,718,1,322,1.9167,0.027
2328,0,0,718,1,325,1.9345,0.027
2329,0,0,718,1,399,2.3750,0.034
2330,0,0,718,1,365,2.1726,0.030
2331,0,0,718,1,338,2.0119,0.028
2332,0,0,718,1,371,2.2083,0.032
2333,0,0,718,1,362,2.1548,0.030
2334,0,0,718,1,396,2.3571,0.035
2335,0,0,718,1,378,2.2500,0.033
2336,0,0,718,1,348,2.0714,0.028
2337,0,0,718,1,370,2.2024,0.031
2338,0,0,718,1,389,2.3155,0.032
2339,0,0,718,1,331,1.9702,0.027
2340,0,0,718,1,367,2.1845,0.030
2341,0,0,718,1,406,2.4167,0.033
2342,0,0,718,1,366,2.1786,0.030
2343,0,0,718,1,344,2.0476,0.030
2344,0,0,718,1,361,2.1488,0.031
2345,0,0,718,1,388,2.3095,0.032
2346,0,0,718,1,359,2.1369,0.030
2347,0,0,718,1,374,2.2262,0.032
2348,0,0,718,1,336,2.0000,0.029
2349,0,0,718,1,394,2.3452,0.033
2350,0,0,718,1,411,2.4464,0.035
2351,0,0,718,1,373,2.2202,0.032
2352,0,0,718,1,364,2.1667,0.032
2353,0,0,718,1,385,2.2917,0.035
2354,0,0,718,1,367,2.1845,0.031
2355,0,0,718,1,338,2.0119,0.028
2356,0,0,718,1,372,2.2143,0.033
2357,0,0,718,1,353,2.1012,0.032
2358,0,0,718,1,340,2.0238,0.029
2359,1,1,719,2,381,2.2679,0.059
2360,0,0,719,1,376,2.2381,0.032
2361,0,0,719,1,319,1.8988,0.028
2362,0,0,719,1,332,1.9762,0.029
2363,0,0,719,1,369,2.1964,0.032
2364,0,0,719,1,351,2.0893,0.030
2365,0,0,719,1,350,2.0833,0.030
2366,0,0,719,1,359,2.1369,0.031
2367,0,0,719,1,414,2.4643,0.036
2368,0,0,719,1,387,2.3036,0.033
2369,0,0,719,1,374,2.2262,0.033
2370,0,0,719,1,417,2.4821,0.036
2371,0,0,719,1,372,2.2143,0.032
2372,0,0,719,1,384,2.2857,0.033
2373,0,0,719,1,382,2.2738,0.033
2374,0,0,719,1,356,2.1190,0.030
2375,0,0,719,1,357,2.1250,0.032
2376,0,0,719,1,382,2.2738,0.032
2377,0,0,719,1,371,2.2083,0.034
2378,0,0,719,1,366,2.1786,0.033
2379,0,0,719,1,362,2.1548,0.030
2380,0,0,719,1,376,2.2381,0.032
2381,0,0,719,1,379,2.2560,0.031
2382,0,0,719,1,348,2.0714,0.030
2383,0,0,719,1,386,2.2976,0.032
2384,0,0,719,1,381,2.2679,0.032
2385,1,16,735,17,364,2.1667,0.228
2386,0,0,735,1,348,2.0714,0.029
2387,0,0,735,1,372,2.2143,0.032
2388,0,0,735,1,364,2.1667,0.031
2389,0,0,735,1,352,2.0952,0.032
2390,0,0,735,1,397,2.3631,0.035
2391,0,0,735,1,398,2.3690,0.034
2392,0,0,735,1,360,2.1429,0.033
2393,0,0,735,1,331,1.9702,0.027
2394,0,0,735,1,346,2.0595,0.028
2395,0,0,735,1,364,2.1667,0.031
2396,0,0,735,1,340,2.0238,0.029
2397,0,0,735,1,389,2.3155,0.032
2398,0,0,735,1,391,2.3274,0.033
2399,0,0,735,1,394,2.3452,0.034
2400,0,0,735,1,358,2.1310,0.031
2401,0,0,735,1,361,2.1488,0.032
2402,0,0,735,1,350,2.0833,0.029
2403,0,0,735,1,368,2.1905,0.030
2404,0,0,735,1,373,2.2202,0.031
2405,0,0,735,1,349,2.0774,0.029
2406,0,0,735,1,374,2.2262,0.032
2407,0,0,735,1,344,2.0476,0.027
2408,0,0,735,1,399,2.3750,0.033
2409,0,0,735,1,344,2.0476,0.030
2410,0,0,735,1,403,2.3988,0.034
2411,0,0,735,1,328,1.9524,0.027
2412,0,0,735,1,403,2.3988,0.036
2413,0,0,735,1,374,2.2262,0.031
2414,0,0,735,1,359,2.1369,0.031
2415,0,0,735,1,344,2.0476,0.031
2416,0,0,735,1,351,2.0893,0.032
2417,0,0,735,1,407,2.4226,0.036
2418,0,0,735,1,385,2.2917,0.033
2419,0,0,735,1,360,2.1429,0.031
2420,0,0,735,1,363,2.1607,0.031
2421,1,2,737,3,427,2.5417,0.070
2422,0,0,737,1,363,2.1607,0.032
2423,0,0,737,1,374,2.2262,0.033
2424,0,0,737,1,369,2.1964,0.033
2425,0,0,737,1,405,2.4107,0.035
2426,0,0,737,1,397,2.3631,0.034
2427,0,0,737,1,355,2.1131,0.029
2428,0,0,737,1,349,2.0774,0.030
2429,0,0,737,1,378,2.2500,0.034
2430,0,0,737,1,361,2.1488,0.031
2431,0,0,737,1,364,2.1667,0.031
2432,0,0,737,1,337,2.0060,0.029
2433,0,0,737,1,357,2.1250,0.031
2434,0,0,737,1,359,2.1369,0.030
2435,0,0,737,1,368,2.1905,0.031
2436,0,0,737,1,349,2.0774,0.030
2437,0,0,737,1,404,2.4048,0.032
2438,0,0,737,1,391,2.3274,0.034
2439,0,0,737,1,386,2.2976,0.034
2440,0,0,737,1,381,2.2679,0.033
2441,0,0,737,1,322,1.9167,0.028
2442,0,0,737,1,381,2.2679,0.031
2443,0,0,737,1,358,2.1310,0.030
2444,0,0,737,1,345,2.0536,0.029
2445,0,0,737,1,351,2.0893,0.031
2446,0,0,737,1,386,2.2976,0.032
2447,0,0,737,1,363,2.1607,0.033
2448,0,0,737,1,369,2.1964,0.031
2449,0,0,737,1,339,2.0179,0.029
2450,0,0,737,1,338,2.0119,0.029
2451,0,0,737,1,370,2.2024,0.030
2452,0,0,737,1,387,2.3036,0.035
2453,0,0,737,1,344,2.0476,0.030
2454,0,0,737,1,374,2.2262,0.033
2455,0,0,737,1,359,2.1369,0.032
2456,0,0,737,1,352,2.0952,0.032
2457,0,0,737,1,374,2.2262,0.032
2458,0,0,737,1,343,2.0417,0.029
2459,0,0,737,1,355,2.1131,0.031
2460,0,0,737,1,368,2.1905,0.032
2461,0,0,737,1,348,2.0714,0.030
2462,0,0,737,1,371,2.2083,0.034
2463,0,0,737,1,367,2.1845,0.031
2464,0,0,737,1,351,2.0893,0.030
2465,0,0,737,1,393,2.3393,0.034
2466,0,0,737,1,373,2.2202,0.031
2467,0,0,737,1,396,2.3571,0.033
2468,0,0,737,1,368,2.1905,0.031
2469,0,0,737,1,348,2.0714,0.030
2470,0,0,737,1,372,2.2143,0.032
2471,0,0,737,1,386,2.2976,0.034
2472,0,0,737,1,375,2.2321,0.032
2473,0,0,737,1,401,2.3869,0.034
2474,0,0,737,1,339,2.0179,0.029
2475,0,0,737,1,354,2.1071,0.030
2476,0,0,737,1,381,2.2679,0.032
2477,0,0,737,1,357,2.1250,0.031
2478,0,0,737,1,347,2.0655,0.031
2479,0,0,737,1,361,2.1488,0.032
2480,0,0,737,1,378,2.2500,0.033
2481,0,0,737,1,389,2.3155,0.033
2482,0,0,737,1,357,2.1250,0.031
2483,0,0,737,1,352,2.0952,0.031
2484,0,0,737,1,382,2.2738,0.034
2485,0,0,737,1,349,2.0774,0.031
2486,0,0,737,1,342,2.0357,0.029
2487,0,0,737,1,349,2.0774,0.033
2488,0,0,737,1,387,2.3036,0.035
2489,0,0,737,1,395,2.3512,0.038
2490,0,0,737,1,375,2.2321,0.033
2491,0,0,737,1,388,2.3095,0.036
2492,0,0,737,1,362,2.1548,0.034
2493,0,0,737,1,382,2.2738,0.036
2494,0,0,737,1,394,2.3452,0.036
2495,0,0,737,1,382,2.2738,0.036
2496,0,0,737,1,365,2.1726,0.033
2497,0,0,737,1,358,2.1310,0.032
2498,0,0,737,1,353,2.1012,0.032
2499,0,0,737,1,362,2.1548,0.032
2500,0,0,737,1,376,2.2381,0.034
2501,0,0,737,1,372,2.2143,0.034
2502,0,0,737,1,370,2.2024,0.034
2503,0,0,737,1,351,2.0893,0.032
2504,0,0,737,1,345,2.0536,0.032
2505,0,0,737,1,352,2.0952,0.033
2506,0,0,737,1,380,2.2619,0.035
2507,0,0,737,1,382,2.2738,0.037
2508,0,0,737,1,429,2.5536,0.039
2509,0,0,737,1,382,2.2738,0.036
2510,0,0,737,1,392,2.3333,0.036
2511,0,0,737,1,381,2.2679,0.035
2512,0,0,737,1,377,2.2440,0.033
2513,0,0,737,1,391,2.3274,0.035
2514,0,0,737,1,361,2.1488,0.033
2515,0,0,737,1,374,2.2262,0.035
2516,0,0,737,1,369,2.1964,0.034
2517,0,0,737,1,368,2.1905,0.033
2518,1,2,739,3,404,2.4048,0.052
2519,0,0,739,1,370,2.2024,0.032
2520,0,0,739,1,339,2.0179,0.030
2521,0,0,739,1,345,2.0536,0.029
2522,0,0,739,1,352,2.0952,0.033
2523,0,0,739,1,380,2.2619,0.035
2524,0,0,739,1,353,2.1012,0.031
2525,0,0,739,1,357,2.1250,0.031
2526,0,0,739,1,411,2.4464,0.036
2527,0,0,739,1,380,2.2619,0.034
2528,0,0,739,1,330,1.9643,0.032
2529,0,0,739,1,383,2.2798,0.036
2530,0,0,739,1,371,2.2083,0.034
2531,0,0,739,1,356,2.1190,0.033
2532,0,0,739,1,347,2.0655,0.030
2533,0,0,739,1,378,2.2500,0.035
2534,0,0,739,1,391,2.3274,0.033
2535,0,0,739,1,381,2.2679,0.152
2536,0,0,739,1,358,2.1310,0.032
2537,0,0,739,1,410,2.4405,0.037
2538,0,0,739,1,371,2.2083,0.032
2539,0,0,739,1,362,2.1548,0.032
2540,0,0,739,1,384,2.2857,0.034
2541,0,0,739,1,327,1.9464,0.030
2542,0,0,739,1,358,2.1310,0.033
2543,0,0,739,1,347,2.0655,0.030
2544,0,0,739,1,395,2.3512,0.034
2545,0,0,739,1,363,2.1607,0.031
2546,0,0,739,1,356,2.1190,0.032
2547,0,0,739,1,345,2.0536,0.030
2548,0,0,739,1,352,2.0952,0.030
2549,0,0,739,1,350,2.0833,0.030
2550,0,0,739,1,372,2.2143,0.032
2551,0,0,739,1,330,1.9643,0.030
2552,0,0,739,1,350,2.0833,0.030
2553,0,0,739,1,377,2.2440,0.032
2554,0,0,739,1,361,2.1488,0.031
2555,0,0,739,1,375,2.2321,0.034
2556,0,0,739,1,362,2.1548,0.032
2557,0,0,739,1,379,2.2560,0.034
2558,0,0,739,1,379,2.2560,0.032
2559,0,0,739,1,363,2.1607,0.032
2560,0,0,739,1,382,2.2738,0.034
2561,0,0,739,1,364,2.1667,0.031
2562,0,0,739,1,368,2.1905,0.032
2563,0,0,739,1,355,2.1131,0.032
2564,0,0,739,1,337,2.0060,0.030
2565,0,0,739,1,347,2.0655,0.031
2566,0,0,739,1,387,2.3036,0.034
2567,0,0,739,1,372,2.2143,0.035
2568,0,0,739,1,370,2.2024,0.032
2569,0,0,739,1,358,2.1310,0.031
2570,0,0,739,1,388,2.3095,0.034
2571,0,0,739,1,364,2.1667,0.031
2572,0,0,739,1,350,2.0833,0.030
2573,0,0,739,1,377,2.2440,0.033
2574,0,0,739,1,347,2.0655,0.031
2575,0,0,739,1,353,2.1012,0.030
2576,0,0,739,1,349,2.0774,0.030
2577,0,0,739,1,360,2.1429,0.030
2578,0,0,739,1,364,2.1667,0.033
2579,0,0,739,1,359,2.1369,0.032
2580,0,0,739,1,378,2.2500,0.033
2581,0,0,739,1,400,2.3810,0.035
2582,0,0,739,1,395,2.3512,0.032
2583,0,0,739,1,371,2.2083,0.032
2584,0,0,739,1,364,2.1667,0.031
2585,0,0,739,1,385,2.2917,0.034
2586,0,0,739,1,378,2.2500,0.032
2587,0,0,739,1,375,2.2321,0.032
2588,0,0,739,1,368,2.1905,0.032
2589,0,0,739,1,387,2.3036,0.034
2590,0,0,739,1,366,2.1786,0.032
2591,0,0,739,1,366,2.1786,0.030
2592,0,0,739,1,374,2.2262,0.033
2593,0,0,739,1,416,2.4762,0.036
2594,0,0,739,1,409,2.4345,0.033
2595,0,0,739,1,370,2.2024,0.031
2596,0,0,739,1,354,2.1071,0.032
2597,0,0,739,1,367,2.1845,0.031
2598,0,0,739,1,330,1.9643,0.031
2599,0,0,739,1,388,2.3095,0.032
2600,0,0,739,1,355,2.1131,0.029
2601,0,0,739,1,411,2.4464,0.038
2602,0,0,739,1,341,2.0298,0.029
2603,0,0,739,1,364,2.1667,0.031
2604,0,0,739,1,392,2.3333,0.034
2605,0,0,739,1,371,2.2083,0.031
2606,0,0,739,1,382,2.2738,0.032
2607,0,0,739,1,360,2.1429,0.032
2608,0,0,739,1,383,2.2798,0.034
2609,0,0,739,1,353,2.1012,0.031
2610,0,0,739,1,353,2.1012,0.029
2611,0,0,739,1,369,2.1964,0.032
2612,0,0,739,1,349,2.0774,0.030
2613,0,0,739,1,375,2.2321,0.032
2614,1,2,741,3,349,2.0774,0.062
2615,0,0,741,1,377,2.2440,0.033
2616,0,0,741,1,383,2.2798,0.032
2617,0,0,741,1,374,2.2262,0.033
2618,0,0,741,1,369,2.1964,0.031
2619,0,0,741,1,370,2.2024,0.031
2620,0,0,741,1,321,1.9107,0.027
2621,0,0,741,1,367,2.1845,0.030
2622,0,0,741,1,341,2.0298,0.028
2623,0,0,741,1,414,2.4643,0.034
2624,0,0,741,1,357,2.1250,0.030
2625,0,0,741,1,379,2.2560,0.031
2626,0,0,741,1,386,2.2976,0.032
2627,0,0,741,1,348,2.0714,0.028
2628,0,0,741,1,348,2.0714,0.030
2629,1,6,747,7,390,2.3214,0.117
2630,0,0,747,1,372,2.2143,0.031
2631,0,0,747,1,364,2.1667,0.034
2632,0,0,747,1,347,2.0655,0.030
2633,0,0,747,1,358,2.1310,0.030
2634,0,0,747,1,355,2.1131,0.031
2635,0,0,747,1,354,2.1071,0.030
2636,0,0,747,1,334,1.9881,0.028
2637,0,0,747,1,391,2.3274,0.033
2638,0,0,747,1,382,2.2738,0.034
2639,0,0,747,1,368,2.1905,0.032
2640,0,0,747,1,360,2.1429,0.031
2641,0,0,747,1,346,2.0595,0.030
2642,0,0,747,1,362,2.1548,0.033
2643,0,0,747,1,404,2.4048,0.036
2644,0,0,747,1,387,2.3036,0.033
2645,0,0,747,1,374,2.2262,0.032
2646,0,0,747,1,381,2.2679,0.035
2647,0,0,747,1,364,2.1667,0.031
2648,0,0,747,1,351,2.0893,0.030
2649,0,0,747,1,382,2.2738,0.033
2650,0,0,747,1,382,2.2738,0.034
2651,0,0,747,1,379,2.2560,0.032
2652,1,2,749,3,356,2.1190,0.044
2653,0,0,749,1,362,2.1548,0.031
2654,0,0,749,1,372,2.2143,0.032
2655,0,0,749,1,336,2.0000,0.029
2656,0,0,749,1,376,2.2381,0.033
2657,0,0,749,1,376,2.2381,0.032
2658,0,0,749,1,379,2.2560,0.034
2659,0,0,749,1,380,2.2619,0.033
2660,0,0,749,1,354,2.1071,0.030
2661,0,0,749,1,384,2.2857,0.034
2662,0,0,749,1,407,2.4226,0.035
2663,0,0,749,1,369,2.1964,0.032
2664,0,0,749,1,377,2.2440,0.034
2665,0,0,749,1,383,2.2798,0.034
2666,0,0,749,1,350,2.0833,0.030
2667,0,0,749,1,349,2.0774,0.033
2668,0,0,749,1,373,2.2202,0.033
2669,0,0,749,1,370,2.2024,0.032
2670,0,0,749,1,352,2.0952,0.030
2671,0,0,749,1,378,2.2500,0.031
2672,0,0,749,1,376,2.2381,0.032
2673,0,0,749,1,349,2.0774,0.029
2674,0,0,749,1,384,2.2857,0.032
2675,0,0,749,1,351,2.0893,0.029
2676,0,0,749,1,394,2.3452,0.033
2677,0,0,749,1,332,1.9762,0.028
2678,0,0,749,1,340,2.0238,0.027
2679,0,0,749,1,387,2.3036,0.033
2680,0,0,749,1,390,2.3214,0.033
2681,0,0,749,1,340,2.0238,0.028
2682,0,0,749,1,396,2.3571,0.034
2683,0,0,749,1,374,2.2262,0.032
2684,0,0,749,1,375,2.2321,0.032
2685,0,0,749,1,368,2.1905,0.032
2686,0,0,749,1,336,2.0000,0.029
2687,0,0,749,1,382,2.2738,0.033
2688,0,0,749,1,392,2.3333,0.035
2689,0,0,749,1,404,2.4048,0.034
2690,0,0,749,1,384,2.2857,0.033
2691,0,0,749,1,407,2.4226,0.034
2692,0,0,749,1,381,2.2679,0.032
2693,0,0,749,1,368,2.1905,0.032
2694,0,0,749,1,366,2.1786,0.032
2695,0,0,749,1,349,2.0774,0.030
2696,0,0,749,1,349,2.0774,0.030
2697,0,0,749,1,405,2.4107,0.036
2698,0,0,749,1,348,2.0714,0.030
2699,0,0,749,1,375,2.2321,0.032
2700,0,0,749,1,389,2.3155,0.033
2701,0,0,749,1,354,2.1071,0.030
2702,0,0,749,1,386,2.2976,0.031
2703,0,0,749,1,352,2.0952,0.029
2704,0,0,749,1,387,2.3036,0.033
2705,1,1,750,2,378,2.2500,0.037
2706,0,0,750,1,382,2.2738,0.032
2707,0,0,750,1,373,2.2202,0.032
2708,0,0,750,1,359,2.1369,0.031
2709,1,3,753,4,391,2.3274,0.095
2710,0,0,753,1,345,2.0536,0.029
2711,0,0,753,1,370,2.2024,0.032
2712,0,0,753,1,360,2.1429,0.030
2713,0,0,753,1,348,2.0714,0.029
2714,0,0,753,1,366,2.1786,0.032
2715,0,0,753,1,370,2.2024,0.030
2716,0,0,753,1,396,2.3571,0.034
2717,0,0,753,1,399,2.3750,0.035
2718,0,0,753,1,359,2.1369,0.030
2719,0,0,753,1,394,2.3452,0.032
2720,0,0,753,1,365,2.1726,0.029
2721,0,0,753,1,375,2.2321,0.032
2722,0,0,753,1,395,2.3512,0.032
2723,0,0,753,1,391,2.3274,0.033
2724,0,0,753,1,354,2.1071,0.031
2725,0,0,753,1,340,2.0238,0.033
2726,0,0,753,1,405,2.4107,0.035
2727,0,0,753,1,377,2.2440,0.030
2728,0,0,753,1,358,2.1310,0.029
2729,0,0,753,1,385,2.2917,0.033
2730,0,0,753,1,390,2.3214,0.033
2731,0,0,753,1,371,2.2083,0.031
2732,0,0,753,1,393,2.3393,0.032
2733,0,0,753,1,362,2.1548,0.031
2734,0,0,753,1,372,2.2143,0.033
2735,0,0,753,1,367,2.1845,0.031
2736,0,0,753,1,370,2.2024,0.032
2737,0,0,753,1,360,2.1429,0.030
2738,0,0,753,1,347,2.0655,0.032
2739,0,0,753,1,340,2.0238,0.029
2740,0,0,753,1,353,2.1012,0.030
2741,0,0,753,1,374,2.2262,0.033
2742,0,0,753,1,387,2.3036,0.036
2743,0,0,753,1,359,2.1369,0.032
2744,0,0,753,1,402,2.3929,0.035
2745,0,0,753,1,365,2.1726,0.034
2746,0,0,753,1,348,2.0714,0.030
2747,0,0,753,1,402,2.3929,0.036
2748,0,0,753,1,337,2.0060,0.029
2749,0,0,753,1,333,1.9821,0.028
2750,0,0,753,1,385,2.2917,0.035
2751,0,0,753,1,377,2.2440,0.033
2752,0,0,753,1,363,2.1607,0.032
2753,0,0,753,1,364,2.1667,0.034
2754,0,0,753,1,365,2.1726,0.033
2755,0,0,753,1,377,2.2440,0.035
2756,0,0,753,1,363,2.1607,0.033
2757,0,0,753,1,353,2.1012,0.032
2758,0,0,753,1,389,2.3155,0.036
2759,0,0,753,1,399,2.3750,0.036
2760,0,0,753,1,378,2.2500,0.032
2761,0,0,753,1,365,2.1726,0.031
2762,0,0,753,1,367,2.1845,0.033
2763,0,0,753,1,381,2.2679,0.033
2764,0,0,753,1,356,2.1190,0.032
2765,0,0,753,1,349,2.0774,0.031
2766,0,0,753,1,409,2.4345,0.038
2767,0,0,753,1,364,2.1667,0.033
2768,0,0,753,1,372,2.2143,0.033
2769,0,0,753,1,379,2.2560,0.034
2770,0,0,753,1,322,1.9167,0.033
2771,1,2,755,3,416,2.4762,0.086
2772,0,0,755,1,339,2.0179,0.031
2773,0,0,755,1,378,2.2500,0.034
2774,0,0,755,1,344,2.0476,0.030
2775,0,0,755,1,356,2.1190,0.032
2776,0,0,755,1,363,2.1607,0.034
2777,0,0,755,1,347,2.0655,0.034
2778,0,0,755,1,367,2.1845,0.032
2779,0,0,755,1,351,2.0893,0.031
2780,0,0,755,1,395,2.3512,0.035
2781,0,0,755,1,408,2.4286,0.037
2782,0,0,755,1,345,2.0536,0.030
2783,0,0,755,1,394,2.3452,0.036
2784,0,0,755,1,363,2.1607,0.032
2785,0,0,755,1,348,2.0714,0.032
2786,0,0,755,1,338,2.0119,0.031
2787,0,0,755,1,399,2.3750,0.035
2788,0,0,755,1,376,2.2381,0.034
2789,0,0,755,1,365,2.1726,0.034
2790,0,0,755,1,360,2.1429,0.035
2791,0,0,755,1,372,2.2143,0.034
2792,0,0,755,1,367,2.1845,0.033
2793,0,0,755,1,349,2.0774,0.030
2794,0,0,755,1,359,2.1369,0.033
2795,0,0,755,1,368,2.1905,0.033
2796,0,0,755,1,381,2.2679,0.036
2797,0,0,755,1,377,2.2440,0.036
2798,0,0,755,1,403,2.3988,0.037
2799,0,0,755,1,400,2.3810,0.037
2800,0,0,755,1,350,2.0833,0.033
2801,0,0,755,1,374,2.2262,0.034
2802,0,0,755,1,354,2.1071,0.030
2803,0,0,755,1,372,2.2143,0.033
2804,0,0,755,1,356,2.1190,0.032
2805,0,0,755,1,369,2.1964,0.034
2806,0,0,755,1,380,2.2619,0.035
2807,0,0,755,1,401,2.3869,0.036
2808,0,0,755,1,384,2.2857,0.034
2809,0,0,755,1,391,2.3274,0.037
2810,0,0,755,1,385,2.2917,0.033
2811,0,0,755,1,389,2.3155,0.035
2812,0,0,755,1,379,2.2560,0.035
2813,0,0,755,1,361,2.1488,0.031
2814,0,0,755,1,381,2.2679,0.034
2815,0,0,755,1,348,2.0714,0.030
2816,0,0,755,1,359,2.1369,0.030
2817,0,0,755,1,326,1.9405,0.029
2818,0,0,755,1,374,2.2262,0.033
2819,0,0,755,1,386,2.2976,0.034
2820,0,0,755,1,369,2.1964,0.032
2821,0,0,755,1,377,2.2440,0.033
2822,0,0,755,1,337,2.0060,0.029
2823,0,0,755,1,397,2.3631,0.035
2824,0,0,755,1,313,1.8631,0.026
2825,0,0,755,1,369,2.1964,0.032
2826,0,0,755,1,355,2.1131,0.031
2827,0,0,755,1,383,2.2798,0.034
2828,0,0,755,1,379,2.2560,0.032
2829,0,0,755,1,384,2.2857,0.033
2830,0,0,755,1,381,2.2679,0.035
2831,0,0,755,1,361,2.1488,0.030
2832,0,0,755,1,360,2.1429,0.030
2833,0,0,755,1,375,2.2321,0.034
2834,0,0,755,1,358,2.1310,0.031
2835,0,0,755,1,394,2.3452,0.035
2836,0,0,755,1,373,2.2202,0.032
2837,0,0,755,1,368,2.1905,0.031
2838,0,0,755,1,401,2.3869,0.036
2839,0,0,755,1,387,2.3036,0.033
2840,0,0,755,1,335,1.9940,0.029
2841,1,5,760,6,405,2.4107,0.052
2842,1,5,765,6,371,2.2083,0.131
2843,0,0,765,1,392,2.3333,0.034
2844,0,0,765,1,367,2.1845,0.032
2845,0,0,765,1,348,2.0714,0.030
2846,0,0,765,1,374,2.2262,0.032
2847,0,0,765,1,357,2.1250,0.032
2848,0,0,765,1,358,2.1310,0.030
2849,0,0,765,1,375,2.2321,0.031
2850,0,0,765,1,354,2.1071,0.032
2851,0,0,765,1,382,2.2738,0.033
2852,0,0,765,1,356,2.1190,0.031
2853,0,0,765,1,397,2.3631,0.034
2854,0,0,765,1,339,2.0179,0.029
2855,0,0,765,1,372,2.2143,0.033
2856,0,0,765,1,399,2.3750,0.036
2857,0,0,765,1,355,2.1131,0.031
2858,0,0,765,1,381,2.2679,0.033
2859,0,0,765,1,377,2.2440,0.032
2860,0,0,765,1,384,2.2857,0.032
2861,0,0,765,1,385,2.2917,0.033
2862,0,0,765,1,363,2.1607,0.031
2863,0,0,765,1,391,2.3274,0.034
2864,0,0,765,1,366,2.1786,0.032
2865,0,0,765,1,393,2.3393,0.034
2866,0,0,765,1,359,2.1369,0.029
2867,0,0,765,1,349,2.0774,0.030
2868,0,0,765,1,395,2.3512,0.053
2869,0,0,765,1,406,2.4167,0.033
2870,0,0,765,1,358,2.1310,0.031
2871,0,0,765,1,411,2.4464,0.037
2872,0,0,765,1,396,2.3571,0.034
2873,0,0,765,1,363,2.1607,0.033
2874,0,0,765,1,359,2.1369,0.031
2875,0,0,765,1,372,2.2143,0.032
2876,0,0,765,1,360,2.1429,0.030
2877,0,0,765,1,382,2.2738,0.033
2878,0,0,765,1,381,2.2679,0.032
2879,0,0,765,1,348,2.0714,0.029
2880,0,0,765,1,392,2.3333,0.036
2881,0,0,765,1,341,2.0298,0.028
2882,0,0,765,1,368,2.1905,0.030
2883,0,0,765,1,372,2.2143,0.031
2884,0,0,765,1,378,2.2500,0.033
2885,0,0,765,1,389,2.3155,0.032
2886,1,11,776,12,367,2.1845,0.333
2887,0,0,776,1,365,2.1726,0.032
2888,0,0,776,1,354,2.1071,0.031
2889,0,0,776,1,358,2.1310,0.031
2890,0,0,776,1,398,2.3690,0.033
2891,0,0,776,1,347,2.0655,0.029
2892,0,0,776,1,348,2.0714,0.030
2893,0,0,776,1,357,2.1250,0.029
2894,0,0,776,1,396,2.3571,0.036
2895,0,0,776,1,357,2.1250,0.030
2896,0,0,776,1,365,2.1726,0.030
2897,0,0,776,1,348,2.0714,0.029
2898,0,0,776,1,380,2.2619,0.033
2899,0,0,776,1,400,2.3810,0.035
2900,0,0,776,1,383,2.2798,0.033
2901,0,0,776,1,358,2.1310,0.031
2902,0,0,776,1,357,2.1250,0.030
2903,0,0,776,1,369,2.1964,0.030
2904,0,0,776,1,356,2.1190,0.029
2905,0,0,776,1,358,2.1310,0.031
2906,0,0,776,1,413,2.4583,0.036
2907,0,0,776,1,363,2.1607,0.031
2908,0,0,776,1,386,2.2976,0.034
2909,0,0,776,1,410,2.4405,0.034
2910,0,0,776,1,382,2.2738,0.033
2911,0,0,776,1,353,2.1012,0.031
2912,0,0,776,1,400,2.3810,0.035
2913,0,0,776,1,388,2.3095,0.032
2914,0,0,776,1,324,1.9286,0.028
2915,0,0,776,1,373,2.2202,0.032
2916,0,0,776,1,370,2.2024,0.033
2917,0,0,776,1,382,2.2738,0.033
2918,0,0,776,1,400,2.3810,0.034
2919,1,4,780,5,362,2.1548,0.091
2920,0,0,780,1,367,2.1845,0.032
2921,0,0,780,1,358,2.1310,0.029
2922,0,0,780,1,388,2.3095,0.033
2923,0,0,780,1,326,1.9405,0.028
2924,0,0,780,1,373,2.2202,0.032
2925,0,0,780,1,371,2.2083,0.032
2926,0,0,780,1,386,2.2976,0.035
2927,0,0,780,1,364,2.1667,0.031
2928,0,0,780,1,362,2.1548,0.030
2929,0,0,780,1,349,2.0774,0.030
2930,0,0,780,1,368,2.1905,0.031
2931,0,0,780,1,342,2.0357,0.028
2932,0,0,780,1,362,2.1548,0.033
2933,0,0,780,1,399,2.3750,0.035
2934,0,0,780,1,351,2.0893,0.029
2935,0,0,780,1,361,2.1488,0.030
2936,0,0,780,1,350,2.0833,0.029
2937,0,0,780,1,372,2.2143,0.032
2938,0,0,780,1,348,2.0714,0.028
2939,0,0,780,1,384,2.2857,0.033
2940,0,0,780,1,376,2.2381,0.032
2941,0,0,780,1,371,2.2083,0.032
2942,0,0,780,1,354,2.1071,0.029
2943,0,0,780,1,338,2.0119,0.030
2944,0,0,780,1,394,2.3452,0.033
2945,0,0,780,1,384,2.2857,0.032
2946,0,0,780,1,393,2.3393,0.034
2947,0,0,780,1,380,2.2619,0.031
2948,0,0,780,1,358,2.1310,0.029
2949,0,0,780,1,354,2.1071,0.030
2950,0,0,780,1,393,2.3393,0.035
2951,0,0,780,1,368,2.1905,0.031
2952,0,0,780,1,372,2.2143,0.031
2953,0,0,780,1,345,2.0536,0.027
2954,0,0,780,1,381,2.2679,0.032
2955,0,0,780,1,366,2.1786,0.031
2956,0,0,780,1,365,2.1726,0.031
2957,0,0,780,1,361,2.1488,0.033
2958,0,0,780,1,386,2.2976,0.034
2959,0,0,780,1,390,2.3214,0.034
2960,0,0,780,1,391,2.3274,0.033
2961,0,0,780,1,382,2.2738,0.032
2962,0,0,780,1,369,2.1964,0.030
2963,0,0,780,1,400,2.3810,0.036
2964,0,0,780,1,396,2.3571,0.034
2965,0,0,780,1,386,2.2976,0.033
2966,0,0,780,1,384,2.2857,0.033
2967,0,0,780,1,405,2.4107,0.034
2968,0,0,780,1,370,2.2024,0.032
2969,0,0,780,1,380,2.2619,0.032
2970,0,0,780,1,343,2.0417,0.030
2971,0,0,780,1,388,2.3095,0.034
2972,0,0,780,1,349,2.0774,0.030
2973,0,0,780,1,381,2.2679,0.033
2974,0,0,780,1,357,2.1250,0.030
2975,0,0,780,1,381,2.2679,0.035
2976,0,0,780,1,361,2.1488,0.030
2977,0,0,780,1,371,2.2083,0.030
2978,0,0,780,1,343,2.0417,0.028
2979,0,0,780,1,350,2.0833,0.030
2980,0,0,780,1,422,2.5119,0.037
2981,0,0,780,1,371,2.2083,0.031
2982,0,0,780,1,355,2.1131,0.030
2983,0,0,780,1,388,2.3095,0.033
2984,0,0,780,1,360,2.1429,0.030
2985,0,0,780,1,368,2.1905,0.031
2986,0,0,780,1,386,2.2976,0.033
2987,0,0,780,1,375,2.2321,0.032
2988,0,0,780,1,355,2.1131,0.030
2989,0,0,780,1,344,2.0476,0.029
2990,0,0,780,1,413,2.4583,0.036
2991,0,0,780,1,356,2.1190,0.033
2992,0,0,780,1,365,2.1726,0.030
2993,0,0,780,1,356,2.1190,0.030
2994,0,0,780,1,396,2.3571,0.033
2995,0,0,780,1,374,2.2262,0.033
2996,0,0,780,1,363,2.1607,0.031
2997,0,0,780,1,402,2.3929,0.034
2998,0,0,780,1,376,2.2381,0.033
2999,0,0,780,1,378,2.2500,0.033
3000,0,0,780,1,362,2.1548,0.031
3001,0,0,780,1,404,2.4048,0.034
3002,0,0,780,1,384,2.2857,0.032
3003,0,0,780,1,394,2.3452,0.035
3004,0,0,780,1,371,2.2083,0.032
3005,0,0,780,1,342,2.0357,0.030
3006,0,0,780,1,366,2.1786,0.031
3007,0,0,780,1,375,2.2321,0.033
3008,0,0,780,1,348,2.0714,0.032
3009,0,0,780,1,366,2.1786,0.032
3010,0,0,780,1,365,2.1726,0.033
3011,0,0,780,1,393,2.3393,0.036
3012,0,0,780,1,369,2.1964,0.033
3013,0,0,780,1,378,2.2500,0.035
3014,0,0,780,1,378,2.2500,0.035
3015,0,0,780,1,353,2.1012,0.030
3016,1,4,784,5,366,2.1786,0.099
3017,0,0,784,1,381,2.2679,0.031
3018,0,0,784,1,380,2.2619,0.031
3019,0,0,784,1,346,2.0595,0.031
3020,0,0,784,1,379,2.2560,0.032
3021,0,0,784,1,331,1.9702,0.027
3022,0,0,784,1,330,1.9643,0.029
3023,0,0,784,1,409,2.4345,0.034
3024,0,0,784,1,394,2.3452,0.035
3025,0,0,784,1,396,2.3571,0.035
3026,0,0,784,1,376,2.2381,0.031
3027,0,0,784,1,382,2.2738,0.032
3028,0,0,784,1,343,2.0417,0.029
3029,0,0,784,1,361,2.1488,0.031
3030,0,0,784,1,379,2.2560,0.033
3031,0,0,784,1,358,2.1310,0.031
3032,0,0,784,1,381,2.2679,0.032
3033,0,0,784,1,373,2.2202,0.031
3034,0,0,784,1,351,2.0893,0.031
3035,0,0,784,1,373,2.2202,0.032
3036,0,0,784,1,357,2.1250,0.031
3037,0,0,784,1,375,2.2321,0.033
3038,0,0,784,1,386,2.2976,0.033
3039,0,0,784,1,363,2.1607,0.031
3040,0,0,784,1,350,2.0833,0.031
3041,0,0,784,1,387,2.3036,0.036
3042,1,1,785,2,378,2.2500,0.047
3043,0,0,785,1,389,2.3155,0.036
3044,0,0,785,1,338,2.0119,0.031
3045,0,0,785,1,373,2.2202,0.032
3046,0,0,785,1,370,2.2024,0.032
3047,0,0,785,1,352,2.0952,0.030
3048,0,0,785,1,375,2.2321,0.048
3049,0,0,785,1,350,2.0833,0.032
3050,0,0,785,1,375,2.2321,0.033
3051,0,0,785,1,368,2.1905,0.035
3052,0,0,785,1,394,2.3452,0.037
3053,0,0,785,1,363,2.1607,0.033
3054,0,0,785,1,369,2.1964,0.034
3055,0,0,785,1,355,2.1131,0.031
3056,0,0,785,1,364,2.1667,0.033
3057,0,0,785,1,403,2.3988,0.035
3058,0,0,785,1,384,2.2857,0.032
3059,0,0,785,1,346,2.0595,0.031
3060,0,0,785,1,309,1.8393,0.029
3061,0,0,785,1,370,2.2024,0.034
3062,0,0,785,1,356,2.1190,0.033
3063,0,0,785,1,367,2.1845,0.031
3064,0,0,785,1,390,2.3214,0.036
3065,0,0,785,1,365,2.1726,0.031
3066,0,0,785,1,408,2.4286,0.039
3067,0,0,785,1,351,2.0893,0.029
3068,0,0,785,1,368,2.1905,0.034
3069,0,0,785,1,394,2.3452,0.037
3070,0,0,785,1,364,2.1667,0.031
3071,0,0,785,1,332,1.9762,0.030
3072,0,0,785,1,375,2.2321,0.033
3073,0,0,785,1,389,2.3155,0.038
3074,0,0,785,1,392,2.3333,0.036
3075,0,0,785,1,342,2.0357,0.030
3076,0,0,785,1,363,2.1607,0.032
3077,0,0,785,1,369,2.1964,0.034
3078,0,0,785,1,360,2.1429,0.031
3079,0,0,785,1,399,2.3750,0.038
3080,0,0,785,1,339,2.0179,0.029
3081,0,0,785,1,348,2.0714,0.032
3082,0,0,785,1,354,2.1071,0.032
3083,0,0,785,1,354,2.1071,0.033
3084,0,0,785,1,360,2.1429,0.033
3085,0,0,785,1,387,2.3036,0.035
3086,0,0,785,1,341,2.0298,0.031
3087,0,0,785,1,344,2.0476,0.031
3088,0,0,785,1,354,2.1071,0.033
3089,0,0,785,1,323,1.9226,0.029
3090,0,0,785,1,364,2.1667,0.034
3091,0,0,785,1,343,2.0417,0.030
3092,0,0,785,1,401,2.3869,0.035
3093,0,0,785,1,313,1.8631,0.029
3094,0,0,785,1,358,2.1310,0.032
3095,0,0,785,1,343,2.0417,0.031
3096,0,0,785,1,419,2.4940,0.039
3097,0,0,785,1,368,2.1905,0.034
3098,0,0,785,1,360,2.1429,0.033
3099,0,0,785,1,364,2.1667,0.033
3100,0,0,785,1,363,2.1607,0.034
3101,0,0,785,1,345,2.0536,0.033
3102,0,0,785,1,367,2.1845,0.034
3103,0,0,785,1,379,2.2560,0.034
3104,0,0,785,1,354,2.1071,0.031
3105,0,0,785,1,406,2.4167,0.038
3106,0,0,785,1,383,2.2798,0.035
3107,0,0,785,1,372,2.2143,0.034
3108,0,0,785,1,411,2.4464,0.036
3109,0,0,785,1,379,2.2560,0.034
3110,0,0,785,1,361,2.1488,0.032
3111,0,0,785,1,365,2.1726,0.033
3112,0,0,785,1,366,2.1786,0.033
3113,1,1,786,2,353,2.1012,0.035
3114,0,0,786,1,355,2.1131,0.032
3115,0,0,786,1,392,2.3333,0.034
3116,0,0,786,1,381,2.2679,0.033
3117,0,0,786,1,341,2.0298,0.031
3118,0,0,786,1,408,2.4286,0.038
3119,0,0,786,1,374,2.2262,0.033
3120,0,0,786,1,382,2.2738,0.034
3121,0,0,786,1,407,2.4226,0.037
3122,1,42,828,43,365,2.1726,0.607
3123,0,0,828,1,365,2.1726,0.031
3124,0,0,828,1,374,2.2262,0.034
3125,0,0,828,1,416,2.4762,0.038
3126,0,0,828,1,343,2.0417,0.030
3127,0,0,828,1,375,2.2321,0.031
3128,0,0,828,1,376,2.2381,0.032
3129,0,0,828,1,372,2.2143,0.031
3130,0,0,828,1,350,2.0833,0.030
3131,0,0,828,1,370,2.2024,0.033
3132,0,0,828,1,397,2.3631,0.036
3133,0,0,828,1,370,2.2024,0.034
3134,0,0,828,1,394,2.3452,0.034
3135,0,0,828,1,382,2.2738,0.034
3136,0,0,828,1,382,2.2738,0.033
3137,0,0,828,1,356,2.1190,0.031
3138,0,0,828,1,370,2.2024,0.033
3139,0,0,828,1,356,2.1190,0.031
3140,0,0,828,1,354,2.1071,0.032
3141,0,0,828,1,375,2.2321,0.033
3142,0,0,828,1,372,2.2143,0.033
3143,0,0,828,1,399,2.3750,0.036
3144,0,0,828,1,371,2.2083,0.031
3145,0,0,828,1,352,2.0952,0.031
3146,0,0,828,1,383,2.2798,0.037
3147,0,0,828,1,346,2.0595,0.031
3148,0,0,828,1,367,2.1845,0.034
3149,0,0,828,1,363,2.1607,0.032
3150,0,0,828,1,359,2.1369,0.031
3151,0,0,828,1,401,2.3869,0.035
3152,0,0,828,1,401,2.3869,0.036
3153,0,0,828,1,380,2.2619,0.032
3154,0,0,828,1,347,2.0655,0.030
3155,0,0,828,1,352,2.0952,0.030
3156,0,0,828,1,378,2.2500,0.031
3157,0,0,828,1,377,2.2440,0.033
3158,0,0,828,1,383,2.2798,0.035
3159,0,0,828,1,364,2.1667,0.030
3160,0,0,828,1,358,2.1310,0.030
3161,0,0,828,1,380,2.2619,0.034
3162,0,0,828,1,348,2.0714,0.030
3163,0,0,828,1,366,2.1786,0.032
3164,1,2,830,3,373,2.2202,0.067
3165,0,0,830,1,380,2.2619,0.033
3166,0,0,830,1,347,2.0655,0.029
3167,0,0,830,1,390,2.3214,0.037
3168,0,0,830,1,365,2.1726,0.032
3169,0,0,830,1,341,2.0298,0.031
3170,0,0,830,1,382,2.2738,0.032
3171,0,0,830,1,346,2.0595,0.031
3172,0,0,830,1,370,2.2024,0.033
3173,0,0,830,1,345,2.0536,0.028
3174,0,0,830,1,364,2.1667,0.031
3175,0,0,830,1,347,2.0655,0.030
3176,0,0,830,1,351,2.0893,0.030
3177,0,0,830,1,376,2.2381,0.033
3178,0,0,830,1,394,2.3452,0.035
3179,0,0,830,1,367,2.1845,0.033
3180,0,0,830,1,388,2.3095,0.033
3181,0,0,830,1,369,2.1964,0.032
3182,0,0,830,1,350,2.0833,0.029
3183,0,0,830,1,338,2.0119,0.030
3184,0,0,830,1,375,2.2321,0.032
3185,0,0,830,1,355,2.1131,0.031
3186,0,0,830,1,380,2.2619,0.033
3187,0,0,830,1,366,2.1786,0.032
3188,0,0,830,1,363,2.1607,0.030
3189,0,0,830,1,367,2.1845,0.032
3190,0,0,830,1,397,2.3631,0.035
3191,0,0,830,1,359,2.1369,0.031
3192,0,0,830,1,381,2.2679,0.034
3193,0,0,830,1,395,2.3512,0.034
3194,0,0,830,1,355,2.1131,0.031
3195,0,0,830,1,379,2.2560,0.031
3196,0,0,830,1,322,1.9167,0.029
3197,0,0,830,1,407,2.4226,0.035
3198,0,0,830,1,355,2.1131,0.030
3199,0,0,830,1,396,2.3571,0.035
3200,0,0,830,1,375,2.2321,0.032
3201,0,0,830,1,390,2.3214,0.037
3202,0,0,830,1,379,2.2560,0.033
3203,0,0,830,1,361,2.1488,0.031
3204,0,0,830,1,381,2.2679,0.035
3205,0,0,830,1,420,2.5000,0.036
3206,0,0,830,1,394,2.3452,0.033
3207,0,0,830,1,390,2.3214,0.033
3208,0,0,830,1,379,2.2560,0.033
3209,1,2,832,3,380,2.2619,0.049
3210,0,0,832,1,339,2.0179,0.030
3211,0,0,832,1,397,2.3631,0.033
3212,0,0,832,1,354,2.1071,0.031
3213,0,0,832,1,353,2.1012,0.032
3214,0,0,832,1,384,2.2857,0.034
3215,0,0,832,1,352,2.0952,0.030
3216,0,0,832,1,368,2.1905,0.032
3217,0,0,832,1,372,2.2143,0.032
3218,0,0,832,1,347,2.0655,0.031
3219,0,0,832,1,396,2.3571,0.034
3220,0,0,832,1,363,2.1607,0.032
3221,0,0,832,1,357,2.1250,0.031
3222,0,0,832,1,352,2.0952,0.031
3223,0,0,832,1,360,2.1429,0.031
3224,0,0,832,1,366,2.1786,0.030
3225,0,0,832,1,358,2.1310,0.033
3226,0,0,832,1,363,2.1607,0.032
3227,0,0,832,1,372,2.2143,0.034
3228,0,0,832,1,383,2.2798,0.036
3229,0,0,832,1,368,2.1905,0.033
3230,0,0,832,1,363,2.1607,0.032
3231,0,0,832,1,343,2.0417,0.031
3232,0,0,832,1,372,2.2143,0.032
3233,0,0,832,1,402,2.3929,0.037
3234,0,0,832,1,374,2.2262,0.036
3235,0,0,832,1,378,2.2500,0.037
3236,0,0,832,1,377,2.2440,0.037
3237,0,0,832,1,350,2.0833,0.034
3238,0,0,832,1,365,2.1726,0.034
3239,0,0,832,1,350,2.0833,0.032
3240,0,0,832,1,361,2.1488,0.034
3241,0,0,832,1,394,2.3452,0.039
3242,0,0,832,1,390,2.3214,0.035
3243,0,0,832,1,346,2.0595,0.031
3244,0,0,832,1,360,2.1429,0.033
3245,0,0,832,1,369,2.1964,0.034
3246,0,0,832,1,406,2.4167,0.036
3247,0,0,832,1,398,2.3690,0.036
3248,0,0,832,1,367,2.1845,0.034
3249,0,0,832,1,395,2.3512,0.039
3250,0,0,832,1,379,2.2560,0.037
3251,0,0,832,1,384,2.2857,0.039
3252,0,0,832,1,393,2.3393,0.036
3253,0,0,832,1,371,2.2083,0.035
3254,0,0,832,1,388,2.3095,0.038
3255,0,0,832,1,355,2.1131,0.033
3256,0,0,832,1,395,2.3512,0.038
3257,0,0,832,1,377,2.2440,0.035
3258,0,0,832,1,360,2.1429,0.035
3259,0,0,832,1,367,2.1845,0.032
3260,0,0,832,1,336,2.0000,0.033
3261,0,0,832,1,394,2.3452,0.034
3262,0,0,832,1,331,1.9702,0.030
3263,0,0,832,1,371,2.2083,0.033
3264,0,0,832,1,333,1.9821,0.032
3265,1,5,837,6,378,2.2500,0.144
3266,0,0,837,1,355,2.1131,0.033
3267,0,0,837,1,378,2.2500,0.034
3268,0,0,837,1,390,2.3214,0.035
3269,0,0,837,1,372,2.2143,0.033
3270,0,0,837,1,364,2.1667,0.033
3271,0,0,837,1,380,2.2619,0.035
3272,0,0,837,1,369,2.1964,0.034
3273,0,0,837,1,355,2.1131,0.032
3274,0,0,837,1,380,2.2619,0.035
3275,0,0,837,1,386,2.2976,0.036
3276,0,0,837,1,381,2.2679,0.035
3277,0,0,837,1,375,2.2321,0.033
3278,0,0,837,1,386,2.2976,0.034
3279,0,0,837,1,357,2.1250,0.031
3280,0,0,837,1,367,2.1845,0.033
3281,0,0,837,1,356,2.1190,0.032
3282,0,0,837,1,349,2.0774,0.029
3283,0,0,837,1,338,2.0119,0.030
3284,0,0,837,1,330,1.9643,0.029
3285,0,0,837,1,398,2.3690,0.035
3286,0,0,837,1,381,2.2679,0.033
3287,0,0,837,1,351,2.0893,0.034
3288,0,0,837,1,385,2.2917,0.034
3289,0,0,837,1,384,2.2857,0.033
3290,0,0,837,1,352,2.0952,0.030
3291,0,0,837,1,379,2.2560,0.032
3292,0,0,837,1,379,2.2560,0.034
3293,0,0,837,1,367,2.1845,0.031
3294,0,0,837,1,385,2.2917,0.032
3295,0,0,837,1,360,2.1429,0.031
3296,0,0,837,1,352,2.0952,0.031
3297,0,0,837,1,365,2.1726,0.033
3298,0,0,837,1,360,2.1429,0.032
3299,0,0,837,1,365,2.1726,0.031
3300,0,0,837,1,362,2.1548,0.031
3301,0,0,837,1,380,2.2619,0.033
3302,0,0,837,1,392,2.3333,0.036
3303,0,0,837,1,380,2.2619,0.032
3304,0,0,837,1,390,2.3214,0.035
3305,1,1,838,2,351,2.0893,0.041
3306,0,0,838,1,371,2.2083,0.032
3307,0,0,838,1,360,2.1429,0.030
3308,0,0,838,1,376,2.2381,0.033
3309,0,0,838,1,353,2.1012,0.032
3310,0,0,838,1,360,2.1429,0.031
3311,0,0,838,1,364,2.1667,0.033
3312,0,0,838,1,385,2.2917,0.033
3313,0,0,838,1,394,2.3452,0.035
3314,0,0,838,1,363,2.1607,0.033
3315,1,2,840,3,390,2.3214,0.098
3316,0,0,840,1,359,2.1369,0.032
3317,0,0,840,1,340,2.0238,0.030
3318,0,0,840,1,352,2.0952,0.032
3319,0,0,840,1,359,2.1369,0.031
3320,0,0,840,1,352,2.0952,0.031
3321,0,0,840,1,352,2.0952,0.031
3322,0,0,840,1,387,2.3036,0.035
3323,0,0,840,1,371,2.2083,0.031
3324,0,0,840,1,375,2.2321,0.033
3325,0,0,840,1,356,2.1190,0.031
3326,0,0,840,1,353,2.1012,0.031
3327,0,0,840,1,354,2.1071,0.032
3328,0,0,840,1,353,2.1012,0.030
3329,0,0,840,1,367,2.1845,0.033
3330,0,0,840,1,357,2.1250,0.029
3331,0,0,840,1,397,2.3631,0.034
3332,0,0,840,1,392,2.3333,0.035
3333,0,0,840,1,363,2.1607,0.030
3334,0,0,840,1,355,2.1131,0.031
3335,0,0,840,1,402,2.3929,0.034
3336,0,0,840,1,375,2.2321,0.032
3337,0,0,840,1,368,2.1905,0.033
3338,0,0,840,1,341,2.0298,0.028
3339,0,0,840,1,345,2.0536,0.032
3340,0,0,840,1,330,1.9643,0.030
3341,0,0,840,1,390,2.3214,0.036
3342,0,0,840,1,407,2.4226,0.037
3343,0,0,840,1,334,1.9881,0.028
3344,0,0,840,1,367,2.1845,0.032
3345,0,0,840,1,371,2.2083,0.033
3346,0,0,840,1,371,2.2083,0.033
3347,0,0,840,1,398,2.3690,0.035
3348,0,0,840,1,365,2.1726,0.032
3349,0,0,840,1,347,2.0655,0.029
3350,0,0,840,1,353,2.1012,0.030
3351,0,0,840,1,404,2.4048,0.036
3352,0,0,840,1,356,2.1190,0.031
3353,0,0,840,1,375,2.2321,0.033
3354,0,0,840,1,368,2.1905,0.031
3355,0,0,840,1,394,2.3452,0.036
3356,0,0,840,1,354,2.1071,0.032
3357,0,0,840,1,353,2.1012,0.029
3358,0,0,840,1,392,2.3333,0.034
3359,0,0,840,1,342,2.0357,0.031
3360,0,0,840,1,358,2.1310,0.032
3361,0,0,840,1,355,2.1131,0.029
3362,0,0,840,1,378,2.2500,0.034
3363,0,0,840,1,375,2.2321,0.032
3364,0,0,840,1,360,2.1429,0.029
3365,0,0,840,1,383,2.2798,0.034
3366,0,0,840,1,360,2.1429,0.030
3367,0,0,840,1,328,1.9524,0.028
3368,0,0,840,1,401,2.3869,0.036
3369,0,0,840,1,361,2.1488,0.031
3370,0,0,840,1,355,2.1131,0.033
3371,0,0,840,1,377,2.2440,0.035
3372,0,0,840,1,365,2.1726,0.033
3373,0,0,840,1,337,2.0060,0.029
3374,1,1,841,2,374,2.2262,0.041
3375,0,0,841,1,367,2.1845,0.031
3376,0,0,841,1,375,2.2321,0.033
3377,0,0,841,1,390,2.3214,0.035
3378,0,0,841,1,347,2.0655,0.029
3379,0,0,841,1,387,2.3036,0.034
3380,0,0,841,1,364,2.1667,0.033
3381,0,0,841,1,362,2.1548,0.032
3382,1,1,842,2,403,2.3988,0.056
3383,0,0,842,1,364,2.1667,0.032
3384,0,0,842,1,349,2.0774,0.030
3385,0,0,842,1,372,2.2143,0.033
3386,0,0,842,1,354,2.1071,0.031
3387,0,0,842,1,378,2.2500,0.035
3388,0,0,842,1,352,2.0952,0.030
3389,0,0,842,1,374,2.2262,0.035
3390,0,0,842,1,364,2.1667,0.032
3391,0,0,842,1,337,2.0060,0.030
3392,0,0,842,1,367,2.1845,0.030
3393,0,0,842,1,372,2.2143,0.032
3394,0,0,842,1,358,2.1310,0.031
3395,0,0,842,1,371,2.2083,0.031
3396,0,0,842,1,341,2.0298,0.029
3397,0,0,842,1,373,2.2202,0.033
3398,0,0,842,1,369,2.1964,0.033
3399,0,0,842,1,383,2.2798,0.032
3400,0,0,842,1,373,2.2202,0.033
3401,0,0,842,1,354,2.1071,0.030
3402,0,0,842,1,357,2.1250,0.031
3403,0,0,842,1,380,2.2619,0.035
3404,0,0,842,1,372,2.2143,0.031
3405,0,0,842,1,366,2.1786,0.033
3406,0,0,842,1,390,2.3214,0.034
3407,0,0,842,1,396,2.3571,0.034
3408,0,0,842,1,358,2.1310,0.030
3409,0,0,842,1,389,2.3155,0.035
3410,0,0,842,1,410,2.4405,0.035
3411,0,0,842,1,388,2.3095,0.034
3412,0,0,842,1,400,2.3810,0.036
3413,0,0,842,1,361,2.1488,0.032
3414,0,0,842,1,402,2.3929,0.036
3415,0,0,842,1,375,2.2321,0.033
3416,0,0,842,1,369,2.1964,0.033
3417,0,0,842,1,382,2.2738,0.032
3418,0,0,842,1,373,2.2202,0.033
3419,0,0,842,1,371,2.2083,0.032
3420,0,0,842,1,381,2.2679,0.032
3421,0,0,842,1,401,2.3869,0.035
3422,0,0,842,1,389,2.3155,0.033
3423,0,0,842,1,352,2.0952,0.030
3424,0,0,842,1,411,2.4464,0.037
3425,0,0,842,1,386,2.2976,0.034
3426,0,0,842,1,385,2.2917,0.034
3427,0,0,842,1,363,2.1607,0.033
3428,0,0,842,1,375,2.2321,0.034
3429,0,0,842,1,364,2.1667,0.032
3430,0,0,842,1,363,2.1607,0.032
3431,0,0,842,1,382,2.2738,0.034
3432,0,0,842,1,375,2.2321,0.032
3433,0,0,842,1,347,2.0655,0.031
3434,0,0,842,1,402,2.3929,0.037
3435,0,0,842,1,374,2.2262,0.034
3436,0,0,842,1,355,2.1131,0.029
3437,0,0,842,1,398,2.3690,0.036
3438,0,0,842,1,337,2.0060,0.029
3439,0,0,842,1,387,2.3036,0.035
3440,0,0,842,1,345,2.0536,0.031
3441,0,0,842,1,393,2.3393,0.036
3442,0,0,842,1,375,2.2321,0.034
3443,0,0,842,1,384,2.2857,0.035
3444,0,0,842,1,378,2.2500,0.035
3445,0,0,842,1,349,2.0774,0.032
3446,0,0,842,1,358,2.1310,0.034
3447,0,0,842,1,361,2.1488,0.035
3448,0,0,842,1,341,2.0298,0.032
3449,0,0,842,1,380,2.2619,0.034
3450,0,0,842,1,363,2.1607,0.033
3451,0,0,842,1,374,2.2262,0.036
3452,0,0,842,1,345,2.0536,0.032
3453,0,0,842,1,384,2.2857,0.035
3454,0,0,842,1,380,2.2619,0.035
3455,0,0,842,1,378,2.2500,0.035
3456,0,0,842,1,373,2.2202,0.033
3457,0,0,842,1,408,2.4286,0.038
3458,0,0,842,1,374,2.2262,0.034
3459,0,0,842,1,348,2.0714,0.030
3460,0,0,842,1,385,2.2917,0.035
3461,0,0,842,1,361,2.1488,0.032
3462,0,0,842,1,381,2.2679,0.034
3463,0,0,842,1,356,2.1190,0.033
3464,0,0,842,1,362,2.1548,0.034
3465,0,0,842,1,364,2.1667,0.035
3466,0,0,842,1,341,2.0298,0.031
3467,0,0,842,1,349,2.0774,0.034
3468,0,0,842,1,350,2.0833,0.034
3469,0,0,842,1,372,2.2143,0.035
3470,0,0,842,1,361,2.1488,0.034
3471,0,0,842,1,385,2.2917,0.035
3472,0,0,842,1,376,2.2381,0.036
3473,0,0,842,1,360,2.1429,0.033
3474,0,0,842,1,380,2.2619,0.035
3475,0,0,842,1,354,2.1071,0.032
3476,0,0,842,1,341,2.0298,0.030
3477,0,0,842,1,372,2.2143,0.033
3478,0,0,842,1,366,2.1786,0.033
3479,1,2,844,3,389,2.3155,0.076
3480,0,0,844,1,369,2.1964,0.035
3481,0,0,844,1,348,2.0714,0.033
3482,0,0,844,1,333,1.9821,0.031
3483,0,0,844,1,364,2.1667,0.033
3484,0,0,844,1,377,2.2440,0.031
3485,0,0,844,1,372,2.2143,0.034
3486,0,0,844,1,366,2.1786,0.034
3487,0,0,844,1,394,2.3452,0.036
3488,0,0,844,1,376,2.2381,0.033
3489,0,0,844,1,379,2.2560,0.033
3490,0,0,844,1,396,2.3571,0.036
3491,0,0,844,1,372,2.2143,0.033
3492,0,0,844,1,362,2.1548,0.032
3493,0,0,844,1,349,2.0774,0.030
3494,0,0,844,1,344,2.0476,0.031
3495,0,0,844,1,362,2.1548,0.034
3496,0,0,844,1,368,2.1905,0.033
3497,0,0,844,1,389,2.3155,0.033
3498,0,0,844,1,353,2.1012,0.031
3499,0,0,844,1,375,2.2321,0.033
3500,0,0,844,1,357,2.1250,0.031
3501,0,0,844,1,354,2.1071,0.031
3502,0,0,844,1,382,2.2738,0.034
3503,0,0,844,1,373,2.2202,0.032
3504,0,0,844,1,364,2.1667,0.031
3505,0,0,844,1,376,2.2381,0.032
3506,0,0,844,1,342,2.0357,0.029
3507,0,0,844,1,372,2.2143,0.034
3508,0,0,844,1,384,2.2857,0.034
3509,1,3,847,4,368,2.1905,0.130
3510,0,0,847,1,375,2.2321,0.032
3511,0,0,847,1,338,2.0119,0.028
3512,0,0,847,1,359,2.1369,0.031
3513,0,0,847,1,373,2.2202,0.032
3514,0,0,847,1,393,2.3393,0.034
3515,0,0,847,1,385,2.2917,0.035
3516,0,0,847,1,359,2.1369,0.033
3517,0,0,847,1,372,2.2143,0.032
3518,0,0,847,1,377,2.2440,0.033
3519,0,0,847,1,347,2.0655,0.031
3520,0,0,847,1,379,2.2560,0.034
3521,0,0,847,1,394,2.3452,0.033
3522,0,0,847,1,342,2.0357,0.029
3523,0,0,847,1,394,2.3452,0.035
3524,0,0,847,1,319,1.8988,0.027
3525,0,0,847,1,367,2.1845,0.031
3526,0,0,847,1,372,2.2143,0.031
3527,0,0,847,1,371,2.2083,0.034
3528,1,2,849,3,388,2.3095,0.063
3529,0,0,849,1,383,2.2798,0.034
3530,0,0,849,1,357,2.1250,0.033
3531,0,0,849,1,359,2.1369,0.031
3532,0,0,849,1,384,2.2857,0.034
3533,0,0,849,1,369,2.1964,0.031
3534,0,0,849,1,338,2.0119,0.028
3535,0,0,849,1,356,2.1190,0.031
3536,0,0,849,1,378,2.2500,0.032
3537,0,0,849,1,339,2.0179,0.029
3538,0,0,849,1,382,2.2738,0.032
3539,0,0,849,1,413,2.4583,0.036
3540,0,0,849,1,381,2.2679,0.034
3541,0,0,849,1,343,2.0417,0.029
3542,0,0,849,1,380,2.2619,0.032
3543,0,0,849,1,355,2.1131,0.031
3544,0,0,849,1,351,2.0893,0.030
3545,0,0,849,1,376,2.2381,0.033
3546,0,0,849,1,359,2.1369,0.031
3547,0,0,849,1,367,2.1845,0.032
3548,0,0,849,1,402,2.3929,0.037
3549,0,0,849,1,350,2.0833,0.031
3550,0,0,849,1,384,2.2857,0.034
3551,0,0,849,1,361,2.1488,0.033
3552,0,0,849,1,359,2.1369,0.033
3553,0,0,849,1,314,1.8690,0.028
3554,0,0,849,1,361,2.1488,0.031
3555,0,0,849,1,394,2.3452,0.034
3556,0,0,849,1,370,2.2024,0.033
3557,0,0,849,1,374,2.2262,0.031
3558,0,0,849,1,383,2.2798,0.033
3559,0,0,849,1,389,2.3155,0.035
3560,0,0,849,1,379,2.2560,0.033
3561,0,0,849,1,382,2.2738,0.033
3562,0,0,849,1,386,2.2976,0.034
3563,0,0,849,1,351,2.0893,0.030
3564,0,0,849,1,355,2.1131,0.031
3565,0,0,849,1,365,2.1726,0.032
3566,0,0,849,1,369,2.1964,0.031
3567,0,0,849,1,388,2.3095,0.034
3568,0,0,849,1,359,2.1369,0.030
3569,0,0,849,1,374,2.2262,0.032
3570,0,0,849,1,337,2.0060,0.028
3571,0,0,849,1,349,2.0774,0.030
3572,0,0,849,1,348,2.0714,0.030
3573,0,0,849,1,349,2.0774,0.030
3574,0,0,849,1,391,2.3274,0.035
3575,0,0,849,1,366,2.1786,0.033
3576,0,0,849,1,365,2.1726,0.031
3577,0,0,849,1,376,2.2381,0.031
3578,0,0,849,1,391,2.3274,0.035
3579,0,0,849,1,340,2.0238,0.029
3580,1,1,850,2,365,2.1726,0.042
3581,0,0,850,1,342,2.0357,0.030
3582,0,0,850,1,342,2.0357,0.031
3583,0,0,850,1,363,2.1607,0.031
3584,0,0,850,1,375,2.2321,0.033
3585,0,0,850,1,382,2.2738,0.034
3586,0,0,850,1,353,2.1012,0.029
3587,0,0,850,1,348,2.0714,0.030
3588,0,0,850,1,373,2.2202,0.031
3589,0,0,850,1,393,2.3393,0.036
3590,0,0,850,1,367,2.1845,0.034
3591,0,0,850,1,366,2.1786,0.033
3592,0,0,850,1,356,2.1190,0.034
3593,0,0,850,1,380,2.2619,0.035
3594,0,0,850,1,390,2.3214,0.036
3595,0,0,850,1,391,2.3274,0.037
3596,0,0,850,1,372,2.2143,0.036
3597,0,0,850,1,357,2.1250,0.035
3598,1,1,851,2,378,2.2500,0.044
3599,0,0,851,1,363,2.1607,0.035
3600,0,0,851,1,364,2.1667,0.035
3601,0,0,851,1,379,2.2560,0.036
3602,0,0,851,1,391,2.3274,0.038
3603,0,0,851,1,360,2.1429,0.034
3604,0,0,851,1,375,2.2321,0.035
3605,0,0,851,1,359,2.1369,0.036
3606,0,0,851,1,357,2.1250,0.033
3607,0,0,851,1,395,2.3512,0.039
3608,0,0,851,1,384,2.2857,0.036
3609,0,0,851,1,338,2.0119,0.031
3610,0,0,851,1,326,1.9405,0.030
3611,0,0,851,1,390,2.3214,0.036
3612,0,0,851,1,372,2.2143,0.035
3613,0,0,851,1,347,2.0655,0.033
3614,0,0,851,1,403,2.3988,0.040
3615,0,0,851,1,321,1.9107,0.032
3616,0,0,851,1,391,2.3274,0.039
3617,0,0,851,1,370,2.2024,0.036
3618,0,0,851,1,389,2.3155,0.040
3619,0,0,851,1,352,2.0952,0.037
3620,0,0,851,1,344,2.0476,0.033
3621,0,0,851,1,365,2.1726,0.036
3622,0,0,851,1,350,2.0833,0.034
3623,0,0,851,1,423,2.5179,0.042
3624,0,0,851,1,392,2.3333,0.037
3625,0,0,851,1,371,2.2083,0.038
3626,0,0,851,1,379,2.2560,0.035
3627,0,0,851,1,389,2.3155,0.035
3628,0,0,851,1,371,2.2083,0.036
3629,0,0,851,1,402,2.3929,0.037
3630,0,0,851,1,364,2.1667,0.034
3631,0,0,851,1,410,2.4405,0.040
3632,0,0,851,1,333,1.9821,0.030
3633,0,0,851,1,363,2.1607,0.031
3634,0,0,851,1,352,2.0952,0.034
3635,1,5,856,6,400,2.3810,0.139
3636,0,0,856,1,378,2.2500,0.035
3637,0,0,856,1,400,2.3810,0.038
3638,0,0,856,1,380,2.2619,0.035
3639,0,0,856,1,400,2.3810,0.037
3640,0,0,856,1,360,2.1429,0.033
3641,0,0,856,1,326,1.9405,0.032
3642,0,0,856,1,373,2.2202,0.035
3643,0,0,856,1,368,2.1905,0.036
3644,0,0,856,1,346,2.0595,0.033
3645,0,0,856,1,333,1.9821,0.033
3646,0,0,856,1,368,2.1905,0.033
3647,0,0,856,1,383,2.2798,0.035
3648,0,0,856,1,373,2.2202,0.036
3649,0,0,856,1,349,2.0774,0.033
3650,0,0,856,1,361,2.1488,0.031
3651,0,0,856,1,391,2.3274,0.035
3652,0,0,856,1,366,2.1786,0.034
3653,0,0,856,1,383,2.2798,0.069
3654,0,0,856,1,384,2.2857,0.031
3655,0,0,856,1,369,2.1964,0.031
3656,0,0,856,1,372,2.2143,0.036
3657,0,0,856,1,335,1.9940,0.030
3658,0,0,856,1,365,2.1726,0.035
3659,0,0,856,1,375,2.2321,0.034
3660,0,0,856,1,407,2.4226,0.036
3661,0,0,856,1,390,2.3214,0.036
3662,0,0,856,1,355,2.1131,0.031
3663,0,0,856,1,365,2.1726,0.032
3664,0,0,856,1,401,2.3869,0.036
3665,0,0,856,1,374,2.2262,0.033
3666,0,0,856,1,376,2.2381,0.033
3667,0,0,856,1,407,2.4226,0.036
3668,0,0,856,1,360,2.1429,0.032
3669,0,0,856,1,345,2.0536,0.030
3670,0,0,856,1,371,2.2083,0.032
3671,0,0,856,1,354,2.1071,0.031
3672,0,0,856,1,329,1.9583,0.027
3673,0,0,856,1,327,1.9464,0.027
3674,0,0,856,1,376,2.2381,0.033
3675,0,0,856,1,311,1.8512,0.028
3676,0,0,856,1,386,2.2976,0.034
3677,0,0,856,1,373,2.2202,0.033
3678,0,0,856,1,356,2.1190,0.033
3679,0,0,856,1,336,2.0000,0.031
3680,0,0,856,1,372,2.2143,0.033
3681,0,0,856,1,352,2.0952,0.031
3682,0,0,856,1,361,2.1488,0.032
3683,0,0,856,1,392,2.3333,0.035
3684,0,0,856,1,350,2.0833,0.032
3685,0,0,856,1,386,2.2976,0.034
3686,0,0,856,1,387,2.3036,0.036
3687,0,0,856,1,360,2.1429,0.033
3688,0,0,856,1,381,2.2679,0.034
3689,0,0,856,1,375,2.2321,0.034
3690,0,0,856,1,389,2.3155,0.034
3691,0,0,856,1,381,2.2679,0.034
3692,0,0,856,1,368,2.1905,0.032
3693,0,0,856,1,348,2.0714,0.031
3694,0,0,856,1,376,2.2381,0.034
3695,0,0,856,1,332,1.9762,0.029
3696,0,0,856,1,373,2.2202,0.032
3697,0,0,856,1,398,2.3690,0.035
3698,0,0,856,1,392,2.3333,0.033
3699,0,0,856,1,348,2.0714,0.031
3700,0,0,856,1,394,2.3452,0.034
3701,0,0,856,1,364,2.1667,0.031
3702,0,0,856,1,359,2.1369,0.031
3703,0,0,856,1,367,2.1845,0.031
3704,0,0,856,1,391,2.3274,0.033
3705,0,0,856,1,374,2.2262,0.033
3706,0,0,856,1,340,2.0238,0.028
3707,0,0,856,1,320,1.9048,0.027
3708,0,0,856,1,389,2.3155,0.033
3709,0,0,856,1,382,2.2738,0.033
3710,0,0,856,1,362,2.1548,0.030
3711,0,0,856,1,369,2.1964,0.032
3712,0,0,856,1,392,2.3333,0.034
3713,0,0,856,1,354,2.1071,0.032
3714,0,0,856,1,348,2.0714,0.030
3715,0,0,856,1,361,2.1488,0.032
3716,0,0,856,1,373,2.2202,0.031
3717,0,0,856,1,376,2.2381,0.033
3718,0,0,856,1,352,2.0952,0.031
3719,0,0,856,1,346,2.0595,0.029
3720,0,0,856,1,388,2.3095,0.035
3721,0,0,856,1,382,2.2738,0.033
3722,0,0,856,1,362,2.1548,0.033
3723,0,0,856,1,380,2.2619,0.034
3724,0,0,856,1,381,2.2679,0.034
3725,0,0,856,1,390,2.3214,0.034
3726,0,0,856,1,360,2.1429,0.032
3727,0,0,856,1,339,2.0179,0.029
3728,0,0,856,1,364,2.1667,0.032
3729,0,0,856,1,378,2.2500,0.032
3730,0,0,856,1,387,2.3036,0.035
3731,0,0,856,1,377,2.2440,0.033
3732,0,0,856,1,385,2.2917,0.034
3733,0,0,856,1,348,2.0714,0.032
3734,0,0,856,1,357,2.1250,0.032
3735,0,0,856,1,402,2.3929,0.036
